time,commanded_deg,real_deg,sim_deg,error_deg,real_vel_deg_s,sim_vel_deg_s,experiment_id,load_condition
0.00095,0.0,0.0879,0.1560,-0.0681,0.0,0.005,step_5,no_load
0.011746,0.0,0.0879,0.1561,-0.0682,0.0,0.005,step_5,no_load
0.022475,0.0,0.0879,0.1561,-0.0682,0.0,0.005,step_5,no_load
0.033297,0.0,0.0879,0.1561,-0.0682,0.0,0.004,step_5,no_load
0.044231,0.0,0.0879,0.1562,-0.0683,0.0,0.004,step_5,no_load
0.054779,0.0,0.0879,0.1562,-0.0683,0.0,0.004,step_5,no_load
0.065735,0.0,0.0879,0.1563,-0.0684,0.0,0.003,step_5,no_load
0.076249,0.0,0.0879,0.1458,-0.0579,0.0,-1.046,step_5,no_load
0.086765,0.0,0.0879,0.1352,-0.0473,0.0,-1.061,step_5,no_load
0.097861,0.0,0.0879,0.1261,-0.0382,0.0,-0.909,step_5,no_load
0.107982,0.0,0.0879,0.1184,-0.0305,0.0,-0.769,step_5,no_load
0.118828,0.0,0.0879,0.1119,-0.0240,0.0,-0.650,step_5,no_load
0.129185,0.0,0.0879,0.1064,-0.0185,0.0,-0.550,step_5,no_load
0.139509,0.0,0.0879,0.1018,-0.0139,0.0,-0.465,step_5,no_load
0.149984,0.0,0.0879,0.0978,-0.0099,0.0,-0.393,step_5,no_load
0.160968,0.0,0.0879,0.0930,-0.0051,0.0,-0.320,step_5,no_load
0.17147,0.0,0.0879,0.0904,-0.0025,0.0,-0.262,step_5,no_load
0.182405,0.0,0.0879,0.0882,-0.0003,0.0,-0.226,step_5,no_load
0.193014,0.0,0.0879,0.0862,0.0017,0.0,-0.196,step_5,no_load
0.203761,0.0,0.0879,0.0845,0.0034,0.0,-0.172,step_5,no_load
0.214416,0.0,0.0879,0.0830,0.0049,0.0,-0.152,step_5,no_load
0.224572,0.0,0.0879,0.0816,0.0063,0.0,-0.134,step_5,no_load
0.235114,0.0,0.0879,0.0799,0.0080,0.0,-0.116,step_5,no_load
0.245535,0.0,0.0879,0.0789,0.0090,0.0,-0.101,step_5,no_load
0.256096,0.0,0.0879,0.0779,0.0100,0.0,-0.091,step_5,no_load
0.266757,0.0,0.0879,0.0771,0.0108,0.0,-0.082,step_5,no_load
0.277341,0.0,0.0879,0.0764,0.0115,0.0,-0.074,step_5,no_load
0.287893,0.0,0.0879,0.0757,0.0122,0.0,-0.067,step_5,no_load
0.298593,0.0,0.0879,0.0751,0.0128,0.0,-0.061,step_5,no_load
0.30961,0.0,0.0879,0.0746,0.0133,0.0,-0.055,step_5,no_load
0.320167,0.0,0.0879,0.0738,0.0141,0.0,-0.049,step_5,no_load
0.330567,0.0,0.0879,0.0734,0.0145,0.0,-0.044,step_5,no_load
0.341217,0.0,0.0879,0.0730,0.0149,0.0,-0.040,step_5,no_load
0.352286,0.0,0.0879,0.0726,0.0153,0.0,-0.036,step_5,no_load
0.362759,0.0,0.0879,0.0723,0.0156,0.0,-0.033,step_5,no_load
0.373305,0.0,0.0879,0.0720,0.0159,0.0,-0.030,step_5,no_load
0.383563,0.0,0.0879,0.0717,0.0162,0.0,-0.028,step_5,no_load
0.394024,0.0,0.0879,0.0715,0.0164,0.0,-0.025,step_5,no_load
0.40464,0.0,0.0879,0.0712,0.0167,0.0,-0.023,step_5,no_load
0.414981,0.0,0.0879,0.0710,0.0169,0.0,-0.021,step_5,no_load
0.425785,0.0,0.0879,0.0707,0.0172,0.0,-0.019,step_5,no_load
0.436509,0.0,0.0879,0.0706,0.0173,0.0,-0.017,step_5,no_load
0.446618,0.0,0.0879,0.0704,0.0175,0.0,-0.015,step_5,no_load
0.457391,0.0,0.0879,0.0703,0.0176,0.0,-0.014,step_5,no_load
0.467949,0.0,0.0879,0.0702,0.0177,0.0,-0.013,step_5,no_load
0.478269,0.0,0.0879,0.0700,0.0179,0.0,-0.012,step_5,no_load
0.489186,0.0,0.0879,0.0699,0.0180,0.0,-0.011,step_5,no_load
0.499999,0.0,0.0879,0.0698,0.0181,0.0,-0.010,step_5,no_load
0.510275,0.0,0.0879,0.0697,0.0182,0.0,-0.009,step_5,no_load
0.520435,0.0,0.0879,0.0696,0.0183,0.0,-0.008,step_5,no_load
0.53167,0.0,0.0879,0.0695,0.0184,0.0,-0.007,step_5,no_load
0.541884,0.0,0.0879,0.0695,0.0184,0.0,-0.007,step_5,no_load
0.552506,0.0,0.0879,0.0694,0.0185,0.0,-0.006,step_5,no_load
0.563546,0.0,0.0879,0.0694,0.0185,0.0,-0.006,step_5,no_load
0.574131,0.0,0.0879,0.0693,0.0186,0.0,-0.005,step_5,no_load
0.584748,0.0,0.0879,0.0693,0.0186,0.0,-0.005,step_5,no_load
0.595442,0.0,0.0879,0.0692,0.0187,0.0,-0.004,step_5,no_load
0.606058,0.0,0.0879,0.0692,0.0187,0.0,-0.004,step_5,no_load
0.616752,0.0,0.0879,0.0691,0.0188,0.0,-0.003,step_5,no_load
0.627361,0.0,0.0879,0.0691,0.0188,0.0,-0.003,step_5,no_load
0.637622,0.0,0.0879,0.0691,0.0188,0.0,-0.003,step_5,no_load
0.648848,0.0,0.0879,0.0690,0.0189,0.0,-0.003,step_5,no_load
0.659502,0.0,0.0879,0.0690,0.0189,0.0,-0.002,step_5,no_load
0.670082,0.0,0.0879,0.0690,0.0189,0.0,-0.002,step_5,no_load
0.681052,0.0,0.0879,0.0690,0.0189,0.0,-0.002,step_5,no_load
0.691131,0.0,0.0879,0.0689,0.0190,0.0,-0.002,step_5,no_load
0.701667,0.0,0.0879,0.0689,0.0190,0.0,-0.002,step_5,no_load
0.711898,0.0,0.0879,0.0689,0.0190,0.0,-0.002,step_5,no_load
0.722446,0.0,0.0879,0.0689,0.0190,0.0,-0.001,step_5,no_load
0.732834,0.0,0.0879,0.0689,0.0190,0.0,-0.001,step_5,no_load
0.743395,0.0,0.0879,0.0689,0.0190,0.0,-0.001,step_5,no_load
0.753688,0.0,0.0879,0.0689,0.0190,0.0,-0.001,step_5,no_load
0.764241,0.0,0.0879,0.0689,0.0190,0.0,-0.001,step_5,no_load
0.774971,0.0,0.0879,0.0688,0.0191,0.0,-0.001,step_5,no_load
0.785553,0.0,0.0879,0.0688,0.0191,0.0,-0.001,step_5,no_load
0.796203,0.0,0.0879,0.0688,0.0191,0.0,-0.001,step_5,no_load
0.807216,0.0,0.0879,0.0688,0.0191,0.0,-0.001,step_5,no_load
0.818223,0.0,0.0879,0.0688,0.0191,0.0,-0.001,step_5,no_load
0.829153,0.0,0.0879,0.0688,0.0191,0.0,-0.001,step_5,no_load
0.839214,0.0,0.0879,0.0688,0.0191,0.0,-0.001,step_5,no_load
0.850134,0.0,0.0879,0.0688,0.0191,0.0,-0.000,step_5,no_load
0.86081,0.0,0.0879,0.0688,0.0191,0.0,-0.000,step_5,no_load
0.871028,0.0,0.0879,0.0688,0.0191,0.0,-0.000,step_5,no_load
0.881175,0.0,0.0879,0.0688,0.0191,0.0,-0.000,step_5,no_load
0.892347,0.0,0.0879,0.0688,0.0191,0.0,-0.000,step_5,no_load
0.902447,0.0,0.0879,0.0688,0.0191,0.0,-0.000,step_5,no_load
0.91354,0.0,0.0879,0.0688,0.0191,0.0,-0.000,step_5,no_load
0.92452,0.0,0.0879,0.0688,0.0191,0.0,-0.000,step_5,no_load
0.935156,0.0,0.0879,0.0688,0.0191,0.0,-0.000,step_5,no_load
0.945291,0.0,0.0879,0.0688,0.0191,0.0,-0.000,step_5,no_load
0.955868,0.0,0.0879,0.0688,0.0191,0.0,-0.000,step_5,no_load
0.965963,0.0,0.0879,0.0688,0.0191,0.0,-0.000,step_5,no_load
0.976542,0.0,0.0879,0.0688,0.0191,0.0,-0.000,step_5,no_load
0.987629,0.0,0.0879,0.0688,0.0191,0.0,-0.000,step_5,no_load
0.997959,0.0,0.0879,0.0688,0.0191,0.0,-0.000,step_5,no_load
1.008588,0.0,0.0879,0.0688,0.0191,0.0,-0.000,step_5,no_load
1.018901,0.0,0.0879,0.0688,0.0191,0.0,-0.000,step_5,no_load
1.029129,0.0,0.0879,0.0688,0.0191,0.0,-0.000,step_5,no_load
1.039758,0.0,0.0879,0.0688,0.0191,0.0,-0.000,step_5,no_load
1.050609,0.0,0.0879,0.0688,0.0191,0.0,-0.000,step_5,no_load
1.061221,0.0,0.0879,0.0688,0.0191,0.0,-0.000,step_5,no_load
1.071882,0.0,0.0879,0.0688,0.0191,0.0,-0.000,step_5,no_load
1.082912,0.0,0.0879,0.0688,0.0191,0.0,-0.000,step_5,no_load
1.093545,0.0,0.0879,0.0688,0.0191,0.0,-0.000,step_5,no_load
1.104188,0.0,0.0879,0.0688,0.0191,0.0,-0.000,step_5,no_load
1.114294,0.0,0.0879,0.0688,0.0191,0.0,-0.000,step_5,no_load
1.12488,0.0,0.0879,0.0688,0.0191,0.0,-0.000,step_5,no_load
1.135867,0.0,0.0879,0.0688,0.0191,0.0,-0.000,step_5,no_load
1.14594,0.0,0.0879,0.0688,0.0191,0.0,-0.000,step_5,no_load
1.156425,0.0,0.0879,0.0688,0.0191,0.0,-0.000,step_5,no_load
1.16701,0.0,0.0879,0.0688,0.0191,0.0,-0.000,step_5,no_load
1.177195,0.0,0.0879,0.0688,0.0191,0.0,-0.000,step_5,no_load
1.187833,0.0,0.0879,0.0688,0.0191,0.0,-0.000,step_5,no_load
1.19883,0.0,0.0879,0.0688,0.0191,0.0,-0.000,step_5,no_load
1.209966,4.8955,0.0879,0.0688,0.0191,0.0,-0.000,step_5,no_load
1.220478,4.8955,0.0879,0.0688,0.0191,0.0,-0.000,step_5,no_load
1.231278,4.8955,0.0879,0.0688,0.0191,0.0,-0.000,step_5,no_load
1.241641,4.8955,0.0879,0.0687,0.0192,0.0,-0.000,step_5,no_load
1.252232,4.8955,0.0879,0.0687,0.0192,0.0,-0.000,step_5,no_load
1.263154,4.8955,0.2637,0.0687,0.1950,16.096,-0.000,step_5,no_load
1.273743,4.8955,0.5273,0.0687,0.4586,24.894,-0.000,step_5,no_load
1.284848,4.8955,0.9668,0.4235,0.5433,39.577,35.473,step_5,no_load
1.295459,4.8955,1.4941,1.3959,0.0982,49.694,64.828,step_5,no_load
1.306041,4.8955,1.9336,1.9433,-0.0097,41.533,54.737,step_5,no_load
1.316157,4.8955,2.3730,2.4070,-0.0340,43.436,46.377,step_5,no_load
1.326832,4.8955,2.9004,2.7995,0.1009,49.405,39.244,step_5,no_load
1.336942,4.8955,3.5156,3.1315,0.3841,60.851,33.204,step_5,no_load
1.347473,4.8955,3.6914,3.4124,0.2790,16.694,28.093,step_5,no_load
1.358492,4.8955,3.8672,3.6501,0.2171,15.954,23.769,step_5,no_load
1.369126,4.8955,3.9551,3.8512,0.1039,8.266,20.110,step_5,no_load
1.379894,4.8955,4.1309,4.0214,0.1095,16.326,17.015,step_5,no_load
1.390353,4.8955,4.2188,4.2288,-0.0100,8.404,13.827,step_5,no_load
1.40094,4.8955,4.2188,4.3408,-0.1220,0.0,11.204,step_5,no_load
1.411569,4.8955,4.2188,4.4356,-0.2168,0.0,9.479,step_5,no_load
1.422295,4.8955,4.3066,4.5158,-0.2092,8.186,8.020,step_5,no_load
1.432875,4.8955,4.2188,4.5837,-0.3649,-8.299,6.786,step_5,no_load
1.442989,4.8955,4.1309,4.6411,-0.5102,-8.691,5.741,step_5,no_load
1.45364,4.8955,4.1309,4.6897,-0.5588,0.0,4.858,step_5,no_load
1.464182,4.8955,4.1309,4.7308,-0.5999,0.0,4.110,step_5,no_load
1.474781,4.8955,4.1309,4.7655,-0.6346,0.0,3.478,step_5,no_load
1.485784,4.8955,4.1309,4.8079,-0.6770,0.0,2.826,step_5,no_load
1.495855,4.8955,4.1309,4.8308,-0.6999,0.0,2.290,step_5,no_load
1.506321,4.8955,4.2188,4.8502,-0.6314,8.399,1.937,step_5,no_load
1.517311,4.8955,4.3066,4.8666,-0.5600,7.989,1.639,step_5,no_load
1.528374,4.8955,4.3066,4.8805,-0.5739,0.0,1.387,step_5,no_load
1.539,4.8955,4.3066,4.8922,-0.5856,0.0,1.174,step_5,no_load
1.54917,4.8955,4.3945,4.9021,-0.5076,8.643,0.993,step_5,no_load
1.559846,4.8955,4.3945,4.9105,-0.5160,0.0,0.840,step_5,no_load
1.569986,4.8955,4.3945,4.9176,-0.5231,0.0,0.711,step_5,no_load
1.580831,4.8955,4.3945,4.9263,-0.5318,0.0,0.578,step_5,no_load
1.591836,4.8955,4.3945,4.9310,-0.5365,0.0,0.468,step_5,no_load
1.60246,4.8955,4.3945,4.9349,-0.5404,0.0,0.396,step_5,no_load
1.613184,4.8955,4.3945,4.9383,-0.5438,0.0,0.335,step_5,no_load
1.623869,4.8955,4.3945,4.9411,-0.5466,0.0,0.284,step_5,no_load
1.633996,4.8955,4.3945,4.9436,-0.5491,0.0,0.244,step_5,no_load
1.644576,4.8955,4.3945,4.9457,-0.5512,0.0,0.211,step_5,no_load
1.655398,4.8955,4.3945,4.9483,-0.5538,0.0,0.178,step_5,no_load
1.665988,4.8955,4.3945,4.9499,-0.5554,0.0,0.151,step_5,no_load
1.676072,4.8955,4.3945,4.9512,-0.5567,0.0,0.134,step_5,no_load
1.686713,4.8955,4.3945,4.9524,-0.5579,0.0,0.119,step_5,no_load
1.697897,4.8955,4.3945,4.9535,-0.5590,0.0,0.107,step_5,no_load
1.708481,4.8955,4.3945,4.9544,-0.5599,0.0,0.096,step_5,no_load
1.718684,4.8955,4.3945,4.9553,-0.5608,0.0,0.086,step_5,no_load
1.728825,4.8955,4.3945,4.9561,-0.5616,0.0,0.078,step_5,no_load
1.739423,4.8955,4.3945,4.9568,-0.5623,0.0,0.070,step_5,no_load
1.749657,4.8955,4.3945,4.9574,-0.5629,0.0,0.064,step_5,no_load
1.759781,4.8955,4.3945,4.9580,-0.5635,0.0,0.058,step_5,no_load
1.770417,4.8955,4.3945,4.9587,-0.5642,0.0,0.051,step_5,no_load
1.781481,4.8955,4.3945,4.9592,-0.5647,0.0,0.046,step_5,no_load
1.792063,4.8955,4.3945,4.9596,-0.5651,0.0,0.042,step_5,no_load
1.802913,4.8955,4.3945,4.9600,-0.5655,0.0,0.038,step_5,no_load
1.813977,4.8955,4.3945,4.9604,-0.5659,0.0,0.035,step_5,no_load
1.824979,4.8955,4.3945,4.9607,-0.5662,0.0,0.032,step_5,no_load
1.835978,4.8955,4.3945,4.9611,-0.5666,0.0,0.028,step_5,no_load
1.846942,4.8955,4.3945,4.9614,-0.5669,0.0,0.025,step_5,no_load
1.857533,4.8955,4.3945,4.9616,-0.5671,0.0,0.023,step_5,no_load
1.868558,4.8955,4.3945,4.9618,-0.5673,0.0,0.021,step_5,no_load
1.878797,4.8955,4.3945,4.9620,-0.5675,0.0,0.020,step_5,no_load
1.889358,4.8955,4.3945,4.9622,-0.5677,0.0,0.018,step_5,no_load
1.899949,4.8955,4.3945,4.9623,-0.5678,0.0,0.016,step_5,no_load
1.910083,4.8955,4.3945,4.9626,-0.5681,0.0,0.015,step_5,no_load
1.920576,4.8955,4.3945,4.9627,-0.5682,0.0,0.013,step_5,no_load
1.93106,4.8955,4.3945,4.9628,-0.5683,0.0,0.012,step_5,no_load
1.94112,4.8955,4.3945,4.9629,-0.5684,0.0,0.011,step_5,no_load
1.951204,4.8955,4.3945,4.9630,-0.5685,0.0,0.010,step_5,no_load
1.961465,4.8955,4.3945,4.9631,-0.5686,0.0,0.009,step_5,no_load
1.972163,4.8955,4.3945,4.9632,-0.5687,0.0,0.009,step_5,no_load
1.982744,4.8955,4.3945,4.9633,-0.5688,0.0,0.008,step_5,no_load
1.993727,4.8955,4.3945,4.9634,-0.5689,0.0,0.007,step_5,no_load
2.004359,4.8955,4.3945,4.9634,-0.5689,0.0,0.007,step_5,no_load
2.014574,4.8955,4.3945,4.9635,-0.5690,0.0,0.006,step_5,no_load
2.025169,4.8955,4.3945,4.9636,-0.5691,0.0,0.005,step_5,no_load
2.036273,4.8955,4.3945,4.9636,-0.5691,0.0,0.005,step_5,no_load
2.046509,4.8955,4.3945,4.9637,-0.5692,0.0,0.005,step_5,no_load
2.057099,4.8955,4.3945,4.9637,-0.5692,0.0,0.004,step_5,no_load
2.068148,4.8955,4.3945,4.9637,-0.5692,0.0,0.004,step_5,no_load
2.078649,4.8955,4.3945,4.9638,-0.5693,0.0,0.003,step_5,no_load
2.089066,4.8955,4.3945,4.9638,-0.5693,0.0,0.003,step_5,no_load
2.099662,4.8955,4.3945,4.9638,-0.5693,0.0,0.003,step_5,no_load
2.110757,4.8955,4.3945,4.9639,-0.5694,0.0,0.003,step_5,no_load
2.12172,4.8955,4.3945,4.9639,-0.5694,0.0,0.002,step_5,no_load
2.131854,4.8955,4.3945,4.9639,-0.5694,0.0,0.002,step_5,no_load
2.142461,4.8955,4.3945,4.9639,-0.5694,0.0,0.002,step_5,no_load
2.153505,4.8955,4.3945,4.9640,-0.5695,0.0,0.002,step_5,no_load
2.164394,4.8955,4.3945,4.9640,-0.5695,0.0,0.002,step_5,no_load
2.174491,4.8955,4.3945,4.9640,-0.5695,0.0,0.002,step_5,no_load
2.185075,4.8955,4.3945,4.9640,-0.5695,0.0,0.001,step_5,no_load
2.195762,4.8955,4.3945,4.9640,-0.5695,0.0,0.001,step_5,no_load
2.206394,4.8955,4.3945,4.9640,-0.5695,0.0,0.001,step_5,no_load
2.217464,4.8955,4.3945,4.9641,-0.5696,0.0,0.001,step_5,no_load
2.228094,4.8955,4.3945,4.9641,-0.5696,0.0,0.001,step_5,no_load
2.238579,4.8955,4.3945,4.9641,-0.5696,0.0,0.001,step_5,no_load
2.248927,4.8955,4.3945,4.9641,-0.5696,0.0,0.001,step_5,no_load
2.259162,4.8955,4.3945,4.9641,-0.5696,0.0,0.001,step_5,no_load
2.269554,4.8955,4.3945,4.9641,-0.5696,0.0,0.001,step_5,no_load
2.280294,4.8955,4.3945,4.9641,-0.5696,0.0,0.001,step_5,no_load
2.290994,4.8955,4.3945,4.9641,-0.5696,0.0,0.001,step_5,no_load
2.301212,4.8955,4.3945,4.9641,-0.5696,0.0,0.001,step_5,no_load
2.311706,4.8955,4.3945,4.9641,-0.5696,0.0,0.000,step_5,no_load
2.321963,4.8955,4.3945,4.9641,-0.5696,0.0,0.000,step_5,no_load
2.33243,4.8955,4.3945,4.9641,-0.5696,0.0,0.000,step_5,no_load
2.342519,4.8955,4.3945,4.9641,-0.5696,0.0,0.000,step_5,no_load
2.35311,4.8955,4.3945,4.9641,-0.5696,0.0,0.000,step_5,no_load
2.364199,4.8955,4.3945,4.9641,-0.5696,0.0,0.000,step_5,no_load
2.375147,4.8955,4.3945,4.9641,-0.5696,0.0,0.000,step_5,no_load
2.385248,4.8955,4.3945,4.9641,-0.5696,0.0,0.000,step_5,no_load
2.395369,4.8955,4.3945,4.9641,-0.5696,0.0,0.000,step_5,no_load
2.405819,4.8955,4.3945,4.9641,-0.5696,0.0,0.000,step_5,no_load
2.416964,0.0,4.3945,4.9641,-0.5696,0.0,0.000,step_5,no_load
2.427525,0.0,4.3945,4.9642,-0.5697,0.0,0.000,step_5,no_load
2.438358,0.0,4.3945,4.9642,-0.5697,0.0,0.000,step_5,no_load
2.448443,0.0,4.3945,4.9642,-0.5697,0.0,0.000,step_5,no_load
2.45903,0.0,4.3066,4.9642,-0.6576,-8.303,0.000,step_5,no_load
2.469154,0.0,4.3066,4.9642,-0.6576,0.0,0.000,step_5,no_load
2.479219,0.0,4.2188,4.9642,-0.7454,-8.723,0.000,step_5,no_load
2.490192,0.0,3.8672,4.7108,-0.8436,-32.042,-16.890,step_5,no_load
2.500466,0.0,3.2520,4.1641,-0.9121,-59.879,-54.669,step_5,no_load
2.511175,0.0,2.8125,3.5483,-0.7358,-41.04,-61.582,step_5,no_load
2.521624,0.0,2.2852,3.0149,-0.7297,-50.464,-53.342,step_5,no_load
2.532262,0.0,1.8457,2.5627,-0.7170,-41.314,-45.221,step_5,no_load
2.542843,0.0,1.3184,2.1800,-0.8616,-49.835,-38.268,step_5,no_load
2.552943,0.0,0.8789,1.8562,-0.9773,-43.515,-32.379,step_5,no_load
2.564301,0.0,0.7910,1.5823,-0.7913,-7.739,-27.395,step_5,no_load
2.574409,0.0,0.7031,1.3505,-0.6474,-8.696,-23.179,step_5,no_load
2.584777,0.0,0.6152,1.1544,-0.5392,-8.478,-19.611,step_5,no_load
2.594901,0.0,0.5273,0.9884,-0.4611,-8.682,-16.593,step_5,no_load
2.605481,0.0,0.4395,0.7862,-0.3467,-8.299,-13.484,step_5,no_load
2.6156,0.0,0.3516,0.6769,-0.3253,-8.687,-10.926,step_5,no_load
2.62624,0.0,0.3516,0.5845,-0.2329,0.0,-9.244,step_5,no_load
2.636838,0.0,0.3516,0.5062,-0.1546,0.0,-7.822,step_5,no_load
2.647438,0.0,0.4395,0.4401,-0.0006,8.292,-6.618,step_5,no_load
2.658087,0.0,0.5273,0.3841,0.1432,8.245,-5.599,step_5,no_load
2.668258,0.0,0.5273,0.3367,0.1906,0.0,-4.738,step_5,no_load
2.678596,0.0,0.5273,0.2966,0.2307,0.0,-4.009,step_5,no_load
2.689156,0.0,0.5273,0.2627,0.2646,0.0,-3.392,step_5,no_load
2.699784,0.0,0.3516,0.2340,0.1176,-16.532,-2.870,step_5,no_load
2.710869,0.0,0.1758,0.1990,-0.0232,-15.859,-2.332,step_5,no_load
2.721369,0.0,0.0000,0.1801,-0.1801,-16.743,-1.890,step_5,no_load
2.731959,0.0,0.0000,0.1641,-0.1641,0.0,-1.599,step_5,no_load
2.742538,0.0,-0.0879,0.1506,-0.2385,-8.309,-1.353,step_5,no_load
2.753092,0.0,-0.0879,0.1391,-0.2270,0.0,-1.145,step_5,no_load
2.764194,0.0,-0.0879,0.1295,-0.2174,0.0,-0.969,step_5,no_load
2.774823,0.0,-0.0879,0.1213,-0.2092,0.0,-0.820,step_5,no_load
2.78561,0.0,-0.0879,0.1113,-0.1992,0.0,-0.666,step_5,no_load
2.796599,0.0,-0.0879,0.1059,-0.1938,0.0,-0.540,step_5,no_load
2.807629,0.0,0.0000,0.1013,-0.1013,7.969,-0.457,step_5,no_load
2.818619,0.0,0.0000,0.0975,-0.0975,0.0,-0.386,step_5,no_load
2.829595,0.0,0.0000,0.0942,-0.0942,0.0,-0.327,step_5,no_load
2.840229,0.0,-0.0879,0.0902,-0.1781,-8.266,-0.268,step_5,no_load
2.850331,0.0,-0.0879,0.0879,-0.1758,0.0,-0.222,step_5,no_load
2.860911,0.0,-0.0879,0.0860,-0.1739,0.0,-0.193,step_5,no_load
2.871015,0.0,-0.0879,0.0843,-0.1722,0.0,-0.169,step_5,no_load
2.881072,0.0,-0.0879,0.0828,-0.1707,0.0,-0.149,step_5,no_load
2.891973,0.0,-0.0879,0.0815,-0.1694,0.0,-0.132,step_5,no_load
2.902878,0.0,-0.0879,0.0804,-0.1683,0.0,-0.117,step_5,no_load
2.913939,0.0,-0.0879,0.0793,-0.1672,0.0,-0.105,step_5,no_load
2.924284,0.0,-0.0879,0.0784,-0.1663,0.0,-0.094,step_5,no_load
2.935045,0.0,-0.0879,0.0771,-0.1650,0.0,-0.083,step_5,no_load
2.945214,0.0,-0.0879,0.0764,-0.1643,0.0,-0.073,step_5,no_load
2.955481,0.0,-0.0879,0.0757,-0.1636,0.0,-0.066,step_5,no_load
2.966108,0.0,-0.0879,0.0751,-0.1630,0.0,-0.060,step_5,no_load
2.97619,0.0,-0.0879,0.0746,-0.1625,0.0,-0.054,step_5,no_load
2.986782,0.0,-0.0879,0.0741,-0.1620,0.0,-0.050,step_5,no_load
2.997748,0.0,-0.0879,0.0736,-0.1615,0.0,-0.045,step_5,no_load
3.008331,0.0,-0.0879,0.0732,-0.1611,0.0,-0.041,step_5,no_load
3.018422,0.0,-0.0879,0.0728,-0.1607,0.0,-0.038,step_5,no_load
3.028543,0.0,-0.0879,0.0725,-0.1604,0.0,-0.034,step_5,no_load
3.03919,0.0,-0.0879,0.0722,-0.1601,0.0,-0.031,step_5,no_load
3.049828,0.0,-0.0879,0.0719,-0.1598,0.0,-0.029,step_5,no_load
3.060847,0.0,-0.0879,0.0715,-0.1594,0.0,-0.026,step_5,no_load
3.071497,0.0,-0.0879,0.0713,-0.1592,0.0,-0.023,step_5,no_load
3.081606,0.0,-0.0879,0.0711,-0.1590,0.0,-0.021,step_5,no_load
3.092194,0.0,-0.0879,0.0709,-0.1588,0.0,-0.019,step_5,no_load
3.102296,0.0,-0.0879,0.0707,-0.1586,0.0,-0.018,step_5,no_load
3.112366,0.0,-0.0879,0.0706,-0.1585,0.0,-0.016,step_5,no_load
3.122951,0.0,-0.0879,0.0704,-0.1583,0.0,-0.015,step_5,no_load
3.133565,0.0,-0.0879,0.0703,-0.1582,0.0,-0.014,step_5,no_load
3.144576,0.0,-0.0879,0.0701,-0.1580,0.0,-0.012,step_5,no_load
3.155208,0.0,-0.0879,0.0700,-0.1579,0.0,-0.011,step_5,no_load
3.166117,0.0,-0.0879,0.0699,-0.1578,0.0,-0.010,step_5,no_load
3.176697,0.0,-0.0879,0.0698,-0.1577,0.0,-0.009,step_5,no_load
3.186966,0.0,-0.0879,0.0697,-0.1576,0.0,-0.008,step_5,no_load
3.197987,0.0,-0.0879,0.0696,-0.1575,0.0,-0.008,step_5,no_load
3.208237,0.0,-0.0879,0.0695,-0.1574,0.0,-0.007,step_5,no_load
3.218863,0.0,-0.0879,0.0695,-0.1574,0.0,-0.007,step_5,no_load
3.229863,0.0,-0.0879,0.0694,-0.1573,0.0,-0.006,step_5,no_load
3.240494,0.0,-0.0879,0.0693,-0.1572,0.0,-0.005,step_5,no_load
3.250651,0.0,-0.0879,0.0693,-0.1572,0.0,-0.005,step_5,no_load
3.261232,0.0,-0.0879,0.0693,-0.1572,0.0,-0.004,step_5,no_load
3.271737,0.0,-0.0879,0.0692,-0.1571,0.0,-0.004,step_5,no_load
3.282376,0.0,-0.0879,0.0692,-0.1571,0.0,-0.004,step_5,no_load
3.292497,0.0,-0.0879,0.0691,-0.1570,0.0,-0.003,step_5,no_load
3.303105,0.0,-0.0879,0.0691,-0.1570,0.0,-0.003,step_5,no_load
3.314248,0.0,-0.0879,0.0691,-0.1570,0.0,-0.003,step_5,no_load
3.324888,0.0,-0.0879,0.0691,-0.1570,0.0,-0.003,step_5,no_load
3.335653,0.0,-0.0879,0.0690,-0.1569,0.0,-0.002,step_5,no_load
3.345864,0.0,-0.0879,0.0690,-0.1569,0.0,-0.002,step_5,no_load
3.356359,0.0,-0.0879,0.0690,-0.1569,0.0,-0.002,step_5,no_load
3.36703,0.0,-0.0879,0.0690,-0.1569,0.0,-0.002,step_5,no_load
3.377635,0.0,-0.0879,0.0689,-0.1568,0.0,-0.002,step_5,no_load
3.38828,0.0,-0.0879,0.0689,-0.1568,0.0,-0.002,step_5,no_load
3.398614,0.0,-0.0879,0.0689,-0.1568,0.0,-0.001,step_5,no_load
3.409175,0.0,-0.0879,0.0689,-0.1568,0.0,-0.001,step_5,no_load
3.419808,0.0,-0.0879,0.0689,-0.1568,0.0,-0.001,step_5,no_load
3.430893,0.0,-0.0879,0.0689,-0.1568,0.0,-0.001,step_5,no_load
3.441489,0.0,-0.0879,0.0689,-0.1568,0.0,-0.001,step_5,no_load
3.451636,0.0,-0.0879,0.0688,-0.1567,0.0,-0.001,step_5,no_load
3.462252,0.0,-0.0879,0.0688,-0.1567,0.0,-0.001,step_5,no_load
3.472704,0.0,-0.0879,0.0688,-0.1567,0.0,-0.001,step_5,no_load
3.483337,0.0,-0.0879,0.0688,-0.1567,0.0,-0.001,step_5,no_load
3.494388,0.0,-0.0879,0.0688,-0.1567,0.0,-0.001,step_5,no_load
3.50502,0.0,-0.0879,0.0688,-0.1567,0.0,-0.001,step_5,no_load
3.515183,0.0,-0.0879,0.0688,-0.1567,0.0,-0.001,step_5,no_load
3.525672,0.0,-0.0879,0.0688,-0.1567,0.0,-0.000,step_5,no_load
3.537126,0.0,-0.0879,0.0688,-0.1567,0.0,-0.000,step_5,no_load
3.547609,0.0,-0.0879,0.0688,-0.1567,0.0,-0.000,step_5,no_load
3.557728,0.0,-0.0879,0.0688,-0.1567,0.0,-0.000,step_5,no_load
3.568308,0.0,-0.0879,0.0688,-0.1567,0.0,-0.000,step_5,no_load
3.578898,0.0,-0.0879,0.0688,-0.1567,0.0,-0.000,step_5,no_load
3.589755,0.0,-0.0879,0.0688,-0.1567,0.0,-0.000,step_5,no_load
3.599868,0.0,-0.0879,0.0688,-0.1567,0.0,-0.000,step_5,no_load
3.609923,0.0,-0.0879,0.0688,-0.1567,0.0,-0.000,step_5,no_load
3.620928,4.8955,-0.0879,0.0688,-0.1567,0.0,-0.000,step_5,no_load
3.631475,4.8955,-0.0879,0.0688,-0.1567,0.0,-0.000,step_5,no_load
3.642111,4.8955,-0.0879,0.0688,-0.1567,0.0,-0.000,step_5,no_load
3.65219,4.8955,-0.0879,0.0688,-0.1567,0.0,-0.000,step_5,no_load
3.66226,4.8955,0.0000,0.0688,-0.0688,8.729,-0.000,step_5,no_load
3.673194,4.8955,0.1758,0.0688,0.1070,16.078,-0.000,step_5,no_load
3.683796,4.8955,0.4395,0.0688,0.3707,24.873,-0.000,step_5,no_load
3.694919,4.8955,0.8789,0.1906,0.6883,39.504,12.187,step_5,no_load
3.705546,4.8955,1.4063,1.0878,0.3185,49.628,59.808,step_5,no_load
3.716608,4.8955,1.9336,1.6808,0.2528,47.668,59.305,step_5,no_load
3.728079,4.8955,2.4609,2.1848,0.2761,45.968,50.402,step_5,no_load
3.738707,4.8955,3.0762,2.6114,0.4648,57.894,42.663,step_5,no_load
3.749334,4.8955,3.6035,2.9724,0.6311,49.619,36.098,step_5,no_load
3.759428,4.8955,3.7793,3.2778,0.5015,17.416,30.542,step_5,no_load
3.770019,4.8955,3.8672,3.6501,0.2171,8.299,24.819,step_5,no_load
3.781187,4.8955,3.9551,3.8512,0.1039,7.871,20.110,step_5,no_load
3.791695,4.8955,4.0430,4.0214,0.0216,8.365,17.015,step_5,no_load
3.802752,4.8955,4.1309,4.1653,-0.0344,7.95,14.396,step_5,no_load
3.81375,4.8955,4.2188,4.2871,-0.0683,7.992,12.180,step_5,no_load
3.824754,4.8955,4.2188,4.3902,-0.1714,0.0,10.305,step_5,no_load
3.83576,4.8955,4.2188,4.5158,-0.2970,0.0,8.375,step_5,no_load
3.846867,4.8955,4.1309,4.5837,-0.4528,-7.914,6.786,step_5,no_load
3.857373,4.8955,4.0430,4.6411,-0.5981,-8.367,5.741,step_5,no_load
3.867626,4.8955,4.0430,4.6897,-0.6467,0.0,4.858,step_5,no_load
3.878175,4.8955,4.1309,4.7308,-0.5999,8.333,4.110,step_5,no_load
3.88881,4.8955,4.1309,4.7655,-0.6346,0.0,3.478,step_5,no_load
3.89961,4.8955,4.2188,4.7950,-0.5762,8.139,2.942,step_5,no_load
3.910249,4.8955,4.2188,4.8308,-0.6120,0.0,2.391,step_5,no_load
3.920866,4.8955,4.3066,4.8502,-0.5436,8.27,1.937,step_5,no_load
3.931596,4.8955,4.3066,4.8666,-0.5600,0.0,1.639,step_5,no_load
3.941706,4.8955,4.3066,4.8805,-0.5739,0.0,1.387,step_5,no_load
3.95202,4.8955,4.3945,4.8922,-0.4977,8.522,1.174,step_5,no_load
3.963071,4.8955,4.3945,4.9021,-0.5076,0.0,0.993,step_5,no_load
3.973708,4.8955,4.3945,4.9105,-0.5160,0.0,0.840,step_5,no_load
3.984784,4.8955,4.3945,4.9176,-0.5231,0.0,0.711,step_5,no_load
3.995307,4.8955,4.3945,4.9263,-0.5318,0.0,0.578,step_5,no_load
4.006202,4.8955,4.3945,4.9310,-0.5365,0.0,0.468,step_5,no_load
4.016842,4.8955,4.3945,4.9349,-0.5404,0.0,0.396,step_5,no_load
4.026912,4.8955,4.3945,4.9383,-0.5438,0.0,0.335,step_5,no_load
4.037504,4.8955,4.3945,4.9411,-0.5466,0.0,0.284,step_5,no_load
4.047665,4.8955,4.3945,4.9436,-0.5491,0.0,0.244,step_5,no_load
4.058241,4.8955,4.3945,4.9457,-0.5512,0.0,0.211,step_5,no_load
4.068292,4.8955,4.3945,4.9475,-0.5530,0.0,0.184,step_5,no_load
4.078353,4.8955,4.3945,4.9491,-0.5546,0.0,0.161,step_5,no_load
4.088506,4.8955,4.3945,4.9505,-0.5560,0.0,0.142,step_5,no_load
4.099089,4.8955,4.3945,4.9518,-0.5573,0.0,0.126,step_5,no_load
4.109206,4.8955,4.3945,4.9529,-0.5584,0.0,0.113,step_5,no_load
4.119863,4.8955,4.3945,4.9539,-0.5594,0.0,0.101,step_5,no_load
4.130881,4.8955,4.3945,4.9553,-0.5608,0.0,0.088,step_5,no_load
4.141194,4.8955,4.3945,4.9561,-0.5616,0.0,0.078,step_5,no_load
4.151962,4.8955,4.3945,4.9568,-0.5623,0.0,0.070,step_5,no_load
4.162024,4.8955,4.3945,4.9574,-0.5629,0.0,0.064,step_5,no_load
4.17237,4.8955,4.3945,4.9580,-0.5635,0.0,0.058,step_5,no_load
4.183402,4.8955,4.3945,4.9585,-0.5640,0.0,0.053,step_5,no_load
4.193964,4.8955,4.3945,4.9590,-0.5645,0.0,0.048,step_5,no_load
4.204591,4.8955,4.3945,4.9594,-0.5649,0.0,0.044,step_5,no_load
4.214714,4.8955,4.3945,4.9598,-0.5653,0.0,0.040,step_5,no_load
4.225298,4.8955,4.3945,4.9604,-0.5659,0.0,0.036,step_5,no_load
4.235447,4.8955,4.3945,4.9607,-0.5662,0.0,0.032,step_5,no_load
4.246351,4.8955,4.3945,4.9610,-0.5665,0.0,0.029,step_5,no_load
4.256448,4.8955,4.3945,4.9612,-0.5667,0.0,0.027,step_5,no_load
4.267064,4.8955,4.3945,4.9615,-0.5670,0.0,0.024,step_5,no_load
4.277221,4.8955,4.3945,4.9617,-0.5672,0.0,0.022,step_5,no_load
4.287815,4.8955,4.3945,4.9619,-0.5674,0.0,0.020,step_5,no_load
4.298868,4.8955,4.3945,4.9621,-0.5676,0.0,0.019,step_5,no_load
4.309498,4.8955,4.3945,4.9623,-0.5678,0.0,0.017,step_5,no_load
4.31961,4.8955,4.3945,4.9624,-0.5679,0.0,0.016,step_5,no_load
4.330279,4.8955,4.3945,4.9626,-0.5681,0.0,0.014,step_5,no_load
4.340896,4.8955,4.3945,4.9628,-0.5683,0.0,0.013,step_5,no_load
4.351341,4.8955,4.3945,4.9629,-0.5684,0.0,0.012,step_5,no_load
4.361856,4.8955,4.3945,4.9630,-0.5685,0.0,0.011,step_5,no_load
4.372488,4.8955,4.3945,4.9631,-0.5686,0.0,0.010,step_5,no_load
4.382659,4.8955,4.3945,4.9632,-0.5687,0.0,0.009,step_5,no_load
4.393712,4.8955,4.3945,4.9632,-0.5687,0.0,0.008,step_5,no_load
4.404308,4.8955,4.3945,4.9633,-0.5688,0.0,0.008,step_5,no_load
4.414989,4.8955,4.3945,4.9634,-0.5689,0.0,0.007,step_5,no_load
4.425394,4.8955,4.3945,4.9635,-0.5690,0.0,0.006,step_5,no_load
4.436061,4.8955,4.3945,4.9635,-0.5690,0.0,0.006,step_5,no_load
4.447195,4.8955,4.3945,4.9636,-0.5691,0.0,0.005,step_5,no_load
4.457285,4.8955,4.3945,4.9636,-0.5691,0.0,0.005,step_5,no_load
4.467868,4.8955,4.3945,4.9637,-0.5692,0.0,0.004,step_5,no_load
4.477951,4.8955,4.3945,4.9637,-0.5692,0.0,0.004,step_5,no_load
4.488532,4.8955,4.3945,4.9638,-0.5693,0.0,0.004,step_5,no_load
4.499615,4.8955,4.3945,4.9638,-0.5693,0.0,0.003,step_5,no_load
4.510252,4.8955,4.3945,4.9638,-0.5693,0.0,0.003,step_5,no_load
4.521152,4.8955,4.3945,4.9639,-0.5694,0.0,0.003,step_5,no_load
4.531444,4.8955,4.3945,4.9639,-0.5694,0.0,0.002,step_5,no_load
4.542351,4.8955,4.3945,4.9639,-0.5694,0.0,0.002,step_5,no_load
4.552998,4.8955,4.3945,4.9639,-0.5694,0.0,0.002,step_5,no_load
4.563094,4.8955,4.3945,4.9640,-0.5695,0.0,0.002,step_5,no_load
4.5737,4.8955,4.3945,4.9640,-0.5695,0.0,0.002,step_5,no_load
4.583995,4.8955,4.3945,4.9640,-0.5695,0.0,0.002,step_5,no_load
4.594348,4.8955,4.3945,4.9640,-0.5695,0.0,0.001,step_5,no_load
4.605062,4.8955,4.3945,4.9640,-0.5695,0.0,0.001,step_5,no_load
4.61564,4.8955,4.3945,4.9640,-0.5695,0.0,0.001,step_5,no_load
4.625827,4.8955,4.3945,4.9640,-0.5695,0.0,0.001,step_5,no_load
4.636396,4.8955,4.3945,4.9641,-0.5696,0.0,0.001,step_5,no_load
4.646458,4.8955,4.3945,4.9641,-0.5696,0.0,0.001,step_5,no_load
4.657074,4.8955,4.3945,4.9641,-0.5696,0.0,0.001,step_5,no_load
4.667161,4.8955,4.3945,4.9641,-0.5696,0.0,0.001,step_5,no_load
4.677778,4.8955,4.3945,4.9641,-0.5696,0.0,0.001,step_5,no_load
4.688487,4.8955,4.3945,4.9641,-0.5696,0.0,0.001,step_5,no_load
4.699518,4.8955,4.3945,4.9641,-0.5696,0.0,0.001,step_5,no_load
4.710628,4.8955,4.3945,4.9641,-0.5696,0.0,0.001,step_5,no_load
4.721278,4.8955,4.3945,4.9641,-0.5696,0.0,0.000,step_5,no_load
4.731448,4.8955,4.3945,4.9641,-0.5696,0.0,0.000,step_5,no_load
4.742034,4.8955,4.3945,4.9641,-0.5696,0.0,0.000,step_5,no_load
4.752535,4.8955,4.3945,4.9641,-0.5696,0.0,0.000,step_5,no_load
4.763527,4.8955,4.3945,4.9641,-0.5696,0.0,0.000,step_5,no_load
4.774612,4.8955,4.3945,4.9641,-0.5696,0.0,0.000,step_5,no_load
4.785247,4.8955,4.3945,4.9641,-0.5696,0.0,0.000,step_5,no_load
4.796074,4.8955,4.3945,4.9641,-0.5696,0.0,0.000,step_5,no_load
4.807089,4.8955,4.3945,4.9641,-0.5696,0.0,0.000,step_5,no_load
4.818081,4.8955,4.3945,4.9641,-0.5696,0.0,0.000,step_5,no_load
4.829571,0.0,4.3945,4.9641,-0.5696,0.0,0.000,step_5,no_load
4.84008,0.0,4.3945,4.9642,-0.5697,0.0,0.000,step_5,no_load
4.850227,0.0,4.3945,4.9642,-0.5697,0.0,0.000,step_5,no_load
4.861095,0.0,4.3945,4.9642,-0.5697,0.0,0.000,step_5,no_load
4.871216,0.0,4.3066,4.9642,-0.6576,-8.685,0.000,step_5,no_load
4.882214,0.0,4.3066,4.9642,-0.6576,0.0,0.000,step_5,no_load
4.893217,0.0,4.1309,4.9642,-0.8333,-15.968,0.000,step_5,no_load
4.903771,0.0,3.7793,4.7108,-0.9315,-33.314,-25.336,step_5,no_load
4.914328,0.0,3.2520,4.1641,-0.9121,-49.948,-54.669,step_5,no_load
4.924463,0.0,2.7246,3.5483,-0.8237,-52.037,-61.582,step_5,no_load
4.93498,0.0,2.2852,3.0149,-0.7297,-41.78,-53.342,step_5,no_load
4.94527,0.0,1.8457,2.3633,-0.5176,-42.711,-43.436,step_5,no_load
4.955882,0.0,1.3184,2.0113,-0.6929,-49.689,-35.200,step_5,no_load
4.966992,0.0,0.8789,1.7135,-0.8346,-39.559,-29.783,step_5,no_load
4.977597,0.0,0.7910,1.4615,-0.6705,-8.289,-25.199,step_5,no_load
4.98822,0.0,0.7031,1.2483,-0.5452,-8.274,-21.320,step_5,no_load
4.99927,0.0,0.6152,1.0679,-0.4527,-7.955,-18.039,step_5,no_load
5.009907,0.0,0.4395,0.9153,-0.4758,-16.518,-15.263,step_5,no_load
5.020908,0.0,0.3516,0.7293,-0.3777,-7.99,-12.403,step_5,no_load
5.0315,0.0,0.3516,0.6288,-0.2772,0.0,-10.050,step_5,no_load
5.041647,0.0,0.3516,0.5437,-0.1921,0.0,-8.503,step_5,no_load
5.052233,0.0,0.4395,0.4718,-0.0323,8.303,-7.195,step_5,no_load
5.063232,0.0,0.5273,0.4109,0.1164,7.983,-6.087,step_5,no_load
5.073865,0.0,0.6152,0.3594,0.2558,8.267,-5.151,step_5,no_load
5.083941,0.0,0.6152,0.3158,0.2994,0.0,-4.358,step_5,no_load
5.094655,0.0,0.6152,0.2789,0.3363,0.0,-3.687,step_5,no_load
5.105673,0.0,0.5273,0.2340,0.2933,-7.978,-2.997,step_5,no_load
5.116254,0.0,0.4395,0.2097,0.2298,-8.298,-2.428,step_5,no_load
5.126394,0.0,0.1758,0.1892,-0.0134,-26.006,-2.054,step_5,no_load
5.137403,0.0,0.0000,0.1718,-0.1718,-15.969,-1.738,step_5,no_load
5.148371,0.0,-0.0879,0.1571,-0.2450,-8.014,-1.471,step_5,no_load
5.159002,0.0,-0.0879,0.1446,-0.2325,0.0,-1.244,step_5,no_load
5.169172,0.0,-0.1758,0.1341,-0.3099,-8.643,-1.053,step_5,no_load
5.18028,0.0,-0.1758,0.1213,-0.2971,0.0,-0.856,step_5,no_load
5.190408,0.0,-0.1758,0.1143,-0.2901,0.0,-0.693,step_5,no_load
5.200981,0.0,-0.0879,0.1085,-0.1964,8.314,-0.587,step_5,no_load
5.21108,0.0,0.0000,0.1035,-0.1035,8.704,-0.496,step_5,no_load
5.221659,0.0,0.0879,0.0993,-0.0114,8.309,-0.420,step_5,no_load
5.232759,0.0,0.0879,0.0957,-0.0078,0.0,-0.355,step_5,no_load
5.243389,0.0,0.0879,0.0927,-0.0048,0.0,-0.301,step_5,no_load
5.2535,0.0,0.0879,0.0902,-0.0023,0.0,-0.257,step_5,no_load
5.264019,0.0,0.0000,0.0879,-0.0879,-8.356,-0.222,step_5,no_load
5.274248,0.0,-0.0879,0.0860,-0.1739,-8.593,-0.193,step_5,no_load
5.284858,0.0,-0.0879,0.0843,-0.1722,0.0,-0.169,step_5,no_load
5.295046,0.0,-0.0879,0.0822,-0.1701,0.0,-0.144,step_5,no_load
5.305689,0.0,-0.0879,0.0809,-0.1688,0.0,-0.124,step_5,no_load
5.316255,0.0,-0.0879,0.0798,-0.1677,0.0,-0.111,step_5,no_load
5.326888,0.0,-0.0879,0.0788,-0.1667,0.0,-0.100,step_5,no_load
5.337688,0.0,-0.0879,0.0779,-0.1658,0.0,-0.089,step_5,no_load
5.348268,0.0,-0.0879,0.0771,-0.1650,0.0,-0.081,step_5,no_load
5.358524,0.0,-0.0879,0.0764,-0.1643,0.0,-0.073,step_5,no_load
5.369231,0.0,-0.0879,0.0757,-0.1636,0.0,-0.066,step_5,no_load
5.380288,0.0,-0.0879,0.0748,-0.1627,0.0,-0.058,step_5,no_load
5.390867,0.0,-0.0879,0.0743,-0.1622,0.0,-0.052,step_5,no_load
5.401507,0.0,-0.0879,0.0739,-0.1618,0.0,-0.047,step_5,no_load
5.412307,0.0,-0.0879,0.0734,-0.1613,0.0,-0.043,step_5,no_load
5.422986,0.0,-0.0879,0.0730,-0.1609,0.0,-0.039,step_5,no_load
5.433616,0.0,-0.0879,0.0727,-0.1606,0.0,-0.036,step_5,no_load
5.444204,0.0,-0.0879,0.0723,-0.1602,0.0,-0.033,step_5,no_load
5.454787,0.0,-0.0879,0.0720,-0.1599,0.0,-0.030,step_5,no_load
5.465878,0.0,-0.0879,0.0716,-0.1595,0.0,-0.027,step_5,no_load
5.476506,0.0,-0.0879,0.0714,-0.1593,0.0,-0.024,step_5,no_load
5.486611,0.0,-0.0879,0.0712,-0.1591,0.0,-0.022,step_5,no_load
5.497608,0.0,-0.0879,0.0710,-0.1589,0.0,-0.020,step_5,no_load
5.507687,0.0,-0.0879,0.0708,-0.1587,0.0,-0.018,step_5,no_load
5.518283,0.0,-0.0879,0.0706,-0.1585,0.0,-0.017,step_5,no_load
5.529565,0.0,-0.0879,0.0705,-0.1584,0.0,-0.015,step_5,no_load
5.540144,0.0,-0.0879,0.0703,-0.1582,0.0,-0.014,step_5,no_load
5.551229,0.0,-0.0879,0.0701,-0.1580,0.0,-0.012,step_5,no_load
5.561801,0.0,-0.0879,0.0700,-0.1579,0.0,-0.011,step_5,no_load
5.572215,0.0,-0.0879,0.0699,-0.1578,0.0,-0.010,step_5,no_load
5.582846,0.0,-0.0879,0.0698,-0.1577,0.0,-0.010,step_5,no_load
5.592903,0.0,-0.0879,0.0697,-0.1576,0.0,-0.009,step_5,no_load
5.603495,0.0,-0.0879,0.0697,-0.1576,0.0,-0.008,step_5,no_load
5.613661,0.0,-0.0879,0.0696,-0.1575,0.0,-0.007,step_5,no_load
5.624132,0.0,-0.0879,0.0695,-0.1574,0.0,-0.007,step_5,no_load
5.63516,0.0,-0.0879,0.0694,-0.1573,0.0,-0.006,step_5,no_load
5.645237,0.0,-0.0879,0.0694,-0.1573,0.0,-0.005,step_5,no_load
5.656226,0.0,-0.0879,0.0693,-0.1572,0.0,-0.005,step_5,no_load
5.666857,0.0,-0.0879,0.0693,-0.1572,0.0,-0.005,step_5,no_load
5.677105,0.0,-0.0879,0.0692,-0.1571,0.0,-0.004,step_5,no_load
5.687609,0.0,-0.0879,0.0692,-0.1571,0.0,-0.004,step_5,no_load
5.698642,0.0,-0.0879,0.0692,-0.1571,0.0,-0.004,step_5,no_load
5.709284,0.0,-0.0879,0.0691,-0.1570,0.0,-0.003,step_5,no_load
5.719436,0.0,-0.0879,0.0691,-0.1570,0.0,-0.003,step_5,no_load
5.730089,0.0,-0.0879,0.0691,-0.1570,0.0,-0.003,step_5,no_load
5.740257,0.0,-0.0879,0.0690,-0.1569,0.0,-0.002,step_5,no_load
5.750867,0.0,-0.0879,0.0690,-0.1569,0.0,-0.002,step_5,no_load
5.761618,0.0,-0.0879,0.0690,-0.1569,0.0,-0.002,step_5,no_load
5.77226,0.0,-0.0879,0.0690,-0.1569,0.0,-0.002,step_5,no_load
5.782401,0.0,-0.0879,0.0689,-0.1568,0.0,-0.002,step_5,no_load
5.792997,0.0,-0.0879,0.0689,-0.1568,0.0,-0.002,step_5,no_load
5.803909,0.0,-0.0879,0.0689,-0.1568,0.0,-0.001,step_5,no_load
5.814907,0.0,-0.0879,0.0689,-0.1568,0.0,-0.001,step_5,no_load
5.825889,0.0,-0.0879,0.0689,-0.1568,0.0,-0.001,step_5,no_load
5.836905,0.0,-0.0879,0.0689,-0.1568,0.0,-0.001,step_5,no_load
5.848241,0.0,-0.0879,0.0689,-0.1568,0.0,-0.001,step_5,no_load
5.858341,0.0,-0.0879,0.0689,-0.1568,0.0,-0.001,step_5,no_load
5.868924,0.0,-0.0879,0.0688,-0.1567,0.0,-0.001,step_5,no_load
5.880013,0.0,-0.0879,0.0688,-0.1567,0.0,-0.001,step_5,no_load
5.890643,0.0,-0.0879,0.0688,-0.1567,0.0,-0.001,step_5,no_load
5.901687,0.0,-0.0879,0.0688,-0.1567,0.0,-0.001,step_5,no_load
5.911999,0.0,-0.0879,0.0688,-0.1567,0.0,-0.001,step_5,no_load
5.922585,0.0,-0.0879,0.0688,-0.1567,0.0,-0.001,step_5,no_load
5.933174,0.0,-0.0879,0.0688,-0.1567,0.0,-0.000,step_5,no_load
5.943756,0.0,-0.0879,0.0688,-0.1567,0.0,-0.000,step_5,no_load
5.95462,0.0,-0.0879,0.0688,-0.1567,0.0,-0.000,step_5,no_load
5.965261,0.0,-0.0879,0.0688,-0.1567,0.0,-0.000,step_5,no_load
5.97541,0.0,-0.0879,0.0688,-0.1567,0.0,-0.000,step_5,no_load
5.985916,0.0,-0.0879,0.0688,-0.1567,0.0,-0.000,step_5,no_load
5.997045,0.0,-0.0879,0.0688,-0.1567,0.0,-0.000,step_5,no_load
6.007651,0.0,-0.0879,0.0688,-0.1567,0.0,-0.000,step_5,no_load
6.017806,0.0,-0.0879,0.0688,-0.1567,0.0,-0.000,step_5,no_load
6.027934,0.0,-0.0879,0.0688,-0.1567,0.0,-0.000,step_5,no_load
6.038884,4.8955,-0.0879,0.0688,-0.1567,0.0,-0.000,step_5,no_load
6.049489,4.8955,-0.0879,0.0688,-0.1567,0.0,-0.000,step_5,no_load
6.059636,4.8955,-0.0879,0.0688,-0.1567,0.0,-0.000,step_5,no_load
6.070225,4.8955,-0.0879,0.0688,-0.1567,0.0,-0.000,step_5,no_load
6.080766,4.8955,-0.0879,0.0688,-0.1567,0.0,-0.000,step_5,no_load
6.091401,4.8955,0.0879,0.0688,0.0191,16.53,-0.000,step_5,no_load
6.102537,4.8955,0.4395,0.0688,0.3707,31.573,-0.000,step_5,no_load
6.113397,4.8955,0.8789,0.4235,0.4554,40.46,35.473,step_5,no_load
6.124481,4.8955,1.4063,1.0877,0.3186,47.582,66.426,step_5,no_load
6.135114,4.8955,1.9336,1.9433,-0.0097,49.591,57.035,step_5,no_load
6.146142,4.8955,2.4609,2.4070,0.0539,47.815,46.376,step_5,no_load
6.156762,4.8955,3.0762,2.7995,0.2767,57.938,39.244,step_5,no_load
6.167398,4.8955,3.6035,3.1315,0.4720,49.577,33.204,step_5,no_load
6.177704,4.8955,3.7793,3.4124,0.3669,17.058,28.093,step_5,no_load
6.188309,4.8955,3.8672,3.6501,0.2171,8.289,23.769,step_5,no_load
6.19841,4.8955,4.0430,3.8512,0.1918,17.404,20.110,step_5,no_load
6.208987,4.8955,4.1309,4.0214,0.1095,8.31,17.015,step_5,no_load
6.219073,4.8955,4.2188,4.1653,0.0535,8.715,14.396,step_5,no_load
6.229997,4.8955,4.3066,4.2871,0.0195,8.037,12.180,step_5,no_load
6.240794,4.8955,4.3066,4.4356,-0.1290,0.0,9.898,step_5,no_load
6.251432,4.8955,4.3066,4.5158,-0.2092,0.0,8.020,step_5,no_load
6.262252,4.8955,4.2188,4.5837,-0.3649,-8.115,6.786,step_5,no_load
6.272936,4.8955,4.1309,4.6411,-0.5102,-8.227,5.741,step_5,no_load
6.283117,4.8955,4.1309,4.6897,-0.5588,0.0,4.858,step_5,no_load
6.293734,4.8955,4.1309,4.7308,-0.5999,0.0,4.110,step_5,no_load
6.304798,4.8955,4.1309,4.7655,-0.6346,0.0,3.478,step_5,no_load
6.31543,4.8955,4.2188,4.8079,-0.5891,8.267,2.826,step_5,no_load
6.325552,4.8955,4.2188,4.8308,-0.6120,0.0,2.290,step_5,no_load
6.33618,4.8955,4.3066,4.8502,-0.5436,8.261,1.937,step_5,no_load
6.346689,4.8955,4.3066,4.8666,-0.5600,0.0,1.639,step_5,no_load
6.357273,4.8955,4.3066,4.8805,-0.5739,0.0,1.387,step_5,no_load
6.367393,4.8955,4.3945,4.8922,-0.4977,8.686,1.174,step_5,no_load
6.377815,4.8955,4.3945,4.9021,-0.5076,0.0,0.993,step_5,no_load
6.388215,4.8955,4.3945,4.9105,-0.5160,0.0,0.840,step_5,no_load
6.398855,4.8955,4.3945,4.9176,-0.5231,0.0,0.711,step_5,no_load
6.409066,4.8955,4.4824,4.9237,-0.4413,8.608,0.601,step_5,no_load
6.41965,4.8955,4.4824,4.9287,-0.4463,0.0,0.509,step_5,no_load
6.430744,4.8955,4.4824,4.9349,-0.4525,0.0,0.413,step_5,no_load
6.441234,4.8955,4.4824,4.9383,-0.4559,0.0,0.335,step_5,no_load
6.451412,4.8955,4.4824,4.9411,-0.4587,0.0,0.284,step_5,no_load
6.461474,4.8955,4.4824,4.9436,-0.4612,0.0,0.244,step_5,no_load
6.472535,4.8955,4.4824,4.9457,-0.4633,0.0,0.211,step_5,no_load
6.483163,4.8955,4.4824,4.9475,-0.4651,0.0,0.184,step_5,no_load
6.494215,4.8955,4.4824,4.9491,-0.4667,0.0,0.161,step_5,no_load
6.504595,4.8955,4.4824,4.9505,-0.4681,0.0,0.142,step_5,no_load
6.514713,4.8955,4.4824,4.9518,-0.4694,0.0,0.126,step_5,no_load
6.525344,4.8955,4.4824,4.9535,-0.4711,0.0,0.110,step_5,no_load
6.536312,4.8955,4.4824,4.9544,-0.4720,0.0,0.096,step_5,no_load
6.546408,4.8955,4.4824,4.9553,-0.4729,0.0,0.086,step_5,no_load
6.5575,4.8955,4.4824,4.9561,-0.4737,0.0,0.078,step_5,no_load
6.568061,4.8955,4.4824,4.9568,-0.4744,0.0,0.070,step_5,no_load
6.579124,4.8955,4.4824,4.9574,-0.4750,0.0,0.064,step_5,no_load
6.58971,4.8955,4.4824,4.9580,-0.4756,0.0,0.058,step_5,no_load
6.599861,4.8955,4.4824,4.9585,-0.4761,0.0,0.053,step_5,no_load
6.610455,4.8955,4.4824,4.9592,-0.4768,0.0,0.047,step_5,no_load
6.621039,4.8955,4.4824,4.9596,-0.4772,0.0,0.042,step_5,no_load
6.631347,4.8955,4.4824,4.9600,-0.4776,0.0,0.038,step_5,no_load
6.642027,4.8955,4.4824,4.9604,-0.4780,0.0,0.035,step_5,no_load
6.653115,4.8955,4.4824,4.9607,-0.4783,0.0,0.032,step_5,no_load
6.66325,4.8955,4.4824,4.9610,-0.4786,0.0,0.029,step_5,no_load
6.673375,4.8955,4.4824,4.9612,-0.4788,0.0,0.027,step_5,no_load
6.684003,4.8955,4.4824,4.9615,-0.4791,0.0,0.024,step_5,no_load
6.694991,4.8955,4.4824,4.9617,-0.4793,0.0,0.022,step_5,no_load
6.705625,4.8955,4.4824,4.9620,-0.4796,0.0,0.020,step_5,no_load
6.715788,4.8955,4.4824,4.9622,-0.4798,0.0,0.018,step_5,no_load
6.726391,4.8955,4.4824,4.9623,-0.4799,0.0,0.016,step_5,no_load
6.737477,4.8955,4.4824,4.9625,-0.4801,0.0,0.015,step_5,no_load
6.74812,4.8955,4.4824,4.9626,-0.4802,0.0,0.014,step_5,no_load
6.759143,4.8955,4.4824,4.9628,-0.4804,0.0,0.013,step_5,no_load
6.769781,4.8955,4.4824,4.9629,-0.4805,0.0,0.012,step_5,no_load
6.780751,4.8955,4.4824,4.9630,-0.4806,0.0,0.010,step_5,no_load
6.791519,4.8955,4.4824,4.9631,-0.4807,0.0,0.009,step_5,no_load
6.802554,4.8955,4.4824,4.9632,-0.4808,0.0,0.009,step_5,no_load
6.813537,4.8955,4.4824,4.9633,-0.4809,0.0,0.008,step_5,no_load
6.82453,4.8955,4.4824,4.9634,-0.4810,0.0,0.007,step_5,no_load
6.835517,4.8955,4.4824,4.9635,-0.4811,0.0,0.006,step_5,no_load
6.846601,4.8955,4.4824,4.9635,-0.4811,0.0,0.006,step_5,no_load
6.856684,4.8955,4.4824,4.9636,-0.4812,0.0,0.005,step_5,no_load
6.867589,4.8955,4.4824,4.9636,-0.4812,0.0,0.005,step_5,no_load
6.877838,4.8955,4.4824,4.9637,-0.4813,0.0,0.005,step_5,no_load
6.888466,4.8955,4.4824,4.9637,-0.4813,0.0,0.004,step_5,no_load
6.899601,4.8955,4.4824,4.9637,-0.4813,0.0,0.004,step_5,no_load
6.91024,4.8955,4.4824,4.9638,-0.4814,0.0,0.003,step_5,no_load
6.921254,4.8955,4.4824,4.9638,-0.4814,0.0,0.003,step_5,no_load
6.932194,4.8955,4.4824,4.9639,-0.4815,0.0,0.003,step_5,no_load
6.943217,4.8955,4.4824,4.9639,-0.4815,0.0,0.003,step_5,no_load
6.953846,4.8955,4.4824,4.9639,-0.4815,0.0,0.002,step_5,no_load
6.964923,4.8955,4.4824,4.9639,-0.4815,0.0,0.002,step_5,no_load
6.975554,4.8955,4.4824,4.9640,-0.4816,0.0,0.002,step_5,no_load
6.986167,4.8955,4.4824,4.9640,-0.4816,0.0,0.002,step_5,no_load
6.996751,4.8955,4.4824,4.9640,-0.4816,0.0,0.002,step_5,no_load
7.007353,4.8955,4.4824,4.9640,-0.4816,0.0,0.001,step_5,no_load
7.017932,4.8955,4.4824,4.9640,-0.4816,0.0,0.001,step_5,no_load
7.027993,4.8955,4.4824,4.9640,-0.4816,0.0,0.001,step_5,no_load
7.039064,4.8955,4.4824,4.9640,-0.4816,0.0,0.001,step_5,no_load
7.049661,4.8955,4.4824,4.9641,-0.4817,0.0,0.001,step_5,no_load
7.060894,4.8955,4.4824,4.9641,-0.4817,0.0,0.001,step_5,no_load
7.071265,4.8955,4.4824,4.9641,-0.4817,0.0,0.001,step_5,no_load
7.081755,4.8955,4.4824,4.9641,-0.4817,0.0,0.001,step_5,no_load
7.092058,4.8955,4.4824,4.9641,-0.4817,0.0,0.001,step_5,no_load
7.102711,4.8955,4.4824,4.9641,-0.4817,0.0,0.001,step_5,no_load
7.113212,4.8955,4.4824,4.9641,-0.4817,0.0,0.001,step_5,no_load
7.123331,4.8955,4.4824,4.9641,-0.4817,0.0,0.001,step_5,no_load
7.133935,4.8955,4.4824,4.9641,-0.4817,0.0,0.001,step_5,no_load
7.144186,4.8955,4.4824,4.9641,-0.4817,0.0,0.000,step_5,no_load
7.154766,4.8955,4.4824,4.9641,-0.4817,0.0,0.000,step_5,no_load
7.164827,4.8955,4.4824,4.9641,-0.4817,0.0,0.000,step_5,no_load
7.175457,4.8955,4.4824,4.9641,-0.4817,0.0,0.000,step_5,no_load
7.185573,4.8955,4.4824,4.9641,-0.4817,0.0,0.000,step_5,no_load
7.1964,4.8955,4.4824,4.9641,-0.4817,0.0,0.000,step_5,no_load
7.206511,4.8955,4.4824,4.9641,-0.4817,0.0,0.000,step_5,no_load
7.2171,4.8955,4.4824,4.9641,-0.4817,0.0,0.000,step_5,no_load
7.227215,4.8955,4.4824,4.9641,-0.4817,0.0,0.000,step_5,no_load
7.23783,4.8955,4.4824,4.9641,-0.4817,0.0,0.000,step_5,no_load
7.248519,0.0,4.4824,4.9641,-0.4817,0.0,0.000,step_5,no_load
7.259146,0.0,4.4824,4.9642,-0.4818,0.0,0.000,step_5,no_load
7.270237,0.0,4.4824,4.9642,-0.4818,0.0,0.000,step_5,no_load
7.280836,0.0,4.4824,4.9642,-0.4818,0.0,0.000,step_5,no_load
7.291946,0.0,4.4824,4.9642,-0.4818,0.0,0.000,step_5,no_load
7.302578,0.0,4.3945,4.9642,-0.5697,-8.267,0.000,step_5,no_load
7.313711,0.0,4.2188,4.9642,-0.7454,-15.782,0.000,step_5,no_load
7.324561,0.0,3.7793,4.7108,-0.9315,-40.507,-25.336,step_5,no_load
7.335613,0.0,3.1641,3.8477,-0.6836,-55.664,-57.540,step_5,no_load
7.346488,0.0,2.6367,3.2707,-0.6340,-48.497,-57.695,step_5,no_load
7.357089,0.0,2.1973,2.7794,-0.5821,-41.449,-49.140,step_5,no_load
7.367298,0.0,1.7578,2.3633,-0.6055,-43.05,-41.601,step_5,no_load
7.377706,0.0,1.1426,2.0113,-0.8687,-59.108,-35.200,step_5,no_load
7.388156,0.0,0.8789,1.7135,-0.8346,-25.234,-29.783,step_5,no_load
7.398785,0.0,0.7910,1.4615,-0.6705,-8.27,-25.199,step_5,no_load
7.409901,0.0,0.7031,1.2483,-0.5452,-7.908,-21.320,step_5,no_load
7.420497,0.0,0.6152,0.9884,-0.3732,-8.296,-17.326,step_5,no_load
7.431196,0.0,0.4395,0.8480,-0.4085,-16.422,-14.039,step_5,no_load
7.441837,0.0,0.4395,0.7293,-0.2898,0.0,-11.878,step_5,no_load
7.451924,0.0,0.3516,0.6288,-0.2772,-8.714,-10.050,step_5,no_load
7.463023,0.0,0.3516,0.5437,-0.1921,0.0,-8.503,step_5,no_load
7.473993,0.0,0.4395,0.4718,-0.0323,8.013,-7.195,step_5,no_load
7.484572,0.0,0.5273,0.4109,0.1164,8.299,-6.087,step_5,no_load
7.495619,0.0,0.6152,0.3367,0.2785,7.957,-4.947,step_5,no_load
7.506227,0.0,0.6152,0.2966,0.3186,0.0,-4.009,step_5,no_load
7.516747,0.0,0.6152,0.2627,0.3525,0.0,-3.392,step_5,no_load
7.527402,0.0,0.4395,0.2340,0.2055,-16.49,-2.870,step_5,no_load
7.537772,0.0,0.2637,0.2097,0.0540,-16.953,-2.428,step_5,no_load
7.548146,0.0,0.0000,0.1892,-0.1892,-25.419,-2.054,step_5,no_load
7.558253,0.0,-0.0879,0.1718,-0.2597,-8.697,-1.738,step_5,no_load
7.568838,0.0,-0.0879,0.1571,-0.2450,0.0,-1.471,step_5,no_load
7.579951,0.0,-0.1758,0.1446,-0.3204,-7.91,-1.244,step_5,no_load
7.590337,0.0,-0.1758,0.1295,-0.3053,0.0,-1.011,step_5,no_load
7.600404,0.0,-0.1758,0.1213,-0.2971,0.0,-0.820,step_5,no_load
7.61052,0.0,-0.1758,0.1143,-0.2901,0.0,-0.693,step_5,no_load
7.620678,0.0,-0.0879,0.1085,-0.1964,8.653,-0.587,step_5,no_load
7.631136,0.0,0.0000,0.1035,-0.1035,8.405,-0.496,step_5,no_load
7.64223,0.0,0.0879,0.0993,-0.0114,7.923,-0.420,step_5,no_load
7.652774,0.0,0.0879,0.0957,-0.0078,0.0,-0.355,step_5,no_load
7.663784,0.0,0.0879,0.0927,-0.0048,0.0,-0.301,step_5,no_load
7.674416,0.0,0.0000,0.0902,-0.0902,-8.267,-0.257,step_5,no_load
7.684562,0.0,-0.0879,0.0879,-0.1758,-8.664,-0.222,step_5,no_load
7.694641,0.0,-0.0879,0.0860,-0.1739,0.0,-0.193,step_5,no_load
7.70558,0.0,-0.0879,0.0836,-0.1715,0.0,-0.164,step_5,no_load
7.71623,0.0,-0.0879,0.0822,-0.1701,0.0,-0.140,step_5,no_load
7.726383,0.0,-0.0879,0.0809,-0.1688,0.0,-0.124,step_5,no_load
7.737192,0.0,-0.0879,0.0798,-0.1677,0.0,-0.111,step_5,no_load
7.74804,0.0,-0.0879,0.0788,-0.1667,0.0,-0.100,step_5,no_load
7.758182,0.0,-0.0879,0.0779,-0.1658,0.0,-0.089,step_5,no_load
7.76928,0.0,-0.0879,0.0771,-0.1650,0.0,-0.081,step_5,no_load
7.779698,0.0,-0.0879,0.0764,-0.1643,0.0,-0.073,step_5,no_load
7.7898,0.0,-0.0879,0.0757,-0.1636,0.0,-0.066,step_5,no_load
7.800552,0.0,-0.0879,0.0748,-0.1627,0.0,-0.058,step_5,no_load
7.811514,0.0,-0.0879,0.0743,-0.1622,0.0,-0.052,step_5,no_load
7.822576,0.0,-0.0879,0.0739,-0.1618,0.0,-0.047,step_5,no_load
7.833566,0.0,-0.0879,0.0734,-0.1613,0.0,-0.043,step_5,no_load
7.844506,0.0,-0.0879,0.0730,-0.1609,0.0,-0.039,step_5,no_load
7.854932,0.0,-0.0879,0.0727,-0.1606,0.0,-0.036,step_5,no_load
7.865557,0.0,-0.0879,0.0722,-0.1601,0.0,-0.032,step_5,no_load
7.876305,0.0,-0.0879,0.0719,-0.1598,0.0,-0.029,step_5,no_load
7.886947,0.0,-0.0879,0.0716,-0.1595,0.0,-0.026,step_5,no_load
7.898002,0.0,-0.0879,0.0714,-0.1593,0.0,-0.024,step_5,no_load
7.90861,0.0,-0.0879,0.0712,-0.1591,0.0,-0.022,step_5,no_load
7.919231,0.0,-0.0879,0.0710,-0.1589,0.0,-0.020,step_5,no_load
7.929441,0.0,-0.0879,0.0708,-0.1587,0.0,-0.018,step_5,no_load
7.939538,0.0,-0.0879,0.0706,-0.1585,0.0,-0.017,step_5,no_load
7.950535,0.0,-0.0879,0.0704,-0.1583,0.0,-0.015,step_5,no_load
7.961563,0.0,-0.0879,0.0703,-0.1582,0.0,-0.014,step_5,no_load
7.972157,0.0,-0.0879,0.0701,-0.1580,0.0,-0.012,step_5,no_load
7.983213,0.0,-0.0879,0.0700,-0.1579,0.0,-0.011,step_5,no_load
7.994029,0.0,-0.0879,0.0699,-0.1578,0.0,-0.010,step_5,no_load
8.004427,0.0,-0.0879,0.0698,-0.1577,0.0,-0.010,step_5,no_load
8.015449,0.0,-0.0879,0.0697,-0.1576,0.0,-0.009,step_5,no_load
8.025618,0.0,-0.0879,0.0696,-0.1575,0.0,-0.008,step_5,no_load
8.036214,0.0,-0.0879,0.0695,-0.1574,0.0,-0.007,step_5,no_load
8.046802,0.0,-0.0879,0.0695,-0.1574,0.0,-0.007,step_5,no_load
8.057389,0.0,-0.0879,0.0694,-0.1573,0.0,-0.006,step_5,no_load
8.067482,0.0,-0.0879,0.0694,-0.1573,0.0,-0.005,step_5,no_load
8.077558,0.0,-0.0879,0.0693,-0.1572,0.0,-0.005,step_5,no_load
8.087771,0.0,-0.0879,0.0693,-0.1572,0.0,-0.005,step_5,no_load
8.098357,0.0,-0.0879,0.0692,-0.1571,0.0,-0.004,step_5,no_load
8.10913,0.0,-0.0879,0.0692,-0.1571,0.0,-0.004,step_5,no_load
8.119729,0.0,-0.0879,0.0692,-0.1571,0.0,-0.004,step_5,no_load
8.129827,0.0,-0.0879,0.0691,-0.1570,0.0,-0.003,step_5,no_load
8.140373,0.0,-0.0879,0.0691,-0.1570,0.0,-0.003,step_5,no_load
8.150438,0.0,-0.0879,0.0691,-0.1570,0.0,-0.003,step_5,no_load
8.160628,0.0,-0.0879,0.0690,-0.1569,0.0,-0.002,step_5,no_load
8.171329,0.0,-0.0879,0.0690,-0.1569,0.0,-0.002,step_5,no_load
8.181906,0.0,-0.0879,0.0690,-0.1569,0.0,-0.002,step_5,no_load
8.192035,0.0,-0.0879,0.0690,-0.1569,0.0,-0.002,step_5,no_load
8.202648,0.0,-0.0879,0.0689,-0.1568,0.0,-0.002,step_5,no_load
8.213672,0.0,-0.0879,0.0689,-0.1568,0.0,-0.002,step_5,no_load
8.224309,0.0,-0.0879,0.0689,-0.1568,0.0,-0.001,step_5,no_load
8.235387,0.0,-0.0879,0.0689,-0.1568,0.0,-0.001,step_5,no_load
8.246295,0.0,-0.0879,0.0689,-0.1568,0.0,-0.001,step_5,no_load
8.256957,0.0,-0.0879,0.0689,-0.1568,0.0,-0.001,step_5,no_load
8.26754,0.0,-0.0879,0.0689,-0.1568,0.0,-0.001,step_5,no_load
8.278308,0.0,-0.0879,0.0689,-0.1568,0.0,-0.001,step_5,no_load
8.288981,0.0,-0.0879,0.0688,-0.1567,0.0,-0.001,step_5,no_load
8.299198,0.0,-0.0879,0.0688,-0.1567,0.0,-0.001,step_5,no_load
8.309742,0.0,-0.0879,0.0688,-0.1567,0.0,-0.001,step_5,no_load
8.320638,0.0,-0.0879,0.0688,-0.1567,0.0,-0.001,step_5,no_load
8.331219,0.0,-0.0879,0.0688,-0.1567,0.0,-0.001,step_5,no_load
8.341393,0.0,-0.0879,0.0688,-0.1567,0.0,-0.001,step_5,no_load
8.351997,0.0,-0.0879,0.0688,-0.1567,0.0,-0.000,step_5,no_load
8.363191,0.0,-0.0879,0.0688,-0.1567,0.0,-0.000,step_5,no_load
8.373874,0.0,-0.0879,0.0688,-0.1567,0.0,-0.000,step_5,no_load
8.384729,0.0,-0.0879,0.0688,-0.1567,0.0,-0.000,step_5,no_load
8.395371,0.0,-0.0879,0.0688,-0.1567,0.0,-0.000,step_5,no_load
8.40625,0.0,-0.0879,0.0688,-0.1567,0.0,-0.000,step_5,no_load
8.416901,0.0,-0.0879,0.0688,-0.1567,0.0,-0.000,step_5,no_load
8.427392,0.0,-0.0879,0.0688,-0.1567,0.0,-0.000,step_5,no_load
8.43796,0.0,-0.0879,0.0688,-0.1567,0.0,-0.000,step_5,no_load
8.449158,4.8955,-0.0879,0.0688,-0.1567,0.0,-0.000,step_5,no_load
8.45983,4.8955,-0.0879,0.0688,-0.1567,0.0,-0.000,step_5,no_load
8.470715,4.8955,-0.0879,0.0688,-0.1567,0.0,-0.000,step_5,no_load
8.481349,4.8955,-0.0879,0.0688,-0.1567,0.0,-0.000,step_5,no_load
8.491947,4.8955,0.0000,0.0688,-0.0688,8.294,-0.000,step_5,no_load
8.50256,4.8955,0.1758,0.0688,0.1070,16.565,-0.000,step_5,no_load
8.512833,4.8955,0.5273,0.0688,0.4585,34.216,-0.000,step_5,no_load
8.522925,4.8955,0.9668,0.4235,0.5433,43.549,35.473,step_5,no_load
8.533503,4.8955,1.4063,1.0878,0.3185,41.548,66.426,step_5,no_load
8.543716,4.8955,1.9336,1.6808,0.2528,51.63,59.305,step_5,no_load
8.554255,4.8955,2.4609,2.1848,0.2761,50.033,50.402,step_5,no_load
8.564342,4.8955,2.9883,2.6114,0.3769,52.285,42.663,step_5,no_load
8.574928,4.8955,3.5156,2.9724,0.5432,49.811,36.098,step_5,no_load
8.585531,4.8955,3.6914,3.4124,0.2790,16.58,29.334,step_5,no_load
8.596275,4.8955,3.8672,3.6501,0.2171,16.363,23.769,step_5,no_load
8.60686,4.8955,3.9551,3.8512,0.1039,8.304,20.110,step_5,no_load
8.61759,4.8955,4.0430,4.0214,0.0216,8.192,17.015,step_5,no_load
8.627659,4.8955,4.1309,4.1653,-0.0344,8.73,14.396,step_5,no_load
8.637775,4.8955,4.2188,4.2871,-0.0683,8.689,12.180,step_5,no_load
8.648232,4.8955,4.2188,4.3902,-0.1714,0.0,10.305,step_5,no_load
8.658381,4.8955,4.2188,4.4774,-0.2586,0.0,8.719,step_5,no_load
8.668965,4.8955,4.1309,4.5512,-0.4203,-8.305,7.377,step_5,no_load
8.679162,4.8955,4.0430,4.6136,-0.5706,-8.62,6.242,step_5,no_load
8.689682,4.8955,4.0430,4.6664,-0.6234,0.0,5.281,step_5,no_load
8.700738,4.8955,4.0430,4.7308,-0.6878,0.0,4.292,step_5,no_load
8.710803,4.8955,4.1309,4.7655,-0.6346,8.733,3.478,step_5,no_load
8.721331,4.8955,4.2188,4.7950,-0.5762,8.349,2.942,step_5,no_load
8.731916,4.8955,4.2188,4.8199,-0.6011,0.0,2.489,step_5,no_load
8.742493,4.8955,4.3066,4.8409,-0.5343,8.301,2.106,step_5,no_load
8.753011,4.8955,4.3066,4.8587,-0.5521,0.0,1.782,step_5,no_load
8.763604,4.8955,4.3066,4.8738,-0.5672,0.0,1.508,step_5,no_load
8.773677,4.8955,4.3945,4.8866,-0.4921,8.726,1.276,step_5,no_load
8.784258,4.8955,4.3945,4.8974,-0.5029,0.0,1.079,step_5,no_load
8.79535,4.8955,4.3945,4.9105,-0.5160,0.0,0.877,step_5,no_load
8.8062,4.8955,4.3945,4.9176,-0.5231,0.0,0.711,step_5,no_load
8.817181,4.8955,4.3945,4.9237,-0.5292,0.0,0.601,step_5,no_load
8.828157,4.8955,4.3945,4.9287,-0.5342,0.0,0.509,step_5,no_load
8.83918,4.8955,4.3945,4.9330,-0.5385,0.0,0.430,step_5,no_load
8.849783,4.8955,4.3945,4.9367,-0.5422,0.0,0.364,step_5,no_load
8.859896,4.8955,4.3945,4.9398,-0.5453,0.0,0.308,step_5,no_load
8.870521,4.8955,4.3945,4.9436,-0.5491,0.0,0.253,step_5,no_load
8.880622,4.8955,4.3945,4.9457,-0.5512,0.0,0.211,step_5,no_load
8.891255,4.8955,4.3945,4.9475,-0.5530,0.0,0.184,step_5,no_load
8.901839,4.8955,4.3945,4.9491,-0.5546,0.0,0.161,step_5,no_load
8.912408,4.8955,4.3945,4.9505,-0.5560,0.0,0.142,step_5,no_load
8.923009,4.8955,4.3945,4.9518,-0.5573,0.0,0.126,step_5,no_load
8.934096,4.8955,4.3945,4.9529,-0.5584,0.0,0.113,step_5,no_load
8.944476,4.8955,4.3945,4.9539,-0.5594,0.0,0.101,step_5,no_load
8.955228,4.8955,4.3945,4.9553,-0.5608,0.0,0.088,step_5,no_load
8.966241,4.8955,4.3945,4.9561,-0.5616,0.0,0.078,step_5,no_load
8.976906,4.8955,4.3945,4.9568,-0.5623,0.0,0.070,step_5,no_load
8.987793,4.8955,4.3945,4.9574,-0.5629,0.0,0.064,step_5,no_load
8.998417,4.8955,4.3945,4.9580,-0.5635,0.0,0.058,step_5,no_load
9.008521,4.8955,4.3945,4.9585,-0.5640,0.0,0.053,step_5,no_load
9.019027,4.8955,4.3945,4.9590,-0.5645,0.0,0.048,step_5,no_load
9.030049,4.8955,4.3945,4.9596,-0.5651,0.0,0.043,step_5,no_load
9.040675,4.8955,4.3945,4.9600,-0.5655,0.0,0.038,step_5,no_load
9.050799,4.8955,4.3945,4.9604,-0.5659,0.0,0.035,step_5,no_load
9.060861,4.8955,4.3945,4.9607,-0.5662,0.0,0.032,step_5,no_load
9.071854,4.8955,4.3945,4.9610,-0.5665,0.0,0.029,step_5,no_load
9.082281,4.8955,4.3945,4.9612,-0.5667,0.0,0.027,step_5,no_load
9.092994,4.8955,4.3945,4.9615,-0.5670,0.0,0.024,step_5,no_load
9.103621,4.8955,4.3945,4.9617,-0.5672,0.0,0.022,step_5,no_load
9.11441,4.8955,4.3945,4.9619,-0.5674,0.0,0.020,step_5,no_load
9.125089,4.8955,4.3945,4.9622,-0.5677,0.0,0.018,step_5,no_load
9.135991,4.8955,4.3945,4.9623,-0.5678,0.0,0.016,step_5,no_load
9.146423,4.8955,4.3945,4.9625,-0.5680,0.0,0.015,step_5,no_load
9.157556,4.8955,4.3945,4.9626,-0.5681,0.0,0.014,step_5,no_load
9.168187,4.8955,4.3945,4.9628,-0.5683,0.0,0.013,step_5,no_load
9.17928,4.8955,4.3945,4.9629,-0.5684,0.0,0.012,step_5,no_load
9.189911,4.8955,4.3945,4.9630,-0.5685,0.0,0.011,step_5,no_load
9.200957,4.8955,4.3945,4.9631,-0.5686,0.0,0.010,step_5,no_load
9.212334,4.8955,4.3945,4.9632,-0.5687,0.0,0.009,step_5,no_load
9.222566,4.8955,4.3945,4.9633,-0.5688,0.0,0.008,step_5,no_load
9.232917,4.8955,4.3945,4.9634,-0.5689,0.0,0.007,step_5,no_load
9.243675,4.8955,4.3945,4.9634,-0.5689,0.0,0.007,step_5,no_load
9.25427,4.8955,4.3945,4.9635,-0.5690,0.0,0.006,step_5,no_load
9.264418,4.8955,4.3945,4.9635,-0.5690,0.0,0.006,step_5,no_load
9.27503,4.8955,4.3945,4.9636,-0.5691,0.0,0.005,step_5,no_load
9.285182,4.8955,4.3945,4.9637,-0.5692,0.0,0.005,step_5,no_load
9.295862,4.8955,4.3945,4.9637,-0.5692,0.0,0.004,step_5,no_load
9.305972,4.8955,4.3945,4.9637,-0.5692,0.0,0.004,step_5,no_load
9.3166,4.8955,4.3945,4.9638,-0.5693,0.0,0.003,step_5,no_load
9.327279,4.8955,4.3945,4.9638,-0.5693,0.0,0.003,step_5,no_load
9.33831,4.8955,4.3945,4.9638,-0.5693,0.0,0.003,step_5,no_load
9.349312,4.8955,4.3945,4.9639,-0.5694,0.0,0.003,step_5,no_load
9.360038,4.8955,4.3945,4.9639,-0.5694,0.0,0.002,step_5,no_load
9.370558,4.8955,4.3945,4.9639,-0.5694,0.0,0.002,step_5,no_load
9.381055,4.8955,4.3945,4.9639,-0.5694,0.0,0.002,step_5,no_load
9.391607,4.8955,4.3945,4.9640,-0.5695,0.0,0.002,step_5,no_load
9.402232,4.8955,4.3945,4.9640,-0.5695,0.0,0.002,step_5,no_load
9.412313,4.8955,4.3945,4.9640,-0.5695,0.0,0.002,step_5,no_load
9.422891,4.8955,4.3945,4.9640,-0.5695,0.0,0.001,step_5,no_load
9.433493,4.8955,4.3945,4.9640,-0.5695,0.0,0.001,step_5,no_load
9.443699,4.8955,4.3945,4.9640,-0.5695,0.0,0.001,step_5,no_load
9.454607,4.8955,4.3945,4.9640,-0.5695,0.0,0.001,step_5,no_load
9.46524,4.8955,4.3945,4.9641,-0.5696,0.0,0.001,step_5,no_load
9.475384,4.8955,4.3945,4.9641,-0.5696,0.0,0.001,step_5,no_load
9.486021,4.8955,4.3945,4.9641,-0.5696,0.0,0.001,step_5,no_load
9.496219,4.8955,4.3945,4.9641,-0.5696,0.0,0.001,step_5,no_load
9.506777,4.8955,4.3945,4.9641,-0.5696,0.0,0.001,step_5,no_load
9.516946,4.8955,4.3945,4.9641,-0.5696,0.0,0.001,step_5,no_load
9.527074,4.8955,4.3945,4.9641,-0.5696,0.0,0.001,step_5,no_load
9.538099,4.8955,4.3945,4.9641,-0.5696,0.0,0.001,step_5,no_load
9.548682,4.8955,4.3945,4.9641,-0.5696,0.0,0.000,step_5,no_load
9.558804,4.8955,4.3945,4.9641,-0.5696,0.0,0.000,step_5,no_load
9.569414,4.8955,4.3945,4.9641,-0.5696,0.0,0.000,step_5,no_load
9.579989,4.8955,4.3945,4.9641,-0.5696,0.0,0.000,step_5,no_load
9.590567,4.8955,4.3945,4.9641,-0.5696,0.0,0.000,step_5,no_load
9.60157,4.8955,4.3945,4.9641,-0.5696,0.0,0.000,step_5,no_load
9.612612,4.8955,4.3945,4.9641,-0.5696,0.0,0.000,step_5,no_load
9.622673,4.8955,4.3945,4.9641,-0.5696,0.0,0.000,step_5,no_load
9.633264,4.8955,4.3945,4.9641,-0.5696,0.0,0.000,step_5,no_load
9.644132,4.8955,4.3945,4.9641,-0.5696,0.0,0.000,step_5,no_load
9.655225,0.0,4.3945,4.9641,-0.5696,0.0,0.000,step_5,no_load
9.665767,0.0,4.3945,4.9642,-0.5697,0.0,0.000,step_5,no_load
9.676235,0.0,4.3945,4.9642,-0.5697,0.0,0.000,step_5,no_load
9.686873,0.0,4.3945,4.9642,-0.5697,0.0,0.000,step_5,no_load
9.69699,0.0,4.3066,4.9642,-0.6576,-8.688,0.000,step_5,no_load
9.707567,0.0,4.3066,4.9642,-0.6576,0.0,0.000,step_5,no_load
9.71865,0.0,4.1309,4.9642,-0.8333,-15.853,0.000,step_5,no_load
9.729665,0.0,3.6914,4.8772,-1.1858,-39.9,-8.700,step_5,no_load
9.739779,0.0,3.1641,4.4713,-1.3072,-52.136,-40.588,step_5,no_load
9.750291,0.0,2.6367,3.5483,-0.9116,-50.171,-61.533,step_5,no_load
9.761064,0.0,2.1973,3.0149,-0.8176,-40.787,-53.342,step_5,no_load
9.771696,0.0,1.7578,2.5627,-0.8049,-41.337,-45.221,step_5,no_load
9.781833,0.0,1.2305,2.1800,-0.9495,-52.017,-38.268,step_5,no_load
9.79259,0.0,0.7910,1.8562,-1.0652,-40.857,-32.379,step_5,no_load
9.803618,0.0,0.7031,1.5823,-0.8792,-7.971,-27.395,step_5,no_load
9.814538,0.0,0.7031,1.3505,-0.6474,0.0,-23.179,step_5,no_load
9.824597,0.0,0.5273,1.1544,-0.6271,-17.477,-19.611,step_5,no_load
9.835564,0.0,0.4395,0.9153,-0.4758,-8.006,-15.937,step_5,no_load
9.845833,0.0,0.3516,0.7862,-0.4346,-8.56,-12.913,step_5,no_load
9.856984,0.0,0.3516,0.6769,-0.3253,0.0,-10.926,step_5,no_load
9.867328,0.0,0.2637,0.5845,-0.3208,-8.498,-9.244,step_5,no_load
9.877641,0.0,0.2637,0.5062,-0.2425,0.0,-7.822,step_5,no_load
9.888204,0.0,0.4395,0.4401,-0.0006,16.643,-6.618,step_5,no_load
9.898361,0.0,0.5273,0.3841,0.1432,8.644,-5.599,step_5,no_load
9.908939,0.0,0.5273,0.3367,0.1906,0.0,-4.738,step_5,no_load
9.919052,0.0,0.5273,0.2966,0.2307,0.0,-4.009,step_5,no_load
9.929582,0.0,0.4395,0.2627,0.1768,-8.338,-3.392,step_5,no_load
9.940227,0.0,0.2637,0.2213,0.0424,-16.515,-2.756,step_5,no_load
9.951277,0.0,0.0879,0.1990,-0.1111,-15.91,-2.233,step_5,no_load
9.96225,0.0,0.0879,0.1801,-0.0922,0.0,-1.890,step_5,no_load
9.972332,0.0,0.0879,0.1641,-0.0762,0.0,-1.599,step_5,no_load
9.982915,0.0,0.0879,0.1506,-0.0627,0.0,-1.353,step_5,no_load
9.992956,0.0,0.0879,0.1391,-0.0512,0.0,-1.145,step_5,no_load
10.003537,0.0,0.0879,0.1295,-0.0416,0.0,-0.969,step_5,no_load
10.01369,0.0,0.0879,0.1213,-0.0334,0.0,-0.820,step_5,no_load
10.024619,0.0,0.0879,0.1143,-0.0264,0.0,-0.693,step_5,no_load
10.035179,0.0,0.1758,0.1059,0.0699,8.324,-0.564,step_5,no_load
10.045673,0.0,0.1758,0.1013,0.0745,0.0,-0.457,step_5,no_load
10.056748,0.0,0.1758,0.0975,0.0783,0.0,-0.386,step_5,no_load
10.067374,0.0,0.1758,0.0942,0.0816,0.0,-0.327,step_5,no_load
10.078364,0.0,0.1758,0.0914,0.0844,0.0,-0.278,step_5,no_load
10.088942,0.0,0.0879,0.0890,-0.0011,-8.31,-0.238,step_5,no_load
10.099012,0.0,0.0879,0.0870,0.0009,0.0,-0.207,step_5,no_load
10.109592,0.0,0.0879,0.0852,0.0027,0.0,-0.180,step_5,no_load
10.120664,0.0,0.0879,0.0828,0.0051,0.0,-0.154,step_5,no_load
10.131247,0.0,0.0879,0.0815,0.0064,0.0,-0.132,step_5,no_load
10.141341,0.0,0.0879,0.0804,0.0075,0.0,-0.117,step_5,no_load
10.151842,0.0,0.0879,0.0793,0.0086,0.0,-0.105,step_5,no_load
10.162937,0.0,0.0879,0.0784,0.0095,0.0,-0.094,step_5,no_load
10.173527,0.0,0.0879,0.0775,0.0104,0.0,-0.085,step_5,no_load
10.184618,0.0,0.0879,0.0767,0.0112,0.0,-0.077,step_5,no_load
10.195752,0.0,0.0879,0.0757,0.0122,0.0,-0.068,step_5,no_load
10.205846,0.0,0.0879,0.0751,0.0128,0.0,-0.060,step_5,no_load
10.21642,0.0,0.0879,0.0746,0.0133,0.0,-0.054,step_5,no_load
10.226514,0.0,0.0879,0.0741,0.0138,0.0,-0.050,step_5,no_load
10.237133,0.0,0.0879,0.0736,0.0143,0.0,-0.045,step_5,no_load
10.248227,0.0,0.0879,0.0732,0.0147,0.0,-0.041,step_5,no_load
10.258822,0.0,0.0879,0.0728,0.0151,0.0,-0.038,step_5,no_load
10.268969,0.0,0.0879,0.0725,0.0154,0.0,-0.034,step_5,no_load
10.279499,0.0,0.0879,0.0722,0.0157,0.0,-0.031,step_5,no_load
10.289616,0.0,0.0879,0.0719,0.0160,0.0,-0.029,step_5,no_load
10.300249,0.0,0.0879,0.0715,0.0164,0.0,-0.026,step_5,no_load
10.31116,0.0,0.0879,0.0713,0.0166,0.0,-0.023,step_5,no_load
10.322333,0.0,0.0879,0.0711,0.0168,0.0,-0.021,step_5,no_load
10.332452,0.0,0.0879,0.0709,0.0170,0.0,-0.019,step_5,no_load
10.343033,0.0,0.0879,0.0707,0.0172,0.0,-0.018,step_5,no_load
10.353246,0.0,0.0879,0.0706,0.0173,0.0,-0.016,step_5,no_load
10.363606,0.0,0.0879,0.0704,0.0175,0.0,-0.015,step_5,no_load
10.374541,0.0,0.0879,0.0703,0.0176,0.0,-0.014,step_5,no_load
10.385696,0.0,0.0879,0.0701,0.0178,0.0,-0.012,step_5,no_load
10.396371,0.0,0.0879,0.0700,0.0179,0.0,-0.011,step_5,no_load
10.406953,0.0,0.0879,0.0699,0.0180,0.0,-0.010,step_5,no_load
10.417033,0.0,0.0879,0.0698,0.0181,0.0,-0.009,step_5,no_load
10.427099,0.0,0.0879,0.0697,0.0182,0.0,-0.008,step_5,no_load
10.437708,0.0,0.0879,0.0696,0.0183,0.0,-0.008,step_5,no_load
10.448758,0.0,0.0879,0.0695,0.0184,0.0,-0.007,step_5,no_load
10.459392,0.0,0.0879,0.0695,0.0184,0.0,-0.007,step_5,no_load
10.470026,0.0,0.0879,0.0694,0.0185,0.0,-0.006,step_5,no_load
10.480199,0.0,0.0879,0.0693,0.0186,0.0,-0.005,step_5,no_load
10.490827,0.0,0.0879,0.0693,0.0186,0.0,-0.005,step_5,no_load
10.500998,0.0,0.0879,0.0693,0.0186,0.0,-0.004,step_5,no_load
10.512152,0.0,0.0879,0.0692,0.0187,0.0,-0.004,step_5,no_load
10.522812,0.0,0.0879,0.0692,0.0187,0.0,-0.004,step_5,no_load
10.533398,0.0,0.0879,0.0691,0.0188,0.0,-0.003,step_5,no_load
10.544247,0.0,0.0879,0.0691,0.0188,0.0,-0.003,step_5,no_load
10.554878,0.0,0.0879,0.0691,0.0188,0.0,-0.003,step_5,no_load
10.565154,0.0,0.0879,0.0690,0.0189,0.0,-0.003,step_5,no_load
10.57578,0.0,0.0879,0.0690,0.0189,0.0,-0.002,step_5,no_load
10.586508,0.0,0.0879,0.0690,0.0189,0.0,-0.002,step_5,no_load
10.596959,0.0,0.0879,0.0690,0.0189,0.0,-0.002,step_5,no_load
10.607127,0.0,0.0879,0.0690,0.0189,0.0,-0.002,step_5,no_load
10.617767,0.0,0.0879,0.0689,0.0190,0.0,-0.002,step_5,no_load
10.628882,0.0,0.0879,0.0689,0.0190,0.0,-0.002,step_5,no_load
10.639506,0.0,0.0879,0.0689,0.0190,0.0,-0.001,step_5,no_load
10.649683,0.0,0.0879,0.0689,0.0190,0.0,-0.001,step_5,no_load
10.66004,0.0,0.0879,0.0689,0.0190,0.0,-0.001,step_5,no_load
10.670572,0.0,0.0879,0.0689,0.0190,0.0,-0.001,step_5,no_load
10.681086,0.0,0.0879,0.0689,0.0190,0.0,-0.001,step_5,no_load
10.691405,0.0,0.0879,0.0688,0.0191,0.0,-0.001,step_5,no_load
10.70203,0.0,0.0879,0.0688,0.0191,0.0,-0.001,step_5,no_load
10.712185,0.0,0.0879,0.0688,0.0191,0.0,-0.001,step_5,no_load
10.722855,0.0,0.0879,0.0688,0.0191,0.0,-0.001,step_5,no_load
10.733036,0.0,0.0879,0.0688,0.0191,0.0,-0.001,step_5,no_load
10.743374,0.0,0.0879,0.0688,0.0191,0.0,-0.001,step_5,no_load
10.754421,0.0,0.0879,0.0688,0.0191,0.0,-0.001,step_5,no_load
10.764505,0.0,0.0879,0.0688,0.0191,0.0,-0.000,step_5,no_load
10.775337,0.0,0.0879,0.0688,0.0191,0.0,-0.000,step_5,no_load
10.785915,0.0,0.0879,0.0688,0.0191,0.0,-0.000,step_5,no_load
10.796617,0.0,0.0879,0.0688,0.0191,0.0,-0.000,step_5,no_load
10.807602,0.0,0.0879,0.0688,0.0191,0.0,-0.000,step_5,no_load
10.818561,0.0,0.0879,0.0688,0.0191,0.0,-0.000,step_5,no_load
10.829553,0.0,0.0879,0.0688,0.0191,0.0,-0.000,step_5,no_load
10.840559,0.0,0.0879,0.0688,0.0191,0.0,-0.000,step_5,no_load
10.851562,0.0,0.0879,0.0688,0.0191,0.0,-0.000,step_5,no_load
10.863057,4.8955,0.0879,0.0688,0.0191,0.0,-0.000,step_5,no_load
10.873547,4.8955,0.0879,0.0688,0.0191,0.0,-0.000,step_5,no_load
10.884549,4.8955,0.0879,0.0688,0.0191,0.0,-0.000,step_5,no_load
10.895554,4.8955,0.0879,0.0688,0.0191,0.0,-0.000,step_5,no_load
10.906545,4.8955,0.0879,0.0688,0.0191,0.0,-0.000,step_5,no_load
10.917549,4.8955,0.2637,0.0688,0.1949,15.976,-0.000,step_5,no_load
10.928631,4.8955,0.6152,0.0688,0.5464,31.718,-0.000,step_5,no_load
10.939033,4.8955,1.0547,0.4235,0.6312,42.251,35.473,step_5,no_load
10.950135,4.8955,1.5820,1.3959,0.1861,47.496,64.827,step_5,no_load
10.961151,4.8955,2.1094,1.9433,0.1661,47.876,54.737,step_5,no_load
10.971604,4.8955,2.5488,2.4070,0.1418,42.036,46.376,step_5,no_load
10.981734,4.8955,3.1641,2.7995,0.3646,60.74,39.244,step_5,no_load
10.991973,4.8955,3.6035,3.1315,0.4720,42.914,33.204,step_5,no_load
11.002253,4.8955,3.7793,3.4124,0.3669,17.101,28.093,step_5,no_load
11.012721,4.8955,3.9551,3.6501,0.3050,16.794,23.769,step_5,no_load
11.023033,4.8955,4.0430,3.8512,0.1918,8.524,20.110,step_5,no_load
11.033304,4.8955,4.1309,4.0214,0.1095,8.558,17.015,step_5,no_load
11.043903,4.8955,4.2188,4.1653,0.0535,8.293,14.396,step_5,no_load
11.054476,4.8955,4.3066,4.2871,0.0195,8.304,12.180,step_5,no_load
11.065157,4.8955,4.3066,4.4356,-0.1290,0.0,9.898,step_5,no_load
11.075908,4.8955,4.3066,4.5158,-0.2092,0.0,8.020,step_5,no_load
11.086519,4.8955,4.2188,4.5837,-0.3649,-8.274,6.786,step_5,no_load
11.097499,4.8955,4.1309,4.6411,-0.5102,-8.005,5.741,step_5,no_load
11.107798,4.8955,4.1309,4.6897,-0.5588,0.0,4.858,step_5,no_load
11.118389,4.8955,4.1309,4.7308,-0.5999,0.0,4.110,step_5,no_load
11.129134,4.8955,4.1309,4.7655,-0.6346,0.0,3.478,step_5,no_load
11.139606,4.8955,4.2188,4.7950,-0.5762,8.394,2.942,step_5,no_load
11.150599,4.8955,4.2188,4.8308,-0.6120,0.0,2.391,step_5,no_load
11.160685,4.8955,4.3066,4.8502,-0.5436,8.705,1.937,step_5,no_load
11.171335,4.8955,4.3066,4.8666,-0.5600,0.0,1.639,step_5,no_load
11.181866,4.8955,4.3066,4.8805,-0.5739,0.0,1.387,step_5,no_load
11.191959,4.8955,4.3945,4.8922,-0.4977,8.709,1.174,step_5,no_load
11.202381,4.8955,4.3945,4.9021,-0.5076,0.0,0.993,step_5,no_load
11.213169,4.8955,4.3945,4.9105,-0.5160,0.0,0.840,step_5,no_load
11.223823,4.8955,4.3945,4.9176,-0.5231,0.0,0.711,step_5,no_load
11.234525,4.8955,4.3945,4.9237,-0.5292,0.0,0.601,step_5,no_load
11.245126,4.8955,4.3945,4.9310,-0.5365,0.0,0.489,step_5,no_load
11.255889,4.8955,4.3945,4.9349,-0.5404,0.0,0.396,step_5,no_load
11.2666,4.8955,4.3945,4.9383,-0.5438,0.0,0.335,step_5,no_load
11.276716,4.8955,4.4824,4.9411,-0.4587,8.689,0.284,step_5,no_load
11.286865,4.8955,4.4824,4.9436,-0.4612,0.0,0.244,step_5,no_load
11.297307,4.8955,4.4824,4.9457,-0.4633,0.0,0.211,step_5,no_load
11.307521,4.8955,4.4824,4.9475,-0.4651,0.0,0.184,step_5,no_load
11.318104,4.8955,4.4824,4.9491,-0.4667,0.0,0.161,step_5,no_load
11.329325,4.8955,4.4824,4.9505,-0.4681,0.0,0.142,step_5,no_load
11.339865,4.8955,4.4824,4.9518,-0.4694,0.0,0.126,step_5,no_load
11.350474,4.8955,4.4824,4.9535,-0.4711,0.0,0.110,step_5,no_load
11.361027,4.8955,4.4824,4.9544,-0.4720,0.0,0.096,step_5,no_load
11.371471,4.8955,4.4824,4.9553,-0.4729,0.0,0.086,step_5,no_load
11.382018,4.8955,4.4824,4.9561,-0.4737,0.0,0.078,step_5,no_load
11.392316,4.8955,4.4824,4.9568,-0.4744,0.0,0.070,step_5,no_load
11.402718,4.8955,4.4824,4.9574,-0.4750,0.0,0.064,step_5,no_load
11.413182,4.8955,4.4824,4.9580,-0.4756,0.0,0.058,step_5,no_load
11.423881,4.8955,4.4824,4.9585,-0.4761,0.0,0.053,step_5,no_load
11.434442,4.8955,4.4824,4.9590,-0.4766,0.0,0.048,step_5,no_load
11.445177,4.8955,4.4824,4.9596,-0.4772,0.0,0.043,step_5,no_load
11.455846,4.8955,4.4824,4.9600,-0.4776,0.0,0.038,step_5,no_load
11.466422,4.8955,4.4824,4.9604,-0.4780,0.0,0.035,step_5,no_load
11.476785,4.8955,4.4824,4.9607,-0.4783,0.0,0.032,step_5,no_load
11.487383,4.8955,4.4824,4.9610,-0.4786,0.0,0.029,step_5,no_load
11.498176,4.8955,4.4824,4.9612,-0.4788,0.0,0.027,step_5,no_load
11.508781,4.8955,4.4824,4.9615,-0.4791,0.0,0.024,step_5,no_load
11.519283,4.8955,4.4824,4.9617,-0.4793,0.0,0.022,step_5,no_load
11.529727,4.8955,4.4824,4.9619,-0.4795,0.0,0.020,step_5,no_load
11.539966,4.8955,4.4824,4.9621,-0.4797,0.0,0.019,step_5,no_load
11.550508,4.8955,4.4824,4.9623,-0.4799,0.0,0.017,step_5,no_load
11.561016,4.8955,4.4824,4.9625,-0.4801,0.0,0.015,step_5,no_load
11.571628,4.8955,4.4824,4.9626,-0.4802,0.0,0.014,step_5,no_load
11.581842,4.8955,4.4824,4.9628,-0.4804,0.0,0.013,step_5,no_load
11.592391,4.8955,4.4824,4.9629,-0.4805,0.0,0.012,step_5,no_load
11.603049,4.8955,4.4824,4.9630,-0.4806,0.0,0.011,step_5,no_load
11.613483,4.8955,4.4824,4.9631,-0.4807,0.0,0.010,step_5,no_load
11.623729,4.8955,4.4824,4.9632,-0.4808,0.0,0.009,step_5,no_load
11.634271,4.8955,4.4824,4.9632,-0.4808,0.0,0.008,step_5,no_load
11.644744,4.8955,4.4824,4.9633,-0.4809,0.0,0.008,step_5,no_load
11.655365,4.8955,4.4824,4.9634,-0.4810,0.0,0.007,step_5,no_load
11.665686,4.8955,4.4824,4.9635,-0.4811,0.0,0.006,step_5,no_load
11.676127,4.8955,4.4824,4.9635,-0.4811,0.0,0.006,step_5,no_load
11.686511,4.8955,4.4824,4.9636,-0.4812,0.0,0.005,step_5,no_load
11.696616,4.8955,4.4824,4.9636,-0.4812,0.0,0.005,step_5,no_load
11.706837,4.8955,4.4824,4.9637,-0.4813,0.0,0.004,step_5,no_load
11.717456,4.8955,4.4824,4.9637,-0.4813,0.0,0.004,step_5,no_load
11.728676,4.8955,4.4824,4.9638,-0.4814,0.0,0.004,step_5,no_load
11.739274,4.8955,4.4824,4.9638,-0.4814,0.0,0.003,step_5,no_load
11.749932,4.8955,4.4824,4.9638,-0.4814,0.0,0.003,step_5,no_load
11.760037,4.8955,4.4824,4.9639,-0.4815,0.0,0.003,step_5,no_load
11.770606,4.8955,4.4824,4.9639,-0.4815,0.0,0.002,step_5,no_load
11.78172,4.8955,4.4824,4.9639,-0.4815,0.0,0.002,step_5,no_load
11.792419,4.8955,4.4824,4.9639,-0.4815,0.0,0.002,step_5,no_load
11.803158,4.8955,4.4824,4.9640,-0.4816,0.0,0.002,step_5,no_load
11.813214,4.8955,4.4824,4.9640,-0.4816,0.0,0.002,step_5,no_load
11.824201,4.8955,4.4824,4.9640,-0.4816,0.0,0.002,step_5,no_load
11.835228,4.8955,4.4824,4.9640,-0.4816,0.0,0.001,step_5,no_load
11.846211,4.8955,4.4824,4.9640,-0.4816,0.0,0.001,step_5,no_load
11.856485,4.8955,4.4824,4.9640,-0.4816,0.0,0.001,step_5,no_load
11.867385,4.8955,4.4824,4.9640,-0.4816,0.0,0.001,step_5,no_load
11.878287,4.8955,4.4824,4.9641,-0.4817,0.0,0.001,step_5,no_load
11.889216,4.8955,4.4824,4.9641,-0.4817,0.0,0.001,step_5,no_load
11.899512,4.8955,4.4824,4.9641,-0.4817,0.0,0.001,step_5,no_load
11.910267,4.8955,4.4824,4.9641,-0.4817,0.0,0.001,step_5,no_load
11.920887,4.8955,4.4824,4.9641,-0.4817,0.0,0.001,step_5,no_load
11.931433,4.8955,4.4824,4.9641,-0.4817,0.0,0.001,step_5,no_load
11.942155,4.8955,4.4824,4.9641,-0.4817,0.0,0.001,step_5,no_load
11.952795,4.8955,4.4824,4.9641,-0.4817,0.0,0.001,step_5,no_load
11.963432,4.8955,4.4824,4.9641,-0.4817,0.0,0.000,step_5,no_load
11.973528,4.8955,4.4824,4.9641,-0.4817,0.0,0.000,step_5,no_load
11.983925,4.8955,4.4824,4.9641,-0.4817,0.0,0.000,step_5,no_load
11.994423,4.8955,4.4824,4.9641,-0.4817,0.0,0.000,step_5,no_load
12.005029,4.8955,4.4824,4.9641,-0.4817,0.0,0.000,step_5,no_load
12.015223,4.8955,4.4824,4.9641,-0.4817,0.0,0.000,step_5,no_load
12.025866,4.8955,4.4824,4.9641,-0.4817,0.0,0.000,step_5,no_load
12.036561,4.8955,4.4824,4.9641,-0.4817,0.0,0.000,step_5,no_load
12.047087,4.8955,4.4824,4.9641,-0.4817,0.0,0.000,step_5,no_load
12.057154,4.8955,4.4824,4.9641,-0.4817,0.0,0.000,step_5,no_load
12.068278,0.0,4.4824,4.9641,-0.4817,0.0,0.000,step_5,no_load
12.078828,0.0,4.4824,4.9641,-0.4817,0.0,0.000,step_5,no_load
12.089428,0.0,4.4824,4.9642,-0.4818,0.0,0.000,step_5,no_load
12.099664,0.0,4.4824,4.9642,-0.4818,0.0,0.000,step_5,no_load
12.10998,0.0,4.3945,4.9642,-0.5697,-8.521,0.000,step_5,no_load
12.120948,0.0,4.3945,4.9642,-0.5697,0.0,0.000,step_5,no_load
12.131547,0.0,4.3066,4.9642,-0.6576,-8.293,0.000,step_5,no_load
12.141644,0.0,3.8672,4.7108,-0.8436,-43.518,-25.336,step_5,no_load
12.15206,0.0,3.2520,4.1641,-0.9121,-59.063,-54.669,step_5,no_load
12.162293,0.0,2.8125,3.5483,-0.7358,-42.949,-61.582,step_5,no_load
12.173038,0.0,2.2852,3.0149,-0.7297,-49.074,-53.342,step_5,no_load
12.183622,0.0,1.8457,2.5627,-0.7170,-41.525,-45.221,step_5,no_load
12.194619,0.0,1.3184,2.1800,-0.8616,-47.949,-38.268,step_5,no_load
12.20557,0.0,0.8789,1.7135,-0.8346,-40.133,-31.099,step_5,no_load
12.216654,0.0,0.7910,1.4615,-0.6705,-7.93,-25.199,step_5,no_load
12.226716,0.0,0.7031,1.2483,-0.5452,-8.736,-21.320,step_5,no_load
12.236862,0.0,0.6152,1.0679,-0.4527,-8.664,-18.039,step_5,no_load
12.24744,0.0,0.6152,0.9153,-0.3001,0.0,-15.263,step_5,no_load
12.257555,0.0,0.5273,0.7862,-0.2589,-8.69,-12.913,step_5,no_load
12.268159,0.0,0.4395,0.6769,-0.2374,-8.28,-10.926,step_5,no_load
12.279239,0.0,0.4395,0.5845,-0.1450,0.0,-9.244,step_5,no_load
12.289876,0.0,0.5273,0.5062,0.0211,8.254,-7.822,step_5,no_load
12.299998,0.0,0.6152,0.4401,0.1751,8.684,-6.618,step_5,no_load
12.310065,0.0,0.6152,0.3594,0.2558,0.0,-5.378,step_5,no_load
12.32066,0.0,0.7031,0.3158,0.3873,8.296,-4.358,step_5,no_load
12.330812,0.0,0.6152,0.2789,0.3363,-8.658,-3.687,step_5,no_load
12.341403,0.0,0.6152,0.2477,0.3675,0.0,-3.120,step_5,no_load
12.352012,0.0,0.3516,0.2213,0.1303,-24.847,-2.640,step_5,no_load
12.362632,0.0,0.1758,0.1990,-0.0232,-16.554,-2.233,step_5,no_load
12.373262,0.0,0.0000,0.1801,-0.1801,-16.538,-1.890,step_5,no_load
12.383845,0.0,-0.0879,0.1641,-0.2520,-8.306,-1.599,step_5,no_load
12.394937,0.0,-0.0879,0.1506,-0.2385,0.0,-1.353,step_5,no_load
12.405532,0.0,-0.1758,0.1341,-0.3099,-8.296,-1.099,step_5,no_load
12.415609,0.0,-0.1758,0.1252,-0.3010,0.0,-0.891,step_5,no_load
12.42621,0.0,-0.1758,0.1177,-0.2935,0.0,-0.754,step_5,no_load
12.436574,0.0,-0.0879,0.1113,-0.1992,8.481,-0.638,step_5,no_load
12.44716,0.0,0.0000,0.1059,-0.1059,8.303,-0.540,step_5,no_load
12.458217,0.0,0.0879,0.1013,-0.0134,7.95,-0.457,step_5,no_load
12.46885,0.0,0.0879,0.0975,-0.0096,0.0,-0.386,step_5,no_load
12.479209,0.0,0.0879,0.0942,-0.0063,0.0,-0.327,step_5,no_load
12.489834,0.0,0.0879,0.0914,-0.0035,0.0,-0.278,step_5,no_load
12.50126,0.0,0.0000,0.0879,-0.0879,-7.693,-0.230,step_5,no_load
12.511925,0.0,-0.0879,0.0860,-0.1739,-8.242,-0.193,step_5,no_load
12.522037,0.0,-0.0879,0.0843,-0.1722,0.0,-0.169,step_5,no_load
12.532674,0.0,-0.0879,0.0828,-0.1707,0.0,-0.149,step_5,no_load
12.543422,0.0,-0.0879,0.0815,-0.1694,0.0,-0.132,step_5,no_load
12.553939,0.0,-0.0879,0.0804,-0.1683,0.0,-0.117,step_5,no_load
12.564013,0.0,-0.0879,0.0793,-0.1672,0.0,-0.105,step_5,no_load
12.574589,0.0,-0.0879,0.0784,-0.1663,0.0,-0.094,step_5,no_load
12.584997,0.0,-0.0879,0.0775,-0.1654,0.0,-0.085,step_5,no_load
12.595134,0.0,-0.0879,0.0764,-0.1643,0.0,-0.075,step_5,no_load
12.6062,0.0,-0.0879,0.0757,-0.1636,0.0,-0.066,step_5,no_load
12.616833,0.0,-0.0879,0.0751,-0.1630,0.0,-0.060,step_5,no_load
12.627835,0.0,-0.0879,0.0746,-0.1625,0.0,-0.054,step_5,no_load
12.638438,0.0,-0.0879,0.0741,-0.1620,0.0,-0.050,step_5,no_load
12.648785,0.0,-0.0879,0.0736,-0.1615,0.0,-0.045,step_5,no_load
12.659814,0.0,-0.0879,0.0732,-0.1611,0.0,-0.041,step_5,no_load
12.669915,0.0,-0.0879,0.0728,-0.1607,0.0,-0.038,step_5,no_load
12.680233,0.0,-0.0879,0.0723,-0.1602,0.0,-0.034,step_5,no_load
12.690774,0.0,-0.0879,0.0720,-0.1599,0.0,-0.030,step_5,no_load
12.70131,0.0,-0.0879,0.0718,-0.1597,0.0,-0.027,step_5,no_load
12.711658,0.0,-0.0879,0.0715,-0.1594,0.0,-0.025,step_5,no_load
12.722756,0.0,-0.0879,0.0713,-0.1592,0.0,-0.023,step_5,no_load
12.733389,0.0,-0.0879,0.0711,-0.1590,0.0,-0.021,step_5,no_load
12.743502,0.0,-0.0879,0.0709,-0.1588,0.0,-0.019,step_5,no_load
12.753696,0.0,-0.0879,0.0707,-0.1586,0.0,-0.018,step_5,no_load
12.764541,0.0,-0.0879,0.0706,-0.1585,0.0,-0.016,step_5,no_load
12.77469,0.0,-0.0879,0.0704,-0.1583,0.0,-0.015,step_5,no_load
12.785711,0.0,-0.0879,0.0702,-0.1581,0.0,-0.013,step_5,no_load
12.796225,0.0,-0.0879,0.0701,-0.1580,0.0,-0.012,step_5,no_load
12.807236,0.0,-0.0879,0.0700,-0.1579,0.0,-0.011,step_5,no_load
12.81824,0.0,-0.0879,0.0699,-0.1578,0.0,-0.010,step_5,no_load
12.82924,0.0,-0.0879,0.0698,-0.1577,0.0,-0.009,step_5,no_load
12.840242,0.0,-0.0879,0.0697,-0.1576,0.0,-0.008,step_5,no_load
12.851297,0.0,-0.0879,0.0696,-0.1575,0.0,-0.007,step_5,no_load
12.861436,0.0,-0.0879,0.0695,-0.1574,0.0,-0.007,step_5,no_load
12.872436,0.0,-0.0879,0.0695,-0.1574,0.0,-0.006,step_5,no_load
12.883502,0.0,-0.0879,0.0694,-0.1573,0.0,-0.006,step_5,no_load
12.894501,0.0,-0.0879,0.0693,-0.1572,0.0,-0.005,step_5,no_load
12.905502,0.0,-0.0879,0.0693,-0.1572,0.0,-0.005,step_5,no_load
12.916079,0.0,-0.0879,0.0692,-0.1571,0.0,-0.004,step_5,no_load
12.92692,0.0,-0.0879,0.0692,-0.1571,0.0,-0.004,step_5,no_load
12.937527,0.0,-0.0879,0.0692,-0.1571,0.0,-0.004,step_5,no_load
12.948587,0.0,-0.0879,0.0691,-0.1570,0.0,-0.003,step_5,no_load
12.959364,0.0,-0.0879,0.0691,-0.1570,0.0,-0.003,step_5,no_load
12.970453,0.0,-0.0879,0.0691,-0.1570,0.0,-0.003,step_5,no_load
12.981457,0.0,-0.0879,0.0690,-0.1569,0.0,-0.002,step_5,no_load
12.991943,0.0,-0.0879,0.0690,-0.1569,0.0,-0.002,step_5,no_load
13.002383,0.0,-0.0879,0.0690,-0.1569,0.0,-0.002,step_5,no_load
13.012524,0.0,-0.0879,0.0690,-0.1569,0.0,-0.002,step_5,no_load
13.023103,0.0,-0.0879,0.0689,-0.1568,0.0,-0.002,step_5,no_load
13.034327,0.0,-0.0879,0.0689,-0.1568,0.0,-0.002,step_5,no_load
13.044968,0.0,-0.0879,0.0689,-0.1568,0.0,-0.001,step_5,no_load
13.055113,0.0,-0.0879,0.0689,-0.1568,0.0,-0.001,step_5,no_load
13.065332,0.0,-0.0879,0.0689,-0.1568,0.0,-0.001,step_5,no_load
13.075405,0.0,-0.0879,0.0689,-0.1568,0.0,-0.001,step_5,no_load
13.086026,0.0,-0.0879,0.0689,-0.1568,0.0,-0.001,step_5,no_load
13.0962,0.0,-0.0879,0.0689,-0.1568,0.0,-0.001,step_5,no_load
13.106874,0.0,-0.0879,0.0688,-0.1567,0.0,-0.001,step_5,no_load
13.117082,0.0,-0.0879,0.0688,-0.1567,0.0,-0.001,step_5,no_load
13.128184,0.0,-0.0879,0.0688,-0.1567,0.0,-0.001,step_5,no_load
13.138844,0.0,-0.0879,0.0688,-0.1567,0.0,-0.001,step_5,no_load
13.149453,0.0,-0.0879,0.0688,-0.1567,0.0,-0.001,step_5,no_load
13.159884,0.0,-0.0879,0.0688,-0.1567,0.0,-0.001,step_5,no_load
13.170461,0.0,-0.0879,0.0688,-0.1567,0.0,-0.001,step_5,no_load
13.180567,0.0,-0.0879,0.0688,-0.1567,0.0,-0.000,step_5,no_load
13.191203,0.0,-0.0879,0.0688,-0.1567,0.0,-0.000,step_5,no_load
13.202249,0.0,-0.0879,0.0688,-0.1567,0.0,-0.000,step_5,no_load
13.212865,0.0,-0.0879,0.0688,-0.1567,0.0,-0.000,step_5,no_load
13.222976,0.0,-0.0879,0.0688,-0.1567,0.0,-0.000,step_5,no_load
13.233615,0.0,-0.0879,0.0688,-0.1567,0.0,-0.000,step_5,no_load
13.24449,0.0,-0.0879,0.0688,-0.1567,0.0,-0.000,step_5,no_load
13.255075,0.0,-0.0879,0.0688,-0.1567,0.0,-0.000,step_5,no_load
13.265191,0.0,-0.0879,0.0688,-0.1567,0.0,-0.000,step_5,no_load
13.276461,4.8955,-0.0879,0.0688,-0.1567,0.0,-0.000,step_5,no_load
13.2874,4.8955,-0.0879,0.0688,-0.1567,0.0,-0.000,step_5,no_load
13.297939,4.8955,-0.0879,0.0688,-0.1567,0.0,-0.000,step_5,no_load
13.308573,4.8955,-0.0879,0.0688,-0.1567,0.0,-0.000,step_5,no_load
13.319176,4.8955,0.0000,0.0688,-0.0688,8.29,-0.000,step_5,no_load
13.32997,4.8955,0.0879,0.0688,0.0191,8.143,-0.000,step_5,no_load
13.340594,4.8955,0.5273,0.0688,0.4585,41.359,-0.000,step_5,no_load
13.350705,4.8955,0.9668,0.4235,0.5433,43.468,35.473,step_5,no_load
13.361276,4.8955,1.4063,1.0877,0.3186,41.576,66.426,step_5,no_load
13.372326,4.8955,1.9336,1.6808,0.2528,47.719,59.305,step_5,no_load
13.382543,4.8955,2.4609,2.1848,0.2761,51.61,50.402,step_5,no_load
13.393147,4.8955,3.0762,2.6114,0.4648,58.025,42.663,step_5,no_load
13.403402,4.8955,3.5156,2.9724,0.5432,42.847,36.098,step_5,no_load
13.413531,4.8955,3.6914,3.2778,0.4136,17.356,30.542,step_5,no_load
13.423896,4.8955,3.8672,3.5362,0.3310,16.961,25.841,step_5,no_load
13.434477,4.8955,3.9551,3.7549,0.2002,8.307,21.863,step_5,no_load
13.444838,4.8955,4.0430,3.9399,0.1031,8.484,18.498,step_5,no_load
13.455909,4.8955,4.1309,4.1653,-0.0344,7.94,15.032,step_5,no_load
13.466541,4.8955,4.2188,4.2871,-0.0683,8.267,12.180,step_5,no_load
13.477535,4.8955,4.2188,4.3902,-0.1714,0.0,10.305,step_5,no_load
13.488252,4.8955,4.2188,4.4774,-0.2586,0.0,8.719,step_5,no_load
13.498388,4.8955,4.1309,4.5512,-0.4203,-8.672,7.377,step_5,no_load
13.509059,4.8955,4.0430,4.6136,-0.5706,-8.237,6.242,step_5,no_load
13.519536,4.8955,4.0430,4.6664,-0.6234,0.0,5.281,step_5,no_load
13.530171,4.8955,4.0430,4.7308,-0.6878,0.0,4.292,step_5,no_load
13.540353,4.8955,4.1309,4.7655,-0.6346,8.633,3.478,step_5,no_load
13.550988,4.8955,4.2188,4.7950,-0.5762,8.265,2.942,step_5,no_load
13.561168,4.8955,4.2188,4.8199,-0.6011,0.0,2.489,step_5,no_load
13.571797,4.8955,4.3066,4.8409,-0.5343,8.26,2.106,step_5,no_load
13.582891,4.8955,4.3066,4.8587,-0.5521,0.0,1.782,step_5,no_load
13.592962,4.8955,4.3066,4.8738,-0.5672,0.0,1.508,step_5,no_load
13.603863,4.8955,4.3945,4.8866,-0.4921,8.063,1.276,step_5,no_load
13.614457,4.8955,4.3945,4.8974,-0.5029,0.0,1.079,step_5,no_load
13.624553,4.8955,4.3945,4.9065,-0.5120,0.0,0.913,step_5,no_load
13.635128,4.8955,4.3945,4.9176,-0.5231,0.0,0.742,step_5,no_load
13.645272,4.8955,4.3945,4.9237,-0.5292,0.0,0.601,step_5,no_load
13.655903,4.8955,4.3945,4.9287,-0.5342,0.0,0.509,step_5,no_load
13.666818,4.8955,4.3945,4.9330,-0.5385,0.0,0.430,step_5,no_load
13.677548,4.8955,4.3945,4.9367,-0.5422,0.0,0.364,step_5,no_load
13.688512,4.8955,4.3945,4.9398,-0.5453,0.0,0.308,step_5,no_load
13.69867,4.8955,4.3945,4.9424,-0.5479,0.0,0.263,step_5,no_load
13.708754,4.8955,4.3945,4.9447,-0.5502,0.0,0.226,step_5,no_load
13.719358,4.8955,4.3945,4.9466,-0.5521,0.0,0.196,step_5,no_load
13.730352,4.8955,4.3945,4.9491,-0.5546,0.0,0.167,step_5,no_load
13.740496,4.8955,4.3945,4.9505,-0.5560,0.0,0.142,step_5,no_load
13.75158,4.8955,4.3945,4.9518,-0.5573,0.0,0.126,step_5,no_load
13.762031,4.8955,4.3945,4.9529,-0.5584,0.0,0.113,step_5,no_load
13.772178,4.8955,4.3945,4.9539,-0.5594,0.0,0.101,step_5,no_load
13.78281,4.8955,4.3945,4.9549,-0.5604,0.0,0.091,step_5,no_load
13.792878,4.8955,4.3945,4.9557,-0.5612,0.0,0.082,step_5,no_load
13.803408,4.8955,4.3945,4.9564,-0.5619,0.0,0.074,step_5,no_load
13.814437,4.8955,4.4824,4.9571,-0.4747,7.97,0.067,step_5,no_load
13.825339,4.8955,4.4824,4.9580,-0.4756,0.0,0.059,step_5,no_load
13.836429,4.8955,4.4824,4.9585,-0.4761,0.0,0.053,step_5,no_load
13.847362,4.8955,4.5703,4.9590,-0.3887,8.04,0.048,step_5,no_load
13.857654,4.8955,4.5703,4.9594,-0.3891,0.0,0.044,step_5,no_load
13.868584,4.8955,4.5703,4.9598,-0.3895,0.0,0.040,step_5,no_load
13.878805,4.8955,4.5703,4.9602,-0.3899,0.0,0.036,step_5,no_load
13.889737,4.8955,4.4824,4.9605,-0.4781,-8.041,0.033,step_5,no_load
13.900366,4.8955,4.4824,4.9610,-0.4786,0.0,0.030,step_5,no_load
13.911499,4.8955,4.4824,4.9612,-0.4788,0.0,0.027,step_5,no_load
13.922077,4.8955,4.4824,4.9615,-0.4791,0.0,0.024,step_5,no_load
13.933029,4.8955,4.4824,4.9617,-0.4793,0.0,0.022,step_5,no_load
13.943434,4.8955,4.4824,4.9619,-0.4795,0.0,0.020,step_5,no_load
13.954025,4.8955,4.4824,4.9621,-0.4797,0.0,0.019,step_5,no_load
13.964539,4.8955,4.4824,4.9623,-0.4799,0.0,0.017,step_5,no_load
13.975166,4.8955,4.4824,4.9625,-0.4801,0.0,0.015,step_5,no_load
13.985921,4.8955,4.4824,4.9626,-0.4802,0.0,0.014,step_5,no_load
13.996548,4.8955,4.4824,4.9628,-0.4804,0.0,0.013,step_5,no_load
14.00661,4.8955,4.4824,4.9629,-0.4805,0.0,0.012,step_5,no_load
14.017415,4.8955,4.4824,4.9630,-0.4806,0.0,0.011,step_5,no_load
14.027959,4.8955,4.4824,4.9631,-0.4807,0.0,0.010,step_5,no_load
14.038552,4.8955,4.4824,4.9632,-0.4808,0.0,0.009,step_5,no_load
14.049539,4.8955,4.4824,4.9632,-0.4808,0.0,0.008,step_5,no_load
14.059612,4.8955,4.4824,4.9633,-0.4809,0.0,0.008,step_5,no_load
14.070528,4.8955,4.4824,4.9634,-0.4810,0.0,0.007,step_5,no_load
14.081024,4.8955,4.4824,4.9635,-0.4811,0.0,0.006,step_5,no_load
14.091588,4.8955,4.4824,4.9635,-0.4811,0.0,0.006,step_5,no_load
14.102222,4.8955,4.4824,4.9636,-0.4812,0.0,0.005,step_5,no_load
14.112368,4.8955,4.4824,4.9636,-0.4812,0.0,0.005,step_5,no_load
14.122957,4.8955,4.4824,4.9637,-0.4813,0.0,0.004,step_5,no_load
14.133559,4.8955,4.4824,4.9637,-0.4813,0.0,0.004,step_5,no_load
14.144647,4.8955,4.4824,4.9638,-0.4814,0.0,0.004,step_5,no_load
14.154891,4.8955,4.4824,4.9638,-0.4814,0.0,0.003,step_5,no_load
14.165066,4.8955,4.4824,4.9638,-0.4814,0.0,0.003,step_5,no_load
14.175861,4.8955,4.4824,4.9639,-0.4815,0.0,0.003,step_5,no_load
14.185956,4.8955,4.4824,4.9639,-0.4815,0.0,0.002,step_5,no_load
14.19605,4.8955,4.4824,4.9639,-0.4815,0.0,0.002,step_5,no_load
14.206658,4.8955,4.4824,4.9639,-0.4815,0.0,0.002,step_5,no_load
14.216838,4.8955,4.4824,4.9640,-0.4816,0.0,0.002,step_5,no_load
14.22815,4.8955,4.4824,4.9640,-0.4816,0.0,0.002,step_5,no_load
14.239201,4.8955,4.4824,4.9640,-0.4816,0.0,0.002,step_5,no_load
14.249544,4.8955,4.4824,4.9640,-0.4816,0.0,0.001,step_5,no_load
14.26057,4.8955,4.4824,4.9640,-0.4816,0.0,0.001,step_5,no_load
14.271065,4.8955,4.4824,4.9640,-0.4816,0.0,0.001,step_5,no_load
14.282149,4.8955,4.4824,4.9640,-0.4816,0.0,0.001,step_5,no_load
14.292594,4.8955,4.4824,4.9641,-0.4817,0.0,0.001,step_5,no_load
14.303181,4.8955,4.4824,4.9641,-0.4817,0.0,0.001,step_5,no_load
14.313774,4.8955,4.4824,4.9641,-0.4817,0.0,0.001,step_5,no_load
14.324352,4.8955,4.4824,4.9641,-0.4817,0.0,0.001,step_5,no_load
14.334625,4.8955,4.4824,4.9641,-0.4817,0.0,0.001,step_5,no_load
14.345104,4.8955,4.4824,4.9641,-0.4817,0.0,0.001,step_5,no_load
14.355233,4.8955,4.4824,4.9641,-0.4817,0.0,0.001,step_5,no_load
14.36608,4.8955,4.4824,4.9641,-0.4817,0.0,0.001,step_5,no_load
14.376866,4.8955,4.4824,4.9641,-0.4817,0.0,0.000,step_5,no_load
14.387514,4.8955,4.4824,4.9641,-0.4817,0.0,0.000,step_5,no_load
14.397622,4.8955,4.4824,4.9641,-0.4817,0.0,0.000,step_5,no_load
14.408251,4.8955,4.4824,4.9641,-0.4817,0.0,0.000,step_5,no_load
14.418581,4.8955,4.4824,4.9641,-0.4817,0.0,0.000,step_5,no_load
14.429055,4.8955,4.4824,4.9641,-0.4817,0.0,0.000,step_5,no_load
14.439153,4.8955,4.4824,4.9641,-0.4817,0.0,0.000,step_5,no_load
14.449735,4.8955,4.4824,4.9641,-0.4817,0.0,0.000,step_5,no_load
14.460542,4.8955,4.4824,4.9641,-0.4817,0.0,0.000,step_5,no_load
14.47117,4.8955,4.4824,4.9641,-0.4817,0.0,0.000,step_5,no_load
14.482172,0.0,4.4824,4.9641,-0.4817,0.0,0.000,step_5,no_load
14.492461,0.0,4.4824,4.9641,-0.4817,0.0,0.000,step_5,no_load
14.50307,0.0,4.4824,4.9642,-0.4818,0.0,0.000,step_5,no_load
14.513699,0.0,4.4824,4.9642,-0.4818,0.0,0.000,step_5,no_load
14.523818,0.0,4.4824,4.9642,-0.4818,0.0,0.000,step_5,no_load
14.534406,0.0,4.3945,4.9642,-0.5697,-8.302,0.000,step_5,no_load
14.544974,0.0,4.3066,4.9642,-0.6576,-8.318,0.000,step_5,no_load
14.555615,0.0,3.8672,4.7108,-0.8436,-41.293,-16.890,step_5,no_load
14.566359,0.0,3.2520,4.1641,-0.9121,-57.26,-54.669,step_5,no_load
14.576438,0.0,2.8125,3.5483,-0.7358,-43.606,-61.582,step_5,no_load
14.587418,0.0,2.2852,3.0149,-0.7297,-48.024,-53.342,step_5,no_load
14.597803,0.0,1.9336,2.5627,-0.6291,-33.857,-45.221,step_5,no_load
14.60792,0.0,1.3184,2.1800,-0.8616,-60.809,-38.268,step_5,no_load
14.618553,0.0,0.8789,1.8562,-0.9773,-41.334,-32.379,step_5,no_load
14.629563,0.0,0.7910,1.5823,-0.7913,-7.984,-27.395,step_5,no_load
14.640192,0.0,0.7031,1.2483,-0.5452,-8.27,-22.262,step_5,no_load
14.650821,0.0,0.6152,1.0679,-0.4527,-8.27,-18.039,step_5,no_load
14.661201,0.0,0.5273,0.9153,-0.3880,-8.468,-15.263,step_5,no_load
14.671329,0.0,0.4395,0.7862,-0.3467,-8.669,-12.913,step_5,no_load
14.681971,0.0,0.3516,0.6769,-0.3253,-8.26,-10.926,step_5,no_load
14.692091,0.0,0.3516,0.5845,-0.2329,0.0,-9.244,step_5,no_load
14.702686,0.0,0.3516,0.5062,-0.1546,0.0,-7.822,step_5,no_load
14.712767,0.0,0.5273,0.4401,0.0872,17.429,-6.618,step_5,no_load
14.723353,0.0,0.5273,0.3841,0.1432,0.0,-5.599,step_5,no_load
14.734358,0.0,0.6152,0.3367,0.2785,7.987,-4.738,step_5,no_load
14.744495,0.0,0.6152,0.2966,0.3186,0.0,-4.009,step_5,no_load
14.754624,0.0,0.6152,0.2627,0.3525,0.0,-3.392,step_5,no_load
14.765254,0.0,0.4395,0.2213,0.2182,-16.529,-2.756,step_5,no_load
14.775944,0.0,0.1758,0.1990,-0.0232,-24.668,-2.233,step_5,no_load
14.78628,0.0,0.0000,0.1801,-0.1801,-17.009,-1.890,step_5,no_load
14.797371,0.0,-0.0879,0.1641,-0.2520,-7.925,-1.599,step_5,no_load
14.808362,0.0,-0.0879,0.1506,-0.2385,0.0,-1.353,step_5,no_load
14.819323,0.0,-0.1758,0.1391,-0.3149,-8.019,-1.145,step_5,no_load
14.830358,0.0,-0.1758,0.1252,-0.3010,0.0,-0.930,step_5,no_load
14.840963,0.0,-0.1758,0.1177,-0.2935,0.0,-0.754,step_5,no_load
14.852011,0.0,-0.0879,0.1113,-0.1992,7.956,-0.638,step_5,no_load
14.862637,0.0,0.0000,0.1059,-0.1059,8.272,-0.540,step_5,no_load
14.873769,0.0,0.0879,0.1013,-0.0134,7.896,-0.457,step_5,no_load
14.88427,0.0,0.0879,0.0975,-0.0096,0.0,-0.386,step_5,no_load
14.894398,0.0,0.0879,0.0942,-0.0063,0.0,-0.327,step_5,no_load
14.904975,0.0,0.0879,0.0914,-0.0035,0.0,-0.278,step_5,no_load
14.915094,0.0,0.0000,0.0879,-0.0879,-8.687,-0.230,step_5,no_load
14.925686,0.0,-0.0879,0.0860,-0.1739,-8.299,-0.193,step_5,no_load
14.935856,0.0,-0.0879,0.0843,-0.1722,0.0,-0.169,step_5,no_load
14.946302,0.0,-0.0879,0.0828,-0.1707,0.0,-0.149,step_5,no_load
14.956905,0.0,-0.0879,0.0815,-0.1694,0.0,-0.132,step_5,no_load
14.967487,0.0,-0.0879,0.0804,-0.1683,0.0,-0.117,step_5,no_load
14.977992,0.0,-0.0879,0.0793,-0.1672,0.0,-0.105,step_5,no_load
14.98897,0.0,-0.0879,0.0784,-0.1663,0.0,-0.094,step_5,no_load
14.999549,0.0,-0.0879,0.0775,-0.1654,0.0,-0.085,step_5,no_load
15.010661,0.0,-0.0879,0.0764,-0.1643,0.0,-0.075,step_5,no_load
15.021247,0.0,-0.0879,0.0757,-0.1636,0.0,-0.066,step_5,no_load
15.031354,0.0,-0.0879,0.0751,-0.1630,0.0,-0.060,step_5,no_load
15.042001,0.0,-0.0879,0.0746,-0.1625,0.0,-0.054,step_5,no_load
15.052884,0.0,-0.0879,0.0741,-0.1620,0.0,-0.050,step_5,no_load
15.06337,0.0,-0.0879,0.0736,-0.1615,0.0,-0.045,step_5,no_load
15.073503,0.0,-0.0879,0.0732,-0.1611,0.0,-0.041,step_5,no_load
15.084128,0.0,-0.0879,0.0728,-0.1607,0.0,-0.038,step_5,no_load
15.094174,0.0,-0.0879,0.0725,-0.1604,0.0,-0.034,step_5,no_load
15.104774,0.0,-0.0879,0.0722,-0.1601,0.0,-0.031,step_5,no_load
15.114917,0.0,-0.0879,0.0719,-0.1598,0.0,-0.029,step_5,no_load
15.125518,0.0,-0.0879,0.0715,-0.1594,0.0,-0.026,step_5,no_load
15.136165,0.0,-0.0879,0.0713,-0.1592,0.0,-0.023,step_5,no_load
15.146798,0.0,-0.0879,0.0711,-0.1590,0.0,-0.021,step_5,no_load
15.156989,0.0,-0.0879,0.0709,-0.1588,0.0,-0.019,step_5,no_load
15.16794,0.0,-0.0879,0.0707,-0.1586,0.0,-0.018,step_5,no_load
15.17804,0.0,-0.0879,0.0706,-0.1585,0.0,-0.016,step_5,no_load
15.188642,0.0,-0.0879,0.0704,-0.1583,0.0,-0.015,step_5,no_load
15.199617,0.0,-0.0879,0.0703,-0.1582,0.0,-0.014,step_5,no_load
15.209676,0.0,-0.0879,0.0701,-0.1580,0.0,-0.012,step_5,no_load
15.2202,0.0,-0.0879,0.0700,-0.1579,0.0,-0.011,step_5,no_load
15.230983,0.0,-0.0879,0.0699,-0.1578,0.0,-0.010,step_5,no_load
15.24109,0.0,-0.0879,0.0698,-0.1577,0.0,-0.009,step_5,no_load
15.251672,0.0,-0.0879,0.0697,-0.1576,0.0,-0.008,step_5,no_load
15.261752,0.0,-0.0879,0.0696,-0.1575,0.0,-0.008,step_5,no_load
15.272335,0.0,-0.0879,0.0695,-0.1574,0.0,-0.007,step_5,no_load
15.282428,0.0,-0.0879,0.0695,-0.1574,0.0,-0.007,step_5,no_load
15.292971,0.0,-0.0879,0.0694,-0.1573,0.0,-0.006,step_5,no_load
15.303445,0.0,-0.0879,0.0694,-0.1573,0.0,-0.005,step_5,no_load
15.314029,0.0,-0.0879,0.0693,-0.1572,0.0,-0.005,step_5,no_load
15.325405,0.0,-0.0879,0.0693,-0.1572,0.0,-0.005,step_5,no_load
15.336031,0.0,-0.0879,0.0692,-0.1571,0.0,-0.004,step_5,no_load
15.346209,0.0,-0.0879,0.0692,-0.1571,0.0,-0.004,step_5,no_load
15.356688,0.0,-0.0879,0.0691,-0.1570,0.0,-0.003,step_5,no_load
15.366796,0.0,-0.0879,0.0691,-0.1570,0.0,-0.003,step_5,no_load
15.376874,0.0,-0.0879,0.0691,-0.1570,0.0,-0.003,step_5,no_load
15.387277,0.0,-0.0879,0.0691,-0.1570,0.0,-0.003,step_5,no_load
15.397406,0.0,-0.0879,0.0690,-0.1569,0.0,-0.002,step_5,no_load
15.408037,0.0,-0.0879,0.0690,-0.1569,0.0,-0.002,step_5,no_load
15.418411,0.0,-0.0879,0.0690,-0.1569,0.0,-0.002,step_5,no_load
15.428996,0.0,-0.0879,0.0690,-0.1569,0.0,-0.002,step_5,no_load
15.439069,0.0,-0.0879,0.0689,-0.1568,0.0,-0.002,step_5,no_load
15.449632,0.0,-0.0879,0.0689,-0.1568,0.0,-0.002,step_5,no_load
15.460663,0.0,-0.0879,0.0689,-0.1568,0.0,-0.001,step_5,no_load
15.471286,0.0,-0.0879,0.0689,-0.1568,0.0,-0.001,step_5,no_load
15.481527,0.0,-0.0879,0.0689,-0.1568,0.0,-0.001,step_5,no_load
15.492115,0.0,-0.0879,0.0689,-0.1568,0.0,-0.001,step_5,no_load
15.502806,0.0,-0.0879,0.0689,-0.1568,0.0,-0.001,step_5,no_load
15.513891,0.0,-0.0879,0.0689,-0.1568,0.0,-0.001,step_5,no_load
15.524,0.0,-0.0879,0.0688,-0.1567,0.0,-0.001,step_5,no_load
15.534586,0.0,-0.0879,0.0688,-0.1567,0.0,-0.001,step_5,no_load
15.545632,0.0,-0.0879,0.0688,-0.1567,0.0,-0.001,step_5,no_load
15.556266,0.0,-0.0879,0.0688,-0.1567,0.0,-0.001,step_5,no_load
15.566471,0.0,-0.0879,0.0688,-0.1567,0.0,-0.001,step_5,no_load
15.577557,0.0,-0.0879,0.0688,-0.1567,0.0,-0.001,step_5,no_load
15.588615,0.0,-0.0879,0.0688,-0.1567,0.0,-0.000,step_5,no_load
15.599244,0.0,-0.0879,0.0688,-0.1567,0.0,-0.000,step_5,no_load
15.610224,0.0,-0.0879,0.0688,-0.1567,0.0,-0.000,step_5,no_load
15.620807,0.0,-0.0879,0.0688,-0.1567,0.0,-0.000,step_5,no_load
15.630904,0.0,-0.0879,0.0688,-0.1567,0.0,-0.000,step_5,no_load
15.641482,0.0,-0.0879,0.0688,-0.1567,0.0,-0.000,step_5,no_load
15.652445,0.0,-0.0879,0.0688,-0.1567,0.0,-0.000,step_5,no_load
15.663081,0.0,-0.0879,0.0688,-0.1567,0.0,-0.000,step_5,no_load
15.673165,0.0,-0.0879,0.0688,-0.1567,0.0,-0.000,step_5,no_load
15.68427,4.8955,-0.0879,0.0688,-0.1567,0.0,-0.000,step_5,no_load
15.695353,4.8955,-0.0879,0.0688,-0.1567,0.0,-0.000,step_5,no_load
15.705978,4.8955,-0.0879,0.0688,-0.1567,0.0,-0.000,step_5,no_load
15.716262,4.8955,-0.0879,0.0688,-0.1567,0.0,-0.000,step_5,no_load
15.726484,4.8955,0.0000,0.0688,-0.0688,8.599,-0.000,step_5,no_load
15.736966,4.8955,0.0879,0.0688,0.0191,8.386,-0.000,step_5,no_load
15.747581,4.8955,0.5273,0.0688,0.4585,41.394,-0.000,step_5,no_load
15.75769,4.8955,0.8789,0.4235,0.4554,34.781,35.473,step_5,no_load
15.768277,4.8955,1.4063,1.0878,0.3185,49.816,66.426,step_5,no_load
15.778726,4.8955,1.8457,1.6808,0.1649,42.052,59.305,step_5,no_load
15.789306,4.8955,2.3730,2.1848,0.1882,49.839,50.402,step_5,no_load
15.800372,4.8955,2.9883,2.7995,0.1888,55.603,40.977,step_5,no_load
15.811357,4.8955,3.5156,3.1315,0.3841,48.002,33.204,step_5,no_load
15.822337,4.8955,3.7793,3.4124,0.3669,24.016,28.093,step_5,no_load
15.833369,4.8955,3.8672,3.6501,0.2171,7.968,23.769,step_5,no_load
15.844643,4.8955,3.9551,3.8512,0.1039,7.797,20.110,step_5,no_load
15.854794,4.8955,4.0430,4.0214,0.0216,8.659,17.015,step_5,no_load
15.865361,4.8955,4.1309,4.2288,-0.0979,8.318,13.827,step_5,no_load
15.875564,4.8955,4.2188,4.3408,-0.1220,8.615,11.204,step_5,no_load
15.88621,4.8955,4.2188,4.4356,-0.2168,0.0,9.479,step_5,no_load
15.896285,4.8955,4.2188,4.5158,-0.2970,0.0,8.020,step_5,no_load
15.906899,4.8955,4.0430,4.5837,-0.5407,-16.563,6.786,step_5,no_load
15.917006,4.8955,4.0430,4.6411,-0.5981,0.0,5.741,step_5,no_load
15.927537,4.8955,4.0430,4.6897,-0.6467,0.0,4.858,step_5,no_load
15.93764,4.8955,4.0430,4.7308,-0.6878,0.0,4.110,step_5,no_load
15.948274,4.8955,4.1309,4.7655,-0.6346,8.266,3.478,step_5,no_load
15.958919,4.8955,4.2188,4.7950,-0.5762,8.257,2.942,step_5,no_load
15.969386,4.8955,4.2188,4.8199,-0.6011,0.0,2.489,step_5,no_load
15.979951,4.8955,4.3066,4.8409,-0.5343,8.31,2.106,step_5,no_load
15.990996,4.8955,4.3066,4.8666,-0.5600,0.0,1.712,step_5,no_load
16.00163,4.8955,4.3066,4.8805,-0.5739,0.0,1.387,step_5,no_load
16.011704,4.8955,4.3945,4.8922,-0.4977,8.725,1.174,step_5,no_load
16.022284,4.8955,4.3945,4.9021,-0.5076,0.0,0.993,step_5,no_load
16.032398,4.8955,4.3945,4.9105,-0.5160,0.0,0.840,step_5,no_load
16.042965,4.8955,4.3945,4.9176,-0.5231,0.0,0.711,step_5,no_load
16.053917,4.8955,4.3945,4.9237,-0.5292,0.0,0.601,step_5,no_load
16.064249,4.8955,4.3945,4.9287,-0.5342,0.0,0.509,step_5,no_load
16.075177,4.8955,4.3945,4.9349,-0.5404,0.0,0.413,step_5,no_load
16.08578,4.8955,4.3945,4.9383,-0.5438,0.0,0.335,step_5,no_load
16.095856,4.8955,4.3945,4.9411,-0.5466,0.0,0.284,step_5,no_load
16.106463,4.8955,4.3945,4.9436,-0.5491,0.0,0.244,step_5,no_load
16.117499,4.8955,4.4824,4.9457,-0.4633,7.965,0.211,step_5,no_load
16.127653,4.8955,4.4824,4.9475,-0.4651,0.0,0.184,step_5,no_load
16.137763,4.8955,4.5703,4.9491,-0.3788,8.694,0.161,step_5,no_load
16.148341,4.8955,4.5703,4.9505,-0.3802,0.0,0.142,step_5,no_load
16.158812,4.8955,4.5703,4.9518,-0.3815,0.0,0.126,step_5,no_load
16.168874,4.8955,4.5703,4.9529,-0.3826,0.0,0.113,step_5,no_load
16.179803,4.8955,4.5703,4.9539,-0.3836,0.0,0.101,step_5,no_load
16.190378,4.8955,4.4824,4.9553,-0.4729,-8.312,0.088,step_5,no_load
16.200964,4.8955,4.4824,4.9561,-0.4737,0.0,0.078,step_5,no_load
16.211537,4.8955,4.4824,4.9568,-0.4744,0.0,0.070,step_5,no_load
16.222122,4.8955,4.4824,4.9574,-0.4750,0.0,0.064,step_5,no_load
16.232216,4.8955,4.4824,4.9580,-0.4756,0.0,0.058,step_5,no_load
16.242283,4.8955,4.4824,4.9585,-0.4761,0.0,0.053,step_5,no_load
16.252859,4.8955,4.4824,4.9590,-0.4766,0.0,0.048,step_5,no_load
16.263458,4.8955,4.4824,4.9594,-0.4770,0.0,0.044,step_5,no_load
16.274084,4.8955,4.4824,4.9598,-0.4774,0.0,0.040,step_5,no_load
16.284414,4.8955,4.4824,4.9602,-0.4778,0.0,0.036,step_5,no_load
16.294941,4.8955,4.4824,4.9605,-0.4781,0.0,0.033,step_5,no_load
16.305048,4.8955,4.4824,4.9610,-0.4786,0.0,0.030,step_5,no_load
16.31547,4.8955,4.4824,4.9612,-0.4788,0.0,0.027,step_5,no_load
16.326375,4.8955,4.4824,4.9615,-0.4791,0.0,0.024,step_5,no_load
16.336996,4.8955,4.4824,4.9617,-0.4793,0.0,0.022,step_5,no_load
16.347066,4.8955,4.4824,4.9619,-0.4795,0.0,0.020,step_5,no_load
16.357663,4.8955,4.4824,4.9621,-0.4797,0.0,0.019,step_5,no_load
16.368667,4.8955,4.4824,4.9623,-0.4799,0.0,0.017,step_5,no_load
16.378897,4.8955,4.4824,4.9624,-0.4800,0.0,0.016,step_5,no_load
16.389477,4.8955,4.4824,4.9626,-0.4802,0.0,0.014,step_5,no_load
16.399615,4.8955,4.4824,4.9627,-0.4803,0.0,0.013,step_5,no_load
16.410981,4.8955,4.4824,4.9629,-0.4805,0.0,0.012,step_5,no_load
16.422107,4.8955,4.4824,4.9630,-0.4806,0.0,0.011,step_5,no_load
16.4327,4.8955,4.4824,4.9631,-0.4807,0.0,0.010,step_5,no_load
16.443757,4.8955,4.4824,4.9632,-0.4808,0.0,0.009,step_5,no_load
16.454344,4.8955,4.4824,4.9632,-0.4808,0.0,0.008,step_5,no_load
16.465431,4.8955,4.4824,4.9634,-0.4810,0.0,0.007,step_5,no_load
16.47554,4.8955,4.4824,4.9634,-0.4810,0.0,0.007,step_5,no_load
16.486119,4.8955,4.4824,4.9635,-0.4811,0.0,0.006,step_5,no_load
16.496657,4.8955,4.4824,4.9635,-0.4811,0.0,0.006,step_5,no_load
16.506799,4.8955,4.4824,4.9636,-0.4812,0.0,0.005,step_5,no_load
16.517377,4.8955,4.4824,4.9636,-0.4812,0.0,0.005,step_5,no_load
16.52784,4.8955,4.4824,4.9637,-0.4813,0.0,0.004,step_5,no_load
16.538444,4.8955,4.4824,4.9637,-0.4813,0.0,0.004,step_5,no_load
16.549291,4.8955,4.4824,4.9638,-0.4814,0.0,0.004,step_5,no_load
16.55948,4.8955,4.4824,4.9638,-0.4814,0.0,0.003,step_5,no_load
16.570001,4.8955,4.4824,4.9638,-0.4814,0.0,0.003,step_5,no_load
16.580625,4.8955,4.4824,4.9639,-0.4815,0.0,0.003,step_5,no_load
16.590734,4.8955,4.4824,4.9639,-0.4815,0.0,0.002,step_5,no_load
16.601311,4.8955,4.4824,4.9639,-0.4815,0.0,0.002,step_5,no_load
16.611931,4.8955,4.4824,4.9639,-0.4815,0.0,0.002,step_5,no_load
16.622541,4.8955,4.4824,4.9640,-0.4816,0.0,0.002,step_5,no_load
16.633138,4.8955,4.4824,4.9640,-0.4816,0.0,0.002,step_5,no_load
16.644269,4.8955,4.4824,4.9640,-0.4816,0.0,0.002,step_5,no_load
16.654895,4.8955,4.4824,4.9640,-0.4816,0.0,0.001,step_5,no_load
16.664989,4.8955,4.4824,4.9640,-0.4816,0.0,0.001,step_5,no_load
16.675277,4.8955,4.4824,4.9640,-0.4816,0.0,0.001,step_5,no_load
16.685505,4.8955,4.4824,4.9640,-0.4816,0.0,0.001,step_5,no_load
16.69608,4.8955,4.4824,4.9641,-0.4817,0.0,0.001,step_5,no_load
16.70695,4.8955,4.4824,4.9641,-0.4817,0.0,0.001,step_5,no_load
16.717586,4.8955,4.4824,4.9641,-0.4817,0.0,0.001,step_5,no_load
16.727761,4.8955,4.4824,4.9641,-0.4817,0.0,0.001,step_5,no_load
16.738344,4.8955,4.4824,4.9641,-0.4817,0.0,0.001,step_5,no_load
16.748415,4.8955,4.4824,4.9641,-0.4817,0.0,0.001,step_5,no_load
16.758575,4.8955,4.4824,4.9641,-0.4817,0.0,0.001,step_5,no_load
16.769185,4.8955,4.4824,4.9641,-0.4817,0.0,0.001,step_5,no_load
16.779813,4.8955,4.4824,4.9641,-0.4817,0.0,0.001,step_5,no_load
16.789893,4.8955,4.4824,4.9641,-0.4817,0.0,0.000,step_5,no_load
16.800216,4.8955,4.4824,4.9641,-0.4817,0.0,0.000,step_5,no_load
16.811208,4.8955,4.4824,4.9641,-0.4817,0.0,0.000,step_5,no_load
16.822217,4.8955,4.4824,4.9641,-0.4817,0.0,0.000,step_5,no_load
16.833144,4.8955,4.4824,4.9641,-0.4817,0.0,0.000,step_5,no_load
16.843315,4.8955,4.4824,4.9641,-0.4817,0.0,0.000,step_5,no_load
16.854305,4.8955,4.4824,4.9641,-0.4817,0.0,0.000,step_5,no_load
16.865325,4.8955,4.4824,4.9641,-0.4817,0.0,0.000,step_5,no_load
16.876128,4.8955,4.4824,4.9641,-0.4817,0.0,0.000,step_5,no_load
16.887235,0.0,4.4824,4.9641,-0.4817,0.0,0.000,step_5,no_load
16.897842,0.0,4.4824,4.9641,-0.4817,0.0,0.000,step_5,no_load
16.908411,0.0,4.4824,4.9642,-0.4818,0.0,0.000,step_5,no_load
16.919043,0.0,4.4824,4.9642,-0.4818,0.0,0.000,step_5,no_load
16.9295,0.0,4.4824,4.9642,-0.4818,0.0,0.000,step_5,no_load
16.940039,0.0,4.3945,4.9642,-0.5697,-8.34,0.000,step_5,no_load
16.950476,0.0,4.3066,4.9642,-0.6576,-8.422,0.000,step_5,no_load
16.961146,0.0,3.8672,4.7108,-0.8436,-41.181,-25.336,step_5,no_load
16.971688,0.0,3.2520,4.1641,-0.9121,-58.357,-54.669,step_5,no_load
16.982267,0.0,2.7246,3.5483,-0.8237,-49.853,-61.582,step_5,no_load
16.993337,0.0,2.2852,3.0149,-0.7297,-39.693,-53.342,step_5,no_load
17.003915,0.0,1.8457,2.5627,-0.7170,-41.548,-45.221,step_5,no_load
17.013996,0.0,1.3184,2.1800,-0.8616,-52.306,-38.268,step_5,no_load
17.024574,0.0,0.8789,1.8562,-0.9773,-41.548,-32.379,step_5,no_load
17.035155,0.0,0.7910,1.4615,-0.6705,-8.307,-26.312,step_5,no_load
17.045799,0.0,0.7031,1.2483,-0.5452,-8.258,-21.320,step_5,no_load
17.056377,0.0,0.6152,1.0679,-0.4527,-8.31,-18.039,step_5,no_load
17.066705,0.0,0.5273,0.9153,-0.3880,-8.511,-15.263,step_5,no_load
17.076914,0.0,0.4395,0.7862,-0.3467,-8.6,-12.913,step_5,no_load
17.087924,0.0,0.3516,0.6769,-0.3253,-7.984,-10.926,step_5,no_load
17.098558,0.0,0.3516,0.5845,-0.2329,0.0,-9.244,step_5,no_load
17.109338,0.0,0.3516,0.5062,-0.1546,0.0,-7.822,step_5,no_load
17.119915,0.0,0.5273,0.4401,0.0872,16.612,-6.618,step_5,no_load
17.130955,0.0,0.5273,0.3594,0.1679,0.0,-5.378,step_5,no_load
17.141219,0.0,0.6152,0.3158,0.2994,8.564,-4.358,step_5,no_load
17.151665,0.0,0.6152,0.2789,0.3363,0.0,-3.687,step_5,no_load
17.162247,0.0,0.5273,0.2477,0.2796,-8.307,-3.120,step_5,no_load
17.172408,0.0,0.3516,0.2213,0.1303,-17.292,-2.640,step_5,no_load
17.183002,0.0,0.1758,0.1990,-0.0232,-16.594,-2.233,step_5,no_load
17.193806,0.0,0.0000,0.1801,-0.1801,-16.272,-1.890,step_5,no_load
17.203906,0.0,-0.0879,0.1641,-0.2520,-8.703,-1.599,step_5,no_load
17.214529,0.0,-0.0879,0.1506,-0.2385,0.0,-1.353,step_5,no_load
17.225181,0.0,-0.0879,0.1341,-0.2220,0.0,-1.099,step_5,no_load
17.235772,0.0,-0.0879,0.1252,-0.2131,0.0,-0.891,step_5,no_load
17.245858,0.0,-0.0879,0.1177,-0.2056,0.0,-0.754,step_5,no_load
17.256469,0.0,-0.0879,0.1113,-0.1992,0.0,-0.638,step_5,no_load
17.266544,0.0,0.0000,0.1059,-0.1059,8.725,-0.540,step_5,no_load
17.276989,0.0,0.0000,0.1013,-0.1013,0.0,-0.457,step_5,no_load
17.288004,0.0,0.0000,0.0975,-0.0975,0.0,-0.386,step_5,no_load
17.298129,0.0,0.0000,0.0942,-0.0942,0.0,-0.327,step_5,no_load
17.308606,0.0,0.0000,0.0914,-0.0914,0.0,-0.278,step_5,no_load
17.319369,0.0,0.0000,0.0890,-0.0890,0.0,-0.238,step_5,no_load
17.33,0.0,-0.0879,0.0870,-0.1749,-8.268,-0.207,step_5,no_load
17.340223,0.0,-0.0879,0.0843,-0.1722,0.0,-0.175,step_5,no_load
17.35085,0.0,-0.0879,0.0828,-0.1707,0.0,-0.149,step_5,no_load
17.360952,0.0,-0.0879,0.0815,-0.1694,0.0,-0.132,step_5,no_load
17.371539,0.0,-0.0879,0.0804,-0.1683,0.0,-0.117,step_5,no_load
17.382292,0.0,-0.0879,0.0793,-0.1672,0.0,-0.105,step_5,no_load
17.393457,0.0,-0.0879,0.0784,-0.1663,0.0,-0.094,step_5,no_load
17.404089,0.0,-0.0879,0.0775,-0.1654,0.0,-0.085,step_5,no_load
17.414693,0.0,-0.0879,0.0767,-0.1646,0.0,-0.077,step_5,no_load
17.424769,0.0,-0.0879,0.0760,-0.1639,0.0,-0.069,step_5,no_load
17.435416,0.0,-0.0879,0.0751,-0.1630,0.0,-0.061,step_5,no_load
17.446044,0.0,-0.0879,0.0746,-0.1625,0.0,-0.054,step_5,no_load
17.456713,0.0,-0.0879,0.0741,-0.1620,0.0,-0.050,step_5,no_load
17.46731,0.0,-0.0879,0.0736,-0.1615,0.0,-0.045,step_5,no_load
17.477471,0.0,-0.0879,0.0732,-0.1611,0.0,-0.041,step_5,no_load
17.488049,0.0,-0.0879,0.0728,-0.1607,0.0,-0.038,step_5,no_load
17.498171,0.0,-0.0879,0.0725,-0.1604,0.0,-0.034,step_5,no_load
17.508267,0.0,-0.0879,0.0722,-0.1601,0.0,-0.031,step_5,no_load
17.518793,0.0,-0.0879,0.0719,-0.1598,0.0,-0.029,step_5,no_load
17.528889,0.0,-0.0879,0.0716,-0.1595,0.0,-0.026,step_5,no_load
17.539356,0.0,-0.0879,0.0714,-0.1593,0.0,-0.024,step_5,no_load
17.549993,0.0,-0.0879,0.0712,-0.1591,0.0,-0.022,step_5,no_load
17.560058,0.0,-0.0879,0.0709,-0.1588,0.0,-0.020,step_5,no_load
17.57065,0.0,-0.0879,0.0707,-0.1586,0.0,-0.018,step_5,no_load
17.580712,0.0,-0.0879,0.0706,-0.1585,0.0,-0.016,step_5,no_load
17.591298,0.0,-0.0879,0.0704,-0.1583,0.0,-0.015,step_5,no_load
17.602163,0.0,-0.0879,0.0703,-0.1582,0.0,-0.014,step_5,no_load
17.612316,0.0,-0.0879,0.0701,-0.1580,0.0,-0.012,step_5,no_load
17.622899,0.0,-0.0879,0.0700,-0.1579,0.0,-0.011,step_5,no_load
17.63353,0.0,-0.0879,0.0699,-0.1578,0.0,-0.010,step_5,no_load
17.644653,0.0,-0.0879,0.0698,-0.1577,0.0,-0.010,step_5,no_load
17.655254,0.0,-0.0879,0.0697,-0.1576,0.0,-0.009,step_5,no_load
17.665322,0.0,-0.0879,0.0696,-0.1575,0.0,-0.008,step_5,no_load
17.676032,0.0,-0.0879,0.0695,-0.1574,0.0,-0.007,step_5,no_load
17.686885,0.0,-0.0879,0.0695,-0.1574,0.0,-0.007,step_5,no_load
17.69752,0.0,-0.0879,0.0694,-0.1573,0.0,-0.006,step_5,no_load
17.70767,0.0,-0.0879,0.0694,-0.1573,0.0,-0.005,step_5,no_load
17.718284,0.0,-0.0879,0.0693,-0.1572,0.0,-0.005,step_5,no_load
17.729347,0.0,-0.0879,0.0693,-0.1572,0.0,-0.005,step_5,no_load
17.73997,0.0,-0.0879,0.0692,-0.1571,0.0,-0.004,step_5,no_load
17.751028,0.0,-0.0879,0.0692,-0.1571,0.0,-0.004,step_5,no_load
17.761626,0.0,-0.0879,0.0691,-0.1570,0.0,-0.003,step_5,no_load
17.772718,0.0,-0.0879,0.0691,-0.1570,0.0,-0.003,step_5,no_load
17.783594,0.0,-0.0879,0.0691,-0.1570,0.0,-0.003,step_5,no_load
17.793686,0.0,-0.0879,0.0691,-0.1570,0.0,-0.003,step_5,no_load
17.804119,0.0,-0.0879,0.0690,-0.1569,0.0,-0.002,step_5,no_load
17.815135,0.0,-0.0879,0.0690,-0.1569,0.0,-0.002,step_5,no_load
17.826096,0.0,-0.0879,0.0690,-0.1569,0.0,-0.002,step_5,no_load
17.837116,0.0,-0.0879,0.0690,-0.1569,0.0,-0.002,step_5,no_load
17.847268,0.0,-0.0879,0.0689,-0.1568,0.0,-0.002,step_5,no_load
17.857479,0.0,-0.0879,0.0689,-0.1568,0.0,-0.002,step_5,no_load
17.868063,0.0,-0.0879,0.0689,-0.1568,0.0,-0.001,step_5,no_load
17.879159,0.0,-0.0879,0.0689,-0.1568,0.0,-0.001,step_5,no_load
17.889736,0.0,-0.0879,0.0689,-0.1568,0.0,-0.001,step_5,no_load
17.900497,0.0,-0.0879,0.0689,-0.1568,0.0,-0.001,step_5,no_load
17.911482,0.0,-0.0879,0.0689,-0.1568,0.0,-0.001,step_5,no_load
17.921552,0.0,-0.0879,0.0688,-0.1567,0.0,-0.001,step_5,no_load
17.932131,0.0,-0.0879,0.0688,-0.1567,0.0,-0.001,step_5,no_load
17.943111,0.0,-0.0879,0.0688,-0.1567,0.0,-0.001,step_5,no_load
17.953689,0.0,-0.0879,0.0688,-0.1567,0.0,-0.001,step_5,no_load
17.964254,0.0,-0.0879,0.0688,-0.1567,0.0,-0.001,step_5,no_load
17.974808,0.0,-0.0879,0.0688,-0.1567,0.0,-0.001,step_5,no_load
17.985432,0.0,-0.0879,0.0688,-0.1567,0.0,-0.001,step_5,no_load
17.996422,0.0,-0.0879,0.0688,-0.1567,0.0,-0.000,step_5,no_load
18.00737,0.0,-0.0879,0.0688,-0.1567,0.0,-0.000,step_5,no_load
18.017971,0.0,-0.0879,0.0688,-0.1567,0.0,-0.000,step_5,no_load
18.028229,0.0,-0.0879,0.0688,-0.1567,0.0,-0.000,step_5,no_load
18.038611,0.0,-0.0879,0.0688,-0.1567,0.0,-0.000,step_5,no_load
18.048785,0.0,-0.0879,0.0688,-0.1567,0.0,-0.000,step_5,no_load
18.058861,0.0,-0.0879,0.0688,-0.1567,0.0,-0.000,step_5,no_load
18.069818,0.0,-0.0879,0.0688,-0.1567,0.0,-0.000,step_5,no_load
18.080447,0.0,-0.0879,0.0688,-0.1567,0.0,-0.000,step_5,no_load
18.091422,4.8955,-0.0879,0.0688,-0.1567,0.0,-0.000,step_5,no_load
18.101983,4.8955,-0.0879,0.0688,-0.1567,0.0,-0.000,step_5,no_load
18.113049,4.8955,-0.0879,0.0688,-0.1567,0.0,-0.000,step_5,no_load
18.123671,4.8955,-0.0879,0.0688,-0.1567,0.0,-0.000,step_5,no_load
18.134753,4.8955,0.0000,0.0688,-0.0688,7.932,-0.000,step_5,no_load
18.145397,4.8955,0.0879,0.0688,0.0191,8.258,-0.000,step_5,no_load
18.155585,4.8955,0.5273,0.0688,0.4585,43.129,-0.000,step_5,no_load
18.166168,4.8955,0.8789,0.4235,0.4554,33.223,35.473,step_5,no_load
18.176889,4.8955,1.4063,1.0878,0.3185,49.193,66.426,step_5,no_load
18.187516,4.8955,1.9336,1.6808,0.2528,49.619,59.305,step_5,no_load
18.197608,4.8955,2.4609,2.1848,0.2761,52.249,50.402,step_5,no_load
18.208412,4.8955,3.0762,2.6114,0.4648,56.951,42.663,step_5,no_load
18.218912,4.8955,3.5156,2.9724,0.5432,41.848,36.098,step_5,no_load
18.229469,4.8955,3.7793,3.2778,0.5015,24.979,30.542,step_5,no_load
18.239998,4.8955,3.8672,3.5362,0.3310,8.348,25.841,step_5,no_load
18.250584,4.8955,3.9551,3.8512,0.1039,8.303,20.999,step_5,no_load
18.261568,4.8955,4.0430,4.0214,0.0216,8.003,17.015,step_5,no_load
18.272147,4.8955,4.1309,4.1653,-0.0344,8.309,14.396,step_5,no_load
18.283224,4.8955,4.2188,4.2871,-0.0683,7.935,12.180,step_5,no_load
18.293815,4.8955,4.2188,4.3902,-0.1714,0.0,10.305,step_5,no_load
18.304877,4.8955,4.2188,4.4774,-0.2586,0.0,8.719,step_5,no_load
18.31549,4.8955,4.1309,4.5837,-0.4528,-8.282,7.086,step_5,no_load
18.326323,4.8955,4.0430,4.6411,-0.5981,-8.114,5.741,step_5,no_load
18.336961,4.8955,4.0430,4.6897,-0.6467,0.0,4.858,step_5,no_load
18.348029,4.8955,4.1309,4.7308,-0.5999,7.942,4.110,step_5,no_load
18.358319,4.8955,4.1309,4.7655,-0.6346,0.0,3.478,step_5,no_load
18.368927,4.8955,4.2188,4.7950,-0.5762,8.286,2.942,step_5,no_load
18.379956,4.8955,4.3066,4.8199,-0.5133,7.961,2.489,step_5,no_load
18.390587,4.8955,4.3066,4.8502,-0.5436,0.0,2.023,step_5,no_load
18.401569,4.8955,4.3066,4.8666,-0.5600,0.0,1.639,step_5,no_load
18.41217,4.8955,4.3945,4.8805,-0.4860,8.292,1.387,step_5,no_load
18.422306,4.8955,4.3945,4.8922,-0.4977,0.0,1.174,step_5,no_load
18.432935,4.8955,4.3945,4.9021,-0.5076,0.0,0.993,step_5,no_load
18.444142,4.8955,4.3945,4.9105,-0.5160,0.0,0.840,step_5,no_load
18.454549,4.8955,4.3945,4.9176,-0.5231,0.0,0.711,step_5,no_load
18.465485,4.8955,4.3945,4.9263,-0.5318,0.0,0.578,step_5,no_load
18.475569,4.8955,4.3945,4.9310,-0.5365,0.0,0.468,step_5,no_load
18.486207,4.8955,4.3945,4.9349,-0.5404,0.0,0.396,step_5,no_load
18.496313,4.8955,4.3945,4.9383,-0.5438,0.0,0.335,step_5,no_load
18.506939,4.8955,4.3945,4.9411,-0.5466,0.0,0.284,step_5,no_load
18.517603,4.8955,4.3945,4.9436,-0.5491,0.0,0.244,step_5,no_load
18.527736,4.8955,4.3945,4.9457,-0.5512,0.0,0.211,step_5,no_load
18.538323,4.8955,4.3945,4.9475,-0.5530,0.0,0.184,step_5,no_load
18.548423,4.8955,4.3945,4.9491,-0.5546,0.0,0.161,step_5,no_load
18.558501,4.8955,4.3945,4.9505,-0.5560,0.0,0.142,step_5,no_load
18.568829,4.8955,4.3945,4.9518,-0.5573,0.0,0.126,step_5,no_load
18.578898,4.8955,4.3945,4.9529,-0.5584,0.0,0.113,step_5,no_load
18.589483,4.8955,4.3945,4.9539,-0.5594,0.0,0.101,step_5,no_load
18.599546,4.8955,4.3945,4.9549,-0.5604,0.0,0.091,step_5,no_load
18.61004,4.8955,4.3945,4.9561,-0.5616,0.0,0.080,step_5,no_load
18.620618,4.8955,4.3945,4.9568,-0.5623,0.0,0.070,step_5,no_load
18.631705,4.8955,4.3945,4.9574,-0.5629,0.0,0.064,step_5,no_load
18.64177,4.8955,4.3945,4.9580,-0.5635,0.0,0.058,step_5,no_load
18.652346,4.8955,4.3945,4.9585,-0.5640,0.0,0.053,step_5,no_load
18.662959,4.8955,4.3945,4.9590,-0.5645,0.0,0.048,step_5,no_load
18.673595,4.8955,4.3945,4.9594,-0.5649,0.0,0.044,step_5,no_load
18.684171,4.8955,4.3945,4.9598,-0.5653,0.0,0.040,step_5,no_load
18.694815,4.8955,4.3945,4.9602,-0.5657,0.0,0.036,step_5,no_load
18.705446,4.8955,4.3945,4.9607,-0.5662,0.0,0.033,step_5,no_load
18.7159,4.8955,4.4824,4.9610,-0.4786,8.408,0.029,step_5,no_load
18.726754,4.8955,4.4824,4.9612,-0.4788,0.0,0.027,step_5,no_load
18.736877,4.8955,4.4824,4.9615,-0.4791,0.0,0.024,step_5,no_load
18.747502,4.8955,4.4824,4.9617,-0.4793,0.0,0.022,step_5,no_load
18.757706,4.8955,4.4824,4.9619,-0.4795,0.0,0.020,step_5,no_load
18.768354,4.8955,4.4824,4.9621,-0.4797,0.0,0.019,step_5,no_load
18.779402,4.8955,4.4824,4.9623,-0.4799,0.0,0.017,step_5,no_load
18.790096,4.8955,4.4824,4.9625,-0.4801,0.0,0.015,step_5,no_load
18.801116,4.8955,4.4824,4.9626,-0.4802,0.0,0.014,step_5,no_load
18.811778,4.8955,4.4824,4.9628,-0.4804,0.0,0.013,step_5,no_load
18.82279,4.8955,4.4824,4.9629,-0.4805,0.0,0.012,step_5,no_load
18.833797,4.8955,4.4824,4.9630,-0.4806,0.0,0.011,step_5,no_load
18.844284,4.8955,4.4824,4.9631,-0.4807,0.0,0.010,step_5,no_load
18.854382,4.8955,4.4824,4.9632,-0.4808,0.0,0.009,step_5,no_load
18.864892,4.8955,4.4824,4.9632,-0.4808,0.0,0.008,step_5,no_load
18.875729,4.8955,4.4824,4.9634,-0.4810,0.0,0.007,step_5,no_load
18.886311,4.8955,4.4824,4.9634,-0.4810,0.0,0.007,step_5,no_load
18.896416,4.8955,4.4824,4.9635,-0.4811,0.0,0.006,step_5,no_load
18.907051,4.8955,4.4824,4.9635,-0.4811,0.0,0.006,step_5,no_load
18.918034,4.8955,4.4824,4.9636,-0.4812,0.0,0.005,step_5,no_load
18.929082,4.8955,4.4824,4.9636,-0.4812,0.0,0.005,step_5,no_load
18.939168,4.8955,4.4824,4.9637,-0.4813,0.0,0.004,step_5,no_load
18.949749,4.8955,4.4824,4.9637,-0.4813,0.0,0.004,step_5,no_load
18.960561,4.8955,4.4824,4.9638,-0.4814,0.0,0.004,step_5,no_load
18.971679,4.8955,4.4824,4.9638,-0.4814,0.0,0.003,step_5,no_load
18.982707,4.8955,4.4824,4.9638,-0.4814,0.0,0.003,step_5,no_load
18.993202,4.8955,4.4824,4.9639,-0.4815,0.0,0.003,step_5,no_load
19.003776,4.8955,4.4824,4.9639,-0.4815,0.0,0.002,step_5,no_load
19.014562,4.8955,4.4824,4.9639,-0.4815,0.0,0.002,step_5,no_load
19.0255,4.8955,4.4824,4.9639,-0.4815,0.0,0.002,step_5,no_load
19.036052,4.8955,4.4824,4.9640,-0.4816,0.0,0.002,step_5,no_load
19.04663,4.8955,4.4824,4.9640,-0.4816,0.0,0.002,step_5,no_load
19.057791,4.8955,4.4824,4.9640,-0.4816,0.0,0.002,step_5,no_load
19.068164,4.8955,4.4824,4.9640,-0.4816,0.0,0.001,step_5,no_load
19.078707,4.8955,4.4824,4.9640,-0.4816,0.0,0.001,step_5,no_load
19.089333,4.8955,4.4824,4.9640,-0.4816,0.0,0.001,step_5,no_load
19.099468,4.8955,4.4824,4.9640,-0.4816,0.0,0.001,step_5,no_load
19.109972,4.8955,4.4824,4.9641,-0.4817,0.0,0.001,step_5,no_load
19.120036,4.8955,4.4824,4.9641,-0.4817,0.0,0.001,step_5,no_load
19.13063,4.8955,4.4824,4.9641,-0.4817,0.0,0.001,step_5,no_load
19.14136,4.8955,4.4824,4.9641,-0.4817,0.0,0.001,step_5,no_load
19.152127,4.8955,4.4824,4.9641,-0.4817,0.0,0.001,step_5,no_load
19.163094,4.8955,4.4824,4.9641,-0.4817,0.0,0.001,step_5,no_load
19.173709,4.8955,4.4824,4.9641,-0.4817,0.0,0.001,step_5,no_load
19.183948,4.8955,4.4824,4.9641,-0.4817,0.0,0.001,step_5,no_load
19.194408,4.8955,4.4824,4.9641,-0.4817,0.0,0.000,step_5,no_load
19.205476,4.8955,4.4824,4.9641,-0.4817,0.0,0.000,step_5,no_load
19.216056,4.8955,4.4824,4.9641,-0.4817,0.0,0.000,step_5,no_load
19.226252,4.8955,4.4824,4.9641,-0.4817,0.0,0.000,step_5,no_load
19.236883,4.8955,4.4824,4.9641,-0.4817,0.0,0.000,step_5,no_load
19.247049,4.8955,4.4824,4.9641,-0.4817,0.0,0.000,step_5,no_load
19.257636,4.8955,4.4824,4.9641,-0.4817,0.0,0.000,step_5,no_load
19.268339,4.8955,4.4824,4.9641,-0.4817,0.0,0.000,step_5,no_load
19.278922,4.8955,4.4824,4.9641,-0.4817,0.0,0.000,step_5,no_load
19.28905,4.8955,4.4824,4.9641,-0.4817,0.0,0.000,step_5,no_load
19.300143,0.0,4.4824,4.9641,-0.4817,0.0,0.000,step_5,no_load
19.310729,0.0,4.4824,4.9642,-0.4818,0.0,0.000,step_5,no_load
19.321354,0.0,4.4824,4.9642,-0.4818,0.0,0.000,step_5,no_load
19.332258,0.0,4.4824,4.9642,-0.4818,0.0,0.000,step_5,no_load
19.343631,0.0,4.4824,4.9642,-0.4818,0.0,0.000,step_5,no_load
19.353743,0.0,4.3945,4.9642,-0.5697,-8.693,0.000,step_5,no_load
19.364299,0.0,4.3066,4.9642,-0.6576,-8.327,0.000,step_5,no_load
19.374969,0.0,3.8672,4.8772,-1.0100,-41.181,-8.700,step_5,no_load
19.386369,0.0,3.2520,4.1641,-0.9121,-53.965,-47.536,step_5,no_load
19.397445,0.0,2.6367,3.5483,-0.9116,-55.553,-61.582,step_5,no_load
19.408351,0.0,2.1973,3.0149,-0.8176,-40.29,-53.342,step_5,no_load
19.418989,0.0,1.7578,2.5627,-0.8049,-41.314,-45.221,step_5,no_load
19.430067,0.0,1.1426,2.0113,-0.8687,-55.533,-36.756,step_5,no_load
19.440595,0.0,0.8789,1.7135,-0.8346,-25.047,-29.783,step_5,no_load
19.451204,0.0,0.7910,1.4615,-0.6705,-8.285,-25.199,step_5,no_load
19.462236,0.0,0.7031,1.2483,-0.5452,-7.968,-21.320,step_5,no_load
19.47247,0.0,0.6152,1.0679,-0.4527,-8.589,-18.039,step_5,no_load
19.483079,0.0,0.4395,0.9153,-0.4758,-16.561,-15.263,step_5,no_load
19.494195,0.0,0.4395,0.7862,-0.3467,0.0,-12.913,step_5,no_load
19.504871,0.0,0.3516,0.6769,-0.3253,-8.233,-10.926,step_5,no_load
19.515363,0.0,0.3516,0.5437,-0.1921,0.0,-8.879,step_5,no_load
19.526742,0.0,0.5273,0.4718,0.0555,15.441,-7.195,step_5,no_load
19.536928,0.0,0.5273,0.4109,0.1164,0.0,-6.087,step_5,no_load
19.547519,0.0,0.6152,0.3594,0.2558,8.299,-5.151,step_5,no_load
19.557685,0.0,0.6152,0.3158,0.2994,0.0,-4.358,step_5,no_load
19.568316,0.0,0.6152,0.2789,0.3363,0.0,-3.687,step_5,no_load
19.578919,0.0,0.4395,0.2477,0.1918,-16.571,-3.120,step_5,no_load
19.589548,0.0,0.2637,0.2213,0.0424,-16.54,-2.640,step_5,no_load
19.600581,0.0,0.0000,0.1892,-0.1892,-23.901,-2.145,step_5,no_load
19.611142,0.0,-0.0879,0.1718,-0.2597,-8.323,-1.738,step_5,no_load
19.621733,0.0,-0.0879,0.1571,-0.2450,0.0,-1.471,step_5,no_load
19.632297,0.0,-0.1758,0.1446,-0.3204,-8.321,-1.244,step_5,no_load
19.643459,0.0,-0.1758,0.1341,-0.3099,0.0,-1.053,step_5,no_load
19.654035,0.0,-0.1758,0.1252,-0.3010,0.0,-0.891,step_5,no_load
19.664176,0.0,-0.0879,0.1177,-0.2056,8.668,-0.754,step_5,no_load
19.674698,0.0,-0.0879,0.1113,-0.1992,0.0,-0.638,step_5,no_load
19.685168,0.0,0.0000,0.1035,-0.1035,8.395,-0.518,step_5,no_load
19.695791,0.0,0.0879,0.0993,-0.0114,8.274,-0.420,step_5,no_load
19.705911,0.0,0.0879,0.0957,-0.0078,0.0,-0.355,step_5,no_load
19.716519,0.0,0.0879,0.0927,-0.0048,0.0,-0.301,step_5,no_load
19.726608,0.0,0.0000,0.0902,-0.0902,-8.712,-0.257,step_5,no_load
19.737235,0.0,-0.0879,0.0879,-0.1758,-8.271,-0.222,step_5,no_load
19.747351,0.0,-0.0879,0.0860,-0.1739,0.0,-0.193,step_5,no_load
19.7579,0.0,-0.0879,0.0843,-0.1722,0.0,-0.169,step_5,no_load
19.768519,0.0,-0.0879,0.0828,-0.1707,0.0,-0.149,step_5,no_load
19.778962,0.0,-0.0879,0.0815,-0.1694,0.0,-0.132,step_5,no_load
19.789569,0.0,-0.0879,0.0804,-0.1683,0.0,-0.117,step_5,no_load
19.80061,0.0,-0.0879,0.0788,-0.1667,0.0,-0.102,step_5,no_load
19.811639,0.0,-0.0879,0.0779,-0.1658,0.0,-0.089,step_5,no_load
19.822126,0.0,-0.0879,0.0771,-0.1650,0.0,-0.081,step_5,no_load
19.832174,0.0,-0.0879,0.0764,-0.1643,0.0,-0.073,step_5,no_load
19.843444,0.0,-0.0879,0.0757,-0.1636,0.0,-0.066,step_5,no_load
19.853562,0.0,-0.0879,0.0751,-0.1630,0.0,-0.060,step_5,no_load
19.864082,0.0,-0.0879,0.0746,-0.1625,0.0,-0.054,step_5,no_load
19.874217,0.0,-0.0879,0.0741,-0.1620,0.0,-0.050,step_5,no_load
19.884645,0.0,-0.0879,0.0736,-0.1615,0.0,-0.045,step_5,no_load
19.89535,0.0,-0.0879,0.0730,-0.1609,0.0,-0.040,step_5,no_load
19.906341,0.0,-0.0879,0.0727,-0.1606,0.0,-0.036,step_5,no_load
19.916974,0.0,-0.0879,0.0723,-0.1602,0.0,-0.033,step_5,no_load
19.927121,0.0,-0.0879,0.0720,-0.1599,0.0,-0.030,step_5,no_load
19.937688,0.0,-0.0879,0.0718,-0.1597,0.0,-0.027,step_5,no_load
19.947929,0.0,-0.0879,0.0715,-0.1594,0.0,-0.025,step_5,no_load
19.958028,0.0,-0.0879,0.0713,-0.1592,0.0,-0.023,step_5,no_load
19.968329,0.0,-0.0879,0.0711,-0.1590,0.0,-0.021,step_5,no_load
19.978951,0.0,-0.0879,0.0709,-0.1588,0.0,-0.019,step_5,no_load
19.989586,0.0,-0.0879,0.0707,-0.1586,0.0,-0.018,step_5,no_load
20.000659,0.0,-0.0879,0.0705,-0.1584,0.0,-0.016,step_5,no_load
20.011249,0.0,-0.0879,0.0703,-0.1582,0.0,-0.014,step_5,no_load
20.022228,0.0,-0.0879,0.0702,-0.1581,0.0,-0.013,step_5,no_load
20.032813,0.0,-0.0879,0.0701,-0.1580,0.0,-0.012,step_5,no_load
20.04392,0.0,-0.0879,0.0700,-0.1579,0.0,-0.011,step_5,no_load
20.054287,0.0,-0.0879,0.0699,-0.1578,0.0,-0.010,step_5,no_load
20.064434,0.0,-0.0879,0.0698,-0.1577,0.0,-0.009,step_5,no_load
20.074563,0.0,-0.0879,0.0697,-0.1576,0.0,-0.008,step_5,no_load
20.08508,0.0,-0.0879,0.0696,-0.1575,0.0,-0.008,step_5,no_load
20.095661,0.0,-0.0879,0.0695,-0.1574,0.0,-0.007,step_5,no_load
20.106215,0.0,-0.0879,0.0695,-0.1574,0.0,-0.006,step_5,no_load
20.116745,0.0,-0.0879,0.0694,-0.1573,0.0,-0.006,step_5,no_load
20.126892,0.0,-0.0879,0.0693,-0.1572,0.0,-0.005,step_5,no_load
20.137323,0.0,-0.0879,0.0693,-0.1572,0.0,-0.005,step_5,no_load
20.147481,0.0,-0.0879,0.0693,-0.1572,0.0,-0.004,step_5,no_load
20.15777,0.0,-0.0879,0.0692,-0.1571,0.0,-0.004,step_5,no_load
20.168473,0.0,-0.0879,0.0692,-0.1571,0.0,-0.004,step_5,no_load
20.179068,0.0,-0.0879,0.0691,-0.1570,0.0,-0.003,step_5,no_load
20.189178,0.0,-0.0879,0.0691,-0.1570,0.0,-0.003,step_5,no_load
20.199764,0.0,-0.0879,0.0691,-0.1570,0.0,-0.003,step_5,no_load
20.209958,0.0,-0.0879,0.0691,-0.1570,0.0,-0.003,step_5,no_load
20.220534,0.0,-0.0879,0.0690,-0.1569,0.0,-0.002,step_5,no_load
20.231755,0.0,-0.0879,0.0690,-0.1569,0.0,-0.002,step_5,no_load
20.242127,0.0,-0.0879,0.0690,-0.1569,0.0,-0.002,step_5,no_load
20.252617,0.0,-0.0879,0.0690,-0.1569,0.0,-0.002,step_5,no_load
20.263212,0.0,-0.0879,0.0689,-0.1568,0.0,-0.002,step_5,no_load
20.274182,0.0,-0.0879,0.0689,-0.1568,0.0,-0.002,step_5,no_load
20.284782,0.0,-0.0879,0.0689,-0.1568,0.0,-0.001,step_5,no_load
20.295794,0.0,-0.0879,0.0689,-0.1568,0.0,-0.001,step_5,no_load
20.306384,0.0,-0.0879,0.0689,-0.1568,0.0,-0.001,step_5,no_load
20.317406,0.0,-0.0879,0.0689,-0.1568,0.0,-0.001,step_5,no_load
20.328034,0.0,-0.0879,0.0689,-0.1568,0.0,-0.001,step_5,no_load
20.339097,0.0,-0.0879,0.0688,-0.1567,0.0,-0.001,step_5,no_load
20.349732,0.0,-0.0879,0.0688,-0.1567,0.0,-0.001,step_5,no_load
20.359833,0.0,-0.0879,0.0688,-0.1567,0.0,-0.001,step_5,no_load
20.370471,0.0,-0.0879,0.0688,-0.1567,0.0,-0.001,step_5,no_load
20.380618,0.0,-0.0879,0.0688,-0.1567,0.0,-0.001,step_5,no_load
20.391055,0.0,-0.0879,0.0688,-0.1567,0.0,-0.001,step_5,no_load
20.401965,0.0,-0.0879,0.0688,-0.1567,0.0,-0.001,step_5,no_load
20.412425,0.0,-0.0879,0.0688,-0.1567,0.0,-0.000,step_5,no_load
20.422577,0.0,-0.0879,0.0688,-0.1567,0.0,-0.000,step_5,no_load
20.433202,0.0,-0.0879,0.0688,-0.1567,0.0,-0.000,step_5,no_load
20.444136,0.0,-0.0879,0.0688,-0.1567,0.0,-0.000,step_5,no_load
20.454715,0.0,-0.0879,0.0688,-0.1567,0.0,-0.000,step_5,no_load
20.465775,0.0,-0.0879,0.0688,-0.1567,0.0,-0.000,step_5,no_load
20.476481,0.0,-0.0879,0.0688,-0.1567,0.0,-0.000,step_5,no_load
20.487515,0.0,-0.0879,0.0688,-0.1567,0.0,-0.000,step_5,no_load
20.49815,0.0,-0.0879,0.0688,-0.1567,0.0,-0.000,step_5,no_load
20.509623,4.8955,-0.0879,0.0688,-0.1567,0.0,-0.000,step_5,no_load
20.520254,4.8955,-0.0879,0.0688,-0.1567,0.0,-0.000,step_5,no_load
20.530419,4.8955,-0.0879,0.0688,-0.1567,0.0,-0.000,step_5,no_load
20.540738,4.8955,-0.0879,0.0688,-0.1567,0.0,-0.000,step_5,no_load
20.551462,4.8955,-0.0879,0.0688,-0.1567,0.0,-0.000,step_5,no_load
20.562037,4.8955,0.0879,0.0688,0.0191,16.624,-0.000,step_5,no_load
20.5722,4.8955,0.4395,0.0688,0.3707,34.596,-0.000,step_5,no_load
20.582744,4.8955,0.8789,0.4235,0.4554,41.673,35.473,step_5,no_load
20.592886,4.8955,1.3184,1.0878,0.2306,43.335,66.426,step_5,no_load
20.603468,4.8955,1.8457,1.6808,0.1649,49.83,59.305,step_5,no_load
20.613566,4.8955,2.3730,2.1848,0.1882,52.218,50.402,step_5,no_load
20.624154,4.8955,2.9004,2.6114,0.2890,49.811,42.663,step_5,no_load
20.634768,4.8955,3.4277,2.9724,0.4553,49.68,36.098,step_5,no_load
20.645401,4.8955,3.6914,3.4124,0.2790,24.8,29.334,step_5,no_load
20.655526,4.8955,3.8672,3.6501,0.2171,17.363,23.769,step_5,no_load
20.666103,4.8955,3.9551,3.8512,0.1039,8.31,20.110,step_5,no_load
20.677114,4.8955,4.1309,4.0214,0.1095,15.966,17.015,step_5,no_load
20.687378,4.8955,4.2188,4.1653,0.0535,8.564,14.396,step_5,no_load
20.697464,4.8955,4.2188,4.2871,-0.0683,0.0,12.180,step_5,no_load
20.707667,4.8955,4.2188,4.3902,-0.1714,0.0,10.305,step_5,no_load
20.718194,4.8955,4.3066,4.4774,-0.1708,8.34,8.719,step_5,no_load
20.728779,4.8955,4.2188,4.5512,-0.3324,-8.295,7.377,step_5,no_load
20.73986,4.8955,4.1309,4.6136,-0.4827,-7.932,6.242,step_5,no_load
20.750559,4.8955,4.1309,4.6897,-0.5588,0.0,5.072,step_5,no_load
20.760681,4.8955,4.1309,4.7308,-0.5999,0.0,4.110,step_5,no_load
20.771097,4.8955,4.1309,4.7655,-0.6346,0.0,3.478,step_5,no_load
20.781196,4.8955,4.1309,4.7950,-0.6641,0.0,2.942,step_5,no_load
20.791941,4.8955,4.2188,4.8199,-0.6011,8.181,2.489,step_5,no_load
20.802968,4.8955,4.3066,4.8409,-0.5343,7.962,2.106,step_5,no_load
20.813645,4.8955,4.3066,4.8587,-0.5521,0.0,1.782,step_5,no_load
20.823718,4.8955,4.3066,4.8738,-0.5672,0.0,1.508,step_5,no_load
20.834714,4.8955,4.3945,4.8866,-0.4921,7.994,1.276,step_5,no_load
20.845186,4.8955,4.3945,4.9021,-0.5076,0.0,1.037,step_5,no_load
20.855814,4.8955,4.3945,4.9105,-0.5160,0.0,0.840,step_5,no_load
20.867054,4.8955,4.3945,4.9176,-0.5231,0.0,0.711,step_5,no_load
20.8777,4.8955,4.3945,4.9237,-0.5292,0.0,0.601,step_5,no_load
20.887905,4.8955,4.3945,4.9287,-0.5342,0.0,0.509,step_5,no_load
20.898508,4.8955,4.3945,4.9330,-0.5385,0.0,0.430,step_5,no_load
20.9096,4.8955,4.3945,4.9367,-0.5422,0.0,0.364,step_5,no_load
20.920242,4.8955,4.4824,4.9411,-0.4587,8.26,0.297,step_5,no_load
20.931327,4.8955,4.4824,4.9436,-0.4612,0.0,0.244,step_5,no_load
20.9414,4.8955,4.4824,4.9457,-0.4633,0.0,0.211,step_5,no_load
20.952409,4.8955,4.4824,4.9475,-0.4651,0.0,0.184,step_5,no_load
20.963005,4.8955,4.4824,4.9491,-0.4667,0.0,0.161,step_5,no_load
20.973147,4.8955,4.4824,4.9505,-0.4681,0.0,0.142,step_5,no_load
20.983755,4.8955,4.4824,4.9518,-0.4694,0.0,0.126,step_5,no_load
20.9948,4.8955,4.4824,4.9529,-0.4705,0.0,0.113,step_5,no_load
21.005329,4.8955,4.4824,4.9544,-0.4720,0.0,0.098,step_5,no_load
21.015452,4.8955,4.4824,4.9553,-0.4729,0.0,0.086,step_5,no_load
21.02652,4.8955,4.4824,4.9561,-0.4737,0.0,0.078,step_5,no_load
21.036639,4.8955,4.4824,4.9568,-0.4744,0.0,0.070,step_5,no_load
21.047262,4.8955,4.4824,4.9574,-0.4750,0.0,0.064,step_5,no_load
21.057327,4.8955,4.4824,4.9580,-0.4756,0.0,0.058,step_5,no_load
21.067976,4.8955,4.4824,4.9585,-0.4761,0.0,0.053,step_5,no_load
21.07831,4.8955,4.4824,4.9590,-0.4766,0.0,0.048,step_5,no_load
21.088675,4.8955,4.4824,4.9594,-0.4770,0.0,0.044,step_5,no_load
21.09885,4.8955,4.4824,4.9598,-0.4774,0.0,0.040,step_5,no_load
21.109751,4.8955,4.4824,4.9602,-0.4778,0.0,0.036,step_5,no_load
21.120821,4.8955,4.4824,4.9607,-0.4783,0.0,0.033,step_5,no_load
21.131369,4.8955,4.4824,4.9610,-0.4786,0.0,0.029,step_5,no_load
21.142162,4.8955,4.4824,4.9612,-0.4788,0.0,0.027,step_5,no_load
21.152326,4.8955,4.4824,4.9615,-0.4791,0.0,0.024,step_5,no_load
21.163404,4.8955,4.4824,4.9617,-0.4793,0.0,0.022,step_5,no_load
21.174128,4.8955,4.4824,4.9619,-0.4795,0.0,0.020,step_5,no_load
21.184571,4.8955,4.4824,4.9621,-0.4797,0.0,0.019,step_5,no_load
21.195107,4.8955,4.4824,4.9623,-0.4799,0.0,0.017,step_5,no_load
21.205203,4.8955,4.4824,4.9625,-0.4801,0.0,0.015,step_5,no_load
21.215812,4.8955,4.4824,4.9626,-0.4802,0.0,0.014,step_5,no_load
21.226162,4.8955,4.4824,4.9628,-0.4804,0.0,0.013,step_5,no_load
21.236799,4.8955,4.4824,4.9629,-0.4805,0.0,0.012,step_5,no_load
21.247731,4.8955,4.4824,4.9630,-0.4806,0.0,0.011,step_5,no_load
21.25824,4.8955,4.4824,4.9631,-0.4807,0.0,0.010,step_5,no_load
21.26914,4.8955,4.4824,4.9632,-0.4808,0.0,0.009,step_5,no_load
21.279766,4.8955,4.4824,4.9632,-0.4808,0.0,0.008,step_5,no_load
21.289888,4.8955,4.4824,4.9633,-0.4809,0.0,0.008,step_5,no_load
21.30047,4.8955,4.4824,4.9634,-0.4810,0.0,0.007,step_5,no_load
21.310618,4.8955,4.4824,4.9635,-0.4811,0.0,0.006,step_5,no_load
21.321016,4.8955,4.4824,4.9635,-0.4811,0.0,0.006,step_5,no_load
21.331594,4.8955,4.4824,4.9636,-0.4812,0.0,0.005,step_5,no_load
21.341657,4.8955,4.4824,4.9636,-0.4812,0.0,0.005,step_5,no_load
21.352442,4.8955,4.4824,4.9637,-0.4813,0.0,0.004,step_5,no_load
21.363022,4.8955,4.4824,4.9637,-0.4813,0.0,0.004,step_5,no_load
21.373168,4.8955,4.4824,4.9638,-0.4814,0.0,0.004,step_5,no_load
21.383896,4.8955,4.4824,4.9638,-0.4814,0.0,0.003,step_5,no_load
21.394744,4.8955,4.4824,4.9638,-0.4814,0.0,0.003,step_5,no_load
21.40537,4.8955,4.4824,4.9639,-0.4815,0.0,0.003,step_5,no_load
21.415572,4.8955,4.4824,4.9639,-0.4815,0.0,0.002,step_5,no_load
21.425741,4.8955,4.4824,4.9639,-0.4815,0.0,0.002,step_5,no_load
21.436322,4.8955,4.4824,4.9639,-0.4815,0.0,0.002,step_5,no_load
21.446434,4.8955,4.4824,4.9640,-0.4816,0.0,0.002,step_5,no_load
21.457034,4.8955,4.4824,4.9640,-0.4816,0.0,0.002,step_5,no_load
21.467564,4.8955,4.4824,4.9640,-0.4816,0.0,0.002,step_5,no_load
21.47797,4.8955,4.4824,4.9640,-0.4816,0.0,0.001,step_5,no_load
21.488485,4.8955,4.4824,4.9640,-0.4816,0.0,0.001,step_5,no_load
21.499123,4.8955,4.4824,4.9640,-0.4816,0.0,0.001,step_5,no_load
21.510243,4.8955,4.4824,4.9640,-0.4816,0.0,0.001,step_5,no_load
21.520826,4.8955,4.4824,4.9641,-0.4817,0.0,0.001,step_5,no_load
21.53095,4.8955,4.4824,4.9641,-0.4817,0.0,0.001,step_5,no_load
21.541438,4.8955,4.4824,4.9641,-0.4817,0.0,0.001,step_5,no_load
21.551942,4.8955,4.4824,4.9641,-0.4817,0.0,0.001,step_5,no_load
21.562525,4.8955,4.4824,4.9641,-0.4817,0.0,0.001,step_5,no_load
21.572628,4.8955,4.4824,4.9641,-0.4817,0.0,0.001,step_5,no_load
21.583208,4.8955,4.4824,4.9641,-0.4817,0.0,0.001,step_5,no_load
21.593307,4.8955,4.4824,4.9641,-0.4817,0.0,0.001,step_5,no_load
21.604329,4.8955,4.4824,4.9641,-0.4817,0.0,0.001,step_5,no_load
21.615049,4.8955,4.4824,4.9641,-0.4817,0.0,0.000,step_5,no_load
21.626196,4.8955,4.4824,4.9641,-0.4817,0.0,0.000,step_5,no_load
21.637247,4.8955,4.4824,4.9641,-0.4817,0.0,0.000,step_5,no_load
21.647878,4.8955,4.4824,4.9641,-0.4817,0.0,0.000,step_5,no_load
21.658708,4.8955,4.4824,4.9641,-0.4817,0.0,0.000,step_5,no_load
21.669294,4.8955,4.4824,4.9641,-0.4817,0.0,0.000,step_5,no_load
21.680383,4.8955,4.4824,4.9641,-0.4817,0.0,0.000,step_5,no_load
21.690818,4.8955,4.4824,4.9641,-0.4817,0.0,0.000,step_5,no_load
21.701344,4.8955,4.4824,4.9641,-0.4817,0.0,0.000,step_5,no_load
21.712503,0.0,4.4824,4.9641,-0.4817,0.0,0.000,step_5,no_load
21.723056,0.0,4.4824,4.9641,-0.4817,0.0,0.000,step_5,no_load
21.733694,0.0,4.4824,4.9642,-0.4818,0.0,0.000,step_5,no_load
21.743758,0.0,4.4824,4.9642,-0.4818,0.0,0.000,step_5,no_load
21.754337,0.0,4.4824,4.9642,-0.4818,0.0,0.000,step_5,no_load
21.764439,0.0,4.3945,4.9642,-0.5697,-8.701,0.000,step_5,no_load
21.77485,0.0,4.3066,4.9642,-0.6576,-8.443,0.000,step_5,no_load
21.78531,0.0,3.9551,4.7108,-0.7557,-33.604,-16.890,step_5,no_load
21.79604,0.0,3.3398,4.1641,-0.8243,-57.344,-54.669,step_5,no_load
21.80698,0.0,2.7246,3.5483,-0.8237,-56.234,-61.582,step_5,no_load
21.818032,0.0,2.2852,3.0149,-0.7297,-39.758,-53.342,step_5,no_load
21.82905,0.0,1.8457,2.5627,-0.7170,-39.889,-45.221,step_5,no_load
21.840347,0.0,1.2305,2.0113,-0.7808,-54.457,-36.756,step_5,no_load
21.850974,0.0,0.8789,1.7135,-0.8346,-33.086,-29.783,step_5,no_load
21.861555,0.0,0.7910,1.4615,-0.6705,-8.307,-25.199,step_5,no_load
21.872553,0.0,0.7031,1.2483,-0.5452,-7.992,-21.320,step_5,no_load
21.883177,0.0,0.6152,1.0679,-0.4527,-8.274,-18.039,step_5,no_load
21.893324,0.0,0.4395,0.9153,-0.4758,-17.315,-15.263,step_5,no_load
21.903824,0.0,0.3516,0.7862,-0.4346,-8.371,-12.913,step_5,no_load
21.914421,0.0,0.3516,0.6769,-0.3253,0.0,-10.926,step_5,no_load
21.924485,0.0,0.3516,0.5845,-0.2329,0.0,-9.244,step_5,no_load
21.935547,0.0,0.3516,0.4718,-0.1202,0.0,-7.513,step_5,no_load
21.946188,0.0,0.5273,0.4109,0.1164,16.512,-6.087,step_5,no_load
21.95711,0.0,0.5273,0.3594,0.1679,0.0,-5.151,step_5,no_load
21.967714,0.0,0.5273,0.3158,0.2115,0.0,-4.358,step_5,no_load
21.977827,0.0,0.5273,0.2789,0.2484,0.0,-3.687,step_5,no_load
21.988437,0.0,0.5273,0.2477,0.2796,0.0,-3.120,step_5,no_load
21.999487,0.0,0.2637,0.2213,0.0424,-23.855,-2.640,step_5,no_load
22.009576,0.0,0.0879,0.1990,-0.1111,-17.425,-2.233,step_5,no_load
22.019697,0.0,0.0000,0.1801,-0.1801,-8.685,-1.890,step_5,no_load
22.03028,0.0,-0.0879,0.1571,-0.2450,-8.306,-1.536,step_5,no_load
22.040427,0.0,-0.0879,0.1446,-0.2325,0.0,-1.244,step_5,no_load
22.051001,0.0,-0.1758,0.1341,-0.3099,-8.313,-1.053,step_5,no_load
22.061163,0.0,-0.1758,0.1252,-0.3010,0.0,-0.891,step_5,no_load
22.071777,0.0,-0.1758,0.1177,-0.2935,0.0,-0.754,step_5,no_load
22.082409,0.0,-0.0879,0.1113,-0.1992,8.267,-0.638,step_5,no_load
22.093028,0.0,0.0000,0.1059,-0.1059,8.278,-0.540,step_5,no_load
22.103625,0.0,0.0000,0.1013,-0.1013,0.0,-0.457,step_5,no_load
22.114281,0.0,0.0879,0.0975,-0.0096,8.249,-0.386,step_5,no_load
22.124342,0.0,0.0879,0.0942,-0.0063,0.0,-0.327,step_5,no_load
22.134486,0.0,0.0000,0.0914,-0.0914,-8.665,-0.278,step_5,no_load
22.145083,0.0,0.0000,0.0879,-0.0879,0.0,-0.230,step_5,no_load
22.155178,0.0,-0.0879,0.0860,-0.1739,-8.707,-0.193,step_5,no_load
22.166009,0.0,-0.0879,0.0843,-0.1722,0.0,-0.169,step_5,no_load
22.177101,0.0,-0.0879,0.0828,-0.1707,0.0,-0.149,step_5,no_load
22.187688,0.0,-0.0879,0.0815,-0.1694,0.0,-0.132,step_5,no_load
22.197804,0.0,-0.0879,0.0804,-0.1683,0.0,-0.117,step_5,no_load
22.207866,0.0,-0.0879,0.0793,-0.1672,0.0,-0.105,step_5,no_load
22.218742,0.0,-0.0879,0.0784,-0.1663,0.0,-0.094,step_5,no_load
22.229549,0.0,-0.0879,0.0775,-0.1654,0.0,-0.085,step_5,no_load
22.239699,0.0,-0.0879,0.0767,-0.1646,0.0,-0.077,step_5,no_load
22.25028,0.0,-0.0879,0.0757,-0.1636,0.0,-0.068,step_5,no_load
22.261511,0.0,-0.0879,0.0751,-0.1630,0.0,-0.060,step_5,no_load
22.272089,0.0,-0.0879,0.0746,-0.1625,0.0,-0.054,step_5,no_load
22.282192,0.0,-0.0879,0.0741,-0.1620,0.0,-0.050,step_5,no_load
22.293205,0.0,-0.0879,0.0736,-0.1615,0.0,-0.045,step_5,no_load
22.30331,0.0,-0.0879,0.0732,-0.1611,0.0,-0.041,step_5,no_load
22.3139,0.0,-0.0879,0.0728,-0.1607,0.0,-0.038,step_5,no_load
22.324743,0.0,-0.0879,0.0725,-0.1604,0.0,-0.034,step_5,no_load
22.3353,0.0,-0.0879,0.0720,-0.1599,0.0,-0.031,step_5,no_load
22.34541,0.0,-0.0879,0.0718,-0.1597,0.0,-0.027,step_5,no_load
22.356029,0.0,-0.0879,0.0715,-0.1594,0.0,-0.025,step_5,no_load
22.36706,0.0,-0.0879,0.0713,-0.1592,0.0,-0.023,step_5,no_load
22.377694,0.0,-0.0879,0.0711,-0.1590,0.0,-0.021,step_5,no_load
22.388478,0.0,-0.0879,0.0709,-0.1588,0.0,-0.019,step_5,no_load
22.399093,0.0,-0.0879,0.0707,-0.1586,0.0,-0.018,step_5,no_load
22.40957,0.0,-0.0879,0.0706,-0.1585,0.0,-0.016,step_5,no_load
22.41974,0.0,-0.0879,0.0704,-0.1583,0.0,-0.015,step_5,no_load
22.430757,0.0,-0.0879,0.0702,-0.1581,0.0,-0.013,step_5,no_load
22.441219,0.0,-0.0879,0.0701,-0.1580,0.0,-0.012,step_5,no_load
22.452177,0.0,-0.0879,0.0700,-0.1579,0.0,-0.011,step_5,no_load
22.463033,0.0,-0.0879,0.0699,-0.1578,0.0,-0.010,step_5,no_load
22.473201,0.0,-0.0879,0.0698,-0.1577,0.0,-0.009,step_5,no_load
22.483834,0.0,-0.0879,0.0697,-0.1576,0.0,-0.008,step_5,no_load
22.493908,0.0,-0.0879,0.0696,-0.1575,0.0,-0.008,step_5,no_load
22.504484,0.0,-0.0879,0.0695,-0.1574,0.0,-0.007,step_5,no_load
22.514713,0.0,-0.0879,0.0695,-0.1574,0.0,-0.007,step_5,no_load
22.524886,0.0,-0.0879,0.0694,-0.1573,0.0,-0.006,step_5,no_load
22.535756,0.0,-0.0879,0.0693,-0.1572,0.0,-0.005,step_5,no_load
22.54639,0.0,-0.0879,0.0693,-0.1572,0.0,-0.005,step_5,no_load
22.557163,0.0,-0.0879,0.0693,-0.1572,0.0,-0.004,step_5,no_load
22.567761,0.0,-0.0879,0.0692,-0.1571,0.0,-0.004,step_5,no_load
22.57787,0.0,-0.0879,0.0692,-0.1571,0.0,-0.004,step_5,no_load
22.588473,0.0,-0.0879,0.0691,-0.1570,0.0,-0.003,step_5,no_load
22.598573,0.0,-0.0879,0.0691,-0.1570,0.0,-0.003,step_5,no_load
22.609417,0.0,-0.0879,0.0691,-0.1570,0.0,-0.003,step_5,no_load
22.619515,0.0,-0.0879,0.0691,-0.1570,0.0,-0.003,step_5,no_load
22.629853,0.0,-0.0879,0.0690,-0.1569,0.0,-0.002,step_5,no_load
22.640522,0.0,-0.0879,0.0690,-0.1569,0.0,-0.002,step_5,no_load
22.651534,0.0,-0.0879,0.0690,-0.1569,0.0,-0.002,step_5,no_load
22.662161,0.0,-0.0879,0.0690,-0.1569,0.0,-0.002,step_5,no_load
22.67304,0.0,-0.0879,0.0689,-0.1568,0.0,-0.002,step_5,no_load
22.683675,0.0,-0.0879,0.0689,-0.1568,0.0,-0.002,step_5,no_load
22.693757,0.0,-0.0879,0.0689,-0.1568,0.0,-0.001,step_5,no_load
22.704334,0.0,-0.0879,0.0689,-0.1568,0.0,-0.001,step_5,no_load
22.714429,0.0,-0.0879,0.0689,-0.1568,0.0,-0.001,step_5,no_load
22.724492,0.0,-0.0879,0.0689,-0.1568,0.0,-0.001,step_5,no_load
22.735457,0.0,-0.0879,0.0689,-0.1568,0.0,-0.001,step_5,no_load
22.745782,0.0,-0.0879,0.0688,-0.1567,0.0,-0.001,step_5,no_load
22.755915,0.0,-0.0879,0.0688,-0.1567,0.0,-0.001,step_5,no_load
22.766498,0.0,-0.0879,0.0688,-0.1567,0.0,-0.001,step_5,no_load
22.776618,0.0,-0.0879,0.0688,-0.1567,0.0,-0.001,step_5,no_load
22.787202,0.0,-0.0879,0.0688,-0.1567,0.0,-0.001,step_5,no_load
22.798306,0.0,-0.0879,0.0688,-0.1567,0.0,-0.001,step_5,no_load
22.809295,0.0,-0.0879,0.0688,-0.1567,0.0,-0.001,step_5,no_load
22.820304,0.0,-0.0879,0.0688,-0.1567,0.0,-0.000,step_5,no_load
22.830859,0.0,-0.0879,0.0688,-0.1567,0.0,-0.000,step_5,no_load
22.841813,0.0,-0.0879,0.0688,-0.1567,0.0,-0.000,step_5,no_load
22.852417,0.0,-0.0879,0.0688,-0.1567,0.0,-0.000,step_5,no_load
22.862561,0.0,-0.0879,0.0688,-0.1567,0.0,-0.000,step_5,no_load
22.873184,0.0,-0.0879,0.0688,-0.1567,0.0,-0.000,step_5,no_load
22.884269,0.0,-0.0879,0.0688,-0.1567,0.0,-0.000,step_5,no_load
22.895259,0.0,-0.0879,0.0688,-0.1567,0.0,-0.000,step_5,no_load
22.905631,0.0,-0.0879,0.0688,-0.1567,0.0,-0.000,step_5,no_load
22.916798,4.8955,-0.0879,0.0688,-0.1567,0.0,-0.000,step_5,no_load
22.927858,4.8955,-0.0879,0.0688,-0.1567,0.0,-0.000,step_5,no_load
22.938454,4.8955,-0.0879,0.0688,-0.1567,0.0,-0.000,step_5,no_load
22.948933,4.8955,-0.0879,0.0688,-0.1567,0.0,-0.000,step_5,no_load
22.95917,4.8955,-0.0879,0.0688,-0.1567,0.0,-0.000,step_5,no_load
22.970267,4.8955,0.1758,0.0688,0.1070,23.763,-0.000,step_5,no_load
22.980864,4.8955,0.4395,0.0688,0.3707,24.884,-0.000,step_5,no_load
22.990939,4.8955,0.8789,0.4235,0.4554,43.613,35.473,step_5,no_load
23.001277,4.8955,1.4063,1.0878,0.3185,51.016,66.426,step_5,no_load
23.011747,4.8955,1.8457,1.6808,0.1649,41.968,59.305,step_5,no_load
23.022933,4.8955,2.4609,2.1848,0.2761,54.997,50.402,step_5,no_load
23.033528,4.8955,2.9883,2.6114,0.3769,49.778,42.663,step_5,no_load
23.044231,4.8955,3.5156,2.9724,0.5432,49.267,36.098,step_5,no_load
23.054817,4.8955,3.7793,3.2778,0.5015,24.91,30.542,step_5,no_load
23.065879,4.8955,3.8672,3.6501,0.2171,7.946,24.819,step_5,no_load
23.076318,4.8955,3.9551,3.8512,0.1039,8.42,20.110,step_5,no_load
23.086952,4.8955,3.9551,4.0214,-0.0663,0.0,17.015,step_5,no_load
23.097521,4.8955,4.1309,4.1653,-0.0344,16.634,14.396,step_5,no_load
23.108419,4.8955,4.1309,4.2871,-0.1562,0.0,12.180,step_5,no_load
23.119035,4.8955,4.2188,4.3902,-0.1714,8.28,10.305,step_5,no_load
23.129164,4.8955,4.2188,4.4774,-0.2586,0.0,8.719,step_5,no_load
23.139746,4.8955,4.0430,4.5512,-0.5082,-16.613,7.377,step_5,no_load
23.150606,4.8955,4.0430,4.6411,-0.5981,0.0,5.995,step_5,no_load
23.161228,4.8955,4.0430,4.6897,-0.6467,0.0,4.858,step_5,no_load
23.171332,4.8955,4.1309,4.7308,-0.5999,8.7,4.110,step_5,no_load
23.18193,4.8955,4.1309,4.7655,-0.6346,0.0,3.478,step_5,no_load
23.192576,4.8955,4.2188,4.7950,-0.5762,8.257,2.942,step_5,no_load
23.203204,4.8955,4.2188,4.8199,-0.6011,0.0,2.489,step_5,no_load
23.213319,4.8955,4.3066,4.8409,-0.5343,8.68,2.106,step_5,no_load
23.223719,4.8955,4.3066,4.8587,-0.5521,0.0,1.782,step_5,no_load
23.234634,4.8955,4.3066,4.8738,-0.5672,0.0,1.508,step_5,no_load
23.245242,4.8955,4.3945,4.8922,-0.4977,8.286,1.225,step_5,no_load
23.255371,4.8955,4.3945,4.9021,-0.5076,0.0,0.993,step_5,no_load
23.265928,4.8955,4.3945,4.9105,-0.5160,0.0,0.840,step_5,no_load
23.276502,4.8955,4.3945,4.9176,-0.5231,0.0,0.711,step_5,no_load
23.287132,4.8955,4.3945,4.9237,-0.5292,0.0,0.601,step_5,no_load
23.297259,4.8955,4.3945,4.9287,-0.5342,0.0,0.509,step_5,no_load
23.307315,4.8955,4.3945,4.9330,-0.5385,0.0,0.430,step_5,no_load
23.317883,4.8955,4.3945,4.9367,-0.5422,0.0,0.364,step_5,no_load
23.328519,4.8955,4.3945,4.9398,-0.5453,0.0,0.308,step_5,no_load
23.338781,4.8955,4.3945,4.9424,-0.5479,0.0,0.263,step_5,no_load
23.349369,4.8955,4.3945,4.9447,-0.5502,0.0,0.226,step_5,no_load
23.360466,4.8955,4.3945,4.9475,-0.5530,0.0,0.190,step_5,no_load
23.371021,4.8955,4.3945,4.9491,-0.5546,0.0,0.161,step_5,no_load
23.381595,4.8955,4.3945,4.9505,-0.5560,0.0,0.142,step_5,no_load
23.392333,4.8955,4.3945,4.9518,-0.5573,0.0,0.126,step_5,no_load
23.403476,4.8955,4.3945,4.9529,-0.5584,0.0,0.113,step_5,no_load
23.414614,4.8955,4.3945,4.9539,-0.5594,0.0,0.101,step_5,no_load
23.425911,4.8955,4.3945,4.9553,-0.5608,0.0,0.088,step_5,no_load
23.436,4.8955,4.3945,4.9561,-0.5616,0.0,0.078,step_5,no_load
23.446582,4.8955,4.3945,4.9568,-0.5623,0.0,0.070,step_5,no_load
23.457334,4.8955,4.3945,4.9574,-0.5629,0.0,0.064,step_5,no_load
23.467939,4.8955,4.3945,4.9580,-0.5635,0.0,0.058,step_5,no_load
23.478043,4.8955,4.3945,4.9585,-0.5640,0.0,0.053,step_5,no_load
23.488621,4.8955,4.3945,4.9590,-0.5645,0.0,0.048,step_5,no_load
23.498725,4.8955,4.3945,4.9594,-0.5649,0.0,0.044,step_5,no_load
23.509798,4.8955,4.3945,4.9598,-0.5653,0.0,0.040,step_5,no_load
23.520401,4.8955,4.4824,4.9604,-0.4780,8.29,0.036,step_5,no_load
23.530528,4.8955,4.4824,4.9607,-0.4783,0.0,0.032,step_5,no_load
23.540589,4.8955,4.4824,4.9610,-0.4786,0.0,0.029,step_5,no_load
23.551626,4.8955,4.4824,4.9612,-0.4788,0.0,0.027,step_5,no_load
23.562189,4.8955,4.4824,4.9615,-0.4791,0.0,0.024,step_5,no_load
23.572298,4.8955,4.4824,4.9617,-0.4793,0.0,0.022,step_5,no_load
23.58331,4.8955,4.4824,4.9619,-0.4795,0.0,0.020,step_5,no_load
23.594292,4.8955,4.4824,4.9621,-0.4797,0.0,0.019,step_5,no_load
23.604919,4.8955,4.4824,4.9623,-0.4799,0.0,0.017,step_5,no_load
23.615531,4.8955,4.4824,4.9625,-0.4801,0.0,0.015,step_5,no_load
23.626264,4.8955,4.4824,4.9626,-0.4802,0.0,0.014,step_5,no_load
23.636916,4.8955,4.4824,4.9628,-0.4804,0.0,0.013,step_5,no_load
23.647019,4.8955,4.4824,4.9629,-0.4805,0.0,0.012,step_5,no_load
23.657098,4.8955,4.4824,4.9630,-0.4806,0.0,0.011,step_5,no_load
23.667802,4.8955,4.4824,4.9631,-0.4807,0.0,0.010,step_5,no_load
23.678391,4.8955,4.4824,4.9632,-0.4808,0.0,0.009,step_5,no_load
23.688583,4.8955,4.4824,4.9632,-0.4808,0.0,0.008,step_5,no_load
23.699179,4.8955,4.4824,4.9633,-0.4809,0.0,0.008,step_5,no_load
23.709743,4.8955,4.4824,4.9634,-0.4810,0.0,0.007,step_5,no_load
23.720386,4.8955,4.4824,4.9635,-0.4811,0.0,0.006,step_5,no_load
23.730534,4.8955,4.4824,4.9635,-0.4811,0.0,0.006,step_5,no_load
23.740597,4.8955,4.4824,4.9636,-0.4812,0.0,0.005,step_5,no_load
23.751203,4.8955,4.4824,4.9636,-0.4812,0.0,0.005,step_5,no_load
23.761852,4.8955,4.4824,4.9637,-0.4813,0.0,0.004,step_5,no_load
23.771991,4.8955,4.4824,4.9637,-0.4813,0.0,0.004,step_5,no_load
23.782623,4.8955,4.4824,4.9638,-0.4814,0.0,0.004,step_5,no_load
23.792806,4.8955,4.4824,4.9638,-0.4814,0.0,0.003,step_5,no_load
23.803388,4.8955,4.4824,4.9638,-0.4814,0.0,0.003,step_5,no_load
23.814454,4.8955,4.4824,4.9639,-0.4815,0.0,0.003,step_5,no_load
23.825407,4.8955,4.4824,4.9639,-0.4815,0.0,0.003,step_5,no_load
23.835987,4.8955,4.4824,4.9639,-0.4815,0.0,0.002,step_5,no_load
23.846968,4.8955,4.4824,4.9639,-0.4815,0.0,0.002,step_5,no_load
23.857921,4.8955,4.4824,4.9640,-0.4816,0.0,0.002,step_5,no_load
23.868074,4.8955,4.4824,4.9640,-0.4816,0.0,0.002,step_5,no_load
23.879072,4.8955,4.4824,4.9640,-0.4816,0.0,0.002,step_5,no_load
23.889987,4.8955,4.4824,4.9640,-0.4816,0.0,0.001,step_5,no_load
23.900629,4.8955,4.4824,4.9640,-0.4816,0.0,0.001,step_5,no_load
23.911264,4.8955,4.4824,4.9640,-0.4816,0.0,0.001,step_5,no_load
23.921323,4.8955,4.4824,4.9640,-0.4816,0.0,0.001,step_5,no_load
23.931905,4.8955,4.4824,4.9641,-0.4817,0.0,0.001,step_5,no_load
23.942983,4.8955,4.4824,4.9641,-0.4817,0.0,0.001,step_5,no_load
23.953612,4.8955,4.4824,4.9641,-0.4817,0.0,0.001,step_5,no_load
23.963696,4.8955,4.4824,4.9641,-0.4817,0.0,0.001,step_5,no_load
23.973765,4.8955,4.4824,4.9641,-0.4817,0.0,0.001,step_5,no_load
23.984209,4.8955,4.4824,4.9641,-0.4817,0.0,0.001,step_5,no_load
23.994837,4.8955,4.4824,4.9641,-0.4817,0.0,0.001,step_5,no_load
24.005819,4.8955,4.4824,4.9641,-0.4817,0.0,0.001,step_5,no_load
24.016445,4.8955,4.4824,4.9641,-0.4817,0.0,0.000,step_5,no_load
24.026575,4.8955,4.4824,4.9641,-0.4817,0.0,0.000,step_5,no_load
24.037176,4.8955,4.4824,4.9641,-0.4817,0.0,0.000,step_5,no_load
24.047288,4.8955,4.4824,4.9641,-0.4817,0.0,0.000,step_5,no_load
24.057352,4.8955,4.4824,4.9641,-0.4817,0.0,0.000,step_5,no_load
24.068256,4.8955,4.4824,4.9641,-0.4817,0.0,0.000,step_5,no_load
24.078843,4.8955,4.4824,4.9641,-0.4817,0.0,0.000,step_5,no_load
24.089492,4.8955,4.4824,4.9641,-0.4817,0.0,0.000,step_5,no_load
24.100078,4.8955,4.4824,4.9641,-0.4817,0.0,0.000,step_5,no_load
24.110155,4.8955,4.4824,4.9641,-0.4817,0.0,0.000,step_5,no_load
