time,commanded_deg,real_deg,sim_deg,error_deg,real_vel_deg_s,sim_vel_deg_s,experiment_id,load_condition
0.001658,0.0,-0.0879,-0.0198,-0.0681,0.0,0.005,step_10,no_load
0.012496,0.0,-0.0879,-0.0198,-0.0681,0.0,0.005,step_10,no_load
0.023346,0.0,-0.0879,-0.0197,-0.0682,0.0,0.005,step_10,no_load
0.03427,0.0,-0.0879,-0.0197,-0.0682,0.0,0.004,step_10,no_load
0.044828,0.0,-0.0879,-0.0196,-0.0683,0.0,0.004,step_10,no_load
0.055628,0.0,-0.0879,-0.0196,-0.0683,0.0,0.004,step_10,no_load
0.066208,0.0,-0.0879,-0.0195,-0.0684,0.0,0.003,step_10,no_load
0.077115,0.0,-0.0879,-0.0090,-0.0789,0.0,1.057,step_10,no_load
0.087576,0.0,-0.0879,0.0017,-0.0896,0.0,1.071,step_10,no_load
0.097883,0.0,-0.0879,0.0109,-0.0988,0.0,0.917,step_10,no_load
0.108431,0.0,-0.0879,0.0187,-0.1066,0.0,0.776,step_10,no_load
0.119008,0.0,-0.0879,0.0252,-0.1131,0.0,0.656,step_10,no_load
0.12964,0.0,-0.0879,0.0308,-0.1187,0.0,0.555,step_10,no_load
0.139995,0.0,-0.0879,0.0355,-0.1234,0.0,0.469,step_10,no_load
0.150557,0.0,-0.0879,0.0412,-0.1291,0.0,0.381,step_10,no_load
0.160857,0.0,-0.0879,0.0443,-0.1322,0.0,0.309,step_10,no_load
0.171317,0.0,-0.0879,0.0469,-0.1348,0.0,0.264,step_10,no_load
0.182419,0.0,-0.0879,0.0492,-0.1371,0.0,0.227,step_10,no_load
0.193345,0.0,-0.0879,0.0512,-0.1391,0.0,0.198,step_10,no_load
0.204413,0.0,-0.0879,0.0529,-0.1408,0.0,0.173,step_10,no_load
0.215017,0.0,-0.0879,0.0551,-0.1430,0.0,0.148,step_10,no_load
0.226016,0.0,-0.0879,0.0564,-0.1443,0.0,0.128,step_10,no_load
0.236183,0.0,-0.0879,0.0576,-0.1455,0.0,0.114,step_10,no_load
0.246661,0.0,-0.0879,0.0586,-0.1465,0.0,0.102,step_10,no_load
0.257664,0.0,-0.0879,0.0595,-0.1474,0.0,0.092,step_10,no_load
0.268484,0.0,-0.0879,0.0603,-0.1482,0.0,0.082,step_10,no_load
0.278663,0.0,-0.0879,0.0611,-0.1490,0.0,0.074,step_10,no_load
0.289642,0.0,-0.0879,0.0617,-0.1496,0.0,0.067,step_10,no_load
0.300242,0.0,-0.0879,0.0626,-0.1505,0.0,0.060,step_10,no_load
0.310796,0.0,-0.0879,0.0632,-0.1511,0.0,0.053,step_10,no_load
0.321425,0.0,-0.0879,0.0636,-0.1515,0.0,0.048,step_10,no_load
0.331735,0.0,-0.0879,0.0641,-0.1520,0.0,0.044,step_10,no_load
0.342346,0.0,-0.0879,0.0645,-0.1524,0.0,0.040,step_10,no_load
0.35239,0.0,-0.0879,0.0648,-0.1527,0.0,0.036,step_10,no_load
0.362976,0.0,-0.0879,0.0652,-0.1531,0.0,0.033,step_10,no_load
0.373321,0.0,-0.0879,0.0655,-0.1534,0.0,0.030,step_10,no_load
0.383838,0.0,-0.0879,0.0658,-0.1537,0.0,0.028,step_10,no_load
0.394436,0.0,-0.0879,0.0660,-0.1539,0.0,0.025,step_10,no_load
0.40541,0.0,-0.0879,0.0663,-0.1542,0.0,0.023,step_10,no_load
0.416391,0.0,-0.0879,0.0665,-0.1544,0.0,0.020,step_10,no_load
0.426753,0.0,-0.0879,0.0667,-0.1546,0.0,0.018,step_10,no_load
0.437283,0.0,-0.0879,0.0669,-0.1548,0.0,0.017,step_10,no_load
0.448356,0.0,-0.0879,0.0671,-0.1550,0.0,0.015,step_10,no_load
0.458842,0.0,-0.0879,0.0672,-0.1551,0.0,0.014,step_10,no_load
0.469897,0.0,-0.0879,0.0673,-0.1552,0.0,0.013,step_10,no_load
0.480529,0.0,-0.0879,0.0675,-0.1554,0.0,0.012,step_10,no_load
0.491547,0.0,-0.0879,0.0676,-0.1555,0.0,0.010,step_10,no_load
0.501704,0.0,-0.0879,0.0677,-0.1556,0.0,0.010,step_10,no_load
0.512235,0.0,-0.0879,0.0678,-0.1557,0.0,0.009,step_10,no_load
0.522704,0.0,-0.0879,0.0679,-0.1558,0.0,0.008,step_10,no_load
0.532831,0.0,-0.0879,0.0679,-0.1558,0.0,0.007,step_10,no_load
0.543494,0.0,-0.0879,0.0680,-0.1559,0.0,0.007,step_10,no_load
0.554042,0.0,-0.0879,0.0681,-0.1560,0.0,0.006,step_10,no_load
0.564246,0.0,-0.0879,0.0681,-0.1560,0.0,0.006,step_10,no_load
0.575208,0.0,-0.0879,0.0682,-0.1561,0.0,0.005,step_10,no_load
0.586543,0.0,-0.0879,0.0682,-0.1561,0.0,0.005,step_10,no_load
0.597681,0.0,-0.0879,0.0683,-0.1562,0.0,0.004,step_10,no_load
0.608306,0.0,-0.0879,0.0683,-0.1562,0.0,0.004,step_10,no_load
0.619407,0.0,-0.0879,0.0684,-0.1563,0.0,0.003,step_10,no_load
0.630039,0.0,-0.0879,0.0684,-0.1563,0.0,0.003,step_10,no_load
0.640958,0.0,-0.0879,0.0684,-0.1563,0.0,0.003,step_10,no_load
0.65215,0.0,-0.0879,0.0685,-0.1564,0.0,0.003,step_10,no_load
0.663175,0.0,-0.0879,0.0685,-0.1564,0.0,0.002,step_10,no_load
0.673803,0.0,-0.0879,0.0685,-0.1564,0.0,0.002,step_10,no_load
0.684516,0.0,-0.0879,0.0685,-0.1564,0.0,0.002,step_10,no_load
0.695123,0.0,-0.0879,0.0686,-0.1565,0.0,0.002,step_10,no_load
0.705288,0.0,-0.0879,0.0686,-0.1565,0.0,0.002,step_10,no_load
0.715912,0.0,-0.0879,0.0686,-0.1565,0.0,0.001,step_10,no_load
0.726957,0.0,-0.0879,0.0686,-0.1565,0.0,0.001,step_10,no_load
0.737545,0.0,-0.0879,0.0686,-0.1565,0.0,0.001,step_10,no_load
0.747899,0.0,-0.0879,0.0686,-0.1565,0.0,0.001,step_10,no_load
0.758465,0.0,-0.0879,0.0686,-0.1565,0.0,0.001,step_10,no_load
0.769319,0.0,-0.0879,0.0686,-0.1565,0.0,0.001,step_10,no_load
0.779964,0.0,-0.0879,0.0686,-0.1565,0.0,0.001,step_10,no_load
0.790177,0.0,-0.0879,0.0687,-0.1566,0.0,0.001,step_10,no_load
0.800582,0.0,-0.0879,0.0687,-0.1566,0.0,0.001,step_10,no_load
0.810685,0.0,-0.0879,0.0687,-0.1566,0.0,0.001,step_10,no_load
0.821126,0.0,-0.0879,0.0687,-0.1566,0.0,0.001,step_10,no_load
0.83173,0.0,-0.0879,0.0687,-0.1566,0.0,0.001,step_10,no_load
0.842812,0.0,-0.0879,0.0687,-0.1566,0.0,0.001,step_10,no_load
0.853893,0.0,-0.0879,0.0687,-0.1566,0.0,0.000,step_10,no_load
0.864991,0.0,-0.0879,0.0687,-0.1566,0.0,0.000,step_10,no_load
0.875621,0.0,-0.0879,0.0687,-0.1566,0.0,0.000,step_10,no_load
0.886706,0.0,-0.0879,0.0687,-0.1566,0.0,0.000,step_10,no_load
0.89733,0.0,-0.0879,0.0687,-0.1566,0.0,0.000,step_10,no_load
0.908203,0.0,-0.0879,0.0687,-0.1566,0.0,0.000,step_10,no_load
0.919325,0.0,-0.0879,0.0687,-0.1566,0.0,0.000,step_10,no_load
0.930382,0.0,-0.0879,0.0687,-0.1566,0.0,0.000,step_10,no_load
0.941021,0.0,-0.0879,0.0687,-0.1566,0.0,0.000,step_10,no_load
0.952004,0.0,-0.0879,0.0687,-0.1566,0.0,0.000,step_10,no_load
0.962637,0.0,-0.0879,0.0687,-0.1566,0.0,0.000,step_10,no_load
0.972798,0.0,-0.0879,0.0687,-0.1566,0.0,0.000,step_10,no_load
0.983529,0.0,-0.0879,0.0687,-0.1566,0.0,0.000,step_10,no_load
0.994485,0.0,-0.0879,0.0687,-0.1566,0.0,0.000,step_10,no_load
1.005507,0.0,-0.0879,0.0687,-0.1566,0.0,0.000,step_10,no_load
1.016533,0.0,-0.0879,0.0687,-0.1566,0.0,0.000,step_10,no_load
1.027507,0.0,-0.0879,0.0687,-0.1566,0.0,0.000,step_10,no_load
1.038483,0.0,-0.0879,0.0687,-0.1566,0.0,0.000,step_10,no_load
1.049477,0.0,-0.0879,0.0687,-0.1566,0.0,0.000,step_10,no_load
1.060479,0.0,-0.0879,0.0687,-0.1566,0.0,0.000,step_10,no_load
1.071125,0.0,-0.0879,0.0687,-0.1566,0.0,0.000,step_10,no_load
1.082127,0.0,-0.0879,0.0687,-0.1566,0.0,0.000,step_10,no_load
1.093124,0.0,-0.0879,0.0687,-0.1566,0.0,0.000,step_10,no_load
1.104127,0.0,-0.0879,0.0687,-0.1566,0.0,0.000,step_10,no_load
1.115128,0.0,-0.0879,0.0687,-0.1566,0.0,0.000,step_10,no_load
1.126128,0.0,-0.0879,0.0687,-0.1566,0.0,0.000,step_10,no_load
1.137126,0.0,-0.0879,0.0687,-0.1566,0.0,0.000,step_10,no_load
1.148144,0.0,-0.0879,0.0687,-0.1566,0.0,0.000,step_10,no_load
1.159127,0.0,-0.0879,0.0687,-0.1566,0.0,0.000,step_10,no_load
1.170129,0.0,-0.0879,0.0687,-0.1566,0.0,0.000,step_10,no_load
1.181127,0.0,-0.0879,0.0687,-0.1566,0.0,0.000,step_10,no_load
1.192128,0.0,-0.0879,0.0687,-0.1566,0.0,0.000,step_10,no_load
1.203645,9.791,-0.0879,0.0687,-0.1566,0.0,0.000,step_10,no_load
1.214131,9.791,-0.0879,0.0687,-0.1566,0.0,0.000,step_10,no_load
1.224681,9.791,-0.0879,0.0687,-0.1566,0.0,0.000,step_10,no_load
1.235669,9.791,-0.0879,0.0687,-0.1566,0.0,0.000,step_10,no_load
1.246658,9.791,0.0000,0.0687,-0.0687,7.999,0.000,step_10,no_load
1.257669,9.791,0.1758,0.0687,0.1071,15.966,0.000,step_10,no_load
1.26866,9.791,0.5273,0.0687,0.4586,31.981,0.000,step_10,no_load
1.279664,9.791,1.1426,0.4235,0.7191,55.916,35.473,step_10,no_load
1.290683,9.791,1.8457,1.7054,0.1403,63.808,85.463,step_10,no_load
1.30178,9.791,2.6367,2.8949,-0.2582,71.281,118.951,step_10,no_load
1.312707,9.791,3.6035,3.8945,-0.2910,88.478,99.959,step_10,no_load
1.323694,9.791,4.4824,4.7350,-0.2526,79.995,84.048,step_10,no_load
1.334732,9.791,5.6250,5.4265,0.1985,103.515,69.147,step_10,no_load
1.345699,9.791,6.5918,6.3678,0.2240,88.155,62.757,step_10,no_load
1.356713,9.791,7.2070,6.9001,0.3069,55.856,53.227,step_10,no_load
1.367731,9.791,7.5586,7.3541,0.2045,31.911,45.404,step_10,no_load
1.378278,9.791,7.9102,7.7385,0.1717,33.336,38.441,step_10,no_load
1.389271,9.791,8.1738,8.0638,0.1100,23.979,32.526,step_10,no_load
1.400346,9.791,8.5254,8.4603,0.0651,31.747,26.431,step_10,no_load
1.411233,9.791,8.7012,8.6744,0.0268,16.148,21.416,step_10,no_load
1.421791,9.791,8.7891,8.8556,-0.0665,8.325,18.120,step_10,no_load
1.432883,9.791,8.8770,9.0089,-0.1319,7.925,15.331,step_10,no_load
1.443787,9.791,8.8770,9.1386,-0.2616,0.0,12.971,step_10,no_load
1.454804,9.791,8.9648,9.2484,-0.2836,7.97,10.974,step_10,no_load
1.465787,9.791,8.8770,9.3822,-0.5052,-7.994,8.918,step_10,no_load
1.476785,9.791,8.7891,9.4544,-0.6653,-7.992,7.226,step_10,no_load
1.487805,9.791,8.7891,9.5156,-0.7265,0.0,6.114,step_10,no_load
1.49879,9.791,8.7891,9.5673,-0.7782,0.0,5.173,step_10,no_load
1.509858,9.791,8.9648,9.6110,-0.6462,15.875,4.377,step_10,no_load
1.520818,9.791,9.0527,9.6644,-0.6117,8.02,3.557,step_10,no_load
1.531769,9.791,9.1406,9.6932,-0.5526,8.027,2.882,step_10,no_load
1.543133,9.791,9.2285,9.7176,-0.4891,7.735,2.438,step_10,no_load
1.553824,9.791,9.4043,9.7382,-0.3339,16.444,2.063,step_10,no_load
1.56479,9.791,9.5801,9.7557,-0.1756,16.031,1.745,step_10,no_load
1.575801,9.791,9.6680,9.7770,-0.1090,7.983,1.418,step_10,no_load
1.586819,9.791,9.7559,9.7885,-0.0326,7.978,1.149,step_10,no_load
1.597789,9.791,9.7559,9.7982,-0.0423,0.0,0.972,step_10,no_load
1.608797,9.791,9.7559,9.8064,-0.0505,0.0,0.823,step_10,no_load
1.619352,9.791,9.7559,9.8134,-0.0575,0.0,0.696,step_10,no_load
1.62991,9.791,9.7559,9.8193,-0.0634,0.0,0.589,step_10,no_load
1.640928,9.791,9.7559,9.8264,-0.0705,0.0,0.479,step_10,no_load
1.651959,9.791,9.6680,9.8303,-0.1623,-7.968,0.388,step_10,no_load
1.662957,9.791,9.6680,9.8336,-0.1656,0.0,0.328,step_10,no_load
1.674035,9.791,9.5801,9.8364,-0.2563,-7.935,0.279,step_10,no_load
1.684987,9.791,9.5801,9.8388,-0.2587,0.0,0.239,step_10,no_load
1.696038,9.791,9.5801,9.8418,-0.2617,0.0,0.200,step_10,no_load
1.707032,9.791,9.5801,9.8435,-0.2634,0.0,0.169,step_10,no_load
1.71829,9.791,9.5801,9.8449,-0.2648,0.0,0.149,step_10,no_load
1.729031,9.791,9.5801,9.8463,-0.2662,0.0,0.132,step_10,no_load
1.74,9.791,9.5801,9.8480,-0.2679,0.0,0.114,step_10,no_load
1.750993,9.791,9.5801,9.8490,-0.2689,0.0,0.100,step_10,no_load
1.762003,9.791,9.6680,9.8499,-0.1819,7.984,0.090,step_10,no_load
1.773022,9.791,9.7559,9.8507,-0.0948,7.977,0.081,step_10,no_load
1.783879,9.791,9.7559,9.8514,-0.0955,0.0,0.073,step_10,no_load
1.794048,9.791,9.7559,9.8521,-0.0962,0.0,0.066,step_10,no_load
1.805041,9.791,9.7559,9.8530,-0.0971,0.0,0.059,step_10,no_load
1.815113,9.791,9.7559,9.8535,-0.0976,0.0,0.052,step_10,no_load
1.826143,9.791,9.7559,9.8540,-0.0981,0.0,0.047,step_10,no_load
1.83653,9.791,9.7559,9.8544,-0.0985,0.0,0.043,step_10,no_load
1.847116,9.791,9.7559,9.8548,-0.0989,0.0,0.040,step_10,no_load
1.858145,9.791,9.7559,9.8551,-0.0992,0.0,0.036,step_10,no_load
1.869322,9.791,9.6680,9.8555,-0.1875,-7.864,0.033,step_10,no_load
1.879406,9.791,9.6680,9.8558,-0.1878,0.0,0.030,step_10,no_load
1.890331,9.791,9.6680,9.8562,-0.1882,0.0,0.027,step_10,no_load
1.901067,9.791,9.6680,9.8564,-0.1884,0.0,0.024,step_10,no_load
1.91169,9.791,9.6680,9.8566,-0.1886,0.0,0.022,step_10,no_load
1.922847,9.791,9.7559,9.8568,-0.1009,7.878,0.020,step_10,no_load
1.933449,9.791,9.7559,9.8570,-0.1011,0.0,0.019,step_10,no_load
1.944025,9.791,9.7559,9.8572,-0.1013,0.0,0.017,step_10,no_load
1.954151,9.791,9.7559,9.8574,-0.1015,0.0,0.016,step_10,no_load
1.964781,9.791,9.7559,9.8575,-0.1016,0.0,0.014,step_10,no_load
1.974856,9.791,9.7559,9.8576,-0.1017,0.0,0.013,step_10,no_load
1.985643,9.791,9.7559,9.8578,-0.1019,0.0,0.012,step_10,no_load
1.995749,9.791,9.7559,9.8579,-0.1020,0.0,0.011,step_10,no_load
2.005832,9.791,9.7559,9.8580,-0.1021,0.0,0.010,step_10,no_load
2.015945,9.791,9.7559,9.8581,-0.1022,0.0,0.009,step_10,no_load
2.026719,9.791,9.7559,9.8582,-0.1023,0.0,0.008,step_10,no_load
2.037285,9.791,9.7559,9.8583,-0.1024,0.0,0.007,step_10,no_load
2.048427,9.791,9.7559,9.8583,-0.1024,0.0,0.007,step_10,no_load
2.059062,9.791,9.7559,9.8584,-0.1025,0.0,0.006,step_10,no_load
2.070001,9.791,9.7559,9.8585,-0.1026,0.0,0.006,step_10,no_load
2.080581,9.791,9.7559,9.8585,-0.1026,0.0,0.005,step_10,no_load
2.090692,9.791,9.7559,9.8586,-0.1027,0.0,0.005,step_10,no_load
2.100753,9.791,9.7559,9.8586,-0.1027,0.0,0.004,step_10,no_load
2.1118,9.791,9.7559,9.8586,-0.1027,0.0,0.004,step_10,no_load
2.122402,9.791,9.7559,9.8587,-0.1028,0.0,0.004,step_10,no_load
2.132936,9.791,9.7559,9.8587,-0.1028,0.0,0.003,step_10,no_load
2.143549,9.791,9.7559,9.8587,-0.1028,0.0,0.003,step_10,no_load
2.153628,9.791,9.7559,9.8588,-0.1029,0.0,0.003,step_10,no_load
2.164216,9.791,9.7559,9.8588,-0.1029,0.0,0.003,step_10,no_load
2.175034,9.791,9.7559,9.8588,-0.1029,0.0,0.002,step_10,no_load
2.186051,9.791,9.7559,9.8589,-0.1030,0.0,0.002,step_10,no_load
2.197041,9.791,9.7559,9.8589,-0.1030,0.0,0.002,step_10,no_load
2.20807,9.791,9.7559,9.8589,-0.1030,0.0,0.002,step_10,no_load
2.219045,9.791,9.7559,9.8589,-0.1030,0.0,0.002,step_10,no_load
2.229288,9.791,9.7559,9.8589,-0.1030,0.0,0.001,step_10,no_load
2.239465,9.791,9.7559,9.8589,-0.1030,0.0,0.001,step_10,no_load
2.250292,9.791,9.7559,9.8590,-0.1031,0.0,0.001,step_10,no_load
2.26134,9.791,9.7559,9.8590,-0.1031,0.0,0.001,step_10,no_load
2.272322,9.791,9.7559,9.8590,-0.1031,0.0,0.001,step_10,no_load
2.283331,9.791,9.7559,9.8590,-0.1031,0.0,0.001,step_10,no_load
2.294342,9.791,9.7559,9.8590,-0.1031,0.0,0.001,step_10,no_load
2.305329,9.791,9.7559,9.8590,-0.1031,0.0,0.001,step_10,no_load
2.315466,9.791,9.7559,9.8590,-0.1031,0.0,0.001,step_10,no_load
2.32648,9.791,9.7559,9.8590,-0.1031,0.0,0.001,step_10,no_load
2.337432,9.791,9.7559,9.8590,-0.1031,0.0,0.001,step_10,no_load
2.348388,9.791,9.7559,9.8590,-0.1031,0.0,0.001,step_10,no_load
2.359346,9.791,9.7559,9.8590,-0.1031,0.0,0.000,step_10,no_load
2.370342,9.791,9.7559,9.8590,-0.1031,0.0,0.000,step_10,no_load
2.38054,9.791,9.7559,9.8590,-0.1031,0.0,0.000,step_10,no_load
2.390792,9.791,9.7559,9.8591,-0.1032,0.0,0.000,step_10,no_load
2.401718,9.791,9.7559,9.8591,-0.1032,0.0,0.000,step_10,no_load
2.412311,0.0,9.7559,9.8591,-0.1032,0.0,0.000,step_10,no_load
2.422802,0.0,9.7559,9.8591,-0.1032,0.0,0.000,step_10,no_load
2.433388,0.0,9.7559,9.8591,-0.1032,0.0,0.000,step_10,no_load
2.444012,0.0,9.7559,9.8591,-0.1032,0.0,0.000,step_10,no_load
2.454606,0.0,9.7559,9.8591,-0.1032,0.0,0.000,step_10,no_load
2.464826,0.0,9.4922,9.8591,-0.3669,-25.802,0.000,step_10,no_load
2.475459,0.0,9.2285,9.8591,-0.6306,-24.8,0.000,step_10,no_load
2.48561,0.0,8.7012,9.6055,-0.9043,-51.946,-25.355,step_10,no_load
2.496248,0.0,7.9980,9.0581,-1.0601,-66.103,-54.740,step_10,no_load
2.50687,0.0,7.2070,8.2594,-1.0524,-74.468,-79.868,step_10,no_load
2.517102,0.0,6.4160,7.2455,-0.8295,-77.306,-101.392,step_10,no_load
2.527744,0.0,5.4492,6.2596,-0.8104,-90.848,-98.591,step_10,no_load
2.538377,0.0,4.4824,5.3425,-0.8601,-90.924,-91.709,step_10,no_load
2.548663,0.0,3.5156,4.5342,-1.0186,-93.992,-80.827,step_10,no_load
2.559563,0.0,2.7246,3.8483,-1.1237,-72.569,-68.596,step_10,no_load
2.56969,0.0,2.3730,3.2677,-0.8947,-34.719,-58.054,step_10,no_load
2.580277,0.0,1.9336,2.5601,-0.6265,-41.504,-47.178,step_10,no_load
2.590374,0.0,1.6699,2.1778,-0.5079,-26.117,-38.228,step_10,no_load
2.600436,0.0,1.4063,1.8544,-0.4481,-26.198,-32.344,step_10,no_load
2.610544,0.0,1.1426,1.5807,-0.4381,-26.088,-27.366,step_10,no_load
2.620974,0.0,0.9668,1.3492,-0.3824,-16.855,-23.154,step_10,no_load
2.631592,0.0,0.8789,1.1533,-0.2744,-8.278,-19.590,step_10,no_load
2.642178,0.0,0.8789,0.9875,-0.1086,0.0,-16.575,step_10,no_load
2.652274,0.0,0.9668,0.8473,0.1195,8.706,-14.024,step_10,no_load
2.662872,0.0,1.0547,0.7286,0.3261,8.294,-11.866,step_10,no_load
2.672944,0.0,1.0547,0.6282,0.4265,0.0,-10.040,step_10,no_load
2.683384,0.0,0.9668,0.5433,0.4235,-8.42,-8.495,step_10,no_load
2.694415,0.0,0.7910,0.4714,0.3196,-15.937,-7.187,step_10,no_load
2.705034,0.0,0.7031,0.3838,0.3193,-8.278,-5.841,step_10,no_load
2.715162,0.0,0.4395,0.3364,0.1031,-26.027,-4.733,step_10,no_load
2.725755,0.0,0.1758,0.2964,-0.1206,-24.894,-4.005,step_10,no_load
2.735893,0.0,0.0879,0.2625,-0.1746,-8.67,-3.388,step_10,no_load
2.746551,0.0,0.0879,0.2338,-0.1459,0.0,-2.867,step_10,no_load
2.756654,0.0,0.0879,0.2096,-0.1217,0.0,-2.426,step_10,no_load
2.76761,0.0,0.0000,0.1891,-0.1891,-8.023,-2.052,step_10,no_load
2.778235,0.0,0.0000,0.1717,-0.1717,0.0,-1.737,step_10,no_load
2.78927,0.0,0.0000,0.1570,-0.1570,0.0,-1.469,step_10,no_load
2.799908,0.0,0.0879,0.1446,-0.0567,8.263,-1.243,step_10,no_load
2.810272,0.0,0.0879,0.1294,-0.0415,0.0,-1.010,step_10,no_load
2.820858,0.0,0.1758,0.1212,0.0546,8.303,-0.819,step_10,no_load
2.830951,0.0,0.1758,0.1143,0.0615,0.0,-0.693,step_10,no_load
2.84176,0.0,0.1758,0.1084,0.0674,0.0,-0.586,step_10,no_load
2.852881,0.0,0.1758,0.1035,0.0723,0.0,-0.496,step_10,no_load
2.863494,0.0,0.0879,0.0993,-0.0114,-8.282,-0.420,step_10,no_load
2.873617,0.0,0.0879,0.0957,-0.0078,0.0,-0.355,step_10,no_load
2.88372,0.0,0.0879,0.0927,-0.0048,0.0,-0.301,step_10,no_load
2.894268,0.0,0.0879,0.0902,-0.0023,0.0,-0.257,step_10,no_load
2.904647,0.0,0.0879,0.0879,-0.0000,0.0,-0.222,step_10,no_load
2.915243,0.0,0.0879,0.0851,0.0028,0.0,-0.187,step_10,no_load
2.925593,0.0,0.0879,0.0836,0.0043,0.0,-0.158,step_10,no_load
2.936118,0.0,0.0879,0.0822,0.0057,0.0,-0.140,step_10,no_load
2.946199,0.0,0.0879,0.0809,0.0070,0.0,-0.124,step_10,no_load
2.956784,0.0,0.0879,0.0798,0.0081,0.0,-0.111,step_10,no_load
2.967637,0.0,0.0879,0.0788,0.0091,0.0,-0.099,step_10,no_load
2.978257,0.0,0.0879,0.0779,0.0100,0.0,-0.089,step_10,no_load
2.988477,0.0,0.0879,0.0771,0.0108,0.0,-0.081,step_10,no_load
2.99905,0.0,0.0879,0.0764,0.0115,0.0,-0.073,step_10,no_load
3.009635,0.0,0.0879,0.0757,0.0122,0.0,-0.066,step_10,no_load
3.020251,0.0,0.0879,0.0748,0.0131,0.0,-0.058,step_10,no_load
3.030408,0.0,0.0879,0.0743,0.0136,0.0,-0.052,step_10,no_load
3.041163,0.0,0.0879,0.0739,0.0140,0.0,-0.047,step_10,no_load
3.052152,0.0,0.0879,0.0734,0.0145,0.0,-0.043,step_10,no_load
3.062429,0.0,0.0879,0.0730,0.0149,0.0,-0.039,step_10,no_load
3.072596,0.0,0.0879,0.0727,0.0152,0.0,-0.036,step_10,no_load
3.083184,0.0,0.0879,0.0723,0.0156,0.0,-0.033,step_10,no_load
3.09376,0.0,0.0879,0.0720,0.0159,0.0,-0.030,step_10,no_load
3.104387,0.0,0.0879,0.0718,0.0161,0.0,-0.027,step_10,no_load
3.115392,0.0,0.0879,0.0714,0.0165,0.0,-0.025,step_10,no_load
3.126023,0.0,0.0879,0.0712,0.0167,0.0,-0.022,step_10,no_load
3.136128,0.0,0.0879,0.0710,0.0169,0.0,-0.020,step_10,no_load
3.146706,0.0,0.0879,0.0708,0.0171,0.0,-0.018,step_10,no_load
3.156858,0.0,0.0879,0.0706,0.0173,0.0,-0.017,step_10,no_load
3.166974,0.0,0.0879,0.0705,0.0174,0.0,-0.015,step_10,no_load
3.178014,0.0,0.0879,0.0703,0.0176,0.0,-0.014,step_10,no_load
3.189008,0.0,0.0879,0.0702,0.0177,0.0,-0.013,step_10,no_load
3.199948,0.0,0.0879,0.0701,0.0178,0.0,-0.012,step_10,no_load
3.210953,0.0,0.0879,0.0699,0.0180,0.0,-0.011,step_10,no_load
3.221531,0.0,0.0879,0.0698,0.0181,0.0,-0.010,step_10,no_load
3.23262,0.0,0.0879,0.0697,0.0182,0.0,-0.009,step_10,no_load
3.243243,0.0,0.0879,0.0697,0.0182,0.0,-0.008,step_10,no_load
3.254317,0.0,0.0879,0.0696,0.0183,0.0,-0.007,step_10,no_load
3.264503,0.0,0.0879,0.0695,0.0184,0.0,-0.007,step_10,no_load
3.275093,0.0,0.0879,0.0694,0.0185,0.0,-0.006,step_10,no_load
3.285667,0.0,0.0879,0.0694,0.0185,0.0,-0.005,step_10,no_load
3.295721,0.0,0.0879,0.0693,0.0186,0.0,-0.005,step_10,no_load
3.306309,0.0,0.0879,0.0693,0.0186,0.0,-0.005,step_10,no_load
3.317016,0.0,0.0879,0.0692,0.0187,0.0,-0.004,step_10,no_load
3.327591,0.0,0.0879,0.0692,0.0187,0.0,-0.004,step_10,no_load
3.338157,0.0,0.0879,0.0692,0.0187,0.0,-0.004,step_10,no_load
3.348472,0.0,0.0879,0.0691,0.0188,0.0,-0.003,step_10,no_load
3.35866,0.0,0.0879,0.0691,0.0188,0.0,-0.003,step_10,no_load
3.368783,0.0,0.0879,0.0691,0.0188,0.0,-0.003,step_10,no_load
3.379851,0.0,0.0879,0.0690,0.0189,0.0,-0.003,step_10,no_load
3.390073,0.0,0.0879,0.0690,0.0189,0.0,-0.002,step_10,no_load
3.4002,0.0,0.0879,0.0690,0.0189,0.0,-0.002,step_10,no_load
3.411181,0.0,0.0879,0.0690,0.0189,0.0,-0.002,step_10,no_load
3.42181,0.0,0.0879,0.0689,0.0190,0.0,-0.002,step_10,no_load
3.432369,0.0,0.0879,0.0689,0.0190,0.0,-0.002,step_10,no_load
3.443001,0.0,0.0879,0.0689,0.0190,0.0,-0.001,step_10,no_load
3.453152,0.0,0.0879,0.0689,0.0190,0.0,-0.001,step_10,no_load
3.463757,0.0,0.0879,0.0689,0.0190,0.0,-0.001,step_10,no_load
3.474741,0.0,0.0879,0.0689,0.0190,0.0,-0.001,step_10,no_load
3.485538,0.0,0.0879,0.0689,0.0190,0.0,-0.001,step_10,no_load
3.496623,0.0,0.0879,0.0689,0.0190,0.0,-0.001,step_10,no_load
3.507253,0.0,0.0879,0.0688,0.0191,0.0,-0.001,step_10,no_load
3.518235,0.0,0.0879,0.0688,0.0191,0.0,-0.001,step_10,no_load
3.5285,0.0,0.0879,0.0688,0.0191,0.0,-0.001,step_10,no_load
3.53867,0.0,0.0879,0.0688,0.0191,0.0,-0.001,step_10,no_load
3.549345,0.0,0.0879,0.0688,0.0191,0.0,-0.001,step_10,no_load
3.560442,0.0,0.0879,0.0688,0.0191,0.0,-0.001,step_10,no_load
3.57055,0.0,0.0879,0.0688,0.0191,0.0,-0.000,step_10,no_load
3.581544,0.0,0.0879,0.0688,0.0191,0.0,-0.000,step_10,no_load
3.592046,0.0,0.0879,0.0688,0.0191,0.0,-0.000,step_10,no_load
3.602551,0.0,0.0879,0.0688,0.0191,0.0,-0.000,step_10,no_load
3.614113,9.791,0.0879,0.0688,0.0191,0.0,-0.000,step_10,no_load
3.624746,9.791,0.0879,0.0688,0.0191,0.0,-0.000,step_10,no_load
3.635606,9.791,0.0879,0.0688,0.0191,0.0,-0.000,step_10,no_load
3.64618,9.791,0.0879,0.0688,0.0191,0.0,-0.000,step_10,no_load
3.656771,9.791,0.0879,0.0688,0.0191,0.0,-0.000,step_10,no_load
3.667622,9.791,0.2637,0.0688,0.1949,16.201,-0.000,step_10,no_load
3.67825,9.791,0.6152,0.0688,0.5464,33.073,-0.000,step_10,no_load
3.689356,9.791,1.1426,0.4235,0.7191,47.488,35.472,step_10,no_load
3.699785,9.791,1.7578,1.1883,0.5695,58.989,76.477,step_10,no_load
3.710474,9.791,2.5488,2.8949,-0.3461,74.001,113.778,step_10,no_load
3.721051,9.791,3.4277,3.8945,-0.4668,83.095,99.958,step_10,no_load
3.731552,9.791,4.3945,4.7350,-0.3405,92.067,84.047,step_10,no_load
3.742135,9.791,5.2734,5.4265,-0.1531,83.048,69.147,step_10,no_load
3.752379,9.791,6.4160,6.0792,0.3368,111.538,65.273,step_10,no_load
3.763038,9.791,6.9434,6.6438,0.2996,49.479,56.456,step_10,no_load
3.774098,9.791,7.3828,7.1365,0.2463,39.729,49.275,step_10,no_load
3.784182,9.791,7.7344,7.5544,0.1800,34.867,41.785,step_10,no_load
3.794617,9.791,8.0859,7.9080,0.1779,33.685,35.360,step_10,no_load
3.805197,9.791,8.3496,8.3390,0.0106,24.924,28.735,step_10,no_load
3.816492,9.791,8.6133,8.5718,0.0415,23.347,23.283,step_10,no_load
3.826835,9.791,8.7891,8.7688,0.0203,16.997,19.699,step_10,no_load
3.837749,9.791,8.8770,8.9355,-0.0585,8.054,16.667,step_10,no_load
3.848393,9.791,8.8770,9.0765,-0.1995,0.0,14.101,step_10,no_load
3.859468,9.791,8.8770,9.1958,-0.3188,0.0,11.931,step_10,no_load
3.870069,9.791,8.8770,9.3412,-0.4642,0.0,9.695,step_10,no_load
3.880159,9.791,8.7891,9.4198,-0.6307,-8.712,7.856,step_10,no_load
3.89073,9.791,8.7891,9.4863,-0.6972,0.0,6.647,step_10,no_load
3.901826,9.791,8.7891,9.5425,-0.7534,0.0,5.624,step_10,no_load
3.912425,9.791,8.8770,9.5901,-0.7131,8.293,4.758,step_10,no_load
3.923042,9.791,8.9648,9.6303,-0.6655,8.27,4.026,step_10,no_load
3.933271,9.791,9.0527,9.6644,-0.6117,8.593,3.406,step_10,no_load
3.943856,9.791,9.1406,9.6932,-0.5526,8.304,2.882,step_10,no_load
3.954487,9.791,9.3164,9.7176,-0.4012,16.537,2.438,step_10,no_load
3.965013,9.791,9.4043,9.7473,-0.3430,8.351,1.981,step_10,no_load
3.975648,9.791,9.5801,9.7634,-0.1833,16.53,1.606,step_10,no_load
3.985751,9.791,9.6680,9.7770,-0.1090,8.7,1.358,step_10,no_load
3.996355,9.791,9.7559,9.7885,-0.0326,8.289,1.149,step_10,no_load
4.007382,9.791,9.7559,9.7982,-0.0423,0.0,0.972,step_10,no_load
4.017515,9.791,9.7559,9.8064,-0.0505,0.0,0.823,step_10,no_load
4.028006,9.791,9.7559,9.8134,-0.0575,0.0,0.696,step_10,no_load
4.038606,9.791,9.7559,9.8193,-0.0634,0.0,0.589,step_10,no_load
4.048683,9.791,9.7559,9.8242,-0.0683,0.0,0.498,step_10,no_load
4.059239,9.791,9.6680,9.8285,-0.1605,-8.327,0.422,step_10,no_load
4.069836,9.791,9.6680,9.8320,-0.1640,0.0,0.357,step_10,no_load
4.080476,9.791,9.5801,9.8364,-0.2563,-8.261,0.291,step_10,no_load
4.090661,9.791,9.5801,9.8388,-0.2587,0.0,0.239,step_10,no_load
4.100837,9.791,9.5801,9.8408,-0.2607,0.0,0.207,step_10,no_load
4.111302,9.791,9.5801,9.8426,-0.2625,0.0,0.180,step_10,no_load
4.12195,9.791,9.5801,9.8442,-0.2641,0.0,0.158,step_10,no_load
4.132067,9.791,9.5801,9.8456,-0.2655,0.0,0.140,step_10,no_load
4.142711,9.791,9.5801,9.8469,-0.2668,0.0,0.124,step_10,no_load
4.152933,9.791,9.5801,9.8480,-0.2679,0.0,0.111,step_10,no_load
4.163525,9.791,9.6680,9.8490,-0.1810,8.299,0.100,step_10,no_load
4.174277,9.791,9.6680,9.8499,-0.1819,0.0,0.090,step_10,no_load
4.185299,9.791,9.7559,9.8511,-0.0952,7.975,0.079,step_10,no_load
4.196294,9.791,9.7559,9.8518,-0.0959,0.0,0.069,step_10,no_load
4.20732,9.791,9.7559,9.8524,-0.0965,0.0,0.063,step_10,no_load
4.218234,9.791,9.7559,9.8530,-0.0971,0.0,0.057,step_10,no_load
4.229621,9.791,9.7559,9.8535,-0.0976,0.0,0.052,step_10,no_load
4.24059,9.791,9.7559,9.8542,-0.0983,0.0,0.046,step_10,no_load
4.251547,9.791,9.7559,9.8546,-0.0987,0.0,0.041,step_10,no_load
4.262564,9.791,9.7559,9.8550,-0.0991,0.0,0.038,step_10,no_load
4.27319,9.791,9.6680,9.8553,-0.1873,-8.272,0.034,step_10,no_load
4.283889,9.791,9.6680,9.8556,-0.1876,0.0,0.032,step_10,no_load
4.294583,9.791,9.6680,9.8559,-0.1879,0.0,0.029,step_10,no_load
4.305226,9.791,9.6680,9.8563,-0.1883,0.0,0.026,step_10,no_load
4.316313,9.791,9.7559,9.8565,-0.1006,7.928,0.023,step_10,no_load
4.327158,9.791,9.7559,9.8567,-0.1008,0.0,0.021,step_10,no_load
4.337318,9.791,9.7559,9.8569,-0.1010,0.0,0.019,step_10,no_load
4.347904,9.791,9.7559,9.8571,-0.1012,0.0,0.018,step_10,no_load
4.35797,9.791,9.7559,9.8573,-0.1014,0.0,0.016,step_10,no_load
4.368505,9.791,9.7559,9.8574,-0.1015,0.0,0.015,step_10,no_load
4.379592,9.791,9.7559,9.8576,-0.1017,0.0,0.014,step_10,no_load
4.389974,9.791,9.7559,9.8577,-0.1018,0.0,0.013,step_10,no_load
4.400033,9.791,9.7559,9.8579,-0.1020,0.0,0.011,step_10,no_load
4.410434,9.791,9.7559,9.8580,-0.1021,0.0,0.010,step_10,no_load
4.421119,9.791,9.7559,9.8581,-0.1022,0.0,0.009,step_10,no_load
4.43196,9.791,9.7559,9.8581,-0.1022,0.0,0.009,step_10,no_load
4.442353,9.791,9.7559,9.8582,-0.1023,0.0,0.008,step_10,no_load
4.452511,9.791,9.7559,9.8583,-0.1024,0.0,0.007,step_10,no_load
4.463177,9.791,9.7559,9.8584,-0.1025,0.0,0.007,step_10,no_load
4.473314,9.791,9.7559,9.8584,-0.1025,0.0,0.006,step_10,no_load
4.484013,9.791,9.7559,9.8585,-0.1026,0.0,0.006,step_10,no_load
4.49437,9.791,9.7559,9.8585,-0.1026,0.0,0.005,step_10,no_load
4.505085,9.791,9.7559,9.8586,-0.1027,0.0,0.005,step_10,no_load
4.51623,9.791,9.7559,9.8586,-0.1027,0.0,0.004,step_10,no_load
4.526855,9.791,9.7559,9.8587,-0.1028,0.0,0.004,step_10,no_load
4.537481,9.791,9.7559,9.8587,-0.1028,0.0,0.003,step_10,no_load
4.548524,9.791,9.7559,9.8587,-0.1028,0.0,0.003,step_10,no_load
4.559162,9.791,9.7559,9.8588,-0.1029,0.0,0.003,step_10,no_load
4.569752,9.791,9.7559,9.8588,-0.1029,0.0,0.003,step_10,no_load
4.580806,9.791,9.7559,9.8588,-0.1029,0.0,0.002,step_10,no_load
4.591452,9.791,9.7559,9.8588,-0.1029,0.0,0.002,step_10,no_load
4.601603,9.791,9.7559,9.8589,-0.1030,0.0,0.002,step_10,no_load
4.612181,9.791,9.7559,9.8589,-0.1030,0.0,0.002,step_10,no_load
4.622288,9.791,9.7559,9.8589,-0.1030,0.0,0.002,step_10,no_load
4.63295,9.791,9.7559,9.8589,-0.1030,0.0,0.002,step_10,no_load
4.643393,9.791,9.7559,9.8589,-0.1030,0.0,0.001,step_10,no_load
4.653998,9.791,9.7559,9.8589,-0.1030,0.0,0.001,step_10,no_load
4.664099,9.791,9.7559,9.8590,-0.1031,0.0,0.001,step_10,no_load
4.674735,9.791,9.7559,9.8590,-0.1031,0.0,0.001,step_10,no_load
4.685954,9.791,9.7559,9.8590,-0.1031,0.0,0.001,step_10,no_load
4.696562,9.791,9.7559,9.8590,-0.1031,0.0,0.001,step_10,no_load
4.706643,9.791,9.7559,9.8590,-0.1031,0.0,0.001,step_10,no_load
4.717233,9.791,9.7559,9.8590,-0.1031,0.0,0.001,step_10,no_load
4.727779,9.791,9.7559,9.8590,-0.1031,0.0,0.001,step_10,no_load
4.738428,9.791,9.7559,9.8590,-0.1031,0.0,0.001,step_10,no_load
4.749473,9.791,9.7559,9.8590,-0.1031,0.0,0.001,step_10,no_load
4.760053,9.791,9.7559,9.8590,-0.1031,0.0,0.001,step_10,no_load
4.770898,9.791,9.7559,9.8590,-0.1031,0.0,0.000,step_10,no_load
4.781428,9.791,9.7559,9.8590,-0.1031,0.0,0.000,step_10,no_load
4.792211,9.791,9.7559,9.8590,-0.1031,0.0,0.000,step_10,no_load
4.803058,9.791,9.7559,9.8591,-0.1032,0.0,0.000,step_10,no_load
4.813137,9.791,9.7559,9.8591,-0.1032,0.0,0.000,step_10,no_load
4.824283,0.0,9.7559,9.8591,-0.1032,0.0,0.000,step_10,no_load
4.835202,0.0,9.7559,9.8591,-0.1032,0.0,0.000,step_10,no_load
4.845622,0.0,9.7559,9.8591,-0.1032,0.0,0.000,step_10,no_load
4.856652,0.0,9.7559,9.8591,-0.1032,0.0,0.000,step_10,no_load
4.866718,0.0,9.7559,9.8591,-0.1032,0.0,0.000,step_10,no_load
4.877773,0.0,9.4922,9.8591,-0.3669,-23.853,0.000,step_10,no_load
4.888263,0.0,9.1406,9.8591,-0.7185,-33.518,0.000,step_10,no_load
4.898535,0.0,8.6133,9.6055,-0.9922,-51.334,-25.355,step_10,no_load
4.908921,0.0,7.9102,9.0581,-1.1479,-67.697,-54.740,step_10,no_load
4.919507,0.0,7.1191,8.2594,-1.1403,-74.731,-79.868,step_10,no_load
4.930082,0.0,6.2402,6.6677,-0.4275,-83.111,-106.118,step_10,no_load
4.940698,0.0,5.2734,5.7935,-0.5201,-91.07,-87.415,step_10,no_load
4.951681,0.0,4.3066,4.9222,-0.6156,-88.027,-87.130,step_10,no_load
4.961803,0.0,3.3398,4.1770,-0.8372,-95.515,-74.523,step_10,no_load
4.972432,0.0,2.6367,3.5459,-0.9092,-66.149,-63.110,step_10,no_load
4.982828,0.0,2.2852,3.0119,-0.7267,-33.811,-53.400,step_10,no_load
4.993468,0.0,1.9336,2.5601,-0.6265,-33.045,-45.182,step_10,no_load
5.004107,0.0,1.5820,2.1778,-0.5958,-33.048,-38.228,step_10,no_load
5.015167,0.0,1.2305,1.7118,-0.4813,-31.781,-31.065,step_10,no_load
5.025797,0.0,0.9668,1.4601,-0.4933,-24.807,-25.172,step_10,no_load
5.03646,0.0,0.7910,1.2471,-0.4561,-16.487,-21.298,step_10,no_load
5.047094,0.0,0.7031,1.0669,-0.3638,-8.266,-18.020,step_10,no_load
5.057195,0.0,0.7031,0.9145,-0.2114,0.0,-15.247,step_10,no_load
5.068586,0.0,0.9668,0.7855,0.1813,23.15,-12.900,step_10,no_load
5.079728,0.0,0.9668,0.6763,0.2905,0.0,-10.915,step_10,no_load
5.089974,0.0,0.9668,0.5840,0.3828,0.0,-9.235,step_10,no_load
5.101014,0.0,0.8789,0.4714,0.4075,-7.962,-7.505,step_10,no_load
5.111598,0.0,0.7910,0.4106,0.3804,-8.305,-6.081,step_10,no_load
5.122714,0.0,0.7031,0.3591,0.3440,-7.908,-5.145,step_10,no_load
5.132909,0.0,0.5273,0.3156,0.2117,-17.244,-4.354,step_10,no_load
5.143542,0.0,0.1758,0.2787,-0.1029,-33.057,-3.684,step_10,no_load
5.15459,0.0,0.0000,0.2476,-0.2476,-15.912,-3.117,step_10,no_load
5.165264,0.0,0.0000,0.2096,-0.2096,0.0,-2.533,step_10,no_load
5.175646,0.0,-0.0879,0.1891,-0.2770,-8.467,-2.052,step_10,no_load
5.186659,0.0,-0.0879,0.1717,-0.2596,0.0,-1.737,step_10,no_load
5.197652,0.0,-0.1758,0.1570,-0.3328,-7.996,-1.469,step_10,no_load
5.208655,0.0,-0.1758,0.1446,-0.3204,0.0,-1.243,step_10,no_load
5.219594,0.0,-0.1758,0.1340,-0.3098,0.0,-1.052,step_10,no_load
5.230284,0.0,-0.0879,0.1212,-0.2091,8.223,-0.855,step_10,no_load
5.240572,0.0,0.0000,0.1143,-0.1143,8.544,-0.693,step_10,no_load
5.251575,0.0,0.0000,0.1084,-0.1084,0.0,-0.586,step_10,no_load
5.261847,0.0,0.0000,0.1035,-0.1035,0.0,-0.496,step_10,no_load
5.272434,0.0,0.0000,0.0993,-0.0993,0.0,-0.420,step_10,no_load
5.283034,0.0,0.0000,0.0957,-0.0957,0.0,-0.355,step_10,no_load
5.293391,0.0,-0.0879,0.0927,-0.1806,-8.487,-0.301,step_10,no_load
5.303943,0.0,-0.0879,0.0902,-0.1781,0.0,-0.257,step_10,no_load
5.314564,0.0,-0.0879,0.0879,-0.1758,0.0,-0.222,step_10,no_load
5.325003,0.0,-0.0879,0.0851,-0.1730,0.0,-0.187,step_10,no_load
5.335582,0.0,-0.0879,0.0836,-0.1715,0.0,-0.158,step_10,no_load
5.346222,0.0,-0.0879,0.0822,-0.1701,0.0,-0.140,step_10,no_load
5.356414,0.0,-0.0879,0.0809,-0.1688,0.0,-0.124,step_10,no_load
5.366479,0.0,-0.0879,0.0798,-0.1677,0.0,-0.111,step_10,no_load
5.376587,0.0,-0.0879,0.0788,-0.1667,0.0,-0.099,step_10,no_load
5.387173,0.0,-0.0879,0.0779,-0.1658,0.0,-0.089,step_10,no_load
5.397283,0.0,-0.0879,0.0771,-0.1650,0.0,-0.081,step_10,no_load
5.408009,0.0,-0.0879,0.0764,-0.1643,0.0,-0.073,step_10,no_load
5.418458,0.0,-0.0879,0.0757,-0.1636,0.0,-0.066,step_10,no_load
5.429082,0.0,-0.0879,0.0751,-0.1630,0.0,-0.060,step_10,no_load
5.440157,0.0,-0.0879,0.0743,-0.1622,0.0,-0.053,step_10,no_load
5.450589,0.0,-0.0879,0.0739,-0.1618,0.0,-0.047,step_10,no_load
5.461451,0.0,-0.0879,0.0734,-0.1613,0.0,-0.043,step_10,no_load
5.472089,0.0,-0.0879,0.0730,-0.1609,0.0,-0.039,step_10,no_load
5.482232,0.0,-0.0879,0.0727,-0.1606,0.0,-0.036,step_10,no_load
5.492811,0.0,-0.0879,0.0723,-0.1602,0.0,-0.033,step_10,no_load
5.502977,0.0,-0.0879,0.0720,-0.1599,0.0,-0.030,step_10,no_load
5.513562,0.0,-0.0879,0.0718,-0.1597,0.0,-0.027,step_10,no_load
5.523715,0.0,-0.0879,0.0715,-0.1594,0.0,-0.025,step_10,no_load
5.534975,0.0,-0.0879,0.0713,-0.1592,0.0,-0.023,step_10,no_load
5.545537,0.0,-0.0879,0.0710,-0.1589,0.0,-0.021,step_10,no_load
5.556166,0.0,-0.0879,0.0708,-0.1587,0.0,-0.018,step_10,no_load
5.567166,0.0,-0.0879,0.0706,-0.1585,0.0,-0.017,step_10,no_load
5.577997,0.0,-0.0879,0.0705,-0.1584,0.0,-0.015,step_10,no_load
5.588583,0.0,-0.0879,0.0703,-0.1582,0.0,-0.014,step_10,no_load
5.599274,0.0,-0.0879,0.0702,-0.1581,0.0,-0.013,step_10,no_load
5.609902,0.0,-0.0879,0.0701,-0.1580,0.0,-0.012,step_10,no_load
5.620068,0.0,-0.0879,0.0699,-0.1578,0.0,-0.011,step_10,no_load
5.630654,0.0,-0.0879,0.0698,-0.1577,0.0,-0.010,step_10,no_load
5.640801,0.0,-0.0879,0.0697,-0.1576,0.0,-0.009,step_10,no_load
5.651506,0.0,-0.0879,0.0697,-0.1576,0.0,-0.008,step_10,no_load
5.662067,0.0,-0.0879,0.0696,-0.1575,0.0,-0.007,step_10,no_load
5.672695,0.0,-0.0879,0.0695,-0.1574,0.0,-0.007,step_10,no_load
5.683538,0.0,-0.0879,0.0695,-0.1574,0.0,-0.006,step_10,no_load
5.694213,0.0,-0.0879,0.0694,-0.1573,0.0,-0.006,step_10,no_load
5.704335,0.0,-0.0879,0.0693,-0.1572,0.0,-0.005,step_10,no_load
5.715274,0.0,-0.0879,0.0693,-0.1572,0.0,-0.005,step_10,no_load
5.725972,0.0,-0.0879,0.0692,-0.1571,0.0,-0.004,step_10,no_load
5.736692,0.0,-0.0879,0.0692,-0.1571,0.0,-0.004,step_10,no_load
5.746807,0.0,-0.0879,0.0692,-0.1571,0.0,-0.004,step_10,no_load
5.757385,0.0,-0.0879,0.0691,-0.1570,0.0,-0.003,step_10,no_load
5.768461,0.0,-0.0879,0.0691,-0.1570,0.0,-0.003,step_10,no_load
5.778838,0.0,-0.0879,0.0691,-0.1570,0.0,-0.003,step_10,no_load
5.789006,0.0,-0.0879,0.0690,-0.1569,0.0,-0.003,step_10,no_load
5.799426,0.0,-0.0879,0.0690,-0.1569,0.0,-0.002,step_10,no_load
5.80998,0.0,-0.0879,0.0690,-0.1569,0.0,-0.002,step_10,no_load
5.820612,0.0,-0.0879,0.0690,-0.1569,0.0,-0.002,step_10,no_load
5.830732,0.0,-0.0879,0.0689,-0.1568,0.0,-0.002,step_10,no_load
5.841781,0.0,-0.0879,0.0689,-0.1568,0.0,-0.002,step_10,no_load
5.85281,0.0,-0.0879,0.0689,-0.1568,0.0,-0.001,step_10,no_load
5.863436,0.0,-0.0879,0.0689,-0.1568,0.0,-0.001,step_10,no_load
5.873537,0.0,-0.0879,0.0689,-0.1568,0.0,-0.001,step_10,no_load
5.883593,0.0,-0.0879,0.0689,-0.1568,0.0,-0.001,step_10,no_load
5.894083,0.0,-0.0879,0.0689,-0.1568,0.0,-0.001,step_10,no_load
5.904479,0.0,-0.0879,0.0689,-0.1568,0.0,-0.001,step_10,no_load
5.91464,0.0,-0.0879,0.0688,-0.1567,0.0,-0.001,step_10,no_load
5.925261,0.0,-0.0879,0.0688,-0.1567,0.0,-0.001,step_10,no_load
5.935482,0.0,-0.0879,0.0688,-0.1567,0.0,-0.001,step_10,no_load
5.94606,0.0,-0.0879,0.0688,-0.1567,0.0,-0.001,step_10,no_load
5.956237,0.0,-0.0879,0.0688,-0.1567,0.0,-0.001,step_10,no_load
5.966312,0.0,-0.0879,0.0688,-0.1567,0.0,-0.001,step_10,no_load
5.976792,0.0,-0.0879,0.0688,-0.1567,0.0,-0.001,step_10,no_load
5.987303,0.0,-0.0879,0.0688,-0.1567,0.0,-0.000,step_10,no_load
5.998394,0.0,-0.0879,0.0688,-0.1567,0.0,-0.000,step_10,no_load
6.009035,0.0,-0.0879,0.0688,-0.1567,0.0,-0.000,step_10,no_load
6.020105,0.0,-0.0879,0.0688,-0.1567,0.0,-0.000,step_10,no_load
6.031204,9.791,-0.0879,0.0688,-0.1567,0.0,-0.000,step_10,no_load
6.041899,9.791,-0.0879,0.0688,-0.1567,0.0,-0.000,step_10,no_load
6.052453,9.791,-0.0879,0.0688,-0.1567,0.0,-0.000,step_10,no_load
6.062738,9.791,-0.0879,0.0688,-0.1567,0.0,-0.000,step_10,no_load
6.073308,9.791,-0.0879,0.0688,-0.1567,0.0,-0.000,step_10,no_load
6.084521,9.791,0.1758,0.0688,0.1070,23.517,-0.000,step_10,no_load
6.095113,9.791,0.5273,0.0688,0.4585,33.185,-0.000,step_10,no_load
6.106143,9.791,1.0547,0.4235,0.6312,47.815,35.473,step_10,no_load
6.116254,9.791,1.6699,1.1883,0.4816,60.845,76.477,step_10,no_load
6.126578,9.791,2.3730,2.3036,0.0694,68.103,111.537,step_10,no_load
6.137205,9.791,3.3398,3.3502,-0.0104,90.976,104.662,step_10,no_load
6.147297,9.791,4.1309,4.3062,-0.1753,78.389,95.593,step_10,no_load
6.157879,9.791,5.0977,5.1414,-0.0437,91.363,83.518,step_10,no_load
6.16852,9.791,6.1523,5.8133,0.3390,99.107,67.190,step_10,no_load
6.179271,9.791,6.9434,6.3678,0.5756,73.584,55.457,step_10,no_load
6.190246,9.791,7.3828,7.1365,0.2463,40.036,51.246,step_10,no_load
6.201257,9.791,7.7344,7.5544,0.1800,31.932,41.785,step_10,no_load
6.212265,9.791,8.0859,7.9080,0.1779,31.931,35.360,step_10,no_load
6.222521,9.791,8.3496,8.2071,0.1425,25.712,29.918,step_10,no_load
6.233375,9.791,8.6133,8.4603,0.1530,24.295,25.313,step_10,no_load
6.243477,9.791,8.7891,8.6744,0.1147,17.402,21.416,step_10,no_load
6.253634,9.791,8.8770,8.8556,0.0214,8.654,18.120,step_10,no_load
6.264212,9.791,8.8770,9.0089,-0.1319,0.0,15.331,step_10,no_load
6.27429,9.791,8.8770,9.1386,-0.2616,0.0,12.971,step_10,no_load
6.285339,9.791,8.9648,9.2967,-0.3319,7.946,10.540,step_10,no_load
6.295428,9.791,8.8770,9.3822,-0.5052,-8.703,8.541,step_10,no_load
6.306008,9.791,8.7891,9.4544,-0.6653,-8.308,7.226,step_10,no_load
6.316719,9.791,8.7891,9.5156,-0.7265,0.0,6.114,step_10,no_load
6.327415,9.791,8.7891,9.5673,-0.7782,0.0,5.173,step_10,no_load
6.337677,9.791,8.9648,9.6110,-0.6462,17.121,4.377,step_10,no_load
6.3483,9.791,9.0527,9.6481,-0.5954,8.274,3.703,step_10,no_load
6.358905,9.791,9.1406,9.6794,-0.5388,8.289,3.133,step_10,no_load
6.369533,9.791,9.2285,9.7059,-0.4774,8.271,2.651,step_10,no_load
6.379666,9.791,9.4043,9.7283,-0.3240,17.349,2.243,step_10,no_load
6.3903,9.791,9.5801,9.7557,-0.1756,16.532,1.823,step_10,no_load
6.401079,9.791,9.6680,9.7705,-0.1025,8.155,1.477,step_10,no_load
6.411892,9.791,9.7559,9.7829,-0.0270,8.129,1.250,step_10,no_load
6.422519,9.791,9.7559,9.7935,-0.0376,0.0,1.057,step_10,no_load
6.432799,9.791,9.7559,9.8025,-0.0466,0.0,0.895,step_10,no_load
6.443088,9.791,9.7559,9.8100,-0.0541,0.0,0.757,step_10,no_load
6.453716,9.791,9.7559,9.8164,-0.0605,0.0,0.640,step_10,no_load
6.464288,9.791,9.7559,9.8219,-0.0660,0.0,0.542,step_10,no_load
6.474918,9.791,9.6680,9.8264,-0.1584,-8.269,0.458,step_10,no_load
6.485027,9.791,9.6680,9.8320,-0.1640,0.0,0.372,step_10,no_load
6.495661,9.791,9.5801,9.8350,-0.2549,-8.266,0.302,step_10,no_load
6.505728,9.791,9.5801,9.8376,-0.2575,0.0,0.258,step_10,no_load
6.515918,9.791,9.4922,9.8398,-0.3476,-8.626,0.222,step_10,no_load
6.526637,9.791,9.4922,9.8418,-0.3496,0.0,0.193,step_10,no_load
6.537267,9.791,9.4922,9.8435,-0.3513,0.0,0.169,step_10,no_load
6.548398,9.791,9.4922,9.8449,-0.3527,0.0,0.149,step_10,no_load
6.559038,9.791,9.4922,9.8463,-0.3541,0.0,0.132,step_10,no_load
6.569112,9.791,9.4922,9.8474,-0.3552,0.0,0.118,step_10,no_load
6.579647,9.791,9.5801,9.8485,-0.2684,8.344,0.105,step_10,no_load
6.59023,9.791,9.6680,9.8499,-0.1819,8.306,0.092,step_10,no_load
6.601528,9.791,9.7559,9.8507,-0.0948,7.78,0.081,step_10,no_load
6.612617,9.791,9.7559,9.8514,-0.0955,0.0,0.073,step_10,no_load
6.623245,9.791,9.7559,9.8521,-0.0962,0.0,0.066,step_10,no_load
6.634067,9.791,9.7559,9.8527,-0.0968,0.0,0.060,step_10,no_load
6.644673,9.791,9.7559,9.8532,-0.0973,0.0,0.055,step_10,no_load
6.655302,9.791,9.7559,9.8540,-0.0981,0.0,0.049,step_10,no_load
6.665829,9.791,9.7559,9.8544,-0.0985,0.0,0.043,step_10,no_load
6.676458,9.791,9.7559,9.8548,-0.0989,0.0,0.040,step_10,no_load
6.686615,9.791,9.7559,9.8551,-0.0992,0.0,0.036,step_10,no_load
6.697246,9.791,9.7559,9.8555,-0.0996,0.0,0.033,step_10,no_load
6.708317,9.791,9.7559,9.8558,-0.0999,0.0,0.030,step_10,no_load
6.718831,9.791,9.7559,9.8560,-0.1001,0.0,0.028,step_10,no_load
6.729489,9.791,9.7559,9.8563,-0.1004,0.0,0.025,step_10,no_load
6.73977,9.791,9.7559,9.8565,-0.1006,0.0,0.023,step_10,no_load
6.750086,9.791,9.7559,9.8568,-0.1009,0.0,0.021,step_10,no_load
6.760675,9.791,9.7559,9.8570,-0.1011,0.0,0.019,step_10,no_load
6.771028,9.791,9.7559,9.8572,-0.1013,0.0,0.017,step_10,no_load
6.781632,9.791,9.7559,9.8574,-0.1015,0.0,0.016,step_10,no_load
6.791776,9.791,9.7559,9.8575,-0.1016,0.0,0.014,step_10,no_load
6.802261,9.791,9.7559,9.8576,-0.1017,0.0,0.013,step_10,no_load
6.812876,9.791,9.7559,9.8577,-0.1018,0.0,0.012,step_10,no_load
6.823483,9.791,9.7559,9.8579,-0.1020,0.0,0.011,step_10,no_load
6.834665,9.791,9.7559,9.8580,-0.1021,0.0,0.010,step_10,no_load
6.845571,9.791,9.7559,9.8581,-0.1022,0.0,0.009,step_10,no_load
6.856219,9.791,9.7559,9.8582,-0.1023,0.0,0.008,step_10,no_load
6.866279,9.791,9.7559,9.8583,-0.1024,0.0,0.007,step_10,no_load
6.877254,9.791,9.7559,9.8583,-0.1024,0.0,0.007,step_10,no_load
6.88783,9.791,9.7559,9.8584,-0.1025,0.0,0.006,step_10,no_load
6.898945,9.791,9.7559,9.8584,-0.1025,0.0,0.006,step_10,no_load
6.909221,9.791,9.7559,9.8585,-0.1026,0.0,0.005,step_10,no_load
6.919315,9.791,9.7559,9.8585,-0.1026,0.0,0.005,step_10,no_load
6.929951,9.791,9.7559,9.8586,-0.1027,0.0,0.004,step_10,no_load
6.940047,9.791,9.7559,9.8586,-0.1027,0.0,0.004,step_10,no_load
6.950139,9.791,9.7559,9.8587,-0.1028,0.0,0.004,step_10,no_load
6.960616,9.791,9.7559,9.8587,-0.1028,0.0,0.003,step_10,no_load
6.971237,9.791,9.7559,9.8587,-0.1028,0.0,0.003,step_10,no_load
6.982435,9.791,9.7559,9.8588,-0.1029,0.0,0.003,step_10,no_load
6.993076,9.791,9.7559,9.8588,-0.1029,0.0,0.003,step_10,no_load
7.003204,9.791,9.7559,9.8588,-0.1029,0.0,0.002,step_10,no_load
7.01378,9.791,9.7559,9.8588,-0.1029,0.0,0.002,step_10,no_load
7.023877,9.791,9.7559,9.8589,-0.1030,0.0,0.002,step_10,no_load
7.034664,9.791,9.7559,9.8589,-0.1030,0.0,0.002,step_10,no_load
7.044876,9.791,9.7559,9.8589,-0.1030,0.0,0.002,step_10,no_load
7.055453,9.791,9.7559,9.8589,-0.1030,0.0,0.002,step_10,no_load
7.065794,9.791,9.7559,9.8589,-0.1030,0.0,0.001,step_10,no_load
7.076431,9.791,9.7559,9.8590,-0.1031,0.0,0.001,step_10,no_load
7.087501,9.791,9.7559,9.8590,-0.1031,0.0,0.001,step_10,no_load
7.098373,9.791,9.7559,9.8590,-0.1031,0.0,0.001,step_10,no_load
7.109019,9.791,9.7559,9.8590,-0.1031,0.0,0.001,step_10,no_load
7.119604,9.791,9.7559,9.8590,-0.1031,0.0,0.001,step_10,no_load
7.130677,9.791,9.7559,9.8590,-0.1031,0.0,0.001,step_10,no_load
7.141313,9.791,9.7559,9.8590,-0.1031,0.0,0.001,step_10,no_load
7.151448,9.791,9.7559,9.8590,-0.1031,0.0,0.001,step_10,no_load
7.162038,9.791,9.7559,9.8590,-0.1031,0.0,0.001,step_10,no_load
7.172543,9.791,9.7559,9.8590,-0.1031,0.0,0.001,step_10,no_load
7.183205,9.791,9.7559,9.8590,-0.1031,0.0,0.001,step_10,no_load
7.193271,9.791,9.7559,9.8590,-0.1031,0.0,0.000,step_10,no_load
7.204238,9.791,9.7559,9.8590,-0.1031,0.0,0.000,step_10,no_load
7.215275,9.791,9.7559,9.8591,-0.1032,0.0,0.000,step_10,no_load
7.226564,9.791,9.7559,9.8591,-0.1032,0.0,0.000,step_10,no_load
7.237191,0.0,9.7559,9.8591,-0.1032,0.0,0.000,step_10,no_load
7.247817,0.0,9.7559,9.8591,-0.1032,0.0,0.000,step_10,no_load
7.258564,0.0,9.7559,9.8591,-0.1032,0.0,0.000,step_10,no_load
7.269185,0.0,9.7559,9.8591,-0.1032,0.0,0.000,step_10,no_load
7.27929,0.0,9.6680,9.8591,-0.1911,-8.699,0.000,step_10,no_load
7.28989,0.0,9.5801,9.8591,-0.2790,-8.292,0.000,step_10,no_load
7.300933,0.0,9.1406,9.8591,-0.7185,-39.799,0.000,step_10,no_load
7.311512,0.0,8.6133,9.6055,-0.9922,-49.844,-25.355,step_10,no_load
7.321655,0.0,7.9980,9.0581,-1.0601,-60.663,-54.740,step_10,no_load
7.332282,0.0,7.1191,8.2594,-1.1403,-82.704,-79.868,step_10,no_load
7.342793,0.0,6.2402,7.2455,-1.0053,-83.617,-101.392,step_10,no_load
7.353373,0.0,5.3613,6.2596,-0.8983,-83.072,-98.591,step_10,no_load
7.36342,0.0,4.4824,5.3425,-0.8601,-87.479,-91.709,step_10,no_load
7.374007,0.0,3.4277,4.5342,-1.1065,-99.622,-80.827,step_10,no_load
7.384058,0.0,2.7246,3.8483,-1.1237,-69.953,-68.596,step_10,no_load
7.394607,0.0,2.2852,3.2677,-0.9825,-41.653,-58.054,step_10,no_load
7.404732,0.0,1.9336,2.7766,-0.8430,-34.726,-49.120,step_10,no_load
7.414871,0.0,1.5820,2.3610,-0.7790,-34.678,-41.559,step_10,no_load
7.425498,0.0,1.2305,1.8544,-0.6239,-33.076,-33.773,step_10,no_load
7.436501,0.0,1.0547,1.5807,-0.5260,-15.977,-27.366,step_10,no_load
7.447077,0.0,0.8789,1.3492,-0.4703,-16.623,-23.154,step_10,no_load
7.457708,0.0,0.7910,1.1533,-0.3623,-8.268,-19.590,step_10,no_load
7.467811,0.0,0.7031,0.9875,-0.2844,-8.7,-16.575,step_10,no_load
7.478448,0.0,0.8789,0.8473,0.0316,16.527,-14.024,step_10,no_load
7.488527,0.0,0.9668,0.7286,0.2382,8.721,-11.866,step_10,no_load
7.499032,0.0,0.9668,0.6282,0.3386,0.0,-10.040,step_10,no_load
7.509614,0.0,0.9668,0.5433,0.4235,0.0,-8.495,step_10,no_load
7.520212,0.0,0.7910,0.4397,0.3513,-16.588,-6.903,step_10,no_load
7.530807,0.0,0.7031,0.3838,0.3193,-8.296,-5.594,step_10,no_load
7.541393,0.0,0.6152,0.3364,0.2788,-8.303,-4.733,step_10,no_load
7.551508,0.0,0.2637,0.2964,-0.0327,-34.75,-4.005,step_10,no_load
7.562146,0.0,0.0879,0.2625,-0.1746,-16.526,-3.388,step_10,no_load
7.573229,0.0,0.0000,0.2338,-0.2338,-7.931,-2.867,step_10,no_load
7.584563,0.0,0.0000,0.2096,-0.2096,0.0,-2.426,step_10,no_load
7.59465,0.0,-0.0879,0.1891,-0.2770,-8.714,-2.052,step_10,no_load
7.605264,0.0,-0.0879,0.1640,-0.2519,0.0,-1.668,step_10,no_load
7.615455,0.0,-0.0879,0.1505,-0.2384,0.0,-1.352,step_10,no_load
7.626083,0.0,-0.0879,0.1391,-0.2270,0.0,-1.144,step_10,no_load
7.63618,0.0,-0.0879,0.1294,-0.2173,0.0,-0.968,step_10,no_load
7.646812,0.0,0.0000,0.1212,-0.1212,8.267,-0.819,step_10,no_load
7.657391,0.0,0.0000,0.1143,-0.1143,0.0,-0.693,step_10,no_load
7.668104,0.0,0.0000,0.1084,-0.1084,0.0,-0.586,step_10,no_load
7.678699,0.0,0.0000,0.1035,-0.1035,0.0,-0.496,step_10,no_load
7.689748,0.0,0.0000,0.0993,-0.0993,0.0,-0.420,step_10,no_load
7.699815,0.0,-0.0879,0.0957,-0.1836,-8.731,-0.355,step_10,no_load
7.710402,0.0,-0.0879,0.0914,-0.1793,0.0,-0.289,step_10,no_load
7.720982,0.0,-0.0879,0.0890,-0.1769,0.0,-0.238,step_10,no_load
7.73198,0.0,-0.0879,0.0869,-0.1748,0.0,-0.206,step_10,no_load
7.742564,0.0,-0.0879,0.0851,-0.1730,0.0,-0.180,step_10,no_load
7.752667,0.0,-0.0879,0.0836,-0.1715,0.0,-0.158,step_10,no_load
7.76335,0.0,-0.0879,0.0822,-0.1701,0.0,-0.140,step_10,no_load
7.774268,0.0,-0.0879,0.0809,-0.1688,0.0,-0.124,step_10,no_load
7.784405,0.0,-0.0879,0.0798,-0.1677,0.0,-0.111,step_10,no_load
7.794536,0.0,-0.0879,0.0788,-0.1667,0.0,-0.099,step_10,no_load
7.805127,0.0,-0.0879,0.0775,-0.1654,0.0,-0.087,step_10,no_load
7.815221,0.0,-0.0879,0.0767,-0.1646,0.0,-0.077,step_10,no_load
7.825798,0.0,-0.0879,0.0760,-0.1639,0.0,-0.069,step_10,no_load
7.836887,0.0,-0.0879,0.0754,-0.1633,0.0,-0.063,step_10,no_load
7.847436,0.0,-0.0879,0.0748,-0.1627,0.0,-0.057,step_10,no_load
7.858072,0.0,-0.0879,0.0743,-0.1622,0.0,-0.052,step_10,no_load
7.869141,0.0,-0.0879,0.0739,-0.1618,0.0,-0.047,step_10,no_load
7.879692,0.0,-0.0879,0.0734,-0.1613,0.0,-0.043,step_10,no_load
7.889853,0.0,-0.0879,0.0730,-0.1609,0.0,-0.039,step_10,no_load
7.900832,0.0,-0.0879,0.0725,-0.1604,0.0,-0.035,step_10,no_load
7.911814,0.0,-0.0879,0.0722,-0.1601,0.0,-0.031,step_10,no_load
7.922436,0.0,-0.0879,0.0719,-0.1598,0.0,-0.029,step_10,no_load
7.933217,0.0,-0.0879,0.0716,-0.1595,0.0,-0.026,step_10,no_load
7.944154,0.0,-0.0879,0.0714,-0.1593,0.0,-0.024,step_10,no_load
7.954247,0.0,-0.0879,0.0712,-0.1591,0.0,-0.022,step_10,no_load
7.964844,0.0,-0.0879,0.0710,-0.1589,0.0,-0.020,step_10,no_load
7.975523,0.0,-0.0879,0.0707,-0.1586,0.0,-0.018,step_10,no_load
7.986157,0.0,-0.0879,0.0705,-0.1584,0.0,-0.016,step_10,no_load
7.996258,0.0,-0.0879,0.0704,-0.1583,0.0,-0.015,step_10,no_load
8.006818,0.0,-0.0879,0.0703,-0.1582,0.0,-0.014,step_10,no_load
8.01802,0.0,-0.0879,0.0701,-0.1580,0.0,-0.012,step_10,no_load
8.028616,0.0,-0.0879,0.0700,-0.1579,0.0,-0.011,step_10,no_load
8.038682,0.0,-0.0879,0.0699,-0.1578,0.0,-0.010,step_10,no_load
8.048899,0.0,-0.0879,0.0698,-0.1577,0.0,-0.010,step_10,no_load
8.059271,0.0,-0.0879,0.0697,-0.1576,0.0,-0.009,step_10,no_load
8.069379,0.0,-0.0879,0.0697,-0.1576,0.0,-0.008,step_10,no_load
8.079965,0.0,-0.0879,0.0696,-0.1575,0.0,-0.007,step_10,no_load
8.090591,0.0,-0.0879,0.0695,-0.1574,0.0,-0.007,step_10,no_load
8.10166,0.0,-0.0879,0.0694,-0.1573,0.0,-0.006,step_10,no_load
8.112297,0.0,-0.0879,0.0694,-0.1573,0.0,-0.005,step_10,no_load
8.122478,0.0,-0.0879,0.0693,-0.1572,0.0,-0.005,step_10,no_load
8.132563,0.0,-0.0879,0.0693,-0.1572,0.0,-0.005,step_10,no_load
8.143658,0.0,-0.0879,0.0692,-0.1571,0.0,-0.004,step_10,no_load
8.154234,0.0,-0.0879,0.0692,-0.1571,0.0,-0.004,step_10,no_load
8.165458,0.0,-0.0879,0.0691,-0.1570,0.0,-0.004,step_10,no_load
8.175871,0.0,-0.0879,0.0691,-0.1570,0.0,-0.003,step_10,no_load
8.186919,0.0,-0.0879,0.0691,-0.1570,0.0,-0.003,step_10,no_load
8.197895,0.0,-0.0879,0.0691,-0.1570,0.0,-0.003,step_10,no_load
8.208879,0.0,-0.0879,0.0690,-0.1569,0.0,-0.002,step_10,no_load
8.219909,0.0,-0.0879,0.0690,-0.1569,0.0,-0.002,step_10,no_load
8.230512,0.0,-0.0879,0.0690,-0.1569,0.0,-0.002,step_10,no_load
8.240704,0.0,-0.0879,0.0690,-0.1569,0.0,-0.002,step_10,no_load
8.250939,0.0,-0.0879,0.0689,-0.1568,0.0,-0.002,step_10,no_load
8.261556,0.0,-0.0879,0.0689,-0.1568,0.0,-0.002,step_10,no_load
8.271849,0.0,-0.0879,0.0689,-0.1568,0.0,-0.001,step_10,no_load
8.282184,0.0,-0.0879,0.0689,-0.1568,0.0,-0.001,step_10,no_load
8.292839,0.0,-0.0879,0.0689,-0.1568,0.0,-0.001,step_10,no_load
8.30322,0.0,-0.0879,0.0689,-0.1568,0.0,-0.001,step_10,no_load
8.313785,0.0,-0.0879,0.0689,-0.1568,0.0,-0.001,step_10,no_load
8.324303,0.0,-0.0879,0.0689,-0.1568,0.0,-0.001,step_10,no_load
8.334833,0.0,-0.0879,0.0688,-0.1567,0.0,-0.001,step_10,no_load
8.344965,0.0,-0.0879,0.0688,-0.1567,0.0,-0.001,step_10,no_load
8.355567,0.0,-0.0879,0.0688,-0.1567,0.0,-0.001,step_10,no_load
8.36625,0.0,-0.0879,0.0688,-0.1567,0.0,-0.001,step_10,no_load
8.376877,0.0,-0.0879,0.0688,-0.1567,0.0,-0.001,step_10,no_load
8.386982,0.0,-0.0879,0.0688,-0.1567,0.0,-0.001,step_10,no_load
8.397539,0.0,-0.0879,0.0688,-0.1567,0.0,-0.000,step_10,no_load
8.407713,0.0,-0.0879,0.0688,-0.1567,0.0,-0.000,step_10,no_load
8.418241,0.0,-0.0879,0.0688,-0.1567,0.0,-0.000,step_10,no_load
8.429189,0.0,-0.0879,0.0688,-0.1567,0.0,-0.000,step_10,no_load
8.440155,9.791,-0.0879,0.0688,-0.1567,0.0,-0.000,step_10,no_load
8.450715,9.791,-0.0879,0.0688,-0.1567,0.0,-0.000,step_10,no_load
8.461341,9.791,-0.0879,0.0688,-0.1567,0.0,-0.000,step_10,no_load
8.471563,9.791,-0.0879,0.0688,-0.1567,0.0,-0.000,step_10,no_load
8.482165,9.791,-0.0879,0.0688,-0.1567,0.0,-0.000,step_10,no_load
8.492308,9.791,0.0879,0.0688,0.0191,17.332,-0.000,step_10,no_load
8.502784,9.791,0.4395,0.0688,0.3707,33.562,-0.000,step_10,no_load
8.512901,9.791,0.8789,0.1906,0.6883,43.432,12.187,step_10,no_load
8.523508,9.791,1.4941,0.7586,0.7355,57.999,56.796,step_10,no_load
8.534584,9.791,2.2852,1.7054,0.5798,71.425,94.683,step_10,no_load
8.545215,9.791,3.1641,3.3503,-0.1862,82.673,109.654,step_10,no_load
8.555356,9.791,4.0430,4.3062,-0.2632,86.668,95.593,step_10,no_load
8.565642,9.791,4.9219,5.1414,-0.2195,85.446,83.518,step_10,no_load
8.576617,9.791,6.0645,5.8133,0.2512,104.109,67.190,step_10,no_load
8.587255,9.791,6.8555,6.3678,0.4877,74.356,55.457,step_10,no_load
8.597389,9.791,7.2949,6.9001,0.3948,43.359,53.227,step_10,no_load
8.607522,9.791,7.6465,7.3541,0.2924,34.699,45.404,step_10,no_load
8.617699,9.791,7.9102,7.7385,0.1717,25.911,38.441,step_10,no_load
8.627928,9.791,8.2617,8.0638,0.1979,34.363,32.526,step_10,no_load
8.638537,9.791,8.5254,8.3390,0.1864,24.856,27.519,step_10,no_load
8.649222,9.791,8.7012,8.5718,0.1294,16.453,23.283,step_10,no_load
8.6594,9.791,8.7891,8.7688,0.0203,8.636,19.699,step_10,no_load
8.670015,9.791,8.8770,9.0089,-0.1319,8.281,16.008,step_10,no_load
8.680669,9.791,8.8770,9.1386,-0.2616,0.0,12.971,step_10,no_load
8.691231,9.791,8.9648,9.2484,-0.2836,8.313,10.974,step_10,no_load
8.701331,9.791,8.8770,9.3412,-0.4642,-8.693,9.285,step_10,no_load
8.711771,9.791,8.7891,9.4198,-0.6307,-8.42,7.856,step_10,no_load
8.721976,9.791,8.7891,9.4863,-0.6972,0.0,6.647,step_10,no_load
8.732249,9.791,8.7891,9.5425,-0.7534,0.0,5.624,step_10,no_load
8.742832,9.791,8.8770,9.5901,-0.7131,8.306,4.758,step_10,no_load
8.753403,9.791,8.9648,9.6303,-0.6655,8.306,4.026,step_10,no_load
8.76357,9.791,9.0527,9.6644,-0.6117,8.646,3.406,step_10,no_load
8.774347,9.791,9.2285,9.6932,-0.4647,16.313,2.882,step_10,no_load
8.785215,9.791,9.3164,9.7283,-0.4119,8.088,2.342,step_10,no_load
8.795705,9.791,9.4922,9.7473,-0.2551,16.759,1.898,step_10,no_load
8.80622,9.791,9.6680,9.7634,-0.0954,16.719,1.606,step_10,no_load
8.817307,9.791,9.7559,9.7770,-0.0211,7.928,1.358,step_10,no_load
8.827868,9.791,9.7559,9.7885,-0.0326,0.0,1.149,step_10,no_load
8.838018,9.791,9.7559,9.7982,-0.0423,0.0,0.972,step_10,no_load
8.848593,9.791,9.7559,9.8064,-0.0505,0.0,0.823,step_10,no_load
8.858771,9.791,9.7559,9.8134,-0.0575,0.0,0.696,step_10,no_load
8.869262,9.791,9.7559,9.8193,-0.0634,0.0,0.589,step_10,no_load
8.879826,9.791,9.7559,9.8242,-0.0683,0.0,0.498,step_10,no_load
8.890437,9.791,9.6680,9.8303,-0.1623,-8.284,0.405,step_10,no_load
8.90076,9.791,9.6680,9.8336,-0.1656,0.0,0.328,step_10,no_load
8.911381,9.791,9.5801,9.8364,-0.2563,-8.276,0.279,step_10,no_load
8.921999,9.791,9.5801,9.8388,-0.2587,0.0,0.239,step_10,no_load
8.932235,9.791,9.5801,9.8408,-0.2607,0.0,0.207,step_10,no_load
8.942841,9.791,9.5801,9.8426,-0.2625,0.0,0.180,step_10,no_load
8.953316,9.791,9.5801,9.8442,-0.2641,0.0,0.158,step_10,no_load
8.963876,9.791,9.5801,9.8456,-0.2655,0.0,0.140,step_10,no_load
8.974079,9.791,9.5801,9.8469,-0.2668,0.0,0.124,step_10,no_load
8.984442,9.791,9.5801,9.8480,-0.2679,0.0,0.111,step_10,no_load
8.995109,9.791,9.6680,9.8494,-0.1814,8.24,0.097,step_10,no_load
9.005675,9.791,9.7559,9.8503,-0.0944,8.319,0.085,step_10,no_load
9.016575,9.791,9.7559,9.8511,-0.0952,0.0,0.077,step_10,no_load
9.027132,9.791,9.7559,9.8518,-0.0959,0.0,0.069,step_10,no_load
9.037331,9.791,9.7559,9.8524,-0.0965,0.0,0.063,step_10,no_load
9.047892,9.791,9.7559,9.8530,-0.0971,0.0,0.057,step_10,no_load
9.058836,9.791,9.7559,9.8535,-0.0976,0.0,0.052,step_10,no_load
9.069459,9.791,9.7559,9.8540,-0.0981,0.0,0.047,step_10,no_load
9.079675,9.791,9.7559,9.8544,-0.0985,0.0,0.043,step_10,no_load
9.090242,9.791,9.7559,9.8550,-0.0991,0.0,0.039,step_10,no_load
9.101295,9.791,9.7559,9.8553,-0.0994,0.0,0.034,step_10,no_load
9.111855,9.791,9.7559,9.8556,-0.0997,0.0,0.032,step_10,no_load
9.122018,9.791,9.7559,9.8559,-0.1000,0.0,0.029,step_10,no_load
9.132566,9.791,9.7559,9.8562,-0.1003,0.0,0.026,step_10,no_load
9.143223,9.791,9.7559,9.8564,-0.1005,0.0,0.024,step_10,no_load
9.153783,9.791,9.7559,9.8566,-0.1007,0.0,0.022,step_10,no_load
9.164744,9.791,9.7559,9.8568,-0.1009,0.0,0.020,step_10,no_load
9.175756,9.791,9.7559,9.8571,-0.1012,0.0,0.018,step_10,no_load
9.186743,9.791,9.7559,9.8573,-0.1014,0.0,0.016,step_10,no_load
9.197689,9.791,9.7559,9.8574,-0.1015,0.0,0.015,step_10,no_load
9.208687,9.791,9.7559,9.8576,-0.1017,0.0,0.014,step_10,no_load
9.219319,9.791,9.7559,9.8577,-0.1018,0.0,0.013,step_10,no_load
9.23038,9.791,9.7559,9.8579,-0.1020,0.0,0.011,step_10,no_load
9.241007,9.791,9.7559,9.8580,-0.1021,0.0,0.010,step_10,no_load
9.251071,9.791,9.7559,9.8581,-0.1022,0.0,0.009,step_10,no_load
9.261309,9.791,9.7559,9.8581,-0.1022,0.0,0.009,step_10,no_load
9.272256,9.791,9.7559,9.8582,-0.1023,0.0,0.008,step_10,no_load
9.282332,9.791,9.7559,9.8583,-0.1024,0.0,0.007,step_10,no_load
9.293403,9.791,9.7559,9.8584,-0.1025,0.0,0.007,step_10,no_load
9.303981,9.791,9.7559,9.8584,-0.1025,0.0,0.006,step_10,no_load
9.314979,9.791,9.7559,9.8585,-0.1026,0.0,0.006,step_10,no_load
9.325615,9.791,9.7559,9.8585,-0.1026,0.0,0.005,step_10,no_load
9.335737,9.791,9.7559,9.8586,-0.1027,0.0,0.004,step_10,no_load
9.346321,9.791,9.7559,9.8586,-0.1027,0.0,0.004,step_10,no_load
9.357391,9.791,9.7559,9.8587,-0.1028,0.0,0.004,step_10,no_load
9.3675,9.791,9.7559,9.8587,-0.1028,0.0,0.003,step_10,no_load
9.378134,9.791,9.7559,9.8587,-0.1028,0.0,0.003,step_10,no_load
9.388719,9.791,9.7559,9.8588,-0.1029,0.0,0.003,step_10,no_load
9.399479,9.791,9.7559,9.8588,-0.1029,0.0,0.003,step_10,no_load
9.410051,9.791,9.7559,9.8588,-0.1029,0.0,0.002,step_10,no_load
9.420145,9.791,9.7559,9.8588,-0.1029,0.0,0.002,step_10,no_load
9.43078,9.791,9.7559,9.8589,-0.1030,0.0,0.002,step_10,no_load
9.441685,9.791,9.7559,9.8589,-0.1030,0.0,0.002,step_10,no_load
9.452224,9.791,9.7559,9.8589,-0.1030,0.0,0.002,step_10,no_load
9.462352,9.791,9.7559,9.8589,-0.1030,0.0,0.002,step_10,no_load
9.472981,9.791,9.7559,9.8589,-0.1030,0.0,0.001,step_10,no_load
9.484153,9.791,9.7559,9.8589,-0.1030,0.0,0.001,step_10,no_load
9.494714,9.791,9.7559,9.8590,-0.1031,0.0,0.001,step_10,no_load
9.505274,9.791,9.7559,9.8590,-0.1031,0.0,0.001,step_10,no_load
9.515357,9.791,9.7559,9.8590,-0.1031,0.0,0.001,step_10,no_load
9.525823,9.791,9.7559,9.8590,-0.1031,0.0,0.001,step_10,no_load
9.536456,9.791,9.7559,9.8590,-0.1031,0.0,0.001,step_10,no_load
9.546581,9.791,9.7559,9.8590,-0.1031,0.0,0.001,step_10,no_load
9.557128,9.791,9.7559,9.8590,-0.1031,0.0,0.001,step_10,no_load
9.568236,9.791,9.7559,9.8590,-0.1031,0.0,0.001,step_10,no_load
9.578868,9.791,9.7559,9.8590,-0.1031,0.0,0.001,step_10,no_load
9.589498,9.791,9.7559,9.8590,-0.1031,0.0,0.001,step_10,no_load
9.600415,9.791,9.7559,9.8590,-0.1031,0.0,0.000,step_10,no_load
9.610517,9.791,9.7559,9.8590,-0.1031,0.0,0.000,step_10,no_load
9.62091,9.791,9.7559,9.8590,-0.1031,0.0,0.000,step_10,no_load
9.631006,9.791,9.7559,9.8591,-0.1032,0.0,0.000,step_10,no_load
9.64216,0.0,9.7559,9.8591,-0.1032,0.0,0.000,step_10,no_load
9.652682,0.0,9.7559,9.8591,-0.1032,0.0,0.000,step_10,no_load
9.662809,0.0,9.7559,9.8591,-0.1032,0.0,0.000,step_10,no_load
9.673162,0.0,9.7559,9.8591,-0.1032,0.0,0.000,step_10,no_load
9.684219,0.0,9.7559,9.8591,-0.1032,0.0,0.000,step_10,no_load
9.695012,0.0,9.4922,9.8591,-0.3669,-24.433,0.000,step_10,no_load
9.705648,0.0,9.2285,9.8591,-0.6306,-24.793,0.000,step_10,no_load
9.716246,0.0,8.6133,9.6055,-0.9922,-58.049,-25.355,step_10,no_load
9.726933,0.0,7.9980,9.0581,-1.0601,-57.575,-54.740,step_10,no_load
9.737061,0.0,7.2070,8.2594,-1.0524,-78.1,-79.868,step_10,no_load
9.747643,0.0,6.3281,7.2455,-0.9174,-83.056,-101.392,step_10,no_load
9.757928,0.0,5.3613,6.2596,-0.8983,-94.001,-98.591,step_10,no_load
9.768525,0.0,4.4824,5.3425,-0.8601,-82.939,-91.709,step_10,no_load
9.779603,0.0,3.4277,4.5342,-1.1065,-95.207,-80.827,step_10,no_load
9.79023,0.0,2.6367,3.5459,-0.9092,-74.433,-65.890,step_10,no_load
9.800714,0.0,2.2852,3.0119,-0.7267,-33.527,-53.400,step_10,no_load
9.811293,0.0,1.9336,2.5601,-0.6265,-33.236,-45.182,step_10,no_load
9.82138,0.0,1.5820,2.1778,-0.5958,-34.857,-38.228,step_10,no_load
9.831761,0.0,1.2305,1.8544,-0.6239,-33.86,-32.344,step_10,no_load
9.842748,0.0,0.9668,1.5807,-0.6139,-24.001,-27.366,step_10,no_load
9.853385,0.0,0.7910,1.3492,-0.5582,-16.527,-23.154,step_10,no_load
9.863942,0.0,0.7910,1.1533,-0.3623,0.0,-19.590,step_10,no_load
9.874578,0.0,0.7031,0.9875,-0.2844,-8.264,-16.575,step_10,no_load
9.88472,0.0,0.8789,0.8473,0.0316,17.334,-14.024,step_10,no_load
9.895354,0.0,0.9668,0.6763,0.2905,8.266,-11.397,step_10,no_load
9.90642,0.0,0.9668,0.5840,0.3828,0.0,-9.235,step_10,no_load
9.917572,0.0,0.8789,0.5058,0.3731,-7.882,-7.814,step_10,no_load
9.927888,0.0,0.7910,0.4397,0.3513,-8.521,-6.611,step_10,no_load
9.938918,0.0,0.7031,0.3838,0.3193,-7.969,-5.594,step_10,no_load
9.949945,0.0,0.5273,0.3364,0.1909,-15.943,-4.733,step_10,no_load
9.960157,0.0,0.1758,0.2787,-0.1029,-34.42,-3.846,step_10,no_load
9.970279,0.0,0.0879,0.2476,-0.1597,-8.684,-3.117,step_10,no_load
9.980881,0.0,0.0000,0.2212,-0.2212,-8.291,-2.637,step_10,no_load
9.991002,0.0,-0.0879,0.1989,-0.2868,-8.685,-2.231,step_10,no_load
10.001546,0.0,-0.0879,0.1800,-0.2679,0.0,-1.888,step_10,no_load
10.011712,0.0,-0.1758,0.1640,-0.3398,-8.646,-1.597,step_10,no_load
10.022742,0.0,-0.1758,0.1505,-0.3263,0.0,-1.352,step_10,no_load
10.033813,0.0,-0.1758,0.1391,-0.3149,0.0,-1.144,step_10,no_load
10.044861,0.0,-0.0879,0.1294,-0.2173,7.956,-0.968,step_10,no_load
10.055039,0.0,0.0000,0.1176,-0.1176,8.636,-0.786,step_10,no_load
10.06516,0.0,0.0000,0.1112,-0.1112,0.0,-0.637,step_10,no_load
10.075768,0.0,0.0000,0.1059,-0.1059,0.0,-0.539,step_10,no_load
10.08684,0.0,0.0000,0.1013,-0.1013,0.0,-0.456,step_10,no_load
10.097467,0.0,0.0000,0.0974,-0.0974,0.0,-0.386,step_10,no_load
10.108081,0.0,0.0000,0.0942,-0.0942,0.0,-0.327,step_10,no_load
10.118732,0.0,-0.0879,0.0914,-0.1793,-8.253,-0.278,step_10,no_load
10.128829,0.0,-0.0879,0.0890,-0.1769,0.0,-0.238,step_10,no_load
10.139465,0.0,-0.0879,0.0869,-0.1748,0.0,-0.206,step_10,no_load
10.150643,0.0,-0.0879,0.0843,-0.1722,0.0,-0.175,step_10,no_load
10.161317,0.0,-0.0879,0.0828,-0.1707,0.0,-0.149,step_10,no_load
10.172189,0.0,-0.0879,0.0815,-0.1694,0.0,-0.132,step_10,no_load
10.183146,0.0,-0.0879,0.0803,-0.1682,0.0,-0.117,step_10,no_load
10.194173,0.0,-0.0879,0.0793,-0.1672,0.0,-0.105,step_10,no_load
10.205192,0.0,-0.0879,0.0779,-0.1658,0.0,-0.092,step_10,no_load
10.216258,0.0,-0.0879,0.0771,-0.1650,0.0,-0.081,step_10,no_load
10.226314,0.0,-0.0879,0.0764,-0.1643,0.0,-0.073,step_10,no_load
10.236895,0.0,-0.0879,0.0757,-0.1636,0.0,-0.066,step_10,no_load
10.247065,0.0,-0.0879,0.0751,-0.1630,0.0,-0.060,step_10,no_load
10.257651,0.0,-0.0879,0.0746,-0.1625,0.0,-0.054,step_10,no_load
10.268739,0.0,-0.0879,0.0741,-0.1620,0.0,-0.049,step_10,no_load
10.279376,0.0,-0.0879,0.0736,-0.1615,0.0,-0.045,step_10,no_load
10.289475,0.0,-0.0879,0.0732,-0.1611,0.0,-0.041,step_10,no_load
10.30052,0.0,-0.0879,0.0727,-0.1606,0.0,-0.037,step_10,no_load
10.311303,0.0,-0.0879,0.0723,-0.1602,0.0,-0.033,step_10,no_load
10.321939,0.0,-0.0879,0.0720,-0.1599,0.0,-0.030,step_10,no_load
10.333168,0.0,-0.0879,0.0718,-0.1597,0.0,-0.027,step_10,no_load
10.343746,0.0,-0.0879,0.0715,-0.1594,0.0,-0.025,step_10,no_load
10.354883,0.0,-0.0879,0.0713,-0.1592,0.0,-0.023,step_10,no_load
10.365012,0.0,-0.0879,0.0710,-0.1589,0.0,-0.021,step_10,no_load
10.375607,0.0,-0.0879,0.0708,-0.1587,0.0,-0.018,step_10,no_load
10.385737,0.0,-0.0879,0.0706,-0.1585,0.0,-0.017,step_10,no_load
10.39632,0.0,-0.0879,0.0705,-0.1584,0.0,-0.015,step_10,no_load
10.406429,0.0,-0.0879,0.0703,-0.1582,0.0,-0.014,step_10,no_load
10.416824,0.0,-0.0879,0.0702,-0.1581,0.0,-0.013,step_10,no_load
10.427453,0.0,-0.0879,0.0701,-0.1580,0.0,-0.012,step_10,no_load
10.438015,0.0,-0.0879,0.0700,-0.1579,0.0,-0.011,step_10,no_load
10.44828,0.0,-0.0879,0.0699,-0.1578,0.0,-0.010,step_10,no_load
10.458783,0.0,-0.0879,0.0698,-0.1577,0.0,-0.009,step_10,no_load
10.469202,0.0,-0.0879,0.0697,-0.1576,0.0,-0.008,step_10,no_load
10.480003,0.0,-0.0879,0.0696,-0.1575,0.0,-0.008,step_10,no_load
10.490569,0.0,-0.0879,0.0695,-0.1574,0.0,-0.007,step_10,no_load
10.50162,0.0,-0.0879,0.0695,-0.1574,0.0,-0.006,step_10,no_load
10.512684,0.0,-0.0879,0.0694,-0.1573,0.0,-0.006,step_10,no_load
10.523264,0.0,-0.0879,0.0693,-0.1572,0.0,-0.005,step_10,no_load
10.534296,0.0,-0.0879,0.0693,-0.1572,0.0,-0.005,step_10,no_load
10.544897,0.0,-0.0879,0.0692,-0.1571,0.0,-0.004,step_10,no_load
10.555984,0.0,-0.0879,0.0692,-0.1571,0.0,-0.004,step_10,no_load
10.567276,0.0,-0.0879,0.0692,-0.1571,0.0,-0.004,step_10,no_load
10.577397,0.0,-0.0879,0.0691,-0.1570,0.0,-0.003,step_10,no_load
10.587977,0.0,-0.0879,0.0691,-0.1570,0.0,-0.003,step_10,no_load
10.598993,0.0,-0.0879,0.0691,-0.1570,0.0,-0.003,step_10,no_load
10.609068,0.0,-0.0879,0.0690,-0.1569,0.0,-0.003,step_10,no_load
10.620466,0.0,-0.0879,0.0690,-0.1569,0.0,-0.002,step_10,no_load
10.630628,0.0,-0.0879,0.0690,-0.1569,0.0,-0.002,step_10,no_load
10.641272,0.0,-0.0879,0.0690,-0.1569,0.0,-0.002,step_10,no_load
10.652393,0.0,-0.0879,0.0689,-0.1568,0.0,-0.002,step_10,no_load
10.663038,0.0,-0.0879,0.0689,-0.1568,0.0,-0.002,step_10,no_load
10.67364,0.0,-0.0879,0.0689,-0.1568,0.0,-0.001,step_10,no_load
10.684167,0.0,-0.0879,0.0689,-0.1568,0.0,-0.001,step_10,no_load
10.695276,0.0,-0.0879,0.0689,-0.1568,0.0,-0.001,step_10,no_load
10.705912,0.0,-0.0879,0.0689,-0.1568,0.0,-0.001,step_10,no_load
10.716948,0.0,-0.0879,0.0689,-0.1568,0.0,-0.001,step_10,no_load
10.727546,0.0,-0.0879,0.0689,-0.1568,0.0,-0.001,step_10,no_load
10.738135,0.0,-0.0879,0.0688,-0.1567,0.0,-0.001,step_10,no_load
10.748245,0.0,-0.0879,0.0688,-0.1567,0.0,-0.001,step_10,no_load
10.75884,0.0,-0.0879,0.0688,-0.1567,0.0,-0.001,step_10,no_load
10.769418,0.0,-0.0879,0.0688,-0.1567,0.0,-0.001,step_10,no_load
10.780672,0.0,-0.0879,0.0688,-0.1567,0.0,-0.001,step_10,no_load
10.790816,0.0,-0.0879,0.0688,-0.1567,0.0,-0.001,step_10,no_load
10.801316,0.0,-0.0879,0.0688,-0.1567,0.0,-0.000,step_10,no_load
10.8115,0.0,-0.0879,0.0688,-0.1567,0.0,-0.000,step_10,no_load
10.822103,0.0,-0.0879,0.0688,-0.1567,0.0,-0.000,step_10,no_load
10.833235,0.0,-0.0879,0.0688,-0.1567,0.0,-0.000,step_10,no_load
10.844378,9.791,-0.0879,0.0688,-0.1567,0.0,-0.000,step_10,no_load
10.854901,9.791,-0.0879,0.0688,-0.1567,0.0,-0.000,step_10,no_load
10.865086,9.791,-0.0879,0.0688,-0.1567,0.0,-0.000,step_10,no_load
10.875199,9.791,-0.0879,0.0688,-0.1567,0.0,-0.000,step_10,no_load
10.886184,9.791,-0.0879,0.0688,-0.1567,0.0,-0.000,step_10,no_load
10.896817,9.791,0.0879,0.0688,0.0191,16.533,-0.000,step_10,no_load
10.907877,9.791,0.4395,0.0688,0.3707,31.79,-0.000,step_10,no_load
10.918571,9.791,0.9668,0.4235,0.5433,49.308,35.472,step_10,no_load
10.929266,9.791,1.5820,1.1883,0.3937,57.522,76.477,step_10,no_load
10.939858,9.791,2.3730,2.3036,0.0694,74.679,111.537,step_10,no_load
10.950949,9.791,3.2520,3.8945,-0.6425,79.253,106.059,step_10,no_load
10.961582,9.791,4.2188,4.7350,-0.5162,90.924,84.047,step_10,no_load
10.972027,9.791,5.1855,5.4265,-0.2410,92.551,69.147,step_10,no_load
10.982095,9.791,6.2402,6.0792,0.1610,104.758,65.273,step_10,no_load
10.992766,9.791,6.9434,6.6438,0.2996,65.898,56.456,step_10,no_load
11.003393,9.791,7.3828,7.1365,0.2463,41.348,49.275,step_10,no_load
11.013541,9.791,7.7344,7.5544,0.1800,34.647,41.785,step_10,no_load
11.024154,9.791,7.9980,7.9080,0.0900,24.837,35.360,step_10,no_load
11.034768,9.791,8.3496,8.2071,0.1425,33.126,29.918,step_10,no_load
11.0454,9.791,8.6133,8.5718,0.0415,24.802,24.312,step_10,no_load
11.055476,9.791,8.7012,8.7688,-0.0676,8.724,19.699,step_10,no_load
11.065538,9.791,8.8770,8.9355,-0.0585,17.472,16.667,step_10,no_load
11.076231,9.791,8.8770,9.0765,-0.1995,0.0,14.101,step_10,no_load
11.086808,9.791,8.8770,9.1958,-0.3188,0.0,11.931,step_10,no_load
11.097886,9.791,8.9648,9.2967,-0.3319,7.926,10.094,step_10,no_load
11.108543,9.791,8.8770,9.3822,-0.5052,-8.239,8.541,step_10,no_load
11.11917,9.791,8.7891,9.4544,-0.6653,-8.271,7.226,step_10,no_load
11.129752,9.791,8.7891,9.5156,-0.7265,0.0,6.114,step_10,no_load
11.140293,9.791,8.7891,9.5901,-0.8010,0.0,4.968,step_10,no_load
11.151199,9.791,8.8770,9.6303,-0.7533,8.06,4.026,step_10,no_load
11.162308,9.791,9.0527,9.6644,-0.6117,15.816,3.406,step_10,no_load
11.172996,9.791,9.1406,9.6932,-0.5526,8.224,2.882,step_10,no_load
11.183975,9.791,9.2285,9.7176,-0.4891,8.006,2.438,step_10,no_load
11.194989,9.791,9.4043,9.7382,-0.3339,15.962,2.063,step_10,no_load
11.205995,9.791,9.5801,9.7634,-0.1833,15.973,1.676,step_10,no_load
11.216821,9.791,9.7559,9.7770,-0.0211,16.239,1.358,step_10,no_load
11.227436,9.791,9.7559,9.7885,-0.0326,0.0,1.149,step_10,no_load
11.238014,9.791,9.7559,9.7982,-0.0423,0.0,0.972,step_10,no_load
11.248864,9.791,9.7559,9.8064,-0.0505,0.0,0.823,step_10,no_load
11.259509,9.791,9.7559,9.8134,-0.0575,0.0,0.696,step_10,no_load
11.270441,9.791,9.7559,9.8219,-0.0660,0.0,0.566,step_10,no_load
11.281025,9.791,9.7559,9.8264,-0.0705,0.0,0.458,step_10,no_load
11.291627,9.791,9.6680,9.8303,-0.1623,-8.291,0.388,step_10,no_load
11.302266,9.791,9.6680,9.8336,-0.1656,0.0,0.328,step_10,no_load
11.312451,9.791,9.5801,9.8364,-0.2563,-8.63,0.279,step_10,no_load
11.323107,9.791,9.5801,9.8388,-0.2587,0.0,0.239,step_10,no_load
11.333251,9.791,9.4922,9.8408,-0.3486,-8.665,0.207,step_10,no_load
11.343827,9.791,9.4922,9.8426,-0.3504,0.0,0.180,step_10,no_load
11.35396,9.791,9.4922,9.8442,-0.3520,0.0,0.158,step_10,no_load
11.364555,9.791,9.4922,9.8456,-0.3534,0.0,0.140,step_10,no_load
11.37512,9.791,9.4922,9.8474,-0.3552,0.0,0.121,step_10,no_load
11.385576,9.791,9.4922,9.8485,-0.3563,0.0,0.105,step_10,no_load
11.395716,9.791,9.5801,9.8494,-0.2693,8.669,0.094,step_10,no_load
11.406302,9.791,9.6680,9.8503,-0.1823,8.303,0.085,step_10,no_load
11.41715,9.791,9.7559,9.8511,-0.0952,8.103,0.077,step_10,no_load
11.427628,9.791,9.7559,9.8518,-0.0959,0.0,0.069,step_10,no_load
11.4383,9.791,9.7559,9.8524,-0.0965,0.0,0.063,step_10,no_load
11.448976,9.791,9.7559,9.8530,-0.0971,0.0,0.057,step_10,no_load
11.459405,9.791,9.7559,9.8535,-0.0976,0.0,0.052,step_10,no_load
11.470032,9.791,9.7559,9.8542,-0.0983,0.0,0.046,step_10,no_load
11.480216,9.791,9.7559,9.8546,-0.0987,0.0,0.041,step_10,no_load
11.490797,9.791,9.7559,9.8550,-0.0991,0.0,0.038,step_10,no_load
11.500906,9.791,9.7559,9.8553,-0.0994,0.0,0.034,step_10,no_load
11.51152,9.791,9.7559,9.8556,-0.0997,0.0,0.032,step_10,no_load
11.52256,9.791,9.7559,9.8559,-0.1000,0.0,0.029,step_10,no_load
11.533726,9.791,9.7559,9.8562,-0.1003,0.0,0.026,step_10,no_load
11.544002,9.791,9.7559,9.8564,-0.1005,0.0,0.024,step_10,no_load
11.554519,9.791,9.7559,9.8566,-0.1007,0.0,0.022,step_10,no_load
11.56526,9.791,9.7559,9.8569,-0.1010,0.0,0.020,step_10,no_load
11.575888,9.791,9.7559,9.8571,-0.1012,0.0,0.018,step_10,no_load
11.58599,9.791,9.7559,9.8573,-0.1014,0.0,0.016,step_10,no_load
11.596567,9.791,9.7559,9.8574,-0.1015,0.0,0.015,step_10,no_load
11.606659,9.791,9.7559,9.8576,-0.1017,0.0,0.014,step_10,no_load
11.616791,9.791,9.7559,9.8577,-0.1018,0.0,0.013,step_10,no_load
11.627423,9.791,9.7559,9.8578,-0.1019,0.0,0.012,step_10,no_load
11.637866,9.791,9.7559,9.8579,-0.1020,0.0,0.011,step_10,no_load
11.64809,9.791,9.7559,9.8580,-0.1021,0.0,0.010,step_10,no_load
11.658594,9.791,9.7559,9.8581,-0.1022,0.0,0.009,step_10,no_load
11.669171,9.791,9.7559,9.8582,-0.1023,0.0,0.008,step_10,no_load
11.67981,9.791,9.7559,9.8583,-0.1024,0.0,0.007,step_10,no_load
11.690399,9.791,9.7559,9.8584,-0.1025,0.0,0.007,step_10,no_load
11.700502,9.791,9.7559,9.8584,-0.1025,0.0,0.006,step_10,no_load
11.711123,9.791,9.7559,9.8585,-0.1026,0.0,0.006,step_10,no_load
11.721237,9.791,9.7559,9.8585,-0.1026,0.0,0.005,step_10,no_load
11.731343,9.791,9.7559,9.8586,-0.1027,0.0,0.005,step_10,no_load
11.742046,9.791,9.7559,9.8586,-0.1027,0.0,0.004,step_10,no_load
11.752635,9.791,9.7559,9.8586,-0.1027,0.0,0.004,step_10,no_load
11.762726,9.791,9.7559,9.8587,-0.1028,0.0,0.004,step_10,no_load
11.773101,9.791,9.7559,9.8587,-0.1028,0.0,0.003,step_10,no_load
11.783685,9.791,9.7559,9.8587,-0.1028,0.0,0.003,step_10,no_load
11.793801,9.791,9.7559,9.8588,-0.1029,0.0,0.003,step_10,no_load
11.804405,9.791,9.7559,9.8588,-0.1029,0.0,0.003,step_10,no_load
11.815126,9.791,9.7559,9.8588,-0.1029,0.0,0.002,step_10,no_load
11.825711,9.791,9.7559,9.8589,-0.1030,0.0,0.002,step_10,no_load
11.836219,9.791,9.7559,9.8589,-0.1030,0.0,0.002,step_10,no_load
11.846861,9.791,9.7559,9.8589,-0.1030,0.0,0.002,step_10,no_load
11.857794,9.791,9.7559,9.8589,-0.1030,0.0,0.002,step_10,no_load
11.868445,9.791,9.7559,9.8589,-0.1030,0.0,0.001,step_10,no_load
11.878795,9.791,9.7559,9.8589,-0.1030,0.0,0.001,step_10,no_load
11.888901,9.791,9.7559,9.8590,-0.1031,0.0,0.001,step_10,no_load
11.900257,9.791,9.7559,9.8590,-0.1031,0.0,0.001,step_10,no_load
11.910809,9.791,9.7559,9.8590,-0.1031,0.0,0.001,step_10,no_load
11.921388,9.791,9.7559,9.8590,-0.1031,0.0,0.001,step_10,no_load
11.932219,9.791,9.7559,9.8590,-0.1031,0.0,0.001,step_10,no_load
11.942805,9.791,9.7559,9.8590,-0.1031,0.0,0.001,step_10,no_load
11.952925,9.791,9.7559,9.8590,-0.1031,0.0,0.001,step_10,no_load
11.963458,9.791,9.7559,9.8590,-0.1031,0.0,0.001,step_10,no_load
11.973621,9.791,9.7559,9.8590,-0.1031,0.0,0.001,step_10,no_load
11.984164,9.791,9.7559,9.8590,-0.1031,0.0,0.001,step_10,no_load
11.995168,9.791,9.7559,9.8590,-0.1031,0.0,0.001,step_10,no_load
12.005809,9.791,9.7559,9.8590,-0.1031,0.0,0.000,step_10,no_load
12.016916,9.791,9.7559,9.8590,-0.1031,0.0,0.000,step_10,no_load
12.027755,9.791,9.7559,9.8591,-0.1032,0.0,0.000,step_10,no_load
12.037853,9.791,9.7559,9.8591,-0.1032,0.0,0.000,step_10,no_load
12.048559,0.0,9.7559,9.8591,-0.1032,0.0,0.000,step_10,no_load
12.059642,0.0,9.7559,9.8591,-0.1032,0.0,0.000,step_10,no_load
12.070269,0.0,9.7559,9.8591,-0.1032,0.0,0.000,step_10,no_load
12.080392,0.0,9.7559,9.8591,-0.1032,0.0,0.000,step_10,no_load
12.090969,0.0,9.6680,9.8591,-0.1911,-8.31,0.000,step_10,no_load
12.101122,0.0,9.4922,9.8591,-0.3669,-17.315,0.000,step_10,no_load
12.111748,0.0,9.1406,9.8591,-0.7185,-33.089,0.000,step_10,no_load
12.12185,0.0,8.7012,9.6055,-0.9043,-43.496,-25.355,step_10,no_load
12.131917,0.0,7.9980,9.0581,-1.0601,-69.852,-54.740,step_10,no_load
12.142496,0.0,7.2070,8.2594,-1.0524,-74.771,-79.868,step_10,no_load
12.153166,0.0,6.3281,7.2455,-0.9174,-82.371,-101.392,step_10,no_load
12.163774,0.0,5.4492,6.2596,-0.8104,-82.853,-98.591,step_10,no_load
12.174136,0.0,4.4824,5.3425,-0.8601,-93.302,-91.709,step_10,no_load
12.185098,0.0,3.4277,4.1770,-0.7493,-96.214,-77.701,step_10,no_load
12.196112,0.0,2.6367,3.5459,-0.9092,-71.818,-63.110,step_10,no_load
12.207098,0.0,2.2852,3.0119,-0.7267,-31.995,-53.400,step_10,no_load
12.217689,0.0,1.9336,2.5601,-0.6265,-33.198,-45.182,step_10,no_load
12.227823,0.0,1.5820,2.1778,-0.5958,-34.695,-38.228,step_10,no_load
12.238411,0.0,1.2305,1.8544,-0.6239,-33.198,-32.344,step_10,no_load
12.249423,0.0,0.9668,1.5807,-0.6139,-23.947,-27.366,step_10,no_load
12.260004,0.0,0.7910,1.2471,-0.4561,-16.615,-22.239,step_10,no_load
12.271056,0.0,0.7031,1.0669,-0.3638,-7.953,-18.020,step_10,no_load
12.281243,0.0,0.7031,0.9145,-0.2114,0.0,-15.247,step_10,no_load
12.291635,0.0,0.8789,0.7855,0.0934,16.917,-12.900,step_10,no_load
12.302215,0.0,0.9668,0.6763,0.2905,8.308,-10.915,step_10,no_load
12.312381,0.0,0.9668,0.5840,0.3828,0.0,-9.235,step_10,no_load
12.322955,0.0,0.9668,0.5058,0.4610,0.0,-7.814,step_10,no_load
12.333995,0.0,0.7910,0.4397,0.3513,-15.924,-6.611,step_10,no_load
12.34462,0.0,0.7031,0.3838,0.3193,-8.273,-5.594,step_10,no_load
12.35472,0.0,0.6152,0.3364,0.2788,-8.703,-4.733,step_10,no_load
12.364788,0.0,0.2637,0.2964,-0.0327,-34.913,-4.005,step_10,no_load
12.375217,0.0,0.0879,0.2476,-0.1597,-16.857,-3.254,step_10,no_load
12.385804,0.0,0.0000,0.2212,-0.2212,-8.303,-2.637,step_10,no_load
12.396814,0.0,-0.0879,0.1989,-0.2868,-7.984,-2.231,step_10,no_load
12.407389,0.0,-0.0879,0.1800,-0.2679,0.0,-1.888,step_10,no_load
12.417485,0.0,-0.0879,0.1640,-0.2519,0.0,-1.597,step_10,no_load
12.428086,0.0,-0.0879,0.1505,-0.2384,0.0,-1.352,step_10,no_load
12.439124,0.0,-0.0879,0.1391,-0.2270,0.0,-1.144,step_10,no_load
12.450176,0.0,-0.0879,0.1251,-0.2130,0.0,-0.929,step_10,no_load
12.460802,0.0,0.0000,0.1176,-0.1176,8.272,-0.753,step_10,no_load
12.471427,0.0,0.0000,0.1112,-0.1112,0.0,-0.637,step_10,no_load
12.482842,0.0,0.0000,0.1059,-0.1059,0.0,-0.539,step_10,no_load
12.493474,0.0,0.0000,0.1013,-0.1013,0.0,-0.456,step_10,no_load
12.503644,0.0,0.0000,0.0974,-0.0974,0.0,-0.386,step_10,no_load
12.514292,0.0,-0.0879,0.0942,-0.1821,-8.255,-0.327,step_10,no_load
12.524792,0.0,-0.0879,0.0914,-0.1793,0.0,-0.278,step_10,no_load
12.535735,0.0,-0.0879,0.0879,-0.1758,0.0,-0.230,step_10,no_load
12.546643,0.0,-0.0879,0.0860,-0.1739,0.0,-0.193,step_10,no_load
12.557275,0.0,-0.0879,0.0843,-0.1722,0.0,-0.169,step_10,no_load
12.56739,0.0,-0.0879,0.0828,-0.1707,0.0,-0.149,step_10,no_load
12.577975,0.0,-0.0879,0.0815,-0.1694,0.0,-0.132,step_10,no_load
12.588106,0.0,-0.0879,0.0803,-0.1682,0.0,-0.117,step_10,no_load
12.59817,0.0,-0.0879,0.0793,-0.1672,0.0,-0.105,step_10,no_load
12.609227,0.0,-0.0879,0.0784,-0.1663,0.0,-0.094,step_10,no_load
12.619852,0.0,-0.0879,0.0775,-0.1654,0.0,-0.085,step_10,no_load
12.630864,0.0,-0.0879,0.0764,-0.1643,0.0,-0.075,step_10,no_load
12.64145,0.0,-0.0879,0.0757,-0.1636,0.0,-0.066,step_10,no_load
12.651535,0.0,-0.0879,0.0751,-0.1630,0.0,-0.060,step_10,no_load
12.662122,0.0,-0.0879,0.0746,-0.1625,0.0,-0.054,step_10,no_load
12.672219,0.0,-0.0879,0.0741,-0.1620,0.0,-0.049,step_10,no_load
12.682372,0.0,-0.0879,0.0736,-0.1615,0.0,-0.045,step_10,no_load
12.692472,0.0,-0.0879,0.0732,-0.1611,0.0,-0.041,step_10,no_load
12.703135,0.0,-0.0879,0.0728,-0.1607,0.0,-0.038,step_10,no_load
12.713275,0.0,-0.0879,0.0725,-0.1604,0.0,-0.034,step_10,no_load
12.723858,0.0,-0.0879,0.0722,-0.1601,0.0,-0.031,step_10,no_load
12.733975,0.0,-0.0879,0.0719,-0.1598,0.0,-0.029,step_10,no_load
12.744566,0.0,-0.0879,0.0716,-0.1595,0.0,-0.026,step_10,no_load
12.755636,0.0,-0.0879,0.0713,-0.1592,0.0,-0.023,step_10,no_load
12.766662,0.0,-0.0879,0.0711,-0.1590,0.0,-0.021,step_10,no_load
12.777709,0.0,-0.0879,0.0709,-0.1588,0.0,-0.019,step_10,no_load
12.788299,0.0,-0.0879,0.0707,-0.1586,0.0,-0.018,step_10,no_load
12.798497,0.0,-0.0879,0.0705,-0.1584,0.0,-0.016,step_10,no_load
12.809144,0.0,-0.0879,0.0704,-0.1583,0.0,-0.015,step_10,no_load
12.819251,0.0,-0.0879,0.0703,-0.1582,0.0,-0.014,step_10,no_load
12.829825,0.0,-0.0879,0.0701,-0.1580,0.0,-0.012,step_10,no_load
12.840411,0.0,-0.0879,0.0700,-0.1579,0.0,-0.011,step_10,no_load
12.850883,0.0,-0.0879,0.0699,-0.1578,0.0,-0.010,step_10,no_load
12.860971,0.0,-0.0879,0.0698,-0.1577,0.0,-0.009,step_10,no_load
12.871511,0.0,-0.0879,0.0697,-0.1576,0.0,-0.008,step_10,no_load
12.882541,0.0,-0.0879,0.0696,-0.1575,0.0,-0.008,step_10,no_load
12.893123,0.0,-0.0879,0.0695,-0.1574,0.0,-0.007,step_10,no_load
12.903223,0.0,-0.0879,0.0695,-0.1574,0.0,-0.007,step_10,no_load
12.913826,0.0,-0.0879,0.0694,-0.1573,0.0,-0.006,step_10,no_load
12.924407,0.0,-0.0879,0.0694,-0.1573,0.0,-0.005,step_10,no_load
12.934471,0.0,-0.0879,0.0693,-0.1572,0.0,-0.005,step_10,no_load
12.94507,0.0,-0.0879,0.0692,-0.1571,0.0,-0.005,step_10,no_load
12.955253,0.0,-0.0879,0.0692,-0.1571,0.0,-0.004,step_10,no_load
12.966339,0.0,-0.0879,0.0692,-0.1571,0.0,-0.004,step_10,no_load
12.976426,0.0,-0.0879,0.0691,-0.1570,0.0,-0.003,step_10,no_load
12.986778,0.0,-0.0879,0.0691,-0.1570,0.0,-0.003,step_10,no_load
12.997558,0.0,-0.0879,0.0691,-0.1570,0.0,-0.003,step_10,no_load
13.00818,0.0,-0.0879,0.0691,-0.1570,0.0,-0.003,step_10,no_load
13.018306,0.0,-0.0879,0.0690,-0.1569,0.0,-0.002,step_10,no_load
13.028908,0.0,-0.0879,0.0690,-0.1569,0.0,-0.002,step_10,no_load
13.039951,0.0,-0.0879,0.0690,-0.1569,0.0,-0.002,step_10,no_load
13.050445,0.0,-0.0879,0.0690,-0.1569,0.0,-0.002,step_10,no_load
13.060712,0.0,-0.0879,0.0689,-0.1568,0.0,-0.002,step_10,no_load
13.071294,0.0,-0.0879,0.0689,-0.1568,0.0,-0.002,step_10,no_load
13.081927,0.0,-0.0879,0.0689,-0.1568,0.0,-0.001,step_10,no_load
13.09256,0.0,-0.0879,0.0689,-0.1568,0.0,-0.001,step_10,no_load
13.102658,0.0,-0.0879,0.0689,-0.1568,0.0,-0.001,step_10,no_load
13.11324,0.0,-0.0879,0.0689,-0.1568,0.0,-0.001,step_10,no_load
13.123896,0.0,-0.0879,0.0689,-0.1568,0.0,-0.001,step_10,no_load
13.134481,0.0,-0.0879,0.0689,-0.1568,0.0,-0.001,step_10,no_load
13.145554,0.0,-0.0879,0.0688,-0.1567,0.0,-0.001,step_10,no_load
13.156179,0.0,-0.0879,0.0688,-0.1567,0.0,-0.001,step_10,no_load
13.167045,0.0,-0.0879,0.0688,-0.1567,0.0,-0.001,step_10,no_load
13.178076,0.0,-0.0879,0.0688,-0.1567,0.0,-0.001,step_10,no_load
13.189073,0.0,-0.0879,0.0688,-0.1567,0.0,-0.001,step_10,no_load
13.200072,0.0,-0.0879,0.0688,-0.1567,0.0,-0.001,step_10,no_load
13.211069,0.0,-0.0879,0.0688,-0.1567,0.0,-0.000,step_10,no_load
13.221183,0.0,-0.0879,0.0688,-0.1567,0.0,-0.000,step_10,no_load
13.232004,0.0,-0.0879,0.0688,-0.1567,0.0,-0.000,step_10,no_load
13.242197,0.0,-0.0879,0.0688,-0.1567,0.0,-0.000,step_10,no_load
13.25335,9.791,-0.0879,0.0688,-0.1567,0.0,-0.000,step_10,no_load
13.26395,9.791,-0.0879,0.0688,-0.1567,0.0,-0.000,step_10,no_load
13.274576,9.791,-0.0879,0.0688,-0.1567,0.0,-0.000,step_10,no_load
13.285152,9.791,-0.0879,0.0688,-0.1567,0.0,-0.000,step_10,no_load
13.295765,9.791,0.0000,0.0688,-0.0688,8.282,-0.000,step_10,no_load
13.30637,9.791,0.0879,0.0688,0.0191,8.289,-0.000,step_10,no_load
13.316776,9.791,0.5273,0.0688,0.4585,42.226,-0.000,step_10,no_load
13.327509,9.791,0.9668,0.4235,0.5433,40.948,35.472,step_10,no_load
13.337632,9.791,1.5820,1.1883,0.3937,60.772,76.477,step_10,no_load
13.347734,9.791,2.3730,2.3036,0.0694,78.301,111.537,step_10,no_load
13.358206,9.791,3.1641,3.3503,-0.1862,75.544,104.662,step_10,no_load
13.368782,9.791,4.0430,4.3062,-0.2632,83.103,95.593,step_10,no_load
13.379654,9.791,5.0098,5.1414,-0.1316,88.926,83.518,step_10,no_load
13.390236,9.791,6.1523,6.0792,0.0731,107.966,62.523,step_10,no_load
13.400414,9.791,6.8555,6.6438,0.2117,69.09,56.456,step_10,no_load
13.410997,9.791,7.2949,7.1365,0.1584,41.519,49.275,step_10,no_load
13.42207,9.791,7.7344,7.5544,0.1800,39.691,41.785,step_10,no_load
13.433268,9.791,7.9980,7.9080,0.0900,23.54,35.360,step_10,no_load
13.443894,9.791,8.3496,8.2071,0.1425,33.089,29.918,step_10,no_load
13.454771,9.791,8.6133,8.4603,0.1530,24.244,25.313,step_10,no_load
13.465362,9.791,8.7012,8.7688,-0.0676,8.299,20.570,step_10,no_load
13.475872,9.791,8.8770,8.9355,-0.0585,16.727,16.667,step_10,no_load
13.486449,9.791,8.8770,9.0765,-0.1995,0.0,14.101,step_10,no_load
13.49668,9.791,8.8770,9.1958,-0.3188,0.0,11.931,step_10,no_load
13.507255,9.791,8.9648,9.2967,-0.3319,8.303,10.094,step_10,no_load
13.517388,9.791,8.8770,9.3822,-0.5052,-8.665,8.541,step_10,no_load
13.528421,9.791,8.7891,9.4544,-0.6653,-7.967,7.226,step_10,no_load
13.538663,9.791,8.7891,9.5156,-0.7265,0.0,6.114,step_10,no_load
13.549914,9.791,8.8770,9.5673,-0.6903,7.813,5.173,step_10,no_load
13.560004,9.791,8.9648,9.6303,-0.6655,8.702,4.204,step_10,no_load
13.570585,9.791,9.0527,9.6644,-0.6117,8.307,3.406,step_10,no_load
13.581409,9.791,9.1406,9.6932,-0.5526,8.121,2.882,step_10,no_load
13.592023,9.791,9.2285,9.7176,-0.4891,8.282,2.438,step_10,no_load
13.603058,9.791,9.4043,9.7382,-0.3339,15.931,2.063,step_10,no_load
13.613692,9.791,9.5801,9.7557,-0.1756,16.532,1.745,step_10,no_load
13.62475,9.791,9.6680,9.7705,-0.1025,7.949,1.477,step_10,no_load
13.635383,9.791,9.7559,9.7885,-0.0326,8.267,1.200,step_10,no_load
13.64545,9.791,9.7559,9.7982,-0.0423,0.0,0.972,step_10,no_load
13.656027,9.791,9.7559,9.8064,-0.0505,0.0,0.823,step_10,no_load
13.667129,9.791,9.7559,9.8134,-0.0575,0.0,0.696,step_10,no_load
13.677761,9.791,9.7559,9.8193,-0.0634,0.0,0.589,step_10,no_load
13.687861,9.791,9.7559,9.8242,-0.0683,0.0,0.498,step_10,no_load
13.697933,9.791,9.6680,9.8285,-0.1605,-8.727,0.422,step_10,no_load
13.708546,9.791,9.6680,9.8320,-0.1640,0.0,0.357,step_10,no_load
13.718716,9.791,9.5801,9.8350,-0.2549,-8.643,0.302,step_10,no_load
13.729318,9.791,9.5801,9.8376,-0.2575,0.0,0.258,step_10,no_load
13.739904,9.791,9.4922,9.8398,-0.3476,-8.303,0.222,step_10,no_load
13.75054,9.791,9.4922,9.8426,-0.3504,0.0,0.187,step_10,no_load
13.761135,9.791,9.4922,9.8442,-0.3520,0.0,0.158,step_10,no_load
13.771256,9.791,9.4922,9.8456,-0.3534,0.0,0.140,step_10,no_load
13.781318,9.791,9.4922,9.8469,-0.3547,0.0,0.124,step_10,no_load
13.791431,9.791,9.4922,9.8480,-0.3558,0.0,0.111,step_10,no_load
13.801766,9.791,9.5801,9.8490,-0.2689,8.505,0.100,step_10,no_load
13.813055,9.791,9.6680,9.8499,-0.1819,7.786,0.090,step_10,no_load
13.823666,9.791,9.7559,9.8507,-0.0948,8.284,0.081,step_10,no_load
13.833788,9.791,9.7559,9.8514,-0.0955,0.0,0.073,step_10,no_load
13.844393,9.791,9.7559,9.8521,-0.0962,0.0,0.066,step_10,no_load
13.854495,9.791,9.7559,9.8527,-0.0968,0.0,0.060,step_10,no_load
13.86456,9.791,9.7559,9.8532,-0.0973,0.0,0.055,step_10,no_load
13.874976,9.791,9.7559,9.8537,-0.0978,0.0,0.050,step_10,no_load
13.886003,9.791,9.7559,9.8544,-0.0985,0.0,0.044,step_10,no_load
13.896159,9.791,9.7559,9.8548,-0.0989,0.0,0.040,step_10,no_load
13.906765,9.791,9.7559,9.8551,-0.0992,0.0,0.036,step_10,no_load
13.917492,9.791,9.6680,9.8555,-0.1875,-8.194,0.033,step_10,no_load
13.928127,9.791,9.6680,9.8558,-0.1878,0.0,0.030,step_10,no_load
13.938211,9.791,9.6680,9.8560,-0.1880,0.0,0.028,step_10,no_load
13.948284,9.791,9.6680,9.8563,-0.1883,0.0,0.025,step_10,no_load
13.958766,9.791,9.6680,9.8565,-0.1885,0.0,0.023,step_10,no_load
13.969398,9.791,9.7559,9.8567,-0.1008,8.267,0.021,step_10,no_load
13.979486,9.791,9.7559,9.8569,-0.1010,0.0,0.019,step_10,no_load
13.990068,9.791,9.7559,9.8572,-0.1013,0.0,0.017,step_10,no_load
14.000212,9.791,9.7559,9.8574,-0.1015,0.0,0.016,step_10,no_load
14.010789,9.791,9.7559,9.8575,-0.1016,0.0,0.014,step_10,no_load
14.021666,9.791,9.7559,9.8576,-0.1017,0.0,0.013,step_10,no_load
14.032907,9.791,9.7559,9.8577,-0.1018,0.0,0.012,step_10,no_load
14.043993,9.791,9.7559,9.8579,-0.1020,0.0,0.011,step_10,no_load
14.054623,9.791,9.7559,9.8580,-0.1021,0.0,0.010,step_10,no_load
14.065651,9.791,9.7559,9.8581,-0.1022,0.0,0.009,step_10,no_load
14.076249,9.791,9.7559,9.8582,-0.1023,0.0,0.008,step_10,no_load
14.08743,9.791,9.7559,9.8583,-0.1024,0.0,0.007,step_10,no_load
14.097574,9.791,9.7559,9.8583,-0.1024,0.0,0.007,step_10,no_load
14.108103,9.791,9.7559,9.8584,-0.1025,0.0,0.006,step_10,no_load
14.11874,9.791,9.7559,9.8584,-0.1025,0.0,0.006,step_10,no_load
14.128872,9.791,9.7559,9.8585,-0.1026,0.0,0.005,step_10,no_load
14.139434,9.791,9.7559,9.8585,-0.1026,0.0,0.005,step_10,no_load
14.149713,9.791,9.7559,9.8586,-0.1027,0.0,0.004,step_10,no_load
14.160343,9.791,9.7559,9.8586,-0.1027,0.0,0.004,step_10,no_load
14.171081,9.791,9.7559,9.8587,-0.1028,0.0,0.004,step_10,no_load
14.182099,9.791,9.7559,9.8587,-0.1028,0.0,0.003,step_10,no_load
14.193131,9.791,9.7559,9.8587,-0.1028,0.0,0.003,step_10,no_load
14.204153,9.791,9.7559,9.8588,-0.1029,0.0,0.003,step_10,no_load
14.215069,9.791,9.7559,9.8588,-0.1029,0.0,0.003,step_10,no_load
14.225174,9.791,9.7559,9.8588,-0.1029,0.0,0.002,step_10,no_load
14.236193,9.791,9.7559,9.8589,-0.1030,0.0,0.002,step_10,no_load
14.24682,9.791,9.7559,9.8589,-0.1030,0.0,0.002,step_10,no_load
14.257439,9.791,9.7559,9.8589,-0.1030,0.0,0.002,step_10,no_load
14.268063,9.791,9.7559,9.8589,-0.1030,0.0,0.002,step_10,no_load
14.278239,9.791,9.7559,9.8589,-0.1030,0.0,0.001,step_10,no_load
14.288759,9.791,9.7559,9.8589,-0.1030,0.0,0.001,step_10,no_load
14.299902,9.791,9.7559,9.8590,-0.1031,0.0,0.001,step_10,no_load
14.310535,9.791,9.7559,9.8590,-0.1031,0.0,0.001,step_10,no_load
14.320602,9.791,9.7559,9.8590,-0.1031,0.0,0.001,step_10,no_load
14.330818,9.791,9.7559,9.8590,-0.1031,0.0,0.001,step_10,no_load
14.341315,9.791,9.7559,9.8590,-0.1031,0.0,0.001,step_10,no_load
14.351947,9.791,9.7559,9.8590,-0.1031,0.0,0.001,step_10,no_load
14.362089,9.791,9.7559,9.8590,-0.1031,0.0,0.001,step_10,no_load
14.372727,9.791,9.7559,9.8590,-0.1031,0.0,0.001,step_10,no_load
14.383239,9.791,9.7559,9.8590,-0.1031,0.0,0.001,step_10,no_load
14.393826,9.791,9.7559,9.8590,-0.1031,0.0,0.001,step_10,no_load
14.404599,9.791,9.7559,9.8590,-0.1031,0.0,0.001,step_10,no_load
14.414671,9.791,9.7559,9.8590,-0.1031,0.0,0.000,step_10,no_load
14.424991,9.791,9.7559,9.8590,-0.1031,0.0,0.000,step_10,no_load
14.435681,9.791,9.7559,9.8591,-0.1032,0.0,0.000,step_10,no_load
14.446339,9.791,9.7559,9.8591,-0.1032,0.0,0.000,step_10,no_load
14.457653,0.0,9.7559,9.8591,-0.1032,0.0,0.000,step_10,no_load
14.468474,0.0,9.7559,9.8591,-0.1032,0.0,0.000,step_10,no_load
14.478517,0.0,9.7559,9.8591,-0.1032,0.0,0.000,step_10,no_load
14.489011,0.0,9.7559,9.8591,-0.1032,0.0,0.000,step_10,no_load
14.500098,0.0,9.6680,9.8591,-0.1911,-7.928,0.000,step_10,no_load
14.510288,0.0,9.5801,9.8591,-0.2790,-8.626,0.000,step_10,no_load
14.520801,0.0,9.2285,9.8591,-0.6306,-33.444,0.000,step_10,no_load
14.531729,0.0,8.7012,9.6055,-0.9043,-48.252,-25.355,step_10,no_load
14.542529,0.0,7.9980,9.0581,-1.0601,-65.111,-54.740,step_10,no_load
14.553164,0.0,7.1191,8.2594,-1.1403,-82.642,-79.868,step_10,no_load
14.563316,0.0,6.2402,7.2455,-1.0053,-86.574,-101.392,step_10,no_load
14.573912,0.0,5.3613,6.2596,-0.8983,-82.946,-98.591,step_10,no_load
14.584346,0.0,4.3945,5.3425,-0.9480,-92.659,-91.709,step_10,no_load
14.594935,0.0,3.4277,4.5342,-1.1065,-91.302,-80.827,step_10,no_load
14.605089,0.0,2.7246,3.5459,-0.8213,-69.244,-65.890,step_10,no_load
14.616295,0.0,2.2852,3.0119,-0.7267,-39.211,-53.400,step_10,no_load
14.627347,0.0,1.9336,2.5601,-0.6265,-31.813,-45.182,step_10,no_load
14.637899,0.0,1.4941,2.1778,-0.6837,-41.651,-38.228,step_10,no_load
14.648879,0.0,1.2305,1.8544,-0.6239,-24.007,-32.344,step_10,no_load
14.659506,0.0,0.9668,1.5807,-0.6139,-24.814,-27.366,step_10,no_load
14.669574,0.0,0.7910,1.3492,-0.5582,-17.461,-23.154,step_10,no_load
14.680312,0.0,0.7031,1.0669,-0.3638,-8.186,-18.816,step_10,no_load
14.69045,0.0,0.7031,0.9145,-0.2114,0.0,-15.247,step_10,no_load
14.701054,0.0,0.8789,0.7855,0.0934,16.579,-12.900,step_10,no_load
14.711648,0.0,0.9668,0.6763,0.2905,8.297,-10.915,step_10,no_load
14.722808,0.0,0.9668,0.5840,0.3828,0.0,-9.235,step_10,no_load
14.733797,0.0,0.8789,0.5058,0.3731,-7.999,-7.814,step_10,no_load
14.744673,0.0,0.7910,0.4397,0.3513,-8.082,-6.611,step_10,no_load
14.755254,0.0,0.7031,0.3591,0.3440,-8.307,-5.373,step_10,no_load
14.766303,0.0,0.5273,0.3156,0.2117,-15.911,-4.354,step_10,no_load
14.777044,0.0,0.1758,0.2787,-0.1029,-32.725,-3.684,step_10,no_load
14.787676,0.0,0.0000,0.2476,-0.2476,-16.535,-3.117,step_10,no_load
14.797946,0.0,-0.0879,0.2212,-0.3091,-8.559,-2.637,step_10,no_load
14.80858,0.0,-0.0879,0.1989,-0.2868,0.0,-2.231,step_10,no_load
14.819678,0.0,-0.0879,0.1800,-0.2679,0.0,-1.888,step_10,no_load
14.829881,0.0,-0.1758,0.1640,-0.3398,-8.615,-1.597,step_10,no_load
14.840493,0.0,-0.1758,0.1446,-0.3204,0.0,-1.298,step_10,no_load
14.850593,0.0,-0.0879,0.1340,-0.2219,8.703,-1.052,step_10,no_load
14.861247,0.0,-0.0879,0.1251,-0.2130,0.0,-0.890,step_10,no_load
14.871884,0.0,0.0000,0.1176,-0.1176,8.264,-0.753,step_10,no_load
14.882818,0.0,0.0879,0.1112,-0.0233,8.039,-0.637,step_10,no_load
14.893553,0.0,0.0879,0.1059,-0.0180,0.0,-0.539,step_10,no_load
14.903673,0.0,0.0879,0.1013,-0.0134,0.0,-0.456,step_10,no_load
14.913935,0.0,0.0000,0.0974,-0.0974,-8.566,-0.386,step_10,no_load
14.924991,0.0,0.0000,0.0942,-0.0942,0.0,-0.327,step_10,no_load
14.93562,0.0,-0.0879,0.0902,-0.1781,-8.27,-0.267,step_10,no_load
14.946637,0.0,-0.0879,0.0879,-0.1758,0.0,-0.222,step_10,no_load
14.957088,0.0,-0.0879,0.0860,-0.1739,0.0,-0.193,step_10,no_load
14.967166,0.0,-0.0879,0.0843,-0.1722,0.0,-0.169,step_10,no_load
14.977743,0.0,-0.0879,0.0828,-0.1707,0.0,-0.149,step_10,no_load
14.987844,0.0,-0.0879,0.0815,-0.1694,0.0,-0.132,step_10,no_load
14.997979,0.0,-0.0879,0.0803,-0.1682,0.0,-0.117,step_10,no_load
15.008418,0.0,-0.0879,0.0793,-0.1672,0.0,-0.105,step_10,no_load
15.019051,0.0,-0.0879,0.0784,-0.1663,0.0,-0.094,step_10,no_load
15.029992,0.0,-0.0879,0.0775,-0.1654,0.0,-0.085,step_10,no_load
15.04049,0.0,-0.0879,0.0764,-0.1643,0.0,-0.075,step_10,no_load
15.050602,0.0,-0.0879,0.0757,-0.1636,0.0,-0.066,step_10,no_load
15.061241,0.0,-0.0879,0.0751,-0.1630,0.0,-0.060,step_10,no_load
15.07142,0.0,-0.0879,0.0746,-0.1625,0.0,-0.054,step_10,no_load
15.081501,0.0,-0.0879,0.0741,-0.1620,0.0,-0.049,step_10,no_load
15.092085,0.0,-0.0879,0.0736,-0.1615,0.0,-0.045,step_10,no_load
15.102696,0.0,-0.0879,0.0732,-0.1611,0.0,-0.041,step_10,no_load
15.112766,0.0,-0.0879,0.0728,-0.1607,0.0,-0.038,step_10,no_load
15.123543,0.0,-0.0879,0.0725,-0.1604,0.0,-0.034,step_10,no_load
15.133688,0.0,-0.0879,0.0722,-0.1601,0.0,-0.031,step_10,no_load
15.144269,0.0,-0.0879,0.0719,-0.1598,0.0,-0.029,step_10,no_load
15.15439,0.0,-0.0879,0.0716,-0.1595,0.0,-0.026,step_10,no_load
15.164487,0.0,-0.0879,0.0714,-0.1593,0.0,-0.024,step_10,no_load
15.175237,0.0,-0.0879,0.0711,-0.1590,0.0,-0.021,step_10,no_load
15.186701,0.0,-0.0879,0.0709,-0.1588,0.0,-0.019,step_10,no_load
15.197183,0.0,-0.0879,0.0707,-0.1586,0.0,-0.018,step_10,no_load
15.208269,0.0,-0.0879,0.0705,-0.1584,0.0,-0.016,step_10,no_load
15.219246,0.0,-0.0879,0.0704,-0.1583,0.0,-0.015,step_10,no_load
15.230327,0.0,-0.0879,0.0702,-0.1581,0.0,-0.013,step_10,no_load
15.241347,0.0,-0.0879,0.0701,-0.1580,0.0,-0.012,step_10,no_load
15.2522,0.0,-0.0879,0.0700,-0.1579,0.0,-0.011,step_10,no_load
15.262823,0.0,-0.0879,0.0699,-0.1578,0.0,-0.010,step_10,no_load
15.273766,0.0,-0.0879,0.0698,-0.1577,0.0,-0.009,step_10,no_load
15.284364,0.0,-0.0879,0.0697,-0.1576,0.0,-0.008,step_10,no_load
15.294495,0.0,-0.0879,0.0696,-0.1575,0.0,-0.008,step_10,no_load
15.305076,0.0,-0.0879,0.0695,-0.1574,0.0,-0.007,step_10,no_load
15.316277,0.0,-0.0879,0.0695,-0.1574,0.0,-0.006,step_10,no_load
15.32686,0.0,-0.0879,0.0694,-0.1573,0.0,-0.006,step_10,no_load
15.337013,0.0,-0.0879,0.0693,-0.1572,0.0,-0.005,step_10,no_load
15.347154,0.0,-0.0879,0.0693,-0.1572,0.0,-0.005,step_10,no_load
15.357804,0.0,-0.0879,0.0692,-0.1571,0.0,-0.004,step_10,no_load
15.368388,0.0,-0.0879,0.0692,-0.1571,0.0,-0.004,step_10,no_load
15.378494,0.0,-0.0879,0.0692,-0.1571,0.0,-0.004,step_10,no_load
15.389071,0.0,-0.0879,0.0691,-0.1570,0.0,-0.003,step_10,no_load
15.399984,0.0,-0.0879,0.0691,-0.1570,0.0,-0.003,step_10,no_load
15.410562,0.0,-0.0879,0.0691,-0.1570,0.0,-0.003,step_10,no_load
15.420713,0.0,-0.0879,0.0690,-0.1569,0.0,-0.003,step_10,no_load
15.430858,0.0,-0.0879,0.0690,-0.1569,0.0,-0.002,step_10,no_load
15.441008,0.0,-0.0879,0.0690,-0.1569,0.0,-0.002,step_10,no_load
15.451581,0.0,-0.0879,0.0690,-0.1569,0.0,-0.002,step_10,no_load
15.461658,0.0,-0.0879,0.0690,-0.1569,0.0,-0.002,step_10,no_load
15.472258,0.0,-0.0879,0.0689,-0.1568,0.0,-0.002,step_10,no_load
15.483299,0.0,-0.0879,0.0689,-0.1568,0.0,-0.002,step_10,no_load
15.493614,0.0,-0.0879,0.0689,-0.1568,0.0,-0.001,step_10,no_load
15.504676,0.0,-0.0879,0.0689,-0.1568,0.0,-0.001,step_10,no_load
15.514768,0.0,-0.0879,0.0689,-0.1568,0.0,-0.001,step_10,no_load
15.525782,0.0,-0.0879,0.0689,-0.1568,0.0,-0.001,step_10,no_load
15.535969,0.0,-0.0879,0.0689,-0.1568,0.0,-0.001,step_10,no_load
15.5467,0.0,-0.0879,0.0688,-0.1567,0.0,-0.001,step_10,no_load
15.557326,0.0,-0.0879,0.0688,-0.1567,0.0,-0.001,step_10,no_load
15.568403,0.0,-0.0879,0.0688,-0.1567,0.0,-0.001,step_10,no_load
15.578952,0.0,-0.0879,0.0688,-0.1567,0.0,-0.001,step_10,no_load
15.589983,0.0,-0.0879,0.0688,-0.1567,0.0,-0.001,step_10,no_load
15.60056,0.0,-0.0879,0.0688,-0.1567,0.0,-0.001,step_10,no_load
15.610615,0.0,-0.0879,0.0688,-0.1567,0.0,-0.001,step_10,no_load
15.621208,0.0,-0.0879,0.0688,-0.1567,0.0,-0.000,step_10,no_load
15.632175,0.0,-0.0879,0.0688,-0.1567,0.0,-0.000,step_10,no_load
15.643165,0.0,-0.0879,0.0688,-0.1567,0.0,-0.000,step_10,no_load
15.653331,0.0,-0.0879,0.0688,-0.1567,0.0,-0.000,step_10,no_load
15.664396,9.791,-0.0879,0.0688,-0.1567,0.0,-0.000,step_10,no_load
15.675301,9.791,-0.0879,0.0688,-0.1567,0.0,-0.000,step_10,no_load
15.685896,9.791,-0.0879,0.0688,-0.1567,0.0,-0.000,step_10,no_load
15.69611,9.791,-0.0879,0.0688,-0.1567,0.0,-0.000,step_10,no_load
15.706697,9.791,-0.0879,0.0688,-0.1567,0.0,-0.000,step_10,no_load
15.716832,9.791,0.0879,0.0688,0.0191,17.346,-0.000,step_10,no_load
15.727408,9.791,0.4395,0.0688,0.3707,33.245,-0.000,step_10,no_load
15.737994,9.791,0.9668,0.4235,0.5433,49.811,35.472,step_10,no_load
15.749377,9.791,1.5820,1.1883,0.3937,54.046,76.477,step_10,no_load
15.760446,9.791,2.3730,2.8949,-0.5219,71.461,113.778,step_10,no_load
15.771029,9.791,3.3398,3.8945,-0.5547,91.354,99.958,step_10,no_load
15.781091,9.791,4.1309,4.7350,-0.6041,78.623,84.047,step_10,no_load
15.792086,9.791,5.1855,5.4265,-0.2410,95.916,69.147,step_10,no_load
15.803012,9.791,6.2402,6.0792,0.1610,96.531,65.273,step_10,no_load
15.813509,9.791,7.0313,6.6438,0.3875,75.364,56.456,step_10,no_load
15.824108,9.791,7.3828,7.1365,0.2463,33.164,49.275,step_10,no_load
15.834275,9.791,7.7344,7.5544,0.1800,34.582,41.785,step_10,no_load
15.844895,9.791,7.9980,7.9080,0.0900,24.821,35.360,step_10,no_load
15.855482,9.791,8.3496,8.3390,0.0106,33.211,28.735,step_10,no_load
15.865833,9.791,8.6133,8.5718,0.0415,25.476,23.283,step_10,no_load
15.876884,9.791,8.7891,8.7688,0.0203,15.908,19.699,step_10,no_load
15.88752,9.791,8.8770,8.9355,-0.0585,8.264,16.667,step_10,no_load
15.898641,9.791,8.8770,9.0765,-0.1995,0.0,14.101,step_10,no_load
15.909087,9.791,8.8770,9.1958,-0.3188,0.0,11.931,step_10,no_load
15.919694,9.791,8.8770,9.2967,-0.4197,0.0,10.094,step_10,no_load
15.930282,9.791,8.7891,9.4198,-0.6307,-8.302,8.203,step_10,no_load
15.940918,9.791,8.7891,9.4863,-0.6972,0.0,6.647,step_10,no_load
15.951495,9.791,8.7891,9.5425,-0.7534,0.0,5.624,step_10,no_load
15.962586,9.791,8.8770,9.5901,-0.7131,7.925,4.758,step_10,no_load
15.973196,9.791,8.9648,9.6303,-0.6655,8.275,4.026,step_10,no_load
15.984248,9.791,9.0527,9.6644,-0.6117,7.953,3.406,step_10,no_load
15.994874,9.791,9.1406,9.6932,-0.5526,8.272,2.882,step_10,no_load
16.005017,9.791,9.3164,9.7283,-0.4119,17.332,2.342,step_10,no_load
16.015882,9.791,9.4922,9.7473,-0.2551,16.18,1.898,step_10,no_load
16.026016,9.791,9.5801,9.7634,-0.1833,8.674,1.606,step_10,no_load
16.036605,9.791,9.6680,9.7770,-0.1090,8.301,1.358,step_10,no_load
16.047374,9.791,9.7559,9.7885,-0.0326,8.162,1.149,step_10,no_load
16.058009,9.791,9.7559,9.7982,-0.0423,0.0,0.972,step_10,no_load
16.068161,9.791,9.7559,9.8064,-0.0505,0.0,0.823,step_10,no_load
16.078773,9.791,9.7559,9.8134,-0.0575,0.0,0.696,step_10,no_load
16.089357,9.791,9.7559,9.8193,-0.0634,0.0,0.589,step_10,no_load
16.099617,9.791,9.7559,9.8242,-0.0683,0.0,0.498,step_10,no_load
16.109969,9.791,9.6680,9.8285,-0.1605,-8.491,0.422,step_10,no_load
16.120758,9.791,9.6680,9.8336,-0.1656,0.0,0.343,step_10,no_load
16.130822,9.791,9.5801,9.8364,-0.2563,-8.734,0.279,step_10,no_load
16.140898,9.791,9.5801,9.8388,-0.2587,0.0,0.239,step_10,no_load
16.151476,9.791,9.4922,9.8408,-0.3486,-8.31,0.207,step_10,no_load
16.161631,9.791,9.4922,9.8426,-0.3504,0.0,0.180,step_10,no_load
16.172265,9.791,9.4922,9.8442,-0.3520,0.0,0.158,step_10,no_load
16.183317,9.791,9.4922,9.8456,-0.3534,0.0,0.140,step_10,no_load
16.19427,9.791,9.4922,9.8469,-0.3547,0.0,0.124,step_10,no_load
16.205302,9.791,9.4922,9.8485,-0.3563,0.0,0.108,step_10,no_load
16.216316,9.791,9.5801,9.8494,-0.2693,7.981,0.094,step_10,no_load
16.226914,9.791,9.6680,9.8503,-0.1823,8.294,0.085,step_10,no_load
16.237537,9.791,9.7559,9.8511,-0.0952,8.274,0.077,step_10,no_load
16.247607,9.791,9.7559,9.8518,-0.0959,0.0,0.069,step_10,no_load
16.258623,9.791,9.7559,9.8524,-0.0965,0.0,0.063,step_10,no_load
16.269224,9.791,9.7559,9.8530,-0.0971,0.0,0.057,step_10,no_load
16.280092,9.791,9.7559,9.8537,-0.0978,0.0,0.051,step_10,no_load
16.290719,9.791,9.7559,9.8542,-0.0983,0.0,0.045,step_10,no_load
16.301592,9.791,9.7559,9.8546,-0.0987,0.0,0.041,step_10,no_load
16.312147,9.791,9.7559,9.8550,-0.0991,0.0,0.038,step_10,no_load
16.322729,9.791,9.7559,9.8553,-0.0994,0.0,0.034,step_10,no_load
16.333451,9.791,9.6680,9.8556,-0.1876,-8.198,0.032,step_10,no_load
16.344082,9.791,9.6680,9.8559,-0.1879,0.0,0.029,step_10,no_load
16.35516,9.791,9.6680,9.8563,-0.1883,0.0,0.026,step_10,no_load
16.36591,9.791,9.6680,9.8565,-0.1885,0.0,0.023,step_10,no_load
16.376047,9.791,9.6680,9.8567,-0.1887,0.0,0.021,step_10,no_load
16.38663,9.791,9.7559,9.8569,-0.1010,8.306,0.019,step_10,no_load
16.397668,9.791,9.7559,9.8571,-0.1012,0.0,0.018,step_10,no_load
16.408691,9.791,9.7559,9.8573,-0.1014,0.0,0.016,step_10,no_load
16.418793,9.791,9.7559,9.8574,-0.1015,0.0,0.015,step_10,no_load
16.429369,9.791,9.7559,9.8576,-0.1017,0.0,0.014,step_10,no_load
16.440113,9.791,9.7559,9.8577,-0.1018,0.0,0.012,step_10,no_load
16.450704,9.791,9.7559,9.8579,-0.1020,0.0,0.011,step_10,no_load
16.460961,9.791,9.7559,9.8580,-0.1021,0.0,0.010,step_10,no_load
16.471569,9.791,9.7559,9.8581,-0.1022,0.0,0.009,step_10,no_load
16.482685,9.791,9.7559,9.8581,-0.1022,0.0,0.009,step_10,no_load
16.493316,9.791,9.7559,9.8582,-0.1023,0.0,0.008,step_10,no_load
16.503535,9.791,9.7559,9.8583,-0.1024,0.0,0.007,step_10,no_load
16.513665,9.791,9.7559,9.8584,-0.1025,0.0,0.007,step_10,no_load
16.523873,9.791,9.7559,9.8584,-0.1025,0.0,0.006,step_10,no_load
16.534394,9.791,9.7559,9.8585,-0.1026,0.0,0.006,step_10,no_load
16.544498,9.791,9.7559,9.8585,-0.1026,0.0,0.005,step_10,no_load
16.555094,9.791,9.7559,9.8586,-0.1027,0.0,0.005,step_10,no_load
16.566152,9.791,9.7559,9.8586,-0.1027,0.0,0.004,step_10,no_load
16.57678,9.791,9.7559,9.8587,-0.1028,0.0,0.004,step_10,no_load
16.587222,9.791,9.7559,9.8587,-0.1028,0.0,0.003,step_10,no_load
16.597285,9.791,9.7559,9.8587,-0.1028,0.0,0.003,step_10,no_load
16.608281,9.791,9.7559,9.8588,-0.1029,0.0,0.003,step_10,no_load
16.618865,9.791,9.7559,9.8588,-0.1029,0.0,0.003,step_10,no_load
16.62926,9.791,9.7559,9.8588,-0.1029,0.0,0.002,step_10,no_load
16.639896,9.791,9.7559,9.8588,-0.1029,0.0,0.002,step_10,no_load
16.64999,9.791,9.7559,9.8589,-0.1030,0.0,0.002,step_10,no_load
16.66062,9.791,9.7559,9.8589,-0.1030,0.0,0.002,step_10,no_load
16.671412,9.791,9.7559,9.8589,-0.1030,0.0,0.002,step_10,no_load
16.682496,9.791,9.7559,9.8589,-0.1030,0.0,0.002,step_10,no_load
16.692647,9.791,9.7559,9.8589,-0.1030,0.0,0.001,step_10,no_load
16.702736,9.791,9.7559,9.8589,-0.1030,0.0,0.001,step_10,no_load
16.713315,9.791,9.7559,9.8590,-0.1031,0.0,0.001,step_10,no_load
16.723942,9.791,9.7559,9.8590,-0.1031,0.0,0.001,step_10,no_load
16.734109,9.791,9.7559,9.8590,-0.1031,0.0,0.001,step_10,no_load
16.744739,9.791,9.7559,9.8590,-0.1031,0.0,0.001,step_10,no_load
16.755855,9.791,9.7559,9.8590,-0.1031,0.0,0.001,step_10,no_load
16.766694,9.791,9.7559,9.8590,-0.1031,0.0,0.001,step_10,no_load
16.776889,9.791,9.7559,9.8590,-0.1031,0.0,0.001,step_10,no_load
16.787471,9.791,9.7559,9.8590,-0.1031,0.0,0.001,step_10,no_load
16.798301,9.791,9.7559,9.8590,-0.1031,0.0,0.001,step_10,no_load
16.808938,9.791,9.7559,9.8590,-0.1031,0.0,0.001,step_10,no_load
16.81914,9.791,9.7559,9.8590,-0.1031,0.0,0.000,step_10,no_load
16.82973,9.791,9.7559,9.8590,-0.1031,0.0,0.000,step_10,no_load
16.840689,9.791,9.7559,9.8590,-0.1031,0.0,0.000,step_10,no_load
16.851318,9.791,9.7559,9.8591,-0.1032,0.0,0.000,step_10,no_load
16.862414,9.791,9.7559,9.8591,-0.1032,0.0,0.000,step_10,no_load
16.873553,0.0,9.7559,9.8591,-0.1032,0.0,0.000,step_10,no_load
16.883874,0.0,9.7559,9.8591,-0.1032,0.0,0.000,step_10,no_load
16.894461,0.0,9.7559,9.8591,-0.1032,0.0,0.000,step_10,no_load
16.905202,0.0,9.7559,9.8591,-0.1032,0.0,0.000,step_10,no_load
16.915721,0.0,9.7559,9.8591,-0.1032,0.0,0.000,step_10,no_load
16.925878,0.0,9.4922,9.8591,-0.3669,-25.962,0.000,step_10,no_load
16.936523,0.0,9.2285,9.8591,-0.6306,-24.772,0.000,step_10,no_load
16.947299,0.0,8.7012,9.6055,-0.9043,-48.933,-25.355,step_10,no_load
16.957931,0.0,7.9980,9.0581,-1.0601,-66.14,-54.740,step_10,no_load
16.968114,0.0,7.2070,8.2594,-1.0524,-77.678,-79.868,step_10,no_load
16.978694,0.0,6.3281,7.2455,-0.9174,-83.072,-101.392,step_10,no_load
16.988831,0.0,5.4492,6.2596,-0.8104,-86.702,-98.591,step_10,no_load
16.999823,0.0,4.4824,5.3425,-0.8601,-87.955,-91.709,step_10,no_load
17.010002,0.0,3.5156,4.1770,-0.6614,-94.98,-77.702,step_10,no_load
17.020585,0.0,2.7246,3.5459,-0.8213,-74.743,-63.110,step_10,no_load
17.031642,0.0,2.2852,3.0119,-0.7267,-39.74,-53.400,step_10,no_load
17.042266,0.0,1.9336,2.5601,-0.6265,-33.095,-45.182,step_10,no_load
17.05239,0.0,1.5820,2.1778,-0.5958,-34.729,-38.228,step_10,no_load
17.062966,0.0,1.2305,1.8544,-0.6239,-33.236,-32.344,step_10,no_load
17.073779,0.0,1.0547,1.5807,-0.5260,-16.258,-27.366,step_10,no_load
17.08438,0.0,0.8789,1.3492,-0.4703,-16.583,-23.154,step_10,no_load
17.094506,0.0,0.7910,1.1533,-0.3623,-8.681,-19.590,step_10,no_load
17.105034,0.0,0.7031,0.9145,-0.2114,-8.349,-15.920,step_10,no_load
17.116157,0.0,0.8789,0.7855,0.0934,15.805,-12.900,step_10,no_load
17.126708,0.0,0.9668,0.6763,0.2905,8.331,-10.915,step_10,no_load
17.1373,0.0,0.9668,0.5840,0.3828,0.0,-9.235,step_10,no_load
17.147373,0.0,0.9668,0.5058,0.4610,0.0,-7.814,step_10,no_load
17.15767,0.0,0.7910,0.4397,0.3513,-17.073,-6.611,step_10,no_load
17.168299,0.0,0.7031,0.3838,0.3193,-8.27,-5.594,step_10,no_load
17.179131,0.0,0.6152,0.3364,0.2788,-8.115,-4.733,step_10,no_load
17.190092,0.0,0.2637,0.2787,-0.0150,-32.068,-3.846,step_10,no_load
17.201162,0.0,0.0879,0.2476,-0.1597,-15.881,-3.117,step_10,no_load
17.21218,0.0,0.0000,0.2212,-0.2212,-7.978,-2.637,step_10,no_load
17.223082,0.0,-0.0879,0.1989,-0.2868,-8.063,-2.231,step_10,no_load
17.234127,0.0,-0.0879,0.1800,-0.2679,0.0,-1.888,step_10,no_load
17.24471,0.0,-0.1758,0.1640,-0.3398,-8.306,-1.597,step_10,no_load
17.255548,0.0,-0.1758,0.1446,-0.3204,0.0,-1.298,step_10,no_load
17.266082,0.0,-0.1758,0.1340,-0.3098,0.0,-1.052,step_10,no_load
17.276171,0.0,-0.0879,0.1251,-0.2130,8.712,-0.890,step_10,no_load
17.286746,0.0,0.0000,0.1176,-0.1176,8.312,-0.753,step_10,no_load
17.297609,0.0,0.0000,0.1112,-0.1112,0.0,-0.637,step_10,no_load
17.308196,0.0,0.0000,0.1059,-0.1059,0.0,-0.539,step_10,no_load
17.319307,0.0,0.0000,0.1013,-0.1013,0.0,-0.456,step_10,no_load
17.329894,0.0,0.0000,0.0974,-0.0974,0.0,-0.386,step_10,no_load
17.34049,0.0,-0.0879,0.0927,-0.1806,-8.296,-0.314,step_10,no_load
17.351077,0.0,-0.0879,0.0902,-0.1781,0.0,-0.257,step_10,no_load
17.361234,0.0,-0.0879,0.0879,-0.1758,0.0,-0.222,step_10,no_load
17.371812,0.0,-0.0879,0.0860,-0.1739,0.0,-0.193,step_10,no_load
17.382107,0.0,-0.0879,0.0843,-0.1722,0.0,-0.169,step_10,no_load
17.3927,0.0,-0.0879,0.0828,-0.1707,0.0,-0.149,step_10,no_load
17.40377,0.0,-0.0879,0.0815,-0.1694,0.0,-0.132,step_10,no_load
17.413847,0.0,-0.0879,0.0803,-0.1682,0.0,-0.117,step_10,no_load
17.424818,0.0,-0.0879,0.0793,-0.1672,0.0,-0.105,step_10,no_load
17.435321,0.0,-0.0879,0.0779,-0.1658,0.0,-0.092,step_10,no_load
17.445541,0.0,-0.0879,0.0771,-0.1650,0.0,-0.081,step_10,no_load
17.45618,0.0,-0.0879,0.0764,-0.1643,0.0,-0.073,step_10,no_load
17.466808,0.0,-0.0879,0.0757,-0.1636,0.0,-0.066,step_10,no_load
17.477409,0.0,-0.0879,0.0751,-0.1630,0.0,-0.060,step_10,no_load
17.487991,0.0,-0.0879,0.0746,-0.1625,0.0,-0.054,step_10,no_load
17.499014,0.0,-0.0879,0.0741,-0.1620,0.0,-0.049,step_10,no_load
17.50965,0.0,-0.0879,0.0736,-0.1615,0.0,-0.045,step_10,no_load
17.519767,0.0,-0.0879,0.0732,-0.1611,0.0,-0.041,step_10,no_load
17.529995,0.0,-0.0879,0.0728,-0.1607,0.0,-0.038,step_10,no_load
17.540885,0.0,-0.0879,0.0723,-0.1602,0.0,-0.034,step_10,no_load
17.551491,0.0,-0.0879,0.0720,-0.1599,0.0,-0.030,step_10,no_load
17.562554,0.0,-0.0879,0.0718,-0.1597,0.0,-0.027,step_10,no_load
17.57318,0.0,-0.0879,0.0715,-0.1594,0.0,-0.025,step_10,no_load
17.583262,0.0,-0.0879,0.0713,-0.1592,0.0,-0.023,step_10,no_load
17.593873,0.0,-0.0879,0.0711,-0.1590,0.0,-0.021,step_10,no_load
17.603992,0.0,-0.0879,0.0709,-0.1588,0.0,-0.019,step_10,no_load
17.61406,0.0,-0.0879,0.0707,-0.1586,0.0,-0.018,step_10,no_load
17.625096,0.0,-0.0879,0.0705,-0.1584,0.0,-0.016,step_10,no_load
17.636097,0.0,-0.0879,0.0703,-0.1582,0.0,-0.014,step_10,no_load
17.6471,0.0,-0.0879,0.0702,-0.1581,0.0,-0.013,step_10,no_load
17.658099,0.0,-0.0879,0.0701,-0.1580,0.0,-0.012,step_10,no_load
17.668728,0.0,-0.0879,0.0700,-0.1579,0.0,-0.011,step_10,no_load
17.678851,0.0,-0.0879,0.0699,-0.1578,0.0,-0.010,step_10,no_load
17.689482,0.0,-0.0879,0.0698,-0.1577,0.0,-0.009,step_10,no_load
17.700032,0.0,-0.0879,0.0697,-0.1576,0.0,-0.008,step_10,no_load
17.711375,0.0,-0.0879,0.0696,-0.1575,0.0,-0.007,step_10,no_load
17.721541,0.0,-0.0879,0.0695,-0.1574,0.0,-0.007,step_10,no_load
17.73188,0.0,-0.0879,0.0695,-0.1574,0.0,-0.006,step_10,no_load
17.742025,0.0,-0.0879,0.0694,-0.1573,0.0,-0.006,step_10,no_load
17.752605,0.0,-0.0879,0.0693,-0.1572,0.0,-0.005,step_10,no_load
17.763405,0.0,-0.0879,0.0693,-0.1572,0.0,-0.005,step_10,no_load
17.77466,0.0,-0.0879,0.0692,-0.1571,0.0,-0.004,step_10,no_load
17.785245,0.0,-0.0879,0.0692,-0.1571,0.0,-0.004,step_10,no_load
17.796361,0.0,-0.0879,0.0692,-0.1571,0.0,-0.004,step_10,no_load
17.807436,0.0,-0.0879,0.0691,-0.1570,0.0,-0.003,step_10,no_load
17.817539,0.0,-0.0879,0.0691,-0.1570,0.0,-0.003,step_10,no_load
17.828165,0.0,-0.0879,0.0691,-0.1570,0.0,-0.003,step_10,no_load
17.838615,0.0,-0.0879,0.0690,-0.1569,0.0,-0.003,step_10,no_load
17.8491,0.0,-0.0879,0.0690,-0.1569,0.0,-0.002,step_10,no_load
17.860304,0.0,-0.0879,0.0690,-0.1569,0.0,-0.002,step_10,no_load
17.870852,0.0,-0.0879,0.0690,-0.1569,0.0,-0.002,step_10,no_load
17.88195,0.0,-0.0879,0.0689,-0.1568,0.0,-0.002,step_10,no_load
17.89258,0.0,-0.0879,0.0689,-0.1568,0.0,-0.002,step_10,no_load
17.902733,0.0,-0.0879,0.0689,-0.1568,0.0,-0.001,step_10,no_load
17.913215,0.0,-0.0879,0.0689,-0.1568,0.0,-0.001,step_10,no_load
17.923822,0.0,-0.0879,0.0689,-0.1568,0.0,-0.001,step_10,no_load
17.934487,0.0,-0.0879,0.0689,-0.1568,0.0,-0.001,step_10,no_load
17.945088,0.0,-0.0879,0.0689,-0.1568,0.0,-0.001,step_10,no_load
17.95569,0.0,-0.0879,0.0689,-0.1568,0.0,-0.001,step_10,no_load
17.96631,0.0,-0.0879,0.0688,-0.1567,0.0,-0.001,step_10,no_load
17.976943,0.0,-0.0879,0.0688,-0.1567,0.0,-0.001,step_10,no_load
17.987567,0.0,-0.0879,0.0688,-0.1567,0.0,-0.001,step_10,no_load
17.99806,0.0,-0.0879,0.0688,-0.1567,0.0,-0.001,step_10,no_load
18.008689,0.0,-0.0879,0.0688,-0.1567,0.0,-0.001,step_10,no_load
18.019751,0.0,-0.0879,0.0688,-0.1567,0.0,-0.001,step_10,no_load
18.029942,0.0,-0.0879,0.0688,-0.1567,0.0,-0.001,step_10,no_load
18.040458,0.0,-0.0879,0.0688,-0.1567,0.0,-0.000,step_10,no_load
18.051084,0.0,-0.0879,0.0688,-0.1567,0.0,-0.000,step_10,no_load
18.06216,0.0,-0.0879,0.0688,-0.1567,0.0,-0.000,step_10,no_load
18.072807,0.0,-0.0879,0.0688,-0.1567,0.0,-0.000,step_10,no_load
18.083527,9.791,-0.0879,0.0688,-0.1567,0.0,-0.000,step_10,no_load
18.094125,9.791,-0.0879,0.0688,-0.1567,0.0,-0.000,step_10,no_load
18.104573,9.791,-0.0879,0.0688,-0.1567,0.0,-0.000,step_10,no_load
18.115221,9.791,-0.0879,0.0688,-0.1567,0.0,-0.000,step_10,no_load
18.125763,9.791,-0.0879,0.0688,-0.1567,0.0,-0.000,step_10,no_load
18.136214,9.791,0.0879,0.0688,0.0191,16.821,-0.000,step_10,no_load
18.147042,9.791,0.5273,0.0688,0.4585,40.58,-0.000,step_10,no_load
18.157587,9.791,0.9668,0.4235,0.5433,41.679,35.473,step_10,no_load
18.168583,9.791,1.6699,1.1883,0.4816,63.941,76.477,step_10,no_load
18.179593,9.791,2.4609,2.3036,0.1573,71.844,111.537,step_10,no_load
18.190569,9.791,3.4277,3.8945,-0.4668,88.083,106.059,step_10,no_load
18.201587,9.791,4.3066,4.7350,-0.4284,79.769,84.047,step_10,no_load
18.212662,9.791,5.3613,5.4265,-0.0652,95.233,69.147,step_10,no_load
18.223286,9.791,6.4160,6.0792,0.3368,99.275,65.273,step_10,no_load
18.234339,9.791,7.0313,6.6438,0.3875,55.668,56.456,step_10,no_load
18.24498,9.791,7.4707,7.1365,0.3342,41.293,49.275,step_10,no_load
18.255585,9.791,7.8223,7.7385,0.0838,33.154,40.136,step_10,no_load
18.265686,9.791,8.0859,8.0638,0.0221,26.096,32.526,step_10,no_load
18.276358,9.791,8.3496,8.3390,0.0106,24.71,27.519,step_10,no_load
18.286984,9.791,8.6133,8.5718,0.0415,24.816,23.283,step_10,no_load
18.297407,9.791,8.7891,8.7688,0.0203,16.867,19.699,step_10,no_load
18.308017,9.791,8.8770,8.9355,-0.0585,8.285,16.667,step_10,no_load
18.318937,9.791,8.8770,9.0765,-0.1995,0.0,14.101,step_10,no_load
18.329396,9.791,8.9648,9.1958,-0.2310,8.395,11.931,step_10,no_load
18.339939,9.791,8.9648,9.2967,-0.3319,0.0,10.094,step_10,no_load
18.350522,9.791,8.8770,9.4198,-0.5428,-8.296,8.203,step_10,no_load
18.360611,9.791,8.7891,9.4863,-0.6972,-8.712,6.647,step_10,no_load
18.371147,9.791,8.7891,9.5425,-0.7534,0.0,5.624,step_10,no_load
18.381563,9.791,8.8770,9.5901,-0.7131,8.439,4.758,step_10,no_load
18.392196,9.791,8.9648,9.6303,-0.6655,8.257,4.026,step_10,no_load
18.402366,9.791,9.0527,9.6644,-0.6117,8.643,3.406,step_10,no_load
18.412956,9.791,9.1406,9.6932,-0.5526,8.3,2.882,step_10,no_load
18.423681,9.791,9.2285,9.7176,-0.4891,8.196,2.438,step_10,no_load
18.434184,9.791,9.4043,9.7382,-0.3339,16.738,2.063,step_10,no_load
18.444309,9.791,9.5801,9.7557,-0.1756,17.363,1.745,step_10,no_load
18.454887,9.791,9.7559,9.7705,-0.0146,16.619,1.477,step_10,no_load
18.465714,9.791,9.7559,9.7885,-0.0326,0.0,1.200,step_10,no_load
18.475815,9.791,9.7559,9.7982,-0.0423,0.0,0.972,step_10,no_load
18.486101,9.791,9.7559,9.8064,-0.0505,0.0,0.823,step_10,no_load
18.496275,9.791,9.7559,9.8134,-0.0575,0.0,0.696,step_10,no_load
18.506871,9.791,9.7559,9.8193,-0.0634,0.0,0.589,step_10,no_load
18.517498,9.791,9.7559,9.8242,-0.0683,0.0,0.498,step_10,no_load
18.528631,9.791,9.7559,9.8285,-0.0726,0.0,0.422,step_10,no_load
18.539217,9.791,9.6680,9.8320,-0.1640,-8.303,0.357,step_10,no_load
18.550106,9.791,9.5801,9.8364,-0.2563,-8.072,0.291,step_10,no_load
18.560626,9.791,9.5801,9.8388,-0.2587,0.0,0.239,step_10,no_load
18.570736,9.791,9.5801,9.8408,-0.2607,0.0,0.207,step_10,no_load
18.581824,9.791,9.4922,9.8426,-0.3504,-7.927,0.180,step_10,no_load
18.591928,9.791,9.4922,9.8442,-0.3520,0.0,0.158,step_10,no_load
18.602511,9.791,9.4922,9.8456,-0.3534,0.0,0.140,step_10,no_load
18.612634,9.791,9.4922,9.8469,-0.3547,0.0,0.124,step_10,no_load
18.623218,9.791,9.5801,9.8480,-0.2679,8.305,0.111,step_10,no_load
18.63333,9.791,9.5801,9.8490,-0.2689,0.0,0.100,step_10,no_load
18.643792,9.791,9.6680,9.8499,-0.1819,8.402,0.090,step_10,no_load
18.654648,9.791,9.7559,9.8507,-0.0948,8.097,0.081,step_10,no_load
18.665084,9.791,9.7559,9.8518,-0.0959,0.0,0.071,step_10,no_load
18.675194,9.791,9.7559,9.8524,-0.0965,0.0,0.063,step_10,no_load
18.685824,9.791,9.7559,9.8530,-0.0971,0.0,0.057,step_10,no_load
18.69602,9.791,9.7559,9.8535,-0.0976,0.0,0.052,step_10,no_load
18.706645,9.791,9.7559,9.8540,-0.0981,0.0,0.047,step_10,no_load
18.71772,9.791,9.7559,9.8544,-0.0985,0.0,0.043,step_10,no_load
18.728331,9.791,9.7559,9.8548,-0.0989,0.0,0.040,step_10,no_load
18.738916,9.791,9.7559,9.8551,-0.0992,0.0,0.036,step_10,no_load
18.74953,9.791,9.6680,9.8555,-0.1875,-8.282,0.033,step_10,no_load
18.760062,9.791,9.6680,9.8559,-0.1879,0.0,0.030,step_10,no_load
18.770674,9.791,9.6680,9.8562,-0.1882,0.0,0.026,step_10,no_load
18.781563,9.791,9.6680,9.8564,-0.1884,0.0,0.024,step_10,no_load
18.791687,9.791,9.7559,9.8566,-0.1007,8.682,0.022,step_10,no_load
18.802463,9.791,9.7559,9.8568,-0.1009,0.0,0.020,step_10,no_load
18.813007,9.791,9.7559,9.8570,-0.1011,0.0,0.019,step_10,no_load
18.823869,9.791,9.7559,9.8572,-0.1013,0.0,0.017,step_10,no_load
18.834453,9.791,9.7559,9.8574,-0.1015,0.0,0.016,step_10,no_load
18.844528,9.791,9.7559,9.8575,-0.1016,0.0,0.014,step_10,no_load
18.855161,9.791,9.7559,9.8577,-0.1018,0.0,0.013,step_10,no_load
18.865355,9.791,9.7559,9.8578,-0.1019,0.0,0.012,step_10,no_load
18.875858,9.791,9.7559,9.8579,-0.1020,0.0,0.011,step_10,no_load
18.885999,9.791,9.7559,9.8580,-0.1021,0.0,0.010,step_10,no_load
18.896318,9.791,9.7559,9.8581,-0.1022,0.0,0.009,step_10,no_load
18.907173,9.791,9.7559,9.8582,-0.1023,0.0,0.008,step_10,no_load
18.917781,9.791,9.7559,9.8583,-0.1024,0.0,0.007,step_10,no_load
18.928789,9.791,9.7559,9.8583,-0.1024,0.0,0.007,step_10,no_load
18.939366,9.791,9.7559,9.8584,-0.1025,0.0,0.006,step_10,no_load
18.949546,9.791,9.7559,9.8584,-0.1025,0.0,0.006,step_10,no_load
18.960129,9.791,9.7559,9.8585,-0.1026,0.0,0.005,step_10,no_load
18.970243,9.791,9.7559,9.8586,-0.1027,0.0,0.005,step_10,no_load
18.980316,9.791,9.7559,9.8586,-0.1027,0.0,0.004,step_10,no_load
18.990636,9.791,9.7559,9.8586,-0.1027,0.0,0.004,step_10,no_load
19.001263,9.791,9.7559,9.8587,-0.1028,0.0,0.004,step_10,no_load
19.011371,9.791,9.7559,9.8587,-0.1028,0.0,0.003,step_10,no_load
19.021953,9.791,9.7559,9.8587,-0.1028,0.0,0.003,step_10,no_load
19.032101,9.791,9.7559,9.8588,-0.1029,0.0,0.003,step_10,no_load
19.042739,9.791,9.7559,9.8588,-0.1029,0.0,0.003,step_10,no_load
19.053654,9.791,9.7559,9.8588,-0.1029,0.0,0.002,step_10,no_load
19.063731,9.791,9.7559,9.8588,-0.1029,0.0,0.002,step_10,no_load
19.074327,9.791,9.7559,9.8589,-0.1030,0.0,0.002,step_10,no_load
19.08491,9.791,9.7559,9.8589,-0.1030,0.0,0.002,step_10,no_load
19.095494,9.791,9.7559,9.8589,-0.1030,0.0,0.002,step_10,no_load
19.106077,9.791,9.7559,9.8589,-0.1030,0.0,0.001,step_10,no_load
19.117067,9.791,9.7559,9.8589,-0.1030,0.0,0.001,step_10,no_load
19.127409,9.791,9.7559,9.8590,-0.1031,0.0,0.001,step_10,no_load
19.137536,9.791,9.7559,9.8590,-0.1031,0.0,0.001,step_10,no_load
19.148388,9.791,9.7559,9.8590,-0.1031,0.0,0.001,step_10,no_load
19.158486,9.791,9.7559,9.8590,-0.1031,0.0,0.001,step_10,no_load
19.169147,9.791,9.7559,9.8590,-0.1031,0.0,0.001,step_10,no_load
19.180127,9.791,9.7559,9.8590,-0.1031,0.0,0.001,step_10,no_load
19.191149,9.791,9.7559,9.8590,-0.1031,0.0,0.001,step_10,no_load
19.202124,9.791,9.7559,9.8590,-0.1031,0.0,0.001,step_10,no_load
19.213115,9.791,9.7559,9.8590,-0.1031,0.0,0.001,step_10,no_load
19.223694,9.791,9.7559,9.8590,-0.1031,0.0,0.001,step_10,no_load
19.233738,9.791,9.7559,9.8590,-0.1031,0.0,0.001,step_10,no_load
19.244348,9.791,9.7559,9.8590,-0.1031,0.0,0.000,step_10,no_load
19.254436,9.791,9.7559,9.8590,-0.1031,0.0,0.000,step_10,no_load
19.265038,9.791,9.7559,9.8591,-0.1032,0.0,0.000,step_10,no_load
19.275157,9.791,9.7559,9.8591,-0.1032,0.0,0.000,step_10,no_load
19.28629,0.0,9.7559,9.8591,-0.1032,0.0,0.000,step_10,no_load
19.296471,0.0,9.7559,9.8591,-0.1032,0.0,0.000,step_10,no_load
19.307096,0.0,9.7559,9.8591,-0.1032,0.0,0.000,step_10,no_load
19.317296,0.0,9.7559,9.8591,-0.1032,0.0,0.000,step_10,no_load
19.327905,0.0,9.7559,9.8591,-0.1032,0.0,0.000,step_10,no_load
19.338937,0.0,9.4922,9.8591,-0.3669,-23.903,0.000,step_10,no_load
19.349532,0.0,9.2285,9.8591,-0.6306,-24.889,0.000,step_10,no_load
19.359657,0.0,8.7891,9.7720,-0.9829,-43.398,-8.703,step_10,no_load
19.37024,0.0,7.9980,9.0581,-1.0601,-74.752,-47.594,step_10,no_load
19.380309,0.0,7.2949,8.2594,-0.9645,-69.828,-79.868,step_10,no_load
19.39086,0.0,6.3281,7.2455,-0.9174,-91.631,-101.392,step_10,no_load
19.401436,0.0,5.4492,6.2596,-0.8104,-83.103,-98.591,step_10,no_load
19.412015,0.0,4.5703,5.3425,-0.7722,-83.08,-91.709,step_10,no_load
19.422716,0.0,3.5156,4.5342,-1.0186,-98.561,-80.827,step_10,no_load
19.433352,0.0,2.7246,3.8483,-1.1237,-74.37,-68.596,step_10,no_load
19.444239,0.0,2.2852,3.2677,-0.9825,-40.36,-58.054,step_10,no_load
19.454864,0.0,1.9336,2.7766,-0.8430,-33.092,-49.120,step_10,no_load
19.465949,0.0,1.4941,2.1778,-0.6837,-39.648,-39.917,step_10,no_load
19.476547,0.0,1.2305,1.8544,-0.6239,-24.873,-32.344,step_10,no_load
19.48761,0.0,0.9668,1.5807,-0.6139,-23.836,-27.366,step_10,no_load
19.498496,0.0,0.8789,1.3492,-0.4703,-8.075,-23.154,step_10,no_load
19.509634,0.0,0.7910,1.1533,-0.3623,-7.892,-19.590,step_10,no_load
19.52053,0.0,0.7031,0.9145,-0.2114,-8.067,-15.920,step_10,no_load
19.531709,0.0,0.9668,0.7855,0.1813,23.589,-12.900,step_10,no_load
19.54231,0.0,0.9668,0.6763,0.2905,0.0,-10.915,step_10,no_load
19.552395,0.0,0.9668,0.5840,0.3828,0.0,-9.235,step_10,no_load
19.56294,0.0,0.8789,0.5058,0.3731,-8.336,-7.814,step_10,no_load
19.573911,0.0,0.7910,0.4397,0.3513,-8.012,-6.611,step_10,no_load
19.584496,0.0,0.7031,0.3838,0.3193,-8.304,-5.594,step_10,no_load
19.595573,0.0,0.5273,0.3156,0.2117,-15.871,-4.546,step_10,no_load
19.606196,0.0,0.1758,0.2787,-0.1029,-33.089,-3.684,step_10,no_load
19.616299,0.0,0.0000,0.2476,-0.2476,-17.401,-3.117,step_10,no_load
19.626885,0.0,-0.0879,0.2212,-0.3091,-8.303,-2.637,step_10,no_load
19.636992,0.0,-0.0879,0.1989,-0.2868,0.0,-2.231,step_10,no_load
19.648277,0.0,-0.0879,0.1800,-0.2679,0.0,-1.888,step_10,no_load
19.658386,0.0,-0.1758,0.1640,-0.3398,-8.695,-1.597,step_10,no_load
19.669024,0.0,-0.1758,0.1505,-0.3263,0.0,-1.352,step_10,no_load
19.679576,0.0,-0.1758,0.1391,-0.3149,0.0,-1.144,step_10,no_load
19.690207,0.0,-0.0879,0.1251,-0.2130,8.268,-0.929,step_10,no_load
19.700308,0.0,0.0000,0.1176,-0.1176,8.702,-0.753,step_10,no_load
19.710897,0.0,0.0000,0.1112,-0.1112,0.0,-0.637,step_10,no_load
19.721019,0.0,0.0000,0.1059,-0.1059,0.0,-0.539,step_10,no_load
19.731425,0.0,0.0000,0.1013,-0.1013,0.0,-0.456,step_10,no_load
19.742456,0.0,0.0000,0.0974,-0.0974,0.0,-0.386,step_10,no_load
19.753057,0.0,0.0000,0.0942,-0.0942,0.0,-0.327,step_10,no_load
19.763793,0.0,-0.0879,0.0914,-0.1793,-8.187,-0.278,step_10,no_load
19.774474,0.0,-0.0879,0.0890,-0.1769,0.0,-0.238,step_10,no_load
19.784622,0.0,-0.0879,0.0869,-0.1748,0.0,-0.206,step_10,no_load
19.795246,0.0,-0.0879,0.0843,-0.1722,0.0,-0.175,step_10,no_load
19.806023,0.0,-0.0879,0.0828,-0.1707,0.0,-0.149,step_10,no_load
19.816615,0.0,-0.0879,0.0815,-0.1694,0.0,-0.132,step_10,no_load
19.827687,0.0,-0.0879,0.0803,-0.1682,0.0,-0.117,step_10,no_load
19.837967,0.0,-0.0879,0.0793,-0.1672,0.0,-0.105,step_10,no_load
19.848531,0.0,-0.0879,0.0784,-0.1663,0.0,-0.094,step_10,no_load
19.859383,0.0,-0.0879,0.0775,-0.1654,0.0,-0.085,step_10,no_load
19.86997,0.0,-0.0879,0.0767,-0.1646,0.0,-0.077,step_10,no_load
19.88042,0.0,-0.0879,0.0757,-0.1636,0.0,-0.068,step_10,no_load
19.89145,0.0,-0.0879,0.0751,-0.1630,0.0,-0.060,step_10,no_load
19.901537,0.0,-0.0879,0.0746,-0.1625,0.0,-0.054,step_10,no_load
19.911655,0.0,-0.0879,0.0741,-0.1620,0.0,-0.049,step_10,no_load
19.922565,0.0,-0.0879,0.0736,-0.1615,0.0,-0.045,step_10,no_load
19.933209,0.0,-0.0879,0.0732,-0.1611,0.0,-0.041,step_10,no_load
19.943335,0.0,-0.0879,0.0728,-0.1607,0.0,-0.038,step_10,no_load
19.954169,0.0,-0.0879,0.0725,-0.1604,0.0,-0.034,step_10,no_load
19.965271,0.0,-0.0879,0.0720,-0.1599,0.0,-0.031,step_10,no_load
19.975851,0.0,-0.0879,0.0718,-0.1597,0.0,-0.027,step_10,no_load
19.985966,0.0,-0.0879,0.0715,-0.1594,0.0,-0.025,step_10,no_load
19.996086,0.0,-0.0879,0.0713,-0.1592,0.0,-0.023,step_10,no_load
20.006688,0.0,-0.0879,0.0711,-0.1590,0.0,-0.021,step_10,no_load
20.017345,0.0,-0.0879,0.0709,-0.1588,0.0,-0.019,step_10,no_load
20.027923,0.0,-0.0879,0.0707,-0.1586,0.0,-0.018,step_10,no_load
20.038157,0.0,-0.0879,0.0705,-0.1584,0.0,-0.016,step_10,no_load
20.049208,0.0,-0.0879,0.0704,-0.1583,0.0,-0.015,step_10,no_load
20.059384,0.0,-0.0879,0.0703,-0.1582,0.0,-0.014,step_10,no_load
20.069959,0.0,-0.0879,0.0701,-0.1580,0.0,-0.012,step_10,no_load
20.081016,0.0,-0.0879,0.0700,-0.1579,0.0,-0.011,step_10,no_load
20.0916,0.0,-0.0879,0.0699,-0.1578,0.0,-0.010,step_10,no_load
20.102316,0.0,-0.0879,0.0698,-0.1577,0.0,-0.009,step_10,no_load
20.112701,0.0,-0.0879,0.0697,-0.1576,0.0,-0.008,step_10,no_load
20.123004,0.0,-0.0879,0.0696,-0.1575,0.0,-0.008,step_10,no_load
20.133593,0.0,-0.0879,0.0695,-0.1574,0.0,-0.007,step_10,no_load
20.144709,0.0,-0.0879,0.0695,-0.1574,0.0,-0.007,step_10,no_load
20.155362,0.0,-0.0879,0.0694,-0.1573,0.0,-0.006,step_10,no_load
20.165466,0.0,-0.0879,0.0693,-0.1572,0.0,-0.005,step_10,no_load
20.176159,0.0,-0.0879,0.0693,-0.1572,0.0,-0.005,step_10,no_load
20.187091,0.0,-0.0879,0.0692,-0.1571,0.0,-0.004,step_10,no_load
20.198165,0.0,-0.0879,0.0692,-0.1571,0.0,-0.004,step_10,no_load
20.209179,0.0,-0.0879,0.0692,-0.1571,0.0,-0.004,step_10,no_load
20.220514,0.0,-0.0879,0.0691,-0.1570,0.0,-0.003,step_10,no_load
20.231694,0.0,-0.0879,0.0691,-0.1570,0.0,-0.003,step_10,no_load
20.242268,0.0,-0.0879,0.0691,-0.1570,0.0,-0.003,step_10,no_load
20.252886,0.0,-0.0879,0.0690,-0.1569,0.0,-0.003,step_10,no_load
20.262952,0.0,-0.0879,0.0690,-0.1569,0.0,-0.002,step_10,no_load
20.273997,0.0,-0.0879,0.0690,-0.1569,0.0,-0.002,step_10,no_load
20.284623,0.0,-0.0879,0.0690,-0.1569,0.0,-0.002,step_10,no_load
20.295163,0.0,-0.0879,0.0689,-0.1568,0.0,-0.002,step_10,no_load
20.305799,0.0,-0.0879,0.0689,-0.1568,0.0,-0.002,step_10,no_load
20.315905,0.0,-0.0879,0.0689,-0.1568,0.0,-0.001,step_10,no_load
20.326486,0.0,-0.0879,0.0689,-0.1568,0.0,-0.001,step_10,no_load
20.33767,0.0,-0.0879,0.0689,-0.1568,0.0,-0.001,step_10,no_load
20.348116,0.0,-0.0879,0.0689,-0.1568,0.0,-0.001,step_10,no_load
20.359248,0.0,-0.0879,0.0689,-0.1568,0.0,-0.001,step_10,no_load
20.369885,0.0,-0.0879,0.0689,-0.1568,0.0,-0.001,step_10,no_load
20.380935,0.0,-0.0879,0.0688,-0.1567,0.0,-0.001,step_10,no_load
20.391581,0.0,-0.0879,0.0688,-0.1567,0.0,-0.001,step_10,no_load
20.401656,0.0,-0.0879,0.0688,-0.1567,0.0,-0.001,step_10,no_load
20.412283,0.0,-0.0879,0.0688,-0.1567,0.0,-0.001,step_10,no_load
20.42263,0.0,-0.0879,0.0688,-0.1567,0.0,-0.001,step_10,no_load
20.433204,0.0,-0.0879,0.0688,-0.1567,0.0,-0.001,step_10,no_load
20.444292,0.0,-0.0879,0.0688,-0.1567,0.0,-0.001,step_10,no_load
20.455162,0.0,-0.0879,0.0688,-0.1567,0.0,-0.000,step_10,no_load
20.465324,0.0,-0.0879,0.0688,-0.1567,0.0,-0.000,step_10,no_load
20.476444,0.0,-0.0879,0.0688,-0.1567,0.0,-0.000,step_10,no_load
20.487524,9.791,-0.0879,0.0688,-0.1567,0.0,-0.000,step_10,no_load
20.498249,9.791,-0.0879,0.0688,-0.1567,0.0,-0.000,step_10,no_load
20.509352,9.791,-0.0879,0.0688,-0.1567,0.0,-0.000,step_10,no_load
20.519983,9.791,-0.0879,0.0688,-0.1567,0.0,-0.000,step_10,no_load
20.531289,9.791,0.0000,0.0688,-0.0688,7.775,-0.000,step_10,no_load
20.541469,9.791,0.1758,0.0688,0.1070,17.269,-0.000,step_10,no_load
20.551844,9.791,0.5273,0.0688,0.4585,33.88,-0.000,step_10,no_load
20.562371,9.791,0.9668,0.4235,0.5433,41.75,35.472,step_10,no_load
20.572993,9.791,1.6699,1.1883,0.4816,66.193,76.477,step_10,no_load
20.58314,9.791,2.4609,2.3036,0.1573,77.954,111.537,step_10,no_load
20.593738,9.791,3.3398,3.3503,-0.0105,82.931,104.661,step_10,no_load
20.604368,9.791,4.2188,4.3062,-0.0874,82.69,95.593,step_10,no_load
20.615064,9.791,5.1855,5.4265,-0.2410,90.38,74.686,step_10,no_load
20.625712,9.791,6.2402,6.0792,0.1610,99.051,65.273,step_10,no_load
20.635885,9.791,6.9434,6.6438,0.2996,69.124,56.456,step_10,no_load
20.646097,9.791,7.3828,7.1365,0.2463,43.028,49.275,step_10,no_load
20.656466,9.791,7.7344,7.5544,0.1800,33.909,41.785,step_10,no_load
20.667044,9.791,7.9980,7.9080,0.0900,24.92,35.360,step_10,no_load
20.678125,9.791,8.3496,8.2071,0.1425,31.73,29.918,step_10,no_load
20.688655,9.791,8.5254,8.4603,0.0651,16.695,25.313,step_10,no_load
20.698766,9.791,8.7012,8.6744,0.0268,17.387,21.416,step_10,no_load
20.709358,9.791,8.8770,8.8556,0.0214,16.597,18.120,step_10,no_load
20.719429,9.791,8.8770,9.0089,-0.1319,0.0,15.331,step_10,no_load
20.729493,9.791,8.8770,9.1386,-0.2616,0.0,12.971,step_10,no_load
20.740162,9.791,8.9648,9.2967,-0.3319,8.229,10.540,step_10,no_load
20.750745,9.791,8.8770,9.3822,-0.5052,-8.296,8.541,step_10,no_load
20.761296,9.791,8.7891,9.4544,-0.6653,-8.331,7.226,step_10,no_load
20.77192,9.791,8.7891,9.5156,-0.7265,0.0,6.114,step_10,no_load
20.782783,9.791,8.7891,9.5673,-0.7782,0.0,5.173,step_10,no_load
20.793359,9.791,8.9648,9.6110,-0.6462,16.613,4.377,step_10,no_load
20.803475,9.791,9.0527,9.6481,-0.5954,8.689,3.703,step_10,no_load
20.814788,9.791,9.1406,9.6794,-0.5388,7.77,3.133,step_10,no_load
20.824902,9.791,9.2285,9.7059,-0.4774,8.691,2.651,step_10,no_load
20.835507,9.791,9.4043,9.7382,-0.3339,16.577,2.154,step_10,no_load
20.845788,9.791,9.5801,9.7557,-0.1756,17.1,1.745,step_10,no_load
20.856417,9.791,9.6680,9.7705,-0.1025,8.27,1.477,step_10,no_load
20.866515,9.791,9.7559,9.7829,-0.0270,8.705,1.250,step_10,no_load
20.877094,9.791,9.7559,9.7935,-0.0376,0.0,1.057,step_10,no_load
20.887698,9.791,9.8438,9.8025,0.0413,8.289,0.895,step_10,no_load
20.8978,9.791,9.8438,9.8100,0.0338,0.0,0.757,step_10,no_load
20.908483,9.791,9.8438,9.8164,0.0274,0.0,0.640,step_10,no_load
20.918983,9.791,9.7559,9.8219,-0.0660,-8.371,0.542,step_10,no_load
20.929265,9.791,9.7559,9.8264,-0.0705,0.0,0.458,step_10,no_load
20.939644,9.791,9.6680,9.8303,-0.1623,-8.469,0.388,step_10,no_load
20.950281,9.791,9.5801,9.8350,-0.2549,-8.264,0.315,step_10,no_load
20.961495,9.791,9.5801,9.8376,-0.2575,0.0,0.258,step_10,no_load
20.972061,9.791,9.5801,9.8398,-0.2597,0.0,0.222,step_10,no_load
20.98271,9.791,9.4922,9.8418,-0.3496,-8.254,0.193,step_10,no_load
20.99329,9.791,9.4922,9.8435,-0.3513,0.0,0.169,step_10,no_load
21.003451,9.791,9.4922,9.8449,-0.3527,0.0,0.149,step_10,no_load
21.014722,9.791,9.4922,9.8463,-0.3541,0.0,0.132,step_10,no_load
21.024849,9.791,9.5801,9.8474,-0.2673,8.68,0.118,step_10,no_load
21.035412,9.791,9.5801,9.8490,-0.2689,0.0,0.102,step_10,no_load
21.045492,9.791,9.6680,9.8499,-0.1819,8.72,0.090,step_10,no_load
21.056085,9.791,9.7559,9.8507,-0.0948,8.298,0.081,step_10,no_load
21.066203,9.791,9.7559,9.8514,-0.0955,0.0,0.073,step_10,no_load
21.076788,9.791,9.7559,9.8521,-0.0962,0.0,0.066,step_10,no_load
21.086995,9.791,9.7559,9.8527,-0.0968,0.0,0.060,step_10,no_load
21.098067,9.791,9.7559,9.8532,-0.0973,0.0,0.055,step_10,no_load
21.108178,9.791,9.7559,9.8537,-0.0978,0.0,0.050,step_10,no_load
21.118806,9.791,9.7559,9.8542,-0.0983,0.0,0.045,step_10,no_load
21.12949,9.791,9.7559,9.8546,-0.0987,0.0,0.041,step_10,no_load
21.140424,9.791,9.7559,9.8551,-0.0992,0.0,0.037,step_10,no_load
21.150872,9.791,9.7559,9.8555,-0.0996,0.0,0.033,step_10,no_load
21.1614,9.791,9.7559,9.8558,-0.0999,0.0,0.030,step_10,no_load
21.171521,9.791,9.7559,9.8560,-0.1001,0.0,0.028,step_10,no_load
21.18228,9.791,9.7559,9.8563,-0.1004,0.0,0.025,step_10,no_load
21.193223,9.791,9.7559,9.8565,-0.1006,0.0,0.023,step_10,no_load
21.204223,9.791,9.7559,9.8567,-0.1008,0.0,0.021,step_10,no_load
21.215298,9.791,9.7559,9.8570,-0.1011,0.0,0.019,step_10,no_load
21.226266,9.791,9.7559,9.8572,-0.1013,0.0,0.017,step_10,no_load
21.236387,9.791,9.7559,9.8574,-0.1015,0.0,0.016,step_10,no_load
21.247394,9.791,9.7559,9.8575,-0.1016,0.0,0.014,step_10,no_load
21.25841,9.791,9.7559,9.8576,-0.1017,0.0,0.013,step_10,no_load
21.268993,9.791,9.7559,9.8577,-0.1018,0.0,0.012,step_10,no_load
21.279851,9.791,9.7559,9.8579,-0.1020,0.0,0.011,step_10,no_load
21.290499,9.791,9.7559,9.8580,-0.1021,0.0,0.010,step_10,no_load
21.3011,9.791,9.7559,9.8581,-0.1022,0.0,0.009,step_10,no_load
21.311724,9.791,9.7559,9.8582,-0.1023,0.0,0.008,step_10,no_load
21.32245,9.791,9.7559,9.8583,-0.1024,0.0,0.007,step_10,no_load
21.333076,9.791,9.7559,9.8583,-0.1024,0.0,0.007,step_10,no_load
21.344104,9.791,9.7559,9.8584,-0.1025,0.0,0.006,step_10,no_load
21.354683,9.791,9.7559,9.8584,-0.1025,0.0,0.006,step_10,no_load
21.364849,9.791,9.7559,9.8585,-0.1026,0.0,0.005,step_10,no_load
21.375467,9.791,9.7559,9.8586,-0.1027,0.0,0.005,step_10,no_load
21.385694,9.791,9.7559,9.8586,-0.1027,0.0,0.004,step_10,no_load
21.395927,9.791,9.7559,9.8586,-0.1027,0.0,0.004,step_10,no_load
21.406799,9.791,9.7559,9.8587,-0.1028,0.0,0.004,step_10,no_load
21.417386,9.791,9.7559,9.8587,-0.1028,0.0,0.003,step_10,no_load
21.428431,9.791,9.7559,9.8587,-0.1028,0.0,0.003,step_10,no_load
21.439089,9.791,9.7559,9.8588,-0.1029,0.0,0.003,step_10,no_load
21.449188,9.791,9.7559,9.8588,-0.1029,0.0,0.003,step_10,no_load
21.459828,9.791,9.7559,9.8588,-0.1029,0.0,0.002,step_10,no_load
21.470076,9.791,9.7559,9.8589,-0.1030,0.0,0.002,step_10,no_load
21.480691,9.791,9.7559,9.8589,-0.1030,0.0,0.002,step_10,no_load
21.490759,9.791,9.7559,9.8589,-0.1030,0.0,0.002,step_10,no_load
21.501393,9.791,9.7559,9.8589,-0.1030,0.0,0.002,step_10,no_load
21.511491,9.791,9.7559,9.8589,-0.1030,0.0,0.001,step_10,no_load
21.522092,9.791,9.7559,9.8589,-0.1030,0.0,0.001,step_10,no_load
21.532623,9.791,9.7559,9.8590,-0.1031,0.0,0.001,step_10,no_load
21.5432,9.791,9.7559,9.8590,-0.1031,0.0,0.001,step_10,no_load
21.55427,9.791,9.7559,9.8590,-0.1031,0.0,0.001,step_10,no_load
21.564635,9.791,9.7559,9.8590,-0.1031,0.0,0.001,step_10,no_load
21.574744,9.791,9.7559,9.8590,-0.1031,0.0,0.001,step_10,no_load
21.585358,9.791,9.7559,9.8590,-0.1031,0.0,0.001,step_10,no_load
21.595438,9.791,9.7559,9.8590,-0.1031,0.0,0.001,step_10,no_load
21.606017,9.791,9.7559,9.8590,-0.1031,0.0,0.001,step_10,no_load
21.616172,9.791,9.7559,9.8590,-0.1031,0.0,0.001,step_10,no_load
21.626756,9.791,9.7559,9.8590,-0.1031,0.0,0.001,step_10,no_load
21.637552,9.791,9.7559,9.8590,-0.1031,0.0,0.001,step_10,no_load
21.647668,9.791,9.7559,9.8590,-0.1031,0.0,0.000,step_10,no_load
21.65875,9.791,9.7559,9.8590,-0.1031,0.0,0.000,step_10,no_load
21.669378,9.791,9.7559,9.8590,-0.1031,0.0,0.000,step_10,no_load
21.680132,9.791,9.7559,9.8591,-0.1032,0.0,0.000,step_10,no_load
21.6913,0.0,9.7559,9.8591,-0.1032,0.0,0.000,step_10,no_load
21.701833,0.0,9.7559,9.8591,-0.1032,0.0,0.000,step_10,no_load
21.712183,0.0,9.7559,9.8591,-0.1032,0.0,0.000,step_10,no_load
21.722657,0.0,9.7559,9.8591,-0.1032,0.0,0.000,step_10,no_load
21.733289,0.0,9.7559,9.8591,-0.1032,0.0,0.000,step_10,no_load
21.743336,0.0,9.5801,9.8591,-0.2790,-17.498,0.000,step_10,no_load
21.753924,0.0,9.2285,9.8591,-0.6306,-33.207,0.000,step_10,no_load
21.765032,0.0,8.7012,9.6055,-0.9043,-47.47,-16.903,step_10,no_load
21.775755,0.0,7.9980,9.0581,-1.0601,-65.579,-54.740,step_10,no_load
21.785859,0.0,7.1191,8.2594,-1.1403,-86.985,-79.868,step_10,no_load
21.795917,0.0,6.2402,7.2455,-1.0053,-87.383,-101.392,step_10,no_load
21.806868,0.0,5.3613,6.2596,-0.8983,-80.258,-98.591,step_10,no_load
21.817441,0.0,4.4824,5.3425,-0.8601,-83.127,-91.709,step_10,no_load
21.827587,0.0,3.4277,4.5342,-1.1065,-103.952,-80.827,step_10,no_load
21.838505,0.0,2.6367,3.8483,-1.2116,-72.449,-68.596,step_10,no_load
21.849581,0.0,2.2852,3.2677,-0.9825,-31.735,-58.054,step_10,no_load
21.860205,0.0,1.9336,2.5601,-0.6265,-33.095,-47.178,step_10,no_load
21.871281,0.0,1.4941,2.1778,-0.6837,-39.68,-38.228,step_10,no_load
21.881787,0.0,1.2305,1.8544,-0.6239,-25.09,-32.344,step_10,no_load
21.892673,0.0,0.9668,1.5807,-0.6139,-24.224,-27.366,step_10,no_load
21.903263,0.0,0.7910,1.3492,-0.5582,-16.601,-23.154,step_10,no_load
21.914179,0.0,0.7910,1.1533,-0.3623,0.0,-19.590,step_10,no_load
21.92481,0.0,0.7031,0.9875,-0.2844,-8.268,-16.575,step_10,no_load
21.935341,0.0,0.9668,0.7855,0.1813,25.04,-13.470,step_10,no_load
21.945703,0.0,0.9668,0.6763,0.2905,0.0,-10.915,step_10,no_load
21.956622,0.0,0.9668,0.5840,0.3828,0.0,-9.235,step_10,no_load
21.967257,0.0,0.8789,0.5058,0.3731,-8.265,-7.814,step_10,no_load
21.978313,0.0,0.7910,0.4397,0.3513,-7.95,-6.611,step_10,no_load
21.98895,0.0,0.6152,0.3838,0.2314,-16.527,-5.594,step_10,no_load
21.999077,0.0,0.5273,0.3364,0.1909,-8.68,-4.733,step_10,no_load
22.009672,0.0,0.1758,0.2964,-0.1206,-33.176,-4.005,step_10,no_load
22.020212,0.0,0.0000,0.2476,-0.2476,-16.679,-3.254,step_10,no_load
22.031114,0.0,-0.0879,0.2212,-0.3091,-8.063,-2.637,step_10,no_load
22.042171,0.0,-0.0879,0.1989,-0.2868,0.0,-2.231,step_10,no_load
22.052805,0.0,-0.0879,0.1800,-0.2679,0.0,-1.888,step_10,no_load
22.063794,0.0,-0.1758,0.1640,-0.3398,-7.999,-1.597,step_10,no_load
22.074752,0.0,-0.1758,0.1505,-0.3263,0.0,-1.352,step_10,no_load
22.084853,0.0,-0.0879,0.1391,-0.2270,8.702,-1.144,step_10,no_load
22.09556,0.0,-0.0879,0.1251,-0.2130,0.0,-0.929,step_10,no_load
22.10615,0.0,0.0000,0.1176,-0.1176,8.3,-0.753,step_10,no_load
22.116775,0.0,0.0879,0.1112,-0.0233,8.273,-0.637,step_10,no_load
22.127854,0.0,0.0879,0.1059,-0.0180,0.0,-0.539,step_10,no_load
22.138478,0.0,0.0879,0.1013,-0.0134,0.0,-0.456,step_10,no_load
22.148642,0.0,0.0000,0.0974,-0.0974,-8.648,-0.386,step_10,no_load
22.159333,0.0,0.0000,0.0942,-0.0942,0.0,-0.327,step_10,no_load
22.170398,0.0,-0.0879,0.0902,-0.1781,-7.944,-0.267,step_10,no_load
22.181347,0.0,-0.0879,0.0879,-0.1758,0.0,-0.222,step_10,no_load
22.192378,0.0,-0.0879,0.0860,-0.1739,0.0,-0.193,step_10,no_load
22.2034,0.0,-0.0879,0.0843,-0.1722,0.0,-0.169,step_10,no_load
22.214397,0.0,-0.0879,0.0828,-0.1707,0.0,-0.149,step_10,no_load
22.225322,0.0,-0.0879,0.0809,-0.1688,0.0,-0.128,step_10,no_load
22.235908,0.0,-0.0879,0.0798,-0.1677,0.0,-0.111,step_10,no_load
22.246644,0.0,-0.0879,0.0788,-0.1667,0.0,-0.099,step_10,no_load
22.25733,0.0,-0.0879,0.0779,-0.1658,0.0,-0.089,step_10,no_load
22.267543,0.0,-0.0879,0.0771,-0.1650,0.0,-0.081,step_10,no_load
22.278142,0.0,-0.0879,0.0764,-0.1643,0.0,-0.073,step_10,no_load
22.289054,0.0,-0.0879,0.0757,-0.1636,0.0,-0.066,step_10,no_load
22.299636,0.0,-0.0879,0.0751,-0.1630,0.0,-0.060,step_10,no_load
22.310243,0.0,-0.0879,0.0743,-0.1622,0.0,-0.053,step_10,no_load
22.32082,0.0,-0.0879,0.0739,-0.1618,0.0,-0.047,step_10,no_load
22.331781,0.0,-0.0879,0.0734,-0.1613,0.0,-0.043,step_10,no_load
22.34236,0.0,-0.0879,0.0730,-0.1609,0.0,-0.039,step_10,no_load
22.352428,0.0,-0.0879,0.0727,-0.1606,0.0,-0.036,step_10,no_load
22.362509,0.0,-0.0879,0.0723,-0.1602,0.0,-0.033,step_10,no_load
22.373031,0.0,-0.0879,0.0720,-0.1599,0.0,-0.030,step_10,no_load
22.383613,0.0,-0.0879,0.0718,-0.1597,0.0,-0.027,step_10,no_load
22.394326,0.0,-0.0879,0.0715,-0.1594,0.0,-0.025,step_10,no_load
22.404952,0.0,-0.0879,0.0713,-0.1592,0.0,-0.023,step_10,no_load
22.415086,0.0,-0.0879,0.0710,-0.1589,0.0,-0.021,step_10,no_load
22.42571,0.0,-0.0879,0.0708,-0.1587,0.0,-0.018,step_10,no_load
22.436365,0.0,-0.0879,0.0706,-0.1585,0.0,-0.017,step_10,no_load
22.446461,0.0,-0.0879,0.0705,-0.1584,0.0,-0.015,step_10,no_load
22.457241,0.0,-0.0879,0.0703,-0.1582,0.0,-0.014,step_10,no_load
22.467864,0.0,-0.0879,0.0702,-0.1581,0.0,-0.013,step_10,no_load
22.47796,0.0,-0.0879,0.0701,-0.1580,0.0,-0.012,step_10,no_load
22.488049,0.0,-0.0879,0.0700,-0.1579,0.0,-0.011,step_10,no_load
22.498651,0.0,-0.0879,0.0699,-0.1578,0.0,-0.010,step_10,no_load
22.509249,0.0,-0.0879,0.0698,-0.1577,0.0,-0.009,step_10,no_load
22.519878,0.0,-0.0879,0.0697,-0.1576,0.0,-0.008,step_10,no_load
22.531179,0.0,-0.0879,0.0696,-0.1575,0.0,-0.008,step_10,no_load
22.541476,0.0,-0.0879,0.0695,-0.1574,0.0,-0.007,step_10,no_load
22.552063,0.0,-0.0879,0.0695,-0.1574,0.0,-0.006,step_10,no_load
22.562936,0.0,-0.0879,0.0694,-0.1573,0.0,-0.006,step_10,no_load
22.5736,0.0,-0.0879,0.0693,-0.1572,0.0,-0.005,step_10,no_load
22.583854,0.0,-0.0879,0.0693,-0.1572,0.0,-0.005,step_10,no_load
22.594434,0.0,-0.0879,0.0692,-0.1571,0.0,-0.004,step_10,no_load
22.604557,0.0,-0.0879,0.0692,-0.1571,0.0,-0.004,step_10,no_load
22.615066,0.0,-0.0879,0.0692,-0.1571,0.0,-0.004,step_10,no_load
22.626149,0.0,-0.0879,0.0691,-0.1570,0.0,-0.003,step_10,no_load
22.637038,0.0,-0.0879,0.0691,-0.1570,0.0,-0.003,step_10,no_load
22.648164,0.0,-0.0879,0.0691,-0.1570,0.0,-0.003,step_10,no_load
22.658746,0.0,-0.0879,0.0690,-0.1569,0.0,-0.003,step_10,no_load
22.668878,0.0,-0.0879,0.0690,-0.1569,0.0,-0.002,step_10,no_load
22.678952,0.0,-0.0879,0.0690,-0.1569,0.0,-0.002,step_10,no_load
22.689535,0.0,-0.0879,0.0690,-0.1569,0.0,-0.002,step_10,no_load
22.700145,0.0,-0.0879,0.0689,-0.1568,0.0,-0.002,step_10,no_load
22.71073,0.0,-0.0879,0.0689,-0.1568,0.0,-0.002,step_10,no_load
22.720869,0.0,-0.0879,0.0689,-0.1568,0.0,-0.001,step_10,no_load
22.731548,0.0,-0.0879,0.0689,-0.1568,0.0,-0.001,step_10,no_load
22.742136,0.0,-0.0879,0.0689,-0.1568,0.0,-0.001,step_10,no_load
22.752766,0.0,-0.0879,0.0689,-0.1568,0.0,-0.001,step_10,no_load
22.763743,0.0,-0.0879,0.0689,-0.1568,0.0,-0.001,step_10,no_load
22.774388,0.0,-0.0879,0.0689,-0.1568,0.0,-0.001,step_10,no_load
22.78539,0.0,-0.0879,0.0688,-0.1567,0.0,-0.001,step_10,no_load
22.79599,0.0,-0.0879,0.0688,-0.1567,0.0,-0.001,step_10,no_load
22.806321,0.0,-0.0879,0.0688,-0.1567,0.0,-0.001,step_10,no_load
22.816901,0.0,-0.0879,0.0688,-0.1567,0.0,-0.001,step_10,no_load
22.827999,0.0,-0.0879,0.0688,-0.1567,0.0,-0.001,step_10,no_load
22.838634,0.0,-0.0879,0.0688,-0.1567,0.0,-0.001,step_10,no_load
22.849707,0.0,-0.0879,0.0688,-0.1567,0.0,-0.001,step_10,no_load
22.860337,0.0,-0.0879,0.0688,-0.1567,0.0,-0.000,step_10,no_load
22.871421,0.0,-0.0879,0.0688,-0.1567,0.0,-0.000,step_10,no_load
22.882016,0.0,-0.0879,0.0688,-0.1567,0.0,-0.000,step_10,no_load
22.892688,9.791,-0.0879,0.0688,-0.1567,0.0,-0.000,step_10,no_load
22.903306,9.791,-0.0879,0.0688,-0.1567,0.0,-0.000,step_10,no_load
22.914371,9.791,-0.0879,0.0688,-0.1567,0.0,-0.000,step_10,no_load
22.924859,9.791,-0.0879,0.0688,-0.1567,0.0,-0.000,step_10,no_load
22.935153,9.791,-0.0879,0.0688,-0.1567,0.0,-0.000,step_10,no_load
22.945355,9.791,0.0879,0.0688,0.0191,17.232,-0.000,step_10,no_load
22.956038,9.791,0.5273,0.0688,0.4585,41.131,-0.000,step_10,no_load
22.966671,9.791,0.9668,0.4235,0.5433,41.334,35.472,step_10,no_load
22.977248,9.791,1.5820,1.1883,0.3937,58.164,76.477,step_10,no_load
22.987347,9.791,2.3730,2.3036,0.0694,78.325,111.537,step_10,no_load
22.998415,9.791,3.2520,3.3503,-0.0983,79.418,104.661,step_10,no_load
23.00867,9.791,4.2188,4.3062,-0.0874,94.276,95.593,step_10,no_load
23.019304,9.791,5.0977,5.1414,-0.0437,82.65,83.518,step_10,no_load
23.030077,9.791,6.1523,6.0792,0.0731,97.893,62.523,step_10,no_load
23.040695,9.791,6.9434,6.6438,0.2996,74.506,56.456,step_10,no_load
23.050885,9.791,7.3828,7.1365,0.2463,43.121,49.275,step_10,no_load
23.061281,9.791,7.6465,7.5544,0.0921,25.366,41.785,step_10,no_load
23.072044,9.791,7.9980,7.9080,0.0900,32.658,35.360,step_10,no_load
23.082641,9.791,8.2617,8.2071,0.0546,24.884,29.918,step_10,no_load
23.092865,9.791,8.5254,8.4603,0.0651,25.792,25.313,step_10,no_load
23.103445,9.791,8.7012,8.6744,0.0268,16.616,21.416,step_10,no_load
23.114521,9.791,8.8770,8.8556,0.0214,15.872,18.120,step_10,no_load
23.125034,9.791,8.8770,9.0765,-0.1995,0.0,14.725,step_10,no_load
23.135595,9.791,8.8770,9.1958,-0.3188,0.0,11.931,step_10,no_load
23.145659,9.791,8.8770,9.2967,-0.4197,0.0,10.094,step_10,no_load
23.156655,9.791,8.7891,9.3822,-0.5931,-7.994,8.541,step_10,no_load
23.167232,9.791,8.7891,9.4544,-0.6653,0.0,7.226,step_10,no_load
23.177516,9.791,8.7891,9.5156,-0.7265,0.0,6.114,step_10,no_load
23.188459,9.791,8.8770,9.5673,-0.6903,8.033,5.173,step_10,no_load
23.198503,9.791,8.8770,9.6110,-0.7340,0.0,4.377,step_10,no_load
23.20951,9.791,9.0527,9.6481,-0.5954,15.963,3.703,step_10,no_load
23.220514,9.791,9.1406,9.6932,-0.5526,7.988,3.009,step_10,no_load
23.230972,9.791,9.2285,9.7176,-0.4891,8.405,2.438,step_10,no_load
23.241599,9.791,9.4043,9.7382,-0.3339,16.543,2.063,step_10,no_load
23.251669,9.791,9.5801,9.7557,-0.1756,17.458,1.745,step_10,no_load
23.261926,9.791,9.6680,9.7705,-0.1025,8.57,1.477,step_10,no_load
23.272494,9.791,9.7559,9.7829,-0.0270,8.318,1.250,step_10,no_load
23.283012,9.791,9.7559,9.7935,-0.0376,0.0,1.057,step_10,no_load
23.293676,9.791,9.7559,9.8025,-0.0466,0.0,0.895,step_10,no_load
23.304295,9.791,9.7559,9.8100,-0.0541,0.0,0.757,step_10,no_load
23.315096,9.791,9.7559,9.8193,-0.0634,0.0,0.615,step_10,no_load
23.325705,9.791,9.7559,9.8242,-0.0683,0.0,0.498,step_10,no_load
23.335849,9.791,9.7559,9.8285,-0.0726,0.0,0.422,step_10,no_load
23.345988,9.791,9.6680,9.8320,-0.1640,-8.669,0.357,step_10,no_load
23.356496,9.791,9.5801,9.8350,-0.2549,-8.365,0.302,step_10,no_load
23.367073,9.791,9.5801,9.8376,-0.2575,0.0,0.258,step_10,no_load
23.378115,9.791,9.5801,9.8398,-0.2597,0.0,0.222,step_10,no_load
23.388693,9.791,9.4922,9.8418,-0.3496,-8.31,0.193,step_10,no_load
23.399763,9.791,9.4922,9.8435,-0.3513,0.0,0.169,step_10,no_load
23.4104,9.791,9.4922,9.8456,-0.3534,0.0,0.144,step_10,no_load
23.42049,9.791,9.4922,9.8469,-0.3547,0.0,0.124,step_10,no_load
23.430696,9.791,9.5801,9.8480,-0.2679,8.613,0.111,step_10,no_load
23.440775,9.791,9.5801,9.8490,-0.2689,0.0,0.100,step_10,no_load
23.451363,9.791,9.6680,9.8499,-0.1819,8.302,0.090,step_10,no_load
23.462063,9.791,9.7559,9.8507,-0.0948,8.215,0.081,step_10,no_load
23.472657,9.791,9.7559,9.8514,-0.0955,0.0,0.073,step_10,no_load
23.48372,9.791,9.7559,9.8521,-0.0962,0.0,0.066,step_10,no_load
23.494398,9.791,9.7559,9.8527,-0.0968,0.0,0.060,step_10,no_load
23.505017,9.791,9.7559,9.8535,-0.0976,0.0,0.053,step_10,no_load
23.515116,9.791,9.7559,9.8540,-0.0981,0.0,0.047,step_10,no_load
23.525764,9.791,9.7559,9.8544,-0.0985,0.0,0.043,step_10,no_load
23.536353,9.791,9.7559,9.8548,-0.0989,0.0,0.040,step_10,no_load
23.547551,9.791,9.7559,9.8551,-0.0992,0.0,0.036,step_10,no_load
23.558084,9.791,9.7559,9.8555,-0.0996,0.0,0.033,step_10,no_load
23.568753,9.791,9.7559,9.8558,-0.0999,0.0,0.030,step_10,no_load
23.579322,9.791,9.7559,9.8560,-0.1001,0.0,0.028,step_10,no_load
23.59034,9.791,9.7559,9.8564,-0.1005,0.0,0.025,step_10,no_load
23.601319,9.791,9.7559,9.8566,-0.1007,0.0,0.022,step_10,no_load
23.61238,9.791,9.7559,9.8568,-0.1009,0.0,0.020,step_10,no_load
23.623348,9.791,9.7559,9.8570,-0.1011,0.0,0.019,step_10,no_load
23.634321,9.791,9.7559,9.8572,-0.1013,0.0,0.017,step_10,no_load
23.645308,9.791,9.7559,9.8574,-0.1015,0.0,0.015,step_10,no_load
23.656311,9.791,9.7559,9.8576,-0.1017,0.0,0.014,step_10,no_load
23.667341,9.791,9.7559,9.8577,-0.1018,0.0,0.013,step_10,no_load
23.678318,9.791,9.7559,9.8578,-0.1019,0.0,0.012,step_10,no_load
23.689414,9.791,9.7559,9.8579,-0.1020,0.0,0.011,step_10,no_load
23.700509,9.791,9.7559,9.8581,-0.1022,0.0,0.009,step_10,no_load
23.711784,9.791,9.7559,9.8581,-0.1022,0.0,0.009,step_10,no_load
23.72237,9.791,9.7559,9.8582,-0.1023,0.0,0.008,step_10,no_load
23.732948,9.791,9.7559,9.8583,-0.1024,0.0,0.007,step_10,no_load
23.743963,9.791,9.7559,9.8584,-0.1025,0.0,0.007,step_10,no_load
23.754522,9.791,9.7559,9.8584,-0.1025,0.0,0.006,step_10,no_load
23.765115,9.791,9.7559,9.8585,-0.1026,0.0,0.005,step_10,no_load
23.775748,9.791,9.7559,9.8585,-0.1026,0.0,0.005,step_10,no_load
23.786381,9.791,9.7559,9.8586,-0.1027,0.0,0.004,step_10,no_load
23.79735,9.791,9.7559,9.8586,-0.1027,0.0,0.004,step_10,no_load
23.808311,9.791,9.7559,9.8587,-0.1028,0.0,0.004,step_10,no_load
23.819152,9.791,9.7559,9.8587,-0.1028,0.0,0.003,step_10,no_load
23.830228,9.791,9.7559,9.8587,-0.1028,0.0,0.003,step_10,no_load
23.840815,9.791,9.7559,9.8588,-0.1029,0.0,0.003,step_10,no_load
23.851879,9.791,9.7559,9.8588,-0.1029,0.0,0.003,step_10,no_load
23.861936,9.791,9.7559,9.8588,-0.1029,0.0,0.002,step_10,no_load
23.872108,9.791,9.7559,9.8588,-0.1029,0.0,0.002,step_10,no_load
23.883163,9.791,9.7559,9.8589,-0.1030,0.0,0.002,step_10,no_load
23.894225,9.791,9.7559,9.8589,-0.1030,0.0,0.002,step_10,no_load
23.904726,9.791,9.7559,9.8589,-0.1030,0.0,0.002,step_10,no_load
23.915471,9.791,9.7559,9.8589,-0.1030,0.0,0.002,step_10,no_load
23.9261,9.791,9.7559,9.8589,-0.1030,0.0,0.001,step_10,no_load
23.936669,9.791,9.7559,9.8590,-0.1031,0.0,0.001,step_10,no_load
23.947687,9.791,9.7559,9.8590,-0.1031,0.0,0.001,step_10,no_load
23.95831,9.791,9.7559,9.8590,-0.1031,0.0,0.001,step_10,no_load
23.968658,9.791,9.7559,9.8590,-0.1031,0.0,0.001,step_10,no_load
23.978725,9.791,9.7559,9.8590,-0.1031,0.0,0.001,step_10,no_load
23.989251,9.791,9.7559,9.8590,-0.1031,0.0,0.001,step_10,no_load
23.999881,9.791,9.7559,9.8590,-0.1031,0.0,0.001,step_10,no_load
24.010059,9.791,9.7559,9.8590,-0.1031,0.0,0.001,step_10,no_load
24.020646,9.791,9.7559,9.8590,-0.1031,0.0,0.001,step_10,no_load
24.031676,9.791,9.7559,9.8590,-0.1031,0.0,0.001,step_10,no_load
24.042308,9.791,9.7559,9.8590,-0.1031,0.0,0.001,step_10,no_load
24.052399,9.791,9.7559,9.8590,-0.1031,0.0,0.000,step_10,no_load
24.062462,9.791,9.7559,9.8590,-0.1031,0.0,0.000,step_10,no_load
24.073411,9.791,9.7559,9.8590,-0.1031,0.0,0.000,step_10,no_load
24.084049,9.791,9.7559,9.8591,-0.1032,0.0,0.000,step_10,no_load
