time,commanded_deg,real_deg,sim_deg,error_deg,real_vel_deg_s,sim_vel_deg_s,experiment_id,load_condition
0.000538,68.5107,68.9062,68.9055,0.0007,0.0,-0.001,step_10,no_load
0.010879,68.5107,68.9062,68.9055,0.0007,0.0,-0.001,step_10,no_load
0.021314,68.5107,68.9062,68.9054,0.0008,0.0,-0.001,step_10,no_load
0.031796,68.5107,68.9062,68.9054,0.0008,0.0,-0.001,step_10,no_load
0.042226,68.5107,68.9062,68.9054,0.0008,0.0,-0.001,step_10,no_load
0.052306,68.5107,68.9062,68.9054,0.0008,0.0,-0.001,step_10,no_load
0.062611,68.5107,68.9062,68.9054,0.0008,0.0,-0.001,step_10,no_load
0.072823,68.5107,68.9062,68.8937,0.0125,0.0,-1.176,step_10,no_load
0.084135,68.5107,68.9062,68.8584,0.0478,0.0,-3.528,step_10,no_load
0.094592,68.5107,68.9062,68.8215,0.0847,0.0,-3.690,step_10,no_load
0.105209,68.5107,68.9062,68.7723,0.1339,0.0,-3.278,step_10,no_load
0.115784,68.5107,68.9062,68.7443,0.1619,0.0,-2.803,step_10,no_load
0.12603,68.5107,68.9062,68.7197,0.1865,0.0,-2.458,step_10,no_load
0.136659,68.5107,68.9062,68.6982,0.2080,0.0,-2.153,step_10,no_load
0.147634,68.5107,68.9062,68.6793,0.2269,0.0,-1.885,step_10,no_load
0.15792,68.5107,68.9062,68.6628,0.2434,0.0,-1.650,step_10,no_load
0.168389,68.5107,68.9062,68.6484,0.2578,0.0,-1.444,step_10,no_load
0.178809,68.5107,68.9062,68.6357,0.2705,0.0,-1.265,step_10,no_load
0.189293,68.5107,68.9062,68.6247,0.2815,0.0,-1.107,step_10,no_load
0.199827,68.5107,68.9062,68.6150,0.2912,0.0,-0.969,step_10,no_load
0.210388,68.5107,68.9062,68.6027,0.3035,0.0,-0.821,step_10,no_load
0.220911,68.5107,68.9062,68.5957,0.3105,0.0,-0.695,step_10,no_load
0.231448,68.5107,68.9062,68.5896,0.3166,0.0,-0.608,step_10,no_load
0.242012,68.5107,68.9062,68.5843,0.3219,0.0,-0.533,step_10,no_load
0.252739,68.5107,68.9062,68.5796,0.3266,0.0,-0.466,step_10,no_load
0.26303,68.5107,68.9062,68.5756,0.3306,0.0,-0.408,step_10,no_load
0.273567,68.5107,68.9062,68.5720,0.3342,0.0,-0.357,step_10,no_load
0.283914,68.5107,68.9062,68.5689,0.3373,0.0,-0.313,step_10,no_load
0.294479,68.5107,68.9062,68.5661,0.3401,0.0,-0.274,step_10,no_load
0.30476,68.5107,68.9062,68.5637,0.3425,0.0,-0.240,step_10,no_load
0.315351,68.5107,68.9062,68.5607,0.3455,0.0,-0.203,step_10,no_load
0.325731,68.5107,68.9062,68.5590,0.3472,0.0,-0.172,step_10,no_load
0.33642,68.5107,68.9062,68.5574,0.3488,0.0,-0.150,step_10,no_load
0.346649,68.5107,68.9062,68.5561,0.3501,0.0,-0.134,step_10,no_load
0.357382,68.5107,68.9062,68.5549,0.3513,0.0,-0.124,step_10,no_load
0.367947,68.5107,68.9062,68.5537,0.3525,0.0,-0.117,step_10,no_load
0.378604,68.5107,68.9062,68.5526,0.3536,0.0,-0.112,step_10,no_load
0.388755,68.5107,68.9062,68.5515,0.3547,0.0,-0.108,step_10,no_load
0.399698,68.5107,68.9062,68.5505,0.3557,0.0,-0.105,step_10,no_load
0.409942,68.5107,68.9062,68.5494,0.3568,0.0,-0.102,step_10,no_load
0.420757,68.5107,68.9062,68.5480,0.3582,0.0,-0.098,step_10,no_load
0.431433,68.5107,68.9062,68.5470,0.3592,0.0,-0.095,step_10,no_load
0.441948,68.5107,68.9062,68.5461,0.3601,0.0,-0.093,step_10,no_load
0.452734,68.5107,68.9062,68.5452,0.3610,0.0,-0.091,step_10,no_load
0.463417,68.5107,68.9062,68.5443,0.3619,0.0,-0.088,step_10,no_load
0.47394,68.5107,68.9062,68.5434,0.3628,0.0,-0.086,step_10,no_load
0.48455,68.5107,68.9062,68.5426,0.3636,0.0,-0.084,step_10,no_load
0.494971,68.5107,68.9062,68.5418,0.3644,0.0,-0.082,step_10,no_load
0.505558,68.5107,68.9062,68.5406,0.3656,0.0,-0.079,step_10,no_load
0.516163,68.5107,68.9062,68.5398,0.3664,0.0,-0.077,step_10,no_load
0.526824,68.5107,68.9062,68.5391,0.3671,0.0,-0.075,step_10,no_load
0.537271,68.5107,68.9062,68.5383,0.3679,0.0,-0.073,step_10,no_load
0.547446,68.5107,68.9062,68.5376,0.3686,0.0,-0.071,step_10,no_load
0.557726,68.5107,68.9062,68.5369,0.3693,0.0,-0.070,step_10,no_load
0.568709,68.5107,68.9062,68.5363,0.3699,0.0,-0.068,step_10,no_load
0.579083,68.5107,68.9062,68.5356,0.3706,0.0,-0.066,step_10,no_load
0.59015,68.5107,68.9062,68.5346,0.3716,0.0,-0.064,step_10,no_load
0.600932,68.5107,68.9062,68.5340,0.3722,0.0,-0.062,step_10,no_load
0.611775,68.5107,68.9062,68.5334,0.3728,0.0,-0.061,step_10,no_load
0.622,68.5107,68.9062,68.5328,0.3734,0.0,-0.059,step_10,no_load
0.633034,68.5107,68.9062,68.5322,0.3740,0.0,-0.058,step_10,no_load
0.64325,68.5107,68.9062,68.5317,0.3745,0.0,-0.056,step_10,no_load
0.653605,68.5107,68.9062,68.5311,0.3751,0.0,-0.055,step_10,no_load
0.663932,68.5107,68.9062,68.5306,0.3756,0.0,-0.053,step_10,no_load
0.674228,68.5107,68.9062,68.5301,0.3761,0.0,-0.052,step_10,no_load
0.684845,68.5107,68.9062,68.5296,0.3766,0.0,-0.051,step_10,no_load
0.695181,68.5107,68.9062,68.5288,0.3774,0.0,-0.049,step_10,no_load
0.705623,68.5107,68.9062,68.5284,0.3778,0.0,-0.048,step_10,no_load
0.716242,68.5107,68.9062,68.5279,0.3783,0.0,-0.046,step_10,no_load
0.726878,68.5107,68.9062,68.5274,0.3788,0.0,-0.045,step_10,no_load
0.737782,68.5107,68.9062,68.5270,0.3792,0.0,-0.044,step_10,no_load
0.748297,68.5107,68.9062,68.5266,0.3796,0.0,-0.043,step_10,no_load
0.75883,68.5107,68.9062,68.5261,0.3801,0.0,-0.042,step_10,no_load
0.769363,68.5107,68.9062,68.5257,0.3805,0.0,-0.041,step_10,no_load
0.77978,68.5107,68.9062,68.5253,0.3809,0.0,-0.040,step_10,no_load
0.790529,68.5107,68.9062,68.5248,0.3814,0.0,-0.039,step_10,no_load
0.800917,68.5107,68.9062,68.5244,0.3818,0.0,-0.038,step_10,no_load
0.811098,68.5107,68.9062,68.5240,0.3822,0.0,-0.037,step_10,no_load
0.821694,68.5107,68.9062,68.5237,0.3825,0.0,-0.036,step_10,no_load
0.831803,68.5107,68.9062,68.5233,0.3829,0.0,-0.035,step_10,no_load
0.842171,68.5107,68.9062,68.5230,0.3832,0.0,-0.034,step_10,no_load
0.852233,68.5107,68.9062,68.5226,0.3836,0.0,-0.033,step_10,no_load
0.862414,68.5107,68.9062,68.5223,0.3839,0.0,-0.032,step_10,no_load
0.872862,68.5107,68.9062,68.5220,0.3842,0.0,-0.031,step_10,no_load
0.882977,68.5107,68.9062,68.5217,0.3845,0.0,-0.031,step_10,no_load
0.893508,68.5107,68.9062,68.5214,0.3848,0.0,-0.030,step_10,no_load
0.903561,68.5107,68.9062,68.5211,0.3851,0.0,-0.029,step_10,no_load
0.913709,68.5107,68.9062,68.5208,0.3854,0.0,-0.028,step_10,no_load
0.923979,68.5107,68.9062,68.5205,0.3857,0.0,-0.028,step_10,no_load
0.934288,68.5107,68.9062,68.5203,0.3859,0.0,-0.027,step_10,no_load
0.944571,68.5107,68.9062,68.5200,0.3862,0.0,-0.026,step_10,no_load
0.954755,68.5107,68.9062,68.5197,0.3865,0.0,-0.026,step_10,no_load
0.96536,68.5107,68.9062,68.5194,0.3868,0.0,-0.025,step_10,no_load
0.975979,68.5107,68.9062,68.5191,0.3871,0.0,-0.024,step_10,no_load
0.986733,68.5107,68.9062,68.5189,0.3873,0.0,-0.024,step_10,no_load
0.996909,68.5107,68.9062,68.5187,0.3875,0.0,-0.023,step_10,no_load
1.007182,68.5107,68.9062,68.5184,0.3878,0.0,-0.022,step_10,no_load
1.017369,68.5107,68.9062,68.5182,0.3880,0.0,-0.022,step_10,no_load
1.027981,68.5107,68.9062,68.5180,0.3882,0.0,-0.021,step_10,no_load
1.038452,68.5107,68.9062,68.5178,0.3884,0.0,-0.021,step_10,no_load
1.048978,68.5107,68.9062,68.5176,0.3886,0.0,-0.020,step_10,no_load
1.05922,68.5107,68.9062,68.5174,0.3888,0.0,-0.020,step_10,no_load
1.070261,68.5107,68.9062,68.5171,0.3891,0.0,-0.019,step_10,no_load
1.081247,68.5107,68.9062,68.5169,0.3893,0.0,-0.019,step_10,no_load
1.091769,68.5107,68.9062,68.5167,0.3895,0.0,-0.018,step_10,no_load
1.101906,68.5107,68.9062,68.5166,0.3896,0.0,-0.018,step_10,no_load
1.112115,68.5107,68.9062,68.5164,0.3898,0.0,-0.017,step_10,no_load
1.122372,68.5107,68.9062,68.5162,0.3900,0.0,-0.017,step_10,no_load
1.13293,68.5107,68.9062,68.5161,0.3901,0.0,-0.016,step_10,no_load
1.143905,68.5107,68.9062,68.5159,0.3903,0.0,-0.016,step_10,no_load
1.154645,68.5107,68.9062,68.5157,0.3905,0.0,-0.016,step_10,no_load
1.164717,68.5107,68.9062,68.5156,0.3906,0.0,-0.015,step_10,no_load
1.175348,68.5107,68.9062,68.5154,0.3908,0.0,-0.015,step_10,no_load
1.185862,68.5107,68.9062,68.5152,0.3910,0.0,-0.014,step_10,no_load
1.19609,68.5107,68.9062,68.5151,0.3911,0.0,-0.014,step_10,no_load
1.207077,82.2129,68.9062,68.5150,0.3912,0.0,-0.014,step_10,no_load
1.217194,82.2129,68.9062,68.5148,0.3914,0.0,-0.013,step_10,no_load
1.2274,82.2129,68.9062,68.5147,0.3915,0.0,-0.013,step_10,no_load
1.237755,82.2129,68.9062,68.5146,0.3916,0.0,-0.013,step_10,no_load
1.247805,82.2129,68.9062,68.5144,0.3918,0.0,-0.012,step_10,no_load
1.257851,82.2129,68.9062,68.5143,0.3919,0.0,-0.012,step_10,no_load
1.267964,82.2129,68.9062,68.5142,0.3920,0.0,-0.012,step_10,no_load
1.278115,82.2129,69.3457,68.6474,0.6983,43.296,13.320,step_10,no_load
1.289131,82.2129,70.1367,69.2635,0.8732,71.805,61.611,step_10,no_load
1.299645,82.2129,71.1035,70.2737,0.8298,91.954,101.013,step_10,no_load
1.309924,82.2129,72.1582,71.5618,0.5964,102.607,128.815,step_10,no_load
1.320595,82.2129,73.3887,73.4303,-0.0416,115.313,124.565,step_10,no_load
1.331353,82.2129,74.5312,74.5142,0.0170,106.2,108.392,step_10,no_load
1.341921,82.2129,75.6738,75.4673,0.2065,108.119,95.308,step_10,no_load
1.352872,82.2129,76.6406,76.3026,0.3380,88.284,83.536,step_10,no_load
1.363591,82.2129,77.5195,77.0342,0.4853,81.995,73.153,step_10,no_load
1.374026,82.2129,78.2227,77.6746,0.5481,67.389,64.046,step_10,no_load
1.384506,82.2129,78.6621,78.2353,0.4268,41.927,56.068,step_10,no_load
1.394816,82.2129,79.1016,78.7261,0.3755,42.629,49.083,step_10,no_load
1.404988,82.2129,79.4531,79.1558,0.2973,34.556,42.968,step_10,no_load
1.415408,82.2129,79.7168,79.7021,0.0147,25.307,36.418,step_10,no_load
1.425626,82.2129,79.9805,80.0102,-0.0297,25.807,30.810,step_10,no_load
1.436489,82.2129,80.2441,80.2799,-0.0358,24.266,26.971,step_10,no_load
1.446903,82.2129,80.4199,80.5160,-0.0961,16.881,23.611,step_10,no_load
1.457085,82.2129,80.5957,80.7227,-0.1270,17.266,20.670,step_10,no_load
1.467679,82.2129,80.7715,80.9037,-0.1322,16.594,18.095,step_10,no_load
1.477829,82.2129,80.9473,81.0621,-0.1148,17.32,15.840,step_10,no_load
1.488183,82.2129,81.0352,81.2008,-0.1656,8.489,13.867,step_10,no_load
1.498284,82.2129,81.1230,81.3221,-0.1991,8.692,12.139,step_10,no_load
1.508632,82.2129,81.2109,81.4284,-0.2175,8.494,10.627,step_10,no_load
1.518809,82.2129,81.2988,81.5214,-0.2226,8.637,9.303,step_10,no_load
1.529072,82.2129,81.3867,81.6029,-0.2162,8.565,8.144,step_10,no_load
1.539446,82.2129,81.4746,81.6742,-0.1996,8.473,7.130,step_10,no_load
1.549822,82.2129,81.5625,81.7366,-0.1741,8.471,6.241,step_10,no_load
1.560159,82.2129,81.5625,81.8159,-0.2534,0.0,5.290,step_10,no_load
1.570325,82.2129,81.6504,81.8607,-0.2103,8.646,4.475,step_10,no_load
1.580981,82.2129,81.6504,81.8999,-0.2495,0.0,3.918,step_10,no_load
1.591366,82.2129,81.7383,81.9342,-0.1959,8.464,3.430,step_10,no_load
1.601882,82.2129,81.7383,81.9642,-0.2259,0.0,3.002,step_10,no_load
1.61228,82.2129,81.7383,81.9905,-0.2522,0.0,2.628,step_10,no_load
1.622964,82.2129,81.7383,82.0135,-0.2752,0.0,2.301,step_10,no_load
1.63315,82.2129,81.7383,82.0336,-0.2953,0.0,2.014,step_10,no_load
1.643501,82.2129,81.7383,82.0513,-0.3130,0.0,1.763,step_10,no_load
1.654113,82.2129,81.7383,82.0667,-0.3284,0.0,1.544,step_10,no_load
1.664734,82.2129,81.7383,82.0802,-0.3419,0.0,1.351,step_10,no_load
1.675438,82.2129,81.7383,82.0974,-0.3591,0.0,1.145,step_10,no_load
1.686035,82.2129,81.7383,82.1071,-0.3688,0.0,0.969,step_10,no_load
1.696732,82.2129,81.7383,82.1156,-0.3773,0.0,0.848,step_10,no_load
1.707134,82.2129,81.7383,82.1230,-0.3847,0.0,0.743,step_10,no_load
1.717349,82.2129,81.7383,82.1295,-0.3912,0.0,0.650,step_10,no_load
1.728288,82.2129,81.7383,82.1352,-0.3969,0.0,0.569,step_10,no_load
1.738591,82.2129,81.7383,82.1402,-0.4019,0.0,0.498,step_10,no_load
1.748862,82.2129,81.7383,82.1445,-0.4062,0.0,0.436,step_10,no_load
1.7594,82.2129,81.7383,82.1483,-0.4100,0.0,0.382,step_10,no_load
1.769571,82.2129,81.7383,82.1517,-0.4134,0.0,0.334,step_10,no_load
1.779829,82.2129,81.7383,82.1546,-0.4163,0.0,0.293,step_10,no_load
1.790355,82.2129,81.7383,82.1583,-0.4200,0.0,0.248,step_10,no_load
1.801037,82.2129,81.7383,82.1604,-0.4221,0.0,0.210,step_10,no_load
1.811696,82.2129,81.7383,82.1623,-0.4240,0.0,0.184,step_10,no_load
1.82265,82.2129,81.7383,82.1639,-0.4256,0.0,0.161,step_10,no_load
1.832925,82.2129,81.7383,82.1653,-0.4270,0.0,0.141,step_10,no_load
1.843154,82.2129,81.7383,82.1666,-0.4283,0.0,0.128,step_10,no_load
1.853844,82.2129,81.7383,82.1678,-0.4295,0.0,0.120,step_10,no_load
1.864197,82.2129,81.7383,82.1689,-0.4306,0.0,0.114,step_10,no_load
1.874471,82.2129,81.7383,82.1700,-0.4317,0.0,0.110,step_10,no_load
1.884815,82.2129,81.7383,82.1711,-0.4328,0.0,0.106,step_10,no_load
1.895497,82.2129,81.7383,82.1726,-0.4343,0.0,0.102,step_10,no_load
1.906318,82.2129,81.7383,82.1736,-0.4353,0.0,0.099,step_10,no_load
1.916807,82.2129,81.7383,82.1746,-0.4363,0.0,0.096,step_10,no_load
1.927771,82.2129,81.7383,82.1755,-0.4372,0.0,0.094,step_10,no_load
1.938216,82.2129,81.7383,82.1764,-0.4381,0.0,0.092,step_10,no_load
1.948662,82.2129,81.7383,82.1773,-0.4390,0.0,0.089,step_10,no_load
1.959082,82.2129,81.7383,82.1782,-0.4399,0.0,0.087,step_10,no_load
1.969636,82.2129,81.7383,82.1790,-0.4407,0.0,0.085,step_10,no_load
1.979761,82.2129,81.7383,82.1799,-0.4416,0.0,0.083,step_10,no_load
1.990455,82.2129,81.7383,82.1811,-0.4428,0.0,0.080,step_10,no_load
2.000637,82.2129,81.7383,82.1818,-0.4435,0.0,0.078,step_10,no_load
2.011214,82.2129,81.7383,82.1826,-0.4443,0.0,0.076,step_10,no_load
2.021625,82.2129,81.7383,82.1833,-0.4450,0.0,0.074,step_10,no_load
2.031898,82.2129,81.7383,82.1841,-0.4458,0.0,0.072,step_10,no_load
2.042086,82.2129,81.7383,82.1848,-0.4465,0.0,0.070,step_10,no_load
2.052345,82.2129,81.7383,82.1855,-0.4472,0.0,0.069,step_10,no_load
2.062578,82.2129,81.7383,82.1861,-0.4478,0.0,0.067,step_10,no_load
2.073082,82.2129,81.7383,82.1868,-0.4485,0.0,0.065,step_10,no_load
2.08332,82.2129,81.7383,82.1874,-0.4491,0.0,0.064,step_10,no_load
2.093553,82.2129,81.7383,82.1880,-0.4497,0.0,0.062,step_10,no_load
2.103839,82.2129,81.7383,82.1886,-0.4503,0.0,0.061,step_10,no_load
2.114548,82.2129,81.7383,82.1892,-0.4509,0.0,0.059,step_10,no_load
2.125564,82.2129,81.7383,82.1901,-0.4518,0.0,0.057,step_10,no_load
2.135793,82.2129,81.7383,82.1906,-0.4523,0.0,0.055,step_10,no_load
2.146466,82.2129,81.7383,82.1912,-0.4529,0.0,0.054,step_10,no_load
2.157117,82.2129,81.7383,82.1917,-0.4534,0.0,0.053,step_10,no_load
2.167374,82.2129,81.7383,82.1922,-0.4539,0.0,0.051,step_10,no_load
2.178427,82.2129,81.7383,82.1927,-0.4544,0.0,0.050,step_10,no_load
2.188604,82.2129,81.7383,82.1932,-0.4549,0.0,0.049,step_10,no_load
2.198885,82.2129,81.7383,82.1937,-0.4554,0.0,0.048,step_10,no_load
2.209242,82.2129,81.7383,82.1942,-0.4559,0.0,0.046,step_10,no_load
2.220153,82.2129,81.7383,82.1948,-0.4565,0.0,0.045,step_10,no_load
2.230311,82.2129,81.7383,82.1953,-0.4570,0.0,0.044,step_10,no_load
2.240637,82.2129,81.7383,82.1957,-0.4574,0.0,0.043,step_10,no_load
2.251777,82.2129,81.7383,82.1961,-0.4578,0.0,0.042,step_10,no_load
2.262121,82.2129,81.7383,82.1965,-0.4582,0.0,0.040,step_10,no_load
2.272658,82.2129,81.7383,82.1969,-0.4586,0.0,0.039,step_10,no_load
2.282943,82.2129,81.7383,82.1973,-0.4590,0.0,0.038,step_10,no_load
2.294068,82.2129,81.7383,82.1977,-0.4594,0.0,0.038,step_10,no_load
2.30456,82.2129,81.7383,82.1980,-0.4597,0.0,0.037,step_10,no_load
2.314855,82.2129,81.7383,82.1984,-0.4601,0.0,0.036,step_10,no_load
2.325143,82.2129,81.7383,82.1989,-0.4606,0.0,0.035,step_10,no_load
2.335588,82.2129,81.7383,82.1992,-0.4609,0.0,0.034,step_10,no_load
2.346103,82.2129,81.7383,82.1996,-0.4613,0.0,0.033,step_10,no_load
2.356711,82.2129,81.7383,82.1999,-0.4616,0.0,0.032,step_10,no_load
2.367101,82.2129,81.7383,82.2002,-0.4619,0.0,0.031,step_10,no_load
2.377485,82.2129,81.7383,82.2005,-0.4622,0.0,0.030,step_10,no_load
2.388313,82.2129,81.7383,82.2008,-0.4625,0.0,0.030,step_10,no_load
2.399329,82.2129,81.7383,82.2011,-0.4628,0.0,0.029,step_10,no_load
2.410652,68.5107,81.7383,82.2015,-0.4632,0.0,0.028,step_10,no_load
2.421234,68.5107,81.7383,82.2018,-0.4635,0.0,0.027,step_10,no_load
2.431557,68.5107,81.7383,82.2020,-0.4637,0.0,0.026,step_10,no_load
2.442399,68.5107,81.7383,82.2023,-0.4640,0.0,0.026,step_10,no_load
2.453031,68.5107,81.7383,82.2025,-0.4642,0.0,0.025,step_10,no_load
2.463366,68.5107,81.7383,82.2028,-0.4645,0.0,0.024,step_10,no_load
2.473814,68.5107,81.6504,82.2030,-0.5526,-8.413,0.024,step_10,no_load
2.484191,68.5107,80.9473,82.0698,-1.1225,-67.756,-13.318,step_10,no_load
2.494857,68.5107,80.2441,81.4534,-1.2093,-65.929,-61.649,step_10,no_load
2.505803,68.5107,79.2773,79.8125,-0.5352,-88.325,-109.391,step_10,no_load
2.516979,68.5107,77.9590,78.5039,-0.5449,-117.958,-130.859,step_10,no_load
2.527253,68.5107,76.9043,77.2863,-0.3820,-102.657,-121.761,step_10,no_load
2.537605,68.5107,75.8496,76.2030,-0.3534,-101.884,-108.327,step_10,no_load
2.548205,68.5107,74.7949,75.2505,-0.4556,-99.5,-95.249,step_10,no_load
2.5587,68.5107,73.7402,74.4157,-0.6755,-100.495,-83.484,step_10,no_load
2.569342,68.5107,73.0371,73.6846,-0.6475,-66.068,-73.107,step_10,no_load
2.579448,68.5107,72.3340,73.0446,-0.7106,-69.573,-64.005,step_10,no_load
2.589746,68.5107,71.8066,72.4842,-0.6776,-51.214,-56.033,step_10,no_load
2.600391,68.5107,71.5430,71.7719,-0.2289,-24.763,-47.491,step_10,no_load
2.610845,68.5107,71.1914,71.3701,-0.1787,-33.633,-40.178,step_10,no_load
2.621661,68.5107,70.9277,71.0184,-0.0907,-24.381,-35.172,step_10,no_load
2.631885,68.5107,70.6641,70.7105,-0.0464,-25.782,-30.790,step_10,no_load
2.642071,68.5107,70.4883,70.4409,0.0474,-17.259,-26.954,step_10,no_load
2.652743,68.5107,70.3125,70.2050,0.1075,-16.473,-23.596,step_10,no_load
2.663202,68.5107,70.0488,69.9984,0.0504,-25.213,-20.657,step_10,no_load
2.673854,68.5107,69.8730,69.8176,0.0554,-16.504,-18.083,step_10,no_load
2.684158,68.5107,69.7852,69.6592,0.1260,-8.521,-15.830,step_10,no_load
2.694889,68.5107,69.6973,69.5207,0.1766,-8.191,-13.858,step_10,no_load
2.705119,68.5107,69.6094,69.3445,0.2649,-8.592,-11.746,step_10,no_load
2.71568,68.5107,69.4336,69.2451,0.1885,-16.646,-9.937,step_10,no_load
2.726193,68.5107,69.3457,69.1581,0.1876,-8.361,-8.699,step_10,no_load
2.736836,68.5107,69.3457,69.0820,0.2637,0.0,-7.615,step_10,no_load
2.747481,68.5107,69.2578,69.0153,0.2425,-8.257,-6.666,step_10,no_load
2.758965,68.5107,69.2578,68.9570,0.3008,0.0,-5.836,step_10,no_load
2.769197,68.5107,69.1699,68.9059,0.2640,-8.591,-5.109,step_10,no_load
2.779454,68.5107,69.0820,68.8611,0.2209,-8.57,-4.472,step_10,no_load
2.789844,68.5107,69.0820,68.8220,0.2600,0.0,-3.915,step_10,no_load
2.80013,68.5107,69.0820,68.7722,0.3098,0.0,-3.318,step_10,no_load
2.810702,68.5107,69.0820,68.7441,0.3379,0.0,-2.807,step_10,no_load
2.821688,68.5107,68.9941,68.7196,0.2745,-8.001,-2.458,step_10,no_load
2.832128,68.5107,68.9062,68.6980,0.2082,-8.42,-2.151,step_10,no_load
2.842634,68.5107,68.9062,68.6792,0.2270,0.0,-1.883,step_10,no_load
2.853137,68.5107,68.9062,68.6627,0.2435,0.0,-1.649,step_10,no_load
2.863394,68.5107,68.9062,68.6483,0.2579,0.0,-1.443,step_10,no_load
2.873565,68.5107,68.9062,68.6357,0.2705,0.0,-1.264,step_10,no_load
2.884078,68.5107,68.9062,68.6246,0.2816,0.0,-1.106,step_10,no_load
2.89514,68.5107,68.9062,68.6105,0.2957,0.0,-0.937,step_10,no_load
2.905832,68.5107,68.9062,68.6026,0.3036,0.0,-0.793,step_10,no_load
2.916418,68.5107,68.9062,68.5957,0.3105,0.0,-0.694,step_10,no_load
2.92657,68.5107,68.9062,68.5896,0.3166,0.0,-0.608,step_10,no_load
2.937539,68.5107,68.9062,68.5843,0.3219,0.0,-0.532,step_10,no_load
2.947891,68.5107,68.9062,68.5796,0.3266,0.0,-0.466,step_10,no_load
2.958329,68.5107,68.9062,68.5755,0.3307,0.0,-0.408,step_10,no_load
2.968444,68.5107,68.9062,68.5720,0.3342,0.0,-0.357,step_10,no_load
2.978682,68.5107,68.9062,68.5688,0.3374,0.0,-0.312,step_10,no_load
2.989284,68.5107,68.9062,68.5661,0.3401,0.0,-0.274,step_10,no_load
2.999684,68.5107,68.9062,68.5637,0.3425,0.0,-0.239,step_10,no_load
3.010249,68.5107,68.9062,68.5607,0.3455,0.0,-0.203,step_10,no_load
3.02096,68.5107,68.9062,68.5589,0.3473,0.0,-0.172,step_10,no_load
3.03168,68.5107,68.9062,68.5574,0.3488,0.0,-0.150,step_10,no_load
3.041911,68.5107,68.9062,68.5561,0.3501,0.0,-0.134,step_10,no_load
3.052555,68.5107,68.9062,68.5549,0.3513,0.0,-0.124,step_10,no_load
3.062815,68.5107,68.9062,68.5537,0.3525,0.0,-0.117,step_10,no_load
3.073323,68.5107,68.9062,68.5526,0.3536,0.0,-0.112,step_10,no_load
3.084078,68.5107,68.9062,68.5515,0.3547,0.0,-0.108,step_10,no_load
3.09465,68.5107,68.9062,68.5504,0.3558,0.0,-0.105,step_10,no_load
3.105233,68.5107,68.9062,68.5489,0.3573,0.0,-0.101,step_10,no_load
3.115753,68.5107,68.9062,68.5480,0.3582,0.0,-0.098,step_10,no_load
3.126389,68.5107,68.9062,68.5470,0.3592,0.0,-0.095,step_10,no_load
3.137018,68.5107,68.9062,68.5461,0.3601,0.0,-0.093,step_10,no_load
3.148134,68.5107,68.9062,68.5452,0.3610,0.0,-0.091,step_10,no_load
3.15877,68.5107,68.9062,68.5443,0.3619,0.0,-0.088,step_10,no_load
3.169051,68.5107,68.9062,68.5434,0.3628,0.0,-0.086,step_10,no_load
3.179215,68.5107,68.9062,68.5426,0.3636,0.0,-0.084,step_10,no_load
3.189579,68.5107,68.9062,68.5418,0.3644,0.0,-0.082,step_10,no_load
3.199795,68.5107,68.9062,68.5410,0.3652,0.0,-0.080,step_10,no_load
3.21034,68.5107,68.9062,68.5398,0.3664,0.0,-0.077,step_10,no_load
3.220809,68.5107,68.9062,68.5391,0.3671,0.0,-0.075,step_10,no_load
3.231061,68.5107,68.9062,68.5383,0.3679,0.0,-0.073,step_10,no_load
3.241256,68.5107,68.9062,68.5376,0.3686,0.0,-0.071,step_10,no_load
3.251987,68.5107,68.9062,68.5369,0.3693,0.0,-0.069,step_10,no_load
3.262826,68.5107,68.9062,68.5362,0.3700,0.0,-0.068,step_10,no_load
3.273221,68.5107,68.9062,68.5356,0.3706,0.0,-0.066,step_10,no_load
3.284091,68.5107,68.9062,68.5349,0.3713,0.0,-0.064,step_10,no_load
3.29487,68.5107,68.9062,68.5343,0.3719,0.0,-0.063,step_10,no_load
3.305503,68.5107,68.9062,68.5334,0.3728,0.0,-0.061,step_10,no_load
3.316112,68.5107,68.9062,68.5328,0.3734,0.0,-0.059,step_10,no_load
3.327012,68.5107,68.9062,68.5322,0.3740,0.0,-0.058,step_10,no_load
3.337599,68.5107,68.9062,68.5317,0.3745,0.0,-0.056,step_10,no_load
3.347954,68.5107,68.9062,68.5311,0.3751,0.0,-0.055,step_10,no_load
3.358847,68.5107,68.9062,68.5306,0.3756,0.0,-0.053,step_10,no_load
3.369918,68.5107,68.9062,68.5301,0.3761,0.0,-0.052,step_10,no_load
3.380983,68.5107,68.9062,68.5293,0.3769,0.0,-0.050,step_10,no_load
3.391946,68.5107,68.9062,68.5288,0.3774,0.0,-0.049,step_10,no_load
3.402799,68.5107,68.9062,68.5283,0.3779,0.0,-0.048,step_10,no_load
3.413628,68.5107,68.9062,68.5279,0.3783,0.0,-0.046,step_10,no_load
3.42438,68.5107,68.9062,68.5274,0.3788,0.0,-0.045,step_10,no_load
3.434993,68.5107,68.9062,68.5270,0.3792,0.0,-0.044,step_10,no_load
3.445606,68.5107,68.9062,68.5263,0.3799,0.0,-0.043,step_10,no_load
3.456104,68.5107,68.9062,68.5259,0.3803,0.0,-0.042,step_10,no_load
3.466343,68.5107,68.9062,68.5255,0.3807,0.0,-0.040,step_10,no_load
3.476935,68.5107,68.9062,68.5251,0.3811,0.0,-0.039,step_10,no_load
3.487412,68.5107,68.9062,68.5247,0.3815,0.0,-0.038,step_10,no_load
3.498022,68.5107,68.9062,68.5244,0.3818,0.0,-0.038,step_10,no_load
3.508857,68.5107,68.9062,68.5240,0.3822,0.0,-0.037,step_10,no_load
3.519704,68.5107,68.9062,68.5236,0.3826,0.0,-0.036,step_10,no_load
3.529969,68.5107,68.9062,68.5233,0.3829,0.0,-0.035,step_10,no_load
3.540748,68.5107,68.9062,68.5228,0.3834,0.0,-0.034,step_10,no_load
3.550933,68.5107,68.9062,68.5225,0.3837,0.0,-0.033,step_10,no_load
3.561402,68.5107,68.9062,68.5221,0.3841,0.0,-0.032,step_10,no_load
3.571801,68.5107,68.9062,68.5218,0.3844,0.0,-0.031,step_10,no_load
3.582576,68.5107,68.9062,68.5215,0.3847,0.0,-0.030,step_10,no_load
3.593189,68.5107,68.9062,68.5212,0.3850,0.0,-0.030,step_10,no_load
3.60337,68.5107,68.9062,68.5209,0.3853,0.0,-0.029,step_10,no_load
3.614765,82.2129,68.9062,68.5207,0.3855,0.0,-0.028,step_10,no_load
3.625304,82.2129,68.9062,68.5203,0.3859,0.0,-0.027,step_10,no_load
3.635611,82.2129,68.9062,68.5200,0.3862,0.0,-0.026,step_10,no_load
3.645758,82.2129,68.9062,68.5197,0.3865,0.0,-0.026,step_10,no_load
3.656404,82.2129,68.9062,68.5195,0.3867,0.0,-0.025,step_10,no_load
3.667029,82.2129,68.9062,68.5192,0.3870,0.0,-0.024,step_10,no_load
3.677843,82.2129,68.9941,68.5190,0.4751,8.128,-0.024,step_10,no_load
3.688342,82.2129,69.5215,68.9058,0.6157,50.233,38.682,step_10,no_load
3.698873,82.2129,70.3125,69.7289,0.5836,75.112,82.305,step_10,no_load
3.709057,82.2129,71.2793,70.9078,0.3715,94.933,117.898,step_10,no_load
3.7192,82.2129,72.3340,72.2163,0.1177,103.983,130.841,step_10,no_load
3.729395,82.2129,73.5645,73.4340,0.1305,120.696,121.775,step_10,no_load
3.740138,82.2129,74.7949,75.0094,-0.2145,114.53,105.026,step_10,no_load
3.750941,82.2129,75.7617,75.9015,-0.1398,89.494,89.207,step_10,no_load
3.761423,82.2129,76.7285,76.6829,0.0456,92.234,78.143,step_10,no_load
3.771887,82.2129,77.6074,77.3671,0.2403,83.993,68.420,step_10,no_load
3.782524,82.2129,78.2227,77.9661,0.2566,57.845,59.899,step_10,no_load
3.792876,82.2129,78.7500,78.4905,0.2595,50.937,52.437,step_10,no_load
3.803851,82.2129,79.1895,78.9495,0.2400,40.046,45.905,step_10,no_load
3.814863,82.2129,79.5410,79.3514,0.1896,31.92,40.186,step_10,no_load
3.825429,82.2129,79.8047,79.8623,-0.0576,24.957,34.060,step_10,no_load
3.836086,82.2129,80.0684,80.1504,-0.0820,24.744,28.814,step_10,no_load
3.846319,82.2129,80.2441,80.4027,-0.1586,17.17,25.225,step_10,no_load
3.857291,82.2129,80.5078,80.6235,-0.1157,24.034,22.082,step_10,no_load
3.867515,82.2129,80.6836,80.8168,-0.1332,17.195,19.331,step_10,no_load
3.878496,82.2129,80.8594,80.9860,-0.1266,16.009,16.923,step_10,no_load
3.888795,82.2129,80.9473,81.1342,-0.1869,8.535,14.815,step_10,no_load
3.899283,82.2129,81.0352,81.2639,-0.2287,8.381,12.969,step_10,no_load
3.909978,82.2129,81.2109,81.3774,-0.1665,16.428,11.353,step_10,no_load
3.920177,82.2129,81.2988,81.5217,-0.2229,8.618,9.623,step_10,no_load
3.930621,82.2129,81.2988,81.6031,-0.3043,0.0,8.141,step_10,no_load
3.94072,82.2129,81.3867,81.6744,-0.2877,8.704,7.126,step_10,no_load
3.950865,82.2129,81.4746,81.7368,-0.2622,8.664,6.239,step_10,no_load
3.961778,82.2129,81.5625,81.7914,-0.2289,8.055,5.461,step_10,no_load
3.972235,82.2129,81.5625,81.8392,-0.2767,0.0,4.781,step_10,no_load
3.982516,82.2129,81.5625,81.8811,-0.3186,0.0,4.185,step_10,no_load
3.992579,82.2129,81.6504,81.9177,-0.2673,8.735,3.664,step_10,no_load
4.002879,82.2129,81.7383,81.9498,-0.2115,8.534,3.207,step_10,no_load
4.013519,82.2129,81.7383,81.9779,-0.2396,0.0,2.808,step_10,no_load
4.024104,82.2129,81.7383,82.0024,-0.2641,0.0,2.458,step_10,no_load
4.034742,82.2129,81.8262,82.0240,-0.1978,8.263,2.152,step_10,no_load
4.045619,82.2129,81.8262,82.0513,-0.2251,0.0,1.824,step_10,no_load
4.056293,82.2129,81.8262,82.0667,-0.2405,0.0,1.543,step_10,no_load
4.066706,82.2129,81.8262,82.0802,-0.2540,0.0,1.351,step_10,no_load
4.078162,82.2129,81.8262,82.0921,-0.2659,0.0,1.182,step_10,no_load
4.088375,82.2129,81.8262,82.1024,-0.2762,0.0,1.035,step_10,no_load
4.0988,82.2129,81.8262,82.1115,-0.2853,0.0,0.906,step_10,no_load
4.109379,82.2129,81.8262,82.1194,-0.2932,0.0,0.793,step_10,no_load
4.120682,82.2129,81.8262,82.1295,-0.3033,0.0,0.672,step_10,no_load
4.131169,82.2129,81.8262,82.1352,-0.3090,0.0,0.569,step_10,no_load
4.141474,82.2129,81.8262,82.1402,-0.3140,0.0,0.498,step_10,no_load
4.152485,82.2129,81.8262,82.1445,-0.3183,0.0,0.436,step_10,no_load
4.163051,82.2129,81.8262,82.1483,-0.3221,0.0,0.382,step_10,no_load
4.173582,82.2129,81.8262,82.1517,-0.3255,0.0,0.334,step_10,no_load
4.184041,82.2129,81.8262,82.1546,-0.3284,0.0,0.292,step_10,no_load
4.194322,82.2129,81.8262,82.1572,-0.3310,0.0,0.256,step_10,no_load
4.205183,82.2129,81.8262,82.1604,-0.3342,0.0,0.217,step_10,no_load
4.215369,82.2129,81.8262,82.1623,-0.3361,0.0,0.184,step_10,no_load
4.225872,82.2129,81.8262,82.1639,-0.3377,0.0,0.161,step_10,no_load
4.23649,82.2129,81.8262,82.1653,-0.3391,0.0,0.141,step_10,no_load
4.247115,82.2129,81.8262,82.1666,-0.3404,0.0,0.128,step_10,no_load
4.257435,82.2129,81.8262,82.1678,-0.3416,0.0,0.120,step_10,no_load
4.268214,82.2129,81.8262,82.1689,-0.3427,0.0,0.114,step_10,no_load
4.27854,82.2129,81.8262,82.1700,-0.3438,0.0,0.110,step_10,no_load
4.289141,82.2129,81.8262,82.1711,-0.3449,0.0,0.106,step_10,no_load
4.300406,82.2129,81.8262,82.1726,-0.3464,0.0,0.102,step_10,no_load
4.310566,82.2129,81.8262,82.1736,-0.3474,0.0,0.099,step_10,no_load
4.32068,82.2129,81.8262,82.1746,-0.3484,0.0,0.096,step_10,no_load
4.33092,82.2129,81.8262,82.1755,-0.3493,0.0,0.094,step_10,no_load
4.341457,82.2129,81.8262,82.1764,-0.3502,0.0,0.092,step_10,no_load
4.351766,82.2129,81.8262,82.1773,-0.3511,0.0,0.089,step_10,no_load
4.36215,82.2129,81.8262,82.1782,-0.3520,0.0,0.087,step_10,no_load
4.372985,82.2129,81.8262,82.1790,-0.3528,0.0,0.085,step_10,no_load
4.383582,82.2129,81.8262,82.1799,-0.3537,0.0,0.083,step_10,no_load
4.394769,82.2129,81.8262,82.1807,-0.3545,0.0,0.081,step_10,no_load
4.405377,82.2129,81.8262,82.1818,-0.3556,0.0,0.078,step_10,no_load
4.415704,82.2129,81.8262,82.1826,-0.3564,0.0,0.076,step_10,no_load
4.426075,82.2129,81.8262,82.1833,-0.3571,0.0,0.074,step_10,no_load
4.436621,82.2129,81.8262,82.1841,-0.3579,0.0,0.072,step_10,no_load
4.447365,82.2129,81.8262,82.1848,-0.3586,0.0,0.070,step_10,no_load
4.457838,82.2129,81.8262,82.1855,-0.3593,0.0,0.069,step_10,no_load
4.468196,82.2129,81.8262,82.1861,-0.3599,0.0,0.067,step_10,no_load
4.478794,82.2129,81.8262,82.1868,-0.3606,0.0,0.065,step_10,no_load
4.488892,82.2129,81.8262,82.1874,-0.3612,0.0,0.064,step_10,no_load
4.499448,82.2129,81.8262,82.1880,-0.3618,0.0,0.062,step_10,no_load
4.509864,82.2129,81.8262,82.1886,-0.3624,0.0,0.061,step_10,no_load
4.520034,82.2129,81.8262,82.1895,-0.3633,0.0,0.059,step_10,no_load
4.530651,82.2129,81.8262,82.1901,-0.3639,0.0,0.057,step_10,no_load
4.541684,82.2129,81.8262,82.1906,-0.3644,0.0,0.055,step_10,no_load
4.552437,82.2129,81.8262,82.1912,-0.3650,0.0,0.054,step_10,no_load
4.562816,82.2129,81.8262,82.1917,-0.3655,0.0,0.053,step_10,no_load
4.573505,82.2129,81.8262,82.1922,-0.3660,0.0,0.051,step_10,no_load
4.584115,82.2129,81.8262,82.1927,-0.3665,0.0,0.050,step_10,no_load
4.594703,82.2129,81.8262,82.1932,-0.3670,0.0,0.049,step_10,no_load
4.6053,82.2129,81.8262,82.1939,-0.3677,0.0,0.047,step_10,no_load
4.61552,82.2129,81.8262,82.1944,-0.3682,0.0,0.046,step_10,no_load
4.625836,82.2129,81.8262,82.1948,-0.3686,0.0,0.045,step_10,no_load
4.636004,82.2129,81.8262,82.1953,-0.3691,0.0,0.044,step_10,no_load
4.646235,82.2129,81.8262,82.1957,-0.3695,0.0,0.043,step_10,no_load
4.656905,82.2129,81.8262,82.1961,-0.3699,0.0,0.042,step_10,no_load
4.66751,82.2129,81.8262,82.1965,-0.3703,0.0,0.040,step_10,no_load
4.678236,82.2129,81.8262,82.1969,-0.3707,0.0,0.039,step_10,no_load
4.688962,82.2129,81.8262,82.1973,-0.3711,0.0,0.038,step_10,no_load
4.699457,82.2129,81.8262,82.1977,-0.3715,0.0,0.038,step_10,no_load
4.709628,82.2129,81.8262,82.1980,-0.3718,0.0,0.037,step_10,no_load
4.720397,82.2129,81.8262,82.1986,-0.3724,0.0,0.035,step_10,no_load
4.731111,82.2129,81.8262,82.1989,-0.3727,0.0,0.034,step_10,no_load
4.74148,82.2129,81.8262,82.1992,-0.3730,0.0,0.034,step_10,no_load
4.751851,82.2129,81.8262,82.1996,-0.3734,0.0,0.033,step_10,no_load
4.762575,82.2129,81.8262,82.1999,-0.3737,0.0,0.032,step_10,no_load
4.772955,82.2129,81.8262,82.2002,-0.3740,0.0,0.031,step_10,no_load
4.783805,82.2129,81.8262,82.2005,-0.3743,0.0,0.030,step_10,no_load
4.794556,82.2129,81.8262,82.2008,-0.3746,0.0,0.030,step_10,no_load
4.805561,82.2129,81.8262,82.2012,-0.3750,0.0,0.029,step_10,no_load
4.816917,68.5107,81.8262,82.2015,-0.3753,0.0,0.028,step_10,no_load
4.827303,68.5107,81.8262,82.2018,-0.3756,0.0,0.027,step_10,no_load
4.837511,68.5107,81.8262,82.2020,-0.3758,0.0,0.026,step_10,no_load
4.847735,68.5107,81.8262,82.2023,-0.3761,0.0,0.026,step_10,no_load
4.858307,68.5107,81.8262,82.2025,-0.3763,0.0,0.025,step_10,no_load
4.868849,68.5107,81.8262,82.2028,-0.3766,0.0,0.024,step_10,no_load
4.879087,68.5107,81.7383,82.2030,-0.4647,-8.586,0.024,step_10,no_load
4.889401,68.5107,81.2109,82.0698,-0.8589,-51.134,-13.318,step_10,no_load
4.899931,68.5107,80.4199,81.4534,-1.0335,-75.119,-61.649,step_10,no_load
4.910129,68.5107,79.5410,79.8125,-0.2715,-86.184,-109.392,step_10,no_load
4.92075,68.5107,78.3984,78.5039,-0.1055,-107.579,-130.859,step_10,no_load
4.931202,68.5107,77.3438,77.2863,0.0575,-100.899,-121.761,step_10,no_load
4.94144,68.5107,76.1133,76.2030,-0.0897,-120.189,-108.327,step_10,no_load
4.952031,68.5107,75.0586,75.2505,-0.1919,-99.585,-95.249,step_10,no_load
4.962587,68.5107,74.0918,74.4157,-0.3239,-91.588,-83.484,step_10,no_load
4.972784,68.5107,73.2129,73.6846,-0.4717,-86.192,-73.107,step_10,no_load
4.983371,68.5107,72.5098,73.0446,-0.5348,-66.412,-64.005,step_10,no_load
4.994461,68.5107,71.9824,72.4842,-0.5018,-47.556,-56.033,step_10,no_load
5.004999,68.5107,71.5430,71.9937,-0.4507,-41.697,-49.052,step_10,no_load
5.015594,68.5107,71.2793,71.3701,-0.0908,-24.889,-41.575,step_10,no_load
5.026395,68.5107,71.0156,71.0184,-0.0028,-24.414,-35.172,step_10,no_load
5.036604,68.5107,70.7520,70.7105,0.0415,-25.82,-30.790,step_10,no_load
5.047583,68.5107,70.4883,70.4409,0.0474,-24.019,-26.954,step_10,no_load
5.057784,68.5107,70.3125,70.2050,0.1075,-17.234,-23.596,step_10,no_load
5.068265,68.5107,70.0488,69.9984,0.0504,-25.16,-20.657,step_10,no_load
5.07836,68.5107,69.9609,69.8176,0.1433,-8.707,-18.083,step_10,no_load
5.088933,68.5107,69.7852,69.6592,0.1260,-16.618,-15.830,step_10,no_load
5.099546,68.5107,69.6973,69.5207,0.1766,-8.282,-13.858,step_10,no_load
5.109865,68.5107,69.5215,69.3993,0.1222,-17.037,-12.132,step_10,no_load
5.120006,68.5107,69.4336,69.2451,0.1885,-8.668,-10.282,step_10,no_load
5.13024,68.5107,69.4336,69.1581,0.2755,0.0,-8.699,step_10,no_load
5.140908,68.5107,69.3457,69.0820,0.2637,-8.24,-7.615,step_10,no_load
5.151388,68.5107,69.2578,69.0153,0.2425,-8.387,-6.666,step_10,no_load
5.161635,68.5107,69.2578,68.9570,0.3008,0.0,-5.836,step_10,no_load
5.172005,68.5107,69.1699,68.9059,0.2640,-8.476,-5.109,step_10,no_load
5.182686,68.5107,69.0820,68.8611,0.2209,-8.23,-4.472,step_10,no_load
5.193001,68.5107,69.0820,68.8220,0.2600,0.0,-3.915,step_10,no_load
5.204061,68.5107,69.0820,68.7877,0.2943,0.0,-3.427,step_10,no_load
5.214753,68.5107,69.0820,68.7577,0.3243,0.0,-3.000,step_10,no_load
5.225722,68.5107,69.0820,68.7196,0.3624,0.0,-2.543,step_10,no_load
5.236395,68.5107,68.9941,68.6980,0.2961,-8.236,-2.151,step_10,no_load
5.246897,68.5107,68.9062,68.6792,0.2270,-8.37,-1.883,step_10,no_load
5.257493,68.5107,68.9062,68.6627,0.2435,0.0,-1.649,step_10,no_load
5.267715,68.5107,68.9062,68.6483,0.2579,0.0,-1.443,step_10,no_load
5.278259,68.5107,68.9062,68.6357,0.2705,0.0,-1.264,step_10,no_load
5.288789,68.5107,68.9062,68.6246,0.2816,0.0,-1.106,step_10,no_load
5.299243,68.5107,68.9062,68.6149,0.2913,0.0,-0.968,step_10,no_load
5.309897,68.5107,68.9062,68.6064,0.2998,0.0,-0.848,step_10,no_load
5.320514,68.5107,68.9062,68.5957,0.3105,0.0,-0.718,step_10,no_load
5.331389,68.5107,68.9062,68.5896,0.3166,0.0,-0.608,step_10,no_load
5.34218,68.5107,68.9062,68.5843,0.3219,0.0,-0.532,step_10,no_load
5.352723,68.5107,68.9062,68.5796,0.3266,0.0,-0.466,step_10,no_load
5.363121,68.5107,68.9062,68.5755,0.3307,0.0,-0.408,step_10,no_load
5.373345,68.5107,68.9062,68.5720,0.3342,0.0,-0.357,step_10,no_load
5.384312,68.5107,68.9062,68.5688,0.3374,0.0,-0.312,step_10,no_load
5.394763,68.5107,68.9062,68.5661,0.3401,0.0,-0.274,step_10,no_load
5.405414,68.5107,68.9062,68.5626,0.3436,0.0,-0.232,step_10,no_load
5.415633,68.5107,68.9062,68.5607,0.3455,0.0,-0.196,step_10,no_load
5.426271,68.5107,68.9062,68.5589,0.3473,0.0,-0.172,step_10,no_load
5.436949,68.5107,68.9062,68.5574,0.3488,0.0,-0.150,step_10,no_load
5.447496,68.5107,68.9062,68.5561,0.3501,0.0,-0.134,step_10,no_load
5.457975,68.5107,68.9062,68.5549,0.3513,0.0,-0.124,step_10,no_load
5.468401,68.5107,68.9062,68.5537,0.3525,0.0,-0.117,step_10,no_load
5.478602,68.5107,68.9062,68.5526,0.3536,0.0,-0.112,step_10,no_load
5.488999,68.5107,68.9062,68.5515,0.3547,0.0,-0.108,step_10,no_load
5.499465,68.5107,68.9062,68.5504,0.3558,0.0,-0.105,step_10,no_load
5.509655,68.5107,68.9062,68.5494,0.3568,0.0,-0.102,step_10,no_load
5.520164,68.5107,68.9062,68.5480,0.3582,0.0,-0.098,step_10,no_load
5.530819,68.5107,68.9062,68.5470,0.3592,0.0,-0.095,step_10,no_load
5.541227,68.5107,68.9062,68.5461,0.3601,0.0,-0.093,step_10,no_load
5.551636,68.5107,68.9062,68.5452,0.3610,0.0,-0.091,step_10,no_load
5.56203,68.5107,68.9062,68.5443,0.3619,0.0,-0.088,step_10,no_load
5.572237,68.5107,68.9062,68.5434,0.3628,0.0,-0.086,step_10,no_load
5.582462,68.5107,68.9062,68.5426,0.3636,0.0,-0.084,step_10,no_load
5.593549,68.5107,68.9062,68.5418,0.3644,0.0,-0.082,step_10,no_load
5.603936,68.5107,68.9062,68.5410,0.3652,0.0,-0.080,step_10,no_load
5.614805,68.5107,68.9062,68.5402,0.3660,0.0,-0.078,step_10,no_load
5.625857,68.5107,68.9062,68.5391,0.3671,0.0,-0.075,step_10,no_load
5.636221,68.5107,68.9062,68.5383,0.3679,0.0,-0.073,step_10,no_load
5.646642,68.5107,68.9062,68.5376,0.3686,0.0,-0.071,step_10,no_load
5.656928,68.5107,68.9062,68.5369,0.3693,0.0,-0.069,step_10,no_load
5.667738,68.5107,68.9062,68.5362,0.3700,0.0,-0.068,step_10,no_load
5.678188,68.5107,68.9062,68.5356,0.3706,0.0,-0.066,step_10,no_load
5.688463,68.5107,68.9062,68.5349,0.3713,0.0,-0.064,step_10,no_load
5.698904,68.5107,68.9062,68.5343,0.3719,0.0,-0.063,step_10,no_load
5.709175,68.5107,68.9062,68.5337,0.3725,0.0,-0.061,step_10,no_load
5.719455,68.5107,68.9062,68.5331,0.3731,0.0,-0.060,step_10,no_load
5.7299,68.5107,68.9062,68.5325,0.3737,0.0,-0.058,step_10,no_load
5.740238,68.5107,68.9062,68.5317,0.3745,0.0,-0.056,step_10,no_load
5.750793,68.5107,68.9062,68.5311,0.3751,0.0,-0.055,step_10,no_load
5.761126,68.5107,68.9062,68.5306,0.3756,0.0,-0.053,step_10,no_load
5.771894,68.5107,68.9062,68.5301,0.3761,0.0,-0.052,step_10,no_load
5.782473,68.5107,68.9062,68.5296,0.3766,0.0,-0.051,step_10,no_load
5.793021,68.5107,68.9062,68.5291,0.3771,0.0,-0.049,step_10,no_load
5.803245,68.5107,68.9062,68.5286,0.3776,0.0,-0.048,step_10,no_load
5.813638,68.5107,68.9062,68.5281,0.3781,0.0,-0.047,step_10,no_load
5.824416,68.5107,68.9062,68.5277,0.3785,0.0,-0.046,step_10,no_load
5.8348,68.5107,68.9062,68.5272,0.3790,0.0,-0.045,step_10,no_load
5.8453,68.5107,68.9062,68.5266,0.3796,0.0,-0.043,step_10,no_load
5.855676,68.5107,68.9062,68.5261,0.3801,0.0,-0.042,step_10,no_load
5.866088,68.5107,68.9062,68.5257,0.3805,0.0,-0.041,step_10,no_load
5.87659,68.5107,68.9062,68.5253,0.3809,0.0,-0.040,step_10,no_load
5.887241,68.5107,68.9062,68.5249,0.3813,0.0,-0.039,step_10,no_load
5.897829,68.5107,68.9062,68.5246,0.3816,0.0,-0.038,step_10,no_load
5.90812,68.5107,68.9062,68.5242,0.3820,0.0,-0.037,step_10,no_load
5.918345,68.5107,68.9062,68.5238,0.3824,0.0,-0.036,step_10,no_load
5.928845,68.5107,68.9062,68.5235,0.3827,0.0,-0.035,step_10,no_load
5.939518,68.5107,68.9062,68.5231,0.3831,0.0,-0.034,step_10,no_load
5.949954,68.5107,68.9062,68.5228,0.3834,0.0,-0.034,step_10,no_load
5.960133,68.5107,68.9062,68.5223,0.3839,0.0,-0.032,step_10,no_load
5.970588,68.5107,68.9062,68.5220,0.3842,0.0,-0.031,step_10,no_load
5.980977,68.5107,68.9062,68.5217,0.3845,0.0,-0.031,step_10,no_load
5.991089,68.5107,68.9062,68.5214,0.3848,0.0,-0.030,step_10,no_load
6.001606,68.5107,68.9062,68.5211,0.3851,0.0,-0.029,step_10,no_load
6.012036,68.5107,68.9062,68.5208,0.3854,0.0,-0.028,step_10,no_load
6.023265,82.2129,68.9062,68.5205,0.3857,0.0,-0.028,step_10,no_load
6.034292,82.2129,68.9062,68.5203,0.3859,0.0,-0.027,step_10,no_load
6.044835,82.2129,68.9062,68.5200,0.3862,0.0,-0.026,step_10,no_load
6.055489,82.2129,68.9062,68.5196,0.3866,0.0,-0.026,step_10,no_load
6.065659,82.2129,68.9062,68.5194,0.3868,0.0,-0.025,step_10,no_load
6.076252,82.2129,68.9062,68.5191,0.3871,0.0,-0.024,step_10,no_load
6.087344,82.2129,68.9941,68.5189,0.4752,7.925,-0.024,step_10,no_load
6.097644,82.2129,69.6094,68.9057,0.7037,59.738,38.682,step_10,no_load
6.108031,82.2129,70.4004,69.7288,0.6716,76.153,82.305,step_10,no_load
6.118108,82.2129,71.2793,70.9077,0.3716,87.218,117.898,step_10,no_load
6.128324,82.2129,72.3340,72.2162,0.1178,103.24,130.842,step_10,no_load
6.139306,82.2129,73.6523,73.4339,0.2184,120.042,121.776,step_10,no_load
6.149673,82.2129,74.7070,74.5174,0.1896,101.736,108.348,step_10,no_load
6.160213,82.2129,75.8496,75.9014,-0.0518,108.406,92.268,step_10,no_load
6.170577,82.2129,76.7285,76.6828,0.0457,84.803,78.144,step_10,no_load
6.181001,82.2129,77.6074,77.3671,0.2403,84.315,68.421,step_10,no_load
6.191411,82.2129,78.2227,77.9660,0.2567,59.107,59.899,step_10,no_load
6.201841,82.2129,78.7500,78.4904,0.2596,50.556,52.438,step_10,no_load
6.212086,82.2129,79.1016,78.9495,0.1521,34.319,45.905,step_10,no_load
6.222561,82.2129,79.4531,79.3513,0.1018,33.556,40.186,step_10,no_load
6.232708,82.2129,79.7168,79.7031,0.0137,25.988,35.180,step_10,no_load
6.242874,82.2129,79.9805,80.0111,-0.0306,25.939,30.797,step_10,no_load
6.253452,82.2129,80.2441,80.2807,-0.0366,24.92,26.960,step_10,no_load
6.263781,82.2129,80.4199,80.5167,-0.0968,17.02,23.601,step_10,no_load
6.274059,82.2129,80.5957,80.7233,-0.1276,17.104,20.661,step_10,no_load
6.284797,82.2129,80.7715,80.9042,-0.1327,16.372,18.087,step_10,no_load
6.295071,82.2129,80.8594,81.1342,-0.2748,8.556,15.330,step_10,no_load
6.305446,82.2129,81.0352,81.2638,-0.2286,16.945,12.969,step_10,no_load
6.315809,82.2129,81.1230,81.3774,-0.2544,8.472,11.353,step_10,no_load
6.326146,82.2129,81.2109,81.4768,-0.2659,8.503,9.939,step_10,no_load
6.33671,82.2129,81.2988,81.5638,-0.2650,8.321,8.701,step_10,no_load
6.347339,82.2129,81.3867,81.6399,-0.2532,8.27,7.617,step_10,no_load
6.357784,82.2129,81.4746,81.7066,-0.2320,8.416,6.668,step_10,no_load
6.368339,82.2129,81.5625,81.7650,-0.2025,8.328,5.837,step_10,no_load
6.379156,82.2129,81.5625,81.8161,-0.2536,0.0,5.110,step_10,no_load
6.389395,82.2129,81.5625,81.8608,-0.2983,0.0,4.473,step_10,no_load
6.400029,82.2129,81.5625,81.9177,-0.3552,0.0,3.791,step_10,no_load
6.410646,82.2129,81.6504,81.9498,-0.2994,8.279,3.208,step_10,no_load
6.421148,82.2129,81.7383,81.9779,-0.2396,8.37,2.808,step_10,no_load
6.431325,82.2129,81.7383,82.0024,-0.2641,0.0,2.458,step_10,no_load
6.442116,82.2129,81.7383,82.0240,-0.2857,0.0,2.152,step_10,no_load
6.452766,82.2129,81.7383,82.0428,-0.3045,0.0,1.884,step_10,no_load
6.463824,82.2129,81.8262,82.0593,-0.2331,7.949,1.649,step_10,no_load
6.474616,82.2129,81.8262,82.0737,-0.2475,0.0,1.444,step_10,no_load
6.485296,82.2129,81.8262,82.0921,-0.2659,0.0,1.224,step_10,no_load
6.495855,82.2129,81.8262,82.1024,-0.2762,0.0,1.035,step_10,no_load
6.506302,82.2129,81.8262,82.1115,-0.2853,0.0,0.906,step_10,no_load
6.516794,82.2129,81.8262,82.1194,-0.2932,0.0,0.793,step_10,no_load
6.527447,82.2129,81.8262,82.1264,-0.3002,0.0,0.694,step_10,no_load
6.53895,82.2129,81.8262,82.1324,-0.3062,0.0,0.608,step_10,no_load
6.549422,82.2129,81.8262,82.1378,-0.3116,0.0,0.532,step_10,no_load
6.559956,82.2129,81.8262,82.1424,-0.3162,0.0,0.466,step_10,no_load
6.570103,82.2129,81.8262,82.1483,-0.3221,0.0,0.395,step_10,no_load
6.580302,82.2129,81.8262,82.1517,-0.3255,0.0,0.334,step_10,no_load
6.590552,82.2129,81.8262,82.1546,-0.3284,0.0,0.292,step_10,no_load
6.60158,82.2129,81.8262,82.1572,-0.3310,0.0,0.256,step_10,no_load
6.611969,82.2129,81.8262,82.1594,-0.3332,0.0,0.224,step_10,no_load
6.622556,82.2129,81.8262,82.1614,-0.3352,0.0,0.196,step_10,no_load
6.633119,82.2129,81.8262,82.1631,-0.3369,0.0,0.172,step_10,no_load
6.643596,82.2129,81.8262,82.1646,-0.3384,0.0,0.150,step_10,no_load
6.653871,82.2129,81.8262,82.1659,-0.3397,0.0,0.134,step_10,no_load
6.664335,82.2129,81.8262,82.1672,-0.3410,0.0,0.124,step_10,no_load
6.674924,82.2129,81.8262,82.1683,-0.3421,0.0,0.117,step_10,no_load
6.685391,82.2129,81.8262,82.1700,-0.3438,0.0,0.111,step_10,no_load
6.696133,82.2129,81.8262,82.1711,-0.3449,0.0,0.106,step_10,no_load
6.70629,82.2129,81.8262,82.1721,-0.3459,0.0,0.103,step_10,no_load
6.716896,82.2129,81.8262,82.1731,-0.3469,0.0,0.100,step_10,no_load
6.727579,82.2129,81.8262,82.1741,-0.3479,0.0,0.098,step_10,no_load
6.738177,82.2129,81.8262,82.1750,-0.3488,0.0,0.095,step_10,no_load
6.748558,82.2129,81.8262,82.1760,-0.3498,0.0,0.093,step_10,no_load
6.758858,82.2129,81.8262,82.1769,-0.3507,0.0,0.091,step_10,no_load
6.769198,82.2129,81.8262,82.1777,-0.3515,0.0,0.088,step_10,no_load
6.780085,82.2129,81.8262,82.1790,-0.3528,0.0,0.086,step_10,no_load
6.790804,82.2129,81.8262,82.1799,-0.3537,0.0,0.083,step_10,no_load
6.801522,82.2129,81.8262,82.1807,-0.3545,0.0,0.081,step_10,no_load
6.812465,82.2129,81.8262,82.1815,-0.3553,0.0,0.079,step_10,no_load
6.8237,82.2129,81.8262,82.1822,-0.3560,0.0,0.077,step_10,no_load
6.834289,82.2129,81.8262,82.1830,-0.3568,0.0,0.075,step_10,no_load
6.844922,82.2129,81.8262,82.1837,-0.3575,0.0,0.073,step_10,no_load
6.855729,82.2129,81.8262,82.1848,-0.3586,0.0,0.071,step_10,no_load
6.865898,82.2129,81.8262,82.1855,-0.3593,0.0,0.069,step_10,no_load
6.876142,82.2129,81.8262,82.1861,-0.3599,0.0,0.067,step_10,no_load
6.88633,82.2129,81.8262,82.1868,-0.3606,0.0,0.065,step_10,no_load
6.897296,82.2129,81.8262,82.1874,-0.3612,0.0,0.064,step_10,no_load
6.907635,82.2129,81.8262,82.1880,-0.3618,0.0,0.062,step_10,no_load
6.917773,82.2129,81.8262,82.1886,-0.3624,0.0,0.061,step_10,no_load
6.927948,82.2129,81.8262,82.1892,-0.3630,0.0,0.059,step_10,no_load
6.938699,82.2129,81.8262,82.1898,-0.3636,0.0,0.058,step_10,no_load
6.948927,82.2129,81.8262,82.1904,-0.3642,0.0,0.056,step_10,no_load
6.959256,82.2129,81.8262,82.1909,-0.3647,0.0,0.055,step_10,no_load
6.969369,82.2129,81.8262,82.1914,-0.3652,0.0,0.053,step_10,no_load
6.979471,82.2129,81.8262,82.1920,-0.3658,0.0,0.052,step_10,no_load
6.989823,82.2129,81.8262,82.1925,-0.3663,0.0,0.051,step_10,no_load
6.999958,82.2129,81.8262,82.1930,-0.3668,0.0,0.049,step_10,no_load
7.010502,82.2129,81.8262,82.1937,-0.3675,0.0,0.048,step_10,no_load
7.021088,82.2129,81.8262,82.1942,-0.3680,0.0,0.046,step_10,no_load
7.031533,82.2129,81.8262,82.1946,-0.3684,0.0,0.045,step_10,no_load
7.041765,82.2129,81.8262,82.1950,-0.3688,0.0,0.044,step_10,no_load
7.052032,82.2129,81.8262,82.1955,-0.3693,0.0,0.043,step_10,no_load
7.063085,82.2129,81.8262,82.1959,-0.3697,0.0,0.042,step_10,no_load
7.073702,82.2129,81.8262,82.1963,-0.3701,0.0,0.041,step_10,no_load
7.084351,82.2129,81.8262,82.1967,-0.3705,0.0,0.040,step_10,no_load
7.094822,82.2129,81.8262,82.1971,-0.3709,0.0,0.039,step_10,no_load
7.105199,82.2129,81.8262,82.1977,-0.3715,0.0,0.038,step_10,no_load
7.115764,82.2129,81.8262,82.1980,-0.3718,0.0,0.037,step_10,no_load
7.125926,82.2129,81.8262,82.1984,-0.3722,0.0,0.036,step_10,no_load
7.136531,82.2129,81.8262,82.1987,-0.3725,0.0,0.035,step_10,no_load
7.146875,82.2129,81.8262,82.1991,-0.3729,0.0,0.034,step_10,no_load
7.157417,82.2129,81.8262,82.1994,-0.3732,0.0,0.033,step_10,no_load
7.167564,82.2129,81.8262,82.1997,-0.3735,0.0,0.032,step_10,no_load
7.17787,82.2129,81.8262,82.2000,-0.3738,0.0,0.031,step_10,no_load
7.188413,82.2129,81.8262,82.2003,-0.3741,0.0,0.031,step_10,no_load
7.198599,82.2129,81.8262,82.2006,-0.3744,0.0,0.030,step_10,no_load
7.208682,82.2129,81.8262,82.2009,-0.3747,0.0,0.029,step_10,no_load
7.218861,82.2129,81.8262,82.2012,-0.3750,0.0,0.028,step_10,no_load
7.229632,68.5107,81.8262,82.2015,-0.3753,0.0,0.028,step_10,no_load
7.239867,68.5107,81.8262,82.2018,-0.3756,0.0,0.027,step_10,no_load
7.250709,68.5107,81.8262,82.2022,-0.3760,0.0,0.026,step_10,no_load
7.260918,68.5107,81.8262,82.2024,-0.3762,0.0,0.025,step_10,no_load
7.271886,68.5107,81.8262,82.2027,-0.3765,0.0,0.025,step_10,no_load
7.282887,68.5107,81.8262,82.2029,-0.3767,0.0,0.024,step_10,no_load
7.293274,68.5107,81.6504,82.2031,-0.5527,-16.925,0.024,step_10,no_load
7.304241,68.5107,81.1230,81.8160,-0.6930,-48.09,-38.711,step_10,no_load
7.314619,68.5107,80.3320,80.9924,-0.6604,-76.219,-82.367,step_10,no_load
7.324845,68.5107,79.3652,79.8125,-0.4473,-94.543,-117.987,step_10,no_load
7.335545,68.5107,78.1348,77.8791,0.2557,-114.991,-128.895,step_10,no_load
7.346098,68.5107,77.0801,76.7277,0.3524,-99.943,-115.141,step_10,no_load
7.357048,68.5107,75.8496,75.7112,0.1384,-112.374,-101.648,step_10,no_load
7.367275,68.5107,74.8828,74.8193,0.0635,-94.534,-89.189,step_10,no_load
7.37742,68.5107,73.9160,74.0380,-0.1220,-95.298,-78.127,step_10,no_load
7.387964,68.5107,73.1250,73.3539,-0.2289,-75.019,-68.406,step_10,no_load
7.398154,68.5107,72.4219,72.7551,-0.3332,-68.999,-59.887,step_10,no_load
7.409073,68.5107,71.8945,72.2308,-0.3363,-48.301,-52.427,step_10,no_load
7.419941,68.5107,71.5430,71.7719,-0.2289,-32.343,-45.895,step_10,no_load
7.430022,68.5107,71.1914,71.1884,0.0030,-34.877,-38.899,step_10,no_load
7.440382,68.5107,70.9277,70.8593,0.0684,-25.454,-32.908,step_10,no_load
7.450618,68.5107,70.6641,70.5712,0.0929,-25.752,-28.809,step_10,no_load
7.461646,68.5107,70.4883,70.3190,0.1693,-15.941,-25.220,step_10,no_load
7.471759,68.5107,70.3125,70.0982,0.2143,-17.384,-22.078,step_10,no_load
7.482321,68.5107,70.0488,69.9050,0.1438,-24.967,-19.327,step_10,no_load
7.492789,68.5107,69.8730,69.7358,0.1372,-16.794,-16.919,step_10,no_load
7.503268,68.5107,69.7852,69.5877,0.1975,-8.379,-14.812,step_10,no_load
7.514067,68.5107,69.6973,69.4580,0.2393,-8.14,-12.966,step_10,no_load
7.524569,68.5107,69.5215,69.3445,0.1770,-16.74,-11.351,step_10,no_load
7.535276,68.5107,69.4336,69.2002,0.2334,-8.21,-9.621,step_10,no_load
7.545523,68.5107,69.3457,69.1188,0.2269,-8.578,-8.139,step_10,no_load
7.555653,68.5107,69.3457,69.0475,0.2982,0.0,-7.125,step_10,no_load
7.566256,68.5107,69.2578,68.9852,0.2726,-8.29,-6.237,step_10,no_load
7.576707,68.5107,69.2578,68.9306,0.3272,0.0,-5.460,step_10,no_load
7.587024,68.5107,69.1699,68.8828,0.2871,-8.52,-4.780,step_10,no_load
7.597583,68.5107,69.0820,68.8409,0.2411,-8.325,-4.185,step_10,no_load
7.607837,68.5107,69.0820,68.8043,0.2777,0.0,-3.663,step_10,no_load
7.618016,68.5107,69.0820,68.7722,0.3098,0.0,-3.207,step_10,no_load
7.62832,68.5107,69.0820,68.7441,0.3379,0.0,-2.807,step_10,no_load
7.638399,68.5107,69.0820,68.7196,0.3624,0.0,-2.458,step_10,no_load
7.64848,68.5107,68.9941,68.6980,0.2961,-8.719,-2.151,step_10,no_load
7.659334,68.5107,68.9062,68.6792,0.2270,-8.098,-1.883,step_10,no_load
7.670223,68.5107,68.9062,68.6553,0.2509,0.0,-1.596,step_10,no_load
7.680949,68.5107,68.9062,68.6418,0.2644,0.0,-1.350,step_10,no_load
7.691214,68.5107,68.9062,68.6299,0.2763,0.0,-1.182,step_10,no_load
7.701783,68.5107,68.9062,68.6196,0.2866,0.0,-1.035,step_10,no_load
7.712185,68.5107,68.9062,68.6105,0.2957,0.0,-0.906,step_10,no_load
7.722486,68.5107,68.9062,68.6026,0.3036,0.0,-0.793,step_10,no_load
7.733597,68.5107,68.9062,68.5957,0.3105,0.0,-0.694,step_10,no_load
7.74393,68.5107,68.9062,68.5896,0.3166,0.0,-0.608,step_10,no_load
7.754513,68.5107,68.9062,68.5843,0.3219,0.0,-0.532,step_10,no_load
7.765114,68.5107,68.9062,68.5775,0.3287,0.0,-0.451,step_10,no_load
7.77622,68.5107,68.9062,68.5737,0.3325,0.0,-0.382,step_10,no_load
7.786504,68.5107,68.9062,68.5703,0.3359,0.0,-0.334,step_10,no_load
7.796935,68.5107,68.9062,68.5674,0.3388,0.0,-0.292,step_10,no_load
7.807207,68.5107,68.9062,68.5649,0.3413,0.0,-0.256,step_10,no_load
7.818288,68.5107,68.9062,68.5626,0.3436,0.0,-0.224,step_10,no_load
7.828441,68.5107,68.9062,68.5607,0.3455,0.0,-0.196,step_10,no_load
7.838911,68.5107,68.9062,68.5589,0.3473,0.0,-0.172,step_10,no_load
7.849188,68.5107,68.9062,68.5574,0.3488,0.0,-0.150,step_10,no_load
7.859491,68.5107,68.9062,68.5561,0.3501,0.0,-0.134,step_10,no_load
7.869731,68.5107,68.9062,68.5549,0.3513,0.0,-0.124,step_10,no_load
7.879941,68.5107,68.9062,68.5537,0.3525,0.0,-0.117,step_10,no_load
7.890408,68.5107,68.9062,68.5520,0.3542,0.0,-0.111,step_10,no_load
7.900949,68.5107,68.9062,68.5510,0.3552,0.0,-0.106,step_10,no_load
7.91143,68.5107,68.9062,68.5499,0.3563,0.0,-0.103,step_10,no_load
7.921974,68.5107,68.9062,68.5489,0.3573,0.0,-0.100,step_10,no_load
7.9329,68.5107,68.9062,68.5480,0.3582,0.0,-0.098,step_10,no_load
7.943242,68.5107,68.9062,68.5470,0.3592,0.0,-0.095,step_10,no_load
7.953999,68.5107,68.9062,68.5461,0.3601,0.0,-0.093,step_10,no_load
7.964321,68.5107,68.9062,68.5452,0.3610,0.0,-0.091,step_10,no_load
7.975045,68.5107,68.9062,68.5439,0.3623,0.0,-0.088,step_10,no_load
7.985401,68.5107,68.9062,68.5430,0.3632,0.0,-0.085,step_10,no_load
7.995612,68.5107,68.9062,68.5422,0.3640,0.0,-0.083,step_10,no_load
8.006448,68.5107,68.9062,68.5414,0.3648,0.0,-0.081,step_10,no_load
8.017137,68.5107,68.9062,68.5406,0.3656,0.0,-0.079,step_10,no_load
8.027744,68.5107,68.9062,68.5398,0.3664,0.0,-0.077,step_10,no_load
8.038033,68.5107,68.9062,68.5391,0.3671,0.0,-0.075,step_10,no_load
8.048562,68.5107,68.9062,68.5383,0.3679,0.0,-0.073,step_10,no_load
8.059289,68.5107,68.9062,68.5376,0.3686,0.0,-0.071,step_10,no_load
8.069604,68.5107,68.9062,68.5369,0.3693,0.0,-0.069,step_10,no_load
8.079751,68.5107,68.9062,68.5362,0.3700,0.0,-0.068,step_10,no_load
8.090399,68.5107,68.9062,68.5353,0.3709,0.0,-0.066,step_10,no_load
8.100813,68.5107,68.9062,68.5346,0.3716,0.0,-0.064,step_10,no_load
8.110951,68.5107,68.9062,68.5340,0.3722,0.0,-0.062,step_10,no_load
8.121645,68.5107,68.9062,68.5334,0.3728,0.0,-0.061,step_10,no_load
8.132193,68.5107,68.9062,68.5328,0.3734,0.0,-0.059,step_10,no_load
8.142726,68.5107,68.9062,68.5322,0.3740,0.0,-0.058,step_10,no_load
8.153454,68.5107,68.9062,68.5317,0.3745,0.0,-0.056,step_10,no_load
8.163724,68.5107,68.9062,68.5311,0.3751,0.0,-0.055,step_10,no_load
8.174044,68.5107,68.9062,68.5306,0.3756,0.0,-0.053,step_10,no_load
8.184607,68.5107,68.9062,68.5301,0.3761,0.0,-0.052,step_10,no_load
8.194948,68.5107,68.9062,68.5296,0.3766,0.0,-0.051,step_10,no_load
8.205872,68.5107,68.9062,68.5288,0.3774,0.0,-0.049,step_10,no_load
8.216411,68.5107,68.9062,68.5283,0.3779,0.0,-0.048,step_10,no_load
8.227411,68.5107,68.9062,68.5279,0.3783,0.0,-0.046,step_10,no_load
8.238301,68.5107,68.9062,68.5274,0.3788,0.0,-0.045,step_10,no_load
8.248571,68.5107,68.9062,68.5270,0.3792,0.0,-0.044,step_10,no_load
8.258918,68.5107,68.9062,68.5266,0.3796,0.0,-0.043,step_10,no_load
8.269335,68.5107,68.9062,68.5261,0.3801,0.0,-0.042,step_10,no_load
8.279811,68.5107,68.9062,68.5257,0.3805,0.0,-0.041,step_10,no_load
8.289997,68.5107,68.9062,68.5253,0.3809,0.0,-0.040,step_10,no_load
8.300497,68.5107,68.9062,68.5247,0.3815,0.0,-0.039,step_10,no_load
8.311164,68.5107,68.9062,68.5244,0.3818,0.0,-0.038,step_10,no_load
8.322322,68.5107,68.9062,68.5240,0.3822,0.0,-0.037,step_10,no_load
8.332953,68.5107,68.9062,68.5236,0.3826,0.0,-0.036,step_10,no_load
8.343572,68.5107,68.9062,68.5233,0.3829,0.0,-0.035,step_10,no_load
8.354328,68.5107,68.9062,68.5230,0.3832,0.0,-0.034,step_10,no_load
8.365015,68.5107,68.9062,68.5225,0.3837,0.0,-0.033,step_10,no_load
8.375755,68.5107,68.9062,68.5221,0.3841,0.0,-0.032,step_10,no_load
8.386493,68.5107,68.9062,68.5218,0.3844,0.0,-0.031,step_10,no_load
8.397223,68.5107,68.9062,68.5215,0.3847,0.0,-0.030,step_10,no_load
8.408364,68.5107,68.9062,68.5212,0.3850,0.0,-0.030,step_10,no_load
8.418566,68.5107,68.9062,68.5209,0.3853,0.0,-0.029,step_10,no_load
8.429581,68.5107,68.9062,68.5207,0.3855,0.0,-0.028,step_10,no_load
8.441106,82.2129,68.9062,68.5203,0.3859,0.0,-0.027,step_10,no_load
8.452127,82.2129,68.9062,68.5200,0.3862,0.0,-0.026,step_10,no_load
8.463102,82.2129,68.9062,68.5197,0.3865,0.0,-0.026,step_10,no_load
8.474412,82.2129,68.9062,68.5195,0.3867,0.0,-0.025,step_10,no_load
8.485123,82.2129,68.9062,68.5191,0.3871,0.0,-0.024,step_10,no_load
8.495787,82.2129,68.9062,68.5189,0.3873,0.0,-0.024,step_10,no_load
8.506036,82.2129,69.1699,68.5187,0.6512,25.729,-0.023,step_10,no_load
8.517092,82.2129,69.7852,68.9055,0.8797,55.653,38.683,step_10,no_load
8.527258,82.2129,70.4883,69.7285,0.7598,69.162,82.305,step_10,no_load
8.537524,82.2129,71.5430,70.9075,0.6355,102.737,117.898,step_10,no_load
8.547959,82.2129,72.6855,72.2160,0.4695,109.487,130.844,step_10,no_load
8.558351,82.2129,73.8281,73.4337,0.3944,109.95,121.779,step_10,no_load
8.568475,82.2129,74.9707,74.5172,0.4535,112.861,108.350,step_10,no_load
8.578793,82.2129,75.9375,75.4699,0.4676,93.7,95.271,step_10,no_load
8.589226,82.2129,76.9043,76.3050,0.5993,92.667,83.503,step_10,no_load
8.599407,82.2129,77.6953,77.0362,0.6591,77.694,73.124,step_10,no_load
8.609823,82.2129,78.3105,77.6764,0.6341,59.063,64.020,step_10,no_load
8.620017,82.2129,78.7500,78.4904,0.2596,43.114,54.262,step_10,no_load
8.630477,82.2129,79.1895,78.9494,0.2401,42.017,45.906,step_10,no_load
8.641184,82.2129,79.5410,79.3513,0.1897,32.829,40.187,step_10,no_load
8.652012,82.2129,79.8047,79.7031,0.1016,24.354,35.180,step_10,no_load
8.662203,82.2129,80.0684,80.0111,0.0573,25.876,30.798,step_10,no_load
8.673284,82.2129,80.2441,80.2807,-0.0366,15.856,26.961,step_10,no_load
8.683523,82.2129,80.4199,80.5167,-0.0968,17.17,23.602,step_10,no_load
8.693813,82.2129,80.6836,80.7233,-0.0397,25.627,20.662,step_10,no_load
8.704919,82.2129,80.8594,80.9042,-0.0448,15.829,18.088,step_10,no_load
8.715152,82.2129,80.9473,81.1341,-0.1868,8.59,15.330,step_10,no_load
8.725383,82.2129,81.0352,81.2638,-0.2286,8.592,12.969,step_10,no_load
8.735698,82.2129,81.1230,81.3774,-0.2544,8.512,11.354,step_10,no_load
8.746175,82.2129,81.2109,81.4768,-0.2659,8.39,9.939,step_10,no_load
8.756448,82.2129,81.2988,81.5638,-0.2650,8.556,8.701,step_10,no_load
8.766766,82.2129,81.3867,81.6399,-0.2532,8.519,7.617,step_10,no_load
8.777013,82.2129,81.4746,81.7066,-0.2320,8.578,6.668,step_10,no_load
8.788188,82.2129,81.5625,81.7650,-0.2025,7.866,5.837,step_10,no_load
8.798897,82.2129,81.5625,81.8161,-0.2536,0.0,5.110,step_10,no_load
8.809224,82.2129,81.6504,81.8608,-0.2104,8.512,4.473,step_10,no_load
8.820244,82.2129,81.6504,81.9177,-0.2673,0.0,3.791,step_10,no_load
8.830717,82.2129,81.7383,81.9498,-0.2115,8.393,3.208,step_10,no_load
8.841129,82.2129,81.7383,81.9778,-0.2395,0.0,2.808,step_10,no_load
8.85168,82.2129,81.7383,82.0024,-0.2641,0.0,2.458,step_10,no_load
8.862519,82.2129,81.7383,82.0239,-0.2856,0.0,2.152,step_10,no_load
8.872934,82.2129,81.7383,82.0428,-0.3045,0.0,1.884,step_10,no_load
8.883479,82.2129,81.7383,82.0593,-0.3210,0.0,1.649,step_10,no_load
8.894129,82.2129,81.7383,82.0737,-0.3354,0.0,1.444,step_10,no_load
8.904264,82.2129,81.7383,82.0864,-0.3481,0.0,1.264,step_10,no_load
8.914739,82.2129,81.7383,82.0974,-0.3591,0.0,1.106,step_10,no_load
8.92505,82.2129,81.7383,82.1115,-0.3732,0.0,0.938,step_10,no_load
8.935535,82.2129,81.7383,82.1194,-0.3811,0.0,0.793,step_10,no_load
8.946106,82.2129,81.7383,82.1264,-0.3881,0.0,0.694,step_10,no_load
8.956655,82.2129,81.7383,82.1324,-0.3941,0.0,0.608,step_10,no_load
8.967735,82.2129,81.7383,82.1378,-0.3995,0.0,0.532,step_10,no_load
8.978238,82.2129,81.7383,82.1424,-0.4041,0.0,0.466,step_10,no_load
8.988552,82.2129,81.7383,82.1465,-0.4082,0.0,0.408,step_10,no_load
8.999467,82.2129,81.7383,82.1501,-0.4118,0.0,0.357,step_10,no_load
9.009863,82.2129,81.7383,82.1532,-0.4149,0.0,0.313,step_10,no_load
9.020387,82.2129,81.7383,82.1572,-0.4189,0.0,0.265,step_10,no_load
9.030698,82.2129,81.7383,82.1594,-0.4211,0.0,0.224,step_10,no_load
9.041527,82.2129,81.7383,82.1614,-0.4231,0.0,0.196,step_10,no_load
9.051968,82.2129,81.7383,82.1631,-0.4248,0.0,0.172,step_10,no_load
9.062379,82.2129,81.7383,82.1646,-0.4263,0.0,0.150,step_10,no_load
9.07258,82.2129,81.7383,82.1659,-0.4276,0.0,0.134,step_10,no_load
9.082715,82.2129,81.7383,82.1672,-0.4289,0.0,0.124,step_10,no_load
9.093117,82.2129,81.7383,82.1683,-0.4300,0.0,0.117,step_10,no_load
9.103242,82.2129,81.7383,82.1695,-0.4312,0.0,0.112,step_10,no_load
9.113365,82.2129,81.7383,82.1705,-0.4322,0.0,0.108,step_10,no_load
9.123532,82.2129,81.7383,82.1716,-0.4333,0.0,0.105,step_10,no_load
9.133952,82.2129,81.7383,82.1726,-0.4343,0.0,0.102,step_10,no_load
9.144072,82.2129,81.7383,82.1736,-0.4353,0.0,0.099,step_10,no_load
9.155012,82.2129,81.7383,82.1750,-0.4367,0.0,0.096,step_10,no_load
9.165224,82.2129,81.7383,82.1760,-0.4377,0.0,0.093,step_10,no_load
9.175671,82.2129,81.7383,82.1769,-0.4386,0.0,0.091,step_10,no_load
9.186052,82.2129,81.7383,82.1777,-0.4394,0.0,0.088,step_10,no_load
9.196374,82.2129,81.7383,82.1786,-0.4403,0.0,0.086,step_10,no_load
9.206898,82.2129,81.7383,82.1794,-0.4411,0.0,0.084,step_10,no_load
9.217569,82.2129,81.7383,82.1803,-0.4420,0.0,0.082,step_10,no_load
9.22825,82.2129,81.7383,82.1811,-0.4428,0.0,0.080,step_10,no_load
9.238814,82.2129,81.7383,82.1818,-0.4435,0.0,0.078,step_10,no_load
9.249458,82.2129,81.7383,82.1826,-0.4443,0.0,0.076,step_10,no_load
9.260178,82.2129,81.7383,82.1837,-0.4454,0.0,0.074,step_10,no_load
9.270499,82.2129,81.7383,82.1844,-0.4461,0.0,0.071,step_10,no_load
9.280723,82.2129,81.7383,82.1851,-0.4468,0.0,0.069,step_10,no_load
9.291346,82.2129,81.7383,82.1858,-0.4475,0.0,0.068,step_10,no_load
9.301814,82.2129,81.7383,82.1864,-0.4481,0.0,0.066,step_10,no_load
9.312168,82.2129,81.7383,82.1871,-0.4488,0.0,0.064,step_10,no_load
9.322903,82.2129,81.7383,82.1877,-0.4494,0.0,0.063,step_10,no_load
9.33344,82.2129,81.7383,82.1883,-0.4500,0.0,0.061,step_10,no_load
9.34394,82.2129,81.7383,82.1889,-0.4506,0.0,0.060,step_10,no_load
9.354208,82.2129,81.7383,82.1895,-0.4512,0.0,0.058,step_10,no_load
9.36512,82.2129,81.7383,82.1904,-0.4521,0.0,0.056,step_10,no_load
9.375697,82.2129,81.7383,82.1909,-0.4526,0.0,0.055,step_10,no_load
9.385958,82.2129,81.7383,82.1914,-0.4531,0.0,0.053,step_10,no_load
9.396196,82.2129,81.7383,82.1920,-0.4537,0.0,0.052,step_10,no_load
9.406484,82.2129,81.7383,82.1925,-0.4542,0.0,0.051,step_10,no_load
9.416768,82.2129,81.7383,82.1930,-0.4547,0.0,0.049,step_10,no_load
9.427874,82.2129,81.7383,82.1934,-0.4551,0.0,0.048,step_10,no_load
9.438188,82.2129,81.7383,82.1939,-0.4556,0.0,0.047,step_10,no_load
9.449285,82.2129,81.7383,82.1944,-0.4561,0.0,0.046,step_10,no_load
9.45986,82.2129,81.7383,82.1948,-0.4565,0.0,0.045,step_10,no_load
9.470415,82.2129,81.7383,82.1955,-0.4572,0.0,0.043,step_10,no_load
9.481296,82.2129,81.7383,82.1959,-0.4576,0.0,0.042,step_10,no_load
9.491871,82.2129,81.7383,82.1963,-0.4580,0.0,0.041,step_10,no_load
9.502639,82.2129,81.7383,82.1967,-0.4584,0.0,0.040,step_10,no_load
9.5129,82.2129,81.7383,82.1971,-0.4588,0.0,0.039,step_10,no_load
9.523156,82.2129,81.7383,82.1975,-0.4592,0.0,0.038,step_10,no_load
9.533426,82.2129,81.7383,82.1978,-0.4595,0.0,0.037,step_10,no_load
9.544393,82.2129,81.7383,82.1982,-0.4599,0.0,0.036,step_10,no_load
9.554646,82.2129,81.7383,82.1986,-0.4603,0.0,0.035,step_10,no_load
9.564858,82.2129,81.7383,82.1989,-0.4606,0.0,0.034,step_10,no_load
9.575261,82.2129,81.7383,82.1994,-0.4611,0.0,0.033,step_10,no_load
9.586048,82.2129,81.7383,82.1997,-0.4614,0.0,0.032,step_10,no_load
9.596336,82.2129,81.7383,82.2000,-0.4617,0.0,0.031,step_10,no_load
9.607063,82.2129,81.7383,82.2003,-0.4620,0.0,0.031,step_10,no_load
9.617615,82.2129,81.7383,82.2006,-0.4623,0.0,0.030,step_10,no_load
9.628402,82.2129,81.7383,82.2009,-0.4626,0.0,0.029,step_10,no_load
9.638607,82.2129,81.7383,82.2012,-0.4629,0.0,0.028,step_10,no_load
9.64963,68.5107,81.7383,82.2015,-0.4632,0.0,0.028,step_10,no_load
9.660112,68.5107,81.7383,82.2019,-0.4636,0.0,0.027,step_10,no_load
9.670751,68.5107,81.7383,82.2022,-0.4639,0.0,0.026,step_10,no_load
9.681588,68.5107,81.7383,82.2024,-0.4641,0.0,0.025,step_10,no_load
9.692377,68.5107,81.7383,82.2027,-0.4644,0.0,0.025,step_10,no_load
9.702716,68.5107,81.7383,82.2029,-0.4646,0.0,0.024,step_10,no_load
9.713335,68.5107,81.5625,82.2031,-0.6406,-16.555,0.024,step_10,no_load
9.723991,68.5107,80.9473,81.8160,-0.8687,-57.733,-38.711,step_10,no_load
9.734745,68.5107,80.0684,80.9924,-0.9240,-81.728,-82.367,step_10,no_load
9.7454,68.5107,79.2773,79.1539,0.1234,-74.247,-122.561,step_10,no_load
9.755967,68.5107,78.0469,77.8791,0.1678,-116.438,-127.488,step_10,no_load
9.76645,68.5107,76.9922,76.7277,0.2645,-100.611,-115.141,step_10,no_load
9.777241,68.5107,75.8496,75.7112,0.1384,-105.885,-101.648,step_10,no_load
9.788014,68.5107,74.7070,74.8193,-0.1123,-106.061,-89.189,step_10,no_load
9.798342,68.5107,73.7402,74.0380,-0.2978,-93.61,-78.127,step_10,no_load
9.808979,68.5107,73.0371,73.3539,-0.3168,-66.099,-68.406,step_10,no_load
9.819901,68.5107,72.3340,72.7551,-0.4211,-64.375,-59.887,step_10,no_load
9.830993,68.5107,71.8066,71.9937,-0.1871,-47.548,-50.758,step_10,no_load
9.84125,68.5107,71.4551,71.5643,-0.1092,-34.269,-42.941,step_10,no_load
9.851397,68.5107,71.1035,71.1884,-0.0849,-34.651,-37.592,step_10,no_load
9.861743,68.5107,70.9277,70.8593,0.0684,-16.992,-32.908,step_10,no_load
9.87276,68.5107,70.5762,70.5712,0.0050,-31.905,-28.809,step_10,no_load
9.883101,68.5107,70.4004,70.3190,0.0814,-17.0,-25.220,step_10,no_load
9.893335,68.5107,70.2246,70.0982,0.1264,-17.178,-22.078,step_10,no_load
9.904407,68.5107,70.0488,69.9050,0.1438,-15.878,-19.327,step_10,no_load
9.915432,68.5107,69.8730,69.6592,0.2138,-15.946,-16.381,step_10,no_load
9.925754,68.5107,69.7852,69.5207,0.2645,-8.506,-13.858,step_10,no_load
9.936065,68.5107,69.6094,69.3993,0.2101,-17.05,-12.132,step_10,no_load
9.946939,68.5107,69.5215,69.2931,0.2284,-8.084,-10.620,step_10,no_load
9.957488,68.5107,69.4336,69.2002,0.2334,-8.333,-9.297,step_10,no_load
9.967745,68.5107,69.3457,69.1188,0.2269,-8.57,-8.139,step_10,no_load
9.977856,68.5107,69.3457,69.0475,0.2982,0.0,-7.125,step_10,no_load
9.988114,68.5107,69.2578,68.9852,0.2726,-8.569,-6.237,step_10,no_load
9.998634,68.5107,69.2578,68.9306,0.3272,0.0,-5.460,step_10,no_load
10.009103,68.5107,69.0820,68.8828,0.1992,-16.792,-4.780,step_10,no_load
10.020114,68.5107,69.0820,68.8220,0.2600,0.0,-4.051,step_10,no_load
10.030453,68.5107,69.0820,68.7877,0.2943,0.0,-3.427,step_10,no_load
10.041205,68.5107,68.9941,68.7577,0.2364,-8.175,-3.000,step_10,no_load
10.051467,68.5107,68.9941,68.7314,0.2627,0.0,-2.627,step_10,no_load
10.06187,68.5107,68.9941,68.7084,0.2857,0.0,-2.299,step_10,no_load
10.073004,68.5107,68.9941,68.6883,0.3058,0.0,-2.013,step_10,no_load
10.08331,68.5107,68.9941,68.6707,0.3234,0.0,-1.762,step_10,no_load
10.093862,68.5107,68.9062,68.6553,0.2509,-8.33,-1.543,step_10,no_load
10.1042,68.5107,68.9062,68.6418,0.2644,0.0,-1.350,step_10,no_load
10.114664,68.5107,68.9062,68.6299,0.2763,0.0,-1.182,step_10,no_load
10.12542,68.5107,68.9062,68.6149,0.2913,0.0,-1.002,step_10,no_load
10.135841,68.5107,68.9062,68.6064,0.2998,0.0,-0.848,step_10,no_load
10.14652,68.5107,68.9062,68.5990,0.3072,0.0,-0.742,step_10,no_load
10.157147,68.5107,68.9062,68.5925,0.3137,0.0,-0.650,step_10,no_load
10.167799,68.5107,68.9062,68.5868,0.3194,0.0,-0.569,step_10,no_load
10.177921,68.5107,68.9062,68.5819,0.3243,0.0,-0.498,step_10,no_load
10.188788,68.5107,68.9062,68.5775,0.3287,0.0,-0.436,step_10,no_load
10.199001,68.5107,68.9062,68.5737,0.3325,0.0,-0.382,step_10,no_load
10.210099,68.5107,68.9062,68.5688,0.3374,0.0,-0.323,step_10,no_load
10.220592,68.5107,68.9062,68.5661,0.3401,0.0,-0.274,step_10,no_load
10.231399,68.5107,68.9062,68.5637,0.3425,0.0,-0.239,step_10,no_load
10.242451,68.5107,68.9062,68.5616,0.3446,0.0,-0.210,step_10,no_load
10.253178,68.5107,68.9062,68.5598,0.3464,0.0,-0.184,step_10,no_load
10.264464,68.5107,68.9062,68.5582,0.3480,0.0,-0.161,step_10,no_load
10.275166,68.5107,68.9062,68.5561,0.3501,0.0,-0.138,step_10,no_load
10.285847,68.5107,68.9062,68.5549,0.3513,0.0,-0.124,step_10,no_load
10.296362,68.5107,68.9062,68.5537,0.3525,0.0,-0.117,step_10,no_load
10.306637,68.5107,68.9062,68.5526,0.3536,0.0,-0.112,step_10,no_load
10.317423,68.5107,68.9062,68.5515,0.3547,0.0,-0.108,step_10,no_load
10.327694,68.5107,68.9062,68.5504,0.3558,0.0,-0.105,step_10,no_load
10.338505,68.5107,68.9062,68.5494,0.3568,0.0,-0.102,step_10,no_load
10.348721,68.5107,68.9062,68.5484,0.3578,0.0,-0.099,step_10,no_load
10.359028,68.5107,68.9062,68.5475,0.3587,0.0,-0.096,step_10,no_load
10.369979,68.5107,68.9062,68.5465,0.3597,0.0,-0.094,step_10,no_load
10.380334,68.5107,68.9062,68.5452,0.3610,0.0,-0.091,step_10,no_load
10.390487,68.5107,68.9062,68.5443,0.3619,0.0,-0.088,step_10,no_load
10.400621,68.5107,68.9062,68.5434,0.3628,0.0,-0.086,step_10,no_load
10.411401,68.5107,68.9062,68.5426,0.3636,0.0,-0.084,step_10,no_load
10.421735,68.5107,68.9062,68.5418,0.3644,0.0,-0.082,step_10,no_load
10.432329,68.5107,68.9062,68.5410,0.3652,0.0,-0.080,step_10,no_load
10.442552,68.5107,68.9062,68.5402,0.3660,0.0,-0.078,step_10,no_load
10.453323,68.5107,68.9062,68.5394,0.3668,0.0,-0.076,step_10,no_load
10.463983,68.5107,68.9062,68.5387,0.3675,0.0,-0.074,step_10,no_load
10.474812,68.5107,68.9062,68.5380,0.3682,0.0,-0.072,step_10,no_load
10.485191,68.5107,68.9062,68.5369,0.3693,0.0,-0.070,step_10,no_load
10.495835,68.5107,68.9062,68.5362,0.3700,0.0,-0.068,step_10,no_load
10.506517,68.5107,68.9062,68.5356,0.3706,0.0,-0.066,step_10,no_load
10.516843,68.5107,68.9062,68.5349,0.3713,0.0,-0.064,step_10,no_load
10.527567,68.5107,68.9062,68.5343,0.3719,0.0,-0.063,step_10,no_load
10.538393,68.5107,68.9062,68.5337,0.3725,0.0,-0.061,step_10,no_load
10.548706,68.5107,68.9062,68.5331,0.3731,0.0,-0.060,step_10,no_load
10.55921,68.5107,68.9062,68.5325,0.3737,0.0,-0.058,step_10,no_load
10.569457,68.5107,68.9062,68.5319,0.3743,0.0,-0.057,step_10,no_load
10.580313,68.5107,68.9062,68.5311,0.3751,0.0,-0.055,step_10,no_load
10.590556,68.5107,68.9062,68.5306,0.3756,0.0,-0.053,step_10,no_load
10.60099,68.5107,68.9062,68.5301,0.3761,0.0,-0.052,step_10,no_load
10.61164,68.5107,68.9062,68.5296,0.3766,0.0,-0.051,step_10,no_load
10.622398,68.5107,68.9062,68.5291,0.3771,0.0,-0.049,step_10,no_load
10.633243,68.5107,68.9062,68.5286,0.3776,0.0,-0.048,step_10,no_load
10.643987,68.5107,68.9062,68.5281,0.3781,0.0,-0.047,step_10,no_load
10.654276,68.5107,68.9062,68.5277,0.3785,0.0,-0.046,step_10,no_load
10.664917,68.5107,68.9062,68.5272,0.3790,0.0,-0.045,step_10,no_load
10.6754,68.5107,68.9062,68.5266,0.3796,0.0,-0.043,step_10,no_load
10.685682,68.5107,68.9062,68.5261,0.3801,0.0,-0.042,step_10,no_load
10.696227,68.5107,68.9062,68.5257,0.3805,0.0,-0.041,step_10,no_load
10.706647,68.5107,68.9062,68.5253,0.3809,0.0,-0.040,step_10,no_load
10.717262,68.5107,68.9062,68.5249,0.3813,0.0,-0.039,step_10,no_load
10.727475,68.5107,68.9062,68.5246,0.3816,0.0,-0.038,step_10,no_load
10.738295,68.5107,68.9062,68.5242,0.3820,0.0,-0.037,step_10,no_load
10.748441,68.5107,68.9062,68.5238,0.3824,0.0,-0.036,step_10,no_load
10.759575,68.5107,68.9062,68.5235,0.3827,0.0,-0.035,step_10,no_load
10.770217,68.5107,68.9062,68.5230,0.3832,0.0,-0.034,step_10,no_load
10.780375,68.5107,68.9062,68.5226,0.3836,0.0,-0.033,step_10,no_load
10.791092,68.5107,68.9062,68.5223,0.3839,0.0,-0.032,step_10,no_load
10.80222,68.5107,68.9062,68.5220,0.3842,0.0,-0.031,step_10,no_load
10.812551,68.5107,68.9062,68.5217,0.3845,0.0,-0.031,step_10,no_load
10.82319,68.5107,68.9062,68.5214,0.3848,0.0,-0.030,step_10,no_load
10.834297,68.5107,68.9062,68.5211,0.3851,0.0,-0.029,step_10,no_load
10.844803,68.5107,68.9062,68.5208,0.3854,0.0,-0.028,step_10,no_load
10.856786,82.2129,68.9062,68.5204,0.3858,0.0,-0.028,step_10,no_load
10.86746,82.2129,68.9062,68.5201,0.3861,0.0,-0.027,step_10,no_load
10.877692,82.2129,68.9062,68.5199,0.3863,0.0,-0.026,step_10,no_load
10.888107,82.2129,68.9062,68.5196,0.3866,0.0,-0.025,step_10,no_load
10.898508,82.2129,68.9062,68.5194,0.3868,0.0,-0.025,step_10,no_load
10.908647,82.2129,68.9062,68.5191,0.3871,0.0,-0.024,step_10,no_load
10.918806,82.2129,68.9941,68.5189,0.4752,8.652,-0.024,step_10,no_load
10.929905,82.2129,69.6094,68.6520,0.9574,55.437,13.309,step_10,no_load
10.940225,82.2129,70.3125,69.7286,0.5839,68.13,71.778,step_10,no_load
10.950947,82.2129,71.4551,70.9076,0.5475,106.566,117.898,step_10,no_load
10.961242,82.2129,72.4219,72.2161,0.2058,93.91,130.843,step_10,no_load
10.97145,82.2129,73.5645,73.4338,0.1307,111.932,121.777,step_10,no_load
10.982042,82.2129,74.7070,74.5173,0.1897,107.864,108.349,step_10,no_load
10.993053,82.2129,75.8496,75.4700,0.3796,103.769,95.270,step_10,no_load
11.003907,82.2129,76.8164,76.3050,0.5114,89.073,83.502,step_10,no_load
11.014201,82.2129,77.6074,77.0363,0.5711,76.841,73.124,step_10,no_load
11.024728,82.2129,78.3105,77.6765,0.6340,66.79,64.019,step_10,no_load
11.035233,82.2129,78.7500,78.4904,0.2596,41.837,54.262,step_10,no_load
11.045391,82.2129,79.1895,78.9494,0.2401,43.266,45.906,step_10,no_load
11.055623,82.2129,79.4531,79.3513,0.1018,25.762,40.187,step_10,no_load
11.065858,82.2129,79.7168,79.7031,0.0137,25.765,35.180,step_10,no_load
11.076721,82.2129,79.9805,80.0111,-0.0306,24.275,30.797,step_10,no_load
11.087218,82.2129,80.2441,80.2807,-0.0366,25.112,26.960,step_10,no_load
11.097875,82.2129,80.4199,80.5167,-0.0968,16.496,23.602,step_10,no_load
11.109228,82.2129,80.6836,80.7233,-0.0397,23.227,20.661,step_10,no_load
11.119546,82.2129,80.7715,80.9042,-0.1327,8.519,18.087,step_10,no_load
11.129912,82.2129,80.9473,81.0625,-0.1152,16.959,15.834,step_10,no_load
11.140044,82.2129,81.0352,81.2638,-0.2286,8.675,13.420,step_10,no_load
11.150516,82.2129,81.2109,81.3774,-0.1665,16.778,11.353,step_10,no_load
11.160938,82.2129,81.2109,81.4768,-0.2659,0.0,9.939,step_10,no_load
11.171342,82.2129,81.2988,81.5638,-0.2650,8.449,8.701,step_10,no_load
11.181589,82.2129,81.3867,81.6399,-0.2532,8.578,7.617,step_10,no_load
11.191939,82.2129,81.4746,81.7066,-0.2320,8.493,6.668,step_10,no_load
11.202663,82.2129,81.5625,81.7650,-0.2025,8.197,5.837,step_10,no_load
11.212845,82.2129,81.5625,81.8161,-0.2536,0.0,5.110,step_10,no_load
11.223243,82.2129,81.5625,81.8608,-0.2983,0.0,4.473,step_10,no_load
11.233488,82.2129,81.6504,81.9000,-0.2496,8.58,3.916,step_10,no_load
11.243657,82.2129,81.7383,81.9343,-0.1960,8.644,3.428,step_10,no_load
11.254159,82.2129,81.7383,81.9643,-0.2260,0.0,3.001,step_10,no_load
11.264398,82.2129,81.7383,81.9905,-0.2522,0.0,2.627,step_10,no_load
11.275255,82.2129,81.7383,82.0239,-0.2856,0.0,2.227,step_10,no_load
11.285739,82.2129,81.7383,82.0428,-0.3045,0.0,1.884,step_10,no_load
11.296005,82.2129,81.7383,82.0593,-0.3210,0.0,1.649,step_10,no_load
11.306759,82.2129,81.7383,82.0737,-0.3354,0.0,1.444,step_10,no_load
11.31713,82.2129,81.7383,82.0864,-0.3481,0.0,1.264,step_10,no_load
11.327366,82.2129,81.7383,82.0974,-0.3591,0.0,1.106,step_10,no_load
11.338141,82.2129,81.7383,82.1071,-0.3688,0.0,0.969,step_10,no_load
11.348473,82.2129,81.7383,82.1156,-0.3773,0.0,0.848,step_10,no_load
11.358648,82.2129,81.7383,82.1230,-0.3847,0.0,0.742,step_10,no_load
11.369509,82.2129,81.7383,82.1295,-0.3912,0.0,0.650,step_10,no_load
11.37984,82.2129,81.7383,82.1352,-0.3969,0.0,0.569,step_10,no_load
11.390209,82.2129,81.7383,82.1424,-0.4041,0.0,0.482,step_10,no_load
11.400684,82.2129,81.7383,82.1465,-0.4082,0.0,0.408,step_10,no_load
11.411552,82.2129,81.7383,82.1501,-0.4118,0.0,0.357,step_10,no_load
11.422403,82.2129,81.7383,82.1532,-0.4149,0.0,0.313,step_10,no_load
11.432605,82.2129,81.7383,82.1559,-0.4176,0.0,0.274,step_10,no_load
11.44327,82.2129,81.7383,82.1583,-0.4200,0.0,0.240,step_10,no_load
11.454082,82.2129,81.7383,82.1604,-0.4221,0.0,0.210,step_10,no_load
11.464743,82.2129,81.7383,82.1623,-0.4240,0.0,0.184,step_10,no_load
11.475189,82.2129,81.7383,82.1646,-0.4263,0.0,0.156,step_10,no_load
11.485727,82.2129,81.7383,82.1659,-0.4276,0.0,0.134,step_10,no_load
11.496034,82.2129,81.7383,82.1672,-0.4289,0.0,0.124,step_10,no_load
11.506234,82.2129,81.7383,82.1683,-0.4300,0.0,0.117,step_10,no_load
11.517289,82.2129,81.7383,82.1695,-0.4312,0.0,0.112,step_10,no_load
11.527524,82.2129,81.7383,82.1705,-0.4322,0.0,0.108,step_10,no_load
11.538985,82.2129,81.7383,82.1716,-0.4333,0.0,0.105,step_10,no_load
11.549259,82.2129,81.7383,82.1726,-0.4343,0.0,0.102,step_10,no_load
11.559456,82.2129,81.7383,82.1736,-0.4353,0.0,0.099,step_10,no_load
11.570085,82.2129,81.7383,82.1750,-0.4367,0.0,0.096,step_10,no_load
11.580504,82.2129,81.7383,82.1760,-0.4377,0.0,0.093,step_10,no_load
11.591076,82.2129,81.7383,82.1769,-0.4386,0.0,0.091,step_10,no_load
11.601243,82.2129,81.7383,82.1777,-0.4394,0.0,0.088,step_10,no_load
11.612339,82.2129,81.7383,82.1786,-0.4403,0.0,0.086,step_10,no_load
11.622554,82.2129,81.7383,82.1794,-0.4411,0.0,0.084,step_10,no_load
11.632822,82.2129,81.7383,82.1803,-0.4420,0.0,0.082,step_10,no_load
11.643457,82.2129,81.7383,82.1811,-0.4428,0.0,0.080,step_10,no_load
11.654076,82.2129,81.7383,82.1818,-0.4435,0.0,0.078,step_10,no_load
11.664585,82.2129,81.7383,82.1826,-0.4443,0.0,0.076,step_10,no_load
11.675254,82.2129,81.7383,82.1837,-0.4454,0.0,0.074,step_10,no_load
11.685523,82.2129,81.7383,82.1844,-0.4461,0.0,0.071,step_10,no_load
11.696064,82.2129,81.7383,82.1851,-0.4468,0.0,0.069,step_10,no_load
11.706873,82.2129,81.7383,82.1858,-0.4475,0.0,0.068,step_10,no_load
11.718113,82.2129,81.7383,82.1864,-0.4481,0.0,0.066,step_10,no_load
11.728644,82.2129,81.7383,82.1871,-0.4488,0.0,0.064,step_10,no_load
11.738884,82.2129,81.7383,82.1877,-0.4494,0.0,0.063,step_10,no_load
11.749574,82.2129,81.7383,82.1883,-0.4500,0.0,0.061,step_10,no_load
11.760364,82.2129,81.7383,82.1892,-0.4509,0.0,0.059,step_10,no_load
11.771119,82.2129,81.7383,82.1898,-0.4515,0.0,0.058,step_10,no_load
11.782024,82.2129,81.7383,82.1904,-0.4521,0.0,0.056,step_10,no_load
11.792789,82.2129,81.7383,82.1909,-0.4526,0.0,0.055,step_10,no_load
11.803166,82.2129,81.7383,82.1914,-0.4531,0.0,0.053,step_10,no_load
11.813673,82.2129,81.7383,82.1920,-0.4537,0.0,0.052,step_10,no_load
11.824171,82.2129,81.7383,82.1925,-0.4542,0.0,0.051,step_10,no_load
11.834348,82.2129,81.7383,82.1930,-0.4547,0.0,0.049,step_10,no_load
11.844617,82.2129,81.7383,82.1934,-0.4551,0.0,0.048,step_10,no_load
11.855361,82.2129,81.7383,82.1942,-0.4559,0.0,0.047,step_10,no_load
11.865648,82.2129,81.7383,82.1946,-0.4563,0.0,0.045,step_10,no_load
11.876263,82.2129,81.7383,82.1950,-0.4567,0.0,0.044,step_10,no_load
11.886359,82.2129,81.7383,82.1955,-0.4572,0.0,0.043,step_10,no_load
11.897048,82.2129,81.7383,82.1959,-0.4576,0.0,0.042,step_10,no_load
11.90813,82.2129,81.7383,82.1963,-0.4580,0.0,0.041,step_10,no_load
11.918411,82.2129,81.7383,82.1967,-0.4584,0.0,0.040,step_10,no_load
11.928851,82.2129,81.7383,82.1971,-0.4588,0.0,0.039,step_10,no_load
11.939035,82.2129,81.7383,82.1975,-0.4592,0.0,0.038,step_10,no_load
11.949618,82.2129,81.7383,82.1978,-0.4595,0.0,0.037,step_10,no_load
11.960072,82.2129,81.7383,82.1984,-0.4601,0.0,0.036,step_10,no_load
11.970313,82.2129,81.7383,82.1987,-0.4604,0.0,0.035,step_10,no_load
11.980812,82.2129,81.7383,82.1991,-0.4608,0.0,0.034,step_10,no_load
11.990961,82.2129,81.7383,82.1994,-0.4611,0.0,0.033,step_10,no_load
12.001046,82.2129,81.7383,82.1997,-0.4614,0.0,0.032,step_10,no_load
12.011484,82.2129,81.7383,82.2000,-0.4617,0.0,0.031,step_10,no_load
12.022419,82.2129,81.7383,82.2003,-0.4620,0.0,0.031,step_10,no_load
12.032604,82.2129,81.7383,82.2006,-0.4623,0.0,0.030,step_10,no_load
12.042821,82.2129,81.7383,82.2009,-0.4626,0.0,0.029,step_10,no_load
12.053035,82.2129,81.7383,82.2012,-0.4629,0.0,0.028,step_10,no_load
12.064132,68.5107,81.7383,82.2015,-0.4632,0.0,0.028,step_10,no_load
12.074506,68.5107,81.7383,82.2018,-0.4635,0.0,0.027,step_10,no_load
12.084771,68.5107,81.7383,82.2020,-0.4637,0.0,0.026,step_10,no_load
12.095248,68.5107,81.7383,82.2024,-0.4641,0.0,0.026,step_10,no_load
12.105628,68.5107,81.7383,82.2027,-0.4644,0.0,0.025,step_10,no_load
12.116178,68.5107,81.7383,82.2029,-0.4646,0.0,0.024,step_10,no_load
12.126701,68.5107,81.6504,82.2031,-0.5527,-8.353,0.024,step_10,no_load
12.138051,68.5107,81.0352,81.8160,-0.7808,-54.203,-38.711,step_10,no_load
12.148308,68.5107,80.2441,80.9924,-0.7483,-77.128,-82.367,step_10,no_load
12.158552,68.5107,79.3652,79.8125,-0.4473,-85.797,-117.987,step_10,no_load
12.169207,68.5107,78.2227,78.5039,-0.2812,-107.227,-130.859,step_10,no_load
12.179629,68.5107,77.0801,77.2863,-0.2062,-109.633,-121.761,step_10,no_load
12.189921,68.5107,75.9375,76.2030,-0.2655,-111.018,-108.327,step_10,no_load
12.200381,68.5107,74.9707,74.8193,0.1514,-92.428,-92.249,step_10,no_load
12.210799,68.5107,73.9160,74.0380,-0.1220,-101.238,-78.127,step_10,no_load
12.22134,68.5107,73.0371,73.3539,-0.3168,-83.379,-68.406,step_10,no_load
12.231553,68.5107,72.4219,72.7551,-0.3332,-60.237,-59.887,step_10,no_load
12.241868,68.5107,71.9824,72.2308,-0.2484,-42.608,-52.427,step_10,no_load
12.252201,68.5107,71.5430,71.7719,-0.2289,-42.524,-45.895,step_10,no_load
12.262376,68.5107,71.1914,71.3701,-0.1787,-34.555,-40.178,step_10,no_load
12.273583,68.5107,70.9277,71.0184,-0.0907,-23.53,-35.172,step_10,no_load
12.284452,68.5107,70.6641,70.7105,-0.0464,-24.252,-30.790,step_10,no_load
12.295125,68.5107,70.4883,70.3190,0.1693,-16.471,-26.097,step_10,no_load
12.305838,68.5107,70.2246,70.0982,0.1264,-24.615,-22.078,step_10,no_load
12.317039,68.5107,70.0488,69.9050,0.1438,-15.695,-19.327,step_10,no_load
12.328282,68.5107,69.8730,69.7358,0.1372,-15.636,-16.919,step_10,no_load
12.338591,68.5107,69.7852,69.5877,0.1975,-8.517,-14.812,step_10,no_load
12.34934,68.5107,69.6973,69.4580,0.2393,-8.178,-12.966,step_10,no_load
12.360385,68.5107,69.5215,69.2931,0.2284,-15.917,-10.990,step_10,no_load
12.370571,68.5107,69.4336,69.2002,0.2334,-8.629,-9.297,step_10,no_load
12.381308,68.5107,69.3457,69.1188,0.2269,-8.187,-8.139,step_10,no_load
12.391679,68.5107,69.3457,69.0475,0.2982,0.0,-7.125,step_10,no_load
12.402509,68.5107,69.2578,68.9852,0.2726,-8.116,-6.237,step_10,no_load
12.413129,68.5107,69.2578,68.9306,0.3272,0.0,-5.460,step_10,no_load
12.423492,68.5107,69.0820,68.8828,0.1992,-16.964,-4.780,step_10,no_load
12.434068,68.5107,69.0820,68.8409,0.2411,0.0,-4.185,step_10,no_load
12.44441,68.5107,69.0820,68.8043,0.2777,0.0,-3.663,step_10,no_load
12.454832,68.5107,69.0820,68.7722,0.3098,0.0,-3.207,step_10,no_load
12.465509,68.5107,69.0820,68.7314,0.3506,0.0,-2.718,step_10,no_load
12.476085,68.5107,69.0820,68.7084,0.3736,0.0,-2.299,step_10,no_load
12.486586,68.5107,69.0820,68.6883,0.3937,0.0,-2.013,step_10,no_load
12.496852,68.5107,68.9941,68.6707,0.3234,-8.562,-1.762,step_10,no_load
12.507547,68.5107,68.9941,68.6553,0.3388,0.0,-1.543,step_10,no_load
12.518132,68.5107,68.9941,68.6418,0.3523,0.0,-1.350,step_10,no_load
12.528437,68.5107,68.9062,68.6299,0.2763,-8.53,-1.182,step_10,no_load
12.538924,68.5107,68.9062,68.6196,0.2866,0.0,-1.035,step_10,no_load
12.549214,68.5107,68.9062,68.6105,0.2957,0.0,-0.906,step_10,no_load
12.560314,68.5107,68.9062,68.5990,0.3072,0.0,-0.768,step_10,no_load
12.570493,68.5107,68.9062,68.5925,0.3137,0.0,-0.650,step_10,no_load
12.581123,68.5107,68.9062,68.5868,0.3194,0.0,-0.569,step_10,no_load
12.592207,68.5107,68.9062,68.5819,0.3243,0.0,-0.498,step_10,no_load
12.602887,68.5107,68.9062,68.5775,0.3287,0.0,-0.436,step_10,no_load
12.613554,68.5107,68.9062,68.5737,0.3325,0.0,-0.382,step_10,no_load
12.623866,68.5107,68.9062,68.5703,0.3359,0.0,-0.334,step_10,no_load
12.634526,68.5107,68.9062,68.5674,0.3388,0.0,-0.292,step_10,no_load
12.644919,68.5107,68.9062,68.5649,0.3413,0.0,-0.256,step_10,no_load
12.655323,68.5107,68.9062,68.5616,0.3446,0.0,-0.217,step_10,no_load
12.665672,68.5107,68.9062,68.5598,0.3464,0.0,-0.184,step_10,no_load
12.676724,68.5107,68.9062,68.5582,0.3480,0.0,-0.161,step_10,no_load
12.687368,68.5107,68.9062,68.5568,0.3494,0.0,-0.141,step_10,no_load
12.698183,68.5107,68.9062,68.5555,0.3507,0.0,-0.128,step_10,no_load
12.708384,68.5107,68.9062,68.5543,0.3519,0.0,-0.120,step_10,no_load
12.718524,68.5107,68.9062,68.5531,0.3531,0.0,-0.114,step_10,no_load
12.728849,68.5107,68.9062,68.5520,0.3542,0.0,-0.110,step_10,no_load
12.739261,68.5107,68.9062,68.5510,0.3552,0.0,-0.106,step_10,no_load
12.749949,68.5107,68.9062,68.5499,0.3563,0.0,-0.103,step_10,no_load
12.760596,68.5107,68.9062,68.5484,0.3578,0.0,-0.100,step_10,no_load
12.771369,68.5107,68.9062,68.5475,0.3587,0.0,-0.096,step_10,no_load
12.782235,68.5107,68.9062,68.5465,0.3597,0.0,-0.094,step_10,no_load
12.792551,68.5107,68.9062,68.5456,0.3606,0.0,-0.092,step_10,no_load
12.802868,68.5107,68.9062,68.5447,0.3615,0.0,-0.089,step_10,no_load
12.813002,68.5107,68.9062,68.5439,0.3623,0.0,-0.087,step_10,no_load
12.823611,68.5107,68.9062,68.5430,0.3632,0.0,-0.085,step_10,no_load
12.834174,68.5107,68.9062,68.5422,0.3640,0.0,-0.083,step_10,no_load
12.844556,68.5107,68.9062,68.5414,0.3648,0.0,-0.081,step_10,no_load
12.855197,68.5107,68.9062,68.5402,0.3660,0.0,-0.078,step_10,no_load
12.86592,68.5107,68.9062,68.5394,0.3668,0.0,-0.076,step_10,no_load
12.876746,68.5107,68.9062,68.5387,0.3675,0.0,-0.074,step_10,no_load
12.887535,68.5107,68.9062,68.5380,0.3682,0.0,-0.072,step_10,no_load
12.898105,68.5107,68.9062,68.5373,0.3689,0.0,-0.070,step_10,no_load
12.908254,68.5107,68.9062,68.5366,0.3696,0.0,-0.069,step_10,no_load
12.918445,68.5107,68.9062,68.5359,0.3703,0.0,-0.067,step_10,no_load
12.92908,68.5107,68.9062,68.5353,0.3709,0.0,-0.065,step_10,no_load
12.939569,68.5107,68.9062,68.5346,0.3716,0.0,-0.064,step_10,no_load
12.949846,68.5107,68.9062,68.5340,0.3722,0.0,-0.062,step_10,no_load
12.960126,68.5107,68.9062,68.5331,0.3731,0.0,-0.060,step_10,no_load
12.970613,68.5107,68.9062,68.5325,0.3737,0.0,-0.058,step_10,no_load
12.98101,68.5107,68.9062,68.5319,0.3743,0.0,-0.057,step_10,no_load
12.991515,68.5107,68.9062,68.5314,0.3748,0.0,-0.055,step_10,no_load
13.00228,68.5107,68.9062,68.5309,0.3753,0.0,-0.054,step_10,no_load
13.013088,68.5107,68.9062,68.5303,0.3759,0.0,-0.053,step_10,no_load
13.023251,68.5107,68.9062,68.5298,0.3764,0.0,-0.051,step_10,no_load
13.034041,68.5107,68.9062,68.5293,0.3769,0.0,-0.050,step_10,no_load
13.044535,68.5107,68.9062,68.5288,0.3774,0.0,-0.049,step_10,no_load
13.054709,68.5107,68.9062,68.5283,0.3779,0.0,-0.048,step_10,no_load
13.064916,68.5107,68.9062,68.5279,0.3783,0.0,-0.046,step_10,no_load
13.075136,68.5107,68.9062,68.5272,0.3790,0.0,-0.045,step_10,no_load
13.085572,68.5107,68.9062,68.5268,0.3794,0.0,-0.044,step_10,no_load
13.096581,68.5107,68.9062,68.5263,0.3799,0.0,-0.043,step_10,no_load
13.106958,68.5107,68.9062,68.5259,0.3803,0.0,-0.042,step_10,no_load
13.117175,68.5107,68.9062,68.5255,0.3807,0.0,-0.040,step_10,no_load
13.127935,68.5107,68.9062,68.5251,0.3811,0.0,-0.039,step_10,no_load
13.138487,68.5107,68.9062,68.5247,0.3815,0.0,-0.038,step_10,no_load
13.149316,68.5107,68.9062,68.5244,0.3818,0.0,-0.038,step_10,no_load
13.160308,68.5107,68.9062,68.5238,0.3824,0.0,-0.036,step_10,no_load
13.170998,68.5107,68.9062,68.5235,0.3827,0.0,-0.035,step_10,no_load
13.181514,68.5107,68.9062,68.5231,0.3831,0.0,-0.034,step_10,no_load
13.192449,68.5107,68.9062,68.5228,0.3834,0.0,-0.034,step_10,no_load
13.203209,68.5107,68.9062,68.5225,0.3837,0.0,-0.033,step_10,no_load
13.213769,68.5107,68.9062,68.5221,0.3841,0.0,-0.032,step_10,no_load
13.224467,68.5107,68.9062,68.5218,0.3844,0.0,-0.031,step_10,no_load
13.235129,68.5107,68.9062,68.5214,0.3848,0.0,-0.030,step_10,no_load
13.245798,68.5107,68.9062,68.5211,0.3851,0.0,-0.029,step_10,no_load
13.25611,68.5107,68.9062,68.5208,0.3854,0.0,-0.028,step_10,no_load
13.267996,82.2129,68.9062,68.5205,0.3857,0.0,-0.028,step_10,no_load
13.279063,82.2129,68.9062,68.5203,0.3859,0.0,-0.027,step_10,no_load
13.289321,82.2129,68.9062,68.5200,0.3862,0.0,-0.026,step_10,no_load
13.300019,82.2129,68.9062,68.5196,0.3866,0.0,-0.026,step_10,no_load
13.310152,82.2129,68.9062,68.5194,0.3868,0.0,-0.025,step_10,no_load
13.320527,82.2129,68.9062,68.5191,0.3871,0.0,-0.024,step_10,no_load
13.330931,82.2129,68.9941,68.5189,0.4752,8.449,-0.024,step_10,no_load
13.341157,82.2129,69.5215,68.9057,0.6158,51.574,38.682,step_10,no_load
13.351599,82.2129,70.3125,69.7288,0.5837,75.752,82.305,step_10,no_load
13.362189,82.2129,71.4551,70.9077,0.5474,107.894,117.898,step_10,no_load
13.372487,82.2129,72.4219,72.2162,0.2057,93.882,130.842,step_10,no_load
13.382769,82.2129,73.5645,73.4339,0.1306,111.126,121.776,step_10,no_load
13.393027,82.2129,74.7949,74.5174,0.2775,119.945,108.348,step_10,no_load
13.403715,82.2129,75.8496,75.4701,0.3795,98.681,95.269,step_10,no_load
13.414477,82.2129,76.7285,76.3051,0.4234,81.667,83.501,step_10,no_load
13.425196,82.2129,77.6074,77.3671,0.2403,81.995,70.797,step_10,no_load
13.436127,82.2129,78.3105,77.9660,0.3445,64.322,59.899,step_10,no_load
13.446715,82.2129,78.7500,78.4904,0.2596,41.509,52.438,step_10,no_load
13.457259,82.2129,79.1895,78.9495,0.2400,41.682,45.905,step_10,no_load
13.467399,82.2129,79.4531,79.3513,0.1018,25.996,40.186,step_10,no_load
13.477539,82.2129,79.8047,79.7031,0.1016,34.675,35.180,step_10,no_load
13.488389,82.2129,80.0684,80.0111,0.0573,24.304,30.797,step_10,no_load
13.498981,82.2129,80.2441,80.2807,-0.0366,16.588,26.960,step_10,no_load
13.509363,82.2129,80.4199,80.5167,-0.0968,16.933,23.601,step_10,no_load
13.519575,82.2129,80.6836,80.7233,-0.0397,25.823,20.661,step_10,no_load
13.529747,82.2129,80.7715,80.9042,-0.1327,8.641,18.087,step_10,no_load
13.540448,82.2129,80.9473,81.1342,-0.1869,16.428,15.330,step_10,no_load
13.550834,82.2129,81.0352,81.2638,-0.2286,8.463,12.969,step_10,no_load
13.561123,82.2129,81.1230,81.3774,-0.2544,8.533,11.353,step_10,no_load
13.571891,82.2129,81.2988,81.4768,-0.1780,16.326,9.939,step_10,no_load
13.58243,82.2129,81.2988,81.5638,-0.2650,0.0,8.701,step_10,no_load
13.59285,82.2129,81.3867,81.6399,-0.2532,8.436,7.617,step_10,no_load
13.603762,82.2129,81.4746,81.7066,-0.2320,8.055,6.668,step_10,no_load
13.614492,82.2129,81.5625,81.7650,-0.2025,8.192,5.837,step_10,no_load
13.625569,82.2129,81.5625,81.8392,-0.2767,0.0,4.947,step_10,no_load
13.636314,82.2129,81.5625,81.8811,-0.3186,0.0,4.185,step_10,no_load
13.646726,82.2129,81.5625,81.9177,-0.3552,0.0,3.664,step_10,no_load
13.657452,82.2129,81.6504,81.9498,-0.2994,8.195,3.208,step_10,no_load
13.668274,82.2129,81.7383,81.9779,-0.2396,8.122,2.808,step_10,no_load
13.67863,82.2129,81.7383,82.0024,-0.2641,0.0,2.458,step_10,no_load
13.68884,82.2129,81.7383,82.0240,-0.2857,0.0,2.152,step_10,no_load
13.699404,82.2129,81.8262,82.0428,-0.2166,8.321,1.884,step_10,no_load
13.709741,82.2129,81.8262,82.0593,-0.2331,0.0,1.649,step_10,no_load
13.72005,82.2129,81.8262,82.0802,-0.2540,0.0,1.398,step_10,no_load
13.730263,82.2129,81.8262,82.0921,-0.2659,0.0,1.182,step_10,no_load
13.740437,82.2129,81.8262,82.1024,-0.2762,0.0,1.035,step_10,no_load
13.751164,82.2129,81.8262,82.1115,-0.2853,0.0,0.906,step_10,no_load
13.761643,82.2129,81.8262,82.1194,-0.2932,0.0,0.793,step_10,no_load
13.771883,82.2129,81.8262,82.1264,-0.3002,0.0,0.694,step_10,no_load
13.782199,82.2129,81.8262,82.1324,-0.3062,0.0,0.608,step_10,no_load
13.792651,82.2129,81.8262,82.1378,-0.3116,0.0,0.532,step_10,no_load
13.802893,82.2129,81.8262,82.1424,-0.3162,0.0,0.466,step_10,no_load
13.813099,82.2129,81.8262,82.1465,-0.3203,0.0,0.408,step_10,no_load
13.823728,82.2129,81.8262,82.1501,-0.3239,0.0,0.357,step_10,no_load
13.834101,82.2129,81.8262,82.1532,-0.3270,0.0,0.313,step_10,no_load
13.84421,82.2129,81.8262,82.1559,-0.3297,0.0,0.274,step_10,no_load
13.854796,82.2129,81.8262,82.1583,-0.3321,0.0,0.240,step_10,no_load
13.865386,82.2129,81.8262,82.1614,-0.3352,0.0,0.203,step_10,no_load
13.876244,82.2129,81.8262,82.1631,-0.3369,0.0,0.172,step_10,no_load
13.886779,82.2129,81.8262,82.1646,-0.3384,0.0,0.150,step_10,no_load
13.897116,82.2129,81.8262,82.1659,-0.3397,0.0,0.134,step_10,no_load
13.907878,82.2129,81.8262,82.1672,-0.3410,0.0,0.124,step_10,no_load
13.918182,82.2129,81.8262,82.1683,-0.3421,0.0,0.117,step_10,no_load
13.928706,82.2129,81.8262,82.1695,-0.3433,0.0,0.112,step_10,no_load
13.938839,82.2129,81.8262,82.1705,-0.3443,0.0,0.108,step_10,no_load
13.949081,82.2129,81.8262,82.1716,-0.3454,0.0,0.105,step_10,no_load
13.95977,82.2129,81.8262,82.1726,-0.3464,0.0,0.102,step_10,no_load
13.970152,82.2129,81.8262,82.1741,-0.3479,0.0,0.098,step_10,no_load
13.980556,82.2129,81.8262,82.1750,-0.3488,0.0,0.095,step_10,no_load
13.991076,82.2129,81.8262,82.1760,-0.3498,0.0,0.093,step_10,no_load
14.001452,82.2129,81.8262,82.1769,-0.3507,0.0,0.091,step_10,no_load
14.011617,82.2129,81.8262,82.1777,-0.3515,0.0,0.088,step_10,no_load
14.021954,82.2129,81.8262,82.1786,-0.3524,0.0,0.086,step_10,no_load
14.032545,82.2129,81.8262,82.1794,-0.3532,0.0,0.084,step_10,no_load
14.042817,82.2129,81.8262,82.1803,-0.3541,0.0,0.082,step_10,no_load
14.052889,82.2129,81.8262,82.1811,-0.3549,0.0,0.080,step_10,no_load
14.063358,82.2129,81.8262,82.1818,-0.3556,0.0,0.078,step_10,no_load
14.073712,82.2129,81.8262,82.1826,-0.3564,0.0,0.076,step_10,no_load
14.084283,82.2129,81.8262,82.1833,-0.3571,0.0,0.074,step_10,no_load
14.094902,82.2129,81.8262,82.1841,-0.3579,0.0,0.072,step_10,no_load
14.105578,82.2129,81.8262,82.1851,-0.3589,0.0,0.070,step_10,no_load
14.115909,82.2129,81.8262,82.1858,-0.3596,0.0,0.068,step_10,no_load
14.126018,82.2129,81.8262,82.1864,-0.3602,0.0,0.066,step_10,no_load
14.13676,82.2129,81.8262,82.1871,-0.3609,0.0,0.064,step_10,no_load
14.14782,82.2129,81.8262,82.1877,-0.3615,0.0,0.063,step_10,no_load
14.158112,82.2129,81.8262,82.1883,-0.3621,0.0,0.061,step_10,no_load
14.168284,82.2129,81.8262,82.1889,-0.3627,0.0,0.060,step_10,no_load
14.178475,82.2129,81.8262,82.1895,-0.3633,0.0,0.058,step_10,no_load
14.188687,82.2129,81.8262,82.1901,-0.3639,0.0,0.057,step_10,no_load
14.198829,82.2129,81.8262,82.1906,-0.3644,0.0,0.055,step_10,no_load
14.209112,82.2129,81.8262,82.1912,-0.3650,0.0,0.054,step_10,no_load
14.219416,82.2129,81.8262,82.1917,-0.3655,0.0,0.053,step_10,no_load
14.229566,82.2129,81.8262,82.1922,-0.3660,0.0,0.051,step_10,no_load
14.240121,82.2129,81.8262,82.1930,-0.3668,0.0,0.050,step_10,no_load
14.250751,82.2129,81.8262,82.1934,-0.3672,0.0,0.048,step_10,no_load
14.260886,82.2129,81.8262,82.1939,-0.3677,0.0,0.047,step_10,no_load
14.271037,82.2129,81.8262,82.1944,-0.3682,0.0,0.046,step_10,no_load
14.281898,82.2129,81.8262,82.1948,-0.3686,0.0,0.045,step_10,no_load
14.292239,82.2129,81.8262,82.1953,-0.3691,0.0,0.044,step_10,no_load
14.302287,82.2129,81.8262,82.1957,-0.3695,0.0,0.043,step_10,no_load
14.312405,82.2129,81.8262,82.1961,-0.3699,0.0,0.042,step_10,no_load
14.322615,82.2129,81.8262,82.1965,-0.3703,0.0,0.040,step_10,no_load
14.333666,82.2129,81.8262,82.1969,-0.3707,0.0,0.039,step_10,no_load
14.343914,82.2129,81.8262,82.1973,-0.3711,0.0,0.038,step_10,no_load
14.354773,82.2129,81.8262,82.1977,-0.3715,0.0,0.038,step_10,no_load
14.365374,82.2129,81.8262,82.1982,-0.3720,0.0,0.036,step_10,no_load
14.375564,82.2129,81.8262,82.1986,-0.3724,0.0,0.035,step_10,no_load
14.386602,82.2129,81.8262,82.1989,-0.3727,0.0,0.034,step_10,no_load
14.396942,82.2129,81.8262,82.1992,-0.3730,0.0,0.034,step_10,no_load
14.407142,82.2129,81.8262,82.1996,-0.3734,0.0,0.033,step_10,no_load
14.418053,82.2129,81.8262,82.1999,-0.3737,0.0,0.032,step_10,no_load
14.428347,82.2129,81.8262,82.2002,-0.3740,0.0,0.031,step_10,no_load
14.438507,82.2129,81.8262,82.2005,-0.3743,0.0,0.030,step_10,no_load
14.449185,82.2129,81.8262,82.2008,-0.3746,0.0,0.030,step_10,no_load
14.459449,82.2129,81.8262,82.2011,-0.3749,0.0,0.029,step_10,no_load
14.470664,68.5107,81.8262,82.2015,-0.3753,0.0,0.028,step_10,no_load
14.481699,68.5107,81.8262,82.2018,-0.3756,0.0,0.027,step_10,no_load
14.491932,68.5107,81.8262,82.2020,-0.3758,0.0,0.026,step_10,no_load
14.502304,68.5107,81.8262,82.2023,-0.3761,0.0,0.026,step_10,no_load
14.512486,68.5107,81.8262,82.2025,-0.3763,0.0,0.025,step_10,no_load
14.523015,68.5107,81.8262,82.2028,-0.3766,0.0,0.024,step_10,no_load
14.53402,68.5107,81.7383,82.2030,-0.4647,-7.987,0.024,step_10,no_load
14.544232,68.5107,81.1230,82.0698,-0.9468,-60.253,-13.318,step_10,no_load
14.554322,68.5107,80.4199,81.4534,-1.0335,-69.683,-61.649,step_10,no_load
14.56452,68.5107,79.3652,80.4425,-1.0773,-103.422,-101.082,step_10,no_load
14.575008,68.5107,78.3984,78.5039,-0.1055,-92.182,-129.243,step_10,no_load
14.585433,68.5107,77.1680,77.2863,-0.1183,-118.024,-121.761,step_10,no_load
14.595596,68.5107,76.0254,76.2030,-0.1776,-112.427,-108.327,step_10,no_load
14.605883,68.5107,75.0586,75.2505,-0.1919,-93.983,-95.249,step_10,no_load
14.616179,68.5107,74.0918,74.4157,-0.3239,-93.901,-83.484,step_10,no_load
14.626335,68.5107,73.2129,73.6846,-0.4717,-86.54,-73.107,step_10,no_load
14.637081,68.5107,72.5098,73.0446,-0.5348,-65.429,-64.005,step_10,no_load
14.647462,68.5107,71.9824,72.4842,-0.5018,-50.804,-56.033,step_10,no_load
14.658155,68.5107,71.6309,71.9937,-0.3628,-32.872,-49.052,step_10,no_load
14.668871,68.5107,71.2793,71.5643,-0.2850,-32.811,-42.941,step_10,no_load
14.679146,68.5107,71.0156,71.1884,-0.1728,-25.664,-37.592,step_10,no_load
14.689766,68.5107,70.7520,70.8593,-0.1073,-24.821,-32.908,step_10,no_load
14.70028,68.5107,70.4883,70.4409,0.0474,-25.081,-27.892,step_10,no_load
14.710399,68.5107,70.3125,70.2050,0.1075,-17.373,-23.596,step_10,no_load
14.721219,68.5107,70.1367,69.9984,0.1383,-16.248,-20.657,step_10,no_load
14.731893,68.5107,69.9609,69.8176,0.1433,-16.47,-18.083,step_10,no_load
14.742302,68.5107,69.8730,69.6592,0.2138,-8.445,-15.830,step_10,no_load
14.752649,68.5107,69.6973,69.5207,0.1766,-16.981,-13.858,step_10,no_load
14.76378,68.5107,69.6094,69.3993,0.2101,-7.897,-12.132,step_10,no_load
14.774897,68.5107,69.4336,69.2931,0.1405,-15.814,-10.620,step_10,no_load
14.785559,68.5107,69.4336,69.1581,0.2755,0.0,-9.001,step_10,no_load
14.795965,68.5107,69.3457,69.0820,0.2637,-8.447,-7.615,step_10,no_load
14.806386,68.5107,69.2578,69.0153,0.2425,-8.435,-6.666,step_10,no_load
14.816733,68.5107,69.2578,68.9570,0.3008,0.0,-5.836,step_10,no_load
14.827022,68.5107,69.1699,68.9059,0.2640,-8.543,-5.109,step_10,no_load
14.83771,68.5107,69.0820,68.8611,0.2209,-8.224,-4.472,step_10,no_load
14.848343,68.5107,69.0820,68.8220,0.2600,0.0,-3.915,step_10,no_load
14.859351,68.5107,69.0820,68.7877,0.2943,0.0,-3.427,step_10,no_load
14.869794,68.5107,68.9941,68.7577,0.2364,-8.417,-3.000,step_10,no_load
14.880438,68.5107,68.9941,68.7196,0.2745,0.0,-2.543,step_10,no_load
14.890694,68.5107,68.9941,68.6980,0.2961,0.0,-2.151,step_10,no_load
14.901118,68.5107,68.9941,68.6792,0.3149,0.0,-1.883,step_10,no_load
14.912125,68.5107,68.9062,68.6627,0.2435,-7.986,-1.649,step_10,no_load
14.922242,68.5107,68.9062,68.6483,0.2579,0.0,-1.443,step_10,no_load
14.932937,68.5107,68.9062,68.6357,0.2705,0.0,-1.264,step_10,no_load
14.943185,68.5107,68.9062,68.6246,0.2816,0.0,-1.106,step_10,no_load
14.953742,68.5107,68.9062,68.6149,0.2913,0.0,-0.968,step_10,no_load
14.963859,68.5107,68.9062,68.6064,0.2998,0.0,-0.848,step_10,no_load
14.974573,68.5107,68.9062,68.5990,0.3072,0.0,-0.742,step_10,no_load
14.984743,68.5107,68.9062,68.5925,0.3137,0.0,-0.650,step_10,no_load
14.994956,68.5107,68.9062,68.5868,0.3194,0.0,-0.569,step_10,no_load
15.005214,68.5107,68.9062,68.5796,0.3266,0.0,-0.482,step_10,no_load
15.015661,68.5107,68.9062,68.5755,0.3307,0.0,-0.408,step_10,no_load
15.026138,68.5107,68.9062,68.5720,0.3342,0.0,-0.357,step_10,no_load
15.036378,68.5107,68.9062,68.5688,0.3374,0.0,-0.312,step_10,no_load
15.046547,68.5107,68.9062,68.5661,0.3401,0.0,-0.274,step_10,no_load
15.056752,68.5107,68.9062,68.5637,0.3425,0.0,-0.239,step_10,no_load
15.067569,68.5107,68.9062,68.5616,0.3446,0.0,-0.210,step_10,no_load
15.077929,68.5107,68.9062,68.5598,0.3464,0.0,-0.184,step_10,no_load
15.088072,68.5107,68.9062,68.5582,0.3480,0.0,-0.161,step_10,no_load
15.098623,68.5107,68.9062,68.5568,0.3494,0.0,-0.141,step_10,no_load
15.108937,68.5107,68.9062,68.5555,0.3507,0.0,-0.128,step_10,no_load
15.119216,68.5107,68.9062,68.5543,0.3519,0.0,-0.120,step_10,no_load
15.130225,68.5107,68.9062,68.5526,0.3536,0.0,-0.113,step_10,no_load
15.140341,68.5107,68.9062,68.5515,0.3547,0.0,-0.108,step_10,no_load
15.150745,68.5107,68.9062,68.5504,0.3558,0.0,-0.105,step_10,no_load
15.161281,68.5107,68.9062,68.5494,0.3568,0.0,-0.102,step_10,no_load
15.171682,68.5107,68.9062,68.5484,0.3578,0.0,-0.099,step_10,no_load
15.182581,68.5107,68.9062,68.5475,0.3587,0.0,-0.096,step_10,no_load
15.193096,68.5107,68.9062,68.5465,0.3597,0.0,-0.094,step_10,no_load
15.203514,68.5107,68.9062,68.5456,0.3606,0.0,-0.092,step_10,no_load
15.213684,68.5107,68.9062,68.5447,0.3615,0.0,-0.089,step_10,no_load
15.223938,68.5107,68.9062,68.5439,0.3623,0.0,-0.087,step_10,no_load
15.234816,68.5107,68.9062,68.5430,0.3632,0.0,-0.085,step_10,no_load
15.244957,68.5107,68.9062,68.5422,0.3640,0.0,-0.083,step_10,no_load
15.255961,68.5107,68.9062,68.5410,0.3652,0.0,-0.080,step_10,no_load
15.266374,68.5107,68.9062,68.5402,0.3660,0.0,-0.078,step_10,no_load
15.277187,68.5107,68.9062,68.5394,0.3668,0.0,-0.076,step_10,no_load
15.287576,68.5107,68.9062,68.5387,0.3675,0.0,-0.074,step_10,no_load
15.298131,68.5107,68.9062,68.5380,0.3682,0.0,-0.072,step_10,no_load
15.308333,68.5107,68.9062,68.5373,0.3689,0.0,-0.070,step_10,no_load
15.318879,68.5107,68.9062,68.5366,0.3696,0.0,-0.069,step_10,no_load
15.329059,68.5107,68.9062,68.5359,0.3703,0.0,-0.067,step_10,no_load
15.339235,68.5107,68.9062,68.5353,0.3709,0.0,-0.065,step_10,no_load
15.349791,68.5107,68.9062,68.5346,0.3716,0.0,-0.064,step_10,no_load
15.359848,68.5107,68.9062,68.5340,0.3722,0.0,-0.062,step_10,no_load
15.370723,68.5107,68.9062,68.5331,0.3731,0.0,-0.060,step_10,no_load
15.381762,68.5107,68.9062,68.5325,0.3737,0.0,-0.058,step_10,no_load
15.392772,68.5107,68.9062,68.5319,0.3743,0.0,-0.057,step_10,no_load
15.403124,68.5107,68.9062,68.5314,0.3748,0.0,-0.055,step_10,no_load
15.413716,68.5107,68.9062,68.5309,0.3753,0.0,-0.054,step_10,no_load
15.424286,68.5107,68.9062,68.5303,0.3759,0.0,-0.053,step_10,no_load
15.434646,68.5107,68.9062,68.5298,0.3764,0.0,-0.051,step_10,no_load
15.444795,68.5107,68.9062,68.5293,0.3769,0.0,-0.050,step_10,no_load
15.454957,68.5107,68.9062,68.5288,0.3774,0.0,-0.049,step_10,no_load
15.465607,68.5107,68.9062,68.5281,0.3781,0.0,-0.047,step_10,no_load
15.475729,68.5107,68.9062,68.5277,0.3785,0.0,-0.046,step_10,no_load
15.48621,68.5107,68.9062,68.5272,0.3790,0.0,-0.045,step_10,no_load
15.496376,68.5107,68.9062,68.5268,0.3794,0.0,-0.044,step_10,no_load
15.506846,68.5107,68.9062,68.5263,0.3799,0.0,-0.043,step_10,no_load
15.516938,68.5107,68.9062,68.5259,0.3803,0.0,-0.042,step_10,no_load
15.527399,68.5107,68.9062,68.5255,0.3807,0.0,-0.040,step_10,no_load
15.537827,68.5107,68.9062,68.5251,0.3811,0.0,-0.039,step_10,no_load
15.548841,68.5107,68.9062,68.5247,0.3815,0.0,-0.038,step_10,no_load
15.559094,68.5107,68.9062,68.5244,0.3818,0.0,-0.038,step_10,no_load
15.569439,68.5107,68.9062,68.5240,0.3822,0.0,-0.037,step_10,no_load
15.579633,68.5107,68.9062,68.5236,0.3826,0.0,-0.036,step_10,no_load
15.589749,68.5107,68.9062,68.5233,0.3829,0.0,-0.035,step_10,no_load
15.600454,68.5107,68.9062,68.5228,0.3834,0.0,-0.034,step_10,no_load
15.611122,68.5107,68.9062,68.5225,0.3837,0.0,-0.033,step_10,no_load
15.621603,68.5107,68.9062,68.5221,0.3841,0.0,-0.032,step_10,no_load
15.632444,68.5107,68.9062,68.5218,0.3844,0.0,-0.031,step_10,no_load
15.642823,68.5107,68.9062,68.5215,0.3847,0.0,-0.030,step_10,no_load
15.653138,68.5107,68.9062,68.5212,0.3850,0.0,-0.030,step_10,no_load
15.663796,68.5107,68.9062,68.5209,0.3853,0.0,-0.029,step_10,no_load
15.675309,82.2129,68.9062,68.5205,0.3857,0.0,-0.028,step_10,no_load
15.685609,82.2129,68.9062,68.5203,0.3859,0.0,-0.027,step_10,no_load
15.696647,82.2129,68.9062,68.5200,0.3862,0.0,-0.026,step_10,no_load
15.706877,82.2129,68.9062,68.5197,0.3865,0.0,-0.026,step_10,no_load
15.717096,82.2129,68.9062,68.5195,0.3867,0.0,-0.025,step_10,no_load
15.728039,82.2129,68.9062,68.5192,0.3870,0.0,-0.024,step_10,no_load
15.738349,82.2129,68.9941,68.5190,0.4751,8.526,-0.024,step_10,no_load
15.748922,82.2129,69.5215,68.6521,0.8694,49.882,13.308,step_10,no_load
15.759985,82.2129,70.4004,69.2681,1.1323,79.445,61.602,step_10,no_load
15.770321,82.2129,71.2793,70.9077,0.3716,85.033,109.309,step_10,no_load
15.780837,82.2129,72.4219,72.2162,0.2057,108.653,130.842,step_10,no_load
15.791104,82.2129,73.5645,73.4339,0.1306,111.289,121.776,step_10,no_load
15.801241,82.2129,74.7949,74.5174,0.2775,121.377,108.348,step_10,no_load
15.811652,82.2129,75.7617,75.4701,0.2916,92.863,95.269,step_10,no_load
15.822169,82.2129,76.7285,76.3051,0.4234,91.927,83.501,step_10,no_load
15.832353,82.2129,77.5195,77.0363,0.4832,77.671,73.123,step_10,no_load
15.843141,82.2129,78.2227,77.6765,0.5462,65.184,64.019,step_10,no_load
15.853482,82.2129,78.7500,78.2370,0.5130,50.991,56.045,step_10,no_load
15.863754,82.2129,79.1016,78.7276,0.3740,34.229,49.063,step_10,no_load
15.874129,82.2129,79.4531,79.1571,0.2960,33.88,42.951,step_10,no_load
15.884428,82.2129,79.7168,79.5331,0.1837,25.604,37.600,step_10,no_load
15.89475,82.2129,79.9805,79.8622,0.1183,25.547,32.915,step_10,no_load
15.905309,82.2129,80.2441,80.2807,-0.0366,24.964,27.898,step_10,no_load
15.915593,82.2129,80.4199,80.5167,-0.0968,17.095,23.601,step_10,no_load
15.926451,82.2129,80.5957,80.7233,-0.1276,16.191,20.661,step_10,no_load
15.936962,82.2129,80.7715,80.9042,-0.1327,16.725,18.087,step_10,no_load
15.94704,82.2129,80.9473,81.0625,-0.1152,17.444,15.834,step_10,no_load
15.957451,82.2129,81.0352,81.2012,-0.1660,8.443,13.861,step_10,no_load
15.968036,82.2129,81.1230,81.3225,-0.1995,8.295,12.134,step_10,no_load
15.97841,82.2129,81.2109,81.4287,-0.2178,8.473,10.623,step_10,no_load
15.98891,82.2129,81.2988,81.5217,-0.2229,8.371,9.299,step_10,no_load
15.999451,82.2129,81.3867,81.6031,-0.2164,8.339,8.141,step_10,no_load
16.01041,82.2129,81.4746,81.7066,-0.2320,8.021,6.900,step_10,no_load
16.021106,82.2129,81.5625,81.7650,-0.2025,8.218,5.837,step_10,no_load
16.031253,82.2129,81.5625,81.8161,-0.2536,0.0,5.110,step_10,no_load
16.041567,82.2129,81.5625,81.8608,-0.2983,0.0,4.473,step_10,no_load
16.051947,82.2129,81.6504,81.9000,-0.2496,8.468,3.916,step_10,no_load
16.062894,82.2129,81.7383,81.9343,-0.1960,8.03,3.428,step_10,no_load
16.073745,82.2129,81.7383,81.9643,-0.2260,0.0,3.001,step_10,no_load
16.084035,82.2129,81.7383,81.9906,-0.2523,0.0,2.627,step_10,no_load
16.094332,82.2129,81.8262,82.0135,-0.1873,8.536,2.300,step_10,no_load
16.104604,82.2129,81.8262,82.0337,-0.2075,0.0,2.013,step_10,no_load
16.114891,82.2129,81.8262,82.0513,-0.2251,0.0,1.763,step_10,no_load
16.125712,82.2129,81.8262,82.0737,-0.2475,0.0,1.494,step_10,no_load
16.136291,82.2129,81.8262,82.0864,-0.2602,0.0,1.264,step_10,no_load
16.146637,82.2129,81.8262,82.0974,-0.2712,0.0,1.106,step_10,no_load
16.157188,82.2129,81.8262,82.1071,-0.2809,0.0,0.969,step_10,no_load
16.167835,82.2129,81.8262,82.1156,-0.2894,0.0,0.848,step_10,no_load
16.178139,82.2129,81.8262,82.1230,-0.2968,0.0,0.742,step_10,no_load
16.188389,82.2129,81.8262,82.1295,-0.3033,0.0,0.650,step_10,no_load
16.198942,82.2129,81.8262,82.1352,-0.3090,0.0,0.569,step_10,no_load
16.209324,82.2129,81.8262,82.1402,-0.3140,0.0,0.498,step_10,no_load
16.219508,82.2129,81.8262,82.1445,-0.3183,0.0,0.436,step_10,no_load
16.230798,82.2129,81.8262,82.1501,-0.3239,0.0,0.369,step_10,no_load
16.241251,82.2129,81.8262,82.1532,-0.3270,0.0,0.313,step_10,no_load
16.251404,82.2129,81.8262,82.1559,-0.3297,0.0,0.274,step_10,no_load
16.262221,82.2129,81.8262,82.1583,-0.3321,0.0,0.240,step_10,no_load
16.272833,82.2129,81.8262,82.1604,-0.3342,0.0,0.210,step_10,no_load
16.283124,82.2129,81.8262,82.1623,-0.3361,0.0,0.184,step_10,no_load
16.293774,82.2129,81.8262,82.1639,-0.3377,0.0,0.161,step_10,no_load
16.304255,82.2129,81.8262,82.1653,-0.3391,0.0,0.141,step_10,no_load
16.314601,82.2129,81.8262,82.1666,-0.3404,0.0,0.128,step_10,no_load
16.325094,82.2129,81.8262,82.1683,-0.3421,0.0,0.118,step_10,no_load
16.335342,82.2129,81.8262,82.1695,-0.3433,0.0,0.112,step_10,no_load
16.345821,82.2129,81.8262,82.1705,-0.3443,0.0,0.108,step_10,no_load
16.357058,82.2129,81.8262,82.1716,-0.3454,0.0,0.105,step_10,no_load
16.367242,82.2129,81.8262,82.1726,-0.3464,0.0,0.102,step_10,no_load
16.377872,82.2129,81.8262,82.1736,-0.3474,0.0,0.099,step_10,no_load
16.388156,82.2129,81.8262,82.1746,-0.3484,0.0,0.096,step_10,no_load
16.398464,82.2129,81.8262,82.1755,-0.3493,0.0,0.094,step_10,no_load
16.408895,82.2129,81.8262,82.1764,-0.3502,0.0,0.092,step_10,no_load
16.419861,82.2129,81.8262,82.1773,-0.3511,0.0,0.089,step_10,no_load
16.430337,82.2129,81.8262,82.1786,-0.3524,0.0,0.087,step_10,no_load
16.440477,82.2129,81.8262,82.1794,-0.3532,0.0,0.084,step_10,no_load
16.45124,82.2129,81.8262,82.1803,-0.3541,0.0,0.082,step_10,no_load
16.461535,82.2129,81.8262,82.1811,-0.3549,0.0,0.080,step_10,no_load
16.472345,82.2129,81.8262,82.1818,-0.3556,0.0,0.078,step_10,no_load
16.483259,82.2129,81.8262,82.1826,-0.3564,0.0,0.076,step_10,no_load
16.493582,82.2129,81.8262,82.1833,-0.3571,0.0,0.074,step_10,no_load
16.504142,82.2129,81.8262,82.1841,-0.3579,0.0,0.072,step_10,no_load
16.514449,82.2129,81.8262,82.1848,-0.3586,0.0,0.070,step_10,no_load
16.525095,82.2129,81.8262,82.1858,-0.3596,0.0,0.068,step_10,no_load
16.536131,82.2129,81.8262,82.1864,-0.3602,0.0,0.066,step_10,no_load
16.546457,82.2129,81.8262,82.1871,-0.3609,0.0,0.064,step_10,no_load
16.556828,82.2129,81.8262,82.1877,-0.3615,0.0,0.063,step_10,no_load
16.567177,82.2129,81.8262,82.1883,-0.3621,0.0,0.061,step_10,no_load
16.577446,82.2129,81.8262,82.1889,-0.3627,0.0,0.060,step_10,no_load
16.587846,82.2129,81.8262,82.1895,-0.3633,0.0,0.058,step_10,no_load
16.598251,82.2129,81.8262,82.1901,-0.3639,0.0,0.057,step_10,no_load
16.608933,82.2129,81.8262,82.1906,-0.3644,0.0,0.055,step_10,no_load
16.61918,82.2129,81.8262,82.1912,-0.3650,0.0,0.054,step_10,no_load
16.629731,82.2129,81.8262,82.1917,-0.3655,0.0,0.053,step_10,no_load
16.640235,82.2129,81.8262,82.1925,-0.3663,0.0,0.051,step_10,no_load
16.650635,82.2129,81.8262,82.1930,-0.3668,0.0,0.049,step_10,no_load
16.661301,82.2129,81.8262,82.1934,-0.3672,0.0,0.048,step_10,no_load
16.671479,82.2129,81.8262,82.1939,-0.3677,0.0,0.047,step_10,no_load
16.682423,82.2129,81.8262,82.1944,-0.3682,0.0,0.046,step_10,no_load
16.693465,82.2129,81.8262,82.1948,-0.3686,0.0,0.045,step_10,no_load
16.704456,82.2129,81.8262,82.1953,-0.3691,0.0,0.044,step_10,no_load
16.714719,82.2129,81.8262,82.1957,-0.3695,0.0,0.043,step_10,no_load
16.725316,82.2129,81.8262,82.1963,-0.3701,0.0,0.041,step_10,no_load
16.73606,82.2129,81.8262,82.1967,-0.3705,0.0,0.040,step_10,no_load
16.746772,82.2129,81.8262,82.1971,-0.3709,0.0,0.039,step_10,no_load
16.757411,82.2129,81.8262,82.1975,-0.3713,0.0,0.038,step_10,no_load
16.76903,82.2129,81.8262,82.1978,-0.3716,0.0,0.037,step_10,no_load
16.779584,82.2129,81.8262,82.1982,-0.3720,0.0,0.036,step_10,no_load
16.789827,82.2129,81.8262,82.1986,-0.3724,0.0,0.035,step_10,no_load
16.799987,82.2129,81.8262,82.1989,-0.3727,0.0,0.034,step_10,no_load
16.81015,82.2129,81.8262,82.1994,-0.3732,0.0,0.033,step_10,no_load
16.82039,82.2129,81.8262,82.1997,-0.3735,0.0,0.032,step_10,no_load
16.830742,82.2129,81.8262,82.2000,-0.3738,0.0,0.031,step_10,no_load
16.840999,82.2129,81.8262,82.2003,-0.3741,0.0,0.031,step_10,no_load
16.851523,82.2129,81.8262,82.2006,-0.3744,0.0,0.030,step_10,no_load
16.862227,82.2129,81.8262,82.2009,-0.3747,0.0,0.029,step_10,no_load
16.87279,82.2129,81.8262,82.2012,-0.3750,0.0,0.028,step_10,no_load
16.88445,68.5107,81.8262,82.2015,-0.3753,0.0,0.028,step_10,no_load
16.895266,68.5107,81.8262,82.2019,-0.3757,0.0,0.027,step_10,no_load
16.905684,68.5107,81.8262,82.2022,-0.3760,0.0,0.026,step_10,no_load
16.916641,68.5107,81.8262,82.2024,-0.3762,0.0,0.025,step_10,no_load
16.927625,68.5107,81.8262,82.2027,-0.3765,0.0,0.025,step_10,no_load
16.938626,68.5107,81.8262,82.2029,-0.3767,0.0,0.024,step_10,no_load
16.949078,68.5107,81.6504,82.2031,-0.5527,-16.82,0.024,step_10,no_load
16.95946,68.5107,81.1230,81.8160,-0.6930,-50.799,-38.711,step_10,no_load
16.969712,68.5107,80.2441,80.9924,-0.7483,-85.73,-82.367,step_10,no_load
16.979792,68.5107,79.3652,79.8125,-0.4473,-87.192,-117.987,step_10,no_load
16.990267,68.5107,78.3105,77.8791,0.4314,-100.687,-128.895,step_10,no_load
17.000404,68.5107,77.1680,76.7277,0.4403,-112.706,-115.141,step_10,no_load
17.011183,68.5107,76.0254,75.7112,0.3142,-106.002,-101.648,step_10,no_load
17.021779,68.5107,74.8828,74.8193,0.0635,-107.833,-89.189,step_10,no_load
17.031923,68.5107,74.0039,74.0380,-0.0341,-86.642,-78.127,step_10,no_load
17.042244,68.5107,73.1250,73.3539,-0.2289,-85.156,-68.406,step_10,no_load
17.053087,68.5107,72.4219,72.7551,-0.3332,-64.844,-59.887,step_10,no_load
17.063453,68.5107,71.8945,72.2308,-0.3363,-50.878,-52.427,step_10,no_load
17.074615,68.5107,71.5430,71.7719,-0.2289,-31.491,-45.895,step_10,no_load
17.085352,68.5107,71.1914,71.1884,0.0030,-32.747,-38.899,step_10,no_load
17.095902,68.5107,70.9277,70.8593,0.0684,-24.995,-32.908,step_10,no_load
17.10622,68.5107,70.6641,70.5712,0.0929,-25.548,-28.809,step_10,no_load
17.116847,68.5107,70.4883,70.3190,0.1693,-16.543,-25.220,step_10,no_load
17.129805,68.5107,70.2246,70.0982,0.1264,-20.35,-22.078,step_10,no_load
17.140681,68.5107,70.0488,69.8176,0.2312,-16.164,-18.712,step_10,no_load
17.151056,68.5107,69.8730,69.6592,0.2138,-16.945,-15.830,step_10,no_load
17.161459,68.5107,69.7852,69.5207,0.2645,-8.44,-13.858,step_10,no_load
17.172275,68.5107,69.6094,69.3993,0.2101,-16.254,-12.132,step_10,no_load
17.182571,68.5107,69.5215,69.2931,0.2284,-8.537,-10.620,step_10,no_load
17.193438,68.5107,69.4336,69.2002,0.2334,-8.089,-9.297,step_10,no_load
17.204226,68.5107,69.3457,69.1188,0.2269,-8.148,-8.139,step_10,no_load
17.214543,68.5107,69.3457,69.0475,0.2982,0.0,-7.125,step_10,no_load
17.224731,68.5107,69.2578,68.9852,0.2726,-8.628,-6.237,step_10,no_load
17.235092,68.5107,69.2578,68.9059,0.3519,0.0,-5.287,step_10,no_load
17.245488,68.5107,69.0820,68.8611,0.2209,-16.91,-4.472,step_10,no_load
17.256486,68.5107,69.0820,68.8220,0.2600,0.0,-3.915,step_10,no_load
17.267025,68.5107,69.0820,68.7877,0.2943,0.0,-3.427,step_10,no_load
17.277227,68.5107,69.0820,68.7577,0.3243,0.0,-3.000,step_10,no_load
17.287709,68.5107,68.9941,68.7314,0.2627,-8.386,-2.627,step_10,no_load
17.298038,68.5107,68.9941,68.7084,0.2857,0.0,-2.299,step_10,no_load
17.308373,68.5107,68.9062,68.6883,0.2179,-8.505,-2.013,step_10,no_load
17.318633,68.5107,68.9062,68.6707,0.2355,0.0,-1.762,step_10,no_load
17.329003,68.5107,68.9062,68.6553,0.2509,0.0,-1.543,step_10,no_load
17.339212,68.5107,68.9062,68.6418,0.2644,0.0,-1.350,step_10,no_load
17.350307,68.5107,68.9062,68.6246,0.2816,0.0,-1.145,step_10,no_load
17.360881,68.5107,68.9062,68.6149,0.2913,0.0,-0.968,step_10,no_load
17.371979,68.5107,68.9062,68.6064,0.2998,0.0,-0.848,step_10,no_load
17.3823,68.5107,68.9062,68.5990,0.3072,0.0,-0.742,step_10,no_load
17.393422,68.5107,68.9062,68.5925,0.3137,0.0,-0.650,step_10,no_load
17.403771,68.5107,68.9062,68.5868,0.3194,0.0,-0.569,step_10,no_load
17.414263,68.5107,68.9062,68.5819,0.3243,0.0,-0.498,step_10,no_load
17.424657,68.5107,68.9062,68.5775,0.3287,0.0,-0.436,step_10,no_load
17.434946,68.5107,68.9062,68.5737,0.3325,0.0,-0.382,step_10,no_load
17.446211,68.5107,68.9062,68.5688,0.3374,0.0,-0.323,step_10,no_load
17.456818,68.5107,68.9062,68.5661,0.3401,0.0,-0.274,step_10,no_load
17.467242,68.5107,68.9062,68.5637,0.3425,0.0,-0.239,step_10,no_load
17.478187,68.5107,68.9062,68.5616,0.3446,0.0,-0.210,step_10,no_load
17.4884,68.5107,68.9062,68.5598,0.3464,0.0,-0.184,step_10,no_load
17.499053,68.5107,68.9062,68.5582,0.3480,0.0,-0.161,step_10,no_load
17.509257,68.5107,68.9062,68.5568,0.3494,0.0,-0.141,step_10,no_load
17.520108,68.5107,68.9062,68.5549,0.3513,0.0,-0.126,step_10,no_load
17.530403,68.5107,68.9062,68.5537,0.3525,0.0,-0.117,step_10,no_load
17.540555,68.5107,68.9062,68.5526,0.3536,0.0,-0.112,step_10,no_load
17.550999,68.5107,68.9062,68.5515,0.3547,0.0,-0.108,step_10,no_load
17.561292,68.5107,68.9062,68.5504,0.3558,0.0,-0.105,step_10,no_load
17.572444,68.5107,68.9062,68.5494,0.3568,0.0,-0.102,step_10,no_load
17.582999,68.5107,68.9062,68.5484,0.3578,0.0,-0.099,step_10,no_load
17.593329,68.5107,68.9062,68.5475,0.3587,0.0,-0.096,step_10,no_load
17.603721,68.5107,68.9062,68.5465,0.3597,0.0,-0.094,step_10,no_load
17.614323,68.5107,68.9062,68.5456,0.3606,0.0,-0.092,step_10,no_load
17.625283,68.5107,68.9062,68.5443,0.3619,0.0,-0.089,step_10,no_load
17.636026,68.5107,68.9062,68.5434,0.3628,0.0,-0.086,step_10,no_load
17.647107,68.5107,68.9062,68.5426,0.3636,0.0,-0.084,step_10,no_load
17.657884,68.5107,68.9062,68.5418,0.3644,0.0,-0.082,step_10,no_load
17.66834,68.5107,68.9062,68.5410,0.3652,0.0,-0.080,step_10,no_load
17.6789,68.5107,68.9062,68.5402,0.3660,0.0,-0.078,step_10,no_load
17.689495,68.5107,68.9062,68.5394,0.3668,0.0,-0.076,step_10,no_load
17.699711,68.5107,68.9062,68.5387,0.3675,0.0,-0.074,step_10,no_load
17.71023,68.5107,68.9062,68.5376,0.3686,0.0,-0.072,step_10,no_load
17.721396,68.5107,68.9062,68.5369,0.3693,0.0,-0.069,step_10,no_load
17.731621,68.5107,68.9062,68.5362,0.3700,0.0,-0.068,step_10,no_load
17.742148,68.5107,68.9062,68.5356,0.3706,0.0,-0.066,step_10,no_load
17.752992,68.5107,68.9062,68.5349,0.3713,0.0,-0.064,step_10,no_load
17.763551,68.5107,68.9062,68.5343,0.3719,0.0,-0.063,step_10,no_load
17.774615,68.5107,68.9062,68.5337,0.3725,0.0,-0.061,step_10,no_load
17.785002,68.5107,68.9062,68.5328,0.3734,0.0,-0.059,step_10,no_load
17.795451,68.5107,68.9062,68.5322,0.3740,0.0,-0.058,step_10,no_load
17.806716,68.5107,68.9062,68.5317,0.3745,0.0,-0.056,step_10,no_load
17.817516,68.5107,68.9062,68.5311,0.3751,0.0,-0.055,step_10,no_load
17.828262,68.5107,68.9062,68.5306,0.3756,0.0,-0.053,step_10,no_load
17.838471,68.5107,68.9062,68.5301,0.3761,0.0,-0.052,step_10,no_load
17.849452,68.5107,68.9062,68.5296,0.3766,0.0,-0.051,step_10,no_load
17.860522,68.5107,68.9062,68.5288,0.3774,0.0,-0.049,step_10,no_load
17.870809,68.5107,68.9062,68.5283,0.3779,0.0,-0.048,step_10,no_load
17.881026,68.5107,68.9062,68.5279,0.3783,0.0,-0.046,step_10,no_load
17.891421,68.5107,68.9062,68.5274,0.3788,0.0,-0.045,step_10,no_load
17.902388,68.5107,68.9062,68.5270,0.3792,0.0,-0.044,step_10,no_load
17.912717,68.5107,68.9062,68.5266,0.3796,0.0,-0.043,step_10,no_load
17.923008,68.5107,68.9062,68.5261,0.3801,0.0,-0.042,step_10,no_load
17.933404,68.5107,68.9062,68.5257,0.3805,0.0,-0.041,step_10,no_load
17.94364,68.5107,68.9062,68.5253,0.3809,0.0,-0.040,step_10,no_load
17.953993,68.5107,68.9062,68.5249,0.3813,0.0,-0.039,step_10,no_load
17.965011,68.5107,68.9062,68.5244,0.3818,0.0,-0.038,step_10,no_load
17.97582,68.5107,68.9062,68.5240,0.3822,0.0,-0.037,step_10,no_load
17.986508,68.5107,68.9062,68.5236,0.3826,0.0,-0.036,step_10,no_load
17.996593,68.5107,68.9062,68.5233,0.3829,0.0,-0.035,step_10,no_load
18.006974,68.5107,68.9062,68.5230,0.3832,0.0,-0.034,step_10,no_load
18.017251,68.5107,68.9062,68.5226,0.3836,0.0,-0.033,step_10,no_load
18.027636,68.5107,68.9062,68.5223,0.3839,0.0,-0.032,step_10,no_load
18.038127,68.5107,68.9062,68.5220,0.3842,0.0,-0.031,step_10,no_load
18.048456,68.5107,68.9062,68.5217,0.3845,0.0,-0.031,step_10,no_load
18.059089,68.5107,68.9062,68.5214,0.3848,0.0,-0.030,step_10,no_load
18.069364,68.5107,68.9062,68.5211,0.3851,0.0,-0.029,step_10,no_load
18.07958,68.5107,68.9062,68.5208,0.3854,0.0,-0.028,step_10,no_load
18.091176,82.2129,68.9062,68.5204,0.3858,0.0,-0.028,step_10,no_load
18.102029,82.2129,68.9062,68.5201,0.3861,0.0,-0.027,step_10,no_load
18.112673,82.2129,68.9062,68.5199,0.3863,0.0,-0.026,step_10,no_load
18.123284,82.2129,68.9062,68.5196,0.3866,0.0,-0.025,step_10,no_load
18.134433,82.2129,68.9062,68.5194,0.3868,0.0,-0.025,step_10,no_load
18.145035,82.2129,68.9062,68.5190,0.3872,0.0,-0.024,step_10,no_load
18.156142,82.2129,69.0820,68.5188,0.5632,15.828,-0.023,step_10,no_load
18.166336,82.2129,69.6973,68.9056,0.7917,60.359,38.682,step_10,no_load
18.176965,82.2129,70.4883,69.7286,0.7597,74.419,82.305,step_10,no_load
18.187401,82.2129,71.5430,70.9076,0.6354,101.064,117.898,step_10,no_load
18.197571,82.2129,72.6855,72.2161,0.4694,112.34,130.843,step_10,no_load
18.207868,82.2129,73.8281,73.4338,0.3943,110.964,121.777,step_10,no_load
18.218372,82.2129,74.8828,74.5173,0.3655,100.409,108.349,step_10,no_load
18.228613,82.2129,75.9375,75.4700,0.4675,102.988,95.270,step_10,no_load
18.238895,82.2129,76.8164,76.3050,0.5114,85.479,83.502,step_10,no_load
18.249555,82.2129,77.6953,77.0363,0.6590,82.448,73.124,step_10,no_load
18.260005,82.2129,78.3105,77.9660,0.3445,58.871,61.983,step_10,no_load
18.270343,82.2129,78.8379,78.4904,0.3475,51.016,52.438,step_10,no_load
18.281209,82.2129,79.1895,78.9494,0.2401,32.358,45.906,step_10,no_load
18.292456,82.2129,79.5410,79.3513,0.1897,31.253,40.187,step_10,no_load
18.303371,82.2129,79.8047,79.7031,0.1016,24.159,35.180,step_10,no_load
18.314046,82.2129,80.0684,80.0111,0.0573,24.703,30.797,step_10,no_load
18.324797,82.2129,80.3320,80.2807,0.0513,24.519,26.960,step_10,no_load
18.335545,82.2129,80.5078,80.6234,-0.1156,16.357,22.851,step_10,no_load
18.346058,82.2129,80.6836,80.8168,-0.1332,16.722,19.332,step_10,no_load
18.357125,82.2129,80.8594,80.9860,-0.1266,15.885,16.923,step_10,no_load
18.367749,82.2129,80.9473,81.1341,-0.1868,8.274,14.815,step_10,no_load
18.378321,82.2129,81.1230,81.2638,-0.1408,16.619,12.969,step_10,no_load
18.388558,82.2129,81.2109,81.3774,-0.1665,8.586,11.353,step_10,no_load
18.399412,82.2129,81.2988,81.4768,-0.1780,8.098,9.939,step_10,no_load
18.410371,82.2129,81.3867,81.6031,-0.2164,8.021,8.424,step_10,no_load
18.421048,82.2129,81.4746,81.6744,-0.1998,8.233,7.127,step_10,no_load
18.432047,82.2129,81.5625,81.7368,-0.1743,7.992,6.239,step_10,no_load
18.442321,82.2129,81.5625,81.7914,-0.2289,0.0,5.462,step_10,no_load
18.452784,82.2129,81.5625,81.8392,-0.2767,0.0,4.781,step_10,no_load
18.46327,82.2129,81.5625,81.8811,-0.3186,0.0,4.185,step_10,no_load
18.473608,82.2129,81.5625,81.9177,-0.3552,0.0,3.664,step_10,no_load
18.484242,82.2129,81.5625,81.9498,-0.3873,0.0,3.208,step_10,no_load
18.494857,82.2129,81.5625,81.9778,-0.4153,0.0,2.808,step_10,no_load
18.505444,82.2129,81.6504,82.0135,-0.3631,8.303,2.380,step_10,no_load
18.516051,82.2129,81.7383,82.0337,-0.2954,8.287,2.013,step_10,no_load
18.526464,82.2129,81.7383,82.0513,-0.3130,0.0,1.763,step_10,no_load
18.537652,82.2129,81.7383,82.0667,-0.3284,0.0,1.543,step_10,no_load
18.548332,82.2129,81.8262,82.0802,-0.2540,8.23,1.351,step_10,no_load
18.558593,82.2129,81.8262,82.0921,-0.2659,0.0,1.182,step_10,no_load
18.568884,82.2129,81.8262,82.1024,-0.2762,0.0,1.035,step_10,no_load
18.579203,82.2129,81.8262,82.1115,-0.2853,0.0,0.906,step_10,no_load
18.589732,82.2129,81.8262,82.1194,-0.2932,0.0,0.793,step_10,no_load
18.600599,82.2129,81.8262,82.1295,-0.3033,0.0,0.672,step_10,no_load
18.610871,82.2129,81.8262,82.1352,-0.3090,0.0,0.569,step_10,no_load
18.621426,82.2129,81.8262,82.1402,-0.3140,0.0,0.498,step_10,no_load
18.632155,82.2129,81.8262,82.1445,-0.3183,0.0,0.436,step_10,no_load
18.643352,82.2129,81.8262,82.1483,-0.3221,0.0,0.382,step_10,no_load
18.653739,82.2129,81.8262,82.1517,-0.3255,0.0,0.334,step_10,no_load
18.664401,82.2129,81.8262,82.1546,-0.3284,0.0,0.292,step_10,no_load
18.675115,82.2129,81.8262,82.1583,-0.3321,0.0,0.248,step_10,no_load
18.685699,82.2129,81.8262,82.1604,-0.3342,0.0,0.210,step_10,no_load
18.696379,82.2129,81.8262,82.1623,-0.3361,0.0,0.184,step_10,no_load
18.707022,82.2129,81.8262,82.1639,-0.3377,0.0,0.161,step_10,no_load
18.717421,82.2129,81.8262,82.1653,-0.3391,0.0,0.141,step_10,no_load
18.728285,82.2129,81.8262,82.1666,-0.3404,0.0,0.128,step_10,no_load
18.738788,82.2129,81.8262,82.1678,-0.3416,0.0,0.120,step_10,no_load
18.749218,82.2129,81.8262,82.1689,-0.3427,0.0,0.114,step_10,no_load
18.759878,82.2129,81.8262,82.1700,-0.3438,0.0,0.110,step_10,no_load
18.770254,82.2129,81.8262,82.1716,-0.3454,0.0,0.105,step_10,no_load
18.780858,82.2129,81.8262,82.1726,-0.3464,0.0,0.102,step_10,no_load
18.791328,82.2129,81.8262,82.1736,-0.3474,0.0,0.099,step_10,no_load
18.802027,82.2129,81.8262,82.1746,-0.3484,0.0,0.096,step_10,no_load
18.812662,82.2129,81.8262,82.1755,-0.3493,0.0,0.094,step_10,no_load
18.823074,82.2129,81.8262,82.1764,-0.3502,0.0,0.092,step_10,no_load
18.833342,82.2129,81.8262,82.1773,-0.3511,0.0,0.089,step_10,no_load
18.843743,82.2129,81.8262,82.1782,-0.3520,0.0,0.087,step_10,no_load
18.854047,82.2129,81.8262,82.1790,-0.3528,0.0,0.085,step_10,no_load
18.864243,82.2129,81.8262,82.1799,-0.3537,0.0,0.083,step_10,no_load
18.875249,82.2129,81.8262,82.1811,-0.3549,0.0,0.080,step_10,no_load
18.885439,82.2129,81.8262,82.1818,-0.3556,0.0,0.078,step_10,no_load
18.89643,82.2129,81.8262,82.1826,-0.3564,0.0,0.076,step_10,no_load
18.907434,82.2129,81.8262,82.1833,-0.3571,0.0,0.074,step_10,no_load
18.917775,82.2129,81.8262,82.1841,-0.3579,0.0,0.072,step_10,no_load
18.928617,82.2129,81.8262,82.1848,-0.3586,0.0,0.070,step_10,no_load
18.939197,82.2129,81.8262,82.1855,-0.3593,0.0,0.069,step_10,no_load
18.9496,82.2129,81.8262,82.1861,-0.3599,0.0,0.067,step_10,no_load
18.960004,82.2129,81.8262,82.1871,-0.3609,0.0,0.065,step_10,no_load
18.970509,82.2129,81.8262,82.1877,-0.3615,0.0,0.063,step_10,no_load
18.981148,82.2129,81.8262,82.1883,-0.3621,0.0,0.061,step_10,no_load
18.991524,82.2129,81.8262,82.1889,-0.3627,0.0,0.060,step_10,no_load
19.001826,82.2129,81.8262,82.1895,-0.3633,0.0,0.058,step_10,no_load
19.012368,82.2129,81.8262,82.1901,-0.3639,0.0,0.057,step_10,no_load
19.022674,82.2129,81.8262,82.1906,-0.3644,0.0,0.055,step_10,no_load
19.032995,82.2129,81.8262,82.1912,-0.3650,0.0,0.054,step_10,no_load
19.043466,82.2129,81.8262,82.1917,-0.3655,0.0,0.053,step_10,no_load
19.05379,82.2129,81.8262,82.1922,-0.3660,0.0,0.051,step_10,no_load
19.064412,82.2129,81.8262,82.1927,-0.3665,0.0,0.050,step_10,no_load
19.074916,82.2129,81.8262,82.1932,-0.3670,0.0,0.049,step_10,no_load
19.085161,82.2129,81.8262,82.1939,-0.3677,0.0,0.047,step_10,no_load
19.095659,82.2129,81.8262,82.1944,-0.3682,0.0,0.046,step_10,no_load
19.105783,82.2129,81.8262,82.1948,-0.3686,0.0,0.045,step_10,no_load
19.116108,82.2129,81.8262,82.1953,-0.3691,0.0,0.044,step_10,no_load
19.126257,82.2129,81.8262,82.1957,-0.3695,0.0,0.043,step_10,no_load
19.136478,82.2129,81.8262,82.1961,-0.3699,0.0,0.042,step_10,no_load
19.147065,82.2129,81.8262,82.1965,-0.3703,0.0,0.040,step_10,no_load
19.157878,82.2129,81.8262,82.1969,-0.3707,0.0,0.039,step_10,no_load
19.168295,82.2129,81.8262,82.1973,-0.3711,0.0,0.038,step_10,no_load
19.178828,82.2129,81.8262,82.1977,-0.3715,0.0,0.038,step_10,no_load
19.189271,82.2129,81.8262,82.1980,-0.3718,0.0,0.037,step_10,no_load
19.199806,82.2129,81.8262,82.1984,-0.3722,0.0,0.036,step_10,no_load
19.210122,82.2129,81.8262,82.1989,-0.3727,0.0,0.035,step_10,no_load
19.220165,82.2129,81.8262,82.1992,-0.3730,0.0,0.034,step_10,no_load
19.230851,82.2129,81.8262,82.1996,-0.3734,0.0,0.033,step_10,no_load
19.241817,82.2129,81.8262,82.1999,-0.3737,0.0,0.032,step_10,no_load
19.252395,82.2129,81.8262,82.2002,-0.3740,0.0,0.031,step_10,no_load
19.263384,82.2129,81.8262,82.2005,-0.3743,0.0,0.030,step_10,no_load
19.273551,82.2129,81.8262,82.2008,-0.3746,0.0,0.030,step_10,no_load
19.283648,82.2129,81.8262,82.2011,-0.3749,0.0,0.029,step_10,no_load
19.295031,68.5107,81.8262,82.2015,-0.3753,0.0,0.028,step_10,no_load
19.305845,68.5107,81.8262,82.2018,-0.3756,0.0,0.027,step_10,no_load
19.316418,68.5107,81.8262,82.2020,-0.3758,0.0,0.026,step_10,no_load
19.326756,68.5107,81.8262,82.2023,-0.3761,0.0,0.026,step_10,no_load
19.336978,68.5107,81.8262,82.2025,-0.3763,0.0,0.025,step_10,no_load
19.347596,68.5107,81.8262,82.2028,-0.3766,0.0,0.024,step_10,no_load
19.357853,68.5107,81.7383,82.2030,-0.4647,-8.57,0.024,step_10,no_load
19.368026,68.5107,81.2109,82.0698,-0.8589,-51.843,-13.318,step_10,no_load
19.378328,68.5107,80.4199,81.4534,-1.0335,-76.781,-61.649,step_10,no_load
19.388543,68.5107,79.4531,80.4425,-0.9894,-94.645,-101.082,step_10,no_load
19.398679,68.5107,78.4863,79.1539,-0.6676,-95.383,-128.860,step_10,no_load
19.409024,68.5107,77.2559,77.8791,-0.6232,-118.937,-127.488,step_10,no_load
19.419453,68.5107,76.1133,76.7277,-0.6144,-109.56,-115.141,step_10,no_load
19.430203,68.5107,75.0586,75.2505,-0.1919,-98.112,-98.476,step_10,no_load
19.440429,68.5107,74.1797,74.4157,-0.2360,-85.948,-83.484,step_10,no_load
19.451299,68.5107,73.2129,73.6846,-0.4717,-88.942,-73.107,step_10,no_load
19.462096,68.5107,72.5098,73.0446,-0.5348,-65.12,-64.005,step_10,no_load
19.472857,68.5107,71.9824,72.4842,-0.5018,-49.01,-56.033,step_10,no_load
19.48358,68.5107,71.5430,71.9937,-0.4507,-40.977,-49.052,step_10,no_load
19.494608,68.5107,71.1914,71.5643,-0.3729,-31.882,-42.941,step_10,no_load
19.50534,68.5107,70.9277,71.0184,-0.0907,-24.571,-36.395,step_10,no_load
19.515577,68.5107,70.7520,70.7105,0.0415,-17.163,-30.790,step_10,no_load
19.525795,68.5107,70.4883,70.4409,0.0474,-25.807,-26.954,step_10,no_load
19.536112,68.5107,70.3125,70.2050,0.1075,-17.04,-23.596,step_10,no_load
19.546397,68.5107,70.0488,69.9984,0.0504,-25.639,-20.657,step_10,no_load
19.556668,68.5107,69.9609,69.8176,0.1433,-8.558,-18.083,step_10,no_load
19.567059,68.5107,69.7852,69.6592,0.1260,-16.909,-15.830,step_10,no_load
19.577465,68.5107,69.6973,69.5207,0.1766,-8.447,-13.858,step_10,no_load
19.588275,68.5107,69.6094,69.3993,0.2101,-8.131,-12.132,step_10,no_load
19.599152,68.5107,69.5215,69.2931,0.2284,-8.081,-10.620,step_10,no_load
19.60927,68.5107,69.4336,69.2002,0.2334,-8.687,-9.297,step_10,no_load
19.619784,68.5107,69.3457,69.1188,0.2269,-8.36,-8.139,step_10,no_load
19.629862,68.5107,69.2578,69.0475,0.2103,-8.722,-7.125,step_10,no_load
19.640355,68.5107,69.2578,68.9570,0.3008,0.0,-6.039,step_10,no_load
19.65082,68.5107,69.1699,68.9059,0.2640,-8.399,-5.109,step_10,no_load
19.660975,68.5107,69.0820,68.8611,0.2209,-8.656,-4.472,step_10,no_load
19.671312,68.5107,69.0820,68.8220,0.2600,0.0,-3.915,step_10,no_load
19.681937,68.5107,69.0820,68.7877,0.2943,0.0,-3.427,step_10,no_load
19.692378,68.5107,69.0820,68.7577,0.3243,0.0,-3.000,step_10,no_load
19.702946,68.5107,69.0820,68.7314,0.3506,0.0,-2.627,step_10,no_load
19.713438,68.5107,69.0820,68.7084,0.3736,0.0,-2.299,step_10,no_load
19.724013,68.5107,69.0820,68.6883,0.3937,0.0,-2.013,step_10,no_load
19.734388,68.5107,68.9941,68.6707,0.3234,-8.472,-1.762,step_10,no_load
19.745216,68.5107,68.9941,68.6483,0.3458,0.0,-1.494,step_10,no_load
19.755702,68.5107,68.9941,68.6357,0.3584,0.0,-1.264,step_10,no_load
19.766347,68.5107,68.9062,68.6246,0.2816,-8.257,-1.106,step_10,no_load
19.777021,68.5107,68.9062,68.6149,0.2913,0.0,-0.968,step_10,no_load
19.787197,68.5107,68.9062,68.6064,0.2998,0.0,-0.848,step_10,no_load
19.798287,68.5107,68.9062,68.5990,0.3072,0.0,-0.742,step_10,no_load
19.80852,68.5107,68.9062,68.5925,0.3137,0.0,-0.650,step_10,no_load
19.818748,68.5107,68.9062,68.5868,0.3194,0.0,-0.569,step_10,no_load
19.829129,68.5107,68.9062,68.5819,0.3243,0.0,-0.498,step_10,no_load
19.839312,68.5107,68.9062,68.5775,0.3287,0.0,-0.436,step_10,no_load
19.849517,68.5107,68.9062,68.5737,0.3325,0.0,-0.382,step_10,no_load
19.860337,68.5107,68.9062,68.5688,0.3374,0.0,-0.323,step_10,no_load
19.870795,68.5107,68.9062,68.5661,0.3401,0.0,-0.274,step_10,no_load
19.881652,68.5107,68.9062,68.5637,0.3425,0.0,-0.239,step_10,no_load
19.892334,68.5107,68.9062,68.5616,0.3446,0.0,-0.210,step_10,no_load
19.902715,68.5107,68.9062,68.5598,0.3464,0.0,-0.184,step_10,no_load
19.913689,68.5107,68.9062,68.5582,0.3480,0.0,-0.161,step_10,no_load
19.924586,68.5107,68.9062,68.5568,0.3494,0.0,-0.141,step_10,no_load
19.934696,68.5107,68.9062,68.5555,0.3507,0.0,-0.128,step_10,no_load
19.945224,68.5107,68.9062,68.5537,0.3525,0.0,-0.118,step_10,no_load
19.955403,68.5107,68.9062,68.5526,0.3536,0.0,-0.112,step_10,no_load
19.965699,68.5107,68.9062,68.5515,0.3547,0.0,-0.108,step_10,no_load
19.976745,68.5107,68.9062,68.5504,0.3558,0.0,-0.105,step_10,no_load
19.987372,68.5107,68.9062,68.5494,0.3568,0.0,-0.102,step_10,no_load
19.997985,68.5107,68.9062,68.5484,0.3578,0.0,-0.099,step_10,no_load
20.008133,68.5107,68.9062,68.5475,0.3587,0.0,-0.096,step_10,no_load
20.018608,68.5107,68.9062,68.5465,0.3597,0.0,-0.094,step_10,no_load
20.029157,68.5107,68.9062,68.5456,0.3606,0.0,-0.092,step_10,no_load
20.039286,68.5107,68.9062,68.5447,0.3615,0.0,-0.089,step_10,no_load
20.049651,68.5107,68.9062,68.5439,0.3623,0.0,-0.087,step_10,no_load
20.060479,68.5107,68.9062,68.5426,0.3636,0.0,-0.084,step_10,no_load
20.071333,68.5107,68.9062,68.5418,0.3644,0.0,-0.082,step_10,no_load
20.081743,68.5107,68.9062,68.5410,0.3652,0.0,-0.080,step_10,no_load
20.092703,68.5107,68.9062,68.5402,0.3660,0.0,-0.078,step_10,no_load
20.103212,68.5107,68.9062,68.5394,0.3668,0.0,-0.076,step_10,no_load
20.113829,68.5107,68.9062,68.5387,0.3675,0.0,-0.074,step_10,no_load
20.124463,68.5107,68.9062,68.5380,0.3682,0.0,-0.072,step_10,no_load
20.135076,68.5107,68.9062,68.5369,0.3693,0.0,-0.070,step_10,no_load
20.145535,68.5107,68.9062,68.5362,0.3700,0.0,-0.068,step_10,no_load
20.156131,68.5107,68.9062,68.5356,0.3706,0.0,-0.066,step_10,no_load
20.166715,68.5107,68.9062,68.5349,0.3713,0.0,-0.064,step_10,no_load
20.177016,68.5107,68.9062,68.5343,0.3719,0.0,-0.063,step_10,no_load
20.187226,68.5107,68.9062,68.5337,0.3725,0.0,-0.061,step_10,no_load
20.198083,68.5107,68.9062,68.5331,0.3731,0.0,-0.060,step_10,no_load
20.208262,68.5107,68.9062,68.5325,0.3737,0.0,-0.058,step_10,no_load
20.21935,68.5107,68.9062,68.5319,0.3743,0.0,-0.057,step_10,no_load
20.230475,68.5107,68.9062,68.5311,0.3751,0.0,-0.055,step_10,no_load
20.240828,68.5107,68.9062,68.5306,0.3756,0.0,-0.053,step_10,no_load
20.251393,68.5107,68.9062,68.5301,0.3761,0.0,-0.052,step_10,no_load
20.26168,68.5107,68.9062,68.5296,0.3766,0.0,-0.051,step_10,no_load
20.272389,68.5107,68.9062,68.5291,0.3771,0.0,-0.049,step_10,no_load
20.283417,68.5107,68.9062,68.5286,0.3776,0.0,-0.048,step_10,no_load
20.293619,68.5107,68.9062,68.5281,0.3781,0.0,-0.047,step_10,no_load
20.304301,68.5107,68.9062,68.5277,0.3785,0.0,-0.046,step_10,no_load
20.314852,68.5107,68.9062,68.5272,0.3790,0.0,-0.045,step_10,no_load
20.325021,68.5107,68.9062,68.5266,0.3796,0.0,-0.043,step_10,no_load
20.336128,68.5107,68.9062,68.5261,0.3801,0.0,-0.042,step_10,no_load
20.346271,68.5107,68.9062,68.5257,0.3805,0.0,-0.041,step_10,no_load
20.35689,68.5107,68.9062,68.5253,0.3809,0.0,-0.040,step_10,no_load
20.3679,68.5107,68.9062,68.5249,0.3813,0.0,-0.039,step_10,no_load
20.378226,68.5107,68.9062,68.5246,0.3816,0.0,-0.038,step_10,no_load
20.388499,68.5107,68.9062,68.5242,0.3820,0.0,-0.037,step_10,no_load
20.399493,68.5107,68.9062,68.5238,0.3824,0.0,-0.036,step_10,no_load
20.410217,68.5107,68.9062,68.5233,0.3829,0.0,-0.035,step_10,no_load
20.420857,68.5107,68.9062,68.5230,0.3832,0.0,-0.034,step_10,no_load
20.431608,68.5107,68.9062,68.5226,0.3836,0.0,-0.033,step_10,no_load
20.442466,68.5107,68.9062,68.5223,0.3839,0.0,-0.032,step_10,no_load
20.452922,68.5107,68.9062,68.5220,0.3842,0.0,-0.031,step_10,no_load
20.46347,68.5107,68.9062,68.5217,0.3845,0.0,-0.031,step_10,no_load
20.474385,68.5107,68.9062,68.5214,0.3848,0.0,-0.030,step_10,no_load
20.484531,68.5107,68.9062,68.5211,0.3851,0.0,-0.029,step_10,no_load
20.495956,82.2129,68.9062,68.5207,0.3855,0.0,-0.028,step_10,no_load
20.506591,82.2129,68.9062,68.5204,0.3858,0.0,-0.027,step_10,no_load
20.517199,82.2129,68.9062,68.5201,0.3861,0.0,-0.027,step_10,no_load
20.528013,82.2129,68.9062,68.5199,0.3863,0.0,-0.026,step_10,no_load
20.538157,82.2129,68.9062,68.5196,0.3866,0.0,-0.025,step_10,no_load
20.548597,82.2129,68.9062,68.5194,0.3868,0.0,-0.025,step_10,no_load
20.5591,82.2129,68.9941,68.5191,0.4750,8.369,-0.024,step_10,no_load
20.569248,82.2129,69.5215,68.6522,0.8693,51.971,13.308,step_10,no_load
20.579607,82.2129,70.3125,69.2682,1.0443,76.359,61.602,step_10,no_load
20.589783,82.2129,71.1914,70.2783,0.9131,86.37,101.005,step_10,no_load
20.600245,82.2129,72.3340,72.2163,0.1177,109.214,129.199,step_10,no_load
20.6109,82.2129,73.5645,73.4340,0.1305,115.486,121.775,step_10,no_load
20.62116,82.2129,74.7070,74.5175,0.1895,111.355,108.346,step_10,no_load
20.631933,82.2129,75.7617,75.4701,0.2916,97.902,95.268,step_10,no_load
20.642998,82.2129,76.7285,76.3052,0.4233,87.375,83.500,step_10,no_load
20.653408,82.2129,77.5195,77.0364,0.4831,75.985,73.122,step_10,no_load
20.663998,82.2129,78.2227,77.6766,0.5461,66.402,64.018,step_10,no_load
20.67464,82.2129,78.7500,78.2370,0.5130,49.549,56.044,step_10,no_load
20.685273,82.2129,79.1016,78.9495,0.1521,33.067,47.501,step_10,no_load
20.696062,82.2129,79.4531,79.3514,0.1017,32.579,40.186,step_10,no_load
20.706482,82.2129,79.8047,79.7032,0.1015,33.743,35.179,step_10,no_load
20.717432,82.2129,80.0684,80.0111,0.0573,24.082,30.797,step_10,no_load
20.728368,82.2129,80.2441,80.2807,-0.0366,16.066,26.960,step_10,no_load
20.738522,82.2129,80.4199,80.5167,-0.0968,17.313,23.601,step_10,no_load
20.74868,82.2129,80.5957,80.7233,-0.1276,17.307,20.661,step_10,no_load
20.759303,82.2129,80.7715,80.9042,-0.1327,16.549,18.087,step_10,no_load
20.769542,82.2129,80.9473,81.0626,-0.1153,17.17,15.834,step_10,no_load
20.779778,82.2129,81.0352,81.2012,-0.1660,8.587,13.861,step_10,no_load
20.789949,82.2129,81.1230,81.3225,-0.1995,8.632,12.134,step_10,no_load
20.800681,82.2129,81.2988,81.4768,-0.1780,16.381,10.284,step_10,no_load
20.812445,82.2129,81.3867,81.5638,-0.1771,7.472,8.701,step_10,no_load
20.823563,82.2129,81.4746,81.6399,-0.1653,7.906,7.617,step_10,no_load
20.834672,82.2129,81.5625,81.7066,-0.1441,7.913,6.668,step_10,no_load
20.845053,82.2129,81.5625,81.7914,-0.2289,0.0,5.651,step_10,no_load
20.855701,82.2129,81.5625,81.8392,-0.2767,0.0,4.781,step_10,no_load
20.866244,82.2129,81.5625,81.8811,-0.3186,0.0,4.185,step_10,no_load
20.876928,82.2129,81.6504,81.9177,-0.2673,8.227,3.664,step_10,no_load
20.887198,82.2129,81.7383,81.9498,-0.2115,8.559,3.207,step_10,no_load
20.898086,82.2129,81.7383,81.9779,-0.2396,0.0,2.808,step_10,no_load
20.908406,82.2129,81.7383,82.0024,-0.2641,0.0,2.458,step_10,no_load
20.918706,82.2129,81.7383,82.0240,-0.2857,0.0,2.152,step_10,no_load
20.928886,82.2129,81.8262,82.0428,-0.2166,8.635,1.884,step_10,no_load
20.939193,82.2129,81.8262,82.0593,-0.2331,0.0,1.649,step_10,no_load
20.949608,82.2129,81.8262,82.0737,-0.2475,0.0,1.444,step_10,no_load
20.959683,82.2129,81.8262,82.0864,-0.2602,0.0,1.264,step_10,no_load
20.969987,82.2129,81.8262,82.0974,-0.2712,0.0,1.106,step_10,no_load
20.980577,82.2129,81.8262,82.1115,-0.2853,0.0,0.938,step_10,no_load
20.990663,82.2129,81.8262,82.1194,-0.2932,0.0,0.793,step_10,no_load
21.000874,82.2129,81.8262,82.1264,-0.3002,0.0,0.694,step_10,no_load
21.011106,82.2129,81.8262,82.1324,-0.3062,0.0,0.608,step_10,no_load
21.021994,82.2129,81.8262,82.1378,-0.3116,0.0,0.532,step_10,no_load
21.032199,82.2129,81.8262,82.1424,-0.3162,0.0,0.466,step_10,no_load
21.042501,82.2129,81.8262,82.1465,-0.3203,0.0,0.408,step_10,no_load
21.053458,82.2129,81.8262,82.1501,-0.3239,0.0,0.357,step_10,no_load
21.064458,82.2129,81.8262,82.1532,-0.3270,0.0,0.313,step_10,no_load
21.075107,82.2129,81.8262,82.1572,-0.3310,0.0,0.265,step_10,no_load
21.08545,82.2129,81.8262,82.1594,-0.3332,0.0,0.224,step_10,no_load
21.096066,82.2129,81.8262,82.1614,-0.3352,0.0,0.196,step_10,no_load
21.106323,82.2129,81.8262,82.1631,-0.3369,0.0,0.172,step_10,no_load
21.116516,82.2129,81.8262,82.1646,-0.3384,0.0,0.150,step_10,no_load
21.127166,82.2129,81.8262,82.1659,-0.3397,0.0,0.134,step_10,no_load
21.137748,82.2129,81.8262,82.1672,-0.3410,0.0,0.124,step_10,no_load
21.148803,82.2129,81.8262,82.1683,-0.3421,0.0,0.117,step_10,no_load
21.159901,82.2129,81.8262,82.1695,-0.3433,0.0,0.112,step_10,no_load
21.170675,82.2129,81.8262,82.1711,-0.3449,0.0,0.107,step_10,no_load
21.181654,82.2129,81.8262,82.1721,-0.3459,0.0,0.103,step_10,no_load
21.192298,82.2129,81.8262,82.1731,-0.3469,0.0,0.100,step_10,no_load
21.202911,82.2129,81.8262,82.1741,-0.3479,0.0,0.098,step_10,no_load
21.213488,82.2129,81.8262,82.1750,-0.3488,0.0,0.095,step_10,no_load
21.223989,82.2129,81.8262,82.1760,-0.3498,0.0,0.093,step_10,no_load
21.234685,82.2129,81.8262,82.1769,-0.3507,0.0,0.091,step_10,no_load
21.245128,82.2129,81.8262,82.1782,-0.3520,0.0,0.088,step_10,no_load
21.256203,82.2129,81.8262,82.1790,-0.3528,0.0,0.085,step_10,no_load
21.266832,82.2129,81.8262,82.1799,-0.3537,0.0,0.083,step_10,no_load
21.277095,82.2129,81.8262,82.1807,-0.3545,0.0,0.081,step_10,no_load
21.287557,82.2129,81.8262,82.1815,-0.3553,0.0,0.079,step_10,no_load
21.298258,82.2129,81.8262,82.1822,-0.3560,0.0,0.077,step_10,no_load
21.308521,82.2129,81.8262,82.1830,-0.3568,0.0,0.075,step_10,no_load
21.31874,82.2129,81.8262,82.1837,-0.3575,0.0,0.073,step_10,no_load
21.329031,82.2129,81.8262,82.1844,-0.3582,0.0,0.071,step_10,no_load
21.33955,82.2129,81.8262,82.1851,-0.3589,0.0,0.069,step_10,no_load
21.34977,82.2129,81.8262,82.1858,-0.3596,0.0,0.068,step_10,no_load
21.359893,82.2129,81.8262,82.1865,-0.3603,0.0,0.066,step_10,no_load
21.37034,82.2129,81.8262,82.1874,-0.3612,0.0,0.064,step_10,no_load
21.381444,82.2129,81.8262,82.1880,-0.3618,0.0,0.062,step_10,no_load
21.391638,82.2129,81.8262,82.1886,-0.3624,0.0,0.061,step_10,no_load
21.402038,82.2129,81.8262,82.1892,-0.3630,0.0,0.059,step_10,no_load
21.412564,82.2129,81.8262,82.1898,-0.3636,0.0,0.058,step_10,no_load
21.423002,82.2129,81.8262,82.1904,-0.3642,0.0,0.056,step_10,no_load
21.433664,82.2129,81.8262,82.1909,-0.3647,0.0,0.055,step_10,no_load
21.444505,82.2129,81.8262,82.1914,-0.3652,0.0,0.053,step_10,no_load
21.454661,82.2129,81.8262,82.1920,-0.3658,0.0,0.052,step_10,no_load
21.465209,82.2129,81.8262,82.1927,-0.3665,0.0,0.050,step_10,no_load
21.475734,82.2129,81.8262,82.1932,-0.3670,0.0,0.049,step_10,no_load
21.486488,82.2129,81.8262,82.1937,-0.3675,0.0,0.048,step_10,no_load
21.497529,82.2129,81.8262,82.1942,-0.3680,0.0,0.046,step_10,no_load
21.508281,82.2129,81.8262,82.1946,-0.3684,0.0,0.045,step_10,no_load
21.518804,82.2129,81.8262,82.1950,-0.3688,0.0,0.044,step_10,no_load
21.529552,82.2129,81.8262,82.1955,-0.3693,0.0,0.043,step_10,no_load
21.539693,82.2129,81.8262,82.1959,-0.3697,0.0,0.042,step_10,no_load
21.550137,82.2129,81.8262,82.1965,-0.3703,0.0,0.041,step_10,no_load
21.560574,82.2129,81.8262,82.1969,-0.3707,0.0,0.039,step_10,no_load
21.570905,82.2129,81.8262,82.1973,-0.3711,0.0,0.038,step_10,no_load
21.58126,82.2129,81.8262,82.1977,-0.3715,0.0,0.038,step_10,no_load
21.591828,82.2129,81.8262,82.1980,-0.3718,0.0,0.037,step_10,no_load
21.602394,82.2129,81.8262,82.1984,-0.3722,0.0,0.036,step_10,no_load
21.612718,82.2129,81.8262,82.1987,-0.3725,0.0,0.035,step_10,no_load
21.623346,82.2129,81.8262,82.1991,-0.3729,0.0,0.034,step_10,no_load
21.633658,82.2129,81.8262,82.1994,-0.3732,0.0,0.033,step_10,no_load
21.644736,82.2129,81.8262,82.1997,-0.3735,0.0,0.032,step_10,no_load
21.655051,82.2129,81.8262,82.2002,-0.3740,0.0,0.031,step_10,no_load
21.665791,82.2129,81.8262,82.2005,-0.3743,0.0,0.030,step_10,no_load
21.67645,82.2129,81.8262,82.2008,-0.3746,0.0,0.030,step_10,no_load
21.687065,82.2129,81.8262,82.2011,-0.3749,0.0,0.029,step_10,no_load
21.698024,68.5107,81.8262,82.2014,-0.3752,0.0,0.028,step_10,no_load
21.708311,68.5107,81.8262,82.2016,-0.3754,0.0,0.027,step_10,no_load
21.718513,68.5107,81.8262,82.2019,-0.3757,0.0,0.027,step_10,no_load
21.729056,68.5107,81.8262,82.2022,-0.3760,0.0,0.026,step_10,no_load
21.739441,68.5107,81.8262,82.2024,-0.3762,0.0,0.025,step_10,no_load
21.750254,68.5107,81.8262,82.2028,-0.3766,0.0,0.025,step_10,no_load
21.760715,68.5107,81.7383,82.2030,-0.4647,-8.403,0.024,step_10,no_load
21.770803,68.5107,81.2109,81.8159,-0.6050,-52.28,-38.711,step_10,no_load
21.781341,68.5107,80.4199,80.9922,-0.5723,-75.062,-82.367,step_10,no_load
21.792584,68.5107,79.4531,79.8124,-0.3593,-85.991,-117.987,step_10,no_load
21.80273,68.5107,78.3984,78.5038,-0.1054,-103.952,-130.858,step_10,no_load
21.813538,68.5107,77.1680,77.2862,-0.1182,-113.842,-121.760,step_10,no_load
21.823705,68.5107,76.1133,76.2029,-0.0896,-103.738,-108.326,step_10,no_load
21.834326,68.5107,75.0586,75.2505,-0.1919,-99.303,-95.248,step_10,no_load
21.844552,68.5107,74.0918,74.4156,-0.3238,-94.543,-83.483,step_10,no_load
21.855098,68.5107,73.2129,73.3539,-0.1410,-83.34,-70.782,step_10,no_load
21.86572,68.5107,72.5098,72.7550,-0.2452,-66.193,-59.886,step_10,no_load
21.876107,68.5107,71.9824,72.2308,-0.2484,-50.775,-52.426,step_10,no_load
21.886279,68.5107,71.6309,71.7718,-0.1409,-34.556,-45.895,step_10,no_load
21.896804,68.5107,71.2793,71.3701,-0.0908,-33.406,-40.177,step_10,no_load
21.907143,68.5107,71.0156,71.0183,-0.0027,-25.505,-35.172,step_10,no_load
21.917507,68.5107,70.7520,70.7104,0.0416,-25.434,-30.790,step_10,no_load
21.928526,68.5107,70.4883,70.4409,0.0474,-23.931,-26.954,step_10,no_load
21.93875,68.5107,70.3125,70.2049,0.1076,-17.195,-23.596,step_10,no_load
21.949405,68.5107,70.1367,69.9984,0.1383,-16.499,-20.656,step_10,no_load
21.959779,68.5107,69.9609,69.8175,0.1434,-16.946,-18.083,step_10,no_load
21.970115,68.5107,69.8730,69.5876,0.2854,-8.504,-15.326,step_10,no_load
21.981107,68.5107,69.6973,69.4580,0.2393,-15.984,-12.966,step_10,no_load
21.992088,68.5107,69.5215,69.3445,0.1770,-16.009,-11.351,step_10,no_load
22.002385,68.5107,69.4336,69.2451,0.1885,-8.536,-9.937,step_10,no_load
22.012497,68.5107,69.4336,69.1581,0.2755,0.0,-8.699,step_10,no_load
22.02325,68.5107,69.3457,69.0820,0.2637,-8.174,-7.615,step_10,no_load
22.03383,68.5107,69.2578,69.0153,0.2425,-8.308,-6.666,step_10,no_load
22.044381,68.5107,69.2578,68.9569,0.3009,0.0,-5.836,step_10,no_load
22.055,68.5107,69.1699,68.8828,0.2871,-8.278,-4.946,step_10,no_load
22.065663,68.5107,69.0820,68.8409,0.2411,-8.243,-4.184,step_10,no_load
22.076319,68.5107,69.0820,68.8043,0.2777,0.0,-3.663,step_10,no_load
22.086422,68.5107,69.0820,68.7722,0.3098,0.0,-3.207,step_10,no_load
22.097008,68.5107,69.0820,68.7441,0.3379,0.0,-2.807,step_10,no_load
22.10745,68.5107,69.0820,68.7196,0.3624,0.0,-2.458,step_10,no_load
22.117874,68.5107,68.9941,68.6980,0.2961,-8.432,-2.151,step_10,no_load
22.128053,68.5107,68.9941,68.6792,0.3149,0.0,-1.883,step_10,no_load
22.138549,68.5107,68.9941,68.6627,0.3314,0.0,-1.649,step_10,no_load
22.149302,68.5107,68.9062,68.6483,0.2579,-8.174,-1.443,step_10,no_load
22.1602,68.5107,68.9062,68.6299,0.2763,0.0,-1.223,step_10,no_load
22.170785,68.5107,68.9062,68.6196,0.2866,0.0,-1.035,step_10,no_load
22.181449,68.5107,68.9062,68.6105,0.2957,0.0,-0.906,step_10,no_load
22.191874,68.5107,68.9062,68.6026,0.3036,0.0,-0.793,step_10,no_load
22.202372,68.5107,68.9062,68.5957,0.3105,0.0,-0.694,step_10,no_load
22.212516,68.5107,68.9062,68.5896,0.3166,0.0,-0.608,step_10,no_load
22.222968,68.5107,68.9062,68.5843,0.3219,0.0,-0.532,step_10,no_load
22.233544,68.5107,68.9062,68.5796,0.3266,0.0,-0.466,step_10,no_load
22.244112,68.5107,68.9062,68.5755,0.3307,0.0,-0.408,step_10,no_load
22.254802,68.5107,68.9062,68.5720,0.3342,0.0,-0.357,step_10,no_load
22.265424,68.5107,68.9062,68.5674,0.3388,0.0,-0.303,step_10,no_load
22.275725,68.5107,68.9062,68.5649,0.3413,0.0,-0.256,step_10,no_load
22.286647,68.5107,68.9062,68.5626,0.3436,0.0,-0.224,step_10,no_load
22.297792,68.5107,68.9062,68.5607,0.3455,0.0,-0.196,step_10,no_load
22.308253,68.5107,68.9062,68.5589,0.3473,0.0,-0.172,step_10,no_load
22.318959,68.5107,68.9062,68.5574,0.3488,0.0,-0.150,step_10,no_load
22.329592,68.5107,68.9062,68.5561,0.3501,0.0,-0.134,step_10,no_load
22.340046,68.5107,68.9062,68.5543,0.3519,0.0,-0.122,step_10,no_load
22.350195,68.5107,68.9062,68.5531,0.3531,0.0,-0.114,step_10,no_load
22.360761,68.5107,68.9062,68.5520,0.3542,0.0,-0.110,step_10,no_load
22.371116,68.5107,68.9062,68.5510,0.3552,0.0,-0.106,step_10,no_load
22.381591,68.5107,68.9062,68.5499,0.3563,0.0,-0.103,step_10,no_load
22.391938,68.5107,68.9062,68.5489,0.3573,0.0,-0.100,step_10,no_load
22.402137,68.5107,68.9062,68.5480,0.3582,0.0,-0.098,step_10,no_load
22.412338,68.5107,68.9062,68.5470,0.3592,0.0,-0.095,step_10,no_load
22.422831,68.5107,68.9062,68.5461,0.3601,0.0,-0.093,step_10,no_load
22.433064,68.5107,68.9062,68.5452,0.3610,0.0,-0.091,step_10,no_load
22.443756,68.5107,68.9062,68.5443,0.3619,0.0,-0.088,step_10,no_load
22.453993,68.5107,68.9062,68.5434,0.3628,0.0,-0.086,step_10,no_load
22.464618,68.5107,68.9062,68.5426,0.3636,0.0,-0.084,step_10,no_load
22.475117,68.5107,68.9062,68.5414,0.3648,0.0,-0.081,step_10,no_load
22.48571,68.5107,68.9062,68.5406,0.3656,0.0,-0.079,step_10,no_load
22.496338,68.5107,68.9062,68.5398,0.3664,0.0,-0.077,step_10,no_load
22.50686,68.5107,68.9062,68.5391,0.3671,0.0,-0.075,step_10,no_load
22.517298,68.5107,68.9062,68.5383,0.3679,0.0,-0.073,step_10,no_load
22.527553,68.5107,68.9062,68.5376,0.3686,0.0,-0.071,step_10,no_load
22.537929,68.5107,68.9062,68.5369,0.3693,0.0,-0.069,step_10,no_load
22.548251,68.5107,68.9062,68.5362,0.3700,0.0,-0.068,step_10,no_load
22.558355,68.5107,68.9062,68.5356,0.3706,0.0,-0.066,step_10,no_load
22.568892,68.5107,68.9062,68.5349,0.3713,0.0,-0.064,step_10,no_load
22.579393,68.5107,68.9062,68.5343,0.3719,0.0,-0.063,step_10,no_load
22.589678,68.5107,68.9062,68.5337,0.3725,0.0,-0.061,step_10,no_load
22.599878,68.5107,68.9062,68.5331,0.3731,0.0,-0.060,step_10,no_load
22.610054,68.5107,68.9062,68.5322,0.3740,0.0,-0.058,step_10,no_load
22.621441,68.5107,68.9062,68.5317,0.3745,0.0,-0.056,step_10,no_load
22.631556,68.5107,68.9062,68.5311,0.3751,0.0,-0.055,step_10,no_load
22.641935,68.5107,68.9062,68.5306,0.3756,0.0,-0.053,step_10,no_load
22.652949,68.5107,68.9062,68.5301,0.3761,0.0,-0.052,step_10,no_load
22.663227,68.5107,68.9062,68.5296,0.3766,0.0,-0.051,step_10,no_load
22.67373,68.5107,68.9062,68.5291,0.3771,0.0,-0.049,step_10,no_load
22.684231,68.5107,68.9062,68.5286,0.3776,0.0,-0.048,step_10,no_load
22.694864,68.5107,68.9062,68.5281,0.3781,0.0,-0.047,step_10,no_load
22.705215,68.5107,68.9062,68.5274,0.3788,0.0,-0.046,step_10,no_load
22.715377,68.5107,68.9062,68.5270,0.3792,0.0,-0.044,step_10,no_load
22.725981,68.5107,68.9062,68.5266,0.3796,0.0,-0.043,step_10,no_load
22.736449,68.5107,68.9062,68.5261,0.3801,0.0,-0.042,step_10,no_load
22.747083,68.5107,68.9062,68.5257,0.3805,0.0,-0.041,step_10,no_load
22.757544,68.5107,68.9062,68.5253,0.3809,0.0,-0.040,step_10,no_load
22.768069,68.5107,68.9062,68.5249,0.3813,0.0,-0.039,step_10,no_load
22.778373,68.5107,68.9062,68.5246,0.3816,0.0,-0.038,step_10,no_load
22.788914,68.5107,68.9062,68.5242,0.3820,0.0,-0.037,step_10,no_load
22.799742,68.5107,68.9062,68.5238,0.3824,0.0,-0.036,step_10,no_load
22.809856,68.5107,68.9062,68.5235,0.3827,0.0,-0.035,step_10,no_load
22.819985,68.5107,68.9062,68.5231,0.3831,0.0,-0.034,step_10,no_load
22.830516,68.5107,68.9062,68.5226,0.3836,0.0,-0.033,step_10,no_load
22.840887,68.5107,68.9062,68.5223,0.3839,0.0,-0.032,step_10,no_load
22.851111,68.5107,68.9062,68.5220,0.3842,0.0,-0.031,step_10,no_load
22.861546,68.5107,68.9062,68.5217,0.3845,0.0,-0.031,step_10,no_load
22.872391,68.5107,68.9062,68.5214,0.3848,0.0,-0.030,step_10,no_load
22.882687,68.5107,68.9062,68.5211,0.3851,0.0,-0.029,step_10,no_load
22.893145,68.5107,68.9062,68.5208,0.3854,0.0,-0.028,step_10,no_load
22.904647,82.2129,68.9062,68.5205,0.3857,0.0,-0.028,step_10,no_load
22.915171,82.2129,68.9062,68.5201,0.3861,0.0,-0.027,step_10,no_load
22.925575,82.2129,68.9062,68.5199,0.3863,0.0,-0.026,step_10,no_load
22.936174,82.2129,68.9062,68.5196,0.3866,0.0,-0.025,step_10,no_load
22.947093,82.2129,68.9062,68.5194,0.3868,0.0,-0.025,step_10,no_load
22.957306,82.2129,68.9062,68.5191,0.3871,0.0,-0.024,step_10,no_load
22.967971,82.2129,68.9941,68.5189,0.4752,8.242,-0.024,step_10,no_load
22.978256,82.2129,69.5215,68.9057,0.6158,51.279,38.682,step_10,no_load
22.988383,82.2129,70.3125,69.7288,0.5837,78.108,82.305,step_10,no_load
22.998708,82.2129,71.2793,70.9077,0.3716,93.637,117.898,step_10,no_load
23.009148,82.2129,72.3340,72.2162,0.1178,101.025,130.842,step_10,no_load
23.019304,82.2129,73.5645,73.4339,0.1306,121.16,121.776,step_10,no_load
23.029738,82.2129,74.6191,74.5174,0.1017,101.073,108.348,step_10,no_load
23.040422,82.2129,75.7617,75.9014,-0.1397,106.945,92.268,step_10,no_load
23.051161,82.2129,76.7285,76.6828,0.0457,90.027,78.144,step_10,no_load
23.061638,82.2129,77.5195,77.3671,0.1524,75.499,68.421,step_10,no_load
23.071827,82.2129,78.2227,77.9660,0.2567,69.016,59.899,step_10,no_load
23.082944,82.2129,78.7500,78.4904,0.2596,47.432,52.438,step_10,no_load
23.093037,82.2129,79.1016,78.9495,0.1521,34.836,45.905,step_10,no_load
23.104035,82.2129,79.4531,79.3513,0.1018,31.96,40.186,step_10,no_load
23.114677,82.2129,79.8047,79.7031,0.1016,33.039,35.180,step_10,no_load
23.125224,82.2129,79.9805,80.1504,-0.1699,16.668,29.817,step_10,no_load
23.135544,82.2129,80.2441,80.4026,-0.1585,25.543,25.225,step_10,no_load
23.145832,82.2129,80.4199,80.6235,-0.2036,17.088,22.082,step_10,no_load
23.156471,82.2129,80.5957,80.8168,-0.2211,16.524,19.331,step_10,no_load
23.167129,82.2129,80.7715,80.9860,-0.2145,16.495,16.923,step_10,no_load
23.178116,82.2129,80.9473,81.1342,-0.1869,16.001,14.815,step_10,no_load
23.188289,82.2129,81.0352,81.2638,-0.2286,8.641,12.969,step_10,no_load
23.198422,82.2129,81.1230,81.3774,-0.2544,8.665,11.353,step_10,no_load
23.209074,82.2129,81.2988,81.4768,-0.1780,16.504,9.939,step_10,no_load
23.219425,82.2129,81.2988,81.5638,-0.2650,0.0,8.701,step_10,no_load
23.229726,82.2129,81.3867,81.6399,-0.2532,8.533,7.617,step_10,no_load
23.24047,82.2129,81.4746,81.7368,-0.2622,8.181,6.456,step_10,no_load
23.250712,82.2129,81.5625,81.7914,-0.2289,8.582,5.461,step_10,no_load
23.261496,82.2129,81.5625,81.8392,-0.2767,0.0,4.781,step_10,no_load
23.272301,82.2129,81.5625,81.8811,-0.3186,0.0,4.185,step_10,no_load
23.283401,82.2129,81.5625,81.9177,-0.3552,0.0,3.664,step_10,no_load
23.294405,82.2129,81.6504,81.9498,-0.2994,7.988,3.208,step_10,no_load
23.305543,82.2129,81.7383,81.9906,-0.2523,7.892,2.719,step_10,no_load
23.316235,82.2129,81.7383,82.0135,-0.2752,0.0,2.300,step_10,no_load
23.32652,82.2129,81.7383,82.0337,-0.2954,0.0,2.013,step_10,no_load
23.337253,82.2129,81.8262,82.0513,-0.2251,8.19,1.763,step_10,no_load
23.347507,82.2129,81.8262,82.0667,-0.2405,0.0,1.543,step_10,no_load
23.359004,82.2129,81.8262,82.0802,-0.2540,0.0,1.351,step_10,no_load
23.369536,82.2129,81.8262,82.0921,-0.2659,0.0,1.182,step_10,no_load
23.379764,82.2129,81.8262,82.1024,-0.2762,0.0,1.035,step_10,no_load
23.390043,82.2129,81.8262,82.1156,-0.2894,0.0,0.877,step_10,no_load
23.400483,82.2129,81.8262,82.1230,-0.2968,0.0,0.742,step_10,no_load
23.411475,82.2129,81.8262,82.1295,-0.3033,0.0,0.650,step_10,no_load
23.421619,82.2129,81.8262,82.1352,-0.3090,0.0,0.569,step_10,no_load
23.432032,82.2129,81.8262,82.1402,-0.3140,0.0,0.498,step_10,no_load
23.442221,82.2129,81.8262,82.1445,-0.3183,0.0,0.436,step_10,no_load
23.45265,82.2129,81.8262,82.1483,-0.3221,0.0,0.382,step_10,no_load
23.463599,82.2129,81.8262,82.1517,-0.3255,0.0,0.334,step_10,no_load
23.473866,82.2129,81.8262,82.1546,-0.3284,0.0,0.292,step_10,no_load
23.484597,82.2129,81.8262,82.1572,-0.3310,0.0,0.256,step_10,no_load
23.49499,82.2129,81.8262,82.1594,-0.3332,0.0,0.224,step_10,no_load
23.50612,82.2129,81.8262,82.1623,-0.3361,0.0,0.190,step_10,no_load
23.516831,82.2129,81.8262,82.1639,-0.3377,0.0,0.161,step_10,no_load
23.527846,82.2129,81.8262,82.1653,-0.3391,0.0,0.141,step_10,no_load
23.538335,82.2129,81.8262,82.1666,-0.3404,0.0,0.128,step_10,no_load
23.548971,82.2129,81.8262,82.1678,-0.3416,0.0,0.120,step_10,no_load
23.560184,82.2129,81.8262,82.1695,-0.3433,0.0,0.113,step_10,no_load
23.571104,82.2129,81.8262,82.1705,-0.3443,0.0,0.108,step_10,no_load
23.581504,82.2129,81.8262,82.1716,-0.3454,0.0,0.105,step_10,no_load
23.592482,82.2129,81.8262,82.1726,-0.3464,0.0,0.102,step_10,no_load
23.603087,82.2129,81.8262,82.1736,-0.3474,0.0,0.099,step_10,no_load
23.613708,82.2129,81.8262,82.1746,-0.3484,0.0,0.096,step_10,no_load
23.624315,82.2129,81.8262,82.1755,-0.3493,0.0,0.094,step_10,no_load
23.634823,82.2129,81.8262,82.1764,-0.3502,0.0,0.092,step_10,no_load
23.645536,82.2129,81.8262,82.1777,-0.3515,0.0,0.089,step_10,no_load
23.656201,82.2129,81.8262,82.1786,-0.3524,0.0,0.086,step_10,no_load
23.66658,82.2129,81.8262,82.1794,-0.3532,0.0,0.084,step_10,no_load
23.677358,82.2129,81.8262,82.1803,-0.3541,0.0,0.082,step_10,no_load
23.687496,82.2129,81.8262,82.1811,-0.3549,0.0,0.080,step_10,no_load
23.698196,82.2129,81.8262,82.1818,-0.3556,0.0,0.078,step_10,no_load
23.70899,82.2129,81.8262,82.1826,-0.3564,0.0,0.076,step_10,no_load
23.719512,82.2129,81.8262,82.1833,-0.3571,0.0,0.074,step_10,no_load
23.730128,82.2129,81.8262,82.1844,-0.3582,0.0,0.072,step_10,no_load
23.740425,82.2129,81.8262,82.1851,-0.3589,0.0,0.069,step_10,no_load
23.750613,82.2129,81.8262,82.1858,-0.3596,0.0,0.068,step_10,no_load
23.761007,82.2129,81.8262,82.1864,-0.3602,0.0,0.066,step_10,no_load
23.771302,82.2129,81.8262,82.1871,-0.3609,0.0,0.064,step_10,no_load
23.781909,82.2129,81.8262,82.1877,-0.3615,0.0,0.063,step_10,no_load
23.792575,82.2129,81.8262,82.1883,-0.3621,0.0,0.061,step_10,no_load
23.80335,82.2129,81.8262,82.1889,-0.3627,0.0,0.060,step_10,no_load
23.814077,82.2129,81.8262,82.1895,-0.3633,0.0,0.058,step_10,no_load
23.824336,82.2129,81.8262,82.1901,-0.3639,0.0,0.057,step_10,no_load
23.834938,82.2129,81.8262,82.1906,-0.3644,0.0,0.055,step_10,no_load
23.845946,82.2129,81.8262,82.1914,-0.3652,0.0,0.054,step_10,no_load
23.856465,82.2129,81.8262,82.1920,-0.3658,0.0,0.052,step_10,no_load
23.866664,82.2129,81.8262,82.1925,-0.3663,0.0,0.051,step_10,no_load
23.877104,82.2129,81.8262,82.1930,-0.3668,0.0,0.049,step_10,no_load
23.887856,82.2129,81.8262,82.1934,-0.3672,0.0,0.048,step_10,no_load
23.898465,82.2129,81.8262,82.1939,-0.3677,0.0,0.047,step_10,no_load
23.909085,82.2129,81.8262,82.1944,-0.3682,0.0,0.046,step_10,no_load
23.91956,82.2129,81.8262,82.1948,-0.3686,0.0,0.045,step_10,no_load
23.929821,82.2129,81.8262,82.1953,-0.3691,0.0,0.044,step_10,no_load
23.94005,82.2129,81.8262,82.1959,-0.3697,0.0,0.042,step_10,no_load
23.950765,82.2129,81.8262,82.1963,-0.3701,0.0,0.041,step_10,no_load
23.96138,82.2129,81.8262,82.1967,-0.3705,0.0,0.040,step_10,no_load
23.971897,82.2129,81.8262,82.1971,-0.3709,0.0,0.039,step_10,no_load
23.98288,82.2129,81.8262,82.1975,-0.3713,0.0,0.038,step_10,no_load
23.993315,82.2129,81.8262,82.1978,-0.3716,0.0,0.037,step_10,no_load
24.003815,82.2129,81.8262,82.1982,-0.3720,0.0,0.036,step_10,no_load
24.014811,82.2129,81.8262,82.1986,-0.3724,0.0,0.035,step_10,no_load
24.025092,82.2129,81.8262,82.1991,-0.3729,0.0,0.034,step_10,no_load
24.035392,82.2129,81.8262,82.1994,-0.3732,0.0,0.033,step_10,no_load
24.045998,82.2129,81.8262,82.1997,-0.3735,0.0,0.032,step_10,no_load
24.056641,82.2129,81.8262,82.2000,-0.3738,0.0,0.031,step_10,no_load
24.066961,82.2129,81.8262,82.2003,-0.3741,0.0,0.031,step_10,no_load
24.077643,82.2129,81.8262,82.2006,-0.3744,0.0,0.030,step_10,no_load
24.088153,82.2129,81.8262,82.2009,-0.3747,0.0,0.029,step_10,no_load
24.098346,82.2129,81.8262,82.2012,-0.3750,0.0,0.028,step_10,no_load
