time,commanded_deg,real_deg,sim_deg,error_deg,real_vel_deg_s,sim_vel_deg_s,experiment_id,load_condition
0.001168,0.0,-0.7031,-0.7031,0.0000,0.0,0.000,step_5,no_load
0.012289,0.0,-0.7031,-0.7031,0.0000,0.0,0.000,step_5,no_load
0.02272,0.0,-0.7031,-0.7031,0.0000,0.0,0.000,step_5,no_load
0.033038,0.0,-0.7031,-0.7031,0.0000,0.0,0.000,step_5,no_load
0.043683,0.0,-0.7031,-0.7031,0.0000,0.0,0.000,step_5,no_load
0.053865,0.0,-0.7031,-0.7031,0.0000,0.0,0.000,step_5,no_load
0.064567,0.0,-0.7031,-0.7031,0.0000,0.0,0.000,step_5,no_load
0.075481,0.0,-0.7031,-0.6213,-0.0818,0.0,5.455,step_5,no_load
0.086083,0.0,-0.7031,-0.5495,-0.1536,0.0,7.179,step_5,no_load
0.096335,0.0,-0.7031,-0.4865,-0.2166,0.0,6.298,step_5,no_load
0.106796,0.0,-0.7031,-0.4313,-0.2718,0.0,5.525,step_5,no_load
0.117388,0.0,-0.7031,-0.3828,-0.3203,0.0,4.847,step_5,no_load
0.127919,0.0,-0.7031,-0.3403,-0.3628,0.0,4.253,step_5,no_load
0.138145,0.0,-0.7031,-0.3030,-0.4001,0.0,3.731,step_5,no_load
0.148463,0.0,-0.7031,-0.2702,-0.4329,0.0,3.273,step_5,no_load
0.158669,0.0,-0.7031,-0.2415,-0.4616,0.0,2.871,step_5,no_load
0.169055,0.0,-0.7031,-0.2163,-0.4868,0.0,2.519,step_5,no_load
0.179294,0.0,-0.7031,-0.1942,-0.5089,0.0,2.210,step_5,no_load
0.189818,0.0,-0.7031,-0.1748,-0.5283,0.0,1.939,step_5,no_load
0.199994,0.0,-0.7031,-0.1578,-0.5453,0.0,1.701,step_5,no_load
0.210436,0.0,-0.7031,-0.0910,-0.6121,0.0,4.453,step_5,no_load
0.220784,0.0,-0.7031,-0.0788,-0.6243,0.0,1.226,step_5,no_load
0.231306,0.0,-0.7031,-0.0680,-0.6351,0.0,1.076,step_5,no_load
0.242251,0.0,-0.7031,-0.0586,-0.6445,0.0,0.944,step_5,no_load
0.252521,0.0,-0.7031,-0.0503,-0.6528,0.0,0.828,step_5,no_load
0.262739,0.0,-0.7031,-0.0430,-0.6601,0.0,0.726,step_5,no_load
0.273264,0.0,-0.7031,-0.0367,-0.6664,0.0,0.637,step_5,no_load
0.283504,0.0,-0.7031,-0.0311,-0.6720,0.0,0.559,step_5,no_load
0.293771,0.0,-0.7031,-0.0262,-0.6769,0.0,0.490,step_5,no_load
0.304128,0.0,-0.7031,-0.0219,-0.6812,0.0,0.430,step_5,no_load
0.314464,0.0,-0.7031,-0.0181,-0.6850,0.0,0.378,step_5,no_load
0.324738,0.0,-0.7031,-0.0148,-0.6883,0.0,0.331,step_5,no_load
0.335295,0.0,-0.7031,-0.0557,-0.6474,0.0,-2.726,step_5,no_load
0.345625,0.0,-0.7031,-0.0533,-0.6498,0.0,0.239,step_5,no_load
0.356313,0.0,-0.7031,-0.0512,-0.6519,0.0,0.209,step_5,no_load
0.366465,0.0,-0.7031,-0.0493,-0.6538,0.0,0.184,step_5,no_load
0.376847,0.0,-0.7031,-0.0477,-0.6554,0.0,0.161,step_5,no_load
0.387315,0.0,-0.7031,-0.0463,-0.6568,0.0,0.141,step_5,no_load
0.397928,0.0,-0.7031,-0.0451,-0.6580,0.0,0.124,step_5,no_load
0.408609,0.0,-0.7031,-0.0440,-0.6591,0.0,0.109,step_5,no_load
0.418816,0.0,-0.7031,-0.0430,-0.6601,0.0,0.095,step_5,no_load
0.429108,0.0,-0.7031,-0.0422,-0.6609,0.0,0.084,step_5,no_load
0.439513,0.0,-0.7031,-0.0415,-0.6616,0.0,0.074,step_5,no_load
0.449988,0.0,-0.7031,-0.0408,-0.6623,0.0,0.064,step_5,no_load
0.460289,0.0,-0.7031,0.0051,-0.7082,0.0,3.062,step_5,no_load
0.470485,0.0,-0.7031,0.0056,-0.7087,0.0,0.046,step_5,no_load
0.481118,0.0,-0.7031,0.0060,-0.7091,0.0,0.041,step_5,no_load
0.491304,0.0,-0.7031,0.0064,-0.7095,0.0,0.036,step_5,no_load
0.502267,0.0,-0.7031,0.0067,-0.7098,0.0,0.031,step_5,no_load
0.512518,0.0,-0.7031,0.0069,-0.7100,0.0,0.028,step_5,no_load
0.522785,0.0,-0.7031,0.0072,-0.7103,0.0,0.024,step_5,no_load
0.532901,0.0,-0.7031,0.0074,-0.7105,0.0,0.021,step_5,no_load
0.543164,0.0,-0.7031,0.0076,-0.7107,0.0,0.019,step_5,no_load
0.553392,0.0,-0.7031,0.0077,-0.7108,0.0,0.016,step_5,no_load
0.564545,0.0,-0.7031,0.0079,-0.7110,0.0,0.014,step_5,no_load
0.574764,0.0,-0.7031,0.0080,-0.7111,0.0,0.013,step_5,no_load
0.585558,0.0,-0.7031,-0.0369,-0.6662,0.0,-2.997,step_5,no_load
0.595666,0.0,-0.7031,-0.0368,-0.6663,0.0,0.009,step_5,no_load
0.606509,0.0,-0.7031,-0.0368,-0.6663,0.0,0.008,step_5,no_load
0.616758,0.0,-0.7031,-0.0367,-0.6664,0.0,0.007,step_5,no_load
0.627155,0.0,-0.7031,-0.0366,-0.6665,0.0,0.006,step_5,no_load
0.637435,0.0,-0.7031,-0.0366,-0.6665,0.0,0.005,step_5,no_load
0.648061,0.0,-0.7031,-0.0365,-0.6666,0.0,0.005,step_5,no_load
0.658699,0.0,-0.7031,-0.0365,-0.6666,0.0,0.004,step_5,no_load
0.668839,0.0,-0.7031,-0.0365,-0.6666,0.0,0.004,step_5,no_load
0.679305,0.0,-0.7031,-0.0364,-0.6667,0.0,0.003,step_5,no_load
0.689581,0.0,-0.7031,-0.0364,-0.6667,0.0,0.003,step_5,no_load
0.700049,0.0,-0.7031,0.0088,-0.7119,0.0,3.010,step_5,no_load
0.710292,0.0,-0.7031,0.0088,-0.7119,0.0,0.002,step_5,no_load
0.720738,0.0,-0.7031,0.0088,-0.7119,0.0,0.002,step_5,no_load
0.731154,0.0,-0.7031,0.0088,-0.7119,0.0,0.002,step_5,no_load
0.741323,0.0,-0.7031,0.0088,-0.7119,0.0,0.001,step_5,no_load
0.751521,0.0,-0.7031,0.0088,-0.7119,0.0,0.001,step_5,no_load
0.762513,0.0,-0.7031,0.0088,-0.7119,0.0,0.001,step_5,no_load
0.773457,0.0,-0.7031,0.0088,-0.7119,0.0,0.001,step_5,no_load
0.784281,0.0,-0.7031,0.0089,-0.7120,0.0,0.001,step_5,no_load
0.794823,0.0,-0.7031,0.0089,-0.7120,0.0,0.001,step_5,no_load
0.805229,0.0,-0.7031,-0.0362,-0.6669,0.0,-3.007,step_5,no_load
0.815641,0.0,-0.7031,-0.0362,-0.6669,0.0,0.001,step_5,no_load
0.826193,0.0,-0.7031,-0.0362,-0.6669,0.0,0.000,step_5,no_load
0.836338,0.0,-0.7031,-0.0362,-0.6669,0.0,0.000,step_5,no_load
0.846434,0.0,-0.7031,-0.0362,-0.6669,0.0,0.000,step_5,no_load
0.856731,0.0,-0.7031,-0.0362,-0.6669,0.0,0.000,step_5,no_load
0.867201,0.0,-0.7031,-0.0362,-0.6669,0.0,0.000,step_5,no_load
0.877441,0.0,-0.7031,-0.0362,-0.6669,0.0,0.000,step_5,no_load
0.887727,0.0,-0.7031,-0.0362,-0.6669,0.0,0.000,step_5,no_load
0.897883,0.0,-0.7031,-0.0362,-0.6669,0.0,0.000,step_5,no_load
0.908523,0.0,-0.7031,-0.0362,-0.6669,0.0,0.000,step_5,no_load
0.919056,0.0,-0.7031,-0.0362,-0.6669,0.0,0.000,step_5,no_load
0.929585,0.0,-0.7031,-0.0362,-0.6669,0.0,0.000,step_5,no_load
0.940278,0.0,-0.7031,0.0089,-0.7120,0.0,3.007,step_5,no_load
0.950434,0.0,-0.7031,0.0089,-0.7120,0.0,0.000,step_5,no_load
0.961551,0.0,-0.7031,0.0089,-0.7120,0.0,0.000,step_5,no_load
0.972167,0.0,-0.7031,0.0089,-0.7120,0.0,0.000,step_5,no_load
0.982453,0.0,-0.7031,0.0089,-0.7120,0.0,0.000,step_5,no_load
0.99298,0.0,-0.7031,0.0089,-0.7120,0.0,0.000,step_5,no_load
1.003278,0.0,-0.7031,0.0089,-0.7120,0.0,0.000,step_5,no_load
1.013778,0.0,-0.7031,0.0089,-0.7120,0.0,0.000,step_5,no_load
1.023905,0.0,-0.7031,0.0089,-0.7120,0.0,0.000,step_5,no_load
1.034337,0.0,-0.7031,0.0089,-0.7120,0.0,0.000,step_5,no_load
1.044695,0.0,-0.7031,0.0089,-0.7120,0.0,0.000,step_5,no_load
1.054847,0.0,-0.7031,0.0089,-0.7120,0.0,0.000,step_5,no_load
1.065002,0.0,-0.7031,-0.0362,-0.6669,0.0,-3.007,step_5,no_load
1.075937,0.0,-0.7031,-0.0362,-0.6669,0.0,0.000,step_5,no_load
1.086086,0.0,-0.7031,-0.0362,-0.6669,0.0,0.000,step_5,no_load
1.096352,0.0,-0.7031,-0.0362,-0.6669,0.0,0.000,step_5,no_load
1.106773,0.0,-0.7031,-0.0362,-0.6669,0.0,0.000,step_5,no_load
1.117774,0.0,-0.7031,-0.0362,-0.6669,0.0,0.000,step_5,no_load
1.127926,0.0,-0.7031,-0.0362,-0.6669,0.0,0.000,step_5,no_load
1.138425,0.0,-0.7031,-0.0362,-0.6669,0.0,0.000,step_5,no_load
1.148809,0.0,-0.7031,-0.0362,-0.6669,0.0,0.000,step_5,no_load
1.159242,0.0,-0.7031,-0.0362,-0.6669,0.0,0.000,step_5,no_load
1.169898,0.0,-0.7031,-0.0362,-0.6669,0.0,0.000,step_5,no_load
1.180558,0.0,-0.7031,0.0089,-0.7120,0.0,3.007,step_5,no_load
1.190769,0.0,-0.7031,0.0089,-0.7120,0.0,0.000,step_5,no_load
1.201832,4.4561,-0.7031,0.0089,-0.7120,0.0,0.000,step_5,no_load
1.212469,4.4561,-0.7031,0.0089,-0.7120,0.0,0.000,step_5,no_load
1.22278,4.4561,-0.7031,0.0089,-0.7120,0.0,0.000,step_5,no_load
1.233106,4.4561,-0.7031,0.0089,-0.7120,0.0,0.000,step_5,no_load
1.243247,4.4561,-0.6152,0.0089,-0.6241,8.668,0.000,step_5,no_load
1.253848,4.4561,-0.4395,0.0089,-0.4484,16.574,0.000,step_5,no_load
1.264118,4.4561,-0.0879,0.0089,-0.0968,34.236,0.000,step_5,no_load
1.274451,4.4561,0.2637,0.0089,0.2548,34.027,0.000,step_5,no_load
1.284723,4.4561,0.7031,0.3473,0.3558,42.776,33.837,step_5,no_load
1.295614,4.4561,0.9668,1.2048,-0.2380,24.213,57.164,step_5,no_load
1.306275,4.4561,1.2305,1.7052,-0.4747,24.735,50.042,step_5,no_load
1.316849,4.4561,1.4063,2.1294,-0.7231,16.626,42.418,step_5,no_load
1.327313,4.4561,1.5820,2.4880,-0.9060,16.791,35.867,step_5,no_load
1.337712,4.4561,1.7578,2.7912,-1.0334,16.905,30.321,step_5,no_load
1.347947,4.4561,1.9336,3.0476,-1.1140,17.176,25.632,step_5,no_load
1.358197,4.4561,2.1094,3.2642,-1.1548,17.151,21.668,step_5,no_load
1.368408,4.4561,2.2852,3.4474,-1.1622,17.217,18.317,step_5,no_load
1.378615,4.4561,2.3730,3.6023,-1.2293,8.602,15.484,step_5,no_load
1.388766,4.4561,2.5488,3.7332,-1.1844,17.318,13.090,step_5,no_load
1.399288,4.4561,2.6367,3.8438,-1.2071,8.354,11.065,step_5,no_load
1.410349,4.4561,2.7246,3.9785,-1.2539,7.947,8.982,step_5,no_load
1.421035,4.4561,2.8125,4.0512,-1.2387,8.226,7.270,step_5,no_load
1.431697,4.4561,2.9004,4.1127,-1.2123,8.244,6.146,step_5,no_load
1.441962,4.4561,2.9883,4.1647,-1.1764,8.563,5.195,step_5,no_load
1.452173,4.4561,2.9883,4.2086,-1.2203,0.0,4.392,step_5,no_load
1.462505,4.4561,3.0762,4.2457,-1.1695,8.508,3.713,step_5,no_load
1.473533,4.4561,3.0762,4.2771,-1.2009,0.0,3.139,step_5,no_load
1.483793,4.4561,3.0762,4.3036,-1.2274,0.0,2.653,step_5,no_load
1.493993,4.4561,3.0762,4.3261,-1.2499,0.0,2.243,step_5,no_load
1.504767,4.4561,3.0762,4.3450,-1.2688,0.0,1.896,step_5,no_load
1.51495,4.4561,3.0762,4.3610,-1.2848,0.0,1.603,step_5,no_load
1.525378,4.4561,3.0762,4.3806,-1.3044,0.0,1.301,step_5,no_load
1.536013,4.4561,3.0762,4.3911,-1.3149,0.0,1.053,step_5,no_load
1.546453,4.4561,3.0762,4.4000,-1.3238,0.0,0.890,step_5,no_load
1.556862,4.4561,3.0762,4.4075,-1.3313,0.0,0.753,step_5,no_load
1.567376,4.4561,3.0762,4.4139,-1.3377,0.0,0.636,step_5,no_load
1.577812,4.4561,3.0762,4.4193,-1.3431,0.0,0.538,step_5,no_load
1.588124,4.4561,3.0762,4.4238,-1.3476,0.0,0.455,step_5,no_load
1.59837,4.4561,3.0762,4.4276,-1.3514,0.0,0.384,step_5,no_load
1.608993,4.4561,3.1641,4.4309,-1.2668,8.274,0.325,step_5,no_load
1.619177,4.4561,3.1641,4.4336,-1.2695,0.0,0.275,step_5,no_load
1.629703,4.4561,3.1641,4.4360,-1.2719,0.0,0.232,step_5,no_load
1.640136,4.4561,3.2520,4.4388,-1.1868,8.425,0.188,step_5,no_load
1.65078,4.4561,3.2520,4.4403,-1.1883,0.0,0.153,step_5,no_load
1.661043,4.4561,3.3398,4.4416,-1.1018,8.555,0.132,step_5,no_load
1.671429,4.4561,3.3398,4.4428,-1.1030,0.0,0.115,step_5,no_load
1.682229,4.4561,3.3398,4.4438,-1.1040,0.0,0.102,step_5,no_load
1.692466,4.4561,3.4277,4.4447,-1.0170,8.586,0.092,step_5,no_load
1.703091,4.4561,3.4277,4.4456,-1.0179,0.0,0.083,step_5,no_load
1.713411,4.4561,3.4277,4.4463,-1.0186,0.0,0.076,step_5,no_load
1.723831,4.4561,3.4277,4.4470,-1.0193,0.0,0.069,step_5,no_load
1.734129,4.4561,3.4277,4.4477,-1.0200,0.0,0.064,step_5,no_load
1.744696,4.4561,3.4277,4.4482,-1.0205,0.0,0.059,step_5,no_load
1.754935,4.4561,3.4277,4.4488,-1.0211,0.0,0.054,step_5,no_load
1.765241,4.4561,3.4277,4.4495,-1.0218,0.0,0.050,step_5,no_load
1.775777,4.4561,3.4277,4.4500,-1.0223,0.0,0.045,step_5,no_load
1.786055,4.4561,3.5156,4.4504,-0.9348,8.552,0.042,step_5,no_load
1.796268,4.4561,3.5156,4.4508,-0.9352,0.0,0.039,step_5,no_load
1.806463,4.4561,3.5156,4.4512,-0.9356,0.0,0.036,step_5,no_load
1.817106,4.4561,3.6035,4.4515,-0.8480,8.259,0.034,step_5,no_load
1.827447,4.4561,3.6035,4.4518,-0.8483,0.0,0.031,step_5,no_load
1.83793,4.4561,3.6035,4.4521,-0.8486,0.0,0.029,step_5,no_load
1.848263,4.4561,3.6035,4.4524,-0.8489,0.0,0.027,step_5,no_load
1.85842,4.4561,3.6035,4.4526,-0.8491,0.0,0.025,step_5,no_load
1.868636,4.4561,3.6035,4.4529,-0.8494,0.0,0.024,step_5,no_load
1.879201,4.4561,3.6035,4.4531,-0.8496,0.0,0.022,step_5,no_load
1.889507,4.4561,3.6914,4.4533,-0.7619,8.529,0.021,step_5,no_load
1.900012,4.4561,3.6914,4.4536,-0.7622,0.0,0.019,step_5,no_load
1.910147,4.4561,3.7793,4.4537,-0.6744,8.673,0.017,step_5,no_load
1.920321,4.4561,3.7793,4.4539,-0.6746,0.0,0.016,step_5,no_load
1.931122,4.4561,3.7793,4.4541,-0.6748,0.0,0.015,step_5,no_load
1.941394,4.4561,3.7793,4.4542,-0.6749,0.0,0.014,step_5,no_load
1.951881,4.4561,3.7793,4.4543,-0.6750,0.0,0.013,step_5,no_load
1.962559,4.4561,3.7793,4.4544,-0.6751,0.0,0.012,step_5,no_load
1.972747,4.4561,3.7793,4.4546,-0.6753,0.0,0.011,step_5,no_load
1.983394,4.4561,3.7793,4.4547,-0.6754,0.0,0.011,step_5,no_load
1.994337,4.4561,3.7793,4.4548,-0.6755,0.0,0.010,step_5,no_load
2.004724,4.4561,3.7793,4.4549,-0.6756,0.0,0.009,step_5,no_load
2.014962,4.4561,3.7793,4.4549,-0.6756,0.0,0.008,step_5,no_load
2.02514,4.4561,3.7793,4.4551,-0.6758,0.0,0.008,step_5,no_load
2.036184,4.4561,3.7793,4.4551,-0.6758,0.0,0.007,step_5,no_load
2.046652,4.4561,3.7793,4.4552,-0.6759,0.0,0.007,step_5,no_load
2.056986,4.4561,3.7793,4.4553,-0.6760,0.0,0.006,step_5,no_load
2.067319,4.4561,3.7793,4.4553,-0.6760,0.0,0.006,step_5,no_load
2.07746,4.4561,3.7793,4.4554,-0.6761,0.0,0.005,step_5,no_load
2.087667,4.4561,3.7793,4.4554,-0.6761,0.0,0.005,step_5,no_load
2.098367,4.4561,3.7793,4.4555,-0.6762,0.0,0.005,step_5,no_load
2.108628,4.4561,3.7793,4.4555,-0.6762,0.0,0.004,step_5,no_load
2.118802,4.4561,3.7793,4.4555,-0.6762,0.0,0.004,step_5,no_load
2.129918,4.4561,3.7793,4.4556,-0.6763,0.0,0.004,step_5,no_load
2.140276,4.4561,3.7793,4.4556,-0.6763,0.0,0.003,step_5,no_load
2.15085,4.4561,3.7793,4.4557,-0.6764,0.0,0.003,step_5,no_load
2.16158,4.4561,3.7793,4.4557,-0.6764,0.0,0.003,step_5,no_load
2.171821,4.4561,3.7793,4.4557,-0.6764,0.0,0.003,step_5,no_load
2.182059,4.4561,3.7793,4.4558,-0.6765,0.0,0.003,step_5,no_load
2.192388,4.4561,3.7793,4.4558,-0.6765,0.0,0.002,step_5,no_load
2.203476,4.4561,3.7793,4.4558,-0.6765,0.0,0.002,step_5,no_load
2.213716,4.4561,3.7793,4.4558,-0.6765,0.0,0.002,step_5,no_load
2.224786,4.4561,3.7793,4.4558,-0.6765,0.0,0.002,step_5,no_load
2.235017,4.4561,3.7793,4.4559,-0.6766,0.0,0.002,step_5,no_load
2.245987,4.4561,3.7793,4.4559,-0.6766,0.0,0.002,step_5,no_load
2.256181,4.4561,3.7793,4.4559,-0.6766,0.0,0.002,step_5,no_load
2.266704,4.4561,3.7793,4.4559,-0.6766,0.0,0.001,step_5,no_load
2.276879,4.4561,3.7793,4.4559,-0.6766,0.0,0.001,step_5,no_load
2.287487,4.4561,3.7793,4.4559,-0.6766,0.0,0.001,step_5,no_load
2.297683,4.4561,3.7793,4.4559,-0.6766,0.0,0.001,step_5,no_load
2.307854,4.4561,3.7793,4.4560,-0.6767,0.0,0.001,step_5,no_load
2.318333,4.4561,3.7793,4.4560,-0.6767,0.0,0.001,step_5,no_load
2.32883,4.4561,3.7793,4.4560,-0.6767,0.0,0.001,step_5,no_load
2.339369,4.4561,3.7793,4.4560,-0.6767,0.0,0.001,step_5,no_load
2.349535,4.4561,3.7793,4.4560,-0.6767,0.0,0.001,step_5,no_load
2.360511,4.4561,3.7793,4.4560,-0.6767,0.0,0.001,step_5,no_load
2.370965,4.4561,3.7793,4.4560,-0.6767,0.0,0.001,step_5,no_load
2.381416,4.4561,3.7793,4.4560,-0.6767,0.0,0.001,step_5,no_load
2.391676,4.4561,3.7793,4.4560,-0.6767,0.0,0.001,step_5,no_load
2.403029,0.0,3.7793,4.4560,-0.6767,0.0,0.001,step_5,no_load
2.413331,0.0,3.7793,4.4560,-0.6767,0.0,0.001,step_5,no_load
2.423608,0.0,3.8672,4.4560,-0.5888,8.553,0.000,step_5,no_load
2.433874,0.0,3.8672,4.4560,-0.5888,0.0,0.000,step_5,no_load
2.444167,0.0,3.8672,4.4560,-0.5888,0.0,0.000,step_5,no_load
2.454446,0.0,3.7793,4.4560,-0.6767,-8.551,0.000,step_5,no_load
2.464716,0.0,3.6914,4.4561,-0.7647,-8.559,0.000,step_5,no_load
2.474986,0.0,3.5156,4.3687,-0.8531,-17.118,-8.736,step_5,no_load
2.485222,0.0,3.0762,3.6361,-0.5599,-42.927,-48.842,step_5,no_load
2.495666,0.0,2.5488,3.0750,-0.5262,-50.498,-56.106,step_5,no_load
2.506393,0.0,2.1973,2.6006,-0.4033,-32.768,-47.439,step_5,no_load
2.516756,0.0,1.8457,2.1996,-0.3539,-33.928,-40.104,step_5,no_load
2.526948,0.0,1.6699,1.8606,-0.1907,-17.249,-33.902,step_5,no_load
2.537406,0.0,1.5820,1.5740,0.0080,-8.405,-28.659,step_5,no_load
2.547584,0.0,1.4941,1.3317,0.1624,-8.636,-24.227,step_5,no_load
2.557904,0.0,1.4063,1.1269,0.2794,-8.508,-20.480,step_5,no_load
2.568599,0.0,1.3184,0.9538,0.3646,-8.219,-17.313,step_5,no_load
2.579167,0.0,1.1426,0.8074,0.3352,-16.635,-14.635,step_5,no_load
2.589441,0.0,1.0547,0.6837,0.3710,-8.556,-12.372,step_5,no_load
2.600383,0.0,0.9668,0.5331,0.4337,-8.033,-10.043,step_5,no_load
2.611072,0.0,0.8789,0.4518,0.4271,-8.223,-8.129,step_5,no_load
2.621315,0.0,0.8789,0.3831,0.4958,0.0,-6.872,step_5,no_load
2.631683,0.0,0.8789,0.3250,0.5539,0.0,-5.809,step_5,no_load
2.642395,0.0,0.7910,0.2759,0.5151,-8.206,-4.911,step_5,no_load
2.652663,0.0,0.7031,0.2344,0.4687,-8.561,-4.151,step_5,no_load
2.662836,0.0,0.6152,0.1993,0.4159,-8.641,-3.509,step_5,no_load
2.673406,0.0,0.6152,0.1696,0.4456,0.0,-2.966,step_5,no_load
2.683627,0.0,0.5273,0.1445,0.3828,-8.6,-2.508,step_5,no_load
2.693911,0.0,0.5273,0.1233,0.4040,0.0,-2.120,step_5,no_load
2.704844,0.0,0.5273,0.1054,0.4219,0.0,-1.792,step_5,no_load
2.715169,0.0,0.5273,0.0836,0.4437,0.0,-1.455,step_5,no_load
2.725677,0.0,0.4395,0.0718,0.3677,-8.356,-1.177,step_5,no_load
2.736004,0.0,0.4395,0.0619,0.3776,0.0,-0.995,step_5,no_load
2.746133,0.0,0.4395,0.0534,0.3861,0.0,-0.841,step_5,no_load
2.756924,0.0,0.3516,0.0463,0.3053,-8.146,-0.711,step_5,no_load
2.767441,0.0,0.3516,0.0403,0.3113,0.0,-0.601,step_5,no_load
2.777617,0.0,0.3516,0.0352,0.3164,0.0,-0.508,step_5,no_load
2.787867,0.0,0.3516,0.0309,0.3207,0.0,-0.430,step_5,no_load
2.798442,0.0,0.3516,0.0273,0.3243,0.0,-0.363,step_5,no_load
2.808894,0.0,0.3516,0.0242,0.3274,0.0,-0.307,step_5,no_load
2.819565,0.0,0.3516,0.0216,0.3300,0.0,-0.260,step_5,no_load
2.830606,0.0,0.3516,0.0185,0.3331,0.0,-0.211,step_5,no_load
2.841792,0.0,0.3516,0.0168,0.3348,0.0,-0.171,step_5,no_load
2.851978,0.0,0.3516,0.0153,0.3363,0.0,-0.145,step_5,no_load
2.862289,0.0,0.3516,0.0141,0.3375,0.0,-0.126,step_5,no_load
2.872692,0.0,0.3516,0.0130,0.3386,0.0,-0.111,step_5,no_load
2.882849,0.0,0.3516,0.0120,0.3396,0.0,-0.099,step_5,no_load
2.89312,0.0,0.3516,0.0111,0.3405,0.0,-0.089,step_5,no_load
2.904196,0.0,0.3516,0.0103,0.3413,0.0,-0.080,step_5,no_load
2.914435,0.0,0.3516,0.0095,0.3421,0.0,-0.073,step_5,no_load
2.924619,0.0,0.3516,0.0089,0.3427,0.0,-0.067,step_5,no_load
2.935338,0.0,0.3516,0.0080,0.3436,0.0,-0.061,step_5,no_load
2.94605,0.0,0.3516,0.0074,0.3442,0.0,-0.055,step_5,no_load
2.956198,0.0,0.3516,0.0069,0.3447,0.0,-0.051,step_5,no_load
2.966593,0.0,0.3516,0.0064,0.3452,0.0,-0.047,step_5,no_load
2.977264,0.0,0.3516,0.0060,0.3456,0.0,-0.044,step_5,no_load
2.987536,0.0,0.3516,0.0056,0.3460,0.0,-0.041,step_5,no_load
2.998158,0.0,0.3516,0.0052,0.3464,0.0,-0.038,step_5,no_load
3.008569,0.0,0.3516,0.0048,0.3468,0.0,-0.035,step_5,no_load
3.01906,0.0,0.3516,0.0045,0.3471,0.0,-0.033,step_5,no_load
3.029679,0.0,0.3516,0.0042,0.3474,0.0,-0.031,step_5,no_load
3.040514,0.0,0.3516,0.0038,0.3478,0.0,-0.028,step_5,no_load
3.050913,0.0,0.3516,0.0035,0.3481,0.0,-0.026,step_5,no_load
3.061471,0.0,0.3516,0.0033,0.3483,0.0,-0.024,step_5,no_load
3.07189,0.0,0.3516,0.0030,0.3486,0.0,-0.022,step_5,no_load
3.082119,0.0,0.3516,0.0028,0.3488,0.0,-0.021,step_5,no_load
3.092895,0.0,0.3516,0.0026,0.3490,0.0,-0.019,step_5,no_load
3.103106,0.0,0.3516,0.0025,0.3491,0.0,-0.018,step_5,no_load
3.113519,0.0,0.3516,0.0023,0.3493,0.0,-0.017,step_5,no_load
3.124111,0.0,0.3516,0.0021,0.3495,0.0,-0.016,step_5,no_load
3.134496,0.0,0.3516,0.0020,0.3496,0.0,-0.015,step_5,no_load
3.144741,0.0,0.3516,0.0019,0.3497,0.0,-0.014,step_5,no_load
3.155007,0.0,0.3516,0.0017,0.3499,0.0,-0.012,step_5,no_load
3.165261,0.0,0.3516,0.0016,0.3500,0.0,-0.011,step_5,no_load
3.175636,0.0,0.3516,0.0015,0.3501,0.0,-0.011,step_5,no_load
3.186674,0.0,0.3516,0.0014,0.3502,0.0,-0.010,step_5,no_load
3.1972,0.0,0.3516,0.0013,0.3503,0.0,-0.009,step_5,no_load
3.207794,0.0,0.3516,0.0012,0.3504,0.0,-0.009,step_5,no_load
3.217963,0.0,0.3516,0.0011,0.3505,0.0,-0.008,step_5,no_load
3.228224,0.0,0.3516,0.0010,0.3506,0.0,-0.007,step_5,no_load
3.238397,0.0,0.3516,0.0010,0.3506,0.0,-0.007,step_5,no_load
3.248655,0.0,0.3516,0.0009,0.3507,0.0,-0.006,step_5,no_load
3.259072,0.0,0.3516,0.0008,0.3508,0.0,-0.006,step_5,no_load
3.269775,0.0,0.3516,0.0008,0.3508,0.0,-0.006,step_5,no_load
3.279971,0.0,0.3516,0.0007,0.3509,0.0,-0.005,step_5,no_load
3.290983,0.0,0.3516,0.0006,0.3510,0.0,-0.005,step_5,no_load
3.30165,0.0,0.3516,0.0006,0.3510,0.0,-0.004,step_5,no_load
3.312244,0.0,0.3516,0.0006,0.3510,0.0,-0.004,step_5,no_load
3.322641,0.0,0.3516,0.0005,0.3511,0.0,-0.004,step_5,no_load
3.333131,0.0,0.3516,0.0005,0.3511,0.0,-0.004,step_5,no_load
3.343502,0.0,0.3516,0.0005,0.3511,0.0,-0.003,step_5,no_load
3.35427,0.0,0.3516,0.0004,0.3512,0.0,-0.003,step_5,no_load
3.36447,0.0,0.3516,0.0004,0.3512,0.0,-0.003,step_5,no_load
3.374728,0.0,0.3516,0.0004,0.3512,0.0,-0.003,step_5,no_load
3.385341,0.0,0.3516,0.0003,0.3513,0.0,-0.002,step_5,no_load
3.395588,0.0,0.3516,0.0003,0.3513,0.0,-0.002,step_5,no_load
3.406748,0.0,0.3516,0.0003,0.3513,0.0,-0.002,step_5,no_load
3.416942,0.0,0.3516,0.0003,0.3513,0.0,-0.002,step_5,no_load
3.427449,0.0,0.3516,0.0002,0.3514,0.0,-0.002,step_5,no_load
3.437862,0.0,0.3516,0.0002,0.3514,0.0,-0.002,step_5,no_load
3.448248,0.0,0.3516,0.0002,0.3514,0.0,-0.002,step_5,no_load
3.458728,0.0,0.3516,0.0002,0.3514,0.0,-0.001,step_5,no_load
3.469123,0.0,0.3516,0.0002,0.3514,0.0,-0.001,step_5,no_load
3.479562,0.0,0.3516,0.0002,0.3514,0.0,-0.001,step_5,no_load
3.489758,0.0,0.3516,0.0002,0.3514,0.0,-0.001,step_5,no_load
3.500472,0.0,0.3516,0.0001,0.3515,0.0,-0.001,step_5,no_load
3.511136,0.0,0.3516,0.0001,0.3515,0.0,-0.001,step_5,no_load
3.522133,0.0,0.3516,0.0001,0.3515,0.0,-0.001,step_5,no_load
3.532338,0.0,0.3516,0.0001,0.3515,0.0,-0.001,step_5,no_load
3.542659,0.0,0.3516,0.0001,0.3515,0.0,-0.001,step_5,no_load
3.552984,0.0,0.3516,0.0001,0.3515,0.0,-0.001,step_5,no_load
3.563745,0.0,0.3516,0.0001,0.3515,0.0,-0.001,step_5,no_load
3.574072,0.0,0.3516,0.0001,0.3515,0.0,-0.001,step_5,no_load
3.584324,0.0,0.3516,0.0001,0.3515,0.0,-0.001,step_5,no_load
3.5946,0.0,0.3516,0.0001,0.3515,0.0,-0.001,step_5,no_load
3.606408,4.4561,0.3516,0.0001,0.3515,0.0,-0.001,step_5,no_load
3.616948,4.4561,0.3516,0.0001,0.3515,0.0,-0.000,step_5,no_load
3.627362,4.4561,0.3516,0.0001,0.3515,0.0,-0.000,step_5,no_load
3.6378,4.4561,0.3516,0.0001,0.3515,0.0,-0.000,step_5,no_load
3.648185,4.4561,0.3516,0.0001,0.3515,0.0,-0.000,step_5,no_load
3.658408,4.4561,0.4395,0.0000,0.4395,8.598,-0.000,step_5,no_load
3.668834,4.4561,0.5273,0.0000,0.5273,8.421,-0.000,step_5,no_load
3.679181,4.4561,0.9668,0.0874,0.8794,42.476,8.736,step_5,no_load
3.689817,4.4561,1.4063,0.5024,0.9039,41.322,41.501,step_5,no_load
3.700876,4.4561,1.8457,1.3811,0.4646,39.732,58.578,step_5,no_load
3.711163,4.4561,2.1973,1.8555,0.3418,34.179,47.439,step_5,no_load
3.721799,4.4561,2.3730,2.2565,0.1165,16.519,40.104,step_5,no_load
3.732282,4.4561,2.5488,2.5955,-0.0467,16.77,33.902,step_5,no_load
3.743217,4.4561,2.7246,2.8821,-0.1575,16.077,28.659,step_5,no_load
3.753543,4.4561,2.9004,3.1244,-0.2240,17.025,24.227,step_5,no_load
3.764133,4.4561,2.9883,3.3292,-0.3409,8.3,20.480,step_5,no_load
3.774491,4.4561,3.1641,3.5023,-0.3382,16.972,17.313,step_5,no_load
3.785106,4.4561,3.2520,3.7131,-0.4611,8.281,14.054,step_5,no_load
3.795502,4.4561,3.3398,3.8269,-0.4871,8.446,11.375,step_5,no_load
3.805736,4.4561,3.4277,3.9230,-0.4953,8.589,9.616,step_5,no_load
3.816468,4.4561,3.6035,4.0043,-0.4008,16.381,8.129,step_5,no_load
3.826913,4.4561,3.6035,4.0730,-0.4695,0.0,6.872,step_5,no_load
3.837639,4.4561,3.6914,4.1311,-0.4397,8.195,5.809,step_5,no_load
3.847831,4.4561,3.7793,4.1802,-0.4009,8.624,4.911,step_5,no_load
3.858082,4.4561,3.8672,4.2217,-0.3545,8.575,4.151,step_5,no_load
3.868489,4.4561,3.9551,4.2568,-0.3017,8.446,3.509,step_5,no_load
3.878642,4.4561,3.9551,4.2865,-0.3314,0.0,2.966,step_5,no_load
3.888885,4.4561,3.9551,4.3116,-0.3565,0.0,2.508,step_5,no_load
3.899477,4.4561,3.9551,4.3328,-0.3777,0.0,2.120,step_5,no_load
3.910572,4.4561,3.9551,4.3586,-0.4035,0.0,1.721,step_5,no_load
3.921206,4.4561,4.0430,4.3725,-0.3295,8.266,1.393,step_5,no_load
3.931893,4.4561,4.0430,4.3843,-0.3413,0.0,1.177,step_5,no_load
3.942192,4.4561,4.0430,4.3942,-0.3512,0.0,0.995,step_5,no_load
3.9527,4.4561,4.0430,4.4027,-0.3597,0.0,0.841,step_5,no_load
3.962966,4.4561,4.0430,4.4098,-0.3668,0.0,0.711,step_5,no_load
3.973447,4.4561,4.0430,4.4158,-0.3728,0.0,0.601,step_5,no_load
3.983708,4.4561,4.0430,4.4209,-0.3779,0.0,0.508,step_5,no_load
3.994071,4.4561,4.0430,4.4252,-0.3822,0.0,0.430,step_5,no_load
4.005188,4.4561,4.0430,4.4304,-0.3874,0.0,0.349,step_5,no_load
4.015812,4.4561,4.0430,4.4332,-0.3902,0.0,0.282,step_5,no_load
4.026761,4.4561,4.0430,4.4356,-0.3926,0.0,0.239,step_5,no_load
4.037315,4.4561,4.0430,4.4376,-0.3946,0.0,0.202,step_5,no_load
4.047519,4.4561,4.0430,4.4393,-0.3963,0.0,0.171,step_5,no_load
4.057655,4.4561,4.0430,4.4408,-0.3978,0.0,0.145,step_5,no_load
4.067856,4.4561,4.0430,4.4420,-0.3990,0.0,0.126,step_5,no_load
4.07802,4.4561,4.0430,4.4431,-0.4001,0.0,0.111,step_5,no_load
4.088426,4.4561,4.0430,4.4441,-0.4011,0.0,0.099,step_5,no_load
4.098628,4.4561,4.0430,4.4450,-0.4020,0.0,0.089,step_5,no_load
4.109407,4.4561,4.0430,4.4458,-0.4028,0.0,0.080,step_5,no_load
4.119601,4.4561,4.0430,4.4466,-0.4036,0.0,0.073,step_5,no_load
4.130524,4.4561,4.0430,4.4476,-0.4046,0.0,0.066,step_5,no_load
4.141411,4.4561,4.0430,4.4481,-0.4051,0.0,0.060,step_5,no_load
4.151677,4.4561,4.0430,4.4487,-0.4057,0.0,0.055,step_5,no_load
4.162017,4.4561,4.0430,4.4492,-0.4062,0.0,0.051,step_5,no_load
4.172555,4.4561,4.0430,4.4497,-0.4067,0.0,0.047,step_5,no_load
4.182816,4.4561,4.0430,4.4501,-0.4071,0.0,0.044,step_5,no_load
4.193069,4.4561,4.0430,4.4505,-0.4075,0.0,0.041,step_5,no_load
4.203724,4.4561,4.0430,4.4509,-0.4079,0.0,0.038,step_5,no_load
4.214707,4.4561,4.0430,4.4513,-0.4083,0.0,0.035,step_5,no_load
4.22526,4.4561,4.0430,4.4518,-0.4088,0.0,0.032,step_5,no_load
4.235536,4.4561,4.0430,4.4521,-0.4091,0.0,0.030,step_5,no_load
4.245668,4.4561,4.0430,4.4523,-0.4093,0.0,0.028,step_5,no_load
4.256367,4.4561,4.0430,4.4526,-0.4096,0.0,0.026,step_5,no_load
4.266659,4.4561,4.0430,4.4528,-0.4098,0.0,0.024,step_5,no_load
4.276854,4.4561,4.0430,4.4531,-0.4101,0.0,0.022,step_5,no_load
4.287102,4.4561,4.0430,4.4533,-0.4103,0.0,0.021,step_5,no_load
4.297545,4.4561,4.0430,4.4535,-0.4105,0.0,0.019,step_5,no_load
4.307784,4.4561,4.0430,4.4536,-0.4106,0.0,0.018,step_5,no_load
4.317988,4.4561,4.0430,4.4538,-0.4108,0.0,0.017,step_5,no_load
4.328301,4.4561,4.0430,4.4540,-0.4110,0.0,0.016,step_5,no_load
4.338527,4.4561,4.0430,4.4541,-0.4111,0.0,0.015,step_5,no_load
4.349147,4.4561,4.0430,4.4542,-0.4112,0.0,0.014,step_5,no_load
4.359399,4.4561,4.0430,4.4544,-0.4114,0.0,0.013,step_5,no_load
4.369906,4.4561,4.0430,4.4545,-0.4115,0.0,0.012,step_5,no_load
4.380138,4.4561,4.0430,4.4546,-0.4116,0.0,0.011,step_5,no_load
4.391118,4.4561,4.0430,4.4547,-0.4117,0.0,0.010,step_5,no_load
4.401399,4.4561,4.0430,4.4548,-0.4118,0.0,0.009,step_5,no_load
4.412473,4.4561,4.0430,4.4549,-0.4119,0.0,0.009,step_5,no_load
4.423567,4.4561,4.0430,4.4550,-0.4120,0.0,0.008,step_5,no_load
4.433889,4.4561,4.0430,4.4551,-0.4121,0.0,0.007,step_5,no_load
4.444687,4.4561,4.0430,4.4551,-0.4121,0.0,0.007,step_5,no_load
4.455069,4.4561,3.9551,4.4552,-0.5001,-8.467,0.006,step_5,no_load
4.465737,4.4561,3.9551,4.4553,-0.5002,0.0,0.006,step_5,no_load
4.478018,4.4561,3.9551,4.4554,-0.5003,0.0,0.005,step_5,no_load
4.488813,4.4561,3.9551,4.4554,-0.5003,0.0,0.005,step_5,no_load
4.49901,4.4561,3.9551,4.4555,-0.5004,0.0,0.005,step_5,no_load
4.509349,4.4561,3.9551,4.4555,-0.5004,0.0,0.004,step_5,no_load
4.519841,4.4561,3.9551,4.4555,-0.5004,0.0,0.004,step_5,no_load
4.530005,4.4561,3.9551,4.4556,-0.5005,0.0,0.004,step_5,no_load
4.540551,4.4561,3.9551,4.4556,-0.5005,0.0,0.003,step_5,no_load
4.551134,4.4561,3.8672,4.4557,-0.5885,-8.306,0.003,step_5,no_load
4.56149,4.4561,3.8672,4.4557,-0.5885,0.0,0.003,step_5,no_load
4.572323,4.4561,3.8672,4.4557,-0.5885,0.0,0.003,step_5,no_load
4.582562,4.4561,3.8672,4.4557,-0.5885,0.0,0.003,step_5,no_load
4.593065,4.4561,3.8672,4.4558,-0.5886,0.0,0.002,step_5,no_load
4.603229,4.4561,3.8672,4.4558,-0.5886,0.0,0.002,step_5,no_load
4.613334,4.4561,3.8672,4.4558,-0.5886,0.0,0.002,step_5,no_load
4.623583,4.4561,3.8672,4.4558,-0.5886,0.0,0.002,step_5,no_load
4.63373,4.4561,3.9551,4.4559,-0.5008,8.663,0.002,step_5,no_load
4.644083,4.4561,3.9551,4.4559,-0.5008,0.0,0.002,step_5,no_load
4.654631,4.4561,3.9551,4.4559,-0.5008,0.0,0.002,step_5,no_load
4.665567,4.4561,3.9551,4.4559,-0.5008,0.0,0.001,step_5,no_load
4.676611,4.4561,3.9551,4.4559,-0.5008,0.0,0.001,step_5,no_load
4.687168,4.4561,3.9551,4.4559,-0.5008,0.0,0.001,step_5,no_load
4.697985,4.4561,3.9551,4.4559,-0.5008,0.0,0.001,step_5,no_load
4.708465,4.4561,3.9551,4.4560,-0.5009,0.0,0.001,step_5,no_load
4.718671,4.4561,3.9551,4.4560,-0.5009,0.0,0.001,step_5,no_load
4.729346,4.4561,3.9551,4.4560,-0.5009,0.0,0.001,step_5,no_load
4.739791,4.4561,3.9551,4.4560,-0.5009,0.0,0.001,step_5,no_load
4.750188,4.4561,3.9551,4.4560,-0.5009,0.0,0.001,step_5,no_load
4.760309,4.4561,3.9551,4.4560,-0.5009,0.0,0.001,step_5,no_load
4.7706,4.4561,3.9551,4.4560,-0.5009,0.0,0.001,step_5,no_load
4.780931,4.4561,3.9551,4.4560,-0.5009,0.0,0.001,step_5,no_load
4.79158,4.4561,3.8672,4.4560,-0.5888,-8.254,0.001,step_5,no_load
4.802094,4.4561,3.8672,4.4560,-0.5888,0.0,0.001,step_5,no_load
4.813321,0.0,3.8672,4.4560,-0.5888,0.0,0.001,step_5,no_load
4.824229,0.0,3.8672,4.4560,-0.5888,0.0,0.000,step_5,no_load
4.834404,0.0,3.8672,4.4560,-0.5888,0.0,0.000,step_5,no_load
4.845429,0.0,3.8672,4.4560,-0.5888,0.0,0.000,step_5,no_load
4.855853,0.0,3.8672,4.4560,-0.5888,0.0,0.000,step_5,no_load
4.866465,0.0,3.8672,4.4561,-0.5889,0.0,0.000,step_5,no_load
4.877492,0.0,3.8672,4.4561,-0.5889,0.0,0.000,step_5,no_load
4.88798,0.0,3.5156,4.1995,-0.6839,-33.524,-25.655,step_5,no_load
4.89821,0.0,2.9004,3.6361,-0.7357,-60.137,-56.344,step_5,no_load
4.908594,0.0,2.4609,3.0750,-0.6141,-42.325,-56.106,step_5,no_load
4.918743,0.0,2.1973,2.6006,-0.4033,-25.973,-47.439,step_5,no_load
4.929322,0.0,1.8457,2.1996,-0.3539,-33.236,-40.104,step_5,no_load
4.940405,0.0,1.6699,1.7113,-0.0414,-15.862,-32.555,step_5,no_load
4.951276,0.0,1.4941,1.4478,0.0463,-16.171,-26.350,step_5,no_load
4.961411,0.0,1.4063,1.2250,0.1813,-8.663,-22.275,step_5,no_load
4.971845,0.0,1.2305,1.0367,0.1938,-16.849,-18.830,step_5,no_load
4.982009,0.0,1.0547,0.8775,0.1772,-17.296,-15.918,step_5,no_load
4.992658,0.0,0.9668,0.7430,0.2238,-8.254,-13.456,step_5,no_load
5.003086,0.0,0.8789,0.6292,0.2497,-8.429,-11.375,step_5,no_load
5.014188,0.0,0.7910,0.5331,0.2579,-7.917,-9.616,step_5,no_load
5.024741,0.0,0.7910,0.4518,0.3392,0.0,-8.129,step_5,no_load
5.035838,0.0,0.7910,0.3528,0.4382,0.0,-6.599,step_5,no_load
5.046333,0.0,0.7910,0.2994,0.4916,0.0,-5.341,step_5,no_load
5.056703,0.0,0.7031,0.2542,0.4489,-8.476,-4.515,step_5,no_load
5.067117,0.0,0.7031,0.2161,0.4870,0.0,-3.817,step_5,no_load
5.077453,0.0,0.7031,0.1838,0.5193,0.0,-3.226,step_5,no_load
5.087704,0.0,0.7031,0.1565,0.5466,0.0,-2.727,step_5,no_load
5.098489,0.0,0.7031,0.1335,0.5696,0.0,-2.306,step_5,no_load
5.108675,0.0,0.7031,0.1140,0.5891,0.0,-1.949,step_5,no_load
5.118994,0.0,0.7031,0.0975,0.6056,0.0,-1.648,step_5,no_load
5.129248,0.0,0.7031,0.0836,0.6195,0.0,-1.393,step_5,no_load
5.139606,0.0,0.7031,0.0718,0.6313,0.0,-1.177,step_5,no_load
5.150127,0.0,0.7031,0.0575,0.6456,0.0,-0.956,step_5,no_load
5.160499,0.0,0.7031,0.0497,0.6534,0.0,-0.774,step_5,no_load
5.170782,0.0,0.6152,0.0432,0.5720,-8.548,-0.654,step_5,no_load
5.181328,0.0,0.5273,0.0377,0.4896,-8.335,-0.553,step_5,no_load
5.192145,0.0,0.5273,0.0330,0.4943,0.0,-0.467,step_5,no_load
5.202392,0.0,0.5273,0.0290,0.4983,0.0,-0.395,step_5,no_load
5.213025,0.0,0.5273,0.0257,0.5016,0.0,-0.334,step_5,no_load
5.223314,0.0,0.5273,0.0229,0.5044,0.0,-0.282,step_5,no_load
5.233637,0.0,0.5273,0.0205,0.5068,0.0,-0.239,step_5,no_load
5.244407,0.0,0.5273,0.0185,0.5088,0.0,-0.202,step_5,no_load
5.254914,0.0,0.5273,0.0168,0.5105,0.0,-0.171,step_5,no_load
5.265159,0.0,0.5273,0.0147,0.5126,0.0,-0.140,step_5,no_load
5.2754,0.0,0.5273,0.0135,0.5138,0.0,-0.118,step_5,no_load
5.285639,0.0,0.5273,0.0124,0.5149,0.0,-0.104,step_5,no_load
5.296683,0.0,0.5273,0.0115,0.5158,0.0,-0.093,step_5,no_load
5.306825,0.0,0.5273,0.0107,0.5166,0.0,-0.084,step_5,no_load
5.317445,0.0,0.5273,0.0099,0.5174,0.0,-0.077,step_5,no_load
5.327639,0.0,0.5273,0.0092,0.5181,0.0,-0.070,step_5,no_load
5.337778,0.0,0.5273,0.0085,0.5188,0.0,-0.065,step_5,no_load
5.347954,0.0,0.5273,0.0080,0.5193,0.0,-0.060,step_5,no_load
5.358167,0.0,0.5273,0.0074,0.5199,0.0,-0.055,step_5,no_load
5.368333,0.0,0.5273,0.0069,0.5204,0.0,-0.051,step_5,no_load
5.378596,0.0,0.5273,0.0064,0.5209,0.0,-0.047,step_5,no_load
5.388867,0.0,0.5273,0.0060,0.5213,0.0,-0.044,step_5,no_load
5.399028,0.0,0.5273,0.0056,0.5217,0.0,-0.041,step_5,no_load
5.409613,0.0,0.4395,0.0052,0.4343,-8.295,-0.038,step_5,no_load
5.420182,0.0,0.4395,0.0047,0.4348,0.0,-0.035,step_5,no_load
5.430419,0.0,0.4395,0.0043,0.4352,0.0,-0.032,step_5,no_load
5.440759,0.0,0.4395,0.0040,0.4355,0.0,-0.030,step_5,no_load
5.451551,0.0,0.4395,0.0038,0.4357,0.0,-0.028,step_5,no_load
5.46263,0.0,0.4395,0.0035,0.4360,0.0,-0.026,step_5,no_load
5.473512,0.0,0.4395,0.0033,0.4362,0.0,-0.024,step_5,no_load
5.483694,0.0,0.4395,0.0030,0.4365,0.0,-0.022,step_5,no_load
5.493956,0.0,0.4395,0.0028,0.4367,0.0,-0.021,step_5,no_load
5.504221,0.0,0.4395,0.0026,0.4369,0.0,-0.019,step_5,no_load
5.514535,0.0,0.4395,0.0025,0.4370,0.0,-0.018,step_5,no_load
5.524774,0.0,0.4395,0.0023,0.4372,0.0,-0.017,step_5,no_load
5.535549,0.0,0.4395,0.0021,0.4374,0.0,-0.015,step_5,no_load
5.545887,0.0,0.4395,0.0019,0.4376,0.0,-0.014,step_5,no_load
5.556246,0.0,0.4395,0.0018,0.4377,0.0,-0.013,step_5,no_load
5.566717,0.0,0.4395,0.0017,0.4378,0.0,-0.012,step_5,no_load
5.577223,0.0,0.3516,0.0016,0.3500,-8.367,-0.011,step_5,no_load
5.587544,0.0,0.3516,0.0015,0.3501,0.0,-0.011,step_5,no_load
5.597746,0.0,0.3516,0.0014,0.3502,0.0,-0.010,step_5,no_load
5.608244,0.0,0.3516,0.0013,0.3503,0.0,-0.009,step_5,no_load
5.618684,0.0,0.3516,0.0012,0.3504,0.0,-0.009,step_5,no_load
5.628808,0.0,0.3516,0.0011,0.3505,0.0,-0.008,step_5,no_load
5.639269,0.0,0.3516,0.0010,0.3506,0.0,-0.007,step_5,no_load
5.650044,0.0,0.3516,0.0009,0.3507,0.0,-0.007,step_5,no_load
5.66048,0.0,0.3516,0.0009,0.3507,0.0,-0.006,step_5,no_load
5.671634,0.0,0.3516,0.0008,0.3508,0.0,-0.006,step_5,no_load
5.6819,0.0,0.3516,0.0007,0.3509,0.0,-0.005,step_5,no_load
5.692162,0.0,0.3516,0.0007,0.3509,0.0,-0.005,step_5,no_load
5.702834,0.0,0.3516,0.0006,0.3510,0.0,-0.005,step_5,no_load
5.713391,0.0,0.3516,0.0006,0.3510,0.0,-0.004,step_5,no_load
5.723605,0.0,0.3516,0.0006,0.3510,0.0,-0.004,step_5,no_load
5.734066,0.0,0.3516,0.0005,0.3511,0.0,-0.004,step_5,no_load
5.744287,0.0,0.3516,0.0005,0.3511,0.0,-0.004,step_5,no_load
5.755248,0.0,0.3516,0.0004,0.3512,0.0,-0.003,step_5,no_load
5.766021,0.0,0.3516,0.0004,0.3512,0.0,-0.003,step_5,no_load
5.776598,0.0,0.3516,0.0004,0.3512,0.0,-0.003,step_5,no_load
5.786813,0.0,0.3516,0.0004,0.3512,0.0,-0.003,step_5,no_load
5.797589,0.0,0.3516,0.0003,0.3513,0.0,-0.002,step_5,no_load
5.807802,0.0,0.3516,0.0003,0.3513,0.0,-0.002,step_5,no_load
5.817972,0.0,0.3516,0.0003,0.3513,0.0,-0.002,step_5,no_load
5.828561,0.0,0.3516,0.0003,0.3513,0.0,-0.002,step_5,no_load
5.839078,0.0,0.3516,0.0002,0.3514,0.0,-0.002,step_5,no_load
5.849496,0.0,0.3516,0.0002,0.3514,0.0,-0.002,step_5,no_load
5.859821,0.0,0.3516,0.0002,0.3514,0.0,-0.002,step_5,no_load
5.870793,0.0,0.3516,0.0002,0.3514,0.0,-0.001,step_5,no_load
5.881212,0.0,0.3516,0.0002,0.3514,0.0,-0.001,step_5,no_load
5.891615,0.0,0.3516,0.0002,0.3514,0.0,-0.001,step_5,no_load
5.902079,0.0,0.3516,0.0002,0.3514,0.0,-0.001,step_5,no_load
5.912353,0.0,0.3516,0.0001,0.3515,0.0,-0.001,step_5,no_load
5.922756,0.0,0.3516,0.0001,0.3515,0.0,-0.001,step_5,no_load
5.93332,0.0,0.3516,0.0001,0.3515,0.0,-0.001,step_5,no_load
5.943993,0.0,0.3516,0.0001,0.3515,0.0,-0.001,step_5,no_load
5.95426,0.0,0.2637,0.0001,0.2636,-8.561,-0.001,step_5,no_load
5.964758,0.0,0.2637,0.0001,0.2636,0.0,-0.001,step_5,no_load
5.975592,0.0,0.2637,0.0001,0.2636,0.0,-0.001,step_5,no_load
5.986706,0.0,0.2637,0.0001,0.2636,0.0,-0.001,step_5,no_load
5.996913,0.0,0.2637,0.0001,0.2636,0.0,-0.001,step_5,no_load
6.007245,0.0,0.2637,0.0001,0.2636,0.0,-0.001,step_5,no_load
6.018364,4.4561,0.2637,0.0001,0.2636,0.0,-0.001,step_5,no_load
6.02871,4.4561,0.2637,0.0001,0.2636,0.0,-0.000,step_5,no_load
6.039327,4.4561,0.2637,0.0001,0.2636,0.0,-0.000,step_5,no_load
6.049512,4.4561,0.3516,0.0001,0.3515,8.63,-0.000,step_5,no_load
6.060194,4.4561,0.3516,0.0001,0.3515,0.0,-0.000,step_5,no_load
6.070752,4.4561,0.4395,0.0000,0.4395,8.325,-0.000,step_5,no_load
6.081355,4.4561,0.4395,0.0000,0.4395,0.0,-0.000,step_5,no_load
6.092312,4.4561,0.8789,0.2566,0.6223,40.102,25.655,step_5,no_load
6.102579,4.4561,1.4063,0.8200,0.5863,51.368,56.344,step_5,no_load
6.11284,4.4561,1.8457,1.3811,0.4646,42.822,56.106,step_5,no_load
6.123704,4.4561,2.1973,1.8555,0.3418,32.364,47.439,step_5,no_load
6.133977,4.4561,2.4609,2.2565,0.2044,25.659,40.104,step_5,no_load
6.144478,4.4561,2.6367,2.5955,0.0412,16.741,33.902,step_5,no_load
6.155025,4.4561,2.8125,3.0083,-0.1958,16.668,27.520,step_5,no_load
6.165257,4.4561,2.9004,3.2311,-0.3307,8.591,22.275,step_5,no_load
6.175501,4.4561,3.0762,3.4194,-0.3432,17.161,18.830,step_5,no_load
6.185894,4.4561,3.1641,3.5786,-0.4145,8.458,15.918,step_5,no_load
6.196778,4.4561,3.3398,3.7131,-0.3733,16.143,13.456,step_5,no_load
6.207376,4.4561,3.4277,3.8269,-0.3992,8.294,11.375,step_5,no_load
6.21784,4.4561,3.5156,3.9230,-0.4074,8.4,9.616,step_5,no_load
6.228058,4.4561,3.5156,4.0043,-0.4887,0.0,8.129,step_5,no_load
6.238728,4.4561,3.6035,4.0730,-0.4695,8.238,6.872,step_5,no_load
6.24903,4.4561,3.6914,4.1311,-0.4397,8.532,5.809,step_5,no_load
6.259248,4.4561,3.7793,4.1802,-0.4009,8.602,4.911,step_5,no_load
6.270239,4.4561,3.8672,4.2400,-0.3728,7.997,3.986,step_5,no_load
6.280469,4.4561,3.8672,4.2723,-0.4051,0.0,3.226,step_5,no_load
6.291067,4.4561,3.9551,4.2996,-0.3445,8.294,2.727,step_5,no_load
6.301307,4.4561,3.9551,4.3226,-0.3675,0.0,2.306,step_5,no_load
6.311764,4.4561,3.9551,4.3421,-0.3870,0.0,1.949,step_5,no_load
6.322134,4.4561,3.9551,4.3586,-0.4035,0.0,1.648,step_5,no_load
6.33237,4.4561,3.9551,4.3725,-0.4174,0.0,1.393,step_5,no_load
6.342637,4.4561,3.9551,4.3843,-0.4292,0.0,1.177,step_5,no_load
6.352983,4.4561,3.9551,4.3942,-0.4391,0.0,0.995,step_5,no_load
6.363277,4.4561,3.9551,4.4027,-0.4476,0.0,0.841,step_5,no_load
6.373411,4.4561,3.9551,4.4098,-0.4547,0.0,0.711,step_5,no_load
6.383789,4.4561,3.9551,4.4158,-0.4607,0.0,0.601,step_5,no_load
6.394031,4.4561,3.9551,4.4209,-0.4658,0.0,0.508,step_5,no_load
6.404279,4.4561,3.9551,4.4252,-0.4701,0.0,0.430,step_5,no_load
6.414745,4.4561,3.9551,4.4288,-0.4737,0.0,0.363,step_5,no_load
6.424984,4.4561,3.9551,4.4319,-0.4768,0.0,0.307,step_5,no_load
6.43522,4.4561,3.9551,4.4356,-0.4805,0.0,0.249,step_5,no_load
6.445555,4.4561,3.9551,4.4376,-0.4825,0.0,0.202,step_5,no_load
6.456391,4.4561,3.9551,4.4393,-0.4842,0.0,0.171,step_5,no_load
6.466808,4.4561,3.9551,4.4408,-0.4857,0.0,0.145,step_5,no_load
6.477194,4.4561,3.9551,4.4420,-0.4869,0.0,0.126,step_5,no_load
6.487566,4.4561,3.9551,4.4431,-0.4880,0.0,0.111,step_5,no_load
6.49785,4.4561,3.9551,4.4441,-0.4890,0.0,0.099,step_5,no_load
6.508167,4.4561,3.9551,4.4450,-0.4899,0.0,0.089,step_5,no_load
6.518667,4.4561,3.9551,4.4458,-0.4907,0.0,0.080,step_5,no_load
6.529136,4.4561,3.9551,4.4466,-0.4915,0.0,0.073,step_5,no_load
6.539681,4.4561,3.9551,4.4472,-0.4921,0.0,0.067,step_5,no_load
6.550251,4.4561,3.9551,4.4481,-0.4930,0.0,0.061,step_5,no_load
6.560706,4.4561,3.9551,4.4487,-0.4936,0.0,0.055,step_5,no_load
6.571149,4.4561,3.9551,4.4492,-0.4941,0.0,0.051,step_5,no_load
6.581321,4.4561,4.0430,4.4497,-0.4067,8.641,0.047,step_5,no_load
6.592297,4.4561,4.0430,4.4501,-0.4071,0.0,0.044,step_5,no_load
6.602537,4.4561,4.1309,4.4505,-0.3196,8.584,0.041,step_5,no_load
6.612829,4.4561,4.2188,4.4509,-0.2321,8.541,0.038,step_5,no_load
6.623479,4.4561,4.2188,4.4513,-0.2325,0.0,0.035,step_5,no_load
6.633947,4.4561,4.3066,4.4516,-0.1450,8.387,0.033,step_5,no_load
6.644185,4.4561,4.3945,4.4519,-0.0574,8.586,0.031,step_5,no_load
6.654426,4.4561,4.3945,4.4522,-0.0577,0.0,0.029,step_5,no_load
6.664696,4.4561,4.4824,4.4525,0.0299,8.559,0.027,step_5,no_load
6.674929,4.4561,4.4824,4.4527,0.0297,0.0,0.025,step_5,no_load
6.685159,4.4561,4.4824,4.4531,0.0293,0.0,0.023,step_5,no_load
6.695399,4.4561,4.5703,4.4533,0.1170,8.584,0.021,step_5,no_load
6.705715,4.4561,4.5703,4.4535,0.1168,0.0,0.019,step_5,no_load
6.71601,4.4561,4.5703,4.4536,0.1167,0.0,0.018,step_5,no_load
6.726218,4.4561,4.6582,4.4538,0.2044,8.611,0.017,step_5,no_load
6.736687,4.4561,4.6582,4.4540,0.2042,0.0,0.016,step_5,no_load
6.746912,4.4561,4.6582,4.4541,0.2041,0.0,0.015,step_5,no_load
6.757483,4.4561,4.7461,4.4542,0.2919,8.315,0.014,step_5,no_load
6.768077,4.4561,4.7461,4.4544,0.2917,0.0,0.013,step_5,no_load
6.778475,4.4561,4.7461,4.4545,0.2916,0.0,0.012,step_5,no_load
6.788951,4.4561,4.7461,4.4546,0.2915,0.0,0.011,step_5,no_load
6.799183,4.4561,4.7461,4.4547,0.2914,0.0,0.010,step_5,no_load
6.809814,4.4561,4.7461,4.4548,0.2913,0.0,0.010,step_5,no_load
6.820637,4.4561,4.7461,4.4549,0.2912,0.0,0.009,step_5,no_load
6.831062,4.4561,4.7461,4.4550,0.2911,0.0,0.008,step_5,no_load
6.84172,4.4561,4.7461,4.4551,0.2910,0.0,0.007,step_5,no_load
6.85227,4.4561,4.7461,4.4551,0.2910,0.0,0.007,step_5,no_load
6.863081,4.4561,4.7461,4.4552,0.2909,0.0,0.006,step_5,no_load
6.873254,4.4561,4.7461,4.4553,0.2908,0.0,0.006,step_5,no_load
6.884013,4.4561,4.7461,4.4553,0.2908,0.0,0.006,step_5,no_load
6.894341,4.4561,4.7461,4.4554,0.2907,0.0,0.005,step_5,no_load
6.905227,4.4561,4.7461,4.4555,0.2906,0.0,0.005,step_5,no_load
6.915372,4.4561,4.7461,4.4555,0.2906,0.0,0.004,step_5,no_load
6.925923,4.4561,4.6582,4.4555,0.2027,-8.331,0.004,step_5,no_load
6.936091,4.4561,4.6582,4.4556,0.2026,0.0,0.004,step_5,no_load
6.946282,4.4561,4.6582,4.4556,0.2026,0.0,0.004,step_5,no_load
6.95678,4.4561,4.6582,4.4556,0.2026,0.0,0.003,step_5,no_load
6.967871,4.4561,4.5703,4.4557,0.1146,-7.925,0.003,step_5,no_load
6.978407,4.4561,4.5703,4.4557,0.1146,0.0,0.003,step_5,no_load
6.988629,4.4561,4.5703,4.4557,0.1146,0.0,0.003,step_5,no_load
6.998898,4.4561,4.4824,4.4558,0.0266,-8.56,0.002,step_5,no_load
7.009102,4.4561,4.3945,4.4558,-0.0613,-8.614,0.002,step_5,no_load
7.019763,4.4561,4.3945,4.4558,-0.0613,0.0,0.002,step_5,no_load
7.030862,4.4561,4.3945,4.4558,-0.0613,0.0,0.002,step_5,no_load
7.041914,4.4561,4.3066,4.4559,-0.1493,-7.953,0.002,step_5,no_load
7.052245,4.4561,4.3066,4.4559,-0.1493,0.0,0.002,step_5,no_load
7.062604,4.4561,4.3066,4.4559,-0.1493,0.0,0.002,step_5,no_load
7.072885,4.4561,4.3066,4.4559,-0.1493,0.0,0.001,step_5,no_load
7.08349,4.4561,4.3066,4.4559,-0.1493,0.0,0.001,step_5,no_load
7.094324,4.4561,4.2188,4.4559,-0.2371,-8.104,0.001,step_5,no_load
7.10471,4.4561,4.2188,4.4559,-0.2371,0.0,0.001,step_5,no_load
7.115081,4.4561,4.2188,4.4560,-0.2372,0.0,0.001,step_5,no_load
7.125501,4.4561,4.2188,4.4560,-0.2372,0.0,0.001,step_5,no_load
7.135689,4.4561,4.2188,4.4560,-0.2372,0.0,0.001,step_5,no_load
7.145984,4.4561,4.2188,4.4560,-0.2372,0.0,0.001,step_5,no_load
7.156566,4.4561,4.2188,4.4560,-0.2372,0.0,0.001,step_5,no_load
7.166771,4.4561,4.2188,4.4560,-0.2372,0.0,0.001,step_5,no_load
7.177286,4.4561,4.2188,4.4560,-0.2372,0.0,0.001,step_5,no_load
7.187631,4.4561,4.2188,4.4560,-0.2372,0.0,0.001,step_5,no_load
7.197929,4.4561,4.2188,4.4560,-0.2372,0.0,0.001,step_5,no_load
7.208203,4.4561,4.2188,4.4560,-0.2372,0.0,0.001,step_5,no_load
7.2195,0.0,4.2188,4.4560,-0.2372,0.0,0.001,step_5,no_load
7.230591,0.0,4.2188,4.4560,-0.2372,0.0,0.000,step_5,no_load
7.240842,0.0,4.2188,4.4560,-0.2372,0.0,0.000,step_5,no_load
7.251762,0.0,4.3066,4.4560,-0.1494,8.04,0.000,step_5,no_load
7.262084,0.0,4.3066,4.4560,-0.1494,0.0,0.000,step_5,no_load
7.272407,0.0,4.3066,4.4561,-0.1495,0.0,0.000,step_5,no_load
7.282734,0.0,4.0430,4.4561,-0.4131,-25.525,0.000,step_5,no_load
7.293056,0.0,3.6035,4.1995,-0.5960,-42.579,-25.655,step_5,no_load
7.30338,0.0,3.1641,3.6361,-0.4720,-42.561,-56.344,step_5,no_load
7.314453,0.0,2.7246,3.0750,-0.3504,-39.691,-56.106,step_5,no_load
7.324763,0.0,2.3730,2.6006,-0.2276,-34.103,-47.439,step_5,no_load
7.33495,0.0,2.1973,2.1996,-0.0023,-17.247,-40.104,step_5,no_load
7.34525,0.0,2.0215,1.7113,0.3102,-17.068,-32.555,step_5,no_load
7.356088,0.0,1.9336,1.4478,0.4858,-8.11,-26.350,step_5,no_load
7.366837,0.0,1.7578,1.2250,0.5328,-16.355,-22.275,step_5,no_load
7.377101,0.0,1.5820,1.0367,0.5453,-17.128,-18.830,step_5,no_load
7.387725,0.0,1.4063,0.8775,0.5288,-16.538,-15.918,step_5,no_load
7.398004,0.0,1.3184,0.7430,0.5754,-8.551,-13.456,step_5,no_load
7.408246,0.0,1.1426,0.6292,0.5134,-17.165,-11.375,step_5,no_load
7.418471,0.0,1.0547,0.5331,0.5216,-8.597,-9.616,step_5,no_load
7.428765,0.0,0.8789,0.4518,0.4271,-17.078,-8.129,step_5,no_load
7.439194,0.0,0.8789,0.3831,0.4958,0.0,-6.872,step_5,no_load
7.449483,0.0,0.7910,0.3250,0.4660,-8.543,-5.809,step_5,no_load
7.459864,0.0,0.7031,0.2759,0.4272,-8.467,-4.911,step_5,no_load
7.470351,0.0,0.6152,0.2161,0.3991,-8.382,-3.986,step_5,no_load
7.48078,0.0,0.5273,0.1838,0.3435,-8.428,-3.226,step_5,no_load
7.49106,0.0,0.5273,0.1565,0.3708,0.0,-2.727,step_5,no_load
7.501529,0.0,0.4395,0.1335,0.3060,-8.387,-2.306,step_5,no_load
7.512364,0.0,0.4395,0.1140,0.3255,0.0,-1.949,step_5,no_load
7.522741,0.0,0.3516,0.0975,0.2541,-8.471,-1.648,step_5,no_load
7.533044,0.0,0.3516,0.0836,0.2680,0.0,-1.393,step_5,no_load
7.543315,0.0,0.3516,0.0718,0.2798,0.0,-1.177,step_5,no_load
7.553702,0.0,0.3516,0.0619,0.2897,0.0,-0.995,step_5,no_load
7.563995,0.0,0.3516,0.0534,0.2982,0.0,-0.841,step_5,no_load
7.574416,0.0,0.3516,0.0463,0.3053,0.0,-0.711,step_5,no_load
7.585157,0.0,0.3516,0.0377,0.3139,0.0,-0.577,step_5,no_load
7.595485,0.0,0.3516,0.0330,0.3186,0.0,-0.467,step_5,no_load
7.605963,0.0,0.3516,0.0290,0.3226,0.0,-0.395,step_5,no_load
7.616213,0.0,0.3516,0.0257,0.3259,0.0,-0.334,step_5,no_load
7.626685,0.0,0.3516,0.0229,0.3287,0.0,-0.282,step_5,no_load
7.637057,0.0,0.3516,0.0205,0.3311,0.0,-0.239,step_5,no_load
7.647422,0.0,0.3516,0.0185,0.3331,0.0,-0.202,step_5,no_load
7.657841,0.0,0.3516,0.0168,0.3348,0.0,-0.171,step_5,no_load
7.668163,0.0,0.3516,0.0153,0.3363,0.0,-0.145,step_5,no_load
7.678414,0.0,0.3516,0.0141,0.3375,0.0,-0.126,step_5,no_load
7.688756,0.0,0.3516,0.0130,0.3386,0.0,-0.111,step_5,no_load
7.698971,0.0,0.3516,0.0120,0.3396,0.0,-0.099,step_5,no_load
7.709409,0.0,0.3516,0.0111,0.3405,0.0,-0.089,step_5,no_load
7.719708,0.0,0.3516,0.0103,0.3413,0.0,-0.080,step_5,no_load
7.730673,0.0,0.3516,0.0092,0.3424,0.0,-0.072,step_5,no_load
7.740885,0.0,0.3516,0.0085,0.3431,0.0,-0.065,step_5,no_load
7.751517,0.0,0.3516,0.0080,0.3436,0.0,-0.060,step_5,no_load
7.762609,0.0,0.3516,0.0074,0.3442,0.0,-0.055,step_5,no_load
7.773056,0.0,0.3516,0.0069,0.3447,0.0,-0.051,step_5,no_load
7.78345,0.0,0.3516,0.0064,0.3452,0.0,-0.047,step_5,no_load
7.794308,0.0,0.3516,0.0060,0.3456,0.0,-0.044,step_5,no_load
7.804679,0.0,0.3516,0.0056,0.3460,0.0,-0.041,step_5,no_load
7.815224,0.0,0.3516,0.0050,0.3466,0.0,-0.037,step_5,no_load
7.825583,0.0,0.3516,0.0047,0.3469,0.0,-0.034,step_5,no_load
7.836324,0.0,0.3516,0.0043,0.3473,0.0,-0.032,step_5,no_load
7.84678,0.0,0.3516,0.0040,0.3476,0.0,-0.030,step_5,no_load
7.857399,0.0,0.3516,0.0038,0.3478,0.0,-0.028,step_5,no_load
7.867717,0.0,0.3516,0.0035,0.3481,0.0,-0.026,step_5,no_load
7.877914,0.0,0.3516,0.0033,0.3483,0.0,-0.024,step_5,no_load
7.888063,0.0,0.3516,0.0030,0.3486,0.0,-0.022,step_5,no_load
7.898378,0.0,0.3516,0.0028,0.3488,0.0,-0.021,step_5,no_load
7.908579,0.0,0.3516,0.0026,0.3490,0.0,-0.019,step_5,no_load
7.918814,0.0,0.2637,0.0025,0.2612,-8.588,-0.018,step_5,no_load
7.928982,0.0,0.2637,0.0023,0.2614,0.0,-0.017,step_5,no_load
7.939416,0.0,0.2637,0.0021,0.2616,0.0,-0.016,step_5,no_load
7.950056,0.0,0.2637,0.0019,0.2618,0.0,-0.014,step_5,no_load
7.96055,0.0,0.2637,0.0018,0.2619,0.0,-0.013,step_5,no_load
7.970848,0.0,0.2637,0.0017,0.2620,0.0,-0.012,step_5,no_load
7.981063,0.0,0.2637,0.0016,0.2621,0.0,-0.011,step_5,no_load
7.99129,0.0,0.1758,0.0015,0.1743,-8.595,-0.011,step_5,no_load
8.001404,0.0,0.1758,0.0014,0.1744,0.0,-0.010,step_5,no_load
8.011695,0.0,0.1758,0.0013,0.1745,0.0,-0.009,step_5,no_load
8.022301,0.0,0.1758,0.0012,0.1746,0.0,-0.009,step_5,no_load
8.03256,0.0,0.1758,0.0011,0.1747,0.0,-0.008,step_5,no_load
8.042833,0.0,0.1758,0.0010,0.1748,0.0,-0.007,step_5,no_load
8.053903,0.0,0.1758,0.0010,0.1748,0.0,-0.007,step_5,no_load
8.064171,0.0,0.1758,0.0009,0.1749,0.0,-0.006,step_5,no_load
8.0753,0.0,0.1758,0.0008,0.1750,0.0,-0.006,step_5,no_load
8.085857,0.0,0.1758,0.0007,0.1751,0.0,-0.005,step_5,no_load
8.096789,0.0,0.1758,0.0007,0.1751,0.0,-0.005,step_5,no_load
8.107319,0.0,0.1758,0.0006,0.1752,0.0,-0.005,step_5,no_load
8.117924,0.0,0.1758,0.0006,0.1752,0.0,-0.004,step_5,no_load
8.128382,0.0,0.1758,0.0006,0.1752,0.0,-0.004,step_5,no_load
8.138681,0.0,0.1758,0.0005,0.1753,0.0,-0.004,step_5,no_load
8.149259,0.0,0.1758,0.0005,0.1753,0.0,-0.004,step_5,no_load
8.159542,0.0,0.1758,0.0005,0.1753,0.0,-0.003,step_5,no_load
8.170415,0.0,0.1758,0.0004,0.1754,0.0,-0.003,step_5,no_load
8.181157,0.0,0.1758,0.0004,0.1754,0.0,-0.003,step_5,no_load
8.191792,0.0,0.1758,0.0004,0.1754,0.0,-0.003,step_5,no_load
8.202055,0.0,0.1758,0.0003,0.1755,0.0,-0.002,step_5,no_load
8.212327,0.0,0.1758,0.0003,0.1755,0.0,-0.002,step_5,no_load
8.222675,0.0,0.1758,0.0003,0.1755,0.0,-0.002,step_5,no_load
8.232947,0.0,0.1758,0.0003,0.1755,0.0,-0.002,step_5,no_load
8.243656,0.0,0.1758,0.0002,0.1756,0.0,-0.002,step_5,no_load
8.253821,0.0,0.1758,0.0002,0.1756,0.0,-0.002,step_5,no_load
8.264085,0.0,0.1758,0.0002,0.1756,0.0,-0.002,step_5,no_load
8.274348,0.0,0.1758,0.0002,0.1756,0.0,-0.001,step_5,no_load
8.284839,0.0,0.1758,0.0002,0.1756,0.0,-0.001,step_5,no_load
8.295487,0.0,0.1758,0.0002,0.1756,0.0,-0.001,step_5,no_load
8.305683,0.0,0.1758,0.0002,0.1756,0.0,-0.001,step_5,no_load
8.316143,0.0,0.1758,0.0001,0.1757,0.0,-0.001,step_5,no_load
8.326682,0.0,0.1758,0.0001,0.1757,0.0,-0.001,step_5,no_load
8.337007,0.0,0.1758,0.0001,0.1757,0.0,-0.001,step_5,no_load
8.347245,0.0,0.1758,0.0001,0.1757,0.0,-0.001,step_5,no_load
8.357576,0.0,0.1758,0.0001,0.1757,0.0,-0.001,step_5,no_load
8.368014,0.0,0.2637,0.0001,0.2636,8.421,-0.001,step_5,no_load
8.37838,0.0,0.2637,0.0001,0.2636,0.0,-0.001,step_5,no_load
8.389019,0.0,0.2637,0.0001,0.2636,0.0,-0.001,step_5,no_load
8.399372,0.0,0.2637,0.0001,0.2636,0.0,-0.001,step_5,no_load
8.409673,0.0,0.2637,0.0001,0.2636,0.0,-0.001,step_5,no_load
8.420714,4.4561,0.3516,0.0001,0.3515,7.961,-0.001,step_5,no_load
8.430982,4.4561,0.3516,0.0001,0.3515,0.0,-0.000,step_5,no_load
8.44121,4.4561,0.3516,0.0001,0.3515,0.0,-0.000,step_5,no_load
8.451444,4.4561,0.3516,0.0001,0.3515,0.0,-0.000,step_5,no_load
8.461851,4.4561,0.3516,0.0001,0.3515,0.0,-0.000,step_5,no_load
8.472271,4.4561,0.4395,0.0000,0.4395,8.436,-0.000,step_5,no_load
8.483139,4.4561,0.4395,0.0000,0.4395,0.0,-0.000,step_5,no_load
8.494283,4.4561,0.9668,0.0874,0.8794,47.317,8.736,step_5,no_load
8.504917,4.4561,1.4941,0.5024,0.9917,49.586,41.501,step_5,no_load
8.515713,4.4561,1.9336,1.3811,0.5525,40.71,58.578,step_5,no_load
8.525974,4.4561,2.2852,1.8555,0.4297,34.266,47.439,step_5,no_load
8.53656,4.4561,2.5488,2.2565,0.2923,24.901,40.104,step_5,no_load
8.546723,4.4561,2.7246,2.5955,0.1291,17.298,33.902,step_5,no_load
8.556983,4.4561,2.8125,2.8821,-0.0696,8.567,28.659,step_5,no_load
8.567537,4.4561,2.9883,3.1244,-0.1361,16.657,24.227,step_5,no_load
8.577745,4.4561,3.0762,3.3292,-0.2530,8.611,20.480,step_5,no_load
8.587972,4.4561,3.1641,3.5023,-0.3382,8.595,17.313,step_5,no_load
8.59825,4.4561,3.2520,3.6487,-0.3967,8.552,14.635,step_5,no_load
8.608649,4.4561,3.3398,3.7724,-0.4326,8.443,12.372,step_5,no_load
8.618919,4.4561,3.3398,3.8770,-0.5372,0.0,10.459,step_5,no_load
8.62963,4.4561,3.4277,3.9654,-0.5377,8.207,8.841,step_5,no_load
8.640439,4.4561,3.5156,4.0730,-0.5574,8.132,7.177,step_5,no_load
8.650596,4.4561,3.5156,4.1311,-0.6155,0.0,5.809,step_5,no_load
8.661045,4.4561,3.6035,4.1802,-0.5767,8.412,4.911,step_5,no_load
8.671289,4.4561,3.6035,4.2217,-0.6182,0.0,4.151,step_5,no_load
8.682133,4.4561,3.6035,4.2568,-0.6533,0.0,3.509,step_5,no_load
8.692589,4.4561,3.6914,4.2865,-0.5951,8.407,2.966,step_5,no_load
8.703216,4.4561,3.6914,4.3116,-0.6202,0.0,2.508,step_5,no_load
8.713807,4.4561,3.6914,4.3328,-0.6414,0.0,2.120,step_5,no_load
8.72442,4.4561,3.7793,4.3507,-0.5714,8.282,1.792,step_5,no_load
8.734569,4.4561,3.7793,4.3658,-0.5865,0.0,1.515,step_5,no_load
8.744811,4.4561,3.7793,4.3787,-0.5994,0.0,1.281,step_5,no_load
8.755168,4.4561,3.7793,4.3942,-0.6149,0.0,1.040,step_5,no_load
8.765891,4.4561,3.7793,4.4027,-0.6234,0.0,0.841,step_5,no_load
8.776106,4.4561,3.7793,4.4098,-0.6305,0.0,0.711,step_5,no_load
8.78638,4.4561,3.7793,4.4158,-0.6365,0.0,0.601,step_5,no_load
8.79706,4.4561,3.7793,4.4209,-0.6416,0.0,0.508,step_5,no_load
8.807577,4.4561,3.7793,4.4252,-0.6459,0.0,0.430,step_5,no_load
8.818294,4.4561,3.7793,4.4288,-0.6495,0.0,0.363,step_5,no_load
8.828597,4.4561,3.7793,4.4319,-0.6526,0.0,0.307,step_5,no_load
8.839246,4.4561,3.7793,4.4345,-0.6552,0.0,0.260,step_5,no_load
8.849591,4.4561,3.7793,4.4367,-0.6574,0.0,0.219,step_5,no_load
8.860504,4.4561,3.7793,4.4393,-0.6600,0.0,0.178,step_5,no_load
8.870872,4.4561,3.8672,4.4408,-0.5736,8.478,0.145,step_5,no_load
8.881383,4.4561,3.8672,4.4420,-0.5748,0.0,0.126,step_5,no_load
8.89187,4.4561,3.8672,4.4431,-0.5759,0.0,0.111,step_5,no_load
8.902138,4.4561,3.8672,4.4441,-0.5769,0.0,0.099,step_5,no_load
8.912403,4.4561,3.8672,4.4450,-0.5778,0.0,0.089,step_5,no_load
8.92271,4.4561,3.8672,4.4458,-0.5786,0.0,0.080,step_5,no_load
8.932932,4.4561,3.8672,4.4466,-0.5794,0.0,0.073,step_5,no_load
8.943196,4.4561,3.8672,4.4472,-0.5800,0.0,0.067,step_5,no_load
8.9541,4.4561,3.8672,4.4479,-0.5807,0.0,0.062,step_5,no_load
8.964404,4.4561,3.8672,4.4484,-0.5812,0.0,0.057,step_5,no_load
8.974667,4.4561,3.8672,4.4490,-0.5818,0.0,0.053,step_5,no_load
8.984997,4.4561,3.8672,4.4495,-0.5823,0.0,0.049,step_5,no_load
8.996139,4.4561,3.8672,4.4501,-0.5829,0.0,0.045,step_5,no_load
9.006638,4.4561,3.8672,4.4505,-0.5833,0.0,0.041,step_5,no_load
9.016962,4.4561,3.8672,4.4509,-0.5837,0.0,0.038,step_5,no_load
9.027432,4.4561,3.8672,4.4513,-0.5841,0.0,0.035,step_5,no_load
9.037645,4.4561,3.8672,4.4516,-0.5844,0.0,0.033,step_5,no_load
9.047792,4.4561,3.8672,4.4519,-0.5847,0.0,0.031,step_5,no_load
9.057933,4.4561,3.8672,4.4522,-0.5850,0.0,0.029,step_5,no_load
9.068594,4.4561,3.8672,4.4525,-0.5853,0.0,0.027,step_5,no_load
9.078985,4.4561,3.8672,4.4527,-0.5855,0.0,0.025,step_5,no_load
9.089712,4.4561,3.8672,4.4529,-0.5857,0.0,0.023,step_5,no_load
9.100596,4.4561,3.8672,4.4533,-0.5861,0.0,0.021,step_5,no_load
9.111085,4.4561,3.8672,4.4535,-0.5863,0.0,0.019,step_5,no_load
9.121418,4.4561,3.8672,4.4536,-0.5864,0.0,0.018,step_5,no_load
9.131694,4.4561,3.8672,4.4538,-0.5866,0.0,0.017,step_5,no_load
9.141972,4.4561,3.8672,4.4540,-0.5868,0.0,0.016,step_5,no_load
9.152346,4.4561,3.8672,4.4541,-0.5869,0.0,0.015,step_5,no_load
9.16262,4.4561,3.8672,4.4542,-0.5870,0.0,0.014,step_5,no_load
9.172879,4.4561,3.8672,4.4544,-0.5872,0.0,0.013,step_5,no_load
9.183574,4.4561,3.8672,4.4545,-0.5873,0.0,0.012,step_5,no_load
9.194267,4.4561,3.9551,4.4546,-0.4995,8.22,0.011,step_5,no_load
9.204569,4.4561,3.9551,4.4547,-0.4996,0.0,0.010,step_5,no_load
9.215098,4.4561,3.9551,4.4548,-0.4997,0.0,0.009,step_5,no_load
9.225469,4.4561,3.9551,4.4549,-0.4998,0.0,0.009,step_5,no_load
9.235645,4.4561,3.9551,4.4550,-0.4999,0.0,0.008,step_5,no_load
9.246186,4.4561,3.9551,4.4551,-0.5000,0.0,0.007,step_5,no_load
9.256689,4.4561,3.9551,4.4551,-0.5000,0.0,0.007,step_5,no_load
9.267365,4.4561,3.9551,4.4552,-0.5001,0.0,0.006,step_5,no_load
9.277738,4.4561,3.9551,4.4553,-0.5002,0.0,0.006,step_5,no_load
9.288436,4.4561,3.9551,4.4553,-0.5002,0.0,0.006,step_5,no_load
9.2987,4.4561,3.9551,4.4554,-0.5003,0.0,0.005,step_5,no_load
9.309275,4.4561,3.9551,4.4554,-0.5003,0.0,0.005,step_5,no_load
9.320181,4.4561,3.9551,4.4555,-0.5004,0.0,0.004,step_5,no_load
9.330573,4.4561,3.9551,4.4555,-0.5004,0.0,0.004,step_5,no_load
9.341254,4.4561,3.9551,4.4556,-0.5005,0.0,0.004,step_5,no_load
9.351597,4.4561,3.9551,4.4556,-0.5005,0.0,0.004,step_5,no_load
9.361855,4.4561,3.9551,4.4556,-0.5005,0.0,0.003,step_5,no_load
9.372117,4.4561,3.9551,4.4557,-0.5006,0.0,0.003,step_5,no_load
9.382377,4.4561,3.9551,4.4557,-0.5006,0.0,0.003,step_5,no_load
9.39308,4.4561,3.9551,4.4557,-0.5006,0.0,0.003,step_5,no_load
9.403341,4.4561,3.9551,4.4558,-0.5007,0.0,0.002,step_5,no_load
9.413605,4.4561,3.9551,4.4558,-0.5007,0.0,0.002,step_5,no_load
9.424216,4.4561,3.9551,4.4558,-0.5007,0.0,0.002,step_5,no_load
9.434475,4.4561,3.9551,4.4558,-0.5007,0.0,0.002,step_5,no_load
9.44571,4.4561,3.9551,4.4559,-0.5008,0.0,0.002,step_5,no_load
9.456236,4.4561,3.9551,4.4559,-0.5008,0.0,0.002,step_5,no_load
9.466721,4.4561,3.9551,4.4559,-0.5008,0.0,0.002,step_5,no_load
9.476855,4.4561,3.9551,4.4559,-0.5008,0.0,0.001,step_5,no_load
9.487454,4.4561,3.9551,4.4559,-0.5008,0.0,0.001,step_5,no_load
9.497709,4.4561,3.9551,4.4559,-0.5008,0.0,0.001,step_5,no_load
9.508106,4.4561,3.9551,4.4559,-0.5008,0.0,0.001,step_5,no_load
9.518458,4.4561,3.9551,4.4559,-0.5008,0.0,0.001,step_5,no_load
9.528594,4.4561,3.9551,4.4560,-0.5009,0.0,0.001,step_5,no_load
9.539113,4.4561,3.9551,4.4560,-0.5009,0.0,0.001,step_5,no_load
9.549581,4.4561,3.9551,4.4560,-0.5009,0.0,0.001,step_5,no_load
9.559837,4.4561,3.9551,4.4560,-0.5009,0.0,0.001,step_5,no_load
9.570843,4.4561,3.9551,4.4560,-0.5009,0.0,0.001,step_5,no_load
9.581195,4.4561,3.9551,4.4560,-0.5009,0.0,0.001,step_5,no_load
9.592232,4.4561,3.9551,4.4560,-0.5009,0.0,0.001,step_5,no_load
9.602526,4.4561,3.9551,4.4560,-0.5009,0.0,0.001,step_5,no_load
9.612786,4.4561,3.9551,4.4560,-0.5009,0.0,0.001,step_5,no_load
9.623747,0.0,3.9551,4.4560,-0.5009,0.0,0.001,step_5,no_load
9.634167,0.0,3.9551,4.4560,-0.5009,0.0,0.000,step_5,no_load
9.644701,0.0,3.9551,4.4560,-0.5009,0.0,0.000,step_5,no_load
9.654928,0.0,3.9551,4.4560,-0.5009,0.0,0.000,step_5,no_load
9.665576,0.0,3.9551,4.4560,-0.5009,0.0,0.000,step_5,no_load
9.67622,0.0,3.8672,4.4561,-0.5889,-8.258,0.000,step_5,no_load
9.686862,0.0,3.7793,4.4561,-0.6768,-8.26,0.000,step_5,no_load
9.697032,0.0,3.5156,4.1995,-0.6839,-25.929,-25.655,step_5,no_load
9.707837,0.0,3.0762,3.6361,-0.5599,-40.666,-56.344,step_5,no_load
9.718363,0.0,2.5488,3.0750,-0.5262,-50.105,-56.106,step_5,no_load
9.728693,0.0,2.1094,2.6006,-0.4912,-42.536,-47.439,step_5,no_load
9.739307,0.0,1.7578,2.1996,-0.4418,-33.126,-40.104,step_5,no_load
9.749515,0.0,1.4941,1.8606,-0.3665,-25.833,-33.902,step_5,no_load
9.759654,0.0,1.2305,1.5740,-0.3435,-25.999,-28.659,step_5,no_load
9.770523,0.0,0.8789,1.2250,-0.3461,-32.349,-23.264,step_5,no_load
9.780973,0.0,0.7031,1.0367,-0.3336,-16.823,-18.830,step_5,no_load
9.791553,0.0,0.6152,0.8775,-0.2623,-8.308,-15.918,step_5,no_load
9.801751,0.0,0.5273,0.7430,-0.2157,-8.619,-13.456,step_5,no_load
9.812557,0.0,0.4395,0.6292,-0.1897,-8.125,-11.375,step_5,no_load
9.822802,0.0,0.2637,0.5331,-0.2694,-17.16,-9.616,step_5,no_load
9.833138,0.0,0.2637,0.4518,-0.1881,0.0,-8.129,step_5,no_load
9.843541,0.0,0.1758,0.3831,-0.2073,-8.449,-6.872,step_5,no_load
9.853933,0.0,0.1758,0.3250,-0.1492,0.0,-5.809,step_5,no_load
9.864639,0.0,0.1758,0.2759,-0.1001,0.0,-4.911,step_5,no_load
9.875117,0.0,0.1758,0.2161,-0.0403,0.0,-3.986,step_5,no_load
9.885357,0.0,0.1758,0.1838,-0.0080,0.0,-3.226,step_5,no_load
9.896191,0.0,0.1758,0.1565,0.0193,0.0,-2.727,step_5,no_load
9.906752,0.0,0.1758,0.1335,0.0423,0.0,-2.306,step_5,no_load
9.916912,0.0,0.1758,0.1140,0.0618,0.0,-1.949,step_5,no_load
9.927507,0.0,0.2637,0.0975,0.1662,8.296,-1.648,step_5,no_load
9.937679,0.0,0.2637,0.0836,0.1801,0.0,-1.393,step_5,no_load
9.948096,0.0,0.3516,0.0718,0.2798,8.438,-1.177,step_5,no_load
9.958639,0.0,0.3516,0.0619,0.2897,0.0,-0.995,step_5,no_load
9.968912,0.0,0.3516,0.0534,0.2982,0.0,-0.841,step_5,no_load
9.979564,0.0,0.3516,0.0463,0.3053,0.0,-0.711,step_5,no_load
9.989852,0.0,0.3516,0.0403,0.3113,0.0,-0.601,step_5,no_load
10.000269,0.0,0.3516,0.0330,0.3186,0.0,-0.488,step_5,no_load
10.011093,0.0,0.2637,0.0290,0.2347,-8.121,-0.395,step_5,no_load
10.021501,0.0,0.2637,0.0257,0.2380,0.0,-0.334,step_5,no_load
10.031886,0.0,0.1758,0.0229,0.1529,-8.464,-0.282,step_5,no_load
10.042122,0.0,0.1758,0.0205,0.1553,0.0,-0.239,step_5,no_load
10.052974,0.0,0.1758,0.0185,0.1573,0.0,-0.202,step_5,no_load
10.063158,0.0,0.1758,0.0168,0.1590,0.0,-0.171,step_5,no_load
10.073392,0.0,0.1758,0.0153,0.1605,0.0,-0.145,step_5,no_load
10.083639,0.0,0.1758,0.0141,0.1617,0.0,-0.126,step_5,no_load
10.093754,0.0,0.1758,0.0130,0.1628,0.0,-0.111,step_5,no_load
10.103983,0.0,0.1758,0.0120,0.1638,0.0,-0.099,step_5,no_load
10.114209,0.0,0.1758,0.0111,0.1647,0.0,-0.089,step_5,no_load
10.12476,0.0,0.1758,0.0103,0.1655,0.0,-0.080,step_5,no_load
10.134993,0.0,0.1758,0.0095,0.1663,0.0,-0.073,step_5,no_load
10.146046,0.0,0.1758,0.0085,0.1673,0.0,-0.066,step_5,no_load
10.15674,0.0,0.1758,0.0080,0.1678,0.0,-0.060,step_5,no_load
10.167282,0.0,0.1758,0.0074,0.1684,0.0,-0.055,step_5,no_load
10.17748,0.0,0.1758,0.0069,0.1689,0.0,-0.051,step_5,no_load
10.187708,0.0,0.1758,0.0064,0.1694,0.0,-0.047,step_5,no_load
10.197988,0.0,0.1758,0.0060,0.1698,0.0,-0.044,step_5,no_load
10.208172,0.0,0.1758,0.0056,0.1702,0.0,-0.041,step_5,no_load
10.21851,0.0,0.1758,0.0052,0.1706,0.0,-0.038,step_5,no_load
10.228662,0.0,0.1758,0.0048,0.1710,0.0,-0.035,step_5,no_load
10.238824,0.0,0.0879,0.0045,0.0834,-8.65,-0.033,step_5,no_load
10.24939,0.0,0.0879,0.0042,0.0837,0.0,-0.031,step_5,no_load
10.259944,0.0,0.0879,0.0039,0.0840,0.0,-0.029,step_5,no_load
10.270143,0.0,0.0879,0.0035,0.0844,0.0,-0.026,step_5,no_load
10.280675,0.0,0.0879,0.0033,0.0846,0.0,-0.024,step_5,no_load
10.291253,0.0,0.0879,0.0030,0.0849,0.0,-0.022,step_5,no_load
10.301832,0.0,0.0879,0.0028,0.0851,0.0,-0.021,step_5,no_load
10.312091,0.0,0.0879,0.0026,0.0853,0.0,-0.019,step_5,no_load
10.322605,0.0,0.0879,0.0025,0.0854,0.0,-0.018,step_5,no_load
10.333675,0.0,0.0879,0.0023,0.0856,0.0,-0.017,step_5,no_load
10.343941,0.0,0.0879,0.0021,0.0858,0.0,-0.016,step_5,no_load
10.354272,0.0,0.0879,0.0020,0.0859,0.0,-0.015,step_5,no_load
10.364762,0.0,0.0879,0.0019,0.0860,0.0,-0.014,step_5,no_load
10.375022,0.0,0.0879,0.0017,0.0862,0.0,-0.012,step_5,no_load
10.385286,0.0,0.0879,0.0016,0.0863,0.0,-0.011,step_5,no_load
10.395531,0.0,0.0879,0.0015,0.0864,0.0,-0.011,step_5,no_load
10.405655,0.0,0.0879,0.0014,0.0865,0.0,-0.010,step_5,no_load
10.416259,0.0,0.0879,0.0013,0.0866,0.0,-0.009,step_5,no_load
10.426736,0.0,0.0879,0.0012,0.0867,0.0,-0.009,step_5,no_load
10.437252,0.0,0.1758,0.0011,0.1747,8.359,-0.008,step_5,no_load
10.44775,0.0,0.1758,0.0010,0.1748,0.0,-0.007,step_5,no_load
10.458004,0.0,0.1758,0.0010,0.1748,0.0,-0.007,step_5,no_load
10.468735,0.0,0.1758,0.0009,0.1749,0.0,-0.006,step_5,no_load
10.47943,0.0,0.1758,0.0008,0.1750,0.0,-0.006,step_5,no_load
10.489583,0.0,0.1758,0.0008,0.1750,0.0,-0.006,step_5,no_load
10.500399,0.0,0.1758,0.0007,0.1751,0.0,-0.005,step_5,no_load
10.510748,0.0,0.1758,0.0006,0.1752,0.0,-0.005,step_5,no_load
10.521311,0.0,0.1758,0.0006,0.1752,0.0,-0.004,step_5,no_load
10.531831,0.0,0.1758,0.0006,0.1752,0.0,-0.004,step_5,no_load
10.542093,0.0,0.1758,0.0005,0.1753,0.0,-0.004,step_5,no_load
10.552355,0.0,0.1758,0.0005,0.1753,0.0,-0.004,step_5,no_load
10.562617,0.0,0.1758,0.0005,0.1753,0.0,-0.003,step_5,no_load
10.572883,0.0,0.1758,0.0004,0.1754,0.0,-0.003,step_5,no_load
10.583252,0.0,0.1758,0.0004,0.1754,0.0,-0.003,step_5,no_load
10.593712,0.0,0.1758,0.0004,0.1754,0.0,-0.003,step_5,no_load
10.604327,0.0,0.1758,0.0003,0.1755,0.0,-0.002,step_5,no_load
10.614608,0.0,0.1758,0.0003,0.1755,0.0,-0.002,step_5,no_load
10.624889,0.0,0.1758,0.0003,0.1755,0.0,-0.002,step_5,no_load
10.63529,0.0,0.1758,0.0003,0.1755,0.0,-0.002,step_5,no_load
10.645533,0.0,0.1758,0.0002,0.1756,0.0,-0.002,step_5,no_load
10.656034,0.0,0.1758,0.0002,0.1756,0.0,-0.002,step_5,no_load
10.666603,0.0,0.1758,0.0002,0.1756,0.0,-0.002,step_5,no_load
10.677005,0.0,0.1758,0.0002,0.1756,0.0,-0.001,step_5,no_load
10.687552,0.0,0.1758,0.0002,0.1756,0.0,-0.001,step_5,no_load
10.697829,0.0,0.1758,0.0002,0.1756,0.0,-0.001,step_5,no_load
10.708105,0.0,0.1758,0.0002,0.1756,0.0,-0.001,step_5,no_load
10.718532,0.0,0.1758,0.0002,0.1756,0.0,-0.001,step_5,no_load
10.728876,0.0,0.1758,0.0001,0.1757,0.0,-0.001,step_5,no_load
10.739057,0.0,0.1758,0.0001,0.1757,0.0,-0.001,step_5,no_load
10.749504,0.0,0.1758,0.0001,0.1757,0.0,-0.001,step_5,no_load
10.759986,0.0,0.1758,0.0001,0.1757,0.0,-0.001,step_5,no_load
10.770498,0.0,0.1758,0.0001,0.1757,0.0,-0.001,step_5,no_load
10.780968,0.0,0.1758,0.0001,0.1757,0.0,-0.001,step_5,no_load
10.791216,0.0,0.1758,0.0001,0.1757,0.0,-0.001,step_5,no_load
10.801491,0.0,0.1758,0.0001,0.1757,0.0,-0.001,step_5,no_load
10.812688,0.0,0.1758,0.0001,0.1757,0.0,-0.001,step_5,no_load
10.82297,0.0,0.1758,0.0001,0.1757,0.0,-0.001,step_5,no_load
10.834659,4.4561,0.1758,0.0001,0.1757,0.0,-0.000,step_5,no_load
10.845576,4.4561,0.1758,0.0001,0.1757,0.0,-0.000,step_5,no_load
10.856193,4.4561,0.1758,0.0001,0.1757,0.0,-0.000,step_5,no_load
10.866999,4.4561,0.1758,0.0001,0.1757,0.0,-0.000,step_5,no_load
10.87752,4.4561,0.1758,0.0000,0.1758,0.0,-0.000,step_5,no_load
10.888279,4.4561,0.2637,0.0000,0.2637,8.17,-0.000,step_5,no_load
10.898466,4.4561,0.5273,0.0000,0.5273,25.876,-0.000,step_5,no_load
10.908677,4.4561,0.8789,0.2566,0.6223,34.433,25.655,step_5,no_load
10.919135,4.4561,1.3184,0.8200,0.4984,42.025,56.344,step_5,no_load
10.929605,4.4561,1.5820,1.3811,0.2009,25.177,56.106,step_5,no_load
10.940452,4.4561,1.9336,2.0644,-0.1308,32.414,45.555,step_5,no_load
10.950541,4.4561,2.1094,2.4331,-0.3237,17.425,36.872,step_5,no_load
10.960725,4.4561,2.1973,2.7448,-0.5475,8.631,31.170,step_5,no_load
10.97086,4.4561,2.3730,3.0083,-0.6353,17.336,26.350,step_5,no_load
10.980994,4.4561,2.5488,3.2311,-0.6823,17.348,22.275,step_5,no_load
10.991388,4.4561,2.6367,3.4194,-0.7827,8.457,18.830,step_5,no_load
11.001667,4.4561,2.8125,3.5786,-0.7661,17.103,15.918,step_5,no_load
11.012162,4.4561,2.9004,3.7131,-0.8127,8.375,13.456,step_5,no_load
11.022666,4.4561,2.9883,3.8269,-0.8386,8.368,11.375,step_5,no_load
11.032941,4.4561,3.1641,3.9230,-0.7589,17.109,9.616,step_5,no_load
11.043194,4.4561,3.2520,4.0043,-0.7523,8.573,8.129,step_5,no_load
11.053277,4.4561,3.3398,4.0730,-0.7332,8.708,6.872,step_5,no_load
11.063805,4.4561,3.3398,4.1311,-0.7913,0.0,5.809,step_5,no_load
11.074365,4.4561,3.3398,4.1802,-0.8404,0.0,4.911,step_5,no_load
11.084613,4.4561,3.4277,4.2217,-0.7940,8.577,4.151,step_5,no_load
11.095381,4.4561,3.4277,4.2723,-0.8446,0.0,3.370,step_5,no_load
11.105629,4.4561,3.4277,4.2996,-0.8719,0.0,2.727,step_5,no_load
11.115951,4.4561,3.4277,4.3226,-0.8949,0.0,2.306,step_5,no_load
11.126504,4.4561,3.4277,4.3421,-0.9144,0.0,1.949,step_5,no_load
11.136698,4.4561,3.4277,4.3586,-0.9309,0.0,1.648,step_5,no_load
11.14682,4.4561,3.4277,4.3725,-0.9448,0.0,1.393,step_5,no_load
11.157509,4.4561,3.4277,4.3843,-0.9566,0.0,1.177,step_5,no_load
11.167635,4.4561,3.4277,4.3942,-0.9665,0.0,0.995,step_5,no_load
11.178053,4.4561,3.3398,4.4027,-1.0629,-8.437,0.841,step_5,no_load
11.188971,4.4561,3.3398,4.4098,-1.0700,0.0,0.711,step_5,no_load
11.199445,4.4561,3.3398,4.4158,-1.0760,0.0,0.601,step_5,no_load
11.210043,4.4561,3.3398,4.4231,-1.0833,0.0,0.488,step_5,no_load
11.220158,4.4561,3.3398,4.4271,-1.0873,0.0,0.395,step_5,no_load
11.230917,4.4561,3.3398,4.4304,-1.0906,0.0,0.334,step_5,no_load
11.24123,4.4561,3.3398,4.4332,-1.0934,0.0,0.282,step_5,no_load
11.25178,4.4561,3.3398,4.4356,-1.0958,0.0,0.239,step_5,no_load
11.262092,4.4561,3.3398,4.4376,-1.0978,0.0,0.202,step_5,no_load
11.272303,4.4561,3.3398,4.4393,-1.0995,0.0,0.171,step_5,no_load
11.282528,4.4561,3.3398,4.4408,-1.1010,0.0,0.145,step_5,no_load
11.293368,4.4561,3.3398,4.4420,-1.1022,0.0,0.126,step_5,no_load
11.303829,4.4561,3.4277,4.4431,-1.0154,8.403,0.111,step_5,no_load
11.314421,4.4561,3.4277,4.4441,-1.0164,0.0,0.099,step_5,no_load
11.324744,4.4561,3.4277,4.4450,-1.0173,0.0,0.089,step_5,no_load
11.33513,4.4561,3.5156,4.4462,-0.9306,8.463,0.079,step_5,no_load
11.345483,4.4561,3.5156,4.4469,-0.9313,0.0,0.070,step_5,no_load
11.355831,4.4561,3.5156,4.4476,-0.9320,0.0,0.065,step_5,no_load
11.366276,4.4561,3.6035,4.4481,-0.8446,8.416,0.060,step_5,no_load
11.376822,4.4561,3.6035,4.4487,-0.8452,0.0,0.055,step_5,no_load
11.386951,4.4561,3.6035,4.4492,-0.8457,0.0,0.051,step_5,no_load
11.397107,4.4561,3.6035,4.4497,-0.8462,0.0,0.047,step_5,no_load
11.407246,4.4561,3.6914,4.4501,-0.7587,8.669,0.044,step_5,no_load
11.417412,4.4561,3.6914,4.4505,-0.7591,0.0,0.041,step_5,no_load
11.427617,4.4561,3.7793,4.4509,-0.6716,8.613,0.038,step_5,no_load
11.438253,4.4561,3.7793,4.4513,-0.6720,0.0,0.035,step_5,no_load
11.448574,4.4561,3.7793,4.4516,-0.6723,0.0,0.033,step_5,no_load
11.459566,4.4561,3.7793,4.4519,-0.6726,0.0,0.031,step_5,no_load
11.470427,4.4561,3.8672,4.4523,-0.5851,8.093,0.028,step_5,no_load
11.481513,4.4561,3.8672,4.4526,-0.5854,0.0,0.026,step_5,no_load
11.493084,4.4561,3.8672,4.4528,-0.5856,0.0,0.024,step_5,no_load
11.503409,4.4561,3.9551,4.4531,-0.4980,8.513,0.022,step_5,no_load
11.513827,4.4561,3.9551,4.4533,-0.4982,0.0,0.021,step_5,no_load
11.524141,4.4561,3.9551,4.4535,-0.4984,0.0,0.019,step_5,no_load
11.534299,4.4561,3.9551,4.4536,-0.4985,0.0,0.018,step_5,no_load
11.544888,4.4561,3.9551,4.4538,-0.4987,0.0,0.017,step_5,no_load
11.555158,4.4561,3.9551,4.4540,-0.4989,0.0,0.015,step_5,no_load
11.565266,4.4561,3.9551,4.4542,-0.4991,0.0,0.014,step_5,no_load
11.575578,4.4561,3.9551,4.4543,-0.4992,0.0,0.013,step_5,no_load
11.586574,4.4561,3.9551,4.4544,-0.4993,0.0,0.012,step_5,no_load
11.597161,4.4561,3.9551,4.4545,-0.4994,0.0,0.011,step_5,no_load
11.607672,4.4561,3.9551,4.4546,-0.4995,0.0,0.011,step_5,no_load
11.618674,4.4561,3.9551,4.4547,-0.4996,0.0,0.010,step_5,no_load
11.628877,4.4561,3.9551,4.4548,-0.4997,0.0,0.009,step_5,no_load
11.639694,4.4561,3.9551,4.4549,-0.4998,0.0,0.009,step_5,no_load
11.650698,4.4561,3.9551,4.4550,-0.4999,0.0,0.008,step_5,no_load
11.660893,4.4561,3.9551,4.4551,-0.5000,0.0,0.007,step_5,no_load
11.671441,4.4561,3.9551,4.4552,-0.5001,0.0,0.007,step_5,no_load
11.681981,4.4561,3.9551,4.4552,-0.5001,0.0,0.006,step_5,no_load
11.692968,4.4561,3.9551,4.4553,-0.5002,0.0,0.006,step_5,no_load
11.703487,4.4561,3.9551,4.4554,-0.5003,0.0,0.005,step_5,no_load
11.714036,4.4561,3.9551,4.4554,-0.5003,0.0,0.005,step_5,no_load
11.72505,4.4561,3.9551,4.4555,-0.5004,0.0,0.005,step_5,no_load
11.736046,4.4561,3.9551,4.4555,-0.5004,0.0,0.004,step_5,no_load
11.746968,4.4561,3.9551,4.4556,-0.5005,0.0,0.004,step_5,no_load
11.75795,4.4561,3.9551,4.4556,-0.5005,0.0,0.004,step_5,no_load
11.768118,4.4561,3.9551,4.4556,-0.5005,0.0,0.003,step_5,no_load
11.778636,4.4561,3.9551,4.4557,-0.5006,0.0,0.003,step_5,no_load
11.788687,4.4561,3.9551,4.4557,-0.5006,0.0,0.003,step_5,no_load
11.799205,4.4561,3.9551,4.4557,-0.5006,0.0,0.003,step_5,no_load
11.809767,4.4561,3.9551,4.4557,-0.5006,0.0,0.003,step_5,no_load
11.819873,4.4561,3.9551,4.4558,-0.5007,0.0,0.002,step_5,no_load
11.830867,4.4561,3.9551,4.4558,-0.5007,0.0,0.002,step_5,no_load
11.84129,4.4561,3.9551,4.4558,-0.5007,0.0,0.002,step_5,no_load
11.851758,4.4561,3.9551,4.4558,-0.5007,0.0,0.002,step_5,no_load
11.862071,4.4561,3.9551,4.4559,-0.5008,0.0,0.002,step_5,no_load
11.87243,4.4561,3.9551,4.4559,-0.5008,0.0,0.002,step_5,no_load
11.882807,4.4561,3.9551,4.4559,-0.5008,0.0,0.002,step_5,no_load
11.892936,4.4561,3.9551,4.4559,-0.5008,0.0,0.001,step_5,no_load
11.904003,4.4561,3.9551,4.4559,-0.5008,0.0,0.001,step_5,no_load
11.914885,4.4561,3.9551,4.4559,-0.5008,0.0,0.001,step_5,no_load
11.925704,4.4561,3.9551,4.4559,-0.5008,0.0,0.001,step_5,no_load
11.935865,4.4561,3.9551,4.4560,-0.5009,0.0,0.001,step_5,no_load
11.946222,4.4561,3.9551,4.4560,-0.5009,0.0,0.001,step_5,no_load
11.956362,4.4561,3.9551,4.4560,-0.5009,0.0,0.001,step_5,no_load
11.966547,4.4561,3.9551,4.4560,-0.5009,0.0,0.001,step_5,no_load
11.976995,4.4561,3.9551,4.4560,-0.5009,0.0,0.001,step_5,no_load
11.98721,4.4561,3.9551,4.4560,-0.5009,0.0,0.001,step_5,no_load
11.997385,4.4561,3.9551,4.4560,-0.5009,0.0,0.001,step_5,no_load
12.007597,4.4561,3.9551,4.4560,-0.5009,0.0,0.001,step_5,no_load
12.017909,4.4561,3.9551,4.4560,-0.5009,0.0,0.001,step_5,no_load
12.028483,4.4561,3.9551,4.4560,-0.5009,0.0,0.001,step_5,no_load
12.039828,0.0,3.9551,4.4560,-0.5009,0.0,0.001,step_5,no_load
12.050109,0.0,3.9551,4.4560,-0.5009,0.0,0.000,step_5,no_load
12.060339,0.0,3.9551,4.4560,-0.5009,0.0,0.000,step_5,no_load
12.070498,0.0,3.8672,4.4560,-0.5888,-8.652,0.000,step_5,no_load
12.080751,0.0,3.8672,4.4560,-0.5888,0.0,0.000,step_5,no_load
12.091187,0.0,3.6914,4.4561,-0.7647,-16.846,0.000,step_5,no_load
12.101486,0.0,3.6035,4.4561,-0.8526,-8.535,0.000,step_5,no_load
12.111747,0.0,3.4277,4.1995,-0.7718,-17.133,-25.655,step_5,no_load
12.121923,0.0,3.1641,3.6361,-0.4720,-25.904,-56.344,step_5,no_load
12.132299,0.0,2.6367,3.0750,-0.4383,-50.829,-56.106,step_5,no_load
12.142496,0.0,2.2852,2.6006,-0.3154,-34.471,-47.439,step_5,no_load
12.153179,0.0,1.9336,2.1996,-0.2660,-32.912,-40.104,step_5,no_load
12.163437,0.0,1.6699,1.8606,-0.1907,-25.707,-33.902,step_5,no_load
12.173716,0.0,1.4941,1.5740,-0.0799,-17.103,-28.659,step_5,no_load
12.183993,0.0,1.3184,1.3317,-0.0133,-17.096,-24.227,step_5,no_load
12.194363,0.0,1.0547,1.1269,-0.0722,-25.429,-20.480,step_5,no_load
12.204958,0.0,0.8789,0.9538,-0.0749,-16.593,-17.313,step_5,no_load
12.215205,0.0,0.7031,0.7430,-0.0399,-17.156,-14.054,step_5,no_load
12.22579,0.0,0.6152,0.6292,-0.0140,-8.304,-11.375,step_5,no_load
12.23678,0.0,0.4395,0.5331,-0.0936,-15.987,-9.616,step_5,no_load
12.247327,0.0,0.3516,0.4518,-0.1002,-8.334,-8.129,step_5,no_load
12.258005,0.0,0.3516,0.3831,-0.0315,0.0,-6.872,step_5,no_load
12.268122,0.0,0.2637,0.3250,-0.0613,-8.688,-5.809,step_5,no_load
12.27829,0.0,0.2637,0.2759,-0.0122,0.0,-4.911,step_5,no_load
12.288467,0.0,0.2637,0.2344,0.0293,0.0,-4.151,step_5,no_load
12.299075,0.0,0.1758,0.1993,-0.0235,-8.286,-3.509,step_5,no_load
12.309638,0.0,0.1758,0.1696,0.0062,0.0,-2.966,step_5,no_load
12.319759,0.0,0.1758,0.1445,0.0313,0.0,-2.508,step_5,no_load
12.330172,0.0,0.1758,0.1140,0.0618,0.0,-2.036,step_5,no_load
12.340339,0.0,0.1758,0.0975,0.0783,0.0,-1.648,step_5,no_load
12.35137,0.0,0.1758,0.0836,0.0922,0.0,-1.393,step_5,no_load
12.361883,0.0,0.1758,0.0718,0.1040,0.0,-1.177,step_5,no_load
12.372114,0.0,0.1758,0.0619,0.1139,0.0,-0.995,step_5,no_load
12.382798,0.0,0.1758,0.0534,0.1224,0.0,-0.841,step_5,no_load
12.393561,0.0,0.1758,0.0463,0.1295,0.0,-0.711,step_5,no_load
12.404164,0.0,0.1758,0.0403,0.1355,0.0,-0.601,step_5,no_load
12.414719,0.0,0.1758,0.0352,0.1406,0.0,-0.508,step_5,no_load
12.425049,0.0,0.1758,0.0290,0.1468,0.0,-0.413,step_5,no_load
12.435557,0.0,0.1758,0.0257,0.1501,0.0,-0.334,step_5,no_load
12.445873,0.0,0.1758,0.0229,0.1529,0.0,-0.282,step_5,no_load
12.456055,0.0,0.1758,0.0205,0.1553,0.0,-0.239,step_5,no_load
12.46624,0.0,0.1758,0.0185,0.1573,0.0,-0.202,step_5,no_load
12.476602,0.0,0.1758,0.0168,0.1590,0.0,-0.171,step_5,no_load
12.486973,0.0,0.1758,0.0153,0.1605,0.0,-0.145,step_5,no_load
12.497225,0.0,0.1758,0.0141,0.1617,0.0,-0.126,step_5,no_load
12.507652,0.0,0.1758,0.0130,0.1628,0.0,-0.111,step_5,no_load
12.517875,0.0,0.1758,0.0120,0.1638,0.0,-0.099,step_5,no_load
12.528128,0.0,0.1758,0.0111,0.1647,0.0,-0.089,step_5,no_load
12.538376,0.0,0.1758,0.0103,0.1655,0.0,-0.080,step_5,no_load
12.549009,0.0,0.1758,0.0095,0.1663,0.0,-0.073,step_5,no_load
12.559524,0.0,0.1758,0.0089,0.1669,0.0,-0.067,step_5,no_load
12.570261,0.0,0.1758,0.0080,0.1678,0.0,-0.061,step_5,no_load
12.580608,0.0,0.1758,0.0074,0.1684,0.0,-0.055,step_5,no_load
12.591041,0.0,0.1758,0.0069,0.1689,0.0,-0.051,step_5,no_load
12.601654,0.0,0.1758,0.0064,0.1694,0.0,-0.047,step_5,no_load
12.612159,0.0,0.1758,0.0060,0.1698,0.0,-0.044,step_5,no_load
12.622423,0.0,0.1758,0.0056,0.1702,0.0,-0.041,step_5,no_load
12.632586,0.0,0.1758,0.0052,0.1706,0.0,-0.038,step_5,no_load
12.643574,0.0,0.1758,0.0048,0.1710,0.0,-0.035,step_5,no_load
12.653836,0.0,0.1758,0.0045,0.1713,0.0,-0.033,step_5,no_load
12.664123,0.0,0.1758,0.0042,0.1716,0.0,-0.031,step_5,no_load
12.674667,0.0,0.1758,0.0039,0.1719,0.0,-0.029,step_5,no_load
12.684919,0.0,0.1758,0.0036,0.1722,0.0,-0.027,step_5,no_load
12.695173,0.0,0.1758,0.0033,0.1725,0.0,-0.024,step_5,no_load
12.705545,0.0,0.1758,0.0030,0.1728,0.0,-0.022,step_5,no_load
12.715685,0.0,0.1758,0.0028,0.1730,0.0,-0.021,step_5,no_load
12.726287,0.0,0.1758,0.0026,0.1732,0.0,-0.019,step_5,no_load
12.737211,0.0,0.1758,0.0025,0.1733,0.0,-0.018,step_5,no_load
12.747474,0.0,0.1758,0.0023,0.1735,0.0,-0.017,step_5,no_load
12.758276,0.0,0.1758,0.0021,0.1737,0.0,-0.016,step_5,no_load
12.768816,0.0,0.1758,0.0020,0.1738,0.0,-0.015,step_5,no_load
12.779016,0.0,0.1758,0.0019,0.1739,0.0,-0.014,step_5,no_load
12.789222,0.0,0.1758,0.0017,0.1741,0.0,-0.013,step_5,no_load
12.799476,0.0,0.1758,0.0016,0.1742,0.0,-0.012,step_5,no_load
12.810113,0.0,0.1758,0.0015,0.1743,0.0,-0.011,step_5,no_load
12.820528,0.0,0.1758,0.0014,0.1744,0.0,-0.010,step_5,no_load
12.831133,0.0,0.1758,0.0013,0.1745,0.0,-0.009,step_5,no_load
12.841367,0.0,0.1758,0.0012,0.1746,0.0,-0.009,step_5,no_load
12.851548,0.0,0.1758,0.0011,0.1747,0.0,-0.008,step_5,no_load
12.861817,0.0,0.1758,0.0010,0.1748,0.0,-0.007,step_5,no_load
12.872134,0.0,0.1758,0.0010,0.1748,0.0,-0.007,step_5,no_load
12.88239,0.0,0.1758,0.0009,0.1749,0.0,-0.006,step_5,no_load
12.893035,0.0,0.1758,0.0008,0.1750,0.0,-0.006,step_5,no_load
12.903306,0.0,0.1758,0.0008,0.1750,0.0,-0.006,step_5,no_load
12.914004,0.0,0.1758,0.0007,0.1751,0.0,-0.005,step_5,no_load
12.924464,0.0,0.1758,0.0007,0.1751,0.0,-0.005,step_5,no_load
12.934729,0.0,0.0879,0.0006,0.0873,-8.563,-0.005,step_5,no_load
12.94499,0.0,0.0879,0.0006,0.0873,0.0,-0.004,step_5,no_load
12.956073,0.0,0.0879,0.0005,0.0874,0.0,-0.004,step_5,no_load
12.966761,0.0,0.0879,0.0005,0.0874,0.0,-0.004,step_5,no_load
12.977305,0.0,0.0879,0.0005,0.0874,0.0,-0.003,step_5,no_load
12.987613,0.0,0.0879,0.0004,0.0875,0.0,-0.003,step_5,no_load
12.997873,0.0,0.0879,0.0004,0.0875,0.0,-0.003,step_5,no_load
13.008168,0.0,0.0879,0.0004,0.0875,0.0,-0.003,step_5,no_load
13.018665,0.0,0.0879,0.0003,0.0876,0.0,-0.002,step_5,no_load
13.029068,0.0,0.0879,0.0003,0.0876,0.0,-0.002,step_5,no_load
13.039325,0.0,0.0879,0.0003,0.0876,0.0,-0.002,step_5,no_load
13.049731,0.0,0.0879,0.0003,0.0876,0.0,-0.002,step_5,no_load
13.06048,0.0,0.0879,0.0002,0.0877,0.0,-0.002,step_5,no_load
13.071256,0.0,0.0879,0.0002,0.0877,0.0,-0.002,step_5,no_load
13.081934,0.0,0.0000,0.0002,-0.0002,-8.232,-0.002,step_5,no_load
13.092742,0.0,0.0000,0.0002,-0.0002,0.0,-0.001,step_5,no_load
13.102924,0.0,0.0000,0.0002,-0.0002,0.0,-0.001,step_5,no_load
13.113184,0.0,0.0000,0.0002,-0.0002,0.0,-0.001,step_5,no_load
13.123899,0.0,-0.0879,0.0002,-0.0881,-8.203,-0.001,step_5,no_load
13.134162,0.0,-0.0879,0.0002,-0.0881,0.0,-0.001,step_5,no_load
13.144422,0.0,-0.0879,0.0001,-0.0880,0.0,-0.001,step_5,no_load
13.154735,0.0,-0.0879,0.0001,-0.0880,0.0,-0.001,step_5,no_load
13.164986,0.0,-0.0879,0.0001,-0.0880,0.0,-0.001,step_5,no_load
13.175149,0.0,-0.0879,0.0001,-0.0880,0.0,-0.001,step_5,no_load
13.185423,0.0,-0.0879,0.0001,-0.0880,0.0,-0.001,step_5,no_load
13.195646,0.0,-0.0879,0.0001,-0.0880,0.0,-0.001,step_5,no_load
13.206173,0.0,-0.0879,0.0001,-0.0880,0.0,-0.001,step_5,no_load
13.216541,0.0,-0.0879,0.0001,-0.0880,0.0,-0.001,step_5,no_load
13.226848,0.0,-0.0879,0.0001,-0.0880,0.0,-0.001,step_5,no_load
13.237299,0.0,-0.0879,0.0001,-0.0880,0.0,-0.001,step_5,no_load
13.248753,4.4561,-0.0879,0.0001,-0.0880,0.0,-0.000,step_5,no_load
13.259465,4.4561,-0.0879,0.0001,-0.0880,0.0,-0.000,step_5,no_load
13.270532,4.4561,-0.0879,0.0001,-0.0880,0.0,-0.000,step_5,no_load
13.280975,4.4561,-0.0879,0.0001,-0.0880,0.0,-0.000,step_5,no_load
13.291169,4.4561,-0.0879,0.0000,-0.0879,0.0,-0.000,step_5,no_load
13.301503,4.4561,0.0879,0.0000,0.0879,17.012,-0.000,step_5,no_load
13.312026,4.4561,0.4395,0.0000,0.4395,33.413,-0.000,step_5,no_load
13.322727,4.4561,0.7910,0.2566,0.5344,32.847,25.655,step_5,no_load
13.33299,4.4561,1.1426,0.8200,0.3226,34.259,56.344,step_5,no_load
13.343257,4.4561,1.4941,1.3811,0.1130,34.236,56.106,step_5,no_load
13.35345,4.4561,1.7578,1.8555,-0.0977,25.871,47.439,step_5,no_load
13.363728,4.4561,1.9336,2.2565,-0.3229,17.104,40.104,step_5,no_load
13.374767,4.4561,2.1094,2.5955,-0.4861,15.925,33.902,step_5,no_load
13.385415,4.4561,2.1973,3.0083,-0.8110,8.255,27.520,step_5,no_load
13.395825,4.4561,2.3730,3.2311,-0.8581,16.878,22.275,step_5,no_load
13.406744,4.4561,2.5488,3.4194,-0.8706,16.1,18.830,step_5,no_load
13.41708,4.4561,2.6367,3.5786,-0.9419,8.504,15.918,step_5,no_load
13.427533,4.4561,2.7246,3.7131,-0.9885,8.409,13.456,step_5,no_load
13.437818,4.4561,2.8125,3.8269,-1.0144,8.546,11.375,step_5,no_load
13.448058,4.4561,2.9004,3.9230,-1.0226,8.584,9.616,step_5,no_load
13.458367,4.4561,2.9883,4.0043,-1.0160,8.527,8.129,step_5,no_load
13.468585,4.4561,2.9883,4.0730,-1.0847,0.0,6.872,step_5,no_load
13.478806,4.4561,3.0762,4.1311,-1.0549,8.6,5.809,step_5,no_load
13.489476,4.4561,3.1641,4.1802,-1.0161,8.238,4.911,step_5,no_load
13.499912,4.4561,3.1641,4.2217,-1.0576,0.0,4.151,step_5,no_load
13.510647,4.4561,3.1641,4.2723,-1.1082,0.0,3.370,step_5,no_load
13.520757,4.4561,3.1641,4.2996,-1.1355,0.0,2.727,step_5,no_load
13.531091,4.4561,3.1641,4.3226,-1.1585,0.0,2.306,step_5,no_load
13.541415,4.4561,3.1641,4.3421,-1.1780,0.0,1.949,step_5,no_load
13.55167,4.4561,3.1641,4.3586,-1.1945,0.0,1.648,step_5,no_load
13.561945,4.4561,3.1641,4.3725,-1.2084,0.0,1.393,step_5,no_load
13.572134,4.4561,3.1641,4.3843,-1.2202,0.0,1.177,step_5,no_load
13.582469,4.4561,3.1641,4.3942,-1.2301,0.0,0.995,step_5,no_load
13.593068,4.4561,3.1641,4.4027,-1.2386,0.0,0.841,step_5,no_load
13.603326,4.4561,3.1641,4.4098,-1.2457,0.0,0.711,step_5,no_load
13.613588,4.4561,3.2520,4.4158,-1.1638,8.566,0.601,step_5,no_load
13.624057,4.4561,3.2520,4.4209,-1.1689,0.0,0.508,step_5,no_load
13.634862,4.4561,3.2520,4.4252,-1.1732,0.0,0.430,step_5,no_load
13.645651,4.4561,3.2520,4.4304,-1.1784,0.0,0.349,step_5,no_load
13.656726,4.4561,3.2520,4.4332,-1.1812,0.0,0.282,step_5,no_load
13.667321,4.4561,3.2520,4.4356,-1.1836,0.0,0.239,step_5,no_load
13.677542,4.4561,3.2520,4.4376,-1.1856,0.0,0.202,step_5,no_load
13.687735,4.4561,3.2520,4.4393,-1.1873,0.0,0.171,step_5,no_load
13.698035,4.4561,3.3398,4.4408,-1.1010,8.524,0.145,step_5,no_load
13.708371,4.4561,3.3398,4.4420,-1.1022,0.0,0.126,step_5,no_load
13.718589,4.4561,3.3398,4.4431,-1.1033,0.0,0.111,step_5,no_load
13.72931,4.4561,3.4277,4.4441,-1.0164,8.199,0.099,step_5,no_load
13.74042,4.4561,3.4277,4.4454,-1.0177,0.0,0.087,step_5,no_load
13.750736,4.4561,3.5156,4.4462,-0.9306,8.521,0.077,step_5,no_load
13.760916,4.4561,3.6035,4.4469,-0.8434,8.635,0.070,step_5,no_load
13.771262,4.4561,3.6035,4.4476,-0.8441,0.0,0.065,step_5,no_load
13.781814,4.4561,3.6035,4.4481,-0.8446,0.0,0.060,step_5,no_load
13.792278,4.4561,3.6035,4.4487,-0.8452,0.0,0.055,step_5,no_load
13.802882,4.4561,3.6035,4.4492,-0.8457,0.0,0.051,step_5,no_load
13.81396,4.4561,3.6914,4.4497,-0.7583,7.935,0.047,step_5,no_load
13.824444,4.4561,3.6914,4.4501,-0.7587,0.0,0.044,step_5,no_load
13.83468,4.4561,3.6914,4.4505,-0.7591,0.0,0.041,step_5,no_load
13.84491,4.4561,3.6914,4.4509,-0.7595,0.0,0.038,step_5,no_load
13.855558,4.4561,3.6914,4.4514,-0.7600,0.0,0.035,step_5,no_load
13.866622,4.4561,3.7793,4.4518,-0.6725,7.945,0.032,step_5,no_load
13.87678,4.4561,3.7793,4.4521,-0.6728,0.0,0.030,step_5,no_load
13.887064,4.4561,3.7793,4.4523,-0.6730,0.0,0.028,step_5,no_load
13.897615,4.4561,3.7793,4.4526,-0.6733,0.0,0.026,step_5,no_load
13.907884,4.4561,3.7793,4.4528,-0.6735,0.0,0.024,step_5,no_load
13.918161,4.4561,3.7793,4.4531,-0.6738,0.0,0.022,step_5,no_load
13.92832,4.4561,3.7793,4.4533,-0.6740,0.0,0.021,step_5,no_load
13.938572,4.4561,3.7793,4.4535,-0.6742,0.0,0.019,step_5,no_load
13.948792,4.4561,3.7793,4.4536,-0.6743,0.0,0.018,step_5,no_load
13.959337,4.4561,3.7793,4.4538,-0.6745,0.0,0.017,step_5,no_load
13.970003,4.4561,3.7793,4.4540,-0.6747,0.0,0.015,step_5,no_load
13.980605,4.4561,3.7793,4.4542,-0.6749,0.0,0.014,step_5,no_load
13.991145,4.4561,3.7793,4.4543,-0.6750,0.0,0.013,step_5,no_load
14.001359,4.4561,3.7793,4.4544,-0.6751,0.0,0.012,step_5,no_load
14.011594,4.4561,3.7793,4.4545,-0.6752,0.0,0.011,step_5,no_load
14.021835,4.4561,3.7793,4.4546,-0.6753,0.0,0.011,step_5,no_load
14.032065,4.4561,3.7793,4.4547,-0.6754,0.0,0.010,step_5,no_load
14.042984,4.4561,3.7793,4.4548,-0.6755,0.0,0.009,step_5,no_load
14.05321,4.4561,3.7793,4.4549,-0.6756,0.0,0.009,step_5,no_load
14.063422,4.4561,3.7793,4.4550,-0.6757,0.0,0.008,step_5,no_load
14.073749,4.4561,3.7793,4.4551,-0.6758,0.0,0.007,step_5,no_load
14.084174,4.4561,3.7793,4.4551,-0.6758,0.0,0.007,step_5,no_load
14.094721,4.4561,3.7793,4.4552,-0.6759,0.0,0.006,step_5,no_load
14.104944,4.4561,3.7793,4.4553,-0.6760,0.0,0.006,step_5,no_load
14.11518,4.4561,3.7793,4.4554,-0.6761,0.0,0.006,step_5,no_load
14.12562,4.4561,3.7793,4.4554,-0.6761,0.0,0.005,step_5,no_load
14.135733,4.4561,3.7793,4.4555,-0.6762,0.0,0.005,step_5,no_load
14.146288,4.4561,3.7793,4.4555,-0.6762,0.0,0.004,step_5,no_load
14.156871,4.4561,3.7793,4.4555,-0.6762,0.0,0.004,step_5,no_load
14.167136,4.4561,3.7793,4.4556,-0.6763,0.0,0.004,step_5,no_load
14.177417,4.4561,3.7793,4.4556,-0.6763,0.0,0.004,step_5,no_load
14.187597,4.4561,3.7793,4.4556,-0.6763,0.0,0.003,step_5,no_load
14.198023,4.4561,3.7793,4.4557,-0.6764,0.0,0.003,step_5,no_load
14.208209,4.4561,3.7793,4.4557,-0.6764,0.0,0.003,step_5,no_load
14.218371,4.4561,3.7793,4.4557,-0.6764,0.0,0.003,step_5,no_load
14.228684,4.4561,3.7793,4.4558,-0.6765,0.0,0.002,step_5,no_load
14.239361,4.4561,3.7793,4.4558,-0.6765,0.0,0.002,step_5,no_load
14.24957,4.4561,3.7793,4.4558,-0.6765,0.0,0.002,step_5,no_load
14.259821,4.4561,3.7793,4.4558,-0.6765,0.0,0.002,step_5,no_load
14.270196,4.4561,3.7793,4.4559,-0.6766,0.0,0.002,step_5,no_load
14.280459,4.4561,3.7793,4.4559,-0.6766,0.0,0.002,step_5,no_load
14.291001,4.4561,3.7793,4.4559,-0.6766,0.0,0.002,step_5,no_load
14.301616,4.4561,3.7793,4.4559,-0.6766,0.0,0.001,step_5,no_load
14.311998,4.4561,3.6914,4.4559,-0.7645,-8.467,0.001,step_5,no_load
14.322591,4.4561,3.6914,4.4559,-0.7645,0.0,0.001,step_5,no_load
14.333049,4.4561,3.6914,4.4559,-0.7645,0.0,0.001,step_5,no_load
14.343264,4.4561,3.6914,4.4559,-0.7645,0.0,0.001,step_5,no_load
14.354317,4.4561,3.6914,4.4560,-0.7646,0.0,0.001,step_5,no_load
14.36458,4.4561,3.6914,4.4560,-0.7646,0.0,0.001,step_5,no_load
14.374884,4.4561,3.6914,4.4560,-0.7646,0.0,0.001,step_5,no_load
14.385622,4.4561,3.6914,4.4560,-0.7646,0.0,0.001,step_5,no_load
14.396942,4.4561,3.6914,4.4560,-0.7646,0.0,0.001,step_5,no_load
14.408051,4.4561,3.6914,4.4560,-0.7646,0.0,0.001,step_5,no_load
14.418218,4.4561,3.6914,4.4560,-0.7646,0.0,0.001,step_5,no_load
14.428427,4.4561,3.6914,4.4560,-0.7646,0.0,0.001,step_5,no_load
14.439205,4.4561,3.6914,4.4560,-0.7646,0.0,0.001,step_5,no_load
14.450938,0.0,3.6914,4.4560,-0.7646,0.0,0.001,step_5,no_load
14.461194,0.0,3.6914,4.4560,-0.7646,0.0,0.000,step_5,no_load
14.472317,0.0,3.6914,4.4560,-0.7646,0.0,0.000,step_5,no_load
14.482756,0.0,3.6914,4.4560,-0.7646,0.0,0.000,step_5,no_load
14.493802,0.0,3.6035,4.4560,-0.8525,-7.958,0.000,step_5,no_load
14.504361,0.0,3.5156,4.4561,-0.9405,-8.325,0.000,step_5,no_load
14.514685,0.0,3.2520,4.4561,-1.2041,-25.533,0.000,step_5,no_load
14.525419,0.0,3.0762,4.1995,-1.1233,-16.378,-17.103,step_5,no_load
14.535814,0.0,2.8125,3.6361,-0.8236,-25.368,-56.344,step_5,no_load
14.546085,0.0,2.4609,3.0750,-0.6141,-34.232,-56.106,step_5,no_load
14.556562,0.0,2.0215,2.6006,-0.5791,-41.939,-47.439,step_5,no_load
14.566833,0.0,1.7578,2.1996,-0.4418,-25.674,-40.104,step_5,no_load
14.577126,0.0,1.4941,1.8606,-0.3665,-25.619,-33.902,step_5,no_load
14.588065,0.0,1.2305,1.5740,-0.3435,-24.097,-28.659,step_5,no_load
14.598875,0.0,0.8789,1.3317,-0.4528,-32.525,-24.227,step_5,no_load
14.609651,0.0,0.5273,1.1269,-0.5996,-32.628,-20.480,step_5,no_load
14.619898,0.0,0.3516,0.9538,-0.6022,-17.146,-17.313,step_5,no_load
14.630229,0.0,0.2637,0.7430,-0.4793,-8.508,-14.054,step_5,no_load
14.640546,0.0,0.2637,0.6292,-0.3655,0.0,-11.375,step_5,no_load
14.651157,0.0,0.2637,0.5331,-0.2694,0.0,-9.616,step_5,no_load
14.661658,0.0,0.1758,0.4518,-0.2760,-8.371,-8.129,step_5,no_load
14.671879,0.0,0.1758,0.3831,-0.2073,0.0,-6.872,step_5,no_load
14.682559,0.0,0.0879,0.3250,-0.2371,-8.23,-5.809,step_5,no_load
14.693551,0.0,0.0879,0.2759,-0.1880,0.0,-4.911,step_5,no_load
14.704334,0.0,0.0879,0.2344,-0.1465,0.0,-4.151,step_5,no_load
14.714757,0.0,0.0879,0.1993,-0.1114,0.0,-3.509,step_5,no_load
14.725107,0.0,0.0879,0.1565,-0.0686,0.0,-2.849,step_5,no_load
14.735748,0.0,0.0879,0.1335,-0.0456,0.0,-2.306,step_5,no_load
14.746166,0.0,0.0879,0.1140,-0.0261,0.0,-1.949,step_5,no_load
14.756346,0.0,0.0879,0.0975,-0.0096,0.0,-1.648,step_5,no_load
14.76648,0.0,0.0879,0.0836,0.0043,0.0,-1.393,step_5,no_load
14.777013,0.0,0.0879,0.0718,0.0161,0.0,-1.177,step_5,no_load
14.787604,0.0,0.1758,0.0619,0.1139,8.299,-0.995,step_5,no_load
14.798015,0.0,0.1758,0.0534,0.1224,0.0,-0.841,step_5,no_load
14.808325,0.0,0.1758,0.0463,0.1295,0.0,-0.711,step_5,no_load
14.818652,0.0,0.1758,0.0403,0.1355,0.0,-0.601,step_5,no_load
14.82899,0.0,0.1758,0.0352,0.1406,0.0,-0.508,step_5,no_load
14.83925,0.0,0.1758,0.0309,0.1449,0.0,-0.430,step_5,no_load
14.849983,0.0,0.1758,0.0273,0.1485,0.0,-0.363,step_5,no_load
14.860819,0.0,0.1758,0.0229,0.1529,0.0,-0.295,step_5,no_load
14.871177,0.0,0.1758,0.0205,0.1553,0.0,-0.239,step_5,no_load
14.881552,0.0,0.1758,0.0185,0.1573,0.0,-0.202,step_5,no_load
14.892608,0.0,0.1758,0.0168,0.1590,0.0,-0.171,step_5,no_load
14.903097,0.0,0.1758,0.0153,0.1605,0.0,-0.145,step_5,no_load
14.913805,0.0,0.1758,0.0141,0.1617,0.0,-0.126,step_5,no_load
14.924048,0.0,0.1758,0.0130,0.1628,0.0,-0.111,step_5,no_load
14.934218,0.0,0.1758,0.0120,0.1638,0.0,-0.099,step_5,no_load
14.944555,0.0,0.1758,0.0111,0.1647,0.0,-0.089,step_5,no_load
14.955098,0.0,0.1758,0.0099,0.1659,0.0,-0.079,step_5,no_load
14.965712,0.0,0.1758,0.0092,0.1666,0.0,-0.070,step_5,no_load
14.976392,0.0,0.1758,0.0085,0.1673,0.0,-0.065,step_5,no_load
14.986768,0.0,0.1758,0.0080,0.1678,0.0,-0.060,step_5,no_load
14.997007,0.0,0.1758,0.0074,0.1684,0.0,-0.055,step_5,no_load
15.007151,0.0,0.1758,0.0069,0.1689,0.0,-0.051,step_5,no_load
15.017311,0.0,0.1758,0.0064,0.1694,0.0,-0.047,step_5,no_load
15.028126,0.0,0.1758,0.0060,0.1698,0.0,-0.044,step_5,no_load
15.038664,0.0,0.1758,0.0056,0.1702,0.0,-0.041,step_5,no_load
15.049284,0.0,0.1758,0.0052,0.1706,0.0,-0.038,step_5,no_load
15.059911,0.0,0.1758,0.0048,0.1710,0.0,-0.035,step_5,no_load
15.070354,0.0,0.1758,0.0043,0.1715,0.0,-0.032,step_5,no_load
15.08102,0.0,0.1758,0.0040,0.1718,0.0,-0.030,step_5,no_load
15.091545,0.0,0.1758,0.0038,0.1720,0.0,-0.028,step_5,no_load
15.102238,0.0,0.1758,0.0035,0.1723,0.0,-0.026,step_5,no_load
15.112596,0.0,0.1758,0.0033,0.1725,0.0,-0.024,step_5,no_load
15.12359,0.0,0.1758,0.0030,0.1728,0.0,-0.022,step_5,no_load
15.133897,0.0,0.1758,0.0028,0.1730,0.0,-0.021,step_5,no_load
15.144782,0.0,0.1758,0.0026,0.1732,0.0,-0.019,step_5,no_load
15.155014,0.0,0.1758,0.0024,0.1734,0.0,-0.018,step_5,no_load
15.165563,0.0,0.1758,0.0022,0.1736,0.0,-0.016,step_5,no_load
15.176582,0.0,0.1758,0.0021,0.1737,0.0,-0.015,step_5,no_load
15.186755,0.0,0.1758,0.0019,0.1739,0.0,-0.014,step_5,no_load
15.197052,0.0,0.1758,0.0018,0.1740,0.0,-0.013,step_5,no_load
15.207766,0.0,0.1758,0.0017,0.1741,0.0,-0.012,step_5,no_load
15.217928,0.0,0.1758,0.0016,0.1742,0.0,-0.011,step_5,no_load
15.228283,0.0,0.1758,0.0015,0.1743,0.0,-0.011,step_5,no_load
15.238912,0.0,0.1758,0.0014,0.1744,0.0,-0.010,step_5,no_load
15.24929,0.0,0.1758,0.0013,0.1745,0.0,-0.009,step_5,no_load
15.260282,0.0,0.1758,0.0011,0.1747,0.0,-0.008,step_5,no_load
15.270854,0.0,0.1758,0.0011,0.1747,0.0,-0.008,step_5,no_load
15.281601,0.0,0.1758,0.0010,0.1748,0.0,-0.007,step_5,no_load
15.292168,0.0,0.1758,0.0009,0.1749,0.0,-0.007,step_5,no_load
15.302281,0.0,0.1758,0.0009,0.1749,0.0,-0.006,step_5,no_load
15.312538,0.0,0.1758,0.0008,0.1750,0.0,-0.006,step_5,no_load
15.322732,0.0,0.1758,0.0007,0.1751,0.0,-0.005,step_5,no_load
15.333103,0.0,0.1758,0.0007,0.1751,0.0,-0.005,step_5,no_load
15.34392,0.0,0.1758,0.0006,0.1752,0.0,-0.005,step_5,no_load
15.354129,0.0,0.1758,0.0006,0.1752,0.0,-0.004,step_5,no_load
15.364658,0.0,0.1758,0.0006,0.1752,0.0,-0.004,step_5,no_load
15.375315,0.0,0.1758,0.0005,0.1753,0.0,-0.004,step_5,no_load
15.385498,0.0,0.1758,0.0005,0.1753,0.0,-0.003,step_5,no_load
15.396084,0.0,0.1758,0.0004,0.1754,0.0,-0.003,step_5,no_load
15.406524,0.0,0.1758,0.0004,0.1754,0.0,-0.003,step_5,no_load
15.417031,0.0,0.1758,0.0004,0.1754,0.0,-0.003,step_5,no_load
15.427364,0.0,0.1758,0.0004,0.1754,0.0,-0.003,step_5,no_load
15.438966,0.0,0.1758,0.0003,0.1755,0.0,-0.002,step_5,no_load
15.449617,0.0,0.1758,0.0003,0.1755,0.0,-0.002,step_5,no_load
15.460251,0.0,0.1758,0.0003,0.1755,0.0,-0.002,step_5,no_load
15.470573,0.0,0.1758,0.0003,0.1755,0.0,-0.002,step_5,no_load
15.48144,0.0,0.1758,0.0002,0.1756,0.0,-0.002,step_5,no_load
15.491917,0.0,0.1758,0.0002,0.1756,0.0,-0.002,step_5,no_load
15.502144,0.0,0.1758,0.0002,0.1756,0.0,-0.002,step_5,no_load
15.512418,0.0,0.1758,0.0002,0.1756,0.0,-0.001,step_5,no_load
15.523414,0.0,0.1758,0.0002,0.1756,0.0,-0.001,step_5,no_load
15.533921,0.0,0.1758,0.0002,0.1756,0.0,-0.001,step_5,no_load
15.544277,0.0,0.1758,0.0002,0.1756,0.0,-0.001,step_5,no_load
15.554357,0.0,0.1758,0.0001,0.1757,0.0,-0.001,step_5,no_load
15.564588,0.0,0.1758,0.0001,0.1757,0.0,-0.001,step_5,no_load
15.574832,0.0,0.1758,0.0001,0.1757,0.0,-0.001,step_5,no_load
15.585705,0.0,0.1758,0.0001,0.1757,0.0,-0.001,step_5,no_load
15.596007,0.0,0.1758,0.0001,0.1757,0.0,-0.001,step_5,no_load
15.606232,0.0,0.1758,0.0001,0.1757,0.0,-0.001,step_5,no_load
15.616403,0.0,0.1758,0.0001,0.1757,0.0,-0.001,step_5,no_load
15.626756,0.0,0.1758,0.0001,0.1757,0.0,-0.001,step_5,no_load
15.637086,0.0,0.1758,0.0001,0.1757,0.0,-0.001,step_5,no_load
15.647506,0.0,0.1758,0.0001,0.1757,0.0,-0.001,step_5,no_load
15.658627,4.4561,0.1758,0.0001,0.1757,0.0,-0.001,step_5,no_load
15.669533,4.4561,0.1758,0.0001,0.1757,0.0,-0.000,step_5,no_load
15.679869,4.4561,0.1758,0.0001,0.1757,0.0,-0.000,step_5,no_load
15.690423,4.4561,0.1758,0.0001,0.1757,0.0,-0.000,step_5,no_load
15.701003,4.4561,0.1758,0.0001,0.1757,0.0,-0.000,step_5,no_load
15.711101,4.4561,0.3516,0.0000,0.3516,17.409,-0.000,step_5,no_load
15.721616,4.4561,0.5273,0.0000,0.5273,16.709,-0.000,step_5,no_load
15.732264,4.4561,0.8789,0.2566,0.6223,33.02,25.655,step_5,no_load
15.742903,4.4561,1.2305,0.8200,0.4105,33.048,56.344,step_5,no_load
15.753188,4.4561,1.4941,1.3811,0.1130,25.63,56.106,step_5,no_load
15.76427,4.4561,1.7578,1.8555,-0.0977,23.795,47.439,step_5,no_load
15.774939,4.4561,1.9336,2.2565,-0.3229,16.478,40.104,step_5,no_load
15.785588,4.4561,2.1973,2.7448,-0.5475,24.763,32.555,step_5,no_load
15.796297,4.4561,2.2852,3.0083,-0.7231,8.208,26.350,step_5,no_load
15.806712,4.4561,2.4609,3.2311,-0.7702,16.87,22.275,step_5,no_load
15.816904,4.4561,2.6367,3.4194,-0.7827,17.249,18.830,step_5,no_load
15.827433,4.4561,2.8125,3.5786,-0.7661,16.697,15.918,step_5,no_load
15.837607,4.4561,2.9004,3.7131,-0.8127,8.64,13.456,step_5,no_load
15.848119,4.4561,3.0762,3.8269,-0.7507,16.724,11.375,step_5,no_load
15.858578,4.4561,3.1641,3.9230,-0.7589,8.404,9.616,step_5,no_load
15.869256,4.4561,3.2520,4.0043,-0.7523,8.232,8.129,step_5,no_load
15.87966,4.4561,3.3398,4.0730,-0.7332,8.439,6.872,step_5,no_load
15.890159,4.4561,3.3398,4.1567,-0.8169,0.0,5.578,step_5,no_load
15.900889,4.4561,3.3398,4.2019,-0.8621,0.0,4.515,step_5,no_load
15.911556,4.4561,3.4277,4.2400,-0.8123,8.24,3.817,step_5,no_load
15.922051,4.4561,3.4277,4.2723,-0.8446,0.0,3.226,step_5,no_load
15.932624,4.4561,3.4277,4.2996,-0.8719,0.0,2.727,step_5,no_load
15.943388,4.4561,3.4277,4.3226,-0.8949,0.0,2.306,step_5,no_load
15.953688,4.4561,3.4277,4.3421,-0.9144,0.0,1.949,step_5,no_load
15.964082,4.4561,3.4277,4.3586,-0.9309,0.0,1.648,step_5,no_load
15.974193,4.4561,3.4277,4.3725,-0.9448,0.0,1.393,step_5,no_load
15.984482,4.4561,3.4277,4.3843,-0.9566,0.0,1.177,step_5,no_load
15.994783,4.4561,3.4277,4.3942,-0.9665,0.0,0.995,step_5,no_load
16.005034,4.4561,3.4277,4.4064,-0.9787,0.0,0.808,step_5,no_load
16.015345,4.4561,3.5156,4.4129,-0.8973,8.525,0.654,step_5,no_load
16.02683,4.4561,3.5156,4.4184,-0.9028,0.0,0.553,step_5,no_load
16.037185,4.4561,3.5156,4.4231,-0.9075,0.0,0.467,step_5,no_load
16.047436,4.4561,3.5156,4.4271,-0.9115,0.0,0.395,step_5,no_load
16.057916,4.4561,3.5156,4.4304,-0.9148,0.0,0.334,step_5,no_load
16.068523,4.4561,3.5156,4.4332,-0.9176,0.0,0.282,step_5,no_load
16.079053,4.4561,3.5156,4.4356,-0.9200,0.0,0.239,step_5,no_load
16.089745,4.4561,3.5156,4.4376,-0.9220,0.0,0.202,step_5,no_load
16.099907,4.4561,3.5156,4.4393,-0.9237,0.0,0.171,step_5,no_load
16.110134,4.4561,3.5156,4.4414,-0.9258,0.0,0.140,step_5,no_load
16.120503,4.4561,3.5156,4.4426,-0.9270,0.0,0.118,step_5,no_load
16.130912,4.4561,3.5156,4.4437,-0.9281,0.0,0.104,step_5,no_load
16.141186,4.4561,3.5156,4.4446,-0.9290,0.0,0.093,step_5,no_load
16.152315,4.4561,3.5156,4.4454,-0.9298,0.0,0.084,step_5,no_load
16.162572,4.4561,3.5156,4.4462,-0.9306,0.0,0.077,step_5,no_load
16.172812,4.4561,3.5156,4.4469,-0.9313,0.0,0.070,step_5,no_load
16.18308,4.4561,3.5156,4.4476,-0.9320,0.0,0.065,step_5,no_load
16.193427,4.4561,3.5156,4.4481,-0.9325,0.0,0.060,step_5,no_load
16.203685,4.4561,3.5156,4.4487,-0.9331,0.0,0.055,step_5,no_load
16.213958,4.4561,3.5156,4.4492,-0.9336,0.0,0.051,step_5,no_load
16.224372,4.4561,3.5156,4.4497,-0.9341,0.0,0.047,step_5,no_load
16.235179,4.4561,3.5156,4.4503,-0.9347,0.0,0.043,step_5,no_load
16.245442,4.4561,3.5156,4.4507,-0.9351,0.0,0.039,step_5,no_load
16.255702,4.4561,3.5156,4.4511,-0.9355,0.0,0.037,step_5,no_load
16.266729,4.4561,3.5156,4.4514,-0.9358,0.0,0.034,step_5,no_load
16.27689,4.4561,3.5156,4.4518,-0.9362,0.0,0.032,step_5,no_load
16.287456,4.4561,3.5156,4.4521,-0.9365,0.0,0.030,step_5,no_load
16.297652,4.4561,3.5156,4.4523,-0.9367,0.0,0.028,step_5,no_load
16.307856,4.4561,3.5156,4.4526,-0.9370,0.0,0.026,step_5,no_load
16.318087,4.4561,3.5156,4.4528,-0.9372,0.0,0.024,step_5,no_load
16.328326,4.4561,3.5156,4.4531,-0.9375,0.0,0.022,step_5,no_load
16.338973,4.4561,3.5156,4.4533,-0.9377,0.0,0.021,step_5,no_load
16.349814,4.4561,3.5156,4.4535,-0.9379,0.0,0.019,step_5,no_load
16.361838,4.4561,3.5156,4.4537,-0.9381,0.0,0.018,step_5,no_load
16.37236,4.4561,3.5156,4.4539,-0.9383,0.0,0.016,step_5,no_load
16.382692,4.4561,3.5156,4.4540,-0.9384,0.0,0.015,step_5,no_load
16.393187,4.4561,3.5156,4.4542,-0.9386,0.0,0.014,step_5,no_load
16.404069,4.4561,3.5156,4.4543,-0.9387,0.0,0.013,step_5,no_load
16.414257,4.4561,3.5156,4.4544,-0.9388,0.0,0.012,step_5,no_load
16.424465,4.4561,3.5156,4.4545,-0.9389,0.0,0.011,step_5,no_load
16.434678,4.4561,3.5156,4.4546,-0.9390,0.0,0.011,step_5,no_load
16.445229,4.4561,3.5156,4.4548,-0.9392,0.0,0.010,step_5,no_load
16.455774,4.4561,3.5156,4.4549,-0.9393,0.0,0.009,step_5,no_load
16.466087,4.4561,3.5156,4.4550,-0.9394,0.0,0.008,step_5,no_load
16.476409,4.4561,3.5156,4.4550,-0.9394,0.0,0.008,step_5,no_load
16.486487,4.4561,3.5156,4.4551,-0.9395,0.0,0.007,step_5,no_load
16.499656,4.4561,3.5156,4.4552,-0.9396,0.0,0.007,step_5,no_load
16.510321,4.4561,3.5156,4.4553,-0.9397,0.0,0.006,step_5,no_load
16.521264,4.4561,3.5156,4.4553,-0.9397,0.0,0.006,step_5,no_load
16.531858,4.4561,3.5156,4.4554,-0.9398,0.0,0.005,step_5,no_load
16.542988,4.4561,3.5156,4.4554,-0.9398,0.0,0.005,step_5,no_load
16.553297,4.4561,3.5156,4.4555,-0.9399,0.0,0.005,step_5,no_load
16.564272,4.4561,3.5156,4.4555,-0.9399,0.0,0.004,step_5,no_load
16.57463,4.4561,3.5156,4.4556,-0.9400,0.0,0.004,step_5,no_load
16.584855,4.4561,3.5156,4.4556,-0.9400,0.0,0.004,step_5,no_load
16.595648,4.4561,3.5156,4.4556,-0.9400,0.0,0.003,step_5,no_load
16.606701,4.4561,3.5156,4.4557,-0.9401,0.0,0.003,step_5,no_load
16.616921,4.4561,3.5156,4.4557,-0.9401,0.0,0.003,step_5,no_load
16.627756,4.4561,3.5156,4.4557,-0.9401,0.0,0.003,step_5,no_load
16.638052,4.4561,3.5156,4.4558,-0.9402,0.0,0.002,step_5,no_load
16.648572,4.4561,3.5156,4.4558,-0.9402,0.0,0.002,step_5,no_load
16.658802,4.4561,3.5156,4.4558,-0.9402,0.0,0.002,step_5,no_load
16.669714,4.4561,3.5156,4.4558,-0.9402,0.0,0.002,step_5,no_load
16.679986,4.4561,3.5156,4.4558,-0.9402,0.0,0.002,step_5,no_load
16.690369,4.4561,3.5156,4.4559,-0.9403,0.0,0.002,step_5,no_load
16.700468,4.4561,3.5156,4.4559,-0.9403,0.0,0.002,step_5,no_load
16.71091,4.4561,3.5156,4.4559,-0.9403,0.0,0.001,step_5,no_load
16.721165,4.4561,3.5156,4.4559,-0.9403,0.0,0.001,step_5,no_load
16.731626,4.4561,3.5156,4.4559,-0.9403,0.0,0.001,step_5,no_load
16.742113,4.4561,3.5156,4.4559,-0.9403,0.0,0.001,step_5,no_load
16.7526,4.4561,3.5156,4.4559,-0.9403,0.0,0.001,step_5,no_load
16.762897,4.4561,3.5156,4.4560,-0.9404,0.0,0.001,step_5,no_load
16.773193,4.4561,3.5156,4.4560,-0.9404,0.0,0.001,step_5,no_load
16.783565,4.4561,3.5156,4.4560,-0.9404,0.0,0.001,step_5,no_load
16.794558,4.4561,3.5156,4.4560,-0.9404,0.0,0.001,step_5,no_load
16.806004,4.4561,3.5156,4.4560,-0.9404,0.0,0.001,step_5,no_load
16.816477,4.4561,3.5156,4.4560,-0.9404,0.0,0.001,step_5,no_load
16.827633,4.4561,3.5156,4.4560,-0.9404,0.0,0.001,step_5,no_load
16.837973,4.4561,3.5156,4.4560,-0.9404,0.0,0.001,step_5,no_load
16.848532,4.4561,3.5156,4.4560,-0.9404,0.0,0.001,step_5,no_load
16.85958,0.0,3.5156,4.4560,-0.9404,0.0,0.001,step_5,no_load
16.869827,0.0,3.5156,4.4560,-0.9404,0.0,0.000,step_5,no_load
16.880218,0.0,3.5156,4.4560,-0.9404,0.0,0.000,step_5,no_load
16.890385,0.0,3.5156,4.4560,-0.9404,0.0,0.000,step_5,no_load
16.901365,0.0,3.5156,4.4560,-0.9404,0.0,0.000,step_5,no_load
16.912232,0.0,3.4277,4.4561,-1.0284,-8.089,0.000,step_5,no_load
16.922748,0.0,3.2520,4.4561,-1.2041,-16.708,0.000,step_5,no_load
16.933513,0.0,2.9883,4.1995,-1.2112,-24.496,-25.655,step_5,no_load
16.943855,0.0,2.8125,3.6361,-0.8236,-16.999,-56.344,step_5,no_load
16.954572,0.0,2.3730,3.0750,-0.7020,-41.01,-56.106,step_5,no_load
16.965,0.0,2.0215,2.6006,-0.5791,-33.707,-47.439,step_5,no_load
16.975481,0.0,1.7578,2.0230,-0.2652,-25.16,-38.511,step_5,no_load
16.985714,0.0,1.4941,1.7113,-0.2172,-25.77,-31.170,step_5,no_load
16.99614,0.0,1.3184,1.4478,-0.1294,-16.852,-26.350,step_5,no_load
17.00718,0.0,0.9668,1.2250,-0.2582,-31.848,-22.275,step_5,no_load
17.018323,0.0,0.7031,1.0367,-0.3336,-23.665,-18.830,step_5,no_load
17.029345,0.0,0.4395,0.8775,-0.4380,-23.916,-15.918,step_5,no_load
17.039984,0.0,0.3516,0.7430,-0.3914,-8.262,-13.456,step_5,no_load
17.050292,0.0,0.2637,0.5791,-0.3154,-8.527,-10.923,step_5,no_load
17.061493,0.0,0.2637,0.4907,-0.2270,0.0,-8.841,step_5,no_load
17.072347,0.0,0.1758,0.4160,-0.2402,-8.098,-7.474,step_5,no_load
17.083121,0.0,0.1758,0.3528,-0.1770,0.0,-6.318,step_5,no_load
17.093433,0.0,0.1758,0.2994,-0.1236,0.0,-5.341,step_5,no_load
17.103605,0.0,0.1758,0.2542,-0.0784,0.0,-4.515,step_5,no_load
17.114112,0.0,0.1758,0.2161,-0.0403,0.0,-3.817,step_5,no_load
17.124475,0.0,0.1758,0.1838,-0.0080,0.0,-3.226,step_5,no_load
17.134988,0.0,0.1758,0.1565,0.0193,0.0,-2.727,step_5,no_load
17.145417,0.0,0.0879,0.1233,-0.0354,-8.428,-2.214,step_5,no_load
17.155893,0.0,0.0879,0.1054,-0.0175,0.0,-1.792,step_5,no_load
17.166302,0.0,0.0879,0.0903,-0.0024,0.0,-1.515,step_5,no_load
17.176958,0.0,0.0879,0.0774,0.0105,0.0,-1.281,step_5,no_load
17.187445,0.0,0.0879,0.0666,0.0213,0.0,-1.083,step_5,no_load
17.198469,0.0,0.0879,0.0575,0.0304,0.0,-0.915,step_5,no_load
17.208824,0.0,0.0879,0.0497,0.0382,0.0,-0.774,step_5,no_load
17.218979,0.0,0.0879,0.0432,0.0447,0.0,-0.654,step_5,no_load
17.229294,0.0,0.0879,0.0377,0.0502,0.0,-0.553,step_5,no_load
17.239464,0.0,0.0879,0.0330,0.0549,0.0,-0.467,step_5,no_load
17.249802,0.0,0.0879,0.0290,0.0589,0.0,-0.395,step_5,no_load
17.260616,0.0,0.0879,0.0242,0.0637,0.0,-0.321,step_5,no_load
17.270887,0.0,0.0879,0.0216,0.0663,0.0,-0.260,step_5,no_load
17.281566,0.0,0.0879,0.0194,0.0685,0.0,-0.219,step_5,no_load
17.292002,0.0,0.0879,0.0176,0.0703,0.0,-0.185,step_5,no_load
17.302486,0.0,0.0879,0.0160,0.0719,0.0,-0.157,step_5,no_load
17.313119,0.0,0.0879,0.0147,0.0732,0.0,-0.135,step_5,no_load
17.323411,0.0,0.0879,0.0135,0.0744,0.0,-0.118,step_5,no_load
17.333582,0.0,0.0879,0.0124,0.0755,0.0,-0.104,step_5,no_load
17.343798,0.0,0.0879,0.0115,0.0764,0.0,-0.093,step_5,no_load
17.354081,0.0,0.0879,0.0107,0.0772,0.0,-0.084,step_5,no_load
17.364707,0.0,0.0879,0.0099,0.0780,0.0,-0.077,step_5,no_load
17.374964,0.0,0.0879,0.0092,0.0787,0.0,-0.070,step_5,no_load
17.385215,0.0,0.0879,0.0082,0.0797,0.0,-0.063,step_5,no_load
17.395367,0.0,0.0879,0.0077,0.0802,0.0,-0.057,step_5,no_load
17.40555,0.0,0.0879,0.0071,0.0808,0.0,-0.053,step_5,no_load
17.416127,0.0,0.0879,0.0066,0.0813,0.0,-0.049,step_5,no_load
17.426649,0.0,0.0879,0.0062,0.0817,0.0,-0.046,step_5,no_load
17.438508,0.0,0.0879,0.0058,0.0821,0.0,-0.042,step_5,no_load
17.44876,0.0,0.0879,0.0054,0.0825,0.0,-0.039,step_5,no_load
17.459234,0.0,0.0879,0.0050,0.0829,0.0,-0.037,step_5,no_load
17.469611,0.0,0.0879,0.0047,0.0832,0.0,-0.034,step_5,no_load
17.480227,0.0,0.0879,0.0042,0.0837,0.0,-0.031,step_5,no_load
17.490849,0.0,0.0879,0.0039,0.0840,0.0,-0.029,step_5,no_load
17.501128,0.0,0.0879,0.0036,0.0843,0.0,-0.027,step_5,no_load
17.511514,0.0,0.0879,0.0034,0.0845,0.0,-0.025,step_5,no_load
17.521909,0.0,0.0879,0.0032,0.0847,0.0,-0.023,step_5,no_load
17.532409,0.0,0.0879,0.0029,0.0850,0.0,-0.022,step_5,no_load
17.542951,0.0,0.0879,0.0027,0.0852,0.0,-0.020,step_5,no_load
17.553115,0.0,0.0879,0.0026,0.0853,0.0,-0.019,step_5,no_load
17.563286,0.0,0.0879,0.0024,0.0855,0.0,-0.017,step_5,no_load
17.574033,0.0,0.0879,0.0022,0.0857,0.0,-0.016,step_5,no_load
17.58429,0.0,0.0879,0.0021,0.0858,0.0,-0.015,step_5,no_load
17.594539,0.0,0.0879,0.0019,0.0860,0.0,-0.014,step_5,no_load
17.605136,0.0,0.0879,0.0017,0.0862,0.0,-0.013,step_5,no_load
17.615973,0.0,0.0879,0.0016,0.0863,0.0,-0.012,step_5,no_load
17.626284,0.0,0.0879,0.0015,0.0864,0.0,-0.011,step_5,no_load
17.636781,0.0,0.0879,0.0014,0.0865,0.0,-0.010,step_5,no_load
17.647264,0.0,0.0879,0.0013,0.0866,0.0,-0.010,step_5,no_load
17.657716,0.0,0.0879,0.0012,0.0867,0.0,-0.009,step_5,no_load
17.668419,0.0,0.0879,0.0011,0.0868,0.0,-0.008,step_5,no_load
17.679103,0.0,0.0879,0.0011,0.0868,0.0,-0.008,step_5,no_load
17.689505,0.0,0.0879,0.0010,0.0869,0.0,-0.007,step_5,no_load
17.700462,0.0,0.0879,0.0009,0.0870,0.0,-0.007,step_5,no_load
17.710698,0.0,0.0879,0.0008,0.0871,0.0,-0.006,step_5,no_load
17.720865,0.0,0.0879,0.0008,0.0871,0.0,-0.006,step_5,no_load
17.731364,0.0,0.0879,0.0007,0.0872,0.0,-0.005,step_5,no_load
17.741577,0.0,0.0879,0.0007,0.0872,0.0,-0.005,step_5,no_load
17.75254,0.0,0.0879,0.0006,0.0873,0.0,-0.005,step_5,no_load
17.763535,0.0,0.0879,0.0006,0.0873,0.0,-0.004,step_5,no_load
17.774697,0.0,0.0879,0.0005,0.0874,0.0,-0.004,step_5,no_load
17.785713,0.0,0.0879,0.0005,0.0874,0.0,-0.004,step_5,no_load
17.796132,0.0,0.0879,0.0005,0.0874,0.0,-0.003,step_5,no_load
17.806778,0.0,0.0879,0.0004,0.0875,0.0,-0.003,step_5,no_load
17.817353,0.0,0.0879,0.0004,0.0875,0.0,-0.003,step_5,no_load
17.827563,0.0,0.0879,0.0004,0.0875,0.0,-0.003,step_5,no_load
17.838089,0.0,0.0879,0.0003,0.0876,0.0,-0.002,step_5,no_load
17.848479,0.0,0.0879,0.0003,0.0876,0.0,-0.002,step_5,no_load
17.85902,0.0,0.0879,0.0003,0.0876,0.0,-0.002,step_5,no_load
17.869287,0.0,0.0879,0.0003,0.0876,0.0,-0.002,step_5,no_load
17.880389,0.0,0.0879,0.0002,0.0877,0.0,-0.002,step_5,no_load
17.890609,0.0,0.0879,0.0002,0.0877,0.0,-0.002,step_5,no_load
17.901028,0.0,0.0879,0.0002,0.0877,0.0,-0.002,step_5,no_load
17.911934,0.0,0.0879,0.0002,0.0877,0.0,-0.001,step_5,no_load
17.922187,0.0,0.0879,0.0002,0.0877,0.0,-0.001,step_5,no_load
17.932411,0.0,0.0879,0.0002,0.0877,0.0,-0.001,step_5,no_load
17.943272,0.0,0.0879,0.0002,0.0877,0.0,-0.001,step_5,no_load
17.953536,0.0,0.0879,0.0002,0.0877,0.0,-0.001,step_5,no_load
17.963798,0.0,0.0879,0.0001,0.0878,0.0,-0.001,step_5,no_load
17.974139,0.0,0.0879,0.0001,0.0878,0.0,-0.001,step_5,no_load
17.98439,0.0,0.0879,0.0001,0.0878,0.0,-0.001,step_5,no_load
17.994659,0.0,0.0879,0.0001,0.0878,0.0,-0.001,step_5,no_load
18.004911,0.0,0.0879,0.0001,0.0878,0.0,-0.001,step_5,no_load
18.015167,0.0,0.0879,0.0001,0.0878,0.0,-0.001,step_5,no_load
18.025861,0.0,0.0879,0.0001,0.0878,0.0,-0.001,step_5,no_load
18.036623,0.0,0.0879,0.0001,0.0878,0.0,-0.001,step_5,no_load
18.046736,0.0,0.0879,0.0001,0.0878,0.0,-0.001,step_5,no_load
18.05721,0.0,0.0879,0.0001,0.0878,0.0,-0.001,step_5,no_load
18.068412,4.4561,0.0879,0.0001,0.0878,0.0,-0.000,step_5,no_load
18.078822,4.4561,0.0879,0.0001,0.0878,0.0,-0.000,step_5,no_load
18.089471,4.4561,0.0879,0.0001,0.0878,0.0,-0.000,step_5,no_load
18.099719,4.4561,0.0879,0.0001,0.0878,0.0,-0.000,step_5,no_load
18.11015,4.4561,0.1758,0.0000,0.1758,8.427,-0.000,step_5,no_load
18.120607,4.4561,0.2637,0.0000,0.2637,8.406,-0.000,step_5,no_load
18.130878,4.4561,0.5273,0.0000,0.5273,25.664,-0.000,step_5,no_load
18.14125,4.4561,0.7910,0.2566,0.5344,25.424,25.655,step_5,no_load
18.151545,4.4561,1.1426,0.8200,0.3226,34.153,56.344,step_5,no_load
18.161825,4.4561,1.4941,1.3811,0.1130,34.193,56.106,step_5,no_load
18.172083,4.4561,1.7578,1.8555,-0.0977,25.707,47.439,step_5,no_load
18.18221,4.4561,2.0215,2.2565,-0.2350,26.039,40.104,step_5,no_load
18.193334,4.4561,2.1973,2.5955,-0.3982,15.804,33.902,step_5,no_load
18.203589,4.4561,2.3730,2.8821,-0.5091,17.133,28.659,step_5,no_load
18.21476,4.4561,2.5488,3.1244,-0.5756,15.737,24.227,step_5,no_load
18.225129,4.4561,2.7246,3.4194,-0.6948,16.954,19.666,step_5,no_load
18.235388,4.4561,2.9004,3.5786,-0.6782,17.136,15.918,step_5,no_load
18.246206,4.4561,2.9883,3.7131,-0.7248,8.125,13.456,step_5,no_load
18.256423,4.4561,3.1641,3.8269,-0.6628,17.207,11.375,step_5,no_load
18.266728,4.4561,3.2520,3.9230,-0.6710,8.53,9.616,step_5,no_load
18.277394,4.4561,3.3398,4.0043,-0.6645,8.232,8.129,step_5,no_load
18.287672,4.4561,3.4277,4.0730,-0.6453,8.552,6.872,step_5,no_load
18.297844,4.4561,3.4277,4.1311,-0.7034,0.0,5.809,step_5,no_load
18.307978,4.4561,3.5156,4.1802,-0.6646,8.674,4.911,step_5,no_load
18.318596,4.4561,3.5156,4.2217,-0.7061,0.0,4.151,step_5,no_load
18.329308,4.4561,3.6035,4.2568,-0.6533,8.206,3.509,step_5,no_load
18.340389,4.4561,3.6035,4.2996,-0.6961,0.0,2.849,step_5,no_load
18.351057,4.4561,3.6035,4.3226,-0.7191,0.0,2.306,step_5,no_load
18.361425,4.4561,3.6035,4.3421,-0.7386,0.0,1.949,step_5,no_load
18.372256,4.4561,3.6035,4.3586,-0.7551,0.0,1.648,step_5,no_load
18.38255,4.4561,3.6035,4.3725,-0.7690,0.0,1.393,step_5,no_load
18.39311,4.4561,3.6035,4.3843,-0.7808,0.0,1.177,step_5,no_load
18.403491,4.4561,3.6035,4.3942,-0.7907,0.0,0.995,step_5,no_load
18.413961,4.4561,3.6035,4.4027,-0.7992,0.0,0.841,step_5,no_load
18.425064,4.4561,3.6035,4.4129,-0.8094,0.0,0.683,step_5,no_load
18.435377,4.4561,3.6035,4.4184,-0.8149,0.0,0.553,step_5,no_load
18.445576,4.4561,3.6035,4.4231,-0.8196,0.0,0.467,step_5,no_load
18.456005,4.4561,3.6035,4.4271,-0.8236,0.0,0.395,step_5,no_load
18.466284,4.4561,3.6035,4.4304,-0.8269,0.0,0.334,step_5,no_load
18.476745,4.4561,3.6035,4.4332,-0.8297,0.0,0.282,step_5,no_load
18.48738,4.4561,3.6035,4.4356,-0.8321,0.0,0.239,step_5,no_load
18.49784,4.4561,3.6035,4.4376,-0.8341,0.0,0.202,step_5,no_load
18.508556,4.4561,3.6035,4.4393,-0.8358,0.0,0.171,step_5,no_load
18.519305,4.4561,3.6035,4.4408,-0.8373,0.0,0.145,step_5,no_load
18.52958,4.4561,3.6035,4.4420,-0.8385,0.0,0.126,step_5,no_load
18.539779,4.4561,3.6035,4.4431,-0.8396,0.0,0.111,step_5,no_load
18.550568,4.4561,3.6035,4.4446,-0.8411,0.0,0.096,step_5,no_load
18.561254,4.4561,3.6035,4.4454,-0.8419,0.0,0.084,step_5,no_load
18.571499,4.4561,3.6035,4.4462,-0.8427,0.0,0.077,step_5,no_load
18.581988,4.4561,3.6035,4.4469,-0.8434,0.0,0.070,step_5,no_load
18.592453,4.4561,3.6035,4.4476,-0.8441,0.0,0.065,step_5,no_load
18.602768,4.4561,3.6035,4.4481,-0.8446,0.0,0.060,step_5,no_load
18.613736,4.4561,3.6035,4.4487,-0.8452,0.0,0.055,step_5,no_load
18.624097,4.4561,3.6035,4.4492,-0.8457,0.0,0.051,step_5,no_load
18.634885,4.4561,3.6035,4.4497,-0.8462,0.0,0.047,step_5,no_load
18.645751,4.4561,3.6035,4.4503,-0.8468,0.0,0.043,step_5,no_load
18.656764,4.4561,3.6035,4.4507,-0.8472,0.0,0.039,step_5,no_load
18.667778,4.4561,3.6035,4.4511,-0.8476,0.0,0.037,step_5,no_load
18.67801,4.4561,3.6035,4.4514,-0.8479,0.0,0.034,step_5,no_load
18.688186,4.4561,3.6035,4.4518,-0.8483,0.0,0.032,step_5,no_load
18.698803,4.4561,3.6035,4.4521,-0.8486,0.0,0.030,step_5,no_load
18.709236,4.4561,3.6035,4.4523,-0.8488,0.0,0.028,step_5,no_load
18.719855,4.4561,3.6035,4.4526,-0.8491,0.0,0.026,step_5,no_load
18.730119,4.4561,3.6035,4.4529,-0.8494,0.0,0.024,step_5,no_load
18.741223,4.4561,3.6035,4.4532,-0.8497,0.0,0.022,step_5,no_load
18.751586,4.4561,3.6035,4.4534,-0.8499,0.0,0.020,step_5,no_load
18.761933,4.4561,3.6035,4.4535,-0.8500,0.0,0.019,step_5,no_load
18.773093,4.4561,3.6035,4.4537,-0.8502,0.0,0.017,step_5,no_load
18.783241,4.4561,3.6035,4.4539,-0.8504,0.0,0.016,step_5,no_load
18.79361,4.4561,3.6035,4.4540,-0.8505,0.0,0.015,step_5,no_load
18.804557,4.4561,3.6035,4.4542,-0.8507,0.0,0.014,step_5,no_load
18.814646,4.4561,3.6035,4.4543,-0.8508,0.0,0.013,step_5,no_load
18.825004,4.4561,3.6035,4.4545,-0.8510,0.0,0.012,step_5,no_load
18.836079,4.4561,3.6035,4.4546,-0.8511,0.0,0.011,step_5,no_load
18.846287,4.4561,3.6035,4.4547,-0.8512,0.0,0.010,step_5,no_load
18.856761,4.4561,3.6035,4.4548,-0.8513,0.0,0.010,step_5,no_load
18.867381,4.4561,3.6035,4.4549,-0.8514,0.0,0.009,step_5,no_load
18.877677,4.4561,3.6035,4.4550,-0.8515,0.0,0.008,step_5,no_load
18.888311,4.4561,3.6035,4.4550,-0.8515,0.0,0.008,step_5,no_load
18.898674,4.4561,3.6035,4.4551,-0.8516,0.0,0.007,step_5,no_load
18.909042,4.4561,3.6035,4.4552,-0.8517,0.0,0.007,step_5,no_load
18.919769,4.4561,3.6035,4.4552,-0.8517,0.0,0.006,step_5,no_load
18.930323,4.4561,3.6035,4.4553,-0.8518,0.0,0.006,step_5,no_load
18.940581,4.4561,3.6035,4.4554,-0.8519,0.0,0.005,step_5,no_load
18.950862,4.4561,3.6035,4.4554,-0.8519,0.0,0.005,step_5,no_load
18.960998,4.4561,3.6035,4.4555,-0.8520,0.0,0.005,step_5,no_load
18.971431,4.4561,3.6035,4.4555,-0.8520,0.0,0.004,step_5,no_load
18.981689,4.4561,3.6035,4.4556,-0.8521,0.0,0.004,step_5,no_load
18.992428,4.4561,3.6035,4.4556,-0.8521,0.0,0.004,step_5,no_load
19.003182,4.4561,3.6035,4.4556,-0.8521,0.0,0.003,step_5,no_load
19.013821,4.4561,3.6035,4.4557,-0.8522,0.0,0.003,step_5,no_load
19.024067,4.4561,3.6035,4.4557,-0.8522,0.0,0.003,step_5,no_load
19.035082,4.4561,3.6035,4.4557,-0.8522,0.0,0.003,step_5,no_load
19.045334,4.4561,3.6035,4.4558,-0.8523,0.0,0.002,step_5,no_load
19.055591,4.4561,3.6035,4.4558,-0.8523,0.0,0.002,step_5,no_load
19.065814,4.4561,3.6035,4.4558,-0.8523,0.0,0.002,step_5,no_load
19.07627,4.4561,3.6035,4.4558,-0.8523,0.0,0.002,step_5,no_load
19.08671,4.4561,3.6035,4.4558,-0.8523,0.0,0.002,step_5,no_load
19.096942,4.4561,3.6035,4.4559,-0.8524,0.0,0.002,step_5,no_load
19.107127,4.4561,3.6035,4.4559,-0.8524,0.0,0.002,step_5,no_load
19.117751,4.4561,3.6035,4.4559,-0.8524,0.0,0.002,step_5,no_load
19.128265,4.4561,3.6035,4.4559,-0.8524,0.0,0.001,step_5,no_load
19.138645,4.4561,3.6035,4.4559,-0.8524,0.0,0.001,step_5,no_load
19.149388,4.4561,3.6035,4.4559,-0.8524,0.0,0.001,step_5,no_load
19.16017,4.4561,3.6035,4.4559,-0.8524,0.0,0.001,step_5,no_load
19.17076,4.4561,3.6035,4.4560,-0.8525,0.0,0.001,step_5,no_load
19.18094,4.4561,3.6035,4.4560,-0.8525,0.0,0.001,step_5,no_load
19.191406,4.4561,3.6035,4.4560,-0.8525,0.0,0.001,step_5,no_load
19.201801,4.4561,3.6035,4.4560,-0.8525,0.0,0.001,step_5,no_load
19.212109,4.4561,3.6035,4.4560,-0.8525,0.0,0.001,step_5,no_load
19.222734,4.4561,3.6035,4.4560,-0.8525,0.0,0.001,step_5,no_load
19.23313,4.4561,3.6035,4.4560,-0.8525,0.0,0.001,step_5,no_load
19.243516,4.4561,3.6035,4.4560,-0.8525,0.0,0.001,step_5,no_load
19.253768,4.4561,3.6035,4.4560,-0.8525,0.0,0.001,step_5,no_load
19.264267,4.4561,3.6035,4.4560,-0.8525,0.0,0.001,step_5,no_load
19.2758,0.0,3.6035,4.4560,-0.8525,0.0,0.001,step_5,no_load
19.286524,0.0,3.6035,4.4560,-0.8525,0.0,0.000,step_5,no_load
19.296803,0.0,3.6035,4.4560,-0.8525,0.0,0.000,step_5,no_load
19.307492,0.0,3.6035,4.4560,-0.8525,0.0,0.000,step_5,no_load
19.317725,0.0,3.5156,4.4560,-0.9404,-8.59,0.000,step_5,no_load
19.327994,0.0,3.4277,4.4561,-1.0284,-8.56,0.000,step_5,no_load
19.33851,0.0,3.1641,4.4561,-1.2920,-25.067,0.000,step_5,no_load
19.348796,0.0,2.9883,4.3687,-1.3804,-17.091,-8.736,step_5,no_load
19.359008,0.0,2.7246,3.9537,-1.2291,-25.823,-41.501,step_5,no_load
19.369681,0.0,2.3730,3.3438,-0.9708,-32.943,-60.988,step_5,no_load
19.380513,0.0,2.0215,2.6006,-0.5791,-32.45,-49.545,step_5,no_load
19.391274,0.0,1.6699,2.1996,-0.5297,-32.674,-40.104,step_5,no_load
19.401528,0.0,1.4063,1.8606,-0.4543,-25.707,-33.902,step_5,no_load
19.411782,0.0,1.1426,1.5740,-0.4314,-25.717,-28.659,step_5,no_load
19.422107,0.0,0.8789,1.3317,-0.4528,-25.54,-24.227,step_5,no_load
19.432368,0.0,0.6152,1.1269,-0.5117,-25.699,-20.480,step_5,no_load
19.442573,0.0,0.4395,0.9538,-0.5143,-17.217,-17.313,step_5,no_load
19.453525,0.0,0.3516,0.8074,-0.4558,-8.026,-14.635,step_5,no_load
19.463707,0.0,0.3516,0.6837,-0.3321,0.0,-12.372,step_5,no_load
19.47394,0.0,0.2637,0.5791,-0.3154,-8.59,-10.459,step_5,no_load
19.484598,0.0,0.1758,0.4907,-0.3149,-8.247,-8.841,step_5,no_load
19.494747,0.0,0.1758,0.4160,-0.2402,0.0,-7.474,step_5,no_load
19.505154,0.0,0.0879,0.3250,-0.2371,-8.446,-6.067,step_5,no_load
19.515353,0.0,0.0879,0.2759,-0.1880,0.0,-4.911,step_5,no_load
19.525883,0.0,0.0879,0.2344,-0.1465,0.0,-4.151,step_5,no_load
19.536271,0.0,0.0879,0.1993,-0.1114,0.0,-3.509,step_5,no_load
19.546418,0.0,0.0879,0.1696,-0.0817,0.0,-2.966,step_5,no_load
19.557017,0.0,0.0879,0.1445,-0.0566,0.0,-2.508,step_5,no_load
19.567403,0.0,0.0879,0.1233,-0.0354,0.0,-2.120,step_5,no_load
19.577683,0.0,0.0879,0.1054,-0.0175,0.0,-1.792,step_5,no_load
19.58798,0.0,0.0879,0.0903,-0.0024,0.0,-1.515,step_5,no_load
19.598232,0.0,0.0879,0.0774,0.0105,0.0,-1.281,step_5,no_load
19.608384,0.0,0.0879,0.0666,0.0213,0.0,-1.083,step_5,no_load
19.618733,0.0,0.0879,0.0575,0.0304,0.0,-0.915,step_5,no_load
19.629037,0.0,0.0879,0.0497,0.0382,0.0,-0.774,step_5,no_load
19.63944,0.0,0.0879,0.0432,0.0447,0.0,-0.654,step_5,no_load
19.649809,0.0,0.0879,0.0377,0.0502,0.0,-0.553,step_5,no_load
19.66035,0.0,0.0879,0.0309,0.0570,0.0,-0.449,step_5,no_load
19.670578,0.0,0.0879,0.0273,0.0606,0.0,-0.363,step_5,no_load
19.681264,0.0,0.0879,0.0242,0.0637,0.0,-0.307,step_5,no_load
19.691519,0.0,0.0879,0.0216,0.0663,0.0,-0.260,step_5,no_load
19.701772,0.0,0.0879,0.0194,0.0685,0.0,-0.219,step_5,no_load
19.711997,0.0,0.0879,0.0176,0.0703,0.0,-0.185,step_5,no_load
19.722308,0.0,0.0879,0.0160,0.0719,0.0,-0.157,step_5,no_load
19.732943,0.0,0.0879,0.0147,0.0732,0.0,-0.135,step_5,no_load
19.743581,0.0,0.0879,0.0135,0.0744,0.0,-0.118,step_5,no_load
19.754007,0.0,0.0879,0.0124,0.0755,0.0,-0.104,step_5,no_load
19.764496,0.0,0.0879,0.0115,0.0764,0.0,-0.093,step_5,no_load
19.775633,0.0,0.0879,0.0103,0.0776,0.0,-0.082,step_5,no_load
19.78594,0.0,0.0879,0.0095,0.0784,0.0,-0.073,step_5,no_load
19.796591,0.0,0.0879,0.0089,0.0790,0.0,-0.067,step_5,no_load
19.806873,0.0,0.0879,0.0082,0.0797,0.0,-0.062,step_5,no_load
19.817693,0.0,0.0879,0.0077,0.0802,0.0,-0.057,step_5,no_load
19.827922,0.0,0.0879,0.0071,0.0808,0.0,-0.053,step_5,no_load
19.838089,0.0,0.0879,0.0066,0.0813,0.0,-0.049,step_5,no_load
19.848708,0.0,0.0879,0.0062,0.0817,0.0,-0.046,step_5,no_load
19.85908,0.0,0.0879,0.0058,0.0821,0.0,-0.042,step_5,no_load
19.869565,0.0,0.0879,0.0054,0.0825,0.0,-0.039,step_5,no_load
19.880076,0.0,0.0879,0.0048,0.0831,0.0,-0.036,step_5,no_load
19.890263,0.0,0.0879,0.0045,0.0834,0.0,-0.033,step_5,no_load
19.900724,0.0,0.0879,0.0042,0.0837,0.0,-0.031,step_5,no_load
19.911068,0.0,0.0879,0.0039,0.0840,0.0,-0.029,step_5,no_load
19.921225,0.0,0.0879,0.0036,0.0843,0.0,-0.027,step_5,no_load
19.931482,0.0,0.0879,0.0034,0.0845,0.0,-0.025,step_5,no_load
19.941749,0.0,0.0879,0.0032,0.0847,0.0,-0.023,step_5,no_load
19.952352,0.0,0.0879,0.0029,0.0850,0.0,-0.022,step_5,no_load
19.962584,0.0,0.0879,0.0027,0.0852,0.0,-0.020,step_5,no_load
19.973114,0.0,0.0879,0.0026,0.0853,0.0,-0.019,step_5,no_load
19.983346,0.0,0.0879,0.0024,0.0855,0.0,-0.017,step_5,no_load
19.993584,0.0,0.0879,0.0022,0.0857,0.0,-0.016,step_5,no_load
20.003915,0.0,0.0879,0.0021,0.0858,0.0,-0.015,step_5,no_load
20.014311,0.0,0.0879,0.0019,0.0860,0.0,-0.014,step_5,no_load
20.024667,0.0,0.0879,0.0018,0.0861,0.0,-0.013,step_5,no_load
20.034936,0.0,0.0879,0.0017,0.0862,0.0,-0.012,step_5,no_load
20.045555,0.0,0.0879,0.0015,0.0864,0.0,-0.011,step_5,no_load
20.05587,0.0,0.0879,0.0014,0.0865,0.0,-0.010,step_5,no_load
20.066531,0.0,0.0879,0.0013,0.0866,0.0,-0.010,step_5,no_load
20.076693,0.0,0.0879,0.0012,0.0867,0.0,-0.009,step_5,no_load
20.087164,0.0,0.0879,0.0011,0.0868,0.0,-0.008,step_5,no_load
20.097697,0.0,0.0879,0.0011,0.0868,0.0,-0.008,step_5,no_load
20.108319,0.0,0.0879,0.0010,0.0869,0.0,-0.007,step_5,no_load
20.118592,0.0,0.0879,0.0009,0.0870,0.0,-0.007,step_5,no_load
20.128897,0.0,0.0879,0.0009,0.0870,0.0,-0.006,step_5,no_load
20.139041,0.0,0.0879,0.0008,0.0871,0.0,-0.006,step_5,no_load
20.149187,0.0,0.0879,0.0007,0.0872,0.0,-0.005,step_5,no_load
20.159808,0.0,0.0879,0.0007,0.0872,0.0,-0.005,step_5,no_load
20.170574,0.0,0.0879,0.0006,0.0873,0.0,-0.005,step_5,no_load
20.182644,0.0,0.0879,0.0006,0.0873,0.0,-0.004,step_5,no_load
20.192898,0.0,0.0879,0.0005,0.0874,0.0,-0.004,step_5,no_load
20.20318,0.0,0.0879,0.0005,0.0874,0.0,-0.004,step_5,no_load
20.213438,0.0,0.0879,0.0005,0.0874,0.0,-0.003,step_5,no_load
20.223953,0.0,0.0879,0.0004,0.0875,0.0,-0.003,step_5,no_load
20.234631,0.0,0.1758,0.0004,0.1754,8.232,-0.003,step_5,no_load
20.244813,0.0,0.1758,0.0004,0.1754,0.0,-0.003,step_5,no_load
20.255618,0.0,0.1758,0.0003,0.1755,0.0,-0.003,step_5,no_load
20.265859,0.0,0.1758,0.0003,0.1755,0.0,-0.002,step_5,no_load
20.276248,0.0,0.1758,0.0003,0.1755,0.0,-0.002,step_5,no_load
20.286692,0.0,0.1758,0.0003,0.1755,0.0,-0.002,step_5,no_load
20.297065,0.0,0.1758,0.0003,0.1755,0.0,-0.002,step_5,no_load
20.307456,0.0,0.1758,0.0002,0.1756,0.0,-0.002,step_5,no_load
20.317695,0.0,0.1758,0.0002,0.1756,0.0,-0.002,step_5,no_load
20.327945,0.0,0.1758,0.0002,0.1756,0.0,-0.002,step_5,no_load
20.338423,0.0,0.1758,0.0002,0.1756,0.0,-0.001,step_5,no_load
20.348689,0.0,0.1758,0.0002,0.1756,0.0,-0.001,step_5,no_load
20.359433,0.0,0.1758,0.0002,0.1756,0.0,-0.001,step_5,no_load
20.369571,0.0,0.1758,0.0002,0.1756,0.0,-0.001,step_5,no_load
20.379833,0.0,0.1758,0.0001,0.1757,0.0,-0.001,step_5,no_load
20.39017,0.0,0.1758,0.0001,0.1757,0.0,-0.001,step_5,no_load
20.401291,0.0,0.1758,0.0001,0.1757,0.0,-0.001,step_5,no_load
20.411861,0.0,0.1758,0.0001,0.1757,0.0,-0.001,step_5,no_load
20.423337,0.0,0.1758,0.0001,0.1757,0.0,-0.001,step_5,no_load
20.433988,0.0,0.1758,0.0001,0.1757,0.0,-0.001,step_5,no_load
20.444268,0.0,0.1758,0.0001,0.1757,0.0,-0.001,step_5,no_load
20.454467,0.0,0.1758,0.0001,0.1757,0.0,-0.001,step_5,no_load
20.464666,0.0,0.1758,0.0001,0.1757,0.0,-0.001,step_5,no_load
20.477915,4.4561,0.1758,0.0001,0.1757,0.0,-0.001,step_5,no_load
20.488522,4.4561,0.1758,0.0001,0.1757,0.0,-0.000,step_5,no_load
20.498984,4.4561,0.2637,0.0001,0.2636,8.402,-0.000,step_5,no_load
20.509563,4.4561,0.2637,0.0001,0.2636,0.0,-0.000,step_5,no_load
20.520626,4.4561,0.2637,0.0001,0.2636,0.0,-0.000,step_5,no_load
20.53122,4.4561,0.4395,0.0000,0.4395,16.594,-0.000,step_5,no_load
20.542174,4.4561,0.7031,0.0000,0.7031,24.064,-0.000,step_5,no_load
20.553181,4.4561,0.9668,0.2566,0.7102,23.957,25.655,step_5,no_load
20.563482,4.4561,1.4063,0.8200,0.5863,42.666,56.344,step_5,no_load
20.573831,4.4561,1.7578,1.3811,0.3767,33.965,56.106,step_5,no_load
20.58402,4.4561,1.9336,1.8555,0.0781,17.254,47.439,step_5,no_load
20.594263,4.4561,2.1973,2.2565,-0.0592,25.744,40.104,step_5,no_load
20.604747,4.4561,2.3730,2.5955,-0.2225,16.759,33.902,step_5,no_load
20.614996,4.4561,2.5488,2.8821,-0.3333,17.153,28.659,step_5,no_load
20.625556,4.4561,2.6367,3.2311,-0.5944,8.324,23.264,step_5,no_load
20.63689,4.4561,2.8125,3.4194,-0.6069,15.511,18.830,step_5,no_load
20.647294,4.4561,2.9883,3.5786,-0.5903,16.897,15.918,step_5,no_load
20.657488,4.4561,3.0762,3.7131,-0.6369,8.623,13.456,step_5,no_load
20.667779,4.4561,3.1641,3.8269,-0.6628,8.541,11.375,step_5,no_load
20.678379,4.4561,3.2520,3.9230,-0.6710,8.292,9.616,step_5,no_load
20.688606,4.4561,3.3398,4.0043,-0.6645,8.585,8.129,step_5,no_load
20.698871,4.4561,3.4277,4.0730,-0.6453,8.563,6.872,step_5,no_load
20.709295,4.4561,3.4277,4.1311,-0.7034,0.0,5.809,step_5,no_load
20.719845,4.4561,3.5156,4.1802,-0.6646,8.332,4.911,step_5,no_load
20.730227,4.4561,3.5156,4.2400,-0.7244,0.0,3.986,step_5,no_load
20.740815,4.4561,3.5156,4.2723,-0.7567,0.0,3.226,step_5,no_load
20.751211,4.4561,3.5156,4.2996,-0.7840,0.0,2.727,step_5,no_load
20.761853,4.4561,3.5156,4.3226,-0.8070,0.0,2.306,step_5,no_load
20.772867,4.4561,3.5156,4.3421,-0.8265,0.0,1.949,step_5,no_load
20.783764,4.4561,3.4277,4.3586,-0.9309,-8.066,1.648,step_5,no_load
20.794037,4.4561,3.4277,4.3725,-0.9448,0.0,1.393,step_5,no_load
20.804751,4.4561,3.4277,4.3843,-0.9566,0.0,1.177,step_5,no_load
20.815466,4.4561,3.4277,4.3986,-0.9709,0.0,0.956,step_5,no_load
20.825605,4.4561,3.4277,4.4064,-0.9787,0.0,0.774,step_5,no_load
20.835977,4.4561,3.4277,4.4129,-0.9852,0.0,0.654,step_5,no_load
20.846777,4.4561,3.4277,4.4184,-0.9907,0.0,0.553,step_5,no_load
20.856924,4.4561,3.4277,4.4231,-0.9954,0.0,0.467,step_5,no_load
20.867534,4.4561,3.4277,4.4271,-0.9994,0.0,0.395,step_5,no_load
20.877736,4.4561,3.4277,4.4304,-1.0027,0.0,0.334,step_5,no_load
20.888115,4.4561,3.4277,4.4332,-1.0055,0.0,0.282,step_5,no_load
20.898408,4.4561,3.4277,4.4356,-1.0079,0.0,0.239,step_5,no_load
20.908847,4.4561,3.4277,4.4376,-1.0099,0.0,0.202,step_5,no_load
20.91898,4.4561,3.4277,4.4393,-1.0116,0.0,0.171,step_5,no_load
20.929173,4.4561,3.4277,4.4408,-1.0131,0.0,0.145,step_5,no_load
20.939867,4.4561,3.4277,4.4420,-1.0143,0.0,0.126,step_5,no_load
20.950547,4.4561,3.4277,4.4437,-1.0160,0.0,0.108,step_5,no_load
20.960805,4.4561,3.4277,4.4446,-1.0169,0.0,0.093,step_5,no_load
20.971184,4.4561,3.4277,4.4454,-1.0177,0.0,0.084,step_5,no_load
20.981498,4.4561,3.4277,4.4462,-1.0185,0.0,0.077,step_5,no_load
20.991876,4.4561,3.4277,4.4469,-1.0192,0.0,0.070,step_5,no_load
21.002239,4.4561,3.4277,4.4476,-1.0199,0.0,0.065,step_5,no_load
21.012537,4.4561,3.4277,4.4481,-1.0204,0.0,0.060,step_5,no_load
21.023025,4.4561,3.4277,4.4487,-1.0210,0.0,0.055,step_5,no_load
21.034025,4.4561,3.4277,4.4492,-1.0215,0.0,0.051,step_5,no_load
21.044404,4.4561,3.4277,4.4497,-1.0220,0.0,0.047,step_5,no_load
21.054717,4.4561,3.4277,4.4501,-1.0224,0.0,0.044,step_5,no_load
21.06503,4.4561,3.4277,4.4507,-1.0230,0.0,0.040,step_5,no_load
21.075797,4.4561,3.4277,4.4511,-1.0234,0.0,0.037,step_5,no_load
21.085987,4.4561,3.4277,4.4514,-1.0237,0.0,0.034,step_5,no_load
21.096522,4.4561,3.4277,4.4518,-1.0241,0.0,0.032,step_5,no_load
21.107031,4.4561,3.4277,4.4521,-1.0244,0.0,0.030,step_5,no_load
21.117533,4.4561,3.4277,4.4523,-1.0246,0.0,0.028,step_5,no_load
21.127764,4.4561,3.4277,4.4526,-1.0249,0.0,0.026,step_5,no_load
21.138003,4.4561,3.5156,4.4528,-0.9372,8.585,0.024,step_5,no_load
21.148232,4.4561,3.5156,4.4531,-0.9375,0.0,0.022,step_5,no_load
21.158522,4.4561,3.5156,4.4533,-0.9377,0.0,0.021,step_5,no_load
21.168696,4.4561,3.5156,4.4535,-0.9379,0.0,0.019,step_5,no_load
21.17896,4.4561,3.5156,4.4536,-0.9380,0.0,0.018,step_5,no_load
21.189274,4.4561,3.5156,4.4538,-0.9382,0.0,0.017,step_5,no_load
21.199402,4.4561,3.5156,4.4540,-0.9384,0.0,0.016,step_5,no_load
21.210197,4.4561,3.5156,4.4542,-0.9386,0.0,0.014,step_5,no_load
21.220736,4.4561,3.5156,4.4543,-0.9387,0.0,0.013,step_5,no_load
21.231562,4.4561,3.5156,4.4544,-0.9388,0.0,0.012,step_5,no_load
21.241762,4.4561,3.5156,4.4545,-0.9389,0.0,0.011,step_5,no_load
21.252966,4.4561,3.5156,4.4546,-0.9390,0.0,0.011,step_5,no_load
21.263428,4.4561,3.5156,4.4547,-0.9391,0.0,0.010,step_5,no_load
21.273729,4.4561,3.5156,4.4548,-0.9392,0.0,0.009,step_5,no_load
21.284099,4.4561,3.5156,4.4549,-0.9393,0.0,0.009,step_5,no_load
21.29458,4.4561,3.5156,4.4550,-0.9394,0.0,0.008,step_5,no_load
21.304806,4.4561,3.5156,4.4551,-0.9395,0.0,0.007,step_5,no_load
21.315143,4.4561,3.5156,4.4552,-0.9396,0.0,0.007,step_5,no_load
21.325979,4.4561,3.5156,4.4552,-0.9396,0.0,0.006,step_5,no_load
21.336094,4.4561,3.5156,4.4553,-0.9397,0.0,0.006,step_5,no_load
21.346597,4.4561,3.5156,4.4554,-0.9398,0.0,0.005,step_5,no_load
21.357172,4.4561,3.5156,4.4554,-0.9398,0.0,0.005,step_5,no_load
21.368163,4.4561,3.5156,4.4555,-0.9399,0.0,0.005,step_5,no_load
21.378403,4.4561,3.5156,4.4555,-0.9399,0.0,0.004,step_5,no_load
21.388575,4.4561,3.5156,4.4555,-0.9399,0.0,0.004,step_5,no_load
21.399614,4.4561,3.5156,4.4556,-0.9400,0.0,0.004,step_5,no_load
21.410274,4.4561,3.5156,4.4556,-0.9400,0.0,0.003,step_5,no_load
21.421097,4.4561,3.5156,4.4557,-0.9401,0.0,0.003,step_5,no_load
21.431761,4.4561,3.5156,4.4557,-0.9401,0.0,0.003,step_5,no_load
21.442638,4.4561,3.5156,4.4557,-0.9401,0.0,0.003,step_5,no_load
21.452918,4.4561,3.5156,4.4557,-0.9401,0.0,0.003,step_5,no_load
21.463379,4.4561,3.5156,4.4558,-0.9402,0.0,0.002,step_5,no_load
21.473877,4.4561,3.5156,4.4558,-0.9402,0.0,0.002,step_5,no_load
21.484139,4.4561,3.5156,4.4558,-0.9402,0.0,0.002,step_5,no_load
21.494682,4.4561,3.5156,4.4558,-0.9402,0.0,0.002,step_5,no_load
21.504994,4.4561,3.5156,4.4559,-0.9403,0.0,0.002,step_5,no_load
21.515228,4.4561,3.5156,4.4559,-0.9403,0.0,0.002,step_5,no_load
21.525926,4.4561,3.5156,4.4559,-0.9403,0.0,0.002,step_5,no_load
21.536075,4.4561,3.5156,4.4559,-0.9403,0.0,0.001,step_5,no_load
21.547046,4.4561,3.5156,4.4559,-0.9403,0.0,0.001,step_5,no_load
21.557622,4.4561,3.5156,4.4559,-0.9403,0.0,0.001,step_5,no_load
21.56822,4.4561,3.5156,4.4559,-0.9403,0.0,0.001,step_5,no_load
21.578496,4.4561,3.5156,4.4560,-0.9404,0.0,0.001,step_5,no_load
21.589055,4.4561,3.5156,4.4560,-0.9404,0.0,0.001,step_5,no_load
21.599716,4.4561,3.5156,4.4560,-0.9404,0.0,0.001,step_5,no_load
21.610567,4.4561,3.5156,4.4560,-0.9404,0.0,0.001,step_5,no_load
21.620826,4.4561,3.5156,4.4560,-0.9404,0.0,0.001,step_5,no_load
21.631111,4.4561,3.5156,4.4560,-0.9404,0.0,0.001,step_5,no_load
21.641211,4.4561,3.5156,4.4560,-0.9404,0.0,0.001,step_5,no_load
21.65151,4.4561,3.5156,4.4560,-0.9404,0.0,0.001,step_5,no_load
21.661811,4.4561,3.5156,4.4560,-0.9404,0.0,0.001,step_5,no_load
21.672122,4.4561,3.5156,4.4560,-0.9404,0.0,0.001,step_5,no_load
21.683474,0.0,3.5156,4.4560,-0.9404,0.0,0.001,step_5,no_load
21.694423,0.0,3.5156,4.4560,-0.9404,0.0,0.000,step_5,no_load
21.704801,0.0,3.5156,4.4560,-0.9404,0.0,0.000,step_5,no_load
21.715145,0.0,3.5156,4.4560,-0.9404,0.0,0.000,step_5,no_load
21.725929,0.0,3.5156,4.4560,-0.9404,0.0,0.000,step_5,no_load
21.736678,0.0,3.4277,4.4561,-1.0284,-8.178,0.000,step_5,no_load
21.746965,0.0,3.1641,4.4561,-1.2920,-25.625,0.000,step_5,no_load
21.757072,0.0,2.9004,4.1995,-1.2991,-26.091,-25.655,step_5,no_load
21.767361,0.0,2.6367,3.6361,-0.9994,-25.629,-56.344,step_5,no_load
21.778393,0.0,2.2852,3.0750,-0.7898,-31.862,-56.106,step_5,no_load
21.78859,0.0,2.0215,2.6006,-0.5791,-25.861,-47.439,step_5,no_load
21.799472,0.0,1.6699,2.1996,-0.5297,-32.31,-40.104,step_5,no_load
21.809706,0.0,1.4063,1.8606,-0.4543,-25.757,-33.902,step_5,no_load
21.820003,0.0,1.0547,1.4478,-0.3931,-34.146,-27.520,step_5,no_load
21.830659,0.0,0.7910,1.2250,-0.4340,-24.747,-22.275,step_5,no_load
21.84107,0.0,0.6152,1.0367,-0.4215,-16.886,-18.830,step_5,no_load
21.851362,0.0,0.4395,0.8775,-0.4380,-17.072,-15.918,step_5,no_load
21.862331,0.0,0.3516,0.7430,-0.3914,-8.013,-13.456,step_5,no_load
21.872796,0.0,0.3516,0.6292,-0.2776,0.0,-11.375,step_5,no_load
21.882978,0.0,0.2637,0.5331,-0.2694,-8.633,-9.616,step_5,no_load
21.893412,0.0,0.1758,0.4518,-0.2760,-8.424,-8.129,step_5,no_load
21.903549,0.0,0.0879,0.3831,-0.2952,-8.671,-6.872,step_5,no_load
21.914098,0.0,0.0879,0.3250,-0.2371,0.0,-5.809,step_5,no_load
21.924465,0.0,0.0879,0.2759,-0.1880,0.0,-4.911,step_5,no_load
21.934762,0.0,0.0879,0.2344,-0.1465,0.0,-4.151,step_5,no_load
21.94513,0.0,0.0879,0.1838,-0.0959,0.0,-3.370,step_5,no_load
21.955401,0.0,0.0000,0.1565,-0.1565,-8.558,-2.727,step_5,no_load
21.966084,0.0,0.0000,0.1335,-0.1335,0.0,-2.306,step_5,no_load
21.976637,0.0,0.0000,0.1140,-0.1140,0.0,-1.949,step_5,no_load
21.986998,0.0,0.0000,0.0975,-0.0975,0.0,-1.648,step_5,no_load
21.997274,0.0,0.0879,0.0836,0.0043,8.554,-1.393,step_5,no_load
22.007466,0.0,0.0879,0.0718,0.0161,0.0,-1.177,step_5,no_load
22.01806,0.0,0.0879,0.0619,0.0260,0.0,-0.995,step_5,no_load
22.028632,0.0,0.0879,0.0534,0.0345,0.0,-0.841,step_5,no_load
22.038877,0.0,0.0879,0.0463,0.0416,0.0,-0.711,step_5,no_load
22.04932,0.0,0.0879,0.0403,0.0476,0.0,-0.601,step_5,no_load
22.059773,0.0,0.0879,0.0352,0.0527,0.0,-0.508,step_5,no_load
22.069995,0.0,0.0879,0.0309,0.0570,0.0,-0.430,step_5,no_load
22.080708,0.0,0.0879,0.0257,0.0622,0.0,-0.349,step_5,no_load
22.091456,0.0,0.0879,0.0229,0.0650,0.0,-0.282,step_5,no_load
22.101748,0.0,0.0879,0.0205,0.0674,0.0,-0.239,step_5,no_load
22.112524,0.0,0.0879,0.0185,0.0694,0.0,-0.202,step_5,no_load
22.122762,0.0,0.0879,0.0168,0.0711,0.0,-0.171,step_5,no_load
22.133098,0.0,0.0879,0.0153,0.0726,0.0,-0.145,step_5,no_load
22.143432,0.0,0.0879,0.0141,0.0738,0.0,-0.126,step_5,no_load
22.153746,0.0,0.0879,0.0130,0.0749,0.0,-0.111,step_5,no_load
22.16406,0.0,0.0879,0.0120,0.0759,0.0,-0.099,step_5,no_load
22.174421,0.0,0.0879,0.0111,0.0768,0.0,-0.089,step_5,no_load
22.184788,0.0,0.0879,0.0103,0.0776,0.0,-0.080,step_5,no_load
22.195179,0.0,0.0879,0.0092,0.0787,0.0,-0.072,step_5,no_load
22.205617,0.0,0.0879,0.0085,0.0794,0.0,-0.065,step_5,no_load
22.216718,0.0,0.0879,0.0080,0.0799,0.0,-0.060,step_5,no_load
22.227075,0.0,0.0879,0.0074,0.0805,0.0,-0.055,step_5,no_load
22.237561,0.0,0.0879,0.0069,0.0810,0.0,-0.051,step_5,no_load
22.248525,0.0,0.0879,0.0064,0.0815,0.0,-0.047,step_5,no_load
22.258769,0.0,0.0879,0.0060,0.0819,0.0,-0.044,step_5,no_load
22.269447,0.0,0.0879,0.0056,0.0823,0.0,-0.041,step_5,no_load
22.28043,0.0,0.0879,0.0050,0.0829,0.0,-0.037,step_5,no_load
22.29089,0.0,0.0879,0.0047,0.0832,0.0,-0.034,step_5,no_load
22.301276,0.0,0.0879,0.0043,0.0836,0.0,-0.032,step_5,no_load
22.311821,0.0,0.0879,0.0040,0.0839,0.0,-0.030,step_5,no_load
22.322895,0.0,0.0879,0.0038,0.0841,0.0,-0.028,step_5,no_load
22.333349,0.0,0.0879,0.0035,0.0844,0.0,-0.026,step_5,no_load
22.34359,0.0,0.0879,0.0033,0.0846,0.0,-0.024,step_5,no_load
22.354422,0.0,0.0879,0.0030,0.0849,0.0,-0.022,step_5,no_load
22.364704,0.0,0.0879,0.0028,0.0851,0.0,-0.021,step_5,no_load
22.374877,0.0,0.0879,0.0026,0.0853,0.0,-0.019,step_5,no_load
22.385958,0.0,0.0879,0.0024,0.0855,0.0,-0.018,step_5,no_load
22.396597,0.0,0.0879,0.0022,0.0857,0.0,-0.016,step_5,no_load
22.406708,0.0,0.0879,0.0021,0.0858,0.0,-0.015,step_5,no_load
22.417313,0.0,0.0879,0.0019,0.0860,0.0,-0.014,step_5,no_load
22.427489,0.0,0.0879,0.0018,0.0861,0.0,-0.013,step_5,no_load
22.437729,0.0,0.0879,0.0017,0.0862,0.0,-0.012,step_5,no_load
22.447985,0.0,0.0879,0.0016,0.0863,0.0,-0.011,step_5,no_load
22.458322,0.0,0.0879,0.0015,0.0864,0.0,-0.011,step_5,no_load
22.469093,0.0,0.0879,0.0014,0.0865,0.0,-0.010,step_5,no_load
22.479335,0.0,0.0879,0.0013,0.0866,0.0,-0.009,step_5,no_load
22.490024,0.0,0.0879,0.0011,0.0868,0.0,-0.008,step_5,no_load
22.500786,0.0,0.0879,0.0011,0.0868,0.0,-0.008,step_5,no_load
22.510991,0.0,0.0879,0.0010,0.0869,0.0,-0.007,step_5,no_load
22.521457,0.0,0.0879,0.0009,0.0870,0.0,-0.007,step_5,no_load
22.531662,0.0,0.0879,0.0009,0.0870,0.0,-0.006,step_5,no_load
22.542168,0.0,0.0879,0.0008,0.0871,0.0,-0.006,step_5,no_load
22.553055,0.0,0.0879,0.0007,0.0872,0.0,-0.005,step_5,no_load
22.563347,0.0,0.0879,0.0007,0.0872,0.0,-0.005,step_5,no_load
22.574302,0.0,0.0879,0.0006,0.0873,0.0,-0.005,step_5,no_load
22.584523,0.0,0.0879,0.0006,0.0873,0.0,-0.004,step_5,no_load
22.594751,0.0,0.0879,0.0006,0.0873,0.0,-0.004,step_5,no_load
22.605293,0.0,0.0879,0.0005,0.0874,0.0,-0.004,step_5,no_load
22.615554,0.0,0.0879,0.0005,0.0874,0.0,-0.003,step_5,no_load
22.62569,0.0,0.0879,0.0004,0.0875,0.0,-0.003,step_5,no_load
22.63631,0.0,0.0879,0.0004,0.0875,0.0,-0.003,step_5,no_load
22.646647,0.0,0.0879,0.0004,0.0875,0.0,-0.003,step_5,no_load
22.65712,0.0,0.0879,0.0004,0.0875,0.0,-0.003,step_5,no_load
22.66785,0.0,0.0879,0.0003,0.0876,0.0,-0.002,step_5,no_load
22.678097,0.0,0.0879,0.0003,0.0876,0.0,-0.002,step_5,no_load
22.688681,0.0,0.0879,0.0003,0.0876,0.0,-0.002,step_5,no_load
22.698851,0.0,0.0879,0.0003,0.0876,0.0,-0.002,step_5,no_load
22.70905,0.0,0.0879,0.0002,0.0877,0.0,-0.002,step_5,no_load
22.719297,0.0,0.0879,0.0002,0.0877,0.0,-0.002,step_5,no_load
22.729721,0.0,0.0879,0.0002,0.0877,0.0,-0.002,step_5,no_load
22.73996,0.0,0.0879,0.0002,0.0877,0.0,-0.001,step_5,no_load
22.750808,0.0,0.0879,0.0002,0.0877,0.0,-0.001,step_5,no_load
22.761736,0.0,0.0879,0.0002,0.0877,0.0,-0.001,step_5,no_load
22.772219,0.0,0.0879,0.0002,0.0877,0.0,-0.001,step_5,no_load
22.782934,0.0,0.0879,0.0001,0.0878,0.0,-0.001,step_5,no_load
22.793569,0.0,0.0879,0.0001,0.0878,0.0,-0.001,step_5,no_load
22.804081,0.0,0.0879,0.0001,0.0878,0.0,-0.001,step_5,no_load
22.81455,0.0,0.0879,0.0001,0.0878,0.0,-0.001,step_5,no_load
22.82562,0.0,0.0879,0.0001,0.0878,0.0,-0.001,step_5,no_load
22.83664,0.0,0.0879,0.0001,0.0878,0.0,-0.001,step_5,no_load
22.846852,0.0,0.0879,0.0001,0.0878,0.0,-0.001,step_5,no_load
22.85749,0.0,0.0879,0.0001,0.0878,0.0,-0.001,step_5,no_load
22.867984,0.0,0.0879,0.0001,0.0878,0.0,-0.001,step_5,no_load
22.878216,0.0,0.0879,0.0001,0.0878,0.0,-0.001,step_5,no_load
22.889503,4.4561,0.0879,0.0001,0.0878,0.0,-0.001,step_5,no_load
22.900623,4.4561,0.0879,0.0001,0.0878,0.0,-0.000,step_5,no_load
22.910826,4.4561,0.0879,0.0001,0.0878,0.0,-0.000,step_5,no_load
22.920943,4.4561,0.1758,0.0001,0.1757,8.688,-0.000,step_5,no_load
22.931375,4.4561,0.1758,0.0001,0.1757,0.0,-0.000,step_5,no_load
22.941632,4.4561,0.2637,0.0000,0.2637,8.57,-0.000,step_5,no_load
22.952354,4.4561,0.5273,0.0000,0.5273,24.585,-0.000,step_5,no_load
22.962516,4.4561,0.8789,0.2566,0.6223,34.599,25.655,step_5,no_load
22.973304,4.4561,1.2305,0.8200,0.4105,32.592,56.344,step_5,no_load
22.983692,4.4561,1.5820,1.3811,0.2009,33.837,56.106,step_5,no_load
22.994403,4.4561,1.8457,1.8555,-0.0098,24.62,47.439,step_5,no_load
23.004925,4.4561,2.1094,2.2565,-0.1471,25.062,40.104,step_5,no_load
23.015408,4.4561,2.2852,2.7448,-0.4596,16.77,32.555,step_5,no_load
23.025702,4.4561,2.3730,3.0083,-0.6353,8.529,26.350,step_5,no_load
23.036863,4.4561,2.6367,3.2311,-0.5944,23.627,22.275,step_5,no_load
23.047462,4.4561,2.8125,3.4194,-0.6069,16.586,18.830,step_5,no_load
23.057736,4.4561,2.9883,3.5786,-0.5903,17.111,15.918,step_5,no_load
23.067974,4.4561,3.0762,3.7131,-0.6369,8.586,13.456,step_5,no_load
23.07816,4.4561,3.2520,3.8269,-0.5749,17.259,11.375,step_5,no_load
23.08836,4.4561,3.3398,3.9230,-0.5832,8.608,9.616,step_5,no_load
23.098782,4.4561,3.4277,4.0043,-0.5766,8.434,8.129,step_5,no_load
23.10896,4.4561,3.5156,4.0730,-0.5574,8.636,6.872,step_5,no_load
23.119588,4.4561,3.6035,4.1311,-0.5276,8.271,5.809,step_5,no_load
23.130524,4.4561,3.6035,4.2019,-0.5984,0.0,4.716,step_5,no_load
23.141015,4.4561,3.6914,4.2400,-0.5486,8.379,3.817,step_5,no_load
23.151428,4.4561,3.6914,4.2723,-0.5809,0.0,3.226,step_5,no_load
23.161843,4.4561,3.6914,4.2996,-0.6082,0.0,2.727,step_5,no_load
23.172016,4.4561,3.6914,4.3226,-0.6312,0.0,2.306,step_5,no_load
23.182902,4.4561,3.6914,4.3421,-0.6507,0.0,1.949,step_5,no_load
23.194071,4.4561,3.6914,4.3586,-0.6672,0.0,1.648,step_5,no_load
23.20436,4.4561,3.6914,4.3725,-0.6811,0.0,1.393,step_5,no_load
23.214998,4.4561,3.6914,4.3843,-0.6929,0.0,1.177,step_5,no_load
23.225511,4.4561,3.6914,4.3986,-0.7072,0.0,0.956,step_5,no_load
23.235694,4.4561,3.6914,4.4064,-0.7150,0.0,0.774,step_5,no_load
23.24639,4.4561,3.6914,4.4129,-0.7215,0.0,0.654,step_5,no_load
23.256638,4.4561,3.6914,4.4184,-0.7270,0.0,0.553,step_5,no_load
23.266792,4.4561,3.6914,4.4231,-0.7317,0.0,0.467,step_5,no_load
23.276907,4.4561,3.6914,4.4271,-0.7357,0.0,0.395,step_5,no_load
23.287454,4.4561,3.6914,4.4304,-0.7390,0.0,0.334,step_5,no_load
23.298127,4.4561,3.7793,4.4332,-0.6539,8.236,0.282,step_5,no_load
23.308536,4.4561,3.7793,4.4356,-0.6563,0.0,0.239,step_5,no_load
23.318953,4.4561,3.7793,4.4376,-0.6583,0.0,0.202,step_5,no_load
23.329312,4.4561,3.7793,4.4393,-0.6600,0.0,0.171,step_5,no_load
23.339685,4.4561,3.7793,4.4408,-0.6615,0.0,0.145,step_5,no_load
23.350032,4.4561,3.7793,4.4426,-0.6633,0.0,0.122,step_5,no_load
23.36051,4.4561,3.7793,4.4437,-0.6644,0.0,0.104,step_5,no_load
23.371091,4.4561,3.7793,4.4446,-0.6653,0.0,0.093,step_5,no_load
23.381561,4.4561,3.7793,4.4454,-0.6661,0.0,0.084,step_5,no_load
23.392653,4.4561,3.7793,4.4462,-0.6669,0.0,0.077,step_5,no_load
23.402859,4.4561,3.7793,4.4469,-0.6676,0.0,0.070,step_5,no_load
23.413268,4.4561,3.7793,4.4476,-0.6683,0.0,0.065,step_5,no_load
23.423539,4.4561,3.7793,4.4481,-0.6688,0.0,0.060,step_5,no_load
23.433908,4.4561,3.7793,4.4487,-0.6694,0.0,0.055,step_5,no_load
23.444351,4.4561,3.7793,4.4492,-0.6699,0.0,0.051,step_5,no_load
23.454676,4.4561,3.7793,4.4497,-0.6704,0.0,0.047,step_5,no_load
23.464991,4.4561,3.7793,4.4501,-0.6708,0.0,0.044,step_5,no_load
23.475503,4.4561,3.7793,4.4507,-0.6714,0.0,0.040,step_5,no_load
23.485768,4.4561,3.7793,4.4511,-0.6718,0.0,0.037,step_5,no_load
23.496024,4.4561,3.7793,4.4514,-0.6721,0.0,0.034,step_5,no_load
23.506266,4.4561,3.7793,4.4518,-0.6725,0.0,0.032,step_5,no_load
23.516593,4.4561,3.7793,4.4521,-0.6728,0.0,0.030,step_5,no_load
23.527123,4.4561,3.7793,4.4523,-0.6730,0.0,0.028,step_5,no_load
23.537743,4.4561,3.7793,4.4526,-0.6733,0.0,0.026,step_5,no_load
23.548062,4.4561,3.7793,4.4528,-0.6735,0.0,0.024,step_5,no_load
23.558745,4.4561,3.7793,4.4531,-0.6738,0.0,0.022,step_5,no_load
23.568876,4.4561,3.7793,4.4533,-0.6740,0.0,0.021,step_5,no_load
23.579815,4.4561,3.7793,4.4535,-0.6742,0.0,0.019,step_5,no_load
23.590768,4.4561,3.7793,4.4537,-0.6744,0.0,0.018,step_5,no_load
23.601737,4.4561,3.7793,4.4539,-0.6746,0.0,0.016,step_5,no_load
23.612379,4.4561,3.7793,4.4540,-0.6747,0.0,0.015,step_5,no_load
23.622451,4.4561,3.7793,4.4542,-0.6749,0.0,0.014,step_5,no_load
23.632755,4.4561,3.7793,4.4543,-0.6750,0.0,0.013,step_5,no_load
23.643117,4.4561,3.7793,4.4544,-0.6751,0.0,0.012,step_5,no_load
23.653354,4.4561,3.7793,4.4545,-0.6752,0.0,0.011,step_5,no_load
23.664281,4.4561,3.7793,4.4546,-0.6753,0.0,0.011,step_5,no_load
23.675383,4.4561,3.7793,4.4548,-0.6755,0.0,0.010,step_5,no_load
23.685891,4.4561,3.7793,4.4549,-0.6756,0.0,0.009,step_5,no_load
23.696404,4.4561,3.7793,4.4550,-0.6757,0.0,0.008,step_5,no_load
23.707737,4.4561,3.7793,4.4550,-0.6757,0.0,0.008,step_5,no_load
23.718119,4.4561,3.7793,4.4551,-0.6758,0.0,0.007,step_5,no_load
23.728339,4.4561,3.7793,4.4552,-0.6759,0.0,0.007,step_5,no_load
23.738747,4.4561,3.7793,4.4552,-0.6759,0.0,0.006,step_5,no_load
23.748943,4.4561,3.7793,4.4553,-0.6760,0.0,0.006,step_5,no_load
23.760027,4.4561,3.7793,4.4554,-0.6761,0.0,0.005,step_5,no_load
23.770245,4.4561,3.7793,4.4554,-0.6761,0.0,0.005,step_5,no_load
23.780465,4.4561,3.7793,4.4555,-0.6762,0.0,0.005,step_5,no_load
23.790772,4.4561,3.7793,4.4555,-0.6762,0.0,0.004,step_5,no_load
23.801763,4.4561,3.7793,4.4556,-0.6763,0.0,0.004,step_5,no_load
23.812506,4.4561,3.7793,4.4556,-0.6763,0.0,0.004,step_5,no_load
23.823337,4.4561,3.7793,4.4556,-0.6763,0.0,0.003,step_5,no_load
23.833635,4.4561,3.7793,4.4557,-0.6764,0.0,0.003,step_5,no_load
23.844385,4.4561,3.7793,4.4557,-0.6764,0.0,0.003,step_5,no_load
23.854718,4.4561,3.7793,4.4557,-0.6764,0.0,0.003,step_5,no_load
23.865167,4.4561,3.7793,4.4558,-0.6765,0.0,0.003,step_5,no_load
23.876099,4.4561,3.7793,4.4558,-0.6765,0.0,0.002,step_5,no_load
23.886431,4.4561,3.7793,4.4558,-0.6765,0.0,0.002,step_5,no_load
23.896828,4.4561,3.7793,4.4558,-0.6765,0.0,0.002,step_5,no_load
23.90723,4.4561,3.7793,4.4558,-0.6765,0.0,0.002,step_5,no_load
23.917531,4.4561,3.7793,4.4559,-0.6766,0.0,0.002,step_5,no_load
23.929654,4.4561,3.7793,4.4559,-0.6766,0.0,0.002,step_5,no_load
23.940242,4.4561,3.7793,4.4559,-0.6766,0.0,0.001,step_5,no_load
23.95083,4.4561,3.7793,4.4559,-0.6766,0.0,0.001,step_5,no_load
23.96144,4.4561,3.7793,4.4559,-0.6766,0.0,0.001,step_5,no_load
23.971875,4.4561,3.7793,4.4559,-0.6766,0.0,0.001,step_5,no_load
23.982089,4.4561,3.7793,4.4559,-0.6766,0.0,0.001,step_5,no_load
23.992276,4.4561,3.7793,4.4560,-0.6767,0.0,0.001,step_5,no_load
24.002688,4.4561,3.7793,4.4560,-0.6767,0.0,0.001,step_5,no_load
24.013054,4.4561,3.7793,4.4560,-0.6767,0.0,0.001,step_5,no_load
24.02411,4.4561,3.7793,4.4560,-0.6767,0.0,0.001,step_5,no_load
24.03455,4.4561,3.7793,4.4560,-0.6767,0.0,0.001,step_5,no_load
24.045233,4.4561,3.7793,4.4560,-0.6767,0.0,0.001,step_5,no_load
24.055844,4.4561,3.7793,4.4560,-0.6767,0.0,0.001,step_5,no_load
24.06647,4.4561,3.7793,4.4560,-0.6767,0.0,0.001,step_5,no_load
24.076736,4.4561,3.7793,4.4560,-0.6767,0.0,0.001,step_5,no_load
24.086941,4.4561,3.7793,4.4560,-0.6767,0.0,0.001,step_5,no_load
