time,commanded_deg,real_deg,sim_deg,error_deg,real_vel_deg_s,sim_vel_deg_s,experiment_id,load_condition
0.000579,-89.978,-89.7803,-89.7807,0.0004,0.0,-0.000,staircase2,no_load
0.011025,-89.978,-89.7803,-89.7807,0.0004,0.0,-0.000,staircase2,no_load
0.021688,-89.978,-89.7803,-89.7807,0.0004,0.0,-0.000,staircase2,no_load
0.031938,-89.978,-89.7803,-89.7807,0.0004,0.0,-0.000,staircase2,no_load
0.042127,-89.978,-89.7803,-89.7807,0.0004,0.0,-0.000,staircase2,no_load
0.052746,-89.978,-89.7803,-89.7807,0.0004,0.0,-0.000,staircase2,no_load
0.06319,-89.978,-89.7803,-89.7807,0.0004,0.0,-0.000,staircase2,no_load
0.073735,-89.978,-89.7803,-89.7899,0.0096,0.0,-0.923,staircase2,no_load
0.084413,-89.978,-89.7803,-89.8096,0.0293,0.0,-1.971,staircase2,no_load
0.094619,-89.978,-89.7803,-89.8274,0.0471,0.0,-1.778,staircase2,no_load
0.105595,-89.978,-89.7803,-89.8504,0.0701,0.0,-1.538,staircase2,no_load
0.116346,-89.978,-89.7803,-89.8637,0.0834,0.0,-1.328,staircase2,no_load
0.127024,-89.978,-89.7803,-89.8755,0.0952,0.0,-1.182,staircase2,no_load
0.137653,-89.978,-89.7803,-89.8860,0.1057,0.0,-1.051,staircase2,no_load
0.148284,-89.978,-89.7803,-89.8954,0.1151,0.0,-0.935,staircase2,no_load
0.158943,-89.978,-89.7803,-89.9037,0.1234,0.0,-0.832,staircase2,no_load
0.169375,-89.978,-89.7803,-89.9111,0.1308,0.0,-0.741,staircase2,no_load
0.180095,-89.978,-89.7803,-89.9207,0.1404,0.0,-0.640,staircase2,no_load
0.190757,-89.978,-89.7803,-89.9263,0.1460,0.0,-0.553,staircase2,no_load
0.201448,-89.978,-89.7803,-89.9312,0.1509,0.0,-0.492,staircase2,no_load
0.212658,-89.978,-89.7803,-89.9356,0.1553,0.0,-0.439,staircase2,no_load
0.223787,-89.978,-89.7803,-89.9395,0.1592,0.0,-0.394,staircase2,no_load
0.234336,-89.978,-89.7803,-89.9431,0.1628,0.0,-0.353,staircase2,no_load
0.244593,-89.978,-89.7803,-89.9462,0.1659,0.0,-0.318,staircase2,no_load
0.255311,-89.978,-89.7803,-89.9504,0.1701,0.0,-0.280,staircase2,no_load
0.266174,-89.978,-89.7803,-89.9529,0.1726,0.0,-0.247,staircase2,no_load
0.276504,-89.978,-89.7803,-89.9551,0.1748,0.0,-0.223,staircase2,no_load
0.287193,-89.978,-89.7803,-89.9572,0.1769,0.0,-0.203,staircase2,no_load
0.29783,-89.978,-89.7803,-89.9590,0.1787,0.0,-0.184,staircase2,no_load
0.308129,-89.978,-89.7803,-89.9607,0.1804,0.0,-0.167,staircase2,no_load
0.31887,-89.978,-89.7803,-89.9622,0.1819,0.0,-0.152,staircase2,no_load
0.329217,-89.978,-89.7803,-89.9636,0.1833,0.0,-0.139,staircase2,no_load
0.340068,-89.978,-89.7803,-89.9654,0.1851,0.0,-0.124,staircase2,no_load
0.350296,-89.978,-89.7803,-89.9666,0.1863,0.0,-0.110,staircase2,no_load
0.361066,-89.978,-89.7803,-89.9676,0.1873,0.0,-0.101,staircase2,no_load
0.371376,-89.978,-89.7803,-89.9685,0.1882,0.0,-0.092,staircase2,no_load
0.381622,-89.978,-89.7803,-89.9693,0.1890,0.0,-0.084,staircase2,no_load
0.392209,-89.978,-89.7803,-89.9701,0.1898,0.0,-0.077,staircase2,no_load
0.402518,-89.978,-89.7803,-89.9708,0.1905,0.0,-0.070,staircase2,no_load
0.412917,-89.978,-89.7803,-89.9714,0.1911,0.0,-0.064,staircase2,no_load
0.42389,-89.978,-89.7803,-89.9720,0.1917,0.0,-0.059,staircase2,no_load
0.434509,-89.978,-89.7803,-89.9726,0.1923,0.0,-0.054,staircase2,no_load
0.445006,-89.978,-89.7803,-89.9733,0.1930,0.0,-0.048,staircase2,no_load
0.455623,-89.978,-89.7803,-89.9737,0.1934,0.0,-0.043,staircase2,no_load
0.466138,-89.978,-89.7803,-89.9741,0.1938,0.0,-0.039,staircase2,no_load
0.476768,-89.978,-89.7803,-89.9745,0.1942,0.0,-0.036,staircase2,no_load
0.487321,-89.978,-89.7803,-89.9748,0.1945,0.0,-0.033,staircase2,no_load
0.497853,-89.978,-89.7803,-89.9751,0.1948,0.0,-0.030,staircase2,no_load
0.508408,-89.978,-89.7803,-89.9754,0.1951,0.0,-0.028,staircase2,no_load
0.518987,-89.978,-89.7803,-89.9756,0.1953,0.0,-0.025,staircase2,no_load
0.529512,-89.978,-89.7803,-89.9759,0.1956,0.0,-0.023,staircase2,no_load
0.540407,-89.978,-89.7803,-89.9762,0.1959,0.0,-0.021,staircase2,no_load
0.551073,-89.978,-89.7803,-89.9763,0.1960,0.0,-0.019,staircase2,no_load
0.561954,-89.978,-89.7803,-89.9765,0.1962,0.0,-0.017,staircase2,no_load
0.573018,-89.978,-89.7803,-89.9767,0.1964,0.0,-0.016,staircase2,no_load
0.584071,-89.978,-89.7803,-89.9768,0.1965,0.0,-0.014,staircase2,no_load
0.594356,-89.978,-89.7803,-89.9769,0.1966,0.0,-0.013,staircase2,no_load
0.604672,-89.978,-89.7803,-89.9771,0.1968,0.0,-0.012,staircase2,no_load
0.615197,-89.978,-89.7803,-89.9772,0.1969,0.0,-0.011,staircase2,no_load
0.626226,-89.978,-89.7803,-89.9773,0.1970,0.0,-0.010,staircase2,no_load
0.636573,-89.978,-89.7803,-89.9774,0.1971,0.0,-0.009,staircase2,no_load
0.646876,-89.978,-89.7803,-89.9775,0.1972,0.0,-0.008,staircase2,no_load
0.657926,-89.978,-89.7803,-89.9776,0.1973,0.0,-0.007,staircase2,no_load
0.668171,-89.978,-89.7803,-89.9776,0.1973,0.0,-0.007,staircase2,no_load
0.678453,-89.978,-89.7803,-89.9777,0.1974,0.0,-0.006,staircase2,no_load
0.688664,-89.978,-89.7803,-89.9778,0.1975,0.0,-0.006,staircase2,no_load
0.699251,-89.978,-89.7803,-89.9778,0.1975,0.0,-0.005,staircase2,no_load
0.709789,-89.978,-89.7803,-89.9779,0.1976,0.0,-0.005,staircase2,no_load
0.720115,-89.978,-89.7803,-89.9779,0.1976,0.0,-0.004,staircase2,no_load
0.730754,-89.978,-89.7803,-89.9780,0.1977,0.0,-0.004,staircase2,no_load
0.740882,-89.978,-89.7803,-89.9780,0.1977,0.0,-0.003,staircase2,no_load
0.751151,-89.978,-89.7803,-89.9780,0.1977,0.0,-0.003,staircase2,no_load
0.762201,-89.978,-89.7803,-89.9780,0.1977,0.0,-0.003,staircase2,no_load
0.77235,-89.978,-89.7803,-89.9781,0.1978,0.0,-0.003,staircase2,no_load
0.783822,-89.978,-89.7803,-89.9781,0.1978,0.0,-0.002,staircase2,no_load
0.793888,-89.978,-89.7803,-89.9781,0.1978,0.0,-0.002,staircase2,no_load
0.804344,-89.978,-89.7803,-89.9781,0.1978,0.0,-0.002,staircase2,no_load
0.815358,-89.978,-89.7803,-89.9782,0.1979,0.0,-0.002,staircase2,no_load
0.825905,-89.978,-89.7803,-89.9782,0.1979,0.0,-0.002,staircase2,no_load
0.836219,-89.978,-89.7803,-89.9782,0.1979,0.0,-0.002,staircase2,no_load
0.846617,-89.978,-89.7803,-89.9782,0.1979,0.0,-0.001,staircase2,no_load
0.857036,-89.978,-89.7803,-89.9782,0.1979,0.0,-0.001,staircase2,no_load
0.867159,-89.978,-89.7803,-89.9782,0.1979,0.0,-0.001,staircase2,no_load
0.877503,-89.978,-89.7803,-89.9783,0.1980,0.0,-0.001,staircase2,no_load
0.888107,-89.978,-89.7803,-89.9783,0.1980,0.0,-0.001,staircase2,no_load
0.898387,-89.978,-89.7803,-89.9783,0.1980,0.0,-0.001,staircase2,no_load
0.908494,-89.978,-89.7803,-89.9783,0.1980,0.0,-0.001,staircase2,no_load
0.919077,-89.978,-89.7803,-89.9783,0.1980,0.0,-0.001,staircase2,no_load
0.929595,-89.978,-89.7803,-89.9783,0.1980,0.0,-0.001,staircase2,no_load
0.939902,-89.978,-89.7803,-89.9783,0.1980,0.0,-0.001,staircase2,no_load
0.95012,-89.978,-89.7803,-89.9783,0.1980,0.0,-0.001,staircase2,no_load
0.96047,-89.978,-89.7803,-89.9783,0.1980,0.0,-0.001,staircase2,no_load
0.971008,-89.978,-89.7803,-89.9783,0.1980,0.0,-0.000,staircase2,no_load
0.98132,-89.978,-89.7803,-89.9783,0.1980,0.0,-0.000,staircase2,no_load
0.991593,-89.978,-89.7803,-89.9783,0.1980,0.0,-0.000,staircase2,no_load
1.002614,-89.978,-89.7803,-89.9783,0.1980,0.0,-0.000,staircase2,no_load
1.012771,-89.978,-89.7803,-89.9783,0.1980,0.0,-0.000,staircase2,no_load
1.023351,-89.978,-89.7803,-89.9783,0.1980,0.0,-0.000,staircase2,no_load
1.033875,-89.978,-89.7803,-89.9783,0.1980,0.0,-0.000,staircase2,no_load
1.044702,-89.978,-89.7803,-89.9783,0.1980,0.0,-0.000,staircase2,no_load
1.055028,-89.978,-89.7803,-89.9783,0.1980,0.0,-0.000,staircase2,no_load
1.06608,-89.978,-89.7803,-89.9783,0.1980,0.0,-0.000,staircase2,no_load
1.07704,-89.978,-89.7803,-89.9783,0.1980,0.0,-0.000,staircase2,no_load
1.087495,-89.978,-89.7803,-89.9783,0.1980,0.0,-0.000,staircase2,no_load
1.097919,-89.978,-89.7803,-89.9783,0.1980,0.0,-0.000,staircase2,no_load
1.108755,-89.978,-89.7803,-89.9784,0.1981,0.0,-0.000,staircase2,no_load
1.118925,-89.978,-89.7803,-89.9784,0.1981,0.0,-0.000,staircase2,no_load
1.12978,-89.978,-89.7803,-89.9784,0.1981,0.0,-0.000,staircase2,no_load
1.140162,-89.978,-89.7803,-89.9784,0.1981,0.0,-0.000,staircase2,no_load
1.150319,-89.978,-89.7803,-89.9784,0.1981,0.0,-0.000,staircase2,no_load
1.16147,-89.978,-89.7803,-89.9784,0.1981,0.0,-0.000,staircase2,no_load
1.171872,-89.978,-89.7803,-89.9784,0.1981,0.0,-0.000,staircase2,no_load
1.182597,-89.978,-89.7803,-89.9784,0.1981,0.0,-0.000,staircase2,no_load
1.192812,-89.978,-89.7803,-89.9784,0.1981,0.0,-0.000,staircase2,no_load
1.20329,-89.978,-89.7803,-89.9784,0.1981,0.0,-0.000,staircase2,no_load
1.213926,-89.978,-89.7803,-89.9784,0.1981,0.0,-0.000,staircase2,no_load
1.224115,-89.978,-89.7803,-89.9784,0.1981,0.0,-0.000,staircase2,no_load
1.234778,-89.978,-89.7803,-89.9784,0.1981,0.0,-0.000,staircase2,no_load
1.244955,-89.978,-89.7803,-89.9784,0.1981,0.0,-0.000,staircase2,no_load
1.255212,-89.978,-89.7803,-89.9784,0.1981,0.0,-0.000,staircase2,no_load
1.265502,-89.978,-89.7803,-89.9784,0.1981,0.0,-0.000,staircase2,no_load
1.276456,-89.978,-89.7803,-89.9784,0.1981,0.0,-0.000,staircase2,no_load
1.286856,-89.978,-89.7803,-89.9784,0.1981,0.0,-0.000,staircase2,no_load
1.297208,-89.978,-89.7803,-89.9784,0.1981,0.0,-0.000,staircase2,no_load
1.307622,-89.978,-89.7803,-89.9784,0.1981,0.0,-0.000,staircase2,no_load
1.318477,-89.978,-89.7803,-89.9784,0.1981,0.0,-0.000,staircase2,no_load
1.329233,-89.978,-89.7803,-89.9784,0.1981,0.0,-0.000,staircase2,no_load
1.339491,-89.978,-89.7803,-89.9784,0.1981,0.0,-0.000,staircase2,no_load
1.349815,-89.978,-89.7803,-89.9784,0.1981,0.0,-0.000,staircase2,no_load
1.360575,-89.978,-89.7803,-89.9784,0.1981,0.0,-0.000,staircase2,no_load
1.371175,-89.978,-89.7803,-89.9784,0.1981,0.0,-0.000,staircase2,no_load
1.381552,-89.978,-89.7803,-89.9784,0.1981,0.0,-0.000,staircase2,no_load
1.392453,-89.978,-89.7803,-89.9784,0.1981,0.0,-0.000,staircase2,no_load
1.403124,-89.978,-89.7803,-89.9784,0.1981,0.0,-0.000,staircase2,no_load
1.414016,-89.978,-89.7803,-89.9784,0.1981,0.0,-0.000,staircase2,no_load
1.424654,-89.978,-89.7803,-89.9784,0.1981,0.0,-0.000,staircase2,no_load
1.435353,-89.978,-89.7803,-89.9784,0.1981,0.0,-0.000,staircase2,no_load
1.446051,-89.978,-89.7803,-89.9784,0.1981,0.0,-0.000,staircase2,no_load
1.456263,-89.978,-89.7803,-89.9784,0.1981,0.0,-0.000,staircase2,no_load
1.467268,-89.978,-89.7803,-89.9784,0.1981,0.0,-0.000,staircase2,no_load
1.477939,-89.978,-89.7803,-89.9784,0.1981,0.0,-0.000,staircase2,no_load
1.488596,-89.978,-89.7803,-89.9784,0.1981,0.0,-0.000,staircase2,no_load
1.499529,-89.978,-89.7803,-89.9784,0.1981,0.0,-0.000,staircase2,no_load
1.510393,-89.978,-89.7803,-89.9784,0.1981,0.0,-0.000,staircase2,no_load
1.520613,-89.978,-89.7803,-89.9784,0.1981,0.0,-0.000,staircase2,no_load
1.531325,-89.978,-89.7803,-89.9784,0.1981,0.0,-0.000,staircase2,no_load
1.541711,-89.978,-89.7803,-89.9784,0.1981,0.0,-0.000,staircase2,no_load
1.552454,-89.978,-89.7803,-89.9784,0.1981,0.0,-0.000,staircase2,no_load
1.562881,-89.978,-89.7803,-89.9784,0.1981,0.0,-0.000,staircase2,no_load
1.573548,-89.978,-89.7803,-89.9784,0.1981,0.0,-0.000,staircase2,no_load
1.584099,-89.978,-89.7803,-89.9784,0.1981,0.0,-0.000,staircase2,no_load
1.594853,-89.978,-89.7803,-89.9784,0.1981,0.0,-0.000,staircase2,no_load
1.606659,-67.4835,-89.7803,-89.9784,0.1981,0.0,-0.000,staircase2,no_load
1.617408,-67.4835,-89.7803,-89.9784,0.1981,0.0,-0.000,staircase2,no_load
1.627831,-67.4835,-89.7803,-89.9784,0.1981,0.0,-0.000,staircase2,no_load
1.638432,-67.4835,-89.7803,-89.9784,0.1981,0.0,-0.000,staircase2,no_load
1.649145,-67.4835,-89.6924,-89.9784,0.2860,8.205,-0.000,staircase2,no_load
1.660067,-67.4835,-89.5166,-89.9784,0.4618,16.096,-0.000,staircase2,no_load
1.670915,-67.4835,-89.0771,-89.9784,0.9013,40.514,-0.000,staircase2,no_load
1.681663,-67.4835,-88.5498,-89.5922,1.0424,49.06,38.617,staircase2,no_load
1.692361,-67.4835,-87.7588,-88.7706,1.0118,73.939,82.155,staircase2,no_load
1.703118,-67.4835,-86.7041,-87.5937,0.8896,98.048,117.694,staircase2,no_load
1.713535,-67.4835,-85.5615,-86.1267,0.5652,109.686,146.705,staircase2,no_load
1.724482,-67.4835,-84.1553,-84.4228,0.2675,128.455,170.387,staircase2,no_load
1.735001,-67.4835,-82.6611,-81.9153,-0.7458,142.048,167.166,staircase2,no_load
1.745713,-67.4835,-81.1670,-80.3635,-0.8035,139.479,155.181,staircase2,no_load
1.756097,-67.4835,-79.7607,-79.1062,-0.6545,135.43,125.725,staircase2,no_load
1.766526,-67.4835,-78.0908,-77.9985,-0.0923,160.121,110.775,staircase2,no_load
1.77749,-67.4835,-76.5967,-76.8326,0.2359,136.273,116.588,staircase2,no_load
1.787947,-67.4835,-75.3662,-75.8903,0.5241,117.672,94.231,staircase2,no_load
1.798993,-67.4835,-74.0479,-75.1304,1.0825,119.346,75.984,staircase2,no_load
1.809354,-67.4835,-73.1689,-74.2927,1.1238,84.837,83.773,staircase2,no_load
1.819702,-67.4835,-72.3779,-73.5431,1.1652,76.44,74.958,staircase2,no_load
1.830938,-67.4835,-71.6748,-72.5707,0.8959,62.576,64.832,staircase2,no_load
1.8415,-67.4835,-71.1475,-72.0108,0.8633,49.924,55.987,staircase2,no_load
1.851833,-67.4835,-70.7959,-71.5126,0.7167,34.027,49.816,staircase2,no_load
1.862775,-67.4835,-70.3564,-71.0694,0.7130,40.166,44.325,staircase2,no_load
1.87323,-67.4835,-70.0049,-70.6750,0.6701,33.62,39.440,staircase2,no_load
1.883406,-67.4835,-69.8291,-70.3240,0.4949,17.276,35.093,staircase2,no_load
1.89445,-67.4835,-69.4775,-70.0118,0.5343,31.836,31.225,staircase2,no_load
1.904739,-67.4835,-69.2139,-69.7340,0.5201,25.62,27.784,staircase2,no_load
1.914986,-67.4835,-69.0381,-69.4867,0.4486,17.156,24.722,staircase2,no_load
1.925483,-67.4835,-68.8623,-69.1661,0.3038,16.748,21.379,staircase2,no_load
1.936149,-67.4835,-68.6865,-68.9814,0.2949,16.482,18.462,staircase2,no_load
1.946799,-67.4835,-68.5986,-68.8172,0.2186,8.254,16.427,staircase2,no_load
1.957125,-67.4835,-68.5107,-68.6710,0.1603,8.512,14.617,staircase2,no_load
1.968086,-67.4835,-68.3350,-68.5409,0.2059,16.03,13.006,staircase2,no_load
1.979159,-67.4835,-68.2471,-68.4252,0.1781,7.938,11.572,staircase2,no_load
1.990033,-67.4835,-68.1592,-68.2751,0.1159,8.084,10.008,staircase2,no_load
2.000873,-67.4835,-68.0713,-68.1887,0.1174,8.109,8.642,staircase2,no_load
2.011018,-67.4835,-68.0713,-68.1118,0.0405,0.0,7.690,staircase2,no_load
2.02137,-67.4835,-68.0713,-68.0433,-0.0280,0.0,6.842,staircase2,no_load
2.032325,-67.4835,-68.0713,-67.9825,-0.0888,0.0,6.088,staircase2,no_load
2.042724,-67.4835,-68.0713,-67.9283,-0.1430,0.0,5.417,staircase2,no_load
2.053231,-67.4835,-68.0713,-67.8801,-0.1912,0.0,4.820,staircase2,no_load
2.063425,-67.4835,-68.0713,-67.8372,-0.2341,0.0,4.289,staircase2,no_load
2.073705,-67.4835,-68.0713,-67.7990,-0.2723,0.0,3.816,staircase2,no_load
2.083965,-67.4835,-68.0713,-67.7651,-0.3062,0.0,3.396,staircase2,no_load
2.094587,-67.4835,-68.0713,-67.7349,-0.3364,0.0,3.021,staircase2,no_load
2.104864,-67.4835,-68.0713,-67.7080,-0.3633,0.0,2.688,staircase2,no_load
2.115092,-67.4835,-67.9834,-67.6731,-0.3103,8.594,2.325,staircase2,no_load
2.125323,-67.4835,-67.9834,-67.6530,-0.3304,0.0,2.008,staircase2,no_load
2.135497,-67.4835,-67.8955,-67.6352,-0.2603,8.64,1.786,staircase2,no_load
2.146032,-67.4835,-67.8955,-67.6193,-0.2762,0.0,1.589,staircase2,no_load
2.15679,-67.4835,-67.8076,-67.6051,-0.2025,8.171,1.414,staircase2,no_load
2.167012,-67.4835,-67.7197,-67.5926,-0.1271,8.599,1.258,staircase2,no_load
2.177232,-67.4835,-67.7197,-67.5814,-0.1383,0.0,1.120,staircase2,no_load
2.187435,-67.4835,-67.7197,-67.5714,-0.1483,0.0,0.996,staircase2,no_load
2.197695,-67.4835,-67.7197,-67.5625,-0.1572,0.0,0.886,staircase2,no_load
2.207904,-67.4835,-67.7197,-67.5546,-0.1651,0.0,0.789,staircase2,no_load
2.218119,-67.4835,-67.7197,-67.5476,-0.1721,0.0,0.702,staircase2,no_load
2.228379,-67.4835,-67.7197,-67.5414,-0.1783,0.0,0.624,staircase2,no_load
2.238735,-67.4835,-67.7197,-67.5358,-0.1839,0.0,0.556,staircase2,no_load
2.248953,-67.4835,-67.7197,-67.5309,-0.1888,0.0,0.495,staircase2,no_load
2.259185,-67.4835,-67.7197,-67.5265,-0.1932,0.0,0.441,staircase2,no_load
2.269466,-67.4835,-67.7197,-67.5225,-0.1972,0.0,0.395,staircase2,no_load
2.279736,-67.4835,-67.7197,-67.5190,-0.2007,0.0,0.355,staircase2,no_load
2.290659,-67.4835,-67.7197,-67.5143,-0.2054,0.0,0.311,staircase2,no_load
2.300974,-67.4835,-67.7197,-67.5116,-0.2081,0.0,0.274,staircase2,no_load
2.312081,-67.4835,-67.7197,-67.5091,-0.2106,0.0,0.248,staircase2,no_load
2.32263,-67.4835,-67.7197,-67.5068,-0.2129,0.0,0.224,staircase2,no_load
2.333291,-67.4835,-67.7197,-67.5048,-0.2149,0.0,0.204,staircase2,no_load
2.343854,-67.4835,-67.7197,-67.5029,-0.2168,0.0,0.185,staircase2,no_load
2.354317,-67.4835,-67.7197,-67.5013,-0.2184,0.0,0.168,staircase2,no_load
2.364955,-67.4835,-67.7197,-67.4997,-0.2200,0.0,0.153,staircase2,no_load
2.375528,-67.4835,-67.7197,-67.4977,-0.2220,0.0,0.136,staircase2,no_load
2.386507,-67.4835,-67.7197,-67.4965,-0.2232,0.0,0.121,staircase2,no_load
2.397165,-67.4835,-67.7197,-67.4954,-0.2243,0.0,0.111,staircase2,no_load
2.407853,-67.4835,-67.7197,-67.4944,-0.2253,0.0,0.101,staircase2,no_load
2.418124,-67.4835,-67.7197,-67.4934,-0.2263,0.0,0.092,staircase2,no_load
2.428861,-67.4835,-67.7197,-67.4926,-0.2271,0.0,0.084,staircase2,no_load
2.439523,-67.4835,-67.7197,-67.4918,-0.2279,0.0,0.077,staircase2,no_load
2.450402,-67.4835,-67.7197,-67.4908,-0.2289,0.0,0.069,staircase2,no_load
2.461115,-67.4835,-67.7197,-67.4902,-0.2295,0.0,0.062,staircase2,no_load
2.471839,-67.4835,-67.7197,-67.4896,-0.2301,0.0,0.056,staircase2,no_load
2.482561,-67.4835,-67.7197,-67.4891,-0.2306,0.0,0.052,staircase2,no_load
2.493095,-67.4835,-67.7197,-67.4886,-0.2311,0.0,0.047,staircase2,no_load
2.503715,-67.4835,-67.7197,-67.4882,-0.2315,0.0,0.043,staircase2,no_load
2.514463,-67.4835,-67.7197,-67.4878,-0.2319,0.0,0.040,staircase2,no_load
2.525236,-67.4835,-67.7197,-67.4873,-0.2324,0.0,0.035,staircase2,no_load
2.535704,-67.4835,-67.7197,-67.4869,-0.2328,0.0,0.032,staircase2,no_load
2.546318,-67.4835,-67.7197,-67.4867,-0.2330,0.0,0.029,staircase2,no_load
2.557234,-67.4835,-67.7197,-67.4864,-0.2333,0.0,0.027,staircase2,no_load
2.567917,-67.4835,-67.7197,-67.4861,-0.2336,0.0,0.024,staircase2,no_load
2.578464,-67.4835,-67.7197,-67.4859,-0.2338,0.0,0.022,staircase2,no_load
2.588715,-67.4835,-67.7197,-67.4857,-0.2340,0.0,0.020,staircase2,no_load
2.59895,-67.4835,-67.7197,-67.4855,-0.2342,0.0,0.019,staircase2,no_load
2.609226,-67.4835,-67.7197,-67.4854,-0.2343,0.0,0.017,staircase2,no_load
2.619903,-67.4835,-67.7197,-67.4852,-0.2345,0.0,0.016,staircase2,no_load
2.630618,-67.4835,-67.7197,-67.4850,-0.2347,0.0,0.014,staircase2,no_load
2.64093,-67.4835,-67.7197,-67.4849,-0.2348,0.0,0.013,staircase2,no_load
2.651469,-67.4835,-67.7197,-67.4848,-0.2349,0.0,0.011,staircase2,no_load
2.661999,-67.4835,-67.7197,-67.4847,-0.2350,0.0,0.011,staircase2,no_load
2.672421,-67.4835,-67.7197,-67.4846,-0.2351,0.0,0.010,staircase2,no_load
2.682798,-67.4835,-67.7197,-67.4845,-0.2352,0.0,0.009,staircase2,no_load
2.693159,-67.4835,-67.7197,-67.4844,-0.2353,0.0,0.008,staircase2,no_load
2.703899,-67.4835,-67.7197,-67.4843,-0.2354,0.0,0.007,staircase2,no_load
2.714683,-67.4835,-67.7197,-67.4842,-0.2355,0.0,0.007,staircase2,no_load
2.724931,-67.4835,-67.7197,-67.4842,-0.2355,0.0,0.006,staircase2,no_load
2.735339,-67.4835,-67.7197,-67.4841,-0.2356,0.0,0.006,staircase2,no_load
2.746223,-67.4835,-67.7197,-67.4841,-0.2356,0.0,0.005,staircase2,no_load
2.756823,-67.4835,-67.7197,-67.4840,-0.2357,0.0,0.005,staircase2,no_load
2.767537,-67.4835,-67.7197,-67.4840,-0.2357,0.0,0.004,staircase2,no_load
2.778672,-67.4835,-67.7197,-67.4839,-0.2358,0.0,0.004,staircase2,no_load
2.789344,-67.4835,-67.7197,-67.4839,-0.2358,0.0,0.003,staircase2,no_load
2.800079,-67.4835,-67.7197,-67.4838,-0.2359,0.0,0.003,staircase2,no_load
2.811062,-67.4835,-67.7197,-67.4838,-0.2359,0.0,0.003,staircase2,no_load
2.821734,-67.4835,-67.7197,-67.4838,-0.2359,0.0,0.003,staircase2,no_load
2.832404,-67.4835,-67.7197,-67.4838,-0.2359,0.0,0.002,staircase2,no_load
2.842547,-67.4835,-67.7197,-67.4837,-0.2360,0.0,0.002,staircase2,no_load
2.853213,-67.4835,-67.7197,-67.4837,-0.2360,0.0,0.002,staircase2,no_load
2.86427,-67.4835,-67.7197,-67.4837,-0.2360,0.0,0.002,staircase2,no_load
2.874935,-67.4835,-67.7197,-67.4837,-0.2360,0.0,0.002,staircase2,no_load
2.885465,-67.4835,-67.7197,-67.4837,-0.2360,0.0,0.001,staircase2,no_load
2.895683,-67.4835,-67.7197,-67.4837,-0.2360,0.0,0.001,staircase2,no_load
2.905938,-67.4835,-67.7197,-67.4836,-0.2361,0.0,0.001,staircase2,no_load
2.916141,-67.4835,-67.7197,-67.4836,-0.2361,0.0,0.001,staircase2,no_load
2.926519,-67.4835,-67.7197,-67.4836,-0.2361,0.0,0.001,staircase2,no_load
2.937073,-67.4835,-67.7197,-67.4836,-0.2361,0.0,0.001,staircase2,no_load
2.948017,-67.4835,-67.7197,-67.4836,-0.2361,0.0,0.001,staircase2,no_load
2.958202,-67.4835,-67.7197,-67.4836,-0.2361,0.0,0.001,staircase2,no_load
2.968778,-67.4835,-67.7197,-67.4836,-0.2361,0.0,0.001,staircase2,no_load
2.979252,-67.4835,-67.7197,-67.4836,-0.2361,0.0,0.001,staircase2,no_load
2.989603,-67.4835,-67.7197,-67.4836,-0.2361,0.0,0.001,staircase2,no_load
3.000119,-67.4835,-67.7197,-67.4836,-0.2361,0.0,0.001,staircase2,no_load
3.011153,-67.4835,-67.7197,-67.4836,-0.2361,0.0,0.000,staircase2,no_load
3.021384,-67.4835,-67.7197,-67.4836,-0.2361,0.0,0.000,staircase2,no_load
3.031942,-67.4835,-67.7197,-67.4836,-0.2361,0.0,0.000,staircase2,no_load
3.042247,-67.4835,-67.7197,-67.4836,-0.2361,0.0,0.000,staircase2,no_load
3.052528,-67.4835,-67.7197,-67.4835,-0.2362,0.0,0.000,staircase2,no_load
3.06327,-67.4835,-67.7197,-67.4835,-0.2362,0.0,0.000,staircase2,no_load
3.074574,-67.4835,-67.7197,-67.4835,-0.2362,0.0,0.000,staircase2,no_load
3.084907,-67.4835,-67.7197,-67.4835,-0.2362,0.0,0.000,staircase2,no_load
3.095096,-67.4835,-67.7197,-67.4835,-0.2362,0.0,0.000,staircase2,no_load
3.105849,-67.4835,-67.7197,-67.4835,-0.2362,0.0,0.000,staircase2,no_load
3.116457,-67.4835,-67.7197,-67.4835,-0.2362,0.0,0.000,staircase2,no_load
3.127095,-67.4835,-67.7197,-67.4835,-0.2362,0.0,0.000,staircase2,no_load
3.13796,-67.4835,-67.7197,-67.4835,-0.2362,0.0,0.000,staircase2,no_load
3.148635,-67.4835,-67.7197,-67.4835,-0.2362,0.0,0.000,staircase2,no_load
3.159298,-67.4835,-67.7197,-67.4835,-0.2362,0.0,0.000,staircase2,no_load
3.169949,-67.4835,-67.7197,-67.4835,-0.2362,0.0,0.000,staircase2,no_load
3.181092,-67.4835,-67.7197,-67.4835,-0.2362,0.0,0.000,staircase2,no_load
3.191761,-67.4835,-67.7197,-67.4835,-0.2362,0.0,0.000,staircase2,no_load
3.201995,-67.4835,-67.7197,-67.4835,-0.2362,0.0,0.000,staircase2,no_load
3.213282,-44.989,-67.7197,-67.4835,-0.2362,0.0,0.000,staircase2,no_load
3.224112,-44.989,-67.7197,-67.4835,-0.2362,0.0,0.000,staircase2,no_load
3.234461,-44.989,-67.7197,-67.4835,-0.2362,0.0,0.000,staircase2,no_load
3.244877,-44.989,-67.7197,-67.4835,-0.2362,0.0,0.000,staircase2,no_load
3.25588,-44.989,-67.5439,-67.4835,-0.0604,15.977,0.000,staircase2,no_load
3.266593,-44.989,-67.3682,-67.4835,0.1153,16.401,0.000,staircase2,no_load
3.277061,-44.989,-67.1045,-67.4835,0.3790,25.191,0.000,staircase2,no_load
3.287774,-44.989,-66.4014,-67.0970,0.6956,65.631,38.650,staircase2,no_load
3.298514,-44.989,-65.6104,-66.2748,0.6644,73.65,82.226,staircase2,no_load
3.309163,-44.989,-64.5557,-65.0968,0.5411,99.042,117.795,staircase2,no_load
3.31985,-44.989,-63.3252,-63.6285,0.3033,115.14,146.831,staircase2,no_load
3.330413,-44.989,-62.0068,-60.9955,-1.0113,124.813,175.530,staircase2,no_load
3.341259,-44.989,-60.5127,-59.4151,-1.0976,137.756,158.047,staircase2,no_load
3.351541,-44.989,-58.7549,-57.8630,-0.8919,170.959,155.210,staircase2,no_load
3.36176,-44.989,-57.2607,-56.6050,-0.6557,146.218,125.793,staircase2,no_load
3.372444,-44.989,-55.5029,-55.4977,-0.0052,164.526,110.738,staircase2,no_load
3.383074,-44.989,-54.0088,-54.3316,0.3228,140.555,116.602,staircase2,no_load
3.393623,-44.989,-52.7783,-53.3888,0.6105,116.646,94.287,staircase2,no_load
3.404328,-44.989,-51.7236,-52.6280,0.9044,98.524,76.074,staircase2,no_load
3.416908,-44.989,-50.4932,-51.4057,0.9125,97.806,81.490,staircase2,no_load
3.427623,-44.989,-49.6143,-50.6992,1.0849,82.025,70.643,staircase2,no_load
3.438387,-44.989,-49.0869,-50.0707,0.9838,48.997,62.858,staircase2,no_load
3.448833,-44.989,-48.6475,-49.5114,0.8639,42.064,55.930,staircase2,no_load
3.459495,-44.989,-48.2080,-49.0137,0.8057,41.221,49.766,staircase2,no_load
3.470211,-44.989,-47.9443,-48.3681,0.4238,24.608,43.037,staircase2,no_load
3.480935,-44.989,-47.5928,-47.9965,0.4037,32.777,37.166,staircase2,no_load
3.491654,-44.989,-47.3291,-47.6658,0.3367,24.601,33.069,staircase2,no_load
3.502055,-44.989,-47.0654,-47.3716,0.3062,25.353,29.425,staircase2,no_load
3.512381,-44.989,-46.8018,-47.1097,0.3079,25.528,26.181,staircase2,no_load
3.522989,-44.989,-46.6260,-46.8768,0.2508,16.572,23.296,staircase2,no_load
3.533165,-44.989,-46.4502,-46.6695,0.2193,17.276,20.728,staircase2,no_load
3.543795,-44.989,-46.2744,-46.4851,0.2107,16.538,18.444,staircase2,no_load
3.554404,-44.989,-46.0986,-46.3210,0.2224,16.571,16.411,staircase2,no_load
3.56488,-44.989,-46.0107,-46.1749,0.1642,8.391,14.602,staircase2,no_load
3.575622,-44.989,-45.8350,-45.9855,0.1505,16.356,12.628,staircase2,no_load
3.586062,-44.989,-45.7471,-45.8765,0.1294,8.42,10.905,staircase2,no_load
3.596243,-44.989,-45.7471,-45.7794,0.0323,0.0,9.703,staircase2,no_load
3.606904,-44.989,-45.6592,-45.6931,0.0339,8.245,8.634,staircase2,no_load
3.617612,-44.989,-45.5713,-45.6163,0.0450,8.209,7.682,staircase2,no_load
3.627815,-44.989,-45.4834,-45.5479,0.0645,8.615,6.835,staircase2,no_load
3.638278,-44.989,-45.3955,-45.4871,0.0916,8.401,6.082,staircase2,no_load
3.649004,-44.989,-45.3955,-45.4330,0.0375,0.0,5.412,staircase2,no_load
3.659537,-44.989,-45.3955,-45.3848,-0.0107,0.0,4.815,staircase2,no_load
3.670259,-44.989,-45.3076,-45.3224,0.0148,8.198,4.164,staircase2,no_load
3.681065,-44.989,-45.3076,-45.2864,-0.0212,0.0,3.596,staircase2,no_load
3.691839,-44.989,-45.3076,-45.2544,-0.0532,0.0,3.200,staircase2,no_load
3.702595,-44.989,-45.3076,-45.2259,-0.0817,0.0,2.847,staircase2,no_load
3.713154,-44.989,-45.3076,-45.2006,-0.1070,0.0,2.533,staircase2,no_load
3.723796,-44.989,-45.3076,-45.1781,-0.1295,0.0,2.254,staircase2,no_load
3.734674,-44.989,-45.3076,-45.1580,-0.1496,0.0,2.006,staircase2,no_load
3.745626,-44.989,-45.3076,-45.1320,-0.1756,0.0,1.734,staircase2,no_load
3.756258,-44.989,-45.3076,-45.1170,-0.1906,0.0,1.498,staircase2,no_load
3.766833,-44.989,-45.3076,-45.1037,-0.2039,0.0,1.333,staircase2,no_load
3.777445,-44.989,-45.3076,-45.0918,-0.2158,0.0,1.186,staircase2,no_load
3.788074,-44.989,-45.3076,-45.0813,-0.2263,0.0,1.055,staircase2,no_load
3.799182,-44.989,-45.3076,-45.0719,-0.2357,0.0,0.939,staircase2,no_load
3.810051,-44.989,-45.3076,-45.0597,-0.2479,0.0,0.812,staircase2,no_load
3.820827,-44.989,-45.3076,-45.0527,-0.2549,0.0,0.701,staircase2,no_load
3.831485,-44.989,-45.3076,-45.0465,-0.2611,0.0,0.624,staircase2,no_load
3.841719,-44.989,-45.3076,-45.0409,-0.2667,0.0,0.555,staircase2,no_load
3.852702,-44.989,-45.3076,-45.0360,-0.2716,0.0,0.494,staircase2,no_load
3.863492,-44.989,-45.3076,-45.0316,-0.2760,0.0,0.441,staircase2,no_load
3.873968,-44.989,-45.3076,-45.0276,-0.2800,0.0,0.395,staircase2,no_load
3.884652,-44.989,-45.3076,-45.0241,-0.2835,0.0,0.355,staircase2,no_load
3.895625,-44.989,-45.3076,-45.0194,-0.2882,0.0,0.311,staircase2,no_load
3.906604,-44.989,-45.3076,-45.0167,-0.2909,0.0,0.274,staircase2,no_load
3.917133,-44.989,-45.3076,-45.0142,-0.2934,0.0,0.247,staircase2,no_load
3.928208,-44.989,-45.3076,-45.0120,-0.2956,0.0,0.224,staircase2,no_load
3.939013,-44.989,-45.3076,-45.0099,-0.2977,0.0,0.203,staircase2,no_load
3.94979,-44.989,-45.3076,-45.0081,-0.2995,0.0,0.185,staircase2,no_load
3.96077,-44.989,-45.3076,-45.0056,-0.3020,0.0,0.164,staircase2,no_load
3.971562,-44.989,-45.3076,-45.0042,-0.3034,0.0,0.146,staircase2,no_load
3.982519,-44.989,-45.3076,-45.0028,-0.3048,0.0,0.133,staircase2,no_load
3.993498,-44.989,-45.3076,-45.0016,-0.3060,0.0,0.121,staircase2,no_load
4.004049,-44.989,-45.3076,-45.0005,-0.3071,0.0,0.111,staircase2,no_load
4.014539,-44.989,-45.3076,-44.9995,-0.3081,0.0,0.101,staircase2,no_load
4.024624,-44.989,-45.3076,-44.9986,-0.3090,0.0,0.092,staircase2,no_load
4.034869,-44.989,-45.3076,-44.9977,-0.3099,0.0,0.084,staircase2,no_load
4.045408,-44.989,-45.3076,-44.9966,-0.3110,0.0,0.075,staircase2,no_load
4.056054,-44.989,-45.3076,-44.9959,-0.3117,0.0,0.067,staircase2,no_load
4.06637,-44.989,-45.3076,-44.9953,-0.3123,0.0,0.062,staircase2,no_load
4.076988,-44.989,-45.3076,-44.9947,-0.3129,0.0,0.056,staircase2,no_load
4.087473,-44.989,-45.3076,-44.9942,-0.3134,0.0,0.052,staircase2,no_load
4.098496,-44.989,-45.3076,-44.9938,-0.3138,0.0,0.047,staircase2,no_load
4.109667,-44.989,-45.3076,-44.9933,-0.3143,0.0,0.043,staircase2,no_load
4.120313,-44.989,-45.3076,-44.9928,-0.3148,0.0,0.039,staircase2,no_load
4.130964,-44.989,-45.3076,-44.9924,-0.3152,0.0,0.035,staircase2,no_load
4.141687,-44.989,-45.3076,-44.9921,-0.3155,0.0,0.032,staircase2,no_load
4.151922,-44.989,-45.3076,-44.9918,-0.3158,0.0,0.029,staircase2,no_load
4.162878,-44.989,-45.3076,-44.9915,-0.3161,0.0,0.027,staircase2,no_load
4.173041,-44.989,-45.3076,-44.9913,-0.3163,0.0,0.024,staircase2,no_load
4.183931,-44.989,-45.3076,-44.9911,-0.3165,0.0,0.022,staircase2,no_load
4.194537,-44.989,-45.3076,-44.9909,-0.3167,0.0,0.020,staircase2,no_load
4.205348,-44.989,-45.3076,-44.9906,-0.3170,0.0,0.018,staircase2,no_load
4.215712,-44.989,-45.3076,-44.9904,-0.3172,0.0,0.016,staircase2,no_load
4.226025,-44.989,-45.3076,-44.9903,-0.3173,0.0,0.015,staircase2,no_load
4.236965,-44.989,-45.3076,-44.9901,-0.3175,0.0,0.014,staircase2,no_load
4.247638,-44.989,-45.3076,-44.9900,-0.3176,0.0,0.013,staircase2,no_load
4.258314,-44.989,-45.3076,-44.9899,-0.3177,0.0,0.011,staircase2,no_load
4.268725,-44.989,-45.3076,-44.9898,-0.3178,0.0,0.011,staircase2,no_load
4.279711,-44.989,-45.3076,-44.9897,-0.3179,0.0,0.010,staircase2,no_load
4.290489,-44.989,-45.3076,-44.9896,-0.3180,0.0,0.009,staircase2,no_load
4.300886,-44.989,-45.3076,-44.9895,-0.3181,0.0,0.008,staircase2,no_load
4.311009,-44.989,-45.3076,-44.9894,-0.3182,0.0,0.007,staircase2,no_load
4.321779,-44.989,-45.3076,-44.9894,-0.3182,0.0,0.006,staircase2,no_load
4.332465,-44.989,-45.3076,-44.9893,-0.3183,0.0,0.006,staircase2,no_load
4.343132,-44.989,-45.3076,-44.9892,-0.3184,0.0,0.005,staircase2,no_load
4.353954,-44.989,-45.3076,-44.9892,-0.3184,0.0,0.005,staircase2,no_load
4.364486,-44.989,-45.3076,-44.9892,-0.3184,0.0,0.005,staircase2,no_load
4.375169,-44.989,-45.3076,-44.9891,-0.3185,0.0,0.004,staircase2,no_load
4.385875,-44.989,-45.3076,-44.9891,-0.3185,0.0,0.004,staircase2,no_load
4.396567,-44.989,-45.3076,-44.9890,-0.3186,0.0,0.003,staircase2,no_load
4.407206,-44.989,-45.3076,-44.9890,-0.3186,0.0,0.003,staircase2,no_load
4.418091,-44.989,-45.3076,-44.9890,-0.3186,0.0,0.003,staircase2,no_load
4.428776,-44.989,-45.3076,-44.9889,-0.3187,0.0,0.003,staircase2,no_load
4.439326,-44.989,-45.3076,-44.9889,-0.3187,0.0,0.002,staircase2,no_load
4.449641,-44.989,-45.3076,-44.9889,-0.3187,0.0,0.002,staircase2,no_load
4.46023,-44.989,-45.3076,-44.9889,-0.3187,0.0,0.002,staircase2,no_load
4.470739,-44.989,-45.3076,-44.9888,-0.3188,0.0,0.002,staircase2,no_load
4.480936,-44.989,-45.3076,-44.9888,-0.3188,0.0,0.002,staircase2,no_load
4.491408,-44.989,-45.3076,-44.9888,-0.3188,0.0,0.001,staircase2,no_load
4.501549,-44.989,-45.3076,-44.9888,-0.3188,0.0,0.001,staircase2,no_load
4.512645,-44.989,-45.3076,-44.9888,-0.3188,0.0,0.001,staircase2,no_load
4.523552,-44.989,-45.3076,-44.9888,-0.3188,0.0,0.001,staircase2,no_load
4.533768,-44.989,-45.3076,-44.9888,-0.3188,0.0,0.001,staircase2,no_load
4.544205,-44.989,-45.3076,-44.9888,-0.3188,0.0,0.001,staircase2,no_load
4.554899,-44.989,-45.3076,-44.9888,-0.3188,0.0,0.001,staircase2,no_load
4.565596,-44.989,-45.3076,-44.9887,-0.3189,0.0,0.001,staircase2,no_load
4.576213,-44.989,-45.3076,-44.9887,-0.3189,0.0,0.001,staircase2,no_load
4.587225,-44.989,-45.3076,-44.9887,-0.3189,0.0,0.001,staircase2,no_load
4.597382,-44.989,-45.3076,-44.9887,-0.3189,0.0,0.001,staircase2,no_load
4.60805,-44.989,-45.3076,-44.9887,-0.3189,0.0,0.001,staircase2,no_load
4.61895,-44.989,-45.3076,-44.9887,-0.3189,0.0,0.000,staircase2,no_load
4.630042,-44.989,-45.3076,-44.9887,-0.3189,0.0,0.000,staircase2,no_load
4.640686,-44.989,-45.3076,-44.9887,-0.3189,0.0,0.000,staircase2,no_load
4.651152,-44.989,-45.3076,-44.9887,-0.3189,0.0,0.000,staircase2,no_load
4.662022,-44.989,-45.3076,-44.9887,-0.3189,0.0,0.000,staircase2,no_load
4.67265,-44.989,-45.3076,-44.9887,-0.3189,0.0,0.000,staircase2,no_load
4.683121,-44.989,-45.3076,-44.9887,-0.3189,0.0,0.000,staircase2,no_load
4.693761,-44.989,-45.3076,-44.9887,-0.3189,0.0,0.000,staircase2,no_load
4.704153,-44.989,-45.3076,-44.9887,-0.3189,0.0,0.000,staircase2,no_load
4.71468,-44.989,-45.3076,-44.9887,-0.3189,0.0,0.000,staircase2,no_load
4.724897,-44.989,-45.3076,-44.9887,-0.3189,0.0,0.000,staircase2,no_load
4.735686,-44.989,-45.3076,-44.9887,-0.3189,0.0,0.000,staircase2,no_load
4.746703,-44.989,-45.3076,-44.9887,-0.3189,0.0,0.000,staircase2,no_load
4.757438,-44.989,-45.3076,-44.9887,-0.3189,0.0,0.000,staircase2,no_load
4.76771,-44.989,-45.3076,-44.9887,-0.3189,0.0,0.000,staircase2,no_load
4.778259,-44.989,-45.3076,-44.9887,-0.3189,0.0,0.000,staircase2,no_load
4.788739,-44.989,-45.3076,-44.9887,-0.3189,0.0,0.000,staircase2,no_load
4.79958,-44.989,-45.3076,-44.9887,-0.3189,0.0,0.000,staircase2,no_load
4.809871,-44.989,-45.3076,-44.9887,-0.3189,0.0,0.000,staircase2,no_load
4.820851,-22.4945,-45.3076,-44.9887,-0.3189,0.0,0.000,staircase2,no_load
4.831067,-22.4945,-45.3076,-44.9887,-0.3189,0.0,0.000,staircase2,no_load
4.841752,-22.4945,-45.3076,-44.9887,-0.3189,0.0,0.000,staircase2,no_load
4.852209,-22.4945,-45.3076,-44.9887,-0.3189,0.0,0.000,staircase2,no_load
4.86281,-22.4945,-45.1318,-44.9887,-0.1431,16.583,0.000,staircase2,no_load
4.873339,-22.4945,-44.8682,-44.9887,0.1205,25.036,0.000,staircase2,no_load
4.883529,-22.4945,-44.5166,-44.9887,0.4721,34.504,0.000,staircase2,no_load
4.894598,-22.4945,-43.9014,-44.8554,0.9540,55.579,13.323,staircase2,no_load
4.905598,-22.4945,-43.0225,-43.7789,0.7564,79.9,71.771,staircase2,no_load
4.915925,-22.4945,-42.0557,-42.5999,0.5442,93.619,117.896,staircase2,no_load
4.926613,-22.4945,-40.8252,-41.1303,0.3051,115.129,146.956,staircase2,no_load
4.936913,-22.4945,-39.5947,-39.4236,-0.1711,119.466,170.679,staircase2,no_load
4.947225,-22.4945,-38.1885,-37.5926,-0.5959,136.365,183.100,staircase2,no_load
4.957654,-22.4945,-36.6064,-36.1693,-0.4371,151.702,142.321,staircase2,no_load
4.968667,-22.4945,-34.9365,-34.7713,-0.1652,151.63,139.800,staircase2,no_load
4.979103,-22.4945,-33.3545,-33.4500,0.0955,151.591,132.133,staircase2,no_load
4.989775,-22.4945,-32.0361,-32.4543,0.4182,123.538,99.567,staircase2,no_load
5.000174,-22.4945,-30.6299,-30.8875,0.2576,135.225,104.458,staircase2,no_load
5.010902,-22.4945,-29.3994,-30.1259,0.7265,114.7,76.154,staircase2,no_load
5.021525,-22.4945,-28.4326,-29.2896,0.8570,91.01,83.637,staircase2,no_load
5.031915,-22.4945,-27.5537,-28.5415,0.9878,84.591,74.810,staircase2,no_load
5.042377,-22.4945,-26.8506,-27.8757,1.0251,67.205,66.573,staircase2,no_load
5.053304,-22.4945,-26.3232,-27.2834,0.9602,48.266,59.235,staircase2,no_load
5.063958,-22.4945,-25.8838,-26.7563,0.8725,41.243,52.707,staircase2,no_load
5.074574,-22.4945,-25.5322,-26.2873,0.7551,33.12,46.897,staircase2,no_load
5.085282,-22.4945,-25.0928,-25.6790,0.5862,41.035,40.557,staircase2,no_load
5.095876,-22.4945,-24.8291,-25.3287,0.4996,24.891,35.023,staircase2,no_load
5.106453,-22.4945,-24.5654,-25.0171,0.4517,24.931,31.163,staircase2,no_load
5.117265,-22.4945,-24.3018,-24.7398,0.4380,24.38,27.729,staircase2,no_load
5.12791,-22.4945,-24.1260,-24.4931,0.3671,16.515,24.672,staircase2,no_load
5.139053,-22.4945,-23.8623,-24.2736,0.4113,23.665,21.953,staircase2,no_load
5.14934,-22.4945,-23.7744,-24.0782,0.3038,8.545,19.533,staircase2,no_load
5.159657,-22.4945,-23.5986,-23.9044,0.3058,17.04,17.381,staircase2,no_load
5.170743,-22.4945,-23.5107,-23.6790,0.1683,7.929,15.031,staircase2,no_load
5.18146,-22.4945,-23.3350,-23.5492,0.2142,16.395,12.980,staircase2,no_load
5.192123,-22.4945,-23.3350,-23.4337,0.0987,0.0,11.549,staircase2,no_load
5.202783,-22.4945,-23.2471,-23.3309,0.0838,8.246,10.276,staircase2,no_load
5.213304,-22.4945,-23.1592,-23.2395,0.0803,8.355,9.144,staircase2,no_load
5.223597,-22.4945,-23.0713,-23.1581,0.0868,8.54,8.136,staircase2,no_load
5.234235,-22.4945,-22.9834,-23.0857,0.1023,8.263,7.239,staircase2,no_load
5.244499,-22.4945,-22.8955,-23.0213,0.1258,8.564,6.441,staircase2,no_load
5.254757,-22.4945,-22.8955,-22.9640,0.0685,0.0,5.731,staircase2,no_load
5.265391,-22.4945,-22.8955,-22.8897,-0.0058,0.0,4.957,staircase2,no_load
5.275908,-22.4945,-22.8955,-22.8468,-0.0487,0.0,4.280,staircase2,no_load
5.286395,-22.4945,-22.8955,-22.8088,-0.0867,0.0,3.809,staircase2,no_load
5.297108,-22.4945,-22.8955,-22.7749,-0.1206,0.0,3.389,staircase2,no_load
5.307884,-22.4945,-22.8955,-22.7447,-0.1508,0.0,3.015,staircase2,no_load
5.318215,-22.4945,-22.8955,-22.7179,-0.1776,0.0,2.683,staircase2,no_load
5.32864,-22.4945,-22.8955,-22.6940,-0.2015,0.0,2.387,staircase2,no_load
5.33903,-22.4945,-22.8955,-22.6728,-0.2227,0.0,2.124,staircase2,no_load
5.349775,-22.4945,-22.8955,-22.6539,-0.2416,0.0,1.890,staircase2,no_load
5.360186,-22.4945,-22.8955,-22.6294,-0.2661,0.0,1.634,staircase2,no_load
5.370865,-22.4945,-22.8955,-22.6153,-0.2802,0.0,1.411,staircase2,no_load
5.381801,-22.4945,-22.8955,-22.6027,-0.2928,0.0,1.256,staircase2,no_load
5.392476,-22.4945,-22.8955,-22.5915,-0.3040,0.0,1.117,staircase2,no_load
5.403134,-22.4945,-22.8955,-22.5816,-0.3139,0.0,0.994,staircase2,no_load
5.413529,-22.4945,-22.8955,-22.5727,-0.3228,0.0,0.885,staircase2,no_load
5.424457,-22.4945,-22.8955,-22.5649,-0.3306,0.0,0.787,staircase2,no_load
5.435115,-22.4945,-22.8955,-22.5546,-0.3409,0.0,0.681,staircase2,no_load
5.445828,-22.4945,-22.8955,-22.5488,-0.3467,0.0,0.588,staircase2,no_load
5.456734,-22.4945,-22.8955,-22.5435,-0.3520,0.0,0.523,staircase2,no_load
5.467838,-22.4945,-22.8955,-22.5389,-0.3566,0.0,0.466,staircase2,no_load
5.478552,-22.4945,-22.8955,-22.5347,-0.3608,0.0,0.417,staircase2,no_load
5.489176,-22.4945,-22.8955,-22.5310,-0.3645,0.0,0.374,staircase2,no_load
5.499617,-22.4945,-22.8955,-22.5276,-0.3679,0.0,0.336,staircase2,no_load
5.510394,-22.4945,-22.8955,-22.5232,-0.3723,0.0,0.295,staircase2,no_load
5.520669,-22.4945,-22.8955,-22.5206,-0.3749,0.0,0.260,staircase2,no_load
5.530997,-22.4945,-22.8955,-22.5182,-0.3773,0.0,0.235,staircase2,no_load
5.541285,-22.4945,-22.8955,-22.5161,-0.3794,0.0,0.213,staircase2,no_load
5.551852,-22.4945,-22.8955,-22.5142,-0.3813,0.0,0.194,staircase2,no_load
5.562252,-22.4945,-22.8955,-22.5124,-0.3831,0.0,0.176,staircase2,no_load
5.573152,-22.4945,-22.8955,-22.5108,-0.3847,0.0,0.160,staircase2,no_load
5.583341,-22.4945,-22.8955,-22.5093,-0.3862,0.0,0.146,staircase2,no_load
5.593949,-22.4945,-22.8955,-22.5080,-0.3875,0.0,0.133,staircase2,no_load
5.60412,-22.4945,-22.8955,-22.5068,-0.3887,0.0,0.121,staircase2,no_load
5.61431,-22.4945,-22.8955,-22.5057,-0.3898,0.0,0.111,staircase2,no_load
5.624867,-22.4945,-22.8955,-22.5047,-0.3908,0.0,0.101,staircase2,no_load
5.636025,-22.4945,-22.8955,-22.5033,-0.3922,0.0,0.090,staircase2,no_load
5.646375,-22.4945,-22.8955,-22.5025,-0.3930,0.0,0.081,staircase2,no_load
5.656995,-22.4945,-22.8955,-22.5018,-0.3937,0.0,0.074,staircase2,no_load
5.667402,-22.4945,-22.8955,-22.5011,-0.3944,0.0,0.067,staircase2,no_load
5.678074,-22.4945,-22.8955,-22.5005,-0.3950,0.0,0.062,staircase2,no_load
5.688144,-22.4945,-22.8955,-22.4999,-0.3956,0.0,0.056,staircase2,no_load
5.69875,-22.4945,-22.8955,-22.4994,-0.3961,0.0,0.051,staircase2,no_load
5.70925,-22.4945,-22.8955,-22.4990,-0.3965,0.0,0.047,staircase2,no_load
5.719553,-22.4945,-22.8955,-22.4985,-0.3970,0.0,0.043,staircase2,no_load
5.730143,-22.4945,-22.8955,-22.4979,-0.3976,0.0,0.039,staircase2,no_load
5.740507,-22.4945,-22.8955,-22.4976,-0.3979,0.0,0.035,staircase2,no_load
5.751324,-22.4945,-22.8955,-22.4973,-0.3982,0.0,0.032,staircase2,no_load
5.762059,-22.4945,-22.8955,-22.4970,-0.3985,0.0,0.029,staircase2,no_load
5.772571,-22.4945,-22.8955,-22.4967,-0.3988,0.0,0.026,staircase2,no_load
5.783482,-22.4945,-22.8955,-22.4965,-0.3990,0.0,0.024,staircase2,no_load
5.794104,-22.4945,-22.8955,-22.4963,-0.3992,0.0,0.022,staircase2,no_load
5.804567,-22.4945,-22.8955,-22.4961,-0.3994,0.0,0.020,staircase2,no_load
5.815038,-22.4945,-22.8955,-22.4958,-0.3997,0.0,0.018,staircase2,no_load
5.825821,-22.4945,-22.8955,-22.4956,-0.3999,0.0,0.016,staircase2,no_load
5.836385,-22.4945,-22.8955,-22.4955,-0.4000,0.0,0.015,staircase2,no_load
5.847028,-22.4945,-22.8955,-22.4953,-0.4002,0.0,0.014,staircase2,no_load
5.857431,-22.4945,-22.8955,-22.4952,-0.4003,0.0,0.013,staircase2,no_load
5.868098,-22.4945,-22.8955,-22.4951,-0.4004,0.0,0.011,staircase2,no_load
5.878849,-22.4945,-22.8955,-22.4950,-0.4005,0.0,0.010,staircase2,no_load
5.889926,-22.4945,-22.8955,-22.4949,-0.4006,0.0,0.010,staircase2,no_load
5.900216,-22.4945,-22.8955,-22.4948,-0.4007,0.0,0.009,staircase2,no_load
5.91065,-22.4945,-22.8955,-22.4947,-0.4008,0.0,0.008,staircase2,no_load
5.921074,-22.4945,-22.8955,-22.4946,-0.4009,0.0,0.007,staircase2,no_load
5.931786,-22.4945,-22.8955,-22.4946,-0.4009,0.0,0.006,staircase2,no_load
5.942025,-22.4945,-22.8955,-22.4945,-0.4010,0.0,0.006,staircase2,no_load
5.952625,-22.4945,-22.8955,-22.4944,-0.4011,0.0,0.005,staircase2,no_load
5.963618,-22.4945,-22.8955,-22.4944,-0.4011,0.0,0.005,staircase2,no_load
5.974237,-22.4945,-22.8955,-22.4943,-0.4012,0.0,0.005,staircase2,no_load
5.984918,-22.4945,-22.8955,-22.4943,-0.4012,0.0,0.004,staircase2,no_load
5.995047,-22.4945,-22.8955,-22.4943,-0.4012,0.0,0.004,staircase2,no_load
6.005162,-22.4945,-22.8955,-22.4942,-0.4013,0.0,0.003,staircase2,no_load
6.016007,-22.4945,-22.8955,-22.4942,-0.4013,0.0,0.003,staircase2,no_load
6.026867,-22.4945,-22.8955,-22.4942,-0.4013,0.0,0.003,staircase2,no_load
6.037332,-22.4945,-22.8955,-22.4941,-0.4014,0.0,0.003,staircase2,no_load
6.047927,-22.4945,-22.8955,-22.4941,-0.4014,0.0,0.002,staircase2,no_load
6.058544,-22.4945,-22.8955,-22.4941,-0.4014,0.0,0.002,staircase2,no_load
6.068892,-22.4945,-22.8955,-22.4941,-0.4014,0.0,0.002,staircase2,no_load
6.079258,-22.4945,-22.8955,-22.4941,-0.4014,0.0,0.002,staircase2,no_load
6.089878,-22.4945,-22.8955,-22.4940,-0.4015,0.0,0.002,staircase2,no_load
6.099979,-22.4945,-22.8955,-22.4940,-0.4015,0.0,0.002,staircase2,no_load
6.110752,-22.4945,-22.8955,-22.4940,-0.4015,0.0,0.001,staircase2,no_load
6.121223,-22.4945,-22.8955,-22.4940,-0.4015,0.0,0.001,staircase2,no_load
6.131837,-22.4945,-22.8955,-22.4940,-0.4015,0.0,0.001,staircase2,no_load
6.142431,-22.4945,-22.8955,-22.4940,-0.4015,0.0,0.001,staircase2,no_load
6.152978,-22.4945,-22.8955,-22.4940,-0.4015,0.0,0.001,staircase2,no_load
6.163566,-22.4945,-22.8955,-22.4939,-0.4016,0.0,0.001,staircase2,no_load
6.174241,-22.4945,-22.8955,-22.4939,-0.4016,0.0,0.001,staircase2,no_load
6.184939,-22.4945,-22.8955,-22.4939,-0.4016,0.0,0.001,staircase2,no_load
6.195515,-22.4945,-22.8955,-22.4939,-0.4016,0.0,0.001,staircase2,no_load
6.206137,-22.4945,-22.8955,-22.4939,-0.4016,0.0,0.001,staircase2,no_load
6.217219,-22.4945,-22.8955,-22.4939,-0.4016,0.0,0.001,staircase2,no_load
6.227927,-22.4945,-22.8955,-22.4939,-0.4016,0.0,0.000,staircase2,no_load
6.238875,-22.4945,-22.8955,-22.4939,-0.4016,0.0,0.000,staircase2,no_load
6.249137,-22.4945,-22.8955,-22.4939,-0.4016,0.0,0.000,staircase2,no_load
6.259856,-22.4945,-22.8955,-22.4939,-0.4016,0.0,0.000,staircase2,no_load
6.269993,-22.4945,-22.8955,-22.4939,-0.4016,0.0,0.000,staircase2,no_load
6.280586,-22.4945,-22.8955,-22.4939,-0.4016,0.0,0.000,staircase2,no_load
6.291563,-22.4945,-22.8955,-22.4939,-0.4016,0.0,0.000,staircase2,no_load
6.302042,-22.4945,-22.8955,-22.4939,-0.4016,0.0,0.000,staircase2,no_load
6.312821,-22.4945,-22.8955,-22.4939,-0.4016,0.0,0.000,staircase2,no_load
6.323751,-22.4945,-22.8955,-22.4939,-0.4016,0.0,0.000,staircase2,no_load
6.334058,-22.4945,-22.8955,-22.4939,-0.4016,0.0,0.000,staircase2,no_load
6.344335,-22.4945,-22.8955,-22.4939,-0.4016,0.0,0.000,staircase2,no_load
6.354908,-22.4945,-22.8955,-22.4939,-0.4016,0.0,0.000,staircase2,no_load
6.365592,-22.4945,-22.8955,-22.4939,-0.4016,0.0,0.000,staircase2,no_load
6.376386,-22.4945,-22.8955,-22.4939,-0.4016,0.0,0.000,staircase2,no_load
6.387706,-22.4945,-22.8955,-22.4939,-0.4016,0.0,0.000,staircase2,no_load
6.398893,-22.4945,-22.8955,-22.4939,-0.4016,0.0,0.000,staircase2,no_load
6.409105,-22.4945,-22.8955,-22.4939,-0.4016,0.0,0.000,staircase2,no_load
6.41978,-22.4945,-22.8955,-22.4939,-0.4016,0.0,0.000,staircase2,no_load
6.431514,0.0,-22.8955,-22.4939,-0.4016,0.0,0.000,staircase2,no_load
6.442409,0.0,-22.8955,-22.4939,-0.4016,0.0,0.000,staircase2,no_load
6.453121,0.0,-22.8955,-22.4939,-0.4016,0.0,0.000,staircase2,no_load
6.463983,0.0,-22.8076,-22.4939,-0.3137,8.092,0.000,staircase2,no_load
6.47499,0.0,-22.6318,-22.4939,-0.1379,15.972,0.000,staircase2,no_load
6.485333,0.0,-22.3682,-22.4939,0.1257,25.486,0.000,staircase2,no_load
6.49586,0.0,-21.8408,-22.4939,0.6531,50.1,0.000,staircase2,no_load
6.506165,0.0,-21.2256,-22.1067,0.8811,59.699,38.712,staircase2,no_load
6.516337,0.0,-20.5225,-21.2832,0.7607,69.121,82.356,staircase2,no_load
6.527299,0.0,-19.4678,-20.1034,0.6356,96.214,117.982,staircase2,no_load
6.538281,0.0,-18.1494,-18.6327,0.4833,120.051,147.062,staircase2,no_load
6.548556,0.0,-16.8311,-16.9247,0.0936,128.302,170.801,staircase2,no_load
6.558933,0.0,-15.3369,-15.0932,-0.2437,143.992,183.152,staircase2,no_load
6.569973,0.0,-13.5791,-13.6700,0.0909,159.221,142.323,staircase2,no_load
6.580237,0.0,-12.1729,-11.6040,-0.5689,137.003,137.734,staircase2,no_load
6.590909,0.0,-10.6787,-10.4973,-0.1814,140.011,110.668,staircase2,no_load
6.601202,0.0,-9.3604,-9.3311,-0.0293,128.077,116.617,staircase2,no_load
6.611361,0.0,-8.1299,-8.3874,0.2575,121.124,94.370,staircase2,no_load
6.621473,0.0,-6.8994,-7.6253,0.7259,121.687,76.213,staircase2,no_load
6.631717,0.0,-5.9326,-6.7895,0.8569,94.377,83.582,staircase2,no_load
6.642472,0.0,-5.0537,-6.0420,0.9883,81.72,74.751,staircase2,no_load
6.653091,0.0,-4.3506,-5.3768,1.0262,66.212,66.520,staircase2,no_load
6.663499,0.0,-3.8232,-4.7849,0.9617,50.673,59.189,staircase2,no_load
6.673618,0.0,-3.4717,-4.2582,0.7865,34.737,52.665,staircase2,no_load
6.683963,0.0,-3.0322,-3.7896,0.7574,42.484,46.860,staircase2,no_load
6.694573,0.0,-2.6807,-3.3727,0.6920,33.129,41.696,staircase2,no_load
6.704953,0.0,-2.4170,-3.0017,0.5847,25.405,37.100,staircase2,no_load
6.715446,0.0,-2.1533,-2.5204,0.3671,25.131,32.084,staircase2,no_load
6.726015,0.0,-1.8896,-2.2433,0.3537,24.95,27.707,staircase2,no_load
6.736265,0.0,-1.7139,-1.9968,0.2829,17.141,24.653,staircase2,no_load
6.747251,0.0,-1.5381,-1.7775,0.2394,16.002,21.936,staircase2,no_load
6.75788,0.0,-1.3623,-1.5823,0.2200,16.54,19.518,staircase2,no_load
6.768475,0.0,-1.1865,-1.4086,0.2221,16.593,17.367,staircase2,no_load
6.778955,0.0,-1.0107,-1.2541,0.2434,16.775,15.453,staircase2,no_load
6.789807,0.0,-0.9229,-1.1166,0.1937,8.091,13.749,staircase2,no_load
6.800769,0.0,-0.8350,-0.9382,0.1032,8.019,11.890,staircase2,no_load
6.811314,0.0,-0.7471,-0.8355,0.0884,8.336,10.268,staircase2,no_load
6.821959,0.0,-0.6592,-0.7442,0.0850,8.257,9.136,staircase2,no_load
6.832188,0.0,-0.6592,-0.6629,0.0037,0.0,8.129,staircase2,no_load
6.842768,0.0,-0.5713,-0.5906,0.0193,8.308,7.233,staircase2,no_load
6.853045,0.0,-0.5713,-0.5262,-0.0451,0.0,6.436,staircase2,no_load
6.864023,0.0,-0.5713,-0.4689,-0.1024,0.0,5.727,staircase2,no_load
6.874675,0.0,-0.4834,-0.4180,-0.0654,8.252,5.096,staircase2,no_load
6.885303,0.0,-0.3955,-0.3519,-0.0436,8.271,4.407,staircase2,no_load
6.89761,0.0,-0.3076,-0.3138,0.0062,7.142,3.805,staircase2,no_load
6.908407,0.0,-0.3076,-0.2800,-0.0276,0.0,3.386,staircase2,no_load
6.919034,0.0,-0.3076,-0.2498,-0.0578,0.0,3.013,staircase2,no_load
6.930033,0.0,-0.3076,-0.2107,-0.0969,0.0,2.605,staircase2,no_load
6.940582,0.0,-0.3076,-0.1882,-0.1194,0.0,2.250,staircase2,no_load
6.951175,0.0,-0.3076,-0.1682,-0.1394,0.0,2.002,staircase2,no_load
6.961988,0.0,-0.3076,-0.1504,-0.1572,0.0,1.781,staircase2,no_load
6.972125,0.0,-0.3076,-0.1346,-0.1730,0.0,1.585,staircase2,no_load
6.983199,0.0,-0.3076,-0.1205,-0.1871,0.0,1.410,staircase2,no_load
6.993572,0.0,-0.3076,-0.1079,-0.1997,0.0,1.255,staircase2,no_load
7.003973,0.0,-0.3076,-0.0967,-0.2109,0.0,1.117,staircase2,no_load
7.014711,0.0,-0.3076,-0.0868,-0.2208,0.0,0.994,staircase2,no_load
7.024885,0.0,-0.3076,-0.0780,-0.2296,0.0,0.884,staircase2,no_load
7.036073,0.0,-0.3076,-0.0665,-0.2411,0.0,0.764,staircase2,no_load
7.046337,0.0,-0.3076,-0.0599,-0.2477,0.0,0.660,staircase2,no_load
7.05666,0.0,-0.3076,-0.0540,-0.2536,0.0,0.587,staircase2,no_load
7.067447,0.0,-0.3076,-0.0488,-0.2588,0.0,0.523,staircase2,no_load
7.077764,0.0,-0.3076,-0.0441,-0.2635,0.0,0.466,staircase2,no_load
7.088087,0.0,-0.3076,-0.0400,-0.2676,0.0,0.416,staircase2,no_load
7.098638,0.0,-0.3076,-0.0362,-0.2714,0.0,0.373,staircase2,no_load
7.109339,0.0,-0.3076,-0.0329,-0.2747,0.0,0.336,staircase2,no_load
7.120005,0.0,-0.3076,-0.0285,-0.2791,0.0,0.295,staircase2,no_load
7.131061,0.0,-0.3076,-0.0259,-0.2817,0.0,0.260,staircase2,no_load
7.141456,0.0,-0.3076,-0.0235,-0.2841,0.0,0.235,staircase2,no_load
7.152169,0.0,-0.3076,-0.0214,-0.2862,0.0,0.213,staircase2,no_load
7.16268,0.0,-0.3076,-0.0194,-0.2882,0.0,0.193,staircase2,no_load
7.172961,0.0,-0.3076,-0.0177,-0.2899,0.0,0.176,staircase2,no_load
7.183417,0.0,-0.3076,-0.0161,-0.2915,0.0,0.160,staircase2,no_load
7.19416,0.0,-0.3076,-0.0146,-0.2930,0.0,0.146,staircase2,no_load
7.204518,0.0,-0.3076,-0.0133,-0.2943,0.0,0.133,staircase2,no_load
7.215144,0.0,-0.3076,-0.0115,-0.2961,0.0,0.118,staircase2,no_load
7.226163,0.0,-0.3076,-0.0105,-0.2971,0.0,0.106,staircase2,no_load
7.236899,0.0,-0.3076,-0.0095,-0.2981,0.0,0.096,staircase2,no_load
7.247613,0.0,-0.3076,-0.0086,-0.2990,0.0,0.088,staircase2,no_load
7.258762,0.0,-0.3076,-0.0078,-0.2998,0.0,0.080,staircase2,no_load
7.269585,0.0,-0.3076,-0.0071,-0.3005,0.0,0.074,staircase2,no_load
7.28022,0.0,-0.3076,-0.0061,-0.3015,0.0,0.066,staircase2,no_load
7.29074,0.0,-0.3076,-0.0055,-0.3021,0.0,0.059,staircase2,no_load
7.301981,0.0,-0.3076,-0.0050,-0.3026,0.0,0.054,staircase2,no_load
7.312689,0.0,-0.3076,-0.0045,-0.3031,0.0,0.049,staircase2,no_load
7.323527,0.0,-0.3076,-0.0040,-0.3036,0.0,0.045,staircase2,no_load
7.334239,0.0,-0.3076,-0.0036,-0.3040,0.0,0.041,staircase2,no_load
7.344903,0.0,-0.3076,-0.0032,-0.3044,0.0,0.038,staircase2,no_load
7.355252,0.0,-0.3076,-0.0027,-0.3049,0.0,0.034,staircase2,no_load
7.365989,0.0,-0.3076,-0.0024,-0.3052,0.0,0.030,staircase2,no_load
7.376586,0.0,-0.3076,-0.0022,-0.3054,0.0,0.028,staircase2,no_load
7.387211,0.0,-0.3076,-0.0019,-0.3057,0.0,0.025,staircase2,no_load
7.397924,0.0,-0.3076,-0.0017,-0.3059,0.0,0.023,staircase2,no_load
7.408255,0.0,-0.3076,-0.0015,-0.3061,0.0,0.021,staircase2,no_load
7.419369,0.0,-0.3076,-0.0013,-0.3063,0.0,0.019,staircase2,no_load
7.430368,0.0,-0.3076,-0.0010,-0.3066,0.0,0.017,staircase2,no_load
7.440634,0.0,-0.3076,-0.0008,-0.3068,0.0,0.016,staircase2,no_load
7.451195,0.0,-0.3076,-0.0007,-0.3069,0.0,0.014,staircase2,no_load
7.461816,0.0,-0.3076,-0.0006,-0.3070,0.0,0.013,staircase2,no_load
7.471928,0.0,-0.3076,-0.0004,-0.3072,0.0,0.012,staircase2,no_load
7.482684,0.0,-0.3076,-0.0003,-0.3073,0.0,0.011,staircase2,no_load
7.493315,0.0,-0.3076,-0.0002,-0.3074,0.0,0.010,staircase2,no_load
7.503936,0.0,-0.3076,-0.0001,-0.3075,0.0,0.009,staircase2,no_load
7.514413,0.0,-0.3076,-0.0001,-0.3075,0.0,0.008,staircase2,no_load
7.525072,0.0,-0.3076,0.0000,-0.3076,0.0,0.008,staircase2,no_load
7.535716,0.0,-0.3076,0.0001,-0.3077,0.0,0.007,staircase2,no_load
7.54625,0.0,-0.3076,0.0002,-0.3078,0.0,0.006,staircase2,no_load
7.556839,0.0,-0.3076,0.0002,-0.3078,0.0,0.006,staircase2,no_load
7.567437,0.0,-0.3076,0.0003,-0.3079,0.0,0.005,staircase2,no_load
7.577768,0.0,-0.3076,0.0003,-0.3079,0.0,0.005,staircase2,no_load
7.588013,0.0,-0.3076,0.0004,-0.3080,0.0,0.004,staircase2,no_load
7.598205,0.0,-0.3076,0.0004,-0.3080,0.0,0.004,staircase2,no_load
7.608872,0.0,-0.3076,0.0005,-0.3081,0.0,0.004,staircase2,no_load
7.619642,0.0,-0.3076,0.0005,-0.3081,0.0,0.003,staircase2,no_load
7.630328,0.0,-0.3076,0.0005,-0.3081,0.0,0.003,staircase2,no_load
7.641449,0.0,-0.3076,0.0006,-0.3082,0.0,0.003,staircase2,no_load
7.651975,0.0,-0.3076,0.0006,-0.3082,0.0,0.002,staircase2,no_load
7.662691,0.0,-0.3076,0.0006,-0.3082,0.0,0.002,staircase2,no_load
7.673339,0.0,-0.3076,0.0006,-0.3082,0.0,0.002,staircase2,no_load
7.683521,0.0,-0.3076,0.0006,-0.3082,0.0,0.002,staircase2,no_load
7.694196,0.0,-0.3076,0.0007,-0.3083,0.0,0.002,staircase2,no_load
7.704904,0.0,-0.3076,0.0007,-0.3083,0.0,0.002,staircase2,no_load
7.715216,0.0,-0.3076,0.0007,-0.3083,0.0,0.001,staircase2,no_load
7.726048,0.0,-0.3076,0.0007,-0.3083,0.0,0.001,staircase2,no_load
7.736767,0.0,-0.3076,0.0007,-0.3083,0.0,0.001,staircase2,no_load
7.747326,0.0,-0.3076,0.0007,-0.3083,0.0,0.001,staircase2,no_load
7.757763,0.0,-0.3076,0.0007,-0.3083,0.0,0.001,staircase2,no_load
7.768756,0.0,-0.3076,0.0008,-0.3084,0.0,0.001,staircase2,no_load
7.779427,0.0,-0.3076,0.0008,-0.3084,0.0,0.001,staircase2,no_load
7.789941,0.0,-0.3076,0.0008,-0.3084,0.0,0.001,staircase2,no_load
7.800227,0.0,-0.3076,0.0008,-0.3084,0.0,0.001,staircase2,no_load
7.811187,0.0,-0.3076,0.0008,-0.3084,0.0,0.001,staircase2,no_load
7.822075,0.0,-0.3076,0.0008,-0.3084,0.0,0.001,staircase2,no_load
7.832623,0.0,-0.3076,0.0008,-0.3084,0.0,0.001,staircase2,no_load
7.843283,0.0,-0.3076,0.0008,-0.3084,0.0,0.000,staircase2,no_load
7.854654,0.0,-0.3076,0.0008,-0.3084,0.0,0.000,staircase2,no_load
7.865301,0.0,-0.3076,0.0008,-0.3084,0.0,0.000,staircase2,no_load
7.876074,0.0,-0.3076,0.0008,-0.3084,0.0,0.000,staircase2,no_load
7.886398,0.0,-0.3076,0.0008,-0.3084,0.0,0.000,staircase2,no_load
7.896964,0.0,-0.3076,0.0008,-0.3084,0.0,0.000,staircase2,no_load
7.907787,0.0,-0.3076,0.0008,-0.3084,0.0,0.000,staircase2,no_load
7.918699,0.0,-0.3076,0.0008,-0.3084,0.0,0.000,staircase2,no_load
7.929564,0.0,-0.3076,0.0008,-0.3084,0.0,0.000,staircase2,no_load
7.940062,0.0,-0.3076,0.0008,-0.3084,0.0,0.000,staircase2,no_load
7.950486,0.0,-0.3076,0.0008,-0.3084,0.0,0.000,staircase2,no_load
7.961383,0.0,-0.3076,0.0008,-0.3084,0.0,0.000,staircase2,no_load
7.972138,0.0,-0.3076,0.0008,-0.3084,0.0,0.000,staircase2,no_load
7.983091,0.0,-0.3076,0.0008,-0.3084,0.0,0.000,staircase2,no_load
7.994174,0.0,-0.3076,0.0008,-0.3084,0.0,0.000,staircase2,no_load
8.005144,0.0,-0.3076,0.0008,-0.3084,0.0,0.000,staircase2,no_load
8.015346,0.0,-0.3076,0.0008,-0.3084,0.0,0.000,staircase2,no_load
8.026226,0.0,-0.3076,0.0008,-0.3084,0.0,0.000,staircase2,no_load
8.037602,22.4945,-0.3076,0.0008,-0.3084,0.0,0.000,staircase2,no_load
8.047809,22.4945,-0.3076,0.0008,-0.3084,0.0,0.000,staircase2,no_load
8.058424,22.4945,-0.3076,0.0008,-0.3084,0.0,0.000,staircase2,no_load
8.069037,22.4945,-0.3076,0.0008,-0.3084,0.0,0.000,staircase2,no_load
8.080221,22.4945,-0.1318,0.0008,-0.1326,15.719,0.000,staircase2,no_load
8.090759,22.4945,0.2197,0.0008,0.2189,33.355,0.000,staircase2,no_load
8.101283,22.4945,0.5713,0.0008,0.5705,33.409,0.000,staircase2,no_load
8.111833,22.4945,1.2744,0.3882,0.8862,66.645,38.731,staircase2,no_load
8.122169,22.4945,2.0654,1.2121,0.8533,76.529,82.397,staircase2,no_load
8.1328,22.4945,2.9443,2.3925,0.5518,82.673,118.039,staircase2,no_load
8.143493,22.4945,4.1748,3.8638,0.3110,115.075,147.133,staircase2,no_load
8.154022,22.4945,5.5811,5.5726,0.0085,133.564,170.881,staircase2,no_load
8.164563,22.4945,7.3389,7.4045,-0.0656,166.758,183.185,staircase2,no_load
8.175176,22.4945,8.8330,9.6348,-0.8018,140.78,148.684,staircase2,no_load
8.186175,22.4945,10.2393,10.8941,-0.6548,127.857,125.930,staircase2,no_load
8.196841,22.4945,11.7334,12.0005,-0.2671,140.081,110.645,staircase2,no_load
8.207541,22.4945,13.1396,13.1667,-0.0271,131.421,116.615,staircase2,no_load
8.218043,22.4945,14.4580,14.1105,0.3475,125.538,94.385,staircase2,no_load
8.228283,22.4945,15.5127,14.8729,0.6398,102.998,76.240,staircase2,no_load
8.238926,22.4945,16.5674,15.7084,0.8590,99.098,83.548,staircase2,no_load
8.24967,22.4945,17.4463,16.4555,0.9908,81.804,74.716,staircase2,no_load
8.260322,22.4945,18.0615,17.4249,0.6366,57.754,64.621,staircase2,no_load
8.271285,22.4945,18.5889,17.9829,0.6060,48.107,55.805,staircase2,no_load
8.282595,22.4945,19.1162,18.4794,0.6368,46.622,49.654,staircase2,no_load
8.293267,22.4945,19.4678,18.9213,0.5465,32.946,44.181,staircase2,no_load
8.303552,22.4945,19.8193,19.3144,0.5049,34.176,39.312,staircase2,no_load
8.314571,22.4945,20.0830,19.6642,0.4188,23.931,34.979,staircase2,no_load
8.325245,22.4945,20.3467,20.1179,0.2288,24.705,30.250,staircase2,no_load
8.335772,22.4945,20.6104,20.3791,0.2313,25.05,26.122,staircase2,no_load
8.346836,22.4945,20.7861,20.6116,0.1745,15.88,23.243,staircase2,no_load
8.357314,22.4945,20.9619,20.8184,0.1435,16.778,20.681,staircase2,no_load
8.368137,22.4945,21.1377,21.0024,0.1353,16.243,18.402,staircase2,no_load
8.378393,22.4945,21.3135,21.1661,0.1474,17.141,16.374,staircase2,no_load
8.389007,22.4945,21.4014,21.3118,0.0896,8.282,14.569,staircase2,no_load
8.399707,22.4945,21.4893,21.4415,0.0478,8.215,12.963,staircase2,no_load
8.410465,22.4945,21.5771,21.6096,-0.0325,8.161,11.211,staircase2,no_load
8.421183,22.4945,21.6650,21.7064,-0.0414,8.201,9.681,staircase2,no_load
8.431826,22.4945,21.7529,21.7926,-0.0397,8.259,8.614,staircase2,no_load
8.442917,22.4945,21.8408,21.8692,-0.0284,7.925,7.665,staircase2,no_load
8.453632,22.4945,21.9287,21.9374,-0.0087,8.203,6.820,staircase2,no_load
8.464345,22.4945,21.9287,21.9981,-0.0694,0.0,6.068,staircase2,no_load
8.475063,22.4945,22.0166,22.0768,-0.0602,8.201,5.248,staircase2,no_load
8.485752,22.4945,22.0166,22.1221,-0.1055,0.0,4.532,staircase2,no_load
8.496778,22.4945,22.0166,22.1625,-0.1459,0.0,4.032,staircase2,no_load
8.507273,22.4945,22.0166,22.1983,-0.1817,0.0,3.588,staircase2,no_load
8.518091,22.4945,22.0166,22.2303,-0.2137,0.0,3.192,staircase2,no_load
8.52875,22.4945,22.0166,22.2587,-0.2421,0.0,2.841,staircase2,no_load
8.539162,22.4945,22.0166,22.2839,-0.2673,0.0,2.527,staircase2,no_load
8.549404,22.4945,22.0166,22.3064,-0.2898,0.0,2.249,staircase2,no_load
8.55994,22.4945,22.0166,22.3264,-0.3098,0.0,2.001,staircase2,no_load
8.570089,22.4945,22.0166,22.3524,-0.3358,0.0,1.730,staircase2,no_load
8.580329,22.4945,22.0166,22.3673,-0.3507,0.0,1.494,staircase2,no_load
8.590522,22.4945,22.0166,22.3806,-0.3640,0.0,1.330,staircase2,no_load
8.601297,22.4945,22.0166,22.3925,-0.3759,0.0,1.183,staircase2,no_load
8.612279,22.4945,22.0166,22.4030,-0.3864,0.0,1.053,staircase2,no_load
8.622845,22.4945,22.0166,22.4124,-0.3958,0.0,0.937,staircase2,no_load
8.633208,22.4945,22.0166,22.4207,-0.4041,0.0,0.833,staircase2,no_load
8.643957,22.4945,22.0166,22.4281,-0.4115,0.0,0.742,staircase2,no_load
8.654987,22.4945,22.0166,22.4347,-0.4181,0.0,0.660,staircase2,no_load
8.665635,22.4945,22.0166,22.4433,-0.4267,0.0,0.571,staircase2,no_load
8.676349,22.4945,22.0166,22.4482,-0.4316,0.0,0.493,staircase2,no_load
8.687281,22.4945,22.0166,22.4526,-0.4360,0.0,0.440,staircase2,no_load
8.697955,22.4945,22.0166,22.4565,-0.4399,0.0,0.394,staircase2,no_load
8.708739,22.4945,22.0166,22.4601,-0.4435,0.0,0.354,staircase2,no_load
8.719473,22.4945,22.0166,22.4633,-0.4467,0.0,0.318,staircase2,no_load
8.729655,22.4945,22.0166,22.4661,-0.4495,0.0,0.287,staircase2,no_load
8.739989,22.4945,22.0166,22.4687,-0.4521,0.0,0.260,staircase2,no_load
8.751054,22.4945,22.0166,22.4722,-0.4556,0.0,0.229,staircase2,no_load
8.761361,22.4945,22.0166,22.4742,-0.4576,0.0,0.203,staircase2,no_load
8.771995,22.4945,22.0166,22.4760,-0.4594,0.0,0.184,staircase2,no_load
8.78276,22.4945,22.0166,22.4777,-0.4611,0.0,0.168,staircase2,no_load
8.793493,22.4945,22.0166,22.4792,-0.4626,0.0,0.153,staircase2,no_load
8.804151,22.4945,22.0166,22.4806,-0.4640,0.0,0.139,staircase2,no_load
8.814808,22.4945,22.0166,22.4819,-0.4653,0.0,0.127,staircase2,no_load
8.825442,22.4945,22.0166,22.4836,-0.4670,0.0,0.113,staircase2,no_load
8.836217,22.4945,22.0166,22.4846,-0.4680,0.0,0.101,staircase2,no_load
8.846931,22.4945,22.0166,22.4855,-0.4689,0.0,0.092,staircase2,no_load
8.858184,22.4945,22.0166,22.4864,-0.4698,0.0,0.084,staircase2,no_load
8.868709,22.4945,22.0166,22.4871,-0.4705,0.0,0.077,staircase2,no_load
8.879173,22.4945,22.0166,22.4878,-0.4712,0.0,0.070,staircase2,no_load
8.88989,22.4945,22.0166,22.4885,-0.4719,0.0,0.064,staircase2,no_load
8.900062,22.4945,22.0166,22.4893,-0.4727,0.0,0.058,staircase2,no_load
8.911071,22.4945,22.0166,22.4899,-0.4733,0.0,0.051,staircase2,no_load
8.921215,22.4945,22.0166,22.4903,-0.4737,0.0,0.047,staircase2,no_load
8.931915,22.4945,22.0166,22.4908,-0.4742,0.0,0.043,staircase2,no_load
8.942882,22.4945,22.0166,22.4912,-0.4746,0.0,0.039,staircase2,no_load
8.953286,22.4945,22.0166,22.4915,-0.4749,0.0,0.036,staircase2,no_load
8.963797,22.4945,22.0166,22.4918,-0.4752,0.0,0.033,staircase2,no_load
8.974338,22.4945,22.0166,22.4921,-0.4755,0.0,0.030,staircase2,no_load
8.984425,22.4945,22.0166,22.4924,-0.4758,0.0,0.028,staircase2,no_load
8.994747,22.4945,22.0166,22.4927,-0.4761,0.0,0.025,staircase2,no_load
9.004968,22.4945,22.0166,22.4929,-0.4763,0.0,0.023,staircase2,no_load
9.015188,22.4945,22.0166,22.4932,-0.4766,0.0,0.021,staircase2,no_load
9.025882,22.4945,22.0166,22.4934,-0.4768,0.0,0.019,staircase2,no_load
9.036494,22.4945,22.0166,22.4936,-0.4770,0.0,0.017,staircase2,no_load
9.047119,22.4945,22.0166,22.4937,-0.4771,0.0,0.016,staircase2,no_load
9.057299,22.4945,22.0166,22.4939,-0.4773,0.0,0.014,staircase2,no_load
9.067618,22.4945,22.0166,22.4940,-0.4774,0.0,0.013,staircase2,no_load
9.07857,22.4945,22.0166,22.4941,-0.4775,0.0,0.012,staircase2,no_load
9.089225,22.4945,22.0166,22.4942,-0.4776,0.0,0.011,staircase2,no_load
9.100089,22.4945,22.0166,22.4944,-0.4778,0.0,0.010,staircase2,no_load
9.111064,22.4945,22.0166,22.4945,-0.4779,0.0,0.009,staircase2,no_load
9.121531,22.4945,22.0166,22.4946,-0.4780,0.0,0.008,staircase2,no_load
9.132129,22.4945,22.0166,22.4946,-0.4780,0.0,0.007,staircase2,no_load
9.142897,22.4945,22.0166,22.4947,-0.4781,0.0,0.007,staircase2,no_load
9.153312,22.4945,22.0166,22.4948,-0.4782,0.0,0.006,staircase2,no_load
9.163887,22.4945,22.0166,22.4948,-0.4782,0.0,0.006,staircase2,no_load
9.174488,22.4945,22.0166,22.4949,-0.4783,0.0,0.005,staircase2,no_load
9.184864,22.4945,22.0166,22.4949,-0.4783,0.0,0.005,staircase2,no_load
9.195771,22.4945,22.0166,22.4950,-0.4784,0.0,0.004,staircase2,no_load
9.206266,22.4945,22.0166,22.4950,-0.4784,0.0,0.004,staircase2,no_load
9.217383,22.4945,22.0166,22.4950,-0.4784,0.0,0.003,staircase2,no_load
9.228348,22.4945,22.0166,22.4951,-0.4785,0.0,0.003,staircase2,no_load
9.238618,22.4945,22.0166,22.4951,-0.4785,0.0,0.003,staircase2,no_load
9.249234,22.4945,22.0166,22.4951,-0.4785,0.0,0.003,staircase2,no_load
9.259878,22.4945,22.0166,22.4952,-0.4786,0.0,0.002,staircase2,no_load
9.270473,22.4945,22.0166,22.4952,-0.4786,0.0,0.002,staircase2,no_load
9.280714,22.4945,22.0166,22.4952,-0.4786,0.0,0.002,staircase2,no_load
9.291592,22.4945,22.0166,22.4952,-0.4786,0.0,0.002,staircase2,no_load
9.302022,22.4945,22.0166,22.4952,-0.4786,0.0,0.002,staircase2,no_load
9.312273,22.4945,22.0166,22.4953,-0.4787,0.0,0.002,staircase2,no_load
9.322776,22.4945,22.0166,22.4953,-0.4787,0.0,0.001,staircase2,no_load
9.333447,22.4945,22.0166,22.4953,-0.4787,0.0,0.001,staircase2,no_load
9.343907,22.4945,22.0166,22.4953,-0.4787,0.0,0.001,staircase2,no_load
9.354761,22.4945,22.0166,22.4953,-0.4787,0.0,0.001,staircase2,no_load
9.365441,22.4945,22.0166,22.4953,-0.4787,0.0,0.001,staircase2,no_load
9.375926,22.4945,22.0166,22.4953,-0.4787,0.0,0.001,staircase2,no_load
9.386167,22.4945,22.0166,22.4953,-0.4787,0.0,0.001,staircase2,no_load
9.396725,22.4945,22.0166,22.4953,-0.4787,0.0,0.001,staircase2,no_load
9.407912,22.4945,22.0166,22.4954,-0.4788,0.0,0.001,staircase2,no_load
9.418558,22.4945,22.0166,22.4954,-0.4788,0.0,0.001,staircase2,no_load
9.429484,22.4945,22.0166,22.4954,-0.4788,0.0,0.001,staircase2,no_load
9.440419,22.4945,22.0166,22.4954,-0.4788,0.0,0.000,staircase2,no_load
9.451115,22.4945,22.0166,22.4954,-0.4788,0.0,0.000,staircase2,no_load
9.461701,22.4945,22.0166,22.4954,-0.4788,0.0,0.000,staircase2,no_load
9.472335,22.4945,22.0166,22.4954,-0.4788,0.0,0.000,staircase2,no_load
9.483045,22.4945,22.0166,22.4954,-0.4788,0.0,0.000,staircase2,no_load
9.49436,22.4945,22.0166,22.4954,-0.4788,0.0,0.000,staircase2,no_load
9.504588,22.4945,22.0166,22.4954,-0.4788,0.0,0.000,staircase2,no_load
9.515398,22.4945,22.0166,22.4954,-0.4788,0.0,0.000,staircase2,no_load
9.525667,22.4945,22.0166,22.4954,-0.4788,0.0,0.000,staircase2,no_load
9.536714,22.4945,22.0166,22.4954,-0.4788,0.0,0.000,staircase2,no_load
9.547212,22.4945,22.0166,22.4954,-0.4788,0.0,0.000,staircase2,no_load
9.55821,22.4945,22.0166,22.4954,-0.4788,0.0,0.000,staircase2,no_load
9.568574,22.4945,22.0166,22.4954,-0.4788,0.0,0.000,staircase2,no_load
9.578729,22.4945,22.0166,22.4954,-0.4788,0.0,0.000,staircase2,no_load
9.589086,22.4945,22.0166,22.4954,-0.4788,0.0,0.000,staircase2,no_load
9.599605,22.4945,22.0166,22.4954,-0.4788,0.0,0.000,staircase2,no_load
9.610143,22.4945,22.0166,22.4954,-0.4788,0.0,0.000,staircase2,no_load
9.620758,22.4945,22.0166,22.4954,-0.4788,0.0,0.000,staircase2,no_load
9.631176,22.4945,22.0166,22.4954,-0.4788,0.0,0.000,staircase2,no_load
9.642214,44.989,22.0166,22.4954,-0.4788,0.0,0.000,staircase2,no_load
9.652599,44.989,22.0166,22.4954,-0.4788,0.0,0.000,staircase2,no_load
9.663223,44.989,22.0166,22.4954,-0.4788,0.0,0.000,staircase2,no_load
9.67357,44.989,22.0166,22.4954,-0.4788,0.0,0.000,staircase2,no_load
9.684222,44.989,22.1045,22.4954,-0.3909,8.252,0.000,staircase2,no_load
9.694873,44.989,22.4561,22.4954,-0.0393,33.011,0.000,staircase2,no_load
9.705307,44.989,22.8955,22.4954,0.4001,42.112,0.000,staircase2,no_load
9.715961,44.989,23.5107,22.8828,0.6279,57.744,38.738,staircase2,no_load
9.726563,44.989,24.3018,23.7069,0.5949,74.618,82.411,staircase2,no_load
9.737614,44.989,25.2686,24.8875,0.3811,87.485,118.059,staircase2,no_load
9.748241,44.989,26.4990,26.3591,0.1399,115.781,147.156,staircase2,no_load
9.758922,44.989,27.9053,28.0681,-0.1628,131.664,170.907,staircase2,no_load
9.769094,44.989,29.3115,29.9001,-0.5886,138.242,183.195,staircase2,no_load
9.779921,44.989,30.8936,31.3233,-0.4297,146.125,142.319,staircase2,no_load
9.790906,44.989,32.5635,33.3896,-0.8261,152.016,137.756,staircase2,no_load
9.801865,44.989,34.1455,34.4960,-0.3505,144.356,110.635,staircase2,no_load
9.812515,44.989,35.6396,35.6620,-0.0224,140.291,116.607,staircase2,no_load
9.82305,44.989,36.9580,36.6058,0.3522,125.145,94.378,staircase2,no_load
9.834666,44.989,38.1885,37.3681,0.8204,105.931,76.233,staircase2,no_load
9.845016,44.989,39.2432,38.5880,0.6552,101.903,81.320,staircase2,no_load
9.855476,44.989,39.9463,39.2927,0.6536,67.218,70.478,staircase2,no_load
9.865648,44.989,40.6494,39.9198,0.7296,69.121,62.711,staircase2,no_load
9.876572,44.989,41.1768,40.4778,0.6990,48.279,55.799,staircase2,no_load
9.887137,44.989,41.5283,40.9743,0.5540,33.27,49.649,staircase2,no_load
9.898,44.989,41.8799,41.4161,0.4638,32.367,44.177,staircase2,no_load
9.908774,44.989,42.3193,41.8092,0.5101,40.783,39.308,staircase2,no_load
9.919505,44.989,42.5830,42.1589,0.4241,24.574,34.975,staircase2,no_load
9.930383,44.989,42.8467,42.6126,0.2341,24.242,30.246,staircase2,no_load
9.941472,44.989,43.1104,42.8738,0.2366,23.78,26.120,staircase2,no_load
9.951806,44.989,43.3740,43.1062,0.2678,25.508,23.241,staircase2,no_load
9.96283,44.989,43.5498,43.3130,0.2368,15.947,20.679,staircase2,no_load
9.973618,44.989,43.7256,43.4970,0.2286,16.296,18.400,staircase2,no_load
9.984598,44.989,43.8135,43.6607,0.1528,8.005,16.372,staircase2,no_load
9.995213,44.989,43.9014,43.8731,0.0283,8.281,14.158,staircase2,no_load
10.006307,44.989,44.0771,43.9954,0.0817,15.837,12.227,staircase2,no_load
10.017228,44.989,44.1650,44.1042,0.0608,8.049,10.879,staircase2,no_load
10.027791,44.989,44.2529,44.2010,0.0519,8.321,9.680,staircase2,no_load
10.038445,44.989,44.3408,44.2871,0.0537,8.25,8.613,staircase2,no_load
10.04906,44.989,44.4287,44.3637,0.0650,8.281,7.664,staircase2,no_load
10.059787,44.989,44.4287,44.4319,-0.0032,0.0,6.819,staircase2,no_load
10.07038,44.989,44.4287,44.5204,-0.0917,0.0,5.897,staircase2,no_load
10.080912,44.989,44.4287,44.5713,-0.1426,0.0,5.093,staircase2,no_load
10.091233,44.989,44.4287,44.6166,-0.1879,0.0,4.531,staircase2,no_load
10.101694,44.989,44.4287,44.6569,-0.2282,0.0,4.032,staircase2,no_load
10.112317,44.989,44.4287,44.6928,-0.2641,0.0,3.587,staircase2,no_load
10.123069,44.989,44.4287,44.7247,-0.2960,0.0,3.192,staircase2,no_load
10.133449,44.989,44.4287,44.7531,-0.3244,0.0,2.840,staircase2,no_load
10.143952,44.989,44.4287,44.7784,-0.3497,0.0,2.527,staircase2,no_load
10.154889,44.989,44.4287,44.8009,-0.3722,0.0,2.249,staircase2,no_load
10.165421,44.989,44.4287,44.8301,-0.4014,0.0,1.945,staircase2,no_load
10.176042,44.989,44.4287,44.8468,-0.4181,0.0,1.679,staircase2,no_load
10.18674,44.989,44.4287,44.8618,-0.4331,0.0,1.494,staircase2,no_load
10.197164,44.989,44.4287,44.8751,-0.4464,0.0,1.329,staircase2,no_load
10.207818,44.989,44.4287,44.8869,-0.4582,0.0,1.183,staircase2,no_load
10.218836,44.989,44.4287,44.8974,-0.4687,0.0,1.053,staircase2,no_load
10.229562,44.989,44.4287,44.9068,-0.4781,0.0,0.937,staircase2,no_load
10.240213,44.989,44.4287,44.9190,-0.4903,0.0,0.810,staircase2,no_load
10.250875,44.989,44.4287,44.9259,-0.4972,0.0,0.699,staircase2,no_load
10.261589,44.989,44.4287,44.9322,-0.5035,0.0,0.622,staircase2,no_load
10.272195,44.989,44.4287,44.9377,-0.5090,0.0,0.554,staircase2,no_load
10.282808,44.989,44.4287,44.9426,-0.5139,0.0,0.493,staircase2,no_load
10.293838,44.989,44.4287,44.9470,-0.5183,0.0,0.440,staircase2,no_load
10.305036,44.989,44.4287,44.9528,-0.5241,0.0,0.384,staircase2,no_load
10.31599,44.989,44.4287,44.9561,-0.5274,0.0,0.335,staircase2,no_load
10.326406,44.989,44.4287,44.9592,-0.5305,0.0,0.302,staircase2,no_load
10.337529,44.989,44.4287,44.9619,-0.5332,0.0,0.273,staircase2,no_load
10.348169,44.989,44.4287,44.9644,-0.5357,0.0,0.247,staircase2,no_load
10.358934,44.989,44.4287,44.9666,-0.5379,0.0,0.224,staircase2,no_load
10.369115,44.989,44.4287,44.9686,-0.5399,0.0,0.203,staircase2,no_load
10.379419,44.989,44.4287,44.9705,-0.5418,0.0,0.184,staircase2,no_load
10.390084,44.989,44.4287,44.9729,-0.5442,0.0,0.164,staircase2,no_load
10.400751,44.989,44.4287,44.9744,-0.5457,0.0,0.146,staircase2,no_load
10.411376,44.989,44.4287,44.9757,-0.5470,0.0,0.133,staircase2,no_load
10.421654,44.989,44.4287,44.9769,-0.5482,0.0,0.121,staircase2,no_load
10.432295,44.989,44.4287,44.9780,-0.5493,0.0,0.110,staircase2,no_load
10.44282,44.989,44.4287,44.9790,-0.5503,0.0,0.101,staircase2,no_load
10.454047,44.989,44.4287,44.9800,-0.5513,0.0,0.092,staircase2,no_load
10.46494,44.989,44.4287,44.9808,-0.5521,0.0,0.084,staircase2,no_load
10.475573,44.989,44.4287,44.9819,-0.5532,0.0,0.075,staircase2,no_load
10.486322,44.989,44.4287,44.9826,-0.5539,0.0,0.067,staircase2,no_load
10.496927,44.989,44.4287,44.9832,-0.5545,0.0,0.061,staircase2,no_load
10.507381,44.989,44.4287,44.9838,-0.5551,0.0,0.056,staircase2,no_load
10.518041,44.989,44.4287,44.9843,-0.5556,0.0,0.051,staircase2,no_load
10.528813,44.989,44.4287,44.9848,-0.5561,0.0,0.047,staircase2,no_load
10.540087,44.989,44.4287,44.9854,-0.5567,0.0,0.042,staircase2,no_load
10.550784,44.989,44.4287,44.9858,-0.5571,0.0,0.038,staircase2,no_load
10.561736,44.989,44.4287,44.9861,-0.5574,0.0,0.034,staircase2,no_load
10.572204,44.989,44.4287,44.9864,-0.5577,0.0,0.032,staircase2,no_load
10.583209,44.989,44.4287,44.9867,-0.5580,0.0,0.029,staircase2,no_load
10.593537,44.989,44.4287,44.9870,-0.5583,0.0,0.026,staircase2,no_load
10.60425,44.989,44.4287,44.9872,-0.5585,0.0,0.024,staircase2,no_load
10.614924,44.989,44.4287,44.9875,-0.5588,0.0,0.022,staircase2,no_load
10.625487,44.989,44.4287,44.9878,-0.5591,0.0,0.020,staircase2,no_load
10.636234,44.989,44.4287,44.9879,-0.5592,0.0,0.018,staircase2,no_load
10.646417,44.989,44.4287,44.9881,-0.5594,0.0,0.016,staircase2,no_load
10.657213,44.989,44.4287,44.9882,-0.5595,0.0,0.015,staircase2,no_load
10.667516,44.989,44.4287,44.9884,-0.5597,0.0,0.014,staircase2,no_load
10.678155,44.989,44.4287,44.9885,-0.5598,0.0,0.013,staircase2,no_load
10.689251,44.989,44.4287,44.9886,-0.5599,0.0,0.011,staircase2,no_load
10.699799,44.989,44.4287,44.9887,-0.5600,0.0,0.010,staircase2,no_load
10.710539,44.989,44.4287,44.9889,-0.5602,0.0,0.009,staircase2,no_load
10.721197,44.989,44.4287,44.9889,-0.5602,0.0,0.008,staircase2,no_load
10.732175,44.989,44.4287,44.9890,-0.5603,0.0,0.008,staircase2,no_load
10.74278,44.989,44.4287,44.9891,-0.5604,0.0,0.007,staircase2,no_load
10.753449,44.989,44.4287,44.9892,-0.5605,0.0,0.006,staircase2,no_load
10.764405,44.989,44.4287,44.9892,-0.5605,0.0,0.006,staircase2,no_load
10.77496,44.989,44.4287,44.9893,-0.5606,0.0,0.005,staircase2,no_load
10.785669,44.989,44.4287,44.9893,-0.5606,0.0,0.005,staircase2,no_load
10.79637,44.989,44.4287,44.9894,-0.5607,0.0,0.004,staircase2,no_load
10.807666,44.989,44.4287,44.9894,-0.5607,0.0,0.004,staircase2,no_load
10.8185,44.989,44.4287,44.9895,-0.5608,0.0,0.004,staircase2,no_load
10.829471,44.989,44.4287,44.9895,-0.5608,0.0,0.003,staircase2,no_load
10.840102,44.989,44.4287,44.9895,-0.5608,0.0,0.003,staircase2,no_load
10.850843,44.989,44.4287,44.9896,-0.5609,0.0,0.003,staircase2,no_load
10.86149,44.989,44.4287,44.9896,-0.5609,0.0,0.002,staircase2,no_load
10.872163,44.989,44.4287,44.9896,-0.5609,0.0,0.002,staircase2,no_load
10.882863,44.989,44.4287,44.9896,-0.5609,0.0,0.002,staircase2,no_load
10.89388,44.989,44.4287,44.9897,-0.5610,0.0,0.002,staircase2,no_load
10.904976,44.989,44.4287,44.9897,-0.5610,0.0,0.002,staircase2,no_load
10.915141,44.989,44.4287,44.9897,-0.5610,0.0,0.002,staircase2,no_load
10.926229,44.989,44.4287,44.9897,-0.5610,0.0,0.001,staircase2,no_load
10.937226,44.989,44.4287,44.9897,-0.5610,0.0,0.001,staircase2,no_load
10.94751,44.989,44.4287,44.9897,-0.5610,0.0,0.001,staircase2,no_load
10.958444,44.989,44.4287,44.9897,-0.5610,0.0,0.001,staircase2,no_load
10.969244,44.989,44.4287,44.9898,-0.5611,0.0,0.001,staircase2,no_load
10.979914,44.989,44.4287,44.9898,-0.5611,0.0,0.001,staircase2,no_load
10.990888,44.989,44.4287,44.9898,-0.5611,0.0,0.001,staircase2,no_load
11.001189,44.989,44.4287,44.9898,-0.5611,0.0,0.001,staircase2,no_load
11.011622,44.989,44.4287,44.9898,-0.5611,0.0,0.001,staircase2,no_load
11.022162,44.989,44.4287,44.9898,-0.5611,0.0,0.001,staircase2,no_load
11.032435,44.989,44.4287,44.9898,-0.5611,0.0,0.001,staircase2,no_load
11.04269,44.989,44.4287,44.9898,-0.5611,0.0,0.001,staircase2,no_load
11.052965,44.989,44.4287,44.9898,-0.5611,0.0,0.000,staircase2,no_load
11.063489,44.989,44.4287,44.9898,-0.5611,0.0,0.000,staircase2,no_load
11.073657,44.989,44.4287,44.9898,-0.5611,0.0,0.000,staircase2,no_load
11.08414,44.989,44.4287,44.9898,-0.5611,0.0,0.000,staircase2,no_load
11.094752,44.989,44.4287,44.9898,-0.5611,0.0,0.000,staircase2,no_load
11.105158,44.989,44.4287,44.9898,-0.5611,0.0,0.000,staircase2,no_load
11.115849,44.989,44.4287,44.9898,-0.5611,0.0,0.000,staircase2,no_load
11.126682,44.989,44.4287,44.9898,-0.5611,0.0,0.000,staircase2,no_load
11.137314,44.989,44.4287,44.9898,-0.5611,0.0,0.000,staircase2,no_load
11.147938,44.989,44.4287,44.9898,-0.5611,0.0,0.000,staircase2,no_load
11.158727,44.989,44.4287,44.9898,-0.5611,0.0,0.000,staircase2,no_load
11.169392,44.989,44.4287,44.9898,-0.5611,0.0,0.000,staircase2,no_load
11.179672,44.989,44.4287,44.9898,-0.5611,0.0,0.000,staircase2,no_load
11.189902,44.989,44.4287,44.9898,-0.5611,0.0,0.000,staircase2,no_load
11.200632,44.989,44.4287,44.9898,-0.5611,0.0,0.000,staircase2,no_load
11.211114,44.989,44.4287,44.9898,-0.5611,0.0,0.000,staircase2,no_load
11.221781,44.989,44.4287,44.9898,-0.5611,0.0,0.000,staircase2,no_load
11.232385,44.989,44.4287,44.9899,-0.5612,0.0,0.000,staircase2,no_load
11.244173,67.4835,44.4287,44.9899,-0.5612,0.0,0.000,staircase2,no_load
11.254921,67.4835,44.4287,44.9899,-0.5612,0.0,0.000,staircase2,no_load
11.265874,67.4835,44.4287,44.9899,-0.5612,0.0,0.000,staircase2,no_load
11.276861,67.4835,44.4287,44.9899,-0.5612,0.0,0.000,staircase2,no_load
11.287319,67.4835,44.6045,44.9899,-0.3854,16.81,0.000,staircase2,no_load
11.297863,67.4835,44.9561,44.9899,-0.0338,33.346,0.000,staircase2,no_load
11.308002,67.4835,45.4834,44.9899,0.4935,52.007,0.000,staircase2,no_load
11.318315,67.4835,46.0107,45.3772,0.6335,51.13,38.732,staircase2,no_load
11.328918,67.4835,46.8896,46.2012,0.6884,82.892,82.398,staircase2,no_load
11.339971,67.4835,47.9443,47.3815,0.5628,95.422,118.039,staircase2,no_load
11.350341,67.4835,49.1748,49.6805,-0.5057,118.66,153.262,staircase2,no_load
11.360606,67.4835,50.4053,51.4910,-1.0857,119.873,181.055,staircase2,no_load
11.37082,67.4835,51.8994,53.0710,-1.1716,146.28,157.994,staircase2,no_load
11.381773,67.4835,53.4814,54.6235,-1.1421,144.435,155.250,staircase2,no_load
11.3925,67.4835,55.0635,55.8825,-0.8190,147.488,125.905,staircase2,no_load
11.40359,67.4835,56.6455,56.9889,-0.3434,142.651,110.641,staircase2,no_load
11.413822,67.4835,58.1396,58.1549,-0.0153,146.022,116.595,staircase2,no_load
11.424758,67.4835,59.5459,59.0984,0.4475,128.594,94.350,staircase2,no_load
11.435424,67.4835,60.6006,60.2887,0.3119,98.884,79.355,staircase2,no_load
11.44617,67.4835,61.6553,61.0804,0.5749,98.148,79.170,staircase2,no_load
11.456886,67.4835,62.4463,61.7854,0.6609,73.815,70.499,staircase2,no_load
11.467583,67.4835,63.1494,62.4127,0.7367,65.729,62.730,staircase2,no_load
11.478686,67.4835,63.6768,62.9708,0.7060,47.501,55.816,staircase2,no_load
11.489379,67.4835,64.1162,63.4675,0.6487,41.092,49.664,staircase2,no_load
11.500042,67.4835,64.4678,64.1117,0.3561,32.974,42.949,staircase2,no_load
11.510195,67.4835,64.8193,64.4826,0.3367,34.62,37.089,staircase2,no_load
11.520878,67.4835,65.0830,64.8126,0.2704,24.684,33.001,staircase2,no_load
11.531568,67.4835,65.3467,65.1062,0.2405,24.668,29.364,staircase2,no_load
11.542261,67.4835,65.6104,65.3675,0.2429,24.661,26.127,staircase2,no_load
11.552835,67.4835,65.7861,65.6000,0.1861,16.616,23.247,staircase2,no_load
11.5635,67.4835,65.9619,65.8068,0.1551,16.484,20.685,staircase2,no_load
11.574025,67.4835,66.1377,65.9909,0.1468,16.703,18.405,staircase2,no_load
11.584416,67.4835,66.3135,66.1547,0.1588,16.918,16.377,staircase2,no_load
11.595327,67.4835,66.4014,66.3671,0.0343,8.056,14.162,staircase2,no_load
11.606116,67.4835,66.4893,66.4894,-0.0001,8.147,12.230,staircase2,no_load
11.616789,67.4835,66.6650,66.5982,0.0668,16.462,10.882,staircase2,no_load
11.627444,67.4835,66.7529,66.6950,0.0579,8.25,9.683,staircase2,no_load
11.638121,67.4835,66.7529,66.7812,-0.0283,0.0,8.615,staircase2,no_load
11.648715,67.4835,66.8408,66.8579,-0.0171,8.297,7.666,staircase2,no_load
11.65935,67.4835,66.8408,66.9261,-0.0853,0.0,6.821,staircase2,no_load
11.670013,67.4835,66.8408,67.0146,-0.1738,0.0,5.899,staircase2,no_load
11.680225,67.4835,66.8408,67.0655,-0.2247,0.0,5.094,staircase2,no_load
11.690802,67.4835,66.8408,67.1108,-0.2700,0.0,4.532,staircase2,no_load
11.701031,67.4835,66.8408,67.1511,-0.3103,0.0,4.033,staircase2,no_load
11.711783,67.4835,66.8408,67.1870,-0.3462,0.0,3.588,staircase2,no_load
11.722009,67.4835,66.8408,67.2190,-0.3782,0.0,3.193,staircase2,no_load
11.733036,67.4835,66.8408,67.2474,-0.4066,0.0,2.841,staircase2,no_load
11.744047,67.4835,66.9287,67.2726,-0.3439,7.983,2.528,staircase2,no_load
11.754477,67.4835,67.0166,67.2951,-0.2785,8.428,2.249,staircase2,no_load
11.765363,67.4835,67.0166,67.3243,-0.3077,0.0,1.945,staircase2,no_load
11.775884,67.4835,67.1045,67.3411,-0.2366,8.355,1.680,staircase2,no_load
11.786713,67.4835,67.1045,67.3561,-0.2516,0.0,1.495,staircase2,no_load
11.79738,67.4835,67.1924,67.3694,-0.1770,8.24,1.330,staircase2,no_load
11.808146,67.4835,67.1924,67.3812,-0.1888,0.0,1.183,staircase2,no_load
11.818767,67.4835,67.1924,67.3917,-0.1993,0.0,1.053,staircase2,no_load
11.829544,67.4835,67.1924,67.4011,-0.2087,0.0,0.937,staircase2,no_load
11.839951,67.4835,67.1924,67.4094,-0.2170,0.0,0.834,staircase2,no_load
11.850752,67.4835,67.1924,67.4202,-0.2278,0.0,0.721,staircase2,no_load
11.861338,67.4835,67.1924,67.4265,-0.2341,0.0,0.623,staircase2,no_load
11.872199,67.4835,67.1924,67.4320,-0.2396,0.0,0.554,staircase2,no_load
11.88289,67.4835,67.1924,67.4369,-0.2445,0.0,0.493,staircase2,no_load
11.893393,67.4835,67.1924,67.4413,-0.2489,0.0,0.440,staircase2,no_load
11.903892,67.4835,67.1924,67.4453,-0.2529,0.0,0.394,staircase2,no_load
11.914504,67.4835,67.1924,67.4488,-0.2564,0.0,0.354,staircase2,no_load
11.925582,67.4835,67.1924,67.4535,-0.2611,0.0,0.310,staircase2,no_load
11.936514,67.4835,67.1924,67.4562,-0.2638,0.0,0.273,staircase2,no_load
11.946967,67.4835,67.1924,67.4587,-0.2663,0.0,0.247,staircase2,no_load
11.957786,67.4835,67.1924,67.4609,-0.2685,0.0,0.224,staircase2,no_load
11.968307,67.4835,67.1924,67.4629,-0.2705,0.0,0.203,staircase2,no_load
11.978434,67.4835,67.1924,67.4648,-0.2724,0.0,0.184,staircase2,no_load
11.988511,67.4835,67.1924,67.4665,-0.2741,0.0,0.168,staircase2,no_load
11.999,67.4835,67.1924,67.4680,-0.2756,0.0,0.153,staircase2,no_load
12.009199,67.4835,67.1924,67.4694,-0.2770,0.0,0.139,staircase2,no_load
12.019881,67.4835,67.1924,67.4706,-0.2782,0.0,0.127,staircase2,no_load
12.030483,67.4835,67.1924,67.4723,-0.2799,0.0,0.113,staircase2,no_load
12.041572,67.4835,67.1924,67.4733,-0.2809,0.0,0.101,staircase2,no_load
12.051717,67.4835,67.1924,67.4743,-0.2819,0.0,0.092,staircase2,no_load
12.061945,67.4835,67.1924,67.4751,-0.2827,0.0,0.084,staircase2,no_load
12.073175,67.4835,67.1924,67.4759,-0.2835,0.0,0.077,staircase2,no_load
12.084185,67.4835,67.1924,67.4766,-0.2842,0.0,0.070,staircase2,no_load
12.094361,67.4835,67.1924,67.4772,-0.2848,0.0,0.064,staircase2,no_load
12.105105,67.4835,67.1924,67.4781,-0.2857,0.0,0.058,staircase2,no_load
12.115557,67.4835,67.1924,67.4786,-0.2862,0.0,0.051,staircase2,no_load
12.126134,67.4835,67.1924,67.4791,-0.2867,0.0,0.047,staircase2,no_load
12.136895,67.4835,67.1924,67.4795,-0.2871,0.0,0.043,staircase2,no_load
12.14756,67.4835,67.1924,67.4799,-0.2875,0.0,0.039,staircase2,no_load
12.158163,67.4835,67.1924,67.4803,-0.2879,0.0,0.036,staircase2,no_load
12.168706,67.4835,67.1924,67.4806,-0.2882,0.0,0.033,staircase2,no_load
12.179534,67.4835,67.1924,67.4809,-0.2885,0.0,0.030,staircase2,no_load
12.189876,67.4835,67.1924,67.4812,-0.2888,0.0,0.028,staircase2,no_load
12.200445,67.4835,67.1924,67.4815,-0.2891,0.0,0.025,staircase2,no_load
12.210714,67.4835,67.1924,67.4818,-0.2894,0.0,0.022,staircase2,no_load
12.22096,67.4835,67.1924,67.4820,-0.2896,0.0,0.020,staircase2,no_load
12.23152,67.4835,67.1924,67.4821,-0.2897,0.0,0.019,staircase2,no_load
12.241884,67.4835,67.1924,67.4823,-0.2899,0.0,0.017,staircase2,no_load
12.252468,67.4835,67.1924,67.4825,-0.2901,0.0,0.016,staircase2,no_load
12.263326,67.4835,67.1924,67.4826,-0.2902,0.0,0.014,staircase2,no_load
12.273812,67.4835,67.1924,67.4827,-0.2903,0.0,0.013,staircase2,no_load
12.284746,67.4835,67.1924,67.4829,-0.2905,0.0,0.012,staircase2,no_load
12.29541,67.4835,67.1924,67.4830,-0.2906,0.0,0.011,staircase2,no_load
12.306272,67.4835,67.1924,67.4831,-0.2907,0.0,0.010,staircase2,no_load
12.316962,67.4835,67.1924,67.4832,-0.2908,0.0,0.009,staircase2,no_load
12.327949,67.4835,67.1924,67.4833,-0.2909,0.0,0.008,staircase2,no_load
12.338713,67.4835,67.1924,67.4834,-0.2910,0.0,0.007,staircase2,no_load
12.34951,67.4835,67.1924,67.4834,-0.2910,0.0,0.007,staircase2,no_load
12.360148,67.4835,67.1924,67.4835,-0.2911,0.0,0.006,staircase2,no_load
12.37067,67.4835,67.1924,67.4836,-0.2912,0.0,0.005,staircase2,no_load
12.381334,67.4835,67.1924,67.4836,-0.2912,0.0,0.005,staircase2,no_load
12.391997,67.4835,67.1924,67.4837,-0.2913,0.0,0.005,staircase2,no_load
12.402318,67.4835,67.1924,67.4837,-0.2913,0.0,0.004,staircase2,no_load
12.412914,67.4835,67.1924,67.4838,-0.2914,0.0,0.004,staircase2,no_load
12.423122,67.4835,67.1924,67.4838,-0.2914,0.0,0.003,staircase2,no_load
12.433751,67.4835,67.1924,67.4838,-0.2914,0.0,0.003,staircase2,no_load
12.444465,67.4835,67.1924,67.4838,-0.2914,0.0,0.003,staircase2,no_load
12.45499,67.4835,67.1924,67.4839,-0.2915,0.0,0.003,staircase2,no_load
12.465178,67.4835,67.1924,67.4839,-0.2915,0.0,0.002,staircase2,no_load
12.475391,67.4835,67.1924,67.4839,-0.2915,0.0,0.002,staircase2,no_load
12.485566,67.4835,67.1924,67.4840,-0.2916,0.0,0.002,staircase2,no_load
12.496457,67.4835,67.1924,67.4840,-0.2916,0.0,0.002,staircase2,no_load
12.507066,67.4835,67.1924,67.4840,-0.2916,0.0,0.002,staircase2,no_load
12.518243,67.4835,67.1924,67.4840,-0.2916,0.0,0.002,staircase2,no_load
12.528479,67.4835,67.1924,67.4840,-0.2916,0.0,0.001,staircase2,no_load
12.539697,67.4835,67.1924,67.4840,-0.2916,0.0,0.001,staircase2,no_load
12.55022,67.4835,67.1924,67.4840,-0.2916,0.0,0.001,staircase2,no_load
12.560931,67.4835,67.1924,67.4841,-0.2917,0.0,0.001,staircase2,no_load
12.571687,67.4835,67.1924,67.4841,-0.2917,0.0,0.001,staircase2,no_load
12.582012,67.4835,67.1924,67.4841,-0.2917,0.0,0.001,staircase2,no_load
12.592287,67.4835,67.1924,67.4841,-0.2917,0.0,0.001,staircase2,no_load
12.602595,67.4835,67.1924,67.4841,-0.2917,0.0,0.001,staircase2,no_load
12.613777,67.4835,67.1924,67.4841,-0.2917,0.0,0.001,staircase2,no_load
12.623977,67.4835,67.1924,67.4841,-0.2917,0.0,0.001,staircase2,no_load
12.634744,67.4835,67.1924,67.4841,-0.2917,0.0,0.001,staircase2,no_load
12.645359,67.4835,67.1924,67.4841,-0.2917,0.0,0.000,staircase2,no_load
12.655529,67.4835,67.1924,67.4841,-0.2917,0.0,0.000,staircase2,no_load
12.666402,67.4835,67.1924,67.4841,-0.2917,0.0,0.000,staircase2,no_load
12.677123,67.4835,67.1924,67.4841,-0.2917,0.0,0.000,staircase2,no_load
12.688184,67.4835,67.1924,67.4841,-0.2917,0.0,0.000,staircase2,no_load
12.698856,67.4835,67.1924,67.4841,-0.2917,0.0,0.000,staircase2,no_load
12.709725,67.4835,67.1924,67.4841,-0.2917,0.0,0.000,staircase2,no_load
12.720452,67.4835,67.1924,67.4841,-0.2917,0.0,0.000,staircase2,no_load
12.730894,67.4835,67.1924,67.4841,-0.2917,0.0,0.000,staircase2,no_load
12.741835,67.4835,67.1924,67.4841,-0.2917,0.0,0.000,staircase2,no_load
12.75233,67.4835,67.1924,67.4841,-0.2917,0.0,0.000,staircase2,no_load
12.762863,67.4835,67.1924,67.4841,-0.2917,0.0,0.000,staircase2,no_load
12.773207,67.4835,67.1924,67.4841,-0.2917,0.0,0.000,staircase2,no_load
12.783841,67.4835,67.1924,67.4841,-0.2917,0.0,0.000,staircase2,no_load
12.79435,67.4835,67.1924,67.4841,-0.2917,0.0,0.000,staircase2,no_load
12.804771,67.4835,67.1924,67.4842,-0.2918,0.0,0.000,staircase2,no_load
12.815388,67.4835,67.1924,67.4842,-0.2918,0.0,0.000,staircase2,no_load
12.826116,67.4835,67.1924,67.4842,-0.2918,0.0,0.000,staircase2,no_load
12.836317,67.4835,67.1924,67.4842,-0.2918,0.0,0.000,staircase2,no_load
12.848132,89.978,67.1924,67.4842,-0.2918,0.0,0.000,staircase2,no_load
12.859289,89.978,67.1924,67.4842,-0.2918,0.0,0.000,staircase2,no_load
12.870118,89.978,67.1924,67.4842,-0.2918,0.0,0.000,staircase2,no_load
12.881212,89.978,67.1924,67.4842,-0.2918,0.0,0.000,staircase2,no_load
12.892336,89.978,67.3682,67.4842,-0.1160,15.804,0.000,staircase2,no_load
12.903348,89.978,67.7197,67.4842,0.2355,31.92,0.000,staircase2,no_load
12.914323,89.978,68.2471,67.4842,0.7629,48.055,0.000,staircase2,no_load
12.924477,89.978,68.9502,67.8713,1.0789,69.244,38.713,staircase2,no_load
12.935545,89.978,69.8291,69.2447,0.5844,79.409,91.558,staircase2,no_load
12.946527,89.978,70.8838,70.5772,0.3066,96.039,133.258,staircase2,no_load
12.957128,89.978,72.1143,72.1725,-0.0582,116.074,159.526,staircase2,no_load
12.967606,89.978,73.4326,73.9821,-0.5495,125.816,180.964,staircase2,no_load
12.978069,89.978,75.0146,75.5622,-0.5476,151.199,158.003,staircase2,no_load
12.988706,89.978,76.5088,77.1145,-0.6057,140.472,155.229,staircase2,no_load
12.999713,89.978,78.2666,78.3730,-0.1064,159.698,125.858,staircase2,no_load
13.010436,89.978,79.6729,80.0221,-0.3492,131.148,109.936,staircase2,no_load
13.020733,89.978,81.0791,81.0709,0.0082,136.564,104.878,staircase2,no_load
13.030982,89.978,82.2217,81.9184,0.3033,111.484,84.753,staircase2,no_load
13.041697,89.978,83.3643,82.7783,0.5860,106.636,85.992,staircase2,no_load
13.052346,89.978,84.3311,83.5705,0.7606,90.788,79.219,staircase2,no_load
13.062585,89.978,85.1221,84.2760,0.8461,77.254,70.544,staircase2,no_load
13.072819,89.978,85.7373,84.9036,0.8337,60.113,62.770,staircase2,no_load
13.083342,89.978,86.2646,85.4622,0.8024,50.109,55.851,staircase2,no_load
13.093662,89.978,86.7041,85.9591,0.7450,42.587,49.695,staircase2,no_load
13.104776,89.978,87.0557,86.4013,0.6544,31.636,44.218,staircase2,no_load
13.115792,89.978,87.4072,86.9749,0.4323,31.908,38.239,staircase2,no_load
13.126756,89.978,87.6709,87.3051,0.3658,24.051,33.022,staircase2,no_load
13.136952,89.978,87.9346,87.5989,0.3357,25.863,29.383,staircase2,no_load
13.147626,89.978,88.1104,87.8604,0.2500,16.47,26.144,staircase2,no_load
13.158181,89.978,88.3740,88.0930,0.2810,24.974,23.262,staircase2,no_load
13.169142,89.978,88.5498,88.3000,0.2498,16.039,20.698,staircase2,no_load
13.179783,89.978,88.7256,88.4842,0.2414,16.521,18.417,staircase2,no_load
13.190058,89.978,88.8135,88.7231,0.0904,8.555,15.927,staircase2,no_load
13.200777,89.978,88.9014,88.8606,0.0408,8.2,13.754,staircase2,no_load
13.211813,89.978,89.0771,88.9830,0.0941,15.921,12.238,staircase2,no_load
13.222574,89.978,89.1650,89.0919,0.0731,8.168,10.889,staircase2,no_load
13.233631,89.978,89.1650,89.1888,-0.0238,0.0,9.689,staircase2,no_load
13.244555,89.978,89.2529,89.2750,-0.0221,8.047,8.621,staircase2,no_load
13.255228,89.978,89.3408,89.3868,-0.0460,8.236,7.455,staircase2,no_load
13.266119,89.978,89.3408,89.4512,-0.1104,0.0,6.438,staircase2,no_load
13.276861,89.978,89.4287,89.5085,-0.0798,8.183,5.729,staircase2,no_load
13.287583,89.978,89.4287,89.5594,-0.1307,0.0,5.097,staircase2,no_load
13.298246,89.978,89.5166,89.6048,-0.0882,8.243,4.535,staircase2,no_load
13.30888,89.978,89.6045,89.6451,-0.0406,8.266,4.035,staircase2,no_load
13.319886,89.978,89.6045,89.6811,-0.0766,0.0,3.591,staircase2,no_load
13.330575,89.978,89.6045,89.7276,-0.1231,0.0,3.105,staircase2,no_load
13.341611,89.978,89.6045,89.7544,-0.1499,0.0,2.682,staircase2,no_load
13.352489,89.978,89.6045,89.7783,-0.1738,0.0,2.386,staircase2,no_load
13.36317,89.978,89.6045,89.7995,-0.1950,0.0,2.123,staircase2,no_load
13.373839,89.978,89.6045,89.8184,-0.2139,0.0,1.889,staircase2,no_load
13.3846,89.978,89.6045,89.8352,-0.2307,0.0,1.681,staircase2,no_load
13.395314,89.978,89.6045,89.8570,-0.2525,0.0,1.454,staircase2,no_load
13.406036,89.978,89.6045,89.8696,-0.2651,0.0,1.255,staircase2,no_load
13.417041,89.978,89.6045,89.8808,-0.2763,0.0,1.117,staircase2,no_load
13.427752,89.978,89.6045,89.8907,-0.2862,0.0,0.994,staircase2,no_load
13.438465,89.978,89.6045,89.8995,-0.2950,0.0,0.884,staircase2,no_load
13.448714,89.978,89.6045,89.9074,-0.3029,0.0,0.787,staircase2,no_load
13.459292,89.978,89.6045,89.9144,-0.3099,0.0,0.700,staircase2,no_load
13.469987,89.978,89.6045,89.9206,-0.3161,0.0,0.623,staircase2,no_load
13.480554,89.978,89.6045,89.9287,-0.3242,0.0,0.539,staircase2,no_load
13.491572,89.978,89.6045,89.9334,-0.3289,0.0,0.466,staircase2,no_load
13.502506,89.978,89.6045,89.9375,-0.3330,0.0,0.417,staircase2,no_load
13.513042,89.978,89.6045,89.9413,-0.3368,0.0,0.373,staircase2,no_load
13.523589,89.978,89.6045,89.9446,-0.3401,0.0,0.336,staircase2,no_load
13.534274,89.978,89.6045,89.9477,-0.3432,0.0,0.303,staircase2,no_load
13.545157,89.978,89.6045,89.9517,-0.3472,0.0,0.267,staircase2,no_load
13.556312,89.978,89.6045,89.9540,-0.3495,0.0,0.235,staircase2,no_load
13.566973,89.978,89.6045,89.9561,-0.3516,0.0,0.213,staircase2,no_load
13.577689,89.978,89.6045,89.9581,-0.3536,0.0,0.194,staircase2,no_load
13.588631,89.978,89.6045,89.9598,-0.3553,0.0,0.176,staircase2,no_load
13.599311,89.978,89.6045,89.9614,-0.3569,0.0,0.160,staircase2,no_load
13.610378,89.978,89.6045,89.9636,-0.3591,0.0,0.142,staircase2,no_load
13.62127,89.978,89.6045,89.9648,-0.3603,0.0,0.127,staircase2,no_load
13.631805,89.978,89.6045,89.9660,-0.3615,0.0,0.116,staircase2,no_load
13.642491,89.978,89.6045,89.9670,-0.3625,0.0,0.106,staircase2,no_load
13.653203,89.978,89.6045,89.9680,-0.3635,0.0,0.096,staircase2,no_load
13.663437,89.978,89.6045,89.9689,-0.3644,0.0,0.088,staircase2,no_load
13.673769,89.978,89.6045,89.9697,-0.3652,0.0,0.080,staircase2,no_load
13.68401,89.978,89.6045,89.9704,-0.3659,0.0,0.074,staircase2,no_load
13.694307,89.978,89.6045,89.9711,-0.3666,0.0,0.067,staircase2,no_load
13.705405,89.978,89.6045,89.9720,-0.3675,0.0,0.060,staircase2,no_load
13.716124,89.978,89.6045,89.9725,-0.3680,0.0,0.054,staircase2,no_load
13.726384,89.978,89.6045,89.9730,-0.3685,0.0,0.049,staircase2,no_load
13.736533,89.978,89.6045,89.9735,-0.3690,0.0,0.045,staircase2,no_load
13.747215,89.978,89.6045,89.9739,-0.3694,0.0,0.041,staircase2,no_load
13.757743,89.978,89.6045,89.9743,-0.3698,0.0,0.038,staircase2,no_load
13.76825,89.978,89.6045,89.9746,-0.3701,0.0,0.035,staircase2,no_load
13.778523,89.978,89.6045,89.9749,-0.3704,0.0,0.032,staircase2,no_load
13.788831,89.978,89.6045,89.9752,-0.3707,0.0,0.029,staircase2,no_load
13.799481,89.978,89.6045,89.9755,-0.3710,0.0,0.026,staircase2,no_load
13.810143,89.978,89.6045,89.9758,-0.3713,0.0,0.024,staircase2,no_load
13.820998,89.978,89.6045,89.9761,-0.3716,0.0,0.021,staircase2,no_load
13.832035,89.978,89.6045,89.9763,-0.3718,0.0,0.019,staircase2,no_load
13.842219,89.978,89.6045,89.9764,-0.3719,0.0,0.018,staircase2,no_load
13.853167,89.978,89.6045,89.9766,-0.3721,0.0,0.016,staircase2,no_load
13.86405,89.978,89.6045,89.9767,-0.3722,0.0,0.015,staircase2,no_load
13.874735,89.978,89.6045,89.9769,-0.3724,0.0,0.014,staircase2,no_load
13.885426,89.978,89.6045,89.9771,-0.3726,0.0,0.012,staircase2,no_load
13.895576,89.978,89.6045,89.9772,-0.3727,0.0,0.011,staircase2,no_load
13.906045,89.978,89.6045,89.9773,-0.3728,0.0,0.010,staircase2,no_load
13.917019,89.978,89.6045,89.9774,-0.3729,0.0,0.009,staircase2,no_load
13.927898,89.978,89.6045,89.9775,-0.3730,0.0,0.008,staircase2,no_load
13.938902,89.978,89.6045,89.9775,-0.3730,0.0,0.008,staircase2,no_load
13.949901,89.978,89.6045,89.9776,-0.3731,0.0,0.007,staircase2,no_load
13.960993,89.978,89.6045,89.9777,-0.3732,0.0,0.006,staircase2,no_load
13.971496,89.978,89.6045,89.9778,-0.3733,0.0,0.006,staircase2,no_load
13.982003,89.978,89.6045,89.9778,-0.3733,0.0,0.005,staircase2,no_load
13.992993,89.978,89.6045,89.9779,-0.3734,0.0,0.005,staircase2,no_load
14.003296,89.978,89.6045,89.9779,-0.3734,0.0,0.004,staircase2,no_load
14.013761,89.978,89.6045,89.9779,-0.3734,0.0,0.004,staircase2,no_load
14.02417,89.978,89.6045,89.9780,-0.3735,0.0,0.004,staircase2,no_load
14.034729,89.978,89.6045,89.9780,-0.3735,0.0,0.003,staircase2,no_load
14.045719,89.978,89.6045,89.9780,-0.3735,0.0,0.003,staircase2,no_load
14.055864,89.978,89.6045,89.9781,-0.3736,0.0,0.003,staircase2,no_load
14.06618,89.978,89.6045,89.9781,-0.3736,0.0,0.002,staircase2,no_load
14.076528,89.978,89.6045,89.9781,-0.3736,0.0,0.002,staircase2,no_load
14.087488,89.978,89.6045,89.9781,-0.3736,0.0,0.002,staircase2,no_load
14.09803,89.978,89.6045,89.9782,-0.3737,0.0,0.002,staircase2,no_load
14.108648,89.978,89.6045,89.9782,-0.3737,0.0,0.002,staircase2,no_load
14.11965,89.978,89.6045,89.9782,-0.3737,0.0,0.002,staircase2,no_load
14.130409,89.978,89.6045,89.9782,-0.3737,0.0,0.001,staircase2,no_load
14.141061,89.978,89.6045,89.9782,-0.3737,0.0,0.001,staircase2,no_load
14.151676,89.978,89.6045,89.9782,-0.3737,0.0,0.001,staircase2,no_load
14.16197,89.978,89.6045,89.9783,-0.3738,0.0,0.001,staircase2,no_load
14.172634,89.978,89.6045,89.9783,-0.3738,0.0,0.001,staircase2,no_load
14.183292,89.978,89.6045,89.9783,-0.3738,0.0,0.001,staircase2,no_load
14.194233,89.978,89.6045,89.9783,-0.3738,0.0,0.001,staircase2,no_load
14.204516,89.978,89.6045,89.9783,-0.3738,0.0,0.001,staircase2,no_load
14.215144,89.978,89.6045,89.9783,-0.3738,0.0,0.001,staircase2,no_load
14.225382,89.978,89.6045,89.9783,-0.3738,0.0,0.001,staircase2,no_load
14.236048,89.978,89.6045,89.9783,-0.3738,0.0,0.001,staircase2,no_load
14.246711,89.978,89.6045,89.9783,-0.3738,0.0,0.001,staircase2,no_load
14.256943,89.978,89.6045,89.9783,-0.3738,0.0,0.000,staircase2,no_load
14.267826,89.978,89.6045,89.9783,-0.3738,0.0,0.000,staircase2,no_load
14.278482,89.978,89.6045,89.9783,-0.3738,0.0,0.000,staircase2,no_load
14.289138,89.978,89.6045,89.9783,-0.3738,0.0,0.000,staircase2,no_load
14.299898,89.978,89.6045,89.9783,-0.3738,0.0,0.000,staircase2,no_load
14.310488,89.978,89.6045,89.9783,-0.3738,0.0,0.000,staircase2,no_load
14.32083,89.978,89.6045,89.9783,-0.3738,0.0,0.000,staircase2,no_load
14.331113,89.978,89.6045,89.9783,-0.3738,0.0,0.000,staircase2,no_load
14.341661,89.978,89.6045,89.9783,-0.3738,0.0,0.000,staircase2,no_load
14.352309,89.978,89.6045,89.9783,-0.3738,0.0,0.000,staircase2,no_load
14.362551,89.978,89.6045,89.9783,-0.3738,0.0,0.000,staircase2,no_load
14.373712,89.978,89.6045,89.9783,-0.3738,0.0,0.000,staircase2,no_load
14.384375,89.978,89.6045,89.9783,-0.3738,0.0,0.000,staircase2,no_load
14.395135,89.978,89.6045,89.9784,-0.3739,0.0,0.000,staircase2,no_load
14.405805,89.978,89.6045,89.9784,-0.3739,0.0,0.000,staircase2,no_load
14.416622,89.978,89.6045,89.9784,-0.3739,0.0,0.000,staircase2,no_load
14.427304,89.978,89.6045,89.9784,-0.3739,0.0,0.000,staircase2,no_load
14.438015,89.978,89.6045,89.9784,-0.3739,0.0,0.000,staircase2,no_load
14.449805,67.4835,89.6045,89.9784,-0.3739,0.0,0.000,staircase2,no_load
14.460423,67.4835,89.6045,89.9784,-0.3739,0.0,0.000,staircase2,no_load
14.47064,67.4835,89.6045,89.9784,-0.3739,0.0,0.000,staircase2,no_load
14.481302,67.4835,89.6045,89.9784,-0.3739,0.0,0.000,staircase2,no_load
14.491979,67.4835,89.6045,89.9784,-0.3739,0.0,0.000,staircase2,no_load
14.502119,67.4835,89.4287,89.9784,-0.5497,-17.337,0.000,staircase2,no_load
14.512784,67.4835,89.0771,89.9784,-0.9013,-32.968,0.000,staircase2,no_load
14.523828,67.4835,88.5498,89.5922,-1.0424,-47.745,-38.617,staircase2,no_load
14.534093,67.4835,87.7588,88.7707,-1.0119,-77.058,-82.154,staircase2,no_load
14.545099,67.4835,86.8799,86.8930,-0.0131,-79.856,-125.178,staircase2,no_load
14.555715,67.4835,85.6494,85.3017,0.3477,-115.91,-159.127,staircase2,no_load
14.566323,67.4835,84.4189,83.4966,0.9223,-115.997,-180.510,staircase2,no_load
14.576605,67.4835,82.9248,81.9160,1.0088,-145.312,-158.059,staircase2,no_load
14.587319,67.4835,81.5186,80.3646,1.1540,-131.249,-155.146,staircase2,no_load
14.598088,67.4835,79.8486,79.1080,0.7406,-155.075,-125.662,staircase2,no_load
14.60897,67.4835,78.2666,78.0003,0.2663,-145.378,-110.768,staircase2,no_load
14.619973,67.4835,76.7725,76.8349,-0.0624,-135.79,-116.539,staircase2,no_load
14.630944,67.4835,75.2783,75.5647,-0.2864,-136.195,-84.676,staircase2,no_load
14.641808,67.4835,74.2236,74.7054,-0.4818,-97.082,-85.938,staircase2,no_load
14.652344,67.4835,73.0811,73.9109,-0.8298,-108.438,-79.446,staircase2,no_load
14.663018,67.4835,72.2900,73.2034,-0.9134,-74.115,-70.752,staircase2,no_load
14.673727,67.4835,71.6748,72.5738,-0.8990,-57.447,-62.955,staircase2,no_load
14.684364,67.4835,71.1475,72.0137,-0.8662,-49.572,-56.016,staircase2,no_load
14.695077,67.4835,70.7080,71.2870,-0.5790,-41.025,-48.442,staircase2,no_load
14.706269,67.4835,70.3564,70.8687,-0.5123,-31.415,-41.833,staircase2,no_load
14.716528,67.4835,70.0049,70.4965,-0.4916,-34.263,-37.222,staircase2,no_load
14.727434,67.4835,69.6533,70.1653,-0.5120,-32.239,-33.120,staircase2,no_load
14.73803,67.4835,69.3896,69.8706,-0.4810,-24.887,-29.469,staircase2,no_load
14.748415,67.4835,69.1260,69.6084,-0.4824,-25.383,-26.221,staircase2,no_load
14.759173,67.4835,68.9502,69.3751,-0.4249,-16.341,-23.331,staircase2,no_load
14.770148,67.4835,68.7744,69.0724,-0.2980,-16.018,-20.176,staircase2,no_load
14.78074,67.4835,68.6865,68.8982,-0.2117,-8.299,-17.424,staircase2,no_load
14.791328,67.4835,68.5107,68.7432,-0.2325,-16.604,-15.503,staircase2,no_load
14.80195,67.4835,68.4229,68.6052,-0.1823,-8.266,-13.795,staircase2,no_load
14.812611,67.4835,68.3350,68.4825,-0.1475,-8.245,-12.274,staircase2,no_load
14.823477,67.4835,68.2471,68.3733,-0.1262,-8.089,-10.921,staircase2,no_load
14.834041,67.4835,68.1592,68.2761,-0.1169,-8.321,-9.717,staircase2,no_load
14.844393,67.4835,68.1592,68.1896,-0.0304,0.0,-8.646,staircase2,no_load
14.855068,67.4835,67.9834,68.0775,-0.0941,-16.468,-7.477,staircase2,no_load
14.865658,67.4835,67.9834,68.0129,-0.0295,0.0,-6.457,staircase2,no_load
14.876286,67.4835,67.8955,67.9554,-0.0599,-8.271,-5.745,staircase2,no_load
14.887269,67.4835,67.8076,67.9043,-0.0967,-8.003,-5.112,staircase2,no_load
14.897425,67.4835,67.8076,67.8588,-0.0512,0.0,-4.549,staircase2,no_load
14.908325,67.4835,67.8076,67.8184,-0.0108,0.0,-4.047,staircase2,no_load
14.918397,67.4835,67.8076,67.7823,0.0253,0.0,-3.601,staircase2,no_load
14.928881,67.4835,67.8076,67.7503,0.0573,0.0,-3.204,staircase2,no_load
14.939598,67.4835,67.8076,67.7218,0.0858,0.0,-2.851,staircase2,no_load
14.94988,67.4835,67.8076,67.6964,0.1112,0.0,-2.537,staircase2,no_load
14.960551,67.4835,67.8076,67.6635,0.1441,0.0,-2.194,staircase2,no_load
14.971435,67.4835,67.8076,67.6446,0.1630,0.0,-1.895,staircase2,no_load
14.981726,67.4835,67.8076,67.6277,0.1799,0.0,-1.686,staircase2,no_load
14.992334,67.4835,67.8076,67.6127,0.1949,0.0,-1.500,staircase2,no_load
15.002987,67.4835,67.8076,67.5994,0.2082,0.0,-1.335,staircase2,no_load
15.013636,67.4835,67.8076,67.5875,0.2201,0.0,-1.188,staircase2,no_load
15.024199,67.4835,67.8076,67.5769,0.2307,0.0,-1.057,staircase2,no_load
15.03447,67.4835,67.7197,67.5675,0.1522,-8.558,-0.940,staircase2,no_load
15.0451,67.4835,67.7197,67.5553,0.1644,0.0,-0.813,staircase2,no_load
15.055487,67.4835,67.7197,67.5483,0.1714,0.0,-0.702,staircase2,no_load
15.066011,67.4835,67.7197,67.5420,0.1777,0.0,-0.625,staircase2,no_load
15.076417,67.4835,67.7197,67.5365,0.1832,0.0,-0.556,staircase2,no_load
15.087071,67.4835,67.7197,67.5315,0.1882,0.0,-0.495,staircase2,no_load
15.097526,67.4835,67.7197,67.5271,0.1926,0.0,-0.442,staircase2,no_load
15.108151,67.4835,67.7197,67.5232,0.1965,0.0,-0.395,staircase2,no_load
15.118821,67.4835,67.7197,67.5196,0.2001,0.0,-0.355,staircase2,no_load
15.128977,67.4835,67.7197,67.5164,0.2033,0.0,-0.319,staircase2,no_load
15.139677,67.4835,67.7197,67.5135,0.2062,0.0,-0.288,staircase2,no_load
15.150266,67.4835,67.7197,67.5097,0.2100,0.0,-0.254,staircase2,no_load
15.160923,67.4835,67.7197,67.5075,0.2122,0.0,-0.224,staircase2,no_load
15.171807,67.4835,67.7197,67.5055,0.2142,0.0,-0.204,staircase2,no_load
15.182556,67.4835,67.7197,67.5036,0.2161,0.0,-0.185,staircase2,no_load
15.193155,67.4835,67.7197,67.5019,0.2178,0.0,-0.168,staircase2,no_load
15.203839,67.4835,67.7197,67.5004,0.2193,0.0,-0.153,staircase2,no_load
15.214551,67.4835,67.7197,67.4990,0.2207,0.0,-0.139,staircase2,no_load
15.225112,67.4835,67.7197,67.4971,0.2226,0.0,-0.124,staircase2,no_load
15.23636,67.4835,67.7197,67.4960,0.2237,0.0,-0.111,staircase2,no_load
15.247154,67.4835,67.7197,67.4950,0.2247,0.0,-0.101,staircase2,no_load
15.258157,67.4835,67.7197,67.4941,0.2256,0.0,-0.092,staircase2,no_load
15.268691,67.4835,67.7197,67.4932,0.2265,0.0,-0.084,staircase2,no_load
15.279304,67.4835,67.7197,67.4925,0.2272,0.0,-0.077,staircase2,no_load
15.290036,67.4835,67.7197,67.4914,0.2283,0.0,-0.069,staircase2,no_load
15.300634,67.4835,67.7197,67.4908,0.2289,0.0,-0.062,staircase2,no_load
15.311194,67.4835,67.7197,67.4903,0.2294,0.0,-0.056,staircase2,no_load
15.321873,67.4835,67.7197,67.4897,0.2300,0.0,-0.052,staircase2,no_load
15.332532,67.4835,67.7197,67.4893,0.2304,0.0,-0.047,staircase2,no_load
15.343244,67.4835,67.7197,67.4888,0.2309,0.0,-0.043,staircase2,no_load
15.354251,67.4835,67.7197,67.4884,0.2313,0.0,-0.040,staircase2,no_load
15.3646,67.4835,67.7197,67.4881,0.2316,0.0,-0.036,staircase2,no_load
15.375218,67.4835,67.7197,67.4876,0.2321,0.0,-0.032,staircase2,no_load
15.385554,67.4835,67.7197,67.4873,0.2324,0.0,-0.029,staircase2,no_load
15.395666,67.4835,67.7197,67.4870,0.2327,0.0,-0.027,staircase2,no_load
15.405911,67.4835,67.7197,67.4868,0.2329,0.0,-0.024,staircase2,no_load
15.416695,67.4835,67.7197,67.4866,0.2331,0.0,-0.022,staircase2,no_load
15.427447,67.4835,67.7197,67.4864,0.2333,0.0,-0.020,staircase2,no_load
15.437872,67.4835,67.7197,67.4862,0.2335,0.0,-0.019,staircase2,no_load
15.448501,67.4835,67.7197,67.4860,0.2337,0.0,-0.017,staircase2,no_load
15.4591,67.4835,67.7197,67.4859,0.2338,0.0,-0.016,staircase2,no_load
15.47,67.4835,67.7197,67.4857,0.2340,0.0,-0.014,staircase2,no_load
15.480675,67.4835,67.7197,67.4855,0.2342,0.0,-0.013,staircase2,no_load
15.49135,67.4835,67.7197,67.4854,0.2343,0.0,-0.011,staircase2,no_load
15.50203,67.4835,67.7197,67.4853,0.2344,0.0,-0.011,staircase2,no_load
15.512804,67.4835,67.7197,67.4852,0.2345,0.0,-0.010,staircase2,no_load
15.523162,67.4835,67.7197,67.4851,0.2346,0.0,-0.009,staircase2,no_load
15.534037,67.4835,67.7197,67.4850,0.2347,0.0,-0.008,staircase2,no_load
15.544674,67.4835,67.7197,67.4850,0.2347,0.0,-0.007,staircase2,no_load
15.55606,67.4835,67.7197,67.4849,0.2348,0.0,-0.007,staircase2,no_load
15.566518,67.4835,67.7197,67.4848,0.2349,0.0,-0.006,staircase2,no_load
15.577102,67.4835,67.7197,67.4848,0.2349,0.0,-0.005,staircase2,no_load
15.588095,67.4835,67.7197,67.4847,0.2350,0.0,-0.005,staircase2,no_load
15.598582,67.4835,67.7197,67.4847,0.2350,0.0,-0.005,staircase2,no_load
15.609076,67.4835,67.7197,67.4846,0.2351,0.0,-0.004,staircase2,no_load
15.619839,67.4835,67.7197,67.4846,0.2351,0.0,-0.004,staircase2,no_load
15.630489,67.4835,67.7197,67.4845,0.2352,0.0,-0.003,staircase2,no_load
15.641111,67.4835,67.7197,67.4845,0.2352,0.0,-0.003,staircase2,no_load
15.651933,67.4835,67.7197,67.4845,0.2352,0.0,-0.003,staircase2,no_load
15.662579,67.4835,67.7197,67.4844,0.2353,0.0,-0.003,staircase2,no_load
15.67359,67.4835,67.7197,67.4844,0.2353,0.0,-0.002,staircase2,no_load
15.68414,67.4835,67.7197,67.4844,0.2353,0.0,-0.002,staircase2,no_load
15.694742,67.4835,67.7197,67.4844,0.2353,0.0,-0.002,staircase2,no_load
15.704969,67.4835,67.7197,67.4844,0.2353,0.0,-0.002,staircase2,no_load
15.716064,67.4835,67.7197,67.4843,0.2354,0.0,-0.002,staircase2,no_load
15.726685,67.4835,67.7197,67.4843,0.2354,0.0,-0.001,staircase2,no_load
15.736987,67.4835,67.7197,67.4843,0.2354,0.0,-0.001,staircase2,no_load
15.748003,67.4835,67.7197,67.4843,0.2354,0.0,-0.001,staircase2,no_load
15.758741,67.4835,67.7197,67.4843,0.2354,0.0,-0.001,staircase2,no_load
15.769872,67.4835,67.7197,67.4843,0.2354,0.0,-0.001,staircase2,no_load
15.780687,67.4835,67.7197,67.4843,0.2354,0.0,-0.001,staircase2,no_load
15.791386,67.4835,67.7197,67.4843,0.2354,0.0,-0.001,staircase2,no_load
15.801609,67.4835,67.7197,67.4842,0.2355,0.0,-0.001,staircase2,no_load
15.812448,67.4835,67.7197,67.4842,0.2355,0.0,-0.001,staircase2,no_load
15.823106,67.4835,67.7197,67.4842,0.2355,0.0,-0.001,staircase2,no_load
15.833765,67.4835,67.7197,67.4842,0.2355,0.0,-0.001,staircase2,no_load
15.844513,67.4835,67.7197,67.4842,0.2355,0.0,-0.001,staircase2,no_load
15.855075,67.4835,67.7197,67.4842,0.2355,0.0,-0.000,staircase2,no_load
15.865476,67.4835,67.7197,67.4842,0.2355,0.0,-0.000,staircase2,no_load
15.875943,67.4835,67.7197,67.4842,0.2355,0.0,-0.000,staircase2,no_load
15.886815,67.4835,67.7197,67.4842,0.2355,0.0,-0.000,staircase2,no_load
15.897762,67.4835,67.7197,67.4842,0.2355,0.0,-0.000,staircase2,no_load
15.908147,67.4835,67.7197,67.4842,0.2355,0.0,-0.000,staircase2,no_load
15.91854,67.4835,67.7197,67.4842,0.2355,0.0,-0.000,staircase2,no_load
15.928719,67.4835,67.7197,67.4842,0.2355,0.0,-0.000,staircase2,no_load
15.938977,67.4835,67.7197,67.4842,0.2355,0.0,-0.000,staircase2,no_load
15.950061,67.4835,67.7197,67.4842,0.2355,0.0,-0.000,staircase2,no_load
15.960516,67.4835,67.7197,67.4842,0.2355,0.0,-0.000,staircase2,no_load
15.970965,67.4835,67.7197,67.4842,0.2355,0.0,-0.000,staircase2,no_load
15.981404,67.4835,67.7197,67.4842,0.2355,0.0,-0.000,staircase2,no_load
15.991745,67.4835,67.7197,67.4842,0.2355,0.0,-0.000,staircase2,no_load
16.002025,67.4835,67.7197,67.4842,0.2355,0.0,-0.000,staircase2,no_load
16.012586,67.4835,67.7197,67.4842,0.2355,0.0,-0.000,staircase2,no_load
16.022763,67.4835,67.7197,67.4842,0.2355,0.0,-0.000,staircase2,no_load
16.032999,67.4835,67.7197,67.4842,0.2355,0.0,-0.000,staircase2,no_load
16.043134,67.4835,67.7197,67.4842,0.2355,0.0,-0.000,staircase2,no_load
16.054462,44.989,67.7197,67.4842,0.2355,0.0,-0.000,staircase2,no_load
16.064585,44.989,67.7197,67.4842,0.2355,0.0,-0.000,staircase2,no_load
16.075152,44.989,67.7197,67.4842,0.2355,0.0,-0.000,staircase2,no_load
16.085809,44.989,67.7197,67.4842,0.2355,0.0,-0.000,staircase2,no_load
16.096402,44.989,67.6318,67.4842,0.1476,-8.298,-0.000,staircase2,no_load
16.106579,44.989,67.4561,67.4842,-0.0281,-17.264,-0.000,staircase2,no_load
16.117175,44.989,67.0166,67.4842,-0.4676,-41.478,-0.000,staircase2,no_load
16.12791,44.989,66.3135,67.0983,-0.7848,-65.496,-38.589,staircase2,no_load
16.138978,44.989,65.5225,66.2773,-0.7548,-71.467,-82.095,staircase2,no_load
16.149595,44.989,64.4678,65.1013,-0.6335,-99.341,-117.604,staircase2,no_load
16.160236,44.989,63.4131,62.8109,0.6022,-99.117,-152.696,staircase2,no_load
16.171198,44.989,62.0068,61.0070,0.9998,-128.289,-180.385,staircase2,no_load
16.182201,44.989,60.2490,59.4262,0.8228,-159.756,-158.076,staircase2,no_load
16.192862,44.989,58.7549,57.8750,0.8799,-140.146,-155.127,staircase2,no_load
16.203975,44.989,57.0850,56.6188,0.4662,-150.265,-125.615,staircase2,no_load
16.214553,44.989,55.5908,55.5108,0.0800,-141.255,-110.800,staircase2,no_load
16.225205,44.989,54.0088,53.9209,0.0879,-148.517,-105.998,staircase2,no_load
16.235611,44.989,52.7783,53.0759,-0.2976,-118.249,-84.494,staircase2,no_load
16.246726,44.989,51.4600,52.2166,-0.7566,-118.605,-85.931,staircase2,no_load
16.257437,44.989,50.3174,51.4216,-1.1042,-106.675,-79.506,staircase2,no_load
16.26815,44.989,49.5264,50.7135,-1.1871,-73.836,-70.806,staircase2,no_load
16.278871,44.989,48.9111,50.0835,-1.1724,-57.392,-63.003,staircase2,no_load
16.289582,44.989,48.4717,49.5229,-1.0512,-41.023,-56.059,staircase2,no_load
16.300275,44.989,48.1201,48.7957,-0.6756,-32.881,-48.480,staircase2,no_load
16.31065,44.989,47.7686,48.3770,-0.6084,-33.88,-41.865,staircase2,no_load
16.321372,44.989,47.5928,48.0045,-0.4117,-16.396,-37.251,staircase2,no_load
16.332224,44.989,47.2412,47.6731,-0.4319,-32.4,-33.145,staircase2,no_load
16.342964,44.989,47.0654,47.3781,-0.3127,-16.369,-29.492,staircase2,no_load
16.35349,44.989,46.8018,47.1157,-0.3139,-25.043,-26.241,staircase2,no_load
16.364032,44.989,46.5381,46.8822,-0.3441,-25.014,-23.349,staircase2,no_load
16.374503,44.989,46.3623,46.6745,-0.3122,-16.789,-20.776,staircase2,no_load
16.385243,44.989,46.1865,46.4050,-0.2185,-16.369,-17.967,staircase2,no_load
16.395958,44.989,46.0986,46.2498,-0.1512,-8.203,-15.515,staircase2,no_load
16.406346,44.989,45.9229,46.1118,-0.1889,-16.914,-13.805,staircase2,no_load
16.416791,44.989,45.8350,45.9889,-0.1539,-8.416,-12.284,staircase2,no_load
16.427516,44.989,45.7471,45.8796,-0.1325,-8.196,-10.930,staircase2,no_load
16.438371,44.989,45.6592,45.7824,-0.1232,-8.098,-9.725,staircase2,no_load
16.448911,44.989,45.5713,45.6959,-0.1246,-8.34,-8.653,staircase2,no_load
16.459938,44.989,45.5713,45.6189,-0.0476,0.0,-7.699,staircase2,no_load
16.470137,44.989,45.5713,45.5190,0.0523,0.0,-6.658,staircase2,no_load
16.480932,44.989,45.4834,45.4615,0.0219,-8.143,-5.750,staircase2,no_load
16.491568,44.989,45.3955,45.4103,-0.0148,-8.264,-5.116,staircase2,no_load
16.502451,44.989,45.3955,45.3648,0.0307,0.0,-4.552,staircase2,no_load
16.513143,44.989,45.3955,45.3243,0.0712,0.0,-4.051,staircase2,no_load
16.523297,44.989,45.3955,45.2883,0.1072,0.0,-3.604,staircase2,no_load
16.533898,44.989,45.3955,45.2562,0.1393,0.0,-3.207,staircase2,no_load
16.544961,44.989,45.3955,45.2277,0.1678,0.0,-2.853,staircase2,no_load
16.556178,44.989,45.3076,45.1906,0.1170,-7.836,-2.468,staircase2,no_load
16.566873,44.989,45.2197,45.1693,0.0504,-8.219,-2.131,staircase2,no_load
16.577593,44.989,45.2197,45.1504,0.0693,0.0,-1.896,staircase2,no_load
16.588211,44.989,45.2197,45.1335,0.0862,0.0,-1.687,staircase2,no_load
16.598828,44.989,45.1318,45.1185,0.0133,-8.279,-1.501,staircase2,no_load
16.609477,44.989,45.1318,45.1051,0.0267,0.0,-1.336,staircase2,no_load
16.620154,44.989,45.1318,45.0878,0.0440,0.0,-1.155,staircase2,no_load
16.63032,44.989,45.1318,45.0778,0.0540,0.0,-0.997,staircase2,no_load
16.640527,44.989,45.1318,45.0690,0.0628,0.0,-0.888,staircase2,no_load
16.651157,44.989,45.1318,45.0611,0.0707,0.0,-0.790,staircase2,no_load
16.662127,44.989,45.1318,45.0540,0.0778,0.0,-0.703,staircase2,no_load
16.673447,44.989,45.1318,45.0478,0.0840,0.0,-0.625,staircase2,no_load
16.684122,44.989,45.1318,45.0422,0.0896,0.0,-0.556,staircase2,no_load
16.694825,44.989,45.1318,45.0373,0.0945,0.0,-0.495,staircase2,no_load
16.70547,44.989,45.1318,45.0308,0.1010,0.0,-0.430,staircase2,no_load
16.716081,44.989,45.1318,45.0271,0.1047,0.0,-0.375,staircase2,no_load
16.726639,44.989,45.1318,45.0237,0.1081,0.0,-0.337,staircase2,no_load
16.736998,44.989,45.1318,45.0207,0.1111,0.0,-0.304,staircase2,no_load
16.747914,44.989,45.1318,45.0179,0.1139,0.0,-0.274,staircase2,no_load
16.758666,44.989,45.1318,45.0154,0.1164,0.0,-0.248,staircase2,no_load
16.76965,44.989,45.1318,45.0132,0.1186,0.0,-0.225,staircase2,no_load
16.780321,44.989,45.1318,45.0102,0.1216,0.0,-0.199,staircase2,no_load
16.790709,44.989,45.1318,45.0085,0.1233,0.0,-0.176,staircase2,no_load
16.80147,44.989,45.1318,45.0068,0.1250,0.0,-0.161,staircase2,no_load
16.812148,44.989,45.1318,45.0054,0.1264,0.0,-0.146,staircase2,no_load
16.823053,44.989,45.1318,45.0041,0.1277,0.0,-0.133,staircase2,no_load
16.833982,44.989,45.1318,45.0028,0.1290,0.0,-0.121,staircase2,no_load
16.844437,44.989,45.1318,45.0017,0.1301,0.0,-0.111,staircase2,no_load
16.855036,44.989,45.1318,45.0002,0.1316,0.0,-0.099,staircase2,no_load
16.865787,44.989,45.1318,44.9994,0.1324,0.0,-0.088,staircase2,no_load
16.87609,44.989,45.1318,44.9986,0.1332,0.0,-0.081,staircase2,no_load
16.886525,44.989,45.1318,44.9978,0.1340,0.0,-0.074,staircase2,no_load
16.896867,44.989,45.1318,44.9971,0.1347,0.0,-0.067,staircase2,no_load
16.907496,44.989,45.1318,44.9965,0.1353,0.0,-0.062,staircase2,no_load
16.918076,44.989,45.1318,44.9960,0.1358,0.0,-0.056,staircase2,no_load
16.929162,44.989,45.1318,44.9954,0.1364,0.0,-0.052,staircase2,no_load
16.939858,44.989,45.1318,44.9950,0.1368,0.0,-0.047,staircase2,no_load
16.950756,44.989,45.1318,44.9943,0.1375,0.0,-0.042,staircase2,no_load
16.961738,44.989,45.1318,44.9940,0.1378,0.0,-0.038,staircase2,no_load
16.972746,44.989,45.1318,44.9936,0.1382,0.0,-0.035,staircase2,no_load
16.983273,44.989,45.1318,44.9933,0.1385,0.0,-0.032,staircase2,no_load
16.993901,44.989,45.1318,44.9930,0.1388,0.0,-0.029,staircase2,no_load
17.00485,44.989,45.1318,44.9927,0.1391,0.0,-0.027,staircase2,no_load
17.015049,44.989,45.1318,44.9924,0.1394,0.0,-0.024,staircase2,no_load
17.025476,44.989,45.1318,44.9922,0.1396,0.0,-0.021,staircase2,no_load
17.036683,44.989,45.1318,44.9920,0.1398,0.0,-0.019,staircase2,no_load
17.046912,44.989,45.1318,44.9918,0.1400,0.0,-0.018,staircase2,no_load
17.057048,44.989,45.1318,44.9916,0.1402,0.0,-0.016,staircase2,no_load
17.067553,44.989,45.1318,44.9915,0.1403,0.0,-0.015,staircase2,no_load
17.077968,44.989,45.1318,44.9913,0.1405,0.0,-0.014,staircase2,no_load
17.088269,44.989,45.1318,44.9912,0.1406,0.0,-0.013,staircase2,no_load
17.098587,44.989,45.1318,44.9911,0.1407,0.0,-0.011,staircase2,no_load
17.109109,44.989,45.1318,44.9910,0.1408,0.0,-0.011,staircase2,no_load
17.119767,44.989,45.1318,44.9909,0.1409,0.0,-0.010,staircase2,no_load
17.130652,44.989,45.1318,44.9908,0.1410,0.0,-0.009,staircase2,no_load
17.141079,44.989,45.1318,44.9907,0.1411,0.0,-0.008,staircase2,no_load
17.15168,44.989,45.1318,44.9906,0.1412,0.0,-0.007,staircase2,no_load
17.162131,44.989,45.1318,44.9906,0.1412,0.0,-0.006,staircase2,no_load
17.172739,44.989,45.1318,44.9905,0.1413,0.0,-0.006,staircase2,no_load
17.183391,44.989,45.1318,44.9905,0.1413,0.0,-0.005,staircase2,no_load
17.193816,44.989,45.1318,44.9904,0.1414,0.0,-0.005,staircase2,no_load
17.204733,44.989,45.1318,44.9904,0.1414,0.0,-0.005,staircase2,no_load
17.215405,44.989,45.1318,44.9903,0.1415,0.0,-0.004,staircase2,no_load
17.226164,44.989,45.1318,44.9903,0.1415,0.0,-0.004,staircase2,no_load
17.236599,44.989,45.1318,44.9902,0.1416,0.0,-0.003,staircase2,no_load
17.24695,44.989,45.1318,44.9902,0.1416,0.0,-0.003,staircase2,no_load
17.257353,44.989,45.1318,44.9902,0.1416,0.0,-0.003,staircase2,no_load
17.268055,44.989,45.1318,44.9901,0.1417,0.0,-0.003,staircase2,no_load
17.278649,44.989,45.1318,44.9901,0.1417,0.0,-0.002,staircase2,no_load
17.289324,44.989,45.1318,44.9901,0.1417,0.0,-0.002,staircase2,no_load
17.300253,44.989,45.1318,44.9901,0.1417,0.0,-0.002,staircase2,no_load
17.310538,44.989,45.1318,44.9900,0.1418,0.0,-0.002,staircase2,no_load
17.320859,44.989,45.1318,44.9900,0.1418,0.0,-0.002,staircase2,no_load
17.331526,44.989,45.1318,44.9900,0.1418,0.0,-0.001,staircase2,no_load
17.342469,44.989,45.1318,44.9900,0.1418,0.0,-0.001,staircase2,no_load
17.352988,44.989,45.1318,44.9900,0.1418,0.0,-0.001,staircase2,no_load
17.363396,44.989,45.1318,44.9900,0.1418,0.0,-0.001,staircase2,no_load
17.374445,44.989,45.1318,44.9900,0.1418,0.0,-0.001,staircase2,no_load
17.385025,44.989,45.1318,44.9900,0.1418,0.0,-0.001,staircase2,no_load
17.39615,44.989,45.1318,44.9899,0.1419,0.0,-0.001,staircase2,no_load
17.4066,44.989,45.1318,44.9899,0.1419,0.0,-0.001,staircase2,no_load
17.41731,44.989,45.1318,44.9899,0.1419,0.0,-0.001,staircase2,no_load
17.428004,44.989,45.1318,44.9899,0.1419,0.0,-0.001,staircase2,no_load
17.438243,44.989,45.1318,44.9899,0.1419,0.0,-0.001,staircase2,no_load
17.449202,44.989,45.1318,44.9899,0.1419,0.0,-0.001,staircase2,no_load
17.45968,44.989,45.1318,44.9899,0.1419,0.0,-0.000,staircase2,no_load
17.469946,44.989,45.1318,44.9899,0.1419,0.0,-0.000,staircase2,no_load
17.480361,44.989,45.1318,44.9899,0.1419,0.0,-0.000,staircase2,no_load
17.490721,44.989,45.1318,44.9899,0.1419,0.0,-0.000,staircase2,no_load
17.501426,44.989,45.1318,44.9899,0.1419,0.0,-0.000,staircase2,no_load
17.512032,44.989,45.1318,44.9899,0.1419,0.0,-0.000,staircase2,no_load
17.522231,44.989,45.1318,44.9899,0.1419,0.0,-0.000,staircase2,no_load
17.532664,44.989,45.1318,44.9899,0.1419,0.0,-0.000,staircase2,no_load
17.543359,44.989,45.1318,44.9899,0.1419,0.0,-0.000,staircase2,no_load
17.55457,44.989,45.1318,44.9899,0.1419,0.0,-0.000,staircase2,no_load
17.565227,44.989,45.1318,44.9899,0.1419,0.0,-0.000,staircase2,no_load
17.576253,44.989,45.1318,44.9899,0.1419,0.0,-0.000,staircase2,no_load
17.587304,44.989,45.1318,44.9899,0.1419,0.0,-0.000,staircase2,no_load
17.598069,44.989,45.1318,44.9899,0.1419,0.0,-0.000,staircase2,no_load
17.60911,44.989,45.1318,44.9899,0.1419,0.0,-0.000,staircase2,no_load
17.619626,44.989,45.1318,44.9899,0.1419,0.0,-0.000,staircase2,no_load
17.630488,44.989,45.1318,44.9899,0.1419,0.0,-0.000,staircase2,no_load
17.641207,44.989,45.1318,44.9899,0.1419,0.0,-0.000,staircase2,no_load
17.651919,44.989,45.1318,44.9899,0.1419,0.0,-0.000,staircase2,no_load
17.663403,22.4945,45.1318,44.9899,0.1419,0.0,-0.000,staircase2,no_load
17.67408,22.4945,45.1318,44.9899,0.1419,0.0,-0.000,staircase2,no_load
17.684833,22.4945,45.1318,44.9899,0.1419,0.0,-0.000,staircase2,no_load
17.695747,22.4945,45.1318,44.9899,0.1419,0.0,-0.000,staircase2,no_load
17.706443,22.4945,44.9561,44.9899,-0.0338,-16.427,-0.000,staircase2,no_load
17.717063,22.4945,44.6924,44.9899,-0.2975,-24.831,-0.000,staircase2,no_load
17.727428,22.4945,44.2529,44.9899,-0.7370,-42.402,-0.000,staircase2,no_load
17.737963,22.4945,43.6377,44.6042,-0.9665,-58.396,-38.571,staircase2,no_load
17.74822,22.4945,42.8467,43.7836,-0.9369,-77.118,-82.056,staircase2,no_load
17.758942,22.4945,41.8799,42.6081,-0.7282,-90.17,-117.549,staircase2,no_load
17.769656,22.4945,40.6494,41.1429,-0.4935,-114.85,-146.520,staircase2,no_load
17.779944,22.4945,39.4189,39.4413,-0.0224,-119.605,-170.165,staircase2,no_load
17.790212,22.4945,37.8369,36.9348,0.9021,-154.071,-167.098,staircase2,no_load
17.801244,22.4945,36.2549,35.3836,0.8713,-143.401,-155.118,staircase2,no_load
17.811931,22.4945,34.5850,34.1277,0.4573,-156.255,-125.590,staircase2,no_load
17.822322,22.4945,33.0908,33.0195,0.0713,-143.798,-110.822,staircase2,no_load
17.832993,22.4945,31.6846,31.8541,-0.1695,-131.778,-116.537,staircase2,no_load
17.843299,22.4945,30.4541,30.9131,-0.4590,-119.396,-94.097,staircase2,no_load
17.853967,22.4945,29.2236,30.1553,-0.9317,-115.345,-75.781,staircase2,no_load
17.864708,22.4945,28.1689,29.3164,-1.1475,-98.194,-83.890,staircase2,no_load
17.875346,22.4945,27.2900,28.2217,-0.9317,-82.619,-72.983,staircase2,no_load
17.885849,22.4945,26.7627,27.5914,-0.8287,-50.205,-63.032,staircase2,no_load
17.896454,22.4945,26.2354,27.0305,-0.7951,-49.722,-56.085,staircase2,no_load
17.906957,22.4945,25.7080,26.5315,-0.8235,-50.214,-49.903,staircase2,no_load
17.917932,22.4945,25.3564,26.0875,-0.7311,-32.036,-44.403,staircase2,no_load
17.928153,22.4945,25.0049,25.6924,-0.6875,-34.39,-39.509,staircase2,no_load
17.938655,22.4945,24.7412,25.3408,-0.5996,-25.11,-35.154,staircase2,no_load
17.949672,22.4945,24.4775,25.0280,-0.5505,-23.936,-31.280,staircase2,no_load
17.960183,22.4945,24.2139,24.6223,-0.4084,-25.078,-27.050,staircase2,no_load
17.970678,22.4945,24.0381,24.3887,-0.3506,-16.751,-23.360,staircase2,no_load
17.981707,22.4945,23.8623,24.1808,-0.3185,-15.94,-20.785,staircase2,no_load
17.992569,22.4945,23.6865,23.9959,-0.3094,-16.185,-18.494,staircase2,no_load
18.003869,22.4945,23.5986,23.8313,-0.2327,-7.779,-16.456,staircase2,no_load
18.014495,22.4945,23.4229,23.6849,-0.2620,-16.535,-14.642,staircase2,no_load
18.025123,22.4945,23.3350,23.4950,-0.1600,-8.271,-12.662,staircase2,no_load
18.03536,22.4945,23.2471,23.3856,-0.1385,-8.586,-10.935,staircase2,no_load
18.045617,22.4945,23.1592,23.2883,-0.1291,-8.57,-9.730,staircase2,no_load
18.055748,22.4945,23.1592,23.2018,-0.0426,0.0,-8.657,staircase2,no_load
18.066571,22.4945,23.0713,23.1247,-0.0534,-8.122,-7.703,staircase2,no_load
18.077574,22.4945,22.9834,23.0562,-0.0728,-7.989,-6.854,staircase2,no_load
18.088185,22.4945,22.8955,22.9952,-0.0997,-8.284,-6.099,staircase2,no_load
18.098605,22.4945,22.8955,22.9409,-0.0454,0.0,-5.426,staircase2,no_load
18.109225,22.4945,22.8076,22.8927,-0.0851,-8.277,-4.828,staircase2,no_load
18.119816,22.4945,22.8076,22.8497,-0.0421,0.0,-4.296,staircase2,no_load
18.130313,22.4945,22.8076,22.7940,0.0136,0.0,-3.715,staircase2,no_load
18.140954,22.4945,22.8076,22.7619,0.0457,0.0,-3.208,staircase2,no_load
18.151549,22.4945,22.8076,22.7333,0.0743,0.0,-2.855,staircase2,no_load
18.162638,22.4945,22.8076,22.7079,0.0997,0.0,-2.540,staircase2,no_load
18.173389,22.4945,22.8076,22.6853,0.1223,0.0,-2.260,staircase2,no_load
18.184062,22.4945,22.8076,22.6652,0.1424,0.0,-2.011,staircase2,no_load
18.194705,22.4945,22.8076,22.6473,0.1603,0.0,-1.789,staircase2,no_load
18.204991,22.4945,22.8076,22.6314,0.1762,0.0,-1.592,staircase2,no_load
18.215749,22.4945,22.8076,22.6108,0.1968,0.0,-1.377,staircase2,no_load
18.226878,22.4945,22.8076,22.5989,0.2087,0.0,-1.189,staircase2,no_load
18.23779,22.4945,22.8076,22.5883,0.2193,0.0,-1.058,staircase2,no_load
18.248527,22.4945,22.8076,22.5789,0.2287,0.0,-0.941,staircase2,no_load
18.259067,22.4945,22.8076,22.5705,0.2371,0.0,-0.838,staircase2,no_load
18.269679,22.4945,22.8076,22.5630,0.2446,0.0,-0.745,staircase2,no_load
18.280372,22.4945,22.8076,22.5534,0.2542,0.0,-0.645,staircase2,no_load
18.291048,22.4945,22.8076,22.5478,0.2598,0.0,-0.557,staircase2,no_load
18.301742,22.4945,22.8076,22.5429,0.2647,0.0,-0.495,staircase2,no_load
18.312906,22.4945,22.8076,22.5384,0.2692,0.0,-0.442,staircase2,no_load
18.323642,22.4945,22.8076,22.5345,0.2731,0.0,-0.396,staircase2,no_load
18.334442,22.4945,22.8076,22.5309,0.2767,0.0,-0.355,staircase2,no_load
18.345197,22.4945,22.8076,22.5262,0.2814,0.0,-0.312,staircase2,no_load
18.356361,22.4945,22.8076,22.5235,0.2841,0.0,-0.274,staircase2,no_load
18.36709,22.4945,22.8076,22.5210,0.2866,0.0,-0.248,staircase2,no_load
18.377429,22.4945,22.8076,22.5188,0.2888,0.0,-0.225,staircase2,no_load
18.388137,22.4945,22.8076,22.5167,0.2909,0.0,-0.204,staircase2,no_load
18.399291,22.4945,22.8076,22.5149,0.2927,0.0,-0.185,staircase2,no_load
18.410113,22.4945,22.8076,22.5124,0.2952,0.0,-0.164,staircase2,no_load
18.420878,22.4945,22.8076,22.5110,0.2966,0.0,-0.146,staircase2,no_load
18.431572,22.4945,22.8076,22.5096,0.2980,0.0,-0.133,staircase2,no_load
18.441861,22.4945,22.8076,22.5084,0.2992,0.0,-0.122,staircase2,no_load
18.452422,22.4945,22.8076,22.5073,0.3003,0.0,-0.111,staircase2,no_load
18.463135,22.4945,22.8076,22.5063,0.3013,0.0,-0.101,staircase2,no_load
18.473838,22.4945,22.8076,22.5054,0.3022,0.0,-0.092,staircase2,no_load
18.48471,22.4945,22.8076,22.5045,0.3031,0.0,-0.084,staircase2,no_load
18.495452,22.4945,22.8076,22.5034,0.3042,0.0,-0.075,staircase2,no_load
18.505918,22.4945,22.8076,22.5027,0.3049,0.0,-0.067,staircase2,no_load
18.516573,22.4945,22.8076,22.5021,0.3055,0.0,-0.062,staircase2,no_load
18.527299,22.4945,22.8076,22.5015,0.3061,0.0,-0.056,staircase2,no_load
18.537463,22.4945,22.8076,22.5010,0.3066,0.0,-0.052,staircase2,no_load
18.548654,22.4945,22.8076,22.5005,0.3071,0.0,-0.047,staircase2,no_load
18.559402,22.4945,22.8076,22.5001,0.3075,0.0,-0.043,staircase2,no_load
18.570096,22.4945,22.8076,22.4995,0.3081,0.0,-0.039,staircase2,no_load
18.580817,22.4945,22.8076,22.4992,0.3084,0.0,-0.035,staircase2,no_load
18.591478,22.4945,22.8076,22.4989,0.3087,0.0,-0.032,staircase2,no_load
18.60232,22.4945,22.8076,22.4986,0.3090,0.0,-0.029,staircase2,no_load
18.612977,22.4945,22.8076,22.4983,0.3093,0.0,-0.027,staircase2,no_load
18.623803,22.4945,22.8076,22.4981,0.3095,0.0,-0.024,staircase2,no_load
18.634499,22.4945,22.8076,22.4978,0.3098,0.0,-0.022,staircase2,no_load
18.645201,22.4945,22.8076,22.4975,0.3101,0.0,-0.020,staircase2,no_load
18.655635,22.4945,22.8076,22.4974,0.3102,0.0,-0.018,staircase2,no_load
18.666093,22.4945,22.8076,22.4972,0.3104,0.0,-0.016,staircase2,no_load
18.67685,22.4945,22.8076,22.4971,0.3105,0.0,-0.015,staircase2,no_load
18.687601,22.4945,22.8076,22.4969,0.3107,0.0,-0.014,staircase2,no_load
18.698308,22.4945,22.8076,22.4968,0.3108,0.0,-0.013,staircase2,no_load
18.709294,22.4945,22.8076,22.4967,0.3109,0.0,-0.011,staircase2,no_load
18.720093,22.4945,22.8076,22.4965,0.3111,0.0,-0.010,staircase2,no_load
18.730788,22.4945,22.8076,22.4964,0.3112,0.0,-0.009,staircase2,no_load
18.740964,22.4945,22.8076,22.4963,0.3113,0.0,-0.008,staircase2,no_load
18.751523,22.4945,22.8076,22.4963,0.3113,0.0,-0.008,staircase2,no_load
18.762224,22.4945,22.8076,22.4962,0.3114,0.0,-0.007,staircase2,no_load
18.772921,22.4945,22.8076,22.4961,0.3115,0.0,-0.006,staircase2,no_load
18.783623,22.4945,22.8076,22.4961,0.3115,0.0,-0.006,staircase2,no_load
18.794311,22.4945,22.8076,22.4960,0.3116,0.0,-0.005,staircase2,no_load
18.80502,22.4945,22.8076,22.4959,0.3117,0.0,-0.005,staircase2,no_load
18.815938,22.4945,22.8076,22.4959,0.3117,0.0,-0.004,staircase2,no_load
18.826657,22.4945,22.8076,22.4959,0.3117,0.0,-0.004,staircase2,no_load
18.837337,22.4945,22.8076,22.4958,0.3118,0.0,-0.004,staircase2,no_load
18.848168,22.4945,22.8076,22.4958,0.3118,0.0,-0.003,staircase2,no_load
18.85847,22.4945,22.8076,22.4958,0.3118,0.0,-0.003,staircase2,no_load
18.868702,22.4945,22.8076,22.4957,0.3119,0.0,-0.003,staircase2,no_load
18.879497,22.4945,22.8076,22.4957,0.3119,0.0,-0.003,staircase2,no_load
18.889796,22.4945,22.8076,22.4957,0.3119,0.0,-0.002,staircase2,no_load
18.900786,22.4945,22.8076,22.4957,0.3119,0.0,-0.002,staircase2,no_load
18.911534,22.4945,22.8076,22.4956,0.3120,0.0,-0.002,staircase2,no_load
18.921817,22.4945,22.8076,22.4956,0.3120,0.0,-0.002,staircase2,no_load
18.932579,22.4945,22.8076,22.4956,0.3120,0.0,-0.002,staircase2,no_load
18.943625,22.4945,22.8076,22.4956,0.3120,0.0,-0.001,staircase2,no_load
18.954182,22.4945,22.8076,22.4956,0.3120,0.0,-0.001,staircase2,no_load
18.964582,22.4945,22.8076,22.4956,0.3120,0.0,-0.001,staircase2,no_load
18.975581,22.4945,22.8076,22.4955,0.3121,0.0,-0.001,staircase2,no_load
18.985678,22.4945,22.8076,22.4955,0.3121,0.0,-0.001,staircase2,no_load
18.995956,22.4945,22.8076,22.4955,0.3121,0.0,-0.001,staircase2,no_load
19.006961,22.4945,22.8076,22.4955,0.3121,0.0,-0.001,staircase2,no_load
19.017243,22.4945,22.8076,22.4955,0.3121,0.0,-0.001,staircase2,no_load
19.027614,22.4945,22.8076,22.4955,0.3121,0.0,-0.001,staircase2,no_load
19.037917,22.4945,22.8076,22.4955,0.3121,0.0,-0.001,staircase2,no_load
19.048835,22.4945,22.8076,22.4955,0.3121,0.0,-0.001,staircase2,no_load
19.059078,22.4945,22.8076,22.4955,0.3121,0.0,-0.001,staircase2,no_load
19.069375,22.4945,22.8076,22.4955,0.3121,0.0,-0.000,staircase2,no_load
19.079666,22.4945,22.8076,22.4955,0.3121,0.0,-0.000,staircase2,no_load
19.090658,22.4945,22.8076,22.4955,0.3121,0.0,-0.000,staircase2,no_load
19.100954,22.4945,22.8076,22.4955,0.3121,0.0,-0.000,staircase2,no_load
19.111094,22.4945,22.8076,22.4955,0.3121,0.0,-0.000,staircase2,no_load
19.121863,22.4945,22.8076,22.4955,0.3121,0.0,-0.000,staircase2,no_load
19.132563,22.4945,22.8076,22.4955,0.3121,0.0,-0.000,staircase2,no_load
19.143086,22.4945,22.8076,22.4955,0.3121,0.0,-0.000,staircase2,no_load
19.1536,22.4945,22.8076,22.4955,0.3121,0.0,-0.000,staircase2,no_load
19.164236,22.4945,22.8076,22.4954,0.3122,0.0,-0.000,staircase2,no_load
19.175245,22.4945,22.8076,22.4954,0.3122,0.0,-0.000,staircase2,no_load
19.18589,22.4945,22.8076,22.4954,0.3122,0.0,-0.000,staircase2,no_load
19.196668,22.4945,22.8076,22.4954,0.3122,0.0,-0.000,staircase2,no_load
19.207205,22.4945,22.8076,22.4954,0.3122,0.0,-0.000,staircase2,no_load
19.217594,22.4945,22.8076,22.4954,0.3122,0.0,-0.000,staircase2,no_load
19.228149,22.4945,22.8076,22.4954,0.3122,0.0,-0.000,staircase2,no_load
19.238787,22.4945,22.8076,22.4954,0.3122,0.0,-0.000,staircase2,no_load
19.24952,22.4945,22.8076,22.4954,0.3122,0.0,-0.000,staircase2,no_load
19.260227,22.4945,22.8076,22.4954,0.3122,0.0,-0.000,staircase2,no_load
19.271963,0.0,22.8076,22.4954,0.3122,0.0,-0.000,staircase2,no_load
19.282901,0.0,22.8076,22.4954,0.3122,0.0,-0.000,staircase2,no_load
19.293401,0.0,22.8076,22.4954,0.3122,0.0,-0.000,staircase2,no_load
19.304123,0.0,22.8076,22.4954,0.3122,0.0,-0.000,staircase2,no_load
19.314793,0.0,22.6318,22.4954,0.1364,-16.476,-0.000,staircase2,no_load
19.325033,0.0,22.3682,22.4954,-0.1272,-25.742,-0.000,staircase2,no_load
19.336101,0.0,21.8408,22.4954,-0.6546,-47.651,-0.000,staircase2,no_load
19.346813,0.0,21.2256,22.1098,-0.8842,-57.431,-38.565,staircase2,no_load
19.357156,0.0,20.3467,21.2893,-0.9426,-84.975,-82.043,staircase2,no_load
19.367843,0.0,19.4678,20.1140,-0.6462,-82.24,-117.532,staircase2,no_load
19.378572,0.0,18.2373,18.6490,-0.4117,-114.689,-146.499,staircase2,no_load
19.389142,0.0,16.8311,16.9476,-0.1165,-133.037,-170.144,staircase2,no_load
19.399769,0.0,15.2490,15.1190,0.1300,-148.876,-182.865,staircase2,no_load
19.410433,0.0,13.7549,12.8900,0.8649,-140.107,-148.598,staircase2,no_load
19.42127,0.0,12.1729,11.6341,0.5388,-145.981,-125.591,staircase2,no_load
19.431978,0.0,10.6787,10.5258,0.1529,-139.541,-110.831,staircase2,no_load
19.442637,0.0,9.1846,9.3603,-0.1757,-140.173,-116.545,staircase2,no_load
19.45323,0.0,7.7783,8.4193,-0.6410,-132.757,-94.106,staircase2,no_load
19.464195,0.0,6.5479,7.6614,-1.1135,-112.212,-75.790,staircase2,no_load
19.474454,0.0,5.4932,6.8224,-1.3292,-102.807,-83.896,staircase2,no_load
19.48536,0.0,4.7900,5.7276,-0.9376,-64.478,-72.988,staircase2,no_load
19.496093,0.0,4.2627,5.0972,-0.8345,-49.129,-63.036,staircase2,no_load
19.506388,0.0,3.7354,4.5363,-0.8009,-51.219,-56.089,staircase2,no_load
19.517049,0.0,3.2959,4.0372,-0.7413,-41.225,-49.907,staircase2,no_load
19.527724,0.0,2.9443,3.5932,-0.6489,-32.937,-44.406,staircase2,no_load
19.538355,0.0,2.5928,3.1981,-0.6053,-33.064,-39.512,staircase2,no_load
19.549425,0.0,2.2412,2.8465,-0.6053,-31.762,-35.157,staircase2,no_load
19.559781,0.0,2.0654,2.5337,-0.4683,-16.976,-31.282,staircase2,no_load
19.570842,0.0,1.8018,2.1279,-0.3261,-23.831,-27.052,staircase2,no_load
19.58157,0.0,1.6260,1.8943,-0.2683,-16.387,-23.362,staircase2,no_load
19.592243,0.0,1.4502,1.6864,-0.2362,-16.471,-20.787,staircase2,no_load
19.602956,0.0,1.2744,1.5014,-0.2270,-16.41,-18.496,staircase2,no_load
19.613665,0.0,1.0986,1.3369,-0.2383,-16.416,-16.457,staircase2,no_load
19.624522,0.0,1.0107,1.1904,-0.1797,-8.096,-14.643,staircase2,no_load
19.635179,0.0,0.9229,1.0005,-0.0776,-8.239,-12.663,staircase2,no_load
19.645781,0.0,0.8350,0.8911,-0.0561,-8.291,-10.936,staircase2,no_load
19.65606,0.0,0.7471,0.7938,-0.0467,-8.551,-9.730,staircase2,no_load
19.666809,0.0,0.6592,0.7073,-0.0481,-8.178,-8.658,staircase2,no_load
19.6775,0.0,0.5713,0.6302,-0.0589,-8.222,-7.704,staircase2,no_load
19.6879,0.0,0.5713,0.5617,0.0096,0.0,-6.855,staircase2,no_load
19.699238,0.0,0.5713,0.5007,0.0706,0.0,-6.099,staircase2,no_load
19.709969,0.0,0.5713,0.4464,0.1249,0.0,-5.427,staircase2,no_load
19.720576,0.0,0.5713,0.3760,0.1953,0.0,-4.693,staircase2,no_load
19.731922,0.0,0.4834,0.3355,0.1479,-7.747,-4.053,staircase2,no_load
19.742463,0.0,0.3955,0.2994,0.0961,-8.339,-3.606,staircase2,no_load
19.753049,0.0,0.3955,0.2673,0.1282,0.0,-3.209,staircase2,no_load
19.763931,0.0,0.3955,0.2388,0.1567,0.0,-2.855,staircase2,no_load
19.774638,0.0,0.3955,0.2134,0.1821,0.0,-2.540,staircase2,no_load
19.785271,0.0,0.3955,0.1804,0.2151,0.0,-2.197,staircase2,no_load
19.795936,0.0,0.3955,0.1615,0.2340,0.0,-1.897,staircase2,no_load
19.806691,0.0,0.3955,0.1446,0.2509,0.0,-1.688,staircase2,no_load
19.817434,0.0,0.3955,0.1296,0.2659,0.0,-1.502,staircase2,no_load
19.828143,0.0,0.3955,0.1162,0.2793,0.0,-1.336,staircase2,no_load
19.839191,0.0,0.3955,0.1043,0.2912,0.0,-1.189,staircase2,no_load
19.849843,0.0,0.3955,0.0937,0.3018,0.0,-1.058,staircase2,no_load
19.860296,0.0,0.3955,0.0800,0.3155,0.0,-0.915,staircase2,no_load
19.870741,0.0,0.3955,0.0721,0.3234,0.0,-0.790,staircase2,no_load
19.881157,0.0,0.3955,0.0651,0.3304,0.0,-0.703,staircase2,no_load
19.891794,0.0,0.3955,0.0588,0.3367,0.0,-0.626,staircase2,no_load
19.901967,0.0,0.3955,0.0532,0.3423,0.0,-0.557,staircase2,no_load
19.912129,0.0,0.3955,0.0483,0.3472,0.0,-0.495,staircase2,no_load
19.922645,0.0,0.3955,0.0439,0.3516,0.0,-0.442,staircase2,no_load
19.933169,0.0,0.3955,0.0399,0.3556,0.0,-0.396,staircase2,no_load
19.943686,0.0,0.3955,0.0363,0.3592,0.0,-0.355,staircase2,no_load
19.954483,0.0,0.3955,0.0331,0.3624,0.0,-0.320,staircase2,no_load
19.96493,0.0,0.3955,0.0303,0.3652,0.0,-0.288,staircase2,no_load
19.975191,0.0,0.3955,0.0264,0.3691,0.0,-0.254,staircase2,no_load
19.98619,0.0,0.3955,0.0242,0.3713,0.0,-0.225,staircase2,no_load
19.997121,0.0,0.3955,0.0222,0.3733,0.0,-0.204,staircase2,no_load
20.007836,0.0,0.3955,0.0203,0.3752,0.0,-0.185,staircase2,no_load
20.018194,0.0,0.3955,0.0186,0.3769,0.0,-0.168,staircase2,no_load
20.028418,0.0,0.3955,0.0171,0.3784,0.0,-0.153,staircase2,no_load
20.038689,0.0,0.3955,0.0157,0.3798,0.0,-0.140,staircase2,no_load
20.049737,0.0,0.3955,0.0144,0.3811,0.0,-0.127,staircase2,no_load
20.060525,0.0,0.3955,0.0127,0.3828,0.0,-0.113,staircase2,no_load
20.070855,0.0,0.3955,0.0117,0.3838,0.0,-0.101,staircase2,no_load
20.081016,0.0,0.3955,0.0108,0.3847,0.0,-0.092,staircase2,no_load
20.092097,0.0,0.3955,0.0099,0.3856,0.0,-0.084,staircase2,no_load
20.102375,0.0,0.3955,0.0092,0.3863,0.0,-0.077,staircase2,no_load
20.113018,0.0,0.3955,0.0085,0.3870,0.0,-0.071,staircase2,no_load
20.123361,0.0,0.3955,0.0078,0.3877,0.0,-0.065,staircase2,no_load
20.133587,0.0,0.3955,0.0072,0.3883,0.0,-0.059,staircase2,no_load
20.144218,0.0,0.3955,0.0067,0.3888,0.0,-0.054,staircase2,no_load
20.154864,0.0,0.3955,0.0062,0.3893,0.0,-0.049,staircase2,no_load
20.165157,0.0,0.3955,0.0055,0.3900,0.0,-0.044,staircase2,no_load
20.175763,0.0,0.3955,0.0051,0.3904,0.0,-0.040,staircase2,no_load
20.186393,0.0,0.3955,0.0048,0.3907,0.0,-0.036,staircase2,no_load
20.197303,0.0,0.3955,0.0044,0.3911,0.0,-0.033,staircase2,no_load
20.207933,0.0,0.3955,0.0041,0.3914,0.0,-0.030,staircase2,no_load
20.218426,0.0,0.3955,0.0039,0.3916,0.0,-0.028,staircase2,no_load
20.229502,0.0,0.3955,0.0036,0.3919,0.0,-0.025,staircase2,no_load
20.239996,0.0,0.3955,0.0034,0.3921,0.0,-0.023,staircase2,no_load
20.250545,0.0,0.3955,0.0031,0.3924,0.0,-0.021,staircase2,no_load
20.261455,0.0,0.3955,0.0029,0.3926,0.0,-0.019,staircase2,no_load
20.272162,0.0,0.3955,0.0027,0.3928,0.0,-0.017,staircase2,no_load
20.282797,0.0,0.3955,0.0026,0.3929,0.0,-0.016,staircase2,no_load
20.293866,0.0,0.3955,0.0024,0.3931,0.0,-0.014,staircase2,no_load
20.304593,0.0,0.3955,0.0023,0.3932,0.0,-0.013,staircase2,no_load
20.315398,0.0,0.3955,0.0021,0.3934,0.0,-0.012,staircase2,no_load
20.326383,0.0,0.3955,0.0020,0.3935,0.0,-0.011,staircase2,no_load
20.337002,0.0,0.3955,0.0019,0.3936,0.0,-0.010,staircase2,no_load
20.347617,0.0,0.3955,0.0018,0.3937,0.0,-0.009,staircase2,no_load
20.358576,0.0,0.3955,0.0017,0.3938,0.0,-0.008,staircase2,no_load
20.369123,0.0,0.3955,0.0017,0.3938,0.0,-0.007,staircase2,no_load
20.379856,0.0,0.3955,0.0016,0.3939,0.0,-0.007,staircase2,no_load
20.390437,0.0,0.3955,0.0015,0.3940,0.0,-0.006,staircase2,no_load
20.401169,0.0,0.3955,0.0014,0.3941,0.0,-0.005,staircase2,no_load
20.411776,0.0,0.3955,0.0014,0.3941,0.0,-0.005,staircase2,no_load
20.422373,0.0,0.3955,0.0013,0.3942,0.0,-0.005,staircase2,no_load
20.432964,0.0,0.3955,0.0013,0.3942,0.0,-0.004,staircase2,no_load
20.443605,0.0,0.3955,0.0013,0.3942,0.0,-0.004,staircase2,no_load
20.454283,0.0,0.3955,0.0012,0.3943,0.0,-0.004,staircase2,no_load
20.464549,0.0,0.3955,0.0012,0.3943,0.0,-0.003,staircase2,no_load
20.475198,0.0,0.3955,0.0012,0.3943,0.0,-0.003,staircase2,no_load
20.485784,0.0,0.3955,0.0011,0.3944,0.0,-0.003,staircase2,no_load
20.496368,0.0,0.3955,0.0011,0.3944,0.0,-0.002,staircase2,no_load
20.507064,0.0,0.3955,0.0011,0.3944,0.0,-0.002,staircase2,no_load
20.517334,0.0,0.3955,0.0011,0.3944,0.0,-0.002,staircase2,no_load
20.528325,0.0,0.3955,0.0010,0.3945,0.0,-0.002,staircase2,no_load
20.539135,0.0,0.3955,0.0010,0.3945,0.0,-0.002,staircase2,no_load
20.549767,0.0,0.3955,0.0010,0.3945,0.0,-0.002,staircase2,no_load
20.560443,0.0,0.3955,0.0010,0.3945,0.0,-0.001,staircase2,no_load
20.570946,0.0,0.3955,0.0010,0.3945,0.0,-0.001,staircase2,no_load
20.582018,0.0,0.3955,0.0010,0.3945,0.0,-0.001,staircase2,no_load
20.592591,0.0,0.3955,0.0010,0.3945,0.0,-0.001,staircase2,no_load
20.603733,0.0,0.3955,0.0010,0.3945,0.0,-0.001,staircase2,no_load
20.614393,0.0,0.3955,0.0009,0.3946,0.0,-0.001,staircase2,no_load
20.625072,0.0,0.3955,0.0009,0.3946,0.0,-0.001,staircase2,no_load
20.635643,0.0,0.3955,0.0009,0.3946,0.0,-0.001,staircase2,no_load
20.646324,0.0,0.3955,0.0009,0.3946,0.0,-0.001,staircase2,no_load
20.65705,0.0,0.3955,0.0009,0.3946,0.0,-0.001,staircase2,no_load
20.667342,0.0,0.3955,0.0009,0.3946,0.0,-0.001,staircase2,no_load
20.678021,0.0,0.3955,0.0009,0.3946,0.0,-0.000,staircase2,no_load
20.688698,0.0,0.3955,0.0009,0.3946,0.0,-0.000,staircase2,no_load
20.699103,0.0,0.3955,0.0009,0.3946,0.0,-0.000,staircase2,no_load
20.709753,0.0,0.3955,0.0009,0.3946,0.0,-0.000,staircase2,no_load
20.720104,0.0,0.3955,0.0009,0.3946,0.0,-0.000,staircase2,no_load
20.730497,0.0,0.3955,0.0009,0.3946,0.0,-0.000,staircase2,no_load
20.740971,0.0,0.3955,0.0009,0.3946,0.0,-0.000,staircase2,no_load
20.751323,0.0,0.3955,0.0009,0.3946,0.0,-0.000,staircase2,no_load
20.761875,0.0,0.3955,0.0009,0.3946,0.0,-0.000,staircase2,no_load
20.772779,0.0,0.3955,0.0009,0.3946,0.0,-0.000,staircase2,no_load
20.783427,0.0,0.3955,0.0009,0.3946,0.0,-0.000,staircase2,no_load
20.793655,0.0,0.3955,0.0009,0.3946,0.0,-0.000,staircase2,no_load
20.803962,0.0,0.3955,0.0009,0.3946,0.0,-0.000,staircase2,no_load
20.814109,0.0,0.3955,0.0009,0.3946,0.0,-0.000,staircase2,no_load
20.825068,0.0,0.3955,0.0009,0.3946,0.0,-0.000,staircase2,no_load
20.835384,0.0,0.3955,0.0009,0.3946,0.0,-0.000,staircase2,no_load
20.84597,0.0,0.3955,0.0009,0.3946,0.0,-0.000,staircase2,no_load
20.857006,0.0,0.3955,0.0009,0.3946,0.0,-0.000,staircase2,no_load
20.867705,0.0,0.3955,0.0009,0.3946,0.0,-0.000,staircase2,no_load
20.879276,-22.4945,0.3955,0.0009,0.3946,0.0,-0.000,staircase2,no_load
20.890382,-22.4945,0.3955,0.0009,0.3946,0.0,-0.000,staircase2,no_load
20.901309,-22.4945,0.3955,0.0009,0.3946,0.0,-0.000,staircase2,no_load
20.91229,-22.4945,0.3076,0.0009,0.3067,-8.005,-0.000,staircase2,no_load
20.922772,-22.4945,0.1318,0.0009,0.1309,-16.772,-0.000,staircase2,no_load
20.933272,-22.4945,-0.2197,0.0009,-0.2206,-33.476,-0.000,staircase2,no_load
20.943812,-22.4945,-0.7471,0.0009,-0.7480,-50.038,-0.000,staircase2,no_load
20.954812,-22.4945,-1.3623,-0.3849,-0.9774,-55.927,-38.572,staircase2,no_load
20.965525,-22.4945,-2.1533,-1.7532,-0.4001,-73.836,-91.225,staircase2,no_load
20.976581,-22.4945,-3.1201,-3.0810,-0.0391,-87.446,-132.776,staircase2,no_load
20.987607,-22.4945,-4.4385,-4.6705,0.2320,-119.572,-158.954,staircase2,no_load
20.998059,-22.4945,-5.7568,-6.4738,0.7170,-126.129,-180.323,staircase2,no_load
21.008626,-22.4945,-7.3389,-8.0547,0.7158,-149.721,-158.091,staircase2,no_load
21.018835,-22.4945,-8.9209,-9.6060,0.6851,-154.961,-155.134,staircase2,no_load
21.029038,-22.4945,-10.3271,-10.8622,0.5351,-137.822,-125.618,staircase2,no_load
21.039622,-22.4945,-11.9092,-11.9704,0.0612,-149.48,-110.824,staircase2,no_load
21.050205,-22.4945,-13.4033,-13.5608,0.1575,-141.179,-106.021,staircase2,no_load
21.060776,-22.4945,-14.5459,-14.4060,-0.1399,-108.088,-84.520,staircase2,no_load
21.071067,-22.4945,-15.7764,-15.2655,-0.5109,-119.57,-85.955,staircase2,no_load
21.081614,-22.4945,-16.9189,-16.0607,-0.8582,-108.325,-79.522,staircase2,no_load
21.092258,-22.4945,-17.6221,-16.7689,-0.8532,-66.065,-70.821,staircase2,no_load
21.102881,-22.4945,-18.3252,-17.3991,-0.9261,-66.187,-63.016,staircase2,no_load
21.113509,-22.4945,-18.7646,-17.9598,-0.8048,-41.344,-56.071,staircase2,no_load
21.123882,-22.4945,-19.2041,-18.4587,-0.7454,-42.37,-49.891,staircase2,no_load
21.134404,-22.4945,-19.5557,-18.9026,-0.6531,-33.416,-44.392,staircase2,no_load
21.145039,-22.4945,-19.9072,-19.4785,-0.4287,-33.051,-38.390,staircase2,no_load
21.15559,-22.4945,-20.1709,-19.8100,-0.3609,-24.993,-33.152,staircase2,no_load
21.166394,-22.4945,-20.4346,-20.1050,-0.3296,-24.408,-29.498,staircase2,no_load
21.17702,-22.4945,-20.6982,-20.3675,-0.3307,-24.807,-26.247,staircase2,no_load
21.187261,-22.4945,-20.8740,-20.6010,-0.2730,-17.166,-23.354,staircase2,no_load
21.197371,-22.4945,-21.0498,-20.8088,-0.2410,-17.389,-20.780,staircase2,no_load
21.207948,-22.4945,-21.2256,-20.9937,-0.2319,-16.621,-18.490,staircase2,no_load
21.21845,-22.4945,-21.3135,-21.1582,-0.1553,-8.37,-16.452,staircase2,no_load
21.22868,-22.4945,-21.4893,-21.3046,-0.1847,-17.185,-14.639,staircase2,no_load
21.239617,-22.4945,-21.5771,-21.4349,-0.1422,-8.028,-13.025,staircase2,no_load
21.249902,-22.4945,-21.6650,-21.5508,-0.1142,-8.546,-11.590,staircase2,no_load
21.260278,-22.4945,-21.7529,-21.7011,-0.0518,-8.471,-10.023,staircase2,no_load
21.271032,-22.4945,-21.8408,-21.7877,-0.0531,-8.174,-8.655,staircase2,no_load
21.281607,-22.4945,-21.8408,-21.8647,0.0239,0.0,-7.701,staircase2,no_load
21.293283,-22.4945,-21.9287,-21.9332,0.0045,-7.528,-6.853,staircase2,no_load
21.303893,-22.4945,-21.9287,-21.9942,0.0655,0.0,-6.097,staircase2,no_load
21.314951,-22.4945,-22.0166,-22.0484,0.0318,-7.949,-5.425,staircase2,no_load
21.325569,-22.4945,-22.1045,-22.1188,0.0143,-8.278,-4.692,staircase2,no_load
21.33594,-22.4945,-22.1924,-22.1593,-0.0331,-8.476,-4.052,staircase2,no_load
21.346656,-22.4945,-22.1924,-22.1954,0.0030,0.0,-3.605,staircase2,no_load
21.357143,-22.4945,-22.1924,-22.2274,0.0350,0.0,-3.208,staircase2,no_load
21.367627,-22.4945,-22.1924,-22.2560,0.0636,0.0,-2.854,staircase2,no_load
21.377892,-22.4945,-22.1924,-22.2814,0.0890,0.0,-2.540,staircase2,no_load
21.389139,-22.4945,-22.1924,-22.3040,0.1116,0.0,-2.260,staircase2,no_load
21.400324,-22.4945,-22.1924,-22.3333,0.1409,0.0,-1.954,staircase2,no_load
21.410988,-22.4945,-22.1924,-22.3502,0.1578,0.0,-1.688,staircase2,no_load
21.421699,-22.4945,-22.1924,-22.3652,0.1728,0.0,-1.502,staircase2,no_load
21.432475,-22.4945,-22.1924,-22.3785,0.1861,0.0,-1.336,staircase2,no_load
21.443141,-22.4945,-22.1924,-22.3904,0.1980,0.0,-1.189,staircase2,no_load
21.453856,-22.4945,-22.1924,-22.4010,0.2086,0.0,-1.058,staircase2,no_load
21.464455,-22.4945,-22.1924,-22.4104,0.2180,0.0,-0.941,staircase2,no_load
21.475086,-22.4945,-22.1924,-22.4226,0.2302,0.0,-0.814,staircase2,no_load
21.485928,-22.4945,-22.1924,-22.4297,0.2373,0.0,-0.703,staircase2,no_load
21.496129,-22.4945,-22.1924,-22.4359,0.2435,0.0,-0.625,staircase2,no_load
21.506813,-22.4945,-22.1924,-22.4415,0.2491,0.0,-0.556,staircase2,no_load
21.517526,-22.4945,-22.1924,-22.4464,0.2540,0.0,-0.495,staircase2,no_load
21.527957,-22.4945,-22.1924,-22.4509,0.2585,0.0,-0.442,staircase2,no_load
21.538356,-22.4945,-22.1924,-22.4548,0.2624,0.0,-0.396,staircase2,no_load
21.549224,-22.4945,-22.1924,-22.4584,0.2660,0.0,-0.355,staircase2,no_load
21.559423,-22.4945,-22.1924,-22.4616,0.2692,0.0,-0.320,staircase2,no_load
21.569888,-22.4945,-22.1924,-22.4644,0.2720,0.0,-0.288,staircase2,no_load
21.580226,-22.4945,-22.1924,-22.4683,0.2759,0.0,-0.254,staircase2,no_load
21.591296,-22.4945,-22.1924,-22.4705,0.2781,0.0,-0.225,staircase2,no_load
21.60197,-22.4945,-22.1924,-22.4725,0.2801,0.0,-0.204,staircase2,no_load
21.612683,-22.4945,-22.1924,-22.4744,0.2820,0.0,-0.185,staircase2,no_load
21.623512,-22.4945,-22.1924,-22.4761,0.2837,0.0,-0.168,staircase2,no_load
21.63425,-22.4945,-22.1924,-22.4776,0.2852,0.0,-0.153,staircase2,no_load
21.645026,-22.4945,-22.1924,-22.4797,0.2873,0.0,-0.136,staircase2,no_load
21.655837,-22.4945,-22.1924,-22.4809,0.2885,0.0,-0.121,staircase2,no_load
21.666511,-22.4945,-22.1924,-22.4820,0.2896,0.0,-0.111,staircase2,no_load
21.677139,-22.4945,-22.1924,-22.4830,0.2906,0.0,-0.101,staircase2,no_load
21.687803,-22.4945,-22.1924,-22.4839,0.2915,0.0,-0.092,staircase2,no_load
21.698523,-22.4945,-22.1924,-22.4848,0.2924,0.0,-0.084,staircase2,no_load
21.709156,-22.4945,-22.1924,-22.4855,0.2931,0.0,-0.077,staircase2,no_load
21.719722,-22.4945,-22.1924,-22.4862,0.2938,0.0,-0.071,staircase2,no_load
21.730026,-22.4945,-22.1924,-22.4872,0.2948,0.0,-0.063,staircase2,no_load
21.74104,-22.4945,-22.1924,-22.4878,0.2954,0.0,-0.056,staircase2,no_load
21.751674,-22.4945,-22.1924,-22.4883,0.2959,0.0,-0.052,staircase2,no_load
21.762323,-22.4945,-22.1924,-22.4887,0.2963,0.0,-0.047,staircase2,no_load
21.772952,-22.4945,-22.1924,-22.4892,0.2968,0.0,-0.043,staircase2,no_load
21.783637,-22.4945,-22.1924,-22.4896,0.2972,0.0,-0.040,staircase2,no_load
21.794311,-22.4945,-22.1924,-22.4899,0.2975,0.0,-0.036,staircase2,no_load
21.804505,-22.4945,-22.1924,-22.4903,0.2979,0.0,-0.033,staircase2,no_load
21.815179,-22.4945,-22.1924,-22.4907,0.2983,0.0,-0.030,staircase2,no_load
21.825855,-22.4945,-22.1924,-22.4910,0.2986,0.0,-0.027,staircase2,no_load
21.836003,-22.4945,-22.1924,-22.4912,0.2988,0.0,-0.024,staircase2,no_load
21.8466,-22.4945,-22.1924,-22.4914,0.2990,0.0,-0.022,staircase2,no_load
21.857582,-22.4945,-22.1924,-22.4916,0.2992,0.0,-0.020,staircase2,no_load
21.868367,-22.4945,-22.1924,-22.4918,0.2994,0.0,-0.019,staircase2,no_load
21.878565,-22.4945,-22.1924,-22.4920,0.2996,0.0,-0.017,staircase2,no_load
21.889283,-22.4945,-22.1924,-22.4922,0.2998,0.0,-0.016,staircase2,no_load
21.900373,-22.4945,-22.1924,-22.4924,0.3000,0.0,-0.014,staircase2,no_load
21.910596,-22.4945,-22.1924,-22.4925,0.3001,0.0,-0.013,staircase2,no_load
21.921483,-22.4945,-22.1924,-22.4926,0.3002,0.0,-0.011,staircase2,no_load
21.932396,-22.4945,-22.1924,-22.4927,0.3003,0.0,-0.011,staircase2,no_load
21.942623,-22.4945,-22.1924,-22.4928,0.3004,0.0,-0.010,staircase2,no_load
21.95361,-22.4945,-22.1924,-22.4929,0.3005,0.0,-0.009,staircase2,no_load
21.963931,-22.4945,-22.1924,-22.4930,0.3006,0.0,-0.008,staircase2,no_load
21.974167,-22.4945,-22.1924,-22.4930,0.3006,0.0,-0.007,staircase2,no_load
21.984306,-22.4945,-22.1924,-22.4931,0.3007,0.0,-0.007,staircase2,no_load
21.994757,-22.4945,-22.1924,-22.4932,0.3008,0.0,-0.006,staircase2,no_load
22.005382,-22.4945,-22.1924,-22.4933,0.3009,0.0,-0.006,staircase2,no_load
22.016038,-22.4945,-22.1924,-22.4933,0.3009,0.0,-0.005,staircase2,no_load
22.026487,-22.4945,-22.1924,-22.4934,0.3010,0.0,-0.005,staircase2,no_load
22.036795,-22.4945,-22.1924,-22.4934,0.3010,0.0,-0.004,staircase2,no_load
22.047073,-22.4945,-22.1924,-22.4934,0.3010,0.0,-0.004,staircase2,no_load
22.057578,-22.4945,-22.1924,-22.4935,0.3011,0.0,-0.004,staircase2,no_load
22.067803,-22.4945,-22.1924,-22.4935,0.3011,0.0,-0.003,staircase2,no_load
22.078028,-22.4945,-22.1924,-22.4935,0.3011,0.0,-0.003,staircase2,no_load
22.088625,-22.4945,-22.1924,-22.4936,0.3012,0.0,-0.003,staircase2,no_load
22.09886,-22.4945,-22.1924,-22.4936,0.3012,0.0,-0.002,staircase2,no_load
22.10951,-22.4945,-22.1924,-22.4936,0.3012,0.0,-0.002,staircase2,no_load
22.12034,-22.4945,-22.1924,-22.4936,0.3012,0.0,-0.002,staircase2,no_load
22.130953,-22.4945,-22.1924,-22.4937,0.3013,0.0,-0.002,staircase2,no_load
22.141619,-22.4945,-22.1924,-22.4937,0.3013,0.0,-0.002,staircase2,no_load
22.15228,-22.4945,-22.1924,-22.4937,0.3013,0.0,-0.002,staircase2,no_load
22.162979,-22.4945,-22.1924,-22.4937,0.3013,0.0,-0.001,staircase2,no_load
22.173636,-22.4945,-22.1924,-22.4937,0.3013,0.0,-0.001,staircase2,no_load
22.18429,-22.4945,-22.1924,-22.4937,0.3013,0.0,-0.001,staircase2,no_load
22.194874,-22.4945,-22.1924,-22.4937,0.3013,0.0,-0.001,staircase2,no_load
22.205757,-22.4945,-22.1924,-22.4938,0.3014,0.0,-0.001,staircase2,no_load
22.216386,-22.4945,-22.1924,-22.4938,0.3014,0.0,-0.001,staircase2,no_load
22.226721,-22.4945,-22.1924,-22.4938,0.3014,0.0,-0.001,staircase2,no_load
22.237325,-22.4945,-22.1924,-22.4938,0.3014,0.0,-0.001,staircase2,no_load
22.247955,-22.4945,-22.1924,-22.4938,0.3014,0.0,-0.001,staircase2,no_load
22.258352,-22.4945,-22.1924,-22.4938,0.3014,0.0,-0.001,staircase2,no_load
22.269664,-22.4945,-22.1924,-22.4938,0.3014,0.0,-0.001,staircase2,no_load
22.280302,-22.4945,-22.1924,-22.4938,0.3014,0.0,-0.000,staircase2,no_load
22.290816,-22.4945,-22.1924,-22.4938,0.3014,0.0,-0.000,staircase2,no_load
22.30189,-22.4945,-22.1924,-22.4938,0.3014,0.0,-0.000,staircase2,no_load
22.312877,-22.4945,-22.1924,-22.4938,0.3014,0.0,-0.000,staircase2,no_load
22.323538,-22.4945,-22.1924,-22.4938,0.3014,0.0,-0.000,staircase2,no_load
22.334189,-22.4945,-22.1924,-22.4938,0.3014,0.0,-0.000,staircase2,no_load
22.344854,-22.4945,-22.1924,-22.4938,0.3014,0.0,-0.000,staircase2,no_load
22.355783,-22.4945,-22.1924,-22.4938,0.3014,0.0,-0.000,staircase2,no_load
22.366685,-22.4945,-22.1924,-22.4938,0.3014,0.0,-0.000,staircase2,no_load
22.377474,-22.4945,-22.1924,-22.4938,0.3014,0.0,-0.000,staircase2,no_load
22.387658,-22.4945,-22.1924,-22.4938,0.3014,0.0,-0.000,staircase2,no_load
22.39792,-22.4945,-22.1924,-22.4938,0.3014,0.0,-0.000,staircase2,no_load
22.408591,-22.4945,-22.1924,-22.4938,0.3014,0.0,-0.000,staircase2,no_load
22.419232,-22.4945,-22.1924,-22.4938,0.3014,0.0,-0.000,staircase2,no_load
22.429587,-22.4945,-22.1924,-22.4938,0.3014,0.0,-0.000,staircase2,no_load
22.440735,-22.4945,-22.1924,-22.4938,0.3014,0.0,-0.000,staircase2,no_load
22.451366,-22.4945,-22.1924,-22.4938,0.3014,0.0,-0.000,staircase2,no_load
22.461985,-22.4945,-22.1924,-22.4938,0.3014,0.0,-0.000,staircase2,no_load
22.472399,-22.4945,-22.1924,-22.4938,0.3014,0.0,-0.000,staircase2,no_load
22.483833,-44.989,-22.1924,-22.4938,0.3014,0.0,-0.000,staircase2,no_load
22.494679,-44.989,-22.1924,-22.4938,0.3014,0.0,-0.000,staircase2,no_load
22.505493,-44.989,-22.1924,-22.4938,0.3014,0.0,-0.000,staircase2,no_load
22.516118,-44.989,-22.1924,-22.4938,0.3014,0.0,-0.000,staircase2,no_load
22.526894,-44.989,-22.2803,-22.4938,0.2135,-8.157,-0.000,staircase2,no_load
22.537401,-44.989,-22.6318,-22.4938,-0.1380,-33.454,-0.000,staircase2,no_load
22.548065,-44.989,-23.0713,-22.4938,-0.5775,-41.213,-0.000,staircase2,no_load
22.558654,-44.989,-23.7744,-22.8798,-0.8946,-66.399,-38.591,staircase2,no_load
22.569229,-44.989,-24.4775,-23.7008,-0.7767,-66.487,-82.100,staircase2,no_load
22.579561,-44.989,-25.5322,-24.8769,-0.6553,-102.081,-117.614,staircase2,no_load
22.590015,-44.989,-26.6748,-27.1676,0.4928,-109.298,-152.715,staircase2,no_load
22.600501,-44.989,-28.0811,-28.9718,0.8907,-134.112,-180.418,staircase2,no_load
22.610756,-44.989,-29.4873,-30.5526,1.0653,-137.123,-158.081,staircase2,no_load
22.621936,-44.989,-31.1572,-32.1042,0.9470,-149.365,-155.156,staircase2,no_load
22.632866,-44.989,-32.8271,-33.3608,0.5337,-152.781,-125.667,staircase2,no_load
22.643309,-44.989,-34.3213,-34.4689,0.1476,-143.081,-110.804,staircase2,no_load
22.653875,-44.989,-35.8154,-35.6346,-0.1808,-141.406,-116.573,staircase2,no_load
22.664526,-44.989,-37.1338,-36.5764,-0.5574,-123.782,-94.180,staircase2,no_load
22.675404,-44.989,-38.3643,-37.7651,-0.5992,-113.118,-79.244,staircase2,no_load
22.685971,-44.989,-39.2432,-38.5598,-0.6834,-83.174,-79.471,staircase2,no_load
22.696298,-44.989,-40.1221,-39.2675,-0.8546,-85.107,-70.774,staircase2,no_load
22.706589,-44.989,-40.7373,-39.8973,-0.8400,-59.78,-62.975,staircase2,no_load
22.717167,-44.989,-41.2646,-40.4576,-0.8070,-49.849,-56.034,staircase2,no_load
22.727489,-44.989,-41.6162,-40.9562,-0.6600,-34.063,-49.858,staircase2,no_load
22.738655,-44.989,-42.0557,-41.3998,-0.6559,-39.361,-44.363,staircase2,no_load
22.749265,-44.989,-42.4072,-41.7945,-0.6127,-33.129,-39.473,staircase2,no_load
22.75992,-44.989,-42.7588,-42.1458,-0.6130,-32.999,-35.123,staircase2,no_load
22.770543,-44.989,-43.0225,-42.6014,-0.4211,-24.823,-30.374,staircase2,no_load
22.781157,-44.989,-43.1982,-42.8637,-0.3345,-16.554,-26.230,staircase2,no_load
22.791749,-44.989,-43.3740,-43.0971,-0.2769,-16.597,-23.339,staircase2,no_load
22.802278,-44.989,-43.5498,-43.3047,-0.2451,-16.697,-20.767,staircase2,no_load
22.812874,-44.989,-43.7256,-43.4895,-0.2361,-16.591,-18.478,staircase2,no_load
22.823487,-44.989,-43.8135,-43.6539,-0.1596,-8.282,-16.441,staircase2,no_load
22.83405,-44.989,-43.9893,-43.8002,-0.1891,-16.643,-14.629,staircase2,no_load
22.844526,-44.989,-44.0771,-43.9304,-0.1467,-8.381,-13.017,staircase2,no_load
22.855392,-44.989,-44.1650,-44.0992,-0.0658,-8.089,-11.257,staircase2,no_load
22.866257,-44.989,-44.2529,-44.1964,-0.0565,-8.09,-9.721,staircase2,no_load
22.876798,-44.989,-44.3408,-44.2829,-0.0579,-8.339,-8.650,staircase2,no_load
22.887262,-44.989,-44.4287,-44.3599,-0.0688,-8.4,-7.696,staircase2,no_load
22.89774,-44.989,-44.4287,-44.4284,-0.0003,0.0,-6.848,staircase2,no_load
22.907963,-44.989,-44.5166,-44.4893,-0.0273,-8.598,-6.093,staircase2,no_load
22.918977,-44.989,-44.6045,-44.5435,-0.0610,-7.981,-5.422,staircase2,no_load
22.929899,-44.989,-44.6045,-44.5918,-0.0127,0.0,-4.824,staircase2,no_load
22.940199,-44.989,-44.6045,-44.6543,0.0498,0.0,-4.172,staircase2,no_load
22.95058,-44.989,-44.6045,-44.6904,0.0859,0.0,-3.603,staircase2,no_load
22.961615,-44.989,-44.6045,-44.7224,0.1179,0.0,-3.206,staircase2,no_load
22.972618,-44.989,-44.6045,-44.7509,0.1464,0.0,-2.852,staircase2,no_load
22.983172,-44.989,-44.6045,-44.7763,0.1718,0.0,-2.538,staircase2,no_load
22.993749,-44.989,-44.6045,-44.7989,0.1944,0.0,-2.258,staircase2,no_load
23.004869,-44.989,-44.6045,-44.8190,0.2145,0.0,-2.009,staircase2,no_load
23.015267,-44.989,-44.6045,-44.8451,0.2406,0.0,-1.738,staircase2,no_load
23.025445,-44.989,-44.6045,-44.8601,0.2556,0.0,-1.501,staircase2,no_load
23.035997,-44.989,-44.6045,-44.8734,0.2689,0.0,-1.335,staircase2,no_load
23.046179,-44.989,-44.6045,-44.8853,0.2808,0.0,-1.188,staircase2,no_load
23.056828,-44.989,-44.6045,-44.8959,0.2914,0.0,-1.057,staircase2,no_load
23.067397,-44.989,-44.6045,-44.9053,0.3008,0.0,-0.941,staircase2,no_load
23.077958,-44.989,-44.6045,-44.9136,0.3091,0.0,-0.837,staircase2,no_load
23.088579,-44.989,-44.6045,-44.9211,0.3166,0.0,-0.745,staircase2,no_load
23.099123,-44.989,-44.6045,-44.9277,0.3232,0.0,-0.663,staircase2,no_load
23.109445,-44.989,-44.6045,-44.9336,0.3291,0.0,-0.590,staircase2,no_load
23.119997,-44.989,-44.6045,-44.9389,0.3344,0.0,-0.525,staircase2,no_load
23.130619,-44.989,-44.6045,-44.9457,0.3412,0.0,-0.455,staircase2,no_load
23.141002,-44.989,-44.6045,-44.9496,0.3451,0.0,-0.396,staircase2,no_load
23.151633,-44.989,-44.6045,-44.9532,0.3487,0.0,-0.355,staircase2,no_load
23.161983,-44.989,-44.6045,-44.9564,0.3519,0.0,-0.320,staircase2,no_load
23.172372,-44.989,-44.6045,-44.9593,0.3548,0.0,-0.288,staircase2,no_load
23.183001,-44.989,-44.6045,-44.9619,0.3574,0.0,-0.260,staircase2,no_load
23.193727,-44.989,-44.6045,-44.9642,0.3597,0.0,-0.236,staircase2,no_load
23.20457,-44.989,-44.6045,-44.9664,0.3619,0.0,-0.214,staircase2,no_load
23.214746,-44.989,-44.6045,-44.9683,0.3638,0.0,-0.194,staircase2,no_load
23.225461,-44.989,-44.6045,-44.9709,0.3664,0.0,-0.172,staircase2,no_load
23.236613,-44.989,-44.6045,-44.9724,0.3679,0.0,-0.153,staircase2,no_load
23.247255,-44.989,-44.6045,-44.9738,0.3693,0.0,-0.139,staircase2,no_load
23.258096,-44.989,-44.6045,-44.9751,0.3706,0.0,-0.127,staircase2,no_load
23.268287,-44.989,-44.6045,-44.9763,0.3718,0.0,-0.116,staircase2,no_load
23.278948,-44.989,-44.6045,-44.9773,0.3728,0.0,-0.106,staircase2,no_load
23.289606,-44.989,-44.6045,-44.9783,0.3738,0.0,-0.097,staircase2,no_load
23.300256,-44.989,-44.6045,-44.9796,0.3751,0.0,-0.086,staircase2,no_load
23.310888,-44.989,-44.6045,-44.9803,0.3758,0.0,-0.077,staircase2,no_load
23.321541,-44.989,-44.6045,-44.9810,0.3765,0.0,-0.071,staircase2,no_load
23.332374,-44.989,-44.6045,-44.9817,0.3772,0.0,-0.064,staircase2,no_load
23.34319,-44.989,-44.6045,-44.9823,0.3778,0.0,-0.059,staircase2,no_load
23.353908,-44.989,-44.6045,-44.9828,0.3783,0.0,-0.054,staircase2,no_load
23.364483,-44.989,-44.6045,-44.9833,0.3788,0.0,-0.049,staircase2,no_load
23.374861,-44.989,-44.6045,-44.9838,0.3793,0.0,-0.045,staircase2,no_load
23.385518,-44.989,-44.6045,-44.9844,0.3799,0.0,-0.040,staircase2,no_load
23.396507,-44.989,-44.6045,-44.9847,0.3802,0.0,-0.036,staircase2,no_load
23.407103,-44.989,-44.6045,-44.9851,0.3806,0.0,-0.033,staircase2,no_load
23.418093,-44.989,-44.6045,-44.9854,0.3809,0.0,-0.030,staircase2,no_load
23.428599,-44.989,-44.6045,-44.9856,0.3811,0.0,-0.028,staircase2,no_load
23.439272,-44.989,-44.6045,-44.9859,0.3814,0.0,-0.025,staircase2,no_load
23.450344,-44.989,-44.6045,-44.9862,0.3817,0.0,-0.023,staircase2,no_load
23.460958,-44.989,-44.6045,-44.9864,0.3819,0.0,-0.020,staircase2,no_load
23.471602,-44.989,-44.6045,-44.9866,0.3821,0.0,-0.019,staircase2,no_load
23.482392,-44.989,-44.6045,-44.9868,0.3823,0.0,-0.017,staircase2,no_load
23.493003,-44.989,-44.6045,-44.9870,0.3825,0.0,-0.016,staircase2,no_load
23.503478,-44.989,-44.6045,-44.9871,0.3826,0.0,-0.014,staircase2,no_load
23.514133,-44.989,-44.6045,-44.9872,0.3827,0.0,-0.013,staircase2,no_load
23.524767,-44.989,-44.6045,-44.9874,0.3829,0.0,-0.012,staircase2,no_load
23.535571,-44.989,-44.6045,-44.9875,0.3830,0.0,-0.011,staircase2,no_load
23.545695,-44.989,-44.6045,-44.9876,0.3831,0.0,-0.010,staircase2,no_load
23.556702,-44.989,-44.6045,-44.9877,0.3832,0.0,-0.009,staircase2,no_load
23.567086,-44.989,-44.6045,-44.9878,0.3833,0.0,-0.008,staircase2,no_load
23.577623,-44.989,-44.6045,-44.9879,0.3834,0.0,-0.007,staircase2,no_load
23.58823,-44.989,-44.6045,-44.9879,0.3834,0.0,-0.007,staircase2,no_load
23.599262,-44.989,-44.6045,-44.9880,0.3835,0.0,-0.006,staircase2,no_load
23.609772,-44.989,-44.6045,-44.9880,0.3835,0.0,-0.006,staircase2,no_load
23.620389,-44.989,-44.6045,-44.9881,0.3836,0.0,-0.005,staircase2,no_load
23.631065,-44.989,-44.6045,-44.9882,0.3837,0.0,-0.005,staircase2,no_load
23.641659,-44.989,-44.6045,-44.9882,0.3837,0.0,-0.004,staircase2,no_load
23.652471,-44.989,-44.6045,-44.9882,0.3837,0.0,-0.004,staircase2,no_load
23.6631,-44.989,-44.6045,-44.9883,0.3838,0.0,-0.003,staircase2,no_load
23.673714,-44.989,-44.6045,-44.9883,0.3838,0.0,-0.003,staircase2,no_load
23.684386,-44.989,-44.6045,-44.9883,0.3838,0.0,-0.003,staircase2,no_load
23.695294,-44.989,-44.6045,-44.9884,0.3839,0.0,-0.003,staircase2,no_load
23.706312,-44.989,-44.6045,-44.9884,0.3839,0.0,-0.002,staircase2,no_load
23.717117,-44.989,-44.6045,-44.9884,0.3839,0.0,-0.002,staircase2,no_load
23.728125,-44.989,-44.6045,-44.9884,0.3839,0.0,-0.002,staircase2,no_load
23.738773,-44.989,-44.6045,-44.9885,0.3840,0.0,-0.002,staircase2,no_load
23.749262,-44.989,-44.6045,-44.9885,0.3840,0.0,-0.002,staircase2,no_load
23.759794,-44.989,-44.6045,-44.9885,0.3840,0.0,-0.002,staircase2,no_load
23.7703,-44.989,-44.6045,-44.9885,0.3840,0.0,-0.001,staircase2,no_load
23.780712,-44.989,-44.6045,-44.9885,0.3840,0.0,-0.001,staircase2,no_load
23.791499,-44.989,-44.6045,-44.9885,0.3840,0.0,-0.001,staircase2,no_load
23.802137,-44.989,-44.6045,-44.9885,0.3840,0.0,-0.001,staircase2,no_load
23.812936,-44.989,-44.6045,-44.9886,0.3841,0.0,-0.001,staircase2,no_load
23.823493,-44.989,-44.6045,-44.9886,0.3841,0.0,-0.001,staircase2,no_load
23.834103,-44.989,-44.6045,-44.9886,0.3841,0.0,-0.001,staircase2,no_load
23.844651,-44.989,-44.6045,-44.9886,0.3841,0.0,-0.001,staircase2,no_load
23.855512,-44.989,-44.6045,-44.9886,0.3841,0.0,-0.001,staircase2,no_load
23.866158,-44.989,-44.6045,-44.9886,0.3841,0.0,-0.001,staircase2,no_load
23.876807,-44.989,-44.6045,-44.9886,0.3841,0.0,-0.001,staircase2,no_load
23.886968,-44.989,-44.6045,-44.9886,0.3841,0.0,-0.000,staircase2,no_load
23.898002,-44.989,-44.6045,-44.9886,0.3841,0.0,-0.000,staircase2,no_load
23.908277,-44.989,-44.6045,-44.9886,0.3841,0.0,-0.000,staircase2,no_load
23.918837,-44.989,-44.6045,-44.9886,0.3841,0.0,-0.000,staircase2,no_load
23.929097,-44.989,-44.6045,-44.9886,0.3841,0.0,-0.000,staircase2,no_load
23.939381,-44.989,-44.6045,-44.9886,0.3841,0.0,-0.000,staircase2,no_load
23.949836,-44.989,-44.6045,-44.9886,0.3841,0.0,-0.000,staircase2,no_load
23.960184,-44.989,-44.6045,-44.9886,0.3841,0.0,-0.000,staircase2,no_load
23.970511,-44.989,-44.6045,-44.9886,0.3841,0.0,-0.000,staircase2,no_load
23.981494,-44.989,-44.6045,-44.9886,0.3841,0.0,-0.000,staircase2,no_load
23.991947,-44.989,-44.6045,-44.9886,0.3841,0.0,-0.000,staircase2,no_load
24.002298,-44.989,-44.6045,-44.9886,0.3841,0.0,-0.000,staircase2,no_load
24.012599,-44.989,-44.6045,-44.9886,0.3841,0.0,-0.000,staircase2,no_load
24.023397,-44.989,-44.6045,-44.9886,0.3841,0.0,-0.000,staircase2,no_load
24.033611,-44.989,-44.6045,-44.9886,0.3841,0.0,-0.000,staircase2,no_load
24.044032,-44.989,-44.6045,-44.9886,0.3841,0.0,-0.000,staircase2,no_load
24.054525,-44.989,-44.6045,-44.9886,0.3841,0.0,-0.000,staircase2,no_load
24.065078,-44.989,-44.6045,-44.9886,0.3841,0.0,-0.000,staircase2,no_load
24.07595,-44.989,-44.6045,-44.9886,0.3841,0.0,-0.000,staircase2,no_load
24.087486,-67.4835,-44.6045,-44.9886,0.3841,0.0,-0.000,staircase2,no_load
24.097569,-67.4835,-44.6045,-44.9886,0.3841,0.0,-0.000,staircase2,no_load
24.107847,-67.4835,-44.6045,-44.9886,0.3841,0.0,-0.000,staircase2,no_load
24.118504,-67.4835,-44.6045,-44.9887,0.3842,0.0,-0.000,staircase2,no_load
24.129335,-67.4835,-44.7803,-44.9887,0.2084,-16.231,-0.000,staircase2,no_load
24.139804,-67.4835,-45.0439,-44.9887,-0.0552,-25.179,-0.000,staircase2,no_load
24.1504,-67.4835,-45.4834,-44.9887,-0.4947,-41.478,-0.000,staircase2,no_load
24.161031,-67.4835,-46.0986,-45.3748,-0.7238,-57.868,-38.620,staircase2,no_load
24.171685,-67.4835,-46.8896,-46.1964,-0.6932,-74.244,-82.160,staircase2,no_load
24.182285,-67.4835,-47.9443,-47.3735,-0.5708,-99.5,-117.701,staircase2,no_load
24.192958,-67.4835,-49.1748,-48.8406,-0.3342,-115.291,-146.713,staircase2,no_load
24.203614,-67.4835,-50.4053,-50.5445,0.1392,-115.475,-170.396,staircase2,no_load
24.213751,-67.4835,-51.9873,-52.3743,0.3870,-156.062,-182.978,staircase2,no_load
24.224387,-67.4835,-53.4814,-53.7974,0.3160,-140.476,-142.311,staircase2,no_load
24.235101,-67.4835,-55.0635,-55.8612,0.7977,-147.667,-137.584,staircase2,no_load
24.245568,-67.4835,-56.6455,-56.9689,0.3234,-151.142,-110.773,staircase2,no_load
24.256193,-67.4835,-58.1396,-58.1348,-0.0048,-140.621,-116.589,staircase2,no_load
24.266603,-67.4835,-59.4580,-59.0772,-0.3808,-126.647,-94.235,staircase2,no_load
24.277392,-67.4835,-60.6885,-59.8371,-0.8514,-114.051,-75.991,staircase2,no_load
24.288101,-67.4835,-61.7432,-60.6748,-1.0684,-98.487,-83.769,staircase2,no_load
24.298723,-67.4835,-62.6221,-61.4243,-1.1978,-82.743,-74.953,staircase2,no_load
24.309331,-67.4835,-63.2373,-62.0913,-1.1460,-57.994,-66.700,staircase2,no_load
24.319526,-67.4835,-63.7646,-62.6848,-1.0798,-51.721,-59.349,staircase2,no_load
24.329795,-67.4835,-64.1162,-63.2129,-0.9033,-34.239,-52.808,staircase2,no_load
24.340106,-67.4835,-64.4678,-63.8979,-0.5699,-34.1,-45.668,staircase2,no_load
24.351212,-67.4835,-64.8193,-64.2923,-0.5270,-31.65,-39.437,staircase2,no_load
24.361825,-67.4835,-65.1709,-64.6432,-0.5277,-33.129,-35.091,staircase2,no_load
24.372951,-67.4835,-65.4346,-64.9554,-0.4792,-23.701,-31.223,staircase2,no_load
24.383172,-67.4835,-65.6982,-65.2332,-0.4650,-25.79,-27.782,staircase2,no_load
24.393836,-67.4835,-65.8740,-65.4804,-0.3936,-16.485,-24.720,staircase2,no_load
24.404733,-67.4835,-66.0498,-65.7004,-0.3494,-16.133,-21.995,staircase2,no_load
24.415537,-67.4835,-66.2256,-65.9857,-0.2399,-16.272,-19.021,staircase2,no_load
24.426126,-67.4835,-66.3135,-66.1500,-0.1635,-8.301,-16.426,staircase2,no_load
24.437057,-67.4835,-66.4893,-66.2961,-0.1932,-16.083,-14.616,staircase2,no_load
24.447546,-67.4835,-66.5771,-66.4262,-0.1509,-8.371,-13.005,staircase2,no_load
24.458125,-67.4835,-66.6650,-66.5419,-0.1231,-8.309,-11.572,staircase2,no_load
24.469353,-67.4835,-66.7529,-66.6448,-0.1081,-7.829,-10.296,staircase2,no_load
24.480264,-67.4835,-66.8408,-66.7784,-0.0624,-8.056,-8.904,staircase2,no_load
24.490931,-67.4835,-66.8408,-66.8553,0.0145,0.0,-7.689,staircase2,no_load
24.501702,-67.4835,-66.9287,-66.9237,-0.0050,-8.161,-6.842,staircase2,no_load
24.511965,-67.4835,-67.0166,-66.9846,-0.0320,-8.565,-6.088,staircase2,no_load
24.522683,-67.4835,-67.1045,-67.0388,-0.0657,-8.201,-5.417,staircase2,no_load
24.533264,-67.4835,-67.1045,-67.0870,-0.0175,0.0,-4.820,staircase2,no_load
24.544572,-67.4835,-67.1924,-67.1298,-0.0626,-7.773,-4.289,staircase2,no_load
24.555612,-67.4835,-67.1924,-67.1855,-0.0069,0.0,-3.709,staircase2,no_load
24.565786,-67.4835,-67.1924,-67.2175,0.0251,0.0,-3.203,staircase2,no_load
24.576432,-67.4835,-67.1924,-67.2460,0.0536,0.0,-2.850,staircase2,no_load
24.587122,-67.4835,-67.1924,-67.2714,0.0790,0.0,-2.536,staircase2,no_load
24.597618,-67.4835,-67.1924,-67.2939,0.1015,0.0,-2.256,staircase2,no_load
24.608263,-67.4835,-67.1924,-67.3140,0.1216,0.0,-2.008,staircase2,no_load
24.619204,-67.4835,-67.1924,-67.3319,0.1395,0.0,-1.786,staircase2,no_load
24.62982,-67.4835,-67.1924,-67.3478,0.1554,0.0,-1.589,staircase2,no_load
24.640246,-67.4835,-67.1924,-67.3684,0.1760,0.0,-1.374,staircase2,no_load
24.650653,-67.4835,-67.1924,-67.3802,0.1878,0.0,-1.187,staircase2,no_load
24.661265,-67.4835,-67.1924,-67.3908,0.1984,0.0,-1.056,staircase2,no_load
24.672287,-67.4835,-67.1924,-67.4002,0.2078,0.0,-0.940,staircase2,no_load
24.682719,-67.4835,-67.1924,-67.4086,0.2162,0.0,-0.836,staircase2,no_load
24.693561,-67.4835,-67.1924,-67.4160,0.2236,0.0,-0.744,staircase2,no_load
24.704203,-67.4835,-67.1924,-67.4226,0.2302,0.0,-0.662,staircase2,no_load
24.714967,-67.4835,-67.1924,-67.4285,0.2361,0.0,-0.589,staircase2,no_load
24.725344,-67.4835,-67.1924,-67.4362,0.2438,0.0,-0.510,staircase2,no_load
24.736031,-67.4835,-67.1924,-67.4406,0.2482,0.0,-0.441,staircase2,no_load
24.746604,-67.4835,-67.1924,-67.4445,0.2521,0.0,-0.395,staircase2,no_load
24.757469,-67.4835,-67.1924,-67.4481,0.2557,0.0,-0.355,staircase2,no_load
24.768175,-67.4835,-67.1924,-67.4513,0.2589,0.0,-0.319,staircase2,no_load
24.778797,-67.4835,-67.1924,-67.4541,0.2617,0.0,-0.288,staircase2,no_load
24.789911,-67.4835,-67.1924,-67.4567,0.2643,0.0,-0.260,staircase2,no_load
24.80055,-67.4835,-67.1924,-67.4602,0.2678,0.0,-0.230,staircase2,no_load
24.811224,-67.4835,-67.1924,-67.4622,0.2698,0.0,-0.204,staircase2,no_load
24.821912,-67.4835,-67.1924,-67.4641,0.2717,0.0,-0.185,staircase2,no_load
24.832904,-67.4835,-67.1924,-67.4658,0.2734,0.0,-0.168,staircase2,no_load
24.843313,-67.4835,-67.1924,-67.4673,0.2749,0.0,-0.153,staircase2,no_load
24.853792,-67.4835,-67.1924,-67.4687,0.2763,0.0,-0.139,staircase2,no_load
24.864472,-67.4835,-67.1924,-67.4700,0.2776,0.0,-0.127,staircase2,no_load
24.874771,-67.4835,-67.1924,-67.4711,0.2787,0.0,-0.116,staircase2,no_load
24.885188,-67.4835,-67.1924,-67.4727,0.2803,0.0,-0.103,staircase2,no_load
24.896175,-67.4835,-67.1924,-67.4736,0.2812,0.0,-0.092,staircase2,no_load
24.906723,-67.4835,-67.1924,-67.4744,0.2820,0.0,-0.084,staircase2,no_load
24.917721,-67.4835,-67.1924,-67.4752,0.2828,0.0,-0.077,staircase2,no_load
24.928461,-67.4835,-67.1924,-67.4759,0.2835,0.0,-0.070,staircase2,no_load
24.938611,-67.4835,-67.1924,-67.4766,0.2842,0.0,-0.064,staircase2,no_load
24.949657,-67.4835,-67.1924,-67.4771,0.2847,0.0,-0.059,staircase2,no_load
24.960493,-67.4835,-67.1924,-67.4779,0.2855,0.0,-0.053,staircase2,no_load
24.970576,-67.4835,-67.1924,-67.4784,0.2860,0.0,-0.047,staircase2,no_load
24.98073,-67.4835,-67.1924,-67.4788,0.2864,0.0,-0.043,staircase2,no_load
24.991333,-67.4835,-67.1924,-67.4792,0.2868,0.0,-0.040,staircase2,no_load
25.002116,-67.4835,-67.1924,-67.4796,0.2872,0.0,-0.036,staircase2,no_load
25.012776,-67.4835,-67.1924,-67.4799,0.2875,0.0,-0.033,staircase2,no_load
25.023143,-67.4835,-67.1924,-67.4802,0.2878,0.0,-0.030,staircase2,no_load
25.033955,-67.4835,-67.1924,-67.4805,0.2881,0.0,-0.028,staircase2,no_load
25.044574,-67.4835,-67.1924,-67.4808,0.2884,0.0,-0.025,staircase2,no_load
25.055239,-67.4835,-67.1924,-67.4811,0.2887,0.0,-0.023,staircase2,no_load
25.065835,-67.4835,-67.1924,-67.4813,0.2889,0.0,-0.020,staircase2,no_load
25.076297,-67.4835,-67.1924,-67.4815,0.2891,0.0,-0.019,staircase2,no_load
25.086758,-67.4835,-67.1924,-67.4817,0.2893,0.0,-0.017,staircase2,no_load
25.097228,-67.4835,-67.1924,-67.4818,0.2894,0.0,-0.016,staircase2,no_load
25.108489,-67.4835,-67.1924,-67.4820,0.2896,0.0,-0.014,staircase2,no_load
25.119144,-67.4835,-67.1924,-67.4821,0.2897,0.0,-0.013,staircase2,no_load
25.129531,-67.4835,-67.1924,-67.4822,0.2898,0.0,-0.012,staircase2,no_load
25.140035,-67.4835,-67.1924,-67.4824,0.2900,0.0,-0.011,staircase2,no_load
25.15101,-67.4835,-67.1924,-67.4825,0.2901,0.0,-0.010,staircase2,no_load
25.161121,-67.4835,-67.1924,-67.4826,0.2902,0.0,-0.009,staircase2,no_load
25.171711,-67.4835,-67.1924,-67.4826,0.2902,0.0,-0.008,staircase2,no_load
25.182223,-67.4835,-67.1924,-67.4827,0.2903,0.0,-0.007,staircase2,no_load
25.19288,-67.4835,-67.1924,-67.4828,0.2904,0.0,-0.007,staircase2,no_load
25.203603,-67.4835,-67.1924,-67.4828,0.2904,0.0,-0.006,staircase2,no_load
25.214263,-67.4835,-67.1924,-67.4829,0.2905,0.0,-0.006,staircase2,no_load
25.225465,-67.4835,-67.1924,-67.4830,0.2906,0.0,-0.005,staircase2,no_load
25.236164,-67.4835,-67.1924,-67.4830,0.2906,0.0,-0.005,staircase2,no_load
25.247059,-67.4835,-67.1924,-67.4831,0.2907,0.0,-0.004,staircase2,no_load
25.257857,-67.4835,-67.1924,-67.4831,0.2907,0.0,-0.004,staircase2,no_load
25.268517,-67.4835,-67.1924,-67.4831,0.2907,0.0,-0.003,staircase2,no_load
25.27926,-67.4835,-67.1924,-67.4832,0.2908,0.0,-0.003,staircase2,no_load
25.289543,-67.4835,-67.1924,-67.4832,0.2908,0.0,-0.003,staircase2,no_load
25.300255,-67.4835,-67.1924,-67.4832,0.2908,0.0,-0.003,staircase2,no_load
25.311267,-67.4835,-67.1924,-67.4833,0.2909,0.0,-0.002,staircase2,no_load
25.321595,-67.4835,-67.1924,-67.4833,0.2909,0.0,-0.002,staircase2,no_load
25.332182,-67.4835,-67.1924,-67.4833,0.2909,0.0,-0.002,staircase2,no_load
25.342952,-67.4835,-67.1924,-67.4833,0.2909,0.0,-0.002,staircase2,no_load
25.353352,-67.4835,-67.1924,-67.4833,0.2909,0.0,-0.002,staircase2,no_load
25.364109,-67.4835,-67.1924,-67.4833,0.2909,0.0,-0.002,staircase2,no_load
25.374803,-67.4835,-67.1924,-67.4834,0.2910,0.0,-0.001,staircase2,no_load
25.385929,-67.4835,-67.1924,-67.4834,0.2910,0.0,-0.001,staircase2,no_load
25.396692,-67.4835,-67.1924,-67.4834,0.2910,0.0,-0.001,staircase2,no_load
25.407361,-67.4835,-67.1924,-67.4834,0.2910,0.0,-0.001,staircase2,no_load
25.418066,-67.4835,-67.1924,-67.4834,0.2910,0.0,-0.001,staircase2,no_load
25.428352,-67.4835,-67.1924,-67.4834,0.2910,0.0,-0.001,staircase2,no_load
25.438793,-67.4835,-67.1924,-67.4834,0.2910,0.0,-0.001,staircase2,no_load
25.449067,-67.4835,-67.1924,-67.4834,0.2910,0.0,-0.001,staircase2,no_load
25.459639,-67.4835,-67.1924,-67.4834,0.2910,0.0,-0.001,staircase2,no_load
25.469792,-67.4835,-67.1924,-67.4834,0.2910,0.0,-0.001,staircase2,no_load
25.480345,-67.4835,-67.1924,-67.4835,0.2911,0.0,-0.001,staircase2,no_load
25.490684,-67.4835,-67.1924,-67.4835,0.2911,0.0,-0.000,staircase2,no_load
25.500904,-67.4835,-67.1924,-67.4835,0.2911,0.0,-0.000,staircase2,no_load
25.511496,-67.4835,-67.1924,-67.4835,0.2911,0.0,-0.000,staircase2,no_load
25.521686,-67.4835,-67.1924,-67.4835,0.2911,0.0,-0.000,staircase2,no_load
25.532299,-67.4835,-67.1924,-67.4835,0.2911,0.0,-0.000,staircase2,no_load
25.542951,-67.4835,-67.1924,-67.4835,0.2911,0.0,-0.000,staircase2,no_load
25.553459,-67.4835,-67.1924,-67.4835,0.2911,0.0,-0.000,staircase2,no_load
25.563811,-67.4835,-67.1924,-67.4835,0.2911,0.0,-0.000,staircase2,no_load
25.573913,-67.4835,-67.1924,-67.4835,0.2911,0.0,-0.000,staircase2,no_load
25.584308,-67.4835,-67.1924,-67.4835,0.2911,0.0,-0.000,staircase2,no_load
25.595337,-67.4835,-67.1924,-67.4835,0.2911,0.0,-0.000,staircase2,no_load
25.606381,-67.4835,-67.1924,-67.4835,0.2911,0.0,-0.000,staircase2,no_load
25.616629,-67.4835,-67.1924,-67.4835,0.2911,0.0,-0.000,staircase2,no_load
25.627004,-67.4835,-67.1924,-67.4835,0.2911,0.0,-0.000,staircase2,no_load
25.637203,-67.4835,-67.1924,-67.4835,0.2911,0.0,-0.000,staircase2,no_load
25.647762,-67.4835,-67.1924,-67.4835,0.2911,0.0,-0.000,staircase2,no_load
25.658496,-67.4835,-67.1924,-67.4835,0.2911,0.0,-0.000,staircase2,no_load
25.668675,-67.4835,-67.1924,-67.4835,0.2911,0.0,-0.000,staircase2,no_load
25.679062,-67.4835,-67.1924,-67.4835,0.2911,0.0,-0.000,staircase2,no_load
25.691067,-89.978,-67.1924,-67.4835,0.2911,0.0,-0.000,staircase2,no_load
25.702111,-89.978,-67.1924,-67.4835,0.2911,0.0,-0.000,staircase2,no_load
25.712945,-89.978,-67.1924,-67.4835,0.2911,0.0,-0.000,staircase2,no_load
25.723733,-89.978,-67.1924,-67.4835,0.2911,0.0,-0.000,staircase2,no_load
25.73396,-89.978,-67.2803,-67.4835,0.2032,-8.595,-0.000,staircase2,no_load
25.74428,-89.978,-67.6318,-67.4835,-0.1483,-34.06,-0.000,staircase2,no_load
25.75566,-89.978,-68.1592,-67.4835,-0.6757,-46.344,-0.000,staircase2,no_load
25.766291,-89.978,-68.7744,-67.8700,-0.9044,-57.868,-38.653,staircase2,no_load
25.776945,-89.978,-69.6533,-68.6923,-0.9610,-82.495,-82.231,staircase2,no_load
25.787389,-89.978,-70.5322,-69.8704,-0.6618,-84.154,-117.802,staircase2,no_load
25.797982,-89.978,-71.7627,-71.3388,-0.4239,-116.162,-146.840,staircase2,no_load
25.808635,-89.978,-73.1689,-73.0442,-0.1247,-132.0,-170.544,staircase2,no_load
25.819579,-89.978,-74.7510,-74.8746,0.1236,-144.563,-183.042,staircase2,no_load
25.829745,-89.978,-76.2451,-76.2978,0.0527,-146.97,-142.317,staircase2,no_load
25.83999,-89.978,-77.8271,-77.6954,-0.1317,-154.417,-139.758,staircase2,no_load
25.851254,-89.978,-79.4971,-79.4698,-0.0273,-148.26,-118.294,staircase2,no_load
25.861636,-89.978,-80.8154,-80.6358,-0.1796,-126.979,-116.603,staircase2,no_load
25.872226,-89.978,-82.2217,-81.5787,-0.6430,-132.795,-94.291,staircase2,no_load
25.882827,-89.978,-83.2764,-82.3395,-0.9369,-99.491,-76.080,staircase2,no_load
25.893378,-89.978,-84.2432,-83.1765,-1.0667,-91.631,-83.699,staircase2,no_load
25.904378,-89.978,-85.1221,-83.9253,-1.1968,-79.9,-74.877,staircase2,no_load
25.915365,-89.978,-85.9131,-84.8967,-1.0164,-71.994,-64.762,staircase2,no_load
25.925821,-89.978,-86.3525,-85.4560,-0.8965,-42.024,-55.926,staircase2,no_load
25.936058,-89.978,-86.7041,-85.9536,-0.7505,-34.346,-49.762,staircase2,no_load
25.946326,-89.978,-87.0557,-86.3964,-0.6593,-34.242,-44.278,staircase2,no_load
25.957302,-89.978,-87.4072,-86.7903,-0.6169,-32.024,-39.397,staircase2,no_load
25.968314,-89.978,-87.7588,-87.1409,-0.6179,-31.929,-35.055,staircase2,no_load
25.979098,-89.978,-88.1104,-87.4528,-0.6576,-32.604,-31.192,staircase2,no_load
25.990039,-89.978,-88.2861,-87.8574,-0.4287,-16.059,-26.974,staircase2,no_load
26.000572,-89.978,-88.4619,-88.0904,-0.3715,-16.69,-23.294,staircase2,no_load
26.011189,-89.978,-88.6377,-88.2976,-0.3401,-16.558,-20.727,staircase2,no_load
26.021489,-89.978,-88.8135,-88.4821,-0.3314,-17.068,-18.442,staircase2,no_load
26.03213,-89.978,-88.9014,-88.6462,-0.2552,-8.261,-16.410,staircase2,no_load
26.042349,-89.978,-89.0771,-88.7922,-0.2849,-17.193,-14.601,staircase2,no_load
26.052694,-89.978,-89.1650,-88.9221,-0.2429,-8.497,-12.992,staircase2,no_load
26.062904,-89.978,-89.2529,-89.0377,-0.2152,-8.609,-11.560,staircase2,no_load
26.073367,-89.978,-89.2529,-89.1405,-0.1124,0.0,-10.286,staircase2,no_load
26.083924,-89.978,-89.3408,-89.2321,-0.1087,-8.326,-9.152,staircase2,no_load
26.094738,-89.978,-89.4287,-89.3135,-0.1152,-8.128,-8.143,staircase2,no_load
26.105355,-89.978,-89.5166,-89.4191,-0.0975,-8.279,-7.042,staircase2,no_load
26.115819,-89.978,-89.5166,-89.4800,-0.0366,0.0,-6.082,staircase2,no_load
26.126503,-89.978,-89.5166,-89.5341,0.0175,0.0,-5.411,staircase2,no_load
26.136723,-89.978,-89.6045,-89.5822,-0.0223,-8.601,-4.815,staircase2,no_load
26.147542,-89.978,-89.6045,-89.6251,0.0206,0.0,-4.284,staircase2,no_load
26.158171,-89.978,-89.6924,-89.6632,-0.0292,-8.27,-3.812,staircase2,no_load
26.168827,-89.978,-89.6924,-89.6971,0.0047,0.0,-3.392,staircase2,no_load
26.178991,-89.978,-89.7803,-89.7273,-0.0530,-8.648,-3.018,staircase2,no_load
26.189288,-89.978,-89.7803,-89.7541,-0.0262,0.0,-2.685,staircase2,no_load
26.199585,-89.978,-89.7803,-89.7780,-0.0023,0.0,-2.389,staircase2,no_load
26.210099,-89.978,-89.7803,-89.8090,0.0287,0.0,-2.066,staircase2,no_load
26.220274,-89.978,-89.7803,-89.8269,0.0466,0.0,-1.784,staircase2,no_load
26.231061,-89.978,-89.7803,-89.8427,0.0624,0.0,-1.588,staircase2,no_load
26.241958,-89.978,-89.7803,-89.8569,0.0766,0.0,-1.413,staircase2,no_load
26.252531,-89.978,-89.7803,-89.8694,0.0891,0.0,-1.257,staircase2,no_load
26.263181,-89.978,-89.7803,-89.8806,0.1003,0.0,-1.119,staircase2,no_load
26.273821,-89.978,-89.7803,-89.8906,0.1103,0.0,-0.995,staircase2,no_load
26.284672,-89.978,-89.7803,-89.8994,0.1191,0.0,-0.886,staircase2,no_load
26.295102,-89.978,-89.7803,-89.9109,0.1306,0.0,-0.766,staircase2,no_load
26.305869,-89.978,-89.7803,-89.9175,0.1372,0.0,-0.661,staircase2,no_load
26.316137,-89.978,-89.7803,-89.9234,0.1431,0.0,-0.588,staircase2,no_load
26.326537,-89.978,-89.7803,-89.9286,0.1483,0.0,-0.524,staircase2,no_load
26.337034,-89.978,-89.7803,-89.9333,0.1530,0.0,-0.467,staircase2,no_load
26.347707,-89.978,-89.7803,-89.9375,0.1572,0.0,-0.417,staircase2,no_load
26.358454,-89.978,-89.7803,-89.9412,0.1609,0.0,-0.374,staircase2,no_load
26.369482,-89.978,-89.7803,-89.9446,0.1643,0.0,-0.336,staircase2,no_load
26.379853,-89.978,-89.7803,-89.9476,0.1673,0.0,-0.303,staircase2,no_load
26.390484,-89.978,-89.7803,-89.9516,0.1713,0.0,-0.267,staircase2,no_load
26.401741,-89.978,-89.7803,-89.9540,0.1737,0.0,-0.235,staircase2,no_load
26.412465,-89.978,-89.7803,-89.9561,0.1758,0.0,-0.213,staircase2,no_load
26.423174,-89.978,-89.7803,-89.9580,0.1777,0.0,-0.194,staircase2,no_load
26.433967,-89.978,-89.7803,-89.9598,0.1795,0.0,-0.176,staircase2,no_load
26.444708,-89.978,-89.7803,-89.9614,0.1811,0.0,-0.160,staircase2,no_load
26.455018,-89.978,-89.7803,-89.9635,0.1832,0.0,-0.143,staircase2,no_load
26.465225,-89.978,-89.7803,-89.9648,0.1845,0.0,-0.127,staircase2,no_load
26.475959,-89.978,-89.7803,-89.9660,0.1857,0.0,-0.116,staircase2,no_load
26.486247,-89.978,-89.7803,-89.9670,0.1867,0.0,-0.106,staircase2,no_load
26.497525,-89.978,-89.7803,-89.9680,0.1877,0.0,-0.097,staircase2,no_load
26.507819,-89.978,-89.7803,-89.9689,0.1886,0.0,-0.088,staircase2,no_load
26.518492,-89.978,-89.7803,-89.9697,0.1894,0.0,-0.081,staircase2,no_load
26.529226,-89.978,-89.7803,-89.9704,0.1901,0.0,-0.074,staircase2,no_load
26.540121,-89.978,-89.7803,-89.9714,0.1911,0.0,-0.066,staircase2,no_load
26.550805,-89.978,-89.7803,-89.9720,0.1917,0.0,-0.059,staircase2,no_load
26.561877,-89.978,-89.7803,-89.9725,0.1922,0.0,-0.054,staircase2,no_load
26.572156,-89.978,-89.7803,-89.9730,0.1927,0.0,-0.049,staircase2,no_load
26.582393,-89.978,-89.7803,-89.9735,0.1932,0.0,-0.045,staircase2,no_load
26.593025,-89.978,-89.7803,-89.9739,0.1936,0.0,-0.041,staircase2,no_load
26.603337,-89.978,-89.7803,-89.9743,0.1940,0.0,-0.038,staircase2,no_load
26.613872,-89.978,-89.7803,-89.9746,0.1943,0.0,-0.035,staircase2,no_load
26.624436,-89.978,-89.7803,-89.9749,0.1946,0.0,-0.032,staircase2,no_load
26.634767,-89.978,-89.7803,-89.9752,0.1949,0.0,-0.029,staircase2,no_load
26.644972,-89.978,-89.7803,-89.9755,0.1952,0.0,-0.027,staircase2,no_load
26.655584,-89.978,-89.7803,-89.9758,0.1955,0.0,-0.024,staircase2,no_load
26.66622,-89.978,-89.7803,-89.9761,0.1958,0.0,-0.021,staircase2,no_load
26.676681,-89.978,-89.7803,-89.9763,0.1960,0.0,-0.019,staircase2,no_load
26.687444,-89.978,-89.7803,-89.9764,0.1961,0.0,-0.018,staircase2,no_load
26.697758,-89.978,-89.7803,-89.9766,0.1963,0.0,-0.016,staircase2,no_load
26.708368,-89.978,-89.7803,-89.9767,0.1964,0.0,-0.015,staircase2,no_load
26.71957,-89.978,-89.7803,-89.9769,0.1966,0.0,-0.014,staircase2,no_load
26.729954,-89.978,-89.7803,-89.9770,0.1967,0.0,-0.013,staircase2,no_load
26.740576,-89.978,-89.7803,-89.9772,0.1969,0.0,-0.011,staircase2,no_load
26.750938,-89.978,-89.7803,-89.9773,0.1970,0.0,-0.010,staircase2,no_load
26.761286,-89.978,-89.7803,-89.9774,0.1971,0.0,-0.009,staircase2,no_load
26.771803,-89.978,-89.7803,-89.9775,0.1972,0.0,-0.008,staircase2,no_load
26.78262,-89.978,-89.7803,-89.9775,0.1972,0.0,-0.008,staircase2,no_load
26.793288,-89.978,-89.7803,-89.9776,0.1973,0.0,-0.007,staircase2,no_load
26.803925,-89.978,-89.7803,-89.9777,0.1974,0.0,-0.006,staircase2,no_load
26.814587,-89.978,-89.7803,-89.9777,0.1974,0.0,-0.006,staircase2,no_load
26.825249,-89.978,-89.7803,-89.9778,0.1975,0.0,-0.005,staircase2,no_load
26.835447,-89.978,-89.7803,-89.9778,0.1975,0.0,-0.005,staircase2,no_load
26.846118,-89.978,-89.7803,-89.9779,0.1976,0.0,-0.004,staircase2,no_load
26.85717,-89.978,-89.7803,-89.9779,0.1976,0.0,-0.004,staircase2,no_load
26.867619,-89.978,-89.7803,-89.9780,0.1977,0.0,-0.004,staircase2,no_load
26.878685,-89.978,-89.7803,-89.9780,0.1977,0.0,-0.003,staircase2,no_load
26.888906,-89.978,-89.7803,-89.9780,0.1977,0.0,-0.003,staircase2,no_load
26.899074,-89.978,-89.7803,-89.9781,0.1978,0.0,-0.003,staircase2,no_load
26.909747,-89.978,-89.7803,-89.9781,0.1978,0.0,-0.003,staircase2,no_load
26.919994,-89.978,-89.7803,-89.9781,0.1978,0.0,-0.002,staircase2,no_load
26.93028,-89.978,-89.7803,-89.9781,0.1978,0.0,-0.002,staircase2,no_load
26.940771,-89.978,-89.7803,-89.9782,0.1979,0.0,-0.002,staircase2,no_load
26.951748,-89.978,-89.7803,-89.9782,0.1979,0.0,-0.002,staircase2,no_load
26.962732,-89.978,-89.7803,-89.9782,0.1979,0.0,-0.002,staircase2,no_load
26.972989,-89.978,-89.7803,-89.9782,0.1979,0.0,-0.001,staircase2,no_load
26.984047,-89.978,-89.7803,-89.9782,0.1979,0.0,-0.001,staircase2,no_load
26.994507,-89.978,-89.7803,-89.9782,0.1979,0.0,-0.001,staircase2,no_load
27.004952,-89.978,-89.7803,-89.9782,0.1979,0.0,-0.001,staircase2,no_load
27.016117,-89.978,-89.7803,-89.9783,0.1980,0.0,-0.001,staircase2,no_load
27.026421,-89.978,-89.7803,-89.9783,0.1980,0.0,-0.001,staircase2,no_load
27.036779,-89.978,-89.7803,-89.9783,0.1980,0.0,-0.001,staircase2,no_load
27.047045,-89.978,-89.7803,-89.9783,0.1980,0.0,-0.001,staircase2,no_load
27.057661,-89.978,-89.7803,-89.9783,0.1980,0.0,-0.001,staircase2,no_load
27.068275,-89.978,-89.7803,-89.9783,0.1980,0.0,-0.001,staircase2,no_load
27.078857,-89.978,-89.7803,-89.9783,0.1980,0.0,-0.001,staircase2,no_load
27.089472,-89.978,-89.7803,-89.9783,0.1980,0.0,-0.001,staircase2,no_load
27.100324,-89.978,-89.7803,-89.9783,0.1980,0.0,-0.000,staircase2,no_load
27.110835,-89.978,-89.7803,-89.9783,0.1980,0.0,-0.000,staircase2,no_load
27.121452,-89.978,-89.7803,-89.9783,0.1980,0.0,-0.000,staircase2,no_load
27.131703,-89.978,-89.7803,-89.9783,0.1980,0.0,-0.000,staircase2,no_load
27.141969,-89.978,-89.7803,-89.9783,0.1980,0.0,-0.000,staircase2,no_load
27.152537,-89.978,-89.7803,-89.9783,0.1980,0.0,-0.000,staircase2,no_load
27.16335,-89.978,-89.7803,-89.9783,0.1980,0.0,-0.000,staircase2,no_load
27.174514,-89.978,-89.7803,-89.9783,0.1980,0.0,-0.000,staircase2,no_load
27.184649,-89.978,-89.7803,-89.9783,0.1980,0.0,-0.000,staircase2,no_load
27.195185,-89.978,-89.7803,-89.9783,0.1980,0.0,-0.000,staircase2,no_load
27.205917,-89.978,-89.7803,-89.9783,0.1980,0.0,-0.000,staircase2,no_load
27.216509,-89.978,-89.7803,-89.9783,0.1980,0.0,-0.000,staircase2,no_load
27.227203,-89.978,-89.7803,-89.9783,0.1980,0.0,-0.000,staircase2,no_load
27.237898,-89.978,-89.7803,-89.9784,0.1981,0.0,-0.000,staircase2,no_load
27.248441,-89.978,-89.7803,-89.9784,0.1981,0.0,-0.000,staircase2,no_load
27.259463,-89.978,-89.7803,-89.9784,0.1981,0.0,-0.000,staircase2,no_load
27.26982,-89.978,-89.7803,-89.9784,0.1981,0.0,-0.000,staircase2,no_load
27.280047,-89.978,-89.7803,-89.9784,0.1981,0.0,-0.000,staircase2,no_load
27.290539,-89.978,-89.7803,-89.9784,0.1981,0.0,-0.000,staircase2,no_load
