time,commanded_deg,real_deg,sim_deg,error_deg,real_vel_deg_s,sim_vel_deg_s,experiment_id,load_condition
0.00118,0.0,1.1426,1.3846,-0.2420,0.0,0.088,step_5,no_load
0.01184,0.0,1.1426,1.3854,-0.2428,0.0,0.087,step_5,no_load
0.021972,0.0,1.1426,1.3863,-0.2437,0.0,0.087,step_5,no_load
0.032332,0.0,1.1426,1.3872,-0.2446,0.0,0.086,step_5,no_load
0.042631,0.0,1.1426,1.3880,-0.2454,0.0,0.086,step_5,no_load
0.053259,0.0,1.1426,1.3889,-0.2463,0.0,0.085,step_5,no_load
0.063721,0.0,1.1426,1.3897,-0.2471,0.0,0.085,step_5,no_load
0.07452,0.0,1.1426,1.3787,-0.2361,0.0,-1.101,step_5,no_load
0.085149,0.0,1.1426,1.2982,-0.1556,0.0,-5.371,step_5,no_load
0.095528,0.0,1.1426,1.2238,-0.0812,0.0,-7.434,step_5,no_load
0.105749,0.0,1.1426,1.1442,-0.0016,0.0,-7.961,step_5,no_load
0.11653,0.0,1.1426,1.0652,0.0774,0.0,-7.904,step_5,no_load
0.126778,0.0,1.1426,0.9903,0.1523,0.0,-7.490,step_5,no_load
0.137026,0.0,1.1426,0.9215,0.2211,0.0,-6.876,step_5,no_load
0.148091,0.0,1.1426,0.8598,0.2828,0.0,-6.169,step_5,no_load
0.158533,0.0,1.1426,0.8054,0.3372,0.0,-5.439,step_5,no_load
0.169197,0.0,1.1426,0.7581,0.3845,0.0,-4.729,step_5,no_load
0.179777,0.0,1.1426,0.7175,0.4251,0.0,-4.065,step_5,no_load
0.190252,0.0,1.1426,0.6676,0.4750,0.0,-3.325,step_5,no_load
0.200544,0.0,1.1426,0.6408,0.5018,0.0,-2.682,step_5,no_load
0.211095,0.0,1.1426,0.6184,0.5242,0.0,-2.244,step_5,no_load
0.221428,0.0,1.1426,0.5997,0.5429,0.0,-1.866,step_5,no_load
0.231937,0.0,1.1426,0.5843,0.5583,0.0,-1.545,step_5,no_load
0.24242,0.0,1.1426,0.5715,0.5711,0.0,-1.273,step_5,no_load
0.253302,0.0,1.1426,0.5611,0.5815,0.0,-1.045,step_5,no_load
0.264122,0.0,1.1426,0.5525,0.5901,0.0,-0.854,step_5,no_load
0.274819,0.0,1.1426,0.5456,0.5970,0.0,-0.696,step_5,no_load
0.285743,0.0,1.1426,0.5375,0.6051,0.0,-0.538,step_5,no_load
0.296517,0.0,1.1426,0.5334,0.6092,0.0,-0.412,step_5,no_load
0.307174,0.0,1.1426,0.5301,0.6125,0.0,-0.332,step_5,no_load
0.317478,0.0,1.1426,0.5274,0.6152,0.0,-0.267,step_5,no_load
0.327986,0.0,1.1426,0.5252,0.6174,0.0,-0.215,step_5,no_load
0.33862,0.0,1.1426,0.5235,0.6191,0.0,-0.172,step_5,no_load
0.349131,0.0,1.1426,0.5221,0.6205,0.0,-0.138,step_5,no_load
0.359843,0.0,1.1426,0.5210,0.6216,0.0,-0.118,step_5,no_load
0.370154,0.0,1.1426,0.5193,0.6233,0.0,-0.110,step_5,no_load
0.380467,0.0,1.1426,0.5182,0.6244,0.0,-0.106,step_5,no_load
0.39066,0.0,1.1426,0.5172,0.6254,0.0,-0.105,step_5,no_load
0.400816,0.0,1.1426,0.5162,0.6264,0.0,-0.104,step_5,no_load
0.411311,0.0,1.1426,0.5151,0.6275,0.0,-0.103,step_5,no_load
0.422432,0.0,1.1426,0.5141,0.6285,0.0,-0.102,step_5,no_load
0.432703,0.0,1.1426,0.5131,0.6295,0.0,-0.102,step_5,no_load
0.443182,0.0,1.1426,0.5121,0.6305,0.0,-0.101,step_5,no_load
0.453616,0.0,1.1426,0.5111,0.6315,0.0,-0.100,step_5,no_load
0.464203,0.0,1.1426,0.5101,0.6325,0.0,-0.100,step_5,no_load
0.474579,0.0,1.1426,0.5091,0.6335,0.0,-0.099,step_5,no_load
0.485001,0.0,1.1426,0.5076,0.6350,0.0,-0.098,step_5,no_load
0.495552,0.0,1.1426,0.5066,0.6360,0.0,-0.097,step_5,no_load
0.506139,0.0,1.1426,0.5057,0.6369,0.0,-0.097,step_5,no_load
0.517034,0.0,1.1426,0.5047,0.6379,0.0,-0.096,step_5,no_load
0.52724,0.0,1.1426,0.5038,0.6388,0.0,-0.095,step_5,no_load
0.537855,0.0,1.1426,0.5028,0.6398,0.0,-0.095,step_5,no_load
0.548036,0.0,1.1426,0.5019,0.6407,0.0,-0.094,step_5,no_load
0.559046,0.0,1.1426,0.5009,0.6417,0.0,-0.093,step_5,no_load
0.569236,0.0,1.1426,0.5000,0.6426,0.0,-0.093,step_5,no_load
0.580355,0.0,1.1426,0.4986,0.6440,0.0,-0.092,step_5,no_load
0.590676,0.0,1.1426,0.4977,0.6449,0.0,-0.091,step_5,no_load
0.600824,0.0,1.1426,0.4968,0.6458,0.0,-0.090,step_5,no_load
0.611009,0.0,1.1426,0.4959,0.6467,0.0,-0.090,step_5,no_load
0.621524,0.0,1.1426,0.4950,0.6476,0.0,-0.089,step_5,no_load
0.632019,0.0,1.1426,0.4942,0.6484,0.0,-0.088,step_5,no_load
0.64219,0.0,1.1426,0.4933,0.6493,0.0,-0.088,step_5,no_load
0.652579,0.0,1.1426,0.4924,0.6502,0.0,-0.087,step_5,no_load
0.662836,0.0,1.1426,0.4915,0.6511,0.0,-0.087,step_5,no_load
0.673453,0.0,1.1426,0.4907,0.6519,0.0,-0.086,step_5,no_load
0.684076,0.0,1.1426,0.4898,0.6528,0.0,-0.085,step_5,no_load
0.694629,0.0,1.1426,0.4890,0.6536,0.0,-0.085,step_5,no_load
0.705241,0.0,1.1426,0.4877,0.6549,0.0,-0.084,step_5,no_load
0.7158,0.0,1.1426,0.4869,0.6557,0.0,-0.083,step_5,no_load
0.72629,0.0,1.1426,0.4861,0.6565,0.0,-0.083,step_5,no_load
0.736856,0.0,1.1426,0.4852,0.6574,0.0,-0.082,step_5,no_load
0.747406,0.0,1.1426,0.4844,0.6582,0.0,-0.082,step_5,no_load
0.757842,0.0,1.1426,0.4836,0.6590,0.0,-0.081,step_5,no_load
0.768186,0.0,1.1426,0.4828,0.6598,0.0,-0.081,step_5,no_load
0.778776,0.0,1.1426,0.4820,0.6606,0.0,-0.080,step_5,no_load
0.789383,0.0,1.1426,0.4812,0.6614,0.0,-0.079,step_5,no_load
0.799945,0.0,1.1426,0.4804,0.6622,0.0,-0.079,step_5,no_load
0.811106,0.0,1.1426,0.4792,0.6634,0.0,-0.078,step_5,no_load
0.821623,0.0,1.1426,0.4785,0.6641,0.0,-0.077,step_5,no_load
0.832308,0.0,1.1426,0.4777,0.6649,0.0,-0.077,step_5,no_load
0.842728,0.0,1.1426,0.4769,0.6657,0.0,-0.076,step_5,no_load
0.853426,0.0,1.1426,0.4762,0.6664,0.0,-0.076,step_5,no_load
0.864431,0.0,1.1426,0.4754,0.6672,0.0,-0.075,step_5,no_load
0.875085,0.0,1.1426,0.4743,0.6683,0.0,-0.075,step_5,no_load
0.886253,0.0,1.1426,0.4736,0.6690,0.0,-0.074,step_5,no_load
0.896919,0.0,1.1426,0.4728,0.6698,0.0,-0.074,step_5,no_load
0.907503,0.0,1.1426,0.4721,0.6705,0.0,-0.073,step_5,no_load
0.917941,0.0,1.1426,0.4714,0.6712,0.0,-0.073,step_5,no_load
0.928123,0.0,1.1426,0.4706,0.6720,0.0,-0.072,step_5,no_load
0.938612,0.0,1.1426,0.4699,0.6727,0.0,-0.072,step_5,no_load
0.948997,0.0,1.1426,0.4692,0.6734,0.0,-0.071,step_5,no_load
0.959467,0.0,1.1426,0.4685,0.6741,0.0,-0.071,step_5,no_load
0.970153,0.0,1.1426,0.4675,0.6751,0.0,-0.070,step_5,no_load
0.980674,0.0,1.1426,0.4668,0.6758,0.0,-0.069,step_5,no_load
0.990862,0.0,1.1426,0.4661,0.6765,0.0,-0.069,step_5,no_load
1.001275,0.0,1.1426,0.4654,0.6772,0.0,-0.068,step_5,no_load
1.01186,0.0,1.1426,0.4647,0.6779,0.0,-0.068,step_5,no_load
1.023077,0.0,1.1426,0.4641,0.6785,0.0,-0.067,step_5,no_load
1.033884,0.0,1.1426,0.4634,0.6792,0.0,-0.067,step_5,no_load
1.044547,0.0,1.1426,0.4627,0.6799,0.0,-0.066,step_5,no_load
1.054644,0.0,1.1426,0.4621,0.6805,0.0,-0.066,step_5,no_load
1.065131,0.0,1.1426,0.4611,0.6815,0.0,-0.065,step_5,no_load
1.07574,0.0,1.1426,0.4604,0.6822,0.0,-0.065,step_5,no_load
1.086408,0.0,1.1426,0.4598,0.6828,0.0,-0.064,step_5,no_load
1.097012,0.0,1.1426,0.4591,0.6835,0.0,-0.064,step_5,no_load
1.107601,0.0,1.1426,0.4585,0.6841,0.0,-0.063,step_5,no_load
1.118112,0.0,1.1426,0.4579,0.6847,0.0,-0.063,step_5,no_load
1.12868,0.0,1.1426,0.4573,0.6853,0.0,-0.063,step_5,no_load
1.139204,0.0,1.1426,0.4566,0.6860,0.0,-0.062,step_5,no_load
1.149812,0.0,1.1426,0.4560,0.6866,0.0,-0.062,step_5,no_load
1.160659,0.0,1.1426,0.4551,0.6875,0.0,-0.061,step_5,no_load
1.171064,0.0,1.1426,0.4545,0.6881,0.0,-0.061,step_5,no_load
1.181324,0.0,1.1426,0.4539,0.6887,0.0,-0.060,step_5,no_load
1.191584,0.0,1.1426,0.4533,0.6893,0.0,-0.060,step_5,no_load
1.202564,4.7241,1.1426,0.4527,0.6899,0.0,-0.059,step_5,no_load
1.212765,4.7241,1.1426,0.4521,0.6905,0.0,-0.059,step_5,no_load
1.223715,4.7241,1.1426,0.4515,0.6911,0.0,-0.059,step_5,no_load
1.234117,4.7241,1.1426,0.4509,0.6917,0.0,-0.058,step_5,no_load
1.244701,4.7241,1.1426,0.4504,0.6922,0.0,-0.058,step_5,no_load
1.25534,4.7241,1.3184,0.4495,0.8689,16.524,-0.057,step_5,no_load
1.265941,4.7241,1.5820,0.4489,1.1331,24.866,-0.057,step_5,no_load
1.276839,4.7241,2.1094,0.6165,1.4929,48.394,16.756,step_5,no_load
1.287207,4.7241,2.5488,0.9268,1.6220,42.38,31.027,step_5,no_load
1.297823,4.7241,3.0762,1.3100,1.7662,49.68,38.325,step_5,no_load
1.308149,4.7241,3.5156,1.7198,1.7958,42.553,40.984,step_5,no_load
1.318878,4.7241,3.6914,2.1264,1.5650,16.385,40.658,step_5,no_load
1.329658,4.7241,3.9551,2.5115,1.4436,24.462,38.510,step_5,no_load
1.339877,4.7241,4.0430,2.8650,1.1780,8.602,35.344,step_5,no_load
1.350393,4.7241,4.1309,3.3264,0.8045,8.359,30.760,step_5,no_load
1.360553,4.7241,4.2187,3.5873,0.6314,8.642,26.092,step_5,no_load
1.370811,4.7241,4.3066,3.8128,0.4938,8.569,22.548,step_5,no_load
1.381169,4.7241,4.3945,4.0056,0.3889,8.486,19.287,step_5,no_load
1.391727,4.7241,4.4824,4.1692,0.3132,8.325,16.356,step_5,no_load
1.401961,4.7241,4.4824,4.3069,0.1755,0.0,13.768,step_5,no_load
1.412599,4.7241,4.4824,4.4221,0.0603,0.0,11.517,step_5,no_load
1.422842,4.7241,4.4824,4.5179,-0.0355,0.0,9.579,step_5,no_load
1.4332,4.7241,4.4824,4.5971,-0.1147,0.0,7.928,step_5,no_load
1.443595,4.7241,4.4824,4.6624,-0.1800,0.0,6.532,step_5,no_load
1.454133,4.7241,4.4824,4.7160,-0.2336,0.0,5.360,step_5,no_load
1.464742,4.7241,4.4824,4.7599,-0.2775,0.0,4.382,step_5,no_load
1.475228,4.7241,4.4824,4.8108,-0.3284,0.0,3.397,step_5,no_load
1.485676,4.7241,4.4824,4.8369,-0.3545,0.0,2.610,step_5,no_load
1.496213,4.7241,4.4824,4.8580,-0.3756,0.0,2.111,step_5,no_load
1.506869,4.7241,4.4824,4.8751,-0.3927,0.0,1.702,step_5,no_load
1.51712,4.7241,4.4824,4.8888,-0.4064,0.0,1.369,step_5,no_load
1.527233,4.7241,4.4824,4.8997,-0.4173,0.0,1.099,step_5,no_load
1.537915,4.7241,4.4824,4.9085,-0.4261,0.0,0.880,step_5,no_load
1.548913,4.7241,4.4824,4.9156,-0.4332,0.0,0.703,step_5,no_load
1.559044,4.7241,4.4824,4.9212,-0.4388,0.0,0.560,step_5,no_load
1.569367,4.7241,4.4824,4.9256,-0.4432,0.0,0.446,step_5,no_load
1.579964,4.7241,4.4824,4.9292,-0.4468,0.0,0.354,step_5,no_load
1.590695,4.7241,4.4824,4.9331,-0.4507,0.0,0.265,step_5,no_load
1.601228,4.7241,4.4824,4.9351,-0.4527,0.0,0.197,step_5,no_load
1.61158,4.7241,4.4824,4.9367,-0.4543,0.0,0.155,step_5,no_load
1.621724,4.7241,4.4824,4.9379,-0.4555,0.0,0.126,step_5,no_load
1.632053,4.7241,4.4824,4.9391,-0.4567,0.0,0.114,step_5,no_load
1.642955,4.7241,4.4824,4.9402,-0.4578,0.0,0.108,step_5,no_load
1.653509,4.7241,4.4824,4.9412,-0.4588,0.0,0.106,step_5,no_load
1.663739,4.7241,4.4824,4.9423,-0.4599,0.0,0.105,step_5,no_load
1.673877,4.7241,4.4824,4.9433,-0.4609,0.0,0.104,step_5,no_load
1.684382,4.7241,4.4824,4.9443,-0.4619,0.0,0.103,step_5,no_load
1.694788,4.7241,4.4824,4.9453,-0.4629,0.0,0.102,step_5,no_load
1.705137,4.7241,4.4824,4.9469,-0.4645,0.0,0.101,step_5,no_load
1.715701,4.7241,4.4824,4.9479,-0.4655,0.0,0.100,step_5,no_load
1.726232,4.7241,4.4824,4.9489,-0.4665,0.0,0.100,step_5,no_load
1.736854,4.7241,4.4824,4.9499,-0.4675,0.0,0.099,step_5,no_load
1.747129,4.7241,4.4824,4.9508,-0.4684,0.0,0.098,step_5,no_load
1.757486,4.7241,4.4824,4.9518,-0.4694,0.0,0.098,step_5,no_load
1.768618,4.7241,4.4824,4.9528,-0.4704,0.0,0.097,step_5,no_load
1.779327,4.7241,4.4824,4.9538,-0.4714,0.0,0.096,step_5,no_load
1.790727,4.7241,4.4824,4.9552,-0.4728,0.0,0.095,step_5,no_load
1.801238,4.7241,4.4824,4.9561,-0.4737,0.0,0.095,step_5,no_load
1.811744,4.7241,4.4824,4.9571,-0.4747,0.0,0.094,step_5,no_load
1.822576,4.7241,4.4824,4.9580,-0.4756,0.0,0.093,step_5,no_load
1.832753,4.7241,4.4824,4.9589,-0.4765,0.0,0.093,step_5,no_load
1.842959,4.7241,4.4824,4.9598,-0.4774,0.0,0.092,step_5,no_load
1.853265,4.7241,4.4824,4.9608,-0.4784,0.0,0.091,step_5,no_load
1.86413,4.7241,4.4824,4.9617,-0.4793,0.0,0.091,step_5,no_load
1.874775,4.7241,4.4824,4.9626,-0.4802,0.0,0.090,step_5,no_load
1.885419,4.7241,4.4824,4.9639,-0.4815,0.0,0.089,step_5,no_load
1.896042,4.7241,4.4824,4.9648,-0.4824,0.0,0.089,step_5,no_load
1.906363,4.7241,4.4824,4.9657,-0.4833,0.0,0.088,step_5,no_load
1.917208,4.7241,4.4824,4.9666,-0.4842,0.0,0.087,step_5,no_load
1.927871,4.7241,4.4824,4.9674,-0.4850,0.0,0.087,step_5,no_load
1.938499,4.7241,4.4824,4.9683,-0.4859,0.0,0.086,step_5,no_load
1.948828,4.7241,4.4824,4.9691,-0.4867,0.0,0.086,step_5,no_load
1.959412,4.7241,4.4824,4.9700,-0.4876,0.0,0.085,step_5,no_load
1.969925,4.7241,4.4824,4.9708,-0.4884,0.0,0.084,step_5,no_load
1.980678,4.7241,4.4824,4.9721,-0.4897,0.0,0.084,step_5,no_load
1.991073,4.7241,4.4824,4.9729,-0.4905,0.0,0.083,step_5,no_load
2.001248,4.7241,4.4824,4.9737,-0.4913,0.0,0.082,step_5,no_load
2.011631,4.7241,4.4824,4.9746,-0.4922,0.0,0.082,step_5,no_load
2.022217,4.7241,4.4824,4.9754,-0.4930,0.0,0.081,step_5,no_load
2.033456,4.7241,4.4824,4.9762,-0.4938,0.0,0.081,step_5,no_load
2.043592,4.7241,4.4824,4.9770,-0.4946,0.0,0.080,step_5,no_load
2.053843,4.7241,4.4824,4.9778,-0.4954,0.0,0.080,step_5,no_load
2.064957,4.7241,4.4824,4.9786,-0.4962,0.0,0.079,step_5,no_load
2.075493,4.7241,4.4824,4.9797,-0.4973,0.0,0.078,step_5,no_load
2.085698,4.7241,4.4824,4.9805,-0.4981,0.0,0.078,step_5,no_load
2.096102,4.7241,4.4824,4.9813,-0.4989,0.0,0.077,step_5,no_load
2.106729,4.7241,4.4824,4.9820,-0.4996,0.0,0.077,step_5,no_load
2.117576,4.7241,4.4824,4.9828,-0.5004,0.0,0.076,step_5,no_load
2.128235,4.7241,4.4824,4.9836,-0.5012,0.0,0.075,step_5,no_load
2.138905,4.7241,4.4824,4.9843,-0.5019,0.0,0.075,step_5,no_load
2.149993,4.7241,4.4824,4.9851,-0.5027,0.0,0.074,step_5,no_load
2.160929,4.7241,4.4824,4.9862,-0.5038,0.0,0.074,step_5,no_load
2.171187,4.7241,4.4824,4.9869,-0.5045,0.0,0.073,step_5,no_load
2.181395,4.7241,4.4824,4.9876,-0.5052,0.0,0.073,step_5,no_load
2.19178,4.7241,4.4824,4.9883,-0.5059,0.0,0.072,step_5,no_load
2.201886,4.7241,4.4824,4.9891,-0.5067,0.0,0.072,step_5,no_load
2.212948,4.7241,4.4824,4.9898,-0.5074,0.0,0.071,step_5,no_load
2.223527,4.7241,4.4824,4.9905,-0.5081,0.0,0.071,step_5,no_load
2.234446,4.7241,4.4824,4.9912,-0.5088,0.0,0.070,step_5,no_load
2.244947,4.7241,4.4824,4.9919,-0.5095,0.0,0.070,step_5,no_load
2.255066,4.7241,4.4824,4.9929,-0.5105,0.0,0.069,step_5,no_load
2.265634,4.7241,4.4824,4.9936,-0.5112,0.0,0.068,step_5,no_load
2.276291,4.7241,4.4824,4.9943,-0.5119,0.0,0.068,step_5,no_load
2.287311,4.7241,4.4824,4.9949,-0.5125,0.0,0.067,step_5,no_load
2.297627,4.7241,4.4824,4.9956,-0.5132,0.0,0.067,step_5,no_load
2.308156,4.7241,4.4824,4.9963,-0.5139,0.0,0.067,step_5,no_load
2.318839,4.7241,4.4824,4.9969,-0.5145,0.0,0.066,step_5,no_load
2.329493,4.7241,4.4824,4.9976,-0.5152,0.0,0.066,step_5,no_load
2.339905,4.7241,4.4824,4.9982,-0.5158,0.0,0.065,step_5,no_load
2.350657,4.7241,4.4824,4.9992,-0.5168,0.0,0.065,step_5,no_load
2.361179,4.7241,4.4824,4.9999,-0.5175,0.0,0.064,step_5,no_load
2.371826,4.7241,4.4824,5.0005,-0.5181,0.0,0.064,step_5,no_load
2.382205,4.7241,4.4824,5.0011,-0.5187,0.0,0.063,step_5,no_load
2.392429,4.7241,4.4824,5.0017,-0.5193,0.0,0.063,step_5,no_load
2.403679,0.0,4.4824,5.0024,-0.5200,0.0,0.062,step_5,no_load
2.41468,0.0,4.4824,5.0030,-0.5206,0.0,0.062,step_5,no_load
2.424801,0.0,4.4824,5.0036,-0.5212,0.0,0.061,step_5,no_load
2.434958,0.0,4.4824,5.0042,-0.5218,0.0,0.061,step_5,no_load
2.4457,0.0,4.4824,5.0051,-0.5227,0.0,0.060,step_5,no_load
2.456364,0.0,4.3066,5.0057,-0.6991,-16.485,0.060,step_5,no_load
2.467042,0.0,3.9551,5.0063,-1.0512,-32.918,0.059,step_5,no_load
2.477615,0.0,3.5156,4.8389,-1.3233,-41.568,-16.738,step_5,no_load
2.488422,0.0,2.9883,4.5289,-1.5406,-48.792,-30.998,step_5,no_load
2.49899,0.0,2.5488,4.1460,-1.5972,-41.588,-38.291,step_5,no_load
2.509313,0.0,2.1094,3.7366,-1.6272,-42.565,-40.946,step_5,no_load
2.519559,0.0,1.9336,3.3304,-1.3968,-17.158,-40.620,step_5,no_load
2.530445,0.0,1.7578,2.7647,-1.0069,-16.149,-37.709,step_5,no_load
2.540641,0.0,1.6699,2.4295,-0.7596,-8.621,-33.523,step_5,no_load
2.551098,0.0,1.5820,2.1316,-0.5496,-8.406,-29.790,step_5,no_load
2.561658,0.0,1.4941,1.8710,-0.3769,-8.324,-26.066,step_5,no_load
2.571855,0.0,1.4941,1.6457,-0.1516,0.0,-22.525,step_5,no_load
2.582193,0.0,1.4063,1.4530,-0.0467,-8.493,-19.268,step_5,no_load
2.592518,0.0,1.3184,1.2896,0.0288,-8.513,-16.340,step_5,no_load
2.603238,0.0,1.2305,1.1521,0.0784,-8.2,-13.756,step_5,no_load
2.613471,0.0,1.1426,1.0370,0.1056,-8.59,-11.507,step_5,no_load
2.623783,0.0,1.1426,0.9413,0.2013,0.0,-9.571,step_5,no_load
2.634032,0.0,1.1426,0.8621,0.2805,0.0,-7.922,step_5,no_load
2.644579,0.0,1.1426,0.7968,0.3458,0.0,-6.528,step_5,no_load
2.654935,0.0,1.1426,0.7432,0.3994,0.0,-5.357,step_5,no_load
2.665456,0.0,1.1426,0.6806,0.4620,0.0,-4.171,step_5,no_load
2.676109,0.0,1.1426,0.6485,0.4941,0.0,-3.218,step_5,no_load
2.686341,0.0,1.1426,0.6224,0.5202,0.0,-2.610,step_5,no_load
2.696505,0.0,1.1426,0.6012,0.5414,0.0,-2.111,step_5,no_load
2.706769,0.0,1.1426,0.5842,0.5584,0.0,-1.703,step_5,no_load
2.717311,0.0,1.1426,0.5705,0.5721,0.0,-1.370,step_5,no_load
2.727468,0.0,1.1426,0.5595,0.5831,0.0,-1.100,step_5,no_load
2.73809,0.0,1.1426,0.5507,0.5919,0.0,-0.881,step_5,no_load
2.748709,0.0,1.1426,0.5437,0.5989,0.0,-0.704,step_5,no_load
2.75976,0.0,1.1426,0.5381,0.6045,0.0,-0.561,step_5,no_load
2.770727,0.0,1.1426,0.5317,0.6109,0.0,-0.423,step_5,no_load
2.781218,0.0,1.1426,0.5286,0.6140,0.0,-0.316,step_5,no_load
2.791403,0.0,1.1426,0.5260,0.6166,0.0,-0.250,step_5,no_load
2.801857,0.0,1.1426,0.5241,0.6185,0.0,-0.198,step_5,no_load
2.81216,0.0,1.1426,0.5225,0.6201,0.0,-0.156,step_5,no_load
2.822556,0.0,1.1426,0.5212,0.6214,0.0,-0.126,step_5,no_load
2.833007,0.0,1.1426,0.5201,0.6225,0.0,-0.114,step_5,no_load
2.843468,0.0,1.1426,0.5190,0.6236,0.0,-0.108,step_5,no_load
2.85406,0.0,1.1426,0.5180,0.6246,0.0,-0.106,step_5,no_load
2.864174,0.0,1.1426,0.5169,0.6257,0.0,-0.105,step_5,no_load
2.874796,0.0,1.1426,0.5159,0.6267,0.0,-0.104,step_5,no_load
2.885314,0.0,1.1426,0.5143,0.6283,0.0,-0.103,step_5,no_load
2.895953,0.0,1.1426,0.5133,0.6293,0.0,-0.102,step_5,no_load
2.906204,0.0,1.1426,0.5123,0.6303,0.0,-0.101,step_5,no_load
2.916778,0.0,1.1426,0.5113,0.6313,0.0,-0.100,step_5,no_load
2.927407,0.0,1.1426,0.5103,0.6323,0.0,-0.100,step_5,no_load
2.938005,0.0,1.1426,0.5093,0.6333,0.0,-0.099,step_5,no_load
2.948426,0.0,1.1426,0.5083,0.6343,0.0,-0.098,step_5,no_load
2.958824,0.0,1.1426,0.5074,0.6352,0.0,-0.098,step_5,no_load
2.969986,0.0,1.1426,0.5064,0.6362,0.0,-0.097,step_5,no_load
2.980846,0.0,1.1426,0.5049,0.6377,0.0,-0.096,step_5,no_load
2.991268,0.0,1.1426,0.5040,0.6386,0.0,-0.095,step_5,no_load
3.001693,0.0,1.1426,0.5030,0.6396,0.0,-0.095,step_5,no_load
3.012092,0.0,1.1426,0.5021,0.6405,0.0,-0.094,step_5,no_load
3.022587,0.0,1.1426,0.5012,0.6414,0.0,-0.093,step_5,no_load
3.033038,0.0,1.1426,0.5002,0.6424,0.0,-0.093,step_5,no_load
3.043935,0.0,1.1426,0.4993,0.6433,0.0,-0.092,step_5,no_load
3.054863,0.0,1.1426,0.4984,0.6442,0.0,-0.091,step_5,no_load
3.065513,0.0,1.1426,0.4971,0.6455,0.0,-0.091,step_5,no_load
3.076052,0.0,1.1426,0.4962,0.6464,0.0,-0.090,step_5,no_load
3.086568,0.0,1.1426,0.4953,0.6473,0.0,-0.089,step_5,no_load
3.096877,0.0,1.1426,0.4944,0.6482,0.0,-0.089,step_5,no_load
3.107593,0.0,1.1426,0.4935,0.6491,0.0,-0.088,step_5,no_load
3.118233,0.0,1.1426,0.4926,0.6500,0.0,-0.087,step_5,no_load
3.128986,0.0,1.1426,0.4918,0.6508,0.0,-0.087,step_5,no_load
3.139631,0.0,1.1426,0.4909,0.6517,0.0,-0.086,step_5,no_load
3.150171,0.0,1.1426,0.4896,0.6530,0.0,-0.085,step_5,no_load
3.160632,0.0,1.1426,0.4888,0.6538,0.0,-0.085,step_5,no_load
3.171064,0.0,1.1426,0.4879,0.6547,0.0,-0.084,step_5,no_load
3.18145,0.0,1.1426,0.4871,0.6555,0.0,-0.084,step_5,no_load
3.191662,0.0,1.1426,0.4863,0.6563,0.0,-0.083,step_5,no_load
3.201983,0.0,1.1426,0.4854,0.6572,0.0,-0.082,step_5,no_load
3.212637,0.0,1.1426,0.4846,0.6580,0.0,-0.082,step_5,no_load
3.223556,0.0,1.1426,0.4838,0.6588,0.0,-0.081,step_5,no_load
3.234123,0.0,1.1426,0.4830,0.6596,0.0,-0.081,step_5,no_load
3.244796,0.0,1.1426,0.4822,0.6604,0.0,-0.080,step_5,no_load
3.25567,0.0,1.1426,0.4810,0.6616,0.0,-0.079,step_5,no_load
3.266203,0.0,1.1426,0.4802,0.6624,0.0,-0.079,step_5,no_load
3.276409,0.0,1.1426,0.4794,0.6632,0.0,-0.078,step_5,no_load
3.286694,0.0,1.1426,0.4787,0.6639,0.0,-0.078,step_5,no_load
3.297389,0.0,1.1426,0.4779,0.6647,0.0,-0.077,step_5,no_load
3.30843,0.0,1.1426,0.4771,0.6655,0.0,-0.077,step_5,no_load
3.31911,0.0,1.1426,0.4764,0.6662,0.0,-0.076,step_5,no_load
3.330315,0.0,1.1426,0.4752,0.6674,0.0,-0.075,step_5,no_load
3.340785,0.0,1.1426,0.4745,0.6681,0.0,-0.075,step_5,no_load
3.351424,0.0,1.1426,0.4737,0.6689,0.0,-0.074,step_5,no_load
3.362003,0.0,1.1426,0.4730,0.6696,0.0,-0.074,step_5,no_load
3.372826,0.0,1.1426,0.4723,0.6703,0.0,-0.073,step_5,no_load
3.383246,0.0,1.1426,0.4716,0.6710,0.0,-0.073,step_5,no_load
3.393677,0.0,1.1426,0.4708,0.6718,0.0,-0.072,step_5,no_load
3.403992,0.0,1.1426,0.4701,0.6725,0.0,-0.072,step_5,no_load
3.414866,0.0,1.1426,0.4694,0.6732,0.0,-0.071,step_5,no_load
3.4253,0.0,1.1426,0.4683,0.6743,0.0,-0.071,step_5,no_load
3.435899,0.0,1.1426,0.4676,0.6750,0.0,-0.070,step_5,no_load
3.446242,0.0,1.1426,0.4670,0.6756,0.0,-0.069,step_5,no_load
3.456919,0.0,1.1426,0.4663,0.6763,0.0,-0.069,step_5,no_load
3.467068,0.0,1.1426,0.4656,0.6770,0.0,-0.068,step_5,no_load
3.477733,0.0,1.1426,0.4649,0.6777,0.0,-0.068,step_5,no_load
3.487982,0.0,1.1426,0.4642,0.6784,0.0,-0.067,step_5,no_load
3.498468,0.0,1.1426,0.4636,0.6790,0.0,-0.067,step_5,no_load
3.508901,0.0,1.1426,0.4629,0.6797,0.0,-0.067,step_5,no_load
3.519631,0.0,1.1426,0.4622,0.6804,0.0,-0.066,step_5,no_load
3.530307,0.0,1.1426,0.4612,0.6814,0.0,-0.066,step_5,no_load
3.541273,0.0,1.1426,0.4606,0.6820,0.0,-0.065,step_5,no_load
3.551573,0.0,1.1426,0.4599,0.6827,0.0,-0.065,step_5,no_load
3.561999,0.0,1.1426,0.4593,0.6833,0.0,-0.064,step_5,no_load
3.572204,0.0,1.1426,0.4587,0.6839,0.0,-0.064,step_5,no_load
3.582323,0.0,1.1426,0.4580,0.6846,0.0,-0.063,step_5,no_load
3.592727,0.0,1.1426,0.4574,0.6852,0.0,-0.063,step_5,no_load
3.603148,0.0,1.1426,0.4568,0.6858,0.0,-0.062,step_5,no_load
3.613853,4.7241,1.1426,0.4562,0.6864,0.0,-0.062,step_5,no_load
3.624218,4.7241,1.1426,0.4556,0.6870,0.0,-0.061,step_5,no_load
3.634428,4.7241,1.1426,0.4549,0.6877,0.0,-0.061,step_5,no_load
3.645075,4.7241,1.1426,0.4540,0.6886,0.0,-0.060,step_5,no_load
3.655425,4.7241,1.1426,0.4534,0.6892,0.0,-0.060,step_5,no_load
3.665977,4.7241,1.3184,0.4528,0.8656,16.66,-0.060,step_5,no_load
3.67613,4.7241,1.5820,0.4523,1.1297,25.963,-0.059,step_5,no_load
3.686349,4.7241,2.0215,0.6197,1.4018,43.008,16.742,step_5,no_load
3.696737,4.7241,2.4609,0.9297,1.5312,42.299,31.003,step_5,no_load
3.707369,4.7241,2.9883,1.3127,1.6756,49.605,38.297,step_5,no_load
3.718125,4.7241,3.4277,1.7222,1.7055,40.852,40.953,step_5,no_load
3.728563,4.7241,3.6914,2.1285,1.5629,25.263,40.628,step_5,no_load
3.739185,4.7241,3.9551,2.5133,1.4418,24.826,38.482,step_5,no_load
3.749806,4.7241,4.0430,2.8665,1.1765,8.276,35.318,step_5,no_load
3.761034,4.7241,4.1309,3.3275,0.8034,7.829,30.738,step_5,no_load
3.771786,4.7241,4.1309,3.5883,0.5426,0.0,26.073,step_5,no_load
3.78192,4.7241,4.2187,3.8136,0.4051,8.664,22.532,step_5,no_load
3.792407,4.7241,4.3945,4.0063,0.3882,16.764,19.273,step_5,no_load
3.803116,4.7241,4.4824,4.1698,0.3126,8.208,16.344,step_5,no_load
3.814493,4.7241,4.4824,4.3074,0.1750,0.0,13.758,step_5,no_load
3.824986,4.7241,4.4824,4.4224,0.0600,0.0,11.508,step_5,no_load
3.8355,4.7241,4.4824,4.5597,-0.0773,0.0,9.149,step_5,no_load
3.846058,4.7241,4.4824,4.6316,-0.1492,0.0,7.195,step_5,no_load
3.857047,4.7241,4.4824,4.6908,-0.2084,0.0,5.916,step_5,no_load
3.868094,4.7241,4.4824,4.7392,-0.2568,0.0,4.845,step_5,no_load
3.878675,4.7241,4.4824,4.7788,-0.2964,0.0,3.954,step_5,no_load
3.889191,4.7241,4.4824,4.8109,-0.3285,0.0,3.216,step_5,no_load
3.899782,4.7241,4.4824,4.8370,-0.3546,0.0,2.608,step_5,no_load
3.910015,4.7241,4.4824,4.8671,-0.3847,0.0,2.004,step_5,no_load
3.920752,4.7241,4.4824,4.8823,-0.3999,0.0,1.526,step_5,no_load
3.930985,4.7241,4.4824,4.8946,-0.4122,0.0,1.226,step_5,no_load
3.941503,4.7241,4.4824,4.9044,-0.4220,0.0,0.983,step_5,no_load
3.95217,4.7241,4.4824,4.9123,-0.4299,0.0,0.786,step_5,no_load
3.963414,4.7241,4.4824,4.9185,-0.4361,0.0,0.627,step_5,no_load
3.973957,4.7241,4.4824,4.9235,-0.4411,0.0,0.500,step_5,no_load
3.984123,4.7241,4.4824,4.9275,-0.4451,0.0,0.397,step_5,no_load
3.99465,4.7241,4.4824,4.9307,-0.4483,0.0,0.315,step_5,no_load
4.005465,4.7241,4.4824,4.9342,-0.4518,0.0,0.236,step_5,no_load
4.015859,4.7241,4.4824,4.9359,-0.4535,0.0,0.175,step_5,no_load
4.026382,4.7241,4.4824,4.9373,-0.4549,0.0,0.138,step_5,no_load
4.037145,4.7241,4.4824,4.9385,-0.4561,0.0,0.118,step_5,no_load
4.047707,4.7241,4.4824,4.9396,-0.4572,0.0,0.110,step_5,no_load
4.058358,4.7241,4.4824,4.9407,-0.4583,0.0,0.107,step_5,no_load
4.069012,4.7241,4.4824,4.9417,-0.4593,0.0,0.105,step_5,no_load
4.079589,4.7241,4.4824,4.9428,-0.4604,0.0,0.104,step_5,no_load
4.090046,4.7241,4.4824,4.9443,-0.4619,0.0,0.103,step_5,no_load
4.100628,4.7241,4.4824,4.9453,-0.4629,0.0,0.102,step_5,no_load
4.110761,4.7241,4.4824,4.9464,-0.4640,0.0,0.101,step_5,no_load
4.121289,4.7241,4.4824,4.9474,-0.4650,0.0,0.101,step_5,no_load
4.131581,4.7241,4.4824,4.9484,-0.4660,0.0,0.100,step_5,no_load
4.142515,4.7241,4.4824,4.9494,-0.4670,0.0,0.099,step_5,no_load
4.153338,4.7241,4.4824,4.9504,-0.4680,0.0,0.099,step_5,no_load
4.163502,4.7241,4.4824,4.9513,-0.4689,0.0,0.098,step_5,no_load
4.174769,4.7241,4.4824,4.9523,-0.4699,0.0,0.097,step_5,no_load
4.18535,4.7241,4.4824,4.9538,-0.4714,0.0,0.096,step_5,no_load
4.195963,4.7241,4.4824,4.9547,-0.4723,0.0,0.096,step_5,no_load
4.20692,4.7241,4.4824,4.9557,-0.4733,0.0,0.095,step_5,no_load
4.217471,4.7241,4.4824,4.9566,-0.4742,0.0,0.094,step_5,no_load
4.227929,4.7241,4.4824,4.9575,-0.4751,0.0,0.094,step_5,no_load
4.238397,4.7241,4.4824,4.9585,-0.4761,0.0,0.093,step_5,no_load
4.248999,4.7241,4.4824,4.9594,-0.4770,0.0,0.092,step_5,no_load
4.259622,4.7241,4.4824,4.9603,-0.4779,0.0,0.092,step_5,no_load
4.270058,4.7241,4.4824,4.9617,-0.4793,0.0,0.091,step_5,no_load
4.280705,4.7241,4.4824,4.9626,-0.4802,0.0,0.090,step_5,no_load
4.29128,4.7241,4.4824,4.9635,-0.4811,0.0,0.090,step_5,no_load
4.301726,4.7241,4.4824,4.9644,-0.4820,0.0,0.089,step_5,no_load
4.312015,4.7241,4.4824,4.9652,-0.4828,0.0,0.088,step_5,no_load
4.322801,4.7241,4.4824,4.9661,-0.4837,0.0,0.088,step_5,no_load
4.33349,4.7241,4.4824,4.9670,-0.4846,0.0,0.087,step_5,no_load
4.344079,4.7241,4.4824,4.9679,-0.4855,0.0,0.086,step_5,no_load
4.355019,4.7241,4.4824,4.9691,-0.4867,0.0,0.086,step_5,no_load
4.365667,4.7241,4.4824,4.9700,-0.4876,0.0,0.085,step_5,no_load
4.376131,4.7241,4.4824,4.9708,-0.4884,0.0,0.084,step_5,no_load
4.386874,4.7241,4.4824,4.9717,-0.4893,0.0,0.084,step_5,no_load
4.397451,4.7241,4.4824,4.9725,-0.4901,0.0,0.083,step_5,no_load
4.408207,4.7241,4.4824,4.9733,-0.4909,0.0,0.083,step_5,no_load
4.418699,4.7241,4.4824,4.9741,-0.4917,0.0,0.082,step_5,no_load
4.429452,4.7241,4.4824,4.9750,-0.4926,0.0,0.081,step_5,no_load
4.440074,4.7241,4.4824,4.9762,-0.4938,0.0,0.081,step_5,no_load
4.450358,4.7241,4.4824,4.9770,-0.4946,0.0,0.080,step_5,no_load
4.461049,4.7241,4.4824,4.9778,-0.4954,0.0,0.080,step_5,no_load
4.471685,4.7241,4.4824,4.9786,-0.4962,0.0,0.079,step_5,no_load
4.482008,4.7241,4.4824,4.9793,-0.4969,0.0,0.078,step_5,no_load
4.492631,4.7241,4.4824,4.9801,-0.4977,0.0,0.078,step_5,no_load
4.503394,4.7241,4.4824,4.9809,-0.4985,0.0,0.077,step_5,no_load
4.513609,4.7241,4.4824,4.9817,-0.4993,0.0,0.077,step_5,no_load
4.523814,4.7241,4.4824,4.9824,-0.5000,0.0,0.076,step_5,no_load
4.534245,4.7241,4.4824,4.9832,-0.5008,0.0,0.076,step_5,no_load
4.544831,4.7241,4.4824,4.9839,-0.5015,0.0,0.075,step_5,no_load
4.555729,4.7241,4.4824,4.9851,-0.5027,0.0,0.075,step_5,no_load
4.566299,4.7241,4.4824,4.9858,-0.5034,0.0,0.074,step_5,no_load
4.576484,4.7241,4.4824,4.9865,-0.5041,0.0,0.073,step_5,no_load
4.587532,4.7241,4.4824,4.9873,-0.5049,0.0,0.073,step_5,no_load
4.597884,4.7241,4.4824,4.9880,-0.5056,0.0,0.072,step_5,no_load
4.608957,4.7241,4.4824,4.9887,-0.5063,0.0,0.072,step_5,no_load
4.619136,4.7241,4.4824,4.9894,-0.5070,0.0,0.071,step_5,no_load
4.629881,4.7241,4.4824,4.9901,-0.5077,0.0,0.071,step_5,no_load
4.640639,4.7241,4.4824,4.9912,-0.5088,0.0,0.070,step_5,no_load
4.65084,4.7241,4.4824,4.9919,-0.5095,0.0,0.070,step_5,no_load
4.661638,4.7241,4.4824,4.9926,-0.5102,0.0,0.069,step_5,no_load
4.67206,4.7241,4.4824,4.9932,-0.5108,0.0,0.069,step_5,no_load
4.68236,4.7241,4.4824,4.9939,-0.5115,0.0,0.068,step_5,no_load
4.692748,4.7241,4.4824,4.9946,-0.5122,0.0,0.068,step_5,no_load
4.702902,4.7241,4.4824,4.9953,-0.5129,0.0,0.067,step_5,no_load
4.714041,4.7241,4.4824,4.9959,-0.5135,0.0,0.067,step_5,no_load
4.724242,4.7241,4.4824,4.9966,-0.5142,0.0,0.066,step_5,no_load
4.734763,4.7241,4.4824,4.9973,-0.5149,0.0,0.066,step_5,no_load
4.744964,4.7241,4.4824,4.9979,-0.5155,0.0,0.065,step_5,no_load
4.755478,4.7241,4.4824,4.9989,-0.5165,0.0,0.065,step_5,no_load
4.766083,4.7241,4.4824,4.9995,-0.5171,0.0,0.064,step_5,no_load
4.776478,4.7241,4.4824,5.0002,-0.5178,0.0,0.064,step_5,no_load
4.786762,4.7241,4.4824,5.0008,-0.5184,0.0,0.063,step_5,no_load
4.797362,4.7241,4.4824,5.0014,-0.5190,0.0,0.063,step_5,no_load
4.808207,4.7241,4.4824,5.0021,-0.5197,0.0,0.062,step_5,no_load
4.819563,0.0,4.4824,5.0027,-0.5203,0.0,0.062,step_5,no_load
4.830171,0.0,4.4824,5.0036,-0.5212,0.0,0.062,step_5,no_load
4.840451,0.0,4.4824,5.0042,-0.5218,0.0,0.061,step_5,no_load
4.851059,0.0,4.4824,5.0048,-0.5224,0.0,0.061,step_5,no_load
4.861528,0.0,4.4824,5.0054,-0.5230,0.0,0.060,step_5,no_load
4.871857,0.0,4.3945,5.0060,-0.6115,-8.51,0.060,step_5,no_load
4.882095,0.0,4.0430,5.0066,-0.9636,-34.333,0.059,step_5,no_load
4.892824,0.0,3.6035,4.8392,-1.2357,-40.964,-16.740,step_5,no_load
4.903307,0.0,3.0762,4.5292,-1.4530,-50.3,-31.000,step_5,no_load
4.913918,0.0,2.5488,4.1463,-1.5975,-49.703,-38.293,step_5,no_load
4.92439,0.0,2.1973,3.7368,-1.5395,-33.566,-40.949,step_5,no_load
4.935216,0.0,1.9336,3.1347,-1.2011,-24.358,-40.138,step_5,no_load
4.94565,0.0,1.8457,2.7649,-0.9192,-8.424,-36.982,step_5,no_load
4.955968,0.0,1.6699,2.4296,-0.7597,-17.038,-33.525,step_5,no_load
4.96657,0.0,1.5820,2.1317,-0.5497,-8.291,-29.792,step_5,no_load
4.977131,0.0,1.4941,1.8710,-0.3769,-8.323,-26.068,step_5,no_load
4.987525,0.0,1.4941,1.6458,-0.1517,0.0,-22.527,step_5,no_load
4.998191,0.0,1.4063,1.4531,-0.0468,-8.232,-19.269,step_5,no_load
5.008816,0.0,1.2305,1.2897,-0.0592,-16.546,-16.341,step_5,no_load
5.01898,0.0,1.2305,1.1521,0.0784,0.0,-13.757,step_5,no_load
5.02931,0.0,1.1426,1.0370,0.1056,-8.509,-11.507,step_5,no_load
5.03966,0.0,1.1426,0.9413,0.2013,0.0,-9.572,step_5,no_load
5.050423,0.0,1.1426,0.8279,0.3147,0.0,-7.564,step_5,no_load
5.060697,0.0,1.1426,0.7687,0.3739,0.0,-5.917,step_5,no_load
5.07093,0.0,1.1426,0.7202,0.4224,0.0,-4.847,step_5,no_load
5.081216,0.0,1.1426,0.6807,0.4619,0.0,-3.956,step_5,no_load
5.092018,0.0,1.1426,0.6485,0.4941,0.0,-3.219,step_5,no_load
5.103368,0.0,1.1426,0.6224,0.5202,0.0,-2.611,step_5,no_load
5.113949,0.0,1.1426,0.6013,0.5413,0.0,-2.111,step_5,no_load
5.124426,0.0,1.1426,0.5842,0.5584,0.0,-1.703,step_5,no_load
5.134668,0.0,1.1426,0.5705,0.5721,0.0,-1.370,step_5,no_load
5.14533,0.0,1.1426,0.5549,0.5877,0.0,-1.043,step_5,no_load
5.155922,0.0,1.1426,0.5470,0.5956,0.0,-0.788,step_5,no_load
5.166515,0.0,1.1426,0.5407,0.6019,0.0,-0.629,step_5,no_load
5.176858,0.0,1.1426,0.5357,0.6069,0.0,-0.501,step_5,no_load
5.18749,0.0,1.1426,0.5317,0.6109,0.0,-0.398,step_5,no_load
5.198114,0.0,1.1426,0.5286,0.6140,0.0,-0.316,step_5,no_load
5.208605,0.0,1.1426,0.5260,0.6166,0.0,-0.250,step_5,no_load
5.219268,0.0,1.1426,0.5241,0.6185,0.0,-0.198,step_5,no_load
5.230347,0.0,1.1426,0.5219,0.6207,0.0,-0.148,step_5,no_load
5.24083,0.0,1.1426,0.5207,0.6219,0.0,-0.119,step_5,no_load
5.251366,0.0,1.1426,0.5196,0.6230,0.0,-0.111,step_5,no_load
5.26174,0.0,1.1426,0.5185,0.6241,0.0,-0.107,step_5,no_load
5.272113,0.0,1.1426,0.5174,0.6252,0.0,-0.105,step_5,no_load
5.282544,0.0,1.1426,0.5164,0.6262,0.0,-0.104,step_5,no_load
5.293478,0.0,1.1426,0.5154,0.6272,0.0,-0.103,step_5,no_load
5.303801,0.0,1.1426,0.5143,0.6283,0.0,-0.103,step_5,no_load
5.315096,0.0,1.1426,0.5128,0.6298,0.0,-0.102,step_5,no_load
5.325446,0.0,1.1426,0.5118,0.6308,0.0,-0.101,step_5,no_load
5.336517,0.0,1.1426,0.5108,0.6318,0.0,-0.100,step_5,no_load
5.347002,0.0,1.1426,0.5098,0.6328,0.0,-0.099,step_5,no_load
5.3576,0.0,1.1426,0.5088,0.6338,0.0,-0.099,step_5,no_load
5.368643,0.0,1.1426,0.5078,0.6348,0.0,-0.098,step_5,no_load
5.37933,0.0,1.1426,0.5069,0.6357,0.0,-0.097,step_5,no_load
5.390029,0.0,1.1426,0.5054,0.6372,0.0,-0.096,step_5,no_load
5.4007,0.0,1.1426,0.5045,0.6381,0.0,-0.096,step_5,no_load
5.410939,0.0,1.1426,0.5035,0.6391,0.0,-0.095,step_5,no_load
5.421464,0.0,1.1426,0.5026,0.6400,0.0,-0.094,step_5,no_load
5.431646,0.0,1.1426,0.5016,0.6410,0.0,-0.094,step_5,no_load
5.442088,0.0,1.1426,0.5007,0.6419,0.0,-0.093,step_5,no_load
5.453177,0.0,1.1426,0.4998,0.6428,0.0,-0.092,step_5,no_load
5.464254,0.0,1.1426,0.4989,0.6437,0.0,-0.092,step_5,no_load
5.474739,0.0,1.1426,0.4980,0.6446,0.0,-0.091,step_5,no_load
5.485318,0.0,1.1426,0.4966,0.6460,0.0,-0.090,step_5,no_load
5.495777,0.0,1.1426,0.4957,0.6469,0.0,-0.090,step_5,no_load
5.507275,0.0,1.1426,0.4948,0.6478,0.0,-0.089,step_5,no_load
5.518069,0.0,1.1426,0.4939,0.6487,0.0,-0.088,step_5,no_load
5.528274,0.0,1.1426,0.4931,0.6495,0.0,-0.088,step_5,no_load
5.539012,0.0,1.1426,0.4922,0.6504,0.0,-0.087,step_5,no_load
5.549844,0.0,1.1426,0.4913,0.6513,0.0,-0.086,step_5,no_load
5.56068,0.0,1.1426,0.4900,0.6526,0.0,-0.086,step_5,no_load
5.571074,0.0,1.1426,0.4892,0.6534,0.0,-0.085,step_5,no_load
5.581291,0.0,1.1426,0.4883,0.6543,0.0,-0.084,step_5,no_load
5.592202,0.0,1.1426,0.4875,0.6551,0.0,-0.084,step_5,no_load
5.602435,0.0,1.1426,0.4867,0.6559,0.0,-0.083,step_5,no_load
5.612612,0.0,1.1426,0.4858,0.6568,0.0,-0.083,step_5,no_load
5.623327,0.0,1.1426,0.4850,0.6576,0.0,-0.082,step_5,no_load
5.634324,0.0,1.1426,0.4842,0.6584,0.0,-0.082,step_5,no_load
5.645386,0.0,1.1426,0.4830,0.6596,0.0,-0.081,step_5,no_load
5.655645,0.0,1.1426,0.4822,0.6604,0.0,-0.080,step_5,no_load
5.665981,0.0,1.1426,0.4814,0.6612,0.0,-0.080,step_5,no_load
5.676745,0.0,1.1426,0.4806,0.6620,0.0,-0.079,step_5,no_load
5.687098,0.0,1.1426,0.4798,0.6628,0.0,-0.078,step_5,no_load
5.697961,0.0,1.1426,0.4790,0.6636,0.0,-0.078,step_5,no_load
5.708123,0.0,1.1426,0.4783,0.6643,0.0,-0.077,step_5,no_load
5.718746,0.0,1.1426,0.4775,0.6651,0.0,-0.077,step_5,no_load
5.728972,0.0,1.1426,0.4767,0.6659,0.0,-0.076,step_5,no_load
5.73955,0.0,1.1426,0.4760,0.6666,0.0,-0.076,step_5,no_load
5.749994,0.0,1.1426,0.4752,0.6674,0.0,-0.075,step_5,no_load
5.760977,0.0,1.1426,0.4741,0.6685,0.0,-0.075,step_5,no_load
5.771228,0.0,1.1426,0.4734,0.6692,0.0,-0.074,step_5,no_load
5.781686,0.0,1.1426,0.4726,0.6700,0.0,-0.073,step_5,no_load
5.792422,0.0,1.1426,0.4719,0.6707,0.0,-0.073,step_5,no_load
5.802587,0.0,1.1426,0.4712,0.6714,0.0,-0.072,step_5,no_load
5.812786,0.0,1.1426,0.4705,0.6721,0.0,-0.072,step_5,no_load
5.823098,0.0,1.1426,0.4698,0.6728,0.0,-0.071,step_5,no_load
5.833499,0.0,1.1426,0.4690,0.6736,0.0,-0.071,step_5,no_load
5.843778,0.0,1.1426,0.4683,0.6743,0.0,-0.070,step_5,no_load
5.854328,0.0,1.1426,0.4676,0.6750,0.0,-0.070,step_5,no_load
5.864674,0.0,1.1426,0.4670,0.6756,0.0,-0.069,step_5,no_load
5.87521,0.0,1.1426,0.4659,0.6767,0.0,-0.069,step_5,no_load
5.885395,0.0,1.1426,0.4652,0.6774,0.0,-0.068,step_5,no_load
5.896408,0.0,1.1426,0.4646,0.6780,0.0,-0.068,step_5,no_load
5.90706,0.0,1.1426,0.4639,0.6787,0.0,-0.067,step_5,no_load
5.918123,0.0,1.1426,0.4632,0.6794,0.0,-0.067,step_5,no_load
5.928468,0.0,1.1426,0.4626,0.6800,0.0,-0.066,step_5,no_load
5.939123,0.0,1.1426,0.4619,0.6807,0.0,-0.066,step_5,no_load
5.949669,0.0,1.1426,0.4612,0.6814,0.0,-0.065,step_5,no_load
5.959827,0.0,1.1426,0.4606,0.6820,0.0,-0.065,step_5,no_load
5.970538,0.0,1.1426,0.4596,0.6830,0.0,-0.064,step_5,no_load
5.981162,0.0,1.1426,0.4590,0.6836,0.0,-0.064,step_5,no_load
5.991745,0.0,1.1426,0.4584,0.6842,0.0,-0.063,step_5,no_load
6.002491,0.0,1.1426,0.4577,0.6849,0.0,-0.063,step_5,no_load
6.012983,0.0,1.1426,0.4571,0.6855,0.0,-0.063,step_5,no_load
6.023974,4.7241,1.1426,0.4565,0.6861,0.0,-0.062,step_5,no_load
6.03445,4.7241,1.1426,0.4559,0.6867,0.0,-0.062,step_5,no_load
6.044775,4.7241,1.1426,0.4553,0.6873,0.0,-0.061,step_5,no_load
6.055012,4.7241,1.1426,0.4543,0.6883,0.0,-0.061,step_5,no_load
6.065639,4.7241,1.1426,0.4537,0.6889,0.0,-0.060,step_5,no_load
6.076037,4.7241,1.3184,0.4531,0.8653,16.907,-0.060,step_5,no_load
6.086608,4.7241,1.6699,0.4525,1.2174,33.251,-0.059,step_5,no_load
6.097078,4.7241,2.1094,0.6200,1.4894,41.977,16.740,step_5,no_load
6.107686,4.7241,2.5488,0.9300,1.6188,41.422,31.001,step_5,no_load
6.118307,4.7241,3.0762,1.3129,1.7633,49.656,38.294,step_5,no_load
6.128709,4.7241,3.4277,1.7224,1.7053,33.792,40.951,step_5,no_load
6.139289,4.7241,3.6914,2.1287,1.5627,24.924,40.625,step_5,no_load
6.149572,4.7241,3.9551,2.5135,1.4416,25.644,38.479,step_5,no_load
6.160492,4.7241,4.0430,3.0297,1.0133,8.049,34.415,step_5,no_load
6.170972,4.7241,4.0430,3.3277,0.7153,0.0,29.797,step_5,no_load
6.181143,4.7241,4.1309,3.5884,0.5425,8.642,26.072,step_5,no_load
6.19184,4.7241,4.2187,3.8137,0.4050,8.208,22.530,step_5,no_load
6.201977,4.7241,4.3945,4.0064,0.3881,17.342,19.272,step_5,no_load
6.212983,4.7241,4.4824,4.1698,0.3126,7.987,16.343,step_5,no_load
6.223284,4.7241,4.4824,4.3074,0.1750,0.0,13.758,step_5,no_load
6.233592,4.7241,4.4824,4.4225,0.0599,0.0,11.508,step_5,no_load
6.244134,4.7241,4.4824,4.5182,-0.0358,0.0,9.572,step_5,no_load
6.254795,4.7241,4.4824,4.5974,-0.1150,0.0,7.922,step_5,no_load
6.265517,4.7241,4.4824,4.6908,-0.2084,0.0,6.225,step_5,no_load
6.276191,4.7241,4.4824,4.7392,-0.2568,0.0,4.845,step_5,no_load
6.286883,4.7241,4.4824,4.7788,-0.2964,0.0,3.954,step_5,no_load
6.297249,4.7241,4.4824,4.8109,-0.3285,0.0,3.216,step_5,no_load
6.307864,4.7241,4.4824,4.8370,-0.3546,0.0,2.608,step_5,no_load
6.318166,4.7241,4.4824,4.8581,-0.3757,0.0,2.109,step_5,no_load
6.328411,4.7241,4.4824,4.8751,-0.3927,0.0,1.701,step_5,no_load
6.338719,4.7241,4.4824,4.8888,-0.4064,0.0,1.368,step_5,no_load
6.349183,4.7241,4.4824,4.8998,-0.4174,0.0,1.098,step_5,no_load
6.359497,4.7241,4.4824,4.9086,-0.4262,0.0,0.879,step_5,no_load
6.370046,4.7241,4.4824,4.9186,-0.4362,0.0,0.665,step_5,no_load
6.380253,4.7241,4.4824,4.9235,-0.4411,0.0,0.499,step_5,no_load
6.390502,4.7241,4.4824,4.9275,-0.4451,0.0,0.397,step_5,no_load
6.400705,4.7241,4.4824,4.9307,-0.4483,0.0,0.315,step_5,no_load
6.410976,4.7241,4.4824,4.9332,-0.4508,0.0,0.249,step_5,no_load
6.421464,4.7241,4.4824,4.9351,-0.4527,0.0,0.197,step_5,no_load
6.431935,4.7241,4.4824,4.9367,-0.4543,0.0,0.155,step_5,no_load
6.442074,4.7241,4.4824,4.9379,-0.4555,0.0,0.126,step_5,no_load
6.452551,4.7241,4.4824,4.9391,-0.4567,0.0,0.113,step_5,no_load
6.463011,4.7241,4.4824,4.9402,-0.4578,0.0,0.108,step_5,no_load
6.473725,4.7241,4.4824,4.9412,-0.4588,0.0,0.106,step_5,no_load
6.485321,4.7241,4.4824,4.9428,-0.4604,0.0,0.104,step_5,no_load
6.495937,4.7241,4.4824,4.9438,-0.4614,0.0,0.103,step_5,no_load
6.506555,4.7241,4.4824,4.9448,-0.4624,0.0,0.103,step_5,no_load
6.517158,4.7241,4.4824,4.9459,-0.4635,0.0,0.102,step_5,no_load
6.528043,4.7241,4.4824,4.9469,-0.4645,0.0,0.101,step_5,no_load
6.538465,4.7241,4.4824,4.9479,-0.4655,0.0,0.100,step_5,no_load
6.549181,4.7241,4.4824,4.9489,-0.4665,0.0,0.100,step_5,no_load
6.560305,4.7241,4.4824,4.9504,-0.4680,0.0,0.099,step_5,no_load
6.570735,4.7241,4.4824,4.9513,-0.4689,0.0,0.098,step_5,no_load
6.581643,4.7241,4.4824,4.9523,-0.4699,0.0,0.097,step_5,no_load
6.592175,4.7241,4.4824,4.9533,-0.4709,0.0,0.097,step_5,no_load
6.602329,4.7241,4.4824,4.9542,-0.4718,0.0,0.096,step_5,no_load
6.612573,4.7241,4.4824,4.9552,-0.4728,0.0,0.095,step_5,no_load
6.622718,4.7241,4.4824,4.9561,-0.4737,0.0,0.095,step_5,no_load
6.633025,4.7241,4.4824,4.9571,-0.4747,0.0,0.094,step_5,no_load
6.643655,4.7241,4.4824,4.9580,-0.4756,0.0,0.093,step_5,no_load
6.65405,4.7241,4.4824,4.9589,-0.4765,0.0,0.093,step_5,no_load
6.664564,4.7241,4.4824,4.9599,-0.4775,0.0,0.092,step_5,no_load
6.675208,4.7241,4.4824,4.9612,-0.4788,0.0,0.091,step_5,no_load
6.685656,4.7241,4.4824,4.9621,-0.4797,0.0,0.090,step_5,no_load
6.696177,4.7241,4.4824,4.9630,-0.4806,0.0,0.090,step_5,no_load
6.706797,4.7241,4.4824,4.9639,-0.4815,0.0,0.089,step_5,no_load
6.717072,4.7241,4.4824,4.9648,-0.4824,0.0,0.089,step_5,no_load
6.727361,4.7241,4.4824,4.9657,-0.4833,0.0,0.088,step_5,no_load
6.738454,4.7241,4.4824,4.9666,-0.4842,0.0,0.087,step_5,no_load
6.748703,4.7241,4.4824,4.9674,-0.4850,0.0,0.087,step_5,no_load
6.758978,4.7241,4.4824,4.9683,-0.4859,0.0,0.086,step_5,no_load
6.769848,4.7241,4.4824,4.9691,-0.4867,0.0,0.086,step_5,no_load
6.780224,4.7241,4.4824,4.9704,-0.4880,0.0,0.085,step_5,no_load
6.790443,4.7241,4.4824,4.9713,-0.4889,0.0,0.084,step_5,no_load
6.800981,4.7241,4.4824,4.9721,-0.4897,0.0,0.083,step_5,no_load
6.811686,4.7241,4.4824,4.9729,-0.4905,0.0,0.083,step_5,no_load
6.822279,4.7241,4.4824,4.9737,-0.4913,0.0,0.082,step_5,no_load
6.83255,4.7241,4.4824,4.9746,-0.4922,0.0,0.082,step_5,no_load
6.843009,4.7241,4.4824,4.9754,-0.4930,0.0,0.081,step_5,no_load
6.853873,4.7241,4.4824,4.9762,-0.4938,0.0,0.081,step_5,no_load
6.864962,4.7241,4.4824,4.9770,-0.4946,0.0,0.080,step_5,no_load
6.875244,4.7241,4.4824,4.9782,-0.4958,0.0,0.079,step_5,no_load
6.885854,4.7241,4.4824,4.9790,-0.4966,0.0,0.079,step_5,no_load
6.896956,4.7241,4.4824,4.9797,-0.4973,0.0,0.078,step_5,no_load
6.908005,4.7241,4.4824,4.9805,-0.4981,0.0,0.078,step_5,no_load
6.918291,4.7241,4.4824,4.9813,-0.4989,0.0,0.077,step_5,no_load
6.928997,4.7241,4.4824,4.9820,-0.4996,0.0,0.077,step_5,no_load
6.93923,4.7241,4.4824,4.9828,-0.5004,0.0,0.076,step_5,no_load
6.949526,4.7241,4.4824,4.9836,-0.5012,0.0,0.075,step_5,no_load
6.960255,4.7241,4.4824,4.9847,-0.5023,0.0,0.075,step_5,no_load
6.971199,4.7241,4.4824,4.9854,-0.5030,0.0,0.074,step_5,no_load
6.981617,4.7241,4.4824,4.9862,-0.5038,0.0,0.074,step_5,no_load
6.991947,4.7241,4.4824,4.9869,-0.5045,0.0,0.073,step_5,no_load
7.002274,4.7241,4.4824,4.9876,-0.5052,0.0,0.073,step_5,no_load
7.013111,4.7241,4.4824,4.9883,-0.5059,0.0,0.072,step_5,no_load
7.02326,4.7241,4.4824,4.9891,-0.5067,0.0,0.072,step_5,no_load
7.033673,4.7241,4.4824,4.9898,-0.5074,0.0,0.071,step_5,no_load
7.044743,4.7241,4.4824,4.9905,-0.5081,0.0,0.071,step_5,no_load
7.05525,4.7241,4.4824,4.9915,-0.5091,0.0,0.070,step_5,no_load
7.065579,4.7241,4.4824,4.9922,-0.5098,0.0,0.069,step_5,no_load
7.075819,4.7241,4.4824,4.9929,-0.5105,0.0,0.069,step_5,no_load
7.086218,4.7241,4.4824,4.9936,-0.5112,0.0,0.068,step_5,no_load
7.096603,4.7241,4.4824,4.9943,-0.5119,0.0,0.068,step_5,no_load
7.107559,4.7241,4.4824,4.9949,-0.5125,0.0,0.067,step_5,no_load
7.117955,4.7241,4.4824,4.9956,-0.5132,0.0,0.067,step_5,no_load
7.128771,4.7241,4.4824,4.9963,-0.5139,0.0,0.067,step_5,no_load
7.139503,4.7241,4.4824,4.9969,-0.5145,0.0,0.066,step_5,no_load
7.150132,4.7241,4.4824,4.9979,-0.5155,0.0,0.065,step_5,no_load
7.160517,4.7241,4.4824,4.9986,-0.5162,0.0,0.065,step_5,no_load
7.171176,4.7241,4.4824,4.9992,-0.5168,0.0,0.064,step_5,no_load
7.181633,4.7241,4.4824,4.9999,-0.5175,0.0,0.064,step_5,no_load
7.19199,4.7241,4.4824,5.0005,-0.5181,0.0,0.064,step_5,no_load
7.202781,4.7241,4.4824,5.0011,-0.5187,0.0,0.063,step_5,no_load
7.213046,4.7241,4.4824,5.0017,-0.5193,0.0,0.063,step_5,no_load
7.223522,4.7241,4.4824,5.0024,-0.5200,0.0,0.062,step_5,no_load
7.234667,0.0,4.4824,5.0030,-0.5206,0.0,0.062,step_5,no_load
7.245032,0.0,4.4824,5.0039,-0.5215,0.0,0.061,step_5,no_load
7.255815,0.0,4.4824,5.0045,-0.5221,0.0,0.061,step_5,no_load
7.266538,0.0,4.4824,5.0051,-0.5227,0.0,0.060,step_5,no_load
7.277156,0.0,4.4824,5.0057,-0.5233,0.0,0.060,step_5,no_load
7.287885,0.0,4.3066,5.0063,-0.6997,-16.385,0.059,step_5,no_load
7.298369,0.0,3.9551,5.0069,-1.0518,-33.527,0.059,step_5,no_load
7.30928,0.0,3.5156,4.8395,-1.3239,-40.28,-16.741,step_5,no_load
7.320005,0.0,2.9883,4.3438,-1.3555,-49.166,-33.050,step_5,no_load
7.330357,0.0,2.4609,3.9429,-1.4820,-50.947,-40.087,step_5,no_load
7.341235,0.0,2.1094,3.5321,-1.4227,-32.313,-41.079,step_5,no_load
7.351465,0.0,1.9336,3.1349,-1.2013,-17.185,-39.722,step_5,no_load
7.361646,0.0,1.7578,2.7650,-1.0072,-17.267,-36.984,step_5,no_load
7.37212,0.0,1.6699,2.4298,-0.7599,-8.392,-33.527,step_5,no_load
7.382286,0.0,1.5820,2.1318,-0.5498,-8.646,-29.794,step_5,no_load
7.392871,0.0,1.4941,1.8711,-0.3770,-8.304,-26.069,step_5,no_load
7.403519,0.0,1.4063,1.6458,-0.2395,-8.246,-22.528,step_5,no_load
7.413933,0.0,1.3184,1.4531,-0.1347,-8.441,-19.270,step_5,no_load
7.42461,0.0,1.2305,1.2897,-0.0592,-8.233,-16.342,step_5,no_load
7.435311,0.0,1.2305,1.0920,0.1385,0.0,-13.182,step_5,no_load
7.446074,0.0,1.1426,0.9870,0.1556,-8.167,-10.503,step_5,no_load
7.456398,0.0,1.1426,0.8998,0.2428,0.0,-8.714,step_5,no_load
7.466954,0.0,1.1426,0.8279,0.3147,0.0,-7.196,step_5,no_load
7.477305,0.0,1.1426,0.7687,0.3739,0.0,-5.917,step_5,no_load
7.487569,0.0,1.1426,0.7202,0.4224,0.0,-4.847,step_5,no_load
7.49797,0.0,1.1426,0.6807,0.4619,0.0,-3.956,step_5,no_load
7.509138,0.0,1.1426,0.6485,0.4941,0.0,-3.219,step_5,no_load
7.520301,0.0,1.1426,0.6113,0.5313,0.0,-2.482,step_5,no_load
7.530976,0.0,1.1426,0.5923,0.5503,0.0,-1.897,step_5,no_load
7.541212,0.0,1.1426,0.5770,0.5656,0.0,-1.528,step_5,no_load
7.551724,0.0,1.1426,0.5647,0.5779,0.0,-1.228,step_5,no_load
7.562383,0.0,1.1426,0.5549,0.5877,0.0,-0.985,step_5,no_load
7.57272,0.0,1.1426,0.5470,0.5956,0.0,-0.788,step_5,no_load
7.583179,0.0,1.1426,0.5407,0.6019,0.0,-0.629,step_5,no_load
7.593526,0.0,1.1426,0.5357,0.6069,0.0,-0.501,step_5,no_load
7.604085,0.0,1.1426,0.5317,0.6109,0.0,-0.398,step_5,no_load
7.614498,0.0,1.1426,0.5286,0.6140,0.0,-0.316,step_5,no_load
7.625088,0.0,1.1426,0.5250,0.6176,0.0,-0.237,step_5,no_load
7.635433,0.0,1.1426,0.5232,0.6194,0.0,-0.176,step_5,no_load
7.645559,0.0,1.1426,0.5219,0.6207,0.0,-0.139,step_5,no_load
7.655745,0.0,1.1426,0.5207,0.6219,0.0,-0.119,step_5,no_load
7.666257,0.0,1.1426,0.5196,0.6230,0.0,-0.111,step_5,no_load
7.676529,0.0,1.1426,0.5185,0.6241,0.0,-0.107,step_5,no_load
7.686743,0.0,1.1426,0.5174,0.6252,0.0,-0.105,step_5,no_load
7.697014,0.0,1.1426,0.5164,0.6262,0.0,-0.104,step_5,no_load
7.707298,0.0,1.1426,0.5154,0.6272,0.0,-0.103,step_5,no_load
7.717708,0.0,1.1426,0.5143,0.6283,0.0,-0.103,step_5,no_load
7.72867,0.0,1.1426,0.5133,0.6293,0.0,-0.102,step_5,no_load
7.738923,0.0,1.1426,0.5123,0.6303,0.0,-0.101,step_5,no_load
7.749381,0.0,1.1426,0.5113,0.6313,0.0,-0.100,step_5,no_load
7.760501,0.0,1.1426,0.5098,0.6328,0.0,-0.100,step_5,no_load
7.771024,0.0,1.1426,0.5088,0.6338,0.0,-0.099,step_5,no_load
7.781627,0.0,1.1426,0.5078,0.6348,0.0,-0.098,step_5,no_load
7.791901,0.0,1.1426,0.5069,0.6357,0.0,-0.097,step_5,no_load
7.802962,0.0,1.1426,0.5059,0.6367,0.0,-0.097,step_5,no_load
7.813331,0.0,1.1426,0.5049,0.6377,0.0,-0.096,step_5,no_load
7.824151,0.0,1.1426,0.5040,0.6386,0.0,-0.095,step_5,no_load
7.834428,0.0,1.1426,0.5030,0.6396,0.0,-0.095,step_5,no_load
7.845068,0.0,1.1426,0.5016,0.6410,0.0,-0.094,step_5,no_load
7.855351,0.0,1.1426,0.5007,0.6419,0.0,-0.093,step_5,no_load
7.865627,0.0,1.1426,0.4998,0.6428,0.0,-0.092,step_5,no_load
7.875744,0.0,1.1426,0.4989,0.6437,0.0,-0.092,step_5,no_load
7.886605,0.0,1.1426,0.4980,0.6446,0.0,-0.091,step_5,no_load
7.896882,0.0,1.1426,0.4971,0.6455,0.0,-0.090,step_5,no_load
7.907208,0.0,1.1426,0.4962,0.6464,0.0,-0.090,step_5,no_load
7.917547,0.0,1.1426,0.4953,0.6473,0.0,-0.089,step_5,no_load
7.927736,0.0,1.1426,0.4944,0.6482,0.0,-0.089,step_5,no_load
7.938469,0.0,1.1426,0.4935,0.6491,0.0,-0.088,step_5,no_load
7.948725,0.0,1.1426,0.4926,0.6500,0.0,-0.087,step_5,no_load
7.959112,0.0,1.1426,0.4918,0.6508,0.0,-0.087,step_5,no_load
7.969497,0.0,1.1426,0.4909,0.6517,0.0,-0.086,step_5,no_load
7.979682,0.0,1.1426,0.4900,0.6526,0.0,-0.086,step_5,no_load
7.990524,0.0,1.1426,0.4888,0.6538,0.0,-0.085,step_5,no_load
8.000777,0.0,1.1426,0.4879,0.6547,0.0,-0.084,step_5,no_load
8.011391,0.0,1.1426,0.4871,0.6555,0.0,-0.084,step_5,no_load
8.021569,0.0,1.1426,0.4863,0.6563,0.0,-0.083,step_5,no_load
8.032125,0.0,1.1426,0.4854,0.6572,0.0,-0.082,step_5,no_load
8.042312,0.0,1.1426,0.4846,0.6580,0.0,-0.082,step_5,no_load
8.052514,0.0,1.1426,0.4838,0.6588,0.0,-0.081,step_5,no_load
8.062963,0.0,1.1426,0.4830,0.6596,0.0,-0.081,step_5,no_load
8.073662,0.0,1.1426,0.4822,0.6604,0.0,-0.080,step_5,no_load
8.084167,0.0,1.1426,0.4814,0.6612,0.0,-0.080,step_5,no_load
8.094521,0.0,1.1426,0.4806,0.6620,0.0,-0.079,step_5,no_load
8.105169,0.0,1.1426,0.4794,0.6632,0.0,-0.078,step_5,no_load
8.115894,0.0,1.1426,0.4787,0.6639,0.0,-0.078,step_5,no_load
8.126535,0.0,1.1426,0.4779,0.6647,0.0,-0.077,step_5,no_load
8.136942,0.0,1.1426,0.4771,0.6655,0.0,-0.077,step_5,no_load
8.147886,0.0,1.1426,0.4764,0.6662,0.0,-0.076,step_5,no_load
8.158609,0.0,1.1426,0.4756,0.6670,0.0,-0.075,step_5,no_load
8.16918,0.0,1.1426,0.4749,0.6677,0.0,-0.075,step_5,no_load
8.179809,0.0,1.1426,0.4741,0.6685,0.0,-0.074,step_5,no_load
8.190137,0.0,1.1426,0.4730,0.6696,0.0,-0.074,step_5,no_load
8.201186,0.0,1.1426,0.4723,0.6703,0.0,-0.073,step_5,no_load
8.211468,0.0,1.1426,0.4716,0.6710,0.0,-0.073,step_5,no_load
8.221942,0.0,1.1426,0.4708,0.6718,0.0,-0.072,step_5,no_load
8.232363,0.0,1.1426,0.4701,0.6725,0.0,-0.072,step_5,no_load
8.242872,0.0,1.1426,0.4694,0.6732,0.0,-0.071,step_5,no_load
8.253639,0.0,1.1426,0.4687,0.6739,0.0,-0.071,step_5,no_load
8.264693,0.0,1.1426,0.4680,0.6746,0.0,-0.070,step_5,no_load
8.275682,0.0,1.1426,0.4670,0.6756,0.0,-0.070,step_5,no_load
8.286409,0.0,1.1426,0.4663,0.6763,0.0,-0.069,step_5,no_load
8.29683,0.0,1.1426,0.4656,0.6770,0.0,-0.068,step_5,no_load
8.307549,0.0,1.1426,0.4649,0.6777,0.0,-0.068,step_5,no_load
8.318194,0.0,1.1426,0.4642,0.6784,0.0,-0.067,step_5,no_load
8.328632,0.0,1.1426,0.4636,0.6790,0.0,-0.067,step_5,no_load
8.339132,0.0,1.1426,0.4629,0.6797,0.0,-0.067,step_5,no_load
8.349726,0.0,1.1426,0.4622,0.6804,0.0,-0.066,step_5,no_load
8.36022,0.0,1.1426,0.4612,0.6814,0.0,-0.066,step_5,no_load
8.37147,0.0,1.1426,0.4606,0.6820,0.0,-0.065,step_5,no_load
8.381991,0.0,1.1426,0.4599,0.6827,0.0,-0.065,step_5,no_load
8.392178,0.0,1.1426,0.4593,0.6833,0.0,-0.064,step_5,no_load
8.402621,0.0,1.1426,0.4587,0.6839,0.0,-0.064,step_5,no_load
8.413179,0.0,1.1426,0.4580,0.6846,0.0,-0.063,step_5,no_load
8.423361,0.0,1.1426,0.4574,0.6852,0.0,-0.063,step_5,no_load
8.434024,0.0,1.1426,0.4568,0.6858,0.0,-0.062,step_5,no_load
8.446187,4.7241,1.1426,0.4559,0.6867,0.0,-0.062,step_5,no_load
8.45719,4.7241,1.1426,0.4553,0.6873,0.0,-0.061,step_5,no_load
8.467494,4.7241,1.1426,0.4546,0.6880,0.0,-0.061,step_5,no_load
8.478164,4.7241,1.1426,0.4540,0.6886,0.0,-0.060,step_5,no_load
8.489019,4.7241,1.2305,0.4534,0.7771,8.098,-0.060,step_5,no_load
8.499209,4.7241,1.4063,0.4528,0.9535,17.252,-0.060,step_5,no_load
8.509679,4.7241,1.6699,0.4523,1.2176,25.177,-0.059,step_5,no_load
8.520207,4.7241,2.1973,0.6194,1.5779,50.095,11.142,step_5,no_load
8.53038,4.7241,2.6367,0.9294,1.7073,43.193,31.005,step_5,no_load
8.540609,4.7241,3.1641,1.3124,1.8517,51.559,38.299,step_5,no_load
8.551236,4.7241,3.5156,1.7220,1.7936,33.076,40.956,step_5,no_load
8.561532,4.7241,3.7793,2.1283,1.6510,25.612,40.631,step_5,no_load
8.572104,4.7241,3.9551,2.5131,1.4420,16.629,38.484,step_5,no_load
8.582422,4.7241,4.0430,2.8663,1.1767,8.519,35.320,step_5,no_load
8.592708,4.7241,4.0430,3.1832,0.8598,0.0,31.681,step_5,no_load
8.60372,4.7241,4.1309,3.4624,0.6685,7.982,27.924,step_5,no_load
8.614207,4.7241,4.2187,3.7051,0.5136,8.372,24.274,step_5,no_load
8.624454,4.7241,4.3945,3.9138,0.4807,17.156,20.864,step_5,no_load
8.635191,4.7241,4.4824,4.1697,0.3127,8.187,17.063,step_5,no_load
8.645616,4.7241,4.4824,4.3073,0.1751,0.0,13.759,step_5,no_load
8.655995,4.7241,4.4824,4.4224,0.0600,0.0,11.509,step_5,no_load
8.666154,4.7241,4.4824,4.5181,-0.0357,0.0,9.573,step_5,no_load
8.676311,4.7241,4.4824,4.5974,-0.1150,0.0,7.923,step_5,no_load
8.686477,4.7241,4.4824,4.6626,-0.1802,0.0,6.528,step_5,no_load
8.697031,4.7241,4.4824,4.7162,-0.2338,0.0,5.356,step_5,no_load
8.709377,4.7241,4.4824,4.7600,-0.2776,0.0,4.379,step_5,no_load
8.719523,4.7241,4.4824,4.7957,-0.3133,0.0,3.568,step_5,no_load
8.73019,4.7241,4.4824,4.8370,-0.3546,0.0,2.756,step_5,no_load
8.740948,4.7241,4.4824,4.8581,-0.3757,0.0,2.109,step_5,no_load
8.751192,4.7241,4.4824,4.8751,-0.3927,0.0,1.701,step_5,no_load
8.761502,4.7241,4.4824,4.8888,-0.4064,0.0,1.368,step_5,no_load
8.771822,4.7241,4.4824,4.8998,-0.4174,0.0,1.098,step_5,no_load
8.782616,4.7241,4.4824,4.9086,-0.4262,0.0,0.879,step_5,no_load
8.793062,4.7241,4.4824,4.9156,-0.4332,0.0,0.702,step_5,no_load
8.803573,4.7241,4.4824,4.9212,-0.4388,0.0,0.560,step_5,no_load
8.814061,4.7241,4.4824,4.9256,-0.4432,0.0,0.445,step_5,no_load
8.824714,4.7241,4.4824,4.9292,-0.4468,0.0,0.354,step_5,no_load
8.834915,4.7241,4.4824,4.9320,-0.4496,0.0,0.280,step_5,no_load
8.845345,4.7241,4.4824,4.9351,-0.4527,0.0,0.209,step_5,no_load
8.856555,4.7241,4.4824,4.9367,-0.4543,0.0,0.155,step_5,no_load
8.867529,4.7241,4.4824,4.9379,-0.4555,0.0,0.126,step_5,no_load
8.877753,4.7241,4.4824,4.9391,-0.4567,0.0,0.113,step_5,no_load
8.888072,4.7241,4.4824,4.9402,-0.4578,0.0,0.108,step_5,no_load
8.898905,4.7241,4.4824,4.9412,-0.4588,0.0,0.106,step_5,no_load
8.909562,4.7241,4.4824,4.9423,-0.4599,0.0,0.105,step_5,no_load
8.920071,4.7241,4.4824,4.9438,-0.4614,0.0,0.104,step_5,no_load
8.930318,4.7241,4.4824,4.9448,-0.4624,0.0,0.103,step_5,no_load
8.941375,4.7241,4.4824,4.9459,-0.4635,0.0,0.102,step_5,no_load
8.951847,4.7241,4.4824,4.9469,-0.4645,0.0,0.101,step_5,no_load
8.962336,4.7241,4.4824,4.9479,-0.4655,0.0,0.100,step_5,no_load
8.972522,4.7241,4.4824,4.9489,-0.4665,0.0,0.100,step_5,no_load
8.982808,4.7241,4.4824,4.9499,-0.4675,0.0,0.099,step_5,no_load
8.99307,4.7241,4.4824,4.9508,-0.4684,0.0,0.098,step_5,no_load
9.003634,4.7241,4.4824,4.9518,-0.4694,0.0,0.098,step_5,no_load
9.014451,4.7241,4.4824,4.9528,-0.4704,0.0,0.097,step_5,no_load
9.024636,4.7241,4.4824,4.9538,-0.4714,0.0,0.096,step_5,no_load
9.035204,4.7241,4.4824,4.9552,-0.4728,0.0,0.095,step_5,no_load
9.045769,4.7241,4.4824,4.9561,-0.4737,0.0,0.095,step_5,no_load
9.056406,4.7241,4.4824,4.9571,-0.4747,0.0,0.094,step_5,no_load
9.067,4.7241,4.4824,4.9580,-0.4756,0.0,0.093,step_5,no_load
9.077711,4.7241,4.4824,4.9589,-0.4765,0.0,0.093,step_5,no_load
9.08876,4.7241,4.4824,4.9599,-0.4775,0.0,0.092,step_5,no_load
9.099668,4.7241,4.4824,4.9608,-0.4784,0.0,0.091,step_5,no_load
9.110096,4.7241,4.4824,4.9621,-0.4797,0.0,0.091,step_5,no_load
9.120339,4.7241,4.4824,4.9630,-0.4806,0.0,0.090,step_5,no_load
9.131114,4.7241,4.4824,4.9639,-0.4815,0.0,0.089,step_5,no_load
9.141614,4.7241,4.4824,4.9648,-0.4824,0.0,0.089,step_5,no_load
9.151992,4.7241,4.4824,4.9657,-0.4833,0.0,0.088,step_5,no_load
9.162407,4.7241,4.4824,4.9666,-0.4842,0.0,0.087,step_5,no_load
9.172761,4.7241,4.4824,4.9674,-0.4850,0.0,0.087,step_5,no_load
9.1834,4.7241,4.4824,4.9683,-0.4859,0.0,0.086,step_5,no_load
9.193849,4.7241,4.4824,4.9691,-0.4867,0.0,0.086,step_5,no_load
9.204203,4.7241,4.4824,4.9700,-0.4876,0.0,0.085,step_5,no_load
9.214566,4.7241,4.4824,4.9708,-0.4884,0.0,0.084,step_5,no_load
9.225129,4.7241,4.4824,4.9721,-0.4897,0.0,0.084,step_5,no_load
9.235818,4.7241,4.4824,4.9729,-0.4905,0.0,0.083,step_5,no_load
9.246237,4.7241,4.4824,4.9737,-0.4913,0.0,0.082,step_5,no_load
9.256651,4.7241,4.4824,4.9746,-0.4922,0.0,0.082,step_5,no_load
9.266872,4.7241,4.4824,4.9754,-0.4930,0.0,0.081,step_5,no_load
9.277058,4.7241,4.4824,4.9762,-0.4938,0.0,0.081,step_5,no_load
9.287666,4.7241,4.4824,4.9770,-0.4946,0.0,0.080,step_5,no_load
9.297973,4.7241,4.4824,4.9778,-0.4954,0.0,0.080,step_5,no_load
9.308454,4.7241,4.4824,4.9786,-0.4962,0.0,0.079,step_5,no_load
9.318855,4.7241,4.4824,4.9793,-0.4969,0.0,0.078,step_5,no_load
9.329171,4.7241,4.4824,4.9801,-0.4977,0.0,0.078,step_5,no_load
9.33936,4.7241,4.4824,4.9809,-0.4985,0.0,0.077,step_5,no_load
9.349676,4.7241,4.4824,4.9817,-0.4993,0.0,0.077,step_5,no_load
9.360762,4.7241,4.4824,4.9828,-0.5004,0.0,0.076,step_5,no_load
9.37135,4.7241,4.4824,4.9836,-0.5012,0.0,0.075,step_5,no_load
9.381566,4.7241,4.4824,4.9843,-0.5019,0.0,0.075,step_5,no_load
9.391751,4.7241,4.4824,4.9851,-0.5027,0.0,0.074,step_5,no_load
9.40225,4.7241,4.4824,4.9858,-0.5034,0.0,0.074,step_5,no_load
9.41251,4.7241,4.4824,4.9865,-0.5041,0.0,0.073,step_5,no_load
9.423074,4.7241,4.4824,4.9873,-0.5049,0.0,0.073,step_5,no_load
9.433645,4.7241,4.4824,4.9880,-0.5056,0.0,0.072,step_5,no_load
9.444411,4.7241,4.4824,4.9887,-0.5063,0.0,0.072,step_5,no_load
9.454867,4.7241,4.4824,4.9894,-0.5070,0.0,0.071,step_5,no_load
9.465929,4.7241,4.4824,4.9905,-0.5081,0.0,0.071,step_5,no_load
9.476424,4.7241,4.4824,4.9912,-0.5088,0.0,0.070,step_5,no_load
9.487296,4.7241,4.4824,4.9919,-0.5095,0.0,0.070,step_5,no_load
9.497879,4.7241,4.4824,4.9926,-0.5102,0.0,0.069,step_5,no_load
9.508205,4.7241,4.4824,4.9932,-0.5108,0.0,0.069,step_5,no_load
9.519297,4.7241,4.4824,4.9939,-0.5115,0.0,0.068,step_5,no_load
9.529872,4.7241,4.4824,4.9946,-0.5122,0.0,0.068,step_5,no_load
9.540598,4.7241,4.4824,4.9956,-0.5132,0.0,0.067,step_5,no_load
9.550876,4.7241,4.4824,4.9963,-0.5139,0.0,0.067,step_5,no_load
9.561177,4.7241,4.4824,4.9969,-0.5145,0.0,0.066,step_5,no_load
9.571371,4.7241,4.4824,4.9976,-0.5152,0.0,0.066,step_5,no_load
9.581534,4.7241,4.4824,4.9982,-0.5158,0.0,0.065,step_5,no_load
9.591925,4.7241,4.4824,4.9989,-0.5165,0.0,0.065,step_5,no_load
9.602403,4.7241,4.4824,4.9995,-0.5171,0.0,0.064,step_5,no_load
9.612917,4.7241,4.4824,5.0002,-0.5178,0.0,0.064,step_5,no_load
9.62334,4.7241,4.4824,5.0008,-0.5184,0.0,0.063,step_5,no_load
9.634072,4.7241,4.4824,5.0014,-0.5190,0.0,0.063,step_5,no_load
9.644508,4.7241,4.4824,5.0021,-0.5197,0.0,0.062,step_5,no_load
9.655496,0.0,4.4824,5.0030,-0.5206,0.0,0.062,step_5,no_load
9.666047,0.0,4.4824,5.0036,-0.5212,0.0,0.061,step_5,no_load
9.677088,0.0,4.4824,5.0042,-0.5218,0.0,0.061,step_5,no_load
9.687452,0.0,4.4824,5.0048,-0.5224,0.0,0.061,step_5,no_load
9.69821,0.0,4.4824,5.0054,-0.5230,0.0,0.060,step_5,no_load
9.708929,0.0,4.3066,5.0060,-0.6994,-16.401,0.060,step_5,no_load
9.719172,0.0,3.9551,5.0066,-1.0515,-34.316,0.059,step_5,no_load
9.729756,0.0,3.5156,4.9465,-1.4309,-41.525,-6.008,step_5,no_load
9.740225,0.0,2.9883,4.5295,-1.5412,-50.368,-27.804,step_5,no_load
9.750766,0.0,2.5488,4.1465,-1.5977,-41.694,-38.296,step_5,no_load
9.76101,0.0,2.1973,3.7370,-1.5397,-34.313,-40.952,step_5,no_load
9.771597,0.0,1.9336,3.3307,-1.3971,-24.908,-40.625,step_5,no_load
9.782237,0.0,1.8457,2.9460,-1.1003,-8.261,-38.478,step_5,no_load
9.79285,0.0,1.6699,2.5928,-0.9229,-16.565,-35.314,step_5,no_load
9.803127,0.0,1.5820,2.2761,-0.6941,-8.553,-31.674,step_5,no_load
9.813775,0.0,1.4941,1.9969,-0.5028,-8.255,-27.918,step_5,no_load
9.824165,0.0,1.4941,1.7542,-0.2601,0.0,-24.268,step_5,no_load
9.83483,0.0,1.3184,1.5456,-0.2272,-16.474,-20.860,step_5,no_load
9.845347,0.0,1.2305,1.2897,-0.0592,-8.358,-17.060,step_5,no_load
9.855758,0.0,1.2305,1.1521,0.0784,0.0,-13.757,step_5,no_load
9.865839,0.0,1.1426,1.0371,0.1055,-8.719,-11.508,step_5,no_load
9.876455,0.0,1.1426,0.9413,0.2013,0.0,-9.573,step_5,no_load
9.887199,0.0,1.1426,0.8621,0.2805,0.0,-7.923,step_5,no_load
9.897656,0.0,1.1426,0.7968,0.3458,0.0,-6.529,step_5,no_load
9.908275,0.0,1.1426,0.7432,0.3994,0.0,-5.358,step_5,no_load
9.918758,0.0,1.1426,0.6994,0.4432,0.0,-4.381,step_5,no_load
9.929103,0.0,1.1426,0.6637,0.4789,0.0,-3.570,step_5,no_load
9.94,0.0,1.1426,0.6347,0.5079,0.0,-2.900,step_5,no_load
9.950291,0.0,1.1426,0.6013,0.5413,0.0,-2.232,step_5,no_load
9.960553,0.0,1.1426,0.5842,0.5584,0.0,-1.703,step_5,no_load
9.971012,0.0,1.1426,0.5705,0.5721,0.0,-1.370,step_5,no_load
9.981389,0.0,1.1426,0.5595,0.5831,0.0,-1.100,step_5,no_load
9.992655,0.0,1.1426,0.5507,0.5919,0.0,-0.881,step_5,no_load
10.003091,0.0,1.1426,0.5437,0.5989,0.0,-0.704,step_5,no_load
10.013387,0.0,1.1426,0.5381,0.6045,0.0,-0.561,step_5,no_load
10.024182,0.0,1.1426,0.5336,0.6090,0.0,-0.447,step_5,no_load
10.034597,0.0,1.1426,0.5300,0.6126,0.0,-0.355,step_5,no_load
10.045045,0.0,1.1426,0.5260,0.6166,0.0,-0.266,step_5,no_load
10.055932,0.0,1.1426,0.5241,0.6185,0.0,-0.198,step_5,no_load
10.066803,0.0,1.1426,0.5225,0.6201,0.0,-0.156,step_5,no_load
10.077253,0.0,1.1426,0.5212,0.6214,0.0,-0.126,step_5,no_load
10.088257,0.0,1.1426,0.5201,0.6225,0.0,-0.114,step_5,no_load
10.098469,0.0,1.1426,0.5190,0.6236,0.0,-0.108,step_5,no_load
10.109014,0.0,1.1426,0.5180,0.6246,0.0,-0.106,step_5,no_load
10.119639,0.0,1.1426,0.5169,0.6257,0.0,-0.105,step_5,no_load
10.13056,0.0,1.1426,0.5154,0.6272,0.0,-0.104,step_5,no_load
10.141495,0.0,1.1426,0.5143,0.6283,0.0,-0.103,step_5,no_load
10.151777,0.0,1.1426,0.5133,0.6293,0.0,-0.102,step_5,no_load
10.161993,0.0,1.1426,0.5123,0.6303,0.0,-0.101,step_5,no_load
10.172209,0.0,1.1426,0.5113,0.6313,0.0,-0.100,step_5,no_load
10.182627,0.0,1.1426,0.5103,0.6323,0.0,-0.100,step_5,no_load
10.19294,0.0,1.1426,0.5093,0.6333,0.0,-0.099,step_5,no_load
10.203589,0.0,1.1426,0.5083,0.6343,0.0,-0.098,step_5,no_load
10.214664,0.0,1.1426,0.5074,0.6352,0.0,-0.098,step_5,no_load
10.225268,0.0,1.1426,0.5059,0.6367,0.0,-0.097,step_5,no_load
10.235596,0.0,1.1426,0.5049,0.6377,0.0,-0.096,step_5,no_load
10.245787,0.0,1.1426,0.5040,0.6386,0.0,-0.095,step_5,no_load
10.256639,0.0,1.1426,0.5030,0.6396,0.0,-0.095,step_5,no_load
10.267208,0.0,1.1426,0.5021,0.6405,0.0,-0.094,step_5,no_load
10.277783,0.0,1.1426,0.5012,0.6414,0.0,-0.093,step_5,no_load
10.288637,0.0,1.1426,0.5002,0.6424,0.0,-0.093,step_5,no_load
10.299334,0.0,1.1426,0.4993,0.6433,0.0,-0.092,step_5,no_load
10.309978,0.0,1.1426,0.4984,0.6442,0.0,-0.091,step_5,no_load
10.320757,0.0,1.1426,0.4971,0.6455,0.0,-0.091,step_5,no_load
10.330943,0.0,1.1426,0.4962,0.6464,0.0,-0.090,step_5,no_load
10.341164,0.0,1.1426,0.4953,0.6473,0.0,-0.089,step_5,no_load
10.351696,0.0,1.1426,0.4944,0.6482,0.0,-0.089,step_5,no_load
10.361876,0.0,1.1426,0.4935,0.6491,0.0,-0.088,step_5,no_load
10.372272,0.0,1.1426,0.4926,0.6500,0.0,-0.087,step_5,no_load
10.383124,0.0,1.1426,0.4918,0.6508,0.0,-0.087,step_5,no_load
10.393439,0.0,1.1426,0.4909,0.6517,0.0,-0.086,step_5,no_load
10.403969,0.0,1.1426,0.4900,0.6526,0.0,-0.086,step_5,no_load
10.41446,0.0,1.1426,0.4892,0.6534,0.0,-0.085,step_5,no_load
10.424871,0.0,1.1426,0.4883,0.6543,0.0,-0.084,step_5,no_load
10.435121,0.0,1.1426,0.4871,0.6555,0.0,-0.084,step_5,no_load
10.445624,0.0,1.1426,0.4863,0.6563,0.0,-0.083,step_5,no_load
10.455838,0.0,1.1426,0.4854,0.6572,0.0,-0.082,step_5,no_load
10.466269,0.0,1.1426,0.4846,0.6580,0.0,-0.082,step_5,no_load
10.476946,0.0,1.1426,0.4838,0.6588,0.0,-0.081,step_5,no_load
10.487075,0.0,1.1426,0.4830,0.6596,0.0,-0.081,step_5,no_load
10.497666,0.0,1.1426,0.4822,0.6604,0.0,-0.080,step_5,no_load
10.507785,0.0,1.1426,0.4814,0.6612,0.0,-0.080,step_5,no_load
10.518289,0.0,1.1426,0.4806,0.6620,0.0,-0.079,step_5,no_load
10.52874,0.0,1.1426,0.4798,0.6628,0.0,-0.078,step_5,no_load
10.539027,0.0,1.1426,0.4790,0.6636,0.0,-0.078,step_5,no_load
10.54928,0.0,1.1426,0.4783,0.6643,0.0,-0.077,step_5,no_load
10.560113,0.0,1.1426,0.4771,0.6655,0.0,-0.077,step_5,no_load
10.570577,0.0,1.1426,0.4764,0.6662,0.0,-0.076,step_5,no_load
10.581411,0.0,1.1426,0.4756,0.6670,0.0,-0.075,step_5,no_load
10.591989,0.0,1.1426,0.4749,0.6677,0.0,-0.075,step_5,no_load
10.60234,0.0,1.1426,0.4741,0.6685,0.0,-0.074,step_5,no_load
10.612702,0.0,1.1426,0.4734,0.6692,0.0,-0.074,step_5,no_load
10.623004,0.0,1.1426,0.4726,0.6700,0.0,-0.073,step_5,no_load
10.633408,0.0,1.1426,0.4719,0.6707,0.0,-0.073,step_5,no_load
10.643572,0.0,1.1426,0.4712,0.6714,0.0,-0.072,step_5,no_load
10.653956,0.0,1.1426,0.4705,0.6721,0.0,-0.072,step_5,no_load
10.664021,0.0,1.1426,0.4698,0.6728,0.0,-0.071,step_5,no_load
10.675101,0.0,1.1426,0.4687,0.6739,0.0,-0.071,step_5,no_load
10.685743,0.0,1.1426,0.4680,0.6746,0.0,-0.070,step_5,no_load
10.696163,0.0,1.1426,0.4673,0.6753,0.0,-0.070,step_5,no_load
10.706801,0.0,1.1426,0.4666,0.6760,0.0,-0.069,step_5,no_load
10.717013,0.0,1.1426,0.4659,0.6767,0.0,-0.069,step_5,no_load
10.727365,0.0,1.1426,0.4652,0.6774,0.0,-0.068,step_5,no_load
10.738321,0.0,1.1426,0.4646,0.6780,0.0,-0.068,step_5,no_load
10.748563,0.0,1.1426,0.4639,0.6787,0.0,-0.067,step_5,no_load
10.759192,0.0,1.1426,0.4632,0.6794,0.0,-0.067,step_5,no_load
10.769726,0.0,1.1426,0.4626,0.6800,0.0,-0.066,step_5,no_load
10.780223,0.0,1.1426,0.4616,0.6810,0.0,-0.066,step_5,no_load
10.790888,0.0,1.1426,0.4609,0.6817,0.0,-0.065,step_5,no_load
10.801218,0.0,1.1426,0.4603,0.6823,0.0,-0.065,step_5,no_load
10.811835,0.0,1.1426,0.4596,0.6830,0.0,-0.064,step_5,no_load
10.822707,0.0,1.1426,0.4590,0.6836,0.0,-0.064,step_5,no_load
10.833332,0.0,1.1426,0.4584,0.6842,0.0,-0.063,step_5,no_load
10.844,0.0,1.1426,0.4577,0.6849,0.0,-0.063,step_5,no_load
10.854783,0.0,1.1426,0.4571,0.6855,0.0,-0.063,step_5,no_load
10.866516,4.7241,1.1426,0.4562,0.6864,0.0,-0.062,step_5,no_load
10.87726,4.7241,1.1426,0.4556,0.6870,0.0,-0.061,step_5,no_load
10.88772,4.7241,1.1426,0.4549,0.6877,0.0,-0.061,step_5,no_load
10.898332,4.7241,1.1426,0.4543,0.6883,0.0,-0.061,step_5,no_load
10.909046,4.7241,1.2305,0.4537,0.7768,8.204,-0.060,step_5,no_load
10.919494,4.7241,1.4063,0.4531,0.9532,16.826,-0.060,step_5,no_load
10.929716,4.7241,1.6699,0.4525,1.2174,25.788,-0.059,step_5,no_load
10.940463,4.7241,2.1094,0.6197,1.4897,40.895,11.141,step_5,no_load
10.950684,4.7241,2.6367,0.9297,1.7070,51.59,31.003,step_5,no_load
10.961246,4.7241,3.0762,1.3127,1.7635,41.611,38.297,step_5,no_load
10.971929,4.7241,3.5156,1.7222,1.7934,41.131,40.953,step_5,no_load
10.982566,4.7241,3.7793,2.1285,1.6508,24.791,40.628,step_5,no_load
10.993346,4.7241,3.9551,2.5133,1.4418,16.308,38.482,step_5,no_load
11.003858,4.7241,4.0430,2.8665,1.1765,8.362,35.318,step_5,no_load
11.014172,4.7241,4.1309,3.1833,0.9476,8.522,31.679,step_5,no_load
11.024519,4.7241,4.2187,3.4625,0.7562,8.486,27.922,step_5,no_load
11.035032,4.7241,4.3066,3.8136,0.4930,8.361,23.408,step_5,no_load
11.045745,4.7241,4.3945,4.0063,0.3882,8.205,19.273,step_5,no_load
11.05603,4.7241,4.4824,4.1698,0.3126,8.546,16.344,step_5,no_load
11.066742,4.7241,4.4824,4.3074,0.1750,0.0,13.758,step_5,no_load
11.077246,4.7241,4.4824,4.4224,0.0600,0.0,11.508,step_5,no_load
11.087858,4.7241,4.4824,4.5182,-0.0358,0.0,9.572,step_5,no_load
11.098332,4.7241,4.4824,4.5974,-0.1150,0.0,7.922,step_5,no_load
11.109424,4.7241,4.4824,4.6627,-0.1803,0.0,6.527,step_5,no_load
11.120644,4.7241,4.4824,4.7392,-0.2568,0.0,5.104,step_5,no_load
11.130924,4.7241,4.4824,4.7788,-0.2964,0.0,3.954,step_5,no_load
11.14137,4.7241,4.4824,4.8109,-0.3285,0.0,3.216,step_5,no_load
11.151787,4.7241,4.4824,4.8370,-0.3546,0.0,2.608,step_5,no_load
11.162262,4.7241,4.4824,4.8581,-0.3757,0.0,2.109,step_5,no_load
11.172791,4.7241,4.4824,4.8751,-0.3927,0.0,1.701,step_5,no_load
11.18318,4.7241,4.4824,4.8888,-0.4064,0.0,1.368,step_5,no_load
11.194471,4.7241,4.4824,4.8998,-0.4174,0.0,1.098,step_5,no_load
11.204711,4.7241,4.4824,4.9086,-0.4262,0.0,0.879,step_5,no_load
11.215346,4.7241,4.4824,4.9185,-0.4361,0.0,0.666,step_5,no_load
11.226073,4.7241,4.4824,4.9235,-0.4411,0.0,0.500,step_5,no_load
11.236291,4.7241,4.4824,4.9275,-0.4451,0.0,0.397,step_5,no_load
11.24665,4.7241,4.4824,4.9307,-0.4483,0.0,0.315,step_5,no_load
11.257386,4.7241,4.4824,4.9332,-0.4508,0.0,0.249,step_5,no_load
11.268059,4.7241,4.4824,4.9351,-0.4527,0.0,0.197,step_5,no_load
11.278482,4.7241,4.4824,4.9367,-0.4543,0.0,0.155,step_5,no_load
11.288854,4.7241,4.4824,4.9379,-0.4555,0.0,0.126,step_5,no_load
11.299493,4.7241,4.4824,4.9391,-0.4567,0.0,0.113,step_5,no_load
11.310346,4.7241,4.4824,4.9407,-0.4583,0.0,0.108,step_5,no_load
11.32095,4.7241,4.4824,4.9417,-0.4593,0.0,0.105,step_5,no_load
11.331218,4.7241,4.4824,4.9428,-0.4604,0.0,0.104,step_5,no_load
11.341434,4.7241,4.4824,4.9438,-0.4614,0.0,0.103,step_5,no_load
11.351755,4.7241,4.4824,4.9448,-0.4624,0.0,0.103,step_5,no_load
11.362204,4.7241,4.4824,4.9459,-0.4635,0.0,0.102,step_5,no_load
11.373021,4.7241,4.4824,4.9469,-0.4645,0.0,0.101,step_5,no_load
11.383322,4.7241,4.4824,4.9479,-0.4655,0.0,0.100,step_5,no_load
11.394159,4.7241,4.4824,4.9489,-0.4665,0.0,0.100,step_5,no_load
11.404677,4.7241,4.4824,4.9499,-0.4675,0.0,0.099,step_5,no_load
11.415386,4.7241,4.4824,4.9513,-0.4689,0.0,0.098,step_5,no_load
11.426061,4.7241,4.4824,4.9523,-0.4699,0.0,0.097,step_5,no_load
11.436295,4.7241,4.4824,4.9533,-0.4709,0.0,0.097,step_5,no_load
11.447013,4.7241,4.4824,4.9542,-0.4718,0.0,0.096,step_5,no_load
11.45773,4.7241,4.4824,4.9552,-0.4728,0.0,0.095,step_5,no_load
11.468492,4.7241,4.4824,4.9561,-0.4737,0.0,0.095,step_5,no_load
11.479169,4.7241,4.4824,4.9571,-0.4747,0.0,0.094,step_5,no_load
11.49022,4.7241,4.4824,4.9585,-0.4761,0.0,0.093,step_5,no_load
11.500941,4.7241,4.4824,4.9594,-0.4770,0.0,0.092,step_5,no_load
11.511701,4.7241,4.4824,4.9603,-0.4779,0.0,0.092,step_5,no_load
11.521878,4.7241,4.4824,4.9612,-0.4788,0.0,0.091,step_5,no_load
11.532323,4.7241,4.4824,4.9621,-0.4797,0.0,0.090,step_5,no_load
11.543182,4.7241,4.4824,4.9630,-0.4806,0.0,0.090,step_5,no_load
11.553611,4.7241,4.4824,4.9639,-0.4815,0.0,0.089,step_5,no_load
11.564109,4.7241,4.4824,4.9648,-0.4824,0.0,0.089,step_5,no_load
11.574992,4.7241,4.4824,4.9657,-0.4833,0.0,0.088,step_5,no_load
11.585904,4.7241,4.4824,4.9670,-0.4846,0.0,0.087,step_5,no_load
11.596609,4.7241,4.4824,4.9679,-0.4855,0.0,0.086,step_5,no_load
11.607273,4.7241,4.4824,4.9687,-0.4863,0.0,0.086,step_5,no_load
11.618245,4.7241,4.4824,4.9696,-0.4872,0.0,0.085,step_5,no_load
11.629128,4.7241,4.4824,4.9704,-0.4880,0.0,0.085,step_5,no_load
11.640215,4.7241,4.4824,4.9717,-0.4893,0.0,0.084,step_5,no_load
11.650473,4.7241,4.4824,4.9725,-0.4901,0.0,0.083,step_5,no_load
11.660764,4.7241,4.4824,4.9733,-0.4909,0.0,0.083,step_5,no_load
11.67121,4.7241,4.4824,4.9741,-0.4917,0.0,0.082,step_5,no_load
11.68198,4.7241,4.4824,4.9750,-0.4926,0.0,0.081,step_5,no_load
11.692645,4.7241,4.4824,4.9758,-0.4934,0.0,0.081,step_5,no_load
11.70305,4.7241,4.4824,4.9766,-0.4942,0.0,0.080,step_5,no_load
11.713228,4.7241,4.4824,4.9774,-0.4950,0.0,0.080,step_5,no_load
11.723628,4.7241,4.4824,4.9782,-0.4958,0.0,0.079,step_5,no_load
11.734491,4.7241,4.4824,4.9790,-0.4966,0.0,0.079,step_5,no_load
11.74471,4.7241,4.4824,4.9797,-0.4973,0.0,0.078,step_5,no_load
11.75494,4.7241,4.4824,4.9805,-0.4981,0.0,0.078,step_5,no_load
11.765155,4.7241,4.4824,4.9817,-0.4993,0.0,0.077,step_5,no_load
11.77575,4.7241,4.4824,4.9824,-0.5000,0.0,0.076,step_5,no_load
11.786022,4.7241,4.4824,4.9832,-0.5008,0.0,0.076,step_5,no_load
11.796297,4.7241,4.4824,4.9839,-0.5015,0.0,0.075,step_5,no_load
11.806679,4.7241,4.4824,4.9847,-0.5023,0.0,0.075,step_5,no_load
11.816987,4.7241,4.4824,4.9854,-0.5030,0.0,0.074,step_5,no_load
11.827659,4.7241,4.4824,4.9862,-0.5038,0.0,0.074,step_5,no_load
11.838145,4.7241,4.4824,4.9869,-0.5045,0.0,0.073,step_5,no_load
11.848412,4.7241,4.4824,4.9876,-0.5052,0.0,0.073,step_5,no_load
11.858672,4.7241,4.4824,4.9883,-0.5059,0.0,0.072,step_5,no_load
11.869037,4.7241,4.4824,4.9891,-0.5067,0.0,0.072,step_5,no_load
11.879349,4.7241,4.4824,4.9898,-0.5074,0.0,0.071,step_5,no_load
11.89015,4.7241,4.4824,4.9908,-0.5084,0.0,0.070,step_5,no_load
11.900907,4.7241,4.4824,4.9915,-0.5091,0.0,0.070,step_5,no_load
11.911612,4.7241,4.4824,4.9922,-0.5098,0.0,0.069,step_5,no_load
11.922095,4.7241,4.4824,4.9929,-0.5105,0.0,0.069,step_5,no_load
11.932774,4.7241,4.4824,4.9936,-0.5112,0.0,0.068,step_5,no_load
11.943777,4.7241,4.4824,4.9943,-0.5119,0.0,0.068,step_5,no_load
11.954648,4.7241,4.4824,4.9949,-0.5125,0.0,0.067,step_5,no_load
11.9653,4.7241,4.4824,4.9959,-0.5135,0.0,0.067,step_5,no_load
11.975858,4.7241,4.4824,4.9966,-0.5142,0.0,0.066,step_5,no_load
11.986328,4.7241,4.4824,4.9973,-0.5149,0.0,0.066,step_5,no_load
11.996708,4.7241,4.4824,4.9979,-0.5155,0.0,0.065,step_5,no_load
12.007053,4.7241,4.4824,4.9986,-0.5162,0.0,0.065,step_5,no_load
12.018139,4.7241,4.4824,4.9992,-0.5168,0.0,0.064,step_5,no_load
12.028404,4.7241,4.4824,4.9999,-0.5175,0.0,0.064,step_5,no_load
12.038839,4.7241,4.4824,5.0005,-0.5181,0.0,0.064,step_5,no_load
12.049066,4.7241,4.4824,5.0011,-0.5187,0.0,0.063,step_5,no_load
12.059423,4.7241,4.4824,5.0017,-0.5193,0.0,0.063,step_5,no_load
12.070876,0.0,4.4824,5.0027,-0.5203,0.0,0.062,step_5,no_load
12.081562,0.0,4.4824,5.0033,-0.5209,0.0,0.062,step_5,no_load
12.092008,0.0,4.4824,5.0039,-0.5215,0.0,0.061,step_5,no_load
12.102427,0.0,4.4824,5.0045,-0.5221,0.0,0.061,step_5,no_load
12.11285,0.0,4.4824,5.0051,-0.5227,0.0,0.060,step_5,no_load
12.123097,0.0,4.3066,5.0057,-0.6991,-17.156,0.060,step_5,no_load
12.133679,0.0,4.0430,5.0063,-0.9633,-24.91,0.059,step_5,no_load
12.144322,0.0,3.5156,4.9462,-1.4306,-49.554,-6.007,step_5,no_load
12.154561,0.0,3.0762,4.6970,-1.6208,-42.914,-24.920,step_5,no_load
12.165046,0.0,2.5488,4.1463,-1.5975,-50.3,-36.718,step_5,no_load
12.175535,0.0,2.1973,3.7368,-1.5395,-33.511,-40.949,step_5,no_load
12.186176,0.0,2.0215,3.3306,-1.3091,-16.521,-40.622,step_5,no_load
12.197026,0.0,1.8457,2.9458,-1.1001,-16.203,-38.476,step_5,no_load
12.207305,0.0,1.6699,2.5927,-0.9228,-17.103,-35.311,step_5,no_load
12.218346,0.0,1.5820,2.2760,-0.6940,-7.961,-31.672,step_5,no_load
12.228561,0.0,1.4941,1.9968,-0.5027,-8.605,-27.916,step_5,no_load
12.23915,0.0,1.4941,1.7541,-0.2600,0.0,-24.267,step_5,no_load
12.249864,0.0,1.3184,1.5456,-0.2272,-16.399,-20.859,step_5,no_load
12.260516,0.0,1.2305,1.2897,-0.0592,-8.252,-17.059,step_5,no_load
12.270851,0.0,1.2305,1.1521,0.0784,0.0,-13.757,step_5,no_load
12.281487,0.0,1.1426,1.0370,0.1056,-8.264,-11.507,step_5,no_load
12.292053,0.0,1.1426,0.9413,0.2013,0.0,-9.572,step_5,no_load
12.302292,0.0,1.1426,0.8621,0.2805,0.0,-7.923,step_5,no_load
12.312579,0.0,1.1426,0.7968,0.3458,0.0,-6.528,step_5,no_load
12.322761,0.0,1.1426,0.7432,0.3994,0.0,-5.358,step_5,no_load
12.332968,0.0,1.1426,0.6994,0.4432,0.0,-4.381,step_5,no_load
12.343292,0.0,1.1426,0.6637,0.4789,0.0,-3.570,step_5,no_load
12.353554,0.0,1.1426,0.6347,0.5079,0.0,-2.900,step_5,no_load
12.364378,0.0,1.1426,0.6112,0.5314,0.0,-2.349,step_5,no_load
12.37541,0.0,1.1426,0.5842,0.5584,0.0,-1.802,step_5,no_load
12.385823,0.0,1.1426,0.5705,0.5721,0.0,-1.370,step_5,no_load
12.396435,0.0,1.1426,0.5595,0.5831,0.0,-1.100,step_5,no_load
12.407159,0.0,1.1426,0.5507,0.5919,0.0,-0.881,step_5,no_load
12.41753,0.0,1.1426,0.5437,0.5989,0.0,-0.704,step_5,no_load
12.427793,0.0,1.1426,0.5381,0.6045,0.0,-0.561,step_5,no_load
12.438543,0.0,1.1426,0.5336,0.6090,0.0,-0.447,step_5,no_load
12.449218,0.0,1.1426,0.5300,0.6126,0.0,-0.355,step_5,no_load
12.460726,0.0,1.1426,0.5260,0.6166,0.0,-0.266,step_5,no_load
12.471826,0.0,1.1426,0.5241,0.6185,0.0,-0.198,step_5,no_load
12.481993,0.0,1.1426,0.5225,0.6201,0.0,-0.156,step_5,no_load
12.492166,0.0,1.1426,0.5212,0.6214,0.0,-0.126,step_5,no_load
12.502476,0.0,1.1426,0.5201,0.6225,0.0,-0.114,step_5,no_load
12.512773,0.0,1.1426,0.5190,0.6236,0.0,-0.108,step_5,no_load
12.523455,0.0,1.1426,0.5180,0.6246,0.0,-0.106,step_5,no_load
12.533707,0.0,1.1426,0.5169,0.6257,0.0,-0.105,step_5,no_load
12.544057,0.0,1.1426,0.5159,0.6267,0.0,-0.104,step_5,no_load
12.554749,0.0,1.1426,0.5149,0.6277,0.0,-0.103,step_5,no_load
12.565365,0.0,1.1426,0.5133,0.6293,0.0,-0.102,step_5,no_load
12.575934,0.0,1.1426,0.5123,0.6303,0.0,-0.101,step_5,no_load
12.586147,0.0,1.1426,0.5113,0.6313,0.0,-0.100,step_5,no_load
12.596499,0.0,1.1426,0.5103,0.6323,0.0,-0.100,step_5,no_load
12.607119,0.0,1.1426,0.5093,0.6333,0.0,-0.099,step_5,no_load
12.61824,0.0,1.1426,0.5083,0.6343,0.0,-0.098,step_5,no_load
12.628702,0.0,1.1426,0.5074,0.6352,0.0,-0.098,step_5,no_load
12.638967,0.0,1.1426,0.5064,0.6362,0.0,-0.097,step_5,no_load
12.64953,0.0,1.1426,0.5054,0.6372,0.0,-0.096,step_5,no_load
12.660065,0.0,1.1426,0.5040,0.6386,0.0,-0.095,step_5,no_load
12.671077,0.0,1.1426,0.5030,0.6396,0.0,-0.095,step_5,no_load
12.681625,0.0,1.1426,0.5021,0.6405,0.0,-0.094,step_5,no_load
12.691698,0.0,1.1426,0.5012,0.6414,0.0,-0.093,step_5,no_load
12.702101,0.0,1.1426,0.5002,0.6424,0.0,-0.093,step_5,no_load
12.712313,0.0,1.1426,0.4993,0.6433,0.0,-0.092,step_5,no_load
12.722733,0.0,1.1426,0.4984,0.6442,0.0,-0.091,step_5,no_load
12.733163,0.0,1.1426,0.4975,0.6451,0.0,-0.091,step_5,no_load
12.744097,0.0,1.1426,0.4966,0.6460,0.0,-0.090,step_5,no_load
12.754415,0.0,1.1426,0.4957,0.6469,0.0,-0.090,step_5,no_load
12.76477,0.0,1.1426,0.4948,0.6478,0.0,-0.089,step_5,no_load
12.775093,0.0,1.1426,0.4935,0.6491,0.0,-0.088,step_5,no_load
12.785957,0.0,1.1426,0.4926,0.6500,0.0,-0.087,step_5,no_load
12.796104,0.0,1.1426,0.4918,0.6508,0.0,-0.087,step_5,no_load
12.806378,0.0,1.1426,0.4909,0.6517,0.0,-0.086,step_5,no_load
12.816882,0.0,1.1426,0.4900,0.6526,0.0,-0.086,step_5,no_load
12.82751,0.0,1.1426,0.4892,0.6534,0.0,-0.085,step_5,no_load
12.838167,0.0,1.1426,0.4883,0.6543,0.0,-0.084,step_5,no_load
12.84857,0.0,1.1426,0.4875,0.6551,0.0,-0.084,step_5,no_load
12.859888,0.0,1.1426,0.4867,0.6559,0.0,-0.083,step_5,no_load
12.871022,0.0,1.1426,0.4854,0.6572,0.0,-0.083,step_5,no_load
12.881276,0.0,1.1426,0.4846,0.6580,0.0,-0.082,step_5,no_load
12.891553,0.0,1.1426,0.4838,0.6588,0.0,-0.081,step_5,no_load
12.901899,0.0,1.1426,0.4830,0.6596,0.0,-0.081,step_5,no_load
12.912125,0.0,1.1426,0.4822,0.6604,0.0,-0.080,step_5,no_load
12.922902,0.0,1.1426,0.4814,0.6612,0.0,-0.080,step_5,no_load
12.933068,0.0,1.1426,0.4806,0.6620,0.0,-0.079,step_5,no_load
12.943999,0.0,1.1426,0.4798,0.6628,0.0,-0.078,step_5,no_load
12.955036,0.0,1.1426,0.4787,0.6639,0.0,-0.078,step_5,no_load
12.965615,0.0,1.1426,0.4779,0.6647,0.0,-0.077,step_5,no_load
12.976228,0.0,1.1426,0.4771,0.6655,0.0,-0.077,step_5,no_load
12.986788,0.0,1.1426,0.4764,0.6662,0.0,-0.076,step_5,no_load
12.99709,0.0,1.1426,0.4756,0.6670,0.0,-0.075,step_5,no_load
13.007449,0.0,1.1426,0.4749,0.6677,0.0,-0.075,step_5,no_load
13.018075,0.0,1.1426,0.4741,0.6685,0.0,-0.074,step_5,no_load
13.028624,0.0,1.1426,0.4734,0.6692,0.0,-0.074,step_5,no_load
13.03892,0.0,1.1426,0.4726,0.6700,0.0,-0.073,step_5,no_load
13.049555,0.0,1.1426,0.4719,0.6707,0.0,-0.073,step_5,no_load
13.059991,0.0,1.1426,0.4712,0.6714,0.0,-0.072,step_5,no_load
13.070458,0.0,1.1426,0.4701,0.6725,0.0,-0.072,step_5,no_load
13.080692,0.0,1.1426,0.4694,0.6732,0.0,-0.071,step_5,no_load
13.091235,0.0,1.1426,0.4687,0.6739,0.0,-0.071,step_5,no_load
13.101544,0.0,1.1426,0.4680,0.6746,0.0,-0.070,step_5,no_load
13.111861,0.0,1.1426,0.4673,0.6753,0.0,-0.070,step_5,no_load
13.122045,0.0,1.1426,0.4666,0.6760,0.0,-0.069,step_5,no_load
13.132873,0.0,1.1426,0.4659,0.6767,0.0,-0.069,step_5,no_load
13.143239,0.0,1.1426,0.4652,0.6774,0.0,-0.068,step_5,no_load
13.153719,0.0,1.1426,0.4646,0.6780,0.0,-0.068,step_5,no_load
13.164208,0.0,1.1426,0.4639,0.6787,0.0,-0.067,step_5,no_load
13.174459,0.0,1.1426,0.4632,0.6794,0.0,-0.067,step_5,no_load
13.184825,0.0,1.1426,0.4626,0.6800,0.0,-0.066,step_5,no_load
13.195259,0.0,1.1426,0.4616,0.6810,0.0,-0.066,step_5,no_load
13.205599,0.0,1.1426,0.4609,0.6817,0.0,-0.065,step_5,no_load
13.216058,0.0,1.1426,0.4603,0.6823,0.0,-0.065,step_5,no_load
13.226571,0.0,1.1426,0.4596,0.6830,0.0,-0.064,step_5,no_load
13.23716,0.0,1.1426,0.4590,0.6836,0.0,-0.064,step_5,no_load
13.247455,0.0,1.1426,0.4584,0.6842,0.0,-0.063,step_5,no_load
13.258235,0.0,1.1426,0.4577,0.6849,0.0,-0.063,step_5,no_load
13.268556,0.0,1.1426,0.4571,0.6855,0.0,-0.063,step_5,no_load
13.28068,4.7241,1.1426,0.4562,0.6864,0.0,-0.062,step_5,no_load
13.291489,4.7241,1.1426,0.4556,0.6870,0.0,-0.061,step_5,no_load
13.30206,4.7241,1.1426,0.4549,0.6877,0.0,-0.061,step_5,no_load
13.312798,4.7241,1.1426,0.4543,0.6883,0.0,-0.061,step_5,no_load
13.323389,4.7241,1.2305,0.4537,0.7768,8.299,-0.060,step_5,no_load
13.333982,4.7241,1.4063,0.4531,0.9532,16.596,-0.060,step_5,no_load
13.344566,4.7241,1.6699,0.4525,1.2174,24.906,-0.059,step_5,no_load
13.354993,4.7241,2.1094,0.5126,1.5968,42.15,6.008,step_5,no_load
13.366017,4.7241,2.6367,0.9297,1.7070,47.832,27.804,step_5,no_load
13.37627,4.7241,3.1641,1.3127,1.8514,51.439,38.297,step_5,no_load
13.386869,4.7241,3.5156,1.7222,1.7934,33.164,40.953,step_5,no_load
13.397088,4.7241,3.7793,2.1285,1.6508,25.805,40.628,step_5,no_load
13.407525,4.7241,3.9551,2.5133,1.4418,16.844,38.482,step_5,no_load
13.418216,4.7241,4.0430,2.8665,1.1765,8.222,35.318,step_5,no_load
13.428746,4.7241,4.0430,3.1833,0.8597,0.0,31.679,step_5,no_load
13.439374,4.7241,4.1309,3.4625,0.6684,8.271,27.922,step_5,no_load
13.449602,4.7241,4.2187,3.7052,0.5135,8.584,24.272,step_5,no_load
13.459819,4.7241,4.3945,3.9138,0.4807,17.207,20.863,step_5,no_load
13.470385,4.7241,4.4824,4.1698,0.3126,8.319,17.062,step_5,no_load
13.480735,4.7241,4.4824,4.3074,0.1750,0.0,13.758,step_5,no_load
13.491641,4.7241,4.4824,4.4224,0.0600,0.0,11.508,step_5,no_load
13.502342,4.7241,4.4824,4.5182,-0.0358,0.0,9.572,step_5,no_load
13.512606,4.7241,4.4824,4.5974,-0.1150,0.0,7.922,step_5,no_load
13.523566,4.7241,4.4824,4.6626,-0.1802,0.0,6.527,step_5,no_load
13.534032,4.7241,4.4824,4.7162,-0.2338,0.0,5.356,step_5,no_load
13.544357,4.7241,4.4824,4.7600,-0.2776,0.0,4.379,step_5,no_load
13.55507,4.7241,4.4824,4.8109,-0.3285,0.0,3.395,step_5,no_load
13.565971,4.7241,4.4824,4.8370,-0.3546,0.0,2.608,step_5,no_load
13.576322,4.7241,4.4824,4.8581,-0.3757,0.0,2.109,step_5,no_load
13.587449,4.7241,4.4824,4.8751,-0.3927,0.0,1.701,step_5,no_load
13.597737,4.7241,4.4824,4.8888,-0.4064,0.0,1.368,step_5,no_load
13.60843,4.7241,4.4824,4.8998,-0.4174,0.0,1.098,step_5,no_load
13.618992,4.7241,4.4824,4.9086,-0.4262,0.0,0.879,step_5,no_load
13.629344,4.7241,4.4824,4.9156,-0.4332,0.0,0.702,step_5,no_load
13.63977,4.7241,4.4824,4.9212,-0.4388,0.0,0.560,step_5,no_load
13.650033,4.7241,4.4824,4.9275,-0.4451,0.0,0.422,step_5,no_load
13.660262,4.7241,4.4824,4.9307,-0.4483,0.0,0.315,step_5,no_load
13.670936,4.7241,4.4824,4.9332,-0.4508,0.0,0.249,step_5,no_load
13.681724,4.7241,4.4824,4.9351,-0.4527,0.0,0.197,step_5,no_load
13.692314,4.7241,4.4824,4.9367,-0.4543,0.0,0.155,step_5,no_load
13.703099,4.7241,4.4824,4.9379,-0.4555,0.0,0.126,step_5,no_load
13.714369,4.7241,4.4824,4.9391,-0.4567,0.0,0.113,step_5,no_load
13.724987,4.7241,4.4824,4.9402,-0.4578,0.0,0.108,step_5,no_load
13.735547,4.7241,4.4824,4.9417,-0.4593,0.0,0.106,step_5,no_load
13.745855,4.7241,4.4824,4.9428,-0.4604,0.0,0.104,step_5,no_load
13.756499,4.7241,4.4824,4.9438,-0.4614,0.0,0.103,step_5,no_load
13.767096,4.7241,4.4824,4.9448,-0.4624,0.0,0.103,step_5,no_load
13.777622,4.7241,4.4824,4.9459,-0.4635,0.0,0.102,step_5,no_load
13.78819,4.7241,4.4824,4.9469,-0.4645,0.0,0.101,step_5,no_load
13.798848,4.7241,4.4824,4.9479,-0.4655,0.0,0.100,step_5,no_load
13.809894,4.7241,4.4824,4.9489,-0.4665,0.0,0.100,step_5,no_load
13.821167,4.7241,4.4824,4.9504,-0.4680,0.0,0.099,step_5,no_load
13.831937,4.7241,4.4824,4.9513,-0.4689,0.0,0.098,step_5,no_load
13.842873,4.7241,4.4824,4.9523,-0.4699,0.0,0.097,step_5,no_load
13.853272,4.7241,4.4824,4.9533,-0.4709,0.0,0.097,step_5,no_load
13.864224,4.7241,4.4824,4.9542,-0.4718,0.0,0.096,step_5,no_load
13.874567,4.7241,4.4824,4.9552,-0.4728,0.0,0.095,step_5,no_load
13.88523,4.7241,4.4824,4.9566,-0.4742,0.0,0.094,step_5,no_load
13.896086,4.7241,4.4824,4.9575,-0.4751,0.0,0.094,step_5,no_load
13.906522,4.7241,4.4824,4.9585,-0.4761,0.0,0.093,step_5,no_load
13.917177,4.7241,4.4824,4.9594,-0.4770,0.0,0.092,step_5,no_load
13.927803,4.7241,4.4824,4.9603,-0.4779,0.0,0.092,step_5,no_load
13.93811,4.7241,4.4824,4.9612,-0.4788,0.0,0.091,step_5,no_load
13.948693,4.7241,4.4824,4.9621,-0.4797,0.0,0.090,step_5,no_load
13.959342,4.7241,4.4824,4.9630,-0.4806,0.0,0.090,step_5,no_load
13.970175,4.7241,4.4824,4.9644,-0.4820,0.0,0.089,step_5,no_load
13.98083,4.7241,4.4824,4.9652,-0.4828,0.0,0.088,step_5,no_load
13.99118,4.7241,4.4824,4.9661,-0.4837,0.0,0.088,step_5,no_load
14.001657,4.7241,4.4824,4.9670,-0.4846,0.0,0.087,step_5,no_load
14.011992,4.7241,4.4824,4.9679,-0.4855,0.0,0.086,step_5,no_load
14.022164,4.7241,4.4824,4.9687,-0.4863,0.0,0.086,step_5,no_load
14.032694,4.7241,4.4824,4.9696,-0.4872,0.0,0.085,step_5,no_load
14.043405,4.7241,4.4824,4.9704,-0.4880,0.0,0.085,step_5,no_load
14.053809,4.7241,4.4824,4.9713,-0.4889,0.0,0.084,step_5,no_load
14.064567,4.7241,4.4824,4.9721,-0.4897,0.0,0.083,step_5,no_load
14.074967,4.7241,4.4824,4.9729,-0.4905,0.0,0.083,step_5,no_load
14.08546,4.7241,4.4824,4.9741,-0.4917,0.0,0.082,step_5,no_load
14.095992,4.7241,4.4824,4.9750,-0.4926,0.0,0.081,step_5,no_load
14.106892,4.7241,4.4824,4.9758,-0.4934,0.0,0.081,step_5,no_load
14.117271,4.7241,4.4824,4.9766,-0.4942,0.0,0.080,step_5,no_load
14.127865,4.7241,4.4824,4.9774,-0.4950,0.0,0.080,step_5,no_load
14.13828,4.7241,4.4824,4.9782,-0.4958,0.0,0.079,step_5,no_load
14.149363,4.7241,4.4824,4.9790,-0.4966,0.0,0.079,step_5,no_load
14.159827,4.7241,4.4824,4.9797,-0.4973,0.0,0.078,step_5,no_load
14.170727,4.7241,4.4824,4.9809,-0.4985,0.0,0.077,step_5,no_load
14.181187,4.7241,4.4824,4.9817,-0.4993,0.0,0.077,step_5,no_load
14.191597,4.7241,4.4824,4.9824,-0.5000,0.0,0.076,step_5,no_load
14.201933,4.7241,4.4824,4.9832,-0.5008,0.0,0.076,step_5,no_load
14.212776,4.7241,4.4824,4.9839,-0.5015,0.0,0.075,step_5,no_load
14.22353,4.7241,4.4824,4.9847,-0.5023,0.0,0.075,step_5,no_load
14.234011,4.7241,4.4824,4.9854,-0.5030,0.0,0.074,step_5,no_load
14.244995,4.7241,4.4824,4.9862,-0.5038,0.0,0.074,step_5,no_load
14.255739,4.7241,4.4824,4.9873,-0.5049,0.0,0.073,step_5,no_load
14.266709,4.7241,4.4824,4.9880,-0.5056,0.0,0.072,step_5,no_load
14.277337,4.7241,4.4824,4.9887,-0.5063,0.0,0.072,step_5,no_load
14.287975,4.7241,4.4824,4.9894,-0.5070,0.0,0.071,step_5,no_load
14.29831,4.7241,4.4824,4.9901,-0.5077,0.0,0.071,step_5,no_load
14.308552,4.7241,4.4824,4.9908,-0.5084,0.0,0.070,step_5,no_load
14.319072,4.7241,4.4824,4.9915,-0.5091,0.0,0.070,step_5,no_load
14.32969,4.7241,4.4824,4.9922,-0.5098,0.0,0.069,step_5,no_load
14.340399,4.7241,4.4824,4.9932,-0.5108,0.0,0.069,step_5,no_load
14.350615,4.7241,4.4824,4.9939,-0.5115,0.0,0.068,step_5,no_load
14.361089,4.7241,4.4824,4.9946,-0.5122,0.0,0.068,step_5,no_load
14.371355,4.7241,4.4824,4.9953,-0.5129,0.0,0.067,step_5,no_load
14.381938,4.7241,4.4824,4.9959,-0.5135,0.0,0.067,step_5,no_load
14.392084,4.7241,4.4824,4.9966,-0.5142,0.0,0.066,step_5,no_load
14.402216,4.7241,4.4824,4.9973,-0.5149,0.0,0.066,step_5,no_load
14.412941,4.7241,4.4824,4.9979,-0.5155,0.0,0.065,step_5,no_load
14.423088,4.7241,4.4824,4.9986,-0.5162,0.0,0.065,step_5,no_load
14.433951,4.7241,4.4824,4.9992,-0.5168,0.0,0.064,step_5,no_load
14.444149,4.7241,4.4824,4.9999,-0.5175,0.0,0.064,step_5,no_load
14.454662,4.7241,4.4824,5.0005,-0.5181,0.0,0.064,step_5,no_load
14.465724,4.7241,4.4824,5.0014,-0.5190,0.0,0.063,step_5,no_load
14.476216,4.7241,4.4824,5.0021,-0.5197,0.0,0.062,step_5,no_load
14.487668,0.0,4.4824,5.0027,-0.5203,0.0,0.062,step_5,no_load
14.498074,0.0,4.4824,5.0033,-0.5209,0.0,0.062,step_5,no_load
14.508396,0.0,4.4824,5.0039,-0.5215,0.0,0.061,step_5,no_load
14.5188,0.0,4.4824,5.0045,-0.5221,0.0,0.061,step_5,no_load
14.52983,0.0,4.4824,5.0051,-0.5227,0.0,0.060,step_5,no_load
14.539947,0.0,4.3066,5.0057,-0.6991,-17.377,0.060,step_5,no_load
14.551004,0.0,3.9551,5.0066,-1.0515,-31.79,0.059,step_5,no_load
14.561291,0.0,3.6035,4.8392,-1.2357,-34.179,-16.740,step_5,no_load
14.572413,0.0,2.9883,4.5292,-1.5409,-55.314,-31.000,step_5,no_load
14.582862,0.0,2.5488,4.1463,-1.5975,-42.061,-38.293,step_5,no_load
14.593299,0.0,2.1973,3.7368,-1.5395,-33.678,-40.949,step_5,no_load
14.60374,0.0,2.0215,3.3306,-1.3091,-16.837,-40.622,step_5,no_load
14.614026,0.0,1.7578,2.9458,-1.1880,-25.637,-38.476,step_5,no_load
14.624253,0.0,1.6699,2.5927,-0.9228,-8.595,-35.311,step_5,no_load
14.634526,0.0,1.5820,2.2760,-0.6940,-8.556,-31.672,step_5,no_load
14.645139,0.0,1.4941,1.8710,-0.3769,-8.282,-26.995,step_5,no_load
14.65558,0.0,1.4941,1.6458,-0.1517,0.0,-22.527,step_5,no_load
14.666401,0.0,1.3184,1.4531,-0.1347,-16.237,-19.269,step_5,no_load
14.67718,0.0,1.2305,1.2897,-0.0592,-8.155,-16.341,step_5,no_load
14.68742,0.0,1.2305,1.1521,0.0784,0.0,-13.757,step_5,no_load
14.697778,0.0,1.1426,1.0370,0.1056,-8.486,-11.507,step_5,no_load
14.708317,0.0,1.1426,0.9413,0.2013,0.0,-9.572,step_5,no_load
14.718697,0.0,1.1426,0.8621,0.2805,0.0,-7.923,step_5,no_load
14.729907,0.0,1.1426,0.7968,0.3458,0.0,-6.528,step_5,no_load
14.740685,0.0,1.1426,0.7202,0.4224,0.0,-5.106,step_5,no_load
14.751096,0.0,1.1426,0.6807,0.4619,0.0,-3.956,step_5,no_load
14.761262,0.0,1.1426,0.6485,0.4941,0.0,-3.219,step_5,no_load
14.771937,0.0,1.1426,0.6224,0.5202,0.0,-2.611,step_5,no_load
14.782237,0.0,1.1426,0.6013,0.5413,0.0,-2.111,step_5,no_load
14.792483,0.0,1.1426,0.5842,0.5584,0.0,-1.703,step_5,no_load
14.802952,0.0,1.1426,0.5705,0.5721,0.0,-1.370,step_5,no_load
14.813676,0.0,1.1426,0.5595,0.5831,0.0,-1.100,step_5,no_load
14.824296,0.0,1.1426,0.5507,0.5919,0.0,-0.881,step_5,no_load
14.834811,0.0,1.1426,0.5437,0.5989,0.0,-0.704,step_5,no_load
14.845381,0.0,1.1426,0.5357,0.6069,0.0,-0.532,step_5,no_load
14.856204,0.0,1.1426,0.5317,0.6109,0.0,-0.398,step_5,no_load
14.866698,0.0,1.1426,0.5286,0.6140,0.0,-0.316,step_5,no_load
14.877237,0.0,1.1426,0.5260,0.6166,0.0,-0.250,step_5,no_load
14.887867,0.0,1.1426,0.5241,0.6185,0.0,-0.198,step_5,no_load
14.898282,0.0,1.1426,0.5225,0.6201,0.0,-0.156,step_5,no_load
14.908815,0.0,1.1426,0.5212,0.6214,0.0,-0.126,step_5,no_load
14.920286,0.0,1.1426,0.5196,0.6230,0.0,-0.112,step_5,no_load
14.930912,0.0,1.1426,0.5185,0.6241,0.0,-0.107,step_5,no_load
14.941657,0.0,1.1426,0.5174,0.6252,0.0,-0.105,step_5,no_load
14.951931,0.0,1.1426,0.5164,0.6262,0.0,-0.104,step_5,no_load
14.962151,0.0,1.1426,0.5154,0.6272,0.0,-0.103,step_5,no_load
14.972313,0.0,1.1426,0.5143,0.6283,0.0,-0.103,step_5,no_load
14.98297,0.0,1.1426,0.5133,0.6293,0.0,-0.102,step_5,no_load
14.993129,0.0,1.1426,0.5123,0.6303,0.0,-0.101,step_5,no_load
15.003723,0.0,1.1426,0.5113,0.6313,0.0,-0.100,step_5,no_load
15.014066,0.0,1.1426,0.5103,0.6323,0.0,-0.100,step_5,no_load
15.024425,0.0,1.1426,0.5093,0.6333,0.0,-0.099,step_5,no_load
15.035244,0.0,1.1426,0.5078,0.6348,0.0,-0.098,step_5,no_load
15.045882,0.0,1.1426,0.5069,0.6357,0.0,-0.097,step_5,no_load
15.056108,0.0,1.1426,0.5059,0.6367,0.0,-0.097,step_5,no_load
15.066778,0.0,1.1426,0.5049,0.6377,0.0,-0.096,step_5,no_load
15.077229,0.0,1.1426,0.5040,0.6386,0.0,-0.095,step_5,no_load
15.087566,0.0,1.1426,0.5030,0.6396,0.0,-0.095,step_5,no_load
15.098167,0.0,1.1426,0.5021,0.6405,0.0,-0.094,step_5,no_load
15.10854,0.0,1.1426,0.5012,0.6414,0.0,-0.093,step_5,no_load
15.119091,0.0,1.1426,0.5002,0.6424,0.0,-0.093,step_5,no_load
15.130182,0.0,1.1426,0.4989,0.6437,0.0,-0.092,step_5,no_load
15.140491,0.0,1.1426,0.4980,0.6446,0.0,-0.091,step_5,no_load
15.150625,0.0,1.1426,0.4971,0.6455,0.0,-0.090,step_5,no_load
15.161231,0.0,1.1426,0.4962,0.6464,0.0,-0.090,step_5,no_load
15.172175,0.0,1.1426,0.4953,0.6473,0.0,-0.089,step_5,no_load
15.182821,0.0,1.1426,0.4944,0.6482,0.0,-0.089,step_5,no_load
15.193188,0.0,1.1426,0.4935,0.6491,0.0,-0.088,step_5,no_load
15.203945,0.0,1.1426,0.4926,0.6500,0.0,-0.087,step_5,no_load
15.214462,0.0,1.1426,0.4918,0.6508,0.0,-0.087,step_5,no_load
15.224795,0.0,1.1426,0.4909,0.6517,0.0,-0.086,step_5,no_load
15.235384,0.0,1.1426,0.4896,0.6530,0.0,-0.085,step_5,no_load
15.24569,0.0,1.1426,0.4888,0.6538,0.0,-0.085,step_5,no_load
15.25599,0.0,1.1426,0.4879,0.6547,0.0,-0.084,step_5,no_load
15.266612,0.0,1.1426,0.4871,0.6555,0.0,-0.084,step_5,no_load
15.277463,0.0,1.1426,0.4863,0.6563,0.0,-0.083,step_5,no_load
15.287931,0.0,1.1426,0.4854,0.6572,0.0,-0.082,step_5,no_load
15.298507,0.0,1.1426,0.4846,0.6580,0.0,-0.082,step_5,no_load
15.309192,0.0,1.1426,0.4838,0.6588,0.0,-0.081,step_5,no_load
15.319513,0.0,1.1426,0.4830,0.6596,0.0,-0.081,step_5,no_load
15.330546,0.0,1.1426,0.4818,0.6608,0.0,-0.080,step_5,no_load
15.340846,0.0,1.1426,0.4810,0.6616,0.0,-0.079,step_5,no_load
15.351363,0.0,1.1426,0.4802,0.6624,0.0,-0.079,step_5,no_load
15.361752,0.0,1.1426,0.4794,0.6632,0.0,-0.078,step_5,no_load
15.372086,0.0,1.1426,0.4787,0.6639,0.0,-0.078,step_5,no_load
15.382553,0.0,1.1426,0.4779,0.6647,0.0,-0.077,step_5,no_load
15.393354,0.0,1.1426,0.4771,0.6655,0.0,-0.077,step_5,no_load
15.403749,0.0,1.1426,0.4764,0.6662,0.0,-0.076,step_5,no_load
15.415241,0.0,1.1426,0.4752,0.6674,0.0,-0.075,step_5,no_load
15.425419,0.0,1.1426,0.4745,0.6681,0.0,-0.075,step_5,no_load
15.436165,0.0,1.1426,0.4737,0.6689,0.0,-0.074,step_5,no_load
15.446799,0.0,1.1426,0.4730,0.6696,0.0,-0.074,step_5,no_load
15.457431,0.0,1.1426,0.4723,0.6703,0.0,-0.073,step_5,no_load
15.467792,0.0,1.1426,0.4716,0.6710,0.0,-0.073,step_5,no_load
15.478369,0.0,1.1426,0.4708,0.6718,0.0,-0.072,step_5,no_load
15.488651,0.0,1.1426,0.4701,0.6725,0.0,-0.072,step_5,no_load
15.499266,0.0,1.1426,0.4694,0.6732,0.0,-0.071,step_5,no_load
15.510107,0.0,1.1426,0.4683,0.6743,0.0,-0.071,step_5,no_load
15.520239,0.0,1.1426,0.4676,0.6750,0.0,-0.070,step_5,no_load
15.530911,0.0,1.1426,0.4670,0.6756,0.0,-0.069,step_5,no_load
15.541111,0.0,1.1426,0.4663,0.6763,0.0,-0.069,step_5,no_load
15.551353,0.0,1.1426,0.4656,0.6770,0.0,-0.068,step_5,no_load
15.561776,0.0,1.1426,0.4649,0.6777,0.0,-0.068,step_5,no_load
15.572428,0.0,1.1426,0.4642,0.6784,0.0,-0.067,step_5,no_load
15.582713,0.0,1.1426,0.4636,0.6790,0.0,-0.067,step_5,no_load
15.593125,0.0,1.1426,0.4629,0.6797,0.0,-0.067,step_5,no_load
15.603973,0.0,1.1426,0.4622,0.6804,0.0,-0.066,step_5,no_load
15.614447,0.0,1.1426,0.4616,0.6810,0.0,-0.066,step_5,no_load
15.624777,0.0,1.1426,0.4609,0.6817,0.0,-0.065,step_5,no_load
15.634942,0.0,1.1426,0.4603,0.6823,0.0,-0.065,step_5,no_load
15.645247,0.0,1.1426,0.4593,0.6833,0.0,-0.064,step_5,no_load
15.655421,0.0,1.1426,0.4587,0.6839,0.0,-0.064,step_5,no_load
15.665932,0.0,1.1426,0.4580,0.6846,0.0,-0.063,step_5,no_load
15.676586,0.0,1.1426,0.4574,0.6852,0.0,-0.063,step_5,no_load
15.686766,0.0,1.1426,0.4568,0.6858,0.0,-0.062,step_5,no_load
15.698033,4.7241,1.1426,0.4562,0.6864,0.0,-0.062,step_5,no_load
15.708656,4.7241,1.1426,0.4556,0.6870,0.0,-0.061,step_5,no_load
15.718818,4.7241,1.1426,0.4549,0.6877,0.0,-0.061,step_5,no_load
15.729127,4.7241,1.1426,0.4543,0.6883,0.0,-0.061,step_5,no_load
15.739408,4.7241,1.1426,0.4537,0.6889,0.0,-0.060,step_5,no_load
15.749676,4.7241,1.3184,0.4531,0.8653,17.121,-0.060,step_5,no_load
15.759958,4.7241,1.5820,0.4525,1.1295,25.637,-0.059,step_5,no_load
15.771222,4.7241,2.0215,0.6197,1.4018,39.018,11.141,step_5,no_load
15.781872,4.7241,2.5488,0.9297,1.6191,49.512,31.003,step_5,no_load
15.792538,4.7241,3.0762,1.3127,1.7635,49.447,38.297,step_5,no_load
15.80325,4.7241,3.5156,1.7222,1.7934,41.019,40.953,step_5,no_load
15.813747,4.7241,3.7793,2.1285,1.6508,25.121,40.628,step_5,no_load
15.824364,4.7241,3.9551,2.5133,1.4418,16.558,38.482,step_5,no_load
15.834991,4.7241,4.0430,2.8665,1.1765,8.271,35.318,step_5,no_load
15.84526,4.7241,4.1309,3.3275,0.8034,8.56,30.738,step_5,no_load
15.855802,4.7241,4.2187,3.5883,0.6304,8.329,26.073,step_5,no_load
15.866021,4.7241,4.3066,3.8136,0.4930,8.602,22.532,step_5,no_load
15.876172,4.7241,4.3945,4.0063,0.3882,8.659,19.273,step_5,no_load
15.887081,4.7241,4.4824,4.1698,0.3126,8.058,16.344,step_5,no_load
15.89785,4.7241,4.4824,4.3074,0.1750,0.0,13.758,step_5,no_load
15.908977,4.7241,4.4824,4.4224,0.0600,0.0,11.508,step_5,no_load
15.9192,4.7241,4.4824,4.5182,-0.0358,0.0,9.572,step_5,no_load
15.929808,4.7241,4.4824,4.5974,-0.1150,0.0,7.922,step_5,no_load
15.941507,4.7241,4.4824,4.6908,-0.2084,0.0,6.226,step_5,no_load
15.952098,4.7241,4.4824,4.7392,-0.2568,0.0,4.845,step_5,no_load
15.962825,4.7241,4.4824,4.7788,-0.2964,0.0,3.954,step_5,no_load
15.97305,4.7241,4.4824,4.8109,-0.3285,0.0,3.216,step_5,no_load
15.983421,4.7241,4.4824,4.8370,-0.3546,0.0,2.608,step_5,no_load
15.994205,4.7241,4.4824,4.8581,-0.3757,0.0,2.109,step_5,no_load
16.00498,4.7241,4.4824,4.8751,-0.3927,0.0,1.701,step_5,no_load
16.015488,4.7241,4.4824,4.8946,-0.4122,0.0,1.299,step_5,no_load
16.026105,4.7241,4.4824,4.9044,-0.4220,0.0,0.983,step_5,no_load
16.036713,4.7241,4.4824,4.9123,-0.4299,0.0,0.786,step_5,no_load
16.04737,4.7241,4.4824,4.9185,-0.4361,0.0,0.627,step_5,no_load
16.057871,4.7241,4.4824,4.9235,-0.4411,0.0,0.500,step_5,no_load
16.068548,4.7241,4.4824,4.9275,-0.4451,0.0,0.397,step_5,no_load
16.07917,4.7241,4.4824,4.9307,-0.4483,0.0,0.315,step_5,no_load
16.08977,4.7241,4.4824,4.9332,-0.4508,0.0,0.249,step_5,no_load
16.100833,4.7241,4.4824,4.9359,-0.4535,0.0,0.186,step_5,no_load
16.111103,4.7241,4.4824,4.9373,-0.4549,0.0,0.138,step_5,no_load
16.121269,4.7241,4.4824,4.9385,-0.4561,0.0,0.118,step_5,no_load
16.131565,4.7241,4.4824,4.9396,-0.4572,0.0,0.110,step_5,no_load
16.142213,4.7241,4.4824,4.9407,-0.4583,0.0,0.107,step_5,no_load
16.152347,4.7241,4.4824,4.9417,-0.4593,0.0,0.105,step_5,no_load
16.162834,4.7241,4.4824,4.9428,-0.4604,0.0,0.104,step_5,no_load
16.173922,4.7241,4.4824,4.9438,-0.4614,0.0,0.103,step_5,no_load
16.184383,4.7241,4.4824,4.9448,-0.4624,0.0,0.103,step_5,no_load
16.194703,4.7241,4.4824,4.9459,-0.4635,0.0,0.102,step_5,no_load
16.205766,4.7241,4.4824,4.9474,-0.4650,0.0,0.101,step_5,no_load
16.216199,4.7241,4.4824,4.9484,-0.4660,0.0,0.100,step_5,no_load
16.226417,4.7241,4.4824,4.9494,-0.4670,0.0,0.099,step_5,no_load
16.237048,4.7241,4.4824,4.9504,-0.4680,0.0,0.099,step_5,no_load
16.248287,4.7241,4.4824,4.9513,-0.4689,0.0,0.098,step_5,no_load
16.259013,4.7241,4.4824,4.9523,-0.4699,0.0,0.097,step_5,no_load
16.269613,4.7241,4.4824,4.9533,-0.4709,0.0,0.097,step_5,no_load
16.280314,4.7241,4.4824,4.9547,-0.4723,0.0,0.096,step_5,no_load
16.290876,4.7241,4.4824,4.9557,-0.4733,0.0,0.095,step_5,no_load
16.301029,4.7241,4.4824,4.9566,-0.4742,0.0,0.094,step_5,no_load
16.311365,4.7241,4.4824,4.9575,-0.4751,0.0,0.094,step_5,no_load
16.321732,4.7241,4.4824,4.9585,-0.4761,0.0,0.093,step_5,no_load
16.331928,4.7241,4.4824,4.9594,-0.4770,0.0,0.092,step_5,no_load
16.342314,4.7241,4.4824,4.9603,-0.4779,0.0,0.092,step_5,no_load
16.352664,4.7241,4.4824,4.9612,-0.4788,0.0,0.091,step_5,no_load
16.363698,4.7241,4.4824,4.9621,-0.4797,0.0,0.090,step_5,no_load
16.374221,4.7241,4.4824,4.9630,-0.4806,0.0,0.090,step_5,no_load
16.384943,4.7241,4.4824,4.9639,-0.4815,0.0,0.089,step_5,no_load
16.395344,4.7241,4.4824,4.9652,-0.4828,0.0,0.088,step_5,no_load
16.405578,4.7241,4.4824,4.9661,-0.4837,0.0,0.088,step_5,no_load
16.416152,4.7241,4.4824,4.9670,-0.4846,0.0,0.087,step_5,no_load
16.426618,4.7241,4.4824,4.9679,-0.4855,0.0,0.086,step_5,no_load
16.437256,4.7241,4.4824,4.9687,-0.4863,0.0,0.086,step_5,no_load
16.44789,4.7241,4.4824,4.9696,-0.4872,0.0,0.085,step_5,no_load
16.458287,4.7241,4.4824,4.9704,-0.4880,0.0,0.085,step_5,no_load
16.469616,4.7241,4.4824,4.9713,-0.4889,0.0,0.084,step_5,no_load
16.480077,4.7241,4.4824,4.9725,-0.4901,0.0,0.083,step_5,no_load
16.490599,4.7241,4.4824,4.9733,-0.4909,0.0,0.083,step_5,no_load
16.500964,4.7241,4.4824,4.9741,-0.4917,0.0,0.082,step_5,no_load
16.511699,4.7241,4.4824,4.9750,-0.4926,0.0,0.081,step_5,no_load
16.521818,4.7241,4.4824,4.9758,-0.4934,0.0,0.081,step_5,no_load
16.532426,4.7241,4.4824,4.9766,-0.4942,0.0,0.080,step_5,no_load
16.542577,4.7241,4.4824,4.9774,-0.4950,0.0,0.080,step_5,no_load
16.553498,4.7241,4.4824,4.9782,-0.4958,0.0,0.079,step_5,no_load
16.563757,4.7241,4.4824,4.9790,-0.4966,0.0,0.079,step_5,no_load
16.574478,4.7241,4.4824,4.9797,-0.4973,0.0,0.078,step_5,no_load
16.584819,4.7241,4.4824,4.9805,-0.4981,0.0,0.078,step_5,no_load
16.595874,4.7241,4.4824,4.9817,-0.4993,0.0,0.077,step_5,no_load
16.606517,4.7241,4.4824,4.9824,-0.5000,0.0,0.076,step_5,no_load
16.617008,4.7241,4.4824,4.9832,-0.5008,0.0,0.076,step_5,no_load
16.627606,4.7241,4.4824,4.9839,-0.5015,0.0,0.075,step_5,no_load
16.638237,4.7241,4.4824,4.9847,-0.5023,0.0,0.075,step_5,no_load
16.648863,4.7241,4.4824,4.9854,-0.5030,0.0,0.074,step_5,no_load
16.659181,4.7241,4.4824,4.9862,-0.5038,0.0,0.074,step_5,no_load
16.669531,4.7241,4.4824,4.9869,-0.5045,0.0,0.073,step_5,no_load
16.679688,4.7241,4.4824,4.9876,-0.5052,0.0,0.073,step_5,no_load
16.689831,4.7241,4.4824,4.9883,-0.5059,0.0,0.072,step_5,no_load
16.700068,4.7241,4.4824,4.9894,-0.5070,0.0,0.071,step_5,no_load
16.710473,4.7241,4.4824,4.9901,-0.5077,0.0,0.071,step_5,no_load
16.721085,4.7241,4.4824,4.9908,-0.5084,0.0,0.070,step_5,no_load
16.731599,4.7241,4.4824,4.9915,-0.5091,0.0,0.070,step_5,no_load
16.742166,4.7241,4.4824,4.9922,-0.5098,0.0,0.069,step_5,no_load
16.752999,4.7241,4.4824,4.9929,-0.5105,0.0,0.069,step_5,no_load
16.763726,4.7241,4.4824,4.9936,-0.5112,0.0,0.068,step_5,no_load
16.774651,4.7241,4.4824,4.9943,-0.5119,0.0,0.068,step_5,no_load
16.785161,4.7241,4.4824,4.9953,-0.5129,0.0,0.067,step_5,no_load
16.795792,4.7241,4.4824,4.9959,-0.5135,0.0,0.067,step_5,no_load
16.805947,4.7241,4.4824,4.9966,-0.5142,0.0,0.066,step_5,no_load
16.816574,4.7241,4.4824,4.9973,-0.5149,0.0,0.066,step_5,no_load
16.827003,4.7241,4.4824,4.9979,-0.5155,0.0,0.065,step_5,no_load
16.837839,4.7241,4.4824,4.9986,-0.5162,0.0,0.065,step_5,no_load
16.848252,4.7241,4.4824,4.9992,-0.5168,0.0,0.064,step_5,no_load
16.858916,4.7241,4.4824,4.9999,-0.5175,0.0,0.064,step_5,no_load
16.86984,4.7241,4.4824,5.0005,-0.5181,0.0,0.064,step_5,no_load
16.880969,4.7241,4.4824,5.0014,-0.5190,0.0,0.063,step_5,no_load
16.891911,4.7241,4.4824,5.0021,-0.5197,0.0,0.062,step_5,no_load
16.903044,0.0,4.4824,5.0027,-0.5203,0.0,0.062,step_5,no_load
16.913506,0.0,4.4824,5.0033,-0.5209,0.0,0.062,step_5,no_load
16.924457,0.0,4.4824,5.0039,-0.5215,0.0,0.061,step_5,no_load
16.934983,0.0,4.4824,5.0045,-0.5221,0.0,0.061,step_5,no_load
16.94524,0.0,4.4824,5.0054,-0.5230,0.0,0.060,step_5,no_load
16.955682,0.0,4.3066,5.0060,-0.6994,-16.836,0.060,step_5,no_load
16.966016,0.0,3.9551,5.0066,-1.0515,-34.014,0.059,step_5,no_load
16.976328,0.0,3.5156,4.8392,-1.3236,-42.62,-16.740,step_5,no_load
16.986717,0.0,3.0762,4.5292,-1.4530,-42.295,-31.000,step_5,no_load
16.997399,0.0,2.5488,4.1463,-1.5975,-49.373,-38.293,step_5,no_load
17.007557,0.0,2.1973,3.7368,-1.5395,-34.603,-40.949,step_5,no_load
17.01832,0.0,1.9336,3.3306,-1.3970,-24.501,-40.622,step_5,no_load
17.028946,0.0,1.8457,2.9458,-1.1001,-8.272,-38.476,step_5,no_load
17.039541,0.0,1.6699,2.5927,-0.9228,-16.593,-35.311,step_5,no_load
17.049869,0.0,1.5820,2.2760,-0.6940,-8.511,-31.672,step_5,no_load
17.060939,0.0,1.4941,1.8710,-0.3769,-7.94,-26.995,step_5,no_load
17.071082,0.0,1.4941,1.6458,-0.1517,0.0,-22.527,step_5,no_load
17.081633,0.0,1.4063,1.4531,-0.0468,-8.321,-19.269,step_5,no_load
17.092047,0.0,1.2305,1.2897,-0.0592,-16.881,-16.341,step_5,no_load
17.10314,0.0,1.1426,1.1521,-0.0095,-7.924,-13.757,step_5,no_load
17.113666,0.0,1.1426,1.0370,0.1056,0.0,-11.507,step_5,no_load
17.123989,0.0,1.1426,0.9413,0.2013,0.0,-9.572,step_5,no_load
17.134189,0.0,1.1426,0.8621,0.2805,0.0,-7.923,step_5,no_load
17.144723,0.0,1.1426,0.7968,0.3458,0.0,-6.528,step_5,no_load
17.155194,0.0,1.1426,0.7202,0.4224,0.0,-5.106,step_5,no_load
17.165805,0.0,1.1426,0.6807,0.4619,0.0,-3.956,step_5,no_load
17.17629,0.0,1.1426,0.6485,0.4941,0.0,-3.219,step_5,no_load
17.187234,0.0,1.1426,0.6224,0.5202,0.0,-2.611,step_5,no_load
17.197896,0.0,1.1426,0.6013,0.5413,0.0,-2.111,step_5,no_load
17.208131,0.0,1.1426,0.5842,0.5584,0.0,-1.703,step_5,no_load
17.218948,0.0,1.1426,0.5705,0.5721,0.0,-1.370,step_5,no_load
17.229258,0.0,1.1426,0.5595,0.5831,0.0,-1.100,step_5,no_load
17.239691,0.0,1.1426,0.5507,0.5919,0.0,-0.881,step_5,no_load
17.249915,0.0,1.1426,0.5437,0.5989,0.0,-0.704,step_5,no_load
17.260516,0.0,1.1426,0.5357,0.6069,0.0,-0.532,step_5,no_load
17.270793,0.0,1.1426,0.5317,0.6109,0.0,-0.398,step_5,no_load
17.281144,0.0,1.1426,0.5286,0.6140,0.0,-0.316,step_5,no_load
17.291369,0.0,1.1426,0.5260,0.6166,0.0,-0.250,step_5,no_load
17.302308,0.0,1.1426,0.5241,0.6185,0.0,-0.198,step_5,no_load
17.312796,0.0,1.1426,0.5225,0.6201,0.0,-0.156,step_5,no_load
17.323001,0.0,1.1426,0.5212,0.6214,0.0,-0.126,step_5,no_load
17.333551,0.0,1.1426,0.5201,0.6225,0.0,-0.114,step_5,no_load
17.344299,0.0,1.1426,0.5190,0.6236,0.0,-0.108,step_5,no_load
17.35463,0.0,1.1426,0.5180,0.6246,0.0,-0.106,step_5,no_load
17.364763,0.0,1.1426,0.5169,0.6257,0.0,-0.105,step_5,no_load
17.375431,0.0,1.1426,0.5154,0.6272,0.0,-0.104,step_5,no_load
17.385636,0.0,1.1426,0.5143,0.6283,0.0,-0.103,step_5,no_load
17.396016,0.0,1.1426,0.5133,0.6293,0.0,-0.102,step_5,no_load
17.406611,0.0,1.1426,0.5123,0.6303,0.0,-0.101,step_5,no_load
17.417525,0.0,1.1426,0.5113,0.6313,0.0,-0.100,step_5,no_load
17.428059,0.0,1.1426,0.5103,0.6323,0.0,-0.100,step_5,no_load
17.438872,0.0,1.1426,0.5093,0.6333,0.0,-0.099,step_5,no_load
17.449443,0.0,1.1426,0.5083,0.6343,0.0,-0.098,step_5,no_load
17.460363,0.0,1.1426,0.5069,0.6357,0.0,-0.098,step_5,no_load
17.470612,0.0,1.1426,0.5059,0.6367,0.0,-0.097,step_5,no_load
17.480961,0.0,1.1426,0.5049,0.6377,0.0,-0.096,step_5,no_load
17.491137,0.0,1.1426,0.5040,0.6386,0.0,-0.095,step_5,no_load
17.501473,0.0,1.1426,0.5030,0.6396,0.0,-0.095,step_5,no_load
17.511695,0.0,1.1426,0.5021,0.6405,0.0,-0.094,step_5,no_load
17.522322,0.0,1.1426,0.5012,0.6414,0.0,-0.093,step_5,no_load
17.532523,0.0,1.1426,0.5002,0.6424,0.0,-0.093,step_5,no_load
17.543246,0.0,1.1426,0.4993,0.6433,0.0,-0.092,step_5,no_load
17.553511,0.0,1.1426,0.4984,0.6442,0.0,-0.091,step_5,no_load
17.564107,0.0,1.1426,0.4975,0.6451,0.0,-0.091,step_5,no_load
17.574486,0.0,1.1426,0.4966,0.6460,0.0,-0.090,step_5,no_load
17.585322,0.0,1.1426,0.4953,0.6473,0.0,-0.089,step_5,no_load
17.596331,0.0,1.1426,0.4944,0.6482,0.0,-0.089,step_5,no_load
17.606602,0.0,1.1426,0.4935,0.6491,0.0,-0.088,step_5,no_load
17.617079,0.0,1.1426,0.4926,0.6500,0.0,-0.087,step_5,no_load
17.627581,0.0,1.1426,0.4918,0.6508,0.0,-0.087,step_5,no_load
17.63818,0.0,1.1426,0.4909,0.6517,0.0,-0.086,step_5,no_load
17.648833,0.0,1.1426,0.4900,0.6526,0.0,-0.086,step_5,no_load
17.659044,0.0,1.1426,0.4892,0.6534,0.0,-0.085,step_5,no_load
17.669673,0.0,1.1426,0.4883,0.6543,0.0,-0.084,step_5,no_load
17.679883,0.0,1.1426,0.4875,0.6551,0.0,-0.084,step_5,no_load
17.690727,0.0,1.1426,0.4863,0.6563,0.0,-0.083,step_5,no_load
17.701019,0.0,1.1426,0.4854,0.6572,0.0,-0.082,step_5,no_load
17.711158,0.0,1.1426,0.4846,0.6580,0.0,-0.082,step_5,no_load
17.721697,0.0,1.1426,0.4838,0.6588,0.0,-0.081,step_5,no_load
17.732493,0.0,1.1426,0.4830,0.6596,0.0,-0.081,step_5,no_load
17.742861,0.0,1.1426,0.4822,0.6604,0.0,-0.080,step_5,no_load
17.753044,0.0,1.1426,0.4814,0.6612,0.0,-0.080,step_5,no_load
17.76383,0.0,1.1426,0.4806,0.6620,0.0,-0.079,step_5,no_load
17.774417,0.0,1.1426,0.4798,0.6628,0.0,-0.078,step_5,no_load
17.785171,0.0,1.1426,0.4787,0.6639,0.0,-0.078,step_5,no_load
17.795762,0.0,1.1426,0.4779,0.6647,0.0,-0.077,step_5,no_load
17.806393,0.0,1.1426,0.4771,0.6655,0.0,-0.077,step_5,no_load
17.816587,0.0,1.1426,0.4764,0.6662,0.0,-0.076,step_5,no_load
17.827104,0.0,1.1426,0.4756,0.6670,0.0,-0.075,step_5,no_load
17.83842,0.0,1.1426,0.4749,0.6677,0.0,-0.075,step_5,no_load
17.849083,0.0,1.1426,0.4741,0.6685,0.0,-0.074,step_5,no_load
17.859258,0.0,1.1426,0.4734,0.6692,0.0,-0.074,step_5,no_load
17.869902,0.0,1.1426,0.4726,0.6700,0.0,-0.073,step_5,no_load
17.880869,0.0,1.1426,0.4716,0.6710,0.0,-0.073,step_5,no_load
17.891059,0.0,1.1426,0.4708,0.6718,0.0,-0.072,step_5,no_load
17.901627,0.0,1.1426,0.4701,0.6725,0.0,-0.072,step_5,no_load
17.912054,0.0,1.1426,0.4694,0.6732,0.0,-0.071,step_5,no_load
17.922352,0.0,1.1426,0.4687,0.6739,0.0,-0.071,step_5,no_load
17.932711,0.0,1.1426,0.4680,0.6746,0.0,-0.070,step_5,no_load
17.943125,0.0,1.1426,0.4673,0.6753,0.0,-0.070,step_5,no_load
17.953314,0.0,1.1426,0.4666,0.6760,0.0,-0.069,step_5,no_load
17.96404,0.0,1.1426,0.4659,0.6767,0.0,-0.069,step_5,no_load
17.974696,0.0,1.1426,0.4652,0.6774,0.0,-0.068,step_5,no_load
17.984978,0.0,1.1426,0.4646,0.6780,0.0,-0.068,step_5,no_load
17.995204,0.0,1.1426,0.4636,0.6790,0.0,-0.067,step_5,no_load
18.005652,0.0,1.1426,0.4629,0.6797,0.0,-0.067,step_5,no_load
18.015998,0.0,1.1426,0.4622,0.6804,0.0,-0.066,step_5,no_load
18.026589,0.0,1.1426,0.4616,0.6810,0.0,-0.066,step_5,no_load
18.037178,0.0,1.1426,0.4609,0.6817,0.0,-0.065,step_5,no_load
18.047805,0.0,1.1426,0.4603,0.6823,0.0,-0.065,step_5,no_load
18.058751,0.0,1.1426,0.4596,0.6830,0.0,-0.064,step_5,no_load
18.069383,0.0,1.1426,0.4590,0.6836,0.0,-0.064,step_5,no_load
18.079877,0.0,1.1426,0.4584,0.6842,0.0,-0.063,step_5,no_load
18.090486,0.0,1.1426,0.4574,0.6852,0.0,-0.063,step_5,no_load
18.101141,0.0,1.1426,0.4568,0.6858,0.0,-0.062,step_5,no_load
18.11235,4.7241,1.1426,0.4562,0.6864,0.0,-0.062,step_5,no_load
18.122706,4.7241,1.1426,0.4556,0.6870,0.0,-0.061,step_5,no_load
18.133475,4.7241,1.1426,0.4549,0.6877,0.0,-0.061,step_5,no_load
18.144457,4.7241,1.1426,0.4543,0.6883,0.0,-0.061,step_5,no_load
18.154834,4.7241,1.1426,0.4537,0.6889,0.0,-0.060,step_5,no_load
18.165021,4.7241,1.3184,0.4528,0.8656,17.257,-0.060,step_5,no_load
18.17556,4.7241,1.6699,0.4523,1.2176,33.352,-0.059,step_5,no_load
18.186064,4.7241,2.1094,0.6197,1.4897,41.841,16.742,step_5,no_load
18.196387,4.7241,2.5488,0.9297,1.6191,42.565,31.003,step_5,no_load
18.206769,4.7241,3.0762,1.3127,1.7635,50.799,38.297,step_5,no_load
18.217444,4.7241,3.5156,1.7222,1.7934,41.162,40.953,step_5,no_load
18.228117,4.7241,3.7793,2.1285,1.6508,24.707,40.628,step_5,no_load
18.238739,4.7241,3.9551,2.5133,1.4418,16.551,38.482,step_5,no_load
18.24894,4.7241,3.9551,2.8665,1.0886,0.0,35.318,step_5,no_load
18.259989,4.7241,4.0430,3.1833,0.8597,7.955,31.679,step_5,no_load
18.271011,4.7241,4.0430,3.5883,0.4547,0.0,27.001,step_5,no_load
18.281266,4.7241,4.1309,3.8136,0.3173,8.571,22.532,step_5,no_load
18.291533,4.7241,4.3066,4.0063,0.3003,17.113,19.273,step_5,no_load
18.301869,4.7241,4.3945,4.1698,0.2247,8.504,16.344,step_5,no_load
18.31218,4.7241,4.4824,4.3074,0.1750,8.525,13.758,step_5,no_load
18.323026,4.7241,4.4824,4.4224,0.0600,0.0,11.508,step_5,no_load
18.333833,4.7241,4.4824,4.5182,-0.0358,0.0,9.572,step_5,no_load
18.344678,4.7241,4.4824,4.5974,-0.1150,0.0,7.922,step_5,no_load
18.355335,4.7241,4.4824,4.6908,-0.2084,0.0,6.226,step_5,no_load
18.365515,4.7241,4.4824,4.7392,-0.2568,0.0,4.845,step_5,no_load
18.37589,4.7241,4.4824,4.7788,-0.2964,0.0,3.954,step_5,no_load
18.386321,4.7241,4.4824,4.8109,-0.3285,0.0,3.216,step_5,no_load
18.396709,4.7241,4.4824,4.8370,-0.3546,0.0,2.608,step_5,no_load
18.407065,4.7241,4.4824,4.8581,-0.3757,0.0,2.109,step_5,no_load
18.417471,4.7241,4.4824,4.8751,-0.3927,0.0,1.701,step_5,no_load
18.428492,4.7241,4.4824,4.8888,-0.4064,0.0,1.368,step_5,no_load
18.438738,4.7241,4.4824,4.8998,-0.4174,0.0,1.098,step_5,no_load
18.448869,4.7241,4.4824,4.9086,-0.4262,0.0,0.879,step_5,no_load
18.46001,4.7241,4.4824,4.9185,-0.4361,0.0,0.666,step_5,no_load
18.470507,4.7241,4.4824,4.9235,-0.4411,0.0,0.500,step_5,no_load
18.480995,4.7241,4.4824,4.9275,-0.4451,0.0,0.397,step_5,no_load
18.491486,4.7241,4.4824,4.9307,-0.4483,0.0,0.315,step_5,no_load
18.501655,4.7241,4.4824,4.9332,-0.4508,0.0,0.249,step_5,no_load
18.511835,4.7241,4.4824,4.9351,-0.4527,0.0,0.197,step_5,no_load
18.522196,4.7241,4.4824,4.9367,-0.4543,0.0,0.155,step_5,no_load
18.532482,4.7241,4.4824,4.9379,-0.4555,0.0,0.126,step_5,no_load
18.542563,4.7241,4.4824,4.9391,-0.4567,0.0,0.113,step_5,no_load
18.55309,4.7241,4.4824,4.9402,-0.4578,0.0,0.108,step_5,no_load
18.563271,4.7241,4.4824,4.9412,-0.4588,0.0,0.106,step_5,no_load
18.574143,4.7241,4.4824,4.9423,-0.4599,0.0,0.105,step_5,no_load
18.584925,4.7241,4.4824,4.9433,-0.4609,0.0,0.104,step_5,no_load
18.595054,4.7241,4.4824,4.9448,-0.4624,0.0,0.103,step_5,no_load
18.606181,4.7241,4.4824,4.9459,-0.4635,0.0,0.102,step_5,no_load
18.616951,4.7241,4.4824,4.9469,-0.4645,0.0,0.101,step_5,no_load
18.627522,4.7241,4.4824,4.9479,-0.4655,0.0,0.100,step_5,no_load
18.637752,4.7241,4.4824,4.9489,-0.4665,0.0,0.100,step_5,no_load
18.648326,4.7241,4.4824,4.9499,-0.4675,0.0,0.099,step_5,no_load
18.65878,4.7241,4.4824,4.9508,-0.4684,0.0,0.098,step_5,no_load
18.669518,4.7241,4.4824,4.9518,-0.4694,0.0,0.098,step_5,no_load
18.679939,4.7241,4.4824,4.9528,-0.4704,0.0,0.097,step_5,no_load
18.690703,4.7241,4.4824,4.9542,-0.4718,0.0,0.096,step_5,no_load
18.701418,4.7241,4.4824,4.9552,-0.4728,0.0,0.095,step_5,no_load
18.712589,4.7241,4.4824,4.9561,-0.4737,0.0,0.095,step_5,no_load
18.723569,4.7241,4.4824,4.9571,-0.4747,0.0,0.094,step_5,no_load
18.733981,4.7241,4.4824,4.9580,-0.4756,0.0,0.093,step_5,no_load
18.744512,4.7241,4.4824,4.9589,-0.4765,0.0,0.093,step_5,no_load
18.75504,4.7241,4.4824,4.9603,-0.4779,0.0,0.092,step_5,no_load
18.765284,4.7241,4.4824,4.9612,-0.4788,0.0,0.091,step_5,no_load
18.77567,4.7241,4.4824,4.9621,-0.4797,0.0,0.090,step_5,no_load
18.786312,4.7241,4.4824,4.9630,-0.4806,0.0,0.090,step_5,no_load
18.797136,4.7241,4.4824,4.9639,-0.4815,0.0,0.089,step_5,no_load
18.80739,4.7241,4.4824,4.9648,-0.4824,0.0,0.089,step_5,no_load
18.818007,4.7241,4.4824,4.9657,-0.4833,0.0,0.088,step_5,no_load
18.828581,4.7241,4.4824,4.9666,-0.4842,0.0,0.087,step_5,no_load
18.839116,4.7241,4.4824,4.9674,-0.4850,0.0,0.087,step_5,no_load
18.849326,4.7241,4.4824,4.9683,-0.4859,0.0,0.086,step_5,no_load
18.860328,4.7241,4.4824,4.9696,-0.4872,0.0,0.085,step_5,no_load
18.870725,4.7241,4.4824,4.9704,-0.4880,0.0,0.085,step_5,no_load
18.880881,4.7241,4.4824,4.9713,-0.4889,0.0,0.084,step_5,no_load
18.891037,4.7241,4.4824,4.9721,-0.4897,0.0,0.083,step_5,no_load
18.901619,4.7241,4.4824,4.9729,-0.4905,0.0,0.083,step_5,no_load
18.911796,4.7241,4.4824,4.9737,-0.4913,0.0,0.082,step_5,no_load
18.922427,4.7241,4.4824,4.9746,-0.4922,0.0,0.082,step_5,no_load
18.933127,4.7241,4.4824,4.9754,-0.4930,0.0,0.081,step_5,no_load
18.944296,4.7241,4.4824,4.9762,-0.4938,0.0,0.081,step_5,no_load
18.954915,4.7241,4.4824,4.9770,-0.4946,0.0,0.080,step_5,no_load
18.96511,4.7241,4.4824,4.9782,-0.4958,0.0,0.079,step_5,no_load
18.976077,4.7241,4.4824,4.9790,-0.4966,0.0,0.079,step_5,no_load
18.986608,4.7241,4.4824,4.9797,-0.4973,0.0,0.078,step_5,no_load
18.997225,4.7241,4.4824,4.9805,-0.4981,0.0,0.078,step_5,no_load
19.007805,4.7241,4.4824,4.9813,-0.4989,0.0,0.077,step_5,no_load
19.01803,4.7241,4.4824,4.9820,-0.4996,0.0,0.077,step_5,no_load
19.028564,4.7241,4.4824,4.9828,-0.5004,0.0,0.076,step_5,no_load
19.038949,4.7241,4.4824,4.9836,-0.5012,0.0,0.075,step_5,no_load
19.049771,4.7241,4.4824,4.9843,-0.5019,0.0,0.075,step_5,no_load
19.060428,4.7241,4.4824,4.9854,-0.5030,0.0,0.074,step_5,no_load
19.070815,4.7241,4.4824,4.9862,-0.5038,0.0,0.074,step_5,no_load
19.080983,4.7241,4.4824,4.9869,-0.5045,0.0,0.073,step_5,no_load
19.091314,4.7241,4.4824,4.9876,-0.5052,0.0,0.073,step_5,no_load
19.101548,4.7241,4.4824,4.9883,-0.5059,0.0,0.072,step_5,no_load
19.112175,4.7241,4.4824,4.9891,-0.5067,0.0,0.072,step_5,no_load
19.122843,4.7241,4.4824,4.9898,-0.5074,0.0,0.071,step_5,no_load
19.133311,4.7241,4.4824,4.9905,-0.5081,0.0,0.071,step_5,no_load
19.143959,4.7241,4.4824,4.9912,-0.5088,0.0,0.070,step_5,no_load
19.154165,4.7241,4.4824,4.9919,-0.5095,0.0,0.070,step_5,no_load
19.16477,4.7241,4.4824,4.9926,-0.5102,0.0,0.069,step_5,no_load
19.175124,4.7241,4.4824,4.9936,-0.5112,0.0,0.069,step_5,no_load
19.186116,4.7241,4.4824,4.9943,-0.5119,0.0,0.068,step_5,no_load
19.196703,4.7241,4.4824,4.9949,-0.5125,0.0,0.067,step_5,no_load
19.206812,4.7241,4.4824,4.9956,-0.5132,0.0,0.067,step_5,no_load
19.216931,4.7241,4.4824,4.9963,-0.5139,0.0,0.067,step_5,no_load
19.227185,4.7241,4.4824,4.9969,-0.5145,0.0,0.066,step_5,no_load
19.237867,4.7241,4.4824,4.9976,-0.5152,0.0,0.066,step_5,no_load
19.248143,4.7241,4.4824,4.9982,-0.5158,0.0,0.065,step_5,no_load
19.258616,4.7241,4.4824,4.9989,-0.5165,0.0,0.065,step_5,no_load
19.269247,4.7241,4.4824,4.9995,-0.5171,0.0,0.064,step_5,no_load
19.27983,4.7241,4.4824,5.0002,-0.5178,0.0,0.064,step_5,no_load
19.290613,4.7241,4.4824,5.0011,-0.5187,0.0,0.063,step_5,no_load
19.301208,4.7241,4.4824,5.0017,-0.5193,0.0,0.063,step_5,no_load
19.311465,4.7241,4.4824,5.0024,-0.5200,0.0,0.062,step_5,no_load
19.322636,0.0,4.4824,5.0030,-0.5206,0.0,0.062,step_5,no_load
19.332968,0.0,4.4824,5.0036,-0.5212,0.0,0.061,step_5,no_load
19.343606,0.0,4.4824,5.0042,-0.5218,0.0,0.061,step_5,no_load
19.353861,0.0,4.4824,5.0048,-0.5224,0.0,0.061,step_5,no_load
19.364345,0.0,4.4824,5.0054,-0.5230,0.0,0.060,step_5,no_load
19.375462,0.0,4.3066,5.0063,-0.6997,-15.814,0.060,step_5,no_load
19.385741,0.0,3.9551,5.0069,-1.0518,-34.196,0.059,step_5,no_load
19.396304,0.0,3.5156,4.8395,-1.3239,-41.607,-16.741,step_5,no_load
19.406813,0.0,2.9883,4.5295,-1.5412,-50.176,-31.003,step_5,no_load
19.416966,0.0,2.5488,4.1465,-1.5977,-43.288,-38.296,step_5,no_load
19.427178,0.0,2.1973,3.7370,-1.5397,-34.42,-40.952,step_5,no_load
19.437828,0.0,1.9336,3.3307,-1.3971,-24.761,-40.625,step_5,no_load
19.448447,0.0,1.7578,2.9460,-1.1882,-16.555,-38.478,step_5,no_load
19.459062,0.0,1.6699,2.5928,-0.9229,-8.281,-35.314,step_5,no_load
19.470014,0.0,1.5820,2.1318,-0.5498,-8.026,-30.733,step_5,no_load
19.480572,0.0,1.4941,1.8711,-0.3770,-8.325,-26.069,step_5,no_load
19.491162,0.0,1.4941,1.6458,-0.1517,0.0,-22.528,step_5,no_load
19.501805,0.0,1.3184,1.4531,-0.1347,-16.509,-19.270,step_5,no_load
19.512726,0.0,1.2305,1.2897,-0.0592,-8.049,-16.342,step_5,no_load
19.523313,0.0,1.2305,1.1521,0.0784,0.0,-13.757,step_5,no_load
19.534003,0.0,1.1426,1.0371,0.1055,-8.223,-11.508,step_5,no_load
19.544418,0.0,1.1426,0.9413,0.2013,0.0,-9.573,step_5,no_load
19.555148,0.0,1.1426,0.8279,0.3147,0.0,-7.565,step_5,no_load
19.565277,0.0,1.1426,0.7687,0.3739,0.0,-5.917,step_5,no_load
19.575447,0.0,1.1426,0.7202,0.4224,0.0,-4.847,step_5,no_load
19.586028,0.0,1.1426,0.6807,0.4619,0.0,-3.956,step_5,no_load
19.596437,0.0,1.1426,0.6485,0.4941,0.0,-3.219,step_5,no_load
19.607161,0.0,1.1426,0.6224,0.5202,0.0,-2.611,step_5,no_load
19.617615,0.0,1.1426,0.6013,0.5413,0.0,-2.112,step_5,no_load
19.628787,0.0,1.1426,0.5842,0.5584,0.0,-1.703,step_5,no_load
19.639658,0.0,1.1426,0.5705,0.5721,0.0,-1.370,step_5,no_load
19.650075,0.0,1.1426,0.5549,0.5877,0.0,-1.043,step_5,no_load
19.660352,0.0,1.1426,0.5470,0.5956,0.0,-0.788,step_5,no_load
19.671009,0.0,1.1426,0.5407,0.6019,0.0,-0.629,step_5,no_load
19.681273,0.0,1.1426,0.5357,0.6069,0.0,-0.501,step_5,no_load
19.691934,0.0,1.1426,0.5317,0.6109,0.0,-0.398,step_5,no_load
19.702345,0.0,1.1426,0.5286,0.6140,0.0,-0.316,step_5,no_load
19.712512,0.0,1.1426,0.5260,0.6166,0.0,-0.250,step_5,no_load
19.723132,0.0,1.1426,0.5241,0.6185,0.0,-0.198,step_5,no_load
19.734168,0.0,1.1426,0.5225,0.6201,0.0,-0.156,step_5,no_load
19.74453,0.0,1.1426,0.5212,0.6214,0.0,-0.126,step_5,no_load
19.755273,0.0,1.1426,0.5196,0.6230,0.0,-0.112,step_5,no_load
19.765827,0.0,1.1426,0.5185,0.6241,0.0,-0.107,step_5,no_load
19.776229,0.0,1.1426,0.5174,0.6252,0.0,-0.105,step_5,no_load
19.786794,0.0,1.1426,0.5164,0.6262,0.0,-0.104,step_5,no_load
19.797854,0.0,1.1426,0.5154,0.6272,0.0,-0.103,step_5,no_load
19.808067,0.0,1.1426,0.5143,0.6283,0.0,-0.103,step_5,no_load
19.818681,0.0,1.1426,0.5133,0.6293,0.0,-0.102,step_5,no_load
19.829013,0.0,1.1426,0.5123,0.6303,0.0,-0.101,step_5,no_load
19.839376,0.0,1.1426,0.5113,0.6313,0.0,-0.100,step_5,no_load
19.850093,0.0,1.1426,0.5098,0.6328,0.0,-0.100,step_5,no_load
19.860548,0.0,1.1426,0.5088,0.6338,0.0,-0.099,step_5,no_load
19.870788,0.0,1.1426,0.5078,0.6348,0.0,-0.098,step_5,no_load
19.881216,0.0,1.1426,0.5069,0.6357,0.0,-0.097,step_5,no_load
19.891619,0.0,1.1426,0.5059,0.6367,0.0,-0.097,step_5,no_load
19.902255,0.0,1.1426,0.5049,0.6377,0.0,-0.096,step_5,no_load
19.912688,0.0,1.1426,0.5040,0.6386,0.0,-0.095,step_5,no_load
19.923025,0.0,1.1426,0.5030,0.6396,0.0,-0.095,step_5,no_load
19.933574,0.0,1.1426,0.5021,0.6405,0.0,-0.094,step_5,no_load
19.944386,0.0,1.1426,0.5012,0.6414,0.0,-0.093,step_5,no_load
19.954727,0.0,1.1426,0.5002,0.6424,0.0,-0.093,step_5,no_load
19.965179,0.0,1.1426,0.4989,0.6437,0.0,-0.092,step_5,no_load
19.97601,0.0,1.1426,0.4980,0.6446,0.0,-0.091,step_5,no_load
19.986353,0.0,1.1426,0.4971,0.6455,0.0,-0.090,step_5,no_load
19.996525,0.0,1.1426,0.4962,0.6464,0.0,-0.090,step_5,no_load
20.006713,0.0,1.1426,0.4953,0.6473,0.0,-0.089,step_5,no_load
20.017115,0.0,1.1426,0.4944,0.6482,0.0,-0.089,step_5,no_load
20.027761,0.0,1.1426,0.4935,0.6491,0.0,-0.088,step_5,no_load
20.038016,0.0,1.1426,0.4926,0.6500,0.0,-0.087,step_5,no_load
20.048984,0.0,1.1426,0.4918,0.6508,0.0,-0.087,step_5,no_load
20.059316,0.0,1.1426,0.4909,0.6517,0.0,-0.086,step_5,no_load
20.069883,0.0,1.1426,0.4900,0.6526,0.0,-0.086,step_5,no_load
20.080299,0.0,1.1426,0.4888,0.6538,0.0,-0.085,step_5,no_load
20.09095,0.0,1.1426,0.4879,0.6547,0.0,-0.084,step_5,no_load
20.101248,0.0,1.1426,0.4871,0.6555,0.0,-0.084,step_5,no_load
20.111747,0.0,1.1426,0.4863,0.6563,0.0,-0.083,step_5,no_load
20.122271,0.0,1.1426,0.4854,0.6572,0.0,-0.082,step_5,no_load
20.132739,0.0,1.1426,0.4846,0.6580,0.0,-0.082,step_5,no_load
20.143303,0.0,1.1426,0.4838,0.6588,0.0,-0.081,step_5,no_load
20.153699,0.0,1.1426,0.4830,0.6596,0.0,-0.081,step_5,no_load
20.164279,0.0,1.1426,0.4822,0.6604,0.0,-0.080,step_5,no_load
20.174778,0.0,1.1426,0.4814,0.6612,0.0,-0.080,step_5,no_load
20.184886,0.0,1.1426,0.4806,0.6620,0.0,-0.079,step_5,no_load
20.195196,0.0,1.1426,0.4794,0.6632,0.0,-0.078,step_5,no_load
20.205878,0.0,1.1426,0.4787,0.6639,0.0,-0.078,step_5,no_load
20.21624,0.0,1.1426,0.4779,0.6647,0.0,-0.077,step_5,no_load
20.22649,0.0,1.1426,0.4771,0.6655,0.0,-0.077,step_5,no_load
20.236915,0.0,1.1426,0.4764,0.6662,0.0,-0.076,step_5,no_load
20.247174,0.0,1.1426,0.4756,0.6670,0.0,-0.075,step_5,no_load
20.257433,0.0,1.1426,0.4749,0.6677,0.0,-0.075,step_5,no_load
20.267688,0.0,1.1426,0.4741,0.6685,0.0,-0.074,step_5,no_load
20.277922,0.0,1.1426,0.4734,0.6692,0.0,-0.074,step_5,no_load
20.28826,0.0,1.1426,0.4726,0.6700,0.0,-0.073,step_5,no_load
20.298468,0.0,1.1426,0.4719,0.6707,0.0,-0.073,step_5,no_load
20.308602,0.0,1.1426,0.4712,0.6714,0.0,-0.072,step_5,no_load
20.319448,0.0,1.1426,0.4705,0.6721,0.0,-0.072,step_5,no_load
20.329773,0.0,1.1426,0.4698,0.6728,0.0,-0.071,step_5,no_load
20.340395,0.0,1.1426,0.4687,0.6739,0.0,-0.071,step_5,no_load
20.350744,0.0,1.1426,0.4680,0.6746,0.0,-0.070,step_5,no_load
20.361309,0.0,1.1426,0.4673,0.6753,0.0,-0.070,step_5,no_load
20.372205,0.0,1.1426,0.4666,0.6760,0.0,-0.069,step_5,no_load
20.383141,0.0,1.1426,0.4659,0.6767,0.0,-0.069,step_5,no_load
20.394022,0.0,1.1426,0.4652,0.6774,0.0,-0.068,step_5,no_load
20.404732,0.0,1.1426,0.4646,0.6780,0.0,-0.068,step_5,no_load
20.415016,0.0,1.1426,0.4636,0.6790,0.0,-0.067,step_5,no_load
20.425635,0.0,1.1426,0.4629,0.6797,0.0,-0.067,step_5,no_load
20.43636,0.0,1.1426,0.4622,0.6804,0.0,-0.066,step_5,no_load
20.447242,0.0,1.1426,0.4616,0.6810,0.0,-0.066,step_5,no_load
20.458295,0.0,1.1426,0.4609,0.6817,0.0,-0.065,step_5,no_load
20.469115,0.0,1.1426,0.4603,0.6823,0.0,-0.065,step_5,no_load
20.479855,0.0,1.1426,0.4596,0.6830,0.0,-0.064,step_5,no_load
20.4901,0.0,1.1426,0.4587,0.6839,0.0,-0.064,step_5,no_load
20.500638,0.0,1.1426,0.4580,0.6846,0.0,-0.063,step_5,no_load
20.511026,0.0,1.1426,0.4574,0.6852,0.0,-0.063,step_5,no_load
20.52141,0.0,1.1426,0.4568,0.6858,0.0,-0.062,step_5,no_load
20.532417,4.7241,1.1426,0.4562,0.6864,0.0,-0.062,step_5,no_load
20.543351,4.7241,1.1426,0.4556,0.6870,0.0,-0.061,step_5,no_load
20.553733,4.7241,1.1426,0.4549,0.6877,0.0,-0.061,step_5,no_load
20.564004,4.7241,1.1426,0.4543,0.6883,0.0,-0.061,step_5,no_load
20.574186,4.7241,1.1426,0.4537,0.6889,0.0,-0.060,step_5,no_load
20.584855,4.7241,1.4063,0.4531,0.9532,24.716,-0.060,step_5,no_load
20.595107,4.7241,1.6699,0.4523,1.2176,25.712,-0.059,step_5,no_load
20.605439,4.7241,2.1094,0.6197,1.4897,42.538,16.742,step_5,no_load
20.615756,4.7241,2.5488,0.9297,1.6191,42.59,31.003,step_5,no_load
20.626026,4.7241,3.0762,1.3127,1.7635,51.353,38.297,step_5,no_load
20.636301,4.7241,3.4277,1.7222,1.7055,34.209,40.953,step_5,no_load
20.646615,4.7241,3.7793,2.1285,1.6508,34.09,40.628,step_5,no_load
20.657389,4.7241,3.9551,2.5133,1.4418,16.317,38.482,step_5,no_load
20.667945,4.7241,4.0430,2.8665,1.1765,8.327,35.318,step_5,no_load
20.678145,4.7241,4.0430,3.1833,0.8597,0.0,31.679,step_5,no_load
20.688679,4.7241,4.1309,3.4625,0.6684,8.344,27.922,step_5,no_load
20.699207,4.7241,4.2187,3.7052,0.5135,8.34,24.272,step_5,no_load
20.709495,4.7241,4.3066,3.9138,0.3928,8.544,20.863,step_5,no_load
20.719747,4.7241,4.3945,4.0915,0.3030,8.574,17.766,step_5,no_load
20.730313,4.7241,4.4824,4.3074,0.1750,8.319,14.391,step_5,no_load
20.740472,4.7241,4.4824,4.4224,0.0600,0.0,11.508,step_5,no_load
20.750732,4.7241,4.4824,4.5182,-0.0358,0.0,9.572,step_5,no_load
20.761369,4.7241,4.4824,4.5974,-0.1150,0.0,7.922,step_5,no_load
20.771584,4.7241,4.4824,4.6627,-0.1803,0.0,6.527,step_5,no_load
20.781945,4.7241,4.4824,4.7162,-0.2338,0.0,5.356,step_5,no_load
20.792962,4.7241,4.4824,4.7600,-0.2776,0.0,4.379,step_5,no_load
20.803278,4.7241,4.4824,4.7957,-0.3133,0.0,3.568,step_5,no_load
20.813773,4.7241,4.4824,4.8247,-0.3423,0.0,2.898,step_5,no_load
20.824485,4.7241,4.4824,4.8481,-0.3657,0.0,2.346,step_5,no_load
20.835318,4.7241,4.4824,4.8751,-0.3927,0.0,1.800,step_5,no_load
20.846342,4.7241,4.4824,4.8888,-0.4064,0.0,1.368,step_5,no_load
20.856939,4.7241,4.4824,4.8998,-0.4174,0.0,1.098,step_5,no_load
20.867156,4.7241,4.4824,4.9086,-0.4262,0.0,0.879,step_5,no_load
20.877698,4.7241,4.4824,4.9156,-0.4332,0.0,0.702,step_5,no_load
20.888287,4.7241,4.4824,4.9212,-0.4388,0.0,0.560,step_5,no_load
20.898855,4.7241,4.4824,4.9256,-0.4432,0.0,0.445,step_5,no_load
20.909552,4.7241,4.4824,4.9292,-0.4468,0.0,0.354,step_5,no_load
20.919645,4.7241,4.4824,4.9320,-0.4496,0.0,0.280,step_5,no_load
20.930009,4.7241,4.4824,4.9351,-0.4527,0.0,0.209,step_5,no_load
20.940586,4.7241,4.4824,4.9367,-0.4543,0.0,0.155,step_5,no_load
20.951308,4.7241,4.4824,4.9379,-0.4555,0.0,0.126,step_5,no_load
20.961921,4.7241,4.4824,4.9391,-0.4567,0.0,0.113,step_5,no_load
20.97297,4.7241,4.4824,4.9402,-0.4578,0.0,0.108,step_5,no_load
20.98353,4.7241,4.4824,4.9412,-0.4588,0.0,0.106,step_5,no_load
20.994022,4.7241,4.4824,4.9423,-0.4599,0.0,0.105,step_5,no_load
21.005093,4.7241,4.4824,4.9438,-0.4614,0.0,0.104,step_5,no_load
21.016082,4.7241,4.4824,4.9448,-0.4624,0.0,0.103,step_5,no_load
21.026242,4.7241,4.4824,4.9459,-0.4635,0.0,0.102,step_5,no_load
21.037086,4.7241,4.4824,4.9469,-0.4645,0.0,0.101,step_5,no_load
21.0475,4.7241,4.4824,4.9479,-0.4655,0.0,0.100,step_5,no_load
21.05847,4.7241,4.4824,4.9489,-0.4665,0.0,0.100,step_5,no_load
21.069037,4.7241,4.4824,4.9499,-0.4675,0.0,0.099,step_5,no_load
21.079702,4.7241,4.4824,4.9508,-0.4684,0.0,0.098,step_5,no_load
21.089979,4.7241,4.4824,4.9518,-0.4694,0.0,0.098,step_5,no_load
21.100622,4.7241,4.4824,4.9533,-0.4709,0.0,0.097,step_5,no_load
21.111213,4.7241,4.4824,4.9542,-0.4718,0.0,0.096,step_5,no_load
21.12168,4.7241,4.4824,4.9552,-0.4728,0.0,0.095,step_5,no_load
21.132265,4.7241,4.4824,4.9561,-0.4737,0.0,0.095,step_5,no_load
21.142745,4.7241,4.4824,4.9571,-0.4747,0.0,0.094,step_5,no_load
21.15325,4.7241,4.4824,4.9580,-0.4756,0.0,0.093,step_5,no_load
21.163563,4.7241,4.4824,4.9589,-0.4765,0.0,0.093,step_5,no_load
21.174315,4.7241,4.4824,4.9599,-0.4775,0.0,0.092,step_5,no_load
21.185461,4.7241,4.4824,4.9612,-0.4788,0.0,0.091,step_5,no_load
21.195986,4.7241,4.4824,4.9621,-0.4797,0.0,0.090,step_5,no_load
21.206632,4.7241,4.4824,4.9630,-0.4806,0.0,0.090,step_5,no_load
21.217266,4.7241,4.4824,4.9639,-0.4815,0.0,0.089,step_5,no_load
21.22775,4.7241,4.4824,4.9648,-0.4824,0.0,0.089,step_5,no_load
21.238138,4.7241,4.4824,4.9657,-0.4833,0.0,0.088,step_5,no_load
21.24854,4.7241,4.4824,4.9666,-0.4842,0.0,0.087,step_5,no_load
21.259092,4.7241,4.4824,4.9674,-0.4850,0.0,0.087,step_5,no_load
21.269341,4.7241,4.4824,4.9683,-0.4859,0.0,0.086,step_5,no_load
21.279967,4.7241,4.4824,4.9691,-0.4867,0.0,0.086,step_5,no_load
21.290396,4.7241,4.4824,4.9704,-0.4880,0.0,0.085,step_5,no_load
21.301087,4.7241,4.4824,4.9713,-0.4889,0.0,0.084,step_5,no_load
21.311644,4.7241,4.4824,4.9721,-0.4897,0.0,0.083,step_5,no_load
21.322462,4.7241,4.4824,4.9729,-0.4905,0.0,0.083,step_5,no_load
21.333092,4.7241,4.4824,4.9737,-0.4913,0.0,0.082,step_5,no_load
21.343293,4.7241,4.4824,4.9746,-0.4922,0.0,0.082,step_5,no_load
21.353941,4.7241,4.4824,4.9754,-0.4930,0.0,0.081,step_5,no_load
21.364743,4.7241,4.4824,4.9762,-0.4938,0.0,0.081,step_5,no_load
21.375237,4.7241,4.4824,4.9774,-0.4950,0.0,0.080,step_5,no_load
21.385873,4.7241,4.4824,4.9782,-0.4958,0.0,0.079,step_5,no_load
21.396077,4.7241,4.4824,4.9790,-0.4966,0.0,0.079,step_5,no_load
21.406522,4.7241,4.4824,4.9797,-0.4973,0.0,0.078,step_5,no_load
21.417193,4.7241,4.4824,4.9805,-0.4981,0.0,0.078,step_5,no_load
21.427873,4.7241,4.4824,4.9813,-0.4989,0.0,0.077,step_5,no_load
21.438902,4.7241,4.4824,4.9820,-0.4996,0.0,0.077,step_5,no_load
21.449555,4.7241,4.4824,4.9828,-0.5004,0.0,0.076,step_5,no_load
21.459964,4.7241,4.4824,4.9836,-0.5012,0.0,0.075,step_5,no_load
21.470937,4.7241,4.4824,4.9847,-0.5023,0.0,0.075,step_5,no_load
21.481451,4.7241,4.4824,4.9854,-0.5030,0.0,0.074,step_5,no_load
21.492244,4.7241,4.4824,4.9862,-0.5038,0.0,0.074,step_5,no_load
21.502748,4.7241,4.4824,4.9869,-0.5045,0.0,0.073,step_5,no_load
21.51355,4.7241,4.4824,4.9876,-0.5052,0.0,0.073,step_5,no_load
21.523835,4.7241,4.4824,4.9883,-0.5059,0.0,0.072,step_5,no_load
21.53396,4.7241,4.4824,4.9891,-0.5067,0.0,0.072,step_5,no_load
21.544212,4.7241,4.4824,4.9898,-0.5074,0.0,0.071,step_5,no_load
21.55445,4.7241,4.4824,4.9905,-0.5081,0.0,0.071,step_5,no_load
21.564748,4.7241,4.4824,4.9912,-0.5088,0.0,0.070,step_5,no_load
21.575694,4.7241,4.4824,4.9922,-0.5098,0.0,0.070,step_5,no_load
21.58594,4.7241,4.4824,4.9929,-0.5105,0.0,0.069,step_5,no_load
21.596213,4.7241,4.4824,4.9936,-0.5112,0.0,0.068,step_5,no_load
21.606675,4.7241,4.4824,4.9943,-0.5119,0.0,0.068,step_5,no_load
21.617195,4.7241,4.4824,4.9949,-0.5125,0.0,0.067,step_5,no_load
21.627773,4.7241,4.4824,4.9956,-0.5132,0.0,0.067,step_5,no_load
21.638525,4.7241,4.4824,4.9963,-0.5139,0.0,0.067,step_5,no_load
21.649089,4.7241,4.4824,4.9969,-0.5145,0.0,0.066,step_5,no_load
21.659379,4.7241,4.4824,4.9976,-0.5152,0.0,0.066,step_5,no_load
21.66966,4.7241,4.4824,4.9982,-0.5158,0.0,0.065,step_5,no_load
21.680226,4.7241,4.4824,4.9992,-0.5168,0.0,0.065,step_5,no_load
21.690558,4.7241,4.4824,4.9999,-0.5175,0.0,0.064,step_5,no_load
21.700875,4.7241,4.4824,5.0005,-0.5181,0.0,0.064,step_5,no_load
21.711178,4.7241,4.4824,5.0011,-0.5187,0.0,0.063,step_5,no_load
21.721379,4.7241,4.4824,5.0017,-0.5193,0.0,0.063,step_5,no_load
21.731773,4.7241,4.4824,5.0024,-0.5200,0.0,0.062,step_5,no_load
21.742942,0.0,4.4824,5.0030,-0.5206,0.0,0.062,step_5,no_load
21.753442,0.0,4.4824,5.0036,-0.5212,0.0,0.061,step_5,no_load
21.764178,0.0,4.4824,5.0042,-0.5218,0.0,0.061,step_5,no_load
21.775114,0.0,4.4824,5.0051,-0.5227,0.0,0.060,step_5,no_load
21.785911,0.0,4.4824,5.0057,-0.5233,0.0,0.060,step_5,no_load
21.796536,0.0,4.3066,5.0063,-0.6997,-16.546,0.059,step_5,no_load
21.807226,0.0,3.9551,5.0069,-1.0518,-32.881,0.059,step_5,no_load
21.817612,0.0,3.5156,4.8395,-1.3239,-42.317,-16.741,step_5,no_load
21.827893,0.0,2.9883,4.5295,-1.5412,-51.289,-31.003,step_5,no_load
21.83832,0.0,2.5488,4.1465,-1.5977,-42.15,-38.296,step_5,no_load
21.848903,0.0,2.1973,3.7370,-1.5397,-33.214,-40.952,step_5,no_load
21.859527,0.0,1.9336,3.3307,-1.3971,-24.821,-40.625,step_5,no_load
21.869878,0.0,1.7578,2.9460,-1.1882,-16.984,-38.478,step_5,no_load
21.880676,0.0,1.6699,2.4298,-0.7599,-8.14,-34.413,step_5,no_load
21.891003,0.0,1.5820,2.1318,-0.5498,-8.512,-29.794,step_5,no_load
21.901416,0.0,1.4941,1.8711,-0.3770,-8.441,-26.069,step_5,no_load
21.911672,0.0,1.4063,1.6458,-0.2395,-8.561,-22.528,step_5,no_load
21.922201,0.0,1.2305,1.4531,-0.2226,-16.697,-19.270,step_5,no_load
21.932445,0.0,1.2305,1.2897,-0.0592,0.0,-16.342,step_5,no_load
21.943619,0.0,1.1426,1.1521,-0.0095,-7.866,-13.757,step_5,no_load
21.95402,0.0,1.1426,1.0371,0.1055,0.0,-11.508,step_5,no_load
21.964332,0.0,1.1426,0.9413,0.2013,0.0,-9.573,step_5,no_load
21.974641,0.0,1.1426,0.8621,0.2805,0.0,-7.923,step_5,no_load
21.984985,0.0,1.1426,0.7968,0.3458,0.0,-6.529,step_5,no_load
21.995645,0.0,1.1426,0.7202,0.4224,0.0,-5.106,step_5,no_load
22.006894,0.0,1.1426,0.6807,0.4619,0.0,-3.956,step_5,no_load
22.017735,0.0,1.1426,0.6485,0.4941,0.0,-3.219,step_5,no_load
22.028807,0.0,1.1426,0.6224,0.5202,0.0,-2.611,step_5,no_load
22.039502,0.0,1.1426,0.6013,0.5413,0.0,-2.112,step_5,no_load
22.04984,0.0,1.1426,0.5842,0.5584,0.0,-1.703,step_5,no_load
22.060744,0.0,1.1426,0.5647,0.5779,0.0,-1.301,step_5,no_load
22.070977,0.0,1.1426,0.5549,0.5877,0.0,-0.985,step_5,no_load
22.081104,0.0,1.1426,0.5470,0.5956,0.0,-0.788,step_5,no_load
22.092175,0.0,1.1426,0.5407,0.6019,0.0,-0.629,step_5,no_load
22.102536,0.0,1.1426,0.5357,0.6069,0.0,-0.501,step_5,no_load
22.113144,0.0,1.1426,0.5317,0.6109,0.0,-0.398,step_5,no_load
22.123751,0.0,1.1426,0.5286,0.6140,0.0,-0.316,step_5,no_load
22.134053,0.0,1.1426,0.5260,0.6166,0.0,-0.250,step_5,no_load
22.144368,0.0,1.1426,0.5241,0.6185,0.0,-0.198,step_5,no_load
22.154838,0.0,1.1426,0.5225,0.6201,0.0,-0.156,step_5,no_load
22.165137,0.0,1.1426,0.5207,0.6219,0.0,-0.123,step_5,no_load
22.175463,0.0,1.1426,0.5196,0.6230,0.0,-0.111,step_5,no_load
22.185781,0.0,1.1426,0.5185,0.6241,0.0,-0.107,step_5,no_load
22.196305,0.0,1.1426,0.5174,0.6252,0.0,-0.105,step_5,no_load
22.206822,0.0,1.1426,0.5164,0.6262,0.0,-0.104,step_5,no_load
22.217275,0.0,1.1426,0.5154,0.6272,0.0,-0.103,step_5,no_load
22.227981,0.0,1.1426,0.5143,0.6283,0.0,-0.103,step_5,no_load
22.238327,0.0,1.1426,0.5133,0.6293,0.0,-0.102,step_5,no_load
22.249,0.0,1.1426,0.5123,0.6303,0.0,-0.101,step_5,no_load
22.259486,0.0,1.1426,0.5113,0.6313,0.0,-0.100,step_5,no_load
22.270499,0.0,1.1426,0.5098,0.6328,0.0,-0.100,step_5,no_load
22.28093,0.0,1.1426,0.5088,0.6338,0.0,-0.099,step_5,no_load
22.291868,0.0,1.1426,0.5078,0.6348,0.0,-0.098,step_5,no_load
22.302151,0.0,1.1426,0.5069,0.6357,0.0,-0.097,step_5,no_load
22.312678,0.0,1.1426,0.5059,0.6367,0.0,-0.097,step_5,no_load
22.322962,0.0,1.1426,0.5049,0.6377,0.0,-0.096,step_5,no_load
22.333137,0.0,1.1426,0.5040,0.6386,0.0,-0.095,step_5,no_load
22.343325,0.0,1.1426,0.5030,0.6396,0.0,-0.095,step_5,no_load
22.3541,0.0,1.1426,0.5021,0.6405,0.0,-0.094,step_5,no_load
22.364738,0.0,1.1426,0.5012,0.6414,0.0,-0.093,step_5,no_load
22.375549,0.0,1.1426,0.4998,0.6428,0.0,-0.093,step_5,no_load
22.386219,0.0,1.1426,0.4989,0.6437,0.0,-0.092,step_5,no_load
22.396884,0.0,1.1426,0.4980,0.6446,0.0,-0.091,step_5,no_load
22.407092,0.0,1.1426,0.4971,0.6455,0.0,-0.090,step_5,no_load
22.41823,0.0,1.1426,0.4962,0.6464,0.0,-0.090,step_5,no_load
22.428896,0.0,1.1426,0.4953,0.6473,0.0,-0.089,step_5,no_load
22.439871,0.0,1.1426,0.4944,0.6482,0.0,-0.089,step_5,no_load
22.450562,0.0,1.1426,0.4931,0.6495,0.0,-0.088,step_5,no_load
22.461033,0.0,1.1426,0.4922,0.6504,0.0,-0.087,step_5,no_load
22.471523,0.0,1.1426,0.4913,0.6513,0.0,-0.086,step_5,no_load
22.481765,0.0,1.1426,0.4905,0.6521,0.0,-0.086,step_5,no_load
22.491943,0.0,1.1426,0.4896,0.6530,0.0,-0.085,step_5,no_load
22.502757,0.0,1.1426,0.4888,0.6538,0.0,-0.085,step_5,no_load
22.513448,0.0,1.1426,0.4879,0.6547,0.0,-0.084,step_5,no_load
22.523806,0.0,1.1426,0.4871,0.6555,0.0,-0.084,step_5,no_load
22.534213,0.0,1.1426,0.4863,0.6563,0.0,-0.083,step_5,no_load
22.544601,0.0,1.1426,0.4854,0.6572,0.0,-0.082,step_5,no_load
22.55489,0.0,1.1426,0.4846,0.6580,0.0,-0.082,step_5,no_load
22.565353,0.0,1.1426,0.4834,0.6592,0.0,-0.081,step_5,no_load
22.576047,0.0,1.1426,0.4826,0.6600,0.0,-0.080,step_5,no_load
22.586964,0.0,1.1426,0.4818,0.6608,0.0,-0.080,step_5,no_load
22.59748,0.0,1.1426,0.4810,0.6616,0.0,-0.079,step_5,no_load
22.60818,0.0,1.1426,0.4802,0.6624,0.0,-0.079,step_5,no_load
22.618989,0.0,1.1426,0.4794,0.6632,0.0,-0.078,step_5,no_load
22.629408,0.0,1.1426,0.4787,0.6639,0.0,-0.078,step_5,no_load
22.639667,0.0,1.1426,0.4779,0.6647,0.0,-0.077,step_5,no_load
22.650231,0.0,1.1426,0.4767,0.6659,0.0,-0.076,step_5,no_load
22.660742,0.0,1.1426,0.4760,0.6666,0.0,-0.076,step_5,no_load
22.670878,0.0,1.1426,0.4752,0.6674,0.0,-0.075,step_5,no_load
22.681132,0.0,1.1426,0.4745,0.6681,0.0,-0.075,step_5,no_load
22.691513,0.0,1.1426,0.4737,0.6689,0.0,-0.074,step_5,no_load
22.702363,0.0,1.1426,0.4730,0.6696,0.0,-0.074,step_5,no_load
22.713116,0.0,1.1426,0.4723,0.6703,0.0,-0.073,step_5,no_load
22.723853,0.0,1.1426,0.4716,0.6710,0.0,-0.073,step_5,no_load
22.734278,0.0,1.1426,0.4708,0.6718,0.0,-0.072,step_5,no_load
22.744518,0.0,1.1426,0.4701,0.6725,0.0,-0.072,step_5,no_load
22.754964,0.0,1.1426,0.4694,0.6732,0.0,-0.071,step_5,no_load
22.765309,0.0,1.1426,0.4683,0.6743,0.0,-0.071,step_5,no_load
22.77575,0.0,1.1426,0.4676,0.6750,0.0,-0.070,step_5,no_load
22.786335,0.0,1.1426,0.4670,0.6756,0.0,-0.069,step_5,no_load
22.797195,0.0,1.1426,0.4663,0.6763,0.0,-0.069,step_5,no_load
22.80771,0.0,1.1426,0.4656,0.6770,0.0,-0.068,step_5,no_load
22.818826,0.0,1.1426,0.4649,0.6777,0.0,-0.068,step_5,no_load
22.829302,0.0,1.1426,0.4642,0.6784,0.0,-0.067,step_5,no_load
22.839611,0.0,1.1426,0.4636,0.6790,0.0,-0.067,step_5,no_load
22.850295,0.0,1.1426,0.4626,0.6800,0.0,-0.066,step_5,no_load
22.860986,0.0,1.1426,0.4619,0.6807,0.0,-0.066,step_5,no_load
22.871686,0.0,1.1426,0.4612,0.6814,0.0,-0.065,step_5,no_load
22.881914,0.0,1.1426,0.4606,0.6820,0.0,-0.065,step_5,no_load
22.892399,0.0,1.1426,0.4599,0.6827,0.0,-0.065,step_5,no_load
22.90347,0.0,1.1426,0.4593,0.6833,0.0,-0.064,step_5,no_load
22.913924,0.0,1.1426,0.4587,0.6839,0.0,-0.064,step_5,no_load
22.924486,0.0,1.1426,0.4580,0.6846,0.0,-0.063,step_5,no_load
22.93484,0.0,1.1426,0.4574,0.6852,0.0,-0.063,step_5,no_load
22.946351,4.7241,1.1426,0.4565,0.6861,0.0,-0.062,step_5,no_load
22.957111,4.7241,1.1426,0.4559,0.6867,0.0,-0.062,step_5,no_load
22.968059,4.7241,1.1426,0.4553,0.6873,0.0,-0.061,step_5,no_load
22.978334,4.7241,1.1426,0.4546,0.6880,0.0,-0.061,step_5,no_load
22.988808,4.7241,1.1426,0.4540,0.6886,0.0,-0.060,step_5,no_load
22.999864,4.7241,1.4063,0.4534,0.9529,23.851,-0.060,step_5,no_load
23.011323,4.7241,1.7578,0.4525,1.3053,30.675,-0.059,step_5,no_load
23.021722,4.7241,2.1973,0.6200,1.5773,42.264,16.740,step_5,no_load
23.032421,4.7241,2.7246,0.9300,1.7946,49.285,31.001,step_5,no_load
23.042589,4.7241,3.1641,1.3129,1.8512,43.224,38.294,step_5,no_load
23.053547,4.7241,3.6035,1.7224,1.8811,40.099,40.951,step_5,no_load
23.063679,4.7241,3.7793,2.1287,1.6506,17.351,40.625,step_5,no_load
23.074295,4.7241,3.9551,2.5135,1.4416,16.56,38.479,step_5,no_load
23.084488,4.7241,4.0430,2.8666,1.1764,8.624,35.316,step_5,no_load
23.095072,4.7241,4.0430,3.3277,0.7153,0.0,30.736,step_5,no_load
23.105504,4.7241,4.1309,3.5884,0.5425,8.426,26.072,step_5,no_load
23.116111,4.7241,4.2187,3.8137,0.4050,8.278,22.530,step_5,no_load
23.127125,4.7241,4.3945,4.0064,0.3881,15.962,19.272,step_5,no_load
23.137337,4.7241,4.4824,4.1698,0.3126,8.608,16.343,step_5,no_load
23.148046,4.7241,4.4824,4.3074,0.1750,0.0,13.758,step_5,no_load
23.158467,4.7241,4.4824,4.4225,0.0599,0.0,11.508,step_5,no_load
23.169209,4.7241,4.4824,4.5182,-0.0358,0.0,9.572,step_5,no_load
23.179723,4.7241,4.4824,4.5974,-0.1150,0.0,7.922,step_5,no_load
23.19009,4.7241,4.4824,4.6908,-0.2084,0.0,6.225,step_5,no_load
23.200287,4.7241,4.4824,4.7392,-0.2568,0.0,4.845,step_5,no_load
23.210453,4.7241,4.4824,4.7788,-0.2964,0.0,3.954,step_5,no_load
23.221398,4.7241,4.4824,4.8109,-0.3285,0.0,3.216,step_5,no_load
23.231633,4.7241,4.4824,4.8370,-0.3546,0.0,2.608,step_5,no_load
23.241958,4.7241,4.4824,4.8581,-0.3757,0.0,2.109,step_5,no_load
23.252439,4.7241,4.4824,4.8751,-0.3927,0.0,1.701,step_5,no_load
23.262914,4.7241,4.4824,4.8888,-0.4064,0.0,1.368,step_5,no_load
23.273384,4.7241,4.4824,4.8998,-0.4174,0.0,1.098,step_5,no_load
23.284281,4.7241,4.4824,4.9086,-0.4262,0.0,0.879,step_5,no_load
23.294847,4.7241,4.4824,4.9156,-0.4332,0.0,0.702,step_5,no_load
23.305543,4.7241,4.4824,4.9235,-0.4411,0.0,0.530,step_5,no_load
23.316094,4.7241,4.4824,4.9275,-0.4451,0.0,0.397,step_5,no_load
23.326581,4.7241,4.4824,4.9307,-0.4483,0.0,0.315,step_5,no_load
23.336939,4.7241,4.4824,4.9332,-0.4508,0.0,0.249,step_5,no_load
23.347613,4.7241,4.4824,4.9351,-0.4527,0.0,0.197,step_5,no_load
23.358055,4.7241,4.4824,4.9367,-0.4543,0.0,0.155,step_5,no_load
23.368988,4.7241,4.4824,4.9379,-0.4555,0.0,0.126,step_5,no_load
23.379592,4.7241,4.4824,4.9391,-0.4567,0.0,0.113,step_5,no_load
23.390111,4.7241,4.4824,4.9407,-0.4583,0.0,0.108,step_5,no_load
23.400902,4.7241,4.4824,4.9417,-0.4593,0.0,0.105,step_5,no_load
23.411133,4.7241,4.4824,4.9428,-0.4604,0.0,0.104,step_5,no_load
23.421833,4.7241,4.4824,4.9438,-0.4614,0.0,0.103,step_5,no_load
23.432152,4.7241,4.4824,4.9448,-0.4624,0.0,0.103,step_5,no_load
23.442992,4.7241,4.4824,4.9459,-0.4635,0.0,0.102,step_5,no_load
23.453433,4.7241,4.4824,4.9469,-0.4645,0.0,0.101,step_5,no_load
23.464169,4.7241,4.4824,4.9479,-0.4655,0.0,0.100,step_5,no_load
23.474718,4.7241,4.4824,4.9489,-0.4665,0.0,0.100,step_5,no_load
23.48539,4.7241,4.4824,4.9504,-0.4680,0.0,0.099,step_5,no_load
23.495947,4.7241,4.4824,4.9513,-0.4689,0.0,0.098,step_5,no_load
23.506205,4.7241,4.4824,4.9523,-0.4699,0.0,0.097,step_5,no_load
23.516687,4.7241,4.4824,4.9533,-0.4709,0.0,0.097,step_5,no_load
23.527212,4.7241,4.4824,4.9542,-0.4718,0.0,0.096,step_5,no_load
23.537626,4.7241,4.4824,4.9552,-0.4728,0.0,0.095,step_5,no_load
23.547877,4.7241,4.4824,4.9561,-0.4737,0.0,0.095,step_5,no_load
23.558149,4.7241,4.4824,4.9571,-0.4747,0.0,0.094,step_5,no_load
23.568483,4.7241,4.4824,4.9580,-0.4756,0.0,0.093,step_5,no_load
23.579202,4.7241,4.4824,4.9589,-0.4765,0.0,0.093,step_5,no_load
23.589945,4.7241,4.4824,4.9599,-0.4775,0.0,0.092,step_5,no_load
23.60008,4.7241,4.4824,4.9612,-0.4788,0.0,0.091,step_5,no_load
23.610205,4.7241,4.4824,4.9621,-0.4797,0.0,0.090,step_5,no_load
23.620325,4.7241,4.4824,4.9630,-0.4806,0.0,0.090,step_5,no_load
23.630476,4.7241,4.4824,4.9639,-0.4815,0.0,0.089,step_5,no_load
23.641489,4.7241,4.4824,4.9648,-0.4824,0.0,0.089,step_5,no_load
23.65158,4.7241,4.4824,4.9657,-0.4833,0.0,0.088,step_5,no_load
23.662352,4.7241,4.4824,4.9666,-0.4842,0.0,0.087,step_5,no_load
23.672699,4.7241,4.4824,4.9674,-0.4850,0.0,0.087,step_5,no_load
23.682941,4.7241,4.4824,4.9683,-0.4859,0.0,0.086,step_5,no_load
23.693378,4.7241,4.4824,4.9691,-0.4867,0.0,0.086,step_5,no_load
23.70439,4.7241,4.4824,4.9700,-0.4876,0.0,0.085,step_5,no_load
23.714935,4.7241,4.4824,4.9708,-0.4884,0.0,0.084,step_5,no_load
23.72551,4.7241,4.4824,4.9721,-0.4897,0.0,0.084,step_5,no_load
23.735713,4.7241,4.4824,4.9729,-0.4905,0.0,0.083,step_5,no_load
23.746429,4.7241,4.4824,4.9737,-0.4913,0.0,0.082,step_5,no_load
23.75683,4.7241,4.4824,4.9746,-0.4922,0.0,0.082,step_5,no_load
23.766927,4.7241,4.4824,4.9754,-0.4930,0.0,0.081,step_5,no_load
23.777428,4.7241,4.4824,4.9762,-0.4938,0.0,0.081,step_5,no_load
23.788452,4.7241,4.4824,4.9770,-0.4946,0.0,0.080,step_5,no_load
23.798735,4.7241,4.4824,4.9778,-0.4954,0.0,0.080,step_5,no_load
23.808942,4.7241,4.4824,4.9786,-0.4962,0.0,0.079,step_5,no_load
23.819105,4.7241,4.4824,4.9793,-0.4969,0.0,0.078,step_5,no_load
23.829658,4.7241,4.4824,4.9801,-0.4977,0.0,0.078,step_5,no_load
23.839999,4.7241,4.4824,4.9809,-0.4985,0.0,0.077,step_5,no_load
23.850912,4.7241,4.4824,4.9820,-0.4996,0.0,0.077,step_5,no_load
23.861117,4.7241,4.4824,4.9828,-0.5004,0.0,0.076,step_5,no_load
23.871344,4.7241,4.4824,4.9836,-0.5012,0.0,0.075,step_5,no_load
23.881754,4.7241,4.4824,4.9843,-0.5019,0.0,0.075,step_5,no_load
23.892357,4.7241,4.4824,4.9851,-0.5027,0.0,0.074,step_5,no_load
23.902936,4.7241,4.4824,4.9858,-0.5034,0.0,0.074,step_5,no_load
23.914109,4.7241,4.4824,4.9865,-0.5041,0.0,0.073,step_5,no_load
23.92473,4.7241,4.4824,4.9873,-0.5049,0.0,0.073,step_5,no_load
23.935322,4.7241,4.4824,4.9883,-0.5059,0.0,0.072,step_5,no_load
23.945511,4.7241,4.4824,4.9891,-0.5067,0.0,0.072,step_5,no_load
23.956007,4.7241,4.4824,4.9898,-0.5074,0.0,0.071,step_5,no_load
23.966324,4.7241,4.4824,4.9905,-0.5081,0.0,0.071,step_5,no_load
23.977171,4.7241,4.4824,4.9912,-0.5088,0.0,0.070,step_5,no_load
23.987484,4.7241,4.4824,4.9919,-0.5095,0.0,0.070,step_5,no_load
23.998073,4.7241,4.4824,4.9926,-0.5102,0.0,0.069,step_5,no_load
24.008226,4.7241,4.4824,4.9932,-0.5108,0.0,0.069,step_5,no_load
24.018785,4.7241,4.4824,4.9939,-0.5115,0.0,0.068,step_5,no_load
24.029305,4.7241,4.4824,4.9946,-0.5122,0.0,0.068,step_5,no_load
24.039412,4.7241,4.4824,4.9953,-0.5129,0.0,0.067,step_5,no_load
24.049928,4.7241,4.4824,4.9959,-0.5135,0.0,0.067,step_5,no_load
24.060358,4.7241,4.4824,4.9969,-0.5145,0.0,0.066,step_5,no_load
24.070782,4.7241,4.4824,4.9976,-0.5152,0.0,0.066,step_5,no_load
24.081399,4.7241,4.4824,4.9982,-0.5158,0.0,0.065,step_5,no_load
24.091564,4.7241,4.4824,4.9989,-0.5165,0.0,0.065,step_5,no_load
24.102264,4.7241,4.4824,4.9995,-0.5171,0.0,0.064,step_5,no_load
24.112532,4.7241,4.4824,5.0002,-0.5178,0.0,0.064,step_5,no_load
24.122931,4.7241,4.4824,5.0008,-0.5184,0.0,0.063,step_5,no_load
24.133039,4.7241,4.4824,5.0014,-0.5190,0.0,0.063,step_5,no_load
24.143317,4.7241,4.4824,5.0021,-0.5197,0.0,0.062,step_5,no_load
