time,commanded_deg,real_deg,sim_deg,error_deg,real_vel_deg_s,sim_vel_deg_s,experiment_id,load_condition
0.001109,-47.2412,-46.5820,-46.4563,-0.1257,0.0,0.086,staircase3,no_load
0.011713,-47.2412,-46.5820,-46.4555,-0.1265,0.0,0.085,staircase3,no_load
0.022321,-47.2412,-46.5820,-46.4546,-0.1274,0.0,0.085,staircase3,no_load
0.032524,-47.2412,-46.5820,-46.4538,-0.1282,0.0,0.084,staircase3,no_load
0.043108,-47.2412,-46.5820,-46.4529,-0.1291,0.0,0.084,staircase3,no_load
0.053257,-47.2412,-46.5820,-46.4521,-0.1299,0.0,0.083,staircase3,no_load
0.063903,-47.2412,-46.5820,-46.4513,-0.1307,0.0,0.083,staircase3,no_load
0.074573,-47.2412,-46.5820,-46.4558,-0.1262,0.0,-0.456,staircase3,no_load
0.084798,-47.2412,-46.5820,-46.4772,-0.1048,0.0,-2.138,staircase3,no_load
0.095467,-47.2412,-46.5820,-46.5251,-0.0569,0.0,-3.194,staircase3,no_load
0.106257,-47.2412,-46.5820,-46.5609,-0.0211,0.0,-3.580,staircase3,no_load
0.117008,-47.2412,-46.5820,-46.5965,0.0145,0.0,-3.560,staircase3,no_load
0.127308,-47.2412,-46.5820,-46.6303,0.0483,0.0,-3.377,staircase3,no_load
0.137507,-47.2412,-46.5820,-46.6613,0.0793,0.0,-3.104,staircase3,no_load
0.147945,-47.2412,-46.5820,-46.6892,0.1072,0.0,-2.788,staircase3,no_load
0.158247,-47.2412,-46.5820,-46.7138,0.1318,0.0,-2.460,staircase3,no_load
0.16837,-47.2412,-46.5820,-46.7352,0.1532,0.0,-2.142,staircase3,no_load
0.179193,-47.2412,-46.5820,-46.7537,0.1717,0.0,-1.843,staircase3,no_load
0.189318,-47.2412,-46.5820,-46.7694,0.1874,0.0,-1.572,staircase3,no_load
0.199761,-47.2412,-46.5820,-46.7827,0.2007,0.0,-1.330,staircase3,no_load
0.209887,-47.2412,-46.5820,-46.7939,0.2119,0.0,-1.118,staircase3,no_load
0.220826,-47.2412,-46.5820,-46.8073,0.2253,0.0,-0.893,staircase3,no_load
0.231857,-47.2412,-46.5820,-46.8143,0.2323,0.0,-0.706,staircase3,no_load
0.242298,-47.2412,-46.5820,-46.8201,0.2381,0.0,-0.583,staircase3,no_load
0.253123,-47.2412,-46.5820,-46.8249,0.2429,0.0,-0.479,staircase3,no_load
0.26332,-47.2412,-46.5820,-46.8289,0.2469,0.0,-0.393,staircase3,no_load
0.274636,-47.2412,-46.5820,-46.8321,0.2501,0.0,-0.321,staircase3,no_load
0.285215,-47.2412,-46.5820,-46.8358,0.2538,0.0,-0.248,staircase3,no_load
0.29554,-47.2412,-46.5820,-46.8377,0.2557,0.0,-0.191,staircase3,no_load
0.306037,-47.2412,-46.5820,-46.8393,0.2573,0.0,-0.154,staircase3,no_load
0.317066,-47.2412,-46.5820,-46.8405,0.2585,0.0,-0.127,staircase3,no_load
0.32724,-47.2412,-46.5820,-46.8417,0.2597,0.0,-0.114,staircase3,no_load
0.337616,-47.2412,-46.5820,-46.8428,0.2608,0.0,-0.109,staircase3,no_load
0.347985,-47.2412,-46.5820,-46.8438,0.2618,0.0,-0.107,staircase3,no_load
0.358241,-47.2412,-46.5820,-46.8449,0.2629,0.0,-0.105,staircase3,no_load
0.368677,-47.2412,-46.5820,-46.8459,0.2639,0.0,-0.104,staircase3,no_load
0.378919,-47.2412,-46.5820,-46.8469,0.2649,0.0,-0.103,staircase3,no_load
0.389648,-47.2412,-46.5820,-46.8480,0.2660,0.0,-0.103,staircase3,no_load
0.400577,-47.2412,-46.5820,-46.8495,0.2675,0.0,-0.102,staircase3,no_load
0.410986,-47.2412,-46.5820,-46.8505,0.2685,0.0,-0.101,staircase3,no_load
0.421328,-47.2412,-46.5820,-46.8515,0.2695,0.0,-0.100,staircase3,no_load
0.43195,-47.2412,-46.5820,-46.8525,0.2705,0.0,-0.100,staircase3,no_load
0.442356,-47.2412,-46.5820,-46.8535,0.2715,0.0,-0.099,staircase3,no_load
0.453055,-47.2412,-46.5820,-46.8545,0.2725,0.0,-0.098,staircase3,no_load
0.463252,-47.2412,-46.5820,-46.8555,0.2735,0.0,-0.097,staircase3,no_load
0.473519,-47.2412,-46.5820,-46.8564,0.2744,0.0,-0.097,staircase3,no_load
0.483819,-47.2412,-46.5820,-46.8574,0.2754,0.0,-0.096,staircase3,no_load
0.49394,-47.2412,-46.5820,-46.8583,0.2763,0.0,-0.095,staircase3,no_load
0.505214,-47.2412,-46.5820,-46.8598,0.2778,0.0,-0.095,staircase3,no_load
0.515709,-47.2412,-46.5820,-46.8607,0.2787,0.0,-0.094,staircase3,no_load
0.526008,-47.2412,-46.5820,-46.8616,0.2796,0.0,-0.093,staircase3,no_load
0.536516,-47.2412,-46.5820,-46.8626,0.2806,0.0,-0.093,staircase3,no_load
0.546851,-47.2412,-46.5820,-46.8635,0.2815,0.0,-0.092,staircase3,no_load
0.557013,-47.2412,-46.5820,-46.8644,0.2824,0.0,-0.091,staircase3,no_load
0.567695,-47.2412,-46.5820,-46.8653,0.2833,0.0,-0.091,staircase3,no_load
0.578538,-47.2412,-46.5820,-46.8662,0.2842,0.0,-0.090,staircase3,no_load
0.58938,-47.2412,-46.5820,-46.8671,0.2851,0.0,-0.089,staircase3,no_load
0.600102,-47.2412,-46.5820,-46.8684,0.2864,0.0,-0.089,staircase3,no_load
0.610628,-47.2412,-46.5820,-46.8693,0.2873,0.0,-0.088,staircase3,no_load
0.621344,-47.2412,-46.5820,-46.8702,0.2882,0.0,-0.087,staircase3,no_load
0.631677,-47.2412,-46.5820,-46.8710,0.2890,0.0,-0.087,staircase3,no_load
0.642698,-47.2412,-46.5820,-46.8719,0.2899,0.0,-0.086,staircase3,no_load
0.653118,-47.2412,-46.5820,-46.8727,0.2907,0.0,-0.085,staircase3,no_load
0.664007,-47.2412,-46.5820,-46.8736,0.2916,0.0,-0.085,staircase3,no_load
0.674439,-47.2412,-46.5820,-46.8744,0.2924,0.0,-0.084,staircase3,no_load
0.685102,-47.2412,-46.5820,-46.8757,0.2937,0.0,-0.083,staircase3,no_load
0.695238,-47.2412,-46.5820,-46.8765,0.2945,0.0,-0.083,staircase3,no_load
0.705371,-47.2412,-46.5820,-46.8773,0.2953,0.0,-0.082,staircase3,no_load
0.715486,-47.2412,-46.5820,-46.8782,0.2962,0.0,-0.082,staircase3,no_load
0.725627,-47.2412,-46.5820,-46.8790,0.2970,0.0,-0.081,staircase3,no_load
0.736104,-47.2412,-46.5820,-46.8798,0.2978,0.0,-0.081,staircase3,no_load
0.746922,-47.2412,-46.5820,-46.8806,0.2986,0.0,-0.080,staircase3,no_load
0.7572,-47.2412,-46.5820,-46.8814,0.2994,0.0,-0.079,staircase3,no_load
0.767423,-47.2412,-46.5820,-46.8821,0.3001,0.0,-0.079,staircase3,no_load
0.777728,-47.2412,-46.5820,-46.8829,0.3009,0.0,-0.078,staircase3,no_load
0.788264,-47.2412,-46.5820,-46.8837,0.3017,0.0,-0.078,staircase3,no_load
0.798586,-47.2412,-46.5820,-46.8845,0.3025,0.0,-0.077,staircase3,no_load
0.808987,-47.2412,-46.5820,-46.8852,0.3032,0.0,-0.077,staircase3,no_load
0.819315,-47.2412,-46.5820,-46.8860,0.3040,0.0,-0.076,staircase3,no_load
0.82939,-47.2412,-46.5820,-46.8868,0.3048,0.0,-0.076,staircase3,no_load
0.840064,-47.2412,-46.5820,-46.8879,0.3059,0.0,-0.075,staircase3,no_load
0.850599,-47.2412,-46.5820,-46.8886,0.3066,0.0,-0.074,staircase3,no_load
0.861162,-47.2412,-46.5820,-46.8894,0.3074,0.0,-0.074,staircase3,no_load
0.871817,-47.2412,-46.5820,-46.8901,0.3081,0.0,-0.073,staircase3,no_load
0.881983,-47.2412,-46.5820,-46.8908,0.3088,0.0,-0.073,staircase3,no_load
0.892136,-47.2412,-46.5820,-46.8916,0.3096,0.0,-0.072,staircase3,no_load
0.902653,-47.2412,-46.5820,-46.8923,0.3103,0.0,-0.072,staircase3,no_load
0.912967,-47.2412,-46.5820,-46.8930,0.3110,0.0,-0.071,staircase3,no_load
0.923301,-47.2412,-46.5820,-46.8937,0.3117,0.0,-0.071,staircase3,no_load
0.933858,-47.2412,-46.5820,-46.8944,0.3124,0.0,-0.070,staircase3,no_load
0.944394,-47.2412,-46.5820,-46.8951,0.3131,0.0,-0.070,staircase3,no_load
0.954831,-47.2412,-46.5820,-46.8958,0.3138,0.0,-0.069,staircase3,no_load
0.965506,-47.2412,-46.5820,-46.8968,0.3148,0.0,-0.069,staircase3,no_load
0.975828,-47.2412,-46.5820,-46.8975,0.3155,0.0,-0.068,staircase3,no_load
0.986984,-47.2412,-46.5820,-46.8982,0.3162,0.0,-0.068,staircase3,no_load
0.997653,-47.2412,-46.5820,-46.8988,0.3168,0.0,-0.067,staircase3,no_load
1.007945,-47.2412,-46.5820,-46.8995,0.3175,0.0,-0.067,staircase3,no_load
1.019268,-47.2412,-46.5820,-46.9002,0.3182,0.0,-0.066,staircase3,no_load
1.02982,-47.2412,-46.5820,-46.9008,0.3188,0.0,-0.066,staircase3,no_load
1.039906,-47.2412,-46.5820,-46.9015,0.3195,0.0,-0.065,staircase3,no_load
1.050174,-47.2412,-46.5820,-46.9025,0.3205,0.0,-0.065,staircase3,no_load
1.060417,-47.2412,-46.5820,-46.9031,0.3211,0.0,-0.064,staircase3,no_load
1.070884,-47.2412,-46.5820,-46.9037,0.3217,0.0,-0.064,staircase3,no_load
1.081295,-47.2412,-46.5820,-46.9044,0.3224,0.0,-0.063,staircase3,no_load
1.091425,-47.2412,-46.5820,-46.9050,0.3230,0.0,-0.063,staircase3,no_load
1.101911,-47.2412,-46.5820,-46.9056,0.3236,0.0,-0.062,staircase3,no_load
1.112369,-47.2412,-46.5820,-46.9062,0.3242,0.0,-0.062,staircase3,no_load
1.122442,-47.2412,-46.5820,-46.9069,0.3249,0.0,-0.062,staircase3,no_load
1.132683,-47.2412,-46.5820,-46.9075,0.3255,0.0,-0.061,staircase3,no_load
1.14356,-47.2412,-46.5820,-46.9081,0.3261,0.0,-0.061,staircase3,no_load
1.153947,-47.2412,-46.5820,-46.9087,0.3267,0.0,-0.060,staircase3,no_load
1.164792,-47.2412,-46.5820,-46.9093,0.3273,0.0,-0.060,staircase3,no_load
1.174953,-47.2412,-46.5820,-46.9099,0.3279,0.0,-0.059,staircase3,no_load
1.185391,-47.2412,-46.5820,-46.9108,0.3288,0.0,-0.059,staircase3,no_load
1.195593,-47.2412,-46.5820,-46.9113,0.3293,0.0,-0.058,staircase3,no_load
1.205972,-47.2412,-46.5820,-46.9119,0.3299,0.0,-0.058,staircase3,no_load
1.2167,-47.2412,-46.5820,-46.9125,0.3305,0.0,-0.058,staircase3,no_load
1.227307,-47.2412,-46.5820,-46.9131,0.3311,0.0,-0.057,staircase3,no_load
1.238134,-47.2412,-46.5820,-46.9136,0.3316,0.0,-0.057,staircase3,no_load
1.248489,-47.2412,-46.5820,-46.9142,0.3322,0.0,-0.056,staircase3,no_load
1.258806,-47.2412,-46.5820,-46.9148,0.3328,0.0,-0.056,staircase3,no_load
1.269052,-47.2412,-46.5820,-46.9153,0.3333,0.0,-0.056,staircase3,no_load
1.27918,-47.2412,-46.5820,-46.9159,0.3339,0.0,-0.055,staircase3,no_load
1.289534,-47.2412,-46.5820,-46.9164,0.3344,0.0,-0.055,staircase3,no_load
1.299723,-47.2412,-46.5820,-46.9170,0.3350,0.0,-0.055,staircase3,no_load
1.309986,-47.2412,-46.5820,-46.9175,0.3355,0.0,-0.054,staircase3,no_load
1.320223,-47.2412,-46.5820,-46.9183,0.3363,0.0,-0.054,staircase3,no_load
1.330468,-47.2412,-46.5820,-46.9189,0.3369,0.0,-0.053,staircase3,no_load
1.341049,-47.2412,-46.5820,-46.9194,0.3374,0.0,-0.053,staircase3,no_load
1.351856,-47.2412,-46.5820,-46.9199,0.3379,0.0,-0.052,staircase3,no_load
1.36209,-47.2412,-46.5820,-46.9204,0.3384,0.0,-0.052,staircase3,no_load
1.372472,-47.2412,-46.5820,-46.9209,0.3389,0.0,-0.052,staircase3,no_load
1.382825,-47.2412,-46.5820,-46.9215,0.3395,0.0,-0.051,staircase3,no_load
1.393191,-47.2412,-46.5820,-46.9220,0.3400,0.0,-0.051,staircase3,no_load
1.403379,-47.2412,-46.5820,-46.9225,0.3405,0.0,-0.051,staircase3,no_load
1.413821,-47.2412,-46.5820,-46.9230,0.3410,0.0,-0.050,staircase3,no_load
1.424317,-47.2412,-46.5820,-46.9235,0.3415,0.0,-0.050,staircase3,no_load
1.435342,-47.2412,-46.5820,-46.9242,0.3422,0.0,-0.050,staircase3,no_load
1.445906,-47.2412,-46.5820,-46.9247,0.3427,0.0,-0.049,staircase3,no_load
1.456081,-47.2412,-46.5820,-46.9252,0.3432,0.0,-0.049,staircase3,no_load
1.466472,-47.2412,-46.5820,-46.9257,0.3437,0.0,-0.048,staircase3,no_load
1.477003,-47.2412,-46.5820,-46.9262,0.3442,0.0,-0.048,staircase3,no_load
1.487611,-47.2412,-46.5820,-46.9267,0.3447,0.0,-0.048,staircase3,no_load
1.498276,-47.2412,-46.5820,-46.9271,0.3451,0.0,-0.047,staircase3,no_load
1.508899,-47.2412,-46.5820,-46.9276,0.3456,0.0,-0.047,staircase3,no_load
1.519084,-47.2412,-46.5820,-46.9281,0.3461,0.0,-0.047,staircase3,no_load
1.529787,-47.2412,-46.5820,-46.9285,0.3465,0.0,-0.046,staircase3,no_load
1.540487,-47.2412,-46.5820,-46.9292,0.3472,0.0,-0.046,staircase3,no_load
1.550938,-47.2412,-46.5820,-46.9297,0.3477,0.0,-0.046,staircase3,no_load
1.561618,-47.2412,-46.5820,-46.9301,0.3481,0.0,-0.045,staircase3,no_load
1.572269,-47.2412,-46.5820,-46.9306,0.3486,0.0,-0.045,staircase3,no_load
1.582859,-47.2412,-46.5820,-46.9310,0.3490,0.0,-0.045,staircase3,no_load
1.593474,-47.2412,-46.5820,-46.9315,0.3495,0.0,-0.044,staircase3,no_load
1.605542,-35.4309,-46.5820,-46.9321,0.3501,0.0,-0.044,staircase3,no_load
1.616206,-35.4309,-46.5820,-46.9326,0.3506,0.0,-0.044,staircase3,no_load
1.62655,-35.4309,-46.5820,-46.9330,0.3510,0.0,-0.043,staircase3,no_load
1.637495,-35.4309,-46.5820,-46.9334,0.3514,0.0,-0.043,staircase3,no_load
1.647715,-35.4309,-46.5820,-46.9339,0.3519,0.0,-0.043,staircase3,no_load
1.658297,-35.4309,-46.4062,-46.9343,0.5281,16.613,-0.042,staircase3,no_load
1.668601,-35.4309,-46.0547,-46.9347,0.8800,34.113,-0.042,staircase3,no_load
1.679272,-35.4309,-45.5273,-46.8021,1.2748,49.424,13.262,staircase3,no_load
1.689544,-35.4309,-44.9121,-46.1868,1.2747,59.891,61.528,staircase3,no_load
1.700225,-35.4309,-43.9453,-44.7697,0.8244,90.516,94.476,staircase3,no_load
1.710957,-35.4309,-42.8906,-43.7101,0.8195,98.276,105.961,staircase3,no_load
1.721185,-35.4309,-41.9238,-42.6562,0.7324,94.525,105.386,staircase3,no_load
1.731328,-35.4309,-40.9570,-41.6561,0.6991,95.317,100.013,staircase3,no_load
1.741494,-35.4309,-40.0781,-40.7367,0.6586,86.455,91.940,staircase3,no_load
1.751732,-35.4309,-39.2871,-39.9108,0.6237,77.261,82.590,staircase3,no_load
1.76205,-35.4309,-38.6719,-39.1818,0.5099,59.624,72.899,staircase3,no_load
1.772351,-35.4309,-38.1445,-38.5472,0.4027,51.199,63.459,staircase3,no_load
1.78264,-35.4309,-37.7930,-38.0010,0.2080,34.163,54.624,staircase3,no_load
1.793018,-35.4309,-37.4414,-37.5351,0.0937,33.879,46.581,staircase3,no_load
1.803385,-35.4309,-37.1777,-37.1411,-0.0366,25.436,39.410,staircase3,no_load
1.813931,-35.4309,-37.0020,-36.8099,-0.1921,16.66,33.116,staircase3,no_load
1.824439,-35.4309,-36.7383,-36.5333,-0.2050,25.095,27.662,staircase3,no_load
1.835403,-35.4309,-36.5625,-36.2038,-0.3587,16.034,21.965,staircase3,no_load
1.846501,-35.4309,-36.3867,-36.0312,-0.3555,15.841,17.262,staircase3,no_load
1.85703,-35.4309,-36.2109,-35.8893,-0.3216,16.697,14.190,staircase3,no_load
1.8675,-35.4309,-36.1230,-35.7730,-0.3500,8.395,11.623,staircase3,no_load
1.877879,-35.4309,-36.0352,-35.6782,-0.3570,8.459,9.488,staircase3,no_load
1.88817,-35.4309,-35.9473,-35.6009,-0.3464,8.541,7.722,staircase3,no_load
1.898626,-35.4309,-35.9473,-35.5383,-0.4090,0.0,6.267,staircase3,no_load
1.909368,-35.4309,-35.8594,-35.4876,-0.3718,8.183,5.072,staircase3,no_load
1.919723,-35.4309,-35.7715,-35.4466,-0.3249,8.489,4.095,staircase3,no_load
1.930112,-35.4309,-35.6836,-35.3996,-0.2840,8.461,3.131,staircase3,no_load
1.940694,-35.4309,-35.6836,-35.3759,-0.3077,0.0,2.375,staircase3,no_load
1.951399,-35.4309,-35.6836,-35.3569,-0.3267,0.0,1.903,staircase3,no_load
1.961872,-35.4309,-35.6836,-35.3416,-0.3420,0.0,1.521,staircase3,no_load
1.972764,-35.4309,-35.5957,-35.3295,-0.2662,8.07,1.214,staircase3,no_load
1.983432,-35.4309,-35.5957,-35.3198,-0.2759,0.0,0.967,staircase3,no_load
1.994559,-35.4309,-35.5957,-35.3121,-0.2836,0.0,0.769,staircase3,no_load
2.005197,-35.4309,-35.5957,-35.3035,-0.2922,0.0,0.578,staircase3,no_load
2.016221,-35.4309,-35.5957,-35.2992,-0.2965,0.0,0.430,staircase3,no_load
2.026778,-35.4309,-35.5957,-35.2958,-0.2999,0.0,0.340,staircase3,no_load
2.037327,-35.4309,-35.5957,-35.2931,-0.3026,0.0,0.268,staircase3,no_load
2.047734,-35.4309,-35.5957,-35.2910,-0.3047,0.0,0.212,staircase3,no_load
2.057994,-35.4309,-35.5957,-35.2893,-0.3064,0.0,0.166,staircase3,no_load
2.068259,-35.4309,-35.5957,-35.2880,-0.3077,0.0,0.132,staircase3,no_load
2.0786,-35.4309,-35.5957,-35.2868,-0.3089,0.0,0.116,staircase3,no_load
2.088885,-35.4309,-35.5957,-35.2857,-0.3100,0.0,0.109,staircase3,no_load
2.099845,-35.4309,-35.5957,-35.2847,-0.3110,0.0,0.106,staircase3,no_load
2.11088,-35.4309,-35.5957,-35.2831,-0.3126,0.0,0.105,staircase3,no_load
2.121643,-35.4309,-35.5957,-35.2821,-0.3136,0.0,0.103,staircase3,no_load
2.131869,-35.4309,-35.5957,-35.2810,-0.3147,0.0,0.103,staircase3,no_load
2.142045,-35.4309,-35.5957,-35.2800,-0.3157,0.0,0.102,staircase3,no_load
2.152526,-35.4309,-35.5957,-35.2790,-0.3167,0.0,0.101,staircase3,no_load
2.162686,-35.4309,-35.5957,-35.2780,-0.3177,0.0,0.101,staircase3,no_load
2.17316,-35.4309,-35.5957,-35.2770,-0.3187,0.0,0.100,staircase3,no_load
2.183391,-35.4309,-35.5957,-35.2760,-0.3197,0.0,0.099,staircase3,no_load
2.194559,-35.4309,-35.5957,-35.2750,-0.3207,0.0,0.098,staircase3,no_load
2.204836,-35.4309,-35.5957,-35.2740,-0.3217,0.0,0.098,staircase3,no_load
2.215294,-35.4309,-35.5957,-35.2726,-0.3231,0.0,0.097,staircase3,no_load
2.225442,-35.4309,-35.5957,-35.2716,-0.3241,0.0,0.096,staircase3,no_load
2.236301,-35.4309,-35.5957,-35.2707,-0.3250,0.0,0.095,staircase3,no_load
2.246566,-35.4309,-35.5957,-35.2697,-0.3260,0.0,0.095,staircase3,no_load
2.256895,-35.4309,-35.5957,-35.2688,-0.3269,0.0,0.094,staircase3,no_load
2.267402,-35.4309,-35.5957,-35.2679,-0.3278,0.0,0.094,staircase3,no_load
2.277627,-35.4309,-35.5957,-35.2669,-0.3288,0.0,0.093,staircase3,no_load
2.287809,-35.4309,-35.5957,-35.2660,-0.3297,0.0,0.092,staircase3,no_load
2.298013,-35.4309,-35.5957,-35.2651,-0.3306,0.0,0.092,staircase3,no_load
2.308263,-35.4309,-35.5957,-35.2642,-0.3315,0.0,0.091,staircase3,no_load
2.319187,-35.4309,-35.5957,-35.2633,-0.3324,0.0,0.090,staircase3,no_load
2.329371,-35.4309,-35.5957,-35.2624,-0.3333,0.0,0.090,staircase3,no_load
2.339578,-35.4309,-35.5957,-35.2615,-0.3342,0.0,0.089,staircase3,no_load
2.350057,-35.4309,-35.5957,-35.2602,-0.3355,0.0,0.088,staircase3,no_load
2.360329,-35.4309,-35.5957,-35.2593,-0.3364,0.0,0.088,staircase3,no_load
2.370545,-35.4309,-35.5957,-35.2584,-0.3373,0.0,0.087,staircase3,no_load
2.380823,-35.4309,-35.5957,-35.2575,-0.3382,0.0,0.086,staircase3,no_load
2.391007,-35.4309,-35.5957,-35.2567,-0.3390,0.0,0.086,staircase3,no_load
2.402214,-35.4309,-35.5957,-35.2558,-0.3399,0.0,0.085,staircase3,no_load
2.412888,-35.4309,-35.5957,-35.2550,-0.3407,0.0,0.085,staircase3,no_load
2.423218,-35.4309,-35.5957,-35.2542,-0.3415,0.0,0.084,staircase3,no_load
2.43349,-35.4309,-35.5957,-35.2533,-0.3424,0.0,0.083,staircase3,no_load
2.444071,-35.4309,-35.5957,-35.2525,-0.3432,0.0,0.083,staircase3,no_load
2.454651,-35.4309,-35.5957,-35.2517,-0.3440,0.0,0.082,staircase3,no_load
2.465049,-35.4309,-35.5957,-35.2504,-0.3453,0.0,0.082,staircase3,no_load
2.475852,-35.4309,-35.5957,-35.2496,-0.3461,0.0,0.081,staircase3,no_load
2.48629,-35.4309,-35.5957,-35.2488,-0.3469,0.0,0.080,staircase3,no_load
2.497008,-35.4309,-35.5957,-35.2480,-0.3477,0.0,0.080,staircase3,no_load
2.507376,-35.4309,-35.5957,-35.2472,-0.3485,0.0,0.079,staircase3,no_load
2.517933,-35.4309,-35.5957,-35.2465,-0.3492,0.0,0.079,staircase3,no_load
2.528466,-35.4309,-35.5957,-35.2457,-0.3500,0.0,0.078,staircase3,no_load
2.539317,-35.4309,-35.5957,-35.2449,-0.3508,0.0,0.078,staircase3,no_load
2.54996,-35.4309,-35.5957,-35.2441,-0.3516,0.0,0.077,staircase3,no_load
2.560357,-35.4309,-35.5957,-35.2430,-0.3527,0.0,0.076,staircase3,no_load
2.571036,-35.4309,-35.5957,-35.2422,-0.3535,0.0,0.076,staircase3,no_load
2.581954,-35.4309,-35.5957,-35.2415,-0.3542,0.0,0.075,staircase3,no_load
2.592238,-35.4309,-35.5957,-35.2407,-0.3550,0.0,0.075,staircase3,no_load
2.602667,-35.4309,-35.5957,-35.2400,-0.3557,0.0,0.074,staircase3,no_load
2.613073,-35.4309,-35.5957,-35.2393,-0.3564,0.0,0.074,staircase3,no_load
2.623381,-35.4309,-35.5957,-35.2385,-0.3572,0.0,0.073,staircase3,no_load
2.633977,-35.4309,-35.5957,-35.2378,-0.3579,0.0,0.073,staircase3,no_load
2.644918,-35.4309,-35.5957,-35.2371,-0.3586,0.0,0.072,staircase3,no_load
2.655288,-35.4309,-35.5957,-35.2360,-0.3597,0.0,0.071,staircase3,no_load
2.665862,-35.4309,-35.5957,-35.2353,-0.3604,0.0,0.071,staircase3,no_load
2.676108,-35.4309,-35.5957,-35.2346,-0.3611,0.0,0.070,staircase3,no_load
2.686757,-35.4309,-35.5957,-35.2339,-0.3618,0.0,0.070,staircase3,no_load
2.69708,-35.4309,-35.5957,-35.2332,-0.3625,0.0,0.069,staircase3,no_load
2.707217,-35.4309,-35.5957,-35.2325,-0.3632,0.0,0.069,staircase3,no_load
2.717891,-35.4309,-35.5957,-35.2318,-0.3639,0.0,0.068,staircase3,no_load
2.728151,-35.4309,-35.5957,-35.2311,-0.3646,0.0,0.068,staircase3,no_load
2.738967,-35.4309,-35.5957,-35.2305,-0.3652,0.0,0.067,staircase3,no_load
2.749155,-35.4309,-35.5957,-35.2298,-0.3659,0.0,0.067,staircase3,no_load
2.760273,-35.4309,-35.5957,-35.2288,-0.3669,0.0,0.066,staircase3,no_load
2.77132,-35.4309,-35.5957,-35.2281,-0.3676,0.0,0.066,staircase3,no_load
2.781448,-35.4309,-35.5957,-35.2275,-0.3682,0.0,0.065,staircase3,no_load
2.791849,-35.4309,-35.5957,-35.2268,-0.3689,0.0,0.065,staircase3,no_load
2.8021,-35.4309,-35.5957,-35.2262,-0.3695,0.0,0.064,staircase3,no_load
2.812537,-35.4309,-35.5957,-35.2256,-0.3701,0.0,0.064,staircase3,no_load
2.822835,-35.4309,-35.5957,-35.2249,-0.3708,0.0,0.064,staircase3,no_load
2.833369,-35.4309,-35.5957,-35.2243,-0.3714,0.0,0.063,staircase3,no_load
2.844338,-35.4309,-35.5957,-35.2237,-0.3720,0.0,0.063,staircase3,no_load
2.854835,-35.4309,-35.5957,-35.2230,-0.3727,0.0,0.062,staircase3,no_load
2.865429,-35.4309,-35.5957,-35.2221,-0.3736,0.0,0.062,staircase3,no_load
2.875583,-35.4309,-35.5957,-35.2215,-0.3742,0.0,0.061,staircase3,no_load
2.886246,-35.4309,-35.5957,-35.2209,-0.3748,0.0,0.061,staircase3,no_load
2.89644,-35.4309,-35.5957,-35.2203,-0.3754,0.0,0.060,staircase3,no_load
2.907154,-35.4309,-35.5957,-35.2197,-0.3760,0.0,0.060,staircase3,no_load
2.917822,-35.4309,-35.5957,-35.2191,-0.3766,0.0,0.060,staircase3,no_load
2.92836,-35.4309,-35.5957,-35.2185,-0.3772,0.0,0.059,staircase3,no_load
2.939271,-35.4309,-35.5957,-35.2179,-0.3778,0.0,0.059,staircase3,no_load
2.949994,-35.4309,-35.5957,-35.2173,-0.3784,0.0,0.058,staircase3,no_load
2.960715,-35.4309,-35.5957,-35.2165,-0.3792,0.0,0.058,staircase3,no_load
2.970954,-35.4309,-35.5957,-35.2159,-0.3798,0.0,0.057,staircase3,no_load
2.981538,-35.4309,-35.5957,-35.2153,-0.3804,0.0,0.057,staircase3,no_load
2.992339,-35.4309,-35.5957,-35.2148,-0.3809,0.0,0.057,staircase3,no_load
3.002888,-35.4309,-35.5957,-35.2142,-0.3815,0.0,0.056,staircase3,no_load
3.013349,-35.4309,-35.5957,-35.2136,-0.3821,0.0,0.056,staircase3,no_load
3.023507,-35.4309,-35.5957,-35.2131,-0.3826,0.0,0.055,staircase3,no_load
3.033813,-35.4309,-35.5957,-35.2125,-0.3832,0.0,0.055,staircase3,no_load
3.043993,-35.4309,-35.5957,-35.2120,-0.3837,0.0,0.055,staircase3,no_load
3.05432,-35.4309,-35.5957,-35.2115,-0.3842,0.0,0.054,staircase3,no_load
3.064938,-35.4309,-35.5957,-35.2109,-0.3848,0.0,0.054,staircase3,no_load
3.075346,-35.4309,-35.5957,-35.2101,-0.3856,0.0,0.053,staircase3,no_load
3.085574,-35.4309,-35.5957,-35.2096,-0.3861,0.0,0.053,staircase3,no_load
3.095915,-35.4309,-35.5957,-35.2091,-0.3866,0.0,0.053,staircase3,no_load
3.106774,-35.4309,-35.5957,-35.2085,-0.3872,0.0,0.052,staircase3,no_load
3.117329,-35.4309,-35.5957,-35.2080,-0.3877,0.0,0.052,staircase3,no_load
3.128029,-35.4309,-35.5957,-35.2075,-0.3882,0.0,0.051,staircase3,no_load
3.138239,-35.4309,-35.5957,-35.2070,-0.3887,0.0,0.051,staircase3,no_load
3.148453,-35.4309,-35.5957,-35.2065,-0.3892,0.0,0.051,staircase3,no_load
3.159294,-35.4309,-35.5957,-35.2060,-0.3897,0.0,0.050,staircase3,no_load
3.169587,-35.4309,-35.5957,-35.2055,-0.3902,0.0,0.050,staircase3,no_load
3.18017,-35.4309,-35.5957,-35.2047,-0.3910,0.0,0.050,staircase3,no_load
3.190979,-35.4309,-35.5957,-35.2042,-0.3915,0.0,0.049,staircase3,no_load
3.201897,-35.4309,-35.5957,-35.2038,-0.3919,0.0,0.049,staircase3,no_load
3.213017,-23.6206,-35.5957,-35.2033,-0.3924,0.0,0.048,staircase3,no_load
3.223619,-23.6206,-35.5957,-35.2028,-0.3929,0.0,0.048,staircase3,no_load
3.234073,-23.6206,-35.5957,-35.2023,-0.3934,0.0,0.048,staircase3,no_load
3.244632,-23.6206,-35.5957,-35.2018,-0.3939,0.0,0.047,staircase3,no_load
3.255323,-23.6206,-35.5078,-35.2011,-0.3067,8.222,0.047,staircase3,no_load
3.265769,-23.6206,-35.2441,-35.2007,-0.0434,25.244,0.047,staircase3,no_load
3.275916,-23.6206,-34.8047,-35.2002,0.3955,43.303,0.046,staircase3,no_load
3.28623,-23.6206,-34.1895,-34.8111,0.6216,59.647,38.909,staircase3,no_load
3.296416,-23.6206,-33.4863,-34.0127,0.5264,69.036,79.844,staircase3,no_load
3.306899,-23.6206,-32.4316,-33.0165,0.5849,100.611,99.613,staircase3,no_load
3.317134,-23.6206,-31.4648,-31.9462,0.4814,94.46,107.034,staircase3,no_load
3.327342,-23.6206,-30.4102,-30.8813,0.4711,103.311,106.495,staircase3,no_load
3.337504,-23.6206,-29.4434,-29.8704,0.4270,95.139,101.085,staircase3,no_load
3.347748,-23.6206,-28.4766,-28.9411,0.4645,94.377,92.934,staircase3,no_load
3.35798,-23.6206,-27.7734,-28.1062,0.3328,68.726,83.485,staircase3,no_load
3.368216,-23.6206,-26.9824,-27.3694,0.3870,77.276,73.686,staircase3,no_load
3.378624,-23.6206,-26.5430,-26.7280,0.1850,42.218,64.138,staircase3,no_load
3.388863,-23.6206,-26.1035,-26.1760,0.0725,42.924,55.200,staircase3,no_load
3.399118,-23.6206,-25.7520,-25.7053,-0.0467,34.276,47.064,staircase3,no_load
3.409596,-23.6206,-25.4883,-25.3072,-0.1811,25.167,39.810,staircase3,no_load
3.419705,-23.6206,-25.2246,-24.9728,-0.2518,26.086,33.444,staircase3,no_load
3.429935,-23.6206,-24.9609,-24.6935,-0.2674,25.777,27.928,staircase3,no_load
3.440618,-23.6206,-24.7852,-24.3610,-0.4242,16.447,22.167,staircase3,no_load
3.450804,-23.6206,-24.6094,-24.1869,-0.4225,17.259,17.413,staircase3,no_load
3.461079,-23.6206,-24.5215,-24.0438,-0.4777,8.555,14.308,staircase3,no_load
3.472029,-23.6206,-24.4336,-23.9267,-0.5069,8.027,11.714,staircase3,no_load
3.482632,-23.6206,-24.2578,-23.8311,-0.4267,16.58,9.558,staircase3,no_load
3.493257,-23.6206,-24.1699,-23.7533,-0.4166,8.273,7.775,staircase3,no_load
3.503917,-23.6206,-24.0820,-23.6903,-0.3917,8.246,6.307,staircase3,no_load
3.514494,-23.6206,-24.0820,-23.6392,-0.4428,0.0,5.102,staircase3,no_load
3.525007,-23.6206,-24.0820,-23.5806,-0.5014,0.0,3.909,staircase3,no_load
3.536045,-23.6206,-23.9941,-23.5509,-0.4432,7.963,2.970,staircase3,no_load
3.546331,-23.6206,-23.9063,-23.5271,-0.3792,8.536,2.383,staircase3,no_load
3.556695,-23.6206,-23.8184,-23.5080,-0.3104,8.481,1.908,staircase3,no_load
3.567376,-23.6206,-23.8184,-23.4927,-0.3257,0.0,1.524,staircase3,no_load
3.577729,-23.6206,-23.8184,-23.4806,-0.3378,0.0,1.216,staircase3,no_load
3.588015,-23.6206,-23.8184,-23.4709,-0.3475,0.0,0.968,staircase3,no_load
3.598588,-23.6206,-23.7305,-23.4632,-0.2673,8.314,0.769,staircase3,no_load
3.609307,-23.6206,-23.7305,-23.4571,-0.2734,0.0,0.610,staircase3,no_load
3.619921,-23.6206,-23.7305,-23.4523,-0.2782,0.0,0.483,staircase3,no_load
3.630201,-23.6206,-23.7305,-23.4469,-0.2836,0.0,0.361,staircase3,no_load
3.640453,-23.6206,-23.7305,-23.4442,-0.2863,0.0,0.267,staircase3,no_load
3.651279,-23.6206,-23.7305,-23.4421,-0.2884,0.0,0.210,staircase3,no_load
3.662069,-23.6206,-23.7305,-23.4405,-0.2900,0.0,0.165,staircase3,no_load
3.672676,-23.6206,-23.7305,-23.4392,-0.2913,0.0,0.131,staircase3,no_load
3.683148,-23.6206,-23.7305,-23.4380,-0.2925,0.0,0.116,staircase3,no_load
3.693442,-23.6206,-23.7305,-23.4369,-0.2936,0.0,0.109,staircase3,no_load
3.703772,-23.6206,-23.7305,-23.4359,-0.2946,0.0,0.106,staircase3,no_load
3.714093,-23.6206,-23.7305,-23.4348,-0.2957,0.0,0.105,staircase3,no_load
3.724405,-23.6206,-23.7305,-23.4338,-0.2967,0.0,0.104,staircase3,no_load
3.735485,-23.6206,-23.7305,-23.4322,-0.2983,0.0,0.103,staircase3,no_load
3.746107,-23.6206,-23.7305,-23.4312,-0.2993,0.0,0.102,staircase3,no_load
3.75674,-23.6206,-23.7305,-23.4302,-0.3003,0.0,0.101,staircase3,no_load
3.767655,-23.6206,-23.7305,-23.4292,-0.3013,0.0,0.100,staircase3,no_load
3.778764,-23.6206,-23.7305,-23.4282,-0.3023,0.0,0.100,staircase3,no_load
3.789209,-23.6206,-23.7305,-23.4272,-0.3033,0.0,0.099,staircase3,no_load
3.800197,-23.6206,-23.7305,-23.4257,-0.3048,0.0,0.098,staircase3,no_load
3.810789,-23.6206,-23.7305,-23.4248,-0.3057,0.0,0.097,staircase3,no_load
3.821503,-23.6206,-23.7305,-23.4238,-0.3067,0.0,0.097,staircase3,no_load
3.832527,-23.6206,-23.7305,-23.4228,-0.3077,0.0,0.096,staircase3,no_load
3.843026,-23.6206,-23.7305,-23.4219,-0.3086,0.0,0.095,staircase3,no_load
3.853306,-23.6206,-23.7305,-23.4209,-0.3096,0.0,0.095,staircase3,no_load
3.863631,-23.6206,-23.7305,-23.4200,-0.3105,0.0,0.094,staircase3,no_load
3.874178,-23.6206,-23.7305,-23.4190,-0.3115,0.0,0.093,staircase3,no_load
3.884604,-23.6206,-23.7305,-23.4181,-0.3124,0.0,0.093,staircase3,no_load
3.894956,-23.6206,-23.7305,-23.4172,-0.3133,0.0,0.092,staircase3,no_load
3.905566,-23.6206,-23.7305,-23.4158,-0.3147,0.0,0.091,staircase3,no_load
3.916219,-23.6206,-23.7305,-23.4149,-0.3156,0.0,0.091,staircase3,no_load
3.927252,-23.6206,-23.7305,-23.4140,-0.3165,0.0,0.090,staircase3,no_load
3.937965,-23.6206,-23.7305,-23.4131,-0.3174,0.0,0.089,staircase3,no_load
3.948704,-23.6206,-23.7305,-23.4122,-0.3183,0.0,0.089,staircase3,no_load
3.959344,-23.6206,-23.7305,-23.4114,-0.3191,0.0,0.088,staircase3,no_load
3.969888,-23.6206,-23.7305,-23.4105,-0.3200,0.0,0.088,staircase3,no_load
3.980634,-23.6206,-23.7305,-23.4092,-0.3213,0.0,0.087,staircase3,no_load
3.991298,-23.6206,-23.6426,-23.4083,-0.2343,8.243,0.086,staircase3,no_load
4.002335,-23.6206,-23.6426,-23.4075,-0.2351,0.0,0.085,staircase3,no_load
4.012638,-23.6206,-23.6426,-23.4066,-0.2360,0.0,0.085,staircase3,no_load
4.023628,-23.6206,-23.6426,-23.4058,-0.2368,0.0,0.084,staircase3,no_load
4.034203,-23.6206,-23.6426,-23.4049,-0.2377,0.0,0.084,staircase3,no_load
4.04458,-23.6206,-23.6426,-23.4041,-0.2385,0.0,0.083,staircase3,no_load
4.054776,-23.6206,-23.6426,-23.4033,-0.2393,0.0,0.082,staircase3,no_load
4.064953,-23.6206,-23.6426,-23.4025,-0.2401,0.0,0.082,staircase3,no_load
4.075963,-23.6206,-23.6426,-23.4012,-0.2414,0.0,0.081,staircase3,no_load
4.086692,-23.6206,-23.6426,-23.4004,-0.2422,0.0,0.081,staircase3,no_load
4.09764,-23.6206,-23.6426,-23.3996,-0.2430,0.0,0.080,staircase3,no_load
4.108128,-23.6206,-23.6426,-23.3988,-0.2438,0.0,0.079,staircase3,no_load
4.118555,-23.6206,-23.6426,-23.3981,-0.2445,0.0,0.079,staircase3,no_load
4.129501,-23.6206,-23.6426,-23.3973,-0.2453,0.0,0.078,staircase3,no_load
4.14031,-23.6206,-23.6426,-23.3961,-0.2465,0.0,0.078,staircase3,no_load
4.150995,-23.6206,-23.6426,-23.3953,-0.2473,0.0,0.077,staircase3,no_load
4.161969,-23.6206,-23.6426,-23.3946,-0.2480,0.0,0.076,staircase3,no_load
4.172578,-23.6206,-23.6426,-23.3938,-0.2488,0.0,0.076,staircase3,no_load
4.183038,-23.6206,-23.6426,-23.3931,-0.2495,0.0,0.075,staircase3,no_load
4.193318,-23.6206,-23.6426,-23.3923,-0.2503,0.0,0.075,staircase3,no_load
4.203683,-23.6206,-23.6426,-23.3916,-0.2510,0.0,0.074,staircase3,no_load
4.214329,-23.6206,-23.6426,-23.3908,-0.2518,0.0,0.074,staircase3,no_load
4.225495,-23.6206,-23.6426,-23.3897,-0.2529,0.0,0.073,staircase3,no_load
4.23601,-23.6206,-23.6426,-23.3890,-0.2536,0.0,0.073,staircase3,no_load
4.246444,-23.6206,-23.6426,-23.3883,-0.2543,0.0,0.072,staircase3,no_load
4.257312,-23.6206,-23.6426,-23.3876,-0.2550,0.0,0.072,staircase3,no_load
4.26763,-23.6206,-23.6426,-23.3869,-0.2557,0.0,0.071,staircase3,no_load
4.278225,-23.6206,-23.6426,-23.3862,-0.2564,0.0,0.071,staircase3,no_load
4.28861,-23.6206,-23.6426,-23.3855,-0.2571,0.0,0.070,staircase3,no_load
4.299676,-23.6206,-23.6426,-23.3848,-0.2578,0.0,0.070,staircase3,no_load
4.31039,-23.6206,-23.6426,-23.3837,-0.2589,0.0,0.069,staircase3,no_load
4.320777,-23.6206,-23.6426,-23.3830,-0.2596,0.0,0.068,staircase3,no_load
4.331099,-23.6206,-23.6426,-23.3824,-0.2602,0.0,0.068,staircase3,no_load
4.341213,-23.6206,-23.6426,-23.3817,-0.2609,0.0,0.067,staircase3,no_load
4.351954,-23.6206,-23.6426,-23.3810,-0.2616,0.0,0.067,staircase3,no_load
4.362484,-23.6206,-23.6426,-23.3804,-0.2622,0.0,0.066,staircase3,no_load
4.37263,-23.6206,-23.6426,-23.3797,-0.2629,0.0,0.066,staircase3,no_load
4.383086,-23.6206,-23.6426,-23.3790,-0.2636,0.0,0.066,staircase3,no_load
4.393351,-23.6206,-23.6426,-23.3784,-0.2642,0.0,0.065,staircase3,no_load
4.404203,-23.6206,-23.6426,-23.3777,-0.2649,0.0,0.065,staircase3,no_load
4.41458,-23.6206,-23.6426,-23.3771,-0.2655,0.0,0.064,staircase3,no_load
4.424925,-23.6206,-23.6426,-23.3765,-0.2661,0.0,0.064,staircase3,no_load
4.435292,-23.6206,-23.6426,-23.3755,-0.2671,0.0,0.063,staircase3,no_load
4.445977,-23.6206,-23.6426,-23.3749,-0.2677,0.0,0.063,staircase3,no_load
4.456425,-23.6206,-23.6426,-23.3743,-0.2683,0.0,0.062,staircase3,no_load
4.467029,-23.6206,-23.6426,-23.3737,-0.2689,0.0,0.062,staircase3,no_load
4.477582,-23.6206,-23.6426,-23.3730,-0.2696,0.0,0.061,staircase3,no_load
4.48825,-23.6206,-23.6426,-23.3724,-0.2702,0.0,0.061,staircase3,no_load
4.498942,-23.6206,-23.6426,-23.3718,-0.2708,0.0,0.061,staircase3,no_load
4.509661,-23.6206,-23.6426,-23.3712,-0.2714,0.0,0.060,staircase3,no_load
4.519936,-23.6206,-23.6426,-23.3706,-0.2720,0.0,0.060,staircase3,no_load
4.530093,-23.6206,-23.6426,-23.3697,-0.2729,0.0,0.059,staircase3,no_load
4.5403,-23.6206,-23.6426,-23.3692,-0.2734,0.0,0.059,staircase3,no_load
4.550928,-23.6206,-23.6426,-23.3686,-0.2740,0.0,0.058,staircase3,no_load
4.561525,-23.6206,-23.6426,-23.3680,-0.2746,0.0,0.058,staircase3,no_load
4.571876,-23.6206,-23.6426,-23.3674,-0.2752,0.0,0.057,staircase3,no_load
4.582547,-23.6206,-23.6426,-23.3668,-0.2758,0.0,0.057,staircase3,no_load
4.593014,-23.6206,-23.6426,-23.3663,-0.2763,0.0,0.057,staircase3,no_load
4.603627,-23.6206,-23.6426,-23.3657,-0.2769,0.0,0.056,staircase3,no_load
4.614008,-23.6206,-23.6426,-23.3652,-0.2774,0.0,0.056,staircase3,no_load
4.624566,-23.6206,-23.6426,-23.3646,-0.2780,0.0,0.055,staircase3,no_load
4.635169,-23.6206,-23.6426,-23.3638,-0.2788,0.0,0.055,staircase3,no_load
4.645639,-23.6206,-23.6426,-23.3632,-0.2794,0.0,0.055,staircase3,no_load
4.656199,-23.6206,-23.6426,-23.3627,-0.2799,0.0,0.054,staircase3,no_load
4.666575,-23.6206,-23.6426,-23.3622,-0.2804,0.0,0.054,staircase3,no_load
4.676867,-23.6206,-23.6426,-23.3616,-0.2810,0.0,0.053,staircase3,no_load
4.687531,-23.6206,-23.6426,-23.3611,-0.2815,0.0,0.053,staircase3,no_load
4.697875,-23.6206,-23.6426,-23.3606,-0.2820,0.0,0.053,staircase3,no_load
4.708457,-23.6206,-23.6426,-23.3600,-0.2826,0.0,0.052,staircase3,no_load
4.71959,-23.6206,-23.6426,-23.3595,-0.2831,0.0,0.052,staircase3,no_load
4.730254,-23.6206,-23.6426,-23.3588,-0.2838,0.0,0.051,staircase3,no_load
4.741055,-23.6206,-23.6426,-23.3582,-0.2844,0.0,0.051,staircase3,no_load
4.751602,-23.6206,-23.6426,-23.3577,-0.2849,0.0,0.051,staircase3,no_load
4.761777,-23.6206,-23.6426,-23.3572,-0.2854,0.0,0.050,staircase3,no_load
4.772565,-23.6206,-23.6426,-23.3567,-0.2859,0.0,0.050,staircase3,no_load
4.783301,-23.6206,-23.6426,-23.3562,-0.2864,0.0,0.050,staircase3,no_load
4.793419,-23.6206,-23.6426,-23.3557,-0.2869,0.0,0.049,staircase3,no_load
4.803858,-23.6206,-23.6426,-23.3553,-0.2873,0.0,0.049,staircase3,no_load
4.815313,-11.8103,-23.6426,-23.3545,-0.2881,0.0,0.049,staircase3,no_load
4.826038,-11.8103,-23.6426,-23.3540,-0.2886,0.0,0.048,staircase3,no_load
4.837047,-11.8103,-23.6426,-23.3536,-0.2890,0.0,0.048,staircase3,no_load
4.847759,-11.8103,-23.6426,-23.3531,-0.2895,0.0,0.047,staircase3,no_load
4.858391,-11.8103,-23.5547,-23.3526,-0.2021,8.267,0.047,staircase3,no_load
4.869065,-11.8103,-23.2910,-23.3522,0.0612,24.705,0.047,staircase3,no_load
4.879742,-11.8103,-22.7637,-23.3517,0.5880,49.387,0.046,staircase3,no_load
4.890381,-11.8103,-22.1484,-22.9606,0.8122,57.834,26.072,staircase3,no_load
4.901057,-11.8103,-21.3574,-22.1593,0.8019,74.091,80.129,staircase3,no_load
4.911514,-11.8103,-20.3027,-21.1617,0.8590,100.861,99.758,staircase3,no_load
4.922056,-11.8103,-19.3359,-20.0909,0.7550,91.709,107.081,staircase3,no_load
4.932385,-11.8103,-18.2813,-19.0262,0.7449,102.101,106.474,staircase3,no_load
4.943443,-11.8103,-17.2266,-18.0160,0.7894,95.379,101.017,staircase3,no_load
4.953608,-11.8103,-16.3477,-17.0877,0.7400,86.463,92.835,staircase3,no_load
4.963784,-11.8103,-15.6445,-16.2540,0.6095,69.104,83.366,staircase3,no_load
4.974455,-11.8103,-14.9414,-15.5185,0.5771,65.889,73.555,staircase3,no_load
4.98501,-11.8103,-14.4141,-14.5924,0.1783,49.957,61.737,staircase3,no_load
4.995594,-11.8103,-13.9746,-14.0835,0.1089,41.525,50.890,staircase3,no_load
5.006269,-11.8103,-13.7109,-13.6516,-0.0593,24.703,43.195,staircase3,no_load
5.016962,-11.8103,-13.4473,-13.2876,-0.1597,24.652,36.393,staircase3,no_load
5.027422,-11.8103,-13.1836,-12.9830,-0.2006,25.21,30.466,staircase3,no_load
5.03813,-11.8103,-13.0078,-12.7294,-0.2784,16.418,25.362,staircase3,no_load
5.048524,-11.8103,-12.8320,-12.5193,-0.3127,16.914,21.007,staircase3,no_load
5.059147,-11.8103,-12.6562,-12.3461,-0.3101,16.549,17.322,staircase3,no_load
5.069308,-11.8103,-12.4805,-12.2038,-0.2767,17.292,14.227,staircase3,no_load
5.079813,-11.8103,-12.3926,-12.0874,-0.3052,8.367,11.641,staircase3,no_load
5.090714,-11.8103,-12.3047,-11.9519,-0.3528,8.063,9.035,staircase3,no_load
5.101212,-11.8103,-12.2168,-11.8824,-0.3344,8.373,6.951,staircase3,no_load
5.111701,-11.8103,-12.1289,-11.8261,-0.3028,8.38,5.626,staircase3,no_load
5.12283,-11.8103,-12.1289,-11.7807,-0.3482,0.0,4.542,staircase3,no_load
5.133315,-11.8103,-12.1289,-11.7441,-0.3848,0.0,3.658,staircase3,no_load
5.1436,-11.8103,-12.1289,-11.7147,-0.4142,0.0,2.939,staircase3,no_load
5.153924,-11.8103,-12.1289,-11.6911,-0.4378,0.0,2.356,staircase3,no_load
5.164113,-11.8103,-12.1289,-11.6723,-0.4566,0.0,1.885,staircase3,no_load
5.174705,-11.8103,-12.1289,-11.6572,-0.4717,0.0,1.505,staircase3,no_load
5.185458,-11.8103,-12.1289,-11.6402,-0.4887,0.0,1.135,staircase3,no_load
5.195739,-11.8103,-12.1289,-11.6317,-0.4972,0.0,0.849,staircase3,no_load
5.206012,-11.8103,-12.1289,-11.6250,-0.5039,0.0,0.673,staircase3,no_load
5.217046,-11.8103,-12.1289,-11.6197,-0.5092,0.0,0.533,staircase3,no_load
5.227275,-11.8103,-12.1289,-11.6155,-0.5134,0.0,0.421,staircase3,no_load
5.238207,-11.8103,-12.1289,-11.6121,-0.5168,0.0,0.332,staircase3,no_load
5.248758,-11.8103,-12.0410,-11.6095,-0.4315,8.331,0.261,staircase3,no_load
5.259161,-11.8103,-11.9531,-11.6075,-0.3456,8.449,0.205,staircase3,no_load
5.269534,-11.8103,-11.9531,-11.6059,-0.3472,0.0,0.161,staircase3,no_load
5.279805,-11.8103,-11.9531,-11.6046,-0.3485,0.0,0.129,staircase3,no_load
5.290407,-11.8103,-11.9531,-11.6029,-0.3502,0.0,0.113,staircase3,no_load
5.300741,-11.8103,-11.8652,-11.6018,-0.2634,8.506,0.107,staircase3,no_load
5.311691,-11.8103,-11.8652,-11.6007,-0.2645,0.0,0.105,staircase3,no_load
5.322417,-11.8103,-11.8652,-11.5997,-0.2655,0.0,0.104,staircase3,no_load
5.333494,-11.8103,-11.8652,-11.5987,-0.2665,0.0,0.103,staircase3,no_load
5.343731,-11.8103,-11.8652,-11.5976,-0.2676,0.0,0.103,staircase3,no_load
5.354418,-11.8103,-11.8652,-11.5966,-0.2686,0.0,0.102,staircase3,no_load
5.36533,-11.8103,-11.8652,-11.5951,-0.2701,0.0,0.101,staircase3,no_load
5.376213,-11.8103,-11.8652,-11.5941,-0.2711,0.0,0.100,staircase3,no_load
5.386958,-11.8103,-11.8652,-11.5931,-0.2721,0.0,0.099,staircase3,no_load
5.397485,-11.8103,-11.8652,-11.5921,-0.2731,0.0,0.099,staircase3,no_load
5.408098,-11.8103,-11.8652,-11.5912,-0.2740,0.0,0.098,staircase3,no_load
5.418296,-11.8103,-11.8652,-11.5902,-0.2750,0.0,0.097,staircase3,no_load
5.428792,-11.8103,-11.8652,-11.5892,-0.2760,0.0,0.097,staircase3,no_load
5.439423,-11.8103,-11.8652,-11.5883,-0.2769,0.0,0.096,staircase3,no_load
5.449914,-11.8103,-11.8652,-11.5873,-0.2779,0.0,0.095,staircase3,no_load
5.460096,-11.8103,-11.8652,-11.5859,-0.2793,0.0,0.095,staircase3,no_load
5.471223,-11.8103,-11.8652,-11.5849,-0.2803,0.0,0.094,staircase3,no_load
5.481492,-11.8103,-11.8652,-11.5840,-0.2812,0.0,0.093,staircase3,no_load
5.492613,-11.8103,-11.8652,-11.5831,-0.2821,0.0,0.092,staircase3,no_load
5.5029,-11.8103,-11.8652,-11.5822,-0.2830,0.0,0.092,staircase3,no_load
5.513503,-11.8103,-11.8652,-11.5813,-0.2839,0.0,0.091,staircase3,no_load
5.52368,-11.8103,-11.8652,-11.5804,-0.2848,0.0,0.090,staircase3,no_load
5.53389,-11.8103,-11.8652,-11.5795,-0.2857,0.0,0.090,staircase3,no_load
5.544901,-11.8103,-11.8652,-11.5786,-0.2866,0.0,0.089,staircase3,no_load
5.555264,-11.8103,-11.8652,-11.5772,-0.2880,0.0,0.088,staircase3,no_load
5.565837,-11.8103,-11.8652,-11.5764,-0.2888,0.0,0.088,staircase3,no_load
5.576509,-11.8103,-11.8652,-11.5755,-0.2897,0.0,0.087,staircase3,no_load
5.587233,-11.8103,-11.8652,-11.5746,-0.2906,0.0,0.087,staircase3,no_load
5.597684,-11.8103,-11.8652,-11.5738,-0.2914,0.0,0.086,staircase3,no_load
5.607847,-11.8103,-11.8652,-11.5729,-0.2923,0.0,0.085,staircase3,no_load
5.61832,-11.8103,-11.8652,-11.5721,-0.2931,0.0,0.085,staircase3,no_load
5.628859,-11.8103,-11.8652,-11.5712,-0.2940,0.0,0.084,staircase3,no_load
5.639403,-11.8103,-11.8652,-11.5704,-0.2948,0.0,0.084,staircase3,no_load
5.650021,-11.8103,-11.8652,-11.5692,-0.2960,0.0,0.083,staircase3,no_load
5.660426,-11.8103,-11.8652,-11.5683,-0.2969,0.0,0.082,staircase3,no_load
5.670692,-11.8103,-11.8652,-11.5675,-0.2977,0.0,0.082,staircase3,no_load
5.680802,-11.8103,-11.8652,-11.5667,-0.2985,0.0,0.081,staircase3,no_load
5.691693,-11.8103,-11.8652,-11.5659,-0.2993,0.0,0.080,staircase3,no_load
5.702005,-11.8103,-11.8652,-11.5651,-0.3001,0.0,0.080,staircase3,no_load
5.712671,-11.8103,-11.8652,-11.5643,-0.3009,0.0,0.079,staircase3,no_load
5.72294,-11.8103,-11.8652,-11.5635,-0.3017,0.0,0.079,staircase3,no_load
5.733195,-11.8103,-11.8652,-11.5627,-0.3025,0.0,0.078,staircase3,no_load
5.744589,-11.8103,-11.8652,-11.5620,-0.3032,0.0,0.078,staircase3,no_load
5.75467,-11.8103,-11.8652,-11.5612,-0.3040,0.0,0.077,staircase3,no_load
5.764866,-11.8103,-11.8652,-11.5604,-0.3048,0.0,0.077,staircase3,no_load
5.775708,-11.8103,-11.8652,-11.5593,-0.3059,0.0,0.076,staircase3,no_load
5.786003,-11.8103,-11.8652,-11.5585,-0.3067,0.0,0.075,staircase3,no_load
5.796319,-11.8103,-11.8652,-11.5578,-0.3074,0.0,0.075,staircase3,no_load
5.806616,-11.8103,-11.8652,-11.5570,-0.3082,0.0,0.074,staircase3,no_load
5.817218,-11.8103,-11.8652,-11.5563,-0.3089,0.0,0.074,staircase3,no_load
5.827712,-11.8103,-11.8652,-11.5556,-0.3096,0.0,0.073,staircase3,no_load
5.837924,-11.8103,-11.8652,-11.5548,-0.3104,0.0,0.073,staircase3,no_load
5.848354,-11.8103,-11.8652,-11.5541,-0.3111,0.0,0.072,staircase3,no_load
5.858639,-11.8103,-11.8652,-11.5534,-0.3118,0.0,0.072,staircase3,no_load
5.868886,-11.8103,-11.8652,-11.5527,-0.3125,0.0,0.071,staircase3,no_load
5.8796,-11.8103,-11.8652,-11.5520,-0.3132,0.0,0.071,staircase3,no_load
5.889912,-11.8103,-11.8652,-11.5513,-0.3139,0.0,0.070,staircase3,no_load
5.900223,-11.8103,-11.8652,-11.5502,-0.3150,0.0,0.070,staircase3,no_load
5.910422,-11.8103,-11.8652,-11.5496,-0.3156,0.0,0.069,staircase3,no_load
5.920794,-11.8103,-11.8652,-11.5489,-0.3163,0.0,0.068,staircase3,no_load
5.930991,-11.8103,-11.8652,-11.5482,-0.3170,0.0,0.068,staircase3,no_load
5.941669,-11.8103,-11.8652,-11.5475,-0.3177,0.0,0.068,staircase3,no_load
5.95198,-11.8103,-11.8652,-11.5468,-0.3184,0.0,0.067,staircase3,no_load
5.962582,-11.8103,-11.8652,-11.5462,-0.3190,0.0,0.067,staircase3,no_load
5.972786,-11.8103,-11.8652,-11.5455,-0.3197,0.0,0.066,staircase3,no_load
5.982875,-11.8103,-11.8652,-11.5449,-0.3203,0.0,0.066,staircase3,no_load
5.9931,-11.8103,-11.8652,-11.5442,-0.3210,0.0,0.065,staircase3,no_load
6.003609,-11.8103,-11.8652,-11.5436,-0.3216,0.0,0.065,staircase3,no_load
6.014255,-11.8103,-11.8652,-11.5429,-0.3223,0.0,0.064,staircase3,no_load
6.024484,-11.8103,-11.8652,-11.5423,-0.3229,0.0,0.064,staircase3,no_load
6.035219,-11.8103,-11.8652,-11.5413,-0.3239,0.0,0.063,staircase3,no_load
6.045891,-11.8103,-11.8652,-11.5407,-0.3245,0.0,0.063,staircase3,no_load
6.057033,-11.8103,-11.8652,-11.5401,-0.3251,0.0,0.062,staircase3,no_load
6.067548,-11.8103,-11.8652,-11.5395,-0.3257,0.0,0.062,staircase3,no_load
6.078427,-11.8103,-11.8652,-11.5388,-0.3264,0.0,0.061,staircase3,no_load
6.089154,-11.8103,-11.8652,-11.5382,-0.3270,0.0,0.061,staircase3,no_load
6.100155,-11.8103,-11.8652,-11.5373,-0.3279,0.0,0.061,staircase3,no_load
6.110799,-11.8103,-11.8652,-11.5367,-0.3285,0.0,0.060,staircase3,no_load
6.121515,-11.8103,-11.8652,-11.5361,-0.3291,0.0,0.060,staircase3,no_load
6.131852,-11.8103,-11.8652,-11.5355,-0.3297,0.0,0.059,staircase3,no_load
6.142013,-11.8103,-11.8652,-11.5350,-0.3302,0.0,0.059,staircase3,no_load
6.152349,-11.8103,-11.8652,-11.5344,-0.3308,0.0,0.058,staircase3,no_load
6.16292,-11.8103,-11.8652,-11.5338,-0.3314,0.0,0.058,staircase3,no_load
6.173451,-11.8103,-11.8652,-11.5332,-0.3320,0.0,0.058,staircase3,no_load
6.183984,-11.8103,-11.8652,-11.5326,-0.3326,0.0,0.057,staircase3,no_load
6.194622,-11.8103,-11.8652,-11.5321,-0.3331,0.0,0.057,staircase3,no_load
6.205768,-11.8103,-11.8652,-11.5312,-0.3340,0.0,0.056,staircase3,no_load
6.216056,-11.8103,-11.8652,-11.5307,-0.3345,0.0,0.056,staircase3,no_load
6.226319,-11.8103,-11.8652,-11.5301,-0.3351,0.0,0.055,staircase3,no_load
6.236871,-11.8103,-11.8652,-11.5296,-0.3356,0.0,0.055,staircase3,no_load
6.247442,-11.8103,-11.8652,-11.5290,-0.3362,0.0,0.055,staircase3,no_load
6.257698,-11.8103,-11.8652,-11.5285,-0.3367,0.0,0.054,staircase3,no_load
6.268343,-11.8103,-11.8652,-11.5279,-0.3373,0.0,0.054,staircase3,no_load
6.278547,-11.8103,-11.8652,-11.5274,-0.3378,0.0,0.053,staircase3,no_load
6.28903,-11.8103,-11.8652,-11.5269,-0.3383,0.0,0.053,staircase3,no_load
6.299154,-11.8103,-11.8652,-11.5263,-0.3389,0.0,0.053,staircase3,no_load
6.309393,-11.8103,-11.8652,-11.5258,-0.3394,0.0,0.052,staircase3,no_load
6.319858,-11.8103,-11.8652,-11.5253,-0.3399,0.0,0.052,staircase3,no_load
6.33023,-11.8103,-11.8652,-11.5245,-0.3407,0.0,0.052,staircase3,no_load
6.340943,-11.8103,-11.8652,-11.5240,-0.3412,0.0,0.051,staircase3,no_load
6.351711,-11.8103,-11.8652,-11.5235,-0.3417,0.0,0.051,staircase3,no_load
6.361974,-11.8103,-11.8652,-11.5230,-0.3422,0.0,0.050,staircase3,no_load
6.372298,-11.8103,-11.8652,-11.5225,-0.3427,0.0,0.050,staircase3,no_load
6.382738,-11.8103,-11.8652,-11.5220,-0.3432,0.0,0.050,staircase3,no_load
6.393205,-11.8103,-11.8652,-11.5215,-0.3437,0.0,0.049,staircase3,no_load
6.403585,-11.8103,-11.8652,-11.5210,-0.3442,0.0,0.049,staircase3,no_load
6.413812,-11.8103,-11.8652,-11.5205,-0.3447,0.0,0.049,staircase3,no_load
6.42517,0.0,-11.8652,-11.5198,-0.3454,0.0,0.048,staircase3,no_load
6.435669,0.0,-11.8652,-11.5193,-0.3459,0.0,0.048,staircase3,no_load
6.446163,0.0,-11.8652,-11.5189,-0.3463,0.0,0.047,staircase3,no_load
6.45653,0.0,-11.7773,-11.5184,-0.2589,8.479,0.047,staircase3,no_load
6.467009,0.0,-11.6895,-11.5179,-0.1716,8.379,0.047,staircase3,no_load
6.477419,0.0,-11.4258,-11.5175,0.0917,25.331,0.047,staircase3,no_load
6.487864,0.0,-10.8984,-11.5170,0.6186,50.493,0.046,staircase3,no_load
6.498256,0.0,-10.3711,-11.3817,1.0106,50.741,13.525,staircase3,no_load
6.508631,0.0,-9.5801,-10.7576,1.1775,76.241,62.414,staircase3,no_load
6.518862,0.0,-8.7012,-9.8382,1.1370,85.906,91.944,staircase3,no_load
6.529515,0.0,-7.5586,-8.7912,1.2326,107.256,104.700,staircase3,no_load
6.540404,0.0,-6.4160,-7.1879,0.7719,104.932,106.884,staircase3,no_load
6.550697,0.0,-5.4492,-6.1784,0.7292,93.928,100.955,staircase3,no_load
6.560983,0.0,-4.4824,-5.2509,0.7685,93.992,92.749,staircase3,no_load
6.571965,0.0,-3.6914,-4.4182,0.7268,72.027,83.263,staircase3,no_load
6.582257,0.0,-3.1641,-3.6838,0.5197,51.234,73.442,staircase3,no_load
6.59245,0.0,-2.6367,-3.0450,0.4083,51.741,63.883,staircase3,no_load
6.602808,0.0,-2.1973,-2.4956,0.2983,42.421,54.943,staircase3,no_load
6.613224,0.0,-1.9336,-2.0275,0.0939,25.317,46.811,staircase3,no_load
6.623396,0.0,-1.6699,-1.6318,-0.0381,25.924,39.565,staircase3,no_load
6.634408,0.0,-1.4063,-1.2997,-0.1066,23.938,33.211,staircase3,no_load
6.644665,0.0,-1.2305,-1.0226,-0.2079,17.14,27.710,staircase3,no_load
6.654942,0.0,-1.0547,-0.7926,-0.2621,17.106,22.997,staircase3,no_load
6.665685,0.0,-0.8789,-0.5207,-0.3582,16.364,18.129,staircase3,no_load
6.676387,0.0,-0.7031,-0.3792,-0.3239,16.427,14.148,staircase3,no_load
6.687227,0.0,-0.6152,-0.2635,-0.3517,8.109,11.571,staircase3,no_load
6.697416,0.0,-0.5273,-0.1692,-0.3581,8.627,9.430,staircase3,no_load
6.707608,0.0,-0.5273,-0.0926,-0.4347,0.0,7.662,staircase3,no_load
6.719147,0.0,-0.3516,-0.0305,-0.3211,15.227,6.206,staircase3,no_load
6.729662,0.0,-0.3516,0.0196,-0.3712,0.0,5.014,staircase3,no_load
6.739987,0.0,-0.2637,0.0600,-0.3237,8.513,4.040,staircase3,no_load
6.750777,0.0,-0.1758,0.1062,-0.2820,8.146,3.081,staircase3,no_load
6.761162,0.0,-0.1758,0.1295,-0.3053,0.0,2.330,staircase3,no_load
6.771866,0.0,-0.1758,0.1481,-0.3239,0.0,1.862,staircase3,no_load
6.782549,0.0,-0.1758,0.1630,-0.3388,0.0,1.485,staircase3,no_load
6.793005,0.0,-0.1758,0.1748,-0.3506,0.0,1.182,staircase3,no_load
6.803457,0.0,-0.1758,0.1842,-0.3600,0.0,0.939,staircase3,no_load
6.813791,0.0,-0.1758,0.1916,-0.3674,0.0,0.744,staircase3,no_load
6.824009,0.0,-0.1758,0.1975,-0.3733,0.0,0.589,staircase3,no_load
6.834572,0.0,-0.1758,0.2022,-0.3780,0.0,0.465,staircase3,no_load
6.844962,0.0,-0.1758,0.2058,-0.3816,0.0,0.367,staircase3,no_load
6.855368,0.0,-0.1758,0.2099,-0.3857,0.0,0.272,staircase3,no_load
6.865697,0.0,-0.1758,0.2119,-0.3877,0.0,0.201,staircase3,no_load
6.876695,0.0,-0.1758,0.2135,-0.3893,0.0,0.157,staircase3,no_load
6.887217,0.0,-0.1758,0.2148,-0.3906,0.0,0.127,staircase3,no_load
6.897907,0.0,-0.1758,0.2159,-0.3917,0.0,0.114,staircase3,no_load
6.908614,0.0,-0.1758,0.2170,-0.3928,0.0,0.108,staircase3,no_load
6.918998,0.0,-0.1758,0.2181,-0.3939,0.0,0.106,staircase3,no_load
6.92947,0.0,-0.1758,0.2191,-0.3949,0.0,0.105,staircase3,no_load
6.940091,0.0,-0.1758,0.2206,-0.3964,0.0,0.103,staircase3,no_load
6.950733,0.0,-0.1758,0.2217,-0.3975,0.0,0.102,staircase3,no_load
6.961088,0.0,-0.1758,0.2227,-0.3985,0.0,0.102,staircase3,no_load
6.971471,0.0,-0.1758,0.2237,-0.3995,0.0,0.101,staircase3,no_load
6.982148,0.0,-0.1758,0.2247,-0.4005,0.0,0.100,staircase3,no_load
6.992604,0.0,-0.1758,0.2257,-0.4015,0.0,0.100,staircase3,no_load
7.003123,0.0,-0.1758,0.2267,-0.4025,0.0,0.099,staircase3,no_load
7.014012,0.0,-0.1758,0.2277,-0.4035,0.0,0.098,staircase3,no_load
7.024223,0.0,-0.1758,0.2286,-0.4044,0.0,0.098,staircase3,no_load
7.035351,0.0,-0.1758,0.2301,-0.4059,0.0,0.097,staircase3,no_load
7.046086,0.0,-0.1758,0.2311,-0.4069,0.0,0.096,staircase3,no_load
7.056369,0.0,-0.1758,0.2320,-0.4078,0.0,0.095,staircase3,no_load
7.066706,0.0,-0.1758,0.2330,-0.4088,0.0,0.095,staircase3,no_load
7.077278,0.0,-0.1758,0.2339,-0.4097,0.0,0.094,staircase3,no_load
7.088301,0.0,-0.1758,0.2348,-0.4106,0.0,0.093,staircase3,no_load
7.098884,0.0,-0.1758,0.2357,-0.4115,0.0,0.093,staircase3,no_load
7.109981,0.0,-0.1758,0.2367,-0.4125,0.0,0.092,staircase3,no_load
7.121096,0.0,-0.1758,0.2380,-0.4138,0.0,0.091,staircase3,no_load
7.131681,0.0,-0.1758,0.2389,-0.4147,0.0,0.090,staircase3,no_load
7.142538,0.0,-0.1758,0.2398,-0.4156,0.0,0.090,staircase3,no_load
7.153082,0.0,-0.1758,0.2407,-0.4165,0.0,0.089,staircase3,no_load
7.164196,0.0,-0.1758,0.2416,-0.4174,0.0,0.089,staircase3,no_load
7.174374,0.0,-0.1758,0.2425,-0.4183,0.0,0.088,staircase3,no_load
7.185448,0.0,-0.1758,0.2438,-0.4196,0.0,0.087,staircase3,no_load
7.195956,0.0,-0.1758,0.2447,-0.4205,0.0,0.086,staircase3,no_load
7.206275,0.0,-0.1758,0.2455,-0.4213,0.0,0.086,staircase3,no_load
7.216524,0.0,-0.1758,0.2464,-0.4222,0.0,0.085,staircase3,no_load
7.227112,0.0,-0.1758,0.2472,-0.4230,0.0,0.085,staircase3,no_load
7.237618,0.0,-0.1758,0.2481,-0.4239,0.0,0.084,staircase3,no_load
7.247902,0.0,-0.1758,0.2489,-0.4247,0.0,0.083,staircase3,no_load
7.258343,0.0,-0.1758,0.2497,-0.4255,0.0,0.083,staircase3,no_load
7.268767,0.0,-0.1758,0.2505,-0.4263,0.0,0.082,staircase3,no_load
7.279399,0.0,-0.1758,0.2514,-0.4272,0.0,0.082,staircase3,no_load
7.289957,0.0,-0.1758,0.2522,-0.4280,0.0,0.081,staircase3,no_load
7.300211,0.0,-0.1758,0.2534,-0.4292,0.0,0.080,staircase3,no_load
7.310861,0.0,-0.1758,0.2542,-0.4300,0.0,0.080,staircase3,no_load
7.321383,0.0,-0.1758,0.2550,-0.4308,0.0,0.079,staircase3,no_load
7.331777,0.0,-0.1758,0.2558,-0.4316,0.0,0.079,staircase3,no_load
7.342558,0.0,-0.1758,0.2565,-0.4323,0.0,0.078,staircase3,no_load
7.353053,0.0,-0.1758,0.2573,-0.4331,0.0,0.078,staircase3,no_load
7.363283,0.0,-0.1758,0.2581,-0.4339,0.0,0.077,staircase3,no_load
7.373786,0.0,-0.1758,0.2588,-0.4346,0.0,0.076,staircase3,no_load
7.384237,0.0,-0.1758,0.2596,-0.4354,0.0,0.076,staircase3,no_load
7.394391,0.0,-0.1758,0.2604,-0.4362,0.0,0.075,staircase3,no_load
7.405533,0.0,-0.1758,0.2615,-0.4373,0.0,0.075,staircase3,no_load
7.416251,0.0,-0.1758,0.2622,-0.4380,0.0,0.074,staircase3,no_load
7.426726,0.0,-0.1758,0.2630,-0.4388,0.0,0.074,staircase3,no_load
7.437094,0.0,-0.1758,0.2637,-0.4395,0.0,0.073,staircase3,no_load
7.447542,0.0,-0.1758,0.2644,-0.4402,0.0,0.073,staircase3,no_load
7.458636,0.0,-0.1758,0.2651,-0.4409,0.0,0.072,staircase3,no_load
7.469279,0.0,-0.1758,0.2659,-0.4417,0.0,0.072,staircase3,no_load
7.479995,0.0,-0.1758,0.2666,-0.4424,0.0,0.071,staircase3,no_load
7.490509,0.0,-0.1758,0.2676,-0.4434,0.0,0.070,staircase3,no_load
7.501327,0.0,-0.1758,0.2683,-0.4441,0.0,0.070,staircase3,no_load
7.51205,0.0,-0.1758,0.2690,-0.4448,0.0,0.069,staircase3,no_load
7.522282,0.0,-0.1758,0.2697,-0.4455,0.0,0.069,staircase3,no_load
7.532616,0.0,-0.1758,0.2704,-0.4462,0.0,0.068,staircase3,no_load
7.54304,0.0,-0.1758,0.2711,-0.4469,0.0,0.068,staircase3,no_load
7.553477,0.0,-0.1758,0.2717,-0.4475,0.0,0.067,staircase3,no_load
7.564182,0.0,-0.1758,0.2724,-0.4482,0.0,0.067,staircase3,no_load
7.57483,0.0,-0.1758,0.2731,-0.4489,0.0,0.067,staircase3,no_load
7.585521,0.0,-0.1758,0.2741,-0.4499,0.0,0.066,staircase3,no_load
7.596339,0.0,-0.1758,0.2747,-0.4505,0.0,0.065,staircase3,no_load
7.606713,0.0,-0.1758,0.2754,-0.4512,0.0,0.065,staircase3,no_load
7.617362,0.0,-0.1758,0.2760,-0.4518,0.0,0.064,staircase3,no_load
7.628484,0.0,-0.1758,0.2766,-0.4524,0.0,0.064,staircase3,no_load
7.639016,0.0,-0.1758,0.2773,-0.4531,0.0,0.064,staircase3,no_load
7.649472,0.0,-0.1758,0.2779,-0.4537,0.0,0.063,staircase3,no_load
7.66008,0.0,-0.1758,0.2789,-0.4547,0.0,0.063,staircase3,no_load
7.670339,0.0,-0.1758,0.2795,-0.4553,0.0,0.062,staircase3,no_load
7.681447,0.0,-0.1758,0.2801,-0.4559,0.0,0.062,staircase3,no_load
7.692232,0.0,-0.1758,0.2807,-0.4565,0.0,0.061,staircase3,no_load
7.702541,0.0,-0.1758,0.2813,-0.4571,0.0,0.061,staircase3,no_load
7.712808,0.0,-0.1758,0.2819,-0.4577,0.0,0.060,staircase3,no_load
7.723234,0.0,-0.1758,0.2825,-0.4583,0.0,0.060,staircase3,no_load
7.73403,0.0,-0.1758,0.2831,-0.4589,0.0,0.059,staircase3,no_load
7.744173,0.0,-0.1758,0.2837,-0.4595,0.0,0.059,staircase3,no_load
7.75455,0.0,-0.1758,0.2843,-0.4601,0.0,0.059,staircase3,no_load
7.765557,0.0,-0.1758,0.2852,-0.4610,0.0,0.058,staircase3,no_load
7.775753,0.0,-0.1758,0.2857,-0.4615,0.0,0.058,staircase3,no_load
7.786297,0.0,-0.1758,0.2863,-0.4621,0.0,0.057,staircase3,no_load
7.797359,0.0,-0.1758,0.2869,-0.4627,0.0,0.057,staircase3,no_load
7.807657,0.0,-0.1758,0.2874,-0.4632,0.0,0.056,staircase3,no_load
7.818052,0.0,-0.1758,0.2880,-0.4638,0.0,0.056,staircase3,no_load
7.82877,0.0,-0.1758,0.2886,-0.4644,0.0,0.056,staircase3,no_load
7.838939,0.0,-0.1758,0.2891,-0.4649,0.0,0.055,staircase3,no_load
7.849258,0.0,-0.1758,0.2897,-0.4655,0.0,0.055,staircase3,no_load
7.859944,0.0,-0.1758,0.2902,-0.4660,0.0,0.054,staircase3,no_load
7.870235,0.0,-0.1758,0.2910,-0.4668,0.0,0.054,staircase3,no_load
7.88055,0.0,-0.1758,0.2915,-0.4673,0.0,0.054,staircase3,no_load
7.890829,0.0,-0.1758,0.2921,-0.4679,0.0,0.053,staircase3,no_load
7.901203,0.0,-0.1758,0.2926,-0.4684,0.0,0.053,staircase3,no_load
7.911485,0.0,-0.1758,0.2931,-0.4689,0.0,0.052,staircase3,no_load
7.921794,0.0,-0.1758,0.2936,-0.4694,0.0,0.052,staircase3,no_load
7.93262,0.0,-0.1758,0.2942,-0.4700,0.0,0.052,staircase3,no_load
7.943285,0.0,-0.1758,0.2947,-0.4705,0.0,0.051,staircase3,no_load
7.953508,0.0,-0.1758,0.2952,-0.4710,0.0,0.051,staircase3,no_load
7.96374,0.0,-0.1758,0.2957,-0.4715,0.0,0.051,staircase3,no_load
7.974192,0.0,-0.1758,0.2962,-0.4720,0.0,0.050,staircase3,no_load
7.984516,0.0,-0.1758,0.2967,-0.4725,0.0,0.050,staircase3,no_load
7.995115,0.0,-0.1758,0.2974,-0.4732,0.0,0.050,staircase3,no_load
8.005744,0.0,-0.1758,0.2979,-0.4737,0.0,0.049,staircase3,no_load
8.015901,0.0,-0.1758,0.2984,-0.4742,0.0,0.049,staircase3,no_load
8.027145,11.8103,-0.1758,0.2989,-0.4747,0.0,0.048,staircase3,no_load
8.037363,11.8103,-0.1758,0.2994,-0.4752,0.0,0.048,staircase3,no_load
8.047933,11.8103,-0.1758,0.2999,-0.4757,0.0,0.048,staircase3,no_load
8.05854,11.8103,-0.1758,0.3003,-0.4761,0.0,0.047,staircase3,no_load
8.06949,11.8103,-0.0879,0.3008,-0.3887,8.027,0.047,staircase3,no_load
8.079753,11.8103,0.2637,0.3013,-0.0376,34.259,0.047,staircase3,no_load
8.090544,11.8103,0.7031,0.3020,0.4011,40.719,0.046,staircase3,no_load
8.101463,11.8103,1.4063,0.6942,0.7121,64.402,39.223,staircase3,no_load
8.111783,11.8103,2.1973,1.4978,0.6995,76.647,80.362,staircase3,no_load
8.122222,11.8103,3.0762,2.4965,0.5797,84.194,99.872,staircase3,no_load
8.132603,11.8103,4.2187,3.5676,0.6511,110.057,107.104,staircase3,no_load
8.142809,11.8103,5.2734,4.6318,0.6416,103.341,106.424,staircase3,no_load
8.153268,11.8103,6.3281,5.6409,0.6872,100.841,100.911,staircase3,no_load
8.16373,11.8103,7.1191,6.5678,0.5513,75.607,92.687,staircase3,no_load
8.174105,11.8103,7.9980,7.3997,0.5983,84.713,83.187,staircase3,no_load
8.184477,11.8103,8.6133,8.1332,0.4801,59.323,73.355,staircase3,no_load
8.195266,11.8103,9.1406,9.0561,0.0845,48.874,61.522,staircase3,no_load
8.205569,11.8103,9.5801,9.5628,0.0173,42.657,50.671,staircase3,no_load
8.216013,11.8103,9.9316,9.9925,-0.0609,33.656,42.977,staircase3,no_load
8.227037,11.8103,10.1953,10.3544,-0.1591,23.921,36.182,staircase3,no_load
8.237515,11.8103,10.4590,10.6570,-0.1980,25.167,30.265,staircase3,no_load
8.248628,11.8103,10.6348,10.9087,-0.2739,15.819,25.172,staircase3,no_load
8.259183,11.8103,10.8105,11.1170,-0.3065,16.646,20.831,staircase3,no_load
8.269363,11.8103,10.8984,11.2886,-0.3902,8.635,17.160,staircase3,no_load
8.27965,11.8103,11.0742,11.4294,-0.3552,17.09,14.079,staircase3,no_load
8.290716,11.8103,11.1621,11.5938,-0.4317,7.943,10.958,staircase3,no_load
8.301539,11.8103,11.3379,11.6783,-0.3404,16.243,8.449,staircase3,no_load
8.311782,11.8103,11.3379,11.7468,-0.4089,0.0,6.850,staircase3,no_load
8.322105,11.8103,11.3379,11.8021,-0.4642,0.0,5.538,staircase3,no_load
8.332502,11.8103,11.4258,11.8468,-0.4210,8.454,4.464,staircase3,no_load
8.342981,11.8103,11.5137,11.8827,-0.3690,8.388,3.590,staircase3,no_load
8.353605,11.8103,11.5137,11.9115,-0.3978,0.0,2.880,staircase3,no_load
8.363774,11.8103,11.6016,11.9345,-0.3329,8.644,2.305,staircase3,no_load
8.374281,11.8103,11.6895,11.9529,-0.2634,8.366,1.840,staircase3,no_load
8.384522,11.8103,11.6895,11.9676,-0.2781,0.0,1.466,staircase3,no_load
8.395445,11.8103,11.6895,11.9841,-0.2946,0.0,1.103,staircase3,no_load
8.405604,11.8103,11.6895,11.9924,-0.3029,0.0,0.823,staircase3,no_load
8.416055,11.8103,11.6895,11.9989,-0.3094,0.0,0.651,staircase3,no_load
8.426343,11.8103,11.6895,12.0040,-0.3145,0.0,0.514,staircase3,no_load
8.436567,11.8103,11.6895,12.0081,-0.3186,0.0,0.405,staircase3,no_load
8.447622,11.8103,11.6895,12.0113,-0.3218,0.0,0.319,staircase3,no_load
8.458185,11.8103,11.6895,12.0138,-0.3243,0.0,0.250,staircase3,no_load
8.468708,11.8103,11.6895,12.0157,-0.3262,0.0,0.196,staircase3,no_load
8.479252,11.8103,11.6895,12.0173,-0.3278,0.0,0.153,staircase3,no_load
8.489973,11.8103,11.6895,12.0185,-0.3290,0.0,0.125,staircase3,no_load
8.500646,11.8103,11.6895,12.0202,-0.3307,0.0,0.112,staircase3,no_load
8.511242,11.8103,11.6895,12.0213,-0.3318,0.0,0.107,staircase3,no_load
8.521669,11.8103,11.6895,12.0223,-0.3328,0.0,0.105,staircase3,no_load
8.532266,11.8103,11.6895,12.0233,-0.3338,0.0,0.104,staircase3,no_load
8.542567,11.8103,11.6895,12.0244,-0.3349,0.0,0.103,staircase3,no_load
8.553193,11.8103,11.6895,12.0254,-0.3359,0.0,0.102,staircase3,no_load
8.563344,11.8103,11.6895,12.0264,-0.3369,0.0,0.102,staircase3,no_load
8.57384,11.8103,11.6895,12.0274,-0.3379,0.0,0.101,staircase3,no_load
8.584764,11.8103,11.6895,12.0284,-0.3389,0.0,0.100,staircase3,no_load
8.595426,11.8103,11.6895,12.0299,-0.3404,0.0,0.099,staircase3,no_load
8.606053,11.8103,11.6895,12.0309,-0.3414,0.0,0.098,staircase3,no_load
8.616221,11.8103,11.6895,12.0319,-0.3424,0.0,0.098,staircase3,no_load
8.627407,11.8103,11.6895,12.0329,-0.3434,0.0,0.097,staircase3,no_load
8.637662,11.8103,11.6895,12.0338,-0.3443,0.0,0.096,staircase3,no_load
8.648569,11.8103,11.6895,12.0348,-0.3453,0.0,0.096,staircase3,no_load
8.658984,11.8103,11.6895,12.0357,-0.3462,0.0,0.095,staircase3,no_load
8.669866,11.8103,11.6895,12.0367,-0.3472,0.0,0.094,staircase3,no_load
8.680593,11.8103,11.6895,12.0381,-0.3486,0.0,0.094,staircase3,no_load
8.691321,11.8103,11.6895,12.0390,-0.3495,0.0,0.093,staircase3,no_load
8.701837,11.8103,11.6895,12.0399,-0.3504,0.0,0.092,staircase3,no_load
8.712827,11.8103,11.6895,12.0408,-0.3513,0.0,0.092,staircase3,no_load
8.723502,11.8103,11.6895,12.0417,-0.3522,0.0,0.091,staircase3,no_load
8.734094,11.8103,11.6895,12.0427,-0.3532,0.0,0.090,staircase3,no_load
8.744436,11.8103,11.6895,12.0435,-0.3540,0.0,0.090,staircase3,no_load
8.755146,11.8103,11.6895,12.0449,-0.3554,0.0,0.089,staircase3,no_load
8.765881,11.8103,11.6895,12.0458,-0.3563,0.0,0.088,staircase3,no_load
8.776441,11.8103,11.6895,12.0466,-0.3571,0.0,0.087,staircase3,no_load
8.787474,11.8103,11.6895,12.0475,-0.3580,0.0,0.087,staircase3,no_load
8.798304,11.8103,11.6895,12.0484,-0.3589,0.0,0.086,staircase3,no_load
8.80933,11.8103,11.6895,12.0492,-0.3597,0.0,0.086,staircase3,no_load
8.820046,11.8103,11.6895,12.0505,-0.3610,0.0,0.085,staircase3,no_load
8.830485,11.8103,11.6895,12.0513,-0.3618,0.0,0.084,staircase3,no_load
8.840661,11.8103,11.6895,12.0522,-0.3627,0.0,0.084,staircase3,no_load
8.851071,11.8103,11.6895,12.0530,-0.3635,0.0,0.083,staircase3,no_load
8.861844,11.8103,11.6895,12.0538,-0.3643,0.0,0.082,staircase3,no_load
8.872393,11.8103,11.6895,12.0547,-0.3652,0.0,0.082,staircase3,no_load
8.883063,11.8103,11.6895,12.0555,-0.3660,0.0,0.081,staircase3,no_load
8.893726,11.8103,11.6895,12.0563,-0.3668,0.0,0.081,staircase3,no_load
8.904111,11.8103,11.6895,12.0571,-0.3676,0.0,0.080,staircase3,no_load
8.914874,11.8103,11.6895,12.0579,-0.3684,0.0,0.080,staircase3,no_load
8.925099,11.8103,11.6895,12.0591,-0.3696,0.0,0.079,staircase3,no_load
8.935375,11.8103,11.6895,12.0598,-0.3703,0.0,0.078,staircase3,no_load
8.94554,11.8103,11.6895,12.0606,-0.3711,0.0,0.078,staircase3,no_load
8.955731,11.8103,11.6895,12.0614,-0.3719,0.0,0.077,staircase3,no_load
8.966351,11.8103,11.6895,12.0622,-0.3727,0.0,0.077,staircase3,no_load
8.976503,11.8103,11.6895,12.0629,-0.3734,0.0,0.076,staircase3,no_load
8.987024,11.8103,11.6895,12.0637,-0.3742,0.0,0.076,staircase3,no_load
8.997161,11.8103,11.6895,12.0644,-0.3749,0.0,0.075,staircase3,no_load
9.007458,11.8103,11.6895,12.0652,-0.3757,0.0,0.075,staircase3,no_load
9.01767,11.8103,11.6895,12.0659,-0.3764,0.0,0.074,staircase3,no_load
9.028443,11.8103,11.6895,12.0666,-0.3771,0.0,0.073,staircase3,no_load
9.039352,11.8103,11.6895,12.0674,-0.3779,0.0,0.073,staircase3,no_load
9.049895,11.8103,11.6895,12.0681,-0.3786,0.0,0.072,staircase3,no_load
9.060558,11.8103,11.6895,12.0692,-0.3797,0.0,0.072,staircase3,no_load
9.071083,11.8103,11.6895,12.0699,-0.3804,0.0,0.071,staircase3,no_load
9.081648,11.8103,11.6895,12.0706,-0.3811,0.0,0.071,staircase3,no_load
9.092165,11.8103,11.6895,12.0713,-0.3818,0.0,0.070,staircase3,no_load
9.10227,11.8103,11.6895,12.0720,-0.3825,0.0,0.070,staircase3,no_load
9.112695,11.8103,11.6895,12.0727,-0.3832,0.0,0.069,staircase3,no_load
9.123612,11.8103,11.6895,12.0734,-0.3839,0.0,0.069,staircase3,no_load
9.133957,11.8103,11.6895,12.0741,-0.3846,0.0,0.068,staircase3,no_load
9.144349,11.8103,11.6895,12.0747,-0.3852,0.0,0.068,staircase3,no_load
9.155378,11.8103,11.6895,12.0757,-0.3862,0.0,0.067,staircase3,no_load
9.166055,11.8103,11.6895,12.0764,-0.3869,0.0,0.067,staircase3,no_load
9.176322,11.8103,11.6895,12.0771,-0.3876,0.0,0.066,staircase3,no_load
9.18718,11.8103,11.6895,12.0777,-0.3882,0.0,0.066,staircase3,no_load
9.197366,11.8103,11.6895,12.0784,-0.3889,0.0,0.065,staircase3,no_load
9.207565,11.8103,11.6895,12.0790,-0.3895,0.0,0.065,staircase3,no_load
9.217848,11.8103,11.6895,12.0797,-0.3902,0.0,0.064,staircase3,no_load
9.228465,11.8103,11.6895,12.0803,-0.3908,0.0,0.064,staircase3,no_load
9.238642,11.8103,11.6895,12.0809,-0.3914,0.0,0.063,staircase3,no_load
9.249471,11.8103,11.6895,12.0816,-0.3921,0.0,0.063,staircase3,no_load
9.259729,11.8103,11.6895,12.0822,-0.3927,0.0,0.063,staircase3,no_load
9.270731,11.8103,11.6895,12.0831,-0.3936,0.0,0.062,staircase3,no_load
9.281882,11.8103,11.6895,12.0837,-0.3942,0.0,0.061,staircase3,no_load
9.292455,11.8103,11.6895,12.0844,-0.3949,0.0,0.061,staircase3,no_load
9.302904,11.8103,11.6895,12.0850,-0.3955,0.0,0.061,staircase3,no_load
9.313043,11.8103,11.6895,12.0856,-0.3961,0.0,0.060,staircase3,no_load
9.323497,11.8103,11.6895,12.0862,-0.3967,0.0,0.060,staircase3,no_load
9.334257,11.8103,11.6895,12.0868,-0.3973,0.0,0.059,staircase3,no_load
9.345297,11.8103,11.6895,12.0876,-0.3981,0.0,0.059,staircase3,no_load
9.355452,11.8103,11.6895,12.0882,-0.3987,0.0,0.058,staircase3,no_load
9.366172,11.8103,11.6895,12.0888,-0.3993,0.0,0.058,staircase3,no_load
9.376527,11.8103,11.6895,12.0894,-0.3999,0.0,0.058,staircase3,no_load
9.386664,11.8103,11.6895,12.0899,-0.4004,0.0,0.057,staircase3,no_load
9.397281,11.8103,11.6895,12.0905,-0.4010,0.0,0.057,staircase3,no_load
9.407907,11.8103,11.6895,12.0911,-0.4016,0.0,0.056,staircase3,no_load
9.418336,11.8103,11.6895,12.0916,-0.4021,0.0,0.056,staircase3,no_load
9.429057,11.8103,11.6895,12.0922,-0.4027,0.0,0.056,staircase3,no_load
9.439436,11.8103,11.6895,12.0927,-0.4032,0.0,0.055,staircase3,no_load
9.450403,11.8103,11.6895,12.0936,-0.4041,0.0,0.055,staircase3,no_load
9.461076,11.8103,11.6895,12.0941,-0.4046,0.0,0.054,staircase3,no_load
9.471458,11.8103,11.6895,12.0946,-0.4051,0.0,0.054,staircase3,no_load
9.482473,11.8103,11.6895,12.0952,-0.4057,0.0,0.053,staircase3,no_load
9.492895,11.8103,11.6895,12.0957,-0.4062,0.0,0.053,staircase3,no_load
9.503131,11.8103,11.6895,12.0962,-0.4067,0.0,0.053,staircase3,no_load
9.513475,11.8103,11.6895,12.0968,-0.4073,0.0,0.052,staircase3,no_load
9.52411,11.8103,11.6895,12.0973,-0.4078,0.0,0.052,staircase3,no_load
9.534681,11.8103,11.6895,12.0978,-0.4083,0.0,0.052,staircase3,no_load
9.545279,11.8103,11.6895,12.0986,-0.4091,0.0,0.051,staircase3,no_load
9.55584,11.8103,11.6895,12.0991,-0.4096,0.0,0.051,staircase3,no_load
9.566035,11.8103,11.6895,12.0996,-0.4101,0.0,0.050,staircase3,no_load
9.57647,11.8103,11.6895,12.1001,-0.4106,0.0,0.050,staircase3,no_load
9.587469,11.8103,11.6895,12.1006,-0.4111,0.0,0.050,staircase3,no_load
9.597991,11.8103,11.6895,12.1011,-0.4116,0.0,0.049,staircase3,no_load
9.608643,11.8103,11.6895,12.1016,-0.4121,0.0,0.049,staircase3,no_load
9.61924,11.8103,11.6895,12.1020,-0.4125,0.0,0.049,staircase3,no_load
9.631111,23.6206,11.6895,12.1028,-0.4133,0.0,0.048,staircase3,no_load
9.64148,23.6206,11.6895,12.1032,-0.4137,0.0,0.048,staircase3,no_load
9.652091,23.6206,11.6895,12.1037,-0.4142,0.0,0.047,staircase3,no_load
9.662307,23.6206,11.7773,12.1042,-0.3269,8.594,0.047,staircase3,no_load
9.672846,23.6206,11.8652,12.1047,-0.2395,8.34,0.047,staircase3,no_load
9.68345,23.6206,12.1289,12.1051,0.0238,24.868,0.046,staircase3,no_load
9.693759,23.6206,12.5684,12.1056,0.4628,42.633,0.046,staircase3,no_load
9.704121,23.6206,13.1836,12.2408,0.9428,59.371,13.520,staircase3,no_load
9.714581,23.6206,13.9746,12.8649,1.1097,75.621,62.409,staircase3,no_load
9.725564,23.6206,15.0293,14.2990,0.7303,96.03,95.606,staircase3,no_load
9.73629,23.6206,16.0840,15.3697,0.7143,98.331,107.074,staircase3,no_load
9.746557,23.6206,17.1387,16.4336,0.7051,102.727,106.394,staircase3,no_load
9.756815,23.6206,18.0176,17.4424,0.5752,85.679,100.874,staircase3,no_load
9.767381,23.6206,18.9844,18.3688,0.6156,91.501,92.641,staircase3,no_load
9.777665,23.6206,19.7754,19.2001,0.5753,76.916,83.131,staircase3,no_load
9.787921,23.6206,20.4785,19.9330,0.5455,68.555,73.291,staircase3,no_load
9.798191,23.6206,21.0059,20.5702,0.4357,51.353,63.718,staircase3,no_load
9.808519,23.6206,21.3574,21.1179,0.2395,34.034,54.769,staircase3,no_load
9.819168,23.6206,21.7090,21.5842,0.1248,33.017,46.633,staircase3,no_load
9.830075,23.6206,21.9727,22.1507,-0.1780,24.177,37.764,staircase3,no_load
9.840413,23.6206,22.2363,22.4526,-0.2163,25.498,30.187,staircase3,no_load
9.850795,23.6206,22.4121,22.7035,-0.2914,16.933,25.097,staircase3,no_load
9.861448,23.6206,22.5879,22.9111,-0.3232,16.502,20.760,staircase3,no_load
9.871883,23.6206,22.7637,23.0821,-0.3184,16.847,17.095,staircase3,no_load
9.882036,23.6206,22.9395,23.2223,-0.2828,17.315,14.018,staircase3,no_load
9.892343,23.6206,23.0273,23.3368,-0.3095,8.518,11.452,staircase3,no_load
9.903115,23.6206,23.1152,23.4300,-0.3148,8.16,9.323,staircase3,no_load
9.913328,23.6206,23.1152,23.5057,-0.3905,0.0,7.566,staircase3,no_load
9.923842,23.6206,23.2910,23.5669,-0.2759,16.721,6.121,staircase3,no_load
9.934358,23.6206,23.2910,23.6163,-0.3253,0.0,4.938,staircase3,no_load
9.94461,23.6206,23.3789,23.6560,-0.2771,8.574,3.973,staircase3,no_load
9.954816,23.6206,23.3789,23.6879,-0.3090,0.0,3.188,staircase3,no_load
9.965217,23.6206,23.3789,23.7242,-0.3453,0.0,2.420,staircase3,no_load
9.975575,23.6206,23.3789,23.7424,-0.3635,0.0,1.821,staircase3,no_load
9.985755,23.6206,23.3789,23.7569,-0.3780,0.0,1.449,staircase3,no_load
9.996857,23.6206,23.3789,23.7684,-0.3895,0.0,1.151,staircase3,no_load
10.007202,23.6206,23.3789,23.7775,-0.3986,0.0,0.912,staircase3,no_load
10.01755,23.6206,23.3789,23.7847,-0.4058,0.0,0.722,staircase3,no_load
10.027848,23.6206,23.3789,23.7904,-0.4115,0.0,0.570,staircase3,no_load
10.038265,23.6206,23.3789,23.7949,-0.4160,0.0,0.449,staircase3,no_load
10.048635,23.6206,23.3789,23.7985,-0.4196,0.0,0.353,staircase3,no_load
10.059002,23.6206,23.3789,23.8012,-0.4223,0.0,0.277,staircase3,no_load
10.069502,23.6206,23.3789,23.8034,-0.4245,0.0,0.217,staircase3,no_load
10.080557,23.6206,23.3789,23.8058,-0.4269,0.0,0.160,staircase3,no_load
10.091597,23.6206,23.3789,23.8070,-0.4281,0.0,0.123,staircase3,no_load
10.102043,23.6206,23.3789,23.8081,-0.4292,0.0,0.112,staircase3,no_load
10.112406,23.6206,23.3789,23.8092,-0.4303,0.0,0.108,staircase3,no_load
10.122602,23.6206,23.3789,23.8103,-0.4314,0.0,0.106,staircase3,no_load
10.134133,23.6206,23.3789,23.8113,-0.4324,0.0,0.104,staircase3,no_load
10.144617,23.6206,23.3789,23.8124,-0.4335,0.0,0.103,staircase3,no_load
10.155438,23.6206,23.3789,23.8139,-0.4350,0.0,0.102,staircase3,no_load
10.166023,23.6206,23.3789,23.8149,-0.4360,0.0,0.102,staircase3,no_load
10.176361,23.6206,23.3789,23.8159,-0.4370,0.0,0.101,staircase3,no_load
10.186967,23.6206,23.3789,23.8169,-0.4380,0.0,0.100,staircase3,no_load
10.197925,23.6206,23.3789,23.8179,-0.4390,0.0,0.099,staircase3,no_load
10.208603,23.6206,23.3789,23.8189,-0.4400,0.0,0.099,staircase3,no_load
10.218843,23.6206,23.3789,23.8199,-0.4410,0.0,0.098,staircase3,no_load
10.22932,23.6206,23.3789,23.8208,-0.4419,0.0,0.097,staircase3,no_load
10.240309,23.6206,23.3789,23.8223,-0.4434,0.0,0.097,staircase3,no_load
10.250764,23.6206,23.3789,23.8233,-0.4444,0.0,0.096,staircase3,no_load
10.261031,23.6206,23.3789,23.8242,-0.4453,0.0,0.095,staircase3,no_load
10.271888,23.6206,23.3789,23.8251,-0.4462,0.0,0.094,staircase3,no_load
10.282494,23.6206,23.3789,23.8261,-0.4472,0.0,0.094,staircase3,no_load
10.292842,23.6206,23.3789,23.8270,-0.4481,0.0,0.093,staircase3,no_load
10.30321,23.6206,23.3789,23.8279,-0.4490,0.0,0.092,staircase3,no_load
10.313625,23.6206,23.3789,23.8289,-0.4500,0.0,0.092,staircase3,no_load
10.324375,23.6206,23.3789,23.8298,-0.4509,0.0,0.091,staircase3,no_load
10.334624,23.6206,23.3789,23.8307,-0.4518,0.0,0.091,staircase3,no_load
10.34495,23.6206,23.3789,23.8316,-0.4527,0.0,0.090,staircase3,no_load
10.355452,23.6206,23.3789,23.8329,-0.4540,0.0,0.089,staircase3,no_load
10.366414,23.6206,23.3789,23.8338,-0.4549,0.0,0.088,staircase3,no_load
10.376684,23.6206,23.3789,23.8347,-0.4558,0.0,0.088,staircase3,no_load
10.38713,23.6206,23.3789,23.8355,-0.4566,0.0,0.087,staircase3,no_load
10.397375,23.6206,23.3789,23.8364,-0.4575,0.0,0.086,staircase3,no_load
10.407765,23.6206,23.3789,23.8373,-0.4584,0.0,0.086,staircase3,no_load
10.418205,23.6206,23.3789,23.8381,-0.4592,0.0,0.085,staircase3,no_load
10.428808,23.6206,23.3789,23.8390,-0.4601,0.0,0.085,staircase3,no_load
10.439628,23.6206,23.3789,23.8398,-0.4609,0.0,0.084,staircase3,no_load
10.450178,23.6206,23.3789,23.8411,-0.4622,0.0,0.083,staircase3,no_load
10.46044,23.6206,23.3789,23.8419,-0.4630,0.0,0.083,staircase3,no_load
10.470834,23.6206,23.3789,23.8427,-0.4638,0.0,0.082,staircase3,no_load
10.481008,23.6206,23.3789,23.8435,-0.4646,0.0,0.081,staircase3,no_load
10.491291,23.6206,23.3789,23.8443,-0.4654,0.0,0.081,staircase3,no_load
10.502085,23.6206,23.3789,23.8451,-0.4662,0.0,0.080,staircase3,no_load
10.512748,23.6206,23.3789,23.8459,-0.4670,0.0,0.080,staircase3,no_load
10.523169,23.6206,23.3789,23.8467,-0.4678,0.0,0.079,staircase3,no_load
10.533889,23.6206,23.3789,23.8475,-0.4686,0.0,0.079,staircase3,no_load
10.544098,23.6206,23.3789,23.8483,-0.4694,0.0,0.078,staircase3,no_load
10.554301,23.6206,23.3789,23.8491,-0.4702,0.0,0.078,staircase3,no_load
10.564568,23.6206,23.3789,23.8498,-0.4709,0.0,0.077,staircase3,no_load
10.575217,23.6206,23.3789,23.8510,-0.4721,0.0,0.076,staircase3,no_load
10.58571,23.6206,23.3789,23.8517,-0.4728,0.0,0.076,staircase3,no_load
10.596712,23.6206,23.3789,23.8525,-0.4736,0.0,0.075,staircase3,no_load
10.606914,23.6206,23.3789,23.8532,-0.4743,0.0,0.075,staircase3,no_load
10.617125,23.6206,23.3789,23.8540,-0.4751,0.0,0.074,staircase3,no_load
10.62727,23.6206,23.3789,23.8547,-0.4758,0.0,0.074,staircase3,no_load
10.637774,23.6206,23.3789,23.8554,-0.4765,0.0,0.073,staircase3,no_load
10.6483,23.6206,23.3789,23.8562,-0.4773,0.0,0.073,staircase3,no_load
10.658438,23.6206,23.3789,23.8569,-0.4780,0.0,0.072,staircase3,no_load
10.669351,23.6206,23.3789,23.8576,-0.4787,0.0,0.072,staircase3,no_load
10.679744,23.6206,23.3789,23.8583,-0.4794,0.0,0.071,staircase3,no_load
10.689976,23.6206,23.3789,23.8590,-0.4801,0.0,0.071,staircase3,no_load
10.700238,23.6206,23.3789,23.8601,-0.4812,0.0,0.070,staircase3,no_load
10.710399,23.6206,23.3789,23.8608,-0.4819,0.0,0.069,staircase3,no_load
10.72129,23.6206,23.3789,23.8615,-0.4826,0.0,0.069,staircase3,no_load
10.73174,23.6206,23.3789,23.8621,-0.4832,0.0,0.068,staircase3,no_load
10.741869,23.6206,23.3789,23.8628,-0.4839,0.0,0.068,staircase3,no_load
10.752381,23.6206,23.3789,23.8635,-0.4846,0.0,0.067,staircase3,no_load
10.762528,23.6206,23.3789,23.8642,-0.4853,0.0,0.067,staircase3,no_load
10.772943,23.6206,23.3789,23.8648,-0.4859,0.0,0.067,staircase3,no_load
10.783781,23.6206,23.3789,23.8655,-0.4866,0.0,0.066,staircase3,no_load
10.794108,23.6206,23.3789,23.8661,-0.4872,0.0,0.066,staircase3,no_load
10.804646,23.6206,23.3789,23.8668,-0.4879,0.0,0.065,staircase3,no_load
10.814813,23.6206,23.3789,23.8674,-0.4885,0.0,0.065,staircase3,no_load
10.825065,23.6206,23.3789,23.8684,-0.4895,0.0,0.064,staircase3,no_load
10.835284,23.6206,23.3789,23.8690,-0.4901,0.0,0.064,staircase3,no_load
10.845541,23.6206,23.3789,23.8697,-0.4908,0.0,0.063,staircase3,no_load
10.855933,23.6206,23.3789,23.8703,-0.4914,0.0,0.063,staircase3,no_load
10.866828,23.6206,23.3789,23.8709,-0.4920,0.0,0.062,staircase3,no_load
10.877614,23.6206,23.3789,23.8715,-0.4926,0.0,0.062,staircase3,no_load
10.887888,23.6206,23.3789,23.8722,-0.4933,0.0,0.061,staircase3,no_load
10.8982,23.6206,23.3789,23.8728,-0.4939,0.0,0.061,staircase3,no_load
10.908462,23.6206,23.3789,23.8734,-0.4945,0.0,0.061,staircase3,no_load
10.918616,23.6206,23.3789,23.8740,-0.4951,0.0,0.060,staircase3,no_load
10.929373,23.6206,23.3789,23.8746,-0.4957,0.0,0.060,staircase3,no_load
10.93963,23.6206,23.3789,23.8752,-0.4963,0.0,0.059,staircase3,no_load
10.94982,23.6206,23.3789,23.8757,-0.4968,0.0,0.059,staircase3,no_load
10.960898,23.6206,23.3789,23.8766,-0.4977,0.0,0.058,staircase3,no_load
10.971679,23.6206,23.3789,23.8772,-0.4983,0.0,0.058,staircase3,no_load
10.982339,23.6206,23.3789,23.8778,-0.4989,0.0,0.057,staircase3,no_load
10.992565,23.6206,23.3789,23.8783,-0.4994,0.0,0.057,staircase3,no_load
11.003142,23.6206,23.3789,23.8789,-0.5000,0.0,0.057,staircase3,no_load
11.014108,23.6206,23.3789,23.8795,-0.5006,0.0,0.056,staircase3,no_load
11.024451,23.6206,23.3789,23.8800,-0.5011,0.0,0.056,staircase3,no_load
11.035152,23.6206,23.3789,23.8809,-0.5020,0.0,0.055,staircase3,no_load
11.045273,23.6206,23.3789,23.8814,-0.5025,0.0,0.055,staircase3,no_load
11.055582,23.6206,23.3789,23.8820,-0.5031,0.0,0.054,staircase3,no_load
11.065844,23.6206,23.3789,23.8825,-0.5036,0.0,0.054,staircase3,no_load
11.076099,23.6206,23.3789,23.8830,-0.5041,0.0,0.054,staircase3,no_load
11.086742,23.6206,23.3789,23.8836,-0.5047,0.0,0.053,staircase3,no_load
11.097651,23.6206,23.3789,23.8841,-0.5052,0.0,0.053,staircase3,no_load
11.107863,23.6206,23.3789,23.8846,-0.5057,0.0,0.053,staircase3,no_load
11.118161,23.6206,23.3789,23.8851,-0.5062,0.0,0.052,staircase3,no_load
11.128376,23.6206,23.3789,23.8857,-0.5068,0.0,0.052,staircase3,no_load
11.138783,23.6206,23.3789,23.8862,-0.5073,0.0,0.052,staircase3,no_load
11.149278,23.6206,23.3789,23.8867,-0.5078,0.0,0.051,staircase3,no_load
11.160276,23.6206,23.3789,23.8875,-0.5086,0.0,0.051,staircase3,no_load
11.171245,23.6206,23.3789,23.8880,-0.5091,0.0,0.050,staircase3,no_load
11.181432,23.6206,23.3789,23.8885,-0.5096,0.0,0.050,staircase3,no_load
11.192443,23.6206,23.3789,23.8890,-0.5101,0.0,0.050,staircase3,no_load
11.202921,23.6206,23.3789,23.8894,-0.5105,0.0,0.049,staircase3,no_load
11.213463,23.6206,23.3789,23.8899,-0.5110,0.0,0.049,staircase3,no_load
11.223895,23.6206,23.3789,23.8904,-0.5115,0.0,0.049,staircase3,no_load
11.23541,35.4309,23.3789,23.8911,-0.5122,0.0,0.048,staircase3,no_load
11.2457,35.4309,23.3789,23.8916,-0.5127,0.0,0.048,staircase3,no_load
11.256112,35.4309,23.3789,23.8921,-0.5132,0.0,0.047,staircase3,no_load
11.266702,35.4309,23.4668,23.8926,-0.4258,8.3,0.047,staircase3,no_load
11.276952,35.4309,23.5547,23.8930,-0.3383,8.576,0.047,staircase3,no_load
11.28718,35.4309,23.8184,23.8935,-0.0751,25.782,0.046,staircase3,no_load
11.297756,35.4309,24.2578,23.8940,0.3638,41.547,0.046,staircase3,no_load
11.307991,35.4309,24.8730,24.0287,0.8443,60.107,13.480,staircase3,no_load
11.318203,35.4309,25.5762,24.6511,0.9251,68.86,62.237,staircase3,no_load
11.328788,35.4309,26.6309,25.5692,1.0617,99.641,91.809,staircase3,no_load
11.339021,35.4309,27.5977,26.6153,0.9824,94.479,104.610,staircase3,no_load
11.349251,35.4309,28.6523,27.6900,0.9623,103.089,107.468,staircase3,no_load
11.35978,35.4309,29.7070,28.7306,0.9764,100.171,104.065,staircase3,no_load
11.370379,35.4309,30.5859,30.1521,0.4338,82.923,94.765,staircase3,no_load
11.381383,35.4309,31.4648,30.9831,0.4817,79.871,83.105,staircase3,no_load
11.392056,35.4309,32.1680,31.7157,0.4523,65.886,73.257,staircase3,no_load
11.40313,35.4309,32.6953,32.3525,0.3428,47.616,63.678,staircase3,no_load
11.413547,35.4309,33.1348,32.8997,0.2351,42.191,54.723,staircase3,no_load
11.424238,35.4309,33.4863,33.3655,0.1208,32.878,46.582,staircase3,no_load
11.435241,35.4309,33.7500,33.9312,-0.1812,23.966,37.709,staircase3,no_load
11.445615,35.4309,33.9258,34.2325,-0.3067,16.946,30.131,staircase3,no_load
11.455883,35.4309,34.1895,34.4829,-0.2934,25.682,25.043,staircase3,no_load
11.466154,35.4309,34.3652,34.6900,-0.3248,17.106,20.708,staircase3,no_load
11.476709,35.4309,34.4531,34.8604,-0.4073,8.328,17.045,staircase3,no_load
11.487632,35.4309,34.6289,35.0001,-0.3712,16.094,13.971,staircase3,no_load
11.497928,35.4309,34.7168,35.1142,-0.3974,8.537,11.408,staircase3,no_load
11.508291,35.4309,34.8926,35.2071,-0.3145,16.964,9.283,staircase3,no_load
11.518716,35.4309,34.8926,35.2823,-0.3897,0.0,7.529,staircase3,no_load
11.529027,35.4309,34.9805,35.3432,-0.3627,8.525,6.088,staircase3,no_load
11.539614,35.4309,34.9805,35.3923,-0.4118,0.0,4.908,staircase3,no_load
11.549816,35.4309,35.0684,35.4318,-0.3634,8.616,3.947,staircase3,no_load
11.560062,35.4309,35.1563,35.4768,-0.3205,8.579,3.001,staircase3,no_load
11.570298,35.4309,35.2441,35.4994,-0.2553,8.578,2.263,staircase3,no_load
11.580512,35.4309,35.2441,35.5175,-0.2734,0.0,1.804,staircase3,no_load
11.591666,35.4309,35.2441,35.5318,-0.2877,0.0,1.435,staircase3,no_load
11.602078,35.4309,35.3320,35.5432,-0.2112,8.442,1.139,staircase3,no_load
11.612355,35.4309,35.3320,35.5522,-0.2202,0.0,0.902,staircase3,no_load
11.622566,35.4309,35.3320,35.5593,-0.2273,0.0,0.712,staircase3,no_load
11.633024,35.4309,35.3320,35.5649,-0.2329,0.0,0.562,staircase3,no_load
11.643516,35.4309,35.3320,35.5694,-0.2374,0.0,0.442,staircase3,no_load
11.65384,35.4309,35.3320,35.5728,-0.2408,0.0,0.347,staircase3,no_load
11.664214,35.4309,35.3320,35.5756,-0.2436,0.0,0.272,staircase3,no_load
11.674352,35.4309,35.3320,35.5777,-0.2457,0.0,0.213,staircase3,no_load
11.684679,35.4309,35.3320,35.5794,-0.2474,0.0,0.166,staircase3,no_load
11.695527,35.4309,35.3320,35.5813,-0.2493,0.0,0.127,staircase3,no_load
11.706032,35.4309,35.3320,35.5824,-0.2504,0.0,0.112,staircase3,no_load
11.716539,35.4309,35.3320,35.5834,-0.2514,0.0,0.107,staircase3,no_load
11.726769,35.4309,35.3320,35.5845,-0.2525,0.0,0.105,staircase3,no_load
11.73711,35.4309,35.3320,35.5855,-0.2535,0.0,0.104,staircase3,no_load
11.747331,35.4309,35.3320,35.5866,-0.2546,0.0,0.103,staircase3,no_load
11.758132,35.4309,35.3320,35.5876,-0.2556,0.0,0.103,staircase3,no_load
11.768352,35.4309,35.3320,35.5886,-0.2566,0.0,0.102,staircase3,no_load
11.779417,35.4309,35.3320,35.5896,-0.2576,0.0,0.101,staircase3,no_load
11.79006,35.4309,35.3320,35.5911,-0.2591,0.0,0.100,staircase3,no_load
11.800562,35.4309,35.3320,35.5921,-0.2601,0.0,0.099,staircase3,no_load
11.811306,35.4309,35.3320,35.5931,-0.2611,0.0,0.099,staircase3,no_load
11.821699,35.4309,35.3320,35.5941,-0.2621,0.0,0.098,staircase3,no_load
11.831877,35.4309,35.3320,35.5951,-0.2631,0.0,0.097,staircase3,no_load
11.842197,35.4309,35.3320,35.5960,-0.2640,0.0,0.097,staircase3,no_load
11.852593,35.4309,35.3320,35.5970,-0.2650,0.0,0.096,staircase3,no_load
11.862824,35.4309,35.3320,35.5979,-0.2659,0.0,0.095,staircase3,no_load
11.873389,35.4309,35.3320,35.5989,-0.2669,0.0,0.095,staircase3,no_load
11.884162,35.4309,35.3320,35.5998,-0.2678,0.0,0.094,staircase3,no_load
11.894755,35.4309,35.3320,35.6008,-0.2688,0.0,0.093,staircase3,no_load
11.90493,35.4309,35.3320,35.6017,-0.2697,0.0,0.093,staircase3,no_load
11.915479,35.4309,35.3320,35.6031,-0.2711,0.0,0.092,staircase3,no_load
11.926271,35.4309,35.3320,35.6040,-0.2720,0.0,0.091,staircase3,no_load
11.936561,35.4309,35.3320,35.6049,-0.2729,0.0,0.090,staircase3,no_load
11.946833,35.4309,35.3320,35.6058,-0.2738,0.0,0.090,staircase3,no_load
11.957055,35.4309,35.3320,35.6067,-0.2747,0.0,0.089,staircase3,no_load
11.967289,35.4309,35.3320,35.6076,-0.2756,0.0,0.089,staircase3,no_load
11.97752,35.4309,35.3320,35.6084,-0.2764,0.0,0.088,staircase3,no_load
11.98775,35.4309,35.3320,35.6093,-0.2773,0.0,0.087,staircase3,no_load
11.998338,35.4309,35.3320,35.6102,-0.2782,0.0,0.087,staircase3,no_load
12.008558,35.4309,35.3320,35.6110,-0.2790,0.0,0.086,staircase3,no_load
12.018986,35.4309,35.3320,35.6119,-0.2799,0.0,0.085,staircase3,no_load
12.029168,35.4309,35.3320,35.6127,-0.2807,0.0,0.085,staircase3,no_load
12.039734,35.4309,35.3320,35.6136,-0.2816,0.0,0.084,staircase3,no_load
12.049962,35.4309,35.3320,35.6144,-0.2824,0.0,0.084,staircase3,no_load
12.06052,35.4309,35.3320,35.6157,-0.2837,0.0,0.083,staircase3,no_load
12.07076,35.4309,35.3320,35.6165,-0.2845,0.0,0.082,staircase3,no_load
12.080923,35.4309,35.3320,35.6173,-0.2853,0.0,0.082,staircase3,no_load
12.091466,35.4309,35.3320,35.6181,-0.2861,0.0,0.081,staircase3,no_load
12.101739,35.4309,35.3320,35.6189,-0.2869,0.0,0.081,staircase3,no_load
12.112735,35.4309,35.3320,35.6197,-0.2877,0.0,0.080,staircase3,no_load
12.12315,35.4309,35.3320,35.6205,-0.2885,0.0,0.079,staircase3,no_load
12.134156,35.4309,35.3320,35.6213,-0.2893,0.0,0.079,staircase3,no_load
12.14475,35.4309,35.3320,35.6221,-0.2901,0.0,0.078,staircase3,no_load
12.155474,35.4309,35.3320,35.6233,-0.2913,0.0,0.078,staircase3,no_load
12.166129,35.4309,35.3320,35.6240,-0.2920,0.0,0.077,staircase3,no_load
12.176562,35.4309,35.3320,35.6248,-0.2928,0.0,0.076,staircase3,no_load
12.186911,35.4309,35.3320,35.6255,-0.2935,0.0,0.076,staircase3,no_load
12.197159,35.4309,35.3320,35.6263,-0.2943,0.0,0.075,staircase3,no_load
12.207504,35.4309,35.3320,35.6270,-0.2950,0.0,0.075,staircase3,no_load
12.217995,35.4309,35.3320,35.6278,-0.2958,0.0,0.074,staircase3,no_load
12.2283,35.4309,35.3320,35.6285,-0.2965,0.0,0.074,staircase3,no_load
12.239092,35.4309,35.3320,35.6293,-0.2973,0.0,0.073,staircase3,no_load
12.249727,35.4309,35.3320,35.6300,-0.2980,0.0,0.073,staircase3,no_load
12.259988,35.4309,35.3320,35.6307,-0.2987,0.0,0.072,staircase3,no_load
12.270233,35.4309,35.3320,35.6318,-0.2998,0.0,0.072,staircase3,no_load
12.280478,35.4309,35.3320,35.6325,-0.3005,0.0,0.071,staircase3,no_load
12.290725,35.4309,35.3320,35.6332,-0.3012,0.0,0.071,staircase3,no_load
12.300975,35.4309,35.3320,35.6339,-0.3019,0.0,0.070,staircase3,no_load
12.311735,35.4309,35.3320,35.6346,-0.3026,0.0,0.070,staircase3,no_load
12.322205,35.4309,35.3320,35.6353,-0.3033,0.0,0.069,staircase3,no_load
12.332613,35.4309,35.3320,35.6360,-0.3040,0.0,0.069,staircase3,no_load
12.342892,35.4309,35.3320,35.6367,-0.3047,0.0,0.068,staircase3,no_load
12.353269,35.4309,35.3320,35.6373,-0.3053,0.0,0.068,staircase3,no_load
12.363971,35.4309,35.3320,35.6380,-0.3060,0.0,0.067,staircase3,no_load
12.374615,35.4309,35.3320,35.6387,-0.3067,0.0,0.067,staircase3,no_load
12.385163,35.4309,35.3320,35.6397,-0.3077,0.0,0.066,staircase3,no_load
12.395599,35.4309,35.3320,35.6403,-0.3083,0.0,0.066,staircase3,no_load
12.406761,35.4309,35.3320,35.6410,-0.3090,0.0,0.065,staircase3,no_load
12.417126,35.4309,35.3320,35.6416,-0.3096,0.0,0.065,staircase3,no_load
12.427495,35.4309,35.3320,35.6423,-0.3103,0.0,0.064,staircase3,no_load
12.437717,35.4309,35.3320,35.6429,-0.3109,0.0,0.064,staircase3,no_load
12.448268,35.4309,35.3320,35.6435,-0.3115,0.0,0.063,staircase3,no_load
12.458618,35.4309,35.3320,35.6442,-0.3122,0.0,0.063,staircase3,no_load
12.468964,35.4309,35.3320,35.6448,-0.3128,0.0,0.062,staircase3,no_load
12.48029,35.4309,35.3320,35.6457,-0.3137,0.0,0.062,staircase3,no_load
12.490614,35.4309,35.3320,35.6463,-0.3143,0.0,0.061,staircase3,no_load
12.500929,35.4309,35.3320,35.6469,-0.3149,0.0,0.061,staircase3,no_load
12.511675,35.4309,35.3320,35.6475,-0.3155,0.0,0.060,staircase3,no_load
12.522049,35.4309,35.3320,35.6481,-0.3161,0.0,0.060,staircase3,no_load
12.532537,35.4309,35.3320,35.6487,-0.3167,0.0,0.060,staircase3,no_load
12.543126,35.4309,35.3320,35.6493,-0.3173,0.0,0.059,staircase3,no_load
12.553468,35.4309,35.3320,35.6499,-0.3179,0.0,0.059,staircase3,no_load
12.563719,35.4309,35.3320,35.6505,-0.3185,0.0,0.058,staircase3,no_load
12.574036,35.4309,35.3320,35.6511,-0.3191,0.0,0.058,staircase3,no_load
12.584517,35.4309,35.3320,35.6516,-0.3196,0.0,0.058,staircase3,no_load
12.595035,35.4309,35.3320,35.6525,-0.3205,0.0,0.057,staircase3,no_load
12.605216,35.4309,35.3320,35.6531,-0.3211,0.0,0.057,staircase3,no_load
12.616126,35.4309,35.3320,35.6536,-0.3216,0.0,0.056,staircase3,no_load
12.626817,35.4309,35.3320,35.6542,-0.3222,0.0,0.056,staircase3,no_load
12.637552,35.4309,35.3320,35.6547,-0.3227,0.0,0.055,staircase3,no_load
12.64796,35.4309,35.3320,35.6553,-0.3233,0.0,0.055,staircase3,no_load
12.658626,35.4309,35.3320,35.6558,-0.3238,0.0,0.055,staircase3,no_load
12.668936,35.4309,35.3320,35.6564,-0.3244,0.0,0.054,staircase3,no_load
12.679338,35.4309,35.3320,35.6569,-0.3249,0.0,0.054,staircase3,no_load
12.689902,35.4309,35.3320,35.6574,-0.3254,0.0,0.053,staircase3,no_load
12.700415,35.4309,35.3320,35.6582,-0.3262,0.0,0.053,staircase3,no_load
12.711008,35.4309,35.3320,35.6588,-0.3268,0.0,0.053,staircase3,no_load
12.721986,35.4309,35.3320,35.6593,-0.3273,0.0,0.052,staircase3,no_load
12.732689,35.4309,35.3320,35.6598,-0.3278,0.0,0.052,staircase3,no_load
12.74303,35.4309,35.3320,35.6603,-0.3283,0.0,0.051,staircase3,no_load
12.753609,35.4309,35.3320,35.6608,-0.3288,0.0,0.051,staircase3,no_load
12.763996,35.4309,35.3320,35.6613,-0.3293,0.0,0.051,staircase3,no_load
12.774372,35.4309,35.3320,35.6618,-0.3298,0.0,0.050,staircase3,no_load
12.785346,35.4309,35.3320,35.6626,-0.3306,0.0,0.050,staircase3,no_load
12.795826,35.4309,35.3320,35.6631,-0.3311,0.0,0.049,staircase3,no_load
12.806309,35.4309,35.3320,35.6636,-0.3316,0.0,0.049,staircase3,no_load
12.816843,35.4309,35.3320,35.6641,-0.3321,0.0,0.049,staircase3,no_load
12.827262,35.4309,35.3320,35.6645,-0.3325,0.0,0.048,staircase3,no_load
12.838478,47.2412,35.3320,35.6650,-0.3330,0.0,0.048,staircase3,no_load
12.849332,47.2412,35.3320,35.6655,-0.3335,0.0,0.048,staircase3,no_load
12.859957,47.2412,35.3320,35.6660,-0.3340,0.0,0.047,staircase3,no_load
12.871414,47.2412,35.4199,35.6667,-0.2468,7.672,0.047,staircase3,no_load
12.882818,47.2412,35.5078,35.6672,-0.1594,7.708,0.047,staircase3,no_load
12.89372,47.2412,35.8594,35.6676,0.1918,32.251,0.046,staircase3,no_load
12.904283,47.2412,36.2988,35.6681,0.6307,41.598,0.046,staircase3,no_load
12.914765,47.2412,37.0020,36.0570,0.9450,67.086,38.891,staircase3,no_load
12.925157,47.2412,37.8809,37.3376,0.5433,84.575,85.376,staircase3,no_load
12.935763,47.2412,38.7598,38.3826,0.3772,82.868,104.502,staircase3,no_load
12.946552,47.2412,39.9023,39.4569,0.4454,105.895,107.420,staircase3,no_load
12.956874,47.2412,40.9570,40.4974,0.4596,102.18,104.051,staircase3,no_load
12.967212,47.2412,41.9238,41.4671,0.4567,93.519,96.976,staircase3,no_load
12.977853,47.2412,42.8027,42.3467,0.4560,82.596,87.959,staircase3,no_load
12.988604,47.2412,43.5938,43.1285,0.4653,73.584,78.180,staircase3,no_load
12.999515,47.2412,44.2969,43.8125,0.4844,64.44,68.402,staircase3,no_load
13.010232,47.2412,44.7363,44.6663,0.0700,41.0,56.917,staircase3,no_load
13.021338,47.2412,45.1758,45.1319,0.0439,39.573,46.560,staircase3,no_load
13.031538,47.2412,45.4395,45.5250,-0.0855,25.853,39.306,staircase3,no_load
13.041887,47.2412,45.6152,45.8545,-0.2393,16.977,32.951,staircase3,no_load
13.052332,47.2412,45.8789,46.1290,-0.2501,25.247,27.455,staircase3,no_load
13.06325,47.2412,46.0547,46.3565,-0.3018,16.102,22.752,staircase3,no_load
13.073786,47.2412,46.2305,46.5442,-0.3137,16.686,18.764,staircase3,no_load
13.084327,47.2412,46.4062,46.6982,-0.2920,16.668,15.406,staircase3,no_load
13.094843,47.2412,46.4941,46.8242,-0.3301,8.359,12.599,staircase3,no_load
13.10549,47.2412,46.5820,46.9707,-0.3887,8.256,9.768,staircase3,no_load
13.115617,47.2412,46.6699,47.0458,-0.3759,8.68,7.502,staircase3,no_load
13.125793,47.2412,46.7578,47.1064,-0.3486,8.638,6.063,staircase3,no_load
13.136762,47.2412,46.8457,47.1553,-0.3096,8.013,4.886,staircase3,no_load
13.147172,47.2412,46.9336,47.1945,-0.2609,8.444,3.926,staircase3,no_load
13.158027,47.2412,46.9336,47.2260,-0.2924,0.0,3.147,staircase3,no_load
13.168291,47.2412,46.9336,47.2511,-0.3175,0.0,2.516,staircase3,no_load
13.17845,47.2412,46.9336,47.2712,-0.3376,0.0,2.007,staircase3,no_load
13.188945,47.2412,46.9336,47.2872,-0.3536,0.0,1.597,staircase3,no_load
13.199859,47.2412,46.9336,47.2999,-0.3663,0.0,1.268,staircase3,no_load
13.209978,47.2412,46.9336,47.3099,-0.3763,0.0,1.004,staircase3,no_load
13.220236,47.2412,46.9336,47.3211,-0.3875,0.0,0.750,staircase3,no_load
13.230499,47.2412,46.9336,47.3267,-0.3931,0.0,0.555,staircase3,no_load
13.242759,47.2412,46.9336,47.3311,-0.3975,0.0,0.437,staircase3,no_load
13.25333,47.2412,46.9336,47.3345,-0.4009,0.0,0.343,staircase3,no_load
13.264144,47.2412,46.9336,47.3372,-0.4036,0.0,0.268,staircase3,no_load
13.274624,47.2412,46.9336,47.3393,-0.4057,0.0,0.210,staircase3,no_load
13.28564,47.2412,46.9336,47.3416,-0.4080,0.0,0.154,staircase3,no_load
13.296248,47.2412,46.9336,47.3428,-0.4092,0.0,0.120,staircase3,no_load
13.306618,47.2412,46.9336,47.3439,-0.4103,0.0,0.111,staircase3,no_load
13.31713,47.2412,46.9336,47.3450,-0.4114,0.0,0.107,staircase3,no_load
13.328244,47.2412,46.9336,47.3460,-0.4124,0.0,0.105,staircase3,no_load
13.338778,47.2412,46.9336,47.3471,-0.4135,0.0,0.104,staircase3,no_load
13.349765,47.2412,46.9336,47.3481,-0.4145,0.0,0.103,staircase3,no_load
13.360316,47.2412,46.9336,47.3496,-0.4160,0.0,0.102,staircase3,no_load
13.37065,47.2412,46.9336,47.3506,-0.4170,0.0,0.101,staircase3,no_load
13.381492,47.2412,46.9336,47.3517,-0.4181,0.0,0.101,staircase3,no_load
13.391949,47.2412,46.9336,47.3526,-0.4190,0.0,0.100,staircase3,no_load
13.402652,47.2412,46.9336,47.3536,-0.4200,0.0,0.099,staircase3,no_load
13.413214,47.2412,46.9336,47.3546,-0.4210,0.0,0.099,staircase3,no_load
13.423835,47.2412,46.9336,47.3556,-0.4220,0.0,0.098,staircase3,no_load
13.434229,47.2412,46.9336,47.3566,-0.4230,0.0,0.097,staircase3,no_load
13.44514,47.2412,46.9336,47.3580,-0.4244,0.0,0.096,staircase3,no_load
13.455932,47.2412,46.9336,47.3590,-0.4254,0.0,0.096,staircase3,no_load
13.466187,47.2412,46.9336,47.3599,-0.4263,0.0,0.095,staircase3,no_load
13.476573,47.2412,46.9336,47.3609,-0.4273,0.0,0.094,staircase3,no_load
13.487253,47.2412,46.9336,47.3618,-0.4282,0.0,0.094,staircase3,no_load
13.497666,47.2412,46.9336,47.3627,-0.4291,0.0,0.093,staircase3,no_load
13.508091,47.2412,46.9336,47.3637,-0.4301,0.0,0.092,staircase3,no_load
13.518565,47.2412,46.9336,47.3646,-0.4310,0.0,0.092,staircase3,no_load
13.529284,47.2412,46.9336,47.3655,-0.4319,0.0,0.091,staircase3,no_load
13.53985,47.2412,46.9336,47.3664,-0.4328,0.0,0.090,staircase3,no_load
13.550714,47.2412,46.9336,47.3677,-0.4341,0.0,0.090,staircase3,no_load
13.561596,47.2412,46.9336,47.3686,-0.4350,0.0,0.089,staircase3,no_load
13.57253,47.2412,46.9336,47.3695,-0.4359,0.0,0.088,staircase3,no_load
13.582958,47.2412,46.9336,47.3704,-0.4368,0.0,0.088,staircase3,no_load
13.593475,47.2412,46.9336,47.3712,-0.4376,0.0,0.087,staircase3,no_load
13.603969,47.2412,46.9336,47.3721,-0.4385,0.0,0.086,staircase3,no_load
13.614633,47.2412,46.9336,47.3730,-0.4394,0.0,0.086,staircase3,no_load
13.624936,47.2412,46.9336,47.3738,-0.4402,0.0,0.085,staircase3,no_load
13.635581,47.2412,46.9336,47.3751,-0.4415,0.0,0.084,staircase3,no_load
13.645948,47.2412,46.9336,47.3759,-0.4423,0.0,0.084,staircase3,no_load
13.656534,47.2412,46.9336,47.3768,-0.4432,0.0,0.083,staircase3,no_load
13.667224,47.2412,46.9336,47.3776,-0.4440,0.0,0.082,staircase3,no_load
13.677726,47.2412,46.9336,47.3784,-0.4448,0.0,0.082,staircase3,no_load
13.688421,47.2412,46.9336,47.3792,-0.4456,0.0,0.081,staircase3,no_load
13.699145,47.2412,46.9336,47.3800,-0.4464,0.0,0.081,staircase3,no_load
13.709389,47.2412,46.9336,47.3808,-0.4472,0.0,0.080,staircase3,no_load
13.720107,47.2412,46.9336,47.3820,-0.4484,0.0,0.080,staircase3,no_load
13.730794,47.2412,46.9336,47.3828,-0.4492,0.0,0.079,staircase3,no_load
13.741245,47.2412,46.9336,47.3836,-0.4500,0.0,0.078,staircase3,no_load
13.751867,47.2412,46.9336,47.3844,-0.4508,0.0,0.078,staircase3,no_load
13.762481,47.2412,46.9336,47.3851,-0.4515,0.0,0.077,staircase3,no_load
13.773343,47.2412,46.9336,47.3859,-0.4523,0.0,0.077,staircase3,no_load
13.783726,47.2412,46.9336,47.3867,-0.4531,0.0,0.076,staircase3,no_load
13.794241,47.2412,46.9336,47.3874,-0.4538,0.0,0.076,staircase3,no_load
13.804724,47.2412,46.9336,47.3882,-0.4546,0.0,0.075,staircase3,no_load
13.815365,47.2412,46.9336,47.3893,-0.4557,0.0,0.074,staircase3,no_load
13.826484,47.2412,46.9336,47.3900,-0.4564,0.0,0.074,staircase3,no_load
13.837204,47.2412,46.9336,47.3907,-0.4571,0.0,0.073,staircase3,no_load
13.847426,47.2412,46.9336,47.3915,-0.4579,0.0,0.073,staircase3,no_load
13.858009,47.2412,46.9336,47.3922,-0.4586,0.0,0.072,staircase3,no_load
13.868652,47.2412,46.9336,47.3929,-0.4593,0.0,0.072,staircase3,no_load
13.879205,47.2412,46.9336,47.3936,-0.4600,0.0,0.071,staircase3,no_load
13.889734,47.2412,46.9336,47.3943,-0.4607,0.0,0.071,staircase3,no_load
13.899953,47.2412,46.9336,47.3950,-0.4614,0.0,0.070,staircase3,no_load
13.911025,47.2412,46.9336,47.3961,-0.4625,0.0,0.070,staircase3,no_load
13.921479,47.2412,46.9336,47.3968,-0.4632,0.0,0.069,staircase3,no_load
13.931758,47.2412,46.9336,47.3975,-0.4639,0.0,0.068,staircase3,no_load
13.942662,47.2412,46.9336,47.3981,-0.4645,0.0,0.068,staircase3,no_load
13.953546,47.2412,46.9336,47.3988,-0.4652,0.0,0.068,staircase3,no_load
13.963812,47.2412,46.9336,47.3995,-0.4659,0.0,0.067,staircase3,no_load
13.974235,47.2412,46.9336,47.4001,-0.4665,0.0,0.067,staircase3,no_load
13.984945,47.2412,46.9336,47.4008,-0.4672,0.0,0.066,staircase3,no_load
13.995525,47.2412,46.9336,47.4018,-0.4682,0.0,0.066,staircase3,no_load
14.00601,47.2412,46.9336,47.4024,-0.4688,0.0,0.065,staircase3,no_load
14.016357,47.2412,46.9336,47.4031,-0.4695,0.0,0.065,staircase3,no_load
14.026765,47.2412,46.9336,47.4037,-0.4701,0.0,0.064,staircase3,no_load
14.037461,47.2412,46.9336,47.4044,-0.4708,0.0,0.064,staircase3,no_load
14.048505,47.2412,46.9336,47.4050,-0.4714,0.0,0.063,staircase3,no_load
14.059141,47.2412,46.9336,47.4056,-0.4720,0.0,0.063,staircase3,no_load
14.069504,47.2412,46.9336,47.4062,-0.4726,0.0,0.062,staircase3,no_load
14.079637,47.2412,46.9336,47.4069,-0.4733,0.0,0.062,staircase3,no_load
14.090058,47.2412,46.9336,47.4078,-0.4742,0.0,0.061,staircase3,no_load
14.10031,47.2412,46.9336,47.4084,-0.4748,0.0,0.061,staircase3,no_load
14.110975,47.2412,46.9336,47.4090,-0.4754,0.0,0.060,staircase3,no_load
14.122015,47.2412,46.9336,47.4096,-0.4760,0.0,0.060,staircase3,no_load
14.132408,47.2412,46.9336,47.4102,-0.4766,0.0,0.060,staircase3,no_load
14.142667,47.2412,46.9336,47.4108,-0.4772,0.0,0.059,staircase3,no_load
14.152821,47.2412,46.9336,47.4114,-0.4778,0.0,0.059,staircase3,no_load
14.16314,47.2412,46.9336,47.4119,-0.4783,0.0,0.058,staircase3,no_load
14.173602,47.2412,46.9336,47.4125,-0.4789,0.0,0.058,staircase3,no_load
14.183858,47.2412,46.9336,47.4131,-0.4795,0.0,0.057,staircase3,no_load
14.194295,47.2412,46.9336,47.4137,-0.4801,0.0,0.057,staircase3,no_load
14.204987,47.2412,46.9336,47.4142,-0.4806,0.0,0.057,staircase3,no_load
14.215213,47.2412,46.9336,47.4151,-0.4815,0.0,0.056,staircase3,no_load
14.225598,47.2412,46.9336,47.4156,-0.4820,0.0,0.056,staircase3,no_load
14.235903,47.2412,46.9336,47.4162,-0.4826,0.0,0.055,staircase3,no_load
14.246276,47.2412,46.9336,47.4167,-0.4831,0.0,0.055,staircase3,no_load
14.256826,47.2412,46.9336,47.4173,-0.4837,0.0,0.055,staircase3,no_load
14.267273,47.2412,46.9336,47.4178,-0.4842,0.0,0.054,staircase3,no_load
14.277898,47.2412,46.9336,47.4184,-0.4848,0.0,0.054,staircase3,no_load
14.288453,47.2412,46.9336,47.4189,-0.4853,0.0,0.053,staircase3,no_load
14.299007,47.2412,46.9336,47.4194,-0.4858,0.0,0.053,staircase3,no_load
14.309462,47.2412,46.9336,47.4200,-0.4864,0.0,0.053,staircase3,no_load
14.320113,47.2412,46.9336,47.4207,-0.4871,0.0,0.052,staircase3,no_load
14.330523,47.2412,46.9336,47.4213,-0.4877,0.0,0.052,staircase3,no_load
14.34065,47.2412,46.9336,47.4218,-0.4882,0.0,0.051,staircase3,no_load
14.351519,47.2412,46.9336,47.4223,-0.4887,0.0,0.051,staircase3,no_load
14.362234,47.2412,46.9336,47.4228,-0.4892,0.0,0.051,staircase3,no_load
14.372453,47.2412,46.9336,47.4233,-0.4897,0.0,0.050,staircase3,no_load
14.383011,47.2412,46.9336,47.4238,-0.4902,0.0,0.050,staircase3,no_load
14.393592,47.2412,46.9336,47.4243,-0.4907,0.0,0.050,staircase3,no_load
14.403808,47.2412,46.9336,47.4248,-0.4912,0.0,0.049,staircase3,no_load
14.413978,47.2412,46.9336,47.4253,-0.4917,0.0,0.049,staircase3,no_load
14.424798,47.2412,46.9336,47.4258,-0.4922,0.0,0.049,staircase3,no_load
14.435814,47.2412,46.9336,47.4265,-0.4929,0.0,0.048,staircase3,no_load
14.447035,35.4309,46.9336,47.4269,-0.4933,0.0,0.048,staircase3,no_load
14.457847,35.4309,46.9336,47.4274,-0.4938,0.0,0.047,staircase3,no_load
14.468197,35.4309,46.9336,47.4279,-0.4943,0.0,0.047,staircase3,no_load
14.478822,35.4309,46.9336,47.4284,-0.4948,0.0,0.047,staircase3,no_load
14.489481,35.4309,46.8457,47.4288,-0.5831,-8.247,0.046,staircase3,no_load
14.49966,35.4309,46.7578,47.4293,-0.6715,-8.635,0.046,staircase3,no_load
14.510228,35.4309,46.4941,47.4300,-0.9359,-24.953,0.046,staircase3,no_load
14.520503,35.4309,45.9668,47.0672,-1.1004,-51.319,-36.279,staircase3,no_load
14.530696,35.4309,45.3516,46.3127,-0.9611,-60.355,-75.447,staircase3,no_load
14.541507,35.4309,44.4727,45.3468,-0.8741,-81.297,-96.588,staircase3,no_load
14.552163,35.4309,43.5059,44.2973,-0.7914,-90.728,-104.954,staircase3,no_load
14.562317,35.4309,42.5391,43.2467,-0.7076,-95.214,-105.054,staircase3,no_load
14.572631,35.4309,41.5723,42.2461,-0.6738,-93.737,-100.062,staircase3,no_load
14.583136,35.4309,40.6934,41.3243,-0.6309,-83.665,-92.177,staircase3,no_load
14.593432,35.4309,39.9902,40.4954,-0.5052,-68.298,-82.891,staircase3,no_load
14.604626,35.4309,39.2871,39.7635,-0.4764,-62.81,-73.191,staircase3,no_load
14.615375,35.4309,38.7598,38.8418,-0.0820,-49.056,-61.446,staircase3,no_load
14.625693,35.4309,38.4961,38.3355,0.1606,-25.557,-50.638,staircase3,no_load
14.63621,35.4309,38.1445,37.9059,0.2386,-33.432,-42.957,staircase3,no_load
14.646911,35.4309,37.8809,37.5442,0.3367,-24.633,-36.165,staircase3,no_load
14.657731,35.4309,37.7051,37.2418,0.4633,-16.248,-30.246,staircase3,no_load
14.66888,35.4309,37.4414,36.9903,0.4511,-23.652,-25.150,staircase3,no_load
14.679131,35.4309,37.2656,36.7822,0.4834,-17.15,-20.805,staircase3,no_load
14.689728,35.4309,37.1777,36.6109,0.5668,-8.295,-17.130,staircase3,no_load
14.700079,35.4309,37.0020,36.4102,0.5918,-16.974,-13.383,staircase3,no_load
14.710741,35.4309,36.9141,36.3066,0.6075,-8.244,-10.355,staircase3,no_load
14.721218,35.4309,36.7383,36.2225,0.5158,-16.78,-8.414,staircase3,no_load
14.73221,35.4309,36.7383,36.1543,0.5840,0.0,-6.815,staircase3,no_load
14.742494,35.4309,36.7383,36.0993,0.6390,0.0,-5.503,staircase3,no_load
14.752917,35.4309,36.6504,36.0550,0.5954,-8.433,-4.432,staircase3,no_load
14.763739,35.4309,36.5625,36.0194,0.5431,-8.122,-3.560,staircase3,no_load
14.774376,35.4309,36.4746,35.9909,0.4837,-8.264,-2.852,staircase3,no_load
14.78474,35.4309,36.3867,35.9681,0.4186,-8.481,-2.279,staircase3,no_load
14.795239,35.4309,36.3867,35.9423,0.4444,0.0,-1.721,staircase3,no_load
14.805712,35.4309,36.3867,35.9294,0.4573,0.0,-1.288,staircase3,no_load
14.816472,35.4309,36.3867,35.9192,0.4675,0.0,-1.021,staircase3,no_load
14.827629,35.4309,36.3867,35.9111,0.4756,0.0,-0.808,staircase3,no_load
14.838282,35.4309,36.3867,35.9047,0.4820,0.0,-0.638,staircase3,no_load
14.848941,35.4309,36.3867,35.8997,0.4870,0.0,-0.503,staircase3,no_load
14.859539,35.4309,36.3867,35.8957,0.4910,0.0,-0.395,staircase3,no_load
14.8701,35.4309,36.3867,35.8914,0.4953,0.0,-0.293,staircase3,no_load
14.880732,35.4309,36.3867,35.8892,0.4975,0.0,-0.215,staircase3,no_load
14.892161,35.4309,36.3867,35.8875,0.4992,0.0,-0.168,staircase3,no_load
14.902341,35.4309,36.3867,35.8862,0.5005,0.0,-0.132,staircase3,no_load
14.912659,35.4309,36.3867,35.8850,0.5017,0.0,-0.116,staircase3,no_load
14.922921,35.4309,36.3867,35.8840,0.5027,0.0,-0.109,staircase3,no_load
14.933228,35.4309,36.3867,35.8829,0.5038,0.0,-0.106,staircase3,no_load
14.94379,35.4309,36.3867,35.8818,0.5049,0.0,-0.105,staircase3,no_load
14.954155,35.4309,36.3867,35.8808,0.5059,0.0,-0.104,staircase3,no_load
14.964499,35.4309,36.3867,35.8798,0.5069,0.0,-0.103,staircase3,no_load
14.97552,35.4309,36.3867,35.8782,0.5085,0.0,-0.102,staircase3,no_load
14.986147,35.4309,36.3867,35.8772,0.5095,0.0,-0.101,staircase3,no_load
14.996549,35.4309,36.3867,35.8762,0.5105,0.0,-0.100,staircase3,no_load
15.008041,35.4309,36.3867,35.8752,0.5115,0.0,-0.100,staircase3,no_load
15.018726,35.4309,36.3867,35.8742,0.5125,0.0,-0.099,staircase3,no_load
15.030142,35.4309,36.3867,35.8728,0.5139,0.0,-0.098,staircase3,no_load
15.040653,35.4309,36.3867,35.8718,0.5149,0.0,-0.097,staircase3,no_load
15.051141,35.4309,36.3867,35.8708,0.5159,0.0,-0.097,staircase3,no_load
15.062089,35.4309,36.3867,35.8699,0.5168,0.0,-0.096,staircase3,no_load
15.073062,35.4309,36.3867,35.8689,0.5178,0.0,-0.095,staircase3,no_load
15.0835,35.4309,36.3867,35.8680,0.5187,0.0,-0.095,staircase3,no_load
15.093624,35.4309,36.3867,35.8670,0.5197,0.0,-0.094,staircase3,no_load
15.103795,35.4309,36.3867,35.8661,0.5206,0.0,-0.093,staircase3,no_load
15.114316,35.4309,36.3867,35.8652,0.5215,0.0,-0.093,staircase3,no_load
15.124505,35.4309,36.3867,35.8643,0.5224,0.0,-0.092,staircase3,no_load
15.135469,35.4309,36.3867,35.8629,0.5238,0.0,-0.091,staircase3,no_load
15.145625,35.4309,36.3867,35.8620,0.5247,0.0,-0.090,staircase3,no_load
15.155849,35.4309,36.3867,35.8611,0.5256,0.0,-0.090,staircase3,no_load
15.166441,35.4309,36.3867,35.8602,0.5265,0.0,-0.089,staircase3,no_load
15.176903,35.4309,36.3867,35.8593,0.5274,0.0,-0.089,staircase3,no_load
15.187179,35.4309,36.3867,35.8584,0.5283,0.0,-0.088,staircase3,no_load
15.197766,35.4309,36.3867,35.8575,0.5292,0.0,-0.087,staircase3,no_load
15.208097,35.4309,36.3867,35.8567,0.5300,0.0,-0.087,staircase3,no_load
15.218952,35.4309,36.3867,35.8558,0.5309,0.0,-0.086,staircase3,no_load
15.229324,35.4309,36.3867,35.8550,0.5317,0.0,-0.086,staircase3,no_load
15.239905,35.4309,36.3867,35.8541,0.5326,0.0,-0.085,staircase3,no_load
15.250306,35.4309,36.3867,35.8529,0.5338,0.0,-0.084,staircase3,no_load
15.260874,35.4309,36.3867,35.8520,0.5347,0.0,-0.083,staircase3,no_load
15.272273,35.4309,36.3867,35.8512,0.5355,0.0,-0.083,staircase3,no_load
15.282496,35.4309,36.3867,35.8504,0.5363,0.0,-0.082,staircase3,no_load
15.293021,35.4309,36.3867,35.8496,0.5371,0.0,-0.082,staircase3,no_load
15.303443,35.4309,36.3867,35.8487,0.5380,0.0,-0.081,staircase3,no_load
15.313562,35.4309,36.3867,35.8479,0.5388,0.0,-0.081,staircase3,no_load
15.324226,35.4309,36.3867,35.8471,0.5396,0.0,-0.080,staircase3,no_load
15.334811,35.4309,36.3867,35.8463,0.5404,0.0,-0.079,staircase3,no_load
15.345175,35.4309,36.3867,35.8452,0.5415,0.0,-0.079,staircase3,no_load
15.355526,35.4309,36.3867,35.8444,0.5423,0.0,-0.078,staircase3,no_load
15.365701,35.4309,36.3867,35.8436,0.5431,0.0,-0.078,staircase3,no_load
15.375827,35.4309,36.3867,35.8428,0.5439,0.0,-0.077,staircase3,no_load
15.386225,35.4309,36.3867,35.8421,0.5446,0.0,-0.076,staircase3,no_load
15.396795,35.4309,36.3867,35.8413,0.5454,0.0,-0.076,staircase3,no_load
15.407007,35.4309,36.3867,35.8406,0.5461,0.0,-0.075,staircase3,no_load
15.417682,35.4309,36.3867,35.8398,0.5469,0.0,-0.075,staircase3,no_load
15.42831,35.4309,36.3867,35.8391,0.5476,0.0,-0.074,staircase3,no_load
15.439276,35.4309,36.3867,35.8383,0.5484,0.0,-0.074,staircase3,no_load
15.45037,35.4309,36.3867,35.8372,0.5495,0.0,-0.073,staircase3,no_load
15.460889,35.4309,36.3867,35.8365,0.5502,0.0,-0.073,staircase3,no_load
15.47131,35.4309,36.3867,35.8358,0.5509,0.0,-0.072,staircase3,no_load
15.481749,35.4309,36.3867,35.8351,0.5516,0.0,-0.072,staircase3,no_load
15.492325,35.4309,36.3867,35.8344,0.5523,0.0,-0.071,staircase3,no_load
15.502659,35.4309,36.3867,35.8336,0.5531,0.0,-0.071,staircase3,no_load
15.512759,35.4309,36.3867,35.8329,0.5538,0.0,-0.070,staircase3,no_load
15.523252,35.4309,36.3867,35.8323,0.5544,0.0,-0.070,staircase3,no_load
15.5336,35.4309,36.3867,35.8316,0.5551,0.0,-0.069,staircase3,no_load
15.543795,35.4309,36.3867,35.8309,0.5558,0.0,-0.069,staircase3,no_load
15.554302,35.4309,36.3867,35.8302,0.5565,0.0,-0.068,staircase3,no_load
15.56472,35.4309,36.3867,35.8295,0.5572,0.0,-0.068,staircase3,no_load
15.575,35.4309,36.3867,35.8288,0.5579,0.0,-0.067,staircase3,no_load
15.585372,35.4309,36.3867,35.8279,0.5588,0.0,-0.067,staircase3,no_load
15.596301,35.4309,36.3867,35.8272,0.5595,0.0,-0.066,staircase3,no_load
15.606767,35.4309,36.3867,35.8265,0.5602,0.0,-0.066,staircase3,no_load
15.617357,35.4309,36.3867,35.8259,0.5608,0.0,-0.065,staircase3,no_load
15.627785,35.4309,36.3867,35.8252,0.5615,0.0,-0.065,staircase3,no_load
15.638694,35.4309,36.3867,35.8246,0.5621,0.0,-0.064,staircase3,no_load
15.64933,35.4309,36.3867,35.8240,0.5627,0.0,-0.064,staircase3,no_load
15.65999,35.4309,36.3867,35.8233,0.5634,0.0,-0.063,staircase3,no_load
15.670572,35.4309,36.3867,35.8224,0.5643,0.0,-0.063,staircase3,no_load
15.681218,35.4309,36.3867,35.8218,0.5649,0.0,-0.062,staircase3,no_load
15.692914,35.4309,36.3867,35.8211,0.5656,0.0,-0.062,staircase3,no_load
15.703217,35.4309,36.3867,35.8205,0.5662,0.0,-0.061,staircase3,no_load
15.713551,35.4309,36.3867,35.8199,0.5668,0.0,-0.061,staircase3,no_load
15.723947,35.4309,36.3867,35.8193,0.5674,0.0,-0.060,staircase3,no_load
15.734665,35.4309,36.3867,35.8187,0.5680,0.0,-0.060,staircase3,no_load
15.744948,35.4309,36.3867,35.8181,0.5686,0.0,-0.060,staircase3,no_load
15.755659,35.4309,36.3867,35.8172,0.5695,0.0,-0.059,staircase3,no_load
15.76669,35.4309,36.3867,35.8167,0.5700,0.0,-0.059,staircase3,no_load
15.77729,35.4309,36.3867,35.8161,0.5706,0.0,-0.058,staircase3,no_load
15.787934,35.4309,36.3867,35.8155,0.5712,0.0,-0.058,staircase3,no_load
15.798672,35.4309,36.3867,35.8149,0.5718,0.0,-0.057,staircase3,no_load
15.809252,35.4309,36.3867,35.8144,0.5723,0.0,-0.057,staircase3,no_load
15.819838,35.4309,36.3867,35.8138,0.5729,0.0,-0.057,staircase3,no_load
15.830432,35.4309,36.3867,35.8129,0.5738,0.0,-0.056,staircase3,no_load
15.840841,35.4309,36.3867,35.8124,0.5743,0.0,-0.056,staircase3,no_load
15.851693,35.4309,36.3867,35.8118,0.5749,0.0,-0.055,staircase3,no_load
15.86219,35.4309,36.3867,35.8113,0.5754,0.0,-0.055,staircase3,no_load
15.872407,35.4309,36.3867,35.8107,0.5760,0.0,-0.054,staircase3,no_load
15.882798,35.4309,36.3867,35.8102,0.5765,0.0,-0.054,staircase3,no_load
15.893247,35.4309,36.3867,35.8097,0.5770,0.0,-0.054,staircase3,no_load
15.90355,35.4309,36.3867,35.8091,0.5776,0.0,-0.053,staircase3,no_load
15.913855,35.4309,36.3867,35.8086,0.5781,0.0,-0.053,staircase3,no_load
15.924136,35.4309,36.3867,35.8081,0.5786,0.0,-0.053,staircase3,no_load
15.934665,35.4309,36.3867,35.8076,0.5791,0.0,-0.052,staircase3,no_load
15.944969,35.4309,36.3867,35.8070,0.5797,0.0,-0.052,staircase3,no_load
15.955708,35.4309,36.3867,35.8063,0.5804,0.0,-0.051,staircase3,no_load
15.966183,35.4309,36.3867,35.8058,0.5809,0.0,-0.051,staircase3,no_load
15.976634,35.4309,36.3867,35.8053,0.5814,0.0,-0.051,staircase3,no_load
15.987249,35.4309,36.3867,35.8048,0.5819,0.0,-0.050,staircase3,no_load
15.997609,35.4309,36.3867,35.8043,0.5824,0.0,-0.050,staircase3,no_load
16.008088,35.4309,36.3867,35.8038,0.5829,0.0,-0.049,staircase3,no_load
16.018254,35.4309,36.3867,35.8033,0.5834,0.0,-0.049,staircase3,no_load
16.028773,35.4309,36.3867,35.8028,0.5839,0.0,-0.049,staircase3,no_load
16.039212,35.4309,36.3867,35.8023,0.5844,0.0,-0.048,staircase3,no_load
16.049952,23.6206,36.3867,35.8018,0.5849,0.0,-0.048,staircase3,no_load
16.060162,23.6206,36.3867,35.8011,0.5856,0.0,-0.048,staircase3,no_load
16.070552,23.6206,36.3867,35.8006,0.5861,0.0,-0.047,staircase3,no_load
16.080857,23.6206,36.2988,35.8002,0.4986,-8.53,-0.047,staircase3,no_load
16.091565,23.6206,36.1230,35.7997,0.3233,-16.418,-0.047,staircase3,no_load
16.101698,23.6206,35.8594,35.7992,0.0602,-26.014,-0.046,staircase3,no_load
16.112154,23.6206,35.4199,35.7988,-0.3789,-42.033,-0.046,staircase3,no_load
16.122474,23.6206,34.8926,35.4373,-0.5447,-51.095,-36.149,staircase3,no_load
16.13359,23.6206,34.1016,34.6840,-0.5824,-71.159,-75.328,staircase3,no_load
16.144462,23.6206,33.1348,33.7124,-0.5776,-88.926,-97.155,staircase3,no_load
16.154769,23.6206,32.0801,32.6532,-0.5731,-102.329,-105.921,staircase3,no_load
16.165029,23.6206,31.1133,31.0760,0.0373,-94.23,-105.151,staircase3,no_load
16.175905,23.6206,30.0586,30.0997,-0.0411,-96.975,-97.627,staircase3,no_load
16.186532,23.6206,29.0918,29.2111,-0.1193,-90.976,-88.854,staircase3,no_load
16.197167,23.6206,28.3008,28.4193,-0.1185,-74.377,-79.187,staircase3,no_load
16.207283,23.6206,27.6855,27.7249,-0.0394,-60.824,-69.434,staircase3,no_load
16.217774,23.6206,27.2461,27.1240,0.1221,-41.884,-60.098,staircase3,no_load
16.228255,23.6206,26.8066,26.6093,0.1973,-41.933,-51.466,staircase3,no_load
16.238872,23.6206,26.5430,26.1725,0.3705,-24.828,-43.683,staircase3,no_load
16.249657,23.6206,26.2793,25.8045,0.4748,-24.451,-36.794,staircase3,no_load
16.260445,23.6206,26.1035,25.3626,0.7409,-16.296,-29.462,staircase3,no_load
16.270875,23.6206,25.8398,25.1294,0.7104,-25.283,-23.316,staircase3,no_load
16.281772,23.6206,25.6641,24.9369,0.7272,-16.124,-19.252,staircase3,no_load
16.292109,23.6206,25.4883,24.7786,0.7097,-17.007,-15.827,staircase3,no_load
16.302342,23.6206,25.3125,24.6491,0.6634,-17.18,-12.959,staircase3,no_load
16.312886,23.6206,25.2246,24.5433,0.6813,-8.336,-10.572,staircase3,no_load
16.323146,23.6206,25.1367,24.4574,0.6793,-8.567,-8.595,staircase3,no_load
16.333339,23.6206,25.0488,24.3877,0.6611,-8.624,-6.966,staircase3,no_load
16.34393,23.6206,24.9609,24.3314,0.6295,-8.299,-5.629,staircase3,no_load
16.355059,23.6206,24.8730,24.2668,0.6062,-7.898,-4.306,staircase3,no_load
16.36535,23.6206,24.8730,24.2342,0.6388,0.0,-3.266,staircase3,no_load
16.375429,23.6206,24.7852,24.2080,0.5772,-8.711,-2.615,staircase3,no_load
16.38608,23.6206,24.7852,24.1871,0.5981,0.0,-2.089,staircase3,no_load
16.396973,23.6206,24.7852,24.1705,0.6147,0.0,-1.665,staircase3,no_load
16.40732,23.6206,24.7852,24.1572,0.6280,0.0,-1.324,staircase3,no_load
16.417823,23.6206,24.7852,24.1467,0.6385,0.0,-1.051,staircase3,no_load
16.428014,23.6206,24.7852,24.1384,0.6468,0.0,-0.832,staircase3,no_load
16.438598,23.6206,24.7852,24.1318,0.6534,0.0,-0.658,staircase3,no_load
16.448956,23.6206,24.7852,24.1266,0.6586,0.0,-0.519,staircase3,no_load
16.459184,23.6206,24.7852,24.1226,0.6626,0.0,-0.409,staircase3,no_load
16.469727,23.6206,24.6973,24.1193,0.5780,-8.337,-0.321,staircase3,no_load
16.480289,23.6206,24.6973,24.1158,0.5815,0.0,-0.237,staircase3,no_load
16.490804,23.6206,24.6973,24.1140,0.5833,0.0,-0.174,staircase3,no_load
16.501459,23.6206,24.6973,24.1127,0.5846,0.0,-0.137,staircase3,no_load
16.512113,23.6206,24.6973,24.1115,0.5858,0.0,-0.118,staircase3,no_load
16.522528,23.6206,24.6973,24.1104,0.5869,0.0,-0.110,staircase3,no_load
16.53309,23.6206,24.6973,24.1093,0.5880,0.0,-0.107,staircase3,no_load
16.543316,23.6206,24.6973,24.1083,0.5890,0.0,-0.105,staircase3,no_load
16.553792,23.6206,24.6973,24.1072,0.5901,0.0,-0.104,staircase3,no_load
16.564524,23.6206,24.6973,24.1062,0.5911,0.0,-0.103,staircase3,no_load
16.575545,23.6206,24.6973,24.1047,0.5926,0.0,-0.102,staircase3,no_load
16.585688,23.6206,24.6973,24.1037,0.5936,0.0,-0.101,staircase3,no_load
16.596318,23.6206,24.6973,24.1027,0.5946,0.0,-0.101,staircase3,no_load
16.606591,23.6206,24.6973,24.1017,0.5956,0.0,-0.100,staircase3,no_load
16.616876,23.6206,24.6973,24.1007,0.5966,0.0,-0.099,staircase3,no_load
16.627372,23.6206,24.6973,24.0997,0.5976,0.0,-0.098,staircase3,no_load
16.638005,23.6206,24.6973,24.0987,0.5986,0.0,-0.098,staircase3,no_load
16.648138,23.6206,24.6973,24.0977,0.5996,0.0,-0.097,staircase3,no_load
16.658868,23.6206,24.6973,24.0968,0.6005,0.0,-0.096,staircase3,no_load
16.669145,23.6206,24.6973,24.0958,0.6015,0.0,-0.096,staircase3,no_load
16.679849,23.6206,24.6973,24.0949,0.6024,0.0,-0.095,staircase3,no_load
16.690551,23.6206,24.6973,24.0934,0.6039,0.0,-0.094,staircase3,no_load
16.701015,23.6206,24.6973,24.0925,0.6048,0.0,-0.093,staircase3,no_load
16.711371,23.6206,24.6973,24.0916,0.6057,0.0,-0.093,staircase3,no_load
16.722048,23.6206,24.6973,24.0907,0.6066,0.0,-0.092,staircase3,no_load
16.732357,23.6206,24.6973,24.0897,0.6076,0.0,-0.092,staircase3,no_load
16.742776,23.6206,24.6973,24.0888,0.6085,0.0,-0.091,staircase3,no_load
16.753058,23.6206,24.6973,24.0879,0.6094,0.0,-0.090,staircase3,no_load
16.763191,23.6206,24.6973,24.0870,0.6103,0.0,-0.090,staircase3,no_load
16.774046,23.6206,24.6973,24.0862,0.6111,0.0,-0.089,staircase3,no_load
16.784881,23.6206,24.6973,24.0853,0.6120,0.0,-0.088,staircase3,no_load
16.795386,23.6206,24.6973,24.0840,0.6133,0.0,-0.088,staircase3,no_load
16.805883,23.6206,24.6973,24.0831,0.6142,0.0,-0.087,staircase3,no_load
16.816546,23.6206,24.6973,24.0822,0.6151,0.0,-0.086,staircase3,no_load
16.827216,23.6206,24.6973,24.0814,0.6159,0.0,-0.086,staircase3,no_load
16.837778,23.6206,24.6973,24.0805,0.6168,0.0,-0.085,staircase3,no_load
16.848414,23.6206,24.6973,24.0797,0.6176,0.0,-0.084,staircase3,no_load
16.858888,23.6206,24.6973,24.0788,0.6185,0.0,-0.084,staircase3,no_load
16.86965,23.6206,24.6973,24.0780,0.6193,0.0,-0.083,staircase3,no_load
16.879872,23.6206,24.6973,24.0772,0.6201,0.0,-0.083,staircase3,no_load
16.890095,23.6206,24.6973,24.0759,0.6214,0.0,-0.082,staircase3,no_load
16.900424,23.6206,24.6973,24.0751,0.6222,0.0,-0.081,staircase3,no_load
16.91089,23.6206,24.6973,24.0743,0.6230,0.0,-0.081,staircase3,no_load
16.921331,23.6206,24.6973,24.0735,0.6238,0.0,-0.080,staircase3,no_load
16.932517,23.6206,24.6973,24.0727,0.6246,0.0,-0.080,staircase3,no_load
16.943092,23.6206,24.6973,24.0719,0.6254,0.0,-0.079,staircase3,no_load
16.953734,23.6206,24.6973,24.0711,0.6262,0.0,-0.078,staircase3,no_load
16.963921,23.6206,24.6973,24.0704,0.6269,0.0,-0.078,staircase3,no_load
16.974084,23.6206,24.6973,24.0696,0.6277,0.0,-0.077,staircase3,no_load
16.984767,23.6206,24.6973,24.0688,0.6285,0.0,-0.077,staircase3,no_load
16.99492,23.6206,24.6973,24.0681,0.6292,0.0,-0.076,staircase3,no_load
17.005152,23.6206,24.6973,24.0669,0.6304,0.0,-0.076,staircase3,no_load
17.015608,23.6206,24.6973,24.0662,0.6311,0.0,-0.075,staircase3,no_load
17.02642,23.6206,24.6973,24.0654,0.6319,0.0,-0.074,staircase3,no_load
17.036627,23.6206,24.6973,24.0647,0.6326,0.0,-0.074,staircase3,no_load
17.04738,23.6206,24.6973,24.0640,0.6333,0.0,-0.073,staircase3,no_load
17.058163,23.6206,24.6973,24.0632,0.6341,0.0,-0.073,staircase3,no_load
17.068926,23.6206,24.6973,24.0625,0.6348,0.0,-0.072,staircase3,no_load
17.079312,23.6206,24.6973,24.0618,0.6355,0.0,-0.072,staircase3,no_load
17.089921,23.6206,24.6973,24.0611,0.6362,0.0,-0.071,staircase3,no_load
17.100533,23.6206,24.6973,24.0600,0.6373,0.0,-0.071,staircase3,no_load
17.11113,23.6206,24.6973,24.0593,0.6380,0.0,-0.070,staircase3,no_load
17.121592,23.6206,24.6973,24.0586,0.6387,0.0,-0.070,staircase3,no_load
17.132078,23.6206,24.6973,24.0579,0.6394,0.0,-0.069,staircase3,no_load
17.142301,23.6206,24.6973,24.0572,0.6401,0.0,-0.069,staircase3,no_load
17.152892,23.6206,24.6973,24.0566,0.6407,0.0,-0.068,staircase3,no_load
17.163562,23.6206,24.6973,24.0559,0.6414,0.0,-0.068,staircase3,no_load
17.174174,23.6206,24.6973,24.0552,0.6421,0.0,-0.067,staircase3,no_load
17.184572,23.6206,24.6973,24.0545,0.6428,0.0,-0.067,staircase3,no_load
17.195383,23.6206,24.6973,24.0535,0.6438,0.0,-0.066,staircase3,no_load
17.205998,23.6206,24.6973,24.0529,0.6444,0.0,-0.066,staircase3,no_load
17.216365,23.6206,24.6973,24.0522,0.6451,0.0,-0.065,staircase3,no_load
17.226752,23.6206,24.6973,24.0516,0.6457,0.0,-0.065,staircase3,no_load
17.236907,23.6206,24.6973,24.0509,0.6464,0.0,-0.064,staircase3,no_load
17.247789,23.6206,24.6973,24.0503,0.6470,0.0,-0.064,staircase3,no_load
17.258411,23.6206,24.6973,24.0497,0.6476,0.0,-0.063,staircase3,no_load
17.26967,23.6206,24.6973,24.0490,0.6483,0.0,-0.063,staircase3,no_load
17.279838,23.6206,24.6973,24.0484,0.6489,0.0,-0.063,staircase3,no_load
17.290489,23.6206,24.6973,24.0475,0.6498,0.0,-0.062,staircase3,no_load
17.301509,23.6206,24.6973,24.0469,0.6504,0.0,-0.061,staircase3,no_load
17.311632,23.6206,24.6973,24.0463,0.6510,0.0,-0.061,staircase3,no_load
17.322182,23.6206,24.6973,24.0457,0.6516,0.0,-0.061,staircase3,no_load
17.332557,23.6206,24.6973,24.0451,0.6522,0.0,-0.060,staircase3,no_load
17.343123,23.6206,24.6973,24.0445,0.6528,0.0,-0.060,staircase3,no_load
17.353262,23.6206,24.6973,24.0439,0.6534,0.0,-0.059,staircase3,no_load
17.363845,23.6206,24.6973,24.0433,0.6540,0.0,-0.059,staircase3,no_load
17.374437,23.6206,24.6973,24.0427,0.6546,0.0,-0.058,staircase3,no_load
17.384993,23.6206,24.6973,24.0421,0.6552,0.0,-0.058,staircase3,no_load
17.39543,23.6206,24.6973,24.0412,0.6561,0.0,-0.058,staircase3,no_load
17.406242,23.6206,24.6973,24.0407,0.6566,0.0,-0.057,staircase3,no_load
17.416576,23.6206,24.6973,24.0401,0.6572,0.0,-0.057,staircase3,no_load
17.426889,23.6206,24.6973,24.0395,0.6578,0.0,-0.056,staircase3,no_load
17.437125,23.6206,24.6973,24.0390,0.6583,0.0,-0.056,staircase3,no_load
17.44774,23.6206,24.6973,24.0384,0.6589,0.0,-0.055,staircase3,no_load
17.458285,23.6206,24.6973,24.0379,0.6594,0.0,-0.055,staircase3,no_load
17.468466,23.6206,24.6973,24.0373,0.6600,0.0,-0.055,staircase3,no_load
17.47884,23.6206,24.6973,24.0368,0.6605,0.0,-0.054,staircase3,no_load
17.489268,23.6206,24.6973,24.0363,0.6610,0.0,-0.054,staircase3,no_load
17.499836,23.6206,24.6973,24.0357,0.6616,0.0,-0.054,staircase3,no_load
17.509967,23.6206,24.6973,24.0352,0.6621,0.0,-0.053,staircase3,no_load
17.520312,23.6206,24.6973,24.0344,0.6629,0.0,-0.053,staircase3,no_load
17.530932,23.6206,24.6973,24.0339,0.6634,0.0,-0.052,staircase3,no_load
17.541055,23.6206,24.6973,24.0334,0.6639,0.0,-0.052,staircase3,no_load
17.551875,23.6206,24.6973,24.0328,0.6645,0.0,-0.052,staircase3,no_load
17.562196,23.6206,24.6973,24.0323,0.6650,0.0,-0.051,staircase3,no_load
17.57276,23.6206,24.6973,24.0318,0.6655,0.0,-0.051,staircase3,no_load
17.583096,23.6206,24.6973,24.0313,0.6660,0.0,-0.050,staircase3,no_load
17.593845,23.6206,24.6973,24.0308,0.6665,0.0,-0.050,staircase3,no_load
17.604357,23.6206,24.6973,24.0303,0.6670,0.0,-0.050,staircase3,no_load
17.614622,23.6206,24.6973,24.0298,0.6675,0.0,-0.049,staircase3,no_load
17.624773,23.6206,24.6973,24.0293,0.6680,0.0,-0.049,staircase3,no_load
17.635673,23.6206,24.6973,24.0286,0.6687,0.0,-0.049,staircase3,no_load
17.646294,23.6206,24.6973,24.0281,0.6692,0.0,-0.048,staircase3,no_load
17.657165,11.8103,24.6973,24.0276,0.6697,0.0,-0.048,staircase3,no_load
17.667333,11.8103,24.6973,24.0272,0.6701,0.0,-0.048,staircase3,no_load
17.677953,11.8103,24.6973,24.0267,0.6706,0.0,-0.047,staircase3,no_load
17.688153,11.8103,24.6973,24.0262,0.6711,0.0,-0.047,staircase3,no_load
17.698437,11.8103,24.6094,24.0258,0.5836,-8.547,-0.047,staircase3,no_load
17.708764,11.8103,24.3457,24.0253,0.3204,-25.535,-0.046,staircase3,no_load
17.71904,11.8103,23.8184,24.0248,-0.2064,-51.314,-0.046,staircase3,no_load
17.729587,11.8103,23.2910,23.9006,-0.6096,-50.005,-12.421,staircase3,no_load
17.740204,11.8103,22.4121,22.9140,-0.5019,-82.782,-65.775,staircase3,no_load
17.750704,11.8103,21.4453,21.9439,-0.4986,-92.076,-97.013,staircase3,no_load
17.761318,11.8103,20.3906,20.8852,-0.4946,-99.369,-105.869,staircase3,no_load
17.771974,11.8103,19.3359,19.8228,-0.4869,-98.977,-106.240,staircase3,no_load
17.782403,11.8103,18.2812,18.8091,-0.5279,-101.131,-101.368,staircase3,no_load
17.792841,11.8103,17.4902,17.8740,-0.3838,-75.781,-93.506,staircase3,no_load
17.803461,11.8103,16.6113,17.0322,-0.4209,-82.759,-84.182,staircase3,no_load
17.813903,11.8103,15.9961,16.2881,-0.2920,-58.916,-74.406,staircase3,no_load
17.824562,11.8103,15.5566,15.6399,-0.0833,-41.233,-64.821,staircase3,no_load
17.8356,11.8103,15.1172,14.8341,0.2831,-39.808,-53.723,staircase3,no_load
17.846277,11.8103,14.7656,14.3960,0.3696,-32.931,-43.810,staircase3,no_load
17.857055,11.8103,14.5020,14.0268,0.4752,-24.457,-36.916,staircase3,no_load
17.867797,11.8103,14.2383,13.7178,0.5205,-24.549,-30.903,staircase3,no_load
17.879017,11.8103,13.9746,13.4606,0.5140,-23.503,-25.720,staircase3,no_load
17.889757,11.8103,13.7988,13.2476,0.5512,-16.369,-21.297,staircase3,no_load
17.900313,11.8103,13.6230,12.9965,0.6265,-16.654,-16.744,staircase3,no_load
17.910829,11.8103,13.5352,12.8661,0.6691,-8.349,-13.034,staircase3,no_load
17.921256,11.8103,13.3594,12.7597,0.5997,-16.86,-10.639,staircase3,no_load
17.931435,11.8103,13.2715,12.6732,0.5983,-8.635,-8.655,staircase3,no_load
17.941694,11.8103,13.1836,12.6030,0.5806,-8.568,-7.019,staircase3,no_load
17.952136,11.8103,13.0957,12.5462,0.5495,-8.418,-5.676,staircase3,no_load
17.96269,11.8103,13.0078,12.5005,0.5073,-8.329,-4.577,staircase3,no_load
17.973205,11.8103,13.0078,12.4637,0.5441,0.0,-3.681,staircase3,no_load
17.98407,11.8103,12.9199,12.4341,0.4858,-8.09,-2.954,staircase3,no_load
17.994339,11.8103,12.8320,12.4105,0.4215,-8.56,-2.364,staircase3,no_load
18.004893,11.8103,12.8320,12.3916,0.4404,0.0,-1.888,staircase3,no_load
18.015267,11.8103,12.8320,12.3702,0.4618,0.0,-1.425,staircase3,no_load
18.025702,11.8103,12.8320,12.3596,0.4724,0.0,-1.066,staircase3,no_load
18.03631,11.8103,12.8320,12.3511,0.4809,0.0,-0.845,staircase3,no_load
18.046986,11.8103,12.8320,12.3444,0.4876,0.0,-0.669,staircase3,no_load
18.057174,11.8103,12.8320,12.3391,0.4929,0.0,-0.528,staircase3,no_load
18.067817,11.8103,12.7441,12.3350,0.4091,-8.259,-0.416,staircase3,no_load
18.078182,11.8103,12.7441,12.3317,0.4124,0.0,-0.328,staircase3,no_load
18.089016,11.8103,12.7441,12.3291,0.4150,0.0,-0.257,staircase3,no_load
18.099388,11.8103,12.7441,12.3271,0.4170,0.0,-0.202,staircase3,no_load
18.109689,11.8103,12.7441,12.3255,0.4186,0.0,-0.158,staircase3,no_load
18.120759,11.8103,12.7441,12.3237,0.4204,0.0,-0.123,staircase3,no_load
18.130921,11.8103,12.7441,12.3226,0.4215,0.0,-0.110,staircase3,no_load
18.141708,11.8103,12.7441,12.3215,0.4226,0.0,-0.107,staircase3,no_load
18.152009,11.8103,12.7441,12.3205,0.4236,0.0,-0.105,staircase3,no_load
18.162522,11.8103,12.7441,12.3194,0.4247,0.0,-0.104,staircase3,no_load
18.17291,11.8103,12.7441,12.3184,0.4257,0.0,-0.103,staircase3,no_load
18.183043,11.8103,12.7441,12.3174,0.4267,0.0,-0.102,staircase3,no_load
18.19364,11.8103,12.7441,12.3163,0.4278,0.0,-0.102,staircase3,no_load
18.204208,11.8103,12.7441,12.3153,0.4288,0.0,-0.101,staircase3,no_load
18.214784,11.8103,12.7441,12.3143,0.4298,0.0,-0.100,staircase3,no_load
18.224858,11.8103,12.7441,12.3133,0.4308,0.0,-0.100,staircase3,no_load
18.235466,11.8103,12.7441,12.3119,0.4322,0.0,-0.099,staircase3,no_load
18.246092,11.8103,12.7441,12.3109,0.4332,0.0,-0.098,staircase3,no_load
18.256715,11.8103,12.7441,12.3099,0.4342,0.0,-0.097,staircase3,no_load
18.267023,11.8103,12.7441,12.3089,0.4352,0.0,-0.097,staircase3,no_load
18.277657,11.8103,12.7441,12.3080,0.4361,0.0,-0.096,staircase3,no_load
18.288,11.8103,12.7441,12.3070,0.4371,0.0,-0.095,staircase3,no_load
18.298498,11.8103,12.7441,12.3061,0.4380,0.0,-0.095,staircase3,no_load
18.309103,11.8103,12.7441,12.3051,0.4390,0.0,-0.094,staircase3,no_load
18.319545,11.8103,12.7441,12.3042,0.4399,0.0,-0.093,staircase3,no_load
18.330166,11.8103,12.7441,12.3028,0.4413,0.0,-0.092,staircase3,no_load
18.340827,11.8103,12.7441,12.3019,0.4422,0.0,-0.092,staircase3,no_load
18.351339,11.8103,12.7441,12.3010,0.4431,0.0,-0.091,staircase3,no_load
18.361857,11.8103,12.7441,12.3001,0.4440,0.0,-0.090,staircase3,no_load
18.372071,11.8103,12.7441,12.2992,0.4449,0.0,-0.090,staircase3,no_load
18.382305,11.8103,12.7441,12.2983,0.4458,0.0,-0.089,staircase3,no_load
18.392763,11.8103,12.7441,12.2974,0.4467,0.0,-0.088,staircase3,no_load
18.403181,11.8103,12.7441,12.2965,0.4476,0.0,-0.088,staircase3,no_load
18.413634,11.8103,12.7441,12.2957,0.4484,0.0,-0.087,staircase3,no_load
18.424143,11.8103,12.7441,12.2948,0.4493,0.0,-0.087,staircase3,no_load
18.434194,11.8103,12.7441,12.2939,0.4502,0.0,-0.086,staircase3,no_load
18.44487,11.8103,12.7441,12.2931,0.4510,0.0,-0.085,staircase3,no_load
18.455481,11.8103,12.7441,12.2918,0.4523,0.0,-0.085,staircase3,no_load
18.466314,11.8103,12.7441,12.2910,0.4531,0.0,-0.084,staircase3,no_load
18.476767,11.8103,12.7441,12.2901,0.4540,0.0,-0.083,staircase3,no_load
18.487484,11.8103,12.7441,12.2893,0.4548,0.0,-0.083,staircase3,no_load
18.497751,11.8103,12.7441,12.2885,0.4556,0.0,-0.082,staircase3,no_load
18.50785,11.8103,12.7441,12.2877,0.4564,0.0,-0.082,staircase3,no_load
18.518261,11.8103,12.7441,12.2869,0.4572,0.0,-0.081,staircase3,no_load
18.529062,11.8103,12.7441,12.2861,0.4580,0.0,-0.081,staircase3,no_load
18.539125,11.8103,12.7441,12.2853,0.4588,0.0,-0.080,staircase3,no_load
18.549297,11.8103,12.7441,12.2845,0.4596,0.0,-0.079,staircase3,no_load
18.559851,11.8103,12.7441,12.2837,0.4604,0.0,-0.079,staircase3,no_load
18.570524,11.8103,12.7441,12.2825,0.4616,0.0,-0.078,staircase3,no_load
18.580754,11.8103,12.7441,12.2817,0.4624,0.0,-0.077,staircase3,no_load
18.590846,11.8103,12.7441,12.2810,0.4631,0.0,-0.077,staircase3,no_load
18.601131,11.8103,12.7441,12.2802,0.4639,0.0,-0.076,staircase3,no_load
18.611442,11.8103,12.7441,12.2794,0.4647,0.0,-0.076,staircase3,no_load
18.621654,11.8103,12.7441,12.2787,0.4654,0.0,-0.075,staircase3,no_load
18.631999,11.8103,12.7441,12.2779,0.4662,0.0,-0.075,staircase3,no_load
18.642783,11.8103,12.7441,12.2772,0.4669,0.0,-0.074,staircase3,no_load
18.653134,11.8103,12.7441,12.2765,0.4676,0.0,-0.074,staircase3,no_load
18.663587,11.8103,12.7441,12.2757,0.4684,0.0,-0.073,staircase3,no_load
18.673887,11.8103,12.7441,12.2750,0.4691,0.0,-0.073,staircase3,no_load
18.684112,11.8103,12.7441,12.2743,0.4698,0.0,-0.072,staircase3,no_load
18.694785,11.8103,12.7441,12.2736,0.4705,0.0,-0.072,staircase3,no_load
18.705465,11.8103,12.7441,12.2725,0.4716,0.0,-0.071,staircase3,no_load
18.715923,11.8103,12.7441,12.2718,0.4723,0.0,-0.071,staircase3,no_load
18.726267,11.8103,12.7441,12.2711,0.4730,0.0,-0.070,staircase3,no_load
18.737375,11.8103,12.7441,12.2704,0.4737,0.0,-0.070,staircase3,no_load
18.748543,11.8103,12.7441,12.2697,0.4744,0.0,-0.069,staircase3,no_load
18.758952,11.8103,12.7441,12.2690,0.4751,0.0,-0.069,staircase3,no_load
18.769267,11.8103,12.7441,12.2683,0.4758,0.0,-0.068,staircase3,no_load
18.779815,11.8103,12.7441,12.2677,0.4764,0.0,-0.068,staircase3,no_load
18.790192,11.8103,12.7441,12.2666,0.4775,0.0,-0.067,staircase3,no_load
18.800427,11.8103,12.7441,12.2660,0.4781,0.0,-0.066,staircase3,no_load
18.810846,11.8103,12.7441,12.2653,0.4788,0.0,-0.066,staircase3,no_load
18.821098,11.8103,12.7441,12.2647,0.4794,0.0,-0.066,staircase3,no_load
18.831572,11.8103,12.7441,12.2640,0.4801,0.0,-0.065,staircase3,no_load
18.842144,11.8103,12.7441,12.2634,0.4807,0.0,-0.065,staircase3,no_load
18.852606,11.8103,12.7441,12.2627,0.4814,0.0,-0.064,staircase3,no_load
18.862744,11.8103,12.7441,12.2621,0.4820,0.0,-0.064,staircase3,no_load
18.873173,11.8103,12.7441,12.2615,0.4826,0.0,-0.063,staircase3,no_load
18.883336,11.8103,12.7441,12.2608,0.4833,0.0,-0.063,staircase3,no_load
18.893492,11.8103,12.7441,12.2602,0.4839,0.0,-0.062,staircase3,no_load
18.903759,11.8103,12.7441,12.2596,0.4845,0.0,-0.062,staircase3,no_load
18.914056,11.8103,12.7441,12.2590,0.4851,0.0,-0.062,staircase3,no_load
18.924175,11.8103,12.7441,12.2584,0.4857,0.0,-0.061,staircase3,no_load
18.935166,11.8103,12.7441,12.2575,0.4866,0.0,-0.061,staircase3,no_load
18.945339,11.8103,12.7441,12.2569,0.4872,0.0,-0.060,staircase3,no_load
18.955751,11.8103,12.7441,12.2563,0.4878,0.0,-0.060,staircase3,no_load
18.966289,11.8103,12.7441,12.2557,0.4884,0.0,-0.059,staircase3,no_load
18.97653,11.8103,12.7441,12.2551,0.4890,0.0,-0.059,staircase3,no_load
18.986712,11.8103,12.7441,12.2545,0.4896,0.0,-0.058,staircase3,no_load
18.996951,11.8103,12.7441,12.2539,0.4902,0.0,-0.058,staircase3,no_load
19.007254,11.8103,12.7441,12.2533,0.4908,0.0,-0.058,staircase3,no_load
19.017448,11.8103,12.7441,12.2528,0.4913,0.0,-0.057,staircase3,no_load
19.027907,11.8103,12.7441,12.2522,0.4919,0.0,-0.057,staircase3,no_load
19.038314,11.8103,12.7441,12.2516,0.4925,0.0,-0.056,staircase3,no_load
19.048548,11.8103,12.7441,12.2511,0.4930,0.0,-0.056,staircase3,no_load
19.058777,11.8103,12.7441,12.2505,0.4936,0.0,-0.056,staircase3,no_load
19.069849,11.8103,12.7441,12.2500,0.4941,0.0,-0.055,staircase3,no_load
19.08,11.8103,12.7441,12.2494,0.4947,0.0,-0.055,staircase3,no_load
19.091032,11.8103,12.7441,12.2486,0.4955,0.0,-0.054,staircase3,no_load
19.101299,11.8103,12.7441,12.2481,0.4960,0.0,-0.054,staircase3,no_load
19.111873,11.8103,12.7441,12.2475,0.4966,0.0,-0.053,staircase3,no_load
19.122165,11.8103,12.7441,12.2470,0.4971,0.0,-0.053,staircase3,no_load
19.132384,11.8103,12.7441,12.2465,0.4976,0.0,-0.053,staircase3,no_load
19.14289,11.8103,12.7441,12.2459,0.4982,0.0,-0.052,staircase3,no_load
19.153235,11.8103,12.7441,12.2454,0.4987,0.0,-0.052,staircase3,no_load
19.163461,11.8103,12.7441,12.2449,0.4992,0.0,-0.052,staircase3,no_load
19.173607,11.8103,12.7441,12.2444,0.4997,0.0,-0.051,staircase3,no_load
19.184086,11.8103,12.7441,12.2439,0.5002,0.0,-0.051,staircase3,no_load
19.194284,11.8103,12.7441,12.2434,0.5007,0.0,-0.051,staircase3,no_load
19.204557,11.8103,12.7441,12.2429,0.5012,0.0,-0.050,staircase3,no_load
19.215104,11.8103,12.7441,12.2421,0.5020,0.0,-0.050,staircase3,no_load
19.225342,11.8103,12.7441,12.2416,0.5025,0.0,-0.049,staircase3,no_load
19.235615,11.8103,12.7441,12.2411,0.5030,0.0,-0.049,staircase3,no_load
19.246289,11.8103,12.7441,12.2407,0.5034,0.0,-0.049,staircase3,no_load
19.256792,11.8103,12.7441,12.2402,0.5039,0.0,-0.048,staircase3,no_load
19.267541,0.0,12.7441,12.2397,0.5044,0.0,-0.048,staircase3,no_load
19.277707,0.0,12.7441,12.2392,0.5049,0.0,-0.048,staircase3,no_load
19.287884,0.0,12.7441,12.2387,0.5054,0.0,-0.047,staircase3,no_load
19.298051,0.0,12.6562,12.2383,0.4179,-8.646,-0.047,staircase3,no_load
19.308458,0.0,12.5684,12.2378,0.3306,-8.437,-0.047,staircase3,no_load
19.318631,0.0,12.3047,12.2373,0.0674,-25.922,-0.046,staircase3,no_load
19.328796,0.0,11.9531,12.2369,-0.2838,-34.589,-0.046,staircase3,no_load
19.339054,0.0,11.4258,12.1130,-0.6872,-51.404,-12.392,staircase3,no_load
19.349237,0.0,10.6348,11.5410,-0.9062,-77.678,-57.193,staircase3,no_load
19.359469,0.0,9.7559,10.6619,-0.9060,-85.897,-87.913,staircase3,no_load
19.36971,0.0,8.7891,9.6349,-0.8458,-94.405,-102.703,staircase3,no_load
19.380527,0.0,7.6465,8.0381,-0.3916,-105.63,-106.452,staircase3,no_load
19.39081,0.0,6.6797,7.0239,-0.3442,-94.019,-101.421,staircase3,no_load
19.401795,0.0,5.6250,6.0881,-0.4631,-96.013,-93.583,staircase3,no_load
19.412426,0.0,4.9219,5.2453,-0.3234,-66.137,-84.277,staircase3,no_load
19.423079,0.0,4.2187,4.5002,-0.2815,-66.01,-74.514,staircase3,no_load
19.433527,0.0,3.6914,3.8508,-0.1594,-50.469,-64.936,staircase3,no_load
19.444397,0.0,3.2520,3.2915,-0.0395,-40.423,-55.931,staircase3,no_load
19.454712,0.0,2.9883,2.8144,0.1739,-25.565,-47.710,staircase3,no_load
19.465175,0.0,2.7246,2.2336,0.4910,-25.203,-38.716,staircase3,no_load
19.475783,0.0,2.4609,1.9235,0.5374,-24.859,-31.010,staircase3,no_load
19.486103,0.0,2.2852,1.6653,0.6199,-17.025,-25.820,staircase3,no_load
19.496882,0.0,2.1094,1.4515,0.6579,-16.309,-21.389,staircase3,no_load
19.507553,0.0,1.9336,1.2751,0.6585,-16.475,-17.638,staircase3,no_load
19.517695,0.0,1.7578,1.1302,0.6276,-17.334,-14.485,staircase3,no_load
19.52824,0.0,1.6699,1.0117,0.6582,-8.336,-11.850,staircase3,no_load
19.53882,0.0,1.5820,0.9151,0.6669,-8.308,-9.662,staircase3,no_load
19.549065,0.0,1.4941,0.8366,0.6575,-8.58,-7.852,staircase3,no_load
19.559599,0.0,1.4063,0.7730,0.6333,-8.335,-6.363,staircase3,no_load
19.569663,0.0,1.3184,0.7215,0.5969,-8.734,-5.142,staircase3,no_load
19.58006,0.0,1.2305,0.6625,0.5680,-8.454,-3.934,staircase3,no_load
19.590313,0.0,1.2305,0.6327,0.5978,0.0,-2.984,staircase3,no_load
19.600847,0.0,1.2305,0.6088,0.6217,0.0,-2.391,staircase3,no_load
19.611009,0.0,1.2305,0.5897,0.6408,0.0,-1.911,staircase3,no_load
19.62118,0.0,1.2305,0.5744,0.6561,0.0,-1.525,staircase3,no_load
19.631434,0.0,1.2305,0.5623,0.6682,0.0,-1.214,staircase3,no_load
19.642144,0.0,1.2305,0.5526,0.6779,0.0,-0.964,staircase3,no_load
19.652318,0.0,1.2305,0.5450,0.6855,0.0,-0.764,staircase3,no_load
19.663203,0.0,1.1426,0.5390,0.6036,-8.075,-0.605,staircase3,no_load
19.673542,0.0,1.1426,0.5342,0.6084,0.0,-0.478,staircase3,no_load
19.684562,0.0,1.1426,0.5304,0.6122,0.0,-0.377,staircase3,no_load
19.695008,0.0,1.1426,0.5262,0.6164,0.0,-0.280,staircase3,no_load
19.705334,0.0,1.1426,0.5241,0.6185,0.0,-0.206,staircase3,no_load
19.715419,0.0,1.1426,0.5225,0.6201,0.0,-0.162,staircase3,no_load
19.726481,0.0,1.1426,0.5212,0.6214,0.0,-0.129,staircase3,no_load
19.737449,0.0,1.1426,0.5201,0.6225,0.0,-0.114,staircase3,no_load
19.747678,0.0,1.1426,0.5190,0.6236,0.0,-0.109,staircase3,no_load
19.757997,0.0,1.1426,0.5179,0.6247,0.0,-0.106,staircase3,no_load
19.768334,0.0,1.1426,0.5169,0.6257,0.0,-0.105,staircase3,no_load
19.778812,0.0,1.1426,0.5159,0.6267,0.0,-0.104,staircase3,no_load
19.789026,0.0,1.1426,0.5148,0.6278,0.0,-0.103,staircase3,no_load
19.800363,0.0,1.1426,0.5133,0.6293,0.0,-0.102,staircase3,no_load
19.81059,0.0,1.1426,0.5123,0.6303,0.0,-0.101,staircase3,no_load
19.821058,0.0,1.1426,0.5113,0.6313,0.0,-0.100,staircase3,no_load
19.831639,0.0,1.1426,0.5103,0.6323,0.0,-0.100,staircase3,no_load
19.841969,0.0,1.1426,0.5093,0.6333,0.0,-0.099,staircase3,no_load
19.852397,0.0,1.1426,0.5083,0.6343,0.0,-0.098,staircase3,no_load
19.862535,0.0,1.1426,0.5073,0.6353,0.0,-0.098,staircase3,no_load
19.873092,0.0,1.1426,0.5064,0.6362,0.0,-0.097,staircase3,no_load
19.883155,0.0,1.1426,0.5054,0.6372,0.0,-0.096,staircase3,no_load
19.893236,0.0,1.1426,0.5045,0.6381,0.0,-0.096,staircase3,no_load
19.903469,0.0,1.1426,0.5035,0.6391,0.0,-0.095,staircase3,no_load
19.914496,0.0,1.1426,0.5026,0.6400,0.0,-0.094,staircase3,no_load
19.92501,0.0,1.1426,0.5012,0.6414,0.0,-0.093,staircase3,no_load
19.935214,0.0,1.1426,0.5002,0.6424,0.0,-0.093,staircase3,no_load
19.946209,0.0,1.1426,0.4993,0.6433,0.0,-0.092,staircase3,no_load
19.95724,0.0,1.1426,0.4984,0.6442,0.0,-0.091,staircase3,no_load
19.967377,0.0,1.1426,0.4975,0.6451,0.0,-0.091,staircase3,no_load
19.9781,0.0,1.1426,0.4966,0.6460,0.0,-0.090,staircase3,no_load
19.988651,0.0,1.1426,0.4957,0.6469,0.0,-0.090,staircase3,no_load
19.999655,0.0,1.1426,0.4948,0.6478,0.0,-0.089,staircase3,no_load
20.010573,0.0,1.1426,0.4935,0.6491,0.0,-0.088,staircase3,no_load
20.021102,0.0,1.1426,0.4926,0.6500,0.0,-0.087,staircase3,no_load
20.032124,0.0,1.1426,0.4917,0.6509,0.0,-0.087,staircase3,no_load
20.042506,0.0,1.1426,0.4909,0.6517,0.0,-0.086,staircase3,no_load
20.052911,0.0,1.1426,0.4900,0.6526,0.0,-0.086,staircase3,no_load
20.06308,0.0,1.1426,0.4892,0.6534,0.0,-0.085,staircase3,no_load
20.073488,0.0,1.1426,0.4883,0.6543,0.0,-0.084,staircase3,no_load
20.083657,0.0,1.1426,0.4875,0.6551,0.0,-0.084,staircase3,no_load
20.094201,0.0,1.1426,0.4867,0.6559,0.0,-0.083,staircase3,no_load
20.104718,0.0,1.1426,0.4858,0.6568,0.0,-0.083,staircase3,no_load
20.115034,0.0,1.1426,0.4846,0.6580,0.0,-0.082,staircase3,no_load
20.125962,0.0,1.1426,0.4838,0.6588,0.0,-0.081,staircase3,no_load
20.136201,0.0,1.1426,0.4830,0.6596,0.0,-0.081,staircase3,no_load
20.146388,0.0,1.1426,0.4822,0.6604,0.0,-0.080,staircase3,no_load
20.156963,0.0,1.1426,0.4814,0.6612,0.0,-0.080,staircase3,no_load
20.167529,0.0,1.1426,0.4806,0.6620,0.0,-0.079,staircase3,no_load
20.177655,0.0,1.1426,0.4798,0.6628,0.0,-0.078,staircase3,no_load
20.187905,0.0,1.1426,0.4790,0.6636,0.0,-0.078,staircase3,no_load
20.198428,0.0,1.1426,0.4783,0.6643,0.0,-0.077,staircase3,no_load
20.208645,0.0,1.1426,0.4775,0.6651,0.0,-0.077,staircase3,no_load
20.218701,0.0,1.1426,0.4767,0.6659,0.0,-0.076,staircase3,no_load
20.229159,0.0,1.1426,0.4760,0.6666,0.0,-0.076,staircase3,no_load
20.239243,0.0,1.1426,0.4752,0.6674,0.0,-0.075,staircase3,no_load
20.25027,0.0,1.1426,0.4741,0.6685,0.0,-0.075,staircase3,no_load
20.260463,0.0,1.1426,0.4734,0.6692,0.0,-0.074,staircase3,no_load
20.270886,0.0,1.1426,0.4726,0.6700,0.0,-0.073,staircase3,no_load
20.281379,0.0,1.1426,0.4719,0.6707,0.0,-0.073,staircase3,no_load
20.291803,0.0,1.1426,0.4712,0.6714,0.0,-0.072,staircase3,no_load
20.30283,0.0,1.1426,0.4705,0.6721,0.0,-0.072,staircase3,no_load
20.313155,0.0,1.1426,0.4697,0.6729,0.0,-0.071,staircase3,no_load
20.323473,0.0,1.1426,0.4690,0.6736,0.0,-0.071,staircase3,no_load
20.333837,0.0,1.1426,0.4683,0.6743,0.0,-0.070,staircase3,no_load
20.344487,0.0,1.1426,0.4676,0.6750,0.0,-0.070,staircase3,no_load
20.354614,0.0,1.1426,0.4669,0.6757,0.0,-0.069,staircase3,no_load
20.36503,0.0,1.1426,0.4659,0.6767,0.0,-0.069,staircase3,no_load
20.37604,0.0,1.1426,0.4652,0.6774,0.0,-0.068,staircase3,no_load
20.386763,0.0,1.1426,0.4645,0.6781,0.0,-0.068,staircase3,no_load
20.397331,0.0,1.1426,0.4639,0.6787,0.0,-0.067,staircase3,no_load
20.408222,0.0,1.1426,0.4632,0.6794,0.0,-0.067,staircase3,no_load
20.418665,0.0,1.1426,0.4625,0.6801,0.0,-0.066,staircase3,no_load
20.429112,0.0,1.1426,0.4619,0.6807,0.0,-0.066,staircase3,no_load
20.439331,0.0,1.1426,0.4612,0.6814,0.0,-0.065,staircase3,no_load
20.449547,0.0,1.1426,0.4606,0.6820,0.0,-0.065,staircase3,no_load
20.459733,0.0,1.1426,0.4599,0.6827,0.0,-0.064,staircase3,no_load
20.470214,0.0,1.1426,0.4590,0.6836,0.0,-0.064,staircase3,no_load
20.481148,0.0,1.1426,0.4583,0.6843,0.0,-0.063,staircase3,no_load
20.491349,0.0,1.1426,0.4577,0.6849,0.0,-0.063,staircase3,no_load
20.501911,0.0,1.1426,0.4571,0.6855,0.0,-0.063,staircase3,no_load
20.512462,0.0,1.1426,0.4565,0.6861,0.0,-0.062,staircase3,no_load
20.523032,0.0,1.1426,0.4559,0.6867,0.0,-0.062,staircase3,no_load
20.533468,0.0,1.1426,0.4552,0.6874,0.0,-0.061,staircase3,no_load
20.544134,0.0,1.1426,0.4546,0.6880,0.0,-0.061,staircase3,no_load
20.554497,0.0,1.1426,0.4540,0.6886,0.0,-0.060,staircase3,no_load
20.564747,0.0,1.1426,0.4534,0.6892,0.0,-0.060,staircase3,no_load
20.575019,0.0,1.1426,0.4525,0.6901,0.0,-0.059,staircase3,no_load
20.585174,0.0,1.1426,0.4520,0.6906,0.0,-0.059,staircase3,no_load
20.595434,0.0,1.1426,0.4514,0.6912,0.0,-0.058,staircase3,no_load
20.606199,0.0,1.1426,0.4508,0.6918,0.0,-0.058,staircase3,no_load
20.616436,0.0,1.1426,0.4502,0.6924,0.0,-0.058,staircase3,no_load
20.626907,0.0,1.1426,0.4496,0.6930,0.0,-0.057,staircase3,no_load
20.6374,0.0,1.1426,0.4491,0.6935,0.0,-0.057,staircase3,no_load
20.647713,0.0,1.1426,0.4485,0.6941,0.0,-0.056,staircase3,no_load
20.657976,0.0,1.1426,0.4479,0.6947,0.0,-0.056,staircase3,no_load
20.668515,0.0,1.1426,0.4474,0.6952,0.0,-0.056,staircase3,no_load
20.678999,0.0,1.1426,0.4468,0.6958,0.0,-0.055,staircase3,no_load
20.689414,0.0,1.1426,0.4463,0.6963,0.0,-0.055,staircase3,no_load
20.69967,0.0,1.1426,0.4457,0.6969,0.0,-0.055,staircase3,no_load
20.710311,0.0,1.1426,0.4449,0.6977,0.0,-0.054,staircase3,no_load
20.720506,0.0,1.1426,0.4444,0.6982,0.0,-0.054,staircase3,no_load
20.730729,0.0,1.1426,0.4439,0.6987,0.0,-0.053,staircase3,no_load
20.74118,0.0,1.1426,0.4433,0.6993,0.0,-0.053,staircase3,no_load
20.751578,0.0,1.1426,0.4428,0.6998,0.0,-0.052,staircase3,no_load
20.761882,0.0,1.1426,0.4423,0.7003,0.0,-0.052,staircase3,no_load
20.77243,0.0,1.1426,0.4418,0.7008,0.0,-0.052,staircase3,no_load
20.783041,0.0,1.1426,0.4413,0.7013,0.0,-0.051,staircase3,no_load
20.793507,0.0,1.1426,0.4407,0.7019,0.0,-0.051,staircase3,no_load
20.804319,0.0,1.1426,0.4402,0.7024,0.0,-0.051,staircase3,no_load
20.814958,0.0,1.1426,0.4397,0.7029,0.0,-0.050,staircase3,no_load
20.825262,0.0,1.1426,0.4390,0.7036,0.0,-0.050,staircase3,no_load
20.836364,0.0,1.1426,0.4385,0.7041,0.0,-0.049,staircase3,no_load
20.846949,0.0,1.1426,0.4380,0.7046,0.0,-0.049,staircase3,no_load
20.857231,0.0,1.1426,0.4375,0.7051,0.0,-0.049,staircase3,no_load
20.868639,-11.8103,1.1426,0.4370,0.7056,0.0,-0.048,staircase3,no_load
20.879011,-11.8103,1.1426,0.4365,0.7061,0.0,-0.048,staircase3,no_load
20.889702,-11.8103,1.1426,0.4361,0.7065,0.0,-0.048,staircase3,no_load
20.900165,-11.8103,1.1426,0.4354,0.7072,0.0,-0.047,staircase3,no_load
20.910745,-11.8103,0.9668,0.4349,0.5319,-16.616,-0.047,staircase3,no_load
20.921024,-11.8103,0.7031,0.4344,0.2687,-25.654,-0.047,staircase3,no_load
20.931531,-11.8103,0.1758,0.4340,-0.2582,-50.186,-0.046,staircase3,no_load
20.942105,-11.8103,-0.4395,0.0751,-0.5146,-58.19,-35.885,staircase3,no_load
20.952537,-11.8103,-1.2305,-0.6735,-0.5570,-75.824,-74.865,staircase3,no_load
20.962685,-11.8103,-2.1094,-1.6427,-0.4667,-86.608,-96.916,staircase3,no_load
20.973343,-11.8103,-3.1641,-2.7013,-0.4628,-98.959,-105.855,staircase3,no_load
20.98364,-11.8103,-4.2188,-3.7642,-0.4546,-102.428,-106.290,staircase3,no_load
20.994008,-11.8103,-5.1855,-4.7788,-0.4067,-93.239,-101.469,staircase3,no_load
21.005075,-11.8103,-6.1523,-6.1492,-0.0031,-87.359,-91.357,staircase3,no_load
21.015355,-11.8103,-6.9434,-6.9441,0.0007,-76.955,-79.489,staircase3,no_load
21.025688,-11.8103,-7.5586,-7.6417,0.0831,-59.537,-69.765,staircase3,no_load
21.036022,-11.8103,-8.0859,-8.2462,0.1603,-51.026,-60.443,staircase3,no_load
21.04632,-11.8103,-8.4375,-8.7643,0.3268,-34.143,-51.815,staircase3,no_load
21.056817,-11.8103,-8.7891,-9.2046,0.4155,-33.495,-44.026,staircase3,no_load
21.067259,-11.8103,-9.0527,-9.5758,0.5231,-25.244,-37.127,staircase3,no_load
21.077982,-11.8103,-9.3164,-9.8869,0.5705,-24.592,-31.104,staircase3,no_load
21.088795,-11.8103,-9.4922,-10.1460,0.6538,-16.258,-25.909,staircase3,no_load
21.099016,-11.8103,-9.7559,-10.3607,0.6048,-25.8,-21.472,staircase3,no_load
21.109306,-11.8103,-9.8438,-10.5378,0.6940,-8.542,-17.715,staircase3,no_load
21.119727,-11.8103,-10.0195,-10.6834,0.6639,-16.86,-14.555,staircase3,no_load
21.130072,-11.8103,-10.1074,-10.8536,0.7462,-8.497,-11.349,staircase3,no_load
21.140954,-11.8103,-10.2832,-10.9413,0.6581,-16.155,-8.768,staircase3,no_load
21.151283,-11.8103,-10.2832,-11.0125,0.7293,0.0,-7.120,staircase3,no_load
21.161459,-11.8103,-10.3711,-11.0702,0.6991,-8.638,-5.765,staircase3,no_load
21.171683,-11.8103,-10.4590,-11.1167,0.6577,-8.597,-4.656,staircase3,no_load
21.182012,-11.8103,-10.5469,-11.1542,0.6073,-8.51,-3.750,staircase3,no_load
21.192346,-11.8103,-10.6348,-11.1844,0.5496,-8.506,-3.014,staircase3,no_load
21.202587,-11.8103,-10.6348,-11.2085,0.5737,0.0,-2.416,staircase3,no_load
21.212934,-11.8103,-10.6348,-11.2279,0.5931,0.0,-1.933,staircase3,no_load
21.223088,-11.8103,-10.7227,-11.2433,0.5206,-8.657,-1.544,staircase3,no_load
21.233465,-11.8103,-10.7227,-11.2556,0.5329,0.0,-1.230,staircase3,no_load
21.244034,-11.8103,-10.7227,-11.2654,0.5427,0.0,-0.978,staircase3,no_load
21.254489,-11.8103,-10.8105,-11.2731,0.4626,-8.398,-0.776,staircase3,no_load
21.264794,-11.8103,-10.8105,-11.2793,0.4688,0.0,-0.615,staircase3,no_load
21.275575,-11.8103,-10.8105,-11.2862,0.4757,0.0,-0.460,staircase3,no_load
21.286044,-11.8103,-10.8105,-11.2896,0.4791,0.0,-0.341,staircase3,no_load
21.296632,-11.8103,-10.8105,-11.2923,0.4818,0.0,-0.269,staircase3,no_load
21.306857,-11.8103,-10.8105,-11.2944,0.4839,0.0,-0.211,staircase3,no_load
21.317373,-11.8103,-10.8105,-11.2961,0.4856,0.0,-0.166,staircase3,no_load
21.328358,-11.8103,-10.8105,-11.2974,0.4869,0.0,-0.132,staircase3,no_load
21.33904,-11.8103,-10.8105,-11.2985,0.4880,0.0,-0.116,staircase3,no_load
21.349291,-11.8103,-10.8105,-11.2996,0.4891,0.0,-0.109,staircase3,no_load
21.359798,-11.8103,-10.8105,-11.3007,0.4902,0.0,-0.106,staircase3,no_load
21.370026,-11.8103,-10.8105,-11.3022,0.4917,0.0,-0.105,staircase3,no_load
21.380263,-11.8103,-10.8105,-11.3033,0.4928,0.0,-0.103,staircase3,no_load
21.390661,-11.8103,-10.8105,-11.3043,0.4938,0.0,-0.103,staircase3,no_load
21.400886,-11.8103,-10.8105,-11.3053,0.4948,0.0,-0.102,staircase3,no_load
21.411397,-11.8103,-10.8105,-11.3063,0.4958,0.0,-0.101,staircase3,no_load
21.421746,-11.8103,-10.8105,-11.3073,0.4968,0.0,-0.100,staircase3,no_load
21.432203,-11.8103,-10.8105,-11.3083,0.4978,0.0,-0.100,staircase3,no_load
21.442465,-11.8103,-10.8105,-11.3093,0.4988,0.0,-0.099,staircase3,no_load
21.452702,-11.8103,-10.8105,-11.3103,0.4998,0.0,-0.098,staircase3,no_load
21.462952,-11.8103,-10.8105,-11.3113,0.5008,0.0,-0.098,staircase3,no_load
21.473141,-11.8103,-10.8105,-11.3123,0.5018,0.0,-0.097,staircase3,no_load
21.4854,-11.8103,-10.8105,-11.3137,0.5032,0.0,-0.096,staircase3,no_load
21.496234,-11.8103,-10.8105,-11.3147,0.5042,0.0,-0.095,staircase3,no_load
21.506761,-11.8103,-10.8105,-11.3156,0.5051,0.0,-0.095,staircase3,no_load
21.517205,-11.8103,-10.8105,-11.3166,0.5061,0.0,-0.094,staircase3,no_load
21.527439,-11.8103,-10.8105,-11.3175,0.5070,0.0,-0.093,staircase3,no_load
21.538505,-11.8103,-10.8105,-11.3184,0.5079,0.0,-0.093,staircase3,no_load
21.548903,-11.8103,-10.8105,-11.3193,0.5088,0.0,-0.092,staircase3,no_load
21.559503,-11.8103,-10.8105,-11.3202,0.5097,0.0,-0.092,staircase3,no_load
21.570113,-11.8103,-10.8105,-11.3216,0.5111,0.0,-0.091,staircase3,no_load
21.581244,-11.8103,-10.8105,-11.3225,0.5120,0.0,-0.090,staircase3,no_load
21.59218,-11.8103,-10.8105,-11.3234,0.5129,0.0,-0.089,staircase3,no_load
21.602443,-11.8103,-10.8105,-11.3243,0.5138,0.0,-0.089,staircase3,no_load
21.612767,-11.8103,-10.8105,-11.3252,0.5147,0.0,-0.088,staircase3,no_load
21.623521,-11.8103,-10.8105,-11.3260,0.5155,0.0,-0.087,staircase3,no_load
21.633907,-11.8103,-10.8105,-11.3269,0.5164,0.0,-0.087,staircase3,no_load
21.644234,-11.8103,-10.8105,-11.3278,0.5173,0.0,-0.086,staircase3,no_load
21.6546,-11.8103,-10.8105,-11.3286,0.5181,0.0,-0.086,staircase3,no_load
21.665642,-11.8103,-10.8105,-11.3299,0.5194,0.0,-0.085,staircase3,no_load
21.676149,-11.8103,-10.8105,-11.3307,0.5202,0.0,-0.084,staircase3,no_load
21.686634,-11.8103,-10.8105,-11.3316,0.5211,0.0,-0.084,staircase3,no_load
21.697435,-11.8103,-10.8105,-11.3324,0.5219,0.0,-0.083,staircase3,no_load
21.708304,-11.8103,-10.8105,-11.3332,0.5227,0.0,-0.082,staircase3,no_load
21.719319,-11.8103,-10.8105,-11.3341,0.5236,0.0,-0.082,staircase3,no_load
21.73007,-11.8103,-10.8105,-11.3353,0.5248,0.0,-0.081,staircase3,no_load
21.740221,-11.8103,-10.8105,-11.3361,0.5256,0.0,-0.080,staircase3,no_load
21.750629,-11.8103,-10.8105,-11.3369,0.5264,0.0,-0.080,staircase3,no_load
21.760938,-11.8103,-10.8105,-11.3377,0.5272,0.0,-0.079,staircase3,no_load
21.771304,-11.8103,-10.8105,-11.3385,0.5280,0.0,-0.079,staircase3,no_load
21.781452,-11.8103,-10.8105,-11.3392,0.5287,0.0,-0.078,staircase3,no_load
21.792354,-11.8103,-10.8105,-11.3400,0.5295,0.0,-0.078,staircase3,no_load
21.80283,-11.8103,-10.8105,-11.3408,0.5303,0.0,-0.077,staircase3,no_load
21.813187,-11.8103,-10.8105,-11.3416,0.5311,0.0,-0.077,staircase3,no_load
21.82356,-11.8103,-10.8105,-11.3423,0.5318,0.0,-0.076,staircase3,no_load
21.83404,-11.8103,-10.8105,-11.3431,0.5326,0.0,-0.076,staircase3,no_load
21.844983,-11.8103,-10.8105,-11.3438,0.5333,0.0,-0.075,staircase3,no_load
21.855602,-11.8103,-10.8105,-11.3449,0.5344,0.0,-0.074,staircase3,no_load
21.865802,-11.8103,-10.8105,-11.3457,0.5352,0.0,-0.074,staircase3,no_load
21.875949,-11.8103,-10.8105,-11.3464,0.5359,0.0,-0.073,staircase3,no_load
21.886876,-11.8103,-10.8105,-11.3471,0.5366,0.0,-0.073,staircase3,no_load
21.897443,-11.8103,-10.8105,-11.3479,0.5374,0.0,-0.072,staircase3,no_load
21.907845,-11.8103,-10.8105,-11.3486,0.5381,0.0,-0.072,staircase3,no_load
21.918971,-11.8103,-10.8105,-11.3493,0.5388,0.0,-0.071,staircase3,no_load
21.929874,-11.8103,-10.8105,-11.3500,0.5395,0.0,-0.071,staircase3,no_load
21.940155,-11.8103,-10.8105,-11.3511,0.5406,0.0,-0.070,staircase3,no_load
21.950475,-11.8103,-10.8105,-11.3517,0.5412,0.0,-0.070,staircase3,no_load
21.9608,-11.8103,-10.8105,-11.3524,0.5419,0.0,-0.069,staircase3,no_load
21.971491,-11.8103,-10.8105,-11.3531,0.5426,0.0,-0.069,staircase3,no_load
21.981699,-11.8103,-10.8105,-11.3538,0.5433,0.0,-0.068,staircase3,no_load
21.992012,-11.8103,-10.8105,-11.3545,0.5440,0.0,-0.068,staircase3,no_load
22.002648,-11.8103,-10.8105,-11.3551,0.5446,0.0,-0.067,staircase3,no_load
22.012984,-11.8103,-10.8105,-11.3558,0.5453,0.0,-0.067,staircase3,no_load
22.02325,-11.8103,-10.8105,-11.3565,0.5460,0.0,-0.066,staircase3,no_load
22.033946,-11.8103,-10.8105,-11.3571,0.5466,0.0,-0.066,staircase3,no_load
22.044527,-11.8103,-10.8105,-11.3578,0.5473,0.0,-0.065,staircase3,no_load
22.054696,-11.8103,-10.8105,-11.3584,0.5479,0.0,-0.065,staircase3,no_load
22.065287,-11.8103,-10.8105,-11.3594,0.5489,0.0,-0.064,staircase3,no_load
22.075484,-11.8103,-10.8105,-11.3600,0.5495,0.0,-0.064,staircase3,no_load
22.085857,-11.8103,-10.8105,-11.3607,0.5502,0.0,-0.063,staircase3,no_load
22.096768,-11.8103,-10.8105,-11.3613,0.5508,0.0,-0.063,staircase3,no_load
22.107045,-11.8103,-10.8105,-11.3619,0.5514,0.0,-0.062,staircase3,no_load
22.117299,-11.8103,-10.8105,-11.3625,0.5520,0.0,-0.062,staircase3,no_load
22.127783,-11.8103,-10.8105,-11.3632,0.5527,0.0,-0.062,staircase3,no_load
22.138173,-11.8103,-10.8105,-11.3638,0.5533,0.0,-0.061,staircase3,no_load
22.148498,-11.8103,-10.8105,-11.3644,0.5539,0.0,-0.061,staircase3,no_load
22.159338,-11.8103,-10.8105,-11.3650,0.5545,0.0,-0.060,staircase3,no_load
22.169945,-11.8103,-10.8105,-11.3656,0.5551,0.0,-0.060,staircase3,no_load
22.180472,-11.8103,-10.8105,-11.3665,0.5560,0.0,-0.059,staircase3,no_load
22.190924,-11.8103,-10.8105,-11.3671,0.5566,0.0,-0.059,staircase3,no_load
22.201116,-11.8103,-10.8105,-11.3676,0.5571,0.0,-0.058,staircase3,no_load
22.211536,-11.8103,-10.8105,-11.3682,0.5577,0.0,-0.058,staircase3,no_load
22.221781,-11.8103,-10.8105,-11.3688,0.5583,0.0,-0.058,staircase3,no_load
22.231899,-11.8103,-10.8105,-11.3694,0.5589,0.0,-0.057,staircase3,no_load
22.242398,-11.8103,-10.8105,-11.3699,0.5594,0.0,-0.057,staircase3,no_load
22.252603,-11.8103,-10.8105,-11.3705,0.5600,0.0,-0.056,staircase3,no_load
22.263139,-11.8103,-10.8105,-11.3711,0.5606,0.0,-0.056,staircase3,no_load
22.273483,-11.8103,-10.8105,-11.3716,0.5611,0.0,-0.056,staircase3,no_load
22.283705,-11.8103,-10.8105,-11.3722,0.5617,0.0,-0.055,staircase3,no_load
22.293859,-11.8103,-10.8105,-11.3727,0.5622,0.0,-0.055,staircase3,no_load
22.304295,-11.8103,-10.8105,-11.3733,0.5628,0.0,-0.054,staircase3,no_load
22.314501,-11.8103,-10.8105,-11.3738,0.5633,0.0,-0.054,staircase3,no_load
22.325068,-11.8103,-10.8105,-11.3746,0.5641,0.0,-0.054,staircase3,no_load
22.335618,-11.8103,-10.8105,-11.3751,0.5646,0.0,-0.053,staircase3,no_load
22.345869,-11.8103,-10.8105,-11.3757,0.5652,0.0,-0.053,staircase3,no_load
22.356438,-11.8103,-10.8105,-11.3762,0.5657,0.0,-0.052,staircase3,no_load
22.366723,-11.8103,-10.8105,-11.3767,0.5662,0.0,-0.052,staircase3,no_load
22.377022,-11.8103,-10.8105,-11.3772,0.5667,0.0,-0.052,staircase3,no_load
22.387715,-11.8103,-10.8105,-11.3777,0.5672,0.0,-0.051,staircase3,no_load
22.398509,-11.8103,-10.8105,-11.3782,0.5677,0.0,-0.051,staircase3,no_load
22.408823,-11.8103,-10.8105,-11.3787,0.5682,0.0,-0.051,staircase3,no_load
22.419189,-11.8103,-10.8105,-11.3793,0.5688,0.0,-0.050,staircase3,no_load
22.429492,-11.8103,-10.8105,-11.3798,0.5693,0.0,-0.050,staircase3,no_load
22.439818,-11.8103,-10.8105,-11.3802,0.5697,0.0,-0.050,staircase3,no_load
22.450243,-11.8103,-10.8105,-11.3810,0.5705,0.0,-0.049,staircase3,no_load
22.460988,-11.8103,-10.8105,-11.3815,0.5710,0.0,-0.049,staircase3,no_load
22.472711,-23.6206,-10.8105,-11.3820,0.5715,0.0,-0.048,staircase3,no_load
22.483446,-23.6206,-10.8105,-11.3824,0.5719,0.0,-0.048,staircase3,no_load
22.494064,-23.6206,-10.8105,-11.3829,0.5724,0.0,-0.048,staircase3,no_load
22.504856,-23.6206,-10.8105,-11.3834,0.5729,0.0,-0.047,staircase3,no_load
22.515482,-23.6206,-10.9863,-11.3841,0.3978,-16.544,-0.047,staircase3,no_load
22.526352,-23.6206,-11.2500,-11.3846,0.1346,-24.259,-0.047,staircase3,no_load
22.536533,-23.6206,-11.6895,-11.3850,-0.3045,-43.169,-0.046,staircase3,no_load
22.547091,-23.6206,-12.3926,-11.7443,-0.6483,-66.594,-35.931,staircase3,no_load
22.557902,-23.6206,-13.2715,-12.4937,-0.7778,-81.297,-74.936,staircase3,no_load
22.568251,-23.6206,-14.2383,-13.4633,-0.7750,-93.42,-96.958,staircase3,no_load
22.578816,-23.6206,-15.2930,-14.5221,-0.7709,-99.83,-105.884,staircase3,no_load
22.58924,-23.6206,-16.3477,-15.5853,-0.7624,-101.18,-106.317,staircase3,no_load
22.599676,-23.6206,-17.2266,-16.6003,-0.6263,-84.218,-101.500,staircase3,no_load
22.61064,-23.6206,-18.1934,-17.9713,-0.2221,-88.179,-91.399,staircase3,no_load
22.62127,-23.6206,-18.9844,-18.7667,-0.2177,-74.412,-79.543,staircase3,no_load
22.6319,-23.6206,-19.5996,-19.4649,-0.1347,-57.874,-69.826,staircase3,no_load
22.642041,-23.6206,-20.0391,-20.0701,0.0310,-43.339,-60.511,staircase3,no_load
22.652892,-23.6206,-20.3906,-20.5889,0.1983,-32.393,-51.887,staircase3,no_load
22.663634,-23.6206,-20.7422,-21.0299,0.2877,-32.731,-44.100,staircase3,no_load
22.674012,-23.6206,-21.0059,-21.4019,0.3960,-25.41,-37.201,staircase3,no_load
22.684549,-23.6206,-21.1816,-21.7137,0.5321,-16.675,-31.178,staircase3,no_load
22.694797,-23.6206,-21.4453,-21.9735,0.5282,-25.732,-25.981,staircase3,no_load
22.705309,-23.6206,-21.6211,-22.2821,0.6610,-16.724,-20.574,staircase3,no_load
22.715663,-23.6206,-21.7969,-22.4434,0.6465,-16.979,-16.127,staircase3,no_load
22.726232,-23.6206,-21.9727,-22.5757,0.6030,-16.634,-13.232,staircase3,no_load
22.736965,-23.6206,-22.0605,-22.6839,0.6234,-8.18,-10.818,staircase3,no_load
22.74737,-23.6206,-22.1484,-22.7721,0.6237,-8.448,-8.816,staircase3,no_load
22.758308,-23.6206,-22.2363,-22.8437,0.6074,-8.036,-7.163,staircase3,no_load
22.769403,-23.6206,-22.3242,-22.9017,0.5775,-7.922,-5.803,staircase3,no_load
22.77994,-23.6206,-22.4121,-22.9486,0.5365,-8.342,-4.690,staircase3,no_load
22.790127,-23.6206,-22.5000,-23.0025,0.5025,-8.629,-3.589,staircase3,no_load
22.800736,-23.6206,-22.5000,-23.0297,0.5297,0.0,-2.724,staircase3,no_load
22.811424,-23.6206,-22.5879,-23.0515,0.4636,-8.224,-2.184,staircase3,no_load
22.822569,-23.6206,-22.5879,-23.0690,0.4811,0.0,-1.747,staircase3,no_load
22.833264,-23.6206,-22.6758,-23.0830,0.4072,-8.219,-1.394,staircase3,no_load
22.843752,-23.6206,-22.6758,-23.0941,0.4183,0.0,-1.111,staircase3,no_load
22.854053,-23.6206,-22.6758,-23.1029,0.4271,0.0,-0.884,staircase3,no_load
22.864521,-23.6206,-22.6758,-23.1099,0.4341,0.0,-0.701,staircase3,no_load
22.874845,-23.6206,-22.7637,-23.1155,0.3518,-8.514,-0.556,staircase3,no_load
22.885652,-23.6206,-22.7637,-23.1217,0.3580,0.0,-0.416,staircase3,no_load
22.895881,-23.6206,-22.7637,-23.1248,0.3611,0.0,-0.308,staircase3,no_load
22.906377,-23.6206,-22.7637,-23.1272,0.3635,0.0,-0.243,staircase3,no_load
22.916624,-23.6206,-22.7637,-23.1291,0.3654,0.0,-0.191,staircase3,no_load
22.926976,-23.6206,-22.7637,-23.1306,0.3669,0.0,-0.150,staircase3,no_load
22.937236,-23.6206,-22.7637,-23.1319,0.3682,0.0,-0.123,staircase3,no_load
22.947609,-23.6206,-22.7637,-23.1330,0.3693,0.0,-0.112,staircase3,no_load
22.958328,-23.6206,-22.7637,-23.1341,0.3704,0.0,-0.108,staircase3,no_load
22.969266,-23.6206,-22.7637,-23.1351,0.3714,0.0,-0.106,staircase3,no_load
22.979528,-23.6206,-22.7637,-23.1362,0.3725,0.0,-0.104,staircase3,no_load
22.990192,-23.6206,-22.7637,-23.1377,0.3740,0.0,-0.103,staircase3,no_load
23.000537,-23.6206,-22.7637,-23.1387,0.3750,0.0,-0.102,staircase3,no_load
23.010849,-23.6206,-22.7637,-23.1398,0.3761,0.0,-0.102,staircase3,no_load
23.022105,-23.6206,-22.7637,-23.1408,0.3771,0.0,-0.101,staircase3,no_load
23.032423,-23.6206,-22.7637,-23.1418,0.3781,0.0,-0.100,staircase3,no_load
23.043048,-23.6206,-22.7637,-23.1428,0.3791,0.0,-0.100,staircase3,no_load
23.053402,-23.6206,-22.7637,-23.1438,0.3801,0.0,-0.099,staircase3,no_load
23.063759,-23.6206,-22.7637,-23.1447,0.3810,0.0,-0.098,staircase3,no_load
23.074141,-23.6206,-22.7637,-23.1457,0.3820,0.0,-0.097,staircase3,no_load
23.084311,-23.6206,-22.7637,-23.1467,0.3830,0.0,-0.097,staircase3,no_load
23.094586,-23.6206,-22.7637,-23.1476,0.3839,0.0,-0.096,staircase3,no_load
23.105319,-23.6206,-22.7637,-23.1491,0.3854,0.0,-0.095,staircase3,no_load
23.116271,-23.6206,-22.7637,-23.1500,0.3863,0.0,-0.095,staircase3,no_load
23.126915,-23.6206,-22.7637,-23.1510,0.3873,0.0,-0.094,staircase3,no_load
23.137248,-23.6206,-22.7637,-23.1519,0.3882,0.0,-0.093,staircase3,no_load
23.147595,-23.6206,-22.7637,-23.1528,0.3891,0.0,-0.093,staircase3,no_load
23.158409,-23.6206,-22.7637,-23.1537,0.3900,0.0,-0.092,staircase3,no_load
23.168957,-23.6206,-22.7637,-23.1546,0.3909,0.0,-0.091,staircase3,no_load
23.180077,-23.6206,-22.7637,-23.1560,0.3923,0.0,-0.091,staircase3,no_load
23.190295,-23.6206,-22.7637,-23.1569,0.3932,0.0,-0.090,staircase3,no_load
23.200545,-23.6206,-22.7637,-23.1578,0.3941,0.0,-0.089,staircase3,no_load
23.210778,-23.6206,-22.7637,-23.1587,0.3950,0.0,-0.088,staircase3,no_load
23.221837,-23.6206,-22.7637,-23.1596,0.3959,0.0,-0.088,staircase3,no_load
23.232238,-23.6206,-22.7637,-23.1604,0.3967,0.0,-0.087,staircase3,no_load
23.242693,-23.6206,-22.7637,-23.1613,0.3976,0.0,-0.087,staircase3,no_load
23.253227,-23.6206,-22.7637,-23.1622,0.3985,0.0,-0.086,staircase3,no_load
23.263493,-23.6206,-22.7637,-23.1630,0.3993,0.0,-0.085,staircase3,no_load
23.274001,-23.6206,-22.7637,-23.1639,0.4002,0.0,-0.085,staircase3,no_load
23.284182,-23.6206,-22.7637,-23.1647,0.4010,0.0,-0.084,staircase3,no_load
23.294283,-23.6206,-22.7637,-23.1655,0.4018,0.0,-0.084,staircase3,no_load
23.304518,-23.6206,-22.7637,-23.1664,0.4027,0.0,-0.083,staircase3,no_load
23.314742,-23.6206,-22.7637,-23.1672,0.4035,0.0,-0.083,staircase3,no_load
23.325201,-23.6206,-22.7637,-23.1684,0.4047,0.0,-0.082,staircase3,no_load
23.33559,-23.6206,-22.7637,-23.1692,0.4055,0.0,-0.081,staircase3,no_load
23.346229,-23.6206,-22.7637,-23.1700,0.4063,0.0,-0.081,staircase3,no_load
23.35639,-23.6206,-22.7637,-23.1708,0.4071,0.0,-0.080,staircase3,no_load
23.366801,-23.6206,-22.7637,-23.1716,0.4079,0.0,-0.079,staircase3,no_load
23.377209,-23.6206,-22.7637,-23.1724,0.4087,0.0,-0.079,staircase3,no_load
23.387665,-23.6206,-22.7637,-23.1732,0.4095,0.0,-0.078,staircase3,no_load
23.397858,-23.6206,-22.7637,-23.1740,0.4103,0.0,-0.078,staircase3,no_load
23.408248,-23.6206,-22.7637,-23.1748,0.4111,0.0,-0.077,staircase3,no_load
23.418491,-23.6206,-22.7637,-23.1755,0.4118,0.0,-0.077,staircase3,no_load
23.429437,-23.6206,-22.7637,-23.1763,0.4126,0.0,-0.076,staircase3,no_load
23.439612,-23.6206,-22.7637,-23.1770,0.4133,0.0,-0.076,staircase3,no_load
23.449808,-23.6206,-22.7637,-23.1778,0.4141,0.0,-0.075,staircase3,no_load
23.460822,-23.6206,-22.7637,-23.1789,0.4152,0.0,-0.074,staircase3,no_load
23.471484,-23.6206,-22.7637,-23.1796,0.4159,0.0,-0.074,staircase3,no_load
23.481602,-23.6206,-22.7637,-23.1804,0.4167,0.0,-0.073,staircase3,no_load
23.492218,-23.6206,-22.7637,-23.1811,0.4174,0.0,-0.073,staircase3,no_load
23.502624,-23.6206,-22.7637,-23.1818,0.4181,0.0,-0.072,staircase3,no_load
23.512777,-23.6206,-22.7637,-23.1826,0.4189,0.0,-0.072,staircase3,no_load
23.523072,-23.6206,-22.7637,-23.1833,0.4196,0.0,-0.071,staircase3,no_load
23.533441,-23.6206,-22.7637,-23.1840,0.4203,0.0,-0.071,staircase3,no_load
23.543918,-23.6206,-22.7637,-23.1847,0.4210,0.0,-0.070,staircase3,no_load
23.554114,-23.6206,-22.7637,-23.1854,0.4217,0.0,-0.070,staircase3,no_load
23.564647,-23.6206,-22.7637,-23.1861,0.4224,0.0,-0.069,staircase3,no_load
23.574978,-23.6206,-22.7637,-23.1868,0.4231,0.0,-0.069,staircase3,no_load
23.585503,-23.6206,-22.7637,-23.1878,0.4241,0.0,-0.068,staircase3,no_load
23.596331,-23.6206,-22.7637,-23.1885,0.4248,0.0,-0.068,staircase3,no_load
23.607242,-23.6206,-22.7637,-23.1891,0.4254,0.0,-0.067,staircase3,no_load
23.617558,-23.6206,-22.7637,-23.1898,0.4261,0.0,-0.067,staircase3,no_load
23.627903,-23.6206,-22.7637,-23.1905,0.4268,0.0,-0.066,staircase3,no_load
23.638318,-23.6206,-22.7637,-23.1911,0.4274,0.0,-0.066,staircase3,no_load
23.649209,-23.6206,-22.7637,-23.1918,0.4281,0.0,-0.065,staircase3,no_load
23.660116,-23.6206,-22.7637,-23.1927,0.4290,0.0,-0.065,staircase3,no_load
23.670637,-23.6206,-22.7637,-23.1934,0.4297,0.0,-0.064,staircase3,no_load
23.681082,-23.6206,-22.7637,-23.1940,0.4303,0.0,-0.064,staircase3,no_load
23.691797,-23.6206,-22.7637,-23.1947,0.4310,0.0,-0.063,staircase3,no_load
23.702559,-23.6206,-22.7637,-23.1953,0.4316,0.0,-0.063,staircase3,no_load
23.713217,-23.6206,-22.7637,-23.1959,0.4322,0.0,-0.062,staircase3,no_load
23.724374,-23.6206,-22.7637,-23.1965,0.4328,0.0,-0.062,staircase3,no_load
23.734517,-23.6206,-22.7637,-23.1972,0.4335,0.0,-0.062,staircase3,no_load
23.745372,-23.6206,-22.7637,-23.1981,0.4344,0.0,-0.061,staircase3,no_load
23.755616,-23.6206,-22.7637,-23.1987,0.4350,0.0,-0.061,staircase3,no_load
23.766166,-23.6206,-22.7637,-23.1993,0.4356,0.0,-0.060,staircase3,no_load
23.776427,-23.6206,-22.7637,-23.1999,0.4362,0.0,-0.060,staircase3,no_load
23.787005,-23.6206,-22.7637,-23.2005,0.4368,0.0,-0.059,staircase3,no_load
23.797224,-23.6206,-22.7637,-23.2011,0.4374,0.0,-0.059,staircase3,no_load
23.807541,-23.6206,-22.7637,-23.2016,0.4379,0.0,-0.058,staircase3,no_load
23.818152,-23.6206,-22.7637,-23.2022,0.4385,0.0,-0.058,staircase3,no_load
23.82847,-23.6206,-22.7637,-23.2028,0.4391,0.0,-0.058,staircase3,no_load
23.839104,-23.6206,-22.7637,-23.2034,0.4397,0.0,-0.057,staircase3,no_load
23.849264,-23.6206,-22.7637,-23.2039,0.4402,0.0,-0.057,staircase3,no_load
23.859772,-23.6206,-22.7637,-23.2045,0.4408,0.0,-0.056,staircase3,no_load
23.870463,-23.6206,-22.7637,-23.2053,0.4416,0.0,-0.056,staircase3,no_load
23.880949,-23.6206,-22.7637,-23.2059,0.4422,0.0,-0.056,staircase3,no_load
23.891304,-23.6206,-22.7637,-23.2064,0.4427,0.0,-0.055,staircase3,no_load
23.901479,-23.6206,-22.7637,-23.2070,0.4433,0.0,-0.055,staircase3,no_load
23.912628,-23.6206,-22.7637,-23.2075,0.4438,0.0,-0.054,staircase3,no_load
23.922982,-23.6206,-22.7637,-23.2081,0.4444,0.0,-0.054,staircase3,no_load
23.933452,-23.6206,-22.7637,-23.2086,0.4449,0.0,-0.054,staircase3,no_load
23.94421,-23.6206,-22.7637,-23.2091,0.4454,0.0,-0.053,staircase3,no_load
23.954426,-23.6206,-22.7637,-23.2097,0.4460,0.0,-0.053,staircase3,no_load
23.964895,-23.6206,-22.7637,-23.2102,0.4465,0.0,-0.052,staircase3,no_load
23.976063,-23.6206,-22.7637,-23.2110,0.4473,0.0,-0.052,staircase3,no_load
23.987095,-23.6206,-22.7637,-23.2115,0.4478,0.0,-0.052,staircase3,no_load
23.997293,-23.6206,-22.7637,-23.2120,0.4483,0.0,-0.051,staircase3,no_load
24.007868,-23.6206,-22.7637,-23.2125,0.4488,0.0,-0.051,staircase3,no_load
24.018535,-23.6206,-22.7637,-23.2130,0.4493,0.0,-0.051,staircase3,no_load
24.029039,-23.6206,-22.7637,-23.2135,0.4498,0.0,-0.050,staircase3,no_load
24.039167,-23.6206,-22.7637,-23.2140,0.4503,0.0,-0.050,staircase3,no_load
24.050014,-23.6206,-22.7637,-23.2148,0.4511,0.0,-0.049,staircase3,no_load
24.060461,-23.6206,-22.7637,-23.2153,0.4516,0.0,-0.049,staircase3,no_load
24.070725,-23.6206,-22.7637,-23.2157,0.4520,0.0,-0.049,staircase3,no_load
24.081607,-35.4309,-22.7637,-23.2162,0.4525,0.0,-0.048,staircase3,no_load
24.09185,-35.4309,-22.7637,-23.2167,0.4530,0.0,-0.048,staircase3,no_load
24.102266,-35.4309,-22.7637,-23.2172,0.4535,0.0,-0.048,staircase3,no_load
24.112458,-35.4309,-22.7637,-23.2177,0.4540,0.0,-0.047,staircase3,no_load
24.122679,-35.4309,-22.8516,-23.2181,0.3665,-8.6,-0.047,staircase3,no_load
24.13299,-35.4309,-23.1152,-23.2186,0.1034,-25.565,-0.047,staircase3,no_load
24.143357,-35.4309,-23.5547,-23.2191,-0.3356,-42.394,-0.046,staircase3,no_load
24.153585,-35.4309,-24.1699,-23.3435,-0.8264,-60.149,-12.441,staircase3,no_load
24.164498,-35.4309,-24.9609,-23.9174,-1.0435,-72.482,-57.397,staircase3,no_load
24.174724,-35.4309,-25.7520,-24.7982,-0.9538,-77.362,-88.075,staircase3,no_load
24.18559,-35.4309,-26.8066,-26.3609,-0.4457,-97.055,-104.181,staircase3,no_load
24.195731,-35.4309,-27.7734,-27.4244,-0.3490,-95.336,-106.347,staircase3,no_load
24.206151,-35.4309,-28.9160,-28.4396,-0.4764,-109.655,-101.520,staircase3,no_load
24.216427,-35.4309,-29.7949,-29.3766,-0.4183,-85.529,-93.706,staircase3,no_load
24.226905,-35.4309,-30.5859,-30.2209,-0.3650,-75.492,-84.428,staircase3,no_load
24.237491,-35.4309,-31.2012,-30.9678,-0.2334,-58.124,-74.689,staircase3,no_load
24.247839,-35.4309,-31.7285,-31.6191,-0.1094,-50.957,-65.132,staircase3,no_load
24.258576,-35.4309,-32.1680,-32.1805,0.0125,-40.933,-56.142,staircase3,no_load
24.269017,-35.4309,-32.4316,-32.6598,0.2282,-25.247,-47.931,staircase3,no_load
24.279244,-35.4309,-32.6953,-33.0657,0.3704,-25.785,-40.590,staircase3,no_load
24.28958,-35.4309,-32.9590,-33.4071,0.4481,-25.513,-34.134,staircase3,no_load
24.300434,-35.4309,-33.2227,-33.8166,0.5939,-24.295,-27.299,staircase3,no_load
24.310995,-35.4309,-33.3984,-34.0325,0.6341,-16.637,-21.592,staircase3,no_load
24.322038,-35.4309,-33.6621,-34.2108,0.5487,-23.879,-17.829,staircase3,no_load
24.332373,-35.4309,-33.7500,-34.3574,0.6074,-8.505,-14.662,staircase3,no_load
24.342635,-35.4309,-33.9258,-34.4775,0.5517,-17.131,-12.013,staircase3,no_load
24.352935,-35.4309,-34.0137,-34.5756,0.5619,-8.534,-9.810,staircase3,no_load
24.363535,-35.4309,-34.1016,-34.6555,0.5539,-8.292,-7.987,staircase3,no_load
24.37419,-35.4309,-34.1895,-34.7203,0.5308,-8.25,-6.483,staircase3,no_load
24.384443,-35.4309,-34.2773,-34.7728,0.4955,-8.563,-5.249,staircase3,no_load
24.395669,-35.4309,-34.2773,-34.8332,0.5559,0.0,-4.026,staircase3,no_load
24.40582,-35.4309,-34.2773,-34.8638,0.5865,0.0,-3.063,staircase3,no_load
24.416416,-35.4309,-34.2773,-34.8884,0.6111,0.0,-2.459,staircase3,no_load
24.426678,-35.4309,-34.2773,-34.9081,0.6308,0.0,-1.971,staircase3,no_load
24.436846,-35.4309,-34.2773,-34.9239,0.6466,0.0,-1.576,staircase3,no_load
24.447201,-35.4309,-34.2773,-34.9365,0.6592,0.0,-1.258,staircase3,no_load
24.457717,-35.4309,-34.2773,-34.9465,0.6692,0.0,-1.002,staircase3,no_load
24.46834,-35.4309,-34.2773,-34.9545,0.6772,0.0,-0.797,staircase3,no_load
24.478623,-35.4309,-34.2773,-34.9608,0.6835,0.0,-0.633,staircase3,no_load
24.489279,-35.4309,-34.2773,-34.9658,0.6885,0.0,-0.502,staircase3,no_load
24.499562,-35.4309,-34.2773,-34.9698,0.6925,0.0,-0.397,staircase3,no_load
24.510278,-35.4309,-34.2773,-34.9742,0.6969,0.0,-0.296,staircase3,no_load
24.520718,-35.4309,-34.2773,-34.9764,0.6991,0.0,-0.219,staircase3,no_load
24.531285,-35.4309,-34.2773,-34.9782,0.7009,0.0,-0.173,staircase3,no_load
24.542383,-35.4309,-34.2773,-34.9795,0.7022,0.0,-0.137,staircase3,no_load
24.555569,-35.4309,-34.2773,-34.9813,0.7040,0.0,-0.115,staircase3,no_load
24.566008,-35.4309,-34.2773,-34.9823,0.7050,0.0,-0.108,staircase3,no_load
24.576674,-35.4309,-34.2773,-34.9834,0.7061,0.0,-0.106,staircase3,no_load
24.587541,-35.4309,-34.2773,-34.9844,0.7071,0.0,-0.104,staircase3,no_load
24.598293,-35.4309,-34.2773,-34.9855,0.7082,0.0,-0.104,staircase3,no_load
24.608886,-35.4309,-34.2773,-34.9865,0.7092,0.0,-0.103,staircase3,no_load
24.619434,-35.4309,-34.2773,-34.9875,0.7102,0.0,-0.102,staircase3,no_load
24.630098,-35.4309,-34.2773,-34.9890,0.7117,0.0,-0.101,staircase3,no_load
24.640619,-35.4309,-34.2773,-34.9900,0.7127,0.0,-0.100,staircase3,no_load
24.650913,-35.4309,-34.2773,-34.9910,0.7137,0.0,-0.100,staircase3,no_load
24.661495,-35.4309,-34.2773,-34.9920,0.7147,0.0,-0.099,staircase3,no_load
24.672558,-35.4309,-34.2773,-34.9930,0.7157,0.0,-0.098,staircase3,no_load
24.683036,-35.4309,-34.2773,-34.9940,0.7167,0.0,-0.098,staircase3,no_load
24.693268,-35.4309,-34.2773,-34.9950,0.7177,0.0,-0.097,staircase3,no_load
24.703722,-35.4309,-34.2773,-34.9959,0.7186,0.0,-0.096,staircase3,no_load
24.713866,-35.4309,-34.2773,-34.9969,0.7196,0.0,-0.096,staircase3,no_load
24.724062,-35.4309,-34.2773,-34.9978,0.7205,0.0,-0.095,staircase3,no_load
24.734466,-35.4309,-34.2773,-34.9988,0.7215,0.0,-0.094,staircase3,no_load
24.745505,-35.4309,-34.2773,-35.0002,0.7229,0.0,-0.093,staircase3,no_load
24.755771,-35.4309,-34.2773,-35.0011,0.7238,0.0,-0.093,staircase3,no_load
24.766464,-35.4309,-34.2773,-35.0020,0.7247,0.0,-0.092,staircase3,no_load
24.777636,-35.4309,-34.2773,-35.0029,0.7256,0.0,-0.091,staircase3,no_load
24.788473,-35.4309,-34.2773,-35.0038,0.7265,0.0,-0.091,staircase3,no_load
24.798881,-35.4309,-34.2773,-35.0047,0.7274,0.0,-0.090,staircase3,no_load
24.809085,-35.4309,-34.2773,-35.0056,0.7283,0.0,-0.090,staircase3,no_load
24.819721,-35.4309,-34.2773,-35.0065,0.7292,0.0,-0.089,staircase3,no_load
24.82988,-35.4309,-34.2773,-35.0074,0.7301,0.0,-0.088,staircase3,no_load
24.840592,-35.4309,-34.2773,-35.0087,0.7314,0.0,-0.088,staircase3,no_load
24.851304,-35.4309,-34.2773,-35.0096,0.7323,0.0,-0.087,staircase3,no_load
24.862438,-35.4309,-34.2773,-35.0104,0.7331,0.0,-0.086,staircase3,no_load
24.873029,-35.4309,-34.2773,-35.0113,0.7340,0.0,-0.086,staircase3,no_load
24.883437,-35.4309,-34.2773,-35.0122,0.7349,0.0,-0.085,staircase3,no_load
24.894094,-35.4309,-34.2773,-35.0130,0.7357,0.0,-0.084,staircase3,no_load
24.905632,-35.4309,-34.2773,-35.0143,0.7370,0.0,-0.084,staircase3,no_load
24.916348,-35.4309,-34.2773,-35.0151,0.7378,0.0,-0.083,staircase3,no_load
24.927642,-35.4309,-34.2773,-35.0159,0.7386,0.0,-0.082,staircase3,no_load
24.938251,-35.4309,-34.2773,-35.0167,0.7394,0.0,-0.082,staircase3,no_load
24.948763,-35.4309,-34.2773,-35.0175,0.7402,0.0,-0.081,staircase3,no_load
24.959638,-35.4309,-34.2773,-35.0183,0.7410,0.0,-0.081,staircase3,no_load
24.970009,-35.4309,-34.2773,-35.0195,0.7422,0.0,-0.080,staircase3,no_load
24.980745,-35.4309,-34.2773,-35.0203,0.7430,0.0,-0.079,staircase3,no_load
24.991424,-35.4309,-34.2773,-35.0211,0.7438,0.0,-0.079,staircase3,no_load
25.001718,-35.4309,-34.2773,-35.0219,0.7446,0.0,-0.078,staircase3,no_load
25.012858,-35.4309,-34.2773,-35.0227,0.7454,0.0,-0.078,staircase3,no_load
25.023169,-35.4309,-34.2773,-35.0234,0.7461,0.0,-0.077,staircase3,no_load
25.033594,-35.4309,-34.2773,-35.0242,0.7469,0.0,-0.077,staircase3,no_load
25.044221,-35.4309,-34.2773,-35.0250,0.7477,0.0,-0.076,staircase3,no_load
25.054571,-35.4309,-34.2773,-35.0257,0.7484,0.0,-0.076,staircase3,no_load
25.064844,-35.4309,-34.2773,-35.0265,0.7492,0.0,-0.075,staircase3,no_load
25.075458,-35.4309,-34.2773,-35.0276,0.7503,0.0,-0.074,staircase3,no_load
25.086228,-35.4309,-34.2773,-35.0283,0.7510,0.0,-0.074,staircase3,no_load
25.096512,-35.4309,-34.2773,-35.0291,0.7518,0.0,-0.073,staircase3,no_load
25.106722,-35.4309,-34.2773,-35.0298,0.7525,0.0,-0.073,staircase3,no_load
25.117163,-35.4309,-34.2773,-35.0305,0.7532,0.0,-0.072,staircase3,no_load
25.127333,-35.4309,-34.2773,-35.0312,0.7539,0.0,-0.072,staircase3,no_load
25.137633,-35.4309,-34.2773,-35.0319,0.7546,0.0,-0.071,staircase3,no_load
25.147808,-35.4309,-34.2773,-35.0326,0.7553,0.0,-0.071,staircase3,no_load
25.158629,-35.4309,-34.2773,-35.0333,0.7560,0.0,-0.070,staircase3,no_load
25.168839,-35.4309,-34.2773,-35.0340,0.7567,0.0,-0.070,staircase3,no_load
25.180125,-35.4309,-34.2773,-35.0351,0.7578,0.0,-0.069,staircase3,no_load
25.190827,-35.4309,-34.2773,-35.0358,0.7585,0.0,-0.068,staircase3,no_load
25.201333,-35.4309,-34.2773,-35.0364,0.7591,0.0,-0.068,staircase3,no_load
25.211834,-35.4309,-34.2773,-35.0371,0.7598,0.0,-0.068,staircase3,no_load
25.221969,-35.4309,-34.2773,-35.0378,0.7605,0.0,-0.067,staircase3,no_load
25.232205,-35.4309,-34.2773,-35.0385,0.7612,0.0,-0.067,staircase3,no_load
25.242572,-35.4309,-34.2773,-35.0391,0.7618,0.0,-0.066,staircase3,no_load
25.253034,-35.4309,-34.2773,-35.0398,0.7625,0.0,-0.066,staircase3,no_load
25.26321,-35.4309,-34.2773,-35.0404,0.7631,0.0,-0.065,staircase3,no_load
25.273553,-35.4309,-34.2773,-35.0411,0.7638,0.0,-0.065,staircase3,no_load
25.284451,-35.4309,-34.2773,-35.0417,0.7644,0.0,-0.064,staircase3,no_load
25.295425,-35.4309,-34.2773,-35.0427,0.7654,0.0,-0.064,staircase3,no_load
25.305813,-35.4309,-34.2773,-35.0433,0.7660,0.0,-0.063,staircase3,no_load
25.316599,-35.4309,-34.2773,-35.0439,0.7666,0.0,-0.063,staircase3,no_load
25.327549,-35.4309,-34.2773,-35.0446,0.7673,0.0,-0.062,staircase3,no_load
25.338128,-35.4309,-34.2773,-35.0452,0.7679,0.0,-0.062,staircase3,no_load
25.349047,-35.4309,-34.2773,-35.0458,0.7685,0.0,-0.061,staircase3,no_load
25.359992,-35.4309,-34.2773,-35.0464,0.7691,0.0,-0.061,staircase3,no_load
25.37093,-35.4309,-34.2773,-35.0473,0.7700,0.0,-0.061,staircase3,no_load
25.381497,-35.4309,-34.2773,-35.0479,0.7706,0.0,-0.060,staircase3,no_load
25.392022,-35.4309,-34.2773,-35.0485,0.7712,0.0,-0.060,staircase3,no_load
25.402696,-35.4309,-34.2773,-35.0491,0.7718,0.0,-0.059,staircase3,no_load
25.413049,-35.4309,-34.2773,-35.0497,0.7724,0.0,-0.059,staircase3,no_load
25.423763,-35.4309,-34.2773,-35.0503,0.7730,0.0,-0.058,staircase3,no_load
25.434374,-35.4309,-34.2773,-35.0509,0.7736,0.0,-0.058,staircase3,no_load
25.445062,-35.4309,-34.2773,-35.0517,0.7744,0.0,-0.057,staircase3,no_load
25.455648,-35.4309,-34.2773,-35.0523,0.7750,0.0,-0.057,staircase3,no_load
25.466115,-35.4309,-34.2773,-35.0529,0.7756,0.0,-0.057,staircase3,no_load
25.476717,-35.4309,-34.2773,-35.0534,0.7761,0.0,-0.056,staircase3,no_load
25.48732,-35.4309,-34.2773,-35.0540,0.7767,0.0,-0.056,staircase3,no_load
25.497898,-35.4309,-34.2773,-35.0545,0.7772,0.0,-0.055,staircase3,no_load
25.509085,-35.4309,-34.2773,-35.0551,0.7778,0.0,-0.055,staircase3,no_load
25.519453,-35.4309,-34.2773,-35.0556,0.7783,0.0,-0.055,staircase3,no_load
25.52993,-35.4309,-34.2773,-35.0562,0.7789,0.0,-0.054,staircase3,no_load
25.540733,-35.4309,-34.2773,-35.0570,0.7797,0.0,-0.054,staircase3,no_load
25.551445,-35.4309,-34.2773,-35.0575,0.7802,0.0,-0.053,staircase3,no_load
25.562015,-35.4309,-34.2773,-35.0580,0.7807,0.0,-0.053,staircase3,no_load
25.572588,-35.4309,-34.2773,-35.0586,0.7813,0.0,-0.053,staircase3,no_load
25.582803,-35.4309,-34.2773,-35.0591,0.7818,0.0,-0.052,staircase3,no_load
25.593704,-35.4309,-34.2773,-35.0596,0.7823,0.0,-0.052,staircase3,no_load
25.604519,-35.4309,-34.2773,-35.0601,0.7828,0.0,-0.051,staircase3,no_load
25.615408,-35.4309,-34.2773,-35.0609,0.7836,0.0,-0.051,staircase3,no_load
25.627006,-35.4309,-34.2773,-35.0614,0.7841,0.0,-0.051,staircase3,no_load
25.63748,-35.4309,-34.2773,-35.0619,0.7846,0.0,-0.050,staircase3,no_load
25.648028,-35.4309,-34.2773,-35.0624,0.7851,0.0,-0.050,staircase3,no_load
25.658418,-35.4309,-34.2773,-35.0629,0.7856,0.0,-0.050,staircase3,no_load
25.668948,-35.4309,-34.2773,-35.0634,0.7861,0.0,-0.049,staircase3,no_load
25.679651,-35.4309,-34.2773,-35.0639,0.7866,0.0,-0.049,staircase3,no_load
25.691077,-47.2412,-34.2773,-35.0646,0.7873,0.0,-0.048,staircase3,no_load
25.701799,-47.2412,-34.2773,-35.0651,0.7878,0.0,-0.048,staircase3,no_load
25.712281,-47.2412,-34.2773,-35.0655,0.7882,0.0,-0.048,staircase3,no_load
25.722637,-47.2412,-34.2773,-35.0660,0.7887,0.0,-0.047,staircase3,no_load
25.732962,-47.2412,-34.4531,-35.0665,0.6134,-17.027,-0.047,staircase3,no_load
25.743501,-47.2412,-34.8047,-35.0670,0.2623,-33.362,-0.047,staircase3,no_load
25.754175,-47.2412,-35.3320,-35.0674,-0.2646,-49.4,-0.046,staircase3,no_load
25.764357,-47.2412,-36.0352,-35.1924,-0.8428,-69.063,-12.500,staircase3,no_load
25.774923,-47.2412,-36.7383,-35.7691,-0.9692,-66.544,-57.672,staircase3,no_load
25.785362,-47.2412,-37.7051,-37.1561,-0.5490,-92.614,-92.462,staircase3,no_load
25.795668,-47.2412,-38.7598,-38.2163,-0.5435,-102.338,-106.023,staircase3,no_load
25.806284,-47.2412,-39.8145,-39.2801,-0.5344,-99.35,-106.381,staircase3,no_load
25.817043,-47.2412,-40.8691,-40.2954,-0.5737,-98.02,-101.530,staircase3,no_load
25.827377,-47.2412,-41.7480,-41.2325,-0.5155,-85.049,-93.706,staircase3,no_load
25.837892,-47.2412,-42.5391,-42.0767,-0.4624,-75.235,-84.425,staircase3,no_load
25.848192,-47.2412,-43.1543,-42.8236,-0.3307,-59.728,-74.690,staircase3,no_load
25.858909,-47.2412,-43.6816,-43.4750,-0.2066,-49.202,-65.138,staircase3,no_load
25.869168,-47.2412,-44.0332,-44.0365,0.0033,-34.272,-56.155,staircase3,no_load
25.879842,-47.2412,-44.4727,-44.5160,0.0433,-41.175,-47.949,staircase3,no_load
25.890577,-47.2412,-44.7363,-45.1005,0.3642,-24.555,-38.964,staircase3,no_load
25.900875,-47.2412,-45.0000,-45.4131,0.4131,-25.607,-31.260,staircase3,no_load
25.911538,-47.2412,-45.1758,-45.6737,0.4979,-16.487,-26.065,staircase3,no_load
25.922361,-47.2412,-45.4395,-45.8900,0.4505,-24.365,-21.625,staircase3,no_load
25.932869,-47.2412,-45.6152,-46.0686,0.4534,-16.721,-17.862,staircase3,no_load
25.943412,-47.2412,-45.7031,-46.2156,0.5125,-8.337,-14.694,staircase3,no_load
25.953681,-47.2412,-45.8789,-46.3360,0.4571,-17.119,-12.045,staircase3,no_load
25.964244,-47.2412,-45.9668,-46.4344,0.4676,-8.321,-9.840,staircase3,no_load
25.974728,-47.2412,-46.0547,-46.5145,0.4598,-8.384,-8.014,staircase3,no_load
25.985939,-47.2412,-46.1426,-46.6074,0.4648,-7.841,-6.190,staircase3,no_load
25.996613,-47.2412,-46.2305,-46.6548,0.4243,-8.235,-4.740,staircase3,no_load
26.006866,-47.2412,-46.2305,-46.6931,0.4626,0.0,-3.826,staircase3,no_load
26.017179,-47.2412,-46.2305,-46.7239,0.4934,0.0,-3.081,staircase3,no_load
26.027898,-47.2412,-46.2305,-46.7486,0.5181,0.0,-2.475,staircase3,no_load
26.038368,-47.2412,-46.2305,-46.7685,0.5380,0.0,-1.985,staircase3,no_load
26.048716,-47.2412,-46.2305,-46.7843,0.5538,0.0,-1.588,staircase3,no_load
26.059586,-47.2412,-46.2305,-46.7970,0.5665,0.0,-1.269,staircase3,no_load
26.069738,-47.2412,-46.2305,-46.8071,0.5766,0.0,-1.012,staircase3,no_load
26.080191,-47.2412,-46.2305,-46.8186,0.5881,0.0,-0.762,staircase3,no_load
26.090551,-47.2412,-46.2305,-46.8243,0.5938,0.0,-0.570,staircase3,no_load
26.101818,-47.2412,-46.2305,-46.8288,0.5983,0.0,-0.452,staircase3,no_load
26.112686,-47.2412,-46.2305,-46.8324,0.6019,0.0,-0.357,staircase3,no_load
26.124209,-47.2412,-46.2305,-46.8352,0.6047,0.0,-0.282,staircase3,no_load
26.134635,-47.2412,-46.2305,-46.8374,0.6069,0.0,-0.223,staircase3,no_load
26.145223,-47.2412,-46.2305,-46.8399,0.6094,0.0,-0.166,staircase3,no_load
26.155408,-47.2412,-46.2305,-46.8412,0.6107,0.0,-0.126,staircase3,no_load
26.165602,-47.2412,-46.2305,-46.8423,0.6118,0.0,-0.113,staircase3,no_load
26.175874,-47.2412,-46.2305,-46.8434,0.6129,0.0,-0.108,staircase3,no_load
26.186264,-47.2412,-46.2305,-46.8444,0.6139,0.0,-0.106,staircase3,no_load
26.196436,-47.2412,-46.2305,-46.8455,0.6150,0.0,-0.105,staircase3,no_load
26.2068,-47.2412,-46.2305,-46.8465,0.6160,0.0,-0.104,staircase3,no_load
26.217143,-47.2412,-46.2305,-46.8476,0.6171,0.0,-0.103,staircase3,no_load
26.227481,-47.2412,-46.2305,-46.8486,0.6181,0.0,-0.102,staircase3,no_load
26.237795,-47.2412,-46.2305,-46.8496,0.6191,0.0,-0.101,staircase3,no_load
26.248139,-47.2412,-46.2305,-46.8506,0.6201,0.0,-0.101,staircase3,no_load
26.258318,-47.2412,-46.2305,-46.8516,0.6211,0.0,-0.100,staircase3,no_load
26.2686,-47.2412,-46.2305,-46.8526,0.6221,0.0,-0.099,staircase3,no_load
26.278986,-47.2412,-46.2305,-46.8536,0.6231,0.0,-0.099,staircase3,no_load
26.289607,-47.2412,-46.2305,-46.8546,0.6241,0.0,-0.098,staircase3,no_load
26.299891,-47.2412,-46.2305,-46.8555,0.6250,0.0,-0.097,staircase3,no_load
26.310171,-47.2412,-46.2305,-46.8570,0.6265,0.0,-0.096,staircase3,no_load
26.320733,-47.2412,-46.2305,-46.8579,0.6274,0.0,-0.096,staircase3,no_load
26.331523,-47.2412,-46.2305,-46.8589,0.6284,0.0,-0.095,staircase3,no_load
26.34221,-47.2412,-46.2305,-46.8598,0.6293,0.0,-0.094,staircase3,no_load
26.352773,-47.2412,-46.2305,-46.8608,0.6303,0.0,-0.094,staircase3,no_load
26.362988,-47.2412,-46.2305,-46.8617,0.6312,0.0,-0.093,staircase3,no_load
26.373288,-47.2412,-46.2305,-46.8626,0.6321,0.0,-0.092,staircase3,no_load
26.383539,-47.2412,-46.2305,-46.8635,0.6330,0.0,-0.092,staircase3,no_load
26.39453,-47.2412,-46.2305,-46.8644,0.6339,0.0,-0.091,staircase3,no_load
26.405323,-47.2412,-46.2305,-46.8658,0.6353,0.0,-0.090,staircase3,no_load
26.415912,-47.2412,-46.2305,-46.8667,0.6362,0.0,-0.090,staircase3,no_load
26.426799,-47.2412,-46.2305,-46.8676,0.6371,0.0,-0.089,staircase3,no_load
26.437495,-47.2412,-46.2305,-46.8685,0.6380,0.0,-0.088,staircase3,no_load
26.448099,-47.2412,-46.2305,-46.8693,0.6388,0.0,-0.088,staircase3,no_load
26.458307,-47.2412,-46.2305,-46.8702,0.6397,0.0,-0.087,staircase3,no_load
26.468911,-47.2412,-46.2305,-46.8711,0.6406,0.0,-0.087,staircase3,no_load
26.479627,-47.2412,-46.2305,-46.8719,0.6414,0.0,-0.086,staircase3,no_load
26.490627,-47.2412,-46.2305,-46.8732,0.6427,0.0,-0.085,staircase3,no_load
26.501291,-47.2412,-46.2305,-46.8741,0.6436,0.0,-0.084,staircase3,no_load
26.511578,-47.2412,-46.2305,-46.8749,0.6444,0.0,-0.084,staircase3,no_load
26.521795,-47.2412,-46.2305,-46.8757,0.6452,0.0,-0.083,staircase3,no_load
26.53229,-47.2412,-46.2305,-46.8766,0.6461,0.0,-0.083,staircase3,no_load
26.542802,-47.2412,-46.2305,-46.8774,0.6469,0.0,-0.082,staircase3,no_load
26.552969,-47.2412,-46.2305,-46.8782,0.6477,0.0,-0.082,staircase3,no_load
26.5637,-47.2412,-46.2305,-46.8790,0.6485,0.0,-0.081,staircase3,no_load
26.574568,-47.2412,-46.2305,-46.8798,0.6493,0.0,-0.080,staircase3,no_load
26.585213,-47.2412,-46.2305,-46.8810,0.6505,0.0,-0.080,staircase3,no_load
26.595844,-47.2412,-46.2305,-46.8818,0.6513,0.0,-0.079,staircase3,no_load
26.606166,-47.2412,-46.2305,-46.8826,0.6521,0.0,-0.079,staircase3,no_load
26.616673,-47.2412,-46.2305,-46.8834,0.6529,0.0,-0.078,staircase3,no_load
26.627336,-47.2412,-46.2305,-46.8841,0.6536,0.0,-0.077,staircase3,no_load
26.637858,-47.2412,-46.2305,-46.8849,0.6544,0.0,-0.077,staircase3,no_load
26.648551,-47.2412,-46.2305,-46.8857,0.6552,0.0,-0.076,staircase3,no_load
26.659238,-47.2412,-46.2305,-46.8864,0.6559,0.0,-0.076,staircase3,no_load
26.669736,-47.2412,-46.2305,-46.8872,0.6567,0.0,-0.075,staircase3,no_load
26.680216,-47.2412,-46.2305,-46.8883,0.6578,0.0,-0.075,staircase3,no_load
26.690826,-47.2412,-46.2305,-46.8890,0.6585,0.0,-0.074,staircase3,no_load
26.701489,-47.2412,-46.2305,-46.8898,0.6593,0.0,-0.074,staircase3,no_load
26.712033,-47.2412,-46.2305,-46.8905,0.6600,0.0,-0.073,staircase3,no_load
26.722897,-47.2412,-46.2305,-46.8912,0.6607,0.0,-0.072,staircase3,no_load
26.73336,-47.2412,-46.2305,-46.8920,0.6615,0.0,-0.072,staircase3,no_load
26.743845,-47.2412,-46.2305,-46.8927,0.6622,0.0,-0.071,staircase3,no_load
26.754255,-47.2412,-46.2305,-46.8934,0.6629,0.0,-0.071,staircase3,no_load
26.764702,-47.2412,-46.2305,-46.8941,0.6636,0.0,-0.071,staircase3,no_load
26.774892,-47.2412,-46.2305,-46.8948,0.6643,0.0,-0.070,staircase3,no_load
26.786118,-47.2412,-46.2305,-46.8958,0.6653,0.0,-0.069,staircase3,no_load
26.796916,-47.2412,-46.2305,-46.8965,0.6660,0.0,-0.069,staircase3,no_load
26.807619,-47.2412,-46.2305,-46.8972,0.6667,0.0,-0.068,staircase3,no_load
26.818497,-47.2412,-46.2305,-46.8979,0.6674,0.0,-0.068,staircase3,no_load
26.828731,-47.2412,-46.2305,-46.8986,0.6681,0.0,-0.067,staircase3,no_load
26.839367,-47.2412,-46.2305,-46.8992,0.6687,0.0,-0.067,staircase3,no_load
26.850496,-47.2412,-46.2305,-46.9002,0.6697,0.0,-0.066,staircase3,no_load
26.861137,-47.2412,-46.2305,-46.9009,0.6704,0.0,-0.066,staircase3,no_load
26.871808,-47.2412,-46.2305,-46.9015,0.6710,0.0,-0.065,staircase3,no_load
26.882101,-47.2412,-46.2305,-46.9022,0.6717,0.0,-0.065,staircase3,no_load
26.892452,-47.2412,-46.2305,-46.9028,0.6723,0.0,-0.064,staircase3,no_load
26.902933,-47.2412,-46.2305,-46.9035,0.6730,0.0,-0.064,staircase3,no_load
26.91338,-47.2412,-46.2305,-46.9041,0.6736,0.0,-0.064,staircase3,no_load
26.923848,-47.2412,-46.2305,-46.9047,0.6742,0.0,-0.063,staircase3,no_load
26.934615,-47.2412,-46.2305,-46.9054,0.6749,0.0,-0.063,staircase3,no_load
26.944997,-47.2412,-46.2305,-46.9060,0.6755,0.0,-0.062,staircase3,no_load
26.955614,-47.2412,-46.2305,-46.9069,0.6764,0.0,-0.062,staircase3,no_load
26.96595,-47.2412,-46.2305,-46.9075,0.6770,0.0,-0.061,staircase3,no_load
26.976335,-47.2412,-46.2305,-46.9081,0.6776,0.0,-0.061,staircase3,no_load
26.986792,-47.2412,-46.2305,-46.9087,0.6782,0.0,-0.060,staircase3,no_load
26.997468,-47.2412,-46.2305,-46.9093,0.6788,0.0,-0.060,staircase3,no_load
27.008065,-47.2412,-46.2305,-46.9099,0.6794,0.0,-0.059,staircase3,no_load
27.019055,-47.2412,-46.2305,-46.9105,0.6800,0.0,-0.059,staircase3,no_load
27.029215,-47.2412,-46.2305,-46.9111,0.6806,0.0,-0.059,staircase3,no_load
27.04017,-47.2412,-46.2305,-46.9120,0.6815,0.0,-0.058,staircase3,no_load
27.050632,-47.2412,-46.2305,-46.9125,0.6820,0.0,-0.058,staircase3,no_load
27.061672,-47.2412,-46.2305,-46.9131,0.6826,0.0,-0.057,staircase3,no_load
27.072045,-47.2412,-46.2305,-46.9137,0.6832,0.0,-0.057,staircase3,no_load
27.082716,-47.2412,-46.2305,-46.9142,0.6837,0.0,-0.056,staircase3,no_load
27.093245,-47.2412,-46.2305,-46.9148,0.6843,0.0,-0.056,staircase3,no_load
27.103604,-47.2412,-46.2305,-46.9154,0.6849,0.0,-0.056,staircase3,no_load
27.114113,-47.2412,-46.2305,-46.9159,0.6854,0.0,-0.055,staircase3,no_load
27.124601,-47.2412,-46.2305,-46.9165,0.6860,0.0,-0.055,staircase3,no_load
27.1353,-47.2412,-46.2305,-46.9173,0.6868,0.0,-0.054,staircase3,no_load
27.146193,-47.2412,-46.2305,-46.9178,0.6873,0.0,-0.054,staircase3,no_load
27.157159,-47.2412,-46.2305,-46.9184,0.6879,0.0,-0.054,staircase3,no_load
27.167652,-47.2412,-46.2305,-46.9189,0.6884,0.0,-0.053,staircase3,no_load
27.178451,-47.2412,-46.2305,-46.9194,0.6889,0.0,-0.053,staircase3,no_load
27.188709,-47.2412,-46.2305,-46.9199,0.6894,0.0,-0.052,staircase3,no_load
27.198859,-47.2412,-46.2305,-46.9205,0.6900,0.0,-0.052,staircase3,no_load
27.209392,-47.2412,-46.2305,-46.9210,0.6905,0.0,-0.052,staircase3,no_load
27.220526,-47.2412,-46.2305,-46.9217,0.6912,0.0,-0.051,staircase3,no_load
27.230781,-47.2412,-46.2305,-46.9223,0.6918,0.0,-0.051,staircase3,no_load
27.241173,-47.2412,-46.2305,-46.9228,0.6923,0.0,-0.051,staircase3,no_load
27.251636,-47.2412,-46.2305,-46.9233,0.6928,0.0,-0.050,staircase3,no_load
27.261859,-47.2412,-46.2305,-46.9238,0.6933,0.0,-0.050,staircase3,no_load
27.272987,-47.2412,-46.2305,-46.9243,0.6938,0.0,-0.049,staircase3,no_load
27.283608,-47.2412,-46.2305,-46.9247,0.6942,0.0,-0.049,staircase3,no_load
