time,commanded_deg,real_deg,sim_deg,error_deg,real_vel_deg_s,sim_vel_deg_s,experiment_id,load_condition
0.000928,-47.2412,-46.5820,-46.4563,-0.1257,0.0,0.086,staircase1,no_load
0.011421,-47.2412,-46.5820,-46.4555,-0.1265,0.0,0.085,staircase1,no_load
0.021748,-47.2412,-46.5820,-46.4546,-0.1274,0.0,0.085,staircase1,no_load
0.032449,-47.2412,-46.5820,-46.4538,-0.1282,0.0,0.084,staircase1,no_load
0.042825,-47.2412,-46.5820,-46.4529,-0.1291,0.0,0.084,staircase1,no_load
0.053121,-47.2412,-46.5820,-46.4521,-0.1299,0.0,0.083,staircase1,no_load
0.063851,-47.2412,-46.5820,-46.4513,-0.1307,0.0,0.083,staircase1,no_load
0.074098,-47.2412,-46.5820,-46.4558,-0.1262,0.0,-0.456,staircase1,no_load
0.084751,-47.2412,-46.5820,-46.4772,-0.1048,0.0,-2.138,staircase1,no_load
0.094965,-47.2412,-46.5820,-46.5079,-0.0741,0.0,-3.071,staircase1,no_load
0.105768,-47.2412,-46.5820,-46.5609,-0.0211,0.0,-3.533,staircase1,no_load
0.116187,-47.2412,-46.5820,-46.5965,0.0145,0.0,-3.560,staircase1,no_load
0.126799,-47.2412,-46.5820,-46.6303,0.0483,0.0,-3.377,staircase1,no_load
0.137241,-47.2412,-46.5820,-46.6613,0.0793,0.0,-3.104,staircase1,no_load
0.148491,-47.2412,-46.5820,-46.6892,0.1072,0.0,-2.788,staircase1,no_load
0.159035,-47.2412,-46.5820,-46.7138,0.1318,0.0,-2.460,staircase1,no_load
0.169184,-47.2412,-46.5820,-46.7352,0.1532,0.0,-2.142,staircase1,no_load
0.179685,-47.2412,-46.5820,-46.7537,0.1717,0.0,-1.843,staircase1,no_load
0.190342,-47.2412,-46.5820,-46.7763,0.1943,0.0,-1.510,staircase1,no_load
0.200743,-47.2412,-46.5820,-46.7885,0.2065,0.0,-1.220,staircase1,no_load
0.210977,-47.2412,-46.5820,-46.7987,0.2167,0.0,-1.022,staircase1,no_load
0.22158,-47.2412,-46.5820,-46.8073,0.2253,0.0,-0.852,staircase1,no_load
0.232299,-47.2412,-46.5820,-46.8143,0.2323,0.0,-0.706,staircase1,no_load
0.242967,-47.2412,-46.5820,-46.8201,0.2381,0.0,-0.583,staircase1,no_load
0.253975,-47.2412,-46.5820,-46.8249,0.2429,0.0,-0.479,staircase1,no_load
0.264668,-47.2412,-46.5820,-46.8289,0.2469,0.0,-0.393,staircase1,no_load
0.275005,-47.2412,-46.5820,-46.8335,0.2515,0.0,-0.305,staircase1,no_load
0.285384,-47.2412,-46.5820,-46.8358,0.2538,0.0,-0.235,staircase1,no_load
0.2959,-47.2412,-46.5820,-46.8377,0.2557,0.0,-0.191,staircase1,no_load
0.306308,-47.2412,-46.5820,-46.8393,0.2573,0.0,-0.154,staircase1,no_load
0.31746,-47.2412,-46.5820,-46.8405,0.2585,0.0,-0.127,staircase1,no_load
0.328089,-47.2412,-46.5820,-46.8417,0.2597,0.0,-0.114,staircase1,no_load
0.338784,-47.2412,-46.5820,-46.8428,0.2608,0.0,-0.109,staircase1,no_load
0.349405,-47.2412,-46.5820,-46.8438,0.2618,0.0,-0.107,staircase1,no_load
0.35968,-47.2412,-46.5820,-46.8449,0.2629,0.0,-0.105,staircase1,no_load
0.370773,-47.2412,-46.5820,-46.8464,0.2644,0.0,-0.104,staircase1,no_load
0.381013,-47.2412,-46.5820,-46.8475,0.2655,0.0,-0.103,staircase1,no_load
0.391584,-47.2412,-46.5820,-46.8485,0.2665,0.0,-0.102,staircase1,no_load
0.401907,-47.2412,-46.5820,-46.8495,0.2675,0.0,-0.102,staircase1,no_load
0.412467,-47.2412,-46.5820,-46.8505,0.2685,0.0,-0.101,staircase1,no_load
0.42286,-47.2412,-46.5820,-46.8515,0.2695,0.0,-0.100,staircase1,no_load
0.433724,-47.2412,-46.5820,-46.8525,0.2705,0.0,-0.100,staircase1,no_load
0.444803,-47.2412,-46.5820,-46.8535,0.2715,0.0,-0.099,staircase1,no_load
0.455533,-47.2412,-46.5820,-46.8550,0.2730,0.0,-0.098,staircase1,no_load
0.466279,-47.2412,-46.5820,-46.8559,0.2739,0.0,-0.097,staircase1,no_load
0.476893,-47.2412,-46.5820,-46.8569,0.2749,0.0,-0.096,staircase1,no_load
0.487324,-47.2412,-46.5820,-46.8579,0.2759,0.0,-0.096,staircase1,no_load
0.497968,-47.2412,-46.5820,-46.8588,0.2768,0.0,-0.095,staircase1,no_load
0.508707,-47.2412,-46.5820,-46.8598,0.2778,0.0,-0.094,staircase1,no_load
0.51973,-47.2412,-46.5820,-46.8607,0.2787,0.0,-0.094,staircase1,no_load
0.530377,-47.2412,-46.5820,-46.8621,0.2801,0.0,-0.093,staircase1,no_load
0.540642,-47.2412,-46.5820,-46.8630,0.2810,0.0,-0.092,staircase1,no_load
0.551094,-47.2412,-46.5820,-46.8639,0.2819,0.0,-0.092,staircase1,no_load
0.561289,-47.2412,-46.5820,-46.8648,0.2828,0.0,-0.091,staircase1,no_load
0.571823,-47.2412,-46.5820,-46.8657,0.2837,0.0,-0.090,staircase1,no_load
0.582761,-47.2412,-46.5820,-46.8666,0.2846,0.0,-0.090,staircase1,no_load
0.593422,-47.2412,-46.5820,-46.8675,0.2855,0.0,-0.089,staircase1,no_load
0.603962,-47.2412,-46.5820,-46.8684,0.2864,0.0,-0.088,staircase1,no_load
0.614286,-47.2412,-46.5820,-46.8693,0.2873,0.0,-0.088,staircase1,no_load
0.624791,-47.2412,-46.5820,-46.8702,0.2882,0.0,-0.087,staircase1,no_load
0.635378,-47.2412,-46.5820,-46.8715,0.2895,0.0,-0.086,staircase1,no_load
0.646142,-47.2412,-46.5820,-46.8723,0.2903,0.0,-0.086,staircase1,no_load
0.656434,-47.2412,-46.5820,-46.8732,0.2912,0.0,-0.085,staircase1,no_load
0.667077,-47.2412,-46.5820,-46.8740,0.2920,0.0,-0.085,staircase1,no_load
0.677245,-47.2412,-46.5820,-46.8749,0.2929,0.0,-0.084,staircase1,no_load
0.688365,-47.2412,-46.5820,-46.8757,0.2937,0.0,-0.083,staircase1,no_load
0.698528,-47.2412,-46.5820,-46.8765,0.2945,0.0,-0.083,staircase1,no_load
0.708763,-47.2412,-46.5820,-46.8773,0.2953,0.0,-0.082,staircase1,no_load
0.719498,-47.2412,-46.5820,-46.8782,0.2962,0.0,-0.082,staircase1,no_load
0.730047,-47.2412,-46.5820,-46.8794,0.2974,0.0,-0.081,staircase1,no_load
0.740615,-47.2412,-46.5820,-46.8802,0.2982,0.0,-0.080,staircase1,no_load
0.751219,-47.2412,-46.5820,-46.8810,0.2990,0.0,-0.080,staircase1,no_load
0.762803,-47.2412,-46.5820,-46.8818,0.2998,0.0,-0.079,staircase1,no_load
0.773594,-47.2412,-46.5820,-46.8825,0.3005,0.0,-0.079,staircase1,no_load
0.784642,-47.2412,-46.5820,-46.8833,0.3013,0.0,-0.078,staircase1,no_load
0.795605,-47.2412,-46.5820,-46.8845,0.3025,0.0,-0.077,staircase1,no_load
0.805831,-47.2412,-46.5820,-46.8852,0.3032,0.0,-0.077,staircase1,no_load
0.816946,-47.2412,-46.5820,-46.8860,0.3040,0.0,-0.076,staircase1,no_load
0.827358,-47.2412,-46.5820,-46.8868,0.3048,0.0,-0.076,staircase1,no_load
0.837656,-47.2412,-46.5820,-46.8875,0.3055,0.0,-0.075,staircase1,no_load
0.848362,-47.2412,-46.5820,-46.8883,0.3063,0.0,-0.075,staircase1,no_load
0.859033,-47.2412,-46.5820,-46.8890,0.3070,0.0,-0.074,staircase1,no_load
0.869544,-47.2412,-46.5820,-46.8897,0.3077,0.0,-0.074,staircase1,no_load
0.879988,-47.2412,-46.5820,-46.8905,0.3085,0.0,-0.073,staircase1,no_load
0.891561,-47.2412,-46.5820,-46.8916,0.3096,0.0,-0.072,staircase1,no_load
0.901746,-47.2412,-46.5820,-46.8923,0.3103,0.0,-0.072,staircase1,no_load
0.911974,-47.2412,-46.5820,-46.8930,0.3110,0.0,-0.071,staircase1,no_load
0.922553,-47.2412,-46.5820,-46.8937,0.3117,0.0,-0.071,staircase1,no_load
0.932771,-47.2412,-46.5820,-46.8944,0.3124,0.0,-0.070,staircase1,no_load
0.94348,-47.2412,-46.5820,-46.8951,0.3131,0.0,-0.070,staircase1,no_load
0.954028,-47.2412,-46.5820,-46.8958,0.3138,0.0,-0.069,staircase1,no_load
0.964972,-47.2412,-46.5820,-46.8965,0.3145,0.0,-0.069,staircase1,no_load
0.975267,-47.2412,-46.5820,-46.8975,0.3155,0.0,-0.068,staircase1,no_load
0.985445,-47.2412,-46.5820,-46.8982,0.3162,0.0,-0.068,staircase1,no_load
0.996355,-47.2412,-46.5820,-46.8988,0.3168,0.0,-0.067,staircase1,no_load
1.006689,-47.2412,-46.5820,-46.8995,0.3175,0.0,-0.067,staircase1,no_load
1.017655,-47.2412,-46.5820,-46.9002,0.3182,0.0,-0.066,staircase1,no_load
1.028079,-47.2412,-46.5820,-46.9008,0.3188,0.0,-0.066,staircase1,no_load
1.039035,-47.2412,-46.5820,-46.9015,0.3195,0.0,-0.065,staircase1,no_load
1.04938,-47.2412,-46.5820,-46.9021,0.3201,0.0,-0.065,staircase1,no_load
1.060114,-47.2412,-46.5820,-46.9031,0.3211,0.0,-0.064,staircase1,no_load
1.070416,-47.2412,-46.5820,-46.9037,0.3217,0.0,-0.064,staircase1,no_load
1.080739,-47.2412,-46.5820,-46.9044,0.3224,0.0,-0.063,staircase1,no_load
1.091357,-47.2412,-46.5820,-46.9050,0.3230,0.0,-0.063,staircase1,no_load
1.101705,-47.2412,-46.5820,-46.9056,0.3236,0.0,-0.062,staircase1,no_load
1.11185,-47.2412,-46.5820,-46.9062,0.3242,0.0,-0.062,staircase1,no_load
1.122411,-47.2412,-46.5820,-46.9069,0.3249,0.0,-0.062,staircase1,no_load
1.132955,-47.2412,-46.5820,-46.9075,0.3255,0.0,-0.061,staircase1,no_load
1.143262,-47.2412,-46.5820,-46.9081,0.3261,0.0,-0.061,staircase1,no_load
1.153382,-47.2412,-46.5820,-46.9087,0.3267,0.0,-0.060,staircase1,no_load
1.164072,-47.2412,-46.5820,-46.9093,0.3273,0.0,-0.060,staircase1,no_load
1.174681,-47.2412,-46.5820,-46.9099,0.3279,0.0,-0.059,staircase1,no_load
1.185064,-47.2412,-46.5820,-46.9108,0.3288,0.0,-0.059,staircase1,no_load
1.195911,-47.2412,-46.5820,-46.9113,0.3293,0.0,-0.058,staircase1,no_load
1.206221,-47.2412,-46.5820,-46.9119,0.3299,0.0,-0.058,staircase1,no_load
1.216506,-47.2412,-46.5820,-46.9125,0.3305,0.0,-0.058,staircase1,no_load
1.226808,-47.2412,-46.5820,-46.9131,0.3311,0.0,-0.057,staircase1,no_load
1.236956,-47.2412,-46.5820,-46.9136,0.3316,0.0,-0.057,staircase1,no_load
1.247521,-47.2412,-46.5820,-46.9142,0.3322,0.0,-0.056,staircase1,no_load
1.257727,-47.2412,-46.5820,-46.9148,0.3328,0.0,-0.056,staircase1,no_load
1.268045,-47.2412,-46.5820,-46.9153,0.3333,0.0,-0.056,staircase1,no_load
1.278944,-47.2412,-46.5820,-46.9159,0.3339,0.0,-0.055,staircase1,no_load
1.2896,-47.2412,-46.5820,-46.9164,0.3344,0.0,-0.055,staircase1,no_load
1.300052,-47.2412,-46.5820,-46.9172,0.3352,0.0,-0.054,staircase1,no_load
1.310658,-47.2412,-46.5820,-46.9178,0.3358,0.0,-0.054,staircase1,no_load
1.321616,-47.2412,-46.5820,-46.9183,0.3363,0.0,-0.054,staircase1,no_load
1.332267,-47.2412,-46.5820,-46.9189,0.3369,0.0,-0.053,staircase1,no_load
1.342616,-47.2412,-46.5820,-46.9194,0.3374,0.0,-0.053,staircase1,no_load
1.352912,-47.2412,-46.5820,-46.9199,0.3379,0.0,-0.052,staircase1,no_load
1.363535,-47.2412,-46.5820,-46.9204,0.3384,0.0,-0.052,staircase1,no_load
1.373711,-47.2412,-46.5820,-46.9209,0.3389,0.0,-0.052,staircase1,no_load
1.384432,-47.2412,-46.5820,-46.9215,0.3395,0.0,-0.051,staircase1,no_load
1.394686,-47.2412,-46.5820,-46.9220,0.3400,0.0,-0.051,staircase1,no_load
1.405095,-47.2412,-46.5820,-46.9227,0.3407,0.0,-0.051,staircase1,no_load
1.415468,-47.2412,-46.5820,-46.9232,0.3412,0.0,-0.050,staircase1,no_load
1.426203,-47.2412,-46.5820,-46.9237,0.3417,0.0,-0.050,staircase1,no_load
1.436644,-47.2412,-46.5820,-46.9242,0.3422,0.0,-0.049,staircase1,no_load
1.447375,-47.2412,-46.5820,-46.9247,0.3427,0.0,-0.049,staircase1,no_load
1.458095,-47.2412,-46.5820,-46.9252,0.3432,0.0,-0.049,staircase1,no_load
1.46859,-47.2412,-46.5820,-46.9257,0.3437,0.0,-0.048,staircase1,no_load
1.479112,-47.2412,-46.5820,-46.9262,0.3442,0.0,-0.048,staircase1,no_load
1.489896,-47.2412,-46.5820,-46.9267,0.3447,0.0,-0.048,staircase1,no_load
1.500195,-47.2412,-46.5820,-46.9274,0.3454,0.0,-0.047,staircase1,no_load
1.510623,-47.2412,-46.5820,-46.9278,0.3458,0.0,-0.047,staircase1,no_load
1.521508,-47.2412,-46.5820,-46.9283,0.3463,0.0,-0.047,staircase1,no_load
1.532007,-47.2412,-46.5820,-46.9288,0.3468,0.0,-0.046,staircase1,no_load
1.542277,-47.2412,-46.5820,-46.9292,0.3472,0.0,-0.046,staircase1,no_load
1.552677,-47.2412,-46.5820,-46.9297,0.3477,0.0,-0.046,staircase1,no_load
1.563211,-47.2412,-46.5820,-46.9301,0.3481,0.0,-0.045,staircase1,no_load
1.573656,-47.2412,-46.5820,-46.9306,0.3486,0.0,-0.045,staircase1,no_load
1.584104,-47.2412,-46.5820,-46.9310,0.3490,0.0,-0.045,staircase1,no_load
1.594828,-47.2412,-46.5820,-46.9315,0.3495,0.0,-0.044,staircase1,no_load
1.606575,-35.4309,-46.5820,-46.9321,0.3501,0.0,-0.044,staircase1,no_load
1.617517,-35.4309,-46.5820,-46.9326,0.3506,0.0,-0.044,staircase1,no_load
1.628111,-35.4309,-46.5820,-46.9330,0.3510,0.0,-0.043,staircase1,no_load
1.638788,-35.4309,-46.5820,-46.9334,0.3514,0.0,-0.043,staircase1,no_load
1.649397,-35.4309,-46.4941,-46.9339,0.4398,8.285,-0.043,staircase1,no_load
1.659724,-35.4309,-46.3184,-46.9343,0.6159,17.014,-0.042,staircase1,no_load
1.670553,-35.4309,-45.9668,-46.9349,0.9681,32.468,-0.042,staircase1,no_load
1.680688,-35.4309,-45.5273,-46.5489,1.0216,43.365,38.597,staircase1,no_load
1.691878,-35.4309,-44.6484,-45.7566,1.1082,78.543,79.239,staircase1,no_load
1.702309,-35.4309,-43.8574,-44.7697,0.9123,75.832,98.689,staircase1,no_load
1.712698,-35.4309,-42.8027,-43.7101,0.9074,101.521,105.961,staircase1,no_load
1.722954,-35.4309,-41.8359,-42.6562,0.8203,94.267,105.386,staircase1,no_load
1.733387,-35.4309,-40.7812,-41.6561,0.8749,101.093,100.013,staircase1,no_load
1.743587,-35.4309,-39.9023,-40.7367,0.8344,86.167,91.940,staircase1,no_load
1.753852,-35.4309,-39.1992,-39.9108,0.7116,68.495,82.590,staircase1,no_load
1.764395,-35.4309,-38.5840,-39.1818,0.5978,58.352,72.899,staircase1,no_load
1.775344,-35.4309,-38.0566,-38.2635,0.2069,48.169,61.219,staircase1,no_load
1.785528,-35.4309,-37.7051,-37.7585,0.0534,34.515,50.496,staircase1,no_load
1.795722,-35.4309,-37.3535,-37.3297,-0.0238,34.491,42.885,staircase1,no_load
1.806484,-35.4309,-37.1777,-36.9681,-0.2096,16.335,36.155,staircase1,no_load
1.817428,-35.4309,-36.9141,-36.6653,-0.2488,24.086,30.288,staircase1,no_load
1.827614,-35.4309,-36.7383,-36.4129,-0.3254,17.259,25.232,staircase1,no_load
1.837969,-35.4309,-36.5625,-36.2038,-0.3587,16.977,20.916,staircase1,no_load
1.848234,-35.4309,-36.3867,-36.0312,-0.3555,17.126,17.262,staircase1,no_load
1.858352,-35.4309,-36.2109,-35.8893,-0.3216,17.375,14.190,staircase1,no_load
1.868478,-35.4309,-36.0352,-35.7730,-0.2622,17.351,11.623,staircase1,no_load
1.878719,-35.4309,-36.0352,-35.6782,-0.3570,0.0,9.488,staircase1,no_load
1.88914,-35.4309,-35.9473,-35.6009,-0.3464,8.435,7.722,staircase1,no_load
1.899383,-35.4309,-35.8594,-35.5383,-0.3211,8.581,6.267,staircase1,no_load
1.909613,-35.4309,-35.7715,-35.4876,-0.2839,8.592,5.072,staircase1,no_load
1.920229,-35.4309,-35.6836,-35.4292,-0.2544,8.28,3.889,staircase1,no_load
1.930419,-35.4309,-35.6836,-35.3996,-0.2840,0.0,2.958,staircase1,no_load
1.940997,-35.4309,-35.6836,-35.3759,-0.3077,0.0,2.375,staircase1,no_load
1.95166,-35.4309,-35.5957,-35.3569,-0.2388,8.243,1.903,staircase1,no_load
1.962775,-35.4309,-35.5957,-35.3416,-0.2541,0.0,1.521,staircase1,no_load
1.973952,-35.4309,-35.5957,-35.3295,-0.2662,0.0,1.214,staircase1,no_load
1.984763,-35.4309,-35.5957,-35.3198,-0.2759,0.0,0.967,staircase1,no_load
1.99541,-35.4309,-35.5957,-35.3089,-0.2868,0.0,0.728,staircase1,no_load
2.00613,-35.4309,-35.5957,-35.3035,-0.2922,0.0,0.544,staircase1,no_load
2.016364,-35.4309,-35.5957,-35.2992,-0.2965,0.0,0.430,staircase1,no_load
2.027088,-35.4309,-35.5957,-35.2958,-0.2999,0.0,0.340,staircase1,no_load
2.037763,-35.4309,-35.5957,-35.2931,-0.3026,0.0,0.268,staircase1,no_load
2.048403,-35.4309,-35.5957,-35.2910,-0.3047,0.0,0.212,staircase1,no_load
2.058738,-35.4309,-35.5957,-35.2893,-0.3064,0.0,0.166,staircase1,no_load
2.069051,-35.4309,-35.5957,-35.2880,-0.3077,0.0,0.132,staircase1,no_load
2.079951,-35.4309,-35.5957,-35.2868,-0.3089,0.0,0.116,staircase1,no_load
2.09116,-35.4309,-35.5957,-35.2852,-0.3105,0.0,0.109,staircase1,no_load
2.101415,-35.4309,-35.5957,-35.2841,-0.3116,0.0,0.106,staircase1,no_load
2.111855,-35.4309,-35.5957,-35.2831,-0.3126,0.0,0.104,staircase1,no_load
2.122491,-35.4309,-35.5957,-35.2821,-0.3136,0.0,0.103,staircase1,no_load
2.132878,-35.4309,-35.5957,-35.2810,-0.3147,0.0,0.103,staircase1,no_load
2.143214,-35.4309,-35.5957,-35.2800,-0.3157,0.0,0.102,staircase1,no_load
2.154388,-35.4309,-35.5957,-35.2790,-0.3167,0.0,0.101,staircase1,no_load
2.164723,-35.4309,-35.5957,-35.2780,-0.3177,0.0,0.101,staircase1,no_load
2.175454,-35.4309,-35.5957,-35.2765,-0.3192,0.0,0.100,staircase1,no_load
2.185803,-35.4309,-35.5957,-35.2755,-0.3202,0.0,0.099,staircase1,no_load
2.196112,-35.4309,-35.5957,-35.2745,-0.3212,0.0,0.098,staircase1,no_load
2.206881,-35.4309,-35.5957,-35.2736,-0.3221,0.0,0.097,staircase1,no_load
2.217898,-35.4309,-35.5957,-35.2726,-0.3231,0.0,0.097,staircase1,no_load
2.228207,-35.4309,-35.5957,-35.2716,-0.3241,0.0,0.096,staircase1,no_load
2.23871,-35.4309,-35.5957,-35.2707,-0.3250,0.0,0.095,staircase1,no_load
2.248827,-35.4309,-35.5957,-35.2697,-0.3260,0.0,0.095,staircase1,no_load
2.259272,-35.4309,-35.5957,-35.2688,-0.3269,0.0,0.094,staircase1,no_load
2.269788,-35.4309,-35.5957,-35.2679,-0.3278,0.0,0.094,staircase1,no_load
2.280125,-35.4309,-35.5957,-35.2665,-0.3292,0.0,0.093,staircase1,no_load
2.290618,-35.4309,-35.5957,-35.2655,-0.3302,0.0,0.092,staircase1,no_load
2.300929,-35.4309,-35.5957,-35.2646,-0.3311,0.0,0.091,staircase1,no_load
2.312015,-35.4309,-35.5957,-35.2637,-0.3320,0.0,0.091,staircase1,no_load
2.322147,-35.4309,-35.5957,-35.2628,-0.3329,0.0,0.090,staircase1,no_load
2.333019,-35.4309,-35.5957,-35.2619,-0.3338,0.0,0.089,staircase1,no_load
2.343167,-35.4309,-35.5957,-35.2610,-0.3347,0.0,0.089,staircase1,no_load
2.353329,-35.4309,-35.5957,-35.2602,-0.3355,0.0,0.088,staircase1,no_load
2.363884,-35.4309,-35.5957,-35.2593,-0.3364,0.0,0.088,staircase1,no_load
2.374498,-35.4309,-35.5957,-35.2584,-0.3373,0.0,0.087,staircase1,no_load
2.385645,-35.4309,-35.5957,-35.2571,-0.3386,0.0,0.086,staircase1,no_load
2.396311,-35.4309,-35.5957,-35.2563,-0.3394,0.0,0.085,staircase1,no_load
2.407302,-35.4309,-35.5957,-35.2554,-0.3403,0.0,0.085,staircase1,no_load
2.418351,-35.4309,-35.5957,-35.2546,-0.3411,0.0,0.084,staircase1,no_load
2.428787,-35.4309,-35.5957,-35.2537,-0.3420,0.0,0.084,staircase1,no_load
2.439174,-35.4309,-35.5957,-35.2529,-0.3428,0.0,0.083,staircase1,no_load
2.449712,-35.4309,-35.5957,-35.2521,-0.3436,0.0,0.083,staircase1,no_load
2.461011,-35.4309,-35.5957,-35.2509,-0.3448,0.0,0.082,staircase1,no_load
2.471654,-35.4309,-35.5957,-35.2500,-0.3457,0.0,0.081,staircase1,no_load
2.482096,-35.4309,-35.5957,-35.2492,-0.3465,0.0,0.081,staircase1,no_load
2.493098,-35.4309,-35.5957,-35.2484,-0.3473,0.0,0.080,staircase1,no_load
2.503814,-35.4309,-35.5957,-35.2476,-0.3481,0.0,0.079,staircase1,no_load
2.514804,-35.4309,-35.5957,-35.2469,-0.3488,0.0,0.079,staircase1,no_load
2.525757,-35.4309,-35.5957,-35.2457,-0.3500,0.0,0.078,staircase1,no_load
2.536428,-35.4309,-35.5957,-35.2449,-0.3508,0.0,0.078,staircase1,no_load
2.547161,-35.4309,-35.5957,-35.2441,-0.3516,0.0,0.077,staircase1,no_load
2.55793,-35.4309,-35.5957,-35.2434,-0.3523,0.0,0.076,staircase1,no_load
2.569055,-35.4309,-35.5957,-35.2426,-0.3531,0.0,0.076,staircase1,no_load
2.579874,-35.4309,-35.5957,-35.2419,-0.3538,0.0,0.075,staircase1,no_load
2.590739,-35.4309,-35.5957,-35.2407,-0.3550,0.0,0.075,staircase1,no_load
2.600967,-35.4309,-35.5957,-35.2400,-0.3557,0.0,0.074,staircase1,no_load
2.611253,-35.4309,-35.5957,-35.2393,-0.3564,0.0,0.074,staircase1,no_load
2.622111,-35.4309,-35.5957,-35.2385,-0.3572,0.0,0.073,staircase1,no_load
2.632319,-35.4309,-35.5957,-35.2378,-0.3579,0.0,0.073,staircase1,no_load
2.643036,-35.4309,-35.5957,-35.2371,-0.3586,0.0,0.072,staircase1,no_load
2.653546,-35.4309,-35.5957,-35.2364,-0.3593,0.0,0.072,staircase1,no_load
2.66442,-35.4309,-35.5957,-35.2356,-0.3601,0.0,0.071,staircase1,no_load
2.674956,-35.4309,-35.5957,-35.2349,-0.3608,0.0,0.071,staircase1,no_load
2.685609,-35.4309,-35.5957,-35.2339,-0.3618,0.0,0.070,staircase1,no_load
2.696245,-35.4309,-35.5957,-35.2332,-0.3625,0.0,0.069,staircase1,no_load
2.706846,-35.4309,-35.5957,-35.2325,-0.3632,0.0,0.069,staircase1,no_load
2.717565,-35.4309,-35.5957,-35.2318,-0.3639,0.0,0.068,staircase1,no_load
2.72816,-35.4309,-35.5957,-35.2311,-0.3646,0.0,0.068,staircase1,no_load
2.73904,-35.4309,-35.5957,-35.2305,-0.3652,0.0,0.067,staircase1,no_load
2.749687,-35.4309,-35.5957,-35.2298,-0.3659,0.0,0.067,staircase1,no_load
2.760522,-35.4309,-35.5957,-35.2288,-0.3669,0.0,0.066,staircase1,no_load
2.770889,-35.4309,-35.5957,-35.2281,-0.3676,0.0,0.066,staircase1,no_load
2.781086,-35.4309,-35.5957,-35.2275,-0.3682,0.0,0.065,staircase1,no_load
2.79145,-35.4309,-35.5957,-35.2268,-0.3689,0.0,0.065,staircase1,no_load
2.801949,-35.4309,-35.5957,-35.2262,-0.3695,0.0,0.064,staircase1,no_load
2.812447,-35.4309,-35.5957,-35.2256,-0.3701,0.0,0.064,staircase1,no_load
2.822655,-35.4309,-35.5957,-35.2249,-0.3708,0.0,0.064,staircase1,no_load
2.833696,-35.4309,-35.5957,-35.2243,-0.3714,0.0,0.063,staircase1,no_load
2.84392,-35.4309,-35.5957,-35.2237,-0.3720,0.0,0.063,staircase1,no_load
2.854459,-35.4309,-35.5957,-35.2230,-0.3727,0.0,0.062,staircase1,no_load
2.864849,-35.4309,-35.5957,-35.2224,-0.3733,0.0,0.062,staircase1,no_load
2.875826,-35.4309,-35.5957,-35.2215,-0.3742,0.0,0.061,staircase1,no_load
2.885983,-35.4309,-35.5957,-35.2209,-0.3748,0.0,0.061,staircase1,no_load
2.897007,-35.4309,-35.5957,-35.2203,-0.3754,0.0,0.060,staircase1,no_load
2.907965,-35.4309,-35.5957,-35.2197,-0.3760,0.0,0.060,staircase1,no_load
2.918338,-35.4309,-35.5957,-35.2191,-0.3766,0.0,0.060,staircase1,no_load
2.928846,-35.4309,-35.5957,-35.2185,-0.3772,0.0,0.059,staircase1,no_load
2.939282,-35.4309,-35.5957,-35.2179,-0.3778,0.0,0.059,staircase1,no_load
2.949835,-35.4309,-35.5957,-35.2173,-0.3784,0.0,0.058,staircase1,no_load
2.96025,-35.4309,-35.5957,-35.2165,-0.3792,0.0,0.058,staircase1,no_load
2.970513,-35.4309,-35.5957,-35.2159,-0.3798,0.0,0.057,staircase1,no_load
2.980732,-35.4309,-35.5957,-35.2153,-0.3804,0.0,0.057,staircase1,no_load
2.99118,-35.4309,-35.5957,-35.2148,-0.3809,0.0,0.057,staircase1,no_load
3.001577,-35.4309,-35.5957,-35.2142,-0.3815,0.0,0.056,staircase1,no_load
3.01234,-35.4309,-35.5957,-35.2136,-0.3821,0.0,0.056,staircase1,no_load
3.022898,-35.4309,-35.5957,-35.2131,-0.3826,0.0,0.055,staircase1,no_load
3.033407,-35.4309,-35.5957,-35.2125,-0.3832,0.0,0.055,staircase1,no_load
3.043996,-35.4309,-35.5957,-35.2120,-0.3837,0.0,0.055,staircase1,no_load
3.054589,-35.4309,-35.5957,-35.2115,-0.3842,0.0,0.054,staircase1,no_load
3.065849,-35.4309,-35.5957,-35.2106,-0.3851,0.0,0.054,staircase1,no_load
3.076236,-35.4309,-35.5957,-35.2101,-0.3856,0.0,0.053,staircase1,no_load
3.086584,-35.4309,-35.5957,-35.2096,-0.3861,0.0,0.053,staircase1,no_load
3.096983,-35.4309,-35.5957,-35.2091,-0.3866,0.0,0.053,staircase1,no_load
3.107392,-35.4309,-35.5957,-35.2085,-0.3872,0.0,0.052,staircase1,no_load
3.11811,-35.4309,-35.5957,-35.2080,-0.3877,0.0,0.052,staircase1,no_load
3.129149,-35.4309,-35.5957,-35.2075,-0.3882,0.0,0.051,staircase1,no_load
3.139669,-35.4309,-35.5957,-35.2070,-0.3887,0.0,0.051,staircase1,no_load
3.150766,-35.4309,-35.5957,-35.2062,-0.3895,0.0,0.051,staircase1,no_load
3.161194,-35.4309,-35.5957,-35.2057,-0.3900,0.0,0.050,staircase1,no_load
3.172064,-35.4309,-35.5957,-35.2052,-0.3905,0.0,0.050,staircase1,no_load
3.182756,-35.4309,-35.5957,-35.2047,-0.3910,0.0,0.050,staircase1,no_load
3.193608,-35.4309,-35.5957,-35.2042,-0.3915,0.0,0.049,staircase1,no_load
3.203971,-35.4309,-35.5957,-35.2038,-0.3919,0.0,0.049,staircase1,no_load
3.215491,-23.6206,-35.5957,-35.2030,-0.3927,0.0,0.048,staircase1,no_load
3.226119,-23.6206,-35.5957,-35.2026,-0.3931,0.0,0.048,staircase1,no_load
3.23694,-23.6206,-35.5957,-35.2021,-0.3936,0.0,0.048,staircase1,no_load
3.247146,-23.6206,-35.5957,-35.2016,-0.3941,0.0,0.047,staircase1,no_load
3.257618,-23.6206,-35.5078,-35.2011,-0.3067,8.394,0.047,staircase1,no_load
3.268395,-23.6206,-35.1562,-35.2007,0.0445,32.625,0.047,staircase1,no_load
3.279097,-23.6206,-34.7168,-35.2002,0.4834,41.058,0.046,staircase1,no_load
3.289322,-23.6206,-34.1016,-35.0659,0.9643,60.166,13.428,staircase1,no_load
3.299544,-23.6206,-33.2227,-34.4463,1.2236,85.981,61.966,staircase1,no_load
3.309783,-23.6206,-32.3438,-33.5302,1.1864,85.838,91.608,staircase1,no_load
3.320066,-23.6206,-31.3770,-31.9460,0.5690,94.019,105.611,staircase1,no_load
3.330657,-23.6206,-30.2344,-30.8811,0.6467,107.884,106.493,staircase1,no_load
3.340844,-23.6206,-29.2676,-29.8703,0.6027,94.905,101.083,staircase1,no_load
3.351371,-23.6206,-28.3008,-28.9409,0.6401,91.84,92.932,staircase1,no_load
3.362389,-23.6206,-27.5098,-28.1061,0.5963,71.792,83.483,staircase1,no_load
3.372708,-23.6206,-26.8945,-27.3693,0.4748,59.628,73.684,staircase1,no_load
3.383063,-23.6206,-26.3672,-26.7279,0.3607,50.922,64.137,staircase1,no_load
3.393876,-23.6206,-25.9277,-26.1759,0.2482,40.646,55.199,staircase1,no_load
3.404748,-23.6206,-25.6641,-25.7053,0.0412,24.246,47.063,staircase1,no_load
3.415122,-23.6206,-25.4004,-25.1326,-0.2678,25.419,38.181,staircase1,no_load
3.42566,-23.6206,-25.1367,-24.8267,-0.3100,25.024,30.582,staircase1,no_load
3.43629,-23.6206,-24.8730,-24.5720,-0.3010,24.807,25.469,staircase1,no_load
3.446481,-23.6206,-24.6973,-24.3610,-0.3363,17.241,21.106,staircase1,no_load
3.456721,-23.6206,-24.6094,-24.1869,-0.4225,8.584,17.413,staircase1,no_load
3.467103,-23.6206,-24.4336,-24.0438,-0.3898,16.933,14.308,staircase1,no_load
3.47833,-23.6206,-24.3457,-23.9266,-0.4191,7.829,11.714,staircase1,no_load
3.488566,-23.6206,-24.2578,-23.8311,-0.4267,8.587,9.558,staircase1,no_load
3.499031,-23.6206,-24.0820,-23.7533,-0.3287,16.799,7.775,staircase1,no_load
3.509706,-23.6206,-24.0820,-23.6903,-0.3917,0.0,6.306,staircase1,no_load
3.520747,-23.6206,-23.9941,-23.6175,-0.3766,7.961,4.847,staircase1,no_load
3.531537,-23.6206,-23.9941,-23.5806,-0.4135,0.0,3.694,staircase1,no_load
3.54246,-23.6206,-23.9941,-23.5509,-0.4432,0.0,2.970,staircase1,no_load
3.553167,-23.6206,-23.9063,-23.5271,-0.3792,8.2,2.383,staircase1,no_load
3.563423,-23.6206,-23.8184,-23.5080,-0.3104,8.571,1.908,staircase1,no_load
3.573825,-23.6206,-23.7305,-23.4927,-0.2378,8.45,1.524,staircase1,no_load
3.584015,-23.6206,-23.7305,-23.4806,-0.2499,0.0,1.216,staircase1,no_load
3.595328,-23.6206,-23.7305,-23.4668,-0.2637,0.0,0.916,staircase1,no_load
3.605801,-23.6206,-23.7305,-23.4600,-0.2705,0.0,0.685,staircase1,no_load
3.61684,-23.6206,-23.7305,-23.4546,-0.2759,0.0,0.542,staircase1,no_load
3.627287,-23.6206,-23.7305,-23.4503,-0.2802,0.0,0.429,staircase1,no_load
3.637607,-23.6206,-23.7305,-23.4469,-0.2836,0.0,0.339,staircase1,no_load
3.647948,-23.6206,-23.7305,-23.4442,-0.2863,0.0,0.267,staircase1,no_load
3.658297,-23.6206,-23.7305,-23.4421,-0.2884,0.0,0.210,staircase1,no_load
3.668471,-23.6206,-23.7305,-23.4405,-0.2900,0.0,0.165,staircase1,no_load
3.678994,-23.6206,-23.6426,-23.4392,-0.2034,8.353,0.131,staircase1,no_load
3.689266,-23.6206,-23.6426,-23.4380,-0.2046,0.0,0.116,staircase1,no_load
3.699806,-23.6206,-23.6426,-23.4369,-0.2057,0.0,0.109,staircase1,no_load
3.710299,-23.6206,-23.6426,-23.4353,-0.2073,0.0,0.106,staircase1,no_load
3.720711,-23.6206,-23.6426,-23.4343,-0.2083,0.0,0.104,staircase1,no_load
3.731138,-23.6206,-23.6426,-23.4333,-0.2093,0.0,0.103,staircase1,no_load
3.741336,-23.6206,-23.6426,-23.4322,-0.2104,0.0,0.103,staircase1,no_load
3.7517,-23.6206,-23.6426,-23.4312,-0.2114,0.0,0.102,staircase1,no_load
3.762423,-23.6206,-23.6426,-23.4302,-0.2124,0.0,0.101,staircase1,no_load
3.77268,-23.6206,-23.6426,-23.4292,-0.2134,0.0,0.100,staircase1,no_load
3.782823,-23.6206,-23.6426,-23.4282,-0.2144,0.0,0.100,staircase1,no_load
3.793459,-23.6206,-23.6426,-23.4272,-0.2154,0.0,0.099,staircase1,no_load
3.803688,-23.6206,-23.6426,-23.4262,-0.2164,0.0,0.098,staircase1,no_load
3.813924,-23.6206,-23.6426,-23.4252,-0.2174,0.0,0.098,staircase1,no_load
3.824141,-23.6206,-23.6426,-23.4243,-0.2183,0.0,0.097,staircase1,no_load
3.834638,-23.6206,-23.6426,-23.4233,-0.2193,0.0,0.096,staircase1,no_load
3.844813,-23.6206,-23.6426,-23.4223,-0.2203,0.0,0.096,staircase1,no_load
3.855711,-23.6206,-23.6426,-23.4209,-0.2217,0.0,0.095,staircase1,no_load
3.865876,-23.6206,-23.6426,-23.4200,-0.2226,0.0,0.094,staircase1,no_load
3.876044,-23.6206,-23.6426,-23.4190,-0.2236,0.0,0.093,staircase1,no_load
3.886592,-23.6206,-23.6426,-23.4181,-0.2245,0.0,0.093,staircase1,no_load
3.896853,-23.6206,-23.6426,-23.4172,-0.2254,0.0,0.092,staircase1,no_load
3.907296,-23.6206,-23.6426,-23.4163,-0.2263,0.0,0.092,staircase1,no_load
3.918669,-23.6206,-23.6426,-23.4154,-0.2272,0.0,0.091,staircase1,no_load
3.92967,-23.6206,-23.6426,-23.4145,-0.2281,0.0,0.090,staircase1,no_load
3.940115,-23.6206,-23.6426,-23.4131,-0.2295,0.0,0.090,staircase1,no_load
3.950313,-23.6206,-23.6426,-23.4122,-0.2304,0.0,0.089,staircase1,no_load
3.960809,-23.6206,-23.6426,-23.4114,-0.2312,0.0,0.088,staircase1,no_load
3.971453,-23.6206,-23.6426,-23.4105,-0.2321,0.0,0.088,staircase1,no_load
3.982058,-23.6206,-23.6426,-23.4096,-0.2330,0.0,0.087,staircase1,no_load
3.992191,-23.6206,-23.6426,-23.4088,-0.2338,0.0,0.086,staircase1,no_load
4.00294,-23.6206,-23.6426,-23.4079,-0.2347,0.0,0.086,staircase1,no_load
4.013899,-23.6206,-23.6426,-23.4070,-0.2356,0.0,0.085,staircase1,no_load
4.024891,-23.6206,-23.6426,-23.4062,-0.2364,0.0,0.085,staircase1,no_load
4.03597,-23.6206,-23.6426,-23.4049,-0.2377,0.0,0.084,staircase1,no_load
4.046173,-23.6206,-23.6426,-23.4041,-0.2385,0.0,0.083,staircase1,no_load
4.056375,-23.6206,-23.6426,-23.4033,-0.2393,0.0,0.082,staircase1,no_load
4.066637,-23.6206,-23.6426,-23.4025,-0.2401,0.0,0.082,staircase1,no_load
4.077006,-23.6206,-23.6426,-23.4017,-0.2409,0.0,0.081,staircase1,no_load
4.087238,-23.6206,-23.6426,-23.4008,-0.2418,0.0,0.081,staircase1,no_load
4.097502,-23.6206,-23.6426,-23.4000,-0.2426,0.0,0.080,staircase1,no_load
4.10826,-23.6206,-23.6426,-23.3992,-0.2434,0.0,0.080,staircase1,no_load
4.119577,-23.6206,-23.6426,-23.3985,-0.2441,0.0,0.079,staircase1,no_load
4.1301,-23.6206,-23.6426,-23.3973,-0.2453,0.0,0.078,staircase1,no_load
4.140809,-23.6206,-23.6426,-23.3965,-0.2461,0.0,0.078,staircase1,no_load
4.151194,-23.6206,-23.6426,-23.3957,-0.2469,0.0,0.077,staircase1,no_load
4.161532,-23.6206,-23.6426,-23.3950,-0.2476,0.0,0.077,staircase1,no_load
4.171941,-23.6206,-23.6426,-23.3942,-0.2484,0.0,0.076,staircase1,no_load
4.182269,-23.6206,-23.6426,-23.3934,-0.2492,0.0,0.076,staircase1,no_load
4.193136,-23.6206,-23.6426,-23.3927,-0.2499,0.0,0.075,staircase1,no_load
4.204088,-23.6206,-23.6426,-23.3919,-0.2507,0.0,0.075,staircase1,no_load
4.215162,-23.6206,-23.6426,-23.3908,-0.2518,0.0,0.074,staircase1,no_load
4.225538,-23.6206,-23.6426,-23.3901,-0.2525,0.0,0.073,staircase1,no_load
4.23622,-23.6206,-23.6426,-23.3894,-0.2532,0.0,0.073,staircase1,no_load
4.247294,-23.6206,-23.6426,-23.3887,-0.2539,0.0,0.072,staircase1,no_load
4.257983,-23.6206,-23.6426,-23.3879,-0.2547,0.0,0.072,staircase1,no_load
4.268792,-23.6206,-23.6426,-23.3872,-0.2554,0.0,0.071,staircase1,no_load
4.279737,-23.6206,-23.6426,-23.3865,-0.2561,0.0,0.071,staircase1,no_load
4.29006,-23.6206,-23.6426,-23.3855,-0.2571,0.0,0.070,staircase1,no_load
4.300548,-23.6206,-23.6426,-23.3848,-0.2578,0.0,0.070,staircase1,no_load
4.311762,-23.6206,-23.6426,-23.3841,-0.2585,0.0,0.069,staircase1,no_load
4.322983,-23.6206,-23.6426,-23.3834,-0.2592,0.0,0.069,staircase1,no_load
4.333626,-23.6206,-23.6426,-23.3827,-0.2599,0.0,0.068,staircase1,no_load
4.344021,-23.6206,-23.6426,-23.3820,-0.2606,0.0,0.068,staircase1,no_load
4.354536,-23.6206,-23.6426,-23.3814,-0.2612,0.0,0.067,staircase1,no_load
4.364748,-23.6206,-23.6426,-23.3807,-0.2619,0.0,0.067,staircase1,no_load
4.375719,-23.6206,-23.6426,-23.3797,-0.2629,0.0,0.066,staircase1,no_load
4.386549,-23.6206,-23.6426,-23.3790,-0.2636,0.0,0.066,staircase1,no_load
4.397038,-23.6206,-23.6426,-23.3784,-0.2642,0.0,0.065,staircase1,no_load
4.407943,-23.6206,-23.6426,-23.3777,-0.2649,0.0,0.065,staircase1,no_load
4.418303,-23.6206,-23.6426,-23.3771,-0.2655,0.0,0.064,staircase1,no_load
4.428784,-23.6206,-23.6426,-23.3765,-0.2661,0.0,0.064,staircase1,no_load
4.439618,-23.6206,-23.6426,-23.3758,-0.2668,0.0,0.063,staircase1,no_load
4.449932,-23.6206,-23.6426,-23.3752,-0.2674,0.0,0.063,staircase1,no_load
4.46043,-23.6206,-23.6426,-23.3743,-0.2683,0.0,0.062,staircase1,no_load
4.471085,-23.6206,-23.6426,-23.3737,-0.2689,0.0,0.062,staircase1,no_load
4.481382,-23.6206,-23.6426,-23.3730,-0.2696,0.0,0.061,staircase1,no_load
4.491922,-23.6206,-23.6426,-23.3724,-0.2702,0.0,0.061,staircase1,no_load
4.502196,-23.6206,-23.6426,-23.3718,-0.2708,0.0,0.061,staircase1,no_load
4.513276,-23.6206,-23.6426,-23.3712,-0.2714,0.0,0.060,staircase1,no_load
4.523548,-23.6206,-23.6426,-23.3706,-0.2720,0.0,0.060,staircase1,no_load
4.533834,-23.6206,-23.6426,-23.3700,-0.2726,0.0,0.059,staircase1,no_load
4.544279,-23.6206,-23.6426,-23.3694,-0.2732,0.0,0.059,staircase1,no_load
4.555304,-23.6206,-23.6426,-23.3686,-0.2740,0.0,0.058,staircase1,no_load
4.565894,-23.6206,-23.6426,-23.3680,-0.2746,0.0,0.058,staircase1,no_load
4.576878,-23.6206,-23.6426,-23.3674,-0.2752,0.0,0.057,staircase1,no_load
4.587733,-23.6206,-23.6426,-23.3668,-0.2758,0.0,0.057,staircase1,no_load
4.598247,-23.6206,-23.6426,-23.3663,-0.2763,0.0,0.057,staircase1,no_load
4.608507,-23.6206,-23.6426,-23.3657,-0.2769,0.0,0.056,staircase1,no_load
4.618635,-23.6206,-23.6426,-23.3652,-0.2774,0.0,0.056,staircase1,no_load
4.629294,-23.6206,-23.6426,-23.3646,-0.2780,0.0,0.055,staircase1,no_load
4.639896,-23.6206,-23.6426,-23.3641,-0.2785,0.0,0.055,staircase1,no_load
4.651122,-23.6206,-23.6426,-23.3632,-0.2794,0.0,0.055,staircase1,no_load
4.661586,-23.6206,-23.6426,-23.3627,-0.2799,0.0,0.054,staircase1,no_load
4.672147,-23.6206,-23.6426,-23.3622,-0.2804,0.0,0.054,staircase1,no_load
4.682714,-23.6206,-23.6426,-23.3616,-0.2810,0.0,0.053,staircase1,no_load
4.693344,-23.6206,-23.6426,-23.3611,-0.2815,0.0,0.053,staircase1,no_load
4.703785,-23.6206,-23.6426,-23.3606,-0.2820,0.0,0.053,staircase1,no_load
4.713983,-23.6206,-23.6426,-23.3600,-0.2826,0.0,0.052,staircase1,no_load
4.724792,-23.6206,-23.6426,-23.3595,-0.2831,0.0,0.052,staircase1,no_load
4.735433,-23.6206,-23.6426,-23.3588,-0.2838,0.0,0.051,staircase1,no_load
4.745702,-23.6206,-23.6426,-23.3582,-0.2844,0.0,0.051,staircase1,no_load
4.756406,-23.6206,-23.6426,-23.3577,-0.2849,0.0,0.051,staircase1,no_load
4.767268,-23.6206,-23.6426,-23.3572,-0.2854,0.0,0.050,staircase1,no_load
4.778308,-23.6206,-23.6426,-23.3567,-0.2859,0.0,0.050,staircase1,no_load
4.788505,-23.6206,-23.6426,-23.3562,-0.2864,0.0,0.050,staircase1,no_load
4.798961,-23.6206,-23.6426,-23.3557,-0.2869,0.0,0.049,staircase1,no_load
4.809264,-23.6206,-23.6426,-23.3553,-0.2873,0.0,0.049,staircase1,no_load
4.820773,-11.8103,-23.6426,-23.3545,-0.2881,0.0,0.049,staircase1,no_load
4.831004,-11.8103,-23.6426,-23.3540,-0.2886,0.0,0.048,staircase1,no_load
4.841319,-11.8103,-23.6426,-23.3536,-0.2890,0.0,0.048,staircase1,no_load
4.851658,-11.8103,-23.6426,-23.3531,-0.2895,0.0,0.047,staircase1,no_load
4.861952,-11.8103,-23.5547,-23.3526,-0.2021,8.539,0.047,staircase1,no_load
4.87242,-11.8103,-23.3789,-23.3522,-0.0267,16.794,0.047,staircase1,no_load
4.883182,-11.8103,-22.8516,-23.3517,0.5001,48.996,0.046,staircase1,no_load
4.893698,-11.8103,-22.2363,-23.2168,0.9805,58.511,13.489,staircase1,no_load
4.904096,-11.8103,-21.5332,-22.5944,1.0612,67.619,62.244,staircase1,no_load
4.914729,-11.8103,-20.5664,-21.6762,1.1098,90.924,91.818,staircase1,no_load
4.925884,-11.8103,-19.5117,-20.0909,0.5792,94.55,105.683,staircase1,no_load
4.936307,-11.8103,-18.4570,-19.0262,0.5692,101.19,106.474,staircase1,no_load
4.946486,-11.8103,-17.4902,-18.0160,0.5258,94.98,101.017,staircase1,no_load
4.957662,-11.8103,-16.5234,-17.0877,0.5643,86.507,92.835,staircase1,no_load
4.967979,-11.8103,-15.6445,-16.2540,0.6095,85.189,83.366,staircase1,no_load
4.978307,-11.8103,-15.0293,-15.5185,0.4892,59.566,73.555,staircase1,no_load
4.98849,-11.8103,-14.5020,-14.8784,0.3764,51.782,64.003,staircase1,no_load
4.999388,-11.8103,-14.0625,-14.3278,0.2653,40.329,55.065,staircase1,no_load
5.010038,-11.8103,-13.7988,-13.6516,-0.1472,24.761,45.082,staircase1,no_load
5.020386,-11.8103,-13.5352,-13.2876,-0.2476,25.474,36.393,staircase1,no_load
5.030642,-11.8103,-13.2715,-12.9830,-0.2885,25.712,30.466,staircase1,no_load
5.041687,-11.8103,-13.0078,-12.7294,-0.2784,23.875,25.362,staircase1,no_load
5.052635,-11.8103,-12.8320,-12.5193,-0.3127,16.058,21.007,staircase1,no_load
5.063318,-11.8103,-12.6562,-12.3461,-0.3101,16.456,17.322,staircase1,no_load
5.073773,-11.8103,-12.4805,-12.2038,-0.2767,16.805,14.227,staircase1,no_load
5.084382,-11.8103,-12.3926,-12.0874,-0.3052,8.285,11.641,staircase1,no_load
5.09478,-11.8103,-12.3047,-11.9925,-0.3122,8.454,9.493,staircase1,no_load
5.10581,-11.8103,-12.2168,-11.8824,-0.3344,7.969,7.340,staircase1,no_load
5.116536,-11.8103,-12.1289,-11.8261,-0.3028,8.195,5.626,staircase1,no_load
5.127285,-11.8103,-12.1289,-11.7807,-0.3482,0.0,4.542,staircase1,no_load
5.137978,-11.8103,-12.1289,-11.7441,-0.3848,0.0,3.658,staircase1,no_load
5.148416,-11.8103,-12.0410,-11.7147,-0.3263,8.421,2.939,staircase1,no_load
5.158794,-11.8103,-12.0410,-11.6911,-0.3499,0.0,2.356,staircase1,no_load
5.170009,-11.8103,-11.9531,-11.6643,-0.2888,7.838,1.786,staircase1,no_load
5.180852,-11.8103,-11.8652,-11.6509,-0.2143,8.107,1.343,staircase1,no_load
5.191116,-11.8103,-11.8652,-11.6402,-0.2250,0.0,1.069,staircase1,no_load
5.20155,-11.8103,-11.8652,-11.6317,-0.2335,0.0,0.849,staircase1,no_load
5.212403,-11.8103,-11.8652,-11.6250,-0.2402,0.0,0.673,staircase1,no_load
5.222795,-11.8103,-11.8652,-11.6197,-0.2455,0.0,0.533,staircase1,no_load
5.233477,-11.8103,-11.8652,-11.6155,-0.2497,0.0,0.421,staircase1,no_load
5.244075,-11.8103,-11.8652,-11.6121,-0.2531,0.0,0.332,staircase1,no_load
5.255536,-11.8103,-11.8652,-11.6084,-0.2568,0.0,0.247,staircase1,no_load
5.266261,-11.8103,-11.8652,-11.6066,-0.2586,0.0,0.182,staircase1,no_load
5.276952,-11.8103,-11.8652,-11.6052,-0.2600,0.0,0.143,staircase1,no_load
5.287566,-11.8103,-11.8652,-11.6040,-0.2612,0.0,0.120,staircase1,no_load
5.298407,-11.8103,-11.8652,-11.6029,-0.2623,0.0,0.111,staircase1,no_load
5.308722,-11.8103,-11.8652,-11.6018,-0.2634,0.0,0.107,staircase1,no_load
5.319096,-11.8103,-11.8652,-11.6007,-0.2645,0.0,0.105,staircase1,no_load
5.329424,-11.8103,-11.8652,-11.5997,-0.2655,0.0,0.104,staircase1,no_load
5.339633,-11.8103,-11.8652,-11.5987,-0.2665,0.0,0.103,staircase1,no_load
5.35011,-11.8103,-11.8652,-11.5971,-0.2681,0.0,0.102,staircase1,no_load
5.361254,-11.8103,-11.8652,-11.5961,-0.2691,0.0,0.101,staircase1,no_load
5.372027,-11.8103,-11.8652,-11.5951,-0.2701,0.0,0.101,staircase1,no_load
5.382991,-11.8103,-11.8652,-11.5941,-0.2711,0.0,0.100,staircase1,no_load
5.393658,-11.8103,-11.8652,-11.5931,-0.2721,0.0,0.099,staircase1,no_load
5.403885,-11.8103,-11.8652,-11.5921,-0.2731,0.0,0.099,staircase1,no_load
5.414167,-11.8103,-11.8652,-11.5912,-0.2740,0.0,0.098,staircase1,no_load
5.425321,-11.8103,-11.8652,-11.5897,-0.2755,0.0,0.097,staircase1,no_load
5.435777,-11.8103,-11.8652,-11.5887,-0.2765,0.0,0.096,staircase1,no_load
5.446546,-11.8103,-11.8652,-11.5878,-0.2774,0.0,0.096,staircase1,no_load
5.45692,-11.8103,-11.8652,-11.5868,-0.2784,0.0,0.095,staircase1,no_load
5.467598,-11.8103,-11.8652,-11.5859,-0.2793,0.0,0.094,staircase1,no_load
5.478307,-11.8103,-11.8652,-11.5849,-0.2803,0.0,0.094,staircase1,no_load
5.488923,-11.8103,-11.8652,-11.5840,-0.2812,0.0,0.093,staircase1,no_load
5.500217,-11.8103,-11.8652,-11.5826,-0.2826,0.0,0.092,staircase1,no_load
5.510381,-11.8103,-11.8652,-11.5817,-0.2835,0.0,0.091,staircase1,no_load
5.520777,-11.8103,-11.8652,-11.5808,-0.2844,0.0,0.091,staircase1,no_load
5.531817,-11.8103,-11.8652,-11.5799,-0.2853,0.0,0.090,staircase1,no_load
5.542602,-11.8103,-11.8652,-11.5790,-0.2862,0.0,0.090,staircase1,no_load
5.552994,-11.8103,-11.8652,-11.5781,-0.2871,0.0,0.089,staircase1,no_load
5.563583,-11.8103,-11.8652,-11.5772,-0.2880,0.0,0.088,staircase1,no_load
5.574062,-11.8103,-11.8652,-11.5764,-0.2888,0.0,0.088,staircase1,no_load
5.58481,-11.8103,-11.8652,-11.5755,-0.2897,0.0,0.087,staircase1,no_load
5.595534,-11.8103,-11.8652,-11.5742,-0.2910,0.0,0.086,staircase1,no_load
5.60679,-11.8103,-11.8652,-11.5733,-0.2919,0.0,0.086,staircase1,no_load
5.617463,-11.8103,-11.8652,-11.5725,-0.2927,0.0,0.085,staircase1,no_load
5.62822,-11.8103,-11.8652,-11.5716,-0.2936,0.0,0.084,staircase1,no_load
5.638599,-11.8103,-11.8652,-11.5708,-0.2944,0.0,0.084,staircase1,no_load
5.649688,-11.8103,-11.8652,-11.5700,-0.2952,0.0,0.083,staircase1,no_load
5.660193,-11.8103,-11.8652,-11.5687,-0.2965,0.0,0.083,staircase1,no_load
5.670552,-11.8103,-11.8652,-11.5679,-0.2973,0.0,0.082,staircase1,no_load
5.681055,-11.8103,-11.8652,-11.5671,-0.2981,0.0,0.081,staircase1,no_load
5.691719,-11.8103,-11.8652,-11.5663,-0.2989,0.0,0.081,staircase1,no_load
5.702068,-11.8103,-11.8652,-11.5655,-0.2997,0.0,0.080,staircase1,no_load
5.712289,-11.8103,-11.8652,-11.5647,-0.3005,0.0,0.080,staircase1,no_load
5.72273,-11.8103,-11.8652,-11.5639,-0.3013,0.0,0.079,staircase1,no_load
5.733144,-11.8103,-11.8652,-11.5631,-0.3021,0.0,0.078,staircase1,no_load
5.743324,-11.8103,-11.8652,-11.5624,-0.3028,0.0,0.078,staircase1,no_load
5.753701,-11.8103,-11.8652,-11.5616,-0.3036,0.0,0.077,staircase1,no_load
5.763949,-11.8103,-11.8652,-11.5608,-0.3044,0.0,0.077,staircase1,no_load
5.774659,-11.8103,-11.8652,-11.5600,-0.3052,0.0,0.076,staircase1,no_load
5.785407,-11.8103,-11.8652,-11.5589,-0.3063,0.0,0.076,staircase1,no_load
5.796128,-11.8103,-11.8652,-11.5582,-0.3070,0.0,0.075,staircase1,no_load
5.807076,-11.8103,-11.8652,-11.5574,-0.3078,0.0,0.074,staircase1,no_load
5.817681,-11.8103,-11.8652,-11.5567,-0.3085,0.0,0.074,staircase1,no_load
5.827907,-11.8103,-11.8652,-11.5559,-0.3093,0.0,0.073,staircase1,no_load
5.838794,-11.8103,-11.8652,-11.5552,-0.3100,0.0,0.073,staircase1,no_load
5.848968,-11.8103,-11.8652,-11.5545,-0.3107,0.0,0.072,staircase1,no_load
5.859338,-11.8103,-11.8652,-11.5538,-0.3114,0.0,0.072,staircase1,no_load
5.869729,-11.8103,-11.8652,-11.5531,-0.3121,0.0,0.071,staircase1,no_load
5.879922,-11.8103,-11.8652,-11.5523,-0.3129,0.0,0.071,staircase1,no_load
5.890134,-11.8103,-11.8652,-11.5513,-0.3139,0.0,0.070,staircase1,no_load
5.901031,-11.8103,-11.8652,-11.5506,-0.3146,0.0,0.070,staircase1,no_load
5.911447,-11.8103,-11.8652,-11.5499,-0.3153,0.0,0.069,staircase1,no_load
5.921763,-11.8103,-11.8652,-11.5492,-0.3160,0.0,0.069,staircase1,no_load
5.932291,-11.8103,-11.8652,-11.5485,-0.3167,0.0,0.068,staircase1,no_load
5.942573,-11.8103,-11.8652,-11.5479,-0.3173,0.0,0.068,staircase1,no_load
5.953736,-11.8103,-11.8652,-11.5472,-0.3180,0.0,0.067,staircase1,no_load
5.964044,-11.8103,-11.8652,-11.5465,-0.3187,0.0,0.067,staircase1,no_load
5.97431,-11.8103,-11.8652,-11.5458,-0.3194,0.0,0.066,staircase1,no_load
5.984803,-11.8103,-11.8652,-11.5452,-0.3200,0.0,0.066,staircase1,no_load
5.995121,-11.8103,-11.8652,-11.5442,-0.3210,0.0,0.065,staircase1,no_load
6.005424,-11.8103,-11.8652,-11.5436,-0.3216,0.0,0.065,staircase1,no_load
6.015749,-11.8103,-11.8652,-11.5429,-0.3223,0.0,0.064,staircase1,no_load
6.026676,-11.8103,-11.8652,-11.5423,-0.3229,0.0,0.064,staircase1,no_load
6.037677,-11.8103,-11.8652,-11.5416,-0.3236,0.0,0.063,staircase1,no_load
6.048405,-11.8103,-11.8652,-11.5410,-0.3242,0.0,0.063,staircase1,no_load
6.058936,-11.8103,-11.8652,-11.5404,-0.3248,0.0,0.063,staircase1,no_load
6.069712,-11.8103,-11.8652,-11.5398,-0.3254,0.0,0.062,staircase1,no_load
6.079977,-11.8103,-11.8652,-11.5392,-0.3260,0.0,0.062,staircase1,no_load
6.090189,-11.8103,-11.8652,-11.5382,-0.3270,0.0,0.061,staircase1,no_load
6.100527,-11.8103,-11.8652,-11.5376,-0.3276,0.0,0.061,staircase1,no_load
6.110842,-11.8103,-11.8652,-11.5370,-0.3282,0.0,0.060,staircase1,no_load
6.121077,-11.8103,-11.8652,-11.5364,-0.3288,0.0,0.060,staircase1,no_load
6.131879,-11.8103,-11.8652,-11.5358,-0.3294,0.0,0.059,staircase1,no_load
6.142397,-11.8103,-11.8652,-11.5352,-0.3300,0.0,0.059,staircase1,no_load
6.153089,-11.8103,-11.8652,-11.5347,-0.3305,0.0,0.059,staircase1,no_load
6.163757,-11.8103,-11.8652,-11.5341,-0.3311,0.0,0.058,staircase1,no_load
6.174546,-11.8103,-11.8652,-11.5335,-0.3317,0.0,0.058,staircase1,no_load
6.184999,-11.8103,-11.8652,-11.5329,-0.3323,0.0,0.057,staircase1,no_load
6.195857,-11.8103,-11.8652,-11.5321,-0.3331,0.0,0.057,staircase1,no_load
6.2066,-11.8103,-11.8652,-11.5315,-0.3337,0.0,0.056,staircase1,no_load
6.21679,-11.8103,-11.8652,-11.5310,-0.3342,0.0,0.056,staircase1,no_load
6.22771,-11.8103,-11.8652,-11.5304,-0.3348,0.0,0.056,staircase1,no_load
6.238052,-11.8103,-11.8652,-11.5298,-0.3354,0.0,0.055,staircase1,no_load
6.248961,-11.8103,-11.8652,-11.5293,-0.3359,0.0,0.055,staircase1,no_load
6.259304,-11.8103,-11.8652,-11.5288,-0.3364,0.0,0.054,staircase1,no_load
6.269589,-11.8103,-11.8652,-11.5282,-0.3370,0.0,0.054,staircase1,no_load
6.280373,-11.8103,-11.8652,-11.5274,-0.3378,0.0,0.054,staircase1,no_load
6.291302,-11.8103,-11.8652,-11.5269,-0.3383,0.0,0.053,staircase1,no_load
6.301667,-11.8103,-11.8652,-11.5263,-0.3389,0.0,0.053,staircase1,no_load
6.312722,-11.8103,-11.8652,-11.5258,-0.3394,0.0,0.052,staircase1,no_load
6.323864,-11.8103,-11.8652,-11.5253,-0.3399,0.0,0.052,staircase1,no_load
6.334462,-11.8103,-11.8652,-11.5248,-0.3404,0.0,0.052,staircase1,no_load
6.344649,-11.8103,-11.8652,-11.5243,-0.3409,0.0,0.051,staircase1,no_load
6.354825,-11.8103,-11.8652,-11.5238,-0.3414,0.0,0.051,staircase1,no_load
6.365661,-11.8103,-11.8652,-11.5230,-0.3422,0.0,0.050,staircase1,no_load
6.375984,-11.8103,-11.8652,-11.5225,-0.3427,0.0,0.050,staircase1,no_load
6.386923,-11.8103,-11.8652,-11.5220,-0.3432,0.0,0.050,staircase1,no_load
6.397245,-11.8103,-11.8652,-11.5215,-0.3437,0.0,0.049,staircase1,no_load
6.407585,-11.8103,-11.8652,-11.5210,-0.3442,0.0,0.049,staircase1,no_load
6.417841,-11.8103,-11.8652,-11.5205,-0.3447,0.0,0.049,staircase1,no_load
6.429537,0.0,-11.8652,-11.5201,-0.3451,0.0,0.048,staircase1,no_load
6.439881,0.0,-11.8652,-11.5196,-0.3456,0.0,0.048,staircase1,no_load
6.450238,0.0,-11.8652,-11.5189,-0.3463,0.0,0.048,staircase1,no_load
6.460715,0.0,-11.7773,-11.5184,-0.2589,8.39,0.047,staircase1,no_load
6.470983,0.0,-11.6895,-11.5179,-0.1716,8.551,0.047,staircase1,no_load
6.481429,0.0,-11.3379,-11.5175,0.1796,33.659,0.047,staircase1,no_load
6.492,0.0,-10.8984,-11.5170,0.6186,41.576,0.046,staircase1,no_load
6.50267,0.0,-10.2832,-11.1251,0.8419,57.657,39.191,staircase1,no_load
6.513448,0.0,-9.4922,-10.3221,0.8299,73.39,80.303,staircase1,no_load
6.523707,0.0,-8.5254,-9.3236,0.7982,94.239,99.845,staircase1,no_load
6.534467,0.0,-7.3828,-8.2526,0.8698,106.19,107.104,staircase1,no_load
6.544826,0.0,-6.4160,-7.1881,0.7721,93.329,106.449,staircase1,no_load
6.555156,0.0,-5.3613,-5.7034,0.3421,102.101,98.977,staircase1,no_load
6.565485,0.0,-4.4824,-4.8224,0.3400,85.091,88.099,staircase1,no_load
6.575878,0.0,-3.6914,-4.0389,0.3475,76.109,78.352,staircase1,no_load
6.586128,0.0,-3.1641,-3.3529,0.1888,51.444,68.604,staircase1,no_load
6.596776,0.0,-2.6367,-2.7597,0.1230,49.53,59.322,staircase1,no_load
6.607454,0.0,-2.1973,-2.2520,0.0547,41.15,50.770,staircase1,no_load
6.617657,0.0,-1.9336,-1.8212,-0.1124,25.845,43.077,staircase1,no_load
6.627923,0.0,-1.6699,-1.4584,-0.2115,25.687,36.279,staircase1,no_load
6.638665,0.0,-1.4941,-1.1548,-0.3393,16.366,30.358,staircase1,no_load
6.649319,0.0,-1.2305,-0.9022,-0.3283,24.742,25.260,staircase1,no_load
6.659545,0.0,-1.0547,-0.6931,-0.3616,17.191,20.913,staircase1,no_load
6.669783,0.0,-0.8789,-0.5207,-0.3582,17.171,17.237,staircase1,no_load
6.681132,0.0,-0.7031,-0.3184,-0.3847,15.49,13.485,staircase1,no_load
6.691275,0.0,-0.6152,-0.2139,-0.4013,8.666,10.450,staircase1,no_load
6.702228,0.0,-0.5273,-0.1289,-0.3984,8.025,8.504,staircase1,no_load
6.712907,0.0,-0.5273,-0.0599,-0.4674,0.0,6.898,staircase1,no_load
6.723145,0.0,-0.3516,-0.0041,-0.3475,17.162,5.580,staircase1,no_load
6.73333,0.0,-0.2637,0.0409,-0.3046,8.63,4.502,staircase1,no_load
6.743508,0.0,-0.2637,0.0771,-0.3408,0.0,3.623,staircase1,no_load
6.754034,0.0,-0.2637,0.1062,-0.3699,0.0,2.908,staircase1,no_load
6.764354,0.0,-0.2637,0.1295,-0.3932,0.0,2.330,staircase1,no_load
6.774844,0.0,-0.2637,0.1481,-0.4118,0.0,1.862,staircase1,no_load
6.785217,0.0,-0.2637,0.1692,-0.4329,0.0,1.406,staircase1,no_load
6.795639,0.0,-0.2637,0.1798,-0.4435,0.0,1.053,staircase1,no_load
6.806105,0.0,-0.2637,0.1881,-0.4518,0.0,0.836,staircase1,no_load
6.816821,0.0,-0.2637,0.1948,-0.4585,0.0,0.662,staircase1,no_load
6.827459,0.0,-0.2637,0.2000,-0.4637,0.0,0.523,staircase1,no_load
6.837988,0.0,-0.2637,0.2041,-0.4678,0.0,0.413,staircase1,no_load
6.848209,0.0,-0.2637,0.2074,-0.4711,0.0,0.325,staircase1,no_load
6.85898,0.0,-0.2637,0.2099,-0.4736,0.0,0.256,staircase1,no_load
6.869263,0.0,-0.2637,0.2119,-0.4756,0.0,0.201,staircase1,no_load
6.879616,0.0,-0.2637,0.2135,-0.4772,0.0,0.157,staircase1,no_load
6.890175,0.0,-0.2637,0.2153,-0.4790,0.0,0.123,staircase1,no_load
6.900288,0.0,-0.2637,0.2165,-0.4802,0.0,0.110,staircase1,no_load
6.911351,0.0,-0.2637,0.2175,-0.4812,0.0,0.107,staircase1,no_load
6.921732,0.0,-0.2637,0.2186,-0.4823,0.0,0.105,staircase1,no_load
6.9328,0.0,-0.2637,0.2196,-0.4833,0.0,0.104,staircase1,no_load
6.942915,0.0,-0.1758,0.2206,-0.3964,8.69,0.103,staircase1,no_load
6.953576,0.0,-0.1758,0.2217,-0.3975,0.0,0.102,staircase1,no_load
6.963709,0.0,-0.1758,0.2227,-0.3985,0.0,0.102,staircase1,no_load
6.974606,0.0,-0.1758,0.2237,-0.3995,0.0,0.101,staircase1,no_load
6.985197,0.0,-0.1758,0.2252,-0.4010,0.0,0.100,staircase1,no_load
6.99573,0.0,-0.1758,0.2262,-0.4020,0.0,0.099,staircase1,no_load
7.006345,0.0,-0.1758,0.2272,-0.4030,0.0,0.099,staircase1,no_load
7.016891,0.0,-0.1758,0.2282,-0.4040,0.0,0.098,staircase1,no_load
7.027461,0.0,-0.1758,0.2291,-0.4049,0.0,0.097,staircase1,no_load
7.038353,0.0,-0.1758,0.2301,-0.4059,0.0,0.097,staircase1,no_load
7.048624,0.0,-0.1758,0.2311,-0.4069,0.0,0.096,staircase1,no_load
7.059506,0.0,-0.1758,0.2320,-0.4078,0.0,0.095,staircase1,no_load
7.070176,0.0,-0.1758,0.2334,-0.4092,0.0,0.094,staircase1,no_load
7.080667,0.0,-0.1758,0.2344,-0.4102,0.0,0.094,staircase1,no_load
7.090955,0.0,-0.1758,0.2353,-0.4111,0.0,0.093,staircase1,no_load
7.101156,0.0,-0.1758,0.2362,-0.4120,0.0,0.092,staircase1,no_load
7.111625,0.0,-0.1758,0.2371,-0.4129,0.0,0.092,staircase1,no_load
7.122131,0.0,-0.1758,0.2380,-0.4138,0.0,0.091,staircase1,no_load
7.132554,0.0,-0.1758,0.2389,-0.4147,0.0,0.090,staircase1,no_load
7.142935,0.0,-0.1758,0.2398,-0.4156,0.0,0.090,staircase1,no_load
7.153207,0.0,-0.1758,0.2407,-0.4165,0.0,0.089,staircase1,no_load
7.163897,0.0,-0.1758,0.2416,-0.4174,0.0,0.089,staircase1,no_load
7.174391,0.0,-0.1758,0.2425,-0.4183,0.0,0.088,staircase1,no_load
7.185146,0.0,-0.1758,0.2438,-0.4196,0.0,0.087,staircase1,no_load
7.196218,0.0,-0.1758,0.2447,-0.4205,0.0,0.086,staircase1,no_load
7.206837,0.0,-0.1758,0.2455,-0.4213,0.0,0.086,staircase1,no_load
7.217526,0.0,-0.1758,0.2464,-0.4222,0.0,0.085,staircase1,no_load
7.22819,0.0,-0.1758,0.2472,-0.4230,0.0,0.085,staircase1,no_load
7.238915,0.0,-0.1758,0.2481,-0.4239,0.0,0.084,staircase1,no_load
7.249608,0.0,-0.1758,0.2489,-0.4247,0.0,0.083,staircase1,no_load
7.260175,0.0,-0.1758,0.2501,-0.4259,0.0,0.083,staircase1,no_load
7.270747,0.0,-0.1758,0.2510,-0.4268,0.0,0.082,staircase1,no_load
7.280941,0.0,-0.1758,0.2518,-0.4276,0.0,0.081,staircase1,no_load
7.291297,0.0,-0.1758,0.2526,-0.4284,0.0,0.081,staircase1,no_load
7.30183,0.0,-0.1758,0.2534,-0.4292,0.0,0.080,staircase1,no_load
7.312554,0.0,-0.1758,0.2542,-0.4300,0.0,0.080,staircase1,no_load
7.32329,0.0,-0.1758,0.2550,-0.4308,0.0,0.079,staircase1,no_load
7.333522,0.0,-0.1758,0.2558,-0.4316,0.0,0.079,staircase1,no_load
7.344444,0.0,-0.1758,0.2565,-0.4323,0.0,0.078,staircase1,no_load
7.354624,0.0,-0.1758,0.2573,-0.4331,0.0,0.078,staircase1,no_load
7.365057,0.0,-0.1758,0.2585,-0.4343,0.0,0.077,staircase1,no_load
7.375797,0.0,-0.1758,0.2592,-0.4350,0.0,0.076,staircase1,no_load
7.38635,0.0,-0.1758,0.2600,-0.4358,0.0,0.076,staircase1,no_load
7.39684,0.0,-0.1758,0.2607,-0.4365,0.0,0.075,staircase1,no_load
7.407102,0.0,-0.1758,0.2615,-0.4373,0.0,0.075,staircase1,no_load
7.417607,0.0,-0.1758,0.2622,-0.4380,0.0,0.074,staircase1,no_load
7.427987,0.0,-0.1758,0.2630,-0.4388,0.0,0.074,staircase1,no_load
7.439363,0.0,-0.1758,0.2637,-0.4395,0.0,0.073,staircase1,no_load
7.449558,0.0,-0.1758,0.2644,-0.4402,0.0,0.073,staircase1,no_load
7.460317,0.0,-0.1758,0.2655,-0.4413,0.0,0.072,staircase1,no_load
7.47079,0.0,-0.1758,0.2662,-0.4420,0.0,0.071,staircase1,no_load
7.481506,0.0,-0.1758,0.2669,-0.4427,0.0,0.071,staircase1,no_load
7.492035,0.0,-0.1758,0.2676,-0.4434,0.0,0.070,staircase1,no_load
7.502757,0.0,-0.1758,0.2683,-0.4441,0.0,0.070,staircase1,no_load
7.51309,0.0,-0.1758,0.2690,-0.4448,0.0,0.069,staircase1,no_load
7.523627,0.0,-0.1758,0.2697,-0.4455,0.0,0.069,staircase1,no_load
7.533805,0.0,-0.1758,0.2704,-0.4462,0.0,0.068,staircase1,no_load
7.54397,0.0,-0.1758,0.2711,-0.4469,0.0,0.068,staircase1,no_load
7.554283,0.0,-0.1758,0.2717,-0.4475,0.0,0.067,staircase1,no_load
7.564763,0.0,-0.1758,0.2724,-0.4482,0.0,0.067,staircase1,no_load
7.575395,0.0,-0.1758,0.2734,-0.4492,0.0,0.066,staircase1,no_load
7.585743,0.0,-0.1758,0.2741,-0.4499,0.0,0.066,staircase1,no_load
7.596209,0.0,-0.1758,0.2747,-0.4505,0.0,0.065,staircase1,no_load
7.606819,0.0,-0.1758,0.2754,-0.4512,0.0,0.065,staircase1,no_load
7.617052,0.0,-0.1758,0.2760,-0.4518,0.0,0.064,staircase1,no_load
7.62773,0.0,-0.1758,0.2766,-0.4524,0.0,0.064,staircase1,no_load
7.638026,0.0,-0.1758,0.2773,-0.4531,0.0,0.064,staircase1,no_load
7.648485,0.0,-0.1758,0.2779,-0.4537,0.0,0.063,staircase1,no_load
7.659206,0.0,-0.1758,0.2785,-0.4543,0.0,0.063,staircase1,no_load
7.66944,0.0,-0.1758,0.2792,-0.4550,0.0,0.062,staircase1,no_load
7.679778,0.0,-0.1758,0.2798,-0.4556,0.0,0.062,staircase1,no_load
7.690006,0.0,-0.1758,0.2807,-0.4565,0.0,0.061,staircase1,no_load
7.700969,0.0,-0.1758,0.2813,-0.4571,0.0,0.061,staircase1,no_load
7.71187,0.0,-0.1758,0.2819,-0.4577,0.0,0.060,staircase1,no_load
7.722355,0.0,-0.1758,0.2825,-0.4583,0.0,0.060,staircase1,no_load
7.732535,0.0,-0.1758,0.2831,-0.4589,0.0,0.059,staircase1,no_load
7.742855,0.0,-0.1758,0.2837,-0.4595,0.0,0.059,staircase1,no_load
7.754172,0.0,-0.1758,0.2843,-0.4601,0.0,0.059,staircase1,no_load
7.765129,0.0,-0.1758,0.2852,-0.4610,0.0,0.058,staircase1,no_load
7.776037,0.0,-0.1758,0.2857,-0.4615,0.0,0.058,staircase1,no_load
7.787004,0.0,-0.1758,0.2863,-0.4621,0.0,0.057,staircase1,no_load
7.79722,0.0,-0.1758,0.2869,-0.4627,0.0,0.057,staircase1,no_load
7.80832,0.0,-0.1758,0.2874,-0.4632,0.0,0.056,staircase1,no_load
7.818938,0.0,-0.1758,0.2880,-0.4638,0.0,0.056,staircase1,no_load
7.829259,0.0,-0.1758,0.2886,-0.4644,0.0,0.056,staircase1,no_load
7.839397,0.0,-0.1758,0.2891,-0.4649,0.0,0.055,staircase1,no_load
7.850103,0.0,-0.1758,0.2899,-0.4657,0.0,0.055,staircase1,no_load
7.86031,0.0,-0.1758,0.2905,-0.4663,0.0,0.054,staircase1,no_load
7.870406,0.0,-0.1758,0.2910,-0.4668,0.0,0.054,staircase1,no_load
7.880981,0.0,-0.1758,0.2915,-0.4673,0.0,0.054,staircase1,no_load
7.891387,0.0,-0.1758,0.2921,-0.4679,0.0,0.053,staircase1,no_load
7.901646,0.0,-0.1758,0.2926,-0.4684,0.0,0.053,staircase1,no_load
7.912321,0.0,-0.1758,0.2931,-0.4689,0.0,0.052,staircase1,no_load
7.923052,0.0,-0.1758,0.2936,-0.4694,0.0,0.052,staircase1,no_load
7.933531,0.0,-0.1758,0.2942,-0.4700,0.0,0.052,staircase1,no_load
7.943797,0.0,-0.1758,0.2947,-0.4705,0.0,0.051,staircase1,no_load
7.954495,0.0,-0.1758,0.2952,-0.4710,0.0,0.051,staircase1,no_load
7.964763,0.0,-0.1758,0.2957,-0.4715,0.0,0.051,staircase1,no_load
7.97496,0.0,-0.1758,0.2962,-0.4720,0.0,0.050,staircase1,no_load
7.985458,0.0,-0.1758,0.2969,-0.4727,0.0,0.050,staircase1,no_load
7.995685,0.0,-0.1758,0.2974,-0.4732,0.0,0.049,staircase1,no_load
8.005947,0.0,-0.1758,0.2979,-0.4737,0.0,0.049,staircase1,no_load
8.016221,0.0,-0.1758,0.2984,-0.4742,0.0,0.049,staircase1,no_load
8.026485,0.0,-0.1758,0.2989,-0.4747,0.0,0.048,staircase1,no_load
8.037862,11.8103,-0.1758,0.2994,-0.4752,0.0,0.048,staircase1,no_load
8.04822,11.8103,-0.1758,0.2999,-0.4757,0.0,0.048,staircase1,no_load
8.058612,11.8103,-0.1758,0.3003,-0.4761,0.0,0.047,staircase1,no_load
8.069153,11.8103,-0.1758,0.3008,-0.4766,0.0,0.047,staircase1,no_load
8.079485,11.8103,-0.0879,0.3013,-0.3892,8.508,0.047,staircase1,no_load
8.089863,11.8103,0.1758,0.3017,-0.1259,25.41,0.046,staircase1,no_load
8.100377,11.8103,0.6152,0.3024,0.3128,41.792,0.046,staircase1,no_load
8.110675,11.8103,1.3184,0.6947,0.6237,68.285,39.223,staircase1,no_load
8.121248,11.8103,2.1094,1.4983,0.6111,74.813,80.361,staircase1,no_load
8.13173,11.8103,2.9883,2.4970,0.4913,83.849,99.869,staircase1,no_load
8.142108,11.8103,4.1309,3.5680,0.5629,110.098,107.100,staircase1,no_load
8.152303,11.8103,5.1855,4.6322,0.5533,103.443,106.420,staircase1,no_load
8.162984,11.8103,6.2402,5.6412,0.5990,98.745,100.907,staircase1,no_load
8.173286,11.8103,7.1191,6.5681,0.5510,85.314,92.683,staircase1,no_load
8.184282,11.8103,7.9102,7.3999,0.5103,71.944,83.183,staircase1,no_load
8.194739,11.8103,8.6133,8.1334,0.4799,67.237,73.352,staircase1,no_load
8.205836,11.8103,9.1406,9.0562,0.0844,47.517,61.519,staircase1,no_load
8.217246,11.8103,9.5801,9.5629,0.0172,38.519,50.668,staircase1,no_load
8.228343,11.8103,9.9316,9.9926,-0.0610,31.675,42.975,staircase1,no_load
8.238655,11.8103,10.1953,10.3544,-0.1591,25.572,36.180,staircase1,no_load
8.249145,11.8103,10.3711,10.6571,-0.2860,16.759,30.263,staircase1,no_load
8.260001,11.8103,10.6348,11.0179,-0.3831,24.291,24.056,staircase1,no_load
8.271598,11.8103,10.8105,11.2071,-0.3966,15.15,18.916,staircase1,no_load
8.282404,11.8103,10.8984,11.3626,-0.4642,8.134,15.550,staircase1,no_load
8.293856,11.8103,11.0742,11.4899,-0.4157,15.351,12.733,staircase1,no_load
8.304376,11.8103,11.2500,11.5938,-0.3438,16.711,10.390,staircase1,no_load
8.31506,11.8103,11.3379,11.7143,-0.3764,8.227,8.037,staircase1,no_load
8.325694,11.8103,11.3379,11.7760,-0.4381,0.0,6.161,staircase1,no_load
8.336626,11.8103,11.3379,11.8257,-0.4878,0.0,4.973,staircase1,no_load
8.346906,11.8103,11.4258,11.8657,-0.4399,8.551,4.004,staircase1,no_load
8.357083,11.8103,11.5137,11.8979,-0.3842,8.637,3.216,staircase1,no_load
8.367977,11.8103,11.6016,11.9237,-0.3221,8.069,2.577,staircase1,no_load
8.378167,11.8103,11.6016,11.9443,-0.3427,0.0,2.060,staircase1,no_load
8.388846,11.8103,11.6016,11.9607,-0.3591,0.0,1.643,staircase1,no_load
8.399317,11.8103,11.6016,11.9738,-0.3722,0.0,1.308,staircase1,no_load
8.40959,11.8103,11.6016,11.9841,-0.3825,0.0,1.039,staircase1,no_load
8.419806,11.8103,11.6895,11.9924,-0.3029,8.604,0.823,staircase1,no_load
8.430878,11.8103,11.6895,12.0016,-0.3121,0.0,0.616,staircase1,no_load
8.441372,11.8103,11.6895,12.0062,-0.3167,0.0,0.457,staircase1,no_load
8.452162,11.8103,11.6895,12.0098,-0.3203,0.0,0.359,staircase1,no_load
8.462267,11.8103,11.6895,12.0126,-0.3231,0.0,0.282,staircase1,no_load
8.472452,11.8103,11.6895,12.0148,-0.3253,0.0,0.222,staircase1,no_load
8.482851,11.8103,11.6895,12.0166,-0.3271,0.0,0.173,staircase1,no_load
8.493023,11.8103,11.6895,12.0179,-0.3284,0.0,0.137,staircase1,no_load
8.503231,11.8103,11.6895,12.0191,-0.3296,0.0,0.118,staircase1,no_load
8.513574,11.8103,11.6895,12.0202,-0.3307,0.0,0.110,staircase1,no_load
8.524262,11.8103,11.6895,12.0213,-0.3318,0.0,0.107,staircase1,no_load
8.534792,11.8103,11.6895,12.0223,-0.3328,0.0,0.105,staircase1,no_load
8.545,11.8103,11.6895,12.0239,-0.3344,0.0,0.104,staircase1,no_load
8.555217,11.8103,11.6895,12.0249,-0.3354,0.0,0.103,staircase1,no_load
8.565462,11.8103,11.6895,12.0259,-0.3364,0.0,0.102,staircase1,no_load
8.575655,11.8103,11.6895,12.0269,-0.3374,0.0,0.101,staircase1,no_load
8.586158,11.8103,11.6895,12.0279,-0.3384,0.0,0.101,staircase1,no_load
8.596513,11.8103,11.6895,12.0289,-0.3394,0.0,0.100,staircase1,no_load
8.60687,11.8103,11.6895,12.0299,-0.3404,0.0,0.099,staircase1,no_load
8.617537,11.8103,11.6895,12.0309,-0.3414,0.0,0.098,staircase1,no_load
8.627811,11.8103,11.6895,12.0319,-0.3424,0.0,0.098,staircase1,no_load
8.638163,11.8103,11.6895,12.0329,-0.3434,0.0,0.097,staircase1,no_load
8.648641,11.8103,11.6895,12.0338,-0.3443,0.0,0.096,staircase1,no_load
8.658857,11.8103,11.6895,12.0348,-0.3453,0.0,0.096,staircase1,no_load
8.669487,11.8103,11.6895,12.0357,-0.3462,0.0,0.095,staircase1,no_load
8.679997,11.8103,11.6895,12.0367,-0.3472,0.0,0.094,staircase1,no_load
8.690598,11.8103,11.6895,12.0381,-0.3486,0.0,0.094,staircase1,no_load
8.70098,11.8103,11.6895,12.0390,-0.3495,0.0,0.093,staircase1,no_load
8.711195,11.8103,11.6895,12.0399,-0.3504,0.0,0.092,staircase1,no_load
8.721497,11.8103,11.6895,12.0408,-0.3513,0.0,0.092,staircase1,no_load
8.731858,11.8103,11.6895,12.0417,-0.3522,0.0,0.091,staircase1,no_load
8.742458,11.8103,11.6895,12.0427,-0.3532,0.0,0.090,staircase1,no_load
8.753494,11.8103,11.6895,12.0435,-0.3540,0.0,0.090,staircase1,no_load
8.764351,11.8103,11.6895,12.0444,-0.3549,0.0,0.089,staircase1,no_load
8.774527,11.8103,11.6895,12.0453,-0.3558,0.0,0.088,staircase1,no_load
8.785089,11.8103,11.6895,12.0466,-0.3571,0.0,0.088,staircase1,no_load
8.795641,11.8103,11.6895,12.0475,-0.3580,0.0,0.087,staircase1,no_load
8.805931,11.8103,11.6895,12.0484,-0.3589,0.0,0.086,staircase1,no_load
8.816293,11.8103,11.6895,12.0492,-0.3597,0.0,0.086,staircase1,no_load
8.826592,11.8103,11.6895,12.0501,-0.3606,0.0,0.085,staircase1,no_load
8.837631,11.8103,11.6895,12.0509,-0.3614,0.0,0.084,staircase1,no_load
8.847876,11.8103,11.6895,12.0518,-0.3623,0.0,0.084,staircase1,no_load
8.858032,11.8103,11.6895,12.0526,-0.3631,0.0,0.083,staircase1,no_load
8.868716,11.8103,11.6895,12.0534,-0.3639,0.0,0.083,staircase1,no_load
8.879017,11.8103,11.6895,12.0542,-0.3647,0.0,0.082,staircase1,no_load
8.889414,11.8103,11.6895,12.0551,-0.3656,0.0,0.082,staircase1,no_load
8.899599,11.8103,11.6895,12.0559,-0.3664,0.0,0.081,staircase1,no_load
8.910003,11.8103,11.6895,12.0571,-0.3676,0.0,0.080,staircase1,no_load
8.92055,11.8103,11.6895,12.0579,-0.3684,0.0,0.080,staircase1,no_load
8.931178,11.8103,11.6895,12.0587,-0.3692,0.0,0.079,staircase1,no_load
8.94215,11.8103,11.6895,12.0594,-0.3699,0.0,0.079,staircase1,no_load
8.953177,11.8103,11.6895,12.0602,-0.3707,0.0,0.078,staircase1,no_load
8.964317,11.8103,11.6895,12.0610,-0.3715,0.0,0.077,staircase1,no_load
8.974633,11.8103,11.6895,12.0618,-0.3723,0.0,0.077,staircase1,no_load
8.985423,11.8103,11.6895,12.0629,-0.3734,0.0,0.076,staircase1,no_load
8.995818,11.8103,11.6895,12.0637,-0.3742,0.0,0.076,staircase1,no_load
9.006299,11.8103,11.6895,12.0644,-0.3749,0.0,0.075,staircase1,no_load
9.016632,11.8103,11.6895,12.0652,-0.3757,0.0,0.075,staircase1,no_load
9.027008,11.8103,11.6895,12.0659,-0.3764,0.0,0.074,staircase1,no_load
9.037301,11.8103,11.6895,12.0666,-0.3771,0.0,0.073,staircase1,no_load
9.048488,11.8103,11.6895,12.0674,-0.3779,0.0,0.073,staircase1,no_load
9.059486,11.8103,11.6895,12.0681,-0.3786,0.0,0.072,staircase1,no_load
9.070239,11.8103,11.6895,12.0692,-0.3797,0.0,0.072,staircase1,no_load
9.081038,11.8103,11.6895,12.0699,-0.3804,0.0,0.071,staircase1,no_load
9.09173,11.8103,11.6895,12.0706,-0.3811,0.0,0.071,staircase1,no_load
9.102214,11.8103,11.6895,12.0713,-0.3818,0.0,0.070,staircase1,no_load
9.112866,11.8103,11.6895,12.0720,-0.3825,0.0,0.070,staircase1,no_load
9.123533,11.8103,11.6895,12.0727,-0.3832,0.0,0.069,staircase1,no_load
9.133806,11.8103,11.6895,12.0734,-0.3839,0.0,0.069,staircase1,no_load
9.144046,11.8103,11.6895,12.0741,-0.3846,0.0,0.068,staircase1,no_load
9.154716,11.8103,11.6895,12.0747,-0.3852,0.0,0.068,staircase1,no_load
9.165415,11.8103,11.6895,12.0757,-0.3862,0.0,0.067,staircase1,no_load
9.175796,11.8103,11.6895,12.0764,-0.3869,0.0,0.067,staircase1,no_load
9.186271,11.8103,11.6895,12.0771,-0.3876,0.0,0.066,staircase1,no_load
9.196446,11.8103,11.6895,12.0777,-0.3882,0.0,0.066,staircase1,no_load
9.207091,11.8103,11.6895,12.0784,-0.3889,0.0,0.065,staircase1,no_load
9.217762,11.8103,11.6895,12.0790,-0.3895,0.0,0.065,staircase1,no_load
9.228002,11.8103,11.6895,12.0797,-0.3902,0.0,0.064,staircase1,no_load
9.23861,11.8103,11.6895,12.0803,-0.3908,0.0,0.064,staircase1,no_load
9.249984,11.8103,11.6895,12.0809,-0.3914,0.0,0.063,staircase1,no_load
9.261462,11.8103,11.6895,12.0819,-0.3924,0.0,0.063,staircase1,no_load
9.272356,11.8103,11.6895,12.0825,-0.3930,0.0,0.062,staircase1,no_load
9.282887,11.8103,11.6895,12.0831,-0.3936,0.0,0.062,staircase1,no_load
9.293263,11.8103,11.6895,12.0837,-0.3942,0.0,0.061,staircase1,no_load
9.304163,11.8103,11.6895,12.0844,-0.3949,0.0,0.061,staircase1,no_load
9.314717,11.8103,11.6895,12.0850,-0.3955,0.0,0.061,staircase1,no_load
9.325245,11.8103,11.6895,12.0859,-0.3964,0.0,0.060,staircase1,no_load
9.33604,11.8103,11.6895,12.0865,-0.3970,0.0,0.060,staircase1,no_load
9.346768,11.8103,11.6895,12.0870,-0.3975,0.0,0.059,staircase1,no_load
9.357565,11.8103,11.6895,12.0876,-0.3981,0.0,0.059,staircase1,no_load
9.368785,11.8103,11.6895,12.0882,-0.3987,0.0,0.058,staircase1,no_load
9.380013,11.8103,11.6895,12.0891,-0.3996,0.0,0.058,staircase1,no_load
9.390713,11.8103,11.6895,12.0897,-0.4002,0.0,0.057,staircase1,no_load
9.400899,11.8103,11.6895,12.0902,-0.4007,0.0,0.057,staircase1,no_load
9.411612,11.8103,11.6895,12.0908,-0.4013,0.0,0.057,staircase1,no_load
9.422126,11.8103,11.6895,12.0914,-0.4019,0.0,0.056,staircase1,no_load
9.432717,11.8103,11.6895,12.0919,-0.4024,0.0,0.056,staircase1,no_load
9.443616,11.8103,11.6895,12.0925,-0.4030,0.0,0.055,staircase1,no_load
9.454186,11.8103,11.6895,12.0930,-0.4035,0.0,0.055,staircase1,no_load
9.464934,11.8103,11.6895,12.0936,-0.4041,0.0,0.055,staircase1,no_load
9.475338,11.8103,11.6895,12.0944,-0.4049,0.0,0.054,staircase1,no_load
9.486031,11.8103,11.6895,12.0949,-0.4054,0.0,0.054,staircase1,no_load
9.496781,11.8103,11.6895,12.0954,-0.4059,0.0,0.053,staircase1,no_load
9.507845,11.8103,11.6895,12.0960,-0.4065,0.0,0.053,staircase1,no_load
9.518433,11.8103,11.6895,12.0965,-0.4070,0.0,0.053,staircase1,no_load
9.528689,11.8103,11.6895,12.0970,-0.4075,0.0,0.052,staircase1,no_load
9.539564,11.8103,11.6895,12.0975,-0.4080,0.0,0.052,staircase1,no_load
9.550089,11.8103,11.6895,12.0983,-0.4088,0.0,0.051,staircase1,no_load
9.560427,11.8103,11.6895,12.0988,-0.4093,0.0,0.051,staircase1,no_load
9.571081,11.8103,11.6895,12.0993,-0.4098,0.0,0.051,staircase1,no_load
9.581553,11.8103,11.6895,12.0998,-0.4103,0.0,0.050,staircase1,no_load
9.592492,11.8103,11.6895,12.1003,-0.4108,0.0,0.050,staircase1,no_load
9.603284,11.8103,11.6895,12.1008,-0.4113,0.0,0.049,staircase1,no_load
9.613441,11.8103,11.6895,12.1013,-0.4118,0.0,0.049,staircase1,no_load
9.624089,11.8103,11.6895,12.1018,-0.4123,0.0,0.049,staircase1,no_load
9.634734,11.8103,11.6895,12.1023,-0.4128,0.0,0.048,staircase1,no_load
9.646174,23.6206,11.6895,12.1030,-0.4135,0.0,0.048,staircase1,no_load
9.656348,23.6206,11.6895,12.1035,-0.4140,0.0,0.048,staircase1,no_load
9.667149,23.6206,11.6895,12.1039,-0.4144,0.0,0.047,staircase1,no_load
9.678638,23.6206,11.6895,12.1044,-0.4149,0.0,0.047,staircase1,no_load
9.689051,23.6206,11.8652,12.1049,-0.2397,16.873,0.047,staircase1,no_load
9.699194,23.6206,12.1289,12.1053,0.0236,25.998,0.046,staircase1,no_load
9.709567,23.6206,12.6562,12.1058,0.5504,50.834,0.046,staircase1,no_load
9.719889,23.6206,13.1836,12.2410,0.9426,51.095,13.520,staircase1,no_load
9.730302,23.6206,14.0625,13.3009,0.7616,84.404,70.656,staircase1,no_load
9.740648,23.6206,15.0293,14.2992,0.7301,93.447,99.832,staircase1,no_load
9.750915,23.6206,16.0840,15.3699,0.7141,102.727,107.072,staircase1,no_load
9.761264,23.6206,17.1387,16.4338,0.7049,101.913,106.392,staircase1,no_load
9.77154,23.6206,18.1055,17.4425,0.6630,94.083,100.872,staircase1,no_load
9.781721,23.6206,19.0723,18.3689,0.7034,94.961,92.639,staircase1,no_load
9.792048,23.6206,19.7754,19.2002,0.5752,68.084,83.129,staircase1,no_load
9.802462,23.6206,20.4785,19.9331,0.5454,67.515,73.289,staircase1,no_load
9.813016,23.6206,21.0059,20.5703,0.4356,49.972,63.717,staircase1,no_load
9.823332,23.6206,21.3574,21.1180,0.2394,34.073,54.768,staircase1,no_load
9.833673,23.6206,21.7090,21.5843,0.1247,34.001,46.632,staircase1,no_load
9.844742,23.6206,21.9727,21.9782,-0.0055,23.823,39.387,staircase1,no_load
9.855201,23.6206,22.2363,22.4526,-0.2163,25.203,31.629,staircase1,no_load
9.865494,23.6206,22.4121,22.7036,-0.2915,17.08,25.097,staircase1,no_load
9.875863,23.6206,22.5879,22.9112,-0.3233,16.954,20.760,staircase1,no_load
9.886198,23.6206,22.7637,23.0821,-0.3184,17.01,17.094,staircase1,no_load
9.896813,23.6206,22.9395,23.2223,-0.2828,16.561,14.018,staircase1,no_load
9.9073,23.6206,23.0273,23.3368,-0.3095,8.372,11.452,staircase1,no_load
9.918353,23.6206,23.1152,23.4300,-0.3148,7.953,9.323,staircase1,no_load
9.928691,23.6206,23.2031,23.5057,-0.3026,8.503,7.565,staircase1,no_load
9.939518,23.6206,23.2910,23.5669,-0.2759,8.119,6.121,staircase1,no_load
9.94974,23.6206,23.2910,23.6163,-0.3253,0.0,4.938,staircase1,no_load
9.960622,23.6206,23.3789,23.6728,-0.2939,8.078,3.770,staircase1,no_load
9.970987,23.6206,23.3789,23.7014,-0.3225,0.0,2.854,staircase1,no_load
9.981448,23.6206,23.3789,23.7242,-0.3453,0.0,2.282,staircase1,no_load
9.991856,23.6206,23.3789,23.7424,-0.3635,0.0,1.820,staircase1,no_load
10.002259,23.6206,23.3789,23.7569,-0.3780,0.0,1.449,staircase1,no_load
10.012913,23.6206,23.3789,23.7684,-0.3895,0.0,1.151,staircase1,no_load
10.023412,23.6206,23.3789,23.7775,-0.3986,0.0,0.912,staircase1,no_load
10.034028,23.6206,23.3789,23.7847,-0.4058,0.0,0.722,staircase1,no_load
10.045207,23.6206,23.3789,23.7928,-0.4139,0.0,0.538,staircase1,no_load
10.056118,23.6206,23.3789,23.7968,-0.4179,0.0,0.398,staircase1,no_load
10.066846,23.6206,23.3789,23.7999,-0.4210,0.0,0.313,staircase1,no_load
10.077303,23.6206,23.3789,23.8024,-0.4235,0.0,0.245,staircase1,no_load
10.087827,23.6206,23.3789,23.8043,-0.4254,0.0,0.192,staircase1,no_load
10.098516,23.6206,23.3789,23.8058,-0.4269,0.0,0.150,staircase1,no_load
10.108876,23.6206,23.3789,23.8070,-0.4281,0.0,0.123,staircase1,no_load
10.119543,23.6206,23.3789,23.8081,-0.4292,0.0,0.112,staircase1,no_load
10.130018,23.6206,23.3789,23.8097,-0.4308,0.0,0.107,staircase1,no_load
10.140221,23.6206,23.3789,23.8108,-0.4319,0.0,0.105,staircase1,no_load
10.150775,23.6206,23.3789,23.8118,-0.4329,0.0,0.104,staircase1,no_load
10.162069,23.6206,23.3789,23.8129,-0.4340,0.0,0.103,staircase1,no_load
10.172705,23.6206,23.3789,23.8139,-0.4350,0.0,0.102,staircase1,no_load
10.18365,23.6206,23.3789,23.8149,-0.4360,0.0,0.102,staircase1,no_load
10.194017,23.6206,23.3789,23.8159,-0.4370,0.0,0.101,staircase1,no_load
10.204673,23.6206,23.3789,23.8169,-0.4380,0.0,0.100,staircase1,no_load
10.215341,23.6206,23.3789,23.8184,-0.4395,0.0,0.099,staircase1,no_load
10.226109,23.6206,23.3789,23.8194,-0.4405,0.0,0.098,staircase1,no_load
10.236664,23.6206,23.3789,23.8204,-0.4415,0.0,0.098,staircase1,no_load
10.247528,23.6206,23.3789,23.8213,-0.4424,0.0,0.097,staircase1,no_load
10.258262,23.6206,23.3789,23.8223,-0.4434,0.0,0.096,staircase1,no_load
10.26934,23.6206,23.3789,23.8233,-0.4444,0.0,0.096,staircase1,no_load
10.279791,23.6206,23.3789,23.8242,-0.4453,0.0,0.095,staircase1,no_load
10.290088,23.6206,23.3789,23.8256,-0.4467,0.0,0.094,staircase1,no_load
10.300332,23.6206,23.3789,23.8265,-0.4476,0.0,0.093,staircase1,no_load
10.310732,23.6206,23.3789,23.8275,-0.4486,0.0,0.093,staircase1,no_load
10.321557,23.6206,23.3789,23.8284,-0.4495,0.0,0.092,staircase1,no_load
10.332273,23.6206,23.3789,23.8293,-0.4504,0.0,0.091,staircase1,no_load
10.343245,23.6206,23.3789,23.8302,-0.4513,0.0,0.091,staircase1,no_load
10.353992,23.6206,23.3789,23.8311,-0.4522,0.0,0.090,staircase1,no_load
10.365138,23.6206,23.3789,23.8325,-0.4536,0.0,0.089,staircase1,no_load
10.375719,23.6206,23.3789,23.8333,-0.4544,0.0,0.089,staircase1,no_load
10.386737,23.6206,23.3789,23.8342,-0.4553,0.0,0.088,staircase1,no_load
10.397459,23.6206,23.3789,23.8351,-0.4562,0.0,0.087,staircase1,no_load
10.408338,23.6206,23.3789,23.8360,-0.4571,0.0,0.087,staircase1,no_load
10.418518,23.6206,23.3789,23.8368,-0.4579,0.0,0.086,staircase1,no_load
10.429542,23.6206,23.3789,23.8377,-0.4588,0.0,0.086,staircase1,no_load
10.440207,23.6206,23.3789,23.8390,-0.4601,0.0,0.085,staircase1,no_load
10.450495,23.6206,23.3789,23.8398,-0.4609,0.0,0.084,staircase1,no_load
10.460963,23.6206,23.3789,23.8406,-0.4617,0.0,0.084,staircase1,no_load
10.471132,23.6206,23.3789,23.8415,-0.4626,0.0,0.083,staircase1,no_load
10.481943,23.6206,23.3789,23.8423,-0.4634,0.0,0.082,staircase1,no_load
10.492854,23.6206,23.3789,23.8431,-0.4642,0.0,0.082,staircase1,no_load
10.503511,23.6206,23.3789,23.8439,-0.4650,0.0,0.081,staircase1,no_load
10.514076,23.6206,23.3789,23.8447,-0.4658,0.0,0.081,staircase1,no_load
10.524679,23.6206,23.3789,23.8455,-0.4666,0.0,0.080,staircase1,no_load
10.535214,23.6206,23.3789,23.8467,-0.4678,0.0,0.079,staircase1,no_load
10.545516,23.6206,23.3789,23.8475,-0.4686,0.0,0.079,staircase1,no_load
10.555811,23.6206,23.3789,23.8483,-0.4694,0.0,0.078,staircase1,no_load
10.566454,23.6206,23.3789,23.8491,-0.4702,0.0,0.078,staircase1,no_load
10.576737,23.6206,23.3789,23.8498,-0.4709,0.0,0.077,staircase1,no_load
10.587385,23.6206,23.3789,23.8506,-0.4717,0.0,0.077,staircase1,no_load
10.598257,23.6206,23.3789,23.8514,-0.4725,0.0,0.076,staircase1,no_load
10.60881,23.6206,23.3789,23.8521,-0.4732,0.0,0.075,staircase1,no_load
10.61924,23.6206,23.3789,23.8529,-0.4740,0.0,0.075,staircase1,no_load
10.629673,23.6206,23.3789,23.8536,-0.4747,0.0,0.074,staircase1,no_load
10.640279,23.6206,23.3789,23.8547,-0.4758,0.0,0.074,staircase1,no_load
10.65069,23.6206,23.3789,23.8554,-0.4765,0.0,0.073,staircase1,no_load
10.661031,23.6206,23.3789,23.8562,-0.4773,0.0,0.073,staircase1,no_load
10.671612,23.6206,23.3789,23.8569,-0.4780,0.0,0.072,staircase1,no_load
10.682283,23.6206,23.3789,23.8576,-0.4787,0.0,0.072,staircase1,no_load
10.69246,23.6206,23.3789,23.8583,-0.4794,0.0,0.071,staircase1,no_load
10.702945,23.6206,23.3789,23.8590,-0.4801,0.0,0.071,staircase1,no_load
10.713591,23.6206,23.3789,23.8597,-0.4808,0.0,0.070,staircase1,no_load
10.723922,23.6206,23.3789,23.8604,-0.4815,0.0,0.070,staircase1,no_load
10.734789,23.6206,23.3789,23.8611,-0.4822,0.0,0.069,staircase1,no_load
10.745238,23.6206,23.3789,23.8621,-0.4832,0.0,0.069,staircase1,no_load
10.755682,23.6206,23.3789,23.8628,-0.4839,0.0,0.068,staircase1,no_load
10.765896,23.6206,23.3789,23.8635,-0.4846,0.0,0.067,staircase1,no_load
10.776359,23.6206,23.3789,23.8642,-0.4853,0.0,0.067,staircase1,no_load
10.786856,23.6206,23.3789,23.8648,-0.4859,0.0,0.067,staircase1,no_load
10.797215,23.6206,23.3789,23.8655,-0.4866,0.0,0.066,staircase1,no_load
10.807402,23.6206,23.3789,23.8661,-0.4872,0.0,0.066,staircase1,no_load
10.817867,23.6206,23.3789,23.8668,-0.4879,0.0,0.065,staircase1,no_load
10.828278,23.6206,23.3789,23.8674,-0.4885,0.0,0.065,staircase1,no_load
10.838675,23.6206,23.3789,23.8681,-0.4892,0.0,0.064,staircase1,no_load
10.848782,23.6206,23.3789,23.8687,-0.4898,0.0,0.064,staircase1,no_load
10.859308,23.6206,23.3789,23.8694,-0.4905,0.0,0.063,staircase1,no_load
10.869559,23.6206,23.3789,23.8700,-0.4911,0.0,0.063,staircase1,no_load
10.879902,23.6206,23.3789,23.8706,-0.4917,0.0,0.062,staircase1,no_load
10.890367,23.6206,23.3789,23.8715,-0.4926,0.0,0.062,staircase1,no_load
10.90082,23.6206,23.3789,23.8722,-0.4933,0.0,0.061,staircase1,no_load
10.911528,23.6206,23.3789,23.8728,-0.4939,0.0,0.061,staircase1,no_load
10.92258,23.6206,23.3789,23.8734,-0.4945,0.0,0.061,staircase1,no_load
10.932891,23.6206,23.3789,23.8740,-0.4951,0.0,0.060,staircase1,no_load
10.943395,23.6206,23.3789,23.8746,-0.4957,0.0,0.060,staircase1,no_load
10.954463,23.6206,23.3789,23.8752,-0.4963,0.0,0.059,staircase1,no_load
10.964991,23.6206,23.3789,23.8757,-0.4968,0.0,0.059,staircase1,no_load
10.975265,23.6206,23.3789,23.8766,-0.4977,0.0,0.058,staircase1,no_load
10.985798,23.6206,23.3789,23.8772,-0.4983,0.0,0.058,staircase1,no_load
10.996458,23.6206,23.3789,23.8778,-0.4989,0.0,0.057,staircase1,no_load
11.007148,23.6206,23.3789,23.8783,-0.4994,0.0,0.057,staircase1,no_load
11.017795,23.6206,23.3789,23.8789,-0.5000,0.0,0.057,staircase1,no_load
11.028533,23.6206,23.3789,23.8795,-0.5006,0.0,0.056,staircase1,no_load
11.039331,23.6206,23.3789,23.8800,-0.5011,0.0,0.056,staircase1,no_load
11.049736,23.6206,23.3789,23.8806,-0.5017,0.0,0.055,staircase1,no_load
11.060006,23.6206,23.3789,23.8814,-0.5025,0.0,0.055,staircase1,no_load
11.070656,23.6206,23.3789,23.8820,-0.5031,0.0,0.054,staircase1,no_load
11.081004,23.6206,23.3789,23.8825,-0.5036,0.0,0.054,staircase1,no_load
11.091428,23.6206,23.3789,23.8830,-0.5041,0.0,0.054,staircase1,no_load
11.101801,23.6206,23.3789,23.8836,-0.5047,0.0,0.053,staircase1,no_load
11.112443,23.6206,23.3789,23.8841,-0.5052,0.0,0.053,staircase1,no_load
11.122945,23.6206,23.3789,23.8846,-0.5057,0.0,0.053,staircase1,no_load
11.133493,23.6206,23.3789,23.8851,-0.5062,0.0,0.052,staircase1,no_load
11.143987,23.6206,23.3789,23.8857,-0.5068,0.0,0.052,staircase1,no_load
11.15434,23.6206,23.3789,23.8862,-0.5073,0.0,0.052,staircase1,no_load
11.164862,23.6206,23.3789,23.8867,-0.5078,0.0,0.051,staircase1,no_load
11.175845,23.6206,23.3789,23.8875,-0.5086,0.0,0.051,staircase1,no_load
11.18663,23.6206,23.3789,23.8880,-0.5091,0.0,0.050,staircase1,no_load
11.197298,23.6206,23.3789,23.8885,-0.5096,0.0,0.050,staircase1,no_load
11.207649,23.6206,23.3789,23.8890,-0.5101,0.0,0.050,staircase1,no_load
11.218541,23.6206,23.3789,23.8894,-0.5105,0.0,0.049,staircase1,no_load
11.228808,23.6206,23.3789,23.8899,-0.5110,0.0,0.049,staircase1,no_load
11.23924,23.6206,23.3789,23.8904,-0.5115,0.0,0.049,staircase1,no_load
11.251283,35.4309,23.3789,23.8911,-0.5122,0.0,0.048,staircase1,no_load
11.261442,35.4309,23.3789,23.8916,-0.5127,0.0,0.048,staircase1,no_load
11.272536,35.4309,23.3789,23.8921,-0.5132,0.0,0.047,staircase1,no_load
11.283169,35.4309,23.3789,23.8926,-0.5137,0.0,0.047,staircase1,no_load
11.29375,35.4309,23.5547,23.8930,-0.3383,16.615,0.047,staircase1,no_load
11.304463,35.4309,23.8184,23.8935,-0.0751,24.615,0.046,staircase1,no_load
11.315174,35.4309,24.3457,23.8942,0.4515,49.23,0.046,staircase1,no_load
11.325858,35.4309,24.9609,24.2849,0.6760,57.581,39.069,staircase1,no_load
11.336363,35.4309,25.8398,25.0861,0.7537,83.665,80.125,staircase1,no_load
11.346955,35.4309,26.8945,26.0835,0.8110,99.575,99.736,staircase1,no_load
11.357176,35.4309,27.9492,27.1537,0.7955,103.19,107.021,staircase1,no_load
11.367938,35.4309,29.0039,28.2174,0.7865,98.002,106.366,staircase1,no_load
11.378092,35.4309,29.9707,29.2259,0.7448,95.214,100.854,staircase1,no_load
11.388397,35.4309,30.9375,30.1521,0.7854,93.819,92.620,staircase1,no_load
11.398697,35.4309,31.6406,30.9831,0.6575,68.262,83.105,staircase1,no_load
11.409043,35.4309,32.2559,31.7157,0.5402,59.472,73.257,staircase1,no_load
11.419504,35.4309,32.7832,32.3525,0.4307,50.406,63.678,staircase1,no_load
11.429961,35.4309,33.1348,32.8997,0.2351,33.623,54.723,staircase1,no_load
11.440176,35.4309,33.4863,33.5707,-0.0844,34.41,44.732,staircase1,no_load
11.45043,35.4309,33.7500,33.9312,-0.1812,25.717,36.047,staircase1,no_load
11.460921,35.4309,33.9258,34.2325,-0.3067,16.757,30.131,staircase1,no_load
11.471207,35.4309,34.1895,34.4829,-0.2934,25.637,25.043,staircase1,no_load
11.481731,35.4309,34.3652,34.6900,-0.3248,16.695,20.708,staircase1,no_load
11.492162,35.4309,34.4531,34.8604,-0.4073,8.427,17.045,staircase1,no_load
11.502929,35.4309,34.6289,35.0001,-0.3712,16.328,13.971,staircase1,no_load
11.514072,35.4309,34.7168,35.1142,-0.3974,7.888,11.408,staircase1,no_load
11.524742,35.4309,34.8926,35.2071,-0.3145,16.476,9.283,staircase1,no_load
11.534984,35.4309,34.8926,35.2823,-0.3897,0.0,7.529,staircase1,no_load
11.545432,35.4309,34.9805,35.3691,-0.3886,8.413,5.783,staircase1,no_load
11.556104,35.4309,34.9805,35.4131,-0.4326,0.0,4.403,staircase1,no_load
11.566733,35.4309,35.0684,35.4485,-0.3801,8.27,3.535,staircase1,no_load
11.577196,35.4309,35.1563,35.4768,-0.3205,8.401,2.832,staircase1,no_load
11.588577,35.4309,35.2441,35.4994,-0.2553,7.715,2.263,staircase1,no_load
11.598974,35.4309,35.2441,35.5175,-0.2734,0.0,1.804,staircase1,no_load
11.610098,35.4309,35.2441,35.5378,-0.2937,0.0,1.358,staircase1,no_load
11.620911,35.4309,35.3320,35.5480,-0.2160,8.129,1.013,staircase1,no_load
11.631414,35.4309,35.3320,35.5560,-0.2240,0.0,0.802,staircase1,no_load
11.64212,35.4309,35.3320,35.5623,-0.2303,0.0,0.633,staircase1,no_load
11.652793,35.4309,35.3320,35.5673,-0.2353,0.0,0.499,staircase1,no_load
11.663215,35.4309,35.3320,35.5712,-0.2392,0.0,0.392,staircase1,no_load
11.6738,35.4309,35.3320,35.5743,-0.2423,0.0,0.307,staircase1,no_load
11.684465,35.4309,35.3320,35.5767,-0.2447,0.0,0.241,staircase1,no_load
11.694942,35.4309,35.3320,35.5786,-0.2466,0.0,0.188,staircase1,no_load
11.705511,35.4309,35.3320,35.5807,-0.2487,0.0,0.140,staircase1,no_load
11.715897,35.4309,35.3320,35.5818,-0.2498,0.0,0.116,staircase1,no_load
11.726272,35.4309,35.3320,35.5829,-0.2509,0.0,0.109,staircase1,no_load
11.737238,35.4309,35.3320,35.5840,-0.2520,0.0,0.106,staircase1,no_load
11.748011,35.4309,35.3320,35.5850,-0.2530,0.0,0.105,staircase1,no_load
11.758868,35.4309,35.3320,35.5861,-0.2541,0.0,0.104,staircase1,no_load
11.769429,35.4309,35.3320,35.5871,-0.2551,0.0,0.103,staircase1,no_load
11.779822,35.4309,35.3320,35.5881,-0.2561,0.0,0.102,staircase1,no_load
11.789934,35.4309,35.3320,35.5891,-0.2571,0.0,0.101,staircase1,no_load
11.800408,35.4309,35.3320,35.5906,-0.2586,0.0,0.101,staircase1,no_load
11.810828,35.4309,35.3320,35.5916,-0.2596,0.0,0.100,staircase1,no_load
11.821309,35.4309,35.3320,35.5926,-0.2606,0.0,0.099,staircase1,no_load
11.831604,35.4309,35.3320,35.5936,-0.2616,0.0,0.098,staircase1,no_load
11.842699,35.4309,35.3320,35.5946,-0.2626,0.0,0.098,staircase1,no_load
11.853164,35.4309,35.3320,35.5955,-0.2635,0.0,0.097,staircase1,no_load
11.863427,35.4309,35.3320,35.5965,-0.2645,0.0,0.096,staircase1,no_load
11.873846,35.4309,35.3320,35.5975,-0.2655,0.0,0.096,staircase1,no_load
11.884725,35.4309,35.3320,35.5984,-0.2664,0.0,0.095,staircase1,no_load
11.894949,35.4309,35.3320,35.5994,-0.2674,0.0,0.094,staircase1,no_load
11.905429,35.4309,35.3320,35.6008,-0.2688,0.0,0.093,staircase1,no_load
11.915698,35.4309,35.3320,35.6017,-0.2697,0.0,0.093,staircase1,no_load
11.925976,35.4309,35.3320,35.6026,-0.2706,0.0,0.092,staircase1,no_load
11.936157,35.4309,35.3320,35.6035,-0.2715,0.0,0.091,staircase1,no_load
11.946646,35.4309,35.3320,35.6044,-0.2724,0.0,0.091,staircase1,no_load
11.956911,35.4309,35.3320,35.6053,-0.2733,0.0,0.090,staircase1,no_load
11.967308,35.4309,35.3320,35.6062,-0.2742,0.0,0.089,staircase1,no_load
11.977571,35.4309,35.3320,35.6071,-0.2751,0.0,0.089,staircase1,no_load
11.987714,35.4309,35.3320,35.6080,-0.2760,0.0,0.088,staircase1,no_load
11.998052,35.4309,35.3320,35.6089,-0.2769,0.0,0.088,staircase1,no_load
12.00828,35.4309,35.3320,35.6097,-0.2777,0.0,0.087,staircase1,no_load
12.019105,35.4309,35.3320,35.6106,-0.2786,0.0,0.086,staircase1,no_load
12.029821,35.4309,35.3320,35.6115,-0.2795,0.0,0.086,staircase1,no_load
12.040051,35.4309,35.3320,35.6127,-0.2807,0.0,0.085,staircase1,no_load
12.050196,35.4309,35.3320,35.6136,-0.2816,0.0,0.084,staircase1,no_load
12.060679,35.4309,35.3320,35.6144,-0.2824,0.0,0.084,staircase1,no_load
12.070978,35.4309,35.3320,35.6153,-0.2833,0.0,0.083,staircase1,no_load
12.081285,35.4309,35.3320,35.6161,-0.2841,0.0,0.083,staircase1,no_load
12.09209,35.4309,35.3320,35.6169,-0.2849,0.0,0.082,staircase1,no_load
12.102396,35.4309,35.3320,35.6177,-0.2857,0.0,0.081,staircase1,no_load
12.112919,35.4309,35.3320,35.6185,-0.2865,0.0,0.081,staircase1,no_load
12.123434,35.4309,35.3320,35.6193,-0.2873,0.0,0.080,staircase1,no_load
12.133799,35.4309,35.3320,35.6201,-0.2881,0.0,0.080,staircase1,no_load
12.144067,35.4309,35.3320,35.6209,-0.2889,0.0,0.079,staircase1,no_load
12.154559,35.4309,35.3320,35.6217,-0.2897,0.0,0.079,staircase1,no_load
12.164913,35.4309,35.3320,35.6225,-0.2905,0.0,0.078,staircase1,no_load
12.176007,35.4309,35.3320,35.6236,-0.2916,0.0,0.077,staircase1,no_load
12.186498,35.4309,35.3320,35.6244,-0.2924,0.0,0.077,staircase1,no_load
12.19691,35.4309,35.3320,35.6252,-0.2932,0.0,0.076,staircase1,no_load
12.207599,35.4309,35.3320,35.6259,-0.2939,0.0,0.076,staircase1,no_load
12.21836,35.4309,35.3320,35.6267,-0.2947,0.0,0.075,staircase1,no_load
12.228582,35.4309,35.3320,35.6274,-0.2954,0.0,0.075,staircase1,no_load
12.239626,35.4309,35.3320,35.6282,-0.2962,0.0,0.074,staircase1,no_load
12.250125,35.4309,35.3320,35.6293,-0.2973,0.0,0.073,staircase1,no_load
12.260662,35.4309,35.3320,35.6300,-0.2980,0.0,0.073,staircase1,no_load
12.271096,35.4309,35.3320,35.6307,-0.2987,0.0,0.072,staircase1,no_load
12.281379,35.4309,35.3320,35.6314,-0.2994,0.0,0.072,staircase1,no_load
12.291613,35.4309,35.3320,35.6321,-0.3001,0.0,0.071,staircase1,no_load
12.301718,35.4309,35.3320,35.6328,-0.3008,0.0,0.071,staircase1,no_load
12.311888,35.4309,35.3320,35.6336,-0.3016,0.0,0.070,staircase1,no_load
12.322144,35.4309,35.3320,35.6342,-0.3022,0.0,0.070,staircase1,no_load
12.333062,35.4309,35.3320,35.6349,-0.3029,0.0,0.069,staircase1,no_load
12.34349,35.4309,35.3320,35.6356,-0.3036,0.0,0.069,staircase1,no_load
12.353923,35.4309,35.3320,35.6363,-0.3043,0.0,0.068,staircase1,no_load
12.36441,35.4309,35.3320,35.6370,-0.3050,0.0,0.068,staircase1,no_load
12.374578,35.4309,35.3320,35.6377,-0.3057,0.0,0.067,staircase1,no_load
12.385092,35.4309,35.3320,35.6387,-0.3067,0.0,0.067,staircase1,no_load
12.395459,35.4309,35.3320,35.6393,-0.3073,0.0,0.066,staircase1,no_load
12.40613,35.4309,35.3320,35.6400,-0.3080,0.0,0.066,staircase1,no_load
12.416582,35.4309,35.3320,35.6406,-0.3086,0.0,0.065,staircase1,no_load
12.427372,35.4309,35.3320,35.6413,-0.3093,0.0,0.065,staircase1,no_load
12.438134,35.4309,35.3320,35.6419,-0.3099,0.0,0.064,staircase1,no_load
12.448708,35.4309,35.3320,35.6426,-0.3106,0.0,0.064,staircase1,no_load
12.459639,35.4309,35.3320,35.6432,-0.3112,0.0,0.063,staircase1,no_load
12.469976,35.4309,35.3320,35.6438,-0.3118,0.0,0.063,staircase1,no_load
12.480626,35.4309,35.3320,35.6448,-0.3128,0.0,0.062,staircase1,no_load
12.49165,35.4309,35.3320,35.6454,-0.3134,0.0,0.062,staircase1,no_load
12.50272,35.4309,35.3320,35.6460,-0.3140,0.0,0.062,staircase1,no_load
12.513576,35.4309,35.3320,35.6466,-0.3146,0.0,0.061,staircase1,no_load
12.524301,35.4309,35.3320,35.6472,-0.3152,0.0,0.061,staircase1,no_load
12.534595,35.4309,35.3320,35.6478,-0.3158,0.0,0.060,staircase1,no_load
12.545786,35.4309,35.3320,35.6487,-0.3167,0.0,0.060,staircase1,no_load
12.556457,35.4309,35.3320,35.6493,-0.3173,0.0,0.059,staircase1,no_load
12.567002,35.4309,35.3320,35.6499,-0.3179,0.0,0.059,staircase1,no_load
12.578043,35.4309,35.3320,35.6505,-0.3185,0.0,0.058,staircase1,no_load
12.58816,35.4309,35.3320,35.6511,-0.3191,0.0,0.058,staircase1,no_load
12.598726,35.4309,35.3320,35.6516,-0.3196,0.0,0.058,staircase1,no_load
12.609243,35.4309,35.3320,35.6522,-0.3202,0.0,0.057,staircase1,no_load
12.619834,35.4309,35.3320,35.6528,-0.3208,0.0,0.057,staircase1,no_load
12.630428,35.4309,35.3320,35.6536,-0.3216,0.0,0.056,staircase1,no_load
12.641424,35.4309,35.3320,35.6542,-0.3222,0.0,0.056,staircase1,no_load
12.651997,35.4309,35.3320,35.6547,-0.3227,0.0,0.055,staircase1,no_load
12.662265,35.4309,35.3320,35.6553,-0.3233,0.0,0.055,staircase1,no_load
12.672877,35.4309,35.3320,35.6558,-0.3238,0.0,0.055,staircase1,no_load
12.683094,35.4309,35.3320,35.6564,-0.3244,0.0,0.054,staircase1,no_load
12.693872,35.4309,35.3320,35.6569,-0.3249,0.0,0.054,staircase1,no_load
12.704998,35.4309,35.3320,35.6574,-0.3254,0.0,0.053,staircase1,no_load
12.715456,35.4309,35.3320,35.6582,-0.3262,0.0,0.053,staircase1,no_load
12.726456,35.4309,35.3320,35.6588,-0.3268,0.0,0.053,staircase1,no_load
12.737387,35.4309,35.3320,35.6593,-0.3273,0.0,0.052,staircase1,no_load
12.747761,35.4309,35.3320,35.6598,-0.3278,0.0,0.052,staircase1,no_load
12.758176,35.4309,35.3320,35.6603,-0.3283,0.0,0.051,staircase1,no_load
12.76864,35.4309,35.3320,35.6608,-0.3288,0.0,0.051,staircase1,no_load
12.778962,35.4309,35.3320,35.6613,-0.3293,0.0,0.051,staircase1,no_load
12.789427,35.4309,35.3320,35.6618,-0.3298,0.0,0.050,staircase1,no_load
12.799671,35.4309,35.3320,35.6623,-0.3303,0.0,0.050,staircase1,no_load
12.810375,35.4309,35.3320,35.6631,-0.3311,0.0,0.050,staircase1,no_load
12.82075,35.4309,35.3320,35.6636,-0.3316,0.0,0.049,staircase1,no_load
12.831518,35.4309,35.3320,35.6641,-0.3321,0.0,0.049,staircase1,no_load
12.842126,35.4309,35.3320,35.6645,-0.3325,0.0,0.048,staircase1,no_load
12.853507,47.2412,35.3320,35.6650,-0.3330,0.0,0.048,staircase1,no_load
12.864449,47.2412,35.3320,35.6655,-0.3335,0.0,0.048,staircase1,no_load
12.874663,47.2412,35.3320,35.6660,-0.3340,0.0,0.047,staircase1,no_load
12.884879,47.2412,35.4199,35.6665,-0.2466,8.604,0.047,staircase1,no_load
12.895565,47.2412,35.5078,35.6672,-0.1594,8.226,0.047,staircase1,no_load
12.905838,47.2412,35.7715,35.6676,0.1039,25.669,0.046,staircase1,no_load
12.915962,47.2412,36.1230,35.6681,0.4549,34.719,0.046,staircase1,no_load
12.926262,47.2412,36.7383,36.0570,0.6813,59.738,38.891,staircase1,no_load
12.937095,47.2412,37.6172,36.8554,0.7618,81.132,79.844,staircase1,no_load
12.947756,47.2412,38.5840,37.8513,0.7327,90.686,99.584,staircase1,no_load
12.958349,47.2412,39.6387,38.9207,0.7180,99.566,106.948,staircase1,no_load
12.969072,47.2412,40.6934,39.9841,0.7093,98.359,106.338,staircase1,no_load
12.979745,47.2412,41.7480,40.9926,0.7554,98.81,100.850,staircase1,no_load
12.99026,47.2412,42.6270,42.3467,0.2803,83.595,90.271,staircase1,no_load
13.0008,47.2412,43.4180,43.1285,0.2895,75.047,78.180,staircase1,no_load
13.011315,47.2412,44.1211,43.8125,0.3086,66.866,68.402,staircase1,no_load
13.02164,47.2412,44.6484,44.4035,0.2449,51.07,59.095,staircase1,no_load
13.032537,47.2412,45.0000,44.9087,0.0913,32.266,50.525,staircase1,no_load
13.042875,47.2412,45.3516,45.3369,0.0147,34.01,42.820,staircase1,no_load
13.05345,47.2412,45.6152,45.6971,-0.0819,24.927,36.018,staircase1,no_load
13.064159,47.2412,45.7910,45.9981,-0.2071,16.416,30.100,staircase1,no_load
13.074423,47.2412,46.0547,46.2482,-0.1935,25.692,25.010,staircase1,no_load
13.084859,47.2412,46.1426,46.4549,-0.3123,8.423,20.674,staircase1,no_load
13.095042,47.2412,46.3184,46.6982,-0.3798,17.264,16.221,staircase1,no_load
13.105728,47.2412,46.4941,46.8242,-0.3301,16.442,12.599,staircase1,no_load
13.116161,47.2412,46.5820,46.9269,-0.3449,8.425,10.265,staircase1,no_load
13.126675,47.2412,46.6699,47.0102,-0.3403,8.36,8.335,staircase1,no_load
13.137073,47.2412,46.7578,47.0777,-0.3199,8.454,6.747,staircase1,no_load
13.147748,47.2412,46.8457,47.1322,-0.2865,8.234,5.445,staircase1,no_load
13.158412,47.2412,46.9336,47.1760,-0.2424,8.243,4.381,staircase1,no_load
13.168933,47.2412,46.9336,47.2111,-0.2775,0.0,3.516,staircase1,no_load
13.179143,47.2412,46.9336,47.2393,-0.3057,0.0,2.815,staircase1,no_load
13.189736,47.2412,46.9336,47.2617,-0.3281,0.0,2.248,staircase1,no_load
13.199994,47.2412,46.9336,47.2797,-0.3461,0.0,1.790,staircase1,no_load
13.210258,47.2412,46.9336,47.2999,-0.3663,0.0,1.347,staircase1,no_load
13.220635,47.2412,46.9336,47.3099,-0.3763,0.0,1.004,staircase1,no_load
13.230822,47.2412,46.9336,47.3178,-0.3842,0.0,0.794,staircase1,no_load
13.241358,47.2412,46.9336,47.3241,-0.3905,0.0,0.626,staircase1,no_load
13.25261,47.2412,46.9336,47.3290,-0.3954,0.0,0.493,staircase1,no_load
13.263053,47.2412,46.9336,47.3329,-0.3993,0.0,0.387,staircase1,no_load
13.274222,47.2412,46.9336,47.3359,-0.4023,0.0,0.303,staircase1,no_load
13.284565,47.2412,46.9336,47.3383,-0.4047,0.0,0.237,staircase1,no_load
13.295052,47.2412,46.9336,47.3409,-0.4073,0.0,0.174,staircase1,no_load
13.305751,47.2412,46.9336,47.3422,-0.4086,0.0,0.129,staircase1,no_load
13.31639,47.2412,46.9336,47.3433,-0.4097,0.0,0.115,staircase1,no_load
13.327042,47.2412,46.9336,47.3444,-0.4108,0.0,0.109,staircase1,no_load
13.337498,47.2412,46.9336,47.3455,-0.4119,0.0,0.106,staircase1,no_load
13.348197,47.2412,46.9336,47.3465,-0.4129,0.0,0.105,staircase1,no_load
13.358533,47.2412,46.9336,47.3476,-0.4140,0.0,0.104,staircase1,no_load
13.36922,47.2412,46.9336,47.3486,-0.4150,0.0,0.103,staircase1,no_load
13.379491,47.2412,46.9336,47.3496,-0.4160,0.0,0.102,staircase1,no_load
13.389698,47.2412,46.9336,47.3506,-0.4170,0.0,0.101,staircase1,no_load
13.400113,47.2412,46.9336,47.3522,-0.4186,0.0,0.101,staircase1,no_load
13.410733,47.2412,46.9336,47.3531,-0.4195,0.0,0.100,staircase1,no_load
13.421553,47.2412,46.9336,47.3541,-0.4205,0.0,0.099,staircase1,no_load
13.432332,47.2412,46.9336,47.3551,-0.4215,0.0,0.098,staircase1,no_load
13.442822,47.2412,46.9336,47.3561,-0.4225,0.0,0.098,staircase1,no_load
13.453409,47.2412,46.9336,47.3571,-0.4235,0.0,0.097,staircase1,no_load
13.464055,47.2412,46.9336,47.3580,-0.4244,0.0,0.096,staircase1,no_load
13.474294,47.2412,46.9336,47.3590,-0.4254,0.0,0.096,staircase1,no_load
13.485105,47.2412,46.9336,47.3604,-0.4268,0.0,0.095,staircase1,no_load
13.495371,47.2412,46.9336,47.3613,-0.4277,0.0,0.094,staircase1,no_load
13.505964,47.2412,46.9336,47.3623,-0.4287,0.0,0.093,staircase1,no_load
13.516656,47.2412,46.9336,47.3632,-0.4296,0.0,0.093,staircase1,no_load
13.527346,47.2412,46.9336,47.3641,-0.4305,0.0,0.092,staircase1,no_load
13.537558,47.2412,46.9336,47.3650,-0.4314,0.0,0.091,staircase1,no_load
13.548229,47.2412,46.9336,47.3659,-0.4323,0.0,0.091,staircase1,no_load
13.558695,47.2412,46.9336,47.3668,-0.4332,0.0,0.090,staircase1,no_load
13.569178,47.2412,46.9336,47.3677,-0.4341,0.0,0.089,staircase1,no_load
13.57938,47.2412,46.9336,47.3686,-0.4350,0.0,0.089,staircase1,no_load
13.589557,47.2412,46.9336,47.3695,-0.4359,0.0,0.088,staircase1,no_load
13.600048,47.2412,46.9336,47.3708,-0.4372,0.0,0.087,staircase1,no_load
13.610547,47.2412,46.9336,47.3717,-0.4381,0.0,0.087,staircase1,no_load
13.621051,47.2412,46.9336,47.3725,-0.4389,0.0,0.086,staircase1,no_load
13.63187,47.2412,46.9336,47.3734,-0.4398,0.0,0.085,staircase1,no_load
13.642142,47.2412,46.9336,47.3742,-0.4406,0.0,0.085,staircase1,no_load
13.652597,47.2412,46.9336,47.3751,-0.4415,0.0,0.084,staircase1,no_load
13.663152,47.2412,46.9336,47.3759,-0.4423,0.0,0.084,staircase1,no_load
13.673815,47.2412,46.9336,47.3768,-0.4432,0.0,0.083,staircase1,no_load
13.684382,47.2412,46.9336,47.3776,-0.4440,0.0,0.082,staircase1,no_load
13.694577,47.2412,46.9336,47.3784,-0.4448,0.0,0.082,staircase1,no_load
13.704863,47.2412,46.9336,47.3792,-0.4456,0.0,0.081,staircase1,no_load
13.715055,47.2412,46.9336,47.3804,-0.4468,0.0,0.081,staircase1,no_load
13.725882,47.2412,46.9336,47.3812,-0.4476,0.0,0.080,staircase1,no_load
13.736358,47.2412,46.9336,47.3820,-0.4484,0.0,0.079,staircase1,no_load
13.746911,47.2412,46.9336,47.3828,-0.4492,0.0,0.079,staircase1,no_load
13.757659,47.2412,46.9336,47.3836,-0.4500,0.0,0.078,staircase1,no_load
13.767979,47.2412,46.9336,47.3844,-0.4508,0.0,0.078,staircase1,no_load
13.778626,47.2412,46.9336,47.3851,-0.4515,0.0,0.077,staircase1,no_load
13.789316,47.2412,46.9336,47.3859,-0.4523,0.0,0.077,staircase1,no_load
13.800239,47.2412,46.9336,47.3870,-0.4534,0.0,0.076,staircase1,no_load
13.810575,47.2412,46.9336,47.3878,-0.4542,0.0,0.075,staircase1,no_load
13.820803,47.2412,46.9336,47.3885,-0.4549,0.0,0.075,staircase1,no_load
13.831101,47.2412,46.9336,47.3893,-0.4557,0.0,0.074,staircase1,no_load
13.84193,47.2412,46.9336,47.3900,-0.4564,0.0,0.074,staircase1,no_load
13.852324,47.2412,46.9336,47.3907,-0.4571,0.0,0.073,staircase1,no_load
13.863123,47.2412,46.9336,47.3915,-0.4579,0.0,0.073,staircase1,no_load
13.873402,47.2412,46.9336,47.3922,-0.4586,0.0,0.072,staircase1,no_load
13.883664,47.2412,46.9336,47.3929,-0.4593,0.0,0.072,staircase1,no_load
13.894135,47.2412,46.9336,47.3936,-0.4600,0.0,0.071,staircase1,no_load
13.904906,47.2412,46.9336,47.3943,-0.4607,0.0,0.071,staircase1,no_load
13.915503,47.2412,46.9336,47.3954,-0.4618,0.0,0.070,staircase1,no_load
13.925712,47.2412,46.9336,47.3961,-0.4625,0.0,0.069,staircase1,no_load
13.935876,47.2412,46.9336,47.3968,-0.4632,0.0,0.069,staircase1,no_load
13.946365,47.2412,46.9336,47.3975,-0.4639,0.0,0.068,staircase1,no_load
13.956662,47.2412,46.9336,47.3981,-0.4645,0.0,0.068,staircase1,no_load
13.966922,47.2412,46.9336,47.3988,-0.4652,0.0,0.068,staircase1,no_load
13.977584,47.2412,46.9336,47.3995,-0.4659,0.0,0.067,staircase1,no_load
13.987979,47.2412,46.9336,47.4001,-0.4665,0.0,0.067,staircase1,no_load
13.998344,47.2412,46.9336,47.4008,-0.4672,0.0,0.066,staircase1,no_load
14.008957,47.2412,46.9336,47.4015,-0.4679,0.0,0.066,staircase1,no_load
14.020142,47.2412,46.9336,47.4024,-0.4688,0.0,0.065,staircase1,no_load
14.030274,47.2412,46.9336,47.4031,-0.4695,0.0,0.065,staircase1,no_load
14.040904,47.2412,46.9336,47.4037,-0.4701,0.0,0.064,staircase1,no_load
14.051069,47.2412,46.9336,47.4044,-0.4708,0.0,0.064,staircase1,no_load
14.06182,47.2412,46.9336,47.4050,-0.4714,0.0,0.063,staircase1,no_load
14.072539,47.2412,46.9336,47.4056,-0.4720,0.0,0.063,staircase1,no_load
14.083022,47.2412,46.9336,47.4062,-0.4726,0.0,0.062,staircase1,no_load
14.093256,47.2412,46.9336,47.4069,-0.4733,0.0,0.062,staircase1,no_load
14.103818,47.2412,46.9336,47.4075,-0.4739,0.0,0.061,staircase1,no_load
14.115335,47.2412,46.9336,47.4084,-0.4748,0.0,0.061,staircase1,no_load
14.126123,47.2412,46.9336,47.4090,-0.4754,0.0,0.060,staircase1,no_load
14.136254,47.2412,46.9336,47.4096,-0.4760,0.0,0.060,staircase1,no_load
14.146795,47.2412,46.9336,47.4102,-0.4766,0.0,0.060,staircase1,no_load
14.157583,47.2412,46.9336,47.4108,-0.4772,0.0,0.059,staircase1,no_load
14.167824,47.2412,46.9336,47.4114,-0.4778,0.0,0.059,staircase1,no_load
14.178475,47.2412,46.9336,47.4119,-0.4783,0.0,0.058,staircase1,no_load
14.188819,47.2412,46.9336,47.4125,-0.4789,0.0,0.058,staircase1,no_load
14.199399,47.2412,46.9336,47.4131,-0.4795,0.0,0.057,staircase1,no_load
14.210013,47.2412,46.9336,47.4140,-0.4804,0.0,0.057,staircase1,no_load
14.220407,47.2412,46.9336,47.4145,-0.4809,0.0,0.056,staircase1,no_load
14.230614,47.2412,46.9336,47.4151,-0.4815,0.0,0.056,staircase1,no_load
14.241281,47.2412,46.9336,47.4156,-0.4820,0.0,0.056,staircase1,no_load
14.251734,47.2412,46.9336,47.4162,-0.4826,0.0,0.055,staircase1,no_load
14.262045,47.2412,46.9336,47.4167,-0.4831,0.0,0.055,staircase1,no_load
14.272722,47.2412,46.9336,47.4173,-0.4837,0.0,0.055,staircase1,no_load
14.283562,47.2412,46.9336,47.4178,-0.4842,0.0,0.054,staircase1,no_load
14.293873,47.2412,46.9336,47.4184,-0.4848,0.0,0.054,staircase1,no_load
14.304139,47.2412,46.9336,47.4189,-0.4853,0.0,0.053,staircase1,no_load
14.314399,47.2412,46.9336,47.4194,-0.4858,0.0,0.053,staircase1,no_load
14.324657,47.2412,46.9336,47.4200,-0.4864,0.0,0.053,staircase1,no_load
14.335022,47.2412,46.9336,47.4207,-0.4871,0.0,0.052,staircase1,no_load
14.34522,47.2412,46.9336,47.4213,-0.4877,0.0,0.052,staircase1,no_load
14.356006,47.2412,46.9336,47.4218,-0.4882,0.0,0.051,staircase1,no_load
14.366559,47.2412,46.9336,47.4223,-0.4887,0.0,0.051,staircase1,no_load
14.376964,47.2412,46.9336,47.4228,-0.4892,0.0,0.051,staircase1,no_load
14.387363,47.2412,46.9336,47.4233,-0.4897,0.0,0.050,staircase1,no_load
14.397735,47.2412,46.9336,47.4238,-0.4902,0.0,0.050,staircase1,no_load
14.407985,47.2412,46.9336,47.4243,-0.4907,0.0,0.050,staircase1,no_load
14.418558,47.2412,46.9336,47.4248,-0.4912,0.0,0.049,staircase1,no_load
14.428886,47.2412,46.9336,47.4253,-0.4917,0.0,0.049,staircase1,no_load
14.439343,47.2412,46.9336,47.4258,-0.4922,0.0,0.049,staircase1,no_load
14.449936,47.2412,46.9336,47.4262,-0.4926,0.0,0.048,staircase1,no_load
14.461527,35.4309,46.9336,47.4269,-0.4933,0.0,0.048,staircase1,no_load
14.472719,35.4309,46.9336,47.4274,-0.4938,0.0,0.047,staircase1,no_load
14.483533,35.4309,46.9336,47.4279,-0.4943,0.0,0.047,staircase1,no_load
14.493907,35.4309,46.9336,47.4284,-0.4948,0.0,0.047,staircase1,no_load
14.504199,35.4309,46.8457,47.4288,-0.5831,-8.541,0.046,staircase1,no_load
14.514516,35.4309,46.7578,47.4293,-0.6715,-8.52,0.046,staircase1,no_load
14.52489,35.4309,46.4062,47.4297,-1.0235,-33.892,0.046,staircase1,no_load
14.53522,35.4309,45.9668,47.0672,-1.1004,-42.536,-24.171,staircase1,no_load
14.546237,35.4309,45.1758,46.3127,-1.1369,-71.798,-75.447,staircase1,no_load
14.556608,35.4309,44.3848,45.3468,-0.9620,-76.27,-96.588,staircase1,no_load
14.566913,35.4309,43.3301,44.2973,-0.9672,-102.348,-104.954,staircase1,no_load
14.577516,35.4309,42.3633,43.2467,-0.8834,-91.182,-105.054,staircase1,no_load
14.587882,35.4309,41.3965,42.2461,-0.8496,-93.266,-100.062,staircase1,no_load
14.598393,35.4309,40.5176,41.3243,-0.8067,-83.617,-92.177,staircase1,no_load
14.608608,35.4309,39.9023,40.4954,-0.5931,-60.235,-82.891,staircase1,no_load
14.61942,35.4309,39.1992,39.7635,-0.5643,-65.03,-73.191,staircase1,no_load
14.630132,35.4309,38.7598,38.8418,-0.0820,-41.019,-61.446,staircase1,no_load
14.640629,35.4309,38.4082,38.3355,0.0727,-33.495,-50.638,staircase1,no_load
14.650887,35.4309,38.1445,37.9059,0.2386,-25.707,-42.957,staircase1,no_load
14.661271,35.4309,37.8809,37.5442,0.3367,-25.385,-36.165,staircase1,no_load
14.671733,35.4309,37.6172,37.2418,0.3754,-25.206,-30.246,staircase1,no_load
14.682004,35.4309,37.4414,36.9903,0.4511,-17.116,-25.150,staircase1,no_load
14.692382,35.4309,37.2656,36.7822,0.4834,-16.94,-20.805,staircase1,no_load
14.702801,35.4309,37.1777,36.6109,0.5668,-8.437,-17.130,staircase1,no_load
14.713044,35.4309,37.0898,36.4705,0.6193,-8.581,-14.046,staircase1,no_load
14.723295,35.4309,36.9141,36.3557,0.5584,-17.14,-11.473,staircase1,no_load
14.733551,35.4309,36.8262,36.2624,0.5638,-8.571,-9.338,staircase1,no_load
14.744189,35.4309,36.7383,36.1866,0.5517,-8.263,-7.575,staircase1,no_load
14.754702,35.4309,36.7383,36.1253,0.6130,0.0,-6.126,staircase1,no_load
14.76494,35.4309,36.7383,36.0759,0.6624,0.0,-4.940,staircase1,no_load
14.775415,35.4309,36.6504,36.0194,0.6310,-8.391,-3.770,staircase1,no_load
14.785878,35.4309,36.5625,35.9909,0.5716,-8.401,-2.852,staircase1,no_load
14.796956,35.4309,36.5625,35.9681,0.5944,0.0,-2.279,staircase1,no_load
14.807472,35.4309,36.4746,35.9499,0.5247,-8.359,-1.817,staircase1,no_load
14.818233,35.4309,36.3867,35.9355,0.4512,-8.168,-1.445,staircase1,no_load
14.828521,35.4309,36.3867,35.9240,0.4627,0.0,-1.147,staircase1,no_load
14.839304,35.4309,36.2988,35.9149,0.3839,-8.152,-0.909,staircase1,no_load
14.849439,35.4309,36.2988,35.9077,0.3911,0.0,-0.718,staircase1,no_load
14.860049,35.4309,36.2988,35.8997,0.3991,0.0,-0.535,staircase1,no_load
14.870815,35.4309,36.2988,35.8957,0.4031,0.0,-0.395,staircase1,no_load
14.881576,35.4309,36.2988,35.8926,0.4062,0.0,-0.310,staircase1,no_load
14.891692,35.4309,36.2988,35.8902,0.4086,0.0,-0.243,staircase1,no_load
14.902563,35.4309,36.2988,35.8883,0.4105,0.0,-0.190,staircase1,no_load
14.913179,35.4309,36.2988,35.8868,0.4120,0.0,-0.148,staircase1,no_load
14.923703,35.4309,36.2988,35.8856,0.4132,0.0,-0.122,staircase1,no_load
14.934458,35.4309,36.2988,35.8845,0.4143,0.0,-0.112,staircase1,no_load
14.944674,35.4309,36.2988,35.8834,0.4154,0.0,-0.108,staircase1,no_load
14.955276,35.4309,36.2988,35.8818,0.4170,0.0,-0.105,staircase1,no_load
14.965499,35.4309,36.2988,35.8808,0.4180,0.0,-0.104,staircase1,no_load
14.975793,35.4309,36.2988,35.8798,0.4190,0.0,-0.103,staircase1,no_load
14.986221,35.4309,36.2988,35.8788,0.4200,0.0,-0.102,staircase1,no_load
14.996462,35.4309,36.2988,35.8777,0.4211,0.0,-0.101,staircase1,no_load
15.006856,35.4309,36.2988,35.8767,0.4221,0.0,-0.101,staircase1,no_load
15.017243,35.4309,36.2988,35.8757,0.4231,0.0,-0.100,staircase1,no_load
15.027651,35.4309,36.2988,35.8747,0.4241,0.0,-0.099,staircase1,no_load
15.038,35.4309,36.2988,35.8737,0.4251,0.0,-0.099,staircase1,no_load
15.048379,35.4309,36.2988,35.8728,0.4260,0.0,-0.098,staircase1,no_load
15.058608,35.4309,36.2988,35.8718,0.4270,0.0,-0.097,staircase1,no_load
15.068958,35.4309,36.2988,35.8708,0.4280,0.0,-0.097,staircase1,no_load
15.079057,35.4309,36.2988,35.8699,0.4289,0.0,-0.096,staircase1,no_load
15.089506,35.4309,36.2988,35.8689,0.4299,0.0,-0.095,staircase1,no_load
15.099892,35.4309,36.2988,35.8680,0.4308,0.0,-0.095,staircase1,no_load
15.110107,35.4309,36.2988,35.8666,0.4322,0.0,-0.094,staircase1,no_load
15.120607,35.4309,36.2988,35.8656,0.4332,0.0,-0.093,staircase1,no_load
15.130736,35.4309,36.2988,35.8647,0.4341,0.0,-0.092,staircase1,no_load
15.141056,35.4309,36.2988,35.8638,0.4350,0.0,-0.092,staircase1,no_load
15.151371,35.4309,36.2988,35.8629,0.4359,0.0,-0.091,staircase1,no_load
15.162442,35.4309,36.2988,35.8620,0.4368,0.0,-0.090,staircase1,no_load
15.173228,35.4309,36.2988,35.8611,0.4377,0.0,-0.090,staircase1,no_load
15.18407,35.4309,36.2988,35.8602,0.4386,0.0,-0.089,staircase1,no_load
15.194505,35.4309,36.2988,35.8593,0.4395,0.0,-0.089,staircase1,no_load
15.204627,35.4309,36.2988,35.8584,0.4404,0.0,-0.088,staircase1,no_load
15.214794,35.4309,36.2988,35.8575,0.4413,0.0,-0.087,staircase1,no_load
15.225397,35.4309,36.2988,35.8563,0.4425,0.0,-0.087,staircase1,no_load
15.236298,35.4309,36.2988,35.8554,0.4434,0.0,-0.086,staircase1,no_load
15.246477,35.4309,36.2988,35.8545,0.4443,0.0,-0.085,staircase1,no_load
15.257176,35.4309,36.2988,35.8537,0.4451,0.0,-0.085,staircase1,no_load
15.267531,35.4309,36.2988,35.8529,0.4459,0.0,-0.084,staircase1,no_load
15.278076,35.4309,36.2988,35.8520,0.4468,0.0,-0.083,staircase1,no_load
15.28851,35.4309,36.2988,35.8512,0.4476,0.0,-0.083,staircase1,no_load
15.299046,35.4309,36.2988,35.8504,0.4484,0.0,-0.082,staircase1,no_load
15.310095,35.4309,36.2988,35.8491,0.4497,0.0,-0.082,staircase1,no_load
15.320182,35.4309,36.2988,35.8483,0.4505,0.0,-0.081,staircase1,no_load
15.330508,35.4309,36.2988,35.8475,0.4513,0.0,-0.080,staircase1,no_load
15.340909,35.4309,36.2988,35.8467,0.4521,0.0,-0.080,staircase1,no_load
15.351236,35.4309,36.2988,35.8459,0.4529,0.0,-0.079,staircase1,no_load
15.361802,35.4309,36.2988,35.8452,0.4536,0.0,-0.079,staircase1,no_load
15.372073,35.4309,36.2988,35.8444,0.4544,0.0,-0.078,staircase1,no_load
15.38234,35.4309,36.2988,35.8436,0.4552,0.0,-0.078,staircase1,no_load
15.392453,35.4309,36.2988,35.8428,0.4560,0.0,-0.077,staircase1,no_load
15.403456,35.4309,36.2988,35.8421,0.4567,0.0,-0.076,staircase1,no_load
15.413991,35.4309,36.2988,35.8413,0.4575,0.0,-0.076,staircase1,no_load
15.424098,35.4309,36.2988,35.8406,0.4582,0.0,-0.075,staircase1,no_load
15.434925,35.4309,36.2988,35.8398,0.4590,0.0,-0.075,staircase1,no_load
15.445079,35.4309,36.2988,35.8387,0.4601,0.0,-0.074,staircase1,no_load
15.455466,35.4309,36.2988,35.8380,0.4608,0.0,-0.074,staircase1,no_load
15.466157,35.4309,36.2988,35.8372,0.4616,0.0,-0.073,staircase1,no_load
15.476228,35.4309,36.2988,35.8365,0.4623,0.0,-0.073,staircase1,no_load
15.486457,35.4309,36.2988,35.8358,0.4630,0.0,-0.072,staircase1,no_load
15.497008,35.4309,36.2988,35.8351,0.4637,0.0,-0.072,staircase1,no_load
15.507712,35.4309,36.2988,35.8344,0.4644,0.0,-0.071,staircase1,no_load
15.518344,35.4309,36.2988,35.8336,0.4652,0.0,-0.071,staircase1,no_load
15.52895,35.4309,36.2988,35.8329,0.4659,0.0,-0.070,staircase1,no_load
15.539638,35.4309,36.2988,35.8323,0.4665,0.0,-0.070,staircase1,no_load
15.550152,35.4309,36.2988,35.8312,0.4676,0.0,-0.069,staircase1,no_load
15.5609,35.4309,36.2988,35.8305,0.4683,0.0,-0.068,staircase1,no_load
15.571048,35.4309,36.2988,35.8299,0.4689,0.0,-0.068,staircase1,no_load
15.581126,35.4309,36.2988,35.8292,0.4696,0.0,-0.067,staircase1,no_load
15.591246,35.4309,36.2988,35.8285,0.4703,0.0,-0.067,staircase1,no_load
15.601312,35.4309,36.2988,35.8279,0.4709,0.0,-0.066,staircase1,no_load
15.611488,35.4309,36.2988,35.8272,0.4716,0.0,-0.066,staircase1,no_load
15.621671,35.4309,36.2988,35.8265,0.4723,0.0,-0.066,staircase1,no_load
15.631904,35.4309,36.2988,35.8259,0.4729,0.0,-0.065,staircase1,no_load
15.642797,35.4309,36.2988,35.8252,0.4736,0.0,-0.065,staircase1,no_load
15.652887,35.4309,36.2988,35.8246,0.4742,0.0,-0.064,staircase1,no_load
15.663965,35.4309,36.2988,35.8240,0.4748,0.0,-0.064,staircase1,no_load
15.674869,35.4309,36.2988,35.8233,0.4755,0.0,-0.063,staircase1,no_load
15.685112,35.4309,36.2988,35.8224,0.4764,0.0,-0.063,staircase1,no_load
15.695663,35.4309,36.2988,35.8218,0.4770,0.0,-0.062,staircase1,no_load
15.706169,35.4309,36.2988,35.8211,0.4777,0.0,-0.062,staircase1,no_load
15.716926,35.4309,36.2988,35.8205,0.4783,0.0,-0.061,staircase1,no_load
15.727112,35.4309,36.2988,35.8199,0.4789,0.0,-0.061,staircase1,no_load
15.737733,35.4309,36.2988,35.8193,0.4795,0.0,-0.060,staircase1,no_load
15.748448,35.4309,36.2988,35.8187,0.4801,0.0,-0.060,staircase1,no_load
15.759292,35.4309,36.2988,35.8181,0.4807,0.0,-0.060,staircase1,no_load
15.769568,35.4309,36.2988,35.8175,0.4813,0.0,-0.059,staircase1,no_load
15.779918,35.4309,36.2988,35.8169,0.4819,0.0,-0.059,staircase1,no_load
15.790474,35.4309,36.2988,35.8161,0.4827,0.0,-0.058,staircase1,no_load
15.800925,35.4309,36.2988,35.8155,0.4833,0.0,-0.058,staircase1,no_load
15.811352,35.4309,36.2988,35.8149,0.4839,0.0,-0.057,staircase1,no_load
15.821887,35.4309,36.2988,35.8144,0.4844,0.0,-0.057,staircase1,no_load
15.832726,35.4309,36.2988,35.8138,0.4850,0.0,-0.057,staircase1,no_load
15.843718,35.4309,36.2988,35.8132,0.4856,0.0,-0.056,staircase1,no_load
15.853823,35.4309,36.2988,35.8127,0.4861,0.0,-0.056,staircase1,no_load
15.864148,35.4309,36.2988,35.8121,0.4867,0.0,-0.055,staircase1,no_load
15.874712,35.4309,36.2988,35.8116,0.4872,0.0,-0.055,staircase1,no_load
15.884848,35.4309,36.2988,35.8110,0.4878,0.0,-0.055,staircase1,no_load
15.895417,35.4309,36.2988,35.8102,0.4886,0.0,-0.054,staircase1,no_load
15.905735,35.4309,36.2988,35.8097,0.4891,0.0,-0.054,staircase1,no_load
15.916674,35.4309,36.2988,35.8091,0.4897,0.0,-0.053,staircase1,no_load
15.927197,35.4309,36.2988,35.8086,0.4902,0.0,-0.053,staircase1,no_load
15.937524,35.4309,36.2988,35.8081,0.4907,0.0,-0.053,staircase1,no_load
15.94794,35.4309,36.2988,35.8076,0.4912,0.0,-0.052,staircase1,no_load
15.958425,35.4309,36.2988,35.8070,0.4918,0.0,-0.052,staircase1,no_load
15.969076,35.4309,36.2988,35.8065,0.4923,0.0,-0.051,staircase1,no_load
15.979739,35.4309,36.2988,35.8060,0.4928,0.0,-0.051,staircase1,no_load
15.99013,35.4309,36.2988,35.8053,0.4935,0.0,-0.051,staircase1,no_load
16.000328,35.4309,36.2988,35.8048,0.4940,0.0,-0.050,staircase1,no_load
16.010564,35.4309,36.2988,35.8043,0.4945,0.0,-0.050,staircase1,no_load
16.02153,35.4309,36.2988,35.8038,0.4950,0.0,-0.049,staircase1,no_load
16.031711,35.4309,36.2988,35.8033,0.4955,0.0,-0.049,staircase1,no_load
16.042509,35.4309,36.2988,35.8028,0.4960,0.0,-0.049,staircase1,no_load
16.053128,35.4309,36.2988,35.8023,0.4965,0.0,-0.048,staircase1,no_load
16.064508,23.6206,36.2988,35.8018,0.4970,0.0,-0.048,staircase1,no_load
16.075237,23.6206,36.2988,35.8011,0.4977,0.0,-0.048,staircase1,no_load
16.085971,23.6206,36.2988,35.8006,0.4982,0.0,-0.047,staircase1,no_load
16.096611,23.6206,36.2109,35.8002,0.4107,-8.261,-0.047,staircase1,no_load
16.107064,23.6206,36.1230,35.7997,0.3233,-8.409,-0.047,staircase1,no_load
16.117597,23.6206,35.8594,35.7992,0.0602,-25.026,-0.046,staircase1,no_load
16.128214,23.6206,35.3320,35.7988,-0.4668,-49.675,-0.046,staircase1,no_load
16.138603,23.6206,34.8047,35.4373,-0.6326,-50.756,-36.149,staircase1,no_load
16.149407,23.6206,33.9258,34.6840,-0.7582,-81.35,-75.328,staircase1,no_load
16.160124,23.6206,32.9590,33.1876,-0.2286,-90.212,-99.759,staircase1,no_load
16.170987,23.6206,31.8164,32.1186,-0.3022,-105.183,-106.903,staircase1,no_load
16.181381,23.6206,30.8496,31.0760,-0.2264,-93.015,-104.262,staircase1,no_load
16.191815,23.6206,29.8828,30.0997,-0.2169,-92.659,-97.627,staircase1,no_load
16.202033,23.6206,29.0039,29.2111,-0.2072,-86.015,-88.854,staircase1,no_load
16.212672,23.6206,28.2129,28.4193,-0.2064,-74.349,-79.187,staircase1,no_load
16.223279,23.6206,27.5977,27.7249,-0.1272,-57.999,-69.434,staircase1,no_load
16.233544,23.6206,27.1582,27.1240,0.0342,-42.815,-60.098,staircase1,no_load
16.243871,23.6206,26.7187,26.6093,0.1094,-42.558,-51.466,staircase1,no_load
16.254537,23.6206,26.4551,26.1725,0.2826,-24.714,-43.683,staircase1,no_load
16.265635,23.6206,26.1914,25.6436,0.5478,-23.761,-35.257,staircase1,no_load
16.27628,23.6206,26.0156,25.3626,0.6530,-16.515,-28.101,staircase1,no_load
16.286978,23.6206,25.7520,25.1294,0.6226,-24.64,-23.316,staircase1,no_load
16.297687,23.6206,25.6641,24.9369,0.7272,-8.208,-19.252,staircase1,no_load
16.308128,23.6206,25.4883,24.7786,0.7097,-16.837,-15.827,staircase1,no_load
16.318656,23.6206,25.3125,24.6491,0.6634,-16.698,-12.959,staircase1,no_load
16.329718,23.6206,25.2246,24.5433,0.6813,-7.946,-10.572,staircase1,no_load
16.340186,23.6206,25.1367,24.4207,0.7160,-8.397,-8.175,staircase1,no_load
16.350619,23.6206,25.0488,24.3581,0.6907,-8.425,-6.265,staircase1,no_load
16.361257,23.6206,24.9609,24.3075,0.6534,-8.263,-5.055,staircase1,no_load
16.371816,23.6206,24.8730,24.2668,0.6062,-8.325,-4.068,staircase1,no_load
16.382595,23.6206,24.7852,24.2342,0.5510,-8.145,-3.266,staircase1,no_load
16.393513,23.6206,24.7852,24.2080,0.5772,0.0,-2.615,staircase1,no_load
16.404145,23.6206,24.7852,24.1871,0.5981,0.0,-2.089,staircase1,no_load
16.415041,23.6206,24.7852,24.1635,0.6217,0.0,-1.577,staircase1,no_load
16.425574,23.6206,24.6973,24.1517,0.5456,-8.345,-1.180,staircase1,no_load
16.436242,23.6206,24.6973,24.1423,0.5550,0.0,-0.936,staircase1,no_load
16.446872,23.6206,24.6973,24.1349,0.5624,0.0,-0.740,staircase1,no_load
16.457292,23.6206,24.6973,24.1291,0.5682,0.0,-0.584,staircase1,no_load
16.467536,23.6206,24.6973,24.1245,0.5728,0.0,-0.461,staircase1,no_load
16.478574,23.6206,24.6973,24.1208,0.5765,0.0,-0.362,staircase1,no_load
16.489329,23.6206,24.6973,24.1180,0.5793,0.0,-0.284,staircase1,no_load
16.499608,23.6206,24.6973,24.1158,0.5815,0.0,-0.223,staircase1,no_load
16.509745,23.6206,24.6973,24.1140,0.5833,0.0,-0.174,staircase1,no_load
16.519945,23.6206,24.6973,24.1127,0.5846,0.0,-0.137,staircase1,no_load
16.530346,23.6206,24.6973,24.1109,0.5864,0.0,-0.115,staircase1,no_load
16.540607,23.6206,24.6973,24.1099,0.5874,0.0,-0.108,staircase1,no_load
16.551222,23.6206,24.6973,24.1088,0.5885,0.0,-0.106,staircase1,no_load
16.561575,23.6206,24.6973,24.1078,0.5895,0.0,-0.104,staircase1,no_load
16.572342,23.6206,24.6973,24.1067,0.5906,0.0,-0.103,staircase1,no_load
16.583112,23.6206,24.6973,24.1057,0.5916,0.0,-0.103,staircase1,no_load
16.593837,23.6206,24.6973,24.1047,0.5926,0.0,-0.102,staircase1,no_load
16.604505,23.6206,24.6973,24.1037,0.5936,0.0,-0.101,staircase1,no_load
16.615112,23.6206,24.6973,24.1022,0.5951,0.0,-0.100,staircase1,no_load
16.625432,23.6206,24.6973,24.1012,0.5961,0.0,-0.099,staircase1,no_load
16.636104,23.6206,24.6973,24.1002,0.5971,0.0,-0.099,staircase1,no_load
16.646859,23.6206,24.6973,24.0992,0.5981,0.0,-0.098,staircase1,no_load
16.657564,23.6206,24.6973,24.0982,0.5991,0.0,-0.097,staircase1,no_load
16.667713,23.6206,24.6973,24.0973,0.6000,0.0,-0.097,staircase1,no_load
16.678446,23.6206,24.6973,24.0963,0.6010,0.0,-0.096,staircase1,no_load
16.688664,23.6206,24.6973,24.0953,0.6020,0.0,-0.095,staircase1,no_load
16.698837,23.6206,24.6973,24.0944,0.6029,0.0,-0.095,staircase1,no_load
16.709215,23.6206,24.6973,24.0934,0.6039,0.0,-0.094,staircase1,no_load
16.720154,23.6206,24.6973,24.0920,0.6053,0.0,-0.093,staircase1,no_load
16.730431,23.6206,24.6973,24.0911,0.6062,0.0,-0.092,staircase1,no_load
16.741515,23.6206,24.6973,24.0902,0.6071,0.0,-0.092,staircase1,no_load
16.751991,23.6206,24.6973,24.0893,0.6080,0.0,-0.091,staircase1,no_load
16.762134,23.6206,24.6973,24.0884,0.6089,0.0,-0.091,staircase1,no_load
16.772331,23.6206,24.6973,24.0875,0.6098,0.0,-0.090,staircase1,no_load
16.782998,23.6206,24.6973,24.0866,0.6107,0.0,-0.089,staircase1,no_load
16.793535,23.6206,24.6973,24.0857,0.6116,0.0,-0.089,staircase1,no_load
16.804693,23.6206,24.6973,24.0848,0.6125,0.0,-0.088,staircase1,no_load
16.815242,23.6206,24.6973,24.0835,0.6138,0.0,-0.087,staircase1,no_load
16.825388,23.6206,24.6973,24.0827,0.6146,0.0,-0.087,staircase1,no_load
16.835475,23.6206,24.6973,24.0818,0.6155,0.0,-0.086,staircase1,no_load
16.845879,23.6206,24.6973,24.0809,0.6164,0.0,-0.085,staircase1,no_load
16.856249,23.6206,24.6973,24.0801,0.6172,0.0,-0.085,staircase1,no_load
16.866741,23.6206,24.6973,24.0793,0.6180,0.0,-0.084,staircase1,no_load
16.877399,23.6206,24.6973,24.0784,0.6189,0.0,-0.084,staircase1,no_load
16.88781,23.6206,24.6973,24.0776,0.6197,0.0,-0.083,staircase1,no_load
16.898319,23.6206,24.6973,24.0768,0.6205,0.0,-0.082,staircase1,no_load
16.908949,23.6206,24.6973,24.0759,0.6214,0.0,-0.082,staircase1,no_load
16.919871,23.6206,24.6973,24.0751,0.6222,0.0,-0.081,staircase1,no_load
16.930016,23.6206,24.6973,24.0739,0.6234,0.0,-0.081,staircase1,no_load
16.940674,23.6206,24.6973,24.0731,0.6242,0.0,-0.080,staircase1,no_load
16.951922,23.6206,24.6973,24.0723,0.6250,0.0,-0.079,staircase1,no_load
16.962648,23.6206,24.6973,24.0715,0.6258,0.0,-0.079,staircase1,no_load
16.973182,23.6206,24.6973,24.0708,0.6265,0.0,-0.078,staircase1,no_load
16.983378,23.6206,24.6973,24.0700,0.6273,0.0,-0.078,staircase1,no_load
16.993768,23.6206,24.6973,24.0692,0.6281,0.0,-0.077,staircase1,no_load
17.00431,23.6206,24.6973,24.0684,0.6289,0.0,-0.077,staircase1,no_load
17.014942,23.6206,24.6973,24.0677,0.6296,0.0,-0.076,staircase1,no_load
17.026166,23.6206,24.6973,24.0666,0.6307,0.0,-0.075,staircase1,no_load
17.036495,23.6206,24.6973,24.0658,0.6315,0.0,-0.075,staircase1,no_load
17.047037,23.6206,24.6973,24.0651,0.6322,0.0,-0.074,staircase1,no_load
17.057691,23.6206,24.6973,24.0643,0.6330,0.0,-0.074,staircase1,no_load
17.06848,23.6206,24.6973,24.0636,0.6337,0.0,-0.073,staircase1,no_load
17.078976,23.6206,24.6973,24.0629,0.6344,0.0,-0.073,staircase1,no_load
17.08959,23.6206,24.6973,24.0621,0.6352,0.0,-0.072,staircase1,no_load
17.100862,23.6206,24.6973,24.0611,0.6362,0.0,-0.072,staircase1,no_load
17.111675,23.6206,24.6973,24.0604,0.6369,0.0,-0.071,staircase1,no_load
17.12217,23.6206,24.6973,24.0597,0.6376,0.0,-0.070,staircase1,no_load
17.132374,23.6206,24.6973,24.0590,0.6383,0.0,-0.070,staircase1,no_load
17.143072,23.6206,24.6973,24.0583,0.6390,0.0,-0.069,staircase1,no_load
17.154024,23.6206,24.6973,24.0576,0.6397,0.0,-0.069,staircase1,no_load
17.164874,23.6206,24.6973,24.0569,0.6404,0.0,-0.068,staircase1,no_load
17.175136,23.6206,24.6973,24.0559,0.6414,0.0,-0.068,staircase1,no_load
17.185398,23.6206,24.6973,24.0552,0.6421,0.0,-0.067,staircase1,no_load
17.19631,23.6206,24.6973,24.0545,0.6428,0.0,-0.067,staircase1,no_load
17.206434,23.6206,24.6973,24.0539,0.6434,0.0,-0.066,staircase1,no_load
17.217021,23.6206,24.6973,24.0532,0.6441,0.0,-0.066,staircase1,no_load
17.227582,23.6206,24.6973,24.0526,0.6447,0.0,-0.065,staircase1,no_load
17.238215,23.6206,24.6973,24.0519,0.6454,0.0,-0.065,staircase1,no_load
17.248476,23.6206,24.6973,24.0513,0.6460,0.0,-0.065,staircase1,no_load
17.259773,23.6206,24.6973,24.0506,0.6467,0.0,-0.064,staircase1,no_load
17.270253,23.6206,24.6973,24.0497,0.6476,0.0,-0.063,staircase1,no_load
17.280644,23.6206,24.6973,24.0490,0.6483,0.0,-0.063,staircase1,no_load
17.290958,23.6206,24.6973,24.0484,0.6489,0.0,-0.063,staircase1,no_load
17.301892,23.6206,24.6973,24.0478,0.6495,0.0,-0.062,staircase1,no_load
17.312432,23.6206,24.6973,24.0472,0.6501,0.0,-0.062,staircase1,no_load
17.323016,23.6206,24.6973,24.0466,0.6507,0.0,-0.061,staircase1,no_load
17.333591,23.6206,24.6973,24.0460,0.6513,0.0,-0.061,staircase1,no_load
17.344219,23.6206,24.6973,24.0454,0.6519,0.0,-0.060,staircase1,no_load
17.354483,23.6206,24.6973,24.0448,0.6525,0.0,-0.060,staircase1,no_load
17.364879,23.6206,24.6973,24.0442,0.6531,0.0,-0.060,staircase1,no_load
17.375448,23.6206,24.6973,24.0433,0.6540,0.0,-0.059,staircase1,no_load
17.386255,23.6206,24.6973,24.0427,0.6546,0.0,-0.058,staircase1,no_load
17.397106,23.6206,24.6973,24.0421,0.6552,0.0,-0.058,staircase1,no_load
17.408195,23.6206,24.6973,24.0415,0.6558,0.0,-0.058,staircase1,no_load
17.418909,23.6206,24.6973,24.0410,0.6563,0.0,-0.057,staircase1,no_load
17.429226,23.6206,24.6973,24.0404,0.6569,0.0,-0.057,staircase1,no_load
17.4396,23.6206,24.6973,24.0398,0.6575,0.0,-0.056,staircase1,no_load
17.449752,23.6206,24.6973,24.0393,0.6580,0.0,-0.056,staircase1,no_load
17.46033,23.6206,24.6973,24.0384,0.6589,0.0,-0.056,staircase1,no_load
17.470807,23.6206,24.6973,24.0379,0.6594,0.0,-0.055,staircase1,no_load
17.481336,23.6206,24.6973,24.0373,0.6600,0.0,-0.055,staircase1,no_load
17.49194,23.6206,24.6973,24.0368,0.6605,0.0,-0.054,staircase1,no_load
17.502121,23.6206,24.6973,24.0363,0.6610,0.0,-0.054,staircase1,no_load
17.512756,23.6206,24.6973,24.0357,0.6616,0.0,-0.054,staircase1,no_load
17.52311,23.6206,24.6973,24.0352,0.6621,0.0,-0.053,staircase1,no_load
17.533949,23.6206,24.6973,24.0347,0.6626,0.0,-0.053,staircase1,no_load
17.54453,23.6206,24.6973,24.0341,0.6632,0.0,-0.052,staircase1,no_load
17.554779,23.6206,24.6973,24.0336,0.6637,0.0,-0.052,staircase1,no_load
17.565715,23.6206,24.6973,24.0328,0.6645,0.0,-0.052,staircase1,no_load
17.576301,23.6206,24.6973,24.0323,0.6650,0.0,-0.051,staircase1,no_load
17.586596,23.6206,24.6973,24.0318,0.6655,0.0,-0.051,staircase1,no_load
17.596891,23.6206,24.6973,24.0313,0.6660,0.0,-0.050,staircase1,no_load
17.60751,23.6206,24.6973,24.0308,0.6665,0.0,-0.050,staircase1,no_load
17.617881,23.6206,24.6973,24.0303,0.6670,0.0,-0.050,staircase1,no_load
17.62852,23.6206,24.6973,24.0298,0.6675,0.0,-0.049,staircase1,no_load
17.639512,23.6206,24.6973,24.0293,0.6680,0.0,-0.049,staircase1,no_load
17.649918,23.6206,24.6973,24.0288,0.6685,0.0,-0.049,staircase1,no_load
17.661076,23.6206,24.6973,24.0281,0.6692,0.0,-0.048,staircase1,no_load
17.672437,11.8103,24.6973,24.0276,0.6697,0.0,-0.048,staircase1,no_load
17.683112,11.8103,24.6973,24.0272,0.6701,0.0,-0.048,staircase1,no_load
17.694095,11.8103,24.6973,24.0267,0.6706,0.0,-0.047,staircase1,no_load
17.704967,11.8103,24.6973,24.0262,0.6711,0.0,-0.047,staircase1,no_load
17.715728,11.8103,24.5215,24.0255,0.4960,-16.337,-0.046,staircase1,no_load
17.726364,11.8103,24.2578,24.0251,0.2327,-24.793,-0.046,staircase1,no_load
17.737121,11.8103,23.7305,24.0246,-0.2941,-49.019,-0.046,staircase1,no_load
17.747346,11.8103,23.0273,23.6646,-0.6373,-68.773,-35.996,staircase1,no_load
17.757456,11.8103,22.2363,22.9140,-0.6777,-78.239,-75.065,staircase1,no_load
17.767604,11.8103,21.2695,21.9439,-0.6744,-95.27,-97.013,staircase1,no_load
17.778027,11.8103,20.2148,20.8852,-0.6704,-101.19,-105.869,staircase1,no_load
17.788561,11.8103,19.1602,19.8228,-0.6626,-100.114,-106.240,staircase1,no_load
17.798731,11.8103,18.1934,18.8091,-0.6157,-95.064,-101.368,staircase1,no_load
17.808867,11.8103,17.4023,17.8740,-0.4717,-78.049,-93.506,staircase1,no_load
17.819386,11.8103,16.6113,17.0322,-0.4209,-75.197,-84.182,staircase1,no_load
17.829539,11.8103,15.9961,16.2881,-0.2920,-60.593,-74.406,staircase1,no_load
17.839911,11.8103,15.4688,15.6399,-0.1711,-50.839,-64.821,staircase1,no_load
17.850499,11.8103,15.1172,14.8341,0.2831,-33.207,-53.723,staircase1,no_load
17.861514,11.8103,14.7656,14.3960,0.3696,-31.92,-43.810,staircase1,no_load
17.872479,11.8103,14.4141,14.0268,0.3873,-32.057,-36.916,staircase1,no_load
17.883227,11.8103,14.2383,13.7178,0.5205,-16.357,-30.903,staircase1,no_load
17.894387,11.8103,13.9746,13.4606,0.5140,-23.629,-25.720,staircase1,no_load
17.904749,11.8103,13.7988,13.2476,0.5512,-16.966,-21.297,staircase1,no_load
17.915567,11.8103,13.6230,12.9965,0.6265,-16.251,-16.744,staircase1,no_load
17.925885,11.8103,13.5352,12.8661,0.6691,-8.509,-13.034,staircase1,no_load
17.936106,11.8103,13.3594,12.7597,0.5997,-17.2,-10.639,staircase1,no_load
17.946469,11.8103,13.2715,12.6732,0.5983,-8.482,-8.655,staircase1,no_load
17.957085,11.8103,13.1836,12.6030,0.5806,-8.28,-7.019,staircase1,no_load
17.967914,11.8103,13.1836,12.5462,0.6374,0.0,-5.676,staircase1,no_load
17.978106,11.8103,13.0957,12.5005,0.5952,-8.624,-4.577,staircase1,no_load
17.988424,11.8103,13.0078,12.4637,0.5441,-8.519,-3.681,staircase1,no_load
17.99906,11.8103,13.0078,12.4341,0.5737,0.0,-2.954,staircase1,no_load
18.009334,11.8103,12.9199,12.4105,0.5094,-8.556,-2.364,staircase1,no_load
18.019805,11.8103,12.8320,12.3916,0.4404,-8.395,-1.888,staircase1,no_load
18.030362,11.8103,12.8320,12.3702,0.4618,0.0,-1.425,staircase1,no_load
18.040815,11.8103,12.8320,12.3596,0.4724,0.0,-1.066,staircase1,no_load
18.051206,11.8103,12.8320,12.3511,0.4809,0.0,-0.845,staircase1,no_load
18.061996,11.8103,12.8320,12.3444,0.4876,0.0,-0.669,staircase1,no_load
18.073,11.8103,12.8320,12.3391,0.4929,0.0,-0.528,staircase1,no_load
18.083501,11.8103,12.8320,12.3350,0.4970,0.0,-0.416,staircase1,no_load
18.093801,11.8103,12.8320,12.3317,0.5003,0.0,-0.328,staircase1,no_load
18.1047,11.8103,12.7441,12.3291,0.4150,-8.065,-0.257,staircase1,no_load
18.114828,11.8103,12.7441,12.3271,0.4170,0.0,-0.202,staircase1,no_load
18.125216,11.8103,12.7441,12.3249,0.4192,0.0,-0.149,staircase1,no_load
18.135562,11.8103,12.7441,12.3237,0.4204,0.0,-0.119,staircase1,no_load
18.146179,11.8103,12.7441,12.3226,0.4215,0.0,-0.110,staircase1,no_load
18.156453,11.8103,12.7441,12.3215,0.4226,0.0,-0.107,staircase1,no_load
18.166857,11.8103,12.7441,12.3205,0.4236,0.0,-0.105,staircase1,no_load
18.177773,11.8103,12.7441,12.3194,0.4247,0.0,-0.104,staircase1,no_load
18.188345,11.8103,12.7441,12.3184,0.4257,0.0,-0.103,staircase1,no_load
18.198586,11.8103,12.7441,12.3174,0.4267,0.0,-0.102,staircase1,no_load
18.209272,11.8103,12.7441,12.3163,0.4278,0.0,-0.102,staircase1,no_load
18.219479,11.8103,12.7441,12.3153,0.4288,0.0,-0.101,staircase1,no_load
18.229588,11.8103,12.7441,12.3143,0.4298,0.0,-0.100,staircase1,no_load
18.239772,11.8103,12.7441,12.3133,0.4308,0.0,-0.100,staircase1,no_load
18.249925,11.8103,12.7441,12.3123,0.4318,0.0,-0.099,staircase1,no_load
18.260275,11.8103,12.7441,12.3109,0.4332,0.0,-0.098,staircase1,no_load
18.270448,11.8103,12.7441,12.3099,0.4342,0.0,-0.097,staircase1,no_load
18.281545,11.8103,12.7441,12.3089,0.4352,0.0,-0.097,staircase1,no_load
18.291817,11.8103,12.7441,12.3080,0.4361,0.0,-0.096,staircase1,no_load
18.302078,11.8103,12.7441,12.3070,0.4371,0.0,-0.095,staircase1,no_load
18.312551,11.8103,12.7441,12.3061,0.4380,0.0,-0.095,staircase1,no_load
18.323256,11.8103,12.7441,12.3051,0.4390,0.0,-0.094,staircase1,no_load
18.333541,11.8103,12.7441,12.3042,0.4399,0.0,-0.093,staircase1,no_load
18.343636,11.8103,12.7441,12.3033,0.4408,0.0,-0.093,staircase1,no_load
18.354422,11.8103,12.7441,12.3024,0.4417,0.0,-0.092,staircase1,no_load
18.364991,11.8103,12.7441,12.3014,0.4427,0.0,-0.091,staircase1,no_load
18.375242,11.8103,12.6562,12.3001,0.3561,-8.575,-0.091,staircase1,no_load
18.385638,11.8103,12.6562,12.2992,0.3570,0.0,-0.090,staircase1,no_load
18.396253,11.8103,12.6562,12.2983,0.3579,0.0,-0.089,staircase1,no_load
18.406868,11.8103,12.6562,12.2974,0.3588,0.0,-0.088,staircase1,no_load
18.417041,11.8103,12.6562,12.2965,0.3597,0.0,-0.088,staircase1,no_load
18.427686,11.8103,12.6562,12.2957,0.3605,0.0,-0.087,staircase1,no_load
18.438568,11.8103,12.6562,12.2948,0.3614,0.0,-0.087,staircase1,no_load
18.449159,11.8103,12.6562,12.2939,0.3623,0.0,-0.086,staircase1,no_load
18.459744,11.8103,12.6562,12.2931,0.3631,0.0,-0.085,staircase1,no_load
18.470009,11.8103,12.6562,12.2918,0.3644,0.0,-0.085,staircase1,no_load
18.480188,11.8103,12.6562,12.2910,0.3652,0.0,-0.084,staircase1,no_load
18.490569,11.8103,12.6562,12.2901,0.3661,0.0,-0.083,staircase1,no_load
18.500885,11.8103,12.6562,12.2893,0.3669,0.0,-0.083,staircase1,no_load
18.511688,11.8103,12.6562,12.2885,0.3677,0.0,-0.082,staircase1,no_load
18.522564,11.8103,12.6562,12.2877,0.3685,0.0,-0.082,staircase1,no_load
18.53284,11.8103,12.6562,12.2869,0.3693,0.0,-0.081,staircase1,no_load
18.543728,11.8103,12.6562,12.2861,0.3701,0.0,-0.081,staircase1,no_load
18.554171,11.8103,12.6562,12.2853,0.3709,0.0,-0.080,staircase1,no_load
18.564787,11.8103,12.6562,12.2845,0.3717,0.0,-0.079,staircase1,no_load
18.575352,11.8103,12.6562,12.2833,0.3729,0.0,-0.079,staircase1,no_load
18.586252,11.8103,12.6562,12.2825,0.3737,0.0,-0.078,staircase1,no_load
18.596389,11.8103,12.6562,12.2817,0.3745,0.0,-0.077,staircase1,no_load
18.606605,11.8103,12.6562,12.2810,0.3752,0.0,-0.077,staircase1,no_load
18.617154,11.8103,12.6562,12.2802,0.3760,0.0,-0.076,staircase1,no_load
18.627772,11.8103,12.6562,12.2794,0.3768,0.0,-0.076,staircase1,no_load
18.639187,11.8103,12.6562,12.2787,0.3775,0.0,-0.075,staircase1,no_load
18.649677,11.8103,12.6562,12.2779,0.3783,0.0,-0.075,staircase1,no_load
18.66011,11.8103,12.6562,12.2768,0.3794,0.0,-0.074,staircase1,no_load
18.670831,11.8103,12.6562,12.2761,0.3801,0.0,-0.074,staircase1,no_load
18.681357,11.8103,12.6562,12.2754,0.3808,0.0,-0.073,staircase1,no_load
18.691961,11.8103,12.6562,12.2746,0.3816,0.0,-0.073,staircase1,no_load
18.702241,11.8103,12.6562,12.2739,0.3823,0.0,-0.072,staircase1,no_load
18.712605,11.8103,12.6562,12.2732,0.3830,0.0,-0.072,staircase1,no_load
18.72294,11.8103,12.6562,12.2725,0.3837,0.0,-0.071,staircase1,no_load
18.733937,11.8103,12.6562,12.2718,0.3844,0.0,-0.071,staircase1,no_load
18.744402,11.8103,12.6562,12.2711,0.3851,0.0,-0.070,staircase1,no_load
18.754684,11.8103,12.6562,12.2704,0.3858,0.0,-0.070,staircase1,no_load
18.765664,11.8103,12.6562,12.2693,0.3869,0.0,-0.069,staircase1,no_load
18.776054,11.8103,12.6562,12.2687,0.3875,0.0,-0.068,staircase1,no_load
18.787251,11.8103,12.6562,12.2680,0.3882,0.0,-0.068,staircase1,no_load
18.798091,11.8103,12.6562,12.2673,0.3889,0.0,-0.067,staircase1,no_load
18.808319,11.8103,12.6562,12.2666,0.3896,0.0,-0.067,staircase1,no_load
18.818703,11.8103,12.6562,12.2660,0.3902,0.0,-0.066,staircase1,no_load
18.828913,11.8103,12.6562,12.2653,0.3909,0.0,-0.066,staircase1,no_load
18.839564,11.8103,12.6562,12.2647,0.3915,0.0,-0.066,staircase1,no_load
18.849954,11.8103,12.6562,12.2640,0.3922,0.0,-0.065,staircase1,no_load
18.860651,11.8103,12.6562,12.2630,0.3932,0.0,-0.064,staircase1,no_load
18.871335,11.8103,12.6562,12.2624,0.3938,0.0,-0.064,staircase1,no_load
18.881969,11.8103,12.6562,12.2618,0.3944,0.0,-0.063,staircase1,no_load
18.89265,11.8103,12.6562,12.2611,0.3951,0.0,-0.063,staircase1,no_load
18.902946,11.8103,12.6562,12.2605,0.3957,0.0,-0.063,staircase1,no_load
18.913833,11.8103,12.6562,12.2599,0.3963,0.0,-0.062,staircase1,no_load
18.924454,11.8103,12.6562,12.2593,0.3969,0.0,-0.062,staircase1,no_load
18.935073,11.8103,12.6562,12.2584,0.3978,0.0,-0.061,staircase1,no_load
18.945357,11.8103,12.6562,12.2578,0.3984,0.0,-0.061,staircase1,no_load
18.955819,11.8103,12.6562,12.2571,0.3991,0.0,-0.060,staircase1,no_load
18.96651,11.8103,12.6562,12.2566,0.3996,0.0,-0.060,staircase1,no_load
18.97714,11.8103,12.6562,12.2560,0.4002,0.0,-0.059,staircase1,no_load
18.987976,11.8103,12.6562,12.2554,0.4008,0.0,-0.059,staircase1,no_load
18.998109,11.8103,12.6562,12.2548,0.4014,0.0,-0.059,staircase1,no_load
19.008453,11.8103,12.6562,12.2542,0.4020,0.0,-0.058,staircase1,no_load
19.019135,11.8103,12.6562,12.2536,0.4026,0.0,-0.058,staircase1,no_load
19.029763,11.8103,12.6562,12.2530,0.4032,0.0,-0.057,staircase1,no_load
19.039868,11.8103,12.6562,12.2525,0.4037,0.0,-0.057,staircase1,no_load
19.050016,11.8103,12.6562,12.2516,0.4046,0.0,-0.056,staircase1,no_load
19.060164,11.8103,12.6562,12.2511,0.4051,0.0,-0.056,staircase1,no_load
19.070488,11.8103,12.6562,12.2505,0.4057,0.0,-0.056,staircase1,no_load
19.081499,11.8103,12.6562,12.2500,0.4062,0.0,-0.055,staircase1,no_load
19.0918,11.8103,12.6562,12.2494,0.4068,0.0,-0.055,staircase1,no_load
19.102271,11.8103,12.6562,12.2489,0.4073,0.0,-0.054,staircase1,no_load
19.11294,11.8103,12.6562,12.2483,0.4079,0.0,-0.054,staircase1,no_load
19.123526,11.8103,12.6562,12.2478,0.4084,0.0,-0.054,staircase1,no_load
19.133904,11.8103,12.6562,12.2473,0.4089,0.0,-0.053,staircase1,no_load
19.144364,11.8103,12.6562,12.2467,0.4095,0.0,-0.053,staircase1,no_load
19.15457,11.8103,12.6562,12.2462,0.4100,0.0,-0.053,staircase1,no_load
19.165659,11.8103,12.6562,12.2454,0.4108,0.0,-0.052,staircase1,no_load
19.175964,11.8103,12.6562,12.2449,0.4113,0.0,-0.052,staircase1,no_load
19.186599,11.8103,12.6562,12.2444,0.4118,0.0,-0.051,staircase1,no_load
19.19723,11.8103,12.6562,12.2439,0.4123,0.0,-0.051,staircase1,no_load
19.207803,11.8103,12.6562,12.2434,0.4128,0.0,-0.051,staircase1,no_load
19.218449,11.8103,12.6562,12.2429,0.4133,0.0,-0.050,staircase1,no_load
19.229306,11.8103,12.6562,12.2424,0.4138,0.0,-0.050,staircase1,no_load
19.239599,11.8103,12.6562,12.2419,0.4143,0.0,-0.050,staircase1,no_load
19.249848,11.8103,12.6562,12.2414,0.4148,0.0,-0.049,staircase1,no_load
19.260137,11.8103,12.6562,12.2407,0.4155,0.0,-0.049,staircase1,no_load
19.270421,11.8103,12.6562,12.2402,0.4160,0.0,-0.048,staircase1,no_load
19.281639,0.0,12.6562,12.2397,0.4165,0.0,-0.048,staircase1,no_load
19.291942,0.0,12.6562,12.2392,0.4170,0.0,-0.048,staircase1,no_load
19.302495,0.0,12.6562,12.2387,0.4175,0.0,-0.047,staircase1,no_load
19.312768,0.0,12.6562,12.2383,0.4179,0.0,-0.047,staircase1,no_load
19.32329,0.0,12.5684,12.2378,0.3306,-8.344,-0.047,staircase1,no_load
19.334263,0.0,12.3926,12.2373,0.1553,-16.021,-0.046,staircase1,no_load
19.344884,0.0,11.8652,12.2369,-0.3717,-49.656,-0.046,staircase1,no_load
19.355472,0.0,11.2500,11.8776,-0.6276,-58.104,-23.953,staircase1,no_load
19.366399,0.0,10.4590,11.1285,-0.6695,-72.389,-74.908,staircase1,no_load
19.377021,0.0,9.4043,10.1592,-0.7549,-99.294,-96.932,staircase1,no_load
19.387544,0.0,8.3496,9.1007,-0.7511,-100.228,-105.847,staircase1,no_load
19.397856,0.0,7.3828,8.0381,-0.6553,-93.755,-106.261,staircase1,no_load
19.408262,0.0,6.3281,7.0239,-0.6958,-101.355,-101.421,staircase1,no_load
19.419038,0.0,5.4492,6.0881,-0.6389,-81.561,-93.583,staircase1,no_load
19.429404,0.0,4.7461,5.2453,-0.4992,-67.828,-84.277,staircase1,no_load
19.439643,0.0,4.1309,4.5002,-0.3693,-60.084,-74.514,staircase1,no_load
19.449882,0.0,3.6035,3.8508,-0.2473,-51.509,-64.936,staircase1,no_load
19.459994,0.0,3.2520,3.2915,-0.0395,-34.761,-55.931,staircase1,no_load
19.470121,0.0,2.9004,2.6039,0.2965,-34.719,-45.837,staircase1,no_load
19.480787,0.0,2.6367,2.2336,0.4031,-24.723,-37.029,staircase1,no_load
19.491193,0.0,2.4609,1.9235,0.5374,-16.894,-31.010,staircase1,no_load
19.501743,0.0,2.1973,1.6653,0.5320,-24.986,-25.820,staircase1,no_load
19.512526,0.0,2.0215,1.4515,0.5700,-16.303,-21.389,staircase1,no_load
19.523104,0.0,1.8457,1.2751,0.5706,-16.619,-17.638,staircase1,no_load
19.533274,0.0,1.7578,1.1302,0.6276,-8.643,-14.485,staircase1,no_load
19.543739,0.0,1.5820,1.0117,0.5703,-16.799,-11.850,staircase1,no_load
19.554354,0.0,1.4941,0.9151,0.5790,-8.281,-9.662,staircase1,no_load
19.564672,0.0,1.4941,0.8366,0.6575,0.0,-7.852,staircase1,no_load
19.575347,0.0,1.4063,0.7459,0.6604,-8.225,-6.048,staircase1,no_load
19.585671,0.0,1.3184,0.6997,0.6187,-8.514,-4.617,staircase1,no_load
19.595985,0.0,1.2305,0.6625,0.5680,-8.522,-3.717,staircase1,no_load
19.606451,0.0,1.2305,0.6327,0.5978,0.0,-2.984,staircase1,no_load
19.616998,0.0,1.2305,0.6088,0.6217,0.0,-2.391,staircase1,no_load
19.627699,0.0,1.2305,0.5897,0.6408,0.0,-1.911,staircase1,no_load
19.638306,0.0,1.1426,0.5744,0.5682,-8.287,-1.525,staircase1,no_load
19.648565,0.0,1.1426,0.5623,0.5803,0.0,-1.214,staircase1,no_load
19.65926,0.0,1.1426,0.5526,0.5900,0.0,-0.964,staircase1,no_load
19.669716,0.0,1.1426,0.5450,0.5976,0.0,-0.764,staircase1,no_load
19.679893,0.0,1.1426,0.5390,0.6036,0.0,-0.605,staircase1,no_load
19.690355,0.0,1.1426,0.5322,0.6104,0.0,-0.452,staircase1,no_load
19.701029,0.0,1.1426,0.5288,0.6138,0.0,-0.334,staircase1,no_load
19.711702,0.0,1.1426,0.5262,0.6164,0.0,-0.263,staircase1,no_load
19.722213,0.0,1.1426,0.5241,0.6185,0.0,-0.206,staircase1,no_load
19.732849,0.0,1.1426,0.5225,0.6201,0.0,-0.162,staircase1,no_load
19.743889,0.0,1.1426,0.5212,0.6214,0.0,-0.129,staircase1,no_load
19.754345,0.0,1.1426,0.5201,0.6225,0.0,-0.114,staircase1,no_load
19.764734,0.0,1.1426,0.5190,0.6236,0.0,-0.109,staircase1,no_load
19.775053,0.0,1.1426,0.5174,0.6252,0.0,-0.106,staircase1,no_load
19.78531,0.0,1.1426,0.5164,0.6262,0.0,-0.104,staircase1,no_load
19.795922,0.0,1.1426,0.5153,0.6273,0.0,-0.103,staircase1,no_load
19.806828,0.0,1.1426,0.5143,0.6283,0.0,-0.103,staircase1,no_load
19.817143,0.0,1.1426,0.5133,0.6293,0.0,-0.102,staircase1,no_load
19.827364,0.0,1.1426,0.5123,0.6303,0.0,-0.101,staircase1,no_load
19.838079,0.0,1.1426,0.5113,0.6313,0.0,-0.100,staircase1,no_load
19.849043,0.0,1.1426,0.5103,0.6323,0.0,-0.100,staircase1,no_load
19.85966,0.0,1.1426,0.5093,0.6333,0.0,-0.099,staircase1,no_load
19.870628,0.0,1.1426,0.5078,0.6348,0.0,-0.098,staircase1,no_load
19.880794,0.0,1.1426,0.5069,0.6357,0.0,-0.097,staircase1,no_load
19.891754,0.0,1.1426,0.5059,0.6367,0.0,-0.097,staircase1,no_load
19.902585,0.0,1.1426,0.5049,0.6377,0.0,-0.096,staircase1,no_load
19.912713,0.0,1.1426,0.5040,0.6386,0.0,-0.095,staircase1,no_load
19.922991,0.0,1.1426,0.5030,0.6396,0.0,-0.095,staircase1,no_load
19.933614,0.0,1.1426,0.5021,0.6405,0.0,-0.094,staircase1,no_load
19.943899,0.0,1.1426,0.5012,0.6414,0.0,-0.093,staircase1,no_load
19.954117,0.0,1.1426,0.5002,0.6424,0.0,-0.093,staircase1,no_load
19.9644,0.0,1.1426,0.4993,0.6433,0.0,-0.092,staircase1,no_load
19.974671,0.0,1.1426,0.4984,0.6442,0.0,-0.091,staircase1,no_load
19.985718,0.0,1.1426,0.4970,0.6456,0.0,-0.091,staircase1,no_load
19.996022,0.0,1.1426,0.4961,0.6465,0.0,-0.090,staircase1,no_load
20.006348,0.0,1.1426,0.4952,0.6474,0.0,-0.089,staircase1,no_load
20.016664,0.0,1.1426,0.4944,0.6482,0.0,-0.089,staircase1,no_load
20.027606,0.0,1.1426,0.4935,0.6491,0.0,-0.088,staircase1,no_load
20.037937,0.0,1.1426,0.4926,0.6500,0.0,-0.087,staircase1,no_load
20.048302,0.0,1.1426,0.4917,0.6509,0.0,-0.087,staircase1,no_load
20.059418,0.0,1.1426,0.4909,0.6517,0.0,-0.086,staircase1,no_load
20.070514,0.0,1.1426,0.4896,0.6530,0.0,-0.085,staircase1,no_load
20.081206,0.0,1.1426,0.4887,0.6539,0.0,-0.085,staircase1,no_load
20.091857,0.0,1.1426,0.4879,0.6547,0.0,-0.084,staircase1,no_load
20.102277,0.0,1.1426,0.4871,0.6555,0.0,-0.084,staircase1,no_load
20.112455,0.0,1.1426,0.4862,0.6564,0.0,-0.083,staircase1,no_load
20.12336,0.0,1.1426,0.4854,0.6572,0.0,-0.082,staircase1,no_load
20.134084,0.0,1.1426,0.4846,0.6580,0.0,-0.082,staircase1,no_load
20.144563,0.0,1.1426,0.4838,0.6588,0.0,-0.081,staircase1,no_load
20.154772,0.0,1.1426,0.4830,0.6596,0.0,-0.081,staircase1,no_load
20.165472,0.0,1.1426,0.4818,0.6608,0.0,-0.080,staircase1,no_load
20.176211,0.0,1.1426,0.4810,0.6616,0.0,-0.079,staircase1,no_load
20.18669,0.0,1.1426,0.4802,0.6624,0.0,-0.079,staircase1,no_load
20.196904,0.0,1.1426,0.4794,0.6632,0.0,-0.078,staircase1,no_load
20.207515,0.0,1.1426,0.4786,0.6640,0.0,-0.078,staircase1,no_load
20.21809,0.0,1.1426,0.4779,0.6647,0.0,-0.077,staircase1,no_load
20.228633,0.0,1.1426,0.4771,0.6655,0.0,-0.077,staircase1,no_load
20.238816,0.0,1.1426,0.4764,0.6662,0.0,-0.076,staircase1,no_load
20.249448,0.0,1.1426,0.4756,0.6670,0.0,-0.075,staircase1,no_load
20.259708,0.0,1.1426,0.4748,0.6678,0.0,-0.075,staircase1,no_load
20.269859,0.0,1.1426,0.4741,0.6685,0.0,-0.074,staircase1,no_load
20.280235,0.0,1.1426,0.4730,0.6696,0.0,-0.074,staircase1,no_load
20.290521,0.0,1.1426,0.4723,0.6703,0.0,-0.073,staircase1,no_load
20.300777,0.0,1.1426,0.4715,0.6711,0.0,-0.073,staircase1,no_load
20.311398,0.0,1.1426,0.4708,0.6718,0.0,-0.072,staircase1,no_load
20.322017,0.0,1.1426,0.4701,0.6725,0.0,-0.072,staircase1,no_load
20.33253,0.0,1.1426,0.4694,0.6732,0.0,-0.071,staircase1,no_load
20.343067,0.0,1.1426,0.4687,0.6739,0.0,-0.071,staircase1,no_load
20.353687,0.0,1.1426,0.4680,0.6746,0.0,-0.070,staircase1,no_load
20.363867,0.0,1.1426,0.4673,0.6753,0.0,-0.070,staircase1,no_load
20.374893,0.0,1.1426,0.4666,0.6760,0.0,-0.069,staircase1,no_load
20.385286,0.0,1.1426,0.4656,0.6770,0.0,-0.069,staircase1,no_load
20.395613,0.0,1.1426,0.4649,0.6777,0.0,-0.068,staircase1,no_load
20.406576,0.0,1.1426,0.4642,0.6784,0.0,-0.067,staircase1,no_load
20.417347,0.0,1.1426,0.4635,0.6791,0.0,-0.067,staircase1,no_load
20.427941,0.0,1.1426,0.4629,0.6797,0.0,-0.067,staircase1,no_load
20.438133,0.0,1.1426,0.4622,0.6804,0.0,-0.066,staircase1,no_load
20.448711,0.0,1.1426,0.4616,0.6810,0.0,-0.066,staircase1,no_load
20.459243,0.0,1.1426,0.4609,0.6817,0.0,-0.065,staircase1,no_load
20.469474,0.0,1.1426,0.4603,0.6823,0.0,-0.065,staircase1,no_load
20.479654,0.0,1.1426,0.4596,0.6830,0.0,-0.064,staircase1,no_load
20.489917,0.0,1.1426,0.4590,0.6836,0.0,-0.064,staircase1,no_load
20.500261,0.0,1.1426,0.4580,0.6846,0.0,-0.063,staircase1,no_load
20.510429,0.0,1.1426,0.4574,0.6852,0.0,-0.063,staircase1,no_load
20.520666,0.0,1.1426,0.4568,0.6858,0.0,-0.062,staircase1,no_load
20.530751,0.0,1.1426,0.4562,0.6864,0.0,-0.062,staircase1,no_load
20.541189,0.0,1.1426,0.4555,0.6871,0.0,-0.061,staircase1,no_load
20.55165,0.0,1.1426,0.4549,0.6877,0.0,-0.061,staircase1,no_load
20.562075,0.0,1.1426,0.4543,0.6883,0.0,-0.061,staircase1,no_load
20.572493,0.0,1.1426,0.4537,0.6889,0.0,-0.060,staircase1,no_load
20.582653,0.0,1.1426,0.4531,0.6895,0.0,-0.060,staircase1,no_load
20.592924,0.0,1.1426,0.4525,0.6901,0.0,-0.059,staircase1,no_load
20.603016,0.0,1.1426,0.4520,0.6906,0.0,-0.059,staircase1,no_load
20.613087,0.0,1.1426,0.4514,0.6912,0.0,-0.058,staircase1,no_load
20.623577,0.0,1.1426,0.4508,0.6918,0.0,-0.058,staircase1,no_load
20.634108,0.0,1.1426,0.4502,0.6924,0.0,-0.058,staircase1,no_load
20.644829,0.0,1.1426,0.4496,0.6930,0.0,-0.057,staircase1,no_load
20.655198,0.0,1.1426,0.4488,0.6938,0.0,-0.057,staircase1,no_load
20.665535,0.0,1.1426,0.4482,0.6944,0.0,-0.056,staircase1,no_load
20.675984,0.0,1.1426,0.4477,0.6949,0.0,-0.056,staircase1,no_load
20.686253,0.0,1.1426,0.4471,0.6955,0.0,-0.056,staircase1,no_load
20.696675,0.0,1.1426,0.4466,0.6960,0.0,-0.055,staircase1,no_load
20.707265,0.0,1.1426,0.4460,0.6966,0.0,-0.055,staircase1,no_load
20.71736,0.0,1.1426,0.4455,0.6971,0.0,-0.054,staircase1,no_load
20.727475,0.0,1.1426,0.4449,0.6977,0.0,-0.054,staircase1,no_load
20.738468,0.0,1.1426,0.4444,0.6982,0.0,-0.054,staircase1,no_load
20.748703,0.0,1.1426,0.4439,0.6987,0.0,-0.053,staircase1,no_load
20.759311,0.0,1.1426,0.4433,0.6993,0.0,-0.053,staircase1,no_load
20.76954,0.0,1.1426,0.4428,0.6998,0.0,-0.052,staircase1,no_load
20.779977,0.0,1.1426,0.4423,0.7003,0.0,-0.052,staircase1,no_load
20.790413,0.0,1.1426,0.4415,0.7011,0.0,-0.052,staircase1,no_load
20.800869,0.0,1.1426,0.4410,0.7016,0.0,-0.051,staircase1,no_load
20.811123,0.0,1.1426,0.4405,0.7021,0.0,-0.051,staircase1,no_load
20.821641,0.0,1.1426,0.4400,0.7026,0.0,-0.051,staircase1,no_load
20.832257,0.0,1.1426,0.4395,0.7031,0.0,-0.050,staircase1,no_load
20.842689,0.0,1.1426,0.4390,0.7036,0.0,-0.050,staircase1,no_load
20.853235,0.0,1.1426,0.4385,0.7041,0.0,-0.049,staircase1,no_load
20.863823,0.0,1.1426,0.4380,0.7046,0.0,-0.049,staircase1,no_load
20.874038,0.0,1.1426,0.4375,0.7051,0.0,-0.049,staircase1,no_load
20.884869,-11.8103,1.1426,0.4370,0.7056,0.0,-0.048,staircase1,no_load
20.895321,-11.8103,1.1426,0.4363,0.7063,0.0,-0.048,staircase1,no_load
20.905869,-11.8103,1.1426,0.4358,0.7068,0.0,-0.048,staircase1,no_load
20.916074,-11.8103,1.1426,0.4354,0.7072,0.0,-0.047,staircase1,no_load
20.926771,-11.8103,1.0547,0.4349,0.6198,-8.217,-0.047,staircase1,no_load
20.937178,-11.8103,0.7031,0.4344,0.2687,-33.785,-0.047,staircase1,no_load
20.94809,-11.8103,0.1758,0.4340,-0.2582,-48.323,-0.046,staircase1,no_load
20.958884,-11.8103,-0.4395,0.0751,-0.5146,-57.004,-35.885,staircase1,no_load
20.969372,-11.8103,-1.2305,-0.6735,-0.5570,-75.42,-74.865,staircase1,no_load
20.979444,-11.8103,-2.1973,-1.6427,-0.5546,-95.989,-96.916,staircase1,no_load
20.989914,-11.8103,-3.1641,-2.7013,-0.4628,-92.34,-105.855,staircase1,no_load
21.000204,-11.8103,-4.2188,-4.2798,0.0610,-102.498,-105.239,staircase1,no_load
21.010548,-11.8103,-5.2734,-5.2581,-0.0153,-101.953,-97.823,staircase1,no_load
21.020758,-11.8103,-6.0645,-6.1492,0.0847,-77.483,-89.113,staircase1,no_load
21.030974,-11.8103,-6.8555,-6.9441,0.0886,-77.428,-79.489,staircase1,no_load
21.041705,-11.8103,-7.5586,-7.6417,0.0831,-65.52,-69.765,staircase1,no_load
21.052789,-11.8103,-8.0859,-8.2462,0.1603,-47.573,-60.443,staircase1,no_load
21.063698,-11.8103,-8.5254,-8.7643,0.2389,-40.288,-51.815,staircase1,no_load
21.073834,-11.8103,-8.7891,-9.2046,0.4155,-26.016,-44.026,staircase1,no_load
21.08474,-11.8103,-9.1406,-9.5758,0.4352,-32.23,-37.127,staircase1,no_load
21.095653,-11.8103,-9.3164,-10.0224,0.7060,-16.109,-29.772,staircase1,no_load
21.106398,-11.8103,-9.5801,-10.2584,0.6783,-24.542,-23.601,staircase1,no_load
21.116624,-11.8103,-9.7559,-10.4536,0.6977,-17.191,-19.514,staircase1,no_load
21.127649,-11.8103,-9.9316,-10.6142,0.6826,-15.937,-16.065,staircase1,no_load
21.137796,-11.8103,-10.0195,-10.7460,0.7265,-8.663,-13.175,staircase1,no_load
21.148071,-11.8103,-10.1953,-10.8536,0.6583,-17.109,-10.766,staircase1,no_load
21.158696,-11.8103,-10.2832,-10.9413,0.6581,-8.273,-8.768,staircase1,no_load
21.169115,-11.8103,-10.2832,-11.0125,0.7293,0.0,-7.120,staircase1,no_load
21.179546,-11.8103,-10.3711,-11.0702,0.6991,-8.427,-5.765,staircase1,no_load
21.189714,-11.8103,-10.4590,-11.1167,0.6577,-8.645,-4.656,staircase1,no_load
21.199894,-11.8103,-10.5469,-11.1542,0.6073,-8.635,-3.750,staircase1,no_load
21.210496,-11.8103,-10.6348,-11.1971,0.5623,-8.291,-2.859,staircase1,no_load
21.221022,-11.8103,-10.6348,-11.2187,0.5839,0.0,-2.162,staircase1,no_load
21.231232,-11.8103,-10.7227,-11.2360,0.5133,-8.609,-1.728,staircase1,no_load
21.241923,-11.8103,-10.7227,-11.2498,0.5271,0.0,-1.378,staircase1,no_load
21.252747,-11.8103,-10.7227,-11.2608,0.5381,0.0,-1.097,staircase1,no_load
21.262947,-11.8103,-10.8105,-11.2695,0.4590,-8.608,-0.872,staircase1,no_load
21.27366,-11.8103,-10.8105,-11.2764,0.4659,0.0,-0.691,staircase1,no_load
21.283819,-11.8103,-10.8105,-11.2819,0.4714,0.0,-0.547,staircase1,no_load
21.294202,-11.8103,-10.8105,-11.2862,0.4757,0.0,-0.432,staircase1,no_load
21.304703,-11.8103,-10.8105,-11.2896,0.4791,0.0,-0.341,staircase1,no_load
21.314961,-11.8103,-10.8105,-11.2923,0.4818,0.0,-0.269,staircase1,no_load
21.325618,-11.8103,-10.8105,-11.2953,0.4848,0.0,-0.199,staircase1,no_load
21.335783,-11.8103,-10.8105,-11.2967,0.4862,0.0,-0.147,staircase1,no_load
21.346262,-11.8103,-10.8105,-11.2980,0.4875,0.0,-0.122,staircase1,no_load
21.356489,-11.8103,-10.8105,-11.2991,0.4886,0.0,-0.112,staircase1,no_load
21.366826,-11.8103,-10.8105,-11.3002,0.4897,0.0,-0.107,staircase1,no_load
21.376964,-11.8103,-10.8105,-11.3012,0.4907,0.0,-0.105,staircase1,no_load
21.387127,-11.8103,-10.8105,-11.3022,0.4917,0.0,-0.104,staircase1,no_load
21.397351,-11.8103,-10.8105,-11.3033,0.4928,0.0,-0.103,staircase1,no_load
21.408041,-11.8103,-10.8105,-11.3043,0.4938,0.0,-0.103,staircase1,no_load
21.4182,-11.8103,-10.8105,-11.3053,0.4948,0.0,-0.102,staircase1,no_load
21.429082,-11.8103,-10.8105,-11.3063,0.4958,0.0,-0.101,staircase1,no_load
21.439542,-11.8103,-10.8105,-11.3073,0.4968,0.0,-0.100,staircase1,no_load
21.450151,-11.8103,-10.8105,-11.3088,0.4983,0.0,-0.100,staircase1,no_load
21.460458,-11.8103,-10.8105,-11.3098,0.4993,0.0,-0.099,staircase1,no_load
21.470814,-11.8103,-10.8105,-11.3108,0.5003,0.0,-0.098,staircase1,no_load
21.481102,-11.8103,-10.8105,-11.3118,0.5013,0.0,-0.097,staircase1,no_load
21.491819,-11.8103,-10.8105,-11.3127,0.5022,0.0,-0.097,staircase1,no_load
21.502306,-11.8103,-10.8105,-11.3137,0.5032,0.0,-0.096,staircase1,no_load
21.512688,-11.8103,-10.8105,-11.3147,0.5042,0.0,-0.095,staircase1,no_load
21.523688,-11.8103,-10.8105,-11.3156,0.5051,0.0,-0.095,staircase1,no_load
21.534031,-11.8103,-10.8105,-11.3166,0.5061,0.0,-0.094,staircase1,no_load
21.544379,-11.8103,-10.8105,-11.3175,0.5070,0.0,-0.093,staircase1,no_load
21.555046,-11.8103,-10.8105,-11.3189,0.5084,0.0,-0.093,staircase1,no_load
21.565314,-11.8103,-10.8105,-11.3198,0.5093,0.0,-0.092,staircase1,no_load
21.575644,-11.8103,-10.8105,-11.3207,0.5102,0.0,-0.091,staircase1,no_load
21.586455,-11.8103,-10.8105,-11.3216,0.5111,0.0,-0.091,staircase1,no_load
21.596774,-11.8103,-10.8105,-11.3225,0.5120,0.0,-0.090,staircase1,no_load
21.607133,-11.8103,-10.8105,-11.3234,0.5129,0.0,-0.089,staircase1,no_load
21.617954,-11.8103,-10.8105,-11.3243,0.5138,0.0,-0.089,staircase1,no_load
21.628202,-11.8103,-10.8105,-11.3252,0.5147,0.0,-0.088,staircase1,no_load
21.639055,-11.8103,-10.8105,-11.3260,0.5155,0.0,-0.087,staircase1,no_load
21.649305,-11.8103,-10.8105,-11.3269,0.5164,0.0,-0.087,staircase1,no_load
21.659542,-11.8103,-10.8105,-11.3278,0.5173,0.0,-0.086,staircase1,no_load
21.670117,-11.8103,-10.8105,-11.3291,0.5186,0.0,-0.086,staircase1,no_load
21.68066,-11.8103,-10.8105,-11.3299,0.5194,0.0,-0.085,staircase1,no_load
21.690874,-11.8103,-10.8105,-11.3307,0.5202,0.0,-0.084,staircase1,no_load
21.701389,-11.8103,-10.8105,-11.3316,0.5211,0.0,-0.084,staircase1,no_load
21.71194,-11.8103,-10.8105,-11.3324,0.5219,0.0,-0.083,staircase1,no_load
21.722503,-11.8103,-10.8105,-11.3332,0.5227,0.0,-0.082,staircase1,no_load
21.733081,-11.8103,-10.8105,-11.3341,0.5236,0.0,-0.082,staircase1,no_load
21.744183,-11.8103,-10.8105,-11.3349,0.5244,0.0,-0.081,staircase1,no_load
21.754801,-11.8103,-10.8105,-11.3357,0.5252,0.0,-0.081,staircase1,no_load
21.76557,-11.8103,-10.8105,-11.3369,0.5264,0.0,-0.080,staircase1,no_load
21.776179,-11.8103,-10.8105,-11.3377,0.5272,0.0,-0.079,staircase1,no_load
21.786832,-11.8103,-10.8105,-11.3385,0.5280,0.0,-0.079,staircase1,no_load
21.79713,-11.8103,-10.8105,-11.3392,0.5287,0.0,-0.078,staircase1,no_load
21.80788,-11.8103,-10.8105,-11.3400,0.5295,0.0,-0.078,staircase1,no_load
21.818528,-11.8103,-10.8105,-11.3408,0.5303,0.0,-0.077,staircase1,no_load
21.829051,-11.8103,-10.8105,-11.3416,0.5311,0.0,-0.077,staircase1,no_load
21.839497,-11.8103,-10.8105,-11.3423,0.5318,0.0,-0.076,staircase1,no_load
21.849702,-11.8103,-10.8105,-11.3431,0.5326,0.0,-0.076,staircase1,no_load
21.859914,-11.8103,-10.8105,-11.3438,0.5333,0.0,-0.075,staircase1,no_load
21.870066,-11.8103,-10.8105,-11.3449,0.5344,0.0,-0.074,staircase1,no_load
21.880616,-11.8103,-10.8105,-11.3457,0.5352,0.0,-0.074,staircase1,no_load
21.891601,-11.8103,-10.8105,-11.3464,0.5359,0.0,-0.073,staircase1,no_load
21.902291,-11.8103,-10.8105,-11.3471,0.5366,0.0,-0.073,staircase1,no_load
21.912474,-11.8103,-10.8105,-11.3479,0.5374,0.0,-0.072,staircase1,no_load
21.922731,-11.8103,-10.8105,-11.3486,0.5381,0.0,-0.072,staircase1,no_load
21.93319,-11.8103,-10.8105,-11.3493,0.5388,0.0,-0.071,staircase1,no_load
21.943508,-11.8103,-10.8105,-11.3500,0.5395,0.0,-0.071,staircase1,no_load
21.953784,-11.8103,-10.8105,-11.3507,0.5402,0.0,-0.070,staircase1,no_load
21.963992,-11.8103,-10.8105,-11.3514,0.5409,0.0,-0.070,staircase1,no_load
21.974638,-11.8103,-10.8105,-11.3521,0.5416,0.0,-0.069,staircase1,no_load
21.985004,-11.8103,-10.8105,-11.3531,0.5426,0.0,-0.069,staircase1,no_load
21.995333,-11.8103,-10.8105,-11.3538,0.5433,0.0,-0.068,staircase1,no_load
22.005514,-11.8103,-10.8105,-11.3545,0.5440,0.0,-0.068,staircase1,no_load
22.016234,-11.8103,-10.8105,-11.3551,0.5446,0.0,-0.067,staircase1,no_load
22.026495,-11.8103,-10.8105,-11.3558,0.5453,0.0,-0.067,staircase1,no_load
22.03663,-11.8103,-10.8105,-11.3565,0.5460,0.0,-0.066,staircase1,no_load
22.047674,-11.8103,-10.8105,-11.3571,0.5466,0.0,-0.066,staircase1,no_load
22.057948,-11.8103,-10.8105,-11.3578,0.5473,0.0,-0.065,staircase1,no_load
22.068213,-11.8103,-10.8105,-11.3584,0.5479,0.0,-0.065,staircase1,no_load
22.078396,-11.8103,-10.8105,-11.3591,0.5486,0.0,-0.064,staircase1,no_load
22.088537,-11.8103,-10.8105,-11.3597,0.5492,0.0,-0.064,staircase1,no_load
22.099632,-11.8103,-10.8105,-11.3604,0.5499,0.0,-0.063,staircase1,no_load
22.110143,-11.8103,-10.8105,-11.3613,0.5508,0.0,-0.063,staircase1,no_load
22.1204,-11.8103,-10.8105,-11.3619,0.5514,0.0,-0.062,staircase1,no_load
22.130965,-11.8103,-10.8105,-11.3625,0.5520,0.0,-0.062,staircase1,no_load
22.141785,-11.8103,-10.8105,-11.3632,0.5527,0.0,-0.062,staircase1,no_load
22.152005,-11.8103,-10.8105,-11.3638,0.5533,0.0,-0.061,staircase1,no_load
22.16254,-11.8103,-10.8105,-11.3644,0.5539,0.0,-0.061,staircase1,no_load
22.173076,-11.8103,-10.8105,-11.3650,0.5545,0.0,-0.060,staircase1,no_load
22.183332,-11.8103,-10.8105,-11.3656,0.5551,0.0,-0.060,staircase1,no_load
22.193766,-11.8103,-10.8105,-11.3662,0.5557,0.0,-0.059,staircase1,no_load
22.204114,-11.8103,-10.8105,-11.3668,0.5563,0.0,-0.059,staircase1,no_load
22.214225,-11.8103,-10.8105,-11.3673,0.5568,0.0,-0.059,staircase1,no_load
22.224437,-11.8103,-10.8105,-11.3679,0.5574,0.0,-0.058,staircase1,no_load
22.23532,-11.8103,-10.8105,-11.3688,0.5583,0.0,-0.058,staircase1,no_load
22.245477,-11.8103,-10.8105,-11.3694,0.5589,0.0,-0.057,staircase1,no_load
22.255699,-11.8103,-10.8105,-11.3699,0.5594,0.0,-0.057,staircase1,no_load
22.265857,-11.8103,-10.8105,-11.3705,0.5600,0.0,-0.056,staircase1,no_load
22.276337,-11.8103,-10.8105,-11.3711,0.5606,0.0,-0.056,staircase1,no_load
22.28679,-11.8103,-10.8105,-11.3716,0.5611,0.0,-0.056,staircase1,no_load
22.297427,-11.8103,-10.8105,-11.3722,0.5617,0.0,-0.055,staircase1,no_load
22.308364,-11.8103,-10.8105,-11.3727,0.5622,0.0,-0.055,staircase1,no_load
22.318696,-11.8103,-10.8105,-11.3733,0.5628,0.0,-0.054,staircase1,no_load
22.328932,-11.8103,-10.8105,-11.3738,0.5633,0.0,-0.054,staircase1,no_load
22.339572,-11.8103,-10.8105,-11.3743,0.5638,0.0,-0.054,staircase1,no_load
22.350138,-11.8103,-10.8105,-11.3751,0.5646,0.0,-0.053,staircase1,no_load
22.360624,-11.8103,-10.8105,-11.3757,0.5652,0.0,-0.053,staircase1,no_load
22.371047,-11.8103,-10.8105,-11.3762,0.5657,0.0,-0.052,staircase1,no_load
22.381454,-11.8103,-10.8105,-11.3767,0.5662,0.0,-0.052,staircase1,no_load
22.392141,-11.8103,-10.8105,-11.3772,0.5667,0.0,-0.052,staircase1,no_load
22.403324,-11.8103,-10.8105,-11.3777,0.5672,0.0,-0.051,staircase1,no_load
22.41421,-11.8103,-10.8105,-11.3782,0.5677,0.0,-0.051,staircase1,no_load
22.425072,-11.8103,-10.8105,-11.3790,0.5685,0.0,-0.051,staircase1,no_load
22.435412,-11.8103,-10.8105,-11.3795,0.5690,0.0,-0.050,staircase1,no_load
22.446111,-11.8103,-10.8105,-11.3800,0.5695,0.0,-0.050,staircase1,no_load
22.456766,-11.8103,-10.8105,-11.3805,0.5700,0.0,-0.049,staircase1,no_load
22.467261,-11.8103,-10.8105,-11.3810,0.5705,0.0,-0.049,staircase1,no_load
22.477881,-11.8103,-10.8105,-11.3815,0.5710,0.0,-0.049,staircase1,no_load
22.489493,-23.6206,-10.8105,-11.3820,0.5715,0.0,-0.048,staircase1,no_load
22.500112,-23.6206,-10.8105,-11.3827,0.5722,0.0,-0.048,staircase1,no_load
22.510818,-23.6206,-10.8105,-11.3831,0.5726,0.0,-0.048,staircase1,no_load
22.521047,-23.6206,-10.8105,-11.3836,0.5731,0.0,-0.047,staircase1,no_load
22.531475,-23.6206,-10.9863,-11.3841,0.3978,-16.858,-0.047,staircase1,no_load
22.54169,-23.6206,-11.2500,-11.3846,0.1346,-25.815,-0.047,staircase1,no_load
22.552175,-23.6206,-11.6895,-11.3850,-0.3045,-41.917,-0.046,staircase1,no_load
22.562964,-23.6206,-12.3926,-11.7443,-0.6483,-65.168,-35.931,staircase1,no_load
22.57342,-23.6206,-13.1836,-12.4937,-0.6899,-75.65,-74.936,staircase1,no_load
22.583689,-23.6206,-14.1504,-13.4633,-0.6871,-94.147,-96.958,staircase1,no_load
22.594237,-23.6206,-15.1172,-14.5221,-0.5951,-91.657,-105.884,staircase1,no_load
22.604912,-23.6206,-16.1719,-15.5853,-0.5866,-98.801,-106.317,staircase1,no_load
22.615911,-23.6206,-17.1387,-17.0797,-0.0590,-87.899,-99.628,staircase1,no_load
22.626274,-23.6206,-18.1055,-17.9713,-0.1342,-93.293,-89.157,staircase1,no_load
22.636951,-23.6206,-18.8965,-18.7667,-0.1298,-74.084,-79.543,staircase1,no_load
22.647655,-23.6206,-19.5117,-19.4649,-0.0468,-57.474,-69.826,staircase1,no_load
22.658942,-23.6206,-20.0391,-20.0701,0.0310,-46.726,-60.511,staircase1,no_load
22.669618,-23.6206,-20.3906,-20.5889,0.1983,-32.924,-51.887,staircase1,no_load
22.680101,-23.6206,-20.7422,-21.2240,0.4818,-33.54,-42.339,staircase1,no_load
22.690604,-23.6206,-21.0059,-21.5648,0.5589,-25.107,-34.083,staircase1,no_load
22.701152,-23.6206,-21.2695,-21.8496,0.5801,-24.991,-28.480,staircase1,no_load
22.711328,-23.6206,-21.5332,-22.0863,0.5531,-25.914,-23.671,staircase1,no_load
22.721665,-23.6206,-21.6211,-22.2821,0.6610,-8.503,-19.580,staircase1,no_load
22.732733,-23.6206,-21.7969,-22.4434,0.6465,-15.884,-16.127,staircase1,no_load
22.743149,-23.6206,-21.9727,-22.5757,0.6030,-16.878,-13.232,staircase1,no_load
22.753714,-23.6206,-22.1484,-22.6839,0.5355,-16.63,-10.818,staircase1,no_load
22.763996,-23.6206,-22.2363,-22.7721,0.5358,-8.549,-8.816,staircase1,no_load
22.77425,-23.6206,-22.2363,-22.8437,0.6074,0.0,-7.163,staircase1,no_load
22.784386,-23.6206,-22.3242,-22.9017,0.5775,-8.672,-5.803,staircase1,no_load
22.795126,-23.6206,-22.3242,-22.9686,0.6444,0.0,-4.455,staircase1,no_load
22.805958,-23.6206,-22.4121,-23.0025,0.5904,-8.115,-3.391,staircase1,no_load
22.816634,-23.6206,-22.5000,-23.0297,0.5297,-8.233,-2.724,staircase1,no_load
22.827368,-23.6206,-22.5000,-23.0515,0.5515,0.0,-2.184,staircase1,no_load
22.837956,-23.6206,-22.5879,-23.0690,0.4811,-8.302,-1.747,staircase1,no_load
22.848458,-23.6206,-22.6758,-23.0830,0.4072,-8.37,-1.394,staircase1,no_load
22.859235,-23.6206,-22.6758,-23.0941,0.4183,0.0,-1.111,staircase1,no_load
22.87006,-23.6206,-22.7637,-23.1066,0.3429,-8.12,-0.836,staircase1,no_load
22.880194,-23.6206,-22.7637,-23.1129,0.3492,0.0,-0.625,staircase1,no_load
22.89047,-23.6206,-22.7637,-23.1178,0.3541,0.0,-0.495,staircase1,no_load
22.900625,-23.6206,-22.7637,-23.1217,0.3580,0.0,-0.391,staircase1,no_load
22.911159,-23.6206,-22.7637,-23.1248,0.3611,0.0,-0.308,staircase1,no_load
22.921299,-23.6206,-22.7637,-23.1272,0.3635,0.0,-0.243,staircase1,no_load
22.931835,-23.6206,-22.7637,-23.1291,0.3654,0.0,-0.191,staircase1,no_load
22.942235,-23.6206,-22.7637,-23.1306,0.3669,0.0,-0.150,staircase1,no_load
22.952571,-23.6206,-22.7637,-23.1319,0.3682,0.0,-0.123,staircase1,no_load
22.962816,-23.6206,-22.7637,-23.1330,0.3693,0.0,-0.112,staircase1,no_load
22.973726,-23.6206,-22.7637,-23.1341,0.3704,0.0,-0.108,staircase1,no_load
22.984604,-23.6206,-22.7637,-23.1351,0.3714,0.0,-0.106,staircase1,no_load
22.994847,-23.6206,-22.7637,-23.1362,0.3725,0.0,-0.104,staircase1,no_load
23.005086,-23.6206,-22.7637,-23.1377,0.3740,0.0,-0.103,staircase1,no_load
23.015312,-23.6206,-22.7637,-23.1387,0.3750,0.0,-0.102,staircase1,no_load
23.026103,-23.6206,-22.7637,-23.1398,0.3761,0.0,-0.102,staircase1,no_load
23.036584,-23.6206,-22.7637,-23.1408,0.3771,0.0,-0.101,staircase1,no_load
23.047337,-23.6206,-22.7637,-23.1418,0.3781,0.0,-0.100,staircase1,no_load
23.057703,-23.6206,-22.7637,-23.1428,0.3791,0.0,-0.100,staircase1,no_load
23.068018,-23.6206,-22.7637,-23.1438,0.3801,0.0,-0.099,staircase1,no_load
23.07861,-23.6206,-22.7637,-23.1447,0.3810,0.0,-0.098,staircase1,no_load
23.089267,-23.6206,-22.7637,-23.1457,0.3820,0.0,-0.097,staircase1,no_load
23.099616,-23.6206,-22.7637,-23.1467,0.3830,0.0,-0.097,staircase1,no_load
23.110125,-23.6206,-22.7637,-23.1481,0.3844,0.0,-0.096,staircase1,no_load
23.12041,-23.6206,-22.7637,-23.1491,0.3854,0.0,-0.095,staircase1,no_load
23.130842,-23.6206,-22.7637,-23.1500,0.3863,0.0,-0.095,staircase1,no_load
23.142198,-23.6206,-22.7637,-23.1510,0.3873,0.0,-0.094,staircase1,no_load
23.152555,-23.6206,-22.7637,-23.1519,0.3882,0.0,-0.093,staircase1,no_load
23.162875,-23.6206,-22.7637,-23.1528,0.3891,0.0,-0.093,staircase1,no_load
23.173135,-23.6206,-22.7637,-23.1537,0.3900,0.0,-0.092,staircase1,no_load
23.183668,-23.6206,-22.7637,-23.1546,0.3909,0.0,-0.091,staircase1,no_load
23.194206,-23.6206,-22.7637,-23.1556,0.3919,0.0,-0.091,staircase1,no_load
23.20507,-23.6206,-22.7637,-23.1569,0.3932,0.0,-0.090,staircase1,no_load
23.215198,-23.6206,-22.7637,-23.1578,0.3941,0.0,-0.089,staircase1,no_load
23.225857,-23.6206,-22.7637,-23.1587,0.3950,0.0,-0.088,staircase1,no_load
23.236838,-23.6206,-22.7637,-23.1596,0.3959,0.0,-0.088,staircase1,no_load
23.24705,-23.6206,-22.7637,-23.1604,0.3967,0.0,-0.087,staircase1,no_load
23.257269,-23.6206,-22.7637,-23.1613,0.3976,0.0,-0.087,staircase1,no_load
23.267985,-23.6206,-22.7637,-23.1622,0.3985,0.0,-0.086,staircase1,no_load
23.278858,-23.6206,-22.7637,-23.1630,0.3993,0.0,-0.085,staircase1,no_load
23.289182,-23.6206,-22.7637,-23.1639,0.4002,0.0,-0.085,staircase1,no_load
23.299914,-23.6206,-22.7637,-23.1647,0.4010,0.0,-0.084,staircase1,no_load
23.310246,-23.6206,-22.7637,-23.1660,0.4023,0.0,-0.084,staircase1,no_load
23.320652,-23.6206,-22.7637,-23.1668,0.4031,0.0,-0.083,staircase1,no_load
23.330922,-23.6206,-22.7637,-23.1676,0.4039,0.0,-0.082,staircase1,no_load
23.341428,-23.6206,-22.7637,-23.1684,0.4047,0.0,-0.082,staircase1,no_load
23.351691,-23.6206,-22.7637,-23.1692,0.4055,0.0,-0.081,staircase1,no_load
23.362266,-23.6206,-22.7637,-23.1700,0.4063,0.0,-0.081,staircase1,no_load
23.372741,-23.6206,-22.7637,-23.1708,0.4071,0.0,-0.080,staircase1,no_load
23.38321,-23.6206,-22.7637,-23.1716,0.4079,0.0,-0.079,staircase1,no_load
23.39365,-23.6206,-22.7637,-23.1724,0.4087,0.0,-0.079,staircase1,no_load
23.404159,-23.6206,-22.7637,-23.1732,0.4095,0.0,-0.078,staircase1,no_load
23.415025,-23.6206,-22.7637,-23.1744,0.4107,0.0,-0.078,staircase1,no_load
23.425685,-23.6206,-22.7637,-23.1751,0.4114,0.0,-0.077,staircase1,no_load
23.436054,-23.6206,-22.7637,-23.1759,0.4122,0.0,-0.076,staircase1,no_load
23.446712,-23.6206,-22.7637,-23.1767,0.4130,0.0,-0.076,staircase1,no_load
23.457366,-23.6206,-22.7637,-23.1774,0.4137,0.0,-0.075,staircase1,no_load
23.468102,-23.6206,-22.7637,-23.1782,0.4145,0.0,-0.075,staircase1,no_load
23.478523,-23.6206,-22.7637,-23.1789,0.4152,0.0,-0.074,staircase1,no_load
23.488792,-23.6206,-22.7637,-23.1796,0.4159,0.0,-0.074,staircase1,no_load
23.49967,-23.6206,-22.7637,-23.1804,0.4167,0.0,-0.073,staircase1,no_load
23.510093,-23.6206,-22.7637,-23.1815,0.4178,0.0,-0.073,staircase1,no_load
23.520661,-23.6206,-22.7637,-23.1822,0.4185,0.0,-0.072,staircase1,no_load
23.531457,-23.6206,-22.7637,-23.1829,0.4192,0.0,-0.072,staircase1,no_load
23.542529,-23.6206,-22.7637,-23.1836,0.4199,0.0,-0.071,staircase1,no_load
23.553546,-23.6206,-22.7637,-23.1843,0.4206,0.0,-0.071,staircase1,no_load
23.563866,-23.6206,-22.7637,-23.1850,0.4213,0.0,-0.070,staircase1,no_load
23.574516,-23.6206,-22.7637,-23.1857,0.4220,0.0,-0.070,staircase1,no_load
23.585216,-23.6206,-22.7637,-23.1868,0.4231,0.0,-0.069,staircase1,no_load
23.595611,-23.6206,-22.7637,-23.1874,0.4237,0.0,-0.068,staircase1,no_load
23.605985,-23.6206,-22.7637,-23.1881,0.4244,0.0,-0.068,staircase1,no_load
23.616752,-23.6206,-22.7637,-23.1888,0.4251,0.0,-0.067,staircase1,no_load
23.62701,-23.6206,-22.7637,-23.1895,0.4258,0.0,-0.067,staircase1,no_load
23.637597,-23.6206,-22.7637,-23.1901,0.4264,0.0,-0.067,staircase1,no_load
23.647832,-23.6206,-22.7637,-23.1908,0.4271,0.0,-0.066,staircase1,no_load
23.657955,-23.6206,-22.7637,-23.1914,0.4277,0.0,-0.066,staircase1,no_load
23.668638,-23.6206,-22.7637,-23.1921,0.4284,0.0,-0.065,staircase1,no_load
23.679282,-23.6206,-22.7637,-23.1927,0.4290,0.0,-0.065,staircase1,no_load
23.689679,-23.6206,-22.7637,-23.1934,0.4297,0.0,-0.064,staircase1,no_load
23.69996,-23.6206,-22.7637,-23.1940,0.4303,0.0,-0.064,staircase1,no_load
23.710572,-23.6206,-22.7637,-23.1950,0.4313,0.0,-0.063,staircase1,no_load
23.72101,-23.6206,-22.7637,-23.1956,0.4319,0.0,-0.063,staircase1,no_load
23.731429,-23.6206,-22.7637,-23.1962,0.4325,0.0,-0.062,staircase1,no_load
23.741567,-23.6206,-22.7637,-23.1968,0.4331,0.0,-0.062,staircase1,no_load
23.751788,-23.6206,-22.7637,-23.1975,0.4338,0.0,-0.061,staircase1,no_load
23.762684,-23.6206,-22.7637,-23.1981,0.4344,0.0,-0.061,staircase1,no_load
23.773353,-23.6206,-22.7637,-23.1987,0.4350,0.0,-0.061,staircase1,no_load
23.783932,-23.6206,-22.7637,-23.1993,0.4356,0.0,-0.060,staircase1,no_load
23.794137,-23.6206,-22.7637,-23.1999,0.4362,0.0,-0.060,staircase1,no_load
23.804446,-23.6206,-22.7637,-23.2005,0.4368,0.0,-0.059,staircase1,no_load
23.814998,-23.6206,-22.7637,-23.2011,0.4374,0.0,-0.059,staircase1,no_load
23.826081,-23.6206,-22.7637,-23.2019,0.4382,0.0,-0.058,staircase1,no_load
23.836862,-23.6206,-22.7637,-23.2025,0.4388,0.0,-0.058,staircase1,no_load
23.847176,-23.6206,-22.7637,-23.2031,0.4394,0.0,-0.057,staircase1,no_load
23.857913,-23.6206,-22.7637,-23.2037,0.4400,0.0,-0.057,staircase1,no_load
23.868068,-23.6206,-22.7637,-23.2042,0.4405,0.0,-0.057,staircase1,no_load
23.878837,-23.6206,-22.7637,-23.2048,0.4411,0.0,-0.056,staircase1,no_load
23.889385,-23.6206,-22.7637,-23.2053,0.4416,0.0,-0.056,staircase1,no_load
23.900097,-23.6206,-22.7637,-23.2062,0.4425,0.0,-0.055,staircase1,no_load
23.910361,-23.6206,-22.7637,-23.2067,0.4430,0.0,-0.055,staircase1,no_load
23.920872,-23.6206,-22.7637,-23.2073,0.4436,0.0,-0.055,staircase1,no_load
23.931096,-23.6206,-22.7637,-23.2078,0.4441,0.0,-0.054,staircase1,no_load
23.941285,-23.6206,-22.7637,-23.2083,0.4446,0.0,-0.054,staircase1,no_load
23.951707,-23.6206,-22.7637,-23.2089,0.4452,0.0,-0.053,staircase1,no_load
23.962249,-23.6206,-22.7637,-23.2094,0.4457,0.0,-0.053,staircase1,no_load
23.972466,-23.6206,-22.7637,-23.2099,0.4462,0.0,-0.053,staircase1,no_load
23.982997,-23.6206,-22.7637,-23.2105,0.4468,0.0,-0.052,staircase1,no_load
23.993518,-23.6206,-22.7637,-23.2110,0.4473,0.0,-0.052,staircase1,no_load
24.00379,-23.6206,-22.7637,-23.2115,0.4478,0.0,-0.052,staircase1,no_load
24.014042,-23.6206,-22.7637,-23.2120,0.4483,0.0,-0.051,staircase1,no_load
24.024525,-23.6206,-22.7637,-23.2125,0.4488,0.0,-0.051,staircase1,no_load
24.034894,-23.6206,-22.7637,-23.2130,0.4493,0.0,-0.051,staircase1,no_load
24.045276,-23.6206,-22.7637,-23.2138,0.4501,0.0,-0.050,staircase1,no_load
24.055568,-23.6206,-22.7637,-23.2143,0.4506,0.0,-0.050,staircase1,no_load
24.065802,-23.6206,-22.7637,-23.2148,0.4511,0.0,-0.049,staircase1,no_load
24.076246,-23.6206,-22.7637,-23.2153,0.4516,0.0,-0.049,staircase1,no_load
24.08698,-23.6206,-22.7637,-23.2157,0.4520,0.0,-0.049,staircase1,no_load
24.098206,-35.4309,-22.7637,-23.2162,0.4525,0.0,-0.048,staircase1,no_load
24.109139,-35.4309,-22.7637,-23.2167,0.4530,0.0,-0.048,staircase1,no_load
24.119822,-35.4309,-22.7637,-23.2172,0.4535,0.0,-0.048,staircase1,no_load
24.130419,-35.4309,-22.7637,-23.2179,0.4542,0.0,-0.047,staircase1,no_load
24.141385,-35.4309,-22.8516,-23.2184,0.3668,-8.016,-0.047,staircase1,no_load
24.152154,-35.4309,-23.2031,-23.2188,0.0157,-32.64,-0.046,staircase1,no_load
24.163221,-35.4309,-23.7305,-23.2193,-0.5112,-47.655,-0.046,staircase1,no_load
24.174218,-35.4309,-24.4336,-23.5797,-0.8539,-63.936,-36.041,staircase1,no_load
24.185024,-35.4309,-25.3125,-24.7982,-0.5143,-81.334,-81.233,staircase1,no_load
24.195616,-35.4309,-26.2793,-25.8263,-0.4530,-91.276,-102.810,staircase1,no_load
24.206154,-35.4309,-27.2461,-26.8960,-0.3501,-91.744,-106.974,staircase1,no_load
24.216797,-35.4309,-28.3008,-27.9403,-0.3605,-99.098,-104.427,staircase1,no_load
24.227718,-35.4309,-29.3555,-28.9191,-0.4364,-96.575,-97.877,staircase1,no_load
24.237959,-35.4309,-30.2344,-29.8108,-0.4236,-85.822,-89.177,staircase1,no_load
24.248236,-35.4309,-30.9375,-30.6065,-0.3310,-68.415,-79.569,staircase1,no_load
24.259021,-35.4309,-31.5527,-31.3051,-0.2476,-57.042,-69.859,staircase1,no_load
24.269647,-35.4309,-32.0801,-31.9106,-0.1695,-49.633,-60.550,staircase1,no_load
24.280247,-35.4309,-32.3438,-32.6598,0.3160,-24.877,-49.949,staircase1,no_load
24.290844,-35.4309,-32.6953,-33.0657,0.3704,-33.17,-40.590,staircase1,no_load
24.30131,-35.4309,-32.9590,-33.4071,0.4481,-25.196,-34.134,staircase1,no_load
24.311723,-35.4309,-33.1348,-33.6924,0.5576,-16.883,-28.533,staircase1,no_load
24.321997,-35.4309,-33.3105,-33.9296,0.6191,-17.101,-23.723,staircase1,no_load
24.332429,-35.4309,-33.5742,-34.1259,0.5517,-25.278,-19.631,staircase1,no_load
24.342966,-35.4309,-33.7500,-34.2877,0.5377,-16.684,-16.176,staircase1,no_load
24.353406,-35.4309,-33.8379,-34.4205,0.5826,-8.42,-13.278,staircase1,no_load
24.363643,-35.4309,-33.9258,-34.5291,0.6033,-8.586,-10.861,staircase1,no_load
24.374482,-35.4309,-34.0137,-34.6176,0.6039,-8.11,-8.855,staircase1,no_load
24.384984,-35.4309,-34.1016,-34.6896,0.5880,-8.37,-7.198,staircase1,no_load
24.395562,-35.4309,-34.1016,-34.7728,0.6712,0.0,-5.547,staircase1,no_load
24.406182,-35.4309,-34.1895,-34.8152,0.6257,-8.277,-4.239,staircase1,no_load
24.41676,-35.4309,-34.1895,-34.8494,0.6599,0.0,-3.415,staircase1,no_load
24.42738,-35.4309,-34.1895,-34.8768,0.6873,0.0,-2.745,staircase1,no_load
24.437765,-35.4309,-34.1895,-34.8988,0.7093,0.0,-2.202,staircase1,no_load
24.448071,-35.4309,-34.1895,-34.9165,0.7270,0.0,-1.763,staircase1,no_load
24.458664,-35.4309,-34.1895,-34.9306,0.7411,0.0,-1.408,staircase1,no_load
24.469245,-35.4309,-34.2773,-34.9418,0.6645,-8.298,-1.123,staircase1,no_load
24.479669,-35.4309,-34.2773,-34.9507,0.6734,0.0,-0.894,staircase1,no_load
24.489963,-35.4309,-34.2773,-34.9578,0.6805,0.0,-0.710,staircase1,no_load
24.500502,-35.4309,-34.2773,-34.9658,0.6885,0.0,-0.533,staircase1,no_load
24.51093,-35.4309,-34.2773,-34.9698,0.6925,0.0,-0.397,staircase1,no_load
24.52142,-35.4309,-34.2773,-34.9729,0.6956,0.0,-0.314,staircase1,no_load
24.531869,-35.4309,-34.2773,-34.9754,0.6981,0.0,-0.247,staircase1,no_load
24.542261,-35.4309,-34.2773,-34.9773,0.7000,0.0,-0.195,staircase1,no_load
24.552627,-35.4309,-34.2773,-34.9789,0.7016,0.0,-0.153,staircase1,no_load
24.563201,-35.4309,-34.2773,-34.9801,0.7028,0.0,-0.125,staircase1,no_load
24.573497,-35.4309,-34.2773,-34.9813,0.7040,0.0,-0.113,staircase1,no_load
24.583986,-35.4309,-34.2773,-34.9823,0.7050,0.0,-0.108,staircase1,no_load
24.594739,-35.4309,-34.2773,-34.9834,0.7061,0.0,-0.106,staircase1,no_load
24.605163,-35.4309,-34.2773,-34.9850,0.7077,0.0,-0.104,staircase1,no_load
24.615841,-35.4309,-34.2773,-34.9860,0.7087,0.0,-0.103,staircase1,no_load
24.626575,-35.4309,-34.2773,-34.9870,0.7097,0.0,-0.102,staircase1,no_load
24.637062,-35.4309,-34.2773,-34.9880,0.7107,0.0,-0.102,staircase1,no_load
24.647724,-35.4309,-34.2773,-34.9890,0.7117,0.0,-0.101,staircase1,no_load
24.658658,-35.4309,-34.2773,-34.9900,0.7127,0.0,-0.100,staircase1,no_load
24.669982,-35.4309,-34.2773,-34.9910,0.7137,0.0,-0.100,staircase1,no_load
24.68036,-35.4309,-34.2773,-34.9925,0.7152,0.0,-0.099,staircase1,no_load
24.690695,-35.4309,-34.2773,-34.9935,0.7162,0.0,-0.098,staircase1,no_load
24.701155,-35.4309,-34.2773,-34.9945,0.7172,0.0,-0.097,staircase1,no_load
24.712033,-35.4309,-34.2773,-34.9954,0.7181,0.0,-0.097,staircase1,no_load
24.722406,-35.4309,-34.2773,-34.9964,0.7191,0.0,-0.096,staircase1,no_load
24.732587,-35.4309,-34.2773,-34.9974,0.7201,0.0,-0.095,staircase1,no_load
24.743101,-35.4309,-34.2773,-34.9983,0.7210,0.0,-0.095,staircase1,no_load
24.754065,-35.4309,-34.2773,-34.9992,0.7219,0.0,-0.094,staircase1,no_load
24.764827,-35.4309,-34.2773,-35.0002,0.7229,0.0,-0.093,staircase1,no_load
24.77518,-35.4309,-34.2773,-35.0016,0.7243,0.0,-0.092,staircase1,no_load
24.785402,-35.4309,-34.2773,-35.0025,0.7252,0.0,-0.092,staircase1,no_load
24.795944,-35.4309,-34.2773,-35.0034,0.7261,0.0,-0.091,staircase1,no_load
24.806725,-35.4309,-34.2773,-35.0043,0.7270,0.0,-0.090,staircase1,no_load
24.817341,-35.4309,-34.2773,-35.0052,0.7279,0.0,-0.090,staircase1,no_load
24.827647,-35.4309,-34.2773,-35.0061,0.7288,0.0,-0.089,staircase1,no_load
24.837765,-35.4309,-34.2773,-35.0070,0.7297,0.0,-0.089,staircase1,no_load
24.848806,-35.4309,-34.2773,-35.0078,0.7305,0.0,-0.088,staircase1,no_load
24.859065,-35.4309,-34.2773,-35.0087,0.7314,0.0,-0.087,staircase1,no_load
24.869373,-35.4309,-34.2773,-35.0096,0.7323,0.0,-0.087,staircase1,no_load
24.87978,-35.4309,-34.2773,-35.0104,0.7331,0.0,-0.086,staircase1,no_load
24.890459,-35.4309,-34.2773,-35.0117,0.7344,0.0,-0.085,staircase1,no_load
24.90067,-35.4309,-34.2773,-35.0126,0.7353,0.0,-0.085,staircase1,no_load
24.911035,-35.4309,-34.2773,-35.0134,0.7361,0.0,-0.084,staircase1,no_load
24.921566,-35.4309,-34.2773,-35.0143,0.7370,0.0,-0.084,staircase1,no_load
24.932007,-35.4309,-34.2773,-35.0151,0.7378,0.0,-0.083,staircase1,no_load
24.942552,-35.4309,-34.2773,-35.0159,0.7386,0.0,-0.082,staircase1,no_load
24.953028,-35.4309,-34.2773,-35.0167,0.7394,0.0,-0.082,staircase1,no_load
24.963243,-35.4309,-34.2773,-35.0175,0.7402,0.0,-0.081,staircase1,no_load
24.973523,-35.4309,-34.2773,-35.0183,0.7410,0.0,-0.081,staircase1,no_load
24.984564,-35.4309,-34.2773,-35.0191,0.7418,0.0,-0.080,staircase1,no_load
24.995332,-35.4309,-34.2773,-35.0203,0.7430,0.0,-0.079,staircase1,no_load
25.005631,-35.4309,-34.2773,-35.0211,0.7438,0.0,-0.079,staircase1,no_load
25.015815,-35.4309,-34.2773,-35.0219,0.7446,0.0,-0.078,staircase1,no_load
25.026128,-35.4309,-34.2773,-35.0227,0.7454,0.0,-0.078,staircase1,no_load
25.036423,-35.4309,-34.2773,-35.0234,0.7461,0.0,-0.077,staircase1,no_load
25.047002,-35.4309,-34.2773,-35.0242,0.7469,0.0,-0.077,staircase1,no_load
25.057784,-35.4309,-34.2773,-35.0250,0.7477,0.0,-0.076,staircase1,no_load
25.068127,-35.4309,-34.2773,-35.0257,0.7484,0.0,-0.076,staircase1,no_load
25.078373,-35.4309,-34.2773,-35.0265,0.7492,0.0,-0.075,staircase1,no_load
25.090941,-35.4309,-34.2773,-35.0276,0.7503,0.0,-0.074,staircase1,no_load
25.101411,-35.4309,-34.2773,-35.0283,0.7510,0.0,-0.074,staircase1,no_load
25.112044,-35.4309,-34.2773,-35.0291,0.7518,0.0,-0.073,staircase1,no_load
25.122422,-35.4309,-34.2773,-35.0298,0.7525,0.0,-0.073,staircase1,no_load
25.132868,-35.4309,-34.2773,-35.0305,0.7532,0.0,-0.072,staircase1,no_load
25.143265,-35.4309,-34.2773,-35.0312,0.7539,0.0,-0.072,staircase1,no_load
25.153606,-35.4309,-34.2773,-35.0319,0.7546,0.0,-0.071,staircase1,no_load
25.164689,-35.4309,-34.2773,-35.0326,0.7553,0.0,-0.071,staircase1,no_load
25.174848,-35.4309,-34.2773,-35.0333,0.7560,0.0,-0.070,staircase1,no_load
25.185671,-35.4309,-34.2773,-35.0344,0.7571,0.0,-0.070,staircase1,no_load
25.195951,-35.4309,-34.2773,-35.0351,0.7578,0.0,-0.069,staircase1,no_load
25.206409,-35.4309,-34.2773,-35.0358,0.7585,0.0,-0.068,staircase1,no_load
25.216704,-35.4309,-34.2773,-35.0364,0.7591,0.0,-0.068,staircase1,no_load
25.227025,-35.4309,-34.2773,-35.0371,0.7598,0.0,-0.068,staircase1,no_load
25.237397,-35.4309,-34.2773,-35.0378,0.7605,0.0,-0.067,staircase1,no_load
25.24862,-35.4309,-34.2773,-35.0385,0.7612,0.0,-0.067,staircase1,no_load
25.25924,-35.4309,-34.2773,-35.0391,0.7618,0.0,-0.066,staircase1,no_load
25.269733,-35.4309,-34.2773,-35.0398,0.7625,0.0,-0.066,staircase1,no_load
25.280045,-35.4309,-34.2773,-35.0408,0.7635,0.0,-0.065,staircase1,no_load
25.290166,-35.4309,-34.2773,-35.0414,0.7641,0.0,-0.065,staircase1,no_load
25.301311,-35.4309,-34.2773,-35.0420,0.7647,0.0,-0.064,staircase1,no_load
25.311489,-35.4309,-34.2773,-35.0427,0.7654,0.0,-0.064,staircase1,no_load
25.321783,-35.4309,-34.2773,-35.0433,0.7660,0.0,-0.063,staircase1,no_load
25.332251,-35.4309,-34.2773,-35.0439,0.7666,0.0,-0.063,staircase1,no_load
25.342633,-35.4309,-34.2773,-35.0446,0.7673,0.0,-0.062,staircase1,no_load
25.353141,-35.4309,-34.2773,-35.0452,0.7679,0.0,-0.062,staircase1,no_load
25.363788,-35.4309,-34.2773,-35.0458,0.7685,0.0,-0.061,staircase1,no_load
25.374208,-35.4309,-34.2773,-35.0464,0.7691,0.0,-0.061,staircase1,no_load
25.385079,-35.4309,-34.2773,-35.0473,0.7700,0.0,-0.061,staircase1,no_load
25.395254,-35.4309,-34.2773,-35.0479,0.7706,0.0,-0.060,staircase1,no_load
25.405522,-35.4309,-34.2773,-35.0485,0.7712,0.0,-0.060,staircase1,no_load
25.416192,-35.4309,-34.2773,-35.0491,0.7718,0.0,-0.059,staircase1,no_load
25.426823,-35.4309,-34.2773,-35.0497,0.7724,0.0,-0.059,staircase1,no_load
25.43734,-35.4309,-34.2773,-35.0503,0.7730,0.0,-0.058,staircase1,no_load
25.447719,-35.4309,-34.2773,-35.0509,0.7736,0.0,-0.058,staircase1,no_load
25.457847,-35.4309,-34.2773,-35.0514,0.7741,0.0,-0.058,staircase1,no_load
25.468903,-35.4309,-34.2773,-35.0520,0.7747,0.0,-0.057,staircase1,no_load
25.479098,-35.4309,-34.2773,-35.0526,0.7753,0.0,-0.057,staircase1,no_load
25.489654,-35.4309,-34.2773,-35.0531,0.7758,0.0,-0.056,staircase1,no_load
25.499784,-35.4309,-34.2773,-35.0537,0.7764,0.0,-0.056,staircase1,no_load
25.510241,-35.4309,-34.2773,-35.0545,0.7772,0.0,-0.055,staircase1,no_load
25.521359,-35.4309,-34.2773,-35.0551,0.7778,0.0,-0.055,staircase1,no_load
25.531983,-35.4309,-34.2773,-35.0556,0.7783,0.0,-0.055,staircase1,no_load
25.542644,-35.4309,-34.2773,-35.0562,0.7789,0.0,-0.054,staircase1,no_load
25.553718,-35.4309,-34.2773,-35.0567,0.7794,0.0,-0.054,staircase1,no_load
25.564047,-35.4309,-34.2773,-35.0572,0.7799,0.0,-0.054,staircase1,no_load
25.574629,-35.4309,-34.2773,-35.0578,0.7805,0.0,-0.053,staircase1,no_load
25.584906,-35.4309,-34.2773,-35.0583,0.7810,0.0,-0.053,staircase1,no_load
25.595028,-35.4309,-34.2773,-35.0591,0.7818,0.0,-0.052,staircase1,no_load
25.605677,-35.4309,-34.2773,-35.0596,0.7823,0.0,-0.052,staircase1,no_load
25.615925,-35.4309,-34.2773,-35.0601,0.7828,0.0,-0.051,staircase1,no_load
25.627158,-35.4309,-34.2773,-35.0606,0.7833,0.0,-0.051,staircase1,no_load
25.638207,-35.4309,-34.2773,-35.0611,0.7838,0.0,-0.051,staircase1,no_load
25.648728,-35.4309,-34.2773,-35.0616,0.7843,0.0,-0.050,staircase1,no_load
25.659073,-35.4309,-34.2773,-35.0621,0.7848,0.0,-0.050,staircase1,no_load
25.669645,-35.4309,-34.2773,-35.0626,0.7853,0.0,-0.050,staircase1,no_load
25.680208,-35.4309,-34.2773,-35.0634,0.7861,0.0,-0.049,staircase1,no_load
25.690414,-35.4309,-34.2773,-35.0639,0.7866,0.0,-0.049,staircase1,no_load
25.702043,-47.2412,-34.2773,-35.0643,0.7870,0.0,-0.049,staircase1,no_load
25.713002,-47.2412,-34.2773,-35.0648,0.7875,0.0,-0.048,staircase1,no_load
25.723582,-47.2412,-34.2773,-35.0653,0.7880,0.0,-0.048,staircase1,no_load
25.734187,-47.2412,-34.2773,-35.0658,0.7885,0.0,-0.048,staircase1,no_load
25.744876,-47.2412,-34.4531,-35.0663,0.6132,-16.447,-0.047,staircase1,no_load
25.75504,-47.2412,-34.8926,-35.0670,0.1744,-43.241,-0.047,staircase1,no_load
25.765593,-47.2412,-35.4199,-35.0674,-0.3525,-49.967,-0.046,staircase1,no_load
25.775962,-47.2412,-36.0352,-35.4296,-0.6056,-59.34,-36.213,staircase1,no_load
25.786937,-47.2412,-36.9141,-36.1836,-0.7305,-80.082,-75.405,staircase1,no_load
25.797337,-47.2412,-37.8809,-37.1559,-0.7250,-92.962,-97.225,staircase1,no_load
25.808235,-47.2412,-38.9355,-38.2161,-0.7194,-96.77,-106.025,staircase1,no_load
25.818496,-47.2412,-39.9023,-39.2799,-0.6224,-94.221,-106.383,staircase1,no_load
25.828657,-47.2412,-40.8691,-40.2953,-0.5738,-95.148,-101.532,staircase1,no_load
25.839122,-47.2412,-41.8359,-41.2323,-0.6036,-92.384,-93.708,staircase1,no_load
25.849433,-47.2412,-42.5391,-42.0766,-0.4625,-68.199,-84.427,staircase1,no_load
25.859936,-47.2412,-43.2422,-42.8235,-0.4187,-66.943,-74.691,staircase1,no_load
25.870239,-47.2412,-43.6816,-43.7665,0.0849,-42.648,-62.864,staircase1,no_load
25.880672,-47.2412,-44.0332,-44.2859,0.2527,-33.701,-51.948,staircase1,no_load
25.891027,-47.2412,-44.3848,-44.7277,0.3429,-33.955,-44.171,staircase1,no_load
25.90132,-47.2412,-44.6484,-45.1004,0.4520,-25.61,-37.279,staircase1,no_load
25.911525,-47.2412,-45.0000,-45.4131,0.4131,-34.454,-31.260,staircase1,no_load
25.921833,-47.2412,-45.1758,-45.6737,0.4979,-17.055,-26.066,staircase1,no_load
25.932049,-47.2412,-45.3516,-45.8900,0.5384,-17.208,-21.626,staircase1,no_load
25.942785,-47.2412,-45.6152,-46.0686,0.4534,-24.553,-17.862,staircase1,no_load
25.953197,-47.2412,-45.7031,-46.2155,0.5124,-8.442,-14.695,staircase1,no_load
25.963956,-47.2412,-45.8789,-46.3360,0.4571,-16.34,-12.045,staircase1,no_load
25.974414,-47.2412,-46.0547,-46.4344,0.3797,-16.81,-9.840,staircase1,no_load
25.984839,-47.2412,-46.1426,-46.5145,0.3719,-8.432,-8.015,staircase1,no_load
25.995134,-47.2412,-46.2305,-46.6074,0.3769,-8.538,-6.190,staircase1,no_load
26.005918,-47.2412,-46.2305,-46.6548,0.4243,0.0,-4.741,staircase1,no_load
26.016631,-47.2412,-46.3184,-46.6930,0.3746,-8.205,-3.826,staircase1,no_load
26.027155,-47.2412,-46.4062,-46.7239,0.3177,-8.343,-3.081,staircase1,no_load
26.037567,-47.2412,-46.4062,-46.7486,0.3424,0.0,-2.475,staircase1,no_load
26.048238,-47.2412,-46.4062,-46.7685,0.3623,0.0,-1.985,staircase1,no_load
26.058786,-47.2412,-46.4941,-46.7843,0.2902,-8.333,-1.588,staircase1,no_load
26.069472,-47.2412,-46.5820,-46.7970,0.2150,-8.226,-1.269,staircase1,no_load
26.080078,-47.2412,-46.5820,-46.8114,0.2294,0.0,-0.958,staircase1,no_load
26.090399,-47.2412,-46.5820,-46.8186,0.2366,0.0,-0.718,staircase1,no_load
26.101034,-47.2412,-46.5820,-46.8243,0.2423,0.0,-0.570,staircase1,no_load
26.111419,-47.2412,-46.5820,-46.8288,0.2468,0.0,-0.452,staircase1,no_load
26.122519,-47.2412,-46.5820,-46.8324,0.2504,0.0,-0.357,staircase1,no_load
26.132869,-47.2412,-46.5820,-46.8352,0.2532,0.0,-0.282,staircase1,no_load
26.143501,-47.2412,-46.5820,-46.8374,0.2554,0.0,-0.223,staircase1,no_load
26.154193,-47.2412,-46.5820,-46.8392,0.2572,0.0,-0.175,staircase1,no_load
26.164618,-47.2412,-46.5820,-46.8406,0.2586,0.0,-0.139,staircase1,no_load
26.175378,-47.2412,-46.5820,-46.8423,0.2603,0.0,-0.116,staircase1,no_load
26.186345,-47.2412,-46.5820,-46.8434,0.2614,0.0,-0.108,staircase1,no_load
26.197171,-47.2412,-46.5820,-46.8444,0.2624,0.0,-0.106,staircase1,no_load
26.208278,-47.2412,-46.5820,-46.8455,0.2635,0.0,-0.105,staircase1,no_load
26.2187,-47.2412,-46.5820,-46.8465,0.2645,0.0,-0.104,staircase1,no_load
26.229396,-47.2412,-46.5820,-46.8476,0.2656,0.0,-0.103,staircase1,no_load
26.239699,-47.2412,-46.5820,-46.8486,0.2666,0.0,-0.102,staircase1,no_load
26.25019,-47.2412,-46.5820,-46.8501,0.2681,0.0,-0.101,staircase1,no_load
26.260498,-47.2412,-46.5820,-46.8511,0.2691,0.0,-0.100,staircase1,no_load
26.270756,-47.2412,-46.5820,-46.8521,0.2701,0.0,-0.100,staircase1,no_load
26.28146,-47.2412,-46.5820,-46.8531,0.2711,0.0,-0.099,staircase1,no_load
26.291779,-47.2412,-46.5820,-46.8541,0.2721,0.0,-0.098,staircase1,no_load
26.302189,-47.2412,-46.5820,-46.8550,0.2730,0.0,-0.098,staircase1,no_load
26.312689,-47.2412,-46.5820,-46.8560,0.2740,0.0,-0.097,staircase1,no_load
26.323436,-47.2412,-46.5820,-46.8570,0.2750,0.0,-0.096,staircase1,no_load
26.33372,-47.2412,-46.5820,-46.8579,0.2759,0.0,-0.096,staircase1,no_load
26.344675,-47.2412,-46.5820,-46.8589,0.2769,0.0,-0.095,staircase1,no_load
26.355044,-47.2412,-46.5820,-46.8603,0.2783,0.0,-0.094,staircase1,no_load
26.365279,-47.2412,-46.5820,-46.8612,0.2792,0.0,-0.093,staircase1,no_load
26.376008,-47.2412,-46.5820,-46.8622,0.2802,0.0,-0.093,staircase1,no_load
26.387144,-47.2412,-46.5820,-46.8631,0.2811,0.0,-0.092,staircase1,no_load
26.397627,-47.2412,-46.5820,-46.8640,0.2820,0.0,-0.091,staircase1,no_load
26.408156,-47.2412,-46.5820,-46.8649,0.2829,0.0,-0.091,staircase1,no_load
26.418751,-47.2412,-46.5820,-46.8658,0.2838,0.0,-0.090,staircase1,no_load
26.429269,-47.2412,-46.5820,-46.8667,0.2847,0.0,-0.090,staircase1,no_load
26.439871,-47.2412,-46.5820,-46.8676,0.2856,0.0,-0.089,staircase1,no_load
26.450345,-47.2412,-46.5820,-46.8689,0.2869,0.0,-0.088,staircase1,no_load
26.460595,-47.2412,-46.5820,-46.8698,0.2878,0.0,-0.087,staircase1,no_load
26.471019,-47.2412,-46.5820,-46.8707,0.2887,0.0,-0.087,staircase1,no_load
26.481191,-47.2412,-46.5820,-46.8715,0.2895,0.0,-0.086,staircase1,no_load
26.491311,-47.2412,-46.5820,-46.8724,0.2904,0.0,-0.086,staircase1,no_load
26.502344,-47.2412,-46.5820,-46.8732,0.2912,0.0,-0.085,staircase1,no_load
26.512925,-47.2412,-46.5820,-46.8741,0.2921,0.0,-0.084,staircase1,no_load
26.523308,-47.2412,-46.5820,-46.8749,0.2929,0.0,-0.084,staircase1,no_load
26.533748,-47.2412,-46.5820,-46.8757,0.2937,0.0,-0.083,staircase1,no_load
26.544217,-47.2412,-46.5820,-46.8766,0.2946,0.0,-0.083,staircase1,no_load
26.554793,-47.2412,-46.5820,-46.8774,0.2954,0.0,-0.082,staircase1,no_load
26.565471,-47.2412,-46.5820,-46.8786,0.2966,0.0,-0.081,staircase1,no_load
26.575901,-47.2412,-46.5820,-46.8794,0.2974,0.0,-0.081,staircase1,no_load
26.586114,-47.2412,-46.5820,-46.8802,0.2982,0.0,-0.080,staircase1,no_load
26.596541,-47.2412,-46.5820,-46.8810,0.2990,0.0,-0.080,staircase1,no_load
26.607393,-47.2412,-46.5820,-46.8818,0.2998,0.0,-0.079,staircase1,no_load
26.617858,-47.2412,-46.5820,-46.8826,0.3006,0.0,-0.079,staircase1,no_load
26.628249,-47.2412,-46.5820,-46.8834,0.3014,0.0,-0.078,staircase1,no_load
26.639236,-47.2412,-46.5820,-46.8841,0.3021,0.0,-0.077,staircase1,no_load
26.649926,-47.2412,-46.5820,-46.8849,0.3029,0.0,-0.077,staircase1,no_load
26.660455,-47.2412,-46.5820,-46.8861,0.3041,0.0,-0.076,staircase1,no_load
26.670716,-47.2412,-46.5820,-46.8868,0.3048,0.0,-0.076,staircase1,no_load
26.682065,-47.2412,-46.5820,-46.8876,0.3056,0.0,-0.075,staircase1,no_load
26.692412,-47.2412,-46.5820,-46.8883,0.3063,0.0,-0.075,staircase1,no_load
26.702872,-47.2412,-46.5820,-46.8890,0.3070,0.0,-0.074,staircase1,no_load
26.713444,-47.2412,-46.5820,-46.8898,0.3078,0.0,-0.074,staircase1,no_load
26.72442,-47.2412,-46.5820,-46.8905,0.3085,0.0,-0.073,staircase1,no_load
26.734926,-47.2412,-46.5820,-46.8912,0.3092,0.0,-0.072,staircase1,no_load
26.745818,-47.2412,-46.5820,-46.8923,0.3103,0.0,-0.072,staircase1,no_load
26.75696,-47.2412,-46.5820,-46.8930,0.3110,0.0,-0.071,staircase1,no_load
26.767585,-47.2412,-46.5820,-46.8937,0.3117,0.0,-0.071,staircase1,no_load
26.777745,-47.2412,-46.5820,-46.8944,0.3124,0.0,-0.070,staircase1,no_load
26.788403,-47.2412,-46.5820,-46.8951,0.3131,0.0,-0.070,staircase1,no_load
26.798828,-47.2412,-46.5820,-46.8958,0.3138,0.0,-0.069,staircase1,no_load
26.809156,-47.2412,-46.5820,-46.8965,0.3145,0.0,-0.069,staircase1,no_load
26.81941,-47.2412,-46.5820,-46.8972,0.3152,0.0,-0.068,staircase1,no_load
26.829851,-47.2412,-46.5820,-46.8979,0.3159,0.0,-0.068,staircase1,no_load
26.84048,-47.2412,-46.5820,-46.8989,0.3169,0.0,-0.067,staircase1,no_load
26.850904,-47.2412,-46.5820,-46.8996,0.3176,0.0,-0.067,staircase1,no_load
26.861118,-47.2412,-46.5820,-46.9002,0.3182,0.0,-0.066,staircase1,no_load
26.871415,-47.2412,-46.5820,-46.9009,0.3189,0.0,-0.066,staircase1,no_load
26.882113,-47.2412,-46.5820,-46.9015,0.3195,0.0,-0.065,staircase1,no_load
26.892916,-47.2412,-46.5820,-46.9022,0.3202,0.0,-0.065,staircase1,no_load
26.903422,-47.2412,-46.5820,-46.9028,0.3208,0.0,-0.064,staircase1,no_load
26.913805,-47.2412,-46.5820,-46.9035,0.3215,0.0,-0.064,staircase1,no_load
26.923994,-47.2412,-46.5820,-46.9041,0.3221,0.0,-0.064,staircase1,no_load
26.934543,-47.2412,-46.5820,-46.9047,0.3227,0.0,-0.063,staircase1,no_load
26.944847,-47.2412,-46.5820,-46.9054,0.3234,0.0,-0.063,staircase1,no_load
26.955116,-47.2412,-46.5820,-46.9063,0.3243,0.0,-0.062,staircase1,no_load
26.965863,-47.2412,-46.5820,-46.9069,0.3249,0.0,-0.062,staircase1,no_load
26.976373,-47.2412,-46.5820,-46.9075,0.3255,0.0,-0.061,staircase1,no_load
26.986709,-47.2412,-46.5820,-46.9081,0.3261,0.0,-0.061,staircase1,no_load
26.997155,-47.2412,-46.5820,-46.9087,0.3267,0.0,-0.060,staircase1,no_load
27.007723,-47.2412,-46.5820,-46.9093,0.3273,0.0,-0.060,staircase1,no_load
27.018447,-47.2412,-46.5820,-46.9099,0.3279,0.0,-0.059,staircase1,no_load
27.029076,-47.2412,-46.5820,-46.9105,0.3285,0.0,-0.059,staircase1,no_load
27.039628,-47.2412,-46.5820,-46.9111,0.3291,0.0,-0.059,staircase1,no_load
27.050308,-47.2412,-46.5820,-46.9120,0.3300,0.0,-0.058,staircase1,no_load
27.061006,-47.2412,-46.5820,-46.9125,0.3305,0.0,-0.058,staircase1,no_load
27.071328,-47.2412,-46.5820,-46.9131,0.3311,0.0,-0.057,staircase1,no_load
27.081735,-47.2412,-46.5820,-46.9137,0.3317,0.0,-0.057,staircase1,no_load
27.092002,-47.2412,-46.5820,-46.9142,0.3322,0.0,-0.056,staircase1,no_load
27.102347,-47.2412,-46.5820,-46.9148,0.3328,0.0,-0.056,staircase1,no_load
27.112764,-47.2412,-46.5820,-46.9154,0.3334,0.0,-0.056,staircase1,no_load
27.123313,-47.2412,-46.5820,-46.9159,0.3339,0.0,-0.055,staircase1,no_load
27.133522,-47.2412,-46.5820,-46.9165,0.3345,0.0,-0.055,staircase1,no_load
27.143873,-47.2412,-46.5820,-46.9170,0.3350,0.0,-0.055,staircase1,no_load
27.154133,-47.2412,-46.5820,-46.9176,0.3356,0.0,-0.054,staircase1,no_load
27.164891,-47.2412,-46.5820,-46.9181,0.3361,0.0,-0.054,staircase1,no_load
27.175532,-47.2412,-46.5820,-46.9189,0.3369,0.0,-0.053,staircase1,no_load
27.186455,-47.2412,-46.5820,-46.9194,0.3374,0.0,-0.053,staircase1,no_load
27.196756,-47.2412,-46.5820,-46.9199,0.3379,0.0,-0.052,staircase1,no_load
27.207042,-47.2412,-46.5820,-46.9205,0.3385,0.0,-0.052,staircase1,no_load
27.217363,-47.2412,-46.5820,-46.9210,0.3390,0.0,-0.052,staircase1,no_load
27.227736,-47.2412,-46.5820,-46.9215,0.3395,0.0,-0.051,staircase1,no_load
27.238321,-47.2412,-46.5820,-46.9220,0.3400,0.0,-0.051,staircase1,no_load
27.248658,-47.2412,-46.5820,-46.9225,0.3405,0.0,-0.051,staircase1,no_load
27.259313,-47.2412,-46.5820,-46.9230,0.3410,0.0,-0.050,staircase1,no_load
27.269654,-47.2412,-46.5820,-46.9235,0.3415,0.0,-0.050,staircase1,no_load
27.280107,-47.2412,-46.5820,-46.9243,0.3423,0.0,-0.050,staircase1,no_load
27.290681,-47.2412,-46.5820,-46.9247,0.3427,0.0,-0.049,staircase1,no_load
27.300792,-47.2412,-46.5820,-46.9252,0.3432,0.0,-0.049,staircase1,no_load
