time,time_since_command,joint_name,commanded_norm,actual_norm,commanded_deg,actual_deg,raw_ticks,speed_raw,load_raw,current_raw,voltage,temperature,experiment_id,load_condition,measured_vel_deg_s
0.001658,5e-06,elbow_flex,0.0,-0.0898,0.0,-0.0879,1971,0,0,0,12.2,35,step_10,no_load,0.0
0.012496,0.010843,elbow_flex,0.0,-0.0898,0.0,-0.0879,1971,0,0,0,12.2,35,step_10,no_load,0.0
0.023346,0.021694,elbow_flex,0.0,-0.0898,0.0,-0.0879,1971,0,0,0,12.2,35,step_10,no_load,0.0
0.03427,0.032618,elbow_flex,0.0,-0.0898,0.0,-0.0879,1971,0,0,0,12.2,34,step_10,no_load,0.0
0.044828,0.043175,elbow_flex,0.0,-0.0898,0.0,-0.0879,1971,0,0,0,12.2,35,step_10,no_load,0.0
0.055628,0.053976,elbow_flex,0.0,-0.0898,0.0,-0.0879,1971,0,0,0,12.2,34,step_10,no_load,0.0
0.066208,0.064556,elbow_flex,0.0,-0.0898,0.0,-0.0879,1971,0,0,0,12.2,34,step_10,no_load,0.0
0.077115,0.075462,elbow_flex,0.0,-0.0898,0.0,-0.0879,1971,0,0,0,12.2,35,step_10,no_load,0.0
0.087576,0.085924,elbow_flex,0.0,-0.0898,0.0,-0.0879,1971,0,0,0,12.2,35,step_10,no_load,0.0
0.097883,0.09623,elbow_flex,0.0,-0.0898,0.0,-0.0879,1971,0,0,0,12.2,35,step_10,no_load,0.0
0.108431,0.106779,elbow_flex,0.0,-0.0898,0.0,-0.0879,1971,0,0,0,12.2,35,step_10,no_load,0.0
0.119008,0.117355,elbow_flex,0.0,-0.0898,0.0,-0.0879,1971,0,0,0,12.2,35,step_10,no_load,0.0
0.12964,0.127988,elbow_flex,0.0,-0.0898,0.0,-0.0879,1971,0,0,0,12.2,35,step_10,no_load,0.0
0.139995,0.138343,elbow_flex,0.0,-0.0898,0.0,-0.0879,1971,0,0,0,12.2,35,step_10,no_load,0.0
0.150557,0.148905,elbow_flex,0.0,-0.0898,0.0,-0.0879,1971,0,0,0,12.2,35,step_10,no_load,0.0
0.160857,0.159204,elbow_flex,0.0,-0.0898,0.0,-0.0879,1971,0,0,0,12.2,35,step_10,no_load,0.0
0.171317,0.169665,elbow_flex,0.0,-0.0898,0.0,-0.0879,1971,0,0,0,12.2,35,step_10,no_load,0.0
0.182419,0.180766,elbow_flex,0.0,-0.0898,0.0,-0.0879,1971,0,0,0,12.2,35,step_10,no_load,0.0
0.193345,0.191693,elbow_flex,0.0,-0.0898,0.0,-0.0879,1971,0,0,0,12.2,35,step_10,no_load,0.0
0.204413,0.20276,elbow_flex,0.0,-0.0898,0.0,-0.0879,1971,0,0,0,12.3,35,step_10,no_load,0.0
0.215017,0.213364,elbow_flex,0.0,-0.0898,0.0,-0.0879,1971,0,0,0,12.2,35,step_10,no_load,0.0
0.226016,0.224364,elbow_flex,0.0,-0.0898,0.0,-0.0879,1971,0,0,0,12.2,35,step_10,no_load,0.0
0.236183,0.234531,elbow_flex,0.0,-0.0898,0.0,-0.0879,1971,0,0,0,12.2,35,step_10,no_load,0.0
0.246661,0.245008,elbow_flex,0.0,-0.0898,0.0,-0.0879,1971,0,0,0,12.2,35,step_10,no_load,0.0
0.257664,0.256011,elbow_flex,0.0,-0.0898,0.0,-0.0879,1971,0,0,0,12.2,35,step_10,no_load,0.0
0.268484,0.266832,elbow_flex,0.0,-0.0898,0.0,-0.0879,1971,0,0,0,12.2,35,step_10,no_load,0.0
0.278663,0.277011,elbow_flex,0.0,-0.0898,0.0,-0.0879,1971,0,0,0,12.2,35,step_10,no_load,0.0
0.289642,0.28799,elbow_flex,0.0,-0.0898,0.0,-0.0879,1971,0,0,0,12.2,35,step_10,no_load,0.0
0.300242,0.29859,elbow_flex,0.0,-0.0898,0.0,-0.0879,1971,0,0,0,12.2,35,step_10,no_load,0.0
0.310796,0.309143,elbow_flex,0.0,-0.0898,0.0,-0.0879,1971,0,0,0,12.2,35,step_10,no_load,0.0
0.321425,0.319772,elbow_flex,0.0,-0.0898,0.0,-0.0879,1971,0,0,0,12.2,35,step_10,no_load,0.0
0.331735,0.330083,elbow_flex,0.0,-0.0898,0.0,-0.0879,1971,0,0,0,12.2,35,step_10,no_load,0.0
0.342346,0.340694,elbow_flex,0.0,-0.0898,0.0,-0.0879,1971,0,0,0,12.2,35,step_10,no_load,0.0
0.35239,0.350738,elbow_flex,0.0,-0.0898,0.0,-0.0879,1971,0,0,0,12.2,34,step_10,no_load,0.0
0.362976,0.361324,elbow_flex,0.0,-0.0898,0.0,-0.0879,1971,0,0,0,12.3,35,step_10,no_load,0.0
0.373321,0.371668,elbow_flex,0.0,-0.0898,0.0,-0.0879,1971,0,0,0,12.2,34,step_10,no_load,0.0
0.383838,0.382186,elbow_flex,0.0,-0.0898,0.0,-0.0879,1971,0,0,0,12.2,35,step_10,no_load,0.0
0.394436,0.392784,elbow_flex,0.0,-0.0898,0.0,-0.0879,1971,0,0,0,12.2,35,step_10,no_load,0.0
0.40541,0.403757,elbow_flex,0.0,-0.0898,0.0,-0.0879,1971,0,0,0,12.2,35,step_10,no_load,0.0
0.416391,0.414739,elbow_flex,0.0,-0.0898,0.0,-0.0879,1971,0,0,0,12.2,35,step_10,no_load,0.0
0.426753,0.4251,elbow_flex,0.0,-0.0898,0.0,-0.0879,1971,0,0,0,12.2,35,step_10,no_load,0.0
0.437283,0.43563,elbow_flex,0.0,-0.0898,0.0,-0.0879,1971,0,0,0,12.2,35,step_10,no_load,0.0
0.448356,0.446704,elbow_flex,0.0,-0.0898,0.0,-0.0879,1971,0,0,0,12.2,35,step_10,no_load,0.0
0.458842,0.457189,elbow_flex,0.0,-0.0898,0.0,-0.0879,1971,0,0,0,12.2,34,step_10,no_load,0.0
0.469897,0.468245,elbow_flex,0.0,-0.0898,0.0,-0.0879,1971,0,0,0,12.2,35,step_10,no_load,0.0
0.480529,0.478876,elbow_flex,0.0,-0.0898,0.0,-0.0879,1971,0,0,0,12.2,34,step_10,no_load,0.0
0.491547,0.489894,elbow_flex,0.0,-0.0898,0.0,-0.0879,1971,0,0,0,12.2,35,step_10,no_load,0.0
0.501704,0.500051,elbow_flex,0.0,-0.0898,0.0,-0.0879,1971,0,0,0,12.2,35,step_10,no_load,0.0
0.512235,0.510583,elbow_flex,0.0,-0.0898,0.0,-0.0879,1971,0,0,0,12.3,35,step_10,no_load,0.0
0.522704,0.521051,elbow_flex,0.0,-0.0898,0.0,-0.0879,1971,0,0,0,12.2,35,step_10,no_load,0.0
0.532831,0.531179,elbow_flex,0.0,-0.0898,0.0,-0.0879,1971,0,0,0,12.2,35,step_10,no_load,0.0
0.543494,0.541841,elbow_flex,0.0,-0.0898,0.0,-0.0879,1971,0,0,0,12.3,35,step_10,no_load,0.0
0.554042,0.55239,elbow_flex,0.0,-0.0898,0.0,-0.0879,1971,0,0,0,12.2,35,step_10,no_load,0.0
0.564246,0.562593,elbow_flex,0.0,-0.0898,0.0,-0.0879,1971,0,0,0,12.3,35,step_10,no_load,0.0
0.575208,0.573555,elbow_flex,0.0,-0.0898,0.0,-0.0879,1971,0,0,0,12.2,35,step_10,no_load,0.0
0.586543,0.584891,elbow_flex,0.0,-0.0898,0.0,-0.0879,1971,0,0,0,12.2,35,step_10,no_load,0.0
0.597681,0.596028,elbow_flex,0.0,-0.0898,0.0,-0.0879,1971,0,0,0,12.2,35,step_10,no_load,0.0
0.608306,0.606654,elbow_flex,0.0,-0.0898,0.0,-0.0879,1971,0,0,0,12.2,35,step_10,no_load,0.0
0.619407,0.617755,elbow_flex,0.0,-0.0898,0.0,-0.0879,1971,0,0,0,12.2,35,step_10,no_load,0.0
0.630039,0.628387,elbow_flex,0.0,-0.0898,0.0,-0.0879,1971,0,0,0,12.2,35,step_10,no_load,0.0
0.640958,0.639305,elbow_flex,0.0,-0.0898,0.0,-0.0879,1971,0,0,0,12.2,35,step_10,no_load,0.0
0.65215,0.650498,elbow_flex,0.0,-0.0898,0.0,-0.0879,1971,0,0,0,12.3,35,step_10,no_load,0.0
0.663175,0.661523,elbow_flex,0.0,-0.0898,0.0,-0.0879,1971,0,0,0,12.2,35,step_10,no_load,0.0
0.673803,0.67215,elbow_flex,0.0,-0.0898,0.0,-0.0879,1971,0,0,0,12.2,34,step_10,no_load,0.0
0.684516,0.682864,elbow_flex,0.0,-0.0898,0.0,-0.0879,1971,0,0,0,12.2,35,step_10,no_load,0.0
0.695123,0.693471,elbow_flex,0.0,-0.0898,0.0,-0.0879,1971,0,0,0,12.2,35,step_10,no_load,0.0
0.705288,0.703636,elbow_flex,0.0,-0.0898,0.0,-0.0879,1971,0,0,0,12.2,35,step_10,no_load,0.0
0.715912,0.71426,elbow_flex,0.0,-0.0898,0.0,-0.0879,1971,0,0,0,12.2,35,step_10,no_load,0.0
0.726957,0.725305,elbow_flex,0.0,-0.0898,0.0,-0.0879,1971,0,0,0,12.2,34,step_10,no_load,0.0
0.737545,0.735892,elbow_flex,0.0,-0.0898,0.0,-0.0879,1971,0,0,0,12.2,35,step_10,no_load,0.0
0.747899,0.746246,elbow_flex,0.0,-0.0898,0.0,-0.0879,1971,0,0,0,12.2,35,step_10,no_load,0.0
0.758465,0.756813,elbow_flex,0.0,-0.0898,0.0,-0.0879,1971,0,0,0,12.2,35,step_10,no_load,0.0
0.769319,0.767667,elbow_flex,0.0,-0.0898,0.0,-0.0879,1971,0,0,0,12.3,35,step_10,no_load,0.0
0.779964,0.778311,elbow_flex,0.0,-0.0898,0.0,-0.0879,1971,0,0,0,12.3,35,step_10,no_load,0.0
0.790177,0.788525,elbow_flex,0.0,-0.0898,0.0,-0.0879,1971,0,0,0,12.2,35,step_10,no_load,0.0
0.800582,0.79893,elbow_flex,0.0,-0.0898,0.0,-0.0879,1971,0,0,0,12.2,34,step_10,no_load,0.0
0.810685,0.809033,elbow_flex,0.0,-0.0898,0.0,-0.0879,1971,0,0,0,12.2,35,step_10,no_load,0.0
0.821126,0.819473,elbow_flex,0.0,-0.0898,0.0,-0.0879,1971,0,0,0,12.2,34,step_10,no_load,0.0
0.83173,0.830077,elbow_flex,0.0,-0.0898,0.0,-0.0879,1971,0,0,0,12.2,35,step_10,no_load,0.0
0.842812,0.841159,elbow_flex,0.0,-0.0898,0.0,-0.0879,1971,0,0,0,12.2,35,step_10,no_load,0.0
0.853893,0.852241,elbow_flex,0.0,-0.0898,0.0,-0.0879,1971,0,0,0,12.2,35,step_10,no_load,0.0
0.864991,0.863338,elbow_flex,0.0,-0.0898,0.0,-0.0879,1971,0,0,0,12.2,34,step_10,no_load,0.0
0.875621,0.873969,elbow_flex,0.0,-0.0898,0.0,-0.0879,1971,0,0,0,12.2,35,step_10,no_load,0.0
0.886706,0.885054,elbow_flex,0.0,-0.0898,0.0,-0.0879,1971,0,0,0,12.3,35,step_10,no_load,0.0
0.89733,0.895678,elbow_flex,0.0,-0.0898,0.0,-0.0879,1971,0,0,0,12.3,35,step_10,no_load,0.0
0.908203,0.90655,elbow_flex,0.0,-0.0898,0.0,-0.0879,1971,0,0,0,12.2,35,step_10,no_load,0.0
0.919325,0.917672,elbow_flex,0.0,-0.0898,0.0,-0.0879,1971,0,0,0,12.2,35,step_10,no_load,0.0
0.930382,0.92873,elbow_flex,0.0,-0.0898,0.0,-0.0879,1971,0,0,0,12.2,35,step_10,no_load,0.0
0.941021,0.939369,elbow_flex,0.0,-0.0898,0.0,-0.0879,1971,0,0,0,12.2,35,step_10,no_load,0.0
0.952004,0.950352,elbow_flex,0.0,-0.0898,0.0,-0.0879,1971,0,0,0,12.2,35,step_10,no_load,0.0
0.962637,0.960984,elbow_flex,0.0,-0.0898,0.0,-0.0879,1971,0,0,0,12.2,35,step_10,no_load,0.0
0.972798,0.971146,elbow_flex,0.0,-0.0898,0.0,-0.0879,1971,0,0,0,12.2,35,step_10,no_load,0.0
0.983529,0.981876,elbow_flex,0.0,-0.0898,0.0,-0.0879,1971,0,0,0,12.2,35,step_10,no_load,0.0
0.994485,0.992833,elbow_flex,0.0,-0.0898,0.0,-0.0879,1971,0,0,0,12.2,35,step_10,no_load,0.0
1.005507,1.003855,elbow_flex,0.0,-0.0898,0.0,-0.0879,1971,0,0,0,12.2,35,step_10,no_load,0.0
1.016533,1.014881,elbow_flex,0.0,-0.0898,0.0,-0.0879,1971,0,0,0,12.2,35,step_10,no_load,0.0
1.027507,1.025855,elbow_flex,0.0,-0.0898,0.0,-0.0879,1971,0,0,0,12.2,35,step_10,no_load,0.0
1.038483,1.03683,elbow_flex,0.0,-0.0898,0.0,-0.0879,1971,0,0,0,12.3,35,step_10,no_load,0.0
1.049477,1.047824,elbow_flex,0.0,-0.0898,0.0,-0.0879,1971,0,0,0,12.2,35,step_10,no_load,0.0
1.060479,1.058826,elbow_flex,0.0,-0.0898,0.0,-0.0879,1971,0,0,0,12.3,35,step_10,no_load,0.0
1.071125,1.069472,elbow_flex,0.0,-0.0898,0.0,-0.0879,1971,0,0,0,12.2,35,step_10,no_load,0.0
1.082127,1.080475,elbow_flex,0.0,-0.0898,0.0,-0.0879,1971,0,0,0,12.3,35,step_10,no_load,0.0
1.093124,1.091472,elbow_flex,0.0,-0.0898,0.0,-0.0879,1971,0,0,0,12.2,35,step_10,no_load,0.0
1.104127,1.102474,elbow_flex,0.0,-0.0898,0.0,-0.0879,1971,0,0,0,12.2,35,step_10,no_load,0.0
1.115128,1.113475,elbow_flex,0.0,-0.0898,0.0,-0.0879,1971,0,0,0,12.2,35,step_10,no_load,0.0
1.126128,1.124475,elbow_flex,0.0,-0.0898,0.0,-0.0879,1971,0,0,0,12.2,35,step_10,no_load,0.0
1.137126,1.135474,elbow_flex,0.0,-0.0898,0.0,-0.0879,1971,0,0,0,12.2,35,step_10,no_load,0.0
1.148144,1.146491,elbow_flex,0.0,-0.0898,0.0,-0.0879,1971,0,0,0,12.2,35,step_10,no_load,0.0
1.159127,1.157475,elbow_flex,0.0,-0.0898,0.0,-0.0879,1971,0,0,0,12.2,34,step_10,no_load,0.0
1.170129,1.168476,elbow_flex,0.0,-0.0898,0.0,-0.0879,1971,0,0,0,12.2,35,step_10,no_load,0.0
1.181127,1.179474,elbow_flex,0.0,-0.0898,0.0,-0.0879,1971,0,0,0,12.2,34,step_10,no_load,0.0
1.192128,1.190476,elbow_flex,0.0,-0.0898,0.0,-0.0879,1971,0,0,0,12.2,35,step_10,no_load,0.0
1.203645,1e-06,elbow_flex,10.0,-0.0898,9.791,-0.0879,1971,0,0,0,12.2,35,step_10,no_load,0.0
1.214131,0.010487,elbow_flex,10.0,-0.0898,9.791,-0.0879,1971,0,1044,0,12.2,35,step_10,no_load,0.0
1.224681,0.021037,elbow_flex,10.0,-0.0898,9.791,-0.0879,1971,0,1080,2,12.2,35,step_10,no_load,0.0
1.235669,0.032025,elbow_flex,10.0,-0.0898,9.791,-0.0879,1971,0,1112,3,12.2,35,step_10,no_load,0.0
1.246658,0.043015,elbow_flex,10.0,0.0,9.791,0.0,1972,0,1192,8,12.2,35,step_10,no_load,7.999
1.257669,0.054025,elbow_flex,10.0,0.1795,9.791,0.1758,1974,100,1240,11,12.2,35,step_10,no_load,15.966
1.26866,0.065016,elbow_flex,10.0,0.5386,9.791,0.5273,1978,100,1320,21,12.2,35,step_10,no_load,31.981
1.279664,0.07602,elbow_flex,10.0,1.167,9.791,1.1426,1985,350,1364,22,12.2,35,step_10,no_load,55.916
1.290683,0.08704,elbow_flex,10.0,1.8851,9.791,1.8457,1993,350,1388,21,12.1,35,step_10,no_load,63.808
1.30178,0.098136,elbow_flex,10.0,2.693,9.791,2.6367,2002,700,1336,8,12.1,34,step_10,no_load,71.281
1.312707,0.109063,elbow_flex,10.0,3.6804,9.791,3.6035,2013,950,1324,6,12.2,35,step_10,no_load,88.478
1.323694,0.12005,elbow_flex,10.0,4.5781,9.791,4.4824,2023,950,1240,0,12.2,35,step_10,no_load,79.995
1.334732,0.131088,elbow_flex,10.0,5.7451,9.791,5.625,2036,1000,1192,0,12.2,35,step_10,no_load,103.515
1.345699,0.142056,elbow_flex,10.0,6.7325,9.791,6.5918,2047,1000,1088,0,12.2,35,step_10,no_load,88.155
1.356713,0.153069,elbow_flex,10.0,7.3609,9.791,7.207,2054,950,1068,0,12.2,35,step_10,no_load,55.856
1.367731,0.164087,elbow_flex,10.0,7.7199,9.791,7.5586,2058,950,1080,0,12.2,35,step_10,no_load,31.911
1.378278,0.174635,elbow_flex,10.0,8.079,9.791,7.9102,2062,400,1092,0,12.2,40,step_10,no_load,33.336
1.389271,0.185628,elbow_flex,10.0,8.3483,9.791,8.1738,2065,400,1076,0,12.2,35,step_10,no_load,23.979
1.400346,0.196702,elbow_flex,10.0,8.7074,9.791,8.5254,2069,300,1064,0,12.2,35,step_10,no_load,31.747
1.411233,0.20759,elbow_flex,10.0,8.8869,9.791,8.7012,2071,250,1056,0,12.2,35,step_10,no_load,16.148
1.421791,0.218148,elbow_flex,10.0,8.9767,9.791,8.7891,2072,250,1068,0,12.2,35,step_10,no_load,8.325
1.432883,0.229239,elbow_flex,10.0,9.0664,9.791,8.877,2073,100,1064,0,12.2,35,step_10,no_load,7.925
1.443787,0.240144,elbow_flex,10.0,9.0664,9.791,8.877,2073,100,1072,0,12.2,35,step_10,no_load,0.0
1.454804,0.25116,elbow_flex,10.0,9.1562,9.791,8.9648,2074,0,1068,0,12.2,35,step_10,no_load,7.97
1.465787,0.262143,elbow_flex,10.0,9.0664,9.791,8.877,2073,0,1072,0,12.2,35,step_10,no_load,-7.994
1.476785,0.273142,elbow_flex,10.0,8.9767,9.791,8.7891,2072,-50,1076,0,12.2,35,step_10,no_load,-7.992
1.487805,0.284161,elbow_flex,10.0,8.9767,9.791,8.7891,2072,-50,1088,1,12.2,35,step_10,no_load,0.0
1.49879,0.295147,elbow_flex,10.0,8.9767,9.791,8.7891,2072,0,1072,0,12.2,35,step_10,no_load,0.0
1.509858,0.306214,elbow_flex,10.0,9.1562,9.791,8.9648,2074,0,1068,0,12.2,35,step_10,no_load,15.875
1.520818,0.317174,elbow_flex,10.0,9.246,9.791,9.0527,2075,100,1060,0,12.2,34,step_10,no_load,8.02
1.531769,0.328125,elbow_flex,10.0,9.3357,9.791,9.1406,2076,100,1056,0,12.2,35,step_10,no_load,8.027
1.543133,0.33949,elbow_flex,10.0,9.4255,9.791,9.2285,2077,100,1052,0,12.3,35,step_10,no_load,7.735
1.553824,0.35018,elbow_flex,10.0,9.605,9.791,9.4043,2079,150,1044,1,12.2,35,step_10,no_load,16.444
1.56479,0.361146,elbow_flex,10.0,9.7846,9.791,9.5801,2081,150,24,0,12.2,34,step_10,no_load,16.031
1.575801,0.372157,elbow_flex,10.0,9.8743,9.791,9.668,2082,150,28,0,12.2,35,step_10,no_load,7.983
1.586819,0.383176,elbow_flex,10.0,9.9641,9.791,9.7559,2083,150,24,0,12.2,35,step_10,no_load,7.978
1.597789,0.394146,elbow_flex,10.0,9.9641,9.791,9.7559,2083,50,0,0,12.3,34,step_10,no_load,0.0
1.608797,0.405153,elbow_flex,10.0,9.9641,9.791,9.7559,2083,50,0,0,12.2,34,step_10,no_load,0.0
1.619352,0.415709,elbow_flex,10.0,9.9641,9.791,9.7559,2083,0,0,0,12.2,35,step_10,no_load,0.0
1.62991,0.426267,elbow_flex,10.0,9.9641,9.791,9.7559,2083,0,0,0,12.2,35,step_10,no_load,0.0
1.640928,0.437284,elbow_flex,10.0,9.9641,9.791,9.7559,2083,0,0,0,12.2,34,step_10,no_load,0.0
1.651959,0.448315,elbow_flex,10.0,9.8743,9.791,9.668,2082,-50,0,0,12.2,35,step_10,no_load,-7.968
1.662957,0.459313,elbow_flex,10.0,9.8743,9.791,9.668,2082,-50,1044,0,12.2,35,step_10,no_load,0.0
1.674035,0.470391,elbow_flex,10.0,9.7846,9.791,9.5801,2081,-50,1044,0,12.2,35,step_10,no_load,-7.935
1.684987,0.481344,elbow_flex,10.0,9.7846,9.791,9.5801,2081,-50,1048,0,12.2,35,step_10,no_load,0.0
1.696038,0.492394,elbow_flex,10.0,9.7846,9.791,9.5801,2081,0,1044,0,12.2,35,step_10,no_load,0.0
1.707032,0.503388,elbow_flex,10.0,9.7846,9.791,9.5801,2081,0,1044,0,12.2,35,step_10,no_load,0.0
1.71829,0.514646,elbow_flex,10.0,9.7846,9.791,9.5801,2081,0,1044,0,12.2,35,step_10,no_load,0.0
1.729031,0.525388,elbow_flex,10.0,9.7846,9.791,9.5801,2081,0,1044,0,12.2,35,step_10,no_load,0.0
1.74,0.536357,elbow_flex,10.0,9.7846,9.791,9.5801,2081,0,1044,0,12.2,34,step_10,no_load,0.0
1.750993,0.54735,elbow_flex,10.0,9.7846,9.791,9.5801,2081,0,1044,0,12.2,35,step_10,no_load,0.0
1.762003,0.558359,elbow_flex,10.0,9.8743,9.791,9.668,2082,0,20,0,12.2,35,step_10,no_load,7.984
1.773022,0.569378,elbow_flex,10.0,9.9641,9.791,9.7559,2083,100,20,0,12.2,35,step_10,no_load,7.977
1.783879,0.580235,elbow_flex,10.0,9.9641,9.791,9.7559,2083,100,0,0,12.2,35,step_10,no_load,0.0
1.794048,0.590404,elbow_flex,10.0,9.9641,9.791,9.7559,2083,0,0,0,12.2,35,step_10,no_load,0.0
1.805041,0.601397,elbow_flex,10.0,9.9641,9.791,9.7559,2083,0,0,0,12.2,35,step_10,no_load,0.0
1.815113,0.611469,elbow_flex,10.0,9.9641,9.791,9.7559,2083,0,0,0,12.3,35,step_10,no_load,0.0
1.826143,0.622499,elbow_flex,10.0,9.9641,9.791,9.7559,2083,0,0,0,12.2,35,step_10,no_load,0.0
1.83653,0.632887,elbow_flex,10.0,9.9641,9.791,9.7559,2083,0,0,0,12.2,35,step_10,no_load,0.0
1.847116,0.643472,elbow_flex,10.0,9.9641,9.791,9.7559,2083,0,0,0,12.2,35,step_10,no_load,0.0
1.858145,0.654501,elbow_flex,10.0,9.9641,9.791,9.7559,2083,0,0,0,12.2,35,step_10,no_load,0.0
1.869322,0.665679,elbow_flex,10.0,9.8743,9.791,9.668,2082,-50,0,0,12.2,35,step_10,no_load,-7.864
1.879406,0.675762,elbow_flex,10.0,9.8743,9.791,9.668,2082,-50,0,0,12.2,35,step_10,no_load,0.0
1.890331,0.686688,elbow_flex,10.0,9.8743,9.791,9.668,2082,0,0,0,12.2,35,step_10,no_load,0.0
1.901067,0.697423,elbow_flex,10.0,9.8743,9.791,9.668,2082,0,0,0,12.2,34,step_10,no_load,0.0
1.91169,0.708046,elbow_flex,10.0,9.8743,9.791,9.668,2082,0,0,0,12.2,35,step_10,no_load,0.0
1.922847,0.719203,elbow_flex,10.0,9.9641,9.791,9.7559,2083,0,0,0,12.2,35,step_10,no_load,7.878
1.933449,0.729805,elbow_flex,10.0,9.9641,9.791,9.7559,2083,50,0,0,12.2,35,step_10,no_load,0.0
1.944025,0.740381,elbow_flex,10.0,9.9641,9.791,9.7559,2083,50,0,0,12.3,35,step_10,no_load,0.0
1.954151,0.750507,elbow_flex,10.0,9.9641,9.791,9.7559,2083,0,0,0,12.2,35,step_10,no_load,0.0
1.964781,0.761138,elbow_flex,10.0,9.9641,9.791,9.7559,2083,0,0,0,12.2,35,step_10,no_load,0.0
1.974856,0.771213,elbow_flex,10.0,9.9641,9.791,9.7559,2083,0,0,0,12.2,35,step_10,no_load,0.0
1.985643,0.782,elbow_flex,10.0,9.9641,9.791,9.7559,2083,0,0,0,12.2,34,step_10,no_load,0.0
1.995749,0.792105,elbow_flex,10.0,9.9641,9.791,9.7559,2083,0,0,0,12.2,35,step_10,no_load,0.0
2.005832,0.802188,elbow_flex,10.0,9.9641,9.791,9.7559,2083,0,0,0,12.2,35,step_10,no_load,0.0
2.015945,0.812302,elbow_flex,10.0,9.9641,9.791,9.7559,2083,0,0,0,12.2,34,step_10,no_load,0.0
2.026719,0.823076,elbow_flex,10.0,9.9641,9.791,9.7559,2083,0,0,0,12.2,35,step_10,no_load,0.0
2.037285,0.833642,elbow_flex,10.0,9.9641,9.791,9.7559,2083,0,0,0,12.2,35,step_10,no_load,0.0
2.048427,0.844783,elbow_flex,10.0,9.9641,9.791,9.7559,2083,0,0,0,12.3,34,step_10,no_load,0.0
2.059062,0.855418,elbow_flex,10.0,9.9641,9.791,9.7559,2083,0,0,0,12.2,35,step_10,no_load,0.0
2.070001,0.866357,elbow_flex,10.0,9.9641,9.791,9.7559,2083,0,0,0,12.2,35,step_10,no_load,0.0
2.080581,0.876937,elbow_flex,10.0,9.9641,9.791,9.7559,2083,0,0,0,12.2,35,step_10,no_load,0.0
2.090692,0.887049,elbow_flex,10.0,9.9641,9.791,9.7559,2083,0,0,0,12.2,35,step_10,no_load,0.0
2.100753,0.897109,elbow_flex,10.0,9.9641,9.791,9.7559,2083,0,0,0,12.2,35,step_10,no_load,0.0
2.1118,0.908156,elbow_flex,10.0,9.9641,9.791,9.7559,2083,0,0,0,12.2,35,step_10,no_load,0.0
2.122402,0.918758,elbow_flex,10.0,9.9641,9.791,9.7559,2083,0,0,0,12.3,35,step_10,no_load,0.0
2.132936,0.929292,elbow_flex,10.0,9.9641,9.791,9.7559,2083,0,0,0,12.3,35,step_10,no_load,0.0
2.143549,0.939905,elbow_flex,10.0,9.9641,9.791,9.7559,2083,0,0,0,12.2,35,step_10,no_load,0.0
2.153628,0.949985,elbow_flex,10.0,9.9641,9.791,9.7559,2083,0,0,0,12.2,35,step_10,no_load,0.0
2.164216,0.960572,elbow_flex,10.0,9.9641,9.791,9.7559,2083,0,0,0,12.2,35,step_10,no_load,0.0
2.175034,0.97139,elbow_flex,10.0,9.9641,9.791,9.7559,2083,0,0,0,12.2,35,step_10,no_load,0.0
2.186051,0.982408,elbow_flex,10.0,9.9641,9.791,9.7559,2083,0,0,0,12.2,35,step_10,no_load,0.0
2.197041,0.993397,elbow_flex,10.0,9.9641,9.791,9.7559,2083,0,0,0,12.2,35,step_10,no_load,0.0
2.20807,1.004426,elbow_flex,10.0,9.9641,9.791,9.7559,2083,0,0,0,12.2,35,step_10,no_load,0.0
2.219045,1.015401,elbow_flex,10.0,9.9641,9.791,9.7559,2083,0,0,0,12.2,34,step_10,no_load,0.0
2.229288,1.025644,elbow_flex,10.0,9.9641,9.791,9.7559,2083,0,0,0,12.2,35,step_10,no_load,0.0
2.239465,1.035821,elbow_flex,10.0,9.9641,9.791,9.7559,2083,0,0,0,12.2,35,step_10,no_load,0.0
2.250292,1.046648,elbow_flex,10.0,9.9641,9.791,9.7559,2083,0,0,0,12.2,35,step_10,no_load,0.0
2.26134,1.057697,elbow_flex,10.0,9.9641,9.791,9.7559,2083,0,0,0,12.2,35,step_10,no_load,0.0
2.272322,1.068678,elbow_flex,10.0,9.9641,9.791,9.7559,2083,0,0,0,12.2,35,step_10,no_load,0.0
2.283331,1.079687,elbow_flex,10.0,9.9641,9.791,9.7559,2083,0,0,0,12.2,35,step_10,no_load,0.0
2.294342,1.090698,elbow_flex,10.0,9.9641,9.791,9.7559,2083,0,0,0,12.2,34,step_10,no_load,0.0
2.305329,1.101685,elbow_flex,10.0,9.9641,9.791,9.7559,2083,0,0,0,12.2,35,step_10,no_load,0.0
2.315466,1.111822,elbow_flex,10.0,9.9641,9.791,9.7559,2083,0,0,0,12.2,34,step_10,no_load,0.0
2.32648,1.122836,elbow_flex,10.0,9.9641,9.791,9.7559,2083,0,0,0,12.2,35,step_10,no_load,0.0
2.337432,1.133789,elbow_flex,10.0,9.9641,9.791,9.7559,2083,0,0,0,12.3,35,step_10,no_load,0.0
2.348388,1.144745,elbow_flex,10.0,9.9641,9.791,9.7559,2083,0,0,0,12.3,35,step_10,no_load,0.0
2.359346,1.155702,elbow_flex,10.0,9.9641,9.791,9.7559,2083,0,0,0,12.2,35,step_10,no_load,0.0
2.370342,1.166698,elbow_flex,10.0,9.9641,9.791,9.7559,2083,0,0,0,12.3,35,step_10,no_load,0.0
2.38054,1.176897,elbow_flex,10.0,9.9641,9.791,9.7559,2083,0,0,0,12.2,35,step_10,no_load,0.0
2.390792,1.187148,elbow_flex,10.0,9.9641,9.791,9.7559,2083,0,0,0,12.2,35,step_10,no_load,0.0
2.401718,1.198075,elbow_flex,10.0,9.9641,9.791,9.7559,2083,0,0,0,12.2,35,step_10,no_load,0.0
2.412311,1e-06,elbow_flex,0.0,9.9641,0.0,9.7559,2083,0,0,0,12.2,35,step_10,no_load,0.0
2.422802,0.010492,elbow_flex,0.0,9.9641,0.0,9.7559,2083,0,20,0,12.2,34,step_10,no_load,0.0
2.433388,0.021078,elbow_flex,0.0,9.9641,0.0,9.7559,2083,0,60,2,12.2,35,step_10,no_load,0.0
2.444012,0.031701,elbow_flex,0.0,9.9641,0.0,9.7559,2083,0,92,3,12.2,35,step_10,no_load,0.0
2.454606,0.042296,elbow_flex,0.0,9.9641,0.0,9.7559,2083,0,168,8,12.2,34,step_10,no_load,0.0
2.464826,0.052516,elbow_flex,0.0,9.6948,0.0,9.4922,2080,-150,216,12,12.2,35,step_10,no_load,-25.802
2.475459,0.063149,elbow_flex,0.0,9.4255,0.0,9.2285,2077,-150,280,16,12.1,35,step_10,no_load,-24.8
2.48561,0.0733,elbow_flex,0.0,8.8869,0.0,8.7012,2071,-450,324,20,12.2,35,step_10,no_load,-51.946
2.496248,0.083938,elbow_flex,0.0,8.1688,0.0,7.998,2063,-450,340,17,12.2,35,step_10,no_load,-66.103
2.50687,0.09456,elbow_flex,0.0,7.3609,0.0,7.207,2054,-750,352,16,12.2,35,step_10,no_load,-74.468
2.517102,0.104792,elbow_flex,0.0,6.553,0.0,6.416,2045,-750,300,5,12.2,35,step_10,no_load,-77.306
2.527744,0.115434,elbow_flex,0.0,5.5655,0.0,5.4492,2034,-950,280,4,12.2,35,step_10,no_load,-90.848
2.538377,0.126066,elbow_flex,0.0,4.5781,0.0,4.4824,2023,-950,172,0,12.3,35,step_10,no_load,-90.924
2.548663,0.136353,elbow_flex,0.0,3.5907,0.0,3.5156,2012,-1000,128,0,12.3,34,step_10,no_load,-93.992
2.559563,0.147252,elbow_flex,0.0,2.7828,0.0,2.7246,2003,-1000,48,0,12.2,35,step_10,no_load,-72.569
2.56969,0.157379,elbow_flex,0.0,2.4237,0.0,2.373,1999,-800,32,0,12.2,35,step_10,no_load,-34.719
2.580277,0.167967,elbow_flex,0.0,1.9749,0.0,1.9336,1994,-800,56,0,12.2,35,step_10,no_load,-41.504
2.590374,0.178064,elbow_flex,0.0,1.7056,0.0,1.6699,1991,-400,44,0,12.2,35,step_10,no_load,-26.117
2.600436,0.188126,elbow_flex,0.0,1.4363,0.0,1.4063,1988,-400,44,0,12.2,35,step_10,no_load,-26.198
2.610544,0.198234,elbow_flex,0.0,1.167,0.0,1.1426,1985,-300,36,0,12.2,34,step_10,no_load,-26.088
2.620974,0.208664,elbow_flex,0.0,0.9874,0.0,0.9668,1983,-300,36,0,12.2,35,step_10,no_load,-16.855
2.631592,0.219282,elbow_flex,0.0,0.8977,0.0,0.8789,1982,-200,40,0,12.2,35,step_10,no_load,-8.278
2.642178,0.229867,elbow_flex,0.0,0.8977,0.0,0.8789,1982,-200,40,0,12.2,35,step_10,no_load,0.0
2.652274,0.239964,elbow_flex,0.0,0.9874,0.0,0.9668,1983,-50,64,0,12.2,35,step_10,no_load,8.706
2.662872,0.250562,elbow_flex,0.0,1.0772,0.0,1.0547,1984,-50,64,0,12.2,35,step_10,no_load,8.294
2.672944,0.260633,elbow_flex,0.0,1.0772,0.0,1.0547,1984,100,64,1,12.2,35,step_10,no_load,0.0
2.683384,0.271074,elbow_flex,0.0,0.9874,0.0,0.9668,1983,-50,60,1,12.2,35,step_10,no_load,-8.42
2.694415,0.282105,elbow_flex,0.0,0.8079,0.0,0.791,1981,-50,40,0,12.2,35,step_10,no_load,-15.937
2.705034,0.292724,elbow_flex,0.0,0.7181,0.0,0.7031,1980,-150,36,0,12.2,35,step_10,no_load,-8.278
2.715162,0.302852,elbow_flex,0.0,0.4488,0.0,0.4395,1977,-150,20,0,12.2,35,step_10,no_load,-26.027
2.725755,0.313445,elbow_flex,0.0,0.1795,0.0,0.1758,1974,-250,1048,0,12.2,35,step_10,no_load,-24.894
2.735893,0.323583,elbow_flex,0.0,0.0898,0.0,0.0879,1973,-250,1064,0,12.2,35,step_10,no_load,-8.67
2.746551,0.334241,elbow_flex,0.0,0.0898,0.0,0.0879,1973,-100,1064,0,12.2,34,step_10,no_load,0.0
2.756654,0.344344,elbow_flex,0.0,0.0898,0.0,0.0879,1973,-100,0,0,12.2,35,step_10,no_load,0.0
2.76761,0.3553,elbow_flex,0.0,0.0,0.0,0.0,1972,-50,0,0,12.2,35,step_10,no_load,-8.023
2.778235,0.365924,elbow_flex,0.0,0.0,0.0,0.0,1972,-50,0,0,12.2,35,step_10,no_load,0.0
2.78927,0.37696,elbow_flex,0.0,0.0,0.0,0.0,1972,0,0,0,12.2,35,step_10,no_load,0.0
2.799908,0.387598,elbow_flex,0.0,0.0898,0.0,0.0879,1973,0,0,0,12.2,35,step_10,no_load,8.263
2.810272,0.397962,elbow_flex,0.0,0.0898,0.0,0.0879,1973,50,0,0,12.2,35,step_10,no_load,0.0
2.820858,0.408548,elbow_flex,0.0,0.1795,0.0,0.1758,1974,50,20,0,12.2,35,step_10,no_load,8.303
2.830951,0.41864,elbow_flex,0.0,0.1795,0.0,0.1758,1974,50,24,0,12.3,35,step_10,no_load,0.0
2.84176,0.42945,elbow_flex,0.0,0.1795,0.0,0.1758,1974,50,24,1,12.2,35,step_10,no_load,0.0
2.852881,0.440571,elbow_flex,0.0,0.1795,0.0,0.1758,1974,0,20,0,12.2,35,step_10,no_load,0.0
2.863494,0.451184,elbow_flex,0.0,0.0898,0.0,0.0879,1973,0,0,0,12.2,35,step_10,no_load,-8.282
2.873617,0.461307,elbow_flex,0.0,0.0898,0.0,0.0879,1973,0,1044,0,12.2,35,step_10,no_load,0.0
2.88372,0.471409,elbow_flex,0.0,0.0898,0.0,0.0879,1973,-50,1044,0,12.2,35,step_10,no_load,0.0
2.894268,0.481957,elbow_flex,0.0,0.0898,0.0,0.0879,1973,-50,0,0,12.2,34,step_10,no_load,0.0
2.904647,0.492337,elbow_flex,0.0,0.0898,0.0,0.0879,1973,0,0,0,12.2,35,step_10,no_load,0.0
2.915243,0.502933,elbow_flex,0.0,0.0898,0.0,0.0879,1973,0,0,0,12.2,34,step_10,no_load,0.0
2.925593,0.513282,elbow_flex,0.0,0.0898,0.0,0.0879,1973,0,0,0,12.2,35,step_10,no_load,0.0
2.936118,0.523807,elbow_flex,0.0,0.0898,0.0,0.0879,1973,0,0,0,12.2,35,step_10,no_load,0.0
2.946199,0.533889,elbow_flex,0.0,0.0898,0.0,0.0879,1973,0,0,0,12.2,35,step_10,no_load,0.0
2.956784,0.544473,elbow_flex,0.0,0.0898,0.0,0.0879,1973,0,0,0,12.2,35,step_10,no_load,0.0
2.967637,0.555327,elbow_flex,0.0,0.0898,0.0,0.0879,1973,0,0,0,12.2,34,step_10,no_load,0.0
2.978257,0.565947,elbow_flex,0.0,0.0898,0.0,0.0879,1973,0,0,0,12.2,35,step_10,no_load,0.0
2.988477,0.576167,elbow_flex,0.0,0.0898,0.0,0.0879,1973,0,0,0,12.2,33,step_10,no_load,0.0
2.99905,0.58674,elbow_flex,0.0,0.0898,0.0,0.0879,1973,0,0,0,12.2,35,step_10,no_load,0.0
3.009635,0.597325,elbow_flex,0.0,0.0898,0.0,0.0879,1973,0,0,0,12.2,35,step_10,no_load,0.0
3.020251,0.60794,elbow_flex,0.0,0.0898,0.0,0.0879,1973,0,0,0,12.2,35,step_10,no_load,0.0
3.030408,0.618097,elbow_flex,0.0,0.0898,0.0,0.0879,1973,0,0,0,12.2,35,step_10,no_load,0.0
3.041163,0.628853,elbow_flex,0.0,0.0898,0.0,0.0879,1973,0,0,0,12.2,35,step_10,no_load,0.0
3.052152,0.639842,elbow_flex,0.0,0.0898,0.0,0.0879,1973,0,0,0,12.2,35,step_10,no_load,0.0
3.062429,0.650119,elbow_flex,0.0,0.0898,0.0,0.0879,1973,0,0,0,12.2,35,step_10,no_load,0.0
3.072596,0.660285,elbow_flex,0.0,0.0898,0.0,0.0879,1973,0,0,0,12.2,35,step_10,no_load,0.0
3.083184,0.670874,elbow_flex,0.0,0.0898,0.0,0.0879,1973,0,0,0,12.2,35,step_10,no_load,0.0
3.09376,0.681449,elbow_flex,0.0,0.0898,0.0,0.0879,1973,0,0,0,12.2,36,step_10,no_load,0.0
3.104387,0.692076,elbow_flex,0.0,0.0898,0.0,0.0879,1973,0,0,0,12.2,35,step_10,no_load,0.0
3.115392,0.703082,elbow_flex,0.0,0.0898,0.0,0.0879,1973,0,0,0,12.2,35,step_10,no_load,0.0
3.126023,0.713713,elbow_flex,0.0,0.0898,0.0,0.0879,1973,0,0,0,12.2,35,step_10,no_load,0.0
3.136128,0.723818,elbow_flex,0.0,0.0898,0.0,0.0879,1973,0,0,0,12.2,34,step_10,no_load,0.0
3.146706,0.734396,elbow_flex,0.0,0.0898,0.0,0.0879,1973,0,0,0,12.2,35,step_10,no_load,0.0
3.156858,0.744548,elbow_flex,0.0,0.0898,0.0,0.0879,1973,0,0,0,12.2,35,step_10,no_load,0.0
3.166974,0.754663,elbow_flex,0.0,0.0898,0.0,0.0879,1973,0,0,0,12.2,35,step_10,no_load,0.0
3.178014,0.765704,elbow_flex,0.0,0.0898,0.0,0.0879,1973,0,0,0,12.2,35,step_10,no_load,0.0
3.189008,0.776698,elbow_flex,0.0,0.0898,0.0,0.0879,1973,0,0,0,12.2,34,step_10,no_load,0.0
3.199948,0.787637,elbow_flex,0.0,0.0898,0.0,0.0879,1973,0,0,0,12.2,34,step_10,no_load,0.0
3.210953,0.798643,elbow_flex,0.0,0.0898,0.0,0.0879,1973,0,0,0,12.2,34,step_10,no_load,0.0
3.221531,0.809221,elbow_flex,0.0,0.0898,0.0,0.0879,1973,0,0,0,12.3,35,step_10,no_load,0.0
3.23262,0.82031,elbow_flex,0.0,0.0898,0.0,0.0879,1973,0,0,0,12.2,35,step_10,no_load,0.0
3.243243,0.830933,elbow_flex,0.0,0.0898,0.0,0.0879,1973,0,0,0,12.2,35,step_10,no_load,0.0
3.254317,0.842007,elbow_flex,0.0,0.0898,0.0,0.0879,1973,0,0,0,12.2,35,step_10,no_load,0.0
3.264503,0.852193,elbow_flex,0.0,0.0898,0.0,0.0879,1973,0,0,0,12.2,34,step_10,no_load,0.0
3.275093,0.862783,elbow_flex,0.0,0.0898,0.0,0.0879,1973,0,0,0,12.2,35,step_10,no_load,0.0
3.285667,0.873357,elbow_flex,0.0,0.0898,0.0,0.0879,1973,0,0,0,12.3,35,step_10,no_load,0.0
3.295721,0.883411,elbow_flex,0.0,0.0898,0.0,0.0879,1973,0,0,0,12.2,35,step_10,no_load,0.0
3.306309,0.893999,elbow_flex,0.0,0.0898,0.0,0.0879,1973,0,0,0,12.3,35,step_10,no_load,0.0
3.317016,0.904706,elbow_flex,0.0,0.0898,0.0,0.0879,1973,0,0,0,12.3,35,step_10,no_load,0.0
3.327591,0.915281,elbow_flex,0.0,0.0898,0.0,0.0879,1973,0,0,0,12.2,35,step_10,no_load,0.0
3.338157,0.925846,elbow_flex,0.0,0.0898,0.0,0.0879,1973,0,0,0,12.2,35,step_10,no_load,0.0
3.348472,0.936162,elbow_flex,0.0,0.0898,0.0,0.0879,1973,0,0,0,12.3,35,step_10,no_load,0.0
3.35866,0.94635,elbow_flex,0.0,0.0898,0.0,0.0879,1973,0,0,0,12.2,35,step_10,no_load,0.0
3.368783,0.956473,elbow_flex,0.0,0.0898,0.0,0.0879,1973,0,0,0,12.2,35,step_10,no_load,0.0
3.379851,0.967541,elbow_flex,0.0,0.0898,0.0,0.0879,1973,0,0,0,12.3,34,step_10,no_load,0.0
3.390073,0.977762,elbow_flex,0.0,0.0898,0.0,0.0879,1973,0,0,0,12.2,34,step_10,no_load,0.0
3.4002,0.98789,elbow_flex,0.0,0.0898,0.0,0.0879,1973,0,0,0,12.2,34,step_10,no_load,0.0
3.411181,0.998871,elbow_flex,0.0,0.0898,0.0,0.0879,1973,0,0,0,12.2,34,step_10,no_load,0.0
3.42181,1.0095,elbow_flex,0.0,0.0898,0.0,0.0879,1973,0,0,0,12.2,35,step_10,no_load,0.0
3.432369,1.020058,elbow_flex,0.0,0.0898,0.0,0.0879,1973,0,0,0,12.2,35,step_10,no_load,0.0
3.443001,1.030691,elbow_flex,0.0,0.0898,0.0,0.0879,1973,0,0,0,12.2,35,step_10,no_load,0.0
3.453152,1.040842,elbow_flex,0.0,0.0898,0.0,0.0879,1973,0,0,0,12.2,35,step_10,no_load,0.0
3.463757,1.051447,elbow_flex,0.0,0.0898,0.0,0.0879,1973,0,0,0,12.2,35,step_10,no_load,0.0
3.474741,1.062431,elbow_flex,0.0,0.0898,0.0,0.0879,1973,0,0,0,12.2,35,step_10,no_load,0.0
3.485538,1.073228,elbow_flex,0.0,0.0898,0.0,0.0879,1973,0,0,0,12.2,35,step_10,no_load,0.0
3.496623,1.084313,elbow_flex,0.0,0.0898,0.0,0.0879,1973,0,0,0,12.2,35,step_10,no_load,0.0
3.507253,1.094943,elbow_flex,0.0,0.0898,0.0,0.0879,1973,0,0,0,12.3,35,step_10,no_load,0.0
3.518235,1.105925,elbow_flex,0.0,0.0898,0.0,0.0879,1973,0,0,0,12.2,35,step_10,no_load,0.0
3.5285,1.11619,elbow_flex,0.0,0.0898,0.0,0.0879,1973,0,0,0,12.2,35,step_10,no_load,0.0
3.53867,1.12636,elbow_flex,0.0,0.0898,0.0,0.0879,1973,0,0,0,12.2,35,step_10,no_load,0.0
3.549345,1.137035,elbow_flex,0.0,0.0898,0.0,0.0879,1973,0,0,0,12.2,35,step_10,no_load,0.0
3.560442,1.148132,elbow_flex,0.0,0.0898,0.0,0.0879,1973,0,0,0,12.3,35,step_10,no_load,0.0
3.57055,1.158239,elbow_flex,0.0,0.0898,0.0,0.0879,1973,0,0,0,12.2,35,step_10,no_load,0.0
3.581544,1.169234,elbow_flex,0.0,0.0898,0.0,0.0879,1973,0,0,0,12.2,35,step_10,no_load,0.0
3.592046,1.179736,elbow_flex,0.0,0.0898,0.0,0.0879,1973,0,0,0,12.2,35,step_10,no_load,0.0
3.602551,1.190241,elbow_flex,0.0,0.0898,0.0,0.0879,1973,0,0,0,12.2,35,step_10,no_load,0.0
3.614113,1e-06,elbow_flex,10.0,0.0898,9.791,0.0879,1973,0,0,0,12.2,35,step_10,no_load,0.0
3.624746,0.010635,elbow_flex,10.0,0.0898,9.791,0.0879,1973,0,0,0,12.2,35,step_10,no_load,0.0
3.635606,0.021495,elbow_flex,10.0,0.0898,9.791,0.0879,1973,0,1056,0,12.2,35,step_10,no_load,0.0
3.64618,0.032069,elbow_flex,10.0,0.0898,9.791,0.0879,1973,0,1136,4,12.2,35,step_10,no_load,0.0
3.656771,0.042659,elbow_flex,10.0,0.0898,9.791,0.0879,1973,0,1176,7,12.2,35,step_10,no_load,0.0
3.667622,0.053511,elbow_flex,10.0,0.2693,9.791,0.2637,1975,0,1256,13,12.2,35,step_10,no_load,16.201
3.67825,0.064138,elbow_flex,10.0,0.6284,9.791,0.6152,1979,250,1308,17,12.1,35,step_10,no_load,33.073
3.689356,0.075245,elbow_flex,10.0,1.167,9.791,1.1426,1985,250,1372,23,12.2,35,step_10,no_load,47.488
3.699785,0.085673,elbow_flex,10.0,1.7953,9.791,1.7578,1992,600,1396,23,12.1,35,step_10,no_load,58.989
3.710474,0.096363,elbow_flex,10.0,2.6032,9.791,2.5488,2001,600,1356,12,12.1,35,step_10,no_load,74.001
3.721051,0.106939,elbow_flex,10.0,3.5009,9.791,3.4277,2011,850,1352,9,12.2,35,step_10,no_load,83.095
3.731552,0.11744,elbow_flex,10.0,4.4883,9.791,4.3945,2022,850,1264,0,12.2,35,step_10,no_load,92.067
3.742135,0.128024,elbow_flex,10.0,5.386,9.791,5.2734,2032,1000,1224,0,12.2,35,step_10,no_load,83.048
3.752379,0.138267,elbow_flex,10.0,6.553,9.791,6.416,2045,1000,1120,0,12.2,35,step_10,no_load,111.538
3.763038,0.148927,elbow_flex,10.0,7.0916,9.791,6.9434,2051,1050,1092,0,12.2,34,step_10,no_load,49.479
3.774098,0.159987,elbow_flex,10.0,7.5404,9.791,7.3828,2056,1050,1072,0,12.2,35,step_10,no_load,39.729
3.784182,0.17007,elbow_flex,10.0,7.8995,9.791,7.7344,2060,500,1096,0,12.2,35,step_10,no_load,34.867
3.794617,0.180506,elbow_flex,10.0,8.2585,9.791,8.0859,2064,500,1080,0,12.2,35,step_10,no_load,33.685
3.805197,0.191086,elbow_flex,10.0,8.5278,9.791,8.3496,2067,300,1072,0,12.2,35,step_10,no_load,24.924
3.816492,0.20238,elbow_flex,10.0,8.7971,9.791,8.6133,2070,300,1060,0,12.2,35,step_10,no_load,23.347
3.826835,0.212724,elbow_flex,10.0,8.9767,9.791,8.7891,2072,300,1060,0,12.3,35,step_10,no_load,16.997
3.837749,0.223638,elbow_flex,10.0,9.0664,9.791,8.877,2073,150,1056,0,12.2,35,step_10,no_load,8.054
3.848393,0.234282,elbow_flex,10.0,9.0664,9.791,8.877,2073,150,1072,0,12.2,35,step_10,no_load,0.0
3.859468,0.245357,elbow_flex,10.0,9.0664,9.791,8.877,2073,0,1072,0,12.2,35,step_10,no_load,0.0
3.870069,0.255958,elbow_flex,10.0,9.0664,9.791,8.877,2073,0,1076,0,12.2,35,step_10,no_load,0.0
3.880159,0.266047,elbow_flex,10.0,8.9767,9.791,8.7891,2072,0,1080,1,12.2,35,step_10,no_load,-8.712
3.89073,0.276619,elbow_flex,10.0,8.9767,9.791,8.7891,2072,0,1084,1,12.2,35,step_10,no_load,0.0
3.901826,0.287715,elbow_flex,10.0,8.9767,9.791,8.7891,2072,-50,1084,0,12.2,35,step_10,no_load,0.0
3.912425,0.298313,elbow_flex,10.0,9.0664,9.791,8.877,2073,-50,1076,0,12.2,35,step_10,no_load,8.293
3.923042,0.30893,elbow_flex,10.0,9.1562,9.791,8.9648,2074,50,1064,0,12.2,35,step_10,no_load,8.27
3.933271,0.31916,elbow_flex,10.0,9.246,9.791,9.0527,2075,50,1060,0,12.2,35,step_10,no_load,8.593
3.943856,0.329744,elbow_flex,10.0,9.3357,9.791,9.1406,2076,100,1056,0,12.2,35,step_10,no_load,8.304
3.954487,0.340376,elbow_flex,10.0,9.5153,9.791,9.3164,2078,100,1048,0,12.2,35,step_10,no_load,16.537
3.965013,0.350901,elbow_flex,10.0,9.605,9.791,9.4043,2079,150,20,0,12.3,35,step_10,no_load,8.351
3.975648,0.361536,elbow_flex,10.0,9.7846,9.791,9.5801,2081,150,24,0,12.2,35,step_10,no_load,16.53
3.985751,0.371639,elbow_flex,10.0,9.8743,9.791,9.668,2082,150,28,0,12.2,35,step_10,no_load,8.7
3.996355,0.382243,elbow_flex,10.0,9.9641,9.791,9.7559,2083,100,28,0,12.2,35,step_10,no_load,8.289
4.007382,0.393271,elbow_flex,10.0,9.9641,9.791,9.7559,2083,100,0,0,12.3,35,step_10,no_load,0.0
4.017515,0.403403,elbow_flex,10.0,9.9641,9.791,9.7559,2083,0,0,0,12.2,35,step_10,no_load,0.0
4.028006,0.413895,elbow_flex,10.0,9.9641,9.791,9.7559,2083,0,0,0,12.2,35,step_10,no_load,0.0
4.038606,0.424494,elbow_flex,10.0,9.9641,9.791,9.7559,2083,0,0,0,12.2,35,step_10,no_load,0.0
4.048683,0.434571,elbow_flex,10.0,9.9641,9.791,9.7559,2083,0,0,0,12.3,35,step_10,no_load,0.0
4.059239,0.445127,elbow_flex,10.0,9.8743,9.791,9.668,2082,0,0,0,12.2,35,step_10,no_load,-8.327
4.069836,0.455724,elbow_flex,10.0,9.8743,9.791,9.668,2082,0,0,0,12.2,35,step_10,no_load,0.0
4.080476,0.466365,elbow_flex,10.0,9.7846,9.791,9.5801,2081,-100,1044,0,12.2,35,step_10,no_load,-8.261
4.090661,0.476549,elbow_flex,10.0,9.7846,9.791,9.5801,2081,-100,1048,0,12.3,35,step_10,no_load,0.0
4.100837,0.486725,elbow_flex,10.0,9.7846,9.791,9.5801,2081,0,1048,0,12.2,35,step_10,no_load,0.0
4.111302,0.497191,elbow_flex,10.0,9.7846,9.791,9.5801,2081,0,1044,0,12.2,35,step_10,no_load,0.0
4.12195,0.507839,elbow_flex,10.0,9.7846,9.791,9.5801,2081,0,1044,0,12.2,34,step_10,no_load,0.0
4.132067,0.517955,elbow_flex,10.0,9.7846,9.791,9.5801,2081,0,1044,0,12.2,35,step_10,no_load,0.0
4.142711,0.528599,elbow_flex,10.0,9.7846,9.791,9.5801,2081,0,1044,0,12.3,35,step_10,no_load,0.0
4.152933,0.538821,elbow_flex,10.0,9.7846,9.791,9.5801,2081,0,1044,0,12.2,35,step_10,no_load,0.0
4.163525,0.549413,elbow_flex,10.0,9.8743,9.791,9.668,2082,0,20,0,12.2,35,step_10,no_load,8.299
4.174277,0.560166,elbow_flex,10.0,9.8743,9.791,9.668,2082,50,20,0,12.2,34,step_10,no_load,0.0
4.185299,0.571188,elbow_flex,10.0,9.9641,9.791,9.7559,2083,50,0,0,12.2,35,step_10,no_load,7.975
4.196294,0.582183,elbow_flex,10.0,9.9641,9.791,9.7559,2083,50,0,0,12.2,34,step_10,no_load,0.0
4.20732,0.593208,elbow_flex,10.0,9.9641,9.791,9.7559,2083,50,0,0,12.2,35,step_10,no_load,0.0
4.218234,0.604123,elbow_flex,10.0,9.9641,9.791,9.7559,2083,0,0,0,12.2,35,step_10,no_load,0.0
4.229621,0.61551,elbow_flex,10.0,9.9641,9.791,9.7559,2083,0,0,0,12.2,34,step_10,no_load,0.0
4.24059,0.626478,elbow_flex,10.0,9.9641,9.791,9.7559,2083,0,0,0,12.2,34,step_10,no_load,0.0
4.251547,0.637435,elbow_flex,10.0,9.9641,9.791,9.7559,2083,0,0,0,12.2,35,step_10,no_load,0.0
4.262564,0.648452,elbow_flex,10.0,9.9641,9.791,9.7559,2083,0,0,0,12.2,35,step_10,no_load,0.0
4.27319,0.659078,elbow_flex,10.0,9.8743,9.791,9.668,2082,-50,0,0,12.2,35,step_10,no_load,-8.272
4.283889,0.669778,elbow_flex,10.0,9.8743,9.791,9.668,2082,-50,0,0,12.2,35,step_10,no_load,0.0
4.294583,0.680471,elbow_flex,10.0,9.8743,9.791,9.668,2082,0,0,0,12.2,34,step_10,no_load,0.0
4.305226,0.691114,elbow_flex,10.0,9.8743,9.791,9.668,2082,0,0,0,12.2,35,step_10,no_load,0.0
4.316313,0.702202,elbow_flex,10.0,9.9641,9.791,9.7559,2083,0,0,0,12.2,35,step_10,no_load,7.928
4.327158,0.713047,elbow_flex,10.0,9.9641,9.791,9.7559,2083,0,0,0,12.2,35,step_10,no_load,0.0
4.337318,0.723207,elbow_flex,10.0,9.9641,9.791,9.7559,2083,50,0,0,12.2,34,step_10,no_load,0.0
4.347904,0.733792,elbow_flex,10.0,9.9641,9.791,9.7559,2083,50,0,0,12.2,35,step_10,no_load,0.0
4.35797,0.743859,elbow_flex,10.0,9.9641,9.791,9.7559,2083,0,0,0,12.3,35,step_10,no_load,0.0
4.368505,0.754393,elbow_flex,10.0,9.9641,9.791,9.7559,2083,0,0,0,12.2,35,step_10,no_load,0.0
4.379592,0.765481,elbow_flex,10.0,9.9641,9.791,9.7559,2083,0,0,0,12.2,35,step_10,no_load,0.0
4.389974,0.775862,elbow_flex,10.0,9.9641,9.791,9.7559,2083,0,0,0,12.2,35,step_10,no_load,0.0
4.400033,0.785921,elbow_flex,10.0,9.9641,9.791,9.7559,2083,0,0,0,12.2,35,step_10,no_load,0.0
4.410434,0.796323,elbow_flex,10.0,9.9641,9.791,9.7559,2083,0,0,0,12.2,35,step_10,no_load,0.0
4.421119,0.807007,elbow_flex,10.0,9.9641,9.791,9.7559,2083,0,0,0,12.2,35,step_10,no_load,0.0
4.43196,0.817848,elbow_flex,10.0,9.9641,9.791,9.7559,2083,0,0,0,12.2,35,step_10,no_load,0.0
4.442353,0.828241,elbow_flex,10.0,9.9641,9.791,9.7559,2083,0,0,0,12.3,35,step_10,no_load,0.0
4.452511,0.8384,elbow_flex,10.0,9.9641,9.791,9.7559,2083,0,0,0,12.2,35,step_10,no_load,0.0
4.463177,0.849066,elbow_flex,10.0,9.9641,9.791,9.7559,2083,0,0,0,12.2,35,step_10,no_load,0.0
4.473314,0.859203,elbow_flex,10.0,9.9641,9.791,9.7559,2083,0,0,0,12.2,35,step_10,no_load,0.0
4.484013,0.869902,elbow_flex,10.0,9.9641,9.791,9.7559,2083,0,0,0,12.2,35,step_10,no_load,0.0
4.49437,0.880259,elbow_flex,10.0,9.9641,9.791,9.7559,2083,0,0,0,12.2,34,step_10,no_load,0.0
4.505085,0.890974,elbow_flex,10.0,9.9641,9.791,9.7559,2083,0,0,0,12.2,35,step_10,no_load,0.0
4.51623,0.902119,elbow_flex,10.0,9.9641,9.791,9.7559,2083,0,0,0,12.2,35,step_10,no_load,0.0
4.526855,0.912744,elbow_flex,10.0,9.9641,9.791,9.7559,2083,0,0,0,12.2,35,step_10,no_load,0.0
4.537481,0.92337,elbow_flex,10.0,9.9641,9.791,9.7559,2083,0,0,0,12.2,35,step_10,no_load,0.0
4.548524,0.934413,elbow_flex,10.0,9.9641,9.791,9.7559,2083,0,0,0,12.2,34,step_10,no_load,0.0
4.559162,0.94505,elbow_flex,10.0,9.9641,9.791,9.7559,2083,0,0,0,12.3,35,step_10,no_load,0.0
4.569752,0.95564,elbow_flex,10.0,9.9641,9.791,9.7559,2083,0,0,0,12.2,35,step_10,no_load,0.0
4.580806,0.966694,elbow_flex,10.0,9.9641,9.791,9.7559,2083,0,0,0,12.2,35,step_10,no_load,0.0
4.591452,0.97734,elbow_flex,10.0,9.9641,9.791,9.7559,2083,0,0,0,12.3,35,step_10,no_load,0.0
4.601603,0.987491,elbow_flex,10.0,9.9641,9.791,9.7559,2083,0,0,0,12.2,35,step_10,no_load,0.0
4.612181,0.998069,elbow_flex,10.0,9.9641,9.791,9.7559,2083,0,0,0,12.2,35,step_10,no_load,0.0
4.622288,1.008176,elbow_flex,10.0,9.9641,9.791,9.7559,2083,0,0,0,12.2,35,step_10,no_load,0.0
4.63295,1.018839,elbow_flex,10.0,9.9641,9.791,9.7559,2083,0,0,0,12.2,35,step_10,no_load,0.0
4.643393,1.029281,elbow_flex,10.0,9.9641,9.791,9.7559,2083,0,0,0,12.2,35,step_10,no_load,0.0
4.653998,1.039886,elbow_flex,10.0,9.9641,9.791,9.7559,2083,0,0,0,12.2,35,step_10,no_load,0.0
4.664099,1.049988,elbow_flex,10.0,9.9641,9.791,9.7559,2083,0,0,0,12.2,34,step_10,no_load,0.0
4.674735,1.060623,elbow_flex,10.0,9.9641,9.791,9.7559,2083,0,0,0,12.2,35,step_10,no_load,0.0
4.685954,1.071843,elbow_flex,10.0,9.9641,9.791,9.7559,2083,0,0,0,12.2,35,step_10,no_load,0.0
4.696562,1.082451,elbow_flex,10.0,9.9641,9.791,9.7559,2083,0,0,0,12.2,35,step_10,no_load,0.0
4.706643,1.092531,elbow_flex,10.0,9.9641,9.791,9.7559,2083,0,0,0,12.2,35,step_10,no_load,0.0
4.717233,1.103122,elbow_flex,10.0,9.9641,9.791,9.7559,2083,0,0,0,12.2,35,step_10,no_load,0.0
4.727779,1.113667,elbow_flex,10.0,9.9641,9.791,9.7559,2083,0,0,0,12.2,34,step_10,no_load,0.0
4.738428,1.124316,elbow_flex,10.0,9.9641,9.791,9.7559,2083,0,0,0,12.2,35,step_10,no_load,0.0
4.749473,1.135361,elbow_flex,10.0,9.9641,9.791,9.7559,2083,0,0,0,12.2,35,step_10,no_load,0.0
4.760053,1.145942,elbow_flex,10.0,9.9641,9.791,9.7559,2083,0,0,0,12.2,34,step_10,no_load,0.0
4.770898,1.156787,elbow_flex,10.0,9.9641,9.791,9.7559,2083,0,0,0,12.2,35,step_10,no_load,0.0
4.781428,1.167316,elbow_flex,10.0,9.9641,9.791,9.7559,2083,0,0,0,12.2,34,step_10,no_load,0.0
4.792211,1.1781,elbow_flex,10.0,9.9641,9.791,9.7559,2083,0,0,0,12.2,35,step_10,no_load,0.0
4.803058,1.188946,elbow_flex,10.0,9.9641,9.791,9.7559,2083,0,0,0,12.2,35,step_10,no_load,0.0
4.813137,1.199026,elbow_flex,10.0,9.9641,9.791,9.7559,2083,0,0,0,12.3,35,step_10,no_load,0.0
4.824283,1e-06,elbow_flex,0.0,9.9641,0.0,9.7559,2083,0,0,0,12.2,35,step_10,no_load,0.0
4.835202,0.01092,elbow_flex,0.0,9.9641,0.0,9.7559,2083,0,20,0,12.2,35,step_10,no_load,0.0
4.845622,0.02134,elbow_flex,0.0,9.9641,0.0,9.7559,2083,0,48,1,12.2,35,step_10,no_load,0.0
4.856652,0.032371,elbow_flex,0.0,9.9641,0.0,9.7559,2083,0,128,5,12.2,35,step_10,no_load,0.0
4.866718,0.042436,elbow_flex,0.0,9.9641,0.0,9.7559,2083,0,164,7,12.2,35,step_10,no_load,0.0
4.877773,0.053491,elbow_flex,0.0,9.6948,0.0,9.4922,2080,-50,236,16,12.2,35,step_10,no_load,-23.853
4.888263,0.063981,elbow_flex,0.0,9.3357,0.0,9.1406,2076,-50,288,17,12.2,35,step_10,no_load,-33.518
4.898535,0.074253,elbow_flex,0.0,8.7971,0.0,8.6133,2070,-300,336,18,12.2,35,step_10,no_load,-51.334
4.908921,0.084639,elbow_flex,0.0,8.079,0.0,7.9102,2062,-700,360,19,12.2,34,step_10,no_load,-67.697
4.919507,0.095225,elbow_flex,0.0,7.2711,0.0,7.1191,2053,-700,320,8,12.2,35,step_10,no_load,-74.731
4.930082,0.1058,elbow_flex,0.0,6.3734,0.0,6.2402,2043,-900,312,8,12.2,34,step_10,no_load,-83.111
4.940698,0.116417,elbow_flex,0.0,5.386,0.0,5.2734,2032,-900,232,0,12.2,34,step_10,no_load,-91.07
4.951681,0.127399,elbow_flex,0.0,4.3986,0.0,4.3066,2021,-1000,188,0,12.2,35,step_10,no_load,-88.027
4.961803,0.137521,elbow_flex,0.0,3.4111,0.0,3.3398,2010,-1000,80,0,12.3,35,step_10,no_load,-95.515
4.972432,0.14815,elbow_flex,0.0,2.693,0.0,2.6367,2002,-1000,48,0,12.2,35,step_10,no_load,-66.149
4.982828,0.158546,elbow_flex,0.0,2.3339,0.0,2.2852,1998,-1000,56,0,12.2,35,step_10,no_load,-33.811
4.993468,0.169186,elbow_flex,0.0,1.9749,0.0,1.9336,1994,-450,36,0,12.2,35,step_10,no_load,-33.045
5.004107,0.179826,elbow_flex,0.0,1.6158,0.0,1.582,1990,-450,48,0,12.2,34,step_10,no_load,-33.048
5.015167,0.190885,elbow_flex,0.0,1.2567,0.0,1.2305,1986,-350,36,0,12.2,34,step_10,no_load,-31.781
5.025797,0.201516,elbow_flex,0.0,0.9874,0.0,0.9668,1983,-350,28,0,12.2,35,step_10,no_load,-24.807
5.03646,0.212178,elbow_flex,0.0,0.8079,0.0,0.791,1981,-250,32,0,12.2,35,step_10,no_load,-16.487
5.047094,0.222812,elbow_flex,0.0,0.7181,0.0,0.7031,1980,-250,28,0,12.2,35,step_10,no_load,-8.266
5.057195,0.232913,elbow_flex,0.0,0.7181,0.0,0.7031,1980,-150,40,0,12.2,35,step_10,no_load,0.0
5.068586,0.244304,elbow_flex,0.0,0.9874,0.0,0.9668,1983,150,52,0,12.2,35,step_10,no_load,23.15
5.079728,0.255446,elbow_flex,0.0,0.9874,0.0,0.9668,1983,150,68,1,12.2,36,step_10,no_load,0.0
5.089974,0.265692,elbow_flex,0.0,0.9874,0.0,0.9668,1983,0,68,1,12.2,35,step_10,no_load,0.0
5.101014,0.276732,elbow_flex,0.0,0.8977,0.0,0.8789,1982,0,52,0,12.2,35,step_10,no_load,-7.962
5.111598,0.287316,elbow_flex,0.0,0.8079,0.0,0.791,1981,-100,48,0,12.2,35,step_10,no_load,-8.305
5.122714,0.298432,elbow_flex,0.0,0.7181,0.0,0.7031,1980,-100,28,0,12.2,35,step_10,no_load,-7.908
5.132909,0.308627,elbow_flex,0.0,0.5386,0.0,0.5273,1978,-100,24,0,12.2,35,step_10,no_load,-17.244
5.143542,0.31926,elbow_flex,0.0,0.1795,0.0,0.1758,1974,-100,1048,0,12.2,35,step_10,no_load,-33.057
5.15459,0.330308,elbow_flex,0.0,0.0,0.0,0.0,1972,-300,1056,0,12.2,35,step_10,no_load,-15.912
5.165264,0.340983,elbow_flex,0.0,0.0,0.0,0.0,1972,-300,1056,0,12.2,35,step_10,no_load,0.0
5.175646,0.351364,elbow_flex,0.0,-0.0898,0.0,-0.0879,1971,-50,0,0,12.2,34,step_10,no_load,-8.467
5.186659,0.362377,elbow_flex,0.0,-0.0898,0.0,-0.0879,1971,-50,0,0,12.2,35,step_10,no_load,0.0
5.197652,0.37337,elbow_flex,0.0,-0.1795,0.0,-0.1758,1970,-50,1048,0,12.2,34,step_10,no_load,-7.996
5.208655,0.384373,elbow_flex,0.0,-0.1795,0.0,-0.1758,1970,-50,1048,0,12.2,35,step_10,no_load,0.0
5.219594,0.395312,elbow_flex,0.0,-0.1795,0.0,-0.1758,1970,-50,1044,0,12.3,35,step_10,no_load,0.0
5.230284,0.406002,elbow_flex,0.0,-0.0898,0.0,-0.0879,1971,50,0,0,12.2,35,step_10,no_load,8.223
5.240572,0.41629,elbow_flex,0.0,0.0,0.0,0.0,1972,50,20,0,12.3,35,step_10,no_load,8.544
5.251575,0.427293,elbow_flex,0.0,0.0,0.0,0.0,1972,50,20,0,12.2,35,step_10,no_load,0.0
5.261847,0.437565,elbow_flex,0.0,0.0,0.0,0.0,1972,50,0,0,12.2,35,step_10,no_load,0.0
5.272434,0.448152,elbow_flex,0.0,0.0,0.0,0.0,1972,0,0,0,12.2,34,step_10,no_load,0.0
5.283034,0.458752,elbow_flex,0.0,0.0,0.0,0.0,1972,0,0,0,12.2,35,step_10,no_load,0.0
5.293391,0.469109,elbow_flex,0.0,-0.0898,0.0,-0.0879,1971,0,0,0,12.2,35,step_10,no_load,-8.487
5.303943,0.479661,elbow_flex,0.0,-0.0898,0.0,-0.0879,1971,0,0,0,12.2,35,step_10,no_load,0.0
5.314564,0.490282,elbow_flex,0.0,-0.0898,0.0,-0.0879,1971,-50,0,0,12.2,35,step_10,no_load,0.0
5.325003,0.500721,elbow_flex,0.0,-0.0898,0.0,-0.0879,1971,-50,0,0,12.2,35,step_10,no_load,0.0
5.335582,0.5113,elbow_flex,0.0,-0.0898,0.0,-0.0879,1971,0,0,0,12.2,35,step_10,no_load,0.0
5.346222,0.52194,elbow_flex,0.0,-0.0898,0.0,-0.0879,1971,0,0,0,12.2,35,step_10,no_load,0.0
5.356414,0.532132,elbow_flex,0.0,-0.0898,0.0,-0.0879,1971,0,0,0,12.2,35,step_10,no_load,0.0
5.366479,0.542198,elbow_flex,0.0,-0.0898,0.0,-0.0879,1971,0,0,0,12.2,35,step_10,no_load,0.0
5.376587,0.552306,elbow_flex,0.0,-0.0898,0.0,-0.0879,1971,0,0,0,12.2,34,step_10,no_load,0.0
5.387173,0.562891,elbow_flex,0.0,-0.0898,0.0,-0.0879,1971,0,0,0,12.2,35,step_10,no_load,0.0
5.397283,0.573001,elbow_flex,0.0,-0.0898,0.0,-0.0879,1971,0,0,0,12.2,35,step_10,no_load,0.0
5.408009,0.583727,elbow_flex,0.0,-0.0898,0.0,-0.0879,1971,0,0,0,12.2,35,step_10,no_load,0.0
5.418458,0.594176,elbow_flex,0.0,-0.0898,0.0,-0.0879,1971,0,0,0,12.2,35,step_10,no_load,0.0
5.429082,0.6048,elbow_flex,0.0,-0.0898,0.0,-0.0879,1971,0,0,0,12.2,35,step_10,no_load,0.0
5.440157,0.615875,elbow_flex,0.0,-0.0898,0.0,-0.0879,1971,0,0,0,12.2,35,step_10,no_load,0.0
5.450589,0.626307,elbow_flex,0.0,-0.0898,0.0,-0.0879,1971,0,0,0,12.2,35,step_10,no_load,0.0
5.461451,0.637169,elbow_flex,0.0,-0.0898,0.0,-0.0879,1971,0,0,0,12.2,35,step_10,no_load,0.0
5.472089,0.647807,elbow_flex,0.0,-0.0898,0.0,-0.0879,1971,0,0,0,12.2,35,step_10,no_load,0.0
5.482232,0.65795,elbow_flex,0.0,-0.0898,0.0,-0.0879,1971,0,0,0,12.2,35,step_10,no_load,0.0
5.492811,0.668529,elbow_flex,0.0,-0.0898,0.0,-0.0879,1971,0,0,0,12.3,35,step_10,no_load,0.0
5.502977,0.678695,elbow_flex,0.0,-0.0898,0.0,-0.0879,1971,0,0,0,12.2,35,step_10,no_load,0.0
5.513562,0.68928,elbow_flex,0.0,-0.0898,0.0,-0.0879,1971,0,0,0,12.3,35,step_10,no_load,0.0
5.523715,0.699434,elbow_flex,0.0,-0.0898,0.0,-0.0879,1971,0,0,0,12.2,35,step_10,no_load,0.0
5.534975,0.710693,elbow_flex,0.0,-0.0898,0.0,-0.0879,1971,0,0,0,12.2,35,step_10,no_load,0.0
5.545537,0.721255,elbow_flex,0.0,-0.0898,0.0,-0.0879,1971,0,0,0,12.2,35,step_10,no_load,0.0
5.556166,0.731884,elbow_flex,0.0,-0.0898,0.0,-0.0879,1971,0,0,0,12.2,35,step_10,no_load,0.0
5.567166,0.742884,elbow_flex,0.0,-0.0898,0.0,-0.0879,1971,0,0,0,12.2,35,step_10,no_load,0.0
5.577997,0.753716,elbow_flex,0.0,-0.0898,0.0,-0.0879,1971,0,0,0,12.2,35,step_10,no_load,0.0
5.588583,0.764301,elbow_flex,0.0,-0.0898,0.0,-0.0879,1971,0,0,0,12.2,35,step_10,no_load,0.0
5.599274,0.774992,elbow_flex,0.0,-0.0898,0.0,-0.0879,1971,0,0,0,12.2,35,step_10,no_load,0.0
5.609902,0.78562,elbow_flex,0.0,-0.0898,0.0,-0.0879,1971,0,0,0,12.2,35,step_10,no_load,0.0
5.620068,0.795786,elbow_flex,0.0,-0.0898,0.0,-0.0879,1971,0,0,0,12.2,35,step_10,no_load,0.0
5.630654,0.806372,elbow_flex,0.0,-0.0898,0.0,-0.0879,1971,0,0,0,12.2,35,step_10,no_load,0.0
5.640801,0.816519,elbow_flex,0.0,-0.0898,0.0,-0.0879,1971,0,0,0,12.2,35,step_10,no_load,0.0
5.651506,0.827224,elbow_flex,0.0,-0.0898,0.0,-0.0879,1971,0,0,0,12.2,34,step_10,no_load,0.0
5.662067,0.837785,elbow_flex,0.0,-0.0898,0.0,-0.0879,1971,0,0,0,12.2,34,step_10,no_load,0.0
5.672695,0.848413,elbow_flex,0.0,-0.0898,0.0,-0.0879,1971,0,0,0,12.2,35,step_10,no_load,0.0
5.683538,0.859256,elbow_flex,0.0,-0.0898,0.0,-0.0879,1971,0,0,0,12.2,35,step_10,no_load,0.0
5.694213,0.869931,elbow_flex,0.0,-0.0898,0.0,-0.0879,1971,0,0,0,12.2,34,step_10,no_load,0.0
5.704335,0.880053,elbow_flex,0.0,-0.0898,0.0,-0.0879,1971,0,0,0,12.2,35,step_10,no_load,0.0
5.715274,0.890992,elbow_flex,0.0,-0.0898,0.0,-0.0879,1971,0,0,0,12.2,35,step_10,no_load,0.0
5.725972,0.901691,elbow_flex,0.0,-0.0898,0.0,-0.0879,1971,0,0,0,12.2,35,step_10,no_load,0.0
5.736692,0.91241,elbow_flex,0.0,-0.0898,0.0,-0.0879,1971,0,0,0,12.2,35,step_10,no_load,0.0
5.746807,0.922525,elbow_flex,0.0,-0.0898,0.0,-0.0879,1971,0,0,0,12.2,35,step_10,no_load,0.0
5.757385,0.933103,elbow_flex,0.0,-0.0898,0.0,-0.0879,1971,0,0,0,12.2,34,step_10,no_load,0.0
5.768461,0.944179,elbow_flex,0.0,-0.0898,0.0,-0.0879,1971,0,0,0,12.2,35,step_10,no_load,0.0
5.778838,0.954556,elbow_flex,0.0,-0.0898,0.0,-0.0879,1971,0,0,0,12.2,35,step_10,no_load,0.0
5.789006,0.964724,elbow_flex,0.0,-0.0898,0.0,-0.0879,1971,0,0,0,12.2,35,step_10,no_load,0.0
5.799426,0.975144,elbow_flex,0.0,-0.0898,0.0,-0.0879,1971,0,0,0,12.2,35,step_10,no_load,0.0
5.80998,0.985698,elbow_flex,0.0,-0.0898,0.0,-0.0879,1971,0,0,0,12.3,35,step_10,no_load,0.0
5.820612,0.99633,elbow_flex,0.0,-0.0898,0.0,-0.0879,1971,0,0,0,12.2,35,step_10,no_load,0.0
5.830732,1.00645,elbow_flex,0.0,-0.0898,0.0,-0.0879,1971,0,0,0,12.2,35,step_10,no_load,0.0
5.841781,1.017499,elbow_flex,0.0,-0.0898,0.0,-0.0879,1971,0,0,0,12.2,35,step_10,no_load,0.0
5.85281,1.028528,elbow_flex,0.0,-0.0898,0.0,-0.0879,1971,0,0,0,12.3,35,step_10,no_load,0.0
5.863436,1.039155,elbow_flex,0.0,-0.0898,0.0,-0.0879,1971,0,0,0,12.3,35,step_10,no_load,0.0
5.873537,1.049255,elbow_flex,0.0,-0.0898,0.0,-0.0879,1971,0,0,0,12.2,35,step_10,no_load,0.0
5.883593,1.059311,elbow_flex,0.0,-0.0898,0.0,-0.0879,1971,0,0,0,12.2,35,step_10,no_load,0.0
5.894083,1.069801,elbow_flex,0.0,-0.0898,0.0,-0.0879,1971,0,0,0,12.2,35,step_10,no_load,0.0
5.904479,1.080197,elbow_flex,0.0,-0.0898,0.0,-0.0879,1971,0,0,0,12.2,35,step_10,no_load,0.0
5.91464,1.090358,elbow_flex,0.0,-0.0898,0.0,-0.0879,1971,0,0,0,12.2,34,step_10,no_load,0.0
5.925261,1.100979,elbow_flex,0.0,-0.0898,0.0,-0.0879,1971,0,0,0,12.2,35,step_10,no_load,0.0
5.935482,1.111201,elbow_flex,0.0,-0.0898,0.0,-0.0879,1971,0,0,0,12.2,35,step_10,no_load,0.0
5.94606,1.121778,elbow_flex,0.0,-0.0898,0.0,-0.0879,1971,0,0,0,12.2,34,step_10,no_load,0.0
5.956237,1.131955,elbow_flex,0.0,-0.0898,0.0,-0.0879,1971,0,0,0,12.2,35,step_10,no_load,0.0
5.966312,1.14203,elbow_flex,0.0,-0.0898,0.0,-0.0879,1971,0,0,0,12.2,34,step_10,no_load,0.0
5.976792,1.15251,elbow_flex,0.0,-0.0898,0.0,-0.0879,1971,0,0,0,12.2,35,step_10,no_load,0.0
5.987303,1.163021,elbow_flex,0.0,-0.0898,0.0,-0.0879,1971,0,0,0,12.2,35,step_10,no_load,0.0
5.998394,1.174112,elbow_flex,0.0,-0.0898,0.0,-0.0879,1971,0,0,0,12.2,35,step_10,no_load,0.0
6.009035,1.184753,elbow_flex,0.0,-0.0898,0.0,-0.0879,1971,0,0,0,12.2,35,step_10,no_load,0.0
6.020105,1.195823,elbow_flex,0.0,-0.0898,0.0,-0.0879,1971,0,0,0,12.2,35,step_10,no_load,0.0
6.031204,1e-06,elbow_flex,10.0,-0.0898,9.791,-0.0879,1971,0,0,0,12.2,35,step_10,no_load,0.0
6.041899,0.010696,elbow_flex,10.0,-0.0898,9.791,-0.0879,1971,0,1044,0,12.2,35,step_10,no_load,0.0
6.052453,0.02125,elbow_flex,10.0,-0.0898,9.791,-0.0879,1971,0,1080,1,12.2,35,step_10,no_load,0.0
6.062738,0.031536,elbow_flex,10.0,-0.0898,9.791,-0.0879,1971,0,1112,3,12.2,35,step_10,no_load,0.0
6.073308,0.042105,elbow_flex,10.0,-0.0898,9.791,-0.0879,1971,0,1196,11,12.2,35,step_10,no_load,0.0
6.084521,0.053318,elbow_flex,10.0,0.1795,9.791,0.1758,1974,100,1244,11,12.2,35,step_10,no_load,23.517
6.095113,0.06391,elbow_flex,10.0,0.5386,9.791,0.5273,1978,100,1312,18,12.2,34,step_10,no_load,33.185
6.106143,0.074941,elbow_flex,10.0,1.0772,9.791,1.0547,1984,400,1364,20,12.2,35,step_10,no_load,47.815
6.116254,0.085052,elbow_flex,10.0,1.7056,9.791,1.6699,1991,400,1384,20,12.1,35,step_10,no_load,60.845
6.126578,0.095375,elbow_flex,10.0,2.4237,9.791,2.373,1999,700,1396,10,12.2,35,step_10,no_load,68.103
6.137205,0.106003,elbow_flex,10.0,3.4111,9.791,3.3398,2010,700,1324,7,12.2,35,step_10,no_load,90.976
6.147297,0.116095,elbow_flex,10.0,4.219,9.791,4.1309,2019,900,1308,0,12.2,35,step_10,no_load,78.389
6.157879,0.126677,elbow_flex,10.0,5.2065,9.791,5.0977,2030,900,1216,0,12.2,35,step_10,no_load,91.363
6.16852,0.137317,elbow_flex,10.0,6.2837,9.791,6.1523,2042,1050,1108,0,12.2,35,step_10,no_load,99.107
6.179271,0.148068,elbow_flex,10.0,7.0916,9.791,6.9434,2051,1050,1072,0,12.2,35,step_10,no_load,73.584
6.190246,0.159044,elbow_flex,10.0,7.5404,9.791,7.3828,2056,900,1092,0,12.2,35,step_10,no_load,40.036
6.201257,0.170055,elbow_flex,10.0,7.8995,9.791,7.7344,2060,400,1076,0,12.2,35,step_10,no_load,31.932
6.212265,0.181063,elbow_flex,10.0,8.2585,9.791,8.0859,2064,400,1088,0,12.2,35,step_10,no_load,31.931
6.222521,0.191318,elbow_flex,10.0,8.5278,9.791,8.3496,2067,300,1076,0,12.2,35,step_10,no_load,25.712
6.233375,0.202172,elbow_flex,10.0,8.7971,9.791,8.6133,2070,300,1060,0,12.2,35,step_10,no_load,24.295
6.243477,0.212274,elbow_flex,10.0,8.9767,9.791,8.7891,2072,250,1052,0,12.2,35,step_10,no_load,17.402
6.253634,0.222431,elbow_flex,10.0,9.0664,9.791,8.877,2073,250,1064,0,12.2,34,step_10,no_load,8.654
6.264212,0.23301,elbow_flex,10.0,9.0664,9.791,8.877,2073,100,1064,0,12.2,35,step_10,no_load,0.0
6.27429,0.243087,elbow_flex,10.0,9.0664,9.791,8.877,2073,100,1072,0,12.2,35,step_10,no_load,0.0
6.285339,0.254137,elbow_flex,10.0,9.1562,9.791,8.9648,2074,0,1068,0,12.2,35,step_10,no_load,7.946
6.295428,0.264225,elbow_flex,10.0,9.0664,9.791,8.877,2073,0,1072,0,12.3,35,step_10,no_load,-8.703
6.306008,0.274805,elbow_flex,10.0,8.9767,9.791,8.7891,2072,-50,1076,1,12.2,35,step_10,no_load,-8.308
6.316719,0.285517,elbow_flex,10.0,8.9767,9.791,8.7891,2072,-50,1088,0,12.2,35,step_10,no_load,0.0
6.327415,0.296213,elbow_flex,10.0,8.9767,9.791,8.7891,2072,0,1072,1,12.2,35,step_10,no_load,0.0
6.337677,0.306474,elbow_flex,10.0,9.1562,9.791,8.9648,2074,0,1068,0,12.2,35,step_10,no_load,17.121
6.3483,0.317098,elbow_flex,10.0,9.246,9.791,9.0527,2075,100,1060,0,12.2,35,step_10,no_load,8.274
6.358905,0.327702,elbow_flex,10.0,9.3357,9.791,9.1406,2076,100,1056,0,12.3,35,step_10,no_load,8.289
6.369533,0.33833,elbow_flex,10.0,9.4255,9.791,9.2285,2077,100,1052,0,12.2,35,step_10,no_load,8.271
6.379666,0.348464,elbow_flex,10.0,9.605,9.791,9.4043,2079,150,1044,0,12.2,34,step_10,no_load,17.349
6.3903,0.359097,elbow_flex,10.0,9.7846,9.791,9.5801,2081,150,24,0,12.2,35,step_10,no_load,16.532
6.401079,0.369877,elbow_flex,10.0,9.8743,9.791,9.668,2082,150,28,0,12.2,35,step_10,no_load,8.155
6.411892,0.38069,elbow_flex,10.0,9.9641,9.791,9.7559,2083,150,24,0,12.2,34,step_10,no_load,8.129
6.422519,0.391316,elbow_flex,10.0,9.9641,9.791,9.7559,2083,50,24,0,12.2,35,step_10,no_load,0.0
6.432799,0.401596,elbow_flex,10.0,9.9641,9.791,9.7559,2083,50,0,0,12.2,35,step_10,no_load,0.0
6.443088,0.411886,elbow_flex,10.0,9.9641,9.791,9.7559,2083,0,0,0,12.2,34,step_10,no_load,0.0
6.453716,0.422513,elbow_flex,10.0,9.9641,9.791,9.7559,2083,0,0,0,12.3,35,step_10,no_load,0.0
6.464288,0.433086,elbow_flex,10.0,9.9641,9.791,9.7559,2083,0,0,0,12.3,34,step_10,no_load,0.0
6.474918,0.443715,elbow_flex,10.0,9.8743,9.791,9.668,2082,0,0,0,12.2,35,step_10,no_load,-8.269
6.485027,0.453824,elbow_flex,10.0,9.8743,9.791,9.668,2082,-50,0,0,12.2,35,step_10,no_load,0.0
6.495661,0.464459,elbow_flex,10.0,9.7846,9.791,9.5801,2081,-50,1044,0,12.3,35,step_10,no_load,-8.266
6.505728,0.474525,elbow_flex,10.0,9.7846,9.791,9.5801,2081,-50,1048,0,12.2,34,step_10,no_load,0.0
6.515918,0.484716,elbow_flex,10.0,9.6948,9.791,9.4922,2080,-50,1052,0,12.2,35,step_10,no_load,-8.626
6.526637,0.495435,elbow_flex,10.0,9.6948,9.791,9.4922,2080,-50,1052,0,12.3,35,step_10,no_load,0.0
6.537267,0.506065,elbow_flex,10.0,9.6948,9.791,9.4922,2080,-50,1052,1,12.3,35,step_10,no_load,0.0
6.548398,0.517196,elbow_flex,10.0,9.6948,9.791,9.4922,2080,0,1048,0,12.2,34,step_10,no_load,0.0
6.559038,0.527836,elbow_flex,10.0,9.6948,9.791,9.4922,2080,0,1048,0,12.2,35,step_10,no_load,0.0
6.569112,0.537909,elbow_flex,10.0,9.6948,9.791,9.4922,2080,0,1044,0,12.2,35,step_10,no_load,0.0
6.579647,0.548444,elbow_flex,10.0,9.7846,9.791,9.5801,2081,50,1044,0,12.2,35,step_10,no_load,8.344
6.59023,0.559027,elbow_flex,10.0,9.8743,9.791,9.668,2082,50,24,0,12.2,35,step_10,no_load,8.306
6.601528,0.570325,elbow_flex,10.0,9.9641,9.791,9.7559,2083,100,24,0,12.2,35,step_10,no_load,7.78
6.612617,0.581414,elbow_flex,10.0,9.9641,9.791,9.7559,2083,100,0,0,12.2,35,step_10,no_load,0.0
6.623245,0.592043,elbow_flex,10.0,9.9641,9.791,9.7559,2083,0,0,0,12.3,35,step_10,no_load,0.0
6.634067,0.602864,elbow_flex,10.0,9.9641,9.791,9.7559,2083,0,0,0,12.2,35,step_10,no_load,0.0
6.644673,0.61347,elbow_flex,10.0,9.9641,9.791,9.7559,2083,0,0,0,12.2,35,step_10,no_load,0.0
6.655302,0.6241,elbow_flex,10.0,9.9641,9.791,9.7559,2083,0,0,0,12.2,34,step_10,no_load,0.0
6.665829,0.634626,elbow_flex,10.0,9.9641,9.791,9.7559,2083,0,0,0,12.2,35,step_10,no_load,0.0
6.676458,0.645255,elbow_flex,10.0,9.9641,9.791,9.7559,2083,0,0,0,12.2,35,step_10,no_load,0.0
6.686615,0.655413,elbow_flex,10.0,9.9641,9.791,9.7559,2083,0,0,0,12.3,34,step_10,no_load,0.0
6.697246,0.666043,elbow_flex,10.0,9.9641,9.791,9.7559,2083,0,0,0,12.3,35,step_10,no_load,0.0
6.708317,0.677114,elbow_flex,10.0,9.9641,9.791,9.7559,2083,0,0,0,12.2,35,step_10,no_load,0.0
6.718831,0.687629,elbow_flex,10.0,9.9641,9.791,9.7559,2083,0,0,0,12.2,35,step_10,no_load,0.0
6.729489,0.698287,elbow_flex,10.0,9.9641,9.791,9.7559,2083,0,0,0,12.2,35,step_10,no_load,0.0
6.73977,0.708567,elbow_flex,10.0,9.9641,9.791,9.7559,2083,0,0,0,12.2,35,step_10,no_load,0.0
6.750086,0.718884,elbow_flex,10.0,9.9641,9.791,9.7559,2083,0,0,0,12.2,35,step_10,no_load,0.0
6.760675,0.729473,elbow_flex,10.0,9.9641,9.791,9.7559,2083,0,0,0,12.3,35,step_10,no_load,0.0
6.771028,0.739826,elbow_flex,10.0,9.9641,9.791,9.7559,2083,0,0,0,12.2,35,step_10,no_load,0.0
6.781632,0.750429,elbow_flex,10.0,9.9641,9.791,9.7559,2083,0,0,0,12.2,34,step_10,no_load,0.0
6.791776,0.760574,elbow_flex,10.0,9.9641,9.791,9.7559,2083,0,0,0,12.3,35,step_10,no_load,0.0
6.802261,0.771059,elbow_flex,10.0,9.9641,9.791,9.7559,2083,0,0,0,12.2,35,step_10,no_load,0.0
6.812876,0.781673,elbow_flex,10.0,9.9641,9.791,9.7559,2083,0,0,0,12.2,35,step_10,no_load,0.0
6.823483,0.79228,elbow_flex,10.0,9.9641,9.791,9.7559,2083,0,0,0,12.2,35,step_10,no_load,0.0
6.834665,0.803463,elbow_flex,10.0,9.9641,9.791,9.7559,2083,0,0,0,12.2,35,step_10,no_load,0.0
6.845571,0.814368,elbow_flex,10.0,9.9641,9.791,9.7559,2083,0,0,0,12.2,35,step_10,no_load,0.0
6.856219,0.825017,elbow_flex,10.0,9.9641,9.791,9.7559,2083,0,0,0,12.2,35,step_10,no_load,0.0
6.866279,0.835076,elbow_flex,10.0,9.9641,9.791,9.7559,2083,0,0,0,12.3,35,step_10,no_load,0.0
6.877254,0.846051,elbow_flex,10.0,9.9641,9.791,9.7559,2083,0,0,0,12.2,35,step_10,no_load,0.0
6.88783,0.856627,elbow_flex,10.0,9.9641,9.791,9.7559,2083,0,0,0,12.2,35,step_10,no_load,0.0
6.898945,0.867742,elbow_flex,10.0,9.9641,9.791,9.7559,2083,0,0,0,12.2,35,step_10,no_load,0.0
6.909221,0.878018,elbow_flex,10.0,9.9641,9.791,9.7559,2083,0,0,0,12.2,35,step_10,no_load,0.0
6.919315,0.888113,elbow_flex,10.0,9.9641,9.791,9.7559,2083,0,0,0,12.2,35,step_10,no_load,0.0
6.929951,0.898749,elbow_flex,10.0,9.9641,9.791,9.7559,2083,0,0,0,12.2,34,step_10,no_load,0.0
6.940047,0.908845,elbow_flex,10.0,9.9641,9.791,9.7559,2083,0,0,0,12.2,35,step_10,no_load,0.0
6.950139,0.918936,elbow_flex,10.0,9.9641,9.791,9.7559,2083,0,0,0,12.2,35,step_10,no_load,0.0
6.960616,0.929414,elbow_flex,10.0,9.9641,9.791,9.7559,2083,0,0,0,12.2,34,step_10,no_load,0.0
6.971237,0.940035,elbow_flex,10.0,9.9641,9.791,9.7559,2083,0,0,0,12.2,35,step_10,no_load,0.0
6.982435,0.951233,elbow_flex,10.0,9.9641,9.791,9.7559,2083,0,0,0,12.2,35,step_10,no_load,0.0
6.993076,0.961873,elbow_flex,10.0,9.9641,9.791,9.7559,2083,0,0,0,12.2,35,step_10,no_load,0.0
7.003204,0.972001,elbow_flex,10.0,9.9641,9.791,9.7559,2083,0,0,0,12.2,35,step_10,no_load,0.0
7.01378,0.982577,elbow_flex,10.0,9.9641,9.791,9.7559,2083,0,0,0,12.2,34,step_10,no_load,0.0
7.023877,0.992675,elbow_flex,10.0,9.9641,9.791,9.7559,2083,0,0,0,12.2,35,step_10,no_load,0.0
7.034664,1.003461,elbow_flex,10.0,9.9641,9.791,9.7559,2083,0,0,0,12.2,35,step_10,no_load,0.0
7.044876,1.013674,elbow_flex,10.0,9.9641,9.791,9.7559,2083,0,0,0,12.2,35,step_10,no_load,0.0
7.055453,1.024251,elbow_flex,10.0,9.9641,9.791,9.7559,2083,0,0,0,12.2,35,step_10,no_load,0.0
7.065794,1.034592,elbow_flex,10.0,9.9641,9.791,9.7559,2083,0,0,0,12.2,35,step_10,no_load,0.0
7.076431,1.045228,elbow_flex,10.0,9.9641,9.791,9.7559,2083,0,0,0,12.2,35,step_10,no_load,0.0
7.087501,1.056298,elbow_flex,10.0,9.9641,9.791,9.7559,2083,0,0,0,12.2,35,step_10,no_load,0.0
7.098373,1.06717,elbow_flex,10.0,9.9641,9.791,9.7559,2083,0,0,0,12.2,35,step_10,no_load,0.0
7.109019,1.077816,elbow_flex,10.0,9.9641,9.791,9.7559,2083,0,0,1,12.3,35,step_10,no_load,0.0
7.119604,1.088402,elbow_flex,10.0,9.9641,9.791,9.7559,2083,0,0,0,12.2,35,step_10,no_load,0.0
7.130677,1.099474,elbow_flex,10.0,9.9641,9.791,9.7559,2083,0,0,0,12.2,35,step_10,no_load,0.0
7.141313,1.11011,elbow_flex,10.0,9.9641,9.791,9.7559,2083,0,0,0,12.2,35,step_10,no_load,0.0
7.151448,1.120245,elbow_flex,10.0,9.9641,9.791,9.7559,2083,0,0,0,12.2,35,step_10,no_load,0.0
7.162038,1.130835,elbow_flex,10.0,9.9641,9.791,9.7559,2083,0,0,0,12.2,35,step_10,no_load,0.0
7.172543,1.14134,elbow_flex,10.0,9.9641,9.791,9.7559,2083,0,0,0,12.2,35,step_10,no_load,0.0
7.183205,1.152003,elbow_flex,10.0,9.9641,9.791,9.7559,2083,0,0,0,12.2,35,step_10,no_load,0.0
7.193271,1.162068,elbow_flex,10.0,9.9641,9.791,9.7559,2083,0,0,0,12.2,35,step_10,no_load,0.0
7.204238,1.173035,elbow_flex,10.0,9.9641,9.791,9.7559,2083,0,0,0,12.2,35,step_10,no_load,0.0
7.215275,1.184072,elbow_flex,10.0,9.9641,9.791,9.7559,2083,0,0,0,12.2,35,step_10,no_load,0.0
7.226564,1.195362,elbow_flex,10.0,9.9641,9.791,9.7559,2083,0,0,0,12.2,35,step_10,no_load,0.0
7.237191,1e-06,elbow_flex,0.0,9.9641,0.0,9.7559,2083,0,0,0,12.3,35,step_10,no_load,0.0
7.247817,0.010628,elbow_flex,0.0,9.9641,0.0,9.7559,2083,0,20,0,12.2,35,step_10,no_load,0.0
7.258564,0.021374,elbow_flex,0.0,9.9641,0.0,9.7559,2083,0,40,0,12.2,35,step_10,no_load,0.0
7.269185,0.031995,elbow_flex,0.0,9.9641,0.0,9.7559,2083,0,104,4,12.2,35,step_10,no_load,0.0
7.27929,0.0421,elbow_flex,0.0,9.8743,0.0,9.668,2082,0,144,7,12.2,35,step_10,no_load,-8.699
7.28989,0.052701,elbow_flex,0.0,9.7846,0.0,9.5801,2081,0,220,11,12.2,35,step_10,no_load,-8.292
7.300933,0.063743,elbow_flex,0.0,9.3357,0.0,9.1406,2076,-200,296,19,12.2,35,step_10,no_load,-39.799
7.311512,0.074322,elbow_flex,0.0,8.7971,0.0,8.6133,2070,-200,336,19,12.2,35,step_10,no_load,-49.844
7.321655,0.084466,elbow_flex,0.0,8.1688,0.0,7.998,2063,-500,340,14,12.1,35,step_10,no_load,-60.663
7.332282,0.095092,elbow_flex,0.0,7.2711,0.0,7.1191,2053,-500,348,13,12.1,35,step_10,no_load,-82.704
7.342793,0.105604,elbow_flex,0.0,6.3734,0.0,6.2402,2043,-850,272,2,12.2,35,step_10,no_load,-83.617
7.353373,0.116183,elbow_flex,0.0,5.4758,0.0,5.3613,2033,-950,252,3,12.2,34,step_10,no_load,-83.072
7.36342,0.12623,elbow_flex,0.0,4.5781,0.0,4.4824,2023,-950,164,0,12.2,35,step_10,no_load,-87.479
7.374007,0.136818,elbow_flex,0.0,3.5009,0.0,3.4277,2011,-1050,116,0,12.2,34,step_10,no_load,-99.622
7.384058,0.146868,elbow_flex,0.0,2.7828,0.0,2.7246,2003,-1050,52,0,12.2,34,step_10,no_load,-69.953
7.394607,0.157417,elbow_flex,0.0,2.3339,0.0,2.2852,1998,-650,36,0,12.2,35,step_10,no_load,-41.653
7.404732,0.167543,elbow_flex,0.0,1.9749,0.0,1.9336,1994,-650,64,0,12.2,35,step_10,no_load,-34.726
7.414871,0.177681,elbow_flex,0.0,1.6158,0.0,1.582,1990,-400,48,0,12.2,35,step_10,no_load,-34.678
7.425498,0.188308,elbow_flex,0.0,1.2567,0.0,1.2305,1986,-400,36,0,12.2,34,step_10,no_load,-33.076
7.436501,0.199311,elbow_flex,0.0,1.0772,0.0,1.0547,1984,-350,24,0,12.2,35,step_10,no_load,-15.977
7.447077,0.209887,elbow_flex,0.0,0.8977,0.0,0.8789,1982,-350,32,0,12.2,35,step_10,no_load,-16.623
7.457708,0.220519,elbow_flex,0.0,0.8079,0.0,0.791,1981,-150,24,0,12.2,35,step_10,no_load,-8.268
7.467811,0.230622,elbow_flex,0.0,0.7181,0.0,0.7031,1980,-150,32,0,12.2,34,step_10,no_load,-8.7
7.478448,0.241258,elbow_flex,0.0,0.8977,0.0,0.8789,1982,0,40,1,12.2,35,step_10,no_load,16.527
7.488527,0.251337,elbow_flex,0.0,0.9874,0.0,0.9668,1983,0,64,0,12.2,34,step_10,no_load,8.721
7.499032,0.261843,elbow_flex,0.0,0.9874,0.0,0.9668,1983,100,60,1,12.2,35,step_10,no_load,0.0
7.509614,0.272425,elbow_flex,0.0,0.9874,0.0,0.9668,1983,100,60,0,12.2,35,step_10,no_load,0.0
7.520212,0.283022,elbow_flex,0.0,0.8079,0.0,0.791,1981,-50,40,0,12.2,35,step_10,no_load,-16.588
7.530807,0.293618,elbow_flex,0.0,0.7181,0.0,0.7031,1980,-50,36,0,12.2,35,step_10,no_load,-8.296
7.541393,0.304204,elbow_flex,0.0,0.6284,0.0,0.6152,1979,-100,32,1,12.2,35,step_10,no_load,-8.303
7.551508,0.314318,elbow_flex,0.0,0.2693,0.0,0.2637,1975,-250,0,0,12.2,34,step_10,no_load,-34.75
7.562146,0.324956,elbow_flex,0.0,0.0898,0.0,0.0879,1973,-250,1060,0,12.2,34,step_10,no_load,-16.526
7.573229,0.336039,elbow_flex,0.0,0.0,0.0,0.0,1972,-150,1060,1,12.2,35,step_10,no_load,-7.931
7.584563,0.347373,elbow_flex,0.0,0.0,0.0,0.0,1972,-150,1044,0,12.2,35,step_10,no_load,0.0
7.59465,0.35746,elbow_flex,0.0,-0.0898,0.0,-0.0879,1971,-50,1044,0,12.2,35,step_10,no_load,-8.714
7.605264,0.368074,elbow_flex,0.0,-0.0898,0.0,-0.0879,1971,-50,0,0,12.2,35,step_10,no_load,0.0
7.615455,0.378266,elbow_flex,0.0,-0.0898,0.0,-0.0879,1971,0,0,0,12.2,35,step_10,no_load,0.0
7.626083,0.388893,elbow_flex,0.0,-0.0898,0.0,-0.0879,1971,0,0,0,12.2,35,step_10,no_load,0.0
7.63618,0.398991,elbow_flex,0.0,-0.0898,0.0,-0.0879,1971,0,0,0,12.2,34,step_10,no_load,0.0
7.646812,0.409622,elbow_flex,0.0,0.0,0.0,0.0,1972,0,0,0,12.2,35,step_10,no_load,8.267
7.657391,0.420202,elbow_flex,0.0,0.0,0.0,0.0,1972,50,0,0,12.2,34,step_10,no_load,0.0
7.668104,0.430915,elbow_flex,0.0,0.0,0.0,0.0,1972,50,0,0,12.2,35,step_10,no_load,0.0
7.678699,0.441509,elbow_flex,0.0,0.0,0.0,0.0,1972,0,0,0,12.2,35,step_10,no_load,0.0
7.689748,0.452559,elbow_flex,0.0,0.0,0.0,0.0,1972,0,0,0,12.2,35,step_10,no_load,0.0
7.699815,0.462626,elbow_flex,0.0,-0.0898,0.0,-0.0879,1971,0,0,0,12.2,35,step_10,no_load,-8.731
7.710402,0.473212,elbow_flex,0.0,-0.0898,0.0,-0.0879,1971,-50,0,0,12.2,35,step_10,no_load,0.0
7.720982,0.483792,elbow_flex,0.0,-0.0898,0.0,-0.0879,1971,-50,0,0,12.2,35,step_10,no_load,0.0
7.73198,0.49479,elbow_flex,0.0,-0.0898,0.0,-0.0879,1971,0,0,0,12.2,35,step_10,no_load,0.0
7.742564,0.505375,elbow_flex,0.0,-0.0898,0.0,-0.0879,1971,0,0,0,12.2,35,step_10,no_load,0.0
7.752667,0.515478,elbow_flex,0.0,-0.0898,0.0,-0.0879,1971,0,0,0,12.2,35,step_10,no_load,0.0
7.76335,0.52616,elbow_flex,0.0,-0.0898,0.0,-0.0879,1971,0,0,0,12.2,35,step_10,no_load,0.0
7.774268,0.537079,elbow_flex,0.0,-0.0898,0.0,-0.0879,1971,0,0,0,12.2,35,step_10,no_load,0.0
7.784405,0.547216,elbow_flex,0.0,-0.0898,0.0,-0.0879,1971,0,0,0,12.2,35,step_10,no_load,0.0
7.794536,0.557346,elbow_flex,0.0,-0.0898,0.0,-0.0879,1971,0,0,0,12.3,34,step_10,no_load,0.0
7.805127,0.567938,elbow_flex,0.0,-0.0898,0.0,-0.0879,1971,0,0,0,12.2,34,step_10,no_load,0.0
7.815221,0.578032,elbow_flex,0.0,-0.0898,0.0,-0.0879,1971,0,0,0,12.2,35,step_10,no_load,0.0
7.825798,0.588609,elbow_flex,0.0,-0.0898,0.0,-0.0879,1971,0,0,0,12.2,34,step_10,no_load,0.0
7.836887,0.599697,elbow_flex,0.0,-0.0898,0.0,-0.0879,1971,0,0,0,12.2,35,step_10,no_load,0.0
7.847436,0.610246,elbow_flex,0.0,-0.0898,0.0,-0.0879,1971,0,0,0,12.2,35,step_10,no_load,0.0
7.858072,0.620882,elbow_flex,0.0,-0.0898,0.0,-0.0879,1971,0,0,0,12.2,35,step_10,no_load,0.0
7.869141,0.631951,elbow_flex,0.0,-0.0898,0.0,-0.0879,1971,0,0,0,12.2,35,step_10,no_load,0.0
7.879692,0.642503,elbow_flex,0.0,-0.0898,0.0,-0.0879,1971,0,0,0,12.2,35,step_10,no_load,0.0
7.889853,0.652664,elbow_flex,0.0,-0.0898,0.0,-0.0879,1971,0,0,0,12.2,35,step_10,no_load,0.0
7.900832,0.663642,elbow_flex,0.0,-0.0898,0.0,-0.0879,1971,0,0,0,12.3,35,step_10,no_load,0.0
7.911814,0.674624,elbow_flex,0.0,-0.0898,0.0,-0.0879,1971,0,0,0,12.2,35,step_10,no_load,0.0
7.922436,0.685246,elbow_flex,0.0,-0.0898,0.0,-0.0879,1971,0,0,0,12.2,35,step_10,no_load,0.0
7.933217,0.696028,elbow_flex,0.0,-0.0898,0.0,-0.0879,1971,0,0,0,12.2,35,step_10,no_load,0.0
7.944154,0.706965,elbow_flex,0.0,-0.0898,0.0,-0.0879,1971,0,0,0,12.2,35,step_10,no_load,0.0
7.954247,0.717057,elbow_flex,0.0,-0.0898,0.0,-0.0879,1971,0,0,0,12.2,35,step_10,no_load,0.0
7.964844,0.727654,elbow_flex,0.0,-0.0898,0.0,-0.0879,1971,0,0,0,12.2,35,step_10,no_load,0.0
7.975523,0.738334,elbow_flex,0.0,-0.0898,0.0,-0.0879,1971,0,0,0,12.2,34,step_10,no_load,0.0
7.986157,0.748967,elbow_flex,0.0,-0.0898,0.0,-0.0879,1971,0,0,0,12.2,35,step_10,no_load,0.0
7.996258,0.759069,elbow_flex,0.0,-0.0898,0.0,-0.0879,1971,0,0,0,12.2,35,step_10,no_load,0.0
8.006818,0.769629,elbow_flex,0.0,-0.0898,0.0,-0.0879,1971,0,0,0,12.2,34,step_10,no_load,0.0
8.01802,0.78083,elbow_flex,0.0,-0.0898,0.0,-0.0879,1971,0,0,0,12.2,35,step_10,no_load,0.0
8.028616,0.791427,elbow_flex,0.0,-0.0898,0.0,-0.0879,1971,0,0,0,12.2,35,step_10,no_load,0.0
8.038682,0.801493,elbow_flex,0.0,-0.0898,0.0,-0.0879,1971,0,0,0,12.2,35,step_10,no_load,0.0
8.048899,0.811709,elbow_flex,0.0,-0.0898,0.0,-0.0879,1971,0,0,0,12.2,35,step_10,no_load,0.0
8.059271,0.822082,elbow_flex,0.0,-0.0898,0.0,-0.0879,1971,0,0,0,12.2,34,step_10,no_load,0.0
8.069379,0.832189,elbow_flex,0.0,-0.0898,0.0,-0.0879,1971,0,0,0,12.2,34,step_10,no_load,0.0
8.079965,0.842776,elbow_flex,0.0,-0.0898,0.0,-0.0879,1971,0,0,0,12.2,35,step_10,no_load,0.0
8.090591,0.853401,elbow_flex,0.0,-0.0898,0.0,-0.0879,1971,0,0,0,12.2,34,step_10,no_load,0.0
8.10166,0.864471,elbow_flex,0.0,-0.0898,0.0,-0.0879,1971,0,0,0,12.2,35,step_10,no_load,0.0
8.112297,0.875108,elbow_flex,0.0,-0.0898,0.0,-0.0879,1971,0,0,0,12.2,35,step_10,no_load,0.0
8.122478,0.885288,elbow_flex,0.0,-0.0898,0.0,-0.0879,1971,0,0,0,12.2,35,step_10,no_load,0.0
8.132563,0.895373,elbow_flex,0.0,-0.0898,0.0,-0.0879,1971,0,0,0,12.2,35,step_10,no_load,0.0
8.143658,0.906468,elbow_flex,0.0,-0.0898,0.0,-0.0879,1971,0,0,0,12.2,34,step_10,no_load,0.0
8.154234,0.917045,elbow_flex,0.0,-0.0898,0.0,-0.0879,1971,0,0,0,12.2,35,step_10,no_load,0.0
8.165458,0.928268,elbow_flex,0.0,-0.0898,0.0,-0.0879,1971,0,0,0,12.2,35,step_10,no_load,0.0
8.175871,0.938681,elbow_flex,0.0,-0.0898,0.0,-0.0879,1971,0,0,0,12.2,35,step_10,no_load,0.0
8.186919,0.949729,elbow_flex,0.0,-0.0898,0.0,-0.0879,1971,0,0,0,12.2,35,step_10,no_load,0.0
8.197895,0.960705,elbow_flex,0.0,-0.0898,0.0,-0.0879,1971,0,0,0,12.2,35,step_10,no_load,0.0
8.208879,0.971689,elbow_flex,0.0,-0.0898,0.0,-0.0879,1971,0,0,0,12.2,34,step_10,no_load,0.0
8.219909,0.982719,elbow_flex,0.0,-0.0898,0.0,-0.0879,1971,0,0,0,12.3,35,step_10,no_load,0.0
8.230512,0.993322,elbow_flex,0.0,-0.0898,0.0,-0.0879,1971,0,0,0,12.2,35,step_10,no_load,0.0
8.240704,1.003515,elbow_flex,0.0,-0.0898,0.0,-0.0879,1971,0,0,0,12.2,35,step_10,no_load,0.0
8.250939,1.013749,elbow_flex,0.0,-0.0898,0.0,-0.0879,1971,0,0,0,12.2,35,step_10,no_load,0.0
8.261556,1.024366,elbow_flex,0.0,-0.0898,0.0,-0.0879,1971,0,0,0,12.2,34,step_10,no_load,0.0
8.271849,1.03466,elbow_flex,0.0,-0.0898,0.0,-0.0879,1971,0,0,0,12.2,35,step_10,no_load,0.0
8.282184,1.044994,elbow_flex,0.0,-0.0898,0.0,-0.0879,1971,0,0,0,12.2,35,step_10,no_load,0.0
8.292839,1.05565,elbow_flex,0.0,-0.0898,0.0,-0.0879,1971,0,0,0,12.2,35,step_10,no_load,0.0
8.30322,1.066031,elbow_flex,0.0,-0.0898,0.0,-0.0879,1971,0,0,0,12.2,35,step_10,no_load,0.0
8.313785,1.076595,elbow_flex,0.0,-0.0898,0.0,-0.0879,1971,0,0,0,12.2,35,step_10,no_load,0.0
8.324303,1.087114,elbow_flex,0.0,-0.0898,0.0,-0.0879,1971,0,0,0,12.2,35,step_10,no_load,0.0
8.334833,1.097644,elbow_flex,0.0,-0.0898,0.0,-0.0879,1971,0,0,0,12.2,35,step_10,no_load,0.0
8.344965,1.107776,elbow_flex,0.0,-0.0898,0.0,-0.0879,1971,0,0,0,12.2,35,step_10,no_load,0.0
8.355567,1.118378,elbow_flex,0.0,-0.0898,0.0,-0.0879,1971,0,0,0,12.2,35,step_10,no_load,0.0
8.36625,1.12906,elbow_flex,0.0,-0.0898,0.0,-0.0879,1971,0,0,0,12.2,35,step_10,no_load,0.0
8.376877,1.139687,elbow_flex,0.0,-0.0898,0.0,-0.0879,1971,0,0,0,12.2,35,step_10,no_load,0.0
8.386982,1.149793,elbow_flex,0.0,-0.0898,0.0,-0.0879,1971,0,0,0,12.2,35,step_10,no_load,0.0
8.397539,1.16035,elbow_flex,0.0,-0.0898,0.0,-0.0879,1971,0,0,0,12.3,35,step_10,no_load,0.0
8.407713,1.170523,elbow_flex,0.0,-0.0898,0.0,-0.0879,1971,0,0,0,12.2,35,step_10,no_load,0.0
8.418241,1.181051,elbow_flex,0.0,-0.0898,0.0,-0.0879,1971,0,0,0,12.3,34,step_10,no_load,0.0
8.429189,1.192,elbow_flex,0.0,-0.0898,0.0,-0.0879,1971,0,0,0,12.2,35,step_10,no_load,0.0
8.440155,1e-06,elbow_flex,10.0,-0.0898,9.791,-0.0879,1971,0,0,0,12.2,35,step_10,no_load,0.0
8.450715,0.010561,elbow_flex,10.0,-0.0898,9.791,-0.0879,1971,0,1044,1,12.2,35,step_10,no_load,0.0
8.461341,0.021187,elbow_flex,10.0,-0.0898,9.791,-0.0879,1971,0,1072,1,12.2,35,step_10,no_load,0.0
8.471563,0.031409,elbow_flex,10.0,-0.0898,9.791,-0.0879,1971,0,1104,5,12.2,35,step_10,no_load,0.0
8.482165,0.042011,elbow_flex,10.0,-0.0898,9.791,-0.0879,1971,0,1188,7,12.2,35,step_10,no_load,0.0
8.492308,0.052154,elbow_flex,10.0,0.0898,9.791,0.0879,1973,50,1252,14,12.2,35,step_10,no_load,17.332
8.502784,0.06263,elbow_flex,10.0,0.4488,9.791,0.4395,1977,50,1300,18,12.2,35,step_10,no_load,33.562
8.512901,0.072747,elbow_flex,10.0,0.8977,9.791,0.8789,1982,300,1360,24,12.2,35,step_10,no_load,43.432
8.523508,0.083354,elbow_flex,10.0,1.526,9.791,1.4941,1989,300,1392,21,12.2,35,step_10,no_load,57.999
8.534584,0.094431,elbow_flex,10.0,2.3339,9.791,2.2852,1998,650,1356,11,12.2,35,step_10,no_load,71.425
8.545215,0.105062,elbow_flex,10.0,3.2316,9.791,3.1641,2008,850,1344,9,12.2,35,step_10,no_load,82.673
8.555356,0.115202,elbow_flex,10.0,4.1293,9.791,4.043,2018,850,1272,1,12.2,35,step_10,no_load,86.668
8.565642,0.125488,elbow_flex,10.0,5.0269,9.791,4.9219,2028,1000,1236,0,12.3,35,step_10,no_load,85.446
8.576617,0.136463,elbow_flex,10.0,6.1939,9.791,6.0645,2041,1000,1120,0,12.2,35,step_10,no_load,104.109
8.587255,0.147101,elbow_flex,10.0,7.0018,9.791,6.8555,2050,1050,1084,0,12.2,35,step_10,no_load,74.356
8.597389,0.157236,elbow_flex,10.0,7.4506,9.791,7.2949,2055,1050,1084,0,12.2,35,step_10,no_load,43.359
8.607522,0.167368,elbow_flex,10.0,7.8097,9.791,7.6465,2059,450,1068,0,12.3,35,step_10,no_load,34.699
8.617699,0.177545,elbow_flex,10.0,8.079,9.791,7.9102,2062,450,1084,0,12.2,35,step_10,no_load,25.911
8.627928,0.187775,elbow_flex,10.0,8.4381,9.791,8.2617,2066,350,1072,0,12.2,35,step_10,no_load,34.363
8.638537,0.198383,elbow_flex,10.0,8.7074,9.791,8.5254,2069,350,1064,0,12.2,35,step_10,no_load,24.856
8.649222,0.209068,elbow_flex,10.0,8.8869,9.791,8.7012,2071,250,1056,0,12.2,34,step_10,no_load,16.453
8.6594,0.219246,elbow_flex,10.0,8.9767,9.791,8.7891,2072,250,1060,0,12.2,35,step_10,no_load,8.636
8.670015,0.229861,elbow_flex,10.0,9.0664,9.791,8.877,2073,150,1056,0,12.2,35,step_10,no_load,8.281
8.680669,0.240515,elbow_flex,10.0,9.0664,9.791,8.877,2073,150,1072,0,12.2,35,step_10,no_load,0.0
8.691231,0.251078,elbow_flex,10.0,9.1562,9.791,8.9648,2074,0,1068,0,12.2,35,step_10,no_load,8.313
8.701331,0.261177,elbow_flex,10.0,9.0664,9.791,8.877,2073,0,1072,0,12.2,35,step_10,no_load,-8.693
8.711771,0.271617,elbow_flex,10.0,8.9767,9.791,8.7891,2072,0,1088,0,12.2,35,step_10,no_load,-8.42
8.721976,0.281823,elbow_flex,10.0,8.9767,9.791,8.7891,2072,0,1088,1,12.2,35,step_10,no_load,0.0
8.732249,0.292095,elbow_flex,10.0,8.9767,9.791,8.7891,2072,-50,1080,0,12.2,35,step_10,no_load,0.0
8.742832,0.302678,elbow_flex,10.0,9.0664,9.791,8.877,2073,-50,1076,1,12.2,35,step_10,no_load,8.306
8.753403,0.31325,elbow_flex,10.0,9.1562,9.791,8.9648,2074,50,1064,0,12.2,35,step_10,no_load,8.306
8.76357,0.323416,elbow_flex,10.0,9.246,9.791,9.0527,2075,100,1056,0,12.2,35,step_10,no_load,8.646
8.774347,0.334193,elbow_flex,10.0,9.4255,9.791,9.2285,2077,100,1052,0,12.2,35,step_10,no_load,16.313
8.785215,0.345062,elbow_flex,10.0,9.5153,9.791,9.3164,2078,150,1048,0,12.3,35,step_10,no_load,8.088
8.795705,0.355551,elbow_flex,10.0,9.6948,9.791,9.4922,2080,150,20,0,12.2,35,step_10,no_load,16.759
8.80622,0.366067,elbow_flex,10.0,9.8743,9.791,9.668,2082,150,28,0,12.3,35,step_10,no_load,16.719
8.817307,0.377154,elbow_flex,10.0,9.9641,9.791,9.7559,2083,150,28,0,12.2,34,step_10,no_load,7.928
8.827868,0.387714,elbow_flex,10.0,9.9641,9.791,9.7559,2083,100,28,0,12.2,35,step_10,no_load,0.0
8.838018,0.397864,elbow_flex,10.0,9.9641,9.791,9.7559,2083,100,0,0,12.2,35,step_10,no_load,0.0
8.848593,0.408439,elbow_flex,10.0,9.9641,9.791,9.7559,2083,0,0,0,12.2,35,step_10,no_load,0.0
8.858771,0.418618,elbow_flex,10.0,9.9641,9.791,9.7559,2083,0,0,0,12.2,35,step_10,no_load,0.0
8.869262,0.429108,elbow_flex,10.0,9.9641,9.791,9.7559,2083,0,0,0,12.3,35,step_10,no_load,0.0
8.879826,0.439672,elbow_flex,10.0,9.9641,9.791,9.7559,2083,0,0,0,12.2,35,step_10,no_load,0.0
8.890437,0.450283,elbow_flex,10.0,9.8743,9.791,9.668,2082,0,0,0,12.2,35,step_10,no_load,-8.284
8.90076,0.460606,elbow_flex,10.0,9.8743,9.791,9.668,2082,0,1044,0,12.2,35,step_10,no_load,0.0
8.911381,0.471227,elbow_flex,10.0,9.7846,9.791,9.5801,2081,-100,1048,0,12.3,35,step_10,no_load,-8.276
8.921999,0.481846,elbow_flex,10.0,9.7846,9.791,9.5801,2081,0,1048,0,12.2,35,step_10,no_load,0.0
8.932235,0.492081,elbow_flex,10.0,9.7846,9.791,9.5801,2081,0,1044,0,12.3,35,step_10,no_load,0.0
8.942841,0.502687,elbow_flex,10.0,9.7846,9.791,9.5801,2081,0,1044,0,12.2,35,step_10,no_load,0.0
8.953316,0.513162,elbow_flex,10.0,9.7846,9.791,9.5801,2081,0,1044,0,12.3,35,step_10,no_load,0.0
8.963876,0.523722,elbow_flex,10.0,9.7846,9.791,9.5801,2081,0,1044,0,12.3,34,step_10,no_load,0.0
8.974079,0.533925,elbow_flex,10.0,9.7846,9.791,9.5801,2081,0,1044,0,12.2,35,step_10,no_load,0.0
8.984442,0.544288,elbow_flex,10.0,9.7846,9.791,9.5801,2081,0,1044,0,12.2,35,step_10,no_load,0.0
8.995109,0.554955,elbow_flex,10.0,9.8743,9.791,9.668,2082,0,20,0,12.2,34,step_10,no_load,8.24
9.005675,0.565522,elbow_flex,10.0,9.9641,9.791,9.7559,2083,50,20,0,12.2,35,step_10,no_load,8.319
9.016575,0.576421,elbow_flex,10.0,9.9641,9.791,9.7559,2083,50,0,0,12.2,35,step_10,no_load,0.0
9.027132,0.586979,elbow_flex,10.0,9.9641,9.791,9.7559,2083,50,0,0,12.2,35,step_10,no_load,0.0
9.037331,0.597177,elbow_flex,10.0,9.9641,9.791,9.7559,2083,50,0,0,12.2,35,step_10,no_load,0.0
9.047892,0.607738,elbow_flex,10.0,9.9641,9.791,9.7559,2083,0,0,0,12.2,35,step_10,no_load,0.0
9.058836,0.618683,elbow_flex,10.0,9.9641,9.791,9.7559,2083,0,0,0,12.3,35,step_10,no_load,0.0
9.069459,0.629305,elbow_flex,10.0,9.9641,9.791,9.7559,2083,0,0,0,12.2,34,step_10,no_load,0.0
9.079675,0.639521,elbow_flex,10.0,9.9641,9.791,9.7559,2083,0,0,0,12.2,34,step_10,no_load,0.0
9.090242,0.650089,elbow_flex,10.0,9.9641,9.791,9.7559,2083,0,0,0,12.2,35,step_10,no_load,0.0
9.101295,0.661141,elbow_flex,10.0,9.9641,9.791,9.7559,2083,0,0,0,12.2,35,step_10,no_load,0.0
9.111855,0.671701,elbow_flex,10.0,9.9641,9.791,9.7559,2083,0,0,0,12.2,34,step_10,no_load,0.0
9.122018,0.681864,elbow_flex,10.0,9.9641,9.791,9.7559,2083,0,0,0,12.2,35,step_10,no_load,0.0
9.132566,0.692412,elbow_flex,10.0,9.9641,9.791,9.7559,2083,0,0,0,12.3,35,step_10,no_load,0.0
9.143223,0.70307,elbow_flex,10.0,9.9641,9.791,9.7559,2083,0,0,0,12.2,35,step_10,no_load,0.0
9.153783,0.713629,elbow_flex,10.0,9.9641,9.791,9.7559,2083,0,0,0,12.2,35,step_10,no_load,0.0
9.164744,0.724591,elbow_flex,10.0,9.9641,9.791,9.7559,2083,0,0,0,12.2,35,step_10,no_load,0.0
9.175756,0.735602,elbow_flex,10.0,9.9641,9.791,9.7559,2083,0,0,0,12.2,35,step_10,no_load,0.0
9.186743,0.746589,elbow_flex,10.0,9.9641,9.791,9.7559,2083,0,0,0,12.2,35,step_10,no_load,0.0
9.197689,0.757535,elbow_flex,10.0,9.9641,9.791,9.7559,2083,0,0,0,12.2,35,step_10,no_load,0.0
9.208687,0.768533,elbow_flex,10.0,9.9641,9.791,9.7559,2083,0,0,0,12.2,35,step_10,no_load,0.0
9.219319,0.779165,elbow_flex,10.0,9.9641,9.791,9.7559,2083,0,0,0,12.2,35,step_10,no_load,0.0
9.23038,0.790227,elbow_flex,10.0,9.9641,9.791,9.7559,2083,0,0,0,12.2,34,step_10,no_load,0.0
9.241007,0.800854,elbow_flex,10.0,9.9641,9.791,9.7559,2083,0,0,0,12.2,35,step_10,no_load,0.0
9.251071,0.810918,elbow_flex,10.0,9.9641,9.791,9.7559,2083,0,0,0,12.2,35,step_10,no_load,0.0
9.261309,0.821155,elbow_flex,10.0,9.9641,9.791,9.7559,2083,0,0,0,12.3,34,step_10,no_load,0.0
9.272256,0.832102,elbow_flex,10.0,9.9641,9.791,9.7559,2083,0,0,0,12.2,35,step_10,no_load,0.0
9.282332,0.842178,elbow_flex,10.0,9.9641,9.791,9.7559,2083,0,0,0,12.2,35,step_10,no_load,0.0
9.293403,0.853249,elbow_flex,10.0,9.9641,9.791,9.7559,2083,0,0,0,12.2,35,step_10,no_load,0.0
9.303981,0.863827,elbow_flex,10.0,9.9641,9.791,9.7559,2083,0,0,0,12.2,34,step_10,no_load,0.0
9.314979,0.874826,elbow_flex,10.0,9.9641,9.791,9.7559,2083,0,0,0,12.2,34,step_10,no_load,0.0
9.325615,0.885462,elbow_flex,10.0,9.9641,9.791,9.7559,2083,0,0,0,12.2,35,step_10,no_load,0.0
9.335737,0.895583,elbow_flex,10.0,9.9641,9.791,9.7559,2083,0,0,0,12.2,35,step_10,no_load,0.0
9.346321,0.906167,elbow_flex,10.0,9.9641,9.791,9.7559,2083,0,0,0,12.2,35,step_10,no_load,0.0
9.357391,0.917237,elbow_flex,10.0,9.9641,9.791,9.7559,2083,0,0,0,12.2,35,step_10,no_load,0.0
9.3675,0.927346,elbow_flex,10.0,9.9641,9.791,9.7559,2083,0,0,0,12.2,35,step_10,no_load,0.0
9.378134,0.93798,elbow_flex,10.0,9.9641,9.791,9.7559,2083,0,0,0,12.2,34,step_10,no_load,0.0
9.388719,0.948565,elbow_flex,10.0,9.9641,9.791,9.7559,2083,0,0,0,12.2,35,step_10,no_load,0.0
9.399479,0.959325,elbow_flex,10.0,9.9641,9.791,9.7559,2083,0,0,0,12.2,35,step_10,no_load,0.0
9.410051,0.969897,elbow_flex,10.0,9.9641,9.791,9.7559,2083,0,0,0,12.3,35,step_10,no_load,0.0
9.420145,0.979991,elbow_flex,10.0,9.9641,9.791,9.7559,2083,0,0,0,12.3,35,step_10,no_load,0.0
9.43078,0.990627,elbow_flex,10.0,9.9641,9.791,9.7559,2083,0,0,0,12.2,35,step_10,no_load,0.0
9.441685,1.001531,elbow_flex,10.0,9.9641,9.791,9.7559,2083,0,0,0,12.2,35,step_10,no_load,0.0
9.452224,1.01207,elbow_flex,10.0,9.9641,9.791,9.7559,2083,0,0,0,12.2,35,step_10,no_load,0.0
9.462352,1.022198,elbow_flex,10.0,9.9641,9.791,9.7559,2083,0,0,0,12.2,34,step_10,no_load,0.0
9.472981,1.032828,elbow_flex,10.0,9.9641,9.791,9.7559,2083,0,0,0,12.2,35,step_10,no_load,0.0
9.484153,1.043999,elbow_flex,10.0,9.9641,9.791,9.7559,2083,0,0,0,12.2,35,step_10,no_load,0.0
9.494714,1.05456,elbow_flex,10.0,9.9641,9.791,9.7559,2083,0,0,0,12.2,35,step_10,no_load,0.0
9.505274,1.065121,elbow_flex,10.0,9.9641,9.791,9.7559,2083,0,0,0,12.2,34,step_10,no_load,0.0
9.515357,1.075204,elbow_flex,10.0,9.9641,9.791,9.7559,2083,0,0,0,12.2,35,step_10,no_load,0.0
9.525823,1.085669,elbow_flex,10.0,9.9641,9.791,9.7559,2083,0,0,0,12.2,35,step_10,no_load,0.0
9.536456,1.096302,elbow_flex,10.0,9.9641,9.791,9.7559,2083,0,0,0,12.2,35,step_10,no_load,0.0
9.546581,1.106427,elbow_flex,10.0,9.9641,9.791,9.7559,2083,0,0,0,12.3,35,step_10,no_load,0.0
9.557128,1.116974,elbow_flex,10.0,9.9641,9.791,9.7559,2083,0,0,0,12.2,35,step_10,no_load,0.0
9.568236,1.128083,elbow_flex,10.0,9.9641,9.791,9.7559,2083,0,0,0,12.2,34,step_10,no_load,0.0
9.578868,1.138714,elbow_flex,10.0,9.9641,9.791,9.7559,2083,0,0,0,12.2,35,step_10,no_load,0.0
9.589498,1.149344,elbow_flex,10.0,9.9641,9.791,9.7559,2083,0,0,0,12.2,35,step_10,no_load,0.0
9.600415,1.160261,elbow_flex,10.0,9.9641,9.791,9.7559,2083,0,0,0,12.3,34,step_10,no_load,0.0
9.610517,1.170363,elbow_flex,10.0,9.9641,9.791,9.7559,2083,0,0,0,12.3,34,step_10,no_load,0.0
9.62091,1.180757,elbow_flex,10.0,9.9641,9.791,9.7559,2083,0,0,0,12.3,35,step_10,no_load,0.0
9.631006,1.190852,elbow_flex,10.0,9.9641,9.791,9.7559,2083,0,0,0,12.2,35,step_10,no_load,0.0
9.64216,1e-06,elbow_flex,0.0,9.9641,0.0,9.7559,2083,0,0,0,12.2,35,step_10,no_load,0.0
9.652682,0.010523,elbow_flex,0.0,9.9641,0.0,9.7559,2083,0,20,0,12.2,34,step_10,no_load,0.0
9.662809,0.02065,elbow_flex,0.0,9.9641,0.0,9.7559,2083,0,40,1,12.2,35,step_10,no_load,0.0
9.673162,0.031003,elbow_flex,0.0,9.9641,0.0,9.7559,2083,0,96,3,12.2,35,step_10,no_load,0.0
9.684219,0.04206,elbow_flex,0.0,9.9641,0.0,9.7559,2083,0,132,12,12.2,35,step_10,no_load,0.0
9.695012,0.052854,elbow_flex,0.0,9.6948,0.0,9.4922,2080,0,220,11,12.2,35,step_10,no_load,-24.433
9.705648,0.063489,elbow_flex,0.0,9.4255,0.0,9.2285,2077,-150,292,18,12.1,35,step_10,no_load,-24.793
9.716246,0.074087,elbow_flex,0.0,8.7971,0.0,8.6133,2070,-150,332,22,12.2,35,step_10,no_load,-58.049
9.726933,0.084774,elbow_flex,0.0,8.1688,0.0,7.998,2063,-500,336,16,12.2,35,step_10,no_load,-57.575
9.737061,0.094903,elbow_flex,0.0,7.3609,0.0,7.207,2054,-850,344,13,12.2,35,step_10,no_load,-78.1
9.747643,0.105485,elbow_flex,0.0,6.4632,0.0,6.3281,2044,-850,284,4,12.2,35,step_10,no_load,-83.056
9.757928,0.115769,elbow_flex,0.0,5.4758,0.0,5.3613,2033,-950,264,3,12.2,35,step_10,no_load,-94.001
9.768525,0.126367,elbow_flex,0.0,4.5781,0.0,4.4824,2023,-950,164,0,12.2,35,step_10,no_load,-82.939
9.779603,0.137444,elbow_flex,0.0,3.5009,0.0,3.4277,2011,-1050,116,0,12.2,35,step_10,no_load,-95.207
9.79023,0.148071,elbow_flex,0.0,2.693,0.0,2.6367,2002,-1050,52,0,12.2,35,step_10,no_load,-74.433
9.800714,0.158555,elbow_flex,0.0,2.3339,0.0,2.2852,1998,-700,32,0,12.2,35,step_10,no_load,-33.527
9.811293,0.169135,elbow_flex,0.0,1.9749,0.0,1.9336,1994,-700,60,0,12.2,35,step_10,no_load,-33.236
9.82138,0.179221,elbow_flex,0.0,1.6158,0.0,1.582,1990,-350,44,0,12.2,35,step_10,no_load,-34.857
9.831761,0.189602,elbow_flex,0.0,1.2567,0.0,1.2305,1986,-350,36,0,12.2,35,step_10,no_load,-33.86
9.842748,0.20059,elbow_flex,0.0,0.9874,0.0,0.9668,1983,-350,24,0,12.2,34,step_10,no_load,-24.001
9.853385,0.211226,elbow_flex,0.0,0.8079,0.0,0.791,1981,-350,28,0,12.2,35,step_10,no_load,-16.527
9.863942,0.221783,elbow_flex,0.0,0.8079,0.0,0.791,1981,-200,40,0,12.2,35,step_10,no_load,0.0
9.874578,0.232419,elbow_flex,0.0,0.7181,0.0,0.7031,1980,-200,36,0,12.2,34,step_10,no_load,-8.264
9.88472,0.242561,elbow_flex,0.0,0.8977,0.0,0.8789,1982,-50,56,1,12.2,35,step_10,no_load,17.334
9.895354,0.253196,elbow_flex,0.0,0.9874,0.0,0.9668,1983,-50,60,1,12.2,35,step_10,no_load,8.266
9.90642,0.264261,elbow_flex,0.0,0.9874,0.0,0.9668,1983,150,60,1,12.2,35,step_10,no_load,0.0
9.917572,0.275413,elbow_flex,0.0,0.8977,0.0,0.8789,1982,-50,56,0,12.2,35,step_10,no_load,-7.882
9.927888,0.285729,elbow_flex,0.0,0.8079,0.0,0.791,1981,-50,44,0,12.2,35,step_10,no_load,-8.521
9.938918,0.29676,elbow_flex,0.0,0.7181,0.0,0.7031,1980,-100,36,0,12.3,35,step_10,no_load,-7.969
9.949945,0.307786,elbow_flex,0.0,0.5386,0.0,0.5273,1978,-100,24,0,12.2,35,step_10,no_load,-15.943
9.960157,0.317998,elbow_flex,0.0,0.1795,0.0,0.1758,1974,-200,1048,0,12.2,35,step_10,no_load,-34.42
9.970279,0.328121,elbow_flex,0.0,0.0898,0.0,0.0879,1973,-200,1064,1,12.2,35,step_10,no_load,-8.684
9.980881,0.338723,elbow_flex,0.0,0.0,0.0,0.0,1972,-200,1064,0,12.2,35,step_10,no_load,-8.291
9.991002,0.348843,elbow_flex,0.0,-0.0898,0.0,-0.0879,1971,-200,0,0,12.2,35,step_10,no_load,-8.685
10.001546,0.359387,elbow_flex,0.0,-0.0898,0.0,-0.0879,1971,-50,1044,0,12.2,35,step_10,no_load,0.0
10.011712,0.369554,elbow_flex,0.0,-0.1795,0.0,-0.1758,1970,-50,1048,0,12.2,35,step_10,no_load,-8.646
10.022742,0.380584,elbow_flex,0.0,-0.1795,0.0,-0.1758,1970,-50,1044,0,12.2,34,step_10,no_load,0.0
10.033813,0.391654,elbow_flex,0.0,-0.1795,0.0,-0.1758,1970,-50,1044,0,12.2,35,step_10,no_load,0.0
10.044861,0.402703,elbow_flex,0.0,-0.0898,0.0,-0.0879,1971,0,20,0,12.2,34,step_10,no_load,7.956
10.055039,0.41288,elbow_flex,0.0,0.0,0.0,0.0,1972,100,20,0,12.2,35,step_10,no_load,8.636
10.06516,0.423002,elbow_flex,0.0,0.0,0.0,0.0,1972,100,0,0,12.2,35,step_10,no_load,0.0
10.075768,0.433609,elbow_flex,0.0,0.0,0.0,0.0,1972,0,0,0,12.2,34,step_10,no_load,0.0
10.08684,0.444682,elbow_flex,0.0,0.0,0.0,0.0,1972,0,0,0,12.2,35,step_10,no_load,0.0
10.097467,0.455308,elbow_flex,0.0,0.0,0.0,0.0,1972,0,0,0,12.2,35,step_10,no_load,0.0
10.108081,0.465922,elbow_flex,0.0,0.0,0.0,0.0,1972,0,0,0,12.2,35,step_10,no_load,0.0
10.118732,0.476573,elbow_flex,0.0,-0.0898,0.0,-0.0879,1971,-50,0,0,12.2,34,step_10,no_load,-8.253
10.128829,0.48667,elbow_flex,0.0,-0.0898,0.0,-0.0879,1971,-50,0,0,12.2,34,step_10,no_load,0.0
10.139465,0.497306,elbow_flex,0.0,-0.0898,0.0,-0.0879,1971,0,0,0,12.2,35,step_10,no_load,0.0
10.150643,0.508484,elbow_flex,0.0,-0.0898,0.0,-0.0879,1971,0,0,0,12.2,35,step_10,no_load,0.0
10.161317,0.519158,elbow_flex,0.0,-0.0898,0.0,-0.0879,1971,0,0,0,12.2,34,step_10,no_load,0.0
10.172189,0.530031,elbow_flex,0.0,-0.0898,0.0,-0.0879,1971,0,0,0,12.2,34,step_10,no_load,0.0
10.183146,0.540987,elbow_flex,0.0,-0.0898,0.0,-0.0879,1971,0,0,0,12.2,35,step_10,no_load,0.0
10.194173,0.552014,elbow_flex,0.0,-0.0898,0.0,-0.0879,1971,0,0,0,12.2,34,step_10,no_load,0.0
10.205192,0.563033,elbow_flex,0.0,-0.0898,0.0,-0.0879,1971,0,0,0,12.2,35,step_10,no_load,0.0
10.216258,0.574099,elbow_flex,0.0,-0.0898,0.0,-0.0879,1971,0,0,0,12.2,35,step_10,no_load,0.0
10.226314,0.584156,elbow_flex,0.0,-0.0898,0.0,-0.0879,1971,0,0,0,12.2,35,step_10,no_load,0.0
10.236895,0.594736,elbow_flex,0.0,-0.0898,0.0,-0.0879,1971,0,0,0,12.2,35,step_10,no_load,0.0
10.247065,0.604906,elbow_flex,0.0,-0.0898,0.0,-0.0879,1971,0,0,0,12.3,34,step_10,no_load,0.0
10.257651,0.615492,elbow_flex,0.0,-0.0898,0.0,-0.0879,1971,0,0,0,12.2,35,step_10,no_load,0.0
10.268739,0.62658,elbow_flex,0.0,-0.0898,0.0,-0.0879,1971,0,0,0,12.2,35,step_10,no_load,0.0
10.279376,0.637217,elbow_flex,0.0,-0.0898,0.0,-0.0879,1971,0,0,0,12.2,35,step_10,no_load,0.0
10.289475,0.647317,elbow_flex,0.0,-0.0898,0.0,-0.0879,1971,0,0,0,12.2,34,step_10,no_load,0.0
10.30052,0.658361,elbow_flex,0.0,-0.0898,0.0,-0.0879,1971,0,0,0,12.2,34,step_10,no_load,0.0
10.311303,0.669144,elbow_flex,0.0,-0.0898,0.0,-0.0879,1971,0,0,0,12.2,35,step_10,no_load,0.0
10.321939,0.67978,elbow_flex,0.0,-0.0898,0.0,-0.0879,1971,0,0,0,12.2,35,step_10,no_load,0.0
10.333168,0.691009,elbow_flex,0.0,-0.0898,0.0,-0.0879,1971,0,0,0,12.2,35,step_10,no_load,0.0
10.343746,0.701588,elbow_flex,0.0,-0.0898,0.0,-0.0879,1971,0,0,0,12.2,35,step_10,no_load,0.0
10.354883,0.712724,elbow_flex,0.0,-0.0898,0.0,-0.0879,1971,0,0,0,12.2,34,step_10,no_load,0.0
10.365012,0.722853,elbow_flex,0.0,-0.0898,0.0,-0.0879,1971,0,0,0,12.2,34,step_10,no_load,0.0
10.375607,0.733448,elbow_flex,0.0,-0.0898,0.0,-0.0879,1971,0,0,0,12.2,34,step_10,no_load,0.0
10.385737,0.743578,elbow_flex,0.0,-0.0898,0.0,-0.0879,1971,0,0,0,12.2,34,step_10,no_load,0.0
10.39632,0.754161,elbow_flex,0.0,-0.0898,0.0,-0.0879,1971,0,0,0,12.2,35,step_10,no_load,0.0
10.406429,0.76427,elbow_flex,0.0,-0.0898,0.0,-0.0879,1971,0,0,0,12.2,35,step_10,no_load,0.0
10.416824,0.774666,elbow_flex,0.0,-0.0898,0.0,-0.0879,1971,0,0,0,12.2,35,step_10,no_load,0.0
10.427453,0.785294,elbow_flex,0.0,-0.0898,0.0,-0.0879,1971,0,0,0,12.2,34,step_10,no_load,0.0
10.438015,0.795856,elbow_flex,0.0,-0.0898,0.0,-0.0879,1971,0,0,0,12.2,34,step_10,no_load,0.0
10.44828,0.806121,elbow_flex,0.0,-0.0898,0.0,-0.0879,1971,0,0,0,12.2,35,step_10,no_load,0.0
10.458783,0.816625,elbow_flex,0.0,-0.0898,0.0,-0.0879,1971,0,0,0,12.2,35,step_10,no_load,0.0
10.469202,0.827043,elbow_flex,0.0,-0.0898,0.0,-0.0879,1971,0,0,0,12.2,35,step_10,no_load,0.0
10.480003,0.837844,elbow_flex,0.0,-0.0898,0.0,-0.0879,1971,0,0,0,12.2,35,step_10,no_load,0.0
10.490569,0.84841,elbow_flex,0.0,-0.0898,0.0,-0.0879,1971,0,0,0,12.2,35,step_10,no_load,0.0
10.50162,0.859461,elbow_flex,0.0,-0.0898,0.0,-0.0879,1971,0,0,0,12.2,35,step_10,no_load,0.0
10.512684,0.870525,elbow_flex,0.0,-0.0898,0.0,-0.0879,1971,0,0,0,12.2,35,step_10,no_load,0.0
10.523264,0.881105,elbow_flex,0.0,-0.0898,0.0,-0.0879,1971,0,0,0,12.2,35,step_10,no_load,0.0
10.534296,0.892137,elbow_flex,0.0,-0.0898,0.0,-0.0879,1971,0,0,0,12.2,34,step_10,no_load,0.0
10.544897,0.902738,elbow_flex,0.0,-0.0898,0.0,-0.0879,1971,0,0,0,12.2,35,step_10,no_load,0.0
10.555984,0.913825,elbow_flex,0.0,-0.0898,0.0,-0.0879,1971,0,0,0,12.2,34,step_10,no_load,0.0
10.567276,0.925117,elbow_flex,0.0,-0.0898,0.0,-0.0879,1971,0,0,0,12.2,35,step_10,no_load,0.0
10.577397,0.935238,elbow_flex,0.0,-0.0898,0.0,-0.0879,1971,0,0,0,12.2,35,step_10,no_load,0.0
10.587977,0.945818,elbow_flex,0.0,-0.0898,0.0,-0.0879,1971,0,0,0,12.2,35,step_10,no_load,0.0
10.598993,0.956834,elbow_flex,0.0,-0.0898,0.0,-0.0879,1971,0,0,0,12.2,35,step_10,no_load,0.0
10.609068,0.966909,elbow_flex,0.0,-0.0898,0.0,-0.0879,1971,0,0,0,12.2,35,step_10,no_load,0.0
10.620466,0.978308,elbow_flex,0.0,-0.0898,0.0,-0.0879,1971,0,0,0,12.2,35,step_10,no_load,0.0
10.630628,0.98847,elbow_flex,0.0,-0.0898,0.0,-0.0879,1971,0,0,0,12.2,35,step_10,no_load,0.0
10.641272,0.999113,elbow_flex,0.0,-0.0898,0.0,-0.0879,1971,0,0,0,12.2,34,step_10,no_load,0.0
10.652393,1.010235,elbow_flex,0.0,-0.0898,0.0,-0.0879,1971,0,0,0,12.2,35,step_10,no_load,0.0
10.663038,1.020879,elbow_flex,0.0,-0.0898,0.0,-0.0879,1971,0,0,0,12.2,35,step_10,no_load,0.0
10.67364,1.031482,elbow_flex,0.0,-0.0898,0.0,-0.0879,1971,0,0,0,12.2,35,step_10,no_load,0.0
10.684167,1.042008,elbow_flex,0.0,-0.0898,0.0,-0.0879,1971,0,0,0,12.2,35,step_10,no_load,0.0
10.695276,1.053118,elbow_flex,0.0,-0.0898,0.0,-0.0879,1971,0,0,0,12.2,35,step_10,no_load,0.0
10.705912,1.063753,elbow_flex,0.0,-0.0898,0.0,-0.0879,1971,0,0,0,12.3,35,step_10,no_load,0.0
10.716948,1.074789,elbow_flex,0.0,-0.0898,0.0,-0.0879,1971,0,0,0,12.2,35,step_10,no_load,0.0
10.727546,1.085387,elbow_flex,0.0,-0.0898,0.0,-0.0879,1971,0,0,0,12.2,35,step_10,no_load,0.0
10.738135,1.095976,elbow_flex,0.0,-0.0898,0.0,-0.0879,1971,0,0,0,12.2,35,step_10,no_load,0.0
10.748245,1.106086,elbow_flex,0.0,-0.0898,0.0,-0.0879,1971,0,0,0,12.2,34,step_10,no_load,0.0
10.75884,1.116681,elbow_flex,0.0,-0.0898,0.0,-0.0879,1971,0,0,0,12.2,35,step_10,no_load,0.0
10.769418,1.12726,elbow_flex,0.0,-0.0898,0.0,-0.0879,1971,0,0,0,12.2,35,step_10,no_load,0.0
10.780672,1.138513,elbow_flex,0.0,-0.0898,0.0,-0.0879,1971,0,0,0,12.3,35,step_10,no_load,0.0
10.790816,1.148658,elbow_flex,0.0,-0.0898,0.0,-0.0879,1971,0,0,0,12.2,34,step_10,no_load,0.0
10.801316,1.159157,elbow_flex,0.0,-0.0898,0.0,-0.0879,1971,0,0,0,12.2,35,step_10,no_load,0.0
10.8115,1.169341,elbow_flex,0.0,-0.0898,0.0,-0.0879,1971,0,0,0,12.2,34,step_10,no_load,0.0
10.822103,1.179945,elbow_flex,0.0,-0.0898,0.0,-0.0879,1971,0,0,0,12.2,35,step_10,no_load,0.0
10.833235,1.191076,elbow_flex,0.0,-0.0898,0.0,-0.0879,1971,0,0,0,12.2,34,step_10,no_load,0.0
10.844378,1e-06,elbow_flex,10.0,-0.0898,9.791,-0.0879,1971,0,0,0,12.2,35,step_10,no_load,0.0
10.854901,0.010524,elbow_flex,10.0,-0.0898,9.791,-0.0879,1971,0,1044,0,12.2,35,step_10,no_load,0.0
10.865086,0.020709,elbow_flex,10.0,-0.0898,9.791,-0.0879,1971,0,1072,0,12.3,35,step_10,no_load,0.0
10.875199,0.030822,elbow_flex,10.0,-0.0898,9.791,-0.0879,1971,0,1100,2,12.2,35,step_10,no_load,0.0
10.886184,0.041807,elbow_flex,10.0,-0.0898,9.791,-0.0879,1971,0,1184,10,12.2,35,step_10,no_load,0.0
10.896817,0.05244,elbow_flex,10.0,0.0898,9.791,0.0879,1973,50,1260,14,12.3,35,step_10,no_load,16.533
10.907877,0.0635,elbow_flex,10.0,0.4488,9.791,0.4395,1977,50,1308,18,12.1,35,step_10,no_load,31.79
10.918571,0.074195,elbow_flex,10.0,0.9874,9.791,0.9668,1983,300,1360,26,12.2,35,step_10,no_load,49.308
10.929266,0.084889,elbow_flex,10.0,1.6158,9.791,1.582,1990,650,1388,22,12.1,35,step_10,no_load,57.522
10.939858,0.095481,elbow_flex,10.0,2.4237,9.791,2.373,1999,650,1356,12,12.2,35,step_10,no_load,74.679
10.950949,0.106572,elbow_flex,10.0,3.3214,9.791,3.252,2009,900,1344,9,12.1,34,step_10,no_load,79.253
10.961582,0.117205,elbow_flex,10.0,4.3088,9.791,4.2188,2020,900,1268,0,12.3,34,step_10,no_load,90.924
10.972027,0.12765,elbow_flex,10.0,5.2962,9.791,5.1855,2031,950,1220,0,12.2,35,step_10,no_load,92.551
10.982095,0.137718,elbow_flex,10.0,6.3734,9.791,6.2402,2043,950,1116,0,12.3,35,step_10,no_load,104.758
10.992766,0.14839,elbow_flex,10.0,7.0916,9.791,6.9434,2051,1050,1088,0,12.2,35,step_10,no_load,65.898
11.003393,0.159016,elbow_flex,10.0,7.5404,9.791,7.3828,2056,1050,1080,0,12.2,35,step_10,no_load,41.348
11.013541,0.169164,elbow_flex,10.0,7.8995,9.791,7.7344,2060,450,1064,0,12.2,34,step_10,no_load,34.647
11.024154,0.179777,elbow_flex,10.0,8.1688,9.791,7.998,2063,450,1084,0,12.2,35,step_10,no_load,24.837
11.034768,0.190391,elbow_flex,10.0,8.5278,9.791,8.3496,2067,350,1068,0,12.2,35,step_10,no_load,33.126
11.0454,0.201023,elbow_flex,10.0,8.7971,9.791,8.6133,2070,350,1064,0,12.2,35,step_10,no_load,24.802
11.055476,0.211099,elbow_flex,10.0,8.8869,9.791,8.7012,2071,250,1068,0,12.3,35,step_10,no_load,8.724
11.065538,0.221161,elbow_flex,10.0,9.0664,9.791,8.877,2073,250,1060,0,12.2,35,step_10,no_load,17.472
11.076231,0.231854,elbow_flex,10.0,9.0664,9.791,8.877,2073,150,1068,0,12.2,35,step_10,no_load,0.0
11.086808,0.242432,elbow_flex,10.0,9.0664,9.791,8.877,2073,150,1068,0,12.2,35,step_10,no_load,0.0
11.097886,0.25351,elbow_flex,10.0,9.1562,9.791,8.9648,2074,0,1068,0,12.2,35,step_10,no_load,7.926
11.108543,0.264166,elbow_flex,10.0,9.0664,9.791,8.877,2073,0,1076,1,12.2,35,step_10,no_load,-8.239
11.11917,0.274793,elbow_flex,10.0,8.9767,9.791,8.7891,2072,0,1088,0,12.2,35,step_10,no_load,-8.271
11.129752,0.285375,elbow_flex,10.0,8.9767,9.791,8.7891,2072,-50,1088,0,12.2,35,step_10,no_load,0.0
11.140293,0.295916,elbow_flex,10.0,8.9767,9.791,8.7891,2072,-50,1080,1,12.2,35,step_10,no_load,0.0
11.151199,0.306822,elbow_flex,10.0,9.0664,9.791,8.877,2073,50,1072,0,12.2,35,step_10,no_load,8.06
11.162308,0.317932,elbow_flex,10.0,9.246,9.791,9.0527,2075,50,1060,0,12.2,35,step_10,no_load,15.816
11.172996,0.328619,elbow_flex,10.0,9.3357,9.791,9.1406,2076,100,1056,0,12.2,35,step_10,no_load,8.224
11.183975,0.339598,elbow_flex,10.0,9.4255,9.791,9.2285,2077,100,1052,0,12.2,35,step_10,no_load,8.006
11.194989,0.350612,elbow_flex,10.0,9.605,9.791,9.4043,2079,150,0,0,12.2,34,step_10,no_load,15.962
11.205995,0.361619,elbow_flex,10.0,9.7846,9.791,9.5801,2081,150,24,0,12.2,35,step_10,no_load,15.973
11.216821,0.372444,elbow_flex,10.0,9.9641,9.791,9.7559,2083,150,28,0,12.2,34,step_10,no_load,16.239
11.227436,0.38306,elbow_flex,10.0,9.9641,9.791,9.7559,2083,100,28,0,12.2,35,step_10,no_load,0.0
11.238014,0.393637,elbow_flex,10.0,9.9641,9.791,9.7559,2083,100,0,0,12.2,35,step_10,no_load,0.0
11.248864,0.404488,elbow_flex,10.0,9.9641,9.791,9.7559,2083,0,0,0,12.2,35,step_10,no_load,0.0
11.259509,0.415132,elbow_flex,10.0,9.9641,9.791,9.7559,2083,0,0,0,12.3,35,step_10,no_load,0.0
11.270441,0.426064,elbow_flex,10.0,9.9641,9.791,9.7559,2083,0,0,0,12.2,35,step_10,no_load,0.0
11.281025,0.436648,elbow_flex,10.0,9.9641,9.791,9.7559,2083,0,0,0,12.2,35,step_10,no_load,0.0
11.291627,0.44725,elbow_flex,10.0,9.8743,9.791,9.668,2082,0,0,0,12.3,35,step_10,no_load,-8.291
11.302266,0.457889,elbow_flex,10.0,9.8743,9.791,9.668,2082,0,1044,0,12.2,34,step_10,no_load,0.0
11.312451,0.468074,elbow_flex,10.0,9.7846,9.791,9.5801,2081,-100,1044,0,12.2,35,step_10,no_load,-8.63
11.323107,0.47873,elbow_flex,10.0,9.7846,9.791,9.5801,2081,-100,1048,0,12.2,35,step_10,no_load,0.0
11.333251,0.488874,elbow_flex,10.0,9.6948,9.791,9.4922,2080,0,1052,0,12.2,35,step_10,no_load,-8.665
11.343827,0.49945,elbow_flex,10.0,9.6948,9.791,9.4922,2080,0,1052,0,12.2,35,step_10,no_load,0.0
11.35396,0.509583,elbow_flex,10.0,9.6948,9.791,9.4922,2080,-50,1048,0,12.2,35,step_10,no_load,0.0
11.364555,0.520179,elbow_flex,10.0,9.6948,9.791,9.4922,2080,-50,1048,0,12.2,35,step_10,no_load,0.0
11.37512,0.530743,elbow_flex,10.0,9.6948,9.791,9.4922,2080,0,1048,0,12.2,35,step_10,no_load,0.0
11.385576,0.541199,elbow_flex,10.0,9.6948,9.791,9.4922,2080,0,1048,0,12.2,35,step_10,no_load,0.0
11.395716,0.551339,elbow_flex,10.0,9.7846,9.791,9.5801,2081,0,0,0,12.2,35,step_10,no_load,8.669
11.406302,0.561925,elbow_flex,10.0,9.8743,9.791,9.668,2082,100,20,0,12.2,34,step_10,no_load,8.303
11.41715,0.572773,elbow_flex,10.0,9.9641,9.791,9.7559,2083,100,20,0,12.2,35,step_10,no_load,8.103
11.427628,0.583251,elbow_flex,10.0,9.9641,9.791,9.7559,2083,50,20,0,12.2,34,step_10,no_load,0.0
11.4383,0.593924,elbow_flex,10.0,9.9641,9.791,9.7559,2083,50,0,0,12.2,34,step_10,no_load,0.0
11.448976,0.604599,elbow_flex,10.0,9.9641,9.791,9.7559,2083,0,0,0,12.2,34,step_10,no_load,0.0
11.459405,0.615028,elbow_flex,10.0,9.9641,9.791,9.7559,2083,0,0,0,12.2,35,step_10,no_load,0.0
11.470032,0.625655,elbow_flex,10.0,9.9641,9.791,9.7559,2083,0,0,0,12.2,35,step_10,no_load,0.0
11.480216,0.635839,elbow_flex,10.0,9.9641,9.791,9.7559,2083,0,0,0,12.2,35,step_10,no_load,0.0
11.490797,0.64642,elbow_flex,10.0,9.9641,9.791,9.7559,2083,0,0,0,12.2,35,step_10,no_load,0.0
11.500906,0.656529,elbow_flex,10.0,9.9641,9.791,9.7559,2083,0,0,0,12.2,34,step_10,no_load,0.0
11.51152,0.667143,elbow_flex,10.0,9.9641,9.791,9.7559,2083,0,0,0,12.2,35,step_10,no_load,0.0
11.52256,0.678183,elbow_flex,10.0,9.9641,9.791,9.7559,2083,0,0,0,12.2,34,step_10,no_load,0.0
11.533726,0.689349,elbow_flex,10.0,9.9641,9.791,9.7559,2083,0,0,0,12.2,35,step_10,no_load,0.0
11.544002,0.699625,elbow_flex,10.0,9.9641,9.791,9.7559,2083,0,0,0,12.2,35,step_10,no_load,0.0
11.554519,0.710142,elbow_flex,10.0,9.9641,9.791,9.7559,2083,0,0,0,12.2,35,step_10,no_load,0.0
11.56526,0.720883,elbow_flex,10.0,9.9641,9.791,9.7559,2083,0,0,0,12.3,35,step_10,no_load,0.0
11.575888,0.731511,elbow_flex,10.0,9.9641,9.791,9.7559,2083,0,0,0,12.2,35,step_10,no_load,0.0
11.58599,0.741613,elbow_flex,10.0,9.9641,9.791,9.7559,2083,0,0,0,12.2,35,step_10,no_load,0.0
11.596567,0.752191,elbow_flex,10.0,9.9641,9.791,9.7559,2083,0,0,0,12.3,35,step_10,no_load,0.0
11.606659,0.762282,elbow_flex,10.0,9.9641,9.791,9.7559,2083,0,0,0,12.2,35,step_10,no_load,0.0
11.616791,0.772414,elbow_flex,10.0,9.9641,9.791,9.7559,2083,0,0,0,12.2,35,step_10,no_load,0.0
11.627423,0.783046,elbow_flex,10.0,9.9641,9.791,9.7559,2083,0,0,0,12.2,34,step_10,no_load,0.0
11.637866,0.793489,elbow_flex,10.0,9.9641,9.791,9.7559,2083,0,0,0,12.2,35,step_10,no_load,0.0
11.64809,0.803713,elbow_flex,10.0,9.9641,9.791,9.7559,2083,0,0,0,12.2,35,step_10,no_load,0.0
11.658594,0.814217,elbow_flex,10.0,9.9641,9.791,9.7559,2083,0,0,0,12.2,34,step_10,no_load,0.0
11.669171,0.824794,elbow_flex,10.0,9.9641,9.791,9.7559,2083,0,0,0,12.2,35,step_10,no_load,0.0
11.67981,0.835433,elbow_flex,10.0,9.9641,9.791,9.7559,2083,0,0,0,12.2,35,step_10,no_load,0.0
11.690399,0.846023,elbow_flex,10.0,9.9641,9.791,9.7559,2083,0,0,0,12.2,35,step_10,no_load,0.0
11.700502,0.856125,elbow_flex,10.0,9.9641,9.791,9.7559,2083,0,0,0,12.2,35,step_10,no_load,0.0
11.711123,0.866746,elbow_flex,10.0,9.9641,9.791,9.7559,2083,0,0,0,12.2,34,step_10,no_load,0.0
11.721237,0.87686,elbow_flex,10.0,9.9641,9.791,9.7559,2083,0,0,0,12.2,35,step_10,no_load,0.0
11.731343,0.886966,elbow_flex,10.0,9.9641,9.791,9.7559,2083,0,0,0,12.3,35,step_10,no_load,0.0
11.742046,0.897669,elbow_flex,10.0,9.9641,9.791,9.7559,2083,0,0,0,12.2,34,step_10,no_load,0.0
11.752635,0.908259,elbow_flex,10.0,9.9641,9.791,9.7559,2083,0,0,0,12.2,35,step_10,no_load,0.0
11.762726,0.918349,elbow_flex,10.0,9.9641,9.791,9.7559,2083,0,0,0,12.2,35,step_10,no_load,0.0
11.773101,0.928724,elbow_flex,10.0,9.9641,9.791,9.7559,2083,0,0,0,12.2,35,step_10,no_load,0.0
11.783685,0.939308,elbow_flex,10.0,9.9641,9.791,9.7559,2083,0,0,0,12.2,35,step_10,no_load,0.0
11.793801,0.949424,elbow_flex,10.0,9.9641,9.791,9.7559,2083,0,0,0,12.2,34,step_10,no_load,0.0
11.804405,0.960028,elbow_flex,10.0,9.9641,9.791,9.7559,2083,0,0,0,12.2,35,step_10,no_load,0.0
11.815126,0.970749,elbow_flex,10.0,9.9641,9.791,9.7559,2083,0,0,0,12.2,35,step_10,no_load,0.0
11.825711,0.981334,elbow_flex,10.0,9.9641,9.791,9.7559,2083,0,0,0,12.2,35,step_10,no_load,0.0
11.836219,0.991842,elbow_flex,10.0,9.9641,9.791,9.7559,2083,0,0,0,12.2,35,step_10,no_load,0.0
11.846861,1.002484,elbow_flex,10.0,9.9641,9.791,9.7559,2083,0,0,0,12.2,35,step_10,no_load,0.0
11.857794,1.013418,elbow_flex,10.0,9.9641,9.791,9.7559,2083,0,0,0,12.2,35,step_10,no_load,0.0
11.868445,1.024068,elbow_flex,10.0,9.9641,9.791,9.7559,2083,0,0,0,12.3,34,step_10,no_load,0.0
11.878795,1.034418,elbow_flex,10.0,9.9641,9.791,9.7559,2083,0,0,0,12.2,35,step_10,no_load,0.0
11.888901,1.044524,elbow_flex,10.0,9.9641,9.791,9.7559,2083,0,0,0,12.2,35,step_10,no_load,0.0
11.900257,1.055881,elbow_flex,10.0,9.9641,9.791,9.7559,2083,0,0,0,12.2,34,step_10,no_load,0.0
11.910809,1.066432,elbow_flex,10.0,9.9641,9.791,9.7559,2083,0,0,0,12.2,35,step_10,no_load,0.0
11.921388,1.077011,elbow_flex,10.0,9.9641,9.791,9.7559,2083,0,0,0,12.2,35,step_10,no_load,0.0
11.932219,1.087842,elbow_flex,10.0,9.9641,9.791,9.7559,2083,0,0,0,12.2,35,step_10,no_load,0.0
11.942805,1.098428,elbow_flex,10.0,9.9641,9.791,9.7559,2083,0,0,0,12.2,35,step_10,no_load,0.0
11.952925,1.108548,elbow_flex,10.0,9.9641,9.791,9.7559,2083,0,0,0,12.2,35,step_10,no_load,0.0
11.963458,1.119081,elbow_flex,10.0,9.9641,9.791,9.7559,2083,0,0,0,12.2,34,step_10,no_load,0.0
11.973621,1.129244,elbow_flex,10.0,9.9641,9.791,9.7559,2083,0,0,0,12.2,34,step_10,no_load,0.0
11.984164,1.139787,elbow_flex,10.0,9.9641,9.791,9.7559,2083,0,0,0,12.2,35,step_10,no_load,0.0
11.995168,1.150791,elbow_flex,10.0,9.9641,9.791,9.7559,2083,0,0,0,12.2,35,step_10,no_load,0.0
12.005809,1.161432,elbow_flex,10.0,9.9641,9.791,9.7559,2083,0,0,0,12.2,35,step_10,no_load,0.0
12.016916,1.172539,elbow_flex,10.0,9.9641,9.791,9.7559,2083,0,0,0,12.2,35,step_10,no_load,0.0
12.027755,1.183378,elbow_flex,10.0,9.9641,9.791,9.7559,2083,0,0,0,12.2,35,step_10,no_load,0.0
12.037853,1.193476,elbow_flex,10.0,9.9641,9.791,9.7559,2083,0,0,0,12.2,35,step_10,no_load,0.0
12.048559,1e-06,elbow_flex,0.0,9.9641,0.0,9.7559,2083,0,0,0,12.2,34,step_10,no_load,0.0
12.059642,0.011085,elbow_flex,0.0,9.9641,0.0,9.7559,2083,0,20,0,12.2,35,step_10,no_load,0.0
12.070269,0.021712,elbow_flex,0.0,9.9641,0.0,9.7559,2083,0,64,1,12.2,35,step_10,no_load,0.0
12.080392,0.031835,elbow_flex,0.0,9.9641,0.0,9.7559,2083,0,96,4,12.2,35,step_10,no_load,0.0
12.090969,0.042412,elbow_flex,0.0,9.8743,0.0,9.668,2082,0,172,8,12.2,35,step_10,no_load,-8.31
12.101122,0.052564,elbow_flex,0.0,9.6948,0.0,9.4922,2080,-150,212,13,12.2,35,step_10,no_load,-17.315
12.111748,0.063191,elbow_flex,0.0,9.3357,0.0,9.1406,2076,-150,296,18,12.2,35,step_10,no_load,-33.089
12.12185,0.073293,elbow_flex,0.0,8.8869,0.0,8.7012,2071,-450,340,20,12.1,35,step_10,no_load,-43.496
12.131917,0.08336,elbow_flex,0.0,8.1688,0.0,7.998,2063,-450,344,17,12.2,35,step_10,no_load,-69.852
12.142496,0.093939,elbow_flex,0.0,7.3609,0.0,7.207,2054,-800,352,14,12.2,35,step_10,no_load,-74.771
12.153166,0.104609,elbow_flex,0.0,6.4632,0.0,6.3281,2044,-800,292,5,12.2,35,step_10,no_load,-82.371
12.163774,0.115217,elbow_flex,0.0,5.5655,0.0,5.4492,2034,-950,272,4,12.2,35,step_10,no_load,-82.853
12.174136,0.125578,elbow_flex,0.0,4.5781,0.0,4.4824,2023,-950,172,0,12.2,35,step_10,no_load,-93.302
12.185098,0.136541,elbow_flex,0.0,3.5009,0.0,3.4277,2011,-1050,120,0,12.2,35,step_10,no_load,-96.214
12.196112,0.147555,elbow_flex,0.0,2.693,0.0,2.6367,2002,-1050,48,0,12.2,35,step_10,no_load,-71.818
12.207098,0.15854,elbow_flex,0.0,2.3339,0.0,2.2852,1998,-750,28,0,12.2,35,step_10,no_load,-31.995
12.217689,0.169132,elbow_flex,0.0,1.9749,0.0,1.9336,1994,-750,60,0,12.2,34,step_10,no_load,-33.198
12.227823,0.179266,elbow_flex,0.0,1.6158,0.0,1.582,1990,-400,56,0,12.2,35,step_10,no_load,-34.695
12.238411,0.189853,elbow_flex,0.0,1.2567,0.0,1.2305,1986,-400,40,0,12.2,35,step_10,no_load,-33.198
12.249423,0.200865,elbow_flex,0.0,0.9874,0.0,0.9668,1983,-350,28,0,12.2,34,step_10,no_load,-23.947
12.260004,0.211447,elbow_flex,0.0,0.8079,0.0,0.791,1981,-350,20,0,12.2,35,step_10,no_load,-16.615
12.271056,0.222499,elbow_flex,0.0,0.7181,0.0,0.7031,1980,-200,36,0,12.2,35,step_10,no_load,-7.953
12.281243,0.232685,elbow_flex,0.0,0.7181,0.0,0.7031,1980,-50,36,0,12.2,35,step_10,no_load,0.0
12.291635,0.243078,elbow_flex,0.0,0.8977,0.0,0.8789,1982,-50,56,1,12.2,34,step_10,no_load,16.917
12.302215,0.253657,elbow_flex,0.0,0.9874,0.0,0.9668,1983,150,60,1,12.2,35,step_10,no_load,8.308
12.312381,0.263823,elbow_flex,0.0,0.9874,0.0,0.9668,1983,150,60,1,12.2,35,step_10,no_load,0.0
12.322955,0.274398,elbow_flex,0.0,0.9874,0.0,0.9668,1983,0,60,1,12.3,35,step_10,no_load,0.0
12.333995,0.285438,elbow_flex,0.0,0.8079,0.0,0.791,1981,0,44,0,12.2,35,step_10,no_load,-15.924
12.34462,0.296062,elbow_flex,0.0,0.7181,0.0,0.7031,1980,-100,40,0,12.2,35,step_10,no_load,-8.273
12.35472,0.306162,elbow_flex,0.0,0.6284,0.0,0.6152,1979,-100,24,0,12.2,34,step_10,no_load,-8.703
12.364788,0.31623,elbow_flex,0.0,0.2693,0.0,0.2637,1975,-250,1044,0,12.2,34,step_10,no_load,-34.913
12.375217,0.326659,elbow_flex,0.0,0.0898,0.0,0.0879,1973,-250,1060,0,12.2,35,step_10,no_load,-16.857
12.385804,0.337246,elbow_flex,0.0,0.0,0.0,0.0,1972,-200,1060,0,12.2,35,step_10,no_load,-8.303
12.396814,0.348257,elbow_flex,0.0,-0.0898,0.0,-0.0879,1971,-200,1044,0,12.2,35,step_10,no_load,-7.984
12.407389,0.358831,elbow_flex,0.0,-0.0898,0.0,-0.0879,1971,-50,0,0,12.2,35,step_10,no_load,0.0
12.417485,0.368927,elbow_flex,0.0,-0.0898,0.0,-0.0879,1971,-50,0,0,12.2,34,step_10,no_load,0.0
12.428086,0.379528,elbow_flex,0.0,-0.0898,0.0,-0.0879,1971,0,0,0,12.2,35,step_10,no_load,0.0
12.439124,0.390567,elbow_flex,0.0,-0.0898,0.0,-0.0879,1971,0,0,0,12.2,35,step_10,no_load,0.0
12.450176,0.401619,elbow_flex,0.0,-0.0898,0.0,-0.0879,1971,0,0,0,12.2,35,step_10,no_load,0.0
12.460802,0.412245,elbow_flex,0.0,0.0,0.0,0.0,1972,50,0,0,12.2,35,step_10,no_load,8.272
12.471427,0.42287,elbow_flex,0.0,0.0,0.0,0.0,1972,50,0,0,12.2,35,step_10,no_load,0.0
12.482842,0.434285,elbow_flex,0.0,0.0,0.0,0.0,1972,0,0,0,12.2,34,step_10,no_load,0.0
12.493474,0.444917,elbow_flex,0.0,0.0,0.0,0.0,1972,0,0,0,12.2,35,step_10,no_load,0.0
12.503644,0.455087,elbow_flex,0.0,0.0,0.0,0.0,1972,0,0,0,12.2,34,step_10,no_load,0.0
12.514292,0.465734,elbow_flex,0.0,-0.0898,0.0,-0.0879,1971,0,0,0,12.3,35,step_10,no_load,-8.255
12.524792,0.476234,elbow_flex,0.0,-0.0898,0.0,-0.0879,1971,-50,0,0,12.2,34,step_10,no_load,0.0
12.535735,0.487177,elbow_flex,0.0,-0.0898,0.0,-0.0879,1971,-50,0,0,12.2,35,step_10,no_load,0.0
12.546643,0.498086,elbow_flex,0.0,-0.0898,0.0,-0.0879,1971,0,0,0,12.2,34,step_10,no_load,0.0
12.557275,0.508717,elbow_flex,0.0,-0.0898,0.0,-0.0879,1971,0,0,0,12.3,35,step_10,no_load,0.0
12.56739,0.518832,elbow_flex,0.0,-0.0898,0.0,-0.0879,1971,0,0,0,12.2,35,step_10,no_load,0.0
12.577975,0.529418,elbow_flex,0.0,-0.0898,0.0,-0.0879,1971,0,0,0,12.2,35,step_10,no_load,0.0
12.588106,0.539549,elbow_flex,0.0,-0.0898,0.0,-0.0879,1971,0,0,0,12.2,35,step_10,no_load,0.0
12.59817,0.549613,elbow_flex,0.0,-0.0898,0.0,-0.0879,1971,0,0,0,12.3,35,step_10,no_load,0.0
12.609227,0.560669,elbow_flex,0.0,-0.0898,0.0,-0.0879,1971,0,0,0,12.2,34,step_10,no_load,0.0
12.619852,0.571294,elbow_flex,0.0,-0.0898,0.0,-0.0879,1971,0,0,0,12.2,34,step_10,no_load,0.0
12.630864,0.582307,elbow_flex,0.0,-0.0898,0.0,-0.0879,1971,0,0,0,12.2,35,step_10,no_load,0.0
12.64145,0.592892,elbow_flex,0.0,-0.0898,0.0,-0.0879,1971,0,0,0,12.2,34,step_10,no_load,0.0
12.651535,0.602978,elbow_flex,0.0,-0.0898,0.0,-0.0879,1971,0,0,0,12.2,35,step_10,no_load,0.0
12.662122,0.613564,elbow_flex,0.0,-0.0898,0.0,-0.0879,1971,0,0,0,12.2,34,step_10,no_load,0.0
12.672219,0.623662,elbow_flex,0.0,-0.0898,0.0,-0.0879,1971,0,0,0,12.2,35,step_10,no_load,0.0
12.682372,0.633814,elbow_flex,0.0,-0.0898,0.0,-0.0879,1971,0,0,0,12.2,35,step_10,no_load,0.0
12.692472,0.643915,elbow_flex,0.0,-0.0898,0.0,-0.0879,1971,0,0,0,12.2,34,step_10,no_load,0.0
12.703135,0.654577,elbow_flex,0.0,-0.0898,0.0,-0.0879,1971,0,0,0,12.2,35,step_10,no_load,0.0
12.713275,0.664717,elbow_flex,0.0,-0.0898,0.0,-0.0879,1971,0,0,0,12.2,34,step_10,no_load,0.0
12.723858,0.675301,elbow_flex,0.0,-0.0898,0.0,-0.0879,1971,0,0,0,12.2,35,step_10,no_load,0.0
12.733975,0.685418,elbow_flex,0.0,-0.0898,0.0,-0.0879,1971,0,0,0,12.2,35,step_10,no_load,0.0
12.744566,0.696008,elbow_flex,0.0,-0.0898,0.0,-0.0879,1971,0,0,0,12.2,35,step_10,no_load,0.0
12.755636,0.707078,elbow_flex,0.0,-0.0898,0.0,-0.0879,1971,0,0,0,12.2,35,step_10,no_load,0.0
12.766662,0.718104,elbow_flex,0.0,-0.0898,0.0,-0.0879,1971,0,0,0,12.2,35,step_10,no_load,0.0
12.777709,0.729152,elbow_flex,0.0,-0.0898,0.0,-0.0879,1971,0,0,0,12.2,35,step_10,no_load,0.0
12.788299,0.739742,elbow_flex,0.0,-0.0898,0.0,-0.0879,1971,0,0,0,12.2,35,step_10,no_load,0.0
12.798497,0.74994,elbow_flex,0.0,-0.0898,0.0,-0.0879,1971,0,0,0,12.2,34,step_10,no_load,0.0
12.809144,0.760586,elbow_flex,0.0,-0.0898,0.0,-0.0879,1971,0,0,0,12.2,35,step_10,no_load,0.0
12.819251,0.770693,elbow_flex,0.0,-0.0898,0.0,-0.0879,1971,0,0,0,12.2,35,step_10,no_load,0.0
12.829825,0.781267,elbow_flex,0.0,-0.0898,0.0,-0.0879,1971,0,0,0,12.2,35,step_10,no_load,0.0
12.840411,0.791854,elbow_flex,0.0,-0.0898,0.0,-0.0879,1971,0,0,0,12.2,35,step_10,no_load,0.0
12.850883,0.802325,elbow_flex,0.0,-0.0898,0.0,-0.0879,1971,0,0,0,12.2,35,step_10,no_load,0.0
12.860971,0.812413,elbow_flex,0.0,-0.0898,0.0,-0.0879,1971,0,0,0,12.2,34,step_10,no_load,0.0
12.871511,0.822954,elbow_flex,0.0,-0.0898,0.0,-0.0879,1971,0,0,0,12.2,35,step_10,no_load,0.0
12.882541,0.833984,elbow_flex,0.0,-0.0898,0.0,-0.0879,1971,0,0,0,12.2,35,step_10,no_load,0.0
12.893123,0.844566,elbow_flex,0.0,-0.0898,0.0,-0.0879,1971,0,0,0,12.2,34,step_10,no_load,0.0
12.903223,0.854666,elbow_flex,0.0,-0.0898,0.0,-0.0879,1971,0,0,0,12.2,35,step_10,no_load,0.0
12.913826,0.865268,elbow_flex,0.0,-0.0898,0.0,-0.0879,1971,0,0,0,12.2,35,step_10,no_load,0.0
12.924407,0.87585,elbow_flex,0.0,-0.0898,0.0,-0.0879,1971,0,0,0,12.2,35,step_10,no_load,0.0
12.934471,0.885914,elbow_flex,0.0,-0.0898,0.0,-0.0879,1971,0,0,0,12.2,35,step_10,no_load,0.0
12.94507,0.896512,elbow_flex,0.0,-0.0898,0.0,-0.0879,1971,0,0,0,12.2,34,step_10,no_load,0.0
12.955253,0.906696,elbow_flex,0.0,-0.0898,0.0,-0.0879,1971,0,0,0,12.2,35,step_10,no_load,0.0
12.966339,0.917781,elbow_flex,0.0,-0.0898,0.0,-0.0879,1971,0,0,0,12.2,35,step_10,no_load,0.0
12.976426,0.927868,elbow_flex,0.0,-0.0898,0.0,-0.0879,1971,0,0,0,12.2,35,step_10,no_load,0.0
12.986778,0.938221,elbow_flex,0.0,-0.0898,0.0,-0.0879,1971,0,0,0,12.2,35,step_10,no_load,0.0
12.997558,0.949,elbow_flex,0.0,-0.0898,0.0,-0.0879,1971,0,0,0,12.3,34,step_10,no_load,0.0
13.00818,0.959623,elbow_flex,0.0,-0.0898,0.0,-0.0879,1971,0,0,0,12.2,34,step_10,no_load,0.0
13.018306,0.969748,elbow_flex,0.0,-0.0898,0.0,-0.0879,1971,0,0,0,12.3,34,step_10,no_load,0.0
13.028908,0.980351,elbow_flex,0.0,-0.0898,0.0,-0.0879,1971,0,0,0,12.2,35,step_10,no_load,0.0
13.039951,0.991394,elbow_flex,0.0,-0.0898,0.0,-0.0879,1971,0,0,0,12.2,35,step_10,no_load,0.0
13.050445,1.001888,elbow_flex,0.0,-0.0898,0.0,-0.0879,1971,0,0,0,12.2,34,step_10,no_load,0.0
13.060712,1.012155,elbow_flex,0.0,-0.0898,0.0,-0.0879,1971,0,0,0,12.2,35,step_10,no_load,0.0
13.071294,1.022737,elbow_flex,0.0,-0.0898,0.0,-0.0879,1971,0,0,0,12.2,35,step_10,no_load,0.0
13.081927,1.033369,elbow_flex,0.0,-0.0898,0.0,-0.0879,1971,0,0,0,12.2,35,step_10,no_load,0.0
13.09256,1.044003,elbow_flex,0.0,-0.0898,0.0,-0.0879,1971,0,0,0,12.2,35,step_10,no_load,0.0
13.102658,1.054101,elbow_flex,0.0,-0.0898,0.0,-0.0879,1971,0,0,0,12.2,35,step_10,no_load,0.0
13.11324,1.064683,elbow_flex,0.0,-0.0898,0.0,-0.0879,1971,0,0,0,12.2,35,step_10,no_load,0.0
13.123896,1.075339,elbow_flex,0.0,-0.0898,0.0,-0.0879,1971,0,0,0,12.2,35,step_10,no_load,0.0
13.134481,1.085924,elbow_flex,0.0,-0.0898,0.0,-0.0879,1971,0,0,0,12.2,35,step_10,no_load,0.0
13.145554,1.096997,elbow_flex,0.0,-0.0898,0.0,-0.0879,1971,0,0,0,12.2,34,step_10,no_load,0.0
13.156179,1.107622,elbow_flex,0.0,-0.0898,0.0,-0.0879,1971,0,0,0,12.2,34,step_10,no_load,0.0
13.167045,1.118487,elbow_flex,0.0,-0.0898,0.0,-0.0879,1971,0,0,0,12.2,35,step_10,no_load,0.0
13.178076,1.129519,elbow_flex,0.0,-0.0898,0.0,-0.0879,1971,0,0,0,12.2,35,step_10,no_load,0.0
13.189073,1.140516,elbow_flex,0.0,-0.0898,0.0,-0.0879,1971,0,0,0,12.2,35,step_10,no_load,0.0
13.200072,1.151515,elbow_flex,0.0,-0.0898,0.0,-0.0879,1971,0,0,0,12.2,35,step_10,no_load,0.0
13.211069,1.162512,elbow_flex,0.0,-0.0898,0.0,-0.0879,1971,0,0,0,12.2,34,step_10,no_load,0.0
13.221183,1.172625,elbow_flex,0.0,-0.0898,0.0,-0.0879,1971,0,0,0,12.2,35,step_10,no_load,0.0
13.232004,1.183447,elbow_flex,0.0,-0.0898,0.0,-0.0879,1971,0,0,0,12.2,35,step_10,no_load,0.0
13.242197,1.19364,elbow_flex,0.0,-0.0898,0.0,-0.0879,1971,0,0,0,12.2,35,step_10,no_load,0.0
13.25335,1e-06,elbow_flex,10.0,-0.0898,9.791,-0.0879,1971,0,0,0,12.2,35,step_10,no_load,0.0
13.26395,0.010601,elbow_flex,10.0,-0.0898,9.791,-0.0879,1971,0,1048,0,12.3,34,step_10,no_load,0.0
13.274576,0.021227,elbow_flex,10.0,-0.0898,9.791,-0.0879,1971,0,1068,1,12.2,35,step_10,no_load,0.0
13.285152,0.031804,elbow_flex,10.0,-0.0898,9.791,-0.0879,1971,0,1136,4,12.2,35,step_10,no_load,0.0
13.295765,0.042417,elbow_flex,10.0,0.0,9.791,0.0,1972,0,1168,6,12.2,,step_10,no_load,8.282
13.30637,0.053022,elbow_flex,10.0,0.0898,9.791,0.0879,1973,0,1252,16,12.2,35,step_10,no_load,8.289
13.316776,0.063428,elbow_flex,10.0,0.5386,9.791,0.5273,1978,250,1304,20,12.1,35,step_10,no_load,42.226
13.327509,0.07416,elbow_flex,10.0,0.9874,9.791,0.9668,1983,250,1356,22,12.2,35,step_10,no_load,40.948
13.337632,0.084284,elbow_flex,10.0,1.6158,9.791,1.582,1990,550,1388,21,12.2,35,step_10,no_load,60.772
13.347734,0.094385,elbow_flex,10.0,2.4237,9.791,2.373,1999,550,1368,16,12.2,35,step_10,no_load,78.301
13.358206,0.104857,elbow_flex,10.0,3.2316,9.791,3.1641,2008,850,1364,11,12.2,35,step_10,no_load,75.544
13.368782,0.115433,elbow_flex,10.0,4.1293,9.791,4.043,2018,850,1284,3,12.2,35,step_10,no_load,83.103
13.379654,0.126305,elbow_flex,10.0,5.1167,9.791,5.0098,2029,950,1244,0,12.2,35,step_10,no_load,88.926
13.390236,0.136888,elbow_flex,10.0,6.2837,9.791,6.1523,2042,950,1140,0,12.2,35,step_10,no_load,107.966
13.400414,0.147066,elbow_flex,10.0,7.0018,9.791,6.8555,2050,1100,1084,0,12.2,35,step_10,no_load,69.09
13.410997,0.157649,elbow_flex,10.0,7.4506,9.791,7.2949,2055,1100,1064,0,12.2,34,step_10,no_load,41.519
13.42207,0.168722,elbow_flex,10.0,7.8995,9.791,7.7344,2060,550,1096,0,12.2,35,step_10,no_load,39.691
13.433268,0.179919,elbow_flex,10.0,8.1688,9.791,7.998,2063,350,1084,0,12.2,35,step_10,no_load,23.54
13.443894,0.190545,elbow_flex,10.0,8.5278,9.791,8.3496,2067,350,1072,0,12.2,35,step_10,no_load,33.089
13.454771,0.201423,elbow_flex,10.0,8.7971,9.791,8.6133,2070,300,1060,0,12.2,34,step_10,no_load,24.244
13.465362,0.212014,elbow_flex,10.0,8.8869,9.791,8.7012,2071,300,1064,0,12.2,35,step_10,no_load,8.299
13.475872,0.222524,elbow_flex,10.0,9.0664,9.791,8.877,2073,150,1056,0,12.2,35,step_10,no_load,16.727
13.486449,0.233101,elbow_flex,10.0,9.0664,9.791,8.877,2073,150,1068,0,12.2,35,step_10,no_load,0.0
13.49668,0.243332,elbow_flex,10.0,9.0664,9.791,8.877,2073,50,1068,0,12.2,35,step_10,no_load,0.0
13.507255,0.253907,elbow_flex,10.0,9.1562,9.791,8.9648,2074,50,1072,0,12.2,35,step_10,no_load,8.303
13.517388,0.264039,elbow_flex,10.0,9.0664,9.791,8.877,2073,50,1076,1,12.2,35,step_10,no_load,-8.665
13.528421,0.275072,elbow_flex,10.0,8.9767,9.791,8.7891,2072,50,1084,0,12.2,35,step_10,no_load,-7.967
13.538663,0.285314,elbow_flex,10.0,8.9767,9.791,8.7891,2072,-100,1084,0,12.2,35,step_10,no_load,0.0
13.549914,0.296566,elbow_flex,10.0,9.0664,9.791,8.877,2073,-100,1076,0,12.2,35,step_10,no_load,7.813
13.560004,0.306655,elbow_flex,10.0,9.1562,9.791,8.9648,2074,50,1064,0,12.2,35,step_10,no_load,8.702
13.570585,0.317236,elbow_flex,10.0,9.246,9.791,9.0527,2075,50,1060,0,12.2,35,step_10,no_load,8.307
13.581409,0.328061,elbow_flex,10.0,9.3357,9.791,9.1406,2076,100,1056,0,12.2,34,step_10,no_load,8.121
13.592023,0.338675,elbow_flex,10.0,9.4255,9.791,9.2285,2077,100,1052,0,12.2,34,step_10,no_load,8.282
13.603058,0.34971,elbow_flex,10.0,9.605,9.791,9.4043,2079,100,0,0,12.2,35,step_10,no_load,15.931
13.613692,0.360343,elbow_flex,10.0,9.7846,9.791,9.5801,2081,200,24,0,12.2,35,step_10,no_load,16.532
13.62475,0.371401,elbow_flex,10.0,9.8743,9.791,9.668,2082,200,28,0,12.2,35,step_10,no_load,7.949
13.635383,0.382035,elbow_flex,10.0,9.9641,9.791,9.7559,2083,100,28,0,12.2,35,step_10,no_load,8.267
13.64545,0.392101,elbow_flex,10.0,9.9641,9.791,9.7559,2083,100,0,0,12.2,35,step_10,no_load,0.0
13.656027,0.402679,elbow_flex,10.0,9.9641,9.791,9.7559,2083,0,0,0,12.2,35,step_10,no_load,0.0
13.667129,0.413781,elbow_flex,10.0,9.9641,9.791,9.7559,2083,0,0,0,12.2,35,step_10,no_load,0.0
13.677761,0.424413,elbow_flex,10.0,9.9641,9.791,9.7559,2083,0,0,0,12.2,35,step_10,no_load,0.0
13.687861,0.434512,elbow_flex,10.0,9.9641,9.791,9.7559,2083,0,0,0,12.3,35,step_10,no_load,0.0
13.697933,0.444584,elbow_flex,10.0,9.8743,9.791,9.668,2082,0,0,0,12.2,35,step_10,no_load,-8.727
13.708546,0.455197,elbow_flex,10.0,9.8743,9.791,9.668,2082,0,0,0,12.2,35,step_10,no_load,0.0
13.718716,0.465368,elbow_flex,10.0,9.7846,9.791,9.5801,2081,-50,1048,0,12.2,35,step_10,no_load,-8.643
13.729318,0.475969,elbow_flex,10.0,9.7846,9.791,9.5801,2081,-50,1048,0,12.2,35,step_10,no_load,0.0
13.739904,0.486555,elbow_flex,10.0,9.6948,9.791,9.4922,2080,-50,1052,0,12.2,35,step_10,no_load,-8.303
13.75054,0.497192,elbow_flex,10.0,9.6948,9.791,9.4922,2080,-50,1052,0,12.2,35,step_10,no_load,0.0
13.761135,0.507787,elbow_flex,10.0,9.6948,9.791,9.4922,2080,-50,1048,0,12.2,34,step_10,no_load,0.0
13.771256,0.517908,elbow_flex,10.0,9.6948,9.791,9.4922,2080,0,1048,0,12.2,34,step_10,no_load,0.0
13.781318,0.527969,elbow_flex,10.0,9.6948,9.791,9.4922,2080,0,1048,0,12.2,35,step_10,no_load,0.0
13.791431,0.538082,elbow_flex,10.0,9.6948,9.791,9.4922,2080,0,1048,0,12.2,35,step_10,no_load,0.0
13.801766,0.548417,elbow_flex,10.0,9.7846,9.791,9.5801,2081,0,0,0,12.2,35,step_10,no_load,8.505
13.813055,0.559706,elbow_flex,10.0,9.8743,9.791,9.668,2082,100,20,0,12.3,35,step_10,no_load,7.786
13.823666,0.570317,elbow_flex,10.0,9.9641,9.791,9.7559,2083,100,20,0,12.2,35,step_10,no_load,8.284
13.833788,0.58044,elbow_flex,10.0,9.9641,9.791,9.7559,2083,50,20,0,12.2,34,step_10,no_load,0.0
13.844393,0.591044,elbow_flex,10.0,9.9641,9.791,9.7559,2083,50,0,0,12.2,35,step_10,no_load,0.0
13.854495,0.601147,elbow_flex,10.0,9.9641,9.791,9.7559,2083,0,0,0,12.2,35,step_10,no_load,0.0
13.86456,0.611212,elbow_flex,10.0,9.9641,9.791,9.7559,2083,0,0,0,12.2,35,step_10,no_load,0.0
13.874976,0.621628,elbow_flex,10.0,9.9641,9.791,9.7559,2083,0,0,0,12.2,35,step_10,no_load,0.0
13.886003,0.632654,elbow_flex,10.0,9.9641,9.791,9.7559,2083,0,0,0,12.2,35,step_10,no_load,0.0
13.896159,0.64281,elbow_flex,10.0,9.9641,9.791,9.7559,2083,0,0,0,12.2,35,step_10,no_load,0.0
13.906765,0.653417,elbow_flex,10.0,9.9641,9.791,9.7559,2083,0,0,0,12.2,35,step_10,no_load,0.0
13.917492,0.664144,elbow_flex,10.0,9.8743,9.791,9.668,2082,-50,0,0,12.2,35,step_10,no_load,-8.194
13.928127,0.674778,elbow_flex,10.0,9.8743,9.791,9.668,2082,-50,0,0,12.2,35,step_10,no_load,0.0
13.938211,0.684863,elbow_flex,10.0,9.8743,9.791,9.668,2082,0,0,0,12.2,35,step_10,no_load,0.0
13.948284,0.694935,elbow_flex,10.0,9.8743,9.791,9.668,2082,0,0,0,12.2,35,step_10,no_load,0.0
13.958766,0.705418,elbow_flex,10.0,9.8743,9.791,9.668,2082,0,0,0,12.3,35,step_10,no_load,0.0
13.969398,0.71605,elbow_flex,10.0,9.9641,9.791,9.7559,2083,50,0,0,12.2,34,step_10,no_load,8.267
13.979486,0.726137,elbow_flex,10.0,9.9641,9.791,9.7559,2083,50,0,0,12.2,35,step_10,no_load,0.0
13.990068,0.736719,elbow_flex,10.0,9.9641,9.791,9.7559,2083,0,0,0,12.2,35,step_10,no_load,0.0
14.000212,0.746864,elbow_flex,10.0,9.9641,9.791,9.7559,2083,0,0,0,12.2,34,step_10,no_load,0.0
14.010789,0.75744,elbow_flex,10.0,9.9641,9.791,9.7559,2083,0,0,0,12.2,35,step_10,no_load,0.0
14.021666,0.768317,elbow_flex,10.0,9.9641,9.791,9.7559,2083,0,0,0,12.2,35,step_10,no_load,0.0
14.032907,0.779558,elbow_flex,10.0,9.9641,9.791,9.7559,2083,0,0,0,12.2,35,step_10,no_load,0.0
14.043993,0.790644,elbow_flex,10.0,9.9641,9.791,9.7559,2083,0,0,0,12.2,34,step_10,no_load,0.0
14.054623,0.801274,elbow_flex,10.0,9.9641,9.791,9.7559,2083,0,0,0,12.2,34,step_10,no_load,0.0
14.065651,0.812303,elbow_flex,10.0,9.9641,9.791,9.7559,2083,0,0,0,12.2,34,step_10,no_load,0.0
14.076249,0.8229,elbow_flex,10.0,9.9641,9.791,9.7559,2083,0,0,0,12.2,35,step_10,no_load,0.0
14.08743,0.834082,elbow_flex,10.0,9.9641,9.791,9.7559,2083,0,0,0,12.2,34,step_10,no_load,0.0
14.097574,0.844225,elbow_flex,10.0,9.9641,9.791,9.7559,2083,0,0,0,12.2,35,step_10,no_load,0.0
14.108103,0.854754,elbow_flex,10.0,9.9641,9.791,9.7559,2083,0,0,0,12.2,34,step_10,no_load,0.0
14.11874,0.865392,elbow_flex,10.0,9.9641,9.791,9.7559,2083,0,0,0,12.2,35,step_10,no_load,0.0
14.128872,0.875523,elbow_flex,10.0,9.9641,9.791,9.7559,2083,0,0,0,12.2,34,step_10,no_load,0.0
14.139434,0.886085,elbow_flex,10.0,9.9641,9.791,9.7559,2083,0,0,0,12.2,34,step_10,no_load,0.0
14.149713,0.896365,elbow_flex,10.0,9.9641,9.791,9.7559,2083,0,0,0,12.2,35,step_10,no_load,0.0
14.160343,0.906995,elbow_flex,10.0,9.9641,9.791,9.7559,2083,0,0,0,12.2,34,step_10,no_load,0.0
14.171081,0.917732,elbow_flex,10.0,9.9641,9.791,9.7559,2083,0,0,0,12.2,35,step_10,no_load,0.0
14.182099,0.92875,elbow_flex,10.0,9.9641,9.791,9.7559,2083,0,0,0,12.2,35,step_10,no_load,0.0
14.193131,0.939782,elbow_flex,10.0,9.9641,9.791,9.7559,2083,0,0,0,12.2,35,step_10,no_load,0.0
14.204153,0.950805,elbow_flex,10.0,9.9641,9.791,9.7559,2083,0,0,0,12.2,35,step_10,no_load,0.0
14.215069,0.96172,elbow_flex,10.0,9.9641,9.791,9.7559,2083,0,0,0,12.2,35,step_10,no_load,0.0
14.225174,0.971826,elbow_flex,10.0,9.9641,9.791,9.7559,2083,0,0,0,12.3,35,step_10,no_load,0.0
14.236193,0.982845,elbow_flex,10.0,9.9641,9.791,9.7559,2083,0,0,0,12.2,34,step_10,no_load,0.0
14.24682,0.993471,elbow_flex,10.0,9.9641,9.791,9.7559,2083,0,0,0,12.2,35,step_10,no_load,0.0
14.257439,1.00409,elbow_flex,10.0,9.9641,9.791,9.7559,2083,0,0,0,12.2,35,step_10,no_load,0.0
14.268063,1.014714,elbow_flex,10.0,9.9641,9.791,9.7559,2083,0,0,0,12.2,35,step_10,no_load,0.0
14.278239,1.02489,elbow_flex,10.0,9.9641,9.791,9.7559,2083,0,0,0,12.2,35,step_10,no_load,0.0
14.288759,1.03541,elbow_flex,10.0,9.9641,9.791,9.7559,2083,0,0,0,12.2,35,step_10,no_load,0.0
14.299902,1.046553,elbow_flex,10.0,9.9641,9.791,9.7559,2083,0,0,0,12.2,35,step_10,no_load,0.0
14.310535,1.057186,elbow_flex,10.0,9.9641,9.791,9.7559,2083,0,0,0,12.2,35,step_10,no_load,0.0
14.320602,1.067253,elbow_flex,10.0,9.9641,9.791,9.7559,2083,0,0,0,12.2,35,step_10,no_load,0.0
14.330818,1.077469,elbow_flex,10.0,9.9641,9.791,9.7559,2083,0,0,0,12.2,35,step_10,no_load,0.0
14.341315,1.087966,elbow_flex,10.0,9.9641,9.791,9.7559,2083,0,0,0,12.2,35,step_10,no_load,0.0
14.351947,1.098599,elbow_flex,10.0,9.9641,9.791,9.7559,2083,0,0,0,12.2,35,step_10,no_load,0.0
14.362089,1.10874,elbow_flex,10.0,9.9641,9.791,9.7559,2083,0,0,0,12.2,35,step_10,no_load,0.0
14.372727,1.119378,elbow_flex,10.0,9.9641,9.791,9.7559,2083,0,0,0,12.2,35,step_10,no_load,0.0
14.383239,1.129891,elbow_flex,10.0,9.9641,9.791,9.7559,2083,0,0,0,12.3,35,step_10,no_load,0.0
14.393826,1.140478,elbow_flex,10.0,9.9641,9.791,9.7559,2083,0,0,0,12.2,35,step_10,no_load,0.0
14.404599,1.15125,elbow_flex,10.0,9.9641,9.791,9.7559,2083,0,0,0,12.2,35,step_10,no_load,0.0
14.414671,1.161322,elbow_flex,10.0,9.9641,9.791,9.7559,2083,0,0,0,12.2,34,step_10,no_load,0.0
14.424991,1.171643,elbow_flex,10.0,9.9641,9.791,9.7559,2083,0,0,0,12.2,34,step_10,no_load,0.0
14.435681,1.182333,elbow_flex,10.0,9.9641,9.791,9.7559,2083,0,0,0,12.2,35,step_10,no_load,0.0
14.446339,1.19299,elbow_flex,10.0,9.9641,9.791,9.7559,2083,0,0,0,12.2,34,step_10,no_load,0.0
14.457653,1e-06,elbow_flex,0.0,9.9641,0.0,9.7559,2083,0,0,0,12.2,35,step_10,no_load,0.0
14.468474,0.010822,elbow_flex,0.0,9.9641,0.0,9.7559,2083,0,20,0,12.2,35,step_10,no_load,0.0
14.478517,0.020865,elbow_flex,0.0,9.9641,0.0,9.7559,2083,0,52,1,12.2,35,step_10,no_load,0.0
14.489011,0.03136,elbow_flex,0.0,9.9641,0.0,9.7559,2083,0,84,2,12.2,35,step_10,no_load,0.0
14.500098,0.042447,elbow_flex,0.0,9.8743,0.0,9.668,2082,0,168,8,12.2,35,step_10,no_load,-7.928
14.510288,0.052636,elbow_flex,0.0,9.7846,0.0,9.5801,2081,-100,208,13,12.2,35,step_10,no_load,-8.626
14.520801,0.063149,elbow_flex,0.0,9.4255,0.0,9.2285,2077,-100,284,14,12.2,35,step_10,no_load,-33.444
14.531729,0.074078,elbow_flex,0.0,8.8869,0.0,8.7012,2071,-350,328,19,12.1,34,step_10,no_load,-48.252
14.542529,0.084878,elbow_flex,0.0,8.1688,0.0,7.998,2063,-350,360,17,12.2,35,step_10,no_load,-65.111
14.553164,0.095513,elbow_flex,0.0,7.2711,0.0,7.1191,2053,-750,308,7,12.2,35,step_10,no_load,-82.642
14.563316,0.105665,elbow_flex,0.0,6.3734,0.0,6.2402,2043,-750,300,7,12.2,35,step_10,no_load,-86.574
14.573912,0.116261,elbow_flex,0.0,5.4758,0.0,5.3613,2033,-900,228,0,12.2,35,step_10,no_load,-82.946
14.584346,0.126694,elbow_flex,0.0,4.4883,0.0,4.3945,2022,-900,184,0,12.3,35,step_10,no_load,-92.659
14.594935,0.137284,elbow_flex,0.0,3.5009,0.0,3.4277,2011,-1000,80,0,12.2,35,step_10,no_load,-91.302
14.605089,0.147437,elbow_flex,0.0,2.7828,0.0,2.7246,2003,-950,48,0,12.2,34,step_10,no_load,-69.244
14.616295,0.158644,elbow_flex,0.0,2.3339,0.0,2.2852,1998,-950,60,0,12.2,35,step_10,no_load,-39.211
14.627347,0.169696,elbow_flex,0.0,1.9749,0.0,1.9336,1994,-400,44,0,12.2,34,step_10,no_load,-31.813
14.637899,0.180248,elbow_flex,0.0,1.526,0.0,1.4941,1989,-400,48,0,12.2,35,step_10,no_load,-41.651
14.648879,0.191228,elbow_flex,0.0,1.2567,0.0,1.2305,1986,-350,32,0,12.2,34,step_10,no_load,-24.007
14.659506,0.201854,elbow_flex,0.0,0.9874,0.0,0.9668,1983,-350,32,0,12.2,35,step_10,no_load,-24.814
14.669574,0.211923,elbow_flex,0.0,0.8079,0.0,0.791,1981,-250,24,0,12.2,35,step_10,no_load,-17.461
14.680312,0.222661,elbow_flex,0.0,0.7181,0.0,0.7031,1980,-250,28,0,12.2,34,step_10,no_load,-8.186
14.69045,0.232799,elbow_flex,0.0,0.7181,0.0,0.7031,1980,-100,28,0,12.2,35,step_10,no_load,0.0
14.701054,0.243403,elbow_flex,0.0,0.8977,0.0,0.8789,1982,-100,52,0,12.3,35,step_10,no_load,16.579
14.711648,0.253996,elbow_flex,0.0,0.9874,0.0,0.9668,1983,150,68,1,12.2,34,step_10,no_load,8.297
14.722808,0.265156,elbow_flex,0.0,0.9874,0.0,0.9668,1983,150,68,1,12.2,35,step_10,no_load,0.0
14.733797,0.276146,elbow_flex,0.0,0.8977,0.0,0.8789,1982,0,52,1,12.2,34,step_10,no_load,-7.999
14.744673,0.287021,elbow_flex,0.0,0.8079,0.0,0.791,1981,-100,48,0,12.2,35,step_10,no_load,-8.082
14.755254,0.297602,elbow_flex,0.0,0.7181,0.0,0.7031,1980,-100,32,0,12.2,35,step_10,no_load,-8.307
14.766303,0.308651,elbow_flex,0.0,0.5386,0.0,0.5273,1978,-150,20,0,12.2,34,step_10,no_load,-15.911
14.777044,0.319393,elbow_flex,0.0,0.1795,0.0,0.1758,1974,-150,1056,0,12.2,35,step_10,no_load,-32.725
14.787676,0.330024,elbow_flex,0.0,0.0,0.0,0.0,1972,-250,1060,0,12.2,34,step_10,no_load,-16.535
14.797946,0.340294,elbow_flex,0.0,-0.0898,0.0,-0.0879,1971,-250,1048,0,12.2,35,step_10,no_load,-8.559
14.80858,0.350929,elbow_flex,0.0,-0.0898,0.0,-0.0879,1971,-100,1048,0,12.3,34,step_10,no_load,0.0
14.819678,0.362027,elbow_flex,0.0,-0.0898,0.0,-0.0879,1971,-100,0,0,12.2,35,step_10,no_load,0.0
14.829881,0.37223,elbow_flex,0.0,-0.1795,0.0,-0.1758,1970,-50,1044,0,12.2,34,step_10,no_load,-8.615
14.840493,0.382842,elbow_flex,0.0,-0.1795,0.0,-0.1758,1970,-50,1048,0,12.2,35,step_10,no_load,0.0
14.850593,0.392942,elbow_flex,0.0,-0.0898,0.0,-0.0879,1971,0,20,0,12.2,34,step_10,no_load,8.703
14.861247,0.403595,elbow_flex,0.0,-0.0898,0.0,-0.0879,1971,0,20,0,12.2,34,step_10,no_load,0.0
14.871884,0.414233,elbow_flex,0.0,0.0,0.0,0.0,1972,50,0,0,12.2,35,step_10,no_load,8.264
14.882818,0.425166,elbow_flex,0.0,0.0898,0.0,0.0879,1973,50,0,0,12.2,35,step_10,no_load,8.039
14.893553,0.435902,elbow_flex,0.0,0.0898,0.0,0.0879,1973,100,0,0,12.2,35,step_10,no_load,0.0
14.903673,0.446021,elbow_flex,0.0,0.0898,0.0,0.0879,1973,0,0,0,12.2,34,step_10,no_load,0.0
14.913935,0.456283,elbow_flex,0.0,0.0,0.0,0.0,1972,0,0,0,12.2,35,step_10,no_load,-8.566
14.924991,0.467339,elbow_flex,0.0,0.0,0.0,0.0,1972,-50,0,0,12.2,35,step_10,no_load,0.0
14.93562,0.477968,elbow_flex,0.0,-0.0898,0.0,-0.0879,1971,-50,0,0,12.2,35,step_10,no_load,-8.27
14.946637,0.488986,elbow_flex,0.0,-0.0898,0.0,-0.0879,1971,-50,0,0,12.2,35,step_10,no_load,0.0
14.957088,0.499437,elbow_flex,0.0,-0.0898,0.0,-0.0879,1971,-50,0,0,12.2,35,step_10,no_load,0.0
14.967166,0.509515,elbow_flex,0.0,-0.0898,0.0,-0.0879,1971,0,0,0,12.2,35,step_10,no_load,0.0
14.977743,0.520091,elbow_flex,0.0,-0.0898,0.0,-0.0879,1971,0,0,0,12.2,34,step_10,no_load,0.0
14.987844,0.530192,elbow_flex,0.0,-0.0898,0.0,-0.0879,1971,0,0,0,12.2,35,step_10,no_load,0.0
14.997979,0.540327,elbow_flex,0.0,-0.0898,0.0,-0.0879,1971,0,0,0,12.2,35,step_10,no_load,0.0
15.008418,0.550767,elbow_flex,0.0,-0.0898,0.0,-0.0879,1971,0,0,0,12.2,35,step_10,no_load,0.0
15.019051,0.5614,elbow_flex,0.0,-0.0898,0.0,-0.0879,1971,0,0,0,12.2,35,step_10,no_load,0.0
15.029992,0.572341,elbow_flex,0.0,-0.0898,0.0,-0.0879,1971,0,0,0,12.2,35,step_10,no_load,0.0
15.04049,0.582838,elbow_flex,0.0,-0.0898,0.0,-0.0879,1971,0,0,0,12.2,35,step_10,no_load,0.0
15.050602,0.592951,elbow_flex,0.0,-0.0898,0.0,-0.0879,1971,0,0,0,12.2,35,step_10,no_load,0.0
15.061241,0.603589,elbow_flex,0.0,-0.0898,0.0,-0.0879,1971,0,0,0,12.2,35,step_10,no_load,0.0
15.07142,0.613769,elbow_flex,0.0,-0.0898,0.0,-0.0879,1971,0,0,0,12.2,34,step_10,no_load,0.0
15.081501,0.62385,elbow_flex,0.0,-0.0898,0.0,-0.0879,1971,0,0,0,12.2,35,step_10,no_load,0.0
15.092085,0.634434,elbow_flex,0.0,-0.0898,0.0,-0.0879,1971,0,0,0,12.2,35,step_10,no_load,0.0
15.102696,0.645045,elbow_flex,0.0,-0.0898,0.0,-0.0879,1971,0,0,0,12.2,35,step_10,no_load,0.0
15.112766,0.655115,elbow_flex,0.0,-0.0898,0.0,-0.0879,1971,0,0,0,12.2,35,step_10,no_load,0.0
15.123543,0.665892,elbow_flex,0.0,-0.0898,0.0,-0.0879,1971,0,0,0,12.2,35,step_10,no_load,0.0
15.133688,0.676036,elbow_flex,0.0,-0.0898,0.0,-0.0879,1971,0,0,0,12.2,35,step_10,no_load,0.0
15.144269,0.686617,elbow_flex,0.0,-0.0898,0.0,-0.0879,1971,0,0,0,12.2,34,step_10,no_load,0.0
15.15439,0.696739,elbow_flex,0.0,-0.0898,0.0,-0.0879,1971,0,0,0,12.2,35,step_10,no_load,0.0
15.164487,0.706835,elbow_flex,0.0,-0.0898,0.0,-0.0879,1971,0,0,0,12.2,35,step_10,no_load,0.0
15.175237,0.717586,elbow_flex,0.0,-0.0898,0.0,-0.0879,1971,0,0,0,12.2,35,step_10,no_load,0.0
15.186701,0.729049,elbow_flex,0.0,-0.0898,0.0,-0.0879,1971,0,0,0,12.2,35,step_10,no_load,0.0
15.197183,0.739532,elbow_flex,0.0,-0.0898,0.0,-0.0879,1971,0,0,0,12.3,35,step_10,no_load,0.0
15.208269,0.750617,elbow_flex,0.0,-0.0898,0.0,-0.0879,1971,0,0,0,12.2,34,step_10,no_load,0.0
15.219246,0.761595,elbow_flex,0.0,-0.0898,0.0,-0.0879,1971,0,0,0,12.2,35,step_10,no_load,0.0
15.230327,0.772676,elbow_flex,0.0,-0.0898,0.0,-0.0879,1971,0,0,0,12.2,35,step_10,no_load,0.0
15.241347,0.783695,elbow_flex,0.0,-0.0898,0.0,-0.0879,1971,0,0,0,12.2,35,step_10,no_load,0.0
15.2522,0.794549,elbow_flex,0.0,-0.0898,0.0,-0.0879,1971,0,0,0,12.2,35,step_10,no_load,0.0
15.262823,0.805172,elbow_flex,0.0,-0.0898,0.0,-0.0879,1971,0,0,0,12.2,34,step_10,no_load,0.0
15.273766,0.816115,elbow_flex,0.0,-0.0898,0.0,-0.0879,1971,0,0,0,12.2,35,step_10,no_load,0.0
15.284364,0.826713,elbow_flex,0.0,-0.0898,0.0,-0.0879,1971,0,0,0,12.2,35,step_10,no_load,0.0
15.294495,0.836843,elbow_flex,0.0,-0.0898,0.0,-0.0879,1971,0,0,0,12.2,35,step_10,no_load,0.0
15.305076,0.847425,elbow_flex,0.0,-0.0898,0.0,-0.0879,1971,0,0,0,12.3,35,step_10,no_load,0.0
15.316277,0.858626,elbow_flex,0.0,-0.0898,0.0,-0.0879,1971,0,0,0,12.3,34,step_10,no_load,0.0
15.32686,0.869209,elbow_flex,0.0,-0.0898,0.0,-0.0879,1971,0,0,0,12.2,35,step_10,no_load,0.0
15.337013,0.879362,elbow_flex,0.0,-0.0898,0.0,-0.0879,1971,0,0,0,12.2,35,step_10,no_load,0.0
15.347154,0.889502,elbow_flex,0.0,-0.0898,0.0,-0.0879,1971,0,0,0,12.2,34,step_10,no_load,0.0
15.357804,0.900153,elbow_flex,0.0,-0.0898,0.0,-0.0879,1971,0,0,0,12.2,34,step_10,no_load,0.0
15.368388,0.910737,elbow_flex,0.0,-0.0898,0.0,-0.0879,1971,0,0,0,12.2,35,step_10,no_load,0.0
15.378494,0.920843,elbow_flex,0.0,-0.0898,0.0,-0.0879,1971,0,0,0,12.2,34,step_10,no_load,0.0
15.389071,0.93142,elbow_flex,0.0,-0.0898,0.0,-0.0879,1971,0,0,0,12.2,35,step_10,no_load,0.0
15.399984,0.942332,elbow_flex,0.0,-0.0898,0.0,-0.0879,1971,0,0,0,12.2,35,step_10,no_load,0.0
15.410562,0.952911,elbow_flex,0.0,-0.0898,0.0,-0.0879,1971,0,0,0,12.2,34,step_10,no_load,0.0
15.420713,0.963061,elbow_flex,0.0,-0.0898,0.0,-0.0879,1971,0,0,0,12.2,35,step_10,no_load,0.0
15.430858,0.973207,elbow_flex,0.0,-0.0898,0.0,-0.0879,1971,0,0,0,12.2,35,step_10,no_load,0.0
15.441008,0.983356,elbow_flex,0.0,-0.0898,0.0,-0.0879,1971,0,0,0,12.2,34,step_10,no_load,0.0
15.451581,0.99393,elbow_flex,0.0,-0.0898,0.0,-0.0879,1971,0,0,0,12.2,34,step_10,no_load,0.0
15.461658,1.004006,elbow_flex,0.0,-0.0898,0.0,-0.0879,1971,0,0,0,12.2,34,step_10,no_load,0.0
15.472258,1.014607,elbow_flex,0.0,-0.0898,0.0,-0.0879,1971,0,0,0,12.2,35,step_10,no_load,0.0
15.483299,1.025648,elbow_flex,0.0,-0.0898,0.0,-0.0879,1971,0,0,0,12.2,35,step_10,no_load,0.0
15.493614,1.035963,elbow_flex,0.0,-0.0898,0.0,-0.0879,1971,0,0,0,12.2,35,step_10,no_load,0.0
15.504676,1.047025,elbow_flex,0.0,-0.0898,0.0,-0.0879,1971,0,0,0,12.2,35,step_10,no_load,0.0
15.514768,1.057117,elbow_flex,0.0,-0.0898,0.0,-0.0879,1971,0,0,0,12.2,35,step_10,no_load,0.0
15.525782,1.068131,elbow_flex,0.0,-0.0898,0.0,-0.0879,1971,0,0,0,12.2,35,step_10,no_load,0.0
15.535969,1.078318,elbow_flex,0.0,-0.0898,0.0,-0.0879,1971,0,0,0,12.3,35,step_10,no_load,0.0
15.5467,1.089049,elbow_flex,0.0,-0.0898,0.0,-0.0879,1971,0,0,0,12.2,35,step_10,no_load,0.0
15.557326,1.099675,elbow_flex,0.0,-0.0898,0.0,-0.0879,1971,0,0,0,12.2,34,step_10,no_load,0.0
15.568403,1.110752,elbow_flex,0.0,-0.0898,0.0,-0.0879,1971,0,0,0,12.2,35,step_10,no_load,0.0
15.578952,1.1213,elbow_flex,0.0,-0.0898,0.0,-0.0879,1971,0,0,0,12.2,34,step_10,no_load,0.0
15.589983,1.132332,elbow_flex,0.0,-0.0898,0.0,-0.0879,1971,0,0,0,12.2,35,step_10,no_load,0.0
15.60056,1.142908,elbow_flex,0.0,-0.0898,0.0,-0.0879,1971,0,0,0,12.2,35,step_10,no_load,0.0
15.610615,1.152963,elbow_flex,0.0,-0.0898,0.0,-0.0879,1971,0,0,0,12.2,34,step_10,no_load,0.0
15.621208,1.163556,elbow_flex,0.0,-0.0898,0.0,-0.0879,1971,0,0,0,12.2,35,step_10,no_load,0.0
15.632175,1.174524,elbow_flex,0.0,-0.0898,0.0,-0.0879,1971,0,0,0,12.2,35,step_10,no_load,0.0
15.643165,1.185514,elbow_flex,0.0,-0.0898,0.0,-0.0879,1971,0,0,0,12.3,34,step_10,no_load,0.0
15.653331,1.195679,elbow_flex,0.0,-0.0898,0.0,-0.0879,1971,0,0,0,12.2,35,step_10,no_load,0.0
15.664396,2e-06,elbow_flex,10.0,-0.0898,9.791,-0.0879,1971,0,0,0,12.2,35,step_10,no_load,0.0
15.675301,0.010907,elbow_flex,10.0,-0.0898,9.791,-0.0879,1971,0,1044,0,12.2,35,step_10,no_load,0.0
15.685896,0.021501,elbow_flex,10.0,-0.0898,9.791,-0.0879,1971,0,1088,2,12.2,35,step_10,no_load,0.0
15.69611,0.031715,elbow_flex,10.0,-0.0898,9.791,-0.0879,1971,0,1120,3,12.2,35,step_10,no_load,0.0
15.706697,0.042302,elbow_flex,10.0,-0.0898,9.791,-0.0879,1971,0,1196,9,12.2,35,step_10,no_load,0.0
15.716832,0.052437,elbow_flex,10.0,0.0898,9.791,0.0879,1973,0,1240,15,12.2,35,step_10,no_load,17.346
15.727408,0.063014,elbow_flex,10.0,0.4488,9.791,0.4395,1977,150,1308,20,12.1,35,step_10,no_load,33.245
15.737994,0.0736,elbow_flex,10.0,0.9874,9.791,0.9668,1983,450,1356,22,12.1,35,step_10,no_load,49.811
15.749377,0.084982,elbow_flex,10.0,1.6158,9.791,1.582,1990,450,1380,19,12.1,35,step_10,no_load,54.046
15.760446,0.096051,elbow_flex,10.0,2.4237,9.791,2.373,1999,700,1392,17,12.2,35,step_10,no_load,71.461
15.771029,0.106635,elbow_flex,10.0,3.4111,9.791,3.3398,2010,700,1316,7,12.2,34,step_10,no_load,91.354
15.781091,0.116697,elbow_flex,10.0,4.219,9.791,4.1309,2019,950,1300,4,12.2,35,step_10,no_load,78.623
15.792086,0.127691,elbow_flex,10.0,5.2962,9.791,5.1855,2031,950,1204,0,12.2,34,step_10,no_load,95.916
15.803012,0.138617,elbow_flex,10.0,6.3734,9.791,6.2402,2043,1100,1156,0,12.2,34,step_10,no_load,96.531
15.813509,0.149115,elbow_flex,10.0,7.1813,9.791,7.0313,2052,1100,1072,0,12.2,35,step_10,no_load,75.364
15.824108,0.159714,elbow_flex,10.0,7.5404,9.791,7.3828,2056,800,1056,0,12.2,35,step_10,no_load,33.164
15.834275,0.16988,elbow_flex,10.0,7.8995,9.791,7.7344,2060,800,1088,0,12.2,35,step_10,no_load,34.582
15.844895,0.1805,elbow_flex,10.0,8.1688,9.791,7.998,2063,350,1080,0,12.3,35,step_10,no_load,24.821
15.855482,0.191088,elbow_flex,10.0,8.5278,9.791,8.3496,2067,350,1068,0,12.3,34,step_10,no_load,33.211
15.865833,0.201439,elbow_flex,10.0,8.7971,9.791,8.6133,2070,300,1064,0,12.2,35,step_10,no_load,25.476
15.876884,0.212489,elbow_flex,10.0,8.9767,9.791,8.7891,2072,250,1056,0,12.2,35,step_10,no_load,15.908
15.88752,0.223125,elbow_flex,10.0,9.0664,9.791,8.877,2073,250,1068,0,12.2,35,step_10,no_load,8.264
15.898641,0.234246,elbow_flex,10.0,9.0664,9.791,8.877,2073,50,1068,0,12.2,35,step_10,no_load,0.0
15.909087,0.244692,elbow_flex,10.0,9.0664,9.791,8.877,2073,50,1072,0,12.2,35,step_10,no_load,0.0
15.919694,0.2553,elbow_flex,10.0,9.0664,9.791,8.877,2073,0,1072,0,12.2,35,step_10,no_load,0.0
15.930282,0.265887,elbow_flex,10.0,8.9767,9.791,8.7891,2072,0,1080,0,12.2,35,step_10,no_load,-8.302
15.940918,0.276524,elbow_flex,10.0,8.9767,9.791,8.7891,2072,-50,1080,0,12.2,35,step_10,no_load,0.0
15.951495,0.2871,elbow_flex,10.0,8.9767,9.791,8.7891,2072,-50,1084,1,12.2,35,step_10,no_load,0.0
15.962586,0.298192,elbow_flex,10.0,9.0664,9.791,8.877,2073,0,1080,0,12.2,35,step_10,no_load,7.925
15.973196,0.308802,elbow_flex,10.0,9.1562,9.791,8.9648,2074,0,1068,0,12.2,34,step_10,no_load,8.275
15.984248,0.319854,elbow_flex,10.0,9.246,9.791,9.0527,2075,100,1060,0,12.2,35,step_10,no_load,7.953
15.994874,0.33048,elbow_flex,10.0,9.3357,9.791,9.1406,2076,100,1056,1,12.2,35,step_10,no_load,8.272
16.005017,0.340622,elbow_flex,10.0,9.5153,9.791,9.3164,2078,100,1044,0,12.2,35,step_10,no_load,17.332
16.015882,0.351488,elbow_flex,10.0,9.6948,9.791,9.4922,2080,200,20,0,12.2,35,step_10,no_load,16.18
16.026016,0.361622,elbow_flex,10.0,9.7846,9.791,9.5801,2081,200,28,0,12.2,35,step_10,no_load,8.674
16.036605,0.372211,elbow_flex,10.0,9.8743,9.791,9.668,2082,100,28,0,12.3,34,step_10,no_load,8.301
16.047374,0.38298,elbow_flex,10.0,9.9641,9.791,9.7559,2083,100,20,0,12.2,35,step_10,no_load,8.162
16.058009,0.393615,elbow_flex,10.0,9.9641,9.791,9.7559,2083,50,20,0,12.2,35,step_10,no_load,0.0
16.068161,0.403767,elbow_flex,10.0,9.9641,9.791,9.7559,2083,50,0,0,12.2,35,step_10,no_load,0.0
16.078773,0.414379,elbow_flex,10.0,9.9641,9.791,9.7559,2083,0,0,0,12.3,35,step_10,no_load,0.0
16.089357,0.424963,elbow_flex,10.0,9.9641,9.791,9.7559,2083,0,0,0,12.3,35,step_10,no_load,0.0
16.099617,0.435223,elbow_flex,10.0,9.9641,9.791,9.7559,2083,0,0,0,12.2,35,step_10,no_load,0.0
16.109969,0.445574,elbow_flex,10.0,9.8743,9.791,9.668,2082,0,0,0,12.3,35,step_10,no_load,-8.491
16.120758,0.456364,elbow_flex,10.0,9.8743,9.791,9.668,2082,-50,0,0,12.2,35,step_10,no_load,0.0
16.130822,0.466428,elbow_flex,10.0,9.7846,9.791,9.5801,2081,-50,1048,0,12.2,35,step_10,no_load,-8.734
16.140898,0.476504,elbow_flex,10.0,9.7846,9.791,9.5801,2081,-50,1052,0,12.3,35,step_10,no_load,0.0
16.151476,0.487081,elbow_flex,10.0,9.6948,9.791,9.4922,2080,-50,1052,0,12.2,35,step_10,no_load,-8.31
16.161631,0.497236,elbow_flex,10.0,9.6948,9.791,9.4922,2080,-50,1052,0,12.2,34,step_10,no_load,0.0
16.172265,0.50787,elbow_flex,10.0,9.6948,9.791,9.4922,2080,-50,1048,0,12.2,35,step_10,no_load,0.0
16.183317,0.518923,elbow_flex,10.0,9.6948,9.791,9.4922,2080,0,1048,0,12.2,35,step_10,no_load,0.0
16.19427,0.529876,elbow_flex,10.0,9.6948,9.791,9.4922,2080,0,1048,0,12.2,34,step_10,no_load,0.0
16.205302,0.540907,elbow_flex,10.0,9.6948,9.791,9.4922,2080,0,1048,0,12.3,34,step_10,no_load,0.0
16.216316,0.551921,elbow_flex,10.0,9.7846,9.791,9.5801,2081,50,1044,0,12.2,35,step_10,no_load,7.981
16.226914,0.56252,elbow_flex,10.0,9.8743,9.791,9.668,2082,50,24,0,12.2,35,step_10,no_load,8.294
16.237537,0.573142,elbow_flex,10.0,9.9641,9.791,9.7559,2083,100,24,0,12.2,34,step_10,no_load,8.274
16.247607,0.583212,elbow_flex,10.0,9.9641,9.791,9.7559,2083,100,0,0,12.2,35,step_10,no_load,0.0
16.258623,0.594229,elbow_flex,10.0,9.9641,9.791,9.7559,2083,0,0,0,12.2,34,step_10,no_load,0.0
16.269224,0.604829,elbow_flex,10.0,9.9641,9.791,9.7559,2083,0,0,0,12.2,34,step_10,no_load,0.0
16.280092,0.615698,elbow_flex,10.0,9.9641,9.791,9.7559,2083,0,0,0,12.2,35,step_10,no_load,0.0
16.290719,0.626325,elbow_flex,10.0,9.9641,9.791,9.7559,2083,0,0,0,12.2,35,step_10,no_load,0.0
16.301592,0.637198,elbow_flex,10.0,9.9641,9.791,9.7559,2083,0,0,0,12.2,35,step_10,no_load,0.0
16.312147,0.647752,elbow_flex,10.0,9.9641,9.791,9.7559,2083,0,0,0,12.3,35,step_10,no_load,0.0
16.322729,0.658334,elbow_flex,10.0,9.9641,9.791,9.7559,2083,0,0,0,12.2,34,step_10,no_load,0.0
16.333451,0.669057,elbow_flex,10.0,9.8743,9.791,9.668,2082,-50,0,0,12.2,34,step_10,no_load,-8.198
16.344082,0.679688,elbow_flex,10.0,9.8743,9.791,9.668,2082,-50,0,0,12.2,35,step_10,no_load,0.0
16.35516,0.690765,elbow_flex,10.0,9.8743,9.791,9.668,2082,0,0,0,12.2,35,step_10,no_load,0.0
16.36591,0.701516,elbow_flex,10.0,9.8743,9.791,9.668,2082,0,0,0,12.2,34,step_10,no_load,0.0
16.376047,0.711652,elbow_flex,10.0,9.8743,9.791,9.668,2082,0,0,0,12.2,35,step_10,no_load,0.0
16.38663,0.722235,elbow_flex,10.0,9.9641,9.791,9.7559,2083,0,0,0,12.2,35,step_10,no_load,8.306
16.397668,0.733273,elbow_flex,10.0,9.9641,9.791,9.7559,2083,50,0,0,12.2,35,step_10,no_load,0.0
16.408691,0.744297,elbow_flex,10.0,9.9641,9.791,9.7559,2083,50,0,0,12.2,35,step_10,no_load,0.0
16.418793,0.754398,elbow_flex,10.0,9.9641,9.791,9.7559,2083,0,0,0,12.2,34,step_10,no_load,0.0
16.429369,0.764974,elbow_flex,10.0,9.9641,9.791,9.7559,2083,0,0,0,12.2,35,step_10,no_load,0.0
16.440113,0.775718,elbow_flex,10.0,9.9641,9.791,9.7559,2083,0,0,0,12.2,35,step_10,no_load,0.0
16.450704,0.786309,elbow_flex,10.0,9.9641,9.791,9.7559,2083,0,0,0,12.2,35,step_10,no_load,0.0
16.460961,0.796567,elbow_flex,10.0,9.9641,9.791,9.7559,2083,0,0,0,12.2,35,step_10,no_load,0.0
16.471569,0.807174,elbow_flex,10.0,9.9641,9.791,9.7559,2083,0,0,0,12.2,35,step_10,no_load,0.0
16.482685,0.818291,elbow_flex,10.0,9.9641,9.791,9.7559,2083,0,0,0,12.3,35,step_10,no_load,0.0
16.493316,0.828921,elbow_flex,10.0,9.9641,9.791,9.7559,2083,0,0,0,12.2,34,step_10,no_load,0.0
16.503535,0.839141,elbow_flex,10.0,9.9641,9.791,9.7559,2083,0,0,0,12.2,34,step_10,no_load,0.0
16.513665,0.84927,elbow_flex,10.0,9.9641,9.791,9.7559,2083,0,0,0,12.2,34,step_10,no_load,0.0
16.523873,0.859478,elbow_flex,10.0,9.9641,9.791,9.7559,2083,0,0,0,12.3,35,step_10,no_load,0.0
16.534394,0.87,elbow_flex,10.0,9.9641,9.791,9.7559,2083,0,0,0,12.2,35,step_10,no_load,0.0
16.544498,0.880103,elbow_flex,10.0,9.9641,9.791,9.7559,2083,0,0,0,12.2,35,step_10,no_load,0.0
16.555094,0.890699,elbow_flex,10.0,9.9641,9.791,9.7559,2083,0,0,0,12.2,34,step_10,no_load,0.0
16.566152,0.901758,elbow_flex,10.0,9.9641,9.791,9.7559,2083,0,0,0,12.2,35,step_10,no_load,0.0
16.57678,0.912385,elbow_flex,10.0,9.9641,9.791,9.7559,2083,0,0,0,12.2,35,step_10,no_load,0.0
16.587222,0.922827,elbow_flex,10.0,9.9641,9.791,9.7559,2083,0,0,0,12.2,35,step_10,no_load,0.0
16.597285,0.93289,elbow_flex,10.0,9.9641,9.791,9.7559,2083,0,0,0,12.2,35,step_10,no_load,0.0
16.608281,0.943886,elbow_flex,10.0,9.9641,9.791,9.7559,2083,0,0,0,12.2,35,step_10,no_load,0.0
16.618865,0.95447,elbow_flex,10.0,9.9641,9.791,9.7559,2083,0,0,0,12.2,35,step_10,no_load,0.0
16.62926,0.964866,elbow_flex,10.0,9.9641,9.791,9.7559,2083,0,0,0,12.2,34,step_10,no_load,0.0
16.639896,0.975502,elbow_flex,10.0,9.9641,9.791,9.7559,2083,0,0,0,12.2,35,step_10,no_load,0.0
16.64999,0.985595,elbow_flex,10.0,9.9641,9.791,9.7559,2083,0,0,0,12.2,35,step_10,no_load,0.0
16.66062,0.996226,elbow_flex,10.0,9.9641,9.791,9.7559,2083,0,0,0,12.2,35,step_10,no_load,0.0
16.671412,1.007017,elbow_flex,10.0,9.9641,9.791,9.7559,2083,0,0,0,12.2,34,step_10,no_load,0.0
16.682496,1.018102,elbow_flex,10.0,9.9641,9.791,9.7559,2083,0,0,0,12.2,34,step_10,no_load,0.0
16.692647,1.028252,elbow_flex,10.0,9.9641,9.791,9.7559,2083,0,0,0,12.2,35,step_10,no_load,0.0
16.702736,1.038341,elbow_flex,10.0,9.9641,9.791,9.7559,2083,0,0,0,12.2,35,step_10,no_load,0.0
16.713315,1.04892,elbow_flex,10.0,9.9641,9.791,9.7559,2083,0,0,0,12.2,35,step_10,no_load,0.0
16.723942,1.059548,elbow_flex,10.0,9.9641,9.791,9.7559,2083,0,0,0,12.2,35,step_10,no_load,0.0
16.734109,1.069715,elbow_flex,10.0,9.9641,9.791,9.7559,2083,0,0,0,12.2,35,step_10,no_load,0.0
16.744739,1.080344,elbow_flex,10.0,9.9641,9.791,9.7559,2083,0,0,0,12.2,35,step_10,no_load,0.0
16.755855,1.09146,elbow_flex,10.0,9.9641,9.791,9.7559,2083,0,0,0,12.3,35,step_10,no_load,0.0
16.766694,1.102299,elbow_flex,10.0,9.9641,9.791,9.7559,2083,0,0,0,12.2,35,step_10,no_load,0.0
16.776889,1.112495,elbow_flex,10.0,9.9641,9.791,9.7559,2083,0,0,0,12.2,35,step_10,no_load,0.0
16.787471,1.123077,elbow_flex,10.0,9.9641,9.791,9.7559,2083,0,0,0,12.2,35,step_10,no_load,0.0
16.798301,1.133907,elbow_flex,10.0,9.9641,9.791,9.7559,2083,0,0,0,12.2,35,step_10,no_load,0.0
16.808938,1.144543,elbow_flex,10.0,9.9641,9.791,9.7559,2083,0,0,0,12.2,35,step_10,no_load,0.0
16.81914,1.154745,elbow_flex,10.0,9.9641,9.791,9.7559,2083,0,0,0,12.2,35,step_10,no_load,0.0
16.82973,1.165335,elbow_flex,10.0,9.9641,9.791,9.7559,2083,0,0,0,12.2,35,step_10,no_load,0.0
16.840689,1.176294,elbow_flex,10.0,9.9641,9.791,9.7559,2083,0,0,0,12.2,34,step_10,no_load,0.0
16.851318,1.186923,elbow_flex,10.0,9.9641,9.791,9.7559,2083,0,0,0,12.2,35,step_10,no_load,0.0
16.862414,1.19802,elbow_flex,10.0,9.9641,9.791,9.7559,2083,0,0,0,12.2,35,step_10,no_load,0.0
16.873553,1e-06,elbow_flex,0.0,9.9641,0.0,9.7559,2083,0,0,0,12.2,34,step_10,no_load,0.0
16.883874,0.010323,elbow_flex,0.0,9.9641,0.0,9.7559,2083,0,20,0,12.2,35,step_10,no_load,0.0
16.894461,0.02091,elbow_flex,0.0,9.9641,0.0,9.7559,2083,0,40,0,12.2,35,step_10,no_load,0.0
16.905202,0.031651,elbow_flex,0.0,9.9641,0.0,9.7559,2083,0,104,4,12.2,35,step_10,no_load,0.0
16.915721,0.04217,elbow_flex,0.0,9.9641,0.0,9.7559,2083,0,140,8,12.2,35,step_10,no_load,0.0
16.925878,0.052326,elbow_flex,0.0,9.6948,0.0,9.4922,2080,0,220,13,12.2,35,step_10,no_load,-25.962
16.936523,0.062971,elbow_flex,0.0,9.4255,0.0,9.2285,2077,-200,264,18,12.2,35,step_10,no_load,-24.772
16.947299,0.073747,elbow_flex,0.0,8.8869,0.0,8.7012,2071,-200,332,23,12.2,35,step_10,no_load,-48.933
16.957931,0.08438,elbow_flex,0.0,8.1688,0.0,7.998,2063,-500,340,14,12.2,35,step_10,no_load,-66.14
16.968114,0.094563,elbow_flex,0.0,7.3609,0.0,7.207,2054,-500,348,14,12.2,35,step_10,no_load,-77.678
16.978694,0.105142,elbow_flex,0.0,6.4632,0.0,6.3281,2044,-850,276,4,12.2,34,step_10,no_load,-83.072
16.988831,0.11528,elbow_flex,0.0,5.5655,0.0,5.4492,2034,-850,260,3,12.2,34,step_10,no_load,-86.702
16.999823,0.126271,elbow_flex,0.0,4.5781,0.0,4.4824,2023,-950,160,0,12.2,35,step_10,no_load,-87.955
17.010002,0.13645,elbow_flex,0.0,3.5907,0.0,3.5156,2012,-1050,116,0,12.2,35,step_10,no_load,-94.98
17.020585,0.147033,elbow_flex,0.0,2.7828,0.0,2.7246,2003,-1050,52,0,12.2,35,step_10,no_load,-74.743
17.031642,0.15809,elbow_flex,0.0,2.3339,0.0,2.2852,1998,-650,36,0,12.2,34,step_10,no_load,-39.74
17.042266,0.168714,elbow_flex,0.0,1.9749,0.0,1.9336,1994,-650,64,0,12.2,35,step_10,no_load,-33.095
17.05239,0.178838,elbow_flex,0.0,1.6158,0.0,1.582,1990,-400,48,0,12.2,35,step_10,no_load,-34.729
17.062966,0.189415,elbow_flex,0.0,1.2567,0.0,1.2305,1986,-400,36,0,12.2,35,step_10,no_load,-33.236
17.073779,0.200227,elbow_flex,0.0,1.0772,0.0,1.0547,1984,-350,24,0,12.2,35,step_10,no_load,-16.258
17.08438,0.210829,elbow_flex,0.0,0.8977,0.0,0.8789,1982,-350,28,0,12.2,35,step_10,no_load,-16.583
17.094506,0.220955,elbow_flex,0.0,0.8079,0.0,0.791,1981,-150,28,0,12.2,34,step_10,no_load,-8.681
17.105034,0.231483,elbow_flex,0.0,0.7181,0.0,0.7031,1980,-150,36,0,12.2,34,step_10,no_load,-8.349
17.116157,0.242605,elbow_flex,0.0,0.8977,0.0,0.8789,1982,0,56,1,12.2,35,step_10,no_load,15.805
17.126708,0.253156,elbow_flex,0.0,0.9874,0.0,0.9668,1983,0,60,0,12.2,35,step_10,no_load,8.331
17.1373,0.263749,elbow_flex,0.0,0.9874,0.0,0.9668,1983,100,60,1,12.2,35,step_10,no_load,0.0
17.147373,0.273822,elbow_flex,0.0,0.9874,0.0,0.9668,1983,100,56,0,12.2,34,step_10,no_load,0.0
17.15767,0.284119,elbow_flex,0.0,0.8079,0.0,0.791,1981,-50,40,0,12.2,35,step_10,no_load,-17.073
17.168299,0.294747,elbow_flex,0.0,0.7181,0.0,0.7031,1980,-100,36,0,12.2,35,step_10,no_load,-8.27
17.179131,0.30558,elbow_flex,0.0,0.6284,0.0,0.6152,1979,-100,28,0,12.2,35,step_10,no_load,-8.115
17.190092,0.316541,elbow_flex,0.0,0.2693,0.0,0.2637,1975,-250,1044,0,12.2,35,step_10,no_load,-32.068
17.201162,0.32761,elbow_flex,0.0,0.0898,0.0,0.0879,1973,-250,1064,0,12.2,34,step_10,no_load,-15.881
17.21218,0.338628,elbow_flex,0.0,0.0,0.0,0.0,1972,-150,1064,0,12.2,34,step_10,no_load,-7.978
17.223082,0.34953,elbow_flex,0.0,-0.0898,0.0,-0.0879,1971,-150,0,0,12.3,35,step_10,no_load,-8.063
17.234127,0.360575,elbow_flex,0.0,-0.0898,0.0,-0.0879,1971,-50,1044,0,12.2,34,step_10,no_load,0.0
17.24471,0.371159,elbow_flex,0.0,-0.1795,0.0,-0.1758,1970,-50,1048,0,12.2,34,step_10,no_load,-8.306
17.255548,0.381996,elbow_flex,0.0,-0.1795,0.0,-0.1758,1970,-50,1044,0,12.2,35,step_10,no_load,0.0
17.266082,0.39253,elbow_flex,0.0,-0.1795,0.0,-0.1758,1970,-50,0,0,12.2,35,step_10,no_load,0.0
17.276171,0.40262,elbow_flex,0.0,-0.0898,0.0,-0.0879,1971,50,20,0,12.2,35,step_10,no_load,8.712
17.286746,0.413194,elbow_flex,0.0,0.0,0.0,0.0,1972,50,20,0,12.2,34,step_10,no_load,8.312
17.297609,0.424057,elbow_flex,0.0,0.0,0.0,0.0,1972,50,0,0,12.2,35,step_10,no_load,0.0
17.308196,0.434645,elbow_flex,0.0,0.0,0.0,0.0,1972,0,0,0,12.2,35,step_10,no_load,0.0
17.319307,0.445756,elbow_flex,0.0,0.0,0.0,0.0,1972,0,0,0,12.3,34,step_10,no_load,0.0
17.329894,0.456342,elbow_flex,0.0,0.0,0.0,0.0,1972,0,0,0,12.2,35,step_10,no_load,0.0
17.34049,0.466939,elbow_flex,0.0,-0.0898,0.0,-0.0879,1971,0,0,0,12.2,35,step_10,no_load,-8.296
17.351077,0.477526,elbow_flex,0.0,-0.0898,0.0,-0.0879,1971,-50,0,0,12.2,35,step_10,no_load,0.0
17.361234,0.487683,elbow_flex,0.0,-0.0898,0.0,-0.0879,1971,-50,0,0,12.3,35,step_10,no_load,0.0
17.371812,0.498261,elbow_flex,0.0,-0.0898,0.0,-0.0879,1971,0,0,0,12.2,35,step_10,no_load,0.0
17.382107,0.508555,elbow_flex,0.0,-0.0898,0.0,-0.0879,1971,0,0,0,12.2,34,step_10,no_load,0.0
17.3927,0.519148,elbow_flex,0.0,-0.0898,0.0,-0.0879,1971,0,0,0,12.2,34,step_10,no_load,0.0
17.40377,0.530218,elbow_flex,0.0,-0.0898,0.0,-0.0879,1971,0,0,0,12.2,35,step_10,no_load,0.0
17.413847,0.540296,elbow_flex,0.0,-0.0898,0.0,-0.0879,1971,0,0,0,12.2,35,step_10,no_load,0.0
17.424818,0.551266,elbow_flex,0.0,-0.0898,0.0,-0.0879,1971,0,0,0,12.2,34,step_10,no_load,0.0
17.435321,0.56177,elbow_flex,0.0,-0.0898,0.0,-0.0879,1971,0,0,0,12.2,35,step_10,no_load,0.0
17.445541,0.57199,elbow_flex,0.0,-0.0898,0.0,-0.0879,1971,0,0,0,12.2,35,step_10,no_load,0.0
17.45618,0.582628,elbow_flex,0.0,-0.0898,0.0,-0.0879,1971,0,0,0,12.2,35,step_10,no_load,0.0
17.466808,0.593257,elbow_flex,0.0,-0.0898,0.0,-0.0879,1971,0,0,0,12.2,35,step_10,no_load,0.0
17.477409,0.603858,elbow_flex,0.0,-0.0898,0.0,-0.0879,1971,0,0,0,12.2,35,step_10,no_load,0.0
17.487991,0.61444,elbow_flex,0.0,-0.0898,0.0,-0.0879,1971,0,0,0,12.2,35,step_10,no_load,0.0
17.499014,0.625462,elbow_flex,0.0,-0.0898,0.0,-0.0879,1971,0,0,0,12.2,35,step_10,no_load,0.0
17.50965,0.636098,elbow_flex,0.0,-0.0898,0.0,-0.0879,1971,0,0,0,12.2,35,step_10,no_load,0.0
17.519767,0.646216,elbow_flex,0.0,-0.0898,0.0,-0.0879,1971,0,0,0,12.3,35,step_10,no_load,0.0
17.529995,0.656444,elbow_flex,0.0,-0.0898,0.0,-0.0879,1971,0,0,0,12.2,35,step_10,no_load,0.0
17.540885,0.667333,elbow_flex,0.0,-0.0898,0.0,-0.0879,1971,0,0,0,12.2,35,step_10,no_load,0.0
17.551491,0.677939,elbow_flex,0.0,-0.0898,0.0,-0.0879,1971,0,0,0,12.2,35,step_10,no_load,0.0
17.562554,0.689002,elbow_flex,0.0,-0.0898,0.0,-0.0879,1971,0,0,0,12.2,35,step_10,no_load,0.0
17.57318,0.699628,elbow_flex,0.0,-0.0898,0.0,-0.0879,1971,0,0,0,12.2,35,step_10,no_load,0.0
17.583262,0.70971,elbow_flex,0.0,-0.0898,0.0,-0.0879,1971,0,0,0,12.2,35,step_10,no_load,0.0
17.593873,0.720321,elbow_flex,0.0,-0.0898,0.0,-0.0879,1971,0,0,0,12.2,35,step_10,no_load,0.0
17.603992,0.73044,elbow_flex,0.0,-0.0898,0.0,-0.0879,1971,0,0,0,12.2,35,step_10,no_load,0.0
17.61406,0.740509,elbow_flex,0.0,-0.0898,0.0,-0.0879,1971,0,0,0,12.2,35,step_10,no_load,0.0
17.625096,0.751544,elbow_flex,0.0,-0.0898,0.0,-0.0879,1971,0,0,0,12.2,35,step_10,no_load,0.0
17.636097,0.762545,elbow_flex,0.0,-0.0898,0.0,-0.0879,1971,0,0,0,12.2,35,step_10,no_load,0.0
17.6471,0.773549,elbow_flex,0.0,-0.0898,0.0,-0.0879,1971,0,0,0,12.2,35,step_10,no_load,0.0
17.658099,0.784547,elbow_flex,0.0,-0.0898,0.0,-0.0879,1971,0,0,0,12.2,34,step_10,no_load,0.0
17.668728,0.795177,elbow_flex,0.0,-0.0898,0.0,-0.0879,1971,0,0,0,12.2,35,step_10,no_load,0.0
17.678851,0.8053,elbow_flex,0.0,-0.0898,0.0,-0.0879,1971,0,0,0,12.2,34,step_10,no_load,0.0
17.689482,0.81593,elbow_flex,0.0,-0.0898,0.0,-0.0879,1971,0,0,0,12.2,35,step_10,no_load,0.0
17.700032,0.82648,elbow_flex,0.0,-0.0898,0.0,-0.0879,1971,0,0,0,12.2,34,step_10,no_load,0.0
17.711375,0.837824,elbow_flex,0.0,-0.0898,0.0,-0.0879,1971,0,0,0,12.2,35,step_10,no_load,0.0
17.721541,0.847989,elbow_flex,0.0,-0.0898,0.0,-0.0879,1971,0,0,0,12.2,35,step_10,no_load,0.0
17.73188,0.858329,elbow_flex,0.0,-0.0898,0.0,-0.0879,1971,0,0,0,12.2,34,step_10,no_load,0.0
17.742025,0.868473,elbow_flex,0.0,-0.0898,0.0,-0.0879,1971,0,0,0,12.2,35,step_10,no_load,0.0
17.752605,0.879053,elbow_flex,0.0,-0.0898,0.0,-0.0879,1971,0,0,0,12.2,35,step_10,no_load,0.0
17.763405,0.889853,elbow_flex,0.0,-0.0898,0.0,-0.0879,1971,0,0,0,12.2,35,step_10,no_load,0.0
17.77466,0.901108,elbow_flex,0.0,-0.0898,0.0,-0.0879,1971,0,0,0,12.2,35,step_10,no_load,0.0
17.785245,0.911693,elbow_flex,0.0,-0.0898,0.0,-0.0879,1971,0,0,0,12.2,35,step_10,no_load,0.0
17.796361,0.922809,elbow_flex,0.0,-0.0898,0.0,-0.0879,1971,0,0,0,12.2,34,step_10,no_load,0.0
17.807436,0.933885,elbow_flex,0.0,-0.0898,0.0,-0.0879,1971,0,0,0,12.2,35,step_10,no_load,0.0
17.817539,0.943987,elbow_flex,0.0,-0.0898,0.0,-0.0879,1971,0,0,0,12.2,35,step_10,no_load,0.0
17.828165,0.954614,elbow_flex,0.0,-0.0898,0.0,-0.0879,1971,0,0,0,12.2,34,step_10,no_load,0.0
17.838615,0.965063,elbow_flex,0.0,-0.0898,0.0,-0.0879,1971,0,0,0,12.3,35,step_10,no_load,0.0
17.8491,0.975548,elbow_flex,0.0,-0.0898,0.0,-0.0879,1971,0,0,0,12.2,35,step_10,no_load,0.0
17.860304,0.986752,elbow_flex,0.0,-0.0898,0.0,-0.0879,1971,0,0,0,12.2,34,step_10,no_load,0.0
17.870852,0.997301,elbow_flex,0.0,-0.0898,0.0,-0.0879,1971,0,0,0,12.3,35,step_10,no_load,0.0
17.88195,1.008398,elbow_flex,0.0,-0.0898,0.0,-0.0879,1971,0,0,0,12.2,34,step_10,no_load,0.0
17.89258,1.019028,elbow_flex,0.0,-0.0898,0.0,-0.0879,1971,0,0,0,12.2,35,step_10,no_load,0.0
17.902733,1.029182,elbow_flex,0.0,-0.0898,0.0,-0.0879,1971,0,0,4,12.2,35,step_10,no_load,0.0
17.913215,1.039663,elbow_flex,0.0,-0.0898,0.0,-0.0879,1971,0,0,0,12.2,35,step_10,no_load,0.0
17.923822,1.05027,elbow_flex,0.0,-0.0898,0.0,-0.0879,1971,0,0,0,12.2,35,step_10,no_load,0.0
17.934487,1.060935,elbow_flex,0.0,-0.0898,0.0,-0.0879,1971,0,0,0,12.2,35,step_10,no_load,0.0
17.945088,1.071536,elbow_flex,0.0,-0.0898,0.0,-0.0879,1971,0,0,0,12.2,35,step_10,no_load,0.0
17.95569,1.082139,elbow_flex,0.0,-0.0898,0.0,-0.0879,1971,0,0,0,12.2,35,step_10,no_load,0.0
17.96631,1.092758,elbow_flex,0.0,-0.0898,0.0,-0.0879,1971,0,0,0,12.2,35,step_10,no_load,0.0
17.976943,1.103391,elbow_flex,0.0,-0.0898,0.0,-0.0879,1971,0,0,0,12.2,35,step_10,no_load,0.0
17.987567,1.114015,elbow_flex,0.0,-0.0898,0.0,-0.0879,1971,0,0,0,12.2,34,step_10,no_load,0.0
17.99806,1.124509,elbow_flex,0.0,-0.0898,0.0,-0.0879,1971,0,0,0,12.2,35,step_10,no_load,0.0
18.008689,1.135137,elbow_flex,0.0,-0.0898,0.0,-0.0879,1971,0,0,0,12.3,35,step_10,no_load,0.0
18.019751,1.1462,elbow_flex,0.0,-0.0898,0.0,-0.0879,1971,0,0,0,12.3,34,step_10,no_load,0.0
18.029942,1.156391,elbow_flex,0.0,-0.0898,0.0,-0.0879,1971,0,0,0,12.2,34,step_10,no_load,0.0
18.040458,1.166907,elbow_flex,0.0,-0.0898,0.0,-0.0879,1971,0,0,0,12.2,35,step_10,no_load,0.0
18.051084,1.177532,elbow_flex,0.0,-0.0898,0.0,-0.0879,1971,0,0,0,12.2,34,step_10,no_load,0.0
18.06216,1.188608,elbow_flex,0.0,-0.0898,0.0,-0.0879,1971,0,0,0,12.2,35,step_10,no_load,0.0
18.072807,1.199255,elbow_flex,0.0,-0.0898,0.0,-0.0879,1971,0,0,0,12.2,35,step_10,no_load,0.0
18.083527,2e-06,elbow_flex,10.0,-0.0898,9.791,-0.0879,1971,0,0,0,12.2,35,step_10,no_load,0.0
18.094125,0.0106,elbow_flex,10.0,-0.0898,9.791,-0.0879,1971,0,1044,0,12.2,35,step_10,no_load,0.0
18.104573,0.021048,elbow_flex,10.0,-0.0898,9.791,-0.0879,1971,0,1064,1,12.2,34,step_10,no_load,0.0
18.115221,0.031697,elbow_flex,10.0,-0.0898,9.791,-0.0879,1971,0,1136,4,12.2,35,step_10,no_load,0.0
18.125763,0.042238,elbow_flex,10.0,-0.0898,9.791,-0.0879,1971,0,1172,8,12.2,35,step_10,no_load,0.0
18.136214,0.05269,elbow_flex,10.0,0.0898,9.791,0.0879,1973,0,1248,13,12.1,35,step_10,no_load,16.821
18.147042,0.063518,elbow_flex,10.0,0.5386,9.791,0.5273,1978,200,1300,18,12.2,34,step_10,no_load,40.58
18.157587,0.074062,elbow_flex,10.0,0.9874,9.791,0.9668,1983,200,1360,24,12.2,35,step_10,no_load,41.679
18.168583,0.085059,elbow_flex,10.0,1.7056,9.791,1.6699,1991,550,1388,16,12.1,35,step_10,no_load,63.941
18.179593,0.096068,elbow_flex,10.0,2.5135,9.791,2.4609,2000,550,1372,16,12.2,35,step_10,no_load,71.844
18.190569,0.107045,elbow_flex,10.0,3.5009,9.791,3.4277,2011,800,1300,3,12.2,35,step_10,no_load,88.083
18.201587,0.118062,elbow_flex,10.0,4.3986,9.791,4.3066,2021,950,1280,2,12.2,35,step_10,no_load,79.769
18.212662,0.129137,elbow_flex,10.0,5.4758,9.791,5.3613,2033,950,1180,0,12.2,35,step_10,no_load,95.233
18.223286,0.139762,elbow_flex,10.0,6.553,9.791,6.416,2045,1100,1132,0,12.2,34,step_10,no_load,99.275
18.234339,0.150814,elbow_flex,10.0,7.1813,9.791,7.0313,2052,1100,1076,0,12.2,35,step_10,no_load,55.668
18.24498,0.161456,elbow_flex,10.0,7.6302,9.791,7.4707,2057,650,1060,0,12.2,35,step_10,no_load,41.293
18.255585,0.172061,elbow_flex,10.0,7.9892,9.791,7.8223,2061,650,1088,0,12.2,35,step_10,no_load,33.154
18.265686,0.182161,elbow_flex,10.0,8.2585,9.791,8.0859,2064,300,1076,0,12.2,35,step_10,no_load,26.096
18.276358,0.192833,elbow_flex,10.0,8.5278,9.791,8.3496,2067,300,1076,0,12.2,34,step_10,no_load,24.71
18.286984,0.203459,elbow_flex,10.0,8.7971,9.791,8.6133,2070,350,1064,0,12.2,35,step_10,no_load,24.816
18.297407,0.213883,elbow_flex,10.0,8.9767,9.791,8.7891,2072,350,1060,0,12.2,35,step_10,no_load,16.867
18.308017,0.224492,elbow_flex,10.0,9.0664,9.791,8.877,2073,150,1064,0,12.2,35,step_10,no_load,8.285
18.318937,0.235413,elbow_flex,10.0,9.0664,9.791,8.877,2073,150,1064,0,12.2,35,step_10,no_load,0.0
18.329396,0.245872,elbow_flex,10.0,9.1562,9.791,8.9648,2074,50,1068,0,12.2,35,step_10,no_load,8.395
18.339939,0.256414,elbow_flex,10.0,9.1562,9.791,8.9648,2074,50,1068,0,12.3,35,step_10,no_load,0.0
18.350522,0.266997,elbow_flex,10.0,9.0664,9.791,8.877,2073,50,1080,1,12.2,35,step_10,no_load,-8.296
18.360611,0.277086,elbow_flex,10.0,8.9767,9.791,8.7891,2072,-100,1084,0,12.2,35,step_10,no_load,-8.712
18.371147,0.287623,elbow_flex,10.0,8.9767,9.791,8.7891,2072,-100,1084,1,12.2,35,step_10,no_load,0.0
18.381563,0.298039,elbow_flex,10.0,9.0664,9.791,8.877,2073,50,1080,1,12.2,35,step_10,no_load,8.439
18.392196,0.308671,elbow_flex,10.0,9.1562,9.791,8.9648,2074,50,1064,0,12.2,35,step_10,no_load,8.257
18.402366,0.318842,elbow_flex,10.0,9.246,9.791,9.0527,2075,100,1060,0,12.2,35,step_10,no_load,8.643
18.412956,0.329431,elbow_flex,10.0,9.3357,9.791,9.1406,2076,100,1056,0,12.2,34,step_10,no_load,8.3
18.423681,0.340157,elbow_flex,10.0,9.4255,9.791,9.2285,2077,100,1048,0,12.2,35,step_10,no_load,8.196
18.434184,0.350659,elbow_flex,10.0,9.605,9.791,9.4043,2079,100,1044,0,12.2,35,step_10,no_load,16.738
18.444309,0.360785,elbow_flex,10.0,9.7846,9.791,9.5801,2081,150,20,0,12.2,35,step_10,no_load,17.363
18.454887,0.371363,elbow_flex,10.0,9.9641,9.791,9.7559,2083,150,32,0,12.2,35,step_10,no_load,16.619
18.465714,0.382189,elbow_flex,10.0,9.9641,9.791,9.7559,2083,150,32,0,12.3,35,step_10,no_load,0.0
18.475815,0.39229,elbow_flex,10.0,9.9641,9.791,9.7559,2083,150,0,0,12.2,35,step_10,no_load,0.0
18.486101,0.402576,elbow_flex,10.0,9.9641,9.791,9.7559,2083,0,0,0,12.3,35,step_10,no_load,0.0
18.496275,0.41275,elbow_flex,10.0,9.9641,9.791,9.7559,2083,0,0,0,12.2,34,step_10,no_load,0.0
18.506871,0.423347,elbow_flex,10.0,9.9641,9.791,9.7559,2083,0,0,0,12.2,34,step_10,no_load,0.0
18.517498,0.433973,elbow_flex,10.0,9.9641,9.791,9.7559,2083,0,0,0,12.2,35,step_10,no_load,0.0
18.528631,0.445107,elbow_flex,10.0,9.9641,9.791,9.7559,2083,0,0,0,12.2,35,step_10,no_load,0.0
18.539217,0.455692,elbow_flex,10.0,9.8743,9.791,9.668,2082,-50,0,0,12.3,34,step_10,no_load,-8.303
18.550106,0.466581,elbow_flex,10.0,9.7846,9.791,9.5801,2081,-50,1048,0,12.2,35,step_10,no_load,-8.072
18.560626,0.477101,elbow_flex,10.0,9.7846,9.791,9.5801,2081,-50,1048,0,12.2,34,step_10,no_load,0.0
18.570736,0.487211,elbow_flex,10.0,9.7846,9.791,9.5801,2081,-50,1048,0,12.2,35,step_10,no_load,0.0
18.581824,0.498299,elbow_flex,10.0,9.6948,9.791,9.4922,2080,-50,1048,0,12.2,35,step_10,no_load,-7.927
18.591928,0.508403,elbow_flex,10.0,9.6948,9.791,9.4922,2080,-50,1052,0,12.2,35,step_10,no_load,0.0
18.602511,0.518987,elbow_flex,10.0,9.6948,9.791,9.4922,2080,0,1052,0,12.3,35,step_10,no_load,0.0
18.612634,0.529109,elbow_flex,10.0,9.6948,9.791,9.4922,2080,0,1048,0,12.2,35,step_10,no_load,0.0
18.623218,0.539693,elbow_flex,10.0,9.7846,9.791,9.5801,2081,50,1044,0,12.2,34,step_10,no_load,8.305
18.63333,0.549805,elbow_flex,10.0,9.7846,9.791,9.5801,2081,50,0,0,12.2,34,step_10,no_load,0.0
18.643792,0.560267,elbow_flex,10.0,9.8743,9.791,9.668,2082,50,20,0,12.2,35,step_10,no_load,8.402
18.654648,0.571123,elbow_flex,10.0,9.9641,9.791,9.7559,2083,50,20,0,12.2,34,step_10,no_load,8.097
18.665084,0.581559,elbow_flex,10.0,9.9641,9.791,9.7559,2083,50,20,0,12.2,34,step_10,no_load,0.0
18.675194,0.591669,elbow_flex,10.0,9.9641,9.791,9.7559,2083,50,0,0,12.2,35,step_10,no_load,0.0
18.685824,0.602299,elbow_flex,10.0,9.9641,9.791,9.7559,2083,0,0,0,12.3,34,step_10,no_load,0.0
18.69602,0.612495,elbow_flex,10.0,9.9641,9.791,9.7559,2083,0,0,0,12.2,34,step_10,no_load,0.0
18.706645,0.62312,elbow_flex,10.0,9.9641,9.791,9.7559,2083,0,0,0,12.2,34,step_10,no_load,0.0
18.71772,0.634195,elbow_flex,10.0,9.9641,9.791,9.7559,2083,0,0,0,12.2,35,step_10,no_load,0.0
18.728331,0.644806,elbow_flex,10.0,9.9641,9.791,9.7559,2083,0,0,0,12.2,35,step_10,no_load,0.0
18.738916,0.655392,elbow_flex,10.0,9.9641,9.791,9.7559,2083,0,0,0,12.2,34,step_10,no_load,0.0
18.74953,0.666006,elbow_flex,10.0,9.8743,9.791,9.668,2082,0,0,0,12.2,35,step_10,no_load,-8.282
18.760062,0.676537,elbow_flex,10.0,9.8743,9.791,9.668,2082,-50,0,0,12.2,35,step_10,no_load,0.0
18.770674,0.687149,elbow_flex,10.0,9.8743,9.791,9.668,2082,-50,0,0,12.3,35,step_10,no_load,0.0
18.781563,0.698038,elbow_flex,10.0,9.8743,9.791,9.668,2082,0,0,0,12.2,35,step_10,no_load,0.0
18.791687,0.708162,elbow_flex,10.0,9.9641,9.791,9.7559,2083,0,0,0,12.2,35,step_10,no_load,8.682
18.802463,0.718938,elbow_flex,10.0,9.9641,9.791,9.7559,2083,50,0,0,12.2,35,step_10,no_load,0.0
18.813007,0.729482,elbow_flex,10.0,9.9641,9.791,9.7559,2083,50,0,0,12.2,35,step_10,no_load,0.0
18.823869,0.740345,elbow_flex,10.0,9.9641,9.791,9.7559,2083,0,0,0,12.2,35,step_10,no_load,0.0
18.834453,0.750929,elbow_flex,10.0,9.9641,9.791,9.7559,2083,0,0,0,12.2,35,step_10,no_load,0.0
18.844528,0.761003,elbow_flex,10.0,9.9641,9.791,9.7559,2083,0,0,0,12.2,35,step_10,no_load,0.0
18.855161,0.771636,elbow_flex,10.0,9.9641,9.791,9.7559,2083,0,0,0,12.2,34,step_10,no_load,0.0
18.865355,0.78183,elbow_flex,10.0,9.9641,9.791,9.7559,2083,0,0,0,12.2,35,step_10,no_load,0.0
18.875858,0.792333,elbow_flex,10.0,9.9641,9.791,9.7559,2083,0,0,0,12.2,34,step_10,no_load,0.0
18.885999,0.802474,elbow_flex,10.0,9.9641,9.791,9.7559,2083,0,0,0,12.2,35,step_10,no_load,0.0
18.896318,0.812794,elbow_flex,10.0,9.9641,9.791,9.7559,2083,0,0,0,12.2,34,step_10,no_load,0.0
18.907173,0.823648,elbow_flex,10.0,9.9641,9.791,9.7559,2083,0,0,0,12.2,35,step_10,no_load,0.0
18.917781,0.834257,elbow_flex,10.0,9.9641,9.791,9.7559,2083,0,0,0,12.3,35,step_10,no_load,0.0
18.928789,0.845264,elbow_flex,10.0,9.9641,9.791,9.7559,2083,0,0,0,12.2,35,step_10,no_load,0.0
18.939366,0.855841,elbow_flex,10.0,9.9641,9.791,9.7559,2083,0,0,0,12.2,35,step_10,no_load,0.0
18.949546,0.866022,elbow_flex,10.0,9.9641,9.791,9.7559,2083,0,0,0,12.2,35,step_10,no_load,0.0
18.960129,0.876604,elbow_flex,10.0,9.9641,9.791,9.7559,2083,0,0,0,12.2,35,step_10,no_load,0.0
18.970243,0.886718,elbow_flex,10.0,9.9641,9.791,9.7559,2083,0,0,0,12.2,34,step_10,no_load,0.0
18.980316,0.896791,elbow_flex,10.0,9.9641,9.791,9.7559,2083,0,0,0,12.3,35,step_10,no_load,0.0
18.990636,0.907111,elbow_flex,10.0,9.9641,9.791,9.7559,2083,0,0,0,12.2,35,step_10,no_load,0.0
19.001263,0.917738,elbow_flex,10.0,9.9641,9.791,9.7559,2083,0,0,0,12.2,34,step_10,no_load,0.0
19.011371,0.927846,elbow_flex,10.0,9.9641,9.791,9.7559,2083,0,0,0,12.2,35,step_10,no_load,0.0
19.021953,0.938428,elbow_flex,10.0,9.9641,9.791,9.7559,2083,0,0,0,12.2,35,step_10,no_load,0.0
19.032101,0.948576,elbow_flex,10.0,9.9641,9.791,9.7559,2083,0,0,0,12.2,35,step_10,no_load,0.0
19.042739,0.959214,elbow_flex,10.0,9.9641,9.791,9.7559,2083,0,0,0,12.2,35,step_10,no_load,0.0
19.053654,0.970129,elbow_flex,10.0,9.9641,9.791,9.7559,2083,0,0,0,12.2,35,step_10,no_load,0.0
19.063731,0.980206,elbow_flex,10.0,9.9641,9.791,9.7559,2083,0,0,0,12.2,35,step_10,no_load,0.0
19.074327,0.990803,elbow_flex,10.0,9.9641,9.791,9.7559,2083,0,0,0,12.2,35,step_10,no_load,0.0
19.08491,1.001385,elbow_flex,10.0,9.9641,9.791,9.7559,2083,0,0,0,12.2,35,step_10,no_load,0.0
19.095494,1.011969,elbow_flex,10.0,9.9641,9.791,9.7559,2083,0,0,0,12.3,35,step_10,no_load,0.0
19.106077,1.022552,elbow_flex,10.0,9.9641,9.791,9.7559,2083,0,0,0,12.2,34,step_10,no_load,0.0
19.117067,1.033542,elbow_flex,10.0,9.9641,9.791,9.7559,2083,0,0,0,12.2,34,step_10,no_load,0.0
19.127409,1.043885,elbow_flex,10.0,9.9641,9.791,9.7559,2083,0,0,0,12.2,35,step_10,no_load,0.0
19.137536,1.054012,elbow_flex,10.0,9.9641,9.791,9.7559,2083,0,0,0,12.2,35,step_10,no_load,0.0
19.148388,1.064863,elbow_flex,10.0,9.9641,9.791,9.7559,2083,0,0,0,12.3,35,step_10,no_load,0.0
19.158486,1.074962,elbow_flex,10.0,9.9641,9.791,9.7559,2083,0,0,0,12.2,35,step_10,no_load,0.0
19.169147,1.085622,elbow_flex,10.0,9.9641,9.791,9.7559,2083,0,0,0,12.2,34,step_10,no_load,0.0
19.180127,1.096602,elbow_flex,10.0,9.9641,9.791,9.7559,2083,0,0,0,12.2,35,step_10,no_load,0.0
19.191149,1.107624,elbow_flex,10.0,9.9641,9.791,9.7559,2083,0,0,0,12.2,35,step_10,no_load,0.0
19.202124,1.118599,elbow_flex,10.0,9.9641,9.791,9.7559,2083,0,0,0,12.2,35,step_10,no_load,0.0
19.213115,1.12959,elbow_flex,10.0,9.9641,9.791,9.7559,2083,0,0,0,12.2,35,step_10,no_load,0.0
19.223694,1.140169,elbow_flex,10.0,9.9641,9.791,9.7559,2083,0,0,0,12.3,35,step_10,no_load,0.0
19.233738,1.150213,elbow_flex,10.0,9.9641,9.791,9.7559,2083,0,0,0,12.2,35,step_10,no_load,0.0
19.244348,1.160824,elbow_flex,10.0,9.9641,9.791,9.7559,2083,0,0,0,12.2,35,step_10,no_load,0.0
19.254436,1.170912,elbow_flex,10.0,9.9641,9.791,9.7559,2083,0,0,0,12.2,35,step_10,no_load,0.0
19.265038,1.181513,elbow_flex,10.0,9.9641,9.791,9.7559,2083,0,0,0,12.2,35,step_10,no_load,0.0
19.275157,1.191633,elbow_flex,10.0,9.9641,9.791,9.7559,2083,0,0,0,12.2,35,step_10,no_load,0.0
19.28629,1e-06,elbow_flex,0.0,9.9641,0.0,9.7559,2083,0,0,0,12.3,35,step_10,no_load,0.0
19.296471,0.010183,elbow_flex,0.0,9.9641,0.0,9.7559,2083,0,20,0,12.2,35,step_10,no_load,0.0
19.307096,0.020807,elbow_flex,0.0,9.9641,0.0,9.7559,2083,0,52,1,12.2,35,step_10,no_load,0.0
19.317296,0.031007,elbow_flex,0.0,9.9641,0.0,9.7559,2083,0,80,2,12.2,35,step_10,no_load,0.0
19.327905,0.041616,elbow_flex,0.0,9.9641,0.0,9.7559,2083,0,156,7,12.2,33,step_10,no_load,0.0
19.338937,0.052649,elbow_flex,0.0,9.6948,0.0,9.4922,2080,-50,204,9,12.2,35,step_10,no_load,-23.903
19.349532,0.063244,elbow_flex,0.0,9.4255,0.0,9.2285,2077,-50,280,18,12.2,35,step_10,no_load,-24.889
19.359657,0.073369,elbow_flex,0.0,8.9767,0.0,8.7891,2072,-350,320,18,12.1,35,step_10,no_load,-43.398
19.37024,0.083951,elbow_flex,0.0,8.1688,0.0,7.998,2063,-350,360,21,12.2,34,step_10,no_load,-74.752
19.380309,0.09402,elbow_flex,0.0,7.4506,0.0,7.2949,2055,-750,368,8,12.2,35,step_10,no_load,-69.828
19.39086,0.104572,elbow_flex,0.0,6.4632,0.0,6.3281,2044,-750,308,7,12.2,35,step_10,no_load,-91.631
19.401436,0.115148,elbow_flex,0.0,5.5655,0.0,5.4492,2034,-900,240,0,12.2,35,step_10,no_load,-83.103
19.412015,0.125727,elbow_flex,0.0,4.6679,0.0,4.5703,2024,-900,192,0,12.2,35,step_10,no_load,-83.08
19.422716,0.136427,elbow_flex,0.0,3.5907,0.0,3.5156,2012,-1000,84,0,12.2,34,step_10,no_load,-98.561
19.433352,0.147063,elbow_flex,0.0,2.7828,0.0,2.7246,2003,-950,48,0,12.2,35,step_10,no_load,-74.37
19.444239,0.157951,elbow_flex,0.0,2.3339,0.0,2.2852,1998,-950,64,0,12.2,35,step_10,no_load,-40.36
19.454864,0.168576,elbow_flex,0.0,1.9749,0.0,1.9336,1994,-400,48,0,12.2,35,step_10,no_load,-33.092
19.465949,0.179661,elbow_flex,0.0,1.526,0.0,1.4941,1989,-400,48,0,12.2,34,step_10,no_load,-39.648
19.476547,0.190258,elbow_flex,0.0,1.2567,0.0,1.2305,1986,-400,36,0,12.2,35,step_10,no_load,-24.873
19.48761,0.201322,elbow_flex,0.0,0.9874,0.0,0.9668,1983,-400,28,0,12.2,35,step_10,no_load,-23.836
19.498496,0.212208,elbow_flex,0.0,0.8977,0.0,0.8789,1982,-250,20,0,12.2,35,step_10,no_load,-8.075
19.509634,0.223346,elbow_flex,0.0,0.8079,0.0,0.791,1981,-250,28,0,12.2,35,step_10,no_load,-7.892
19.52053,0.234242,elbow_flex,0.0,0.7181,0.0,0.7031,1980,-100,40,0,12.2,35,step_10,no_load,-8.067
19.531709,0.245421,elbow_flex,0.0,0.9874,0.0,0.9668,1983,-100,52,0,12.2,35,step_10,no_load,23.589
19.54231,0.256022,elbow_flex,0.0,0.9874,0.0,0.9668,1983,150,68,1,12.2,35,step_10,no_load,0.0
19.552395,0.266107,elbow_flex,0.0,0.9874,0.0,0.9668,1983,0,68,1,12.2,35,step_10,no_load,0.0
19.56294,0.276652,elbow_flex,0.0,0.8977,0.0,0.8789,1982,0,52,0,12.2,35,step_10,no_load,-8.336
19.573911,0.287622,elbow_flex,0.0,0.8079,0.0,0.791,1981,-100,48,0,12.2,35,step_10,no_load,-8.012
19.584496,0.298207,elbow_flex,0.0,0.7181,0.0,0.7031,1980,-100,32,0,12.2,35,step_10,no_load,-8.304
19.595573,0.309285,elbow_flex,0.0,0.5386,0.0,0.5273,1978,-100,24,0,12.2,35,step_10,no_load,-15.871
19.606196,0.319908,elbow_flex,0.0,0.1795,0.0,0.1758,1974,-100,1052,0,12.2,34,step_10,no_load,-33.089
19.616299,0.330011,elbow_flex,0.0,0.0,0.0,0.0,1972,-300,1056,0,12.2,35,step_10,no_load,-17.401
19.626885,0.340596,elbow_flex,0.0,-0.0898,0.0,-0.0879,1971,-300,1052,0,12.2,34,step_10,no_load,-8.303
19.636992,0.350704,elbow_flex,0.0,-0.0898,0.0,-0.0879,1971,-100,1052,0,12.3,35,step_10,no_load,0.0
19.648277,0.361989,elbow_flex,0.0,-0.0898,0.0,-0.0879,1971,-100,0,0,12.3,35,step_10,no_load,0.0
19.658386,0.372097,elbow_flex,0.0,-0.1795,0.0,-0.1758,1970,-50,1044,0,12.2,34,step_10,no_load,-8.695
19.669024,0.382736,elbow_flex,0.0,-0.1795,0.0,-0.1758,1970,-50,1048,0,12.3,35,step_10,no_load,0.0
19.679576,0.393288,elbow_flex,0.0,-0.1795,0.0,-0.1758,1970,0,1044,0,12.2,35,step_10,no_load,0.0
19.690207,0.403918,elbow_flex,0.0,-0.0898,0.0,-0.0879,1971,0,0,0,12.2,35,step_10,no_load,8.268
19.700308,0.41402,elbow_flex,0.0,0.0,0.0,0.0,1972,50,20,0,12.2,34,step_10,no_load,8.702
19.710897,0.424609,elbow_flex,0.0,0.0,0.0,0.0,1972,50,20,0,12.3,35,step_10,no_load,0.0
19.721019,0.434731,elbow_flex,0.0,0.0,0.0,0.0,1972,50,0,0,12.2,35,step_10,no_load,0.0
19.731425,0.445136,elbow_flex,0.0,0.0,0.0,0.0,1972,0,0,0,12.2,34,step_10,no_load,0.0
19.742456,0.456167,elbow_flex,0.0,0.0,0.0,0.0,1972,0,0,0,12.2,35,step_10,no_load,0.0
19.753057,0.466768,elbow_flex,0.0,0.0,0.0,0.0,1972,0,0,0,12.2,35,step_10,no_load,0.0
19.763793,0.477504,elbow_flex,0.0,-0.0898,0.0,-0.0879,1971,0,0,0,12.3,35,step_10,no_load,-8.187
19.774474,0.488186,elbow_flex,0.0,-0.0898,0.0,-0.0879,1971,-50,0,0,12.2,35,step_10,no_load,0.0
19.784622,0.498333,elbow_flex,0.0,-0.0898,0.0,-0.0879,1971,-50,0,0,12.2,35,step_10,no_load,0.0
19.795246,0.508957,elbow_flex,0.0,-0.0898,0.0,-0.0879,1971,0,0,0,12.2,34,step_10,no_load,0.0
19.806023,0.519735,elbow_flex,0.0,-0.0898,0.0,-0.0879,1971,0,0,0,12.2,35,step_10,no_load,0.0
19.816615,0.530326,elbow_flex,0.0,-0.0898,0.0,-0.0879,1971,0,0,0,12.2,35,step_10,no_load,0.0
19.827687,0.541399,elbow_flex,0.0,-0.0898,0.0,-0.0879,1971,0,0,0,12.2,34,step_10,no_load,0.0
19.837967,0.551679,elbow_flex,0.0,-0.0898,0.0,-0.0879,1971,0,0,0,12.2,35,step_10,no_load,0.0
19.848531,0.562243,elbow_flex,0.0,-0.0898,0.0,-0.0879,1971,0,0,0,12.3,35,step_10,no_load,0.0
19.859383,0.573095,elbow_flex,0.0,-0.0898,0.0,-0.0879,1971,0,0,0,12.2,34,step_10,no_load,0.0
19.86997,0.583681,elbow_flex,0.0,-0.0898,0.0,-0.0879,1971,0,0,0,12.3,35,step_10,no_load,0.0
19.88042,0.594131,elbow_flex,0.0,-0.0898,0.0,-0.0879,1971,0,0,0,12.2,35,step_10,no_load,0.0
19.89145,0.605162,elbow_flex,0.0,-0.0898,0.0,-0.0879,1971,0,0,0,12.3,35,step_10,no_load,0.0
19.901537,0.615249,elbow_flex,0.0,-0.0898,0.0,-0.0879,1971,0,0,0,12.2,35,step_10,no_load,0.0
19.911655,0.625366,elbow_flex,0.0,-0.0898,0.0,-0.0879,1971,0,0,0,12.2,35,step_10,no_load,0.0
19.922565,0.636277,elbow_flex,0.0,-0.0898,0.0,-0.0879,1971,0,0,0,12.2,35,step_10,no_load,0.0
19.933209,0.64692,elbow_flex,0.0,-0.0898,0.0,-0.0879,1971,0,0,0,12.2,35,step_10,no_load,0.0
19.943335,0.657047,elbow_flex,0.0,-0.0898,0.0,-0.0879,1971,0,0,0,12.2,34,step_10,no_load,0.0
19.954169,0.667881,elbow_flex,0.0,-0.0898,0.0,-0.0879,1971,0,0,0,12.2,35,step_10,no_load,0.0
19.965271,0.678982,elbow_flex,0.0,-0.0898,0.0,-0.0879,1971,0,0,0,12.2,35,step_10,no_load,0.0
19.975851,0.689563,elbow_flex,0.0,-0.0898,0.0,-0.0879,1971,0,0,0,12.2,35,step_10,no_load,0.0
19.985966,0.699678,elbow_flex,0.0,-0.0898,0.0,-0.0879,1971,0,0,0,12.2,34,step_10,no_load,0.0
19.996086,0.709798,elbow_flex,0.0,-0.0898,0.0,-0.0879,1971,0,0,0,12.2,35,step_10,no_load,0.0
20.006688,0.7204,elbow_flex,0.0,-0.0898,0.0,-0.0879,1971,0,0,0,12.2,35,step_10,no_load,0.0
20.017345,0.731057,elbow_flex,0.0,-0.0898,0.0,-0.0879,1971,0,0,0,12.2,35,step_10,no_load,0.0
20.027923,0.741634,elbow_flex,0.0,-0.0898,0.0,-0.0879,1971,0,0,0,12.2,35,step_10,no_load,0.0
20.038157,0.751869,elbow_flex,0.0,-0.0898,0.0,-0.0879,1971,0,0,0,12.2,34,step_10,no_load,0.0
20.049208,0.76292,elbow_flex,0.0,-0.0898,0.0,-0.0879,1971,0,0,0,12.2,35,step_10,no_load,0.0
20.059384,0.773096,elbow_flex,0.0,-0.0898,0.0,-0.0879,1971,0,0,0,12.3,35,step_10,no_load,0.0
20.069959,0.783671,elbow_flex,0.0,-0.0898,0.0,-0.0879,1971,0,0,0,12.2,35,step_10,no_load,0.0
20.081016,0.794728,elbow_flex,0.0,-0.0898,0.0,-0.0879,1971,0,0,0,12.2,34,step_10,no_load,0.0
20.0916,0.805311,elbow_flex,0.0,-0.0898,0.0,-0.0879,1971,0,0,0,12.2,34,step_10,no_load,0.0
20.102316,0.816028,elbow_flex,0.0,-0.0898,0.0,-0.0879,1971,0,0,0,12.2,35,step_10,no_load,0.0
20.112701,0.826412,elbow_flex,0.0,-0.0898,0.0,-0.0879,1971,0,0,0,12.2,35,step_10,no_load,0.0
20.123004,0.836716,elbow_flex,0.0,-0.0898,0.0,-0.0879,1971,0,0,0,12.2,35,step_10,no_load,0.0
20.133593,0.847304,elbow_flex,0.0,-0.0898,0.0,-0.0879,1971,0,0,0,12.2,35,step_10,no_load,0.0
20.144709,0.858421,elbow_flex,0.0,-0.0898,0.0,-0.0879,1971,0,0,0,12.2,35,step_10,no_load,0.0
20.155362,0.869074,elbow_flex,0.0,-0.0898,0.0,-0.0879,1971,0,0,0,12.2,35,step_10,no_load,0.0
20.165466,0.879178,elbow_flex,0.0,-0.0898,0.0,-0.0879,1971,0,0,0,12.2,35,step_10,no_load,0.0
20.176159,0.889871,elbow_flex,0.0,-0.0898,0.0,-0.0879,1971,0,0,0,12.2,35,step_10,no_load,0.0
20.187091,0.900802,elbow_flex,0.0,-0.0898,0.0,-0.0879,1971,0,0,0,12.2,35,step_10,no_load,0.0
20.198165,0.911877,elbow_flex,0.0,-0.0898,0.0,-0.0879,1971,0,0,0,12.2,35,step_10,no_load,0.0
20.209179,0.92289,elbow_flex,0.0,-0.0898,0.0,-0.0879,1971,0,0,0,12.2,35,step_10,no_load,0.0
20.220514,0.934226,elbow_flex,0.0,-0.0898,0.0,-0.0879,1971,0,0,0,12.2,35,step_10,no_load,0.0
20.231694,0.945406,elbow_flex,0.0,-0.0898,0.0,-0.0879,1971,0,0,0,12.2,35,step_10,no_load,0.0
20.242268,0.955979,elbow_flex,0.0,-0.0898,0.0,-0.0879,1971,0,0,0,12.2,35,step_10,no_load,0.0
20.252886,0.966598,elbow_flex,0.0,-0.0898,0.0,-0.0879,1971,0,0,0,12.2,35,step_10,no_load,0.0
20.262952,0.976663,elbow_flex,0.0,-0.0898,0.0,-0.0879,1971,0,0,0,12.2,35,step_10,no_load,0.0
20.273997,0.987709,elbow_flex,0.0,-0.0898,0.0,-0.0879,1971,0,0,0,12.2,35,step_10,no_load,0.0
20.284623,0.998335,elbow_flex,0.0,-0.0898,0.0,-0.0879,1971,0,0,0,12.2,34,step_10,no_load,0.0
20.295163,1.008874,elbow_flex,0.0,-0.0898,0.0,-0.0879,1971,0,0,0,12.2,35,step_10,no_load,0.0
20.305799,1.01951,elbow_flex,0.0,-0.0898,0.0,-0.0879,1971,0,0,0,12.2,35,step_10,no_load,0.0
20.315905,1.029617,elbow_flex,0.0,-0.0898,0.0,-0.0879,1971,0,0,0,12.3,34,step_10,no_load,0.0
20.326486,1.040197,elbow_flex,0.0,-0.0898,0.0,-0.0879,1971,0,0,0,12.2,34,step_10,no_load,0.0
20.33767,1.051382,elbow_flex,0.0,-0.0898,0.0,-0.0879,1971,0,0,0,12.3,35,step_10,no_load,0.0
20.348116,1.061828,elbow_flex,0.0,-0.0898,0.0,-0.0879,1971,0,0,0,12.2,35,step_10,no_load,0.0
20.359248,1.072959,elbow_flex,0.0,-0.0898,0.0,-0.0879,1971,0,0,0,12.2,35,step_10,no_load,0.0
20.369885,1.083597,elbow_flex,0.0,-0.0898,0.0,-0.0879,1971,0,0,0,12.2,34,step_10,no_load,0.0
20.380935,1.094646,elbow_flex,0.0,-0.0898,0.0,-0.0879,1971,0,0,0,12.2,34,step_10,no_load,0.0
20.391581,1.105292,elbow_flex,0.0,-0.0898,0.0,-0.0879,1971,0,0,0,12.2,34,step_10,no_load,0.0
20.401656,1.115368,elbow_flex,0.0,-0.0898,0.0,-0.0879,1971,0,0,0,12.3,35,step_10,no_load,0.0
20.412283,1.125995,elbow_flex,0.0,-0.0898,0.0,-0.0879,1971,0,0,0,12.2,35,step_10,no_load,0.0
20.42263,1.136341,elbow_flex,0.0,-0.0898,0.0,-0.0879,1971,0,0,0,12.2,35,step_10,no_load,0.0
20.433204,1.146916,elbow_flex,0.0,-0.0898,0.0,-0.0879,1971,0,0,0,12.2,34,step_10,no_load,0.0
20.444292,1.158004,elbow_flex,0.0,-0.0898,0.0,-0.0879,1971,0,0,0,12.2,35,step_10,no_load,0.0
20.455162,1.168873,elbow_flex,0.0,-0.0898,0.0,-0.0879,1971,0,0,0,12.2,35,step_10,no_load,0.0
20.465324,1.179035,elbow_flex,0.0,-0.0898,0.0,-0.0879,1971,0,0,0,12.2,35,step_10,no_load,0.0
20.476444,1.190155,elbow_flex,0.0,-0.0898,0.0,-0.0879,1971,0,0,0,12.2,35,step_10,no_load,0.0
20.487524,1e-06,elbow_flex,10.0,-0.0898,9.791,-0.0879,1971,0,0,0,12.2,35,step_10,no_load,0.0
20.498249,0.010726,elbow_flex,10.0,-0.0898,9.791,-0.0879,1971,0,1044,0,12.2,34,step_10,no_load,0.0
20.509352,0.021829,elbow_flex,10.0,-0.0898,9.791,-0.0879,1971,0,1064,0,12.2,35,step_10,no_load,0.0
20.519983,0.03246,elbow_flex,10.0,-0.0898,9.791,-0.0879,1971,0,1132,4,12.2,72,step_10,no_load,0.0
20.531289,0.043766,elbow_flex,10.0,0.0,9.791,0.0,1972,0,1176,6,12.2,35,step_10,no_load,7.775
20.541469,0.053946,elbow_flex,10.0,0.1795,9.791,0.1758,1974,0,1256,13,12.1,35,step_10,no_load,17.269
20.551844,0.064322,elbow_flex,10.0,0.5386,9.791,0.5273,1978,200,1308,19,12.2,35,step_10,no_load,33.88
20.562371,0.074848,elbow_flex,10.0,0.9874,9.791,0.9668,1983,200,1364,22,12.2,34,step_10,no_load,41.75
20.572993,0.08547,elbow_flex,10.0,1.7056,9.791,1.6699,1991,550,1360,16,12.1,35,step_10,no_load,66.193
20.58314,0.095617,elbow_flex,10.0,2.5135,9.791,2.4609,2000,550,1372,16,12.2,35,step_10,no_load,77.954
20.593738,0.106215,elbow_flex,10.0,3.4111,9.791,3.3398,2010,800,1300,4,12.2,34,step_10,no_load,82.931
20.604368,0.116845,elbow_flex,10.0,4.3088,9.791,4.2188,2020,800,1284,3,12.2,35,step_10,no_load,82.69
20.615064,0.127541,elbow_flex,10.0,5.2962,9.791,5.1855,2031,950,1192,0,12.2,35,step_10,no_load,90.38
20.625712,0.138189,elbow_flex,10.0,6.3734,9.791,6.2402,2043,1100,1144,0,12.2,35,step_10,no_load,99.051
20.635885,0.148362,elbow_flex,10.0,7.0916,9.791,6.9434,2051,1100,1076,0,12.2,34,step_10,no_load,69.124
20.646097,0.158574,elbow_flex,10.0,7.5404,9.791,7.3828,2056,650,1060,0,12.2,35,step_10,no_load,43.028
20.656466,0.168943,elbow_flex,10.0,7.8995,9.791,7.7344,2060,650,1092,0,12.2,35,step_10,no_load,33.909
20.667044,0.179521,elbow_flex,10.0,8.1688,9.791,7.998,2063,300,1080,0,12.2,35,step_10,no_load,24.92
20.678125,0.190602,elbow_flex,10.0,8.5278,9.791,8.3496,2067,300,1076,0,12.3,34,step_10,no_load,31.73
20.688655,0.201132,elbow_flex,10.0,8.7074,9.791,8.5254,2069,350,1064,0,12.2,35,step_10,no_load,16.695
20.698766,0.211243,elbow_flex,10.0,8.8869,9.791,8.7012,2071,350,1064,0,12.2,35,step_10,no_load,17.387
20.709358,0.221835,elbow_flex,10.0,9.0664,9.791,8.877,2073,150,1056,0,12.2,35,step_10,no_load,16.597
20.719429,0.231906,elbow_flex,10.0,9.0664,9.791,8.877,2073,150,1064,0,12.3,35,step_10,no_load,0.0
20.729493,0.24197,elbow_flex,10.0,9.0664,9.791,8.877,2073,50,1064,0,12.2,35,step_10,no_load,0.0
20.740162,0.252639,elbow_flex,10.0,9.1562,9.791,8.9648,2074,50,1072,0,12.2,35,step_10,no_load,8.229
20.750745,0.263222,elbow_flex,10.0,9.0664,9.791,8.877,2073,50,1076,0,12.2,35,step_10,no_load,-8.296
20.761296,0.273773,elbow_flex,10.0,8.9767,9.791,8.7891,2072,50,1080,0,12.2,35,step_10,no_load,-8.331
20.77192,0.284397,elbow_flex,10.0,8.9767,9.791,8.7891,2072,-100,1084,0,12.2,35,step_10,no_load,0.0
20.782783,0.29526,elbow_flex,10.0,8.9767,9.791,8.7891,2072,-100,1080,0,12.2,35,step_10,no_load,0.0
20.793359,0.305836,elbow_flex,10.0,9.1562,9.791,8.9648,2074,50,1068,0,12.2,34,step_10,no_load,16.613
20.803475,0.315952,elbow_flex,10.0,9.246,9.791,9.0527,2075,50,1064,0,12.2,34,step_10,no_load,8.689
20.814788,0.327265,elbow_flex,10.0,9.3357,9.791,9.1406,2076,100,1052,0,12.2,35,step_10,no_load,7.77
20.824902,0.337379,elbow_flex,10.0,9.4255,9.791,9.2285,2077,100,1048,0,12.2,34,step_10,no_load,8.691
20.835507,0.347984,elbow_flex,10.0,9.605,9.791,9.4043,2079,100,1044,0,12.2,35,step_10,no_load,16.577
20.845788,0.358265,elbow_flex,10.0,9.7846,9.791,9.5801,2081,150,20,0,12.2,35,step_10,no_load,17.1
20.856417,0.368894,elbow_flex,10.0,9.8743,9.791,9.668,2082,150,32,0,12.2,34,step_10,no_load,8.27
20.866515,0.378992,elbow_flex,10.0,9.9641,9.791,9.7559,2083,150,32,0,12.2,35,step_10,no_load,8.705
20.877094,0.389571,elbow_flex,10.0,9.9641,9.791,9.7559,2083,150,0,0,12.2,35,step_10,no_load,0.0
20.887698,0.400175,elbow_flex,10.0,10.0539,9.791,9.8438,2084,0,0,0,12.2,35,step_10,no_load,8.289
20.8978,0.410277,elbow_flex,10.0,10.0539,9.791,9.8438,2084,0,0,0,12.2,35,step_10,no_load,0.0
20.908483,0.42096,elbow_flex,10.0,10.0539,9.791,9.8438,2084,50,0,0,12.2,35,step_10,no_load,0.0
20.918983,0.43146,elbow_flex,10.0,9.9641,9.791,9.7559,2083,50,0,0,12.2,34,step_10,no_load,-8.371
20.929265,0.441742,elbow_flex,10.0,9.9641,9.791,9.7559,2083,-50,0,0,12.2,35,step_10,no_load,0.0
20.939644,0.452121,elbow_flex,10.0,9.8743,9.791,9.668,2082,-50,0,0,12.3,35,step_10,no_load,-8.469
20.950281,0.462758,elbow_flex,10.0,9.7846,9.791,9.5801,2081,-50,1048,0,12.2,35,step_10,no_load,-8.264
20.961495,0.473972,elbow_flex,10.0,9.7846,9.791,9.5801,2081,-50,1048,0,12.2,34,step_10,no_load,0.0
20.972061,0.484538,elbow_flex,10.0,9.7846,9.791,9.5801,2081,-50,1044,0,12.2,35,step_10,no_load,0.0
20.98271,0.495187,elbow_flex,10.0,9.6948,9.791,9.4922,2080,-50,1048,0,12.2,35,step_10,no_load,-8.254
20.99329,0.505767,elbow_flex,10.0,9.6948,9.791,9.4922,2080,-50,1052,0,12.2,34,step_10,no_load,0.0
21.003451,0.515928,elbow_flex,10.0,9.6948,9.791,9.4922,2080,0,1052,0,12.2,35,step_10,no_load,0.0
21.014722,0.527199,elbow_flex,10.0,9.6948,9.791,9.4922,2080,0,1048,0,12.2,35,step_10,no_load,0.0
21.024849,0.537326,elbow_flex,10.0,9.7846,9.791,9.5801,2081,50,1044,0,12.2,34,step_10,no_load,8.68
21.035412,0.547889,elbow_flex,10.0,9.7846,9.791,9.5801,2081,50,0,0,12.2,35,step_10,no_load,0.0
21.045492,0.557969,elbow_flex,10.0,9.8743,9.791,9.668,2082,50,20,0,12.2,34,step_10,no_load,8.72
21.056085,0.568562,elbow_flex,10.0,9.9641,9.791,9.7559,2083,50,20,0,12.2,35,step_10,no_load,8.298
21.066203,0.57868,elbow_flex,10.0,9.9641,9.791,9.7559,2083,50,20,0,12.2,35,step_10,no_load,0.0
21.076788,0.589265,elbow_flex,10.0,9.9641,9.791,9.7559,2083,50,0,0,12.2,35,step_10,no_load,0.0
21.086995,0.599472,elbow_flex,10.0,9.9641,9.791,9.7559,2083,0,0,0,12.2,35,step_10,no_load,0.0
21.098067,0.610544,elbow_flex,10.0,9.9641,9.791,9.7559,2083,0,0,0,12.2,34,step_10,no_load,0.0
21.108178,0.620655,elbow_flex,10.0,9.9641,9.791,9.7559,2083,0,0,0,12.2,35,step_10,no_load,0.0
21.118806,0.631283,elbow_flex,10.0,9.9641,9.791,9.7559,2083,0,0,0,12.3,34,step_10,no_load,0.0
21.12949,0.641967,elbow_flex,10.0,9.9641,9.791,9.7559,2083,0,0,0,12.2,35,step_10,no_load,0.0
21.140424,0.652901,elbow_flex,10.0,9.9641,9.791,9.7559,2083,0,0,0,12.2,34,step_10,no_load,0.0
21.150872,0.663349,elbow_flex,10.0,9.9641,9.791,9.7559,2083,0,0,0,12.2,35,step_10,no_load,0.0
21.1614,0.673877,elbow_flex,10.0,9.9641,9.791,9.7559,2083,0,0,0,12.3,35,step_10,no_load,0.0
21.171521,0.683998,elbow_flex,10.0,9.9641,9.791,9.7559,2083,0,0,0,12.2,35,step_10,no_load,0.0
21.18228,0.694757,elbow_flex,10.0,9.9641,9.791,9.7559,2083,0,0,0,12.2,35,step_10,no_load,0.0
21.193223,0.7057,elbow_flex,10.0,9.9641,9.791,9.7559,2083,0,0,0,12.2,35,step_10,no_load,0.0
21.204223,0.7167,elbow_flex,10.0,9.9641,9.791,9.7559,2083,0,0,0,12.2,34,step_10,no_load,0.0
21.215298,0.727775,elbow_flex,10.0,9.9641,9.791,9.7559,2083,0,0,0,12.2,35,step_10,no_load,0.0
21.226266,0.738743,elbow_flex,10.0,9.9641,9.791,9.7559,2083,0,0,0,12.2,35,step_10,no_load,0.0
21.236387,0.748864,elbow_flex,10.0,9.9641,9.791,9.7559,2083,0,0,0,12.2,34,step_10,no_load,0.0
21.247394,0.759871,elbow_flex,10.0,9.9641,9.791,9.7559,2083,0,0,0,12.2,35,step_10,no_load,0.0
21.25841,0.770887,elbow_flex,10.0,9.9641,9.791,9.7559,2083,0,0,0,12.2,34,step_10,no_load,0.0
21.268993,0.78147,elbow_flex,10.0,9.9641,9.791,9.7559,2083,0,0,0,12.2,34,step_10,no_load,0.0
21.279851,0.792328,elbow_flex,10.0,9.9641,9.791,9.7559,2083,0,0,0,12.2,34,step_10,no_load,0.0
21.290499,0.802976,elbow_flex,10.0,9.9641,9.791,9.7559,2083,0,0,0,12.2,35,step_10,no_load,0.0
21.3011,0.813577,elbow_flex,10.0,9.9641,9.791,9.7559,2083,0,0,0,12.2,34,step_10,no_load,0.0
21.311724,0.824201,elbow_flex,10.0,9.9641,9.791,9.7559,2083,0,0,0,12.2,35,step_10,no_load,0.0
21.32245,0.834927,elbow_flex,10.0,9.9641,9.791,9.7559,2083,0,0,0,12.2,34,step_10,no_load,0.0
21.333076,0.845553,elbow_flex,10.0,9.9641,9.791,9.7559,2083,0,0,0,12.2,35,step_10,no_load,0.0
21.344104,0.856581,elbow_flex,10.0,9.9641,9.791,9.7559,2083,0,0,0,12.2,35,step_10,no_load,0.0
21.354683,0.86716,elbow_flex,10.0,9.9641,9.791,9.7559,2083,0,0,0,12.2,35,step_10,no_load,0.0
21.364849,0.877326,elbow_flex,10.0,9.9641,9.791,9.7559,2083,0,0,0,12.2,35,step_10,no_load,0.0
21.375467,0.887944,elbow_flex,10.0,9.9641,9.791,9.7559,2083,0,0,0,12.2,35,step_10,no_load,0.0
21.385694,0.898171,elbow_flex,10.0,9.9641,9.791,9.7559,2083,0,0,0,12.2,35,step_10,no_load,0.0
21.395927,0.908404,elbow_flex,10.0,9.9641,9.791,9.7559,2083,0,0,0,12.2,35,step_10,no_load,0.0
21.406799,0.919276,elbow_flex,10.0,9.9641,9.791,9.7559,2083,0,0,0,12.3,35,step_10,no_load,0.0
21.417386,0.929863,elbow_flex,10.0,9.9641,9.791,9.7559,2083,0,0,0,12.3,34,step_10,no_load,0.0
21.428431,0.940908,elbow_flex,10.0,9.9641,9.791,9.7559,2083,0,0,0,12.2,34,step_10,no_load,0.0
21.439089,0.951566,elbow_flex,10.0,9.9641,9.791,9.7559,2083,0,0,0,12.2,34,step_10,no_load,0.0
21.449188,0.961665,elbow_flex,10.0,9.9641,9.791,9.7559,2083,0,0,0,12.2,34,step_10,no_load,0.0
21.459828,0.972305,elbow_flex,10.0,9.9641,9.791,9.7559,2083,0,0,0,12.2,35,step_10,no_load,0.0
21.470076,0.982553,elbow_flex,10.0,9.9641,9.791,9.7559,2083,0,0,0,12.2,34,step_10,no_load,0.0
21.480691,0.993168,elbow_flex,10.0,9.9641,9.791,9.7559,2083,0,0,0,12.2,35,step_10,no_load,0.0
21.490759,1.003236,elbow_flex,10.0,9.9641,9.791,9.7559,2083,0,0,0,12.2,35,step_10,no_load,0.0
21.501393,1.01387,elbow_flex,10.0,9.9641,9.791,9.7559,2083,0,0,0,12.2,35,step_10,no_load,0.0
21.511491,1.023968,elbow_flex,10.0,9.9641,9.791,9.7559,2083,0,0,0,12.2,35,step_10,no_load,0.0
21.522092,1.034569,elbow_flex,10.0,9.9641,9.791,9.7559,2083,0,0,0,12.3,34,step_10,no_load,0.0
21.532623,1.0451,elbow_flex,10.0,9.9641,9.791,9.7559,2083,0,0,0,12.2,35,step_10,no_load,0.0
21.5432,1.055677,elbow_flex,10.0,9.9641,9.791,9.7559,2083,0,0,0,12.2,35,step_10,no_load,0.0
21.55427,1.066747,elbow_flex,10.0,9.9641,9.791,9.7559,2083,0,0,0,12.2,35,step_10,no_load,0.0
21.564635,1.077112,elbow_flex,10.0,9.9641,9.791,9.7559,2083,0,0,0,12.2,35,step_10,no_load,0.0
21.574744,1.087221,elbow_flex,10.0,9.9641,9.791,9.7559,2083,0,0,0,12.2,35,step_10,no_load,0.0
21.585358,1.097835,elbow_flex,10.0,9.9641,9.791,9.7559,2083,0,0,0,12.2,35,step_10,no_load,0.0
21.595438,1.107915,elbow_flex,10.0,9.9641,9.791,9.7559,2083,0,0,0,12.2,34,step_10,no_load,0.0
21.606017,1.118494,elbow_flex,10.0,9.9641,9.791,9.7559,2083,0,0,0,12.2,35,step_10,no_load,0.0
21.616172,1.128649,elbow_flex,10.0,9.9641,9.791,9.7559,2083,0,0,0,12.2,35,step_10,no_load,0.0
21.626756,1.139233,elbow_flex,10.0,9.9641,9.791,9.7559,2083,0,0,0,12.3,35,step_10,no_load,0.0
21.637552,1.150029,elbow_flex,10.0,9.9641,9.791,9.7559,2083,0,0,0,12.2,35,step_10,no_load,0.0
21.647668,1.160145,elbow_flex,10.0,9.9641,9.791,9.7559,2083,0,0,0,12.2,34,step_10,no_load,0.0
21.65875,1.171227,elbow_flex,10.0,9.9641,9.791,9.7559,2083,0,0,0,12.3,35,step_10,no_load,0.0
21.669378,1.181855,elbow_flex,10.0,9.9641,9.791,9.7559,2083,0,0,0,12.2,35,step_10,no_load,0.0
21.680132,1.192609,elbow_flex,10.0,9.9641,9.791,9.7559,2083,0,0,0,12.2,35,step_10,no_load,0.0
21.6913,1e-06,elbow_flex,0.0,9.9641,0.0,9.7559,2083,0,0,0,12.2,35,step_10,no_load,0.0
21.701833,0.010535,elbow_flex,0.0,9.9641,0.0,9.7559,2083,0,20,0,12.2,35,step_10,no_load,0.0
21.712183,0.020884,elbow_flex,0.0,9.9641,0.0,9.7559,2083,0,52,1,12.2,35,step_10,no_load,0.0
21.722657,0.031359,elbow_flex,0.0,9.9641,0.0,9.7559,2083,0,84,3,12.2,35,step_10,no_load,0.0
21.733289,0.041991,elbow_flex,0.0,9.9641,0.0,9.7559,2083,0,164,7,12.2,35,step_10,no_load,0.0
21.743336,0.052037,elbow_flex,0.0,9.7846,0.0,9.5801,2081,-50,204,9,12.2,35,step_10,no_load,-17.498
21.753924,0.062625,elbow_flex,0.0,9.4255,0.0,9.2285,2077,-50,284,16,12.1,35,step_10,no_load,-33.207
21.765032,0.073734,elbow_flex,0.0,8.8869,0.0,8.7012,2071,-350,332,19,12.2,35,step_10,no_load,-47.47
21.775755,0.084456,elbow_flex,0.0,8.1688,0.0,7.998,2063,-350,356,18,12.1,35,step_10,no_load,-65.579
21.785859,0.09456,elbow_flex,0.0,7.2711,0.0,7.1191,2053,-750,312,7,12.2,35,step_10,no_load,-86.985
21.795917,0.104618,elbow_flex,0.0,6.3734,0.0,6.2402,2043,-750,304,8,12.2,35,step_10,no_load,-87.383
21.806868,0.115569,elbow_flex,0.0,5.4758,0.0,5.3613,2033,-900,232,0,12.2,35,step_10,no_load,-80.258
21.817441,0.126142,elbow_flex,0.0,4.5781,0.0,4.4824,2023,-1000,192,0,12.2,35,step_10,no_load,-83.127
21.827587,0.136288,elbow_flex,0.0,3.5009,0.0,3.4277,2011,-1000,80,0,12.2,34,step_10,no_load,-103.952
21.838505,0.147206,elbow_flex,0.0,2.693,0.0,2.6367,2002,-950,44,0,12.2,35,step_10,no_load,-72.449
21.849581,0.158282,elbow_flex,0.0,2.3339,0.0,2.2852,1998,-950,56,0,12.2,35,step_10,no_load,-31.735
21.860205,0.168906,elbow_flex,0.0,1.9749,0.0,1.9336,1994,-450,40,0,12.2,35,step_10,no_load,-33.095
21.871281,0.179983,elbow_flex,0.0,1.526,0.0,1.4941,1989,-450,48,0,12.2,35,step_10,no_load,-39.68
21.881787,0.190488,elbow_flex,0.0,1.2567,0.0,1.2305,1986,-350,36,0,12.2,35,step_10,no_load,-25.09
21.892673,0.201374,elbow_flex,0.0,0.9874,0.0,0.9668,1983,-350,32,0,12.2,35,step_10,no_load,-24.224
21.903263,0.211964,elbow_flex,0.0,0.8079,0.0,0.791,1981,-250,24,0,12.2,35,step_10,no_load,-16.601
21.914179,0.22288,elbow_flex,0.0,0.8079,0.0,0.791,1981,-250,28,0,12.2,34,step_10,no_load,0.0
21.92481,0.233511,elbow_flex,0.0,0.7181,0.0,0.7031,1980,-100,40,0,12.2,35,step_10,no_load,-8.268
21.935341,0.244042,elbow_flex,0.0,0.9874,0.0,0.9668,1983,-100,52,1,12.2,35,step_10,no_load,25.04
21.945703,0.254404,elbow_flex,0.0,0.9874,0.0,0.9668,1983,150,68,1,12.2,35,step_10,no_load,0.0
21.956622,0.265323,elbow_flex,0.0,0.9874,0.0,0.9668,1983,0,68,1,12.2,35,step_10,no_load,0.0
21.967257,0.275958,elbow_flex,0.0,0.8977,0.0,0.8789,1982,0,52,0,12.2,34,step_10,no_load,-8.265
21.978313,0.287014,elbow_flex,0.0,0.8079,0.0,0.791,1981,-100,48,1,12.2,35,step_10,no_load,-7.95
21.98895,0.297651,elbow_flex,0.0,0.6284,0.0,0.6152,1979,-100,28,0,12.2,35,step_10,no_load,-16.527
21.999077,0.307778,elbow_flex,0.0,0.5386,0.0,0.5273,1978,-100,24,0,12.3,35,step_10,no_load,-8.68
22.009672,0.318373,elbow_flex,0.0,0.1795,0.0,0.1758,1974,-100,1052,0,12.2,35,step_10,no_load,-33.176
22.020212,0.328913,elbow_flex,0.0,0.0,0.0,0.0,1972,-300,1056,1,12.2,34,step_10,no_load,-16.679
22.031114,0.339815,elbow_flex,0.0,-0.0898,0.0,-0.0879,1971,-300,1052,0,12.2,35,step_10,no_load,-8.063
22.042171,0.350872,elbow_flex,0.0,-0.0898,0.0,-0.0879,1971,-100,1052,0,12.3,35,step_10,no_load,0.0
22.052805,0.361506,elbow_flex,0.0,-0.0898,0.0,-0.0879,1971,-100,0,0,12.2,35,step_10,no_load,0.0
22.063794,0.372496,elbow_flex,0.0,-0.1795,0.0,-0.1758,1970,-50,1048,0,12.2,35,step_10,no_load,-7.999
22.074752,0.383454,elbow_flex,0.0,-0.1795,0.0,-0.1758,1970,-50,1048,0,12.2,35,step_10,no_load,0.0
22.084853,0.393554,elbow_flex,0.0,-0.0898,0.0,-0.0879,1971,0,20,0,12.2,34,step_10,no_load,8.702
22.09556,0.404261,elbow_flex,0.0,-0.0898,0.0,-0.0879,1971,50,20,0,12.2,35,step_10,no_load,0.0
22.10615,0.414851,elbow_flex,0.0,0.0,0.0,0.0,1972,50,0,0,12.2,35,step_10,no_load,8.3
22.116775,0.425477,elbow_flex,0.0,0.0898,0.0,0.0879,1973,100,0,0,12.3,35,step_10,no_load,8.273
22.127854,0.436555,elbow_flex,0.0,0.0898,0.0,0.0879,1973,100,0,0,12.2,35,step_10,no_load,0.0
22.138478,0.44718,elbow_flex,0.0,0.0898,0.0,0.0879,1973,0,0,0,12.2,35,step_10,no_load,0.0
22.148642,0.457344,elbow_flex,0.0,0.0,0.0,0.0,1972,0,0,0,12.2,34,step_10,no_load,-8.648
22.159333,0.468035,elbow_flex,0.0,0.0,0.0,0.0,1972,-50,0,0,12.2,35,step_10,no_load,0.0
22.170398,0.479099,elbow_flex,0.0,-0.0898,0.0,-0.0879,1971,-50,0,0,12.2,35,step_10,no_load,-7.944
22.181347,0.490049,elbow_flex,0.0,-0.0898,0.0,-0.0879,1971,-50,0,0,12.2,35,step_10,no_load,0.0
22.192378,0.501079,elbow_flex,0.0,-0.0898,0.0,-0.0879,1971,-50,0,0,12.2,35,step_10,no_load,0.0
22.2034,0.512101,elbow_flex,0.0,-0.0898,0.0,-0.0879,1971,0,0,0,12.2,35,step_10,no_load,0.0
22.214397,0.523099,elbow_flex,0.0,-0.0898,0.0,-0.0879,1971,0,0,0,12.2,35,step_10,no_load,0.0
22.225322,0.534024,elbow_flex,0.0,-0.0898,0.0,-0.0879,1971,0,0,0,12.2,35,step_10,no_load,0.0
22.235908,0.54461,elbow_flex,0.0,-0.0898,0.0,-0.0879,1971,0,0,0,12.2,35,step_10,no_load,0.0
22.246644,0.555345,elbow_flex,0.0,-0.0898,0.0,-0.0879,1971,0,0,0,12.2,35,step_10,no_load,0.0
22.25733,0.566031,elbow_flex,0.0,-0.0898,0.0,-0.0879,1971,0,0,0,12.2,34,step_10,no_load,0.0
22.267543,0.576245,elbow_flex,0.0,-0.0898,0.0,-0.0879,1971,0,0,0,12.2,35,step_10,no_load,0.0
22.278142,0.586843,elbow_flex,0.0,-0.0898,0.0,-0.0879,1971,0,0,0,12.2,35,step_10,no_load,0.0
22.289054,0.597756,elbow_flex,0.0,-0.0898,0.0,-0.0879,1971,0,0,0,12.2,34,step_10,no_load,0.0
22.299636,0.608337,elbow_flex,0.0,-0.0898,0.0,-0.0879,1971,0,0,0,12.2,35,step_10,no_load,0.0
22.310243,0.618944,elbow_flex,0.0,-0.0898,0.0,-0.0879,1971,0,0,0,12.3,35,step_10,no_load,0.0
22.32082,0.629522,elbow_flex,0.0,-0.0898,0.0,-0.0879,1971,0,0,0,12.2,34,step_10,no_load,0.0
22.331781,0.640482,elbow_flex,0.0,-0.0898,0.0,-0.0879,1971,0,0,0,12.2,35,step_10,no_load,0.0
22.34236,0.651061,elbow_flex,0.0,-0.0898,0.0,-0.0879,1971,0,0,0,12.3,34,step_10,no_load,0.0
22.352428,0.661129,elbow_flex,0.0,-0.0898,0.0,-0.0879,1971,0,0,0,12.2,35,step_10,no_load,0.0
22.362509,0.671211,elbow_flex,0.0,-0.0898,0.0,-0.0879,1971,0,0,0,12.2,35,step_10,no_load,0.0
22.373031,0.681733,elbow_flex,0.0,-0.0898,0.0,-0.0879,1971,0,0,0,12.2,35,step_10,no_load,0.0
22.383613,0.692315,elbow_flex,0.0,-0.0898,0.0,-0.0879,1971,0,0,0,12.2,34,step_10,no_load,0.0
22.394326,0.703027,elbow_flex,0.0,-0.0898,0.0,-0.0879,1971,0,0,0,12.2,35,step_10,no_load,0.0
22.404952,0.713654,elbow_flex,0.0,-0.0898,0.0,-0.0879,1971,0,0,0,12.2,35,step_10,no_load,0.0
22.415086,0.723787,elbow_flex,0.0,-0.0898,0.0,-0.0879,1971,0,0,0,12.2,35,step_10,no_load,0.0
22.42571,0.734411,elbow_flex,0.0,-0.0898,0.0,-0.0879,1971,0,0,0,12.2,34,step_10,no_load,0.0
22.436365,0.745066,elbow_flex,0.0,-0.0898,0.0,-0.0879,1971,0,0,0,12.2,34,step_10,no_load,0.0
22.446461,0.755163,elbow_flex,0.0,-0.0898,0.0,-0.0879,1971,0,0,0,12.2,35,step_10,no_load,0.0
22.457241,0.765942,elbow_flex,0.0,-0.0898,0.0,-0.0879,1971,0,0,0,12.2,35,step_10,no_load,0.0
22.467864,0.776566,elbow_flex,0.0,-0.0898,0.0,-0.0879,1971,0,0,0,12.2,35,step_10,no_load,0.0
22.47796,0.786662,elbow_flex,0.0,-0.0898,0.0,-0.0879,1971,0,0,0,12.3,35,step_10,no_load,0.0
22.488049,0.796751,elbow_flex,0.0,-0.0898,0.0,-0.0879,1971,0,0,0,12.2,35,step_10,no_load,0.0
22.498651,0.807352,elbow_flex,0.0,-0.0898,0.0,-0.0879,1971,0,0,0,12.2,35,step_10,no_load,0.0
22.509249,0.81795,elbow_flex,0.0,-0.0898,0.0,-0.0879,1971,0,0,0,12.2,35,step_10,no_load,0.0
22.519878,0.828579,elbow_flex,0.0,-0.0898,0.0,-0.0879,1971,0,0,0,12.2,35,step_10,no_load,0.0
22.531179,0.839881,elbow_flex,0.0,-0.0898,0.0,-0.0879,1971,0,0,0,12.3,35,step_10,no_load,0.0
22.541476,0.850178,elbow_flex,0.0,-0.0898,0.0,-0.0879,1971,0,0,0,12.2,35,step_10,no_load,0.0
22.552063,0.860765,elbow_flex,0.0,-0.0898,0.0,-0.0879,1971,0,0,0,12.2,34,step_10,no_load,0.0
22.562936,0.871637,elbow_flex,0.0,-0.0898,0.0,-0.0879,1971,0,0,0,12.3,35,step_10,no_load,0.0
22.5736,0.882301,elbow_flex,0.0,-0.0898,0.0,-0.0879,1971,0,0,0,12.2,35,step_10,no_load,0.0
22.583854,0.892555,elbow_flex,0.0,-0.0898,0.0,-0.0879,1971,0,0,0,12.2,35,step_10,no_load,0.0
22.594434,0.903135,elbow_flex,0.0,-0.0898,0.0,-0.0879,1971,0,0,0,12.2,35,step_10,no_load,0.0
22.604557,0.913258,elbow_flex,0.0,-0.0898,0.0,-0.0879,1971,0,0,0,12.3,34,step_10,no_load,0.0
22.615066,0.923767,elbow_flex,0.0,-0.0898,0.0,-0.0879,1971,0,0,0,12.2,35,step_10,no_load,0.0
22.626149,0.93485,elbow_flex,0.0,-0.0898,0.0,-0.0879,1971,0,0,0,12.2,34,step_10,no_load,0.0
22.637038,0.945739,elbow_flex,0.0,-0.0898,0.0,-0.0879,1971,0,0,0,12.2,35,step_10,no_load,0.0
22.648164,0.956865,elbow_flex,0.0,-0.0898,0.0,-0.0879,1971,0,0,0,12.2,35,step_10,no_load,0.0
22.658746,0.967447,elbow_flex,0.0,-0.0898,0.0,-0.0879,1971,0,0,0,12.2,34,step_10,no_load,0.0
22.668878,0.977579,elbow_flex,0.0,-0.0898,0.0,-0.0879,1971,0,0,0,12.3,35,step_10,no_load,0.0
22.678952,0.987654,elbow_flex,0.0,-0.0898,0.0,-0.0879,1971,0,0,0,12.2,35,step_10,no_load,0.0
22.689535,0.998236,elbow_flex,0.0,-0.0898,0.0,-0.0879,1971,0,0,0,12.2,35,step_10,no_load,0.0
22.700145,1.008847,elbow_flex,0.0,-0.0898,0.0,-0.0879,1971,0,0,0,12.2,35,step_10,no_load,0.0
22.71073,1.019431,elbow_flex,0.0,-0.0898,0.0,-0.0879,1971,0,0,0,12.3,34,step_10,no_load,0.0
22.720869,1.029571,elbow_flex,0.0,-0.0898,0.0,-0.0879,1971,0,0,0,12.2,34,step_10,no_load,0.0
22.731548,1.040249,elbow_flex,0.0,-0.0898,0.0,-0.0879,1971,0,0,0,12.3,35,step_10,no_load,0.0
22.742136,1.050837,elbow_flex,0.0,-0.0898,0.0,-0.0879,1971,0,0,0,12.2,35,step_10,no_load,0.0
22.752766,1.061467,elbow_flex,0.0,-0.0898,0.0,-0.0879,1971,0,0,0,12.2,35,step_10,no_load,0.0
22.763743,1.072445,elbow_flex,0.0,-0.0898,0.0,-0.0879,1971,0,0,0,12.2,35,step_10,no_load,0.0
22.774388,1.08309,elbow_flex,0.0,-0.0898,0.0,-0.0879,1971,0,0,0,12.2,35,step_10,no_load,0.0
22.78539,1.094092,elbow_flex,0.0,-0.0898,0.0,-0.0879,1971,0,0,0,12.2,35,step_10,no_load,0.0
22.79599,1.104691,elbow_flex,0.0,-0.0898,0.0,-0.0879,1971,0,0,0,12.2,35,step_10,no_load,0.0
22.806321,1.115022,elbow_flex,0.0,-0.0898,0.0,-0.0879,1971,0,0,0,12.2,35,step_10,no_load,0.0
22.816901,1.125603,elbow_flex,0.0,-0.0898,0.0,-0.0879,1971,0,0,0,12.2,35,step_10,no_load,0.0
22.827999,1.1367,elbow_flex,0.0,-0.0898,0.0,-0.0879,1971,0,0,0,12.2,34,step_10,no_load,0.0
22.838634,1.147335,elbow_flex,0.0,-0.0898,0.0,-0.0879,1971,0,0,0,12.2,35,step_10,no_load,0.0
22.849707,1.158408,elbow_flex,0.0,-0.0898,0.0,-0.0879,1971,0,0,0,12.2,35,step_10,no_load,0.0
22.860337,1.169038,elbow_flex,0.0,-0.0898,0.0,-0.0879,1971,0,0,0,12.2,35,step_10,no_load,0.0
22.871421,1.180122,elbow_flex,0.0,-0.0898,0.0,-0.0879,1971,0,0,0,12.2,35,step_10,no_load,0.0
22.882016,1.190717,elbow_flex,0.0,-0.0898,0.0,-0.0879,1971,0,0,0,12.2,35,step_10,no_load,0.0
22.892688,1e-06,elbow_flex,10.0,-0.0898,9.791,-0.0879,1971,0,0,0,12.2,34,step_10,no_load,0.0
22.903306,0.01062,elbow_flex,10.0,-0.0898,9.791,-0.0879,1971,0,1044,0,12.2,35,step_10,no_load,0.0
22.914371,0.021684,elbow_flex,10.0,-0.0898,9.791,-0.0879,1971,0,1064,1,12.2,35,step_10,no_load,0.0
22.924859,0.032172,elbow_flex,10.0,-0.0898,9.791,-0.0879,1971,0,1128,4,12.2,35,step_10,no_load,0.0
22.935153,0.042467,elbow_flex,10.0,-0.0898,9.791,-0.0879,1971,0,1164,5,12.2,35,step_10,no_load,0.0
22.945355,0.052668,elbow_flex,10.0,0.0898,9.791,0.0879,1973,0,1248,13,12.2,35,step_10,no_load,17.232
22.956038,0.063351,elbow_flex,10.0,0.5386,9.791,0.5273,1978,200,1300,19,12.2,35,step_10,no_load,41.131
22.966671,0.073984,elbow_flex,10.0,0.9874,9.791,0.9668,1983,200,1364,23,12.2,35,step_10,no_load,41.334
22.977248,0.084562,elbow_flex,10.0,1.6158,9.791,1.582,1990,500,1364,16,12.2,35,step_10,no_load,58.164
22.987347,0.09466,elbow_flex,10.0,2.4237,9.791,2.373,1999,500,1372,14,12.2,35,step_10,no_load,78.325
22.998415,0.105728,elbow_flex,10.0,3.3214,9.791,3.252,2009,800,1304,4,12.2,35,step_10,no_load,79.418
23.00867,0.115983,elbow_flex,10.0,4.3088,9.791,4.2188,2020,800,1288,2,12.2,34,step_10,no_load,94.276
23.019304,0.126617,elbow_flex,10.0,5.2065,9.791,5.0977,2030,950,1196,0,12.3,35,step_10,no_load,82.65
23.030077,0.13739,elbow_flex,10.0,6.2837,9.791,6.1523,2042,1100,1148,0,12.2,35,step_10,no_load,97.893
23.040695,0.148008,elbow_flex,10.0,7.0916,9.791,6.9434,2051,1100,1080,0,12.2,35,step_10,no_load,74.506
23.050885,0.158198,elbow_flex,10.0,7.5404,9.791,7.3828,2056,650,1060,0,12.3,35,step_10,no_load,43.121
23.061281,0.168595,elbow_flex,10.0,7.8097,9.791,7.6465,2059,650,1092,0,12.2,34,step_10,no_load,25.366
23.072044,0.179357,elbow_flex,10.0,8.1688,9.791,7.998,2063,350,1080,0,12.2,34,step_10,no_load,32.658
23.082641,0.189954,elbow_flex,10.0,8.4381,9.791,8.2617,2066,350,1072,0,12.2,34,step_10,no_load,24.884
23.092865,0.200178,elbow_flex,10.0,8.7074,9.791,8.5254,2069,300,1064,0,12.2,35,step_10,no_load,25.792
23.103445,0.210759,elbow_flex,10.0,8.8869,9.791,8.7012,2071,300,1064,0,12.2,35,step_10,no_load,16.616
23.114521,0.221834,elbow_flex,10.0,9.0664,9.791,8.877,2073,200,1056,0,12.2,35,step_10,no_load,15.872
23.125034,0.232348,elbow_flex,10.0,9.0664,9.791,8.877,2073,200,1064,0,12.2,35,step_10,no_load,0.0
23.135595,0.242908,elbow_flex,10.0,9.0664,9.791,8.877,2073,50,1064,0,12.2,35,step_10,no_load,0.0
23.145659,0.252973,elbow_flex,10.0,9.0664,9.791,8.877,2073,50,1076,0,12.2,35,step_10,no_load,0.0
23.156655,0.263968,elbow_flex,10.0,8.9767,9.791,8.7891,2072,0,1084,1,12.2,35,step_10,no_load,-7.994
23.167232,0.274546,elbow_flex,10.0,8.9767,9.791,8.7891,2072,0,1084,0,12.2,35,step_10,no_load,0.0
23.177516,0.284829,elbow_flex,10.0,8.9767,9.791,8.7891,2072,-50,1080,0,12.2,35,step_10,no_load,0.0
23.188459,0.295773,elbow_flex,10.0,9.0664,9.791,8.877,2073,50,1076,0,12.2,35,step_10,no_load,8.033
23.198503,0.305816,elbow_flex,10.0,9.0664,9.791,8.877,2073,50,1068,0,12.2,35,step_10,no_load,0.0
23.20951,0.316823,elbow_flex,10.0,9.246,9.791,9.0527,2075,100,1064,0,12.2,35,step_10,no_load,15.963
23.220514,0.327827,elbow_flex,10.0,9.3357,9.791,9.1406,2076,100,1056,0,12.2,35,step_10,no_load,7.988
23.230972,0.338286,elbow_flex,10.0,9.4255,9.791,9.2285,2077,100,1052,0,12.2,35,step_10,no_load,8.405
23.241599,0.348913,elbow_flex,10.0,9.605,9.791,9.4043,2079,100,0,0,12.2,35,step_10,no_load,16.543
23.251669,0.358982,elbow_flex,10.0,9.7846,9.791,9.5801,2081,150,24,0,12.2,35,step_10,no_load,17.458
23.261926,0.369239,elbow_flex,10.0,9.8743,9.791,9.668,2082,150,32,0,12.2,34,step_10,no_load,8.57
23.272494,0.379807,elbow_flex,10.0,9.9641,9.791,9.7559,2083,150,32,0,12.2,35,step_10,no_load,8.318
23.283012,0.390325,elbow_flex,10.0,9.9641,9.791,9.7559,2083,150,0,0,12.2,35,step_10,no_load,0.0
23.293676,0.400989,elbow_flex,10.0,9.9641,9.791,9.7559,2083,0,0,0,12.2,35,step_10,no_load,0.0
23.304295,0.411608,elbow_flex,10.0,9.9641,9.791,9.7559,2083,0,0,0,12.2,34,step_10,no_load,0.0
23.315096,0.422409,elbow_flex,10.0,9.9641,9.791,9.7559,2083,0,0,0,12.2,35,step_10,no_load,0.0
23.325705,0.433018,elbow_flex,10.0,9.9641,9.791,9.7559,2083,0,0,0,12.2,35,step_10,no_load,0.0
23.335849,0.443163,elbow_flex,10.0,9.9641,9.791,9.7559,2083,0,0,0,12.2,35,step_10,no_load,0.0
23.345988,0.453302,elbow_flex,10.0,9.8743,9.791,9.668,2082,0,0,0,12.2,35,step_10,no_load,-8.669
23.356496,0.463809,elbow_flex,10.0,9.7846,9.791,9.5801,2081,-50,1048,0,12.3,35,step_10,no_load,-8.365
23.367073,0.474386,elbow_flex,10.0,9.7846,9.791,9.5801,2081,-50,1048,0,12.3,35,step_10,no_load,0.0
23.378115,0.485428,elbow_flex,10.0,9.7846,9.791,9.5801,2081,-50,1044,0,12.2,34,step_10,no_load,0.0
23.388693,0.496006,elbow_flex,10.0,9.6948,9.791,9.4922,2080,-50,1048,0,12.3,35,step_10,no_load,-8.31
23.399763,0.507076,elbow_flex,10.0,9.6948,9.791,9.4922,2080,-50,1052,1,12.2,34,step_10,no_load,0.0
23.4104,0.517713,elbow_flex,10.0,9.6948,9.791,9.4922,2080,0,1052,0,12.2,35,step_10,no_load,0.0
23.42049,0.527803,elbow_flex,10.0,9.6948,9.791,9.4922,2080,0,1048,0,12.2,35,step_10,no_load,0.0
23.430696,0.538009,elbow_flex,10.0,9.7846,9.791,9.5801,2081,0,1044,0,12.2,35,step_10,no_load,8.613
23.440775,0.548088,elbow_flex,10.0,9.7846,9.791,9.5801,2081,0,0,0,12.2,35,step_10,no_load,0.0
23.451363,0.558676,elbow_flex,10.0,9.8743,9.791,9.668,2082,100,20,0,12.2,35,step_10,no_load,8.302
23.462063,0.569377,elbow_flex,10.0,9.9641,9.791,9.7559,2083,100,20,0,12.2,35,step_10,no_load,8.215
23.472657,0.579971,elbow_flex,10.0,9.9641,9.791,9.7559,2083,50,20,0,12.2,34,step_10,no_load,0.0
23.48372,0.591033,elbow_flex,10.0,9.9641,9.791,9.7559,2083,50,0,0,12.2,35,step_10,no_load,0.0
23.494398,0.601712,elbow_flex,10.0,9.9641,9.791,9.7559,2083,0,0,0,12.2,35,step_10,no_load,0.0
23.505017,0.612331,elbow_flex,10.0,9.9641,9.791,9.7559,2083,0,0,0,12.2,34,step_10,no_load,0.0
23.515116,0.622429,elbow_flex,10.0,9.9641,9.791,9.7559,2083,0,0,0,12.2,35,step_10,no_load,0.0
23.525764,0.633078,elbow_flex,10.0,9.9641,9.791,9.7559,2083,0,0,0,12.2,35,step_10,no_load,0.0
23.536353,0.643666,elbow_flex,10.0,9.9641,9.791,9.7559,2083,0,0,0,12.2,35,step_10,no_load,0.0
23.547551,0.654864,elbow_flex,10.0,9.9641,9.791,9.7559,2083,0,0,0,12.2,35,step_10,no_load,0.0
23.558084,0.665397,elbow_flex,10.0,9.9641,9.791,9.7559,2083,0,0,0,12.2,35,step_10,no_load,0.0
23.568753,0.676066,elbow_flex,10.0,9.9641,9.791,9.7559,2083,0,0,0,12.2,35,step_10,no_load,0.0
23.579322,0.686636,elbow_flex,10.0,9.9641,9.791,9.7559,2083,0,0,0,12.2,35,step_10,no_load,0.0
23.59034,0.697653,elbow_flex,10.0,9.9641,9.791,9.7559,2083,0,0,0,12.2,35,step_10,no_load,0.0
23.601319,0.708632,elbow_flex,10.0,9.9641,9.791,9.7559,2083,0,0,0,12.2,34,step_10,no_load,0.0
23.61238,0.719693,elbow_flex,10.0,9.9641,9.791,9.7559,2083,0,0,0,12.2,35,step_10,no_load,0.0
23.623348,0.730662,elbow_flex,10.0,9.9641,9.791,9.7559,2083,0,0,0,12.2,35,step_10,no_load,0.0
23.634321,0.741634,elbow_flex,10.0,9.9641,9.791,9.7559,2083,0,0,0,12.2,35,step_10,no_load,0.0
23.645308,0.752622,elbow_flex,10.0,9.9641,9.791,9.7559,2083,0,0,0,12.2,34,step_10,no_load,0.0
23.656311,0.763624,elbow_flex,10.0,9.9641,9.791,9.7559,2083,0,0,0,12.2,35,step_10,no_load,0.0
23.667341,0.774654,elbow_flex,10.0,9.9641,9.791,9.7559,2083,0,0,0,12.2,35,step_10,no_load,0.0
23.678318,0.785632,elbow_flex,10.0,9.9641,9.791,9.7559,2083,0,0,0,12.2,35,step_10,no_load,0.0
23.689414,0.796728,elbow_flex,10.0,9.9641,9.791,9.7559,2083,0,0,0,12.2,35,step_10,no_load,0.0
23.700509,0.807822,elbow_flex,10.0,9.9641,9.791,9.7559,2083,0,0,0,12.2,34,step_10,no_load,0.0
23.711784,0.819097,elbow_flex,10.0,9.9641,9.791,9.7559,2083,0,0,0,12.2,35,step_10,no_load,0.0
23.72237,0.829684,elbow_flex,10.0,9.9641,9.791,9.7559,2083,0,0,0,12.2,35,step_10,no_load,0.0
23.732948,0.840261,elbow_flex,10.0,9.9641,9.791,9.7559,2083,0,0,0,12.2,34,step_10,no_load,0.0
23.743963,0.851277,elbow_flex,10.0,9.9641,9.791,9.7559,2083,0,0,0,12.2,35,step_10,no_load,0.0
23.754522,0.861835,elbow_flex,10.0,9.9641,9.791,9.7559,2083,0,0,0,12.3,35,step_10,no_load,0.0
23.765115,0.872429,elbow_flex,10.0,9.9641,9.791,9.7559,2083,0,0,0,12.2,35,step_10,no_load,0.0
23.775748,0.883061,elbow_flex,10.0,9.9641,9.791,9.7559,2083,0,0,0,12.2,34,step_10,no_load,0.0
23.786381,0.893695,elbow_flex,10.0,9.9641,9.791,9.7559,2083,0,0,0,12.2,35,step_10,no_load,0.0
23.79735,0.904664,elbow_flex,10.0,9.9641,9.791,9.7559,2083,0,0,0,12.2,35,step_10,no_load,0.0
23.808311,0.915624,elbow_flex,10.0,9.9641,9.791,9.7559,2083,0,0,0,12.2,35,step_10,no_load,0.0
23.819152,0.926466,elbow_flex,10.0,9.9641,9.791,9.7559,2083,0,0,0,12.3,35,step_10,no_load,0.0
23.830228,0.937541,elbow_flex,10.0,9.9641,9.791,9.7559,2083,0,0,0,12.2,35,step_10,no_load,0.0
23.840815,0.948128,elbow_flex,10.0,9.9641,9.791,9.7559,2083,0,0,0,12.2,35,step_10,no_load,0.0
23.851879,0.959192,elbow_flex,10.0,9.9641,9.791,9.7559,2083,0,0,0,12.2,35,step_10,no_load,0.0
23.861936,0.96925,elbow_flex,10.0,9.9641,9.791,9.7559,2083,0,0,0,12.2,35,step_10,no_load,0.0
23.872108,0.979421,elbow_flex,10.0,9.9641,9.791,9.7559,2083,0,0,0,12.2,35,step_10,no_load,0.0
23.883163,0.990476,elbow_flex,10.0,9.9641,9.791,9.7559,2083,0,0,0,12.2,35,step_10,no_load,0.0
23.894225,1.001538,elbow_flex,10.0,9.9641,9.791,9.7559,2083,0,0,0,12.2,35,step_10,no_load,0.0
23.904726,1.01204,elbow_flex,10.0,9.9641,9.791,9.7559,2083,0,0,0,12.2,35,step_10,no_load,0.0
23.915471,1.022785,elbow_flex,10.0,9.9641,9.791,9.7559,2083,0,0,0,12.2,35,step_10,no_load,0.0
23.9261,1.033413,elbow_flex,10.0,9.9641,9.791,9.7559,2083,0,0,0,12.2,35,step_10,no_load,0.0
23.936669,1.043982,elbow_flex,10.0,9.9641,9.791,9.7559,2083,0,0,0,12.3,35,step_10,no_load,0.0
23.947687,1.055,elbow_flex,10.0,9.9641,9.791,9.7559,2083,0,0,0,12.2,35,step_10,no_load,0.0
23.95831,1.065623,elbow_flex,10.0,9.9641,9.791,9.7559,2083,0,0,0,12.2,35,step_10,no_load,0.0
23.968658,1.075971,elbow_flex,10.0,9.9641,9.791,9.7559,2083,0,0,0,12.2,34,step_10,no_load,0.0
23.978725,1.086038,elbow_flex,10.0,9.9641,9.791,9.7559,2083,0,0,0,12.2,35,step_10,no_load,0.0
23.989251,1.096565,elbow_flex,10.0,9.9641,9.791,9.7559,2083,0,0,0,12.2,36,step_10,no_load,0.0
23.999881,1.107195,elbow_flex,10.0,9.9641,9.791,9.7559,2083,0,0,0,12.3,35,step_10,no_load,0.0
24.010059,1.117372,elbow_flex,10.0,9.9641,9.791,9.7559,2083,0,0,0,12.2,35,step_10,no_load,0.0
24.020646,1.127959,elbow_flex,10.0,9.9641,9.791,9.7559,2083,0,0,0,12.2,35,step_10,no_load,0.0
24.031676,1.138989,elbow_flex,10.0,9.9641,9.791,9.7559,2083,0,0,0,12.3,34,step_10,no_load,0.0
24.042308,1.149622,elbow_flex,10.0,9.9641,9.791,9.7559,2083,0,0,0,12.2,35,step_10,no_load,0.0
24.052399,1.159712,elbow_flex,10.0,9.9641,9.791,9.7559,2083,0,0,0,12.2,34,step_10,no_load,0.0
24.062462,1.169776,elbow_flex,10.0,9.9641,9.791,9.7559,2083,0,0,0,12.2,35,step_10,no_load,0.0
24.073411,1.180724,elbow_flex,10.0,9.9641,9.791,9.7559,2083,0,0,0,12.3,35,step_10,no_load,0.0
24.084049,1.191362,elbow_flex,10.0,9.9641,9.791,9.7559,2083,0,0,0,12.2,34,step_10,no_load,0.0
