time,time_since_command,joint_name,commanded_norm,actual_norm,commanded_deg,actual_deg,raw_ticks,speed_raw,load_raw,current_raw,voltage,temperature,experiment_id,load_condition,measured_vel_deg_s
0.000764,2e-06,gripper,20.0,20.2694,27.4043,27.7734,2138,0,28,1,12.3,38,staircase3,no_load,0.0
0.010999,0.010238,gripper,20.0,20.2694,27.4043,27.7734,2138,0,28,1,12.3,38,staircase3,no_load,0.0
0.021978,0.021216,gripper,20.0,20.2694,27.4043,27.7734,2138,0,28,1,12.3,39,staircase3,no_load,0.0
0.032517,0.031756,gripper,20.0,20.2694,27.4043,27.7734,2138,0,28,0,12.3,39,staircase3,no_load,0.0
0.043004,0.042242,gripper,20.0,20.2694,27.4043,27.7734,2138,0,28,1,12.3,38,staircase3,no_load,0.0
0.05372,0.052958,gripper,20.0,20.2694,27.4043,27.7734,2138,0,28,1,12.3,38,staircase3,no_load,0.0
0.064283,0.063521,gripper,20.0,20.2694,27.4043,27.7734,2138,0,28,0,12.3,38,staircase3,no_load,0.0
0.074864,0.074103,gripper,20.0,20.2694,27.4043,27.7734,2138,0,28,1,12.3,38,staircase3,no_load,0.0
0.085615,0.084853,gripper,20.0,20.2694,27.4043,27.7734,2138,0,28,1,12.3,38,staircase3,no_load,0.0
0.09602,0.095259,gripper,20.0,20.2694,27.4043,27.7734,2138,0,28,1,12.3,38,staircase3,no_load,0.0
0.106378,0.105617,gripper,20.0,20.2694,27.4043,27.7734,2138,0,28,1,12.3,38,staircase3,no_load,0.0
0.116624,0.115863,gripper,20.0,20.2694,27.4043,27.7734,2138,0,28,0,12.3,38,staircase3,no_load,0.0
0.127819,0.127058,gripper,20.0,20.2694,27.4043,27.7734,2138,0,28,1,12.3,38,staircase3,no_load,0.0
0.138087,0.137325,gripper,20.0,20.2694,27.4043,27.7734,2138,0,28,0,12.3,38,staircase3,no_load,0.0
0.148705,0.147944,gripper,20.0,20.2694,27.4043,27.7734,2138,0,28,1,12.3,38,staircase3,no_load,0.0
0.158956,0.158194,gripper,20.0,20.2694,27.4043,27.7734,2138,0,28,0,12.3,38,staircase3,no_load,0.0
0.169366,0.168605,gripper,20.0,20.2694,27.4043,27.7734,2138,0,28,1,12.3,38,staircase3,no_load,0.0
0.180017,0.179256,gripper,20.0,20.2694,27.4043,27.7734,2138,0,28,1,12.3,38,staircase3,no_load,0.0
0.19077,0.190008,gripper,20.0,20.2694,27.4043,27.7734,2138,0,28,0,12.3,38,staircase3,no_load,0.0
0.201353,0.200591,gripper,20.0,20.2694,27.4043,27.7734,2138,0,28,1,12.3,38,staircase3,no_load,0.0
0.212014,0.211252,gripper,20.0,20.2694,27.4043,27.7734,2138,0,28,1,12.2,38,staircase3,no_load,0.0
0.222589,0.221827,gripper,20.0,20.2694,27.4043,27.7734,2138,0,28,1,12.3,38,staircase3,no_load,0.0
0.233062,0.232301,gripper,20.0,20.2694,27.4043,27.7734,2138,0,28,1,12.3,38,staircase3,no_load,0.0
0.243308,0.242547,gripper,20.0,20.2694,27.4043,27.7734,2138,0,28,0,12.3,38,staircase3,no_load,0.0
0.253457,0.252696,gripper,20.0,20.2694,27.4043,27.7734,2138,0,28,1,12.3,38,staircase3,no_load,0.0
0.264176,0.263415,gripper,20.0,20.2694,27.4043,27.7734,2138,0,28,1,12.3,38,staircase3,no_load,0.0
0.274807,0.274046,gripper,20.0,20.2694,27.4043,27.7734,2138,0,28,1,12.3,38,staircase3,no_load,0.0
0.285377,0.284616,gripper,20.0,20.2694,27.4043,27.7734,2138,0,28,1,12.3,38,staircase3,no_load,0.0
0.296043,0.295281,gripper,20.0,20.2694,27.4043,27.7734,2138,0,28,1,12.3,38,staircase3,no_load,0.0
0.306545,0.305784,gripper,20.0,20.2694,27.4043,27.7734,2138,0,28,1,12.3,38,staircase3,no_load,0.0
0.316982,0.316221,gripper,20.0,20.2694,27.4043,27.7734,2138,0,28,1,12.3,38,staircase3,no_load,0.0
0.327834,0.327072,gripper,20.0,20.2694,27.4043,27.7734,2138,0,28,1,12.3,38,staircase3,no_load,0.0
0.338301,0.33754,gripper,20.0,20.2694,27.4043,27.7734,2138,0,28,1,12.2,38,staircase3,no_load,0.0
0.348771,0.34801,gripper,20.0,20.2694,27.4043,27.7734,2138,0,28,1,12.3,38,staircase3,no_load,0.0
0.359516,0.358755,gripper,20.0,20.2694,27.4043,27.7734,2138,0,28,1,12.3,38,staircase3,no_load,0.0
0.37028,0.369519,gripper,20.0,20.2694,27.4043,27.7734,2138,0,28,1,12.3,38,staircase3,no_load,0.0
0.380545,0.379783,gripper,20.0,20.2694,27.4043,27.7734,2138,0,28,0,12.3,38,staircase3,no_load,0.0
0.391711,0.39095,gripper,20.0,20.2694,27.4043,27.7734,2138,0,28,1,12.2,38,staircase3,no_load,0.0
0.402391,0.40163,gripper,20.0,20.2694,27.4043,27.7734,2138,0,28,1,12.3,38,staircase3,no_load,0.0
0.412877,0.412115,gripper,20.0,20.2694,27.4043,27.7734,2138,0,28,1,12.3,38,staircase3,no_load,0.0
0.4239,0.423139,gripper,20.0,20.2694,27.4043,27.7734,2138,0,28,1,12.3,38,staircase3,no_load,0.0
0.434683,0.433922,gripper,20.0,20.2694,27.4043,27.7734,2138,0,28,1,12.3,38,staircase3,no_load,0.0
0.445082,0.44432,gripper,20.0,20.2694,27.4043,27.7734,2138,0,28,1,12.3,38,staircase3,no_load,0.0
0.455681,0.45492,gripper,20.0,20.2694,27.4043,27.7734,2138,0,28,1,12.3,38,staircase3,no_load,0.0
0.465953,0.465192,gripper,20.0,20.2694,27.4043,27.7734,2138,0,28,1,12.3,38,staircase3,no_load,0.0
0.477031,0.476269,gripper,20.0,20.2694,27.4043,27.7734,2138,0,28,1,12.3,38,staircase3,no_load,0.0
0.487481,0.48672,gripper,20.0,20.2694,27.4043,27.7734,2138,0,28,1,12.3,38,staircase3,no_load,0.0
0.497681,0.49692,gripper,20.0,20.2694,27.4043,27.7734,2138,0,28,0,12.3,38,staircase3,no_load,0.0
0.50819,0.507428,gripper,20.0,20.2694,27.4043,27.7734,2138,0,28,1,12.3,38,staircase3,no_load,0.0
0.51863,0.517869,gripper,20.0,20.2694,27.4043,27.7734,2138,0,28,0,12.3,38,staircase3,no_load,0.0
0.529407,0.528645,gripper,20.0,20.2694,27.4043,27.7734,2138,0,28,1,12.3,39,staircase3,no_load,0.0
0.53973,0.538969,gripper,20.0,20.2694,27.4043,27.7734,2138,0,28,1,12.3,38,staircase3,no_load,0.0
0.550604,0.549842,gripper,20.0,20.2694,27.4043,27.7734,2138,0,28,1,12.3,38,staircase3,no_load,0.0
0.56084,0.560078,gripper,20.0,20.2694,27.4043,27.7734,2138,0,28,0,12.3,38,staircase3,no_load,0.0
0.571453,0.570691,gripper,20.0,20.2694,27.4043,27.7734,2138,0,28,0,12.3,38,staircase3,no_load,0.0
0.58214,0.581378,gripper,20.0,20.2694,27.4043,27.7734,2138,0,28,1,12.3,38,staircase3,no_load,0.0
0.5925,0.591738,gripper,20.0,20.2694,27.4043,27.7734,2138,0,28,1,12.3,38,staircase3,no_load,0.0
0.60281,0.602049,gripper,20.0,20.2694,27.4043,27.7734,2138,0,28,1,12.3,38,staircase3,no_load,0.0
0.613333,0.612572,gripper,20.0,20.2694,27.4043,27.7734,2138,0,28,1,12.3,38,staircase3,no_load,0.0
0.623427,0.622666,gripper,20.0,20.2694,27.4043,27.7734,2138,0,28,1,12.3,38,staircase3,no_load,0.0
0.63369,0.632929,gripper,20.0,20.2694,27.4043,27.7734,2138,0,28,1,12.3,38,staircase3,no_load,0.0
0.644274,0.643513,gripper,20.0,20.2694,27.4043,27.7734,2138,0,28,0,12.3,38,staircase3,no_load,0.0
0.654458,0.653697,gripper,20.0,20.2694,27.4043,27.7734,2138,0,28,0,12.3,38,staircase3,no_load,0.0
0.664696,0.663934,gripper,20.0,20.2694,27.4043,27.7734,2138,0,28,1,12.3,38,staircase3,no_load,0.0
0.674982,0.67422,gripper,20.0,20.2694,27.4043,27.7734,2138,0,28,1,12.3,38,staircase3,no_load,0.0
0.685057,0.684296,gripper,20.0,20.2694,27.4043,27.7734,2138,0,28,1,12.3,38,staircase3,no_load,0.0
0.695111,0.69435,gripper,20.0,20.2694,27.4043,27.7734,2138,0,28,1,12.3,38,staircase3,no_load,0.0
0.705224,0.704462,gripper,20.0,20.2694,27.4043,27.7734,2138,0,28,0,12.3,38,staircase3,no_load,0.0
0.715315,0.714553,gripper,20.0,20.2694,27.4043,27.7734,2138,0,28,0,12.3,38,staircase3,no_load,0.0
0.725725,0.724963,gripper,20.0,20.2694,27.4043,27.7734,2138,0,28,0,12.3,38,staircase3,no_load,0.0
0.736273,0.735511,gripper,20.0,20.2694,27.4043,27.7734,2138,0,28,1,12.3,38,staircase3,no_load,0.0
0.747155,0.746394,gripper,20.0,20.2694,27.4043,27.7734,2138,0,28,1,12.3,38,staircase3,no_load,0.0
0.758165,0.757403,gripper,20.0,20.2694,27.4043,27.7734,2138,0,28,1,12.3,38,staircase3,no_load,0.0
0.768565,0.767803,gripper,20.0,20.2694,27.4043,27.7734,2138,0,28,1,12.3,38,staircase3,no_load,0.0
0.778804,0.778043,gripper,20.0,20.2694,27.4043,27.7734,2138,0,28,1,12.3,38,staircase3,no_load,0.0
0.788973,0.788212,gripper,20.0,20.2694,27.4043,27.7734,2138,0,28,1,12.3,38,staircase3,no_load,0.0
0.799495,0.798734,gripper,20.0,20.2694,27.4043,27.7734,2138,0,28,1,12.3,38,staircase3,no_load,0.0
0.809769,0.809008,gripper,20.0,20.2694,27.4043,27.7734,2138,0,28,1,12.3,38,staircase3,no_load,0.0
0.820191,0.81943,gripper,20.0,20.2694,27.4043,27.7734,2138,0,28,0,12.3,38,staircase3,no_load,0.0
0.830613,0.829851,gripper,20.0,20.2694,27.4043,27.7734,2138,0,28,0,12.3,39,staircase3,no_load,0.0
0.840743,0.839981,gripper,20.0,20.2694,27.4043,27.7734,2138,0,28,1,12.3,38,staircase3,no_load,0.0
0.850976,0.850215,gripper,20.0,20.2694,27.4043,27.7734,2138,0,28,1,12.3,38,staircase3,no_load,0.0
0.861121,0.86036,gripper,20.0,20.2694,27.4043,27.7734,2138,0,28,1,12.3,38,staircase3,no_load,0.0
0.871345,0.870584,gripper,20.0,20.2694,27.4043,27.7734,2138,0,28,1,12.3,38,staircase3,no_load,0.0
0.881482,0.880721,gripper,20.0,20.2694,27.4043,27.7734,2138,0,28,1,12.3,38,staircase3,no_load,0.0
0.891974,0.891212,gripper,20.0,20.2694,27.4043,27.7734,2138,0,28,0,12.3,39,staircase3,no_load,0.0
0.90217,0.901409,gripper,20.0,20.2694,27.4043,27.7734,2138,0,28,1,12.3,39,staircase3,no_load,0.0
0.912745,0.911984,gripper,20.0,20.2694,27.4043,27.7734,2138,0,28,1,12.3,38,staircase3,no_load,0.0
0.923771,0.92301,gripper,20.0,20.2694,27.4043,27.7734,2138,0,28,0,12.3,38,staircase3,no_load,0.0
0.934185,0.933424,gripper,20.0,20.2694,27.4043,27.7734,2138,0,28,1,12.2,38,staircase3,no_load,0.0
0.944355,0.943593,gripper,20.0,20.2694,27.4043,27.7734,2138,0,28,1,12.3,38,staircase3,no_load,0.0
0.954832,0.95407,gripper,20.0,20.2694,27.4043,27.7734,2138,0,28,0,12.3,38,staircase3,no_load,0.0
0.964979,0.964217,gripper,20.0,20.2694,27.4043,27.7734,2138,0,28,1,12.3,39,staircase3,no_load,0.0
0.97552,0.974759,gripper,20.0,20.2694,27.4043,27.7734,2138,0,28,1,12.3,38,staircase3,no_load,0.0
0.985739,0.984977,gripper,20.0,20.2694,27.4043,27.7734,2138,0,28,1,12.3,38,staircase3,no_load,0.0
0.995812,0.99505,gripper,20.0,20.2694,27.4043,27.7734,2138,0,28,1,12.3,38,staircase3,no_load,0.0
1.005903,1.005141,gripper,20.0,20.2694,27.4043,27.7734,2138,0,28,1,12.3,39,staircase3,no_load,0.0
1.016092,1.015331,gripper,20.0,20.2694,27.4043,27.7734,2138,0,28,1,12.3,38,staircase3,no_load,0.0
1.02626,1.025498,gripper,20.0,20.2694,27.4043,27.7734,2138,0,28,1,12.3,38,staircase3,no_load,0.0
1.036438,1.035677,gripper,20.0,20.2694,27.4043,27.7734,2138,0,28,1,12.3,38,staircase3,no_load,0.0
1.047111,1.04635,gripper,20.0,20.2694,27.4043,27.7734,2138,0,28,1,12.3,39,staircase3,no_load,0.0
1.057665,1.056903,gripper,20.0,20.2694,27.4043,27.7734,2138,0,28,0,12.3,38,staircase3,no_load,0.0
1.067921,1.06716,gripper,20.0,20.2694,27.4043,27.7734,2138,0,28,1,12.3,38,staircase3,no_load,0.0
1.078725,1.077963,gripper,20.0,20.2694,27.4043,27.7734,2138,0,28,1,12.3,38,staircase3,no_load,0.0
1.089414,1.088653,gripper,20.0,20.2694,27.4043,27.7734,2138,0,28,0,12.3,38,staircase3,no_load,0.0
1.099735,1.098973,gripper,20.0,20.2694,27.4043,27.7734,2138,0,28,1,12.3,38,staircase3,no_load,0.0
1.110206,1.109445,gripper,20.0,20.2694,27.4043,27.7734,2138,0,28,1,12.3,38,staircase3,no_load,0.0
1.121063,1.120302,gripper,20.0,20.2694,27.4043,27.7734,2138,0,28,1,12.2,39,staircase3,no_load,0.0
1.131726,1.130965,gripper,20.0,20.2694,27.4043,27.7734,2138,0,28,1,12.3,38,staircase3,no_load,0.0
1.142162,1.1414,gripper,20.0,20.2694,27.4043,27.7734,2138,0,28,1,12.3,38,staircase3,no_load,0.0
1.153053,1.152292,gripper,20.0,20.2694,27.4043,27.7734,2138,0,28,0,12.3,38,staircase3,no_load,0.0
1.163762,1.163001,gripper,20.0,20.2694,27.4043,27.7734,2138,0,28,0,12.3,38,staircase3,no_load,0.0
1.17443,1.173669,gripper,20.0,20.2694,27.4043,27.7734,2138,0,28,1,12.3,39,staircase3,no_load,0.0
1.184852,1.18409,gripper,20.0,20.2694,27.4043,27.7734,2138,0,28,1,12.4,38,staircase3,no_load,0.0
1.19566,1.194899,gripper,20.0,20.2694,27.4043,27.7734,2138,0,28,0,12.3,38,staircase3,no_load,0.0
1.206753,1.205991,gripper,20.0,20.2694,27.4043,27.7734,2138,0,28,1,12.3,38,staircase3,no_load,0.0
1.21781,1.217048,gripper,20.0,20.2694,27.4043,27.7734,2138,0,28,0,12.3,38,staircase3,no_load,0.0
1.22806,1.227299,gripper,20.0,20.2694,27.4043,27.7734,2138,0,28,1,12.3,38,staircase3,no_load,0.0
1.238197,1.237435,gripper,20.0,20.2694,27.4043,27.7734,2138,0,28,0,12.3,38,staircase3,no_load,0.0
1.248459,1.247697,gripper,20.0,20.2694,27.4043,27.7734,2138,0,28,0,12.3,39,staircase3,no_load,0.0
1.259171,1.25841,gripper,20.0,20.2694,27.4043,27.7734,2138,0,28,1,12.3,38,staircase3,no_load,0.0
1.269676,1.268914,gripper,20.0,20.2694,27.4043,27.7734,2138,0,28,1,12.3,38,staircase3,no_load,0.0
1.280384,1.279622,gripper,20.0,20.2694,27.4043,27.7734,2138,0,28,0,12.3,38,staircase3,no_load,0.0
1.290875,1.290113,gripper,20.0,20.2694,27.4043,27.7734,2138,0,28,0,12.3,38,staircase3,no_load,0.0
1.301868,1.301106,gripper,20.0,20.2694,27.4043,27.7734,2138,0,28,1,12.3,39,staircase3,no_load,0.0
1.312293,1.311532,gripper,20.0,20.2694,27.4043,27.7734,2138,0,28,1,12.3,38,staircase3,no_load,0.0
1.322843,1.322082,gripper,20.0,20.2694,27.4043,27.7734,2138,0,28,0,12.3,38,staircase3,no_load,0.0
1.333881,1.33312,gripper,20.0,20.2694,27.4043,27.7734,2138,0,28,0,12.3,39,staircase3,no_load,0.0
1.345163,1.344401,gripper,20.0,20.2694,27.4043,27.7734,2138,0,28,1,12.3,38,staircase3,no_load,0.0
1.355462,1.3547,gripper,20.0,20.2694,27.4043,27.7734,2138,0,28,1,12.3,38,staircase3,no_load,0.0
1.365816,1.365054,gripper,20.0,20.2694,27.4043,27.7734,2138,0,28,1,12.3,38,staircase3,no_load,0.0
1.375971,1.37521,gripper,20.0,20.2694,27.4043,27.7734,2138,0,28,1,12.3,38,staircase3,no_load,0.0
1.386579,1.385817,gripper,20.0,20.2694,27.4043,27.7734,2138,0,28,1,12.3,38,staircase3,no_load,0.0
1.397663,1.396901,gripper,20.0,20.2694,27.4043,27.7734,2138,0,28,1,12.3,38,staircase3,no_load,0.0
1.408381,1.407619,gripper,20.0,20.2694,27.4043,27.7734,2138,0,28,0,12.3,38,staircase3,no_load,0.0
1.41902,1.418259,gripper,20.0,20.2694,27.4043,27.7734,2138,0,28,0,12.3,38,staircase3,no_load,0.0
1.429503,1.428742,gripper,20.0,20.2694,27.4043,27.7734,2138,0,28,0,12.3,38,staircase3,no_load,0.0
1.440068,1.439307,gripper,20.0,20.2694,27.4043,27.7734,2138,0,28,0,12.3,38,staircase3,no_load,0.0
1.450744,1.449982,gripper,20.0,20.2694,27.4043,27.7734,2138,0,28,1,12.3,39,staircase3,no_load,0.0
1.461055,1.460293,gripper,20.0,20.2694,27.4043,27.7734,2138,0,28,1,12.3,38,staircase3,no_load,0.0
1.471747,1.470986,gripper,20.0,20.2694,27.4043,27.7734,2138,0,28,0,12.3,38,staircase3,no_load,0.0
1.482438,1.481676,gripper,20.0,20.2694,27.4043,27.7734,2138,0,28,0,12.3,38,staircase3,no_load,0.0
1.493196,1.492434,gripper,20.0,20.2694,27.4043,27.7734,2138,0,28,1,12.3,38,staircase3,no_load,0.0
1.503905,1.503144,gripper,20.0,20.2694,27.4043,27.7734,2138,0,28,0,12.3,38,staircase3,no_load,0.0
1.514987,1.514226,gripper,20.0,20.2694,27.4043,27.7734,2138,0,28,1,12.3,38,staircase3,no_load,0.0
1.525306,1.524545,gripper,20.0,20.2694,27.4043,27.7734,2138,0,28,1,12.3,38,staircase3,no_load,0.0
1.535922,1.53516,gripper,20.0,20.2694,27.4043,27.7734,2138,0,28,1,12.3,38,staircase3,no_load,0.0
1.546298,1.545536,gripper,20.0,20.2694,27.4043,27.7734,2138,0,28,1,12.3,38,staircase3,no_load,0.0
1.556895,1.556134,gripper,20.0,20.2694,27.4043,27.7734,2138,0,28,1,12.3,38,staircase3,no_load,0.0
1.567437,1.566676,gripper,20.0,20.2694,27.4043,27.7734,2138,0,28,1,12.3,38,staircase3,no_load,0.0
1.577969,1.577207,gripper,20.0,20.2694,27.4043,27.7734,2138,0,28,1,12.3,39,staircase3,no_load,0.0
1.588022,1.587261,gripper,20.0,20.2694,27.4043,27.7734,2138,0,28,0,12.3,39,staircase3,no_load,0.0
1.598887,1.598125,gripper,20.0,20.2694,27.4043,27.7734,2138,0,28,0,12.3,38,staircase3,no_load,0.0
1.609696,2e-06,gripper,32.5,20.2694,44.532,27.7734,2138,0,28,0,12.3,38,staircase3,no_load,0.0
1.619868,0.010173,gripper,32.5,20.2694,44.532,27.7734,2138,0,24,1,12.3,38,staircase3,no_load,0.0
1.630121,0.020427,gripper,32.5,20.2694,44.532,27.7734,2138,0,0,0,12.3,38,staircase3,no_load,0.0
1.640958,0.031264,gripper,32.5,20.2694,44.532,27.7734,2138,0,1088,2,12.2,38,staircase3,no_load,0.0
1.651191,0.041497,gripper,32.5,20.2694,44.532,27.7734,2138,0,1172,9,12.3,38,staircase3,no_load,0.0
1.661656,0.051962,gripper,32.5,20.3335,44.532,27.8613,2139,50,1224,9,12.3,38,staircase3,no_load,8.399
1.672118,0.062424,gripper,32.5,20.5901,44.532,28.2129,2143,50,1292,14,12.2,38,staircase3,no_load,33.607
1.682806,0.073112,gripper,32.5,20.975,44.532,28.7402,2149,450,1344,14,12.2,38,staircase3,no_load,49.336
1.693157,0.083463,gripper,32.5,21.4881,44.532,29.4434,2157,450,1400,18,12.2,38,staircase3,no_load,67.935
1.703707,0.094013,gripper,32.5,22.1937,44.532,30.4102,2168,800,1448,18,12.2,38,staircase3,no_load,91.64
1.713891,0.104197,gripper,32.5,22.8993,44.532,31.377,2179,800,1460,14,12.3,38,staircase3,no_load,94.933
1.726404,0.11671,gripper,32.5,24.0539,44.532,32.959,2197,1250,1476,12,12.2,38,staircase3,no_load,126.429
1.736911,0.127216,gripper,32.5,25.016,44.532,34.2773,2212,1250,1416,2,12.3,38,staircase3,no_load,125.469
1.747166,0.137472,gripper,32.5,25.914,44.532,35.5078,2226,1350,1400,3,12.3,38,staircase3,no_load,119.99
1.75726,0.147566,gripper,32.5,26.8121,44.532,36.7383,2240,1350,1332,0,12.3,38,staircase3,no_load,121.904
1.767998,0.158304,gripper,32.5,27.6459,44.532,37.8809,2253,1350,1304,0,12.3,38,staircase3,no_load,106.407
1.778103,0.168409,gripper,32.5,28.3515,44.532,38.8477,2264,1350,1244,0,12.3,38,staircase3,no_load,95.675
1.788395,0.178701,gripper,32.5,28.9288,44.532,39.6387,2273,1150,1208,0,12.3,38,staircase3,no_load,76.856
1.798607,0.188913,gripper,32.5,29.5061,44.532,40.4297,2282,1150,1144,0,12.3,38,staircase3,no_load,77.458
1.80909,0.199396,gripper,32.5,29.891,44.532,40.957,2288,850,1124,0,12.3,38,staircase3,no_load,50.3
1.819934,0.21024,gripper,32.5,30.2117,44.532,41.3965,2293,500,1128,1,12.3,38,staircase3,no_load,40.529
1.830004,0.22031,gripper,32.5,30.4041,44.532,41.6602,2296,500,1132,1,12.3,38,staircase3,no_load,26.187
1.840338,0.230644,gripper,32.5,30.6607,44.532,42.0117,2300,350,1120,2,12.3,38,staircase3,no_load,34.014
1.851333,0.241639,gripper,32.5,30.8531,44.532,42.2754,2303,350,1112,1,12.3,38,staircase3,no_load,23.984
1.86184,0.252146,gripper,32.5,31.0455,44.532,42.5391,2306,250,1104,2,12.3,38,staircase3,no_load,25.098
1.87245,0.262756,gripper,32.5,31.1738,44.532,42.7148,2308,250,1100,0,12.3,41,staircase3,no_load,16.56
1.882693,0.272999,gripper,32.5,31.3663,44.532,42.9785,2311,250,1088,1,12.3,38,staircase3,no_load,25.744
1.893044,0.28335,gripper,32.5,31.4304,44.532,43.0664,2312,250,1088,1,12.3,38,staircase3,no_load,8.492
1.903343,0.293649,gripper,32.5,31.5587,44.532,43.2422,2314,150,1080,1,12.3,38,staircase3,no_load,17.07
1.913682,0.303988,gripper,32.5,31.687,44.532,43.418,2316,150,1076,1,12.3,38,staircase3,no_load,17.004
1.923981,0.314287,gripper,32.5,31.7511,44.532,43.5059,2317,150,1072,1,12.3,38,staircase3,no_load,8.535
1.934237,0.324543,gripper,32.5,31.8153,44.532,43.5938,2318,150,1068,1,12.3,39,staircase3,no_load,8.571
1.944454,0.334759,gripper,32.5,31.8794,44.532,43.6816,2319,150,1064,1,12.3,38,staircase3,no_load,8.594
1.95497,0.345276,gripper,32.5,31.8794,44.532,43.6816,2319,150,1068,1,12.3,38,staircase3,no_load,0.0
1.965528,0.355834,gripper,32.5,31.9436,44.532,43.7695,2320,50,1068,1,12.3,38,staircase3,no_load,8.325
1.975659,0.365965,gripper,32.5,32.0077,44.532,43.8574,2321,50,1060,0,12.3,39,staircase3,no_load,8.676
1.985997,0.376303,gripper,32.5,32.0718,44.532,43.9453,2322,50,1056,0,12.3,38,staircase3,no_load,8.503
1.99626,0.386566,gripper,32.5,32.0718,44.532,43.9453,2322,50,1060,1,12.3,38,staircase3,no_load,0.0
2.006336,0.396642,gripper,32.5,32.136,44.532,44.0332,2323,100,1056,1,12.3,39,staircase3,no_load,8.724
2.01645,0.406756,gripper,32.5,32.136,44.532,44.0332,2323,100,1056,1,12.3,38,staircase3,no_load,0.0
2.027018,0.417324,gripper,32.5,32.136,44.532,44.0332,2323,0,1056,0,12.3,38,staircase3,no_load,0.0
2.037801,0.428107,gripper,32.5,32.136,44.532,44.0332,2323,0,1060,0,12.3,38,staircase3,no_load,0.0
2.048465,0.438771,gripper,32.5,32.136,44.532,44.0332,2323,0,1060,1,12.3,38,staircase3,no_load,0.0
2.059003,0.449309,gripper,32.5,32.136,44.532,44.0332,2323,0,1060,0,12.3,39,staircase3,no_load,0.0
2.06921,0.459516,gripper,32.5,32.136,44.532,44.0332,2323,0,1060,1,12.3,38,staircase3,no_load,0.0
2.079513,0.469819,gripper,32.5,32.136,44.532,44.0332,2323,0,1060,1,12.3,39,staircase3,no_load,0.0
2.089966,0.480272,gripper,32.5,32.136,44.532,44.0332,2323,0,1060,0,12.3,38,staircase3,no_load,0.0
2.100022,0.490328,gripper,32.5,32.136,44.532,44.0332,2323,0,1060,1,12.3,38,staircase3,no_load,0.0
2.110539,0.500845,gripper,32.5,32.136,44.532,44.0332,2323,0,1060,0,12.3,38,staircase3,no_load,0.0
2.121064,0.51137,gripper,32.5,32.136,44.532,44.0332,2323,0,1060,1,12.3,38,staircase3,no_load,0.0
2.131498,0.521804,gripper,32.5,32.136,44.532,44.0332,2323,0,1060,1,12.3,38,staircase3,no_load,0.0
2.141829,0.532135,gripper,32.5,32.136,44.532,44.0332,2323,0,1060,1,12.3,38,staircase3,no_load,0.0
2.15247,0.542776,gripper,32.5,32.136,44.532,44.0332,2323,0,1060,1,12.3,38,staircase3,no_load,0.0
2.162582,0.552888,gripper,32.5,32.136,44.532,44.0332,2323,0,1060,1,12.3,38,staircase3,no_load,0.0
2.173554,0.56386,gripper,32.5,32.136,44.532,44.0332,2323,0,1060,1,12.3,38,staircase3,no_load,0.0
2.183659,0.573965,gripper,32.5,32.136,44.532,44.0332,2323,0,1060,1,12.3,38,staircase3,no_load,0.0
2.193742,0.584048,gripper,32.5,32.136,44.532,44.0332,2323,0,1060,1,12.3,38,staircase3,no_load,0.0
2.203929,0.594235,gripper,32.5,32.136,44.532,44.0332,2323,0,1060,1,12.3,41,staircase3,no_load,0.0
2.214198,0.604504,gripper,32.5,32.136,44.532,44.0332,2323,0,1060,1,12.3,38,staircase3,no_load,0.0
2.224777,0.615083,gripper,32.5,32.136,44.532,44.0332,2323,0,1060,1,12.3,39,staircase3,no_load,0.0
2.234976,0.625282,gripper,32.5,32.136,44.532,44.0332,2323,0,1060,1,12.3,38,staircase3,no_load,0.0
2.245304,0.63561,gripper,32.5,32.136,44.532,44.0332,2323,0,1060,0,12.2,38,staircase3,no_load,0.0
2.255596,0.645902,gripper,32.5,32.136,44.532,44.0332,2323,0,1060,1,12.3,38,staircase3,no_load,0.0
2.26629,0.656596,gripper,32.5,32.136,44.532,44.0332,2323,0,1060,1,12.3,38,staircase3,no_load,0.0
2.276722,0.667028,gripper,32.5,32.136,44.532,44.0332,2323,0,1060,1,12.3,38,staircase3,no_load,0.0
2.287411,0.677717,gripper,32.5,32.136,44.532,44.0332,2323,0,1060,0,12.3,38,staircase3,no_load,0.0
2.297712,0.688018,gripper,32.5,32.136,44.532,44.0332,2323,0,1060,1,12.3,38,staircase3,no_load,0.0
2.308218,0.698524,gripper,32.5,32.136,44.532,44.0332,2323,0,1060,1,12.3,40,staircase3,no_load,0.0
2.318977,0.709283,gripper,32.5,32.136,44.532,44.0332,2323,0,1060,1,12.3,38,staircase3,no_load,0.0
2.329752,0.720058,gripper,32.5,32.136,44.532,44.0332,2323,0,1060,1,12.3,38,staircase3,no_load,0.0
2.34045,0.730756,gripper,32.5,32.136,44.532,44.0332,2323,0,1060,1,12.3,38,staircase3,no_load,0.0
2.35086,0.741166,gripper,32.5,32.136,44.532,44.0332,2323,0,1060,1,12.3,38,staircase3,no_load,0.0
2.360996,0.751302,gripper,32.5,32.136,44.532,44.0332,2323,0,1060,1,12.3,38,staircase3,no_load,0.0
2.3713,0.761606,gripper,32.5,32.136,44.532,44.0332,2323,0,1060,1,12.3,38,staircase3,no_load,0.0
2.382275,0.77258,gripper,32.5,32.136,44.532,44.0332,2323,0,1060,1,12.3,38,staircase3,no_load,0.0
2.392438,0.782744,gripper,32.5,32.136,44.532,44.0332,2323,0,1060,1,12.3,38,staircase3,no_load,0.0
2.402537,0.792843,gripper,32.5,32.136,44.532,44.0332,2323,0,1060,1,12.3,38,staircase3,no_load,0.0
2.413007,0.803313,gripper,32.5,32.136,44.532,44.0332,2323,0,1060,1,12.3,38,staircase3,no_load,0.0
2.423929,0.814235,gripper,32.5,32.136,44.532,44.0332,2323,0,1060,0,12.1,38,staircase3,no_load,0.0
2.434101,0.824407,gripper,32.5,32.136,44.532,44.0332,2323,0,1060,1,12.3,38,staircase3,no_load,0.0
2.444502,0.834808,gripper,32.5,32.136,44.532,44.0332,2323,0,1060,0,12.3,38,staircase3,no_load,0.0
2.455197,0.845503,gripper,32.5,32.136,44.532,44.0332,2323,0,1060,1,12.3,38,staircase3,no_load,0.0
2.465768,0.856074,gripper,32.5,32.136,44.532,44.0332,2323,0,1060,1,12.3,39,staircase3,no_load,0.0
2.476079,0.866385,gripper,32.5,32.136,44.532,44.0332,2323,0,1060,1,12.3,38,staircase3,no_load,0.0
2.486142,0.876447,gripper,32.5,32.136,44.532,44.0332,2323,0,1060,1,12.3,39,staircase3,no_load,0.0
2.496391,0.886697,gripper,32.5,32.136,44.532,44.0332,2323,0,1060,0,12.2,38,staircase3,no_load,0.0
2.507037,0.897343,gripper,32.5,32.136,44.532,44.0332,2323,0,1060,1,12.3,38,staircase3,no_load,0.0
2.517175,0.907481,gripper,32.5,32.136,44.532,44.0332,2323,0,1060,1,12.2,38,staircase3,no_load,0.0
2.527462,0.917768,gripper,32.5,32.136,44.532,44.0332,2323,0,1060,1,12.3,38,staircase3,no_load,0.0
2.538336,0.928642,gripper,32.5,32.136,44.532,44.0332,2323,0,1060,1,12.3,38,staircase3,no_load,0.0
2.548921,0.939226,gripper,32.5,32.136,44.532,44.0332,2323,0,1060,2,12.2,38,staircase3,no_load,0.0
2.559949,0.950255,gripper,32.5,32.136,44.532,44.0332,2323,0,1060,1,12.3,38,staircase3,no_load,0.0
2.570735,0.961041,gripper,32.5,32.136,44.532,44.0332,2323,0,1060,1,12.3,38,staircase3,no_load,0.0
2.581059,0.971365,gripper,32.5,32.136,44.532,44.0332,2323,0,1060,1,12.3,38,staircase3,no_load,0.0
2.59125,0.981556,gripper,32.5,32.136,44.532,44.0332,2323,0,1060,1,12.3,38,staircase3,no_load,0.0
2.601455,0.991761,gripper,32.5,32.136,44.532,44.0332,2323,0,1060,1,12.3,38,staircase3,no_load,0.0
2.611661,1.001967,gripper,32.5,32.136,44.532,44.0332,2323,0,1060,1,12.3,38,staircase3,no_load,0.0
2.621948,1.012254,gripper,32.5,32.136,44.532,44.0332,2323,0,1060,1,12.3,38,staircase3,no_load,0.0
2.632047,1.022353,gripper,32.5,32.136,44.532,44.0332,2323,0,1060,0,12.3,38,staircase3,no_load,0.0
2.642459,1.032765,gripper,32.5,32.136,44.532,44.0332,2323,0,1060,1,12.3,38,staircase3,no_load,0.0
2.652772,1.043078,gripper,32.5,32.136,44.532,44.0332,2323,0,1060,1,12.3,38,staircase3,no_load,0.0
2.663077,1.053383,gripper,32.5,32.136,44.532,44.0332,2323,0,1060,1,12.3,38,staircase3,no_load,0.0
2.673332,1.063638,gripper,32.5,32.136,44.532,44.0332,2323,0,1060,1,12.3,38,staircase3,no_load,0.0
2.683725,1.074031,gripper,32.5,32.136,44.532,44.0332,2323,0,1060,1,12.3,39,staircase3,no_load,0.0
2.694751,1.085057,gripper,32.5,32.136,44.532,44.0332,2323,0,1060,1,12.3,38,staircase3,no_load,0.0
2.704896,1.095202,gripper,32.5,32.136,44.532,44.0332,2323,0,1060,1,12.3,38,staircase3,no_load,0.0
2.71515,1.105456,gripper,32.5,32.136,44.532,44.0332,2323,0,1060,1,12.3,38,staircase3,no_load,0.0
2.72617,1.116476,gripper,32.5,32.136,44.532,44.0332,2323,0,1060,1,12.3,38,staircase3,no_load,0.0
2.736477,1.126783,gripper,32.5,32.136,44.532,44.0332,2323,0,1060,1,12.3,38,staircase3,no_load,0.0
2.746596,1.136902,gripper,32.5,32.136,44.532,44.0332,2323,0,1060,1,12.3,38,staircase3,no_load,0.0
2.756762,1.147068,gripper,32.5,32.136,44.532,44.0332,2323,0,1060,1,12.3,38,staircase3,no_load,0.0
2.767577,1.157883,gripper,32.5,32.136,44.532,44.0332,2323,0,1060,1,12.3,38,staircase3,no_load,0.0
2.777778,1.168084,gripper,32.5,32.136,44.532,44.0332,2323,0,1060,1,12.3,38,staircase3,no_load,0.0
2.787991,1.178297,gripper,32.5,32.136,44.532,44.0332,2323,0,1060,1,12.3,39,staircase3,no_load,0.0
2.798574,1.18888,gripper,32.5,32.136,44.532,44.0332,2323,0,1060,1,12.3,38,staircase3,no_load,0.0
2.808972,1.199278,gripper,32.5,32.136,44.532,44.0332,2323,0,1060,1,12.3,38,staircase3,no_load,0.0
2.819516,1.209822,gripper,32.5,32.136,44.532,44.0332,2323,0,1060,1,12.3,38,staircase3,no_load,0.0
2.830028,1.220334,gripper,32.5,32.136,44.532,44.0332,2323,0,1060,0,12.3,38,staircase3,no_load,0.0
2.840467,1.230773,gripper,32.5,32.136,44.532,44.0332,2323,0,1060,0,12.3,38,staircase3,no_load,0.0
2.850865,1.241171,gripper,32.5,32.136,44.532,44.0332,2323,0,1060,1,12.3,38,staircase3,no_load,0.0
2.861046,1.251352,gripper,32.5,32.136,44.532,44.0332,2323,0,1060,0,12.3,38,staircase3,no_load,0.0
2.871183,1.261489,gripper,32.5,32.136,44.532,44.0332,2323,0,1060,1,12.3,38,staircase3,no_load,0.0
2.88134,1.271646,gripper,32.5,32.136,44.532,44.0332,2323,0,1060,1,12.3,38,staircase3,no_load,0.0
2.891654,1.28196,gripper,32.5,32.136,44.532,44.0332,2323,0,1060,1,12.3,38,staircase3,no_load,0.0
2.902735,1.293041,gripper,32.5,32.136,44.532,44.0332,2323,0,1060,0,12.3,38,staircase3,no_load,0.0
2.913173,1.303479,gripper,32.5,32.136,44.532,44.0332,2323,0,1060,1,12.3,38,staircase3,no_load,0.0
2.923511,1.313817,gripper,32.5,32.136,44.532,44.0332,2323,0,1060,1,12.3,38,staircase3,no_load,0.0
2.934033,1.324339,gripper,32.5,32.136,44.532,44.0332,2323,0,1060,1,12.3,38,staircase3,no_load,0.0
2.944363,1.334669,gripper,32.5,32.136,44.532,44.0332,2323,0,1060,1,12.3,38,staircase3,no_load,0.0
2.9548,1.345106,gripper,32.5,32.136,44.532,44.0332,2323,0,1060,1,12.3,38,staircase3,no_load,0.0
2.965051,1.355357,gripper,32.5,32.136,44.532,44.0332,2323,0,1060,1,12.2,39,staircase3,no_load,0.0
2.975486,1.365792,gripper,32.5,32.136,44.532,44.0332,2323,0,1060,1,12.3,38,staircase3,no_load,0.0
2.985756,1.376062,gripper,32.5,32.136,44.532,44.0332,2323,0,1060,1,12.3,38,staircase3,no_load,0.0
2.996345,1.386651,gripper,32.5,32.136,44.532,44.0332,2323,0,1060,1,12.3,38,staircase3,no_load,0.0
3.007273,1.397579,gripper,32.5,32.136,44.532,44.0332,2323,0,1060,1,12.3,38,staircase3,no_load,0.0
3.018056,1.408362,gripper,32.5,32.136,44.532,44.0332,2323,0,1060,1,12.3,38,staircase3,no_load,0.0
3.028808,1.419114,gripper,32.5,32.136,44.532,44.0332,2323,0,1060,1,12.3,38,staircase3,no_load,0.0
3.039607,1.429913,gripper,32.5,32.136,44.532,44.0332,2323,0,1060,1,12.3,38,staircase3,no_load,0.0
3.049933,1.440239,gripper,32.5,32.136,44.532,44.0332,2323,0,1060,1,12.3,38,staircase3,no_load,0.0
3.060353,1.450659,gripper,32.5,32.136,44.532,44.0332,2323,0,1060,1,12.3,38,staircase3,no_load,0.0
3.070715,1.461021,gripper,32.5,32.136,44.532,44.0332,2323,0,1060,1,12.3,38,staircase3,no_load,0.0
3.081009,1.471314,gripper,32.5,32.136,44.532,44.0332,2323,0,1060,1,12.3,38,staircase3,no_load,0.0
3.09182,1.482125,gripper,32.5,32.136,44.532,44.0332,2323,0,1060,1,12.3,38,staircase3,no_load,0.0
3.102471,1.492777,gripper,32.5,32.136,44.532,44.0332,2323,0,1060,1,12.3,38,staircase3,no_load,0.0
3.113141,1.503447,gripper,32.5,32.136,44.532,44.0332,2323,0,1060,1,12.3,38,staircase3,no_load,0.0
3.123545,1.513851,gripper,32.5,32.136,44.532,44.0332,2323,0,1060,0,12.3,38,staircase3,no_load,0.0
3.134229,1.524535,gripper,32.5,32.136,44.532,44.0332,2323,0,1060,1,12.3,39,staircase3,no_load,0.0
3.144869,1.535175,gripper,32.5,32.136,44.532,44.0332,2323,0,1060,1,12.3,38,staircase3,no_load,0.0
3.155599,1.545905,gripper,32.5,32.136,44.532,44.0332,2323,0,1060,1,12.3,38,staircase3,no_load,0.0
3.166359,1.556665,gripper,32.5,32.136,44.532,44.0332,2323,0,1060,1,12.3,38,staircase3,no_load,0.0
3.176974,1.56728,gripper,32.5,32.136,44.532,44.0332,2323,0,1060,1,12.3,38,staircase3,no_load,0.0
3.187335,1.577641,gripper,32.5,32.136,44.532,44.0332,2323,0,1060,1,12.3,38,staircase3,no_load,0.0
3.198115,1.588421,gripper,32.5,32.136,44.532,44.0332,2323,0,1060,1,12.3,45,staircase3,no_load,0.0
3.208547,1.598853,gripper,32.5,32.136,44.532,44.0332,2323,0,1060,1,12.3,38,staircase3,no_load,0.0
3.220213,4e-06,gripper,45.0,32.136,61.6597,44.0332,2323,0,1060,1,12.3,39,staircase3,no_load,0.0
3.230814,0.010606,gripper,45.0,32.136,61.6597,44.0332,2323,0,1068,2,12.3,38,staircase3,no_load,0.0
3.241351,0.021143,gripper,45.0,32.136,61.6597,44.0332,2323,0,1112,4,12.2,38,staircase3,no_load,0.0
3.252311,0.032102,gripper,45.0,32.2001,61.6597,44.1211,2324,0,1140,5,12.3,38,staircase3,no_load,8.02
3.263052,0.042843,gripper,45.0,32.3284,61.6597,44.2969,2326,0,1208,8,12.2,38,staircase3,no_load,16.367
3.273766,0.053558,gripper,45.0,32.585,61.6597,44.6484,2330,250,1248,9,12.3,38,staircase3,no_load,32.808
3.28517,0.064962,gripper,45.0,32.9057,61.6597,45.0879,2335,250,1316,14,12.2,38,staircase3,no_load,38.539
3.295593,0.075384,gripper,45.0,33.3547,61.6597,45.7031,2342,550,1368,17,12.2,38,staircase3,no_load,59.023
3.306055,0.085846,gripper,45.0,33.9962,61.6597,46.582,2352,550,1432,22,12.2,39,staircase3,no_load,84.009
3.316323,0.096115,gripper,45.0,34.7017,61.6597,47.5488,2363,850,1468,21,12.2,38,staircase3,no_load,94.157
3.326848,0.106639,gripper,45.0,35.5997,61.6597,48.7793,2377,850,1468,13,12.2,38,staircase3,no_load,116.912
3.337281,0.117072,gripper,45.0,36.4978,61.6597,50.0098,2391,1300,1476,6,12.3,38,staircase3,no_load,117.943
3.347796,0.127587,gripper,45.0,37.4599,61.6597,51.3281,2406,1300,1432,3,12.3,38,staircase3,no_load,125.373
3.358085,0.137876,gripper,45.0,38.3579,61.6597,52.5586,2420,1350,1412,0,12.3,38,staircase3,no_load,119.594
3.368857,0.148649,gripper,45.0,39.3201,61.6597,53.877,2435,1350,1332,0,12.3,38,staircase3,no_load,122.391
3.379383,0.159174,gripper,45.0,40.1539,61.6597,55.0195,2448,1350,1268,0,12.3,38,staircase3,no_load,108.541
3.389867,0.169658,gripper,45.0,40.8595,61.6597,55.9863,2459,1150,1228,0,12.3,39,staircase3,no_load,92.217
3.40025,0.180042,gripper,45.0,41.501,61.6597,56.8652,2469,1150,1180,0,12.3,38,staircase3,no_load,84.648
3.410891,0.190682,gripper,45.0,42.0141,61.6597,57.5684,2477,850,1148,0,12.3,52,staircase3,no_load,66.084
3.421393,0.201185,gripper,45.0,42.3348,61.6597,58.0078,2482,850,1144,0,12.3,39,staircase3,no_load,41.84
3.432041,0.211833,gripper,45.0,42.7197,61.6597,58.5352,2488,500,1124,0,12.3,38,staircase3,no_load,49.53
3.442715,0.222507,gripper,45.0,42.9763,61.6597,58.8867,2492,500,1128,0,12.3,38,staircase3,no_load,32.93
3.453342,0.233134,gripper,45.0,43.1687,61.6597,59.1504,2495,400,1116,0,12.3,38,staircase3,no_load,24.814
3.46409,0.243881,gripper,45.0,43.3611,61.6597,59.4141,2498,400,1116,1,12.3,38,staircase3,no_load,24.535
3.475054,0.254845,gripper,45.0,43.5536,61.6597,59.6777,2501,250,1104,0,12.3,38,staircase3,no_load,24.042
3.486356,0.266147,gripper,45.0,43.6818,61.6597,59.8535,2503,250,1096,1,12.3,38,staircase3,no_load,15.555
3.497007,0.276798,gripper,45.0,43.8743,61.6597,60.1172,2506,250,1088,1,12.3,38,staircase3,no_load,24.758
3.507682,0.287473,gripper,45.0,43.9384,61.6597,60.2051,2507,200,1084,0,12.3,38,staircase3,no_load,8.234
3.518159,0.297951,gripper,45.0,44.0667,61.6597,60.3809,2509,200,1076,0,12.3,39,staircase3,no_load,16.78
3.528311,0.308103,gripper,45.0,44.195,61.6597,60.5566,2511,150,1072,1,12.3,38,staircase3,no_load,17.307
3.538796,0.318587,gripper,45.0,44.2591,61.6597,60.6445,2512,150,1076,1,12.3,38,staircase3,no_load,8.383
3.54898,0.328771,gripper,45.0,44.3233,61.6597,60.7324,2513,100,1072,1,12.3,38,staircase3,no_load,8.631
3.55971,0.339501,gripper,45.0,44.3874,61.6597,60.8203,2514,100,1068,0,12.3,38,staircase3,no_load,8.192
3.570322,0.350114,gripper,45.0,44.4516,61.6597,60.9082,2515,100,1064,1,12.3,39,staircase3,no_load,8.283
3.581184,0.360975,gripper,45.0,44.5157,61.6597,60.9961,2516,100,1060,1,12.3,38,staircase3,no_load,8.092
3.591744,0.371536,gripper,45.0,44.5799,61.6597,61.084,2517,50,1056,1,12.3,38,staircase3,no_load,8.324
3.602616,0.382408,gripper,45.0,44.5799,61.6597,61.084,2517,50,1060,1,12.2,38,staircase3,no_load,0.0
3.613285,0.393077,gripper,45.0,44.5799,61.6597,61.084,2517,50,1056,1,12.3,38,staircase3,no_load,0.0
3.623932,0.403724,gripper,45.0,44.644,61.6597,61.1719,2518,50,1056,1,12.3,38,staircase3,no_load,8.256
3.634336,0.414127,gripper,45.0,44.644,61.6597,61.1719,2518,50,1056,1,12.3,38,staircase3,no_load,0.0
3.644843,0.424635,gripper,45.0,44.644,61.6597,61.1719,2518,50,1060,1,12.3,38,staircase3,no_load,0.0
3.65501,0.434802,gripper,45.0,44.644,61.6597,61.1719,2518,0,1060,1,12.3,38,staircase3,no_load,0.0
3.665518,0.445309,gripper,45.0,44.644,61.6597,61.1719,2518,0,1060,1,12.3,38,staircase3,no_load,0.0
3.67579,0.455582,gripper,45.0,44.644,61.6597,61.1719,2518,0,1060,1,12.3,38,staircase3,no_load,0.0
3.686022,0.465814,gripper,45.0,44.644,61.6597,61.1719,2518,0,1060,1,12.3,38,staircase3,no_load,0.0
3.696355,0.476147,gripper,45.0,44.644,61.6597,61.1719,2518,0,1060,1,12.3,38,staircase3,no_load,0.0
3.706559,0.486351,gripper,45.0,44.644,61.6597,61.1719,2518,0,1060,1,12.3,38,staircase3,no_load,0.0
3.716811,0.496602,gripper,45.0,44.644,61.6597,61.1719,2518,0,1060,1,12.3,38,staircase3,no_load,0.0
3.727041,0.506833,gripper,45.0,44.644,61.6597,61.1719,2518,0,1060,1,12.2,38,staircase3,no_load,0.0
3.737319,0.51711,gripper,45.0,44.644,61.6597,61.1719,2518,0,1060,1,12.3,38,staircase3,no_load,0.0
3.747661,0.527452,gripper,45.0,44.644,61.6597,61.1719,2518,0,1060,1,12.3,38,staircase3,no_load,0.0
3.757924,0.537716,gripper,45.0,44.644,61.6597,61.1719,2518,0,1060,1,12.3,38,staircase3,no_load,0.0
3.768331,0.548123,gripper,45.0,44.644,61.6597,61.1719,2518,0,1060,1,12.3,38,staircase3,no_load,0.0
3.779001,0.558793,gripper,45.0,44.644,61.6597,61.1719,2518,0,1060,1,12.3,38,staircase3,no_load,0.0
3.789389,0.56918,gripper,45.0,44.644,61.6597,61.1719,2518,0,1060,1,12.3,38,staircase3,no_load,0.0
3.800105,0.579896,gripper,45.0,44.644,61.6597,61.1719,2518,0,1060,0,12.3,38,staircase3,no_load,0.0
3.810541,0.590332,gripper,45.0,44.644,61.6597,61.1719,2518,0,1060,1,12.3,38,staircase3,no_load,0.0
3.821613,0.601405,gripper,45.0,44.644,61.6597,61.1719,2518,0,1060,1,12.3,38,staircase3,no_load,0.0
3.83198,0.611772,gripper,45.0,44.644,61.6597,61.1719,2518,0,1060,1,12.3,38,staircase3,no_load,0.0
3.842314,0.622105,gripper,45.0,44.644,61.6597,61.1719,2518,0,1060,1,12.3,38,staircase3,no_load,0.0
3.852673,0.632465,gripper,45.0,44.644,61.6597,61.1719,2518,0,1060,1,12.2,38,staircase3,no_load,0.0
3.862767,0.642558,gripper,45.0,44.644,61.6597,61.1719,2518,0,1060,1,12.3,38,staircase3,no_load,0.0
3.873186,0.652978,gripper,45.0,44.644,61.6597,61.1719,2518,0,1060,1,12.3,38,staircase3,no_load,0.0
3.883397,0.663188,gripper,45.0,44.644,61.6597,61.1719,2518,0,1060,1,12.3,38,staircase3,no_load,0.0
3.893512,0.673303,gripper,45.0,44.644,61.6597,61.1719,2518,0,1060,1,12.3,38,staircase3,no_load,0.0
3.903812,0.683604,gripper,45.0,44.644,61.6597,61.1719,2518,0,1060,1,12.3,38,staircase3,no_load,0.0
3.914709,0.694501,gripper,45.0,44.644,61.6597,61.1719,2518,0,1060,1,12.3,38,staircase3,no_load,0.0
3.924999,0.704791,gripper,45.0,44.644,61.6597,61.1719,2518,0,1060,0,12.3,39,staircase3,no_load,0.0
3.935325,0.715117,gripper,45.0,44.644,61.6597,61.1719,2518,0,1060,1,12.3,38,staircase3,no_load,0.0
3.945494,0.725285,gripper,45.0,44.644,61.6597,61.1719,2518,0,1060,1,12.3,39,staircase3,no_load,0.0
3.955784,0.735576,gripper,45.0,44.644,61.6597,61.1719,2518,0,1060,1,12.4,38,staircase3,no_load,0.0
3.96614,0.745932,gripper,45.0,44.644,61.6597,61.1719,2518,0,1060,1,12.3,38,staircase3,no_load,0.0
3.97631,0.756102,gripper,45.0,44.644,61.6597,61.1719,2518,0,1060,1,12.3,38,staircase3,no_load,0.0
3.987061,0.766852,gripper,45.0,44.644,61.6597,61.1719,2518,0,1060,1,12.3,38,staircase3,no_load,0.0
3.99756,0.777351,gripper,45.0,44.644,61.6597,61.1719,2518,0,1060,1,12.3,38,staircase3,no_load,0.0
4.008336,0.788128,gripper,45.0,44.644,61.6597,61.1719,2518,0,1060,1,12.3,39,staircase3,no_load,0.0
4.018616,0.798408,gripper,45.0,44.644,61.6597,61.1719,2518,0,1060,1,12.3,38,staircase3,no_load,0.0
4.029058,0.80885,gripper,45.0,44.644,61.6597,61.1719,2518,0,1060,1,12.3,38,staircase3,no_load,0.0
4.040015,0.819807,gripper,45.0,44.644,61.6597,61.1719,2518,0,1060,1,12.3,38,staircase3,no_load,0.0
4.050529,0.83032,gripper,45.0,44.644,61.6597,61.1719,2518,0,1060,1,12.3,38,staircase3,no_load,0.0
4.061393,0.841185,gripper,45.0,44.644,61.6597,61.1719,2518,0,1060,1,12.3,38,staircase3,no_load,0.0
4.071688,0.85148,gripper,45.0,44.644,61.6597,61.1719,2518,0,1060,0,12.3,38,staircase3,no_load,0.0
4.082235,0.862027,gripper,45.0,44.644,61.6597,61.1719,2518,0,1060,1,12.2,38,staircase3,no_load,0.0
4.092791,0.872582,gripper,45.0,44.644,61.6597,61.1719,2518,0,1060,1,12.3,38,staircase3,no_load,0.0
4.103481,0.883273,gripper,45.0,44.644,61.6597,61.1719,2518,0,1060,1,12.3,38,staircase3,no_load,0.0
4.113995,0.893786,gripper,45.0,44.644,61.6597,61.1719,2518,0,1060,1,12.3,38,staircase3,no_load,0.0
4.124211,0.904003,gripper,45.0,44.644,61.6597,61.1719,2518,0,1060,1,12.3,38,staircase3,no_load,0.0
4.134614,0.914405,gripper,45.0,44.644,61.6597,61.1719,2518,0,1060,1,12.3,38,staircase3,no_load,0.0
4.145504,0.925296,gripper,45.0,44.644,61.6597,61.1719,2518,0,1060,1,12.3,39,staircase3,no_load,0.0
4.155637,0.935428,gripper,45.0,44.644,61.6597,61.1719,2518,0,1060,1,12.3,38,staircase3,no_load,0.0
4.165761,0.945553,gripper,45.0,44.644,61.6597,61.1719,2518,0,1060,1,12.2,38,staircase3,no_load,0.0
4.176256,0.956047,gripper,45.0,44.644,61.6597,61.1719,2518,0,1060,1,12.3,38,staircase3,no_load,0.0
4.186583,0.966374,gripper,45.0,44.644,61.6597,61.1719,2518,0,1060,1,12.3,39,staircase3,no_load,0.0
4.197057,0.976848,gripper,45.0,44.644,61.6597,61.1719,2518,0,1060,1,12.3,38,staircase3,no_load,0.0
4.207568,0.98736,gripper,45.0,44.644,61.6597,61.1719,2518,0,1060,1,12.3,38,staircase3,no_load,0.0
4.217682,0.997474,gripper,45.0,44.644,61.6597,61.1719,2518,0,1060,1,12.3,38,staircase3,no_load,0.0
4.227877,1.007668,gripper,45.0,44.644,61.6597,61.1719,2518,0,1060,0,12.2,39,staircase3,no_load,0.0
4.238206,1.017998,gripper,45.0,44.644,61.6597,61.1719,2518,0,1060,1,12.3,38,staircase3,no_load,0.0
4.248469,1.02826,gripper,45.0,44.644,61.6597,61.1719,2518,0,1060,1,12.3,38,staircase3,no_load,0.0
4.25855,1.038341,gripper,45.0,44.644,61.6597,61.1719,2518,0,1060,1,12.3,38,staircase3,no_load,0.0
4.269356,1.049148,gripper,45.0,44.644,61.6597,61.1719,2518,0,1060,1,12.3,39,staircase3,no_load,0.0
4.279552,1.059344,gripper,45.0,44.644,61.6597,61.1719,2518,0,1060,1,12.3,38,staircase3,no_load,0.0
4.289677,1.069468,gripper,45.0,44.644,61.6597,61.1719,2518,0,1060,1,12.3,38,staircase3,no_load,0.0
4.300273,1.080065,gripper,45.0,44.644,61.6597,61.1719,2518,0,1060,1,12.3,38,staircase3,no_load,0.0
4.31063,1.090422,gripper,45.0,44.644,61.6597,61.1719,2518,0,1060,1,12.3,38,staircase3,no_load,0.0
4.320975,1.100767,gripper,45.0,44.644,61.6597,61.1719,2518,0,1060,1,12.3,38,staircase3,no_load,0.0
4.331203,1.110995,gripper,45.0,44.644,61.6597,61.1719,2518,0,1060,1,12.3,39,staircase3,no_load,0.0
4.341482,1.121274,gripper,45.0,44.644,61.6597,61.1719,2518,0,1060,0,12.3,39,staircase3,no_load,0.0
4.35166,1.131452,gripper,45.0,44.644,61.6597,61.1719,2518,0,1060,1,12.3,39,staircase3,no_load,0.0
4.361948,1.14174,gripper,45.0,44.644,61.6597,61.1719,2518,0,1060,1,12.3,38,staircase3,no_load,0.0
4.372049,1.151841,gripper,45.0,44.644,61.6597,61.1719,2518,0,1060,1,12.3,39,staircase3,no_load,0.0
4.382531,1.162322,gripper,45.0,44.644,61.6597,61.1719,2518,0,1060,1,12.3,38,staircase3,no_load,0.0
4.392748,1.172539,gripper,45.0,44.644,61.6597,61.1719,2518,0,1060,1,12.3,38,staircase3,no_load,0.0
4.402928,1.182719,gripper,45.0,44.644,61.6597,61.1719,2518,0,1060,1,12.3,38,staircase3,no_load,0.0
4.413913,1.193704,gripper,45.0,44.644,61.6597,61.1719,2518,0,1060,1,12.3,39,staircase3,no_load,0.0
4.424452,1.204243,gripper,45.0,44.644,61.6597,61.1719,2518,0,1060,1,12.3,38,staircase3,no_load,0.0
4.435173,1.214965,gripper,45.0,44.644,61.6597,61.1719,2518,0,1060,1,12.3,38,staircase3,no_load,0.0
4.445394,1.225186,gripper,45.0,44.644,61.6597,61.1719,2518,0,1060,1,12.3,38,staircase3,no_load,0.0
4.455933,1.235725,gripper,45.0,44.644,61.6597,61.1719,2518,0,1060,1,12.3,38,staircase3,no_load,0.0
4.466158,1.24595,gripper,45.0,44.644,61.6597,61.1719,2518,0,1060,1,12.3,38,staircase3,no_load,0.0
4.476413,1.256205,gripper,45.0,44.644,61.6597,61.1719,2518,0,1060,1,12.3,38,staircase3,no_load,0.0
4.48653,1.266322,gripper,45.0,44.644,61.6597,61.1719,2518,0,1060,1,12.3,38,staircase3,no_load,0.0
4.496961,1.276752,gripper,45.0,44.644,61.6597,61.1719,2518,0,1060,1,12.3,38,staircase3,no_load,0.0
4.507237,1.287029,gripper,45.0,44.644,61.6597,61.1719,2518,0,1060,1,12.3,38,staircase3,no_load,0.0
4.517688,1.297479,gripper,45.0,44.644,61.6597,61.1719,2518,0,1060,1,12.2,38,staircase3,no_load,0.0
4.528352,1.308144,gripper,45.0,44.644,61.6597,61.1719,2518,0,1060,1,12.3,38,staircase3,no_load,0.0
4.538491,1.318283,gripper,45.0,44.644,61.6597,61.1719,2518,0,1060,1,12.3,38,staircase3,no_load,0.0
4.549376,1.329167,gripper,45.0,44.644,61.6597,61.1719,2518,0,1060,1,12.3,38,staircase3,no_load,0.0
4.559828,1.339619,gripper,45.0,44.644,61.6597,61.1719,2518,0,1060,1,12.3,38,staircase3,no_load,0.0
4.570779,1.35057,gripper,45.0,44.644,61.6597,61.1719,2518,0,1060,1,12.3,38,staircase3,no_load,0.0
4.581114,1.360906,gripper,45.0,44.644,61.6597,61.1719,2518,0,1060,1,12.3,38,staircase3,no_load,0.0
4.591625,1.371416,gripper,45.0,44.644,61.6597,61.1719,2518,0,1060,1,12.3,38,staircase3,no_load,0.0
4.602176,1.381968,gripper,45.0,44.644,61.6597,61.1719,2518,0,1060,1,12.3,38,staircase3,no_load,0.0
4.612477,1.392269,gripper,45.0,44.644,61.6597,61.1719,2518,0,1060,1,12.3,38,staircase3,no_load,0.0
4.622994,1.402786,gripper,45.0,44.644,61.6597,61.1719,2518,0,1060,1,12.3,38,staircase3,no_load,0.0
4.633739,1.413531,gripper,45.0,44.644,61.6597,61.1719,2518,0,1060,1,12.3,38,staircase3,no_load,0.0
4.643848,1.42364,gripper,45.0,44.644,61.6597,61.1719,2518,0,1060,1,12.3,38,staircase3,no_load,0.0
4.65446,1.434252,gripper,45.0,44.644,61.6597,61.1719,2518,0,1060,1,12.3,38,staircase3,no_load,0.0
4.664783,1.444574,gripper,45.0,44.644,61.6597,61.1719,2518,0,1060,1,12.3,38,staircase3,no_load,0.0
4.674941,1.454732,gripper,45.0,44.644,61.6597,61.1719,2518,0,1060,1,12.3,38,staircase3,no_load,0.0
4.685202,1.464994,gripper,45.0,44.644,61.6597,61.1719,2518,0,1060,1,12.3,38,staircase3,no_load,0.0
4.695255,1.475047,gripper,45.0,44.644,61.6597,61.1719,2518,0,1060,1,12.3,38,staircase3,no_load,0.0
4.70576,1.485551,gripper,45.0,44.644,61.6597,61.1719,2518,0,1060,1,12.3,38,staircase3,no_load,0.0
4.715968,1.495759,gripper,45.0,44.644,61.6597,61.1719,2518,0,1060,1,12.3,38,staircase3,no_load,0.0
4.726463,1.506255,gripper,45.0,44.644,61.6597,61.1719,2518,0,1060,1,12.3,38,staircase3,no_load,0.0
4.736958,1.516749,gripper,45.0,44.644,61.6597,61.1719,2518,0,1060,1,12.3,38,staircase3,no_load,0.0
4.74712,1.526911,gripper,45.0,44.644,61.6597,61.1719,2518,0,1060,1,12.3,38,staircase3,no_load,0.0
4.758036,1.537827,gripper,45.0,44.644,61.6597,61.1719,2518,0,1060,1,12.3,38,staircase3,no_load,0.0
4.768295,1.548087,gripper,45.0,44.644,61.6597,61.1719,2518,0,1060,2,12.3,39,staircase3,no_load,0.0
4.778623,1.558415,gripper,45.0,44.644,61.6597,61.1719,2518,0,1060,1,12.3,38,staircase3,no_load,0.0
4.788757,1.568549,gripper,45.0,44.644,61.6597,61.1719,2518,0,1060,1,12.3,38,staircase3,no_load,0.0
4.799211,1.579003,gripper,45.0,44.644,61.6597,61.1719,2518,0,1060,0,12.3,38,staircase3,no_load,0.0
4.8094,1.589192,gripper,45.0,44.644,61.6597,61.1719,2518,0,1060,1,12.3,38,staircase3,no_load,0.0
4.81993,1.599722,gripper,45.0,44.644,61.6597,61.1719,2518,0,1060,1,12.3,38,staircase3,no_load,0.0
4.830598,2e-06,gripper,57.5,44.644,78.7874,61.1719,2518,0,1060,1,12.2,38,staircase3,no_load,0.0
4.840857,0.010261,gripper,57.5,44.644,78.7874,61.1719,2518,0,1064,1,12.2,38,staircase3,no_load,0.0
4.851522,0.020925,gripper,57.5,44.644,78.7874,61.1719,2518,0,1104,3,12.3,53,staircase3,no_load,0.0
4.86164,0.031043,gripper,57.5,44.644,78.7874,61.1719,2518,0,1132,4,12.2,39,staircase3,no_load,0.0
4.872107,0.041511,gripper,57.5,44.7723,78.7874,61.3477,2520,0,1204,8,12.2,38,staircase3,no_load,16.796
4.882445,0.051849,gripper,57.5,44.9647,78.7874,61.6113,2523,200,1244,10,12.2,38,staircase3,no_load,25.498
4.893451,0.062854,gripper,57.5,45.2854,78.7874,62.0508,2528,200,1296,14,12.2,38,staircase3,no_load,39.933
4.904248,0.073651,gripper,57.5,45.7986,78.7874,62.7539,2536,500,1348,14,12.3,38,staircase3,no_load,65.12
4.914508,0.083911,gripper,57.5,46.3759,78.7874,63.5449,2545,500,1412,21,12.2,38,staircase3,no_load,77.096
4.925253,0.094657,gripper,57.5,47.0815,78.7874,64.5117,2556,900,1456,22,12.3,38,staircase3,no_load,89.977
4.936281,0.105685,gripper,57.5,48.0436,78.7874,65.8301,2571,900,1480,16,12.2,38,staircase3,no_load,119.55
4.946745,0.116149,gripper,57.5,48.9416,78.7874,67.0605,2585,1250,1488,14,12.2,38,staircase3,no_load,117.584
4.956872,0.126275,gripper,57.5,49.7755,78.7874,68.2031,2598,1250,1420,2,12.3,38,staircase3,no_load,112.827
4.967133,0.136536,gripper,57.5,50.8018,78.7874,69.6094,2614,1400,1408,1,12.3,38,staircase3,no_load,137.053
4.977529,0.146932,gripper,57.5,51.6357,78.7874,70.752,2627,1400,1348,0,12.3,38,staircase3,no_load,109.908
4.987692,0.157095,gripper,57.5,52.4695,78.7874,71.8945,2640,1300,1320,0,12.3,38,staircase3,no_load,112.418
4.997805,0.167208,gripper,57.5,53.1751,78.7874,72.8613,2651,1300,1248,0,12.3,38,staircase3,no_load,95.6
5.007929,0.177333,gripper,57.5,53.8165,78.7874,73.7402,2661,1200,1208,0,12.3,38,staircase3,no_load,86.814
5.018229,0.187632,gripper,57.5,54.3297,78.7874,74.4434,2669,850,1152,0,12.3,38,staircase3,no_load,68.272
5.028354,0.197757,gripper,57.5,54.7146,78.7874,74.9707,2675,850,1132,0,12.3,38,staircase3,no_load,52.079
5.039122,0.208526,gripper,57.5,55.0353,78.7874,75.4102,2680,500,1136,0,12.3,38,staircase3,no_load,40.815
5.04938,0.218784,gripper,57.5,55.2919,78.7874,75.7617,2684,500,1140,1,12.3,38,staircase3,no_load,34.266
5.060434,0.229837,gripper,57.5,55.5484,78.7874,76.1133,2688,350,1124,1,12.3,39,staircase3,no_load,31.807
5.071353,0.240756,gripper,57.5,55.7409,78.7874,76.377,2691,350,1112,0,12.3,38,staircase3,no_load,24.151
5.081488,0.250892,gripper,57.5,55.9333,78.7874,76.6406,2694,300,1104,1,12.3,38,staircase3,no_load,26.009
5.091558,0.260962,gripper,57.5,56.0616,78.7874,76.8164,2696,300,1104,1,12.2,38,staircase3,no_load,17.458
5.10208,0.271484,gripper,57.5,56.254,78.7874,77.0801,2699,250,1092,1,12.3,39,staircase3,no_load,25.062
5.112163,0.281566,gripper,57.5,56.3823,78.7874,77.2559,2701,250,1088,1,12.3,38,staircase3,no_load,17.435
5.123191,0.292594,gripper,57.5,56.4464,78.7874,77.3438,2702,200,1080,1,12.0,38,staircase3,no_load,7.971
5.133413,0.302817,gripper,57.5,56.5747,78.7874,77.5195,2704,200,1080,1,12.3,38,staircase3,no_load,17.188
5.143675,0.313078,gripper,57.5,56.6389,78.7874,77.6074,2705,150,1072,1,12.3,38,staircase3,no_load,8.566
5.154056,0.32346,gripper,57.5,56.7672,78.7874,77.7832,2707,150,1068,1,12.3,38,staircase3,no_load,16.935
5.164875,0.334279,gripper,57.5,56.8313,78.7874,77.8711,2708,100,1064,1,12.3,37,staircase3,no_load,8.125
5.175132,0.344536,gripper,57.5,56.8313,78.7874,77.8711,2708,100,1068,1,12.3,38,staircase3,no_load,0.0
5.185322,0.354726,gripper,57.5,56.8954,78.7874,77.959,2709,100,1064,1,12.3,38,staircase3,no_load,8.626
5.195911,0.365314,gripper,57.5,56.9596,78.7874,78.0469,2710,100,1060,1,12.3,38,staircase3,no_load,8.301
5.206227,0.37563,gripper,57.5,57.0237,78.7874,78.1348,2711,50,1056,0,12.3,38,staircase3,no_load,8.521
5.216691,0.386095,gripper,57.5,57.0237,78.7874,78.1348,2711,50,1060,1,12.3,38,staircase3,no_load,0.0
5.22707,0.396473,gripper,57.5,57.0879,78.7874,78.2227,2712,50,1056,1,12.3,38,staircase3,no_load,8.469
5.237412,0.406815,gripper,57.5,57.0879,78.7874,78.2227,2712,50,1056,1,12.3,38,staircase3,no_load,0.0
5.247491,0.416895,gripper,57.5,57.0879,78.7874,78.2227,2712,50,1060,1,12.3,38,staircase3,no_load,0.0
5.257773,0.427176,gripper,57.5,57.0879,78.7874,78.2227,2712,0,1060,1,12.3,38,staircase3,no_load,0.0
5.268286,0.437689,gripper,57.5,57.0879,78.7874,78.2227,2712,0,1060,1,12.3,38,staircase3,no_load,0.0
5.278883,0.448287,gripper,57.5,57.0879,78.7874,78.2227,2712,0,1060,1,12.3,38,staircase3,no_load,0.0
5.289571,0.458975,gripper,57.5,57.0879,78.7874,78.2227,2712,0,1060,0,12.3,38,staircase3,no_load,0.0
5.300015,0.469418,gripper,57.5,57.0879,78.7874,78.2227,2712,0,1060,1,12.3,38,staircase3,no_load,0.0
5.310698,0.480102,gripper,57.5,57.0879,78.7874,78.2227,2712,0,1060,1,12.3,38,staircase3,no_load,0.0
5.321089,0.490492,gripper,57.5,57.0879,78.7874,78.2227,2712,0,1060,1,12.3,38,staircase3,no_load,0.0
5.332164,0.501568,gripper,57.5,57.0879,78.7874,78.2227,2712,0,1060,1,12.3,38,staircase3,no_load,0.0
5.342504,0.511907,gripper,57.5,57.0879,78.7874,78.2227,2712,0,1060,1,12.2,38,staircase3,no_load,0.0
5.353023,0.522427,gripper,57.5,57.0879,78.7874,78.2227,2712,0,1060,0,12.3,38,staircase3,no_load,0.0
5.363875,0.533279,gripper,57.5,57.0879,78.7874,78.2227,2712,0,1060,1,12.3,38,staircase3,no_load,0.0
5.373978,0.543381,gripper,57.5,57.0879,78.7874,78.2227,2712,0,1060,0,12.3,38,staircase3,no_load,0.0
5.384104,0.553508,gripper,57.5,57.0879,78.7874,78.2227,2712,0,1060,1,12.3,38,staircase3,no_load,0.0
5.394397,0.5638,gripper,57.5,57.0879,78.7874,78.2227,2712,0,1060,1,12.3,39,staircase3,no_load,0.0
5.404651,0.574054,gripper,57.5,57.0879,78.7874,78.2227,2712,0,1060,1,12.3,39,staircase3,no_load,0.0
5.415163,0.584567,gripper,57.5,57.0879,78.7874,78.2227,2712,0,1060,1,12.3,38,staircase3,no_load,0.0
5.425582,0.594986,gripper,57.5,57.0879,78.7874,78.2227,2712,0,1060,0,12.3,38,staircase3,no_load,0.0
5.435794,0.605197,gripper,57.5,57.0879,78.7874,78.2227,2712,0,1060,2,12.3,38,staircase3,no_load,0.0
5.446124,0.615528,gripper,57.5,57.0879,78.7874,78.2227,2712,0,1060,1,12.3,38,staircase3,no_load,0.0
5.456427,0.62583,gripper,57.5,57.0879,78.7874,78.2227,2712,0,1060,1,12.3,38,staircase3,no_load,0.0
5.466673,0.636076,gripper,57.5,57.0879,78.7874,78.2227,2712,0,1060,1,12.3,38,staircase3,no_load,0.0
5.477107,0.64651,gripper,57.5,57.0879,78.7874,78.2227,2712,0,1060,1,12.3,38,staircase3,no_load,0.0
5.487478,0.656882,gripper,57.5,57.0879,78.7874,78.2227,2712,0,1060,1,12.3,38,staircase3,no_load,0.0
5.497838,0.667242,gripper,57.5,57.0879,78.7874,78.2227,2712,0,1060,1,12.3,38,staircase3,no_load,0.0
5.508156,0.67756,gripper,57.5,57.0879,78.7874,78.2227,2712,0,1060,1,12.3,39,staircase3,no_load,0.0
5.519195,0.688598,gripper,57.5,57.0879,78.7874,78.2227,2712,0,1060,1,12.3,38,staircase3,no_load,0.0
5.530179,0.699583,gripper,57.5,57.0879,78.7874,78.2227,2712,0,1060,1,12.3,38,staircase3,no_load,0.0
5.540398,0.709801,gripper,57.5,57.0879,78.7874,78.2227,2712,0,1060,1,12.3,38,staircase3,no_load,0.0
5.550971,0.720374,gripper,57.5,57.0879,78.7874,78.2227,2712,0,1060,1,12.3,38,staircase3,no_load,0.0
5.561388,0.730791,gripper,57.5,57.0879,78.7874,78.2227,2712,0,1060,1,12.3,38,staircase3,no_load,0.0
5.571661,0.741065,gripper,57.5,57.0879,78.7874,78.2227,2712,0,1060,1,12.3,38,staircase3,no_load,0.0
5.582049,0.751452,gripper,57.5,57.0879,78.7874,78.2227,2712,0,1060,1,12.3,38,staircase3,no_load,0.0
5.592679,0.762083,gripper,57.5,57.0879,78.7874,78.2227,2712,0,1060,1,12.3,38,staircase3,no_load,0.0
5.602953,0.772356,gripper,57.5,57.0879,78.7874,78.2227,2712,0,1060,0,12.3,38,staircase3,no_load,0.0
5.614085,0.783488,gripper,57.5,57.0879,78.7874,78.2227,2712,0,1060,1,12.3,39,staircase3,no_load,0.0
5.624699,0.794102,gripper,57.5,57.0879,78.7874,78.2227,2712,0,1060,1,12.3,38,staircase3,no_load,0.0
5.635264,0.804668,gripper,57.5,57.0879,78.7874,78.2227,2712,0,1060,1,12.3,38,staircase3,no_load,0.0
5.645739,0.815143,gripper,57.5,57.0879,78.7874,78.2227,2712,0,1060,1,12.3,39,staircase3,no_load,0.0
5.655873,0.825276,gripper,57.5,57.0879,78.7874,78.2227,2712,0,1060,1,12.3,38,staircase3,no_load,0.0
5.666407,0.83581,gripper,57.5,57.0879,78.7874,78.2227,2712,0,1060,1,12.3,38,staircase3,no_load,0.0
5.676981,0.846384,gripper,57.5,57.0879,78.7874,78.2227,2712,0,1060,1,12.3,38,staircase3,no_load,0.0
5.687455,0.856858,gripper,57.5,57.0879,78.7874,78.2227,2712,0,1060,1,12.3,38,staircase3,no_load,0.0
5.698103,0.867506,gripper,57.5,57.0879,78.7874,78.2227,2712,0,1060,1,12.3,38,staircase3,no_load,0.0
5.708546,0.877949,gripper,57.5,57.0879,78.7874,78.2227,2712,0,1060,0,12.3,38,staircase3,no_load,0.0
5.719279,0.888682,gripper,57.5,57.0879,78.7874,78.2227,2712,0,1060,1,12.3,38,staircase3,no_load,0.0
5.729519,0.898922,gripper,57.5,57.0879,78.7874,78.2227,2712,0,1060,1,12.3,38,staircase3,no_load,0.0
5.740105,0.909509,gripper,57.5,57.0879,78.7874,78.2227,2712,0,1060,1,12.3,39,staircase3,no_load,0.0
5.750781,0.920184,gripper,57.5,57.0879,78.7874,78.2227,2712,0,1060,1,12.3,38,staircase3,no_load,0.0
5.761201,0.930605,gripper,57.5,57.0879,78.7874,78.2227,2712,0,1060,1,12.3,38,staircase3,no_load,0.0
5.771872,0.941275,gripper,57.5,57.0879,78.7874,78.2227,2712,0,1060,1,12.3,39,staircase3,no_load,0.0
5.782537,0.95194,gripper,57.5,57.0879,78.7874,78.2227,2712,0,1060,1,12.3,38,staircase3,no_load,0.0
5.792827,0.962231,gripper,57.5,57.0879,78.7874,78.2227,2712,0,1060,1,12.3,38,staircase3,no_load,0.0
5.80396,0.973363,gripper,57.5,57.0879,78.7874,78.2227,2712,0,1060,1,12.3,38,staircase3,no_load,0.0
5.814184,0.983587,gripper,57.5,57.0879,78.7874,78.2227,2712,0,1060,1,12.3,38,staircase3,no_load,0.0
5.824669,0.994072,gripper,57.5,57.0879,78.7874,78.2227,2712,0,1060,1,12.3,38,staircase3,no_load,0.0
5.835397,1.0048,gripper,57.5,57.0879,78.7874,78.2227,2712,0,1060,1,12.3,38,staircase3,no_load,0.0
5.84588,1.015284,gripper,57.5,57.0879,78.7874,78.2227,2712,0,1060,1,12.3,38,staircase3,no_load,0.0
5.856482,1.025885,gripper,57.5,57.0879,78.7874,78.2227,2712,0,1060,1,12.3,38,staircase3,no_load,0.0
5.866632,1.036035,gripper,57.5,57.0879,78.7874,78.2227,2712,0,1060,1,12.3,38,staircase3,no_load,0.0
5.876932,1.046336,gripper,57.5,57.0879,78.7874,78.2227,2712,0,1060,1,12.3,38,staircase3,no_load,0.0
5.887091,1.056495,gripper,57.5,57.0879,78.7874,78.2227,2712,0,1060,1,12.3,38,staircase3,no_load,0.0
5.89776,1.067164,gripper,57.5,57.0879,78.7874,78.2227,2712,0,1060,1,12.3,38,staircase3,no_load,0.0
5.908676,1.07808,gripper,57.5,57.0879,78.7874,78.2227,2712,0,1060,1,12.3,38,staircase3,no_load,0.0
5.919315,1.088718,gripper,57.5,57.0879,78.7874,78.2227,2712,0,1060,1,12.3,38,staircase3,no_load,0.0
5.929694,1.099098,gripper,57.5,57.0879,78.7874,78.2227,2712,0,1060,1,12.3,39,staircase3,no_load,0.0
5.939938,1.109342,gripper,57.5,57.0879,78.7874,78.2227,2712,0,1060,1,12.3,39,staircase3,no_load,0.0
5.950451,1.119854,gripper,57.5,57.0879,78.7874,78.2227,2712,0,1060,0,12.3,38,staircase3,no_load,0.0
5.960894,1.130298,gripper,57.5,57.0879,78.7874,78.2227,2712,0,1060,1,12.3,38,staircase3,no_load,0.0
5.971218,1.140621,gripper,57.5,57.0879,78.7874,78.2227,2712,0,1060,1,12.3,38,staircase3,no_load,0.0
5.981491,1.150895,gripper,57.5,57.0879,78.7874,78.2227,2712,0,1060,1,12.3,39,staircase3,no_load,0.0
5.992254,1.161658,gripper,57.5,57.0879,78.7874,78.2227,2712,0,1060,1,12.3,38,staircase3,no_load,0.0
6.002412,1.171816,gripper,57.5,57.0879,78.7874,78.2227,2712,0,1060,1,12.3,38,staircase3,no_load,0.0
6.012713,1.182116,gripper,57.5,57.0879,78.7874,78.2227,2712,0,1060,1,12.3,38,staircase3,no_load,0.0
6.022943,1.192346,gripper,57.5,57.0879,78.7874,78.2227,2712,0,1060,1,12.3,38,staircase3,no_load,0.0
6.034002,1.203406,gripper,57.5,57.0879,78.7874,78.2227,2712,0,1060,1,12.3,38,staircase3,no_load,0.0
6.044368,1.213772,gripper,57.5,57.0879,78.7874,78.2227,2712,0,1060,1,12.3,38,staircase3,no_load,0.0
6.054561,1.223965,gripper,57.5,57.0879,78.7874,78.2227,2712,0,1060,1,12.3,38,staircase3,no_load,0.0
6.064874,1.234278,gripper,57.5,57.0879,78.7874,78.2227,2712,0,1060,1,12.3,38,staircase3,no_load,0.0
6.075021,1.244425,gripper,57.5,57.0879,78.7874,78.2227,2712,0,1060,1,12.3,38,staircase3,no_load,0.0
6.085789,1.255192,gripper,57.5,57.0879,78.7874,78.2227,2712,0,1060,1,12.3,38,staircase3,no_load,0.0
6.095913,1.265316,gripper,57.5,57.0879,78.7874,78.2227,2712,0,1060,1,12.3,38,staircase3,no_load,0.0
6.106075,1.275478,gripper,57.5,57.0879,78.7874,78.2227,2712,0,1060,1,12.3,39,staircase3,no_load,0.0
6.116371,1.285774,gripper,57.5,57.0879,78.7874,78.2227,2712,0,1060,1,12.3,39,staircase3,no_load,0.0
6.126556,1.295959,gripper,57.5,57.0879,78.7874,78.2227,2712,0,1060,1,12.3,38,staircase3,no_load,0.0
6.137203,1.306606,gripper,57.5,57.0879,78.7874,78.2227,2712,0,1060,1,12.3,38,staircase3,no_load,0.0
6.147758,1.317161,gripper,57.5,57.0879,78.7874,78.2227,2712,0,1060,1,12.3,39,staircase3,no_load,0.0
6.158481,1.327885,gripper,57.5,57.0879,78.7874,78.2227,2712,0,1060,1,12.3,38,staircase3,no_load,0.0
6.169095,1.338499,gripper,57.5,57.0879,78.7874,78.2227,2712,0,1060,1,12.3,38,staircase3,no_load,0.0
6.180248,1.349651,gripper,57.5,57.0879,78.7874,78.2227,2712,0,1060,1,12.3,38,staircase3,no_load,0.0
6.191056,1.36046,gripper,57.5,57.0879,78.7874,78.2227,2712,0,1060,1,12.3,39,staircase3,no_load,0.0
6.201695,1.371098,gripper,57.5,57.0879,78.7874,78.2227,2712,0,1060,1,12.3,38,staircase3,no_load,0.0
6.212362,1.381765,gripper,57.5,57.0879,78.7874,78.2227,2712,0,1060,1,12.3,38,staircase3,no_load,0.0
6.222941,1.392344,gripper,57.5,57.0879,78.7874,78.2227,2712,0,1060,1,12.3,38,staircase3,no_load,0.0
6.233127,1.402531,gripper,57.5,57.0879,78.7874,78.2227,2712,0,1060,1,12.3,38,staircase3,no_load,0.0
6.243815,1.413219,gripper,57.5,57.0879,78.7874,78.2227,2712,0,1060,1,12.3,38,staircase3,no_load,0.0
6.254362,1.423766,gripper,57.5,57.0879,78.7874,78.2227,2712,0,1060,1,12.3,38,staircase3,no_load,0.0
6.264985,1.434388,gripper,57.5,57.0879,78.7874,78.2227,2712,0,1060,1,12.3,38,staircase3,no_load,0.0
6.275625,1.445028,gripper,57.5,57.0879,78.7874,78.2227,2712,0,1060,0,12.3,38,staircase3,no_load,0.0
6.285933,1.455336,gripper,57.5,57.0879,78.7874,78.2227,2712,0,1060,1,12.3,38,staircase3,no_load,0.0
6.296994,1.466398,gripper,57.5,57.0879,78.7874,78.2227,2712,0,1060,0,12.3,38,staircase3,no_load,0.0
6.30772,1.477123,gripper,57.5,57.0879,78.7874,78.2227,2712,0,1060,1,12.3,38,staircase3,no_load,0.0
6.317941,1.487344,gripper,57.5,57.0879,78.7874,78.2227,2712,0,1060,1,12.3,38,staircase3,no_load,0.0
6.328129,1.497533,gripper,57.5,57.0879,78.7874,78.2227,2712,0,1060,1,12.4,38,staircase3,no_load,0.0
6.33841,1.507813,gripper,57.5,57.0879,78.7874,78.2227,2712,0,1060,1,12.3,38,staircase3,no_load,0.0
6.348631,1.518035,gripper,57.5,57.0879,78.7874,78.2227,2712,0,1060,1,12.3,38,staircase3,no_load,0.0
6.358769,1.528172,gripper,57.5,57.0879,78.7874,78.2227,2712,0,1060,0,12.3,38,staircase3,no_load,0.0
6.368954,1.538357,gripper,57.5,57.0879,78.7874,78.2227,2712,0,1060,1,12.3,38,staircase3,no_load,0.0
6.379121,1.548524,gripper,57.5,57.0879,78.7874,78.2227,2712,0,1060,1,12.3,38,staircase3,no_load,0.0
6.389283,1.558686,gripper,57.5,57.0879,78.7874,78.2227,2712,0,1060,1,12.3,38,staircase3,no_load,0.0
6.399643,1.569047,gripper,57.5,57.0879,78.7874,78.2227,2712,0,1060,1,12.3,38,staircase3,no_load,0.0
6.410119,1.579523,gripper,57.5,57.0879,78.7874,78.2227,2712,0,1060,1,12.3,38,staircase3,no_load,0.0
6.420507,1.589911,gripper,57.5,57.0879,78.7874,78.2227,2712,0,1060,1,12.3,38,staircase3,no_load,0.0
6.43195,3e-06,gripper,45.0,57.0879,61.6597,78.2227,2712,0,1060,1,12.3,38,staircase3,no_load,0.0
6.442172,0.010225,gripper,45.0,57.0879,61.6597,78.2227,2712,0,1044,0,12.3,39,staircase3,no_load,0.0
6.452666,0.020719,gripper,45.0,57.0879,61.6597,78.2227,2712,0,24,0,12.3,38,staircase3,no_load,0.0
6.463188,0.031241,gripper,45.0,57.0879,61.6597,78.2227,2712,0,76,3,12.3,38,staircase3,no_load,0.0
6.473961,0.042014,gripper,45.0,57.0879,61.6597,78.2227,2712,0,116,5,12.3,38,staircase3,no_load,0.0
6.484256,0.052308,gripper,45.0,57.0879,61.6597,78.2227,2712,0,220,12,12.2,38,staircase3,no_load,0.0
6.494505,0.062557,gripper,45.0,57.0237,61.6597,78.1348,2711,0,272,13,12.2,38,staircase3,no_load,-8.576
6.50543,0.073482,gripper,45.0,56.6389,61.6597,77.6074,2705,0,352,18,12.2,38,staircase3,no_load,-48.275
6.515623,0.083675,gripper,45.0,56.1257,61.6597,76.9043,2697,-500,408,23,12.2,38,staircase3,no_load,-68.979
6.526512,0.094564,gripper,45.0,55.4201,61.6597,75.9375,2686,-500,452,18,12.2,38,staircase3,no_load,-88.787
6.536679,0.104732,gripper,45.0,54.7146,61.6597,74.9707,2675,-950,480,21,12.3,38,staircase3,no_load,-95.092
6.547881,0.115934,gripper,45.0,53.6883,61.6597,73.5645,2659,-950,456,10,12.2,38,staircase3,no_load,-125.531
6.55868,0.126732,gripper,45.0,52.662,61.6597,72.1582,2643,-1250,384,0,12.4,38,staircase3,no_load,-130.225
6.569093,0.137145,gripper,45.0,51.6998,61.6597,70.8398,2628,-1500,368,0,12.3,38,staircase3,no_load,-126.611
6.579741,0.147793,gripper,45.0,50.7377,61.6597,69.5215,2613,-1500,304,0,12.3,38,staircase3,no_load,-123.807
6.58999,0.158042,gripper,45.0,49.9679,61.6597,68.4668,2601,-1300,276,0,12.3,38,staircase3,no_load,-102.908
6.600574,0.168626,gripper,45.0,49.1982,61.6597,67.4121,2589,-1300,200,0,12.3,38,staircase3,no_load,-99.65
6.611802,0.179855,gripper,45.0,48.6209,61.6597,66.6211,2580,-1000,164,0,12.3,38,staircase3,no_load,-70.449
6.622475,0.190527,gripper,45.0,48.0436,61.6597,65.8301,2571,-1000,136,0,12.3,38,staircase3,no_load,-74.112
6.633106,0.201158,gripper,45.0,47.6588,61.6597,65.3027,2565,-700,112,0,12.3,38,staircase3,no_load,-49.61
6.643762,0.211814,gripper,45.0,47.338,61.6597,64.8633,2560,-700,108,0,12.3,38,staircase3,no_load,-41.235
6.654455,0.222507,gripper,45.0,47.0815,61.6597,64.5117,2556,-450,88,1,12.3,38,staircase3,no_load,-32.881
6.665876,0.233928,gripper,45.0,46.889,61.6597,64.248,2553,-450,96,1,12.3,38,staircase3,no_load,-23.089
6.676106,0.244158,gripper,45.0,46.6325,61.6597,63.8965,2549,-350,84,0,12.3,38,staircase3,no_load,-34.36
6.686288,0.254341,gripper,45.0,46.44,61.6597,63.6328,2546,-350,72,1,12.3,38,staircase3,no_load,-25.899
6.696651,0.264703,gripper,45.0,46.3117,61.6597,63.457,2544,-300,64,1,12.3,38,staircase3,no_load,-16.964
6.707381,0.275434,gripper,45.0,46.1835,61.6597,63.2812,2542,-200,68,1,12.3,38,staircase3,no_load,-16.384
6.717871,0.285924,gripper,45.0,46.0552,61.6597,63.1055,2540,-200,60,1,12.3,38,staircase3,no_load,-16.749
6.728502,0.296555,gripper,45.0,45.991,61.6597,63.0176,2539,-150,52,0,12.3,38,staircase3,no_load,-8.268
6.739171,0.307223,gripper,45.0,45.8627,61.6597,62.8418,2537,-150,52,1,12.3,38,staircase3,no_load,-16.478
6.74954,0.317593,gripper,45.0,45.7344,61.6597,62.666,2535,-150,44,1,12.3,38,staircase3,no_load,-16.954
6.75996,0.328012,gripper,45.0,45.7344,61.6597,62.666,2535,-150,44,1,12.3,38,staircase3,no_load,0.0
6.770531,0.338584,gripper,45.0,45.6703,61.6597,62.5781,2534,-100,44,1,12.3,38,staircase3,no_load,-8.315
6.780674,0.348726,gripper,45.0,45.6062,61.6597,62.4902,2533,-100,40,1,12.3,38,staircase3,no_load,-8.666
6.79127,0.359322,gripper,45.0,45.542,61.6597,62.4023,2532,-50,36,0,12.3,38,staircase3,no_load,-8.296
6.801911,0.369964,gripper,45.0,45.542,61.6597,62.4023,2532,-50,40,1,12.3,39,staircase3,no_load,0.0
6.812855,0.380907,gripper,45.0,45.4779,61.6597,62.3145,2531,-100,36,1,12.3,38,staircase3,no_load,-8.023
6.823136,0.391189,gripper,45.0,45.4137,61.6597,62.2266,2530,-100,32,1,12.3,38,staircase3,no_load,-8.55
6.833676,0.401728,gripper,45.0,45.4137,61.6597,62.2266,2530,-50,32,0,12.3,38,staircase3,no_load,0.0
6.844014,0.412067,gripper,45.0,45.3496,61.6597,62.1387,2529,-50,24,1,12.3,38,staircase3,no_load,-8.503
6.855039,0.423092,gripper,45.0,45.3496,61.6597,62.1387,2529,-50,24,1,12.3,38,staircase3,no_load,0.0
6.86521,0.433263,gripper,45.0,45.3496,61.6597,62.1387,2529,-50,32,1,12.3,38,staircase3,no_load,0.0
6.875459,0.443512,gripper,45.0,45.3496,61.6597,62.1387,2529,0,32,1,12.3,38,staircase3,no_load,0.0
6.886047,0.4541,gripper,45.0,45.3496,61.6597,62.1387,2529,0,32,1,12.3,38,staircase3,no_load,0.0
6.896244,0.464296,gripper,45.0,45.3496,61.6597,62.1387,2529,0,32,1,12.3,38,staircase3,no_load,0.0
6.907461,0.475514,gripper,45.0,45.3496,61.6597,62.1387,2529,0,32,1,12.3,38,staircase3,no_load,0.0
6.917826,0.485878,gripper,45.0,45.3496,61.6597,62.1387,2529,0,32,1,12.3,38,staircase3,no_load,0.0
6.928425,0.496477,gripper,45.0,45.3496,61.6597,62.1387,2529,0,32,0,12.3,38,staircase3,no_load,0.0
6.938566,0.506618,gripper,45.0,45.3496,61.6597,62.1387,2529,0,32,1,12.3,38,staircase3,no_load,0.0
6.948986,0.517039,gripper,45.0,45.3496,61.6597,62.1387,2529,0,32,1,12.3,38,staircase3,no_load,0.0
6.959658,0.52771,gripper,45.0,45.3496,61.6597,62.1387,2529,0,32,0,12.3,39,staircase3,no_load,0.0
6.969947,0.537999,gripper,45.0,45.3496,61.6597,62.1387,2529,0,32,1,12.3,38,staircase3,no_load,0.0
6.980596,0.548649,gripper,45.0,45.3496,61.6597,62.1387,2529,0,32,1,12.3,38,staircase3,no_load,0.0
6.991366,0.559418,gripper,45.0,45.3496,61.6597,62.1387,2529,0,32,0,12.3,38,staircase3,no_load,0.0
7.001888,0.56994,gripper,45.0,45.3496,61.6597,62.1387,2529,0,32,0,12.3,38,staircase3,no_load,0.0
7.012525,0.580577,gripper,45.0,45.3496,61.6597,62.1387,2529,0,32,1,12.3,39,staircase3,no_load,0.0
7.02315,0.591203,gripper,45.0,45.3496,61.6597,62.1387,2529,0,32,1,12.3,38,staircase3,no_load,0.0
7.033686,0.601739,gripper,45.0,45.3496,61.6597,62.1387,2529,0,32,1,12.3,38,staircase3,no_load,0.0
7.0444,0.612452,gripper,45.0,45.3496,61.6597,62.1387,2529,0,32,1,12.2,38,staircase3,no_load,0.0
7.05519,0.623242,gripper,45.0,45.3496,61.6597,62.1387,2529,0,32,1,12.3,38,staircase3,no_load,0.0
7.065653,0.633706,gripper,45.0,45.3496,61.6597,62.1387,2529,0,32,1,12.3,38,staircase3,no_load,0.0
7.076072,0.644124,gripper,45.0,45.3496,61.6597,62.1387,2529,0,32,1,12.3,38,staircase3,no_load,0.0
7.086368,0.654421,gripper,45.0,45.3496,61.6597,62.1387,2529,0,32,1,12.3,38,staircase3,no_load,0.0
7.097029,0.665082,gripper,45.0,45.3496,61.6597,62.1387,2529,0,32,1,12.3,38,staircase3,no_load,0.0
7.107432,0.675485,gripper,45.0,45.3496,61.6597,62.1387,2529,0,32,1,12.3,38,staircase3,no_load,0.0
7.118126,0.686179,gripper,45.0,45.3496,61.6597,62.1387,2529,0,32,1,12.3,38,staircase3,no_load,0.0
7.128413,0.696466,gripper,45.0,45.3496,61.6597,62.1387,2529,0,32,1,12.3,38,staircase3,no_load,0.0
7.139034,0.707086,gripper,45.0,45.3496,61.6597,62.1387,2529,0,32,1,12.3,38,staircase3,no_load,0.0
7.149516,0.717569,gripper,45.0,45.3496,61.6597,62.1387,2529,0,32,1,12.3,38,staircase3,no_load,0.0
7.159954,0.728007,gripper,45.0,45.3496,61.6597,62.1387,2529,0,32,1,12.3,38,staircase3,no_load,0.0
7.170552,0.738605,gripper,45.0,45.3496,61.6597,62.1387,2529,0,32,1,12.3,38,staircase3,no_load,0.0
7.181049,0.749102,gripper,45.0,45.3496,61.6597,62.1387,2529,0,32,1,12.3,38,staircase3,no_load,0.0
7.191666,0.759719,gripper,45.0,45.3496,61.6597,62.1387,2529,0,32,1,12.3,38,staircase3,no_load,0.0
7.202175,0.770228,gripper,45.0,45.3496,61.6597,62.1387,2529,0,32,1,12.3,39,staircase3,no_load,0.0
7.21257,0.780623,gripper,45.0,45.3496,61.6597,62.1387,2529,0,32,1,12.3,38,staircase3,no_load,0.0
7.222703,0.790755,gripper,45.0,45.3496,61.6597,62.1387,2529,0,32,1,12.3,38,staircase3,no_load,0.0
7.233547,0.8016,gripper,45.0,45.3496,61.6597,62.1387,2529,0,32,1,12.3,38,staircase3,no_load,0.0
7.244219,0.812272,gripper,45.0,45.3496,61.6597,62.1387,2529,0,32,1,12.3,38,staircase3,no_load,0.0
7.254329,0.822382,gripper,45.0,45.3496,61.6597,62.1387,2529,0,32,1,12.3,38,staircase3,no_load,0.0
7.265489,0.833541,gripper,45.0,45.3496,61.6597,62.1387,2529,0,32,1,12.3,38,staircase3,no_load,0.0
7.275762,0.843815,gripper,45.0,45.3496,61.6597,62.1387,2529,0,32,1,12.3,38,staircase3,no_load,0.0
7.285973,0.854026,gripper,45.0,45.3496,61.6597,62.1387,2529,0,32,1,12.2,38,staircase3,no_load,0.0
7.296197,0.86425,gripper,45.0,45.3496,61.6597,62.1387,2529,0,32,1,12.3,38,staircase3,no_load,0.0
7.306647,0.8747,gripper,45.0,45.3496,61.6597,62.1387,2529,0,32,0,12.3,38,staircase3,no_load,0.0
7.317705,0.885757,gripper,45.0,45.3496,61.6597,62.1387,2529,0,32,1,12.3,38,staircase3,no_load,0.0
7.328346,0.896399,gripper,45.0,45.3496,61.6597,62.1387,2529,0,32,0,12.3,38,staircase3,no_load,0.0
7.338946,0.906999,gripper,45.0,45.3496,61.6597,62.1387,2529,0,32,1,12.2,38,staircase3,no_load,0.0
7.349505,0.917558,gripper,45.0,45.3496,61.6597,62.1387,2529,0,32,0,12.3,38,staircase3,no_load,0.0
7.360652,0.928704,gripper,45.0,45.3496,61.6597,62.1387,2529,0,32,1,12.3,38,staircase3,no_load,0.0
7.371213,0.939266,gripper,45.0,45.3496,61.6597,62.1387,2529,0,32,0,12.3,38,staircase3,no_load,0.0
7.3819,0.949952,gripper,45.0,45.3496,61.6597,62.1387,2529,0,32,1,12.3,38,staircase3,no_load,0.0
7.392963,0.961016,gripper,45.0,45.3496,61.6597,62.1387,2529,0,32,1,12.3,38,staircase3,no_load,0.0
7.403874,0.971927,gripper,45.0,45.3496,61.6597,62.1387,2529,0,32,1,12.3,38,staircase3,no_load,0.0
7.414505,0.982558,gripper,45.0,45.3496,61.6597,62.1387,2529,0,32,1,12.3,38,staircase3,no_load,0.0
7.424911,0.992964,gripper,45.0,45.3496,61.6597,62.1387,2529,0,32,1,12.3,38,staircase3,no_load,0.0
7.435223,1.003276,gripper,45.0,45.3496,61.6597,62.1387,2529,0,32,1,12.3,38,staircase3,no_load,0.0
7.446363,1.014416,gripper,45.0,45.3496,61.6597,62.1387,2529,0,32,0,12.3,39,staircase3,no_load,0.0
7.456739,1.024791,gripper,45.0,45.3496,61.6597,62.1387,2529,0,32,1,12.3,38,staircase3,no_load,0.0
7.467137,1.035189,gripper,45.0,45.3496,61.6597,62.1387,2529,0,32,1,12.3,38,staircase3,no_load,0.0
7.478294,1.046347,gripper,45.0,45.3496,61.6597,62.1387,2529,0,32,0,12.3,38,staircase3,no_load,0.0
7.488435,1.056487,gripper,45.0,45.3496,61.6597,62.1387,2529,0,32,1,12.3,38,staircase3,no_load,0.0
7.499518,1.067571,gripper,45.0,45.3496,61.6597,62.1387,2529,0,32,1,12.3,38,staircase3,no_load,0.0
7.50973,1.077782,gripper,45.0,45.3496,61.6597,62.1387,2529,0,32,1,12.3,38,staircase3,no_load,0.0
7.520156,1.088209,gripper,45.0,45.3496,61.6597,62.1387,2529,0,32,1,12.3,38,staircase3,no_load,0.0
7.531326,1.099378,gripper,45.0,45.3496,61.6597,62.1387,2529,0,32,1,12.3,38,staircase3,no_load,0.0
7.541674,1.109726,gripper,45.0,45.3496,61.6597,62.1387,2529,0,32,0,12.3,38,staircase3,no_load,0.0
7.552246,1.120298,gripper,45.0,45.3496,61.6597,62.1387,2529,0,32,1,12.3,38,staircase3,no_load,0.0
7.562881,1.130934,gripper,45.0,45.3496,61.6597,62.1387,2529,0,32,1,12.3,38,staircase3,no_load,0.0
7.573353,1.141406,gripper,45.0,45.3496,61.6597,62.1387,2529,0,32,1,12.3,38,staircase3,no_load,0.0
7.583968,1.152021,gripper,45.0,45.3496,61.6597,62.1387,2529,0,32,1,12.3,38,staircase3,no_load,0.0
7.59464,1.162692,gripper,45.0,45.3496,61.6597,62.1387,2529,0,32,1,12.3,38,staircase3,no_load,0.0
7.605052,1.173104,gripper,45.0,45.3496,61.6597,62.1387,2529,0,32,0,12.3,38,staircase3,no_load,0.0
7.61583,1.183883,gripper,45.0,45.3496,61.6597,62.1387,2529,0,32,1,12.3,38,staircase3,no_load,0.0
7.626351,1.194404,gripper,45.0,45.3496,61.6597,62.1387,2529,0,32,1,12.3,38,staircase3,no_load,0.0
7.636676,1.204728,gripper,45.0,45.3496,61.6597,62.1387,2529,0,32,1,12.3,38,staircase3,no_load,0.0
7.646966,1.215018,gripper,45.0,45.3496,61.6597,62.1387,2529,0,32,1,12.3,38,staircase3,no_load,0.0
7.657645,1.225698,gripper,45.0,45.3496,61.6597,62.1387,2529,0,32,0,12.3,38,staircase3,no_load,0.0
7.668084,1.236137,gripper,45.0,45.3496,61.6597,62.1387,2529,0,32,1,12.3,38,staircase3,no_load,0.0
7.678506,1.246558,gripper,45.0,45.3496,61.6597,62.1387,2529,0,32,1,12.3,38,staircase3,no_load,0.0
7.688722,1.256775,gripper,45.0,45.3496,61.6597,62.1387,2529,0,32,0,12.3,38,staircase3,no_load,0.0
7.699359,1.267412,gripper,45.0,45.3496,61.6597,62.1387,2529,0,32,0,12.3,38,staircase3,no_load,0.0
7.710403,1.278455,gripper,45.0,45.3496,61.6597,62.1387,2529,0,32,1,12.3,38,staircase3,no_load,0.0
7.721578,1.28963,gripper,45.0,45.3496,61.6597,62.1387,2529,0,32,1,12.3,38,staircase3,no_load,0.0
7.731958,1.300011,gripper,45.0,45.3496,61.6597,62.1387,2529,0,32,1,12.3,38,staircase3,no_load,0.0
7.742606,1.310659,gripper,45.0,45.3496,61.6597,62.1387,2529,0,32,1,12.3,38,staircase3,no_load,0.0
7.753279,1.321332,gripper,45.0,45.3496,61.6597,62.1387,2529,0,32,1,12.3,38,staircase3,no_load,0.0
7.763999,1.332051,gripper,45.0,45.3496,61.6597,62.1387,2529,0,32,1,12.3,38,staircase3,no_load,0.0
7.774115,1.342167,gripper,45.0,45.3496,61.6597,62.1387,2529,0,32,1,12.3,38,staircase3,no_load,0.0
7.784395,1.352447,gripper,45.0,45.3496,61.6597,62.1387,2529,0,32,1,12.3,38,staircase3,no_load,0.0
7.794751,1.362804,gripper,45.0,45.3496,61.6597,62.1387,2529,0,32,1,12.3,38,staircase3,no_load,0.0
7.805225,1.373277,gripper,45.0,45.3496,61.6597,62.1387,2529,0,32,0,12.3,38,staircase3,no_load,0.0
7.815324,1.383377,gripper,45.0,45.3496,61.6597,62.1387,2529,0,32,1,12.3,38,staircase3,no_load,0.0
7.825977,1.39403,gripper,45.0,45.3496,61.6597,62.1387,2529,0,32,1,12.3,38,staircase3,no_load,0.0
7.836166,1.404218,gripper,45.0,45.3496,61.6597,62.1387,2529,0,32,1,12.3,38,staircase3,no_load,0.0
7.846377,1.414429,gripper,45.0,45.3496,61.6597,62.1387,2529,0,32,1,12.3,38,staircase3,no_load,0.0
7.856819,1.424872,gripper,45.0,45.3496,61.6597,62.1387,2529,0,32,1,12.3,38,staircase3,no_load,0.0
7.867269,1.435322,gripper,45.0,45.3496,61.6597,62.1387,2529,0,32,1,12.3,38,staircase3,no_load,0.0
7.877881,1.445934,gripper,45.0,45.3496,61.6597,62.1387,2529,0,32,1,12.3,38,staircase3,no_load,0.0
7.888054,1.456106,gripper,45.0,45.3496,61.6597,62.1387,2529,0,32,1,12.3,38,staircase3,no_load,0.0
7.898208,1.46626,gripper,45.0,45.3496,61.6597,62.1387,2529,0,32,1,12.3,41,staircase3,no_load,0.0
7.908439,1.476492,gripper,45.0,45.3496,61.6597,62.1387,2529,0,32,1,12.3,38,staircase3,no_load,0.0
7.918624,1.486677,gripper,45.0,45.3496,61.6597,62.1387,2529,0,32,1,12.3,38,staircase3,no_load,0.0
7.929302,1.497354,gripper,45.0,45.3496,61.6597,62.1387,2529,0,32,0,12.3,38,staircase3,no_load,0.0
7.939835,1.507887,gripper,45.0,45.3496,61.6597,62.1387,2529,0,32,1,12.3,38,staircase3,no_load,0.0
7.949977,1.518029,gripper,45.0,45.3496,61.6597,62.1387,2529,0,32,1,12.3,38,staircase3,no_load,0.0
7.960682,1.528735,gripper,45.0,45.3496,61.6597,62.1387,2529,0,32,1,12.3,38,staircase3,no_load,0.0
7.971152,1.539205,gripper,45.0,45.3496,61.6597,62.1387,2529,0,32,0,12.3,38,staircase3,no_load,0.0
7.981705,1.549758,gripper,45.0,45.3496,61.6597,62.1387,2529,0,32,1,12.3,39,staircase3,no_load,0.0
7.992044,1.560096,gripper,45.0,45.3496,61.6597,62.1387,2529,0,32,1,12.3,38,staircase3,no_load,0.0
8.002693,1.570746,gripper,45.0,45.3496,61.6597,62.1387,2529,0,32,1,12.3,38,staircase3,no_load,0.0
8.013415,1.581468,gripper,45.0,45.3496,61.6597,62.1387,2529,0,32,1,12.3,38,staircase3,no_load,0.0
8.024219,1.592272,gripper,45.0,45.3496,61.6597,62.1387,2529,0,32,0,12.3,39,staircase3,no_load,0.0
8.035005,3e-06,gripper,32.5,45.3496,44.532,62.1387,2529,0,32,1,12.3,38,staircase3,no_load,0.0
8.045685,0.010683,gripper,32.5,45.3496,44.532,62.1387,2529,0,44,1,12.3,38,staircase3,no_load,0.0
8.056015,0.021013,gripper,32.5,45.3496,44.532,62.1387,2529,0,76,3,12.3,38,staircase3,no_load,0.0
8.066238,0.031236,gripper,32.5,45.2854,44.532,62.0508,2528,0,104,4,12.3,38,staircase3,no_load,-8.598
8.077081,0.042079,gripper,32.5,45.1572,44.532,61.875,2526,0,172,6,12.2,38,staircase3,no_load,-16.213
8.087273,0.052271,gripper,32.5,44.9647,44.532,61.6113,2523,-150,208,11,12.2,38,staircase3,no_load,-25.873
8.097909,0.062907,gripper,32.5,44.644,44.532,61.1719,2518,-450,276,13,12.3,38,staircase3,no_load,-41.313
8.108592,0.07359,gripper,32.5,44.1309,44.532,60.4688,2510,-450,336,16,12.2,38,staircase3,no_load,-65.815
8.119805,0.084802,gripper,32.5,43.5536,44.532,59.6777,2501,-750,392,19,12.2,39,staircase3,no_load,-70.552
8.130599,0.095597,gripper,32.5,42.7838,44.532,58.623,2489,-750,444,21,12.2,39,staircase3,no_load,-97.712
8.141614,0.106612,gripper,32.5,41.95,44.532,57.4805,2476,-1100,468,14,12.2,39,staircase3,no_load,-103.722
8.152097,0.117095,gripper,32.5,40.9878,44.532,56.1621,2461,-1100,416,3,12.2,38,staircase3,no_load,-125.766
8.163152,0.12815,gripper,32.5,39.9615,44.532,54.7559,2445,-1450,408,2,12.3,38,staircase3,no_load,-127.2
8.173315,0.138313,gripper,32.5,38.9352,44.532,53.3496,2429,-1450,340,0,12.3,39,staircase3,no_load,-138.374
8.184355,0.149353,gripper,32.5,38.0372,44.532,52.1191,2415,-1450,316,0,12.3,38,staircase3,no_load,-111.458
8.195504,0.160502,gripper,32.5,37.2033,44.532,50.9766,2402,-1450,256,0,12.3,38,staircase3,no_load,-102.476
8.206003,0.171001,gripper,32.5,36.4978,44.532,50.0098,2391,-1150,212,0,12.3,38,staircase3,no_load,-92.085
8.216564,0.181562,gripper,32.5,35.9205,44.532,49.2188,2382,-1150,144,0,12.3,39,staircase3,no_load,-74.898
8.227002,0.192,gripper,32.5,35.4073,44.532,48.5156,2374,-950,120,0,12.3,38,staircase3,no_load,-67.369
8.237354,0.202352,gripper,32.5,35.0866,44.532,48.0762,2369,-600,108,0,12.3,38,staircase3,no_load,-42.446
8.248008,0.213006,gripper,32.5,34.7659,44.532,47.6367,2364,-600,108,1,12.3,39,staircase3,no_load,-41.252
8.258912,0.22391,gripper,32.5,34.5093,44.532,47.2852,2360,-400,92,1,12.3,38,staircase3,no_load,-32.236
8.269421,0.234419,gripper,32.5,34.2527,44.532,46.9336,2356,-400,92,1,12.3,39,staircase3,no_load,-33.457
8.28059,0.245588,gripper,32.5,34.0603,44.532,46.6699,2353,-300,80,1,12.3,38,staircase3,no_load,-23.61
8.290924,0.255922,gripper,32.5,33.8679,44.532,46.4062,2350,-300,76,1,12.3,38,staircase3,no_load,-25.518
8.30145,0.266448,gripper,32.5,33.7396,44.532,46.2305,2348,-250,68,1,12.3,38,staircase3,no_load,-16.692
8.312107,0.277105,gripper,32.5,33.6113,44.532,46.0547,2346,-250,64,1,12.3,38,staircase3,no_load,-16.496
8.323043,0.28804,gripper,32.5,33.483,44.532,45.8789,2344,-200,56,1,12.3,39,staircase3,no_load,-16.075
8.334326,0.299324,gripper,32.5,33.3547,44.532,45.7031,2342,-200,48,0,12.3,39,staircase3,no_load,-15.581
8.344493,0.309491,gripper,32.5,33.2906,44.532,45.6152,2341,-150,44,1,12.3,38,staircase3,no_load,-8.646
8.355127,0.320125,gripper,32.5,33.2264,44.532,45.5273,2340,-150,48,1,12.3,38,staircase3,no_load,-8.266
8.365703,0.330701,gripper,32.5,33.1623,44.532,45.4395,2339,-100,44,1,12.3,38,staircase3,no_load,-8.302
8.375804,0.340802,gripper,32.5,33.0981,44.532,45.3516,2338,-100,36,1,12.3,38,staircase3,no_load,-8.702
8.385903,0.350901,gripper,32.5,33.034,44.532,45.2637,2337,-100,32,1,12.3,39,staircase3,no_load,-8.704
8.395994,0.360992,gripper,32.5,32.9699,44.532,45.1758,2336,-100,36,1,12.3,38,staircase3,no_load,-8.711
8.406188,0.371186,gripper,32.5,32.9699,44.532,45.1758,2336,-100,36,0,12.3,38,staircase3,no_load,0.0
8.416464,0.381462,gripper,32.5,32.9057,44.532,45.0879,2335,-50,28,1,12.3,38,staircase3,no_load,-8.554
8.426885,0.391883,gripper,32.5,32.9057,44.532,45.0879,2335,-50,36,1,12.3,38,staircase3,no_load,0.0
8.437331,0.402329,gripper,32.5,32.9057,44.532,45.0879,2335,0,36,1,12.3,38,staircase3,no_load,0.0
8.447921,0.412919,gripper,32.5,32.9057,44.532,45.0879,2335,0,36,1,12.3,38,staircase3,no_load,0.0
8.458558,0.423556,gripper,32.5,32.8416,44.532,45.0,2334,0,32,1,12.3,38,staircase3,no_load,-8.264
8.468785,0.433783,gripper,32.5,32.8416,44.532,45.0,2334,0,28,1,12.3,38,staircase3,no_load,0.0
8.479171,0.444169,gripper,32.5,32.7774,44.532,44.9121,2333,-100,24,1,12.3,38,staircase3,no_load,-8.463
8.489969,0.454967,gripper,32.5,32.7774,44.532,44.9121,2333,-100,24,0,12.3,38,staircase3,no_load,0.0
8.500634,0.465632,gripper,32.5,32.7774,44.532,44.9121,2333,0,24,0,12.3,38,staircase3,no_load,0.0
8.510922,0.47592,gripper,32.5,32.7774,44.532,44.9121,2333,0,28,1,12.3,38,staircase3,no_load,0.0
8.521394,0.486391,gripper,32.5,32.7774,44.532,44.9121,2333,0,28,0,12.3,38,staircase3,no_load,0.0
8.531986,0.496984,gripper,32.5,32.7774,44.532,44.9121,2333,0,28,1,12.3,38,staircase3,no_load,0.0
8.542621,0.507619,gripper,32.5,32.7774,44.532,44.9121,2333,0,28,0,12.3,39,staircase3,no_load,0.0
8.553505,0.518503,gripper,32.5,32.7774,44.532,44.9121,2333,0,28,1,12.3,38,staircase3,no_load,0.0
8.564134,0.529131,gripper,32.5,32.7774,44.532,44.9121,2333,0,28,1,12.3,38,staircase3,no_load,0.0
8.574734,0.539732,gripper,32.5,32.7133,44.532,44.8242,2332,-50,24,1,12.2,38,staircase3,no_load,-8.292
8.585042,0.55004,gripper,32.5,32.7133,44.532,44.8242,2332,-50,24,0,11.3,38,staircase3,no_load,0.0
8.59561,0.560608,gripper,32.5,32.7133,44.532,44.8242,2332,0,20,1,12.3,38,staircase3,no_load,0.0
8.606016,0.571014,gripper,32.5,32.7133,44.532,44.8242,2332,0,24,1,12.3,39,staircase3,no_load,0.0
8.616281,0.581279,gripper,32.5,32.7133,44.532,44.8242,2332,0,24,1,12.3,38,staircase3,no_load,0.0
8.626828,0.591826,gripper,32.5,32.7133,44.532,44.8242,2332,0,24,0,12.3,38,staircase3,no_load,0.0
8.63731,0.602308,gripper,32.5,32.7133,44.532,44.8242,2332,0,24,1,12.3,38,staircase3,no_load,0.0
8.648437,0.613435,gripper,32.5,32.7133,44.532,44.8242,2332,0,24,1,12.3,38,staircase3,no_load,0.0
8.659259,0.624257,gripper,32.5,32.7133,44.532,44.8242,2332,0,24,1,12.3,38,staircase3,no_load,0.0
8.670104,0.635102,gripper,32.5,32.7133,44.532,44.8242,2332,0,24,1,12.3,38,staircase3,no_load,0.0
8.680745,0.645743,gripper,32.5,32.7133,44.532,44.8242,2332,0,24,1,12.3,38,staircase3,no_load,0.0
8.691146,0.656144,gripper,32.5,32.7133,44.532,44.8242,2332,0,24,0,12.3,38,staircase3,no_load,0.0
8.701323,0.666321,gripper,32.5,32.7133,44.532,44.8242,2332,0,24,1,12.3,38,staircase3,no_load,0.0
8.711825,0.676823,gripper,32.5,32.7133,44.532,44.8242,2332,0,24,1,12.3,38,staircase3,no_load,0.0
8.722435,0.687433,gripper,32.5,32.7133,44.532,44.8242,2332,0,24,1,12.3,38,staircase3,no_load,0.0
8.732669,0.697666,gripper,32.5,32.7133,44.532,44.8242,2332,0,24,0,12.2,38,staircase3,no_load,0.0
8.743423,0.708421,gripper,32.5,32.7133,44.532,44.8242,2332,0,24,0,12.3,38,staircase3,no_load,0.0
8.754096,0.719094,gripper,32.5,32.7133,44.532,44.8242,2332,0,24,1,12.3,38,staircase3,no_load,0.0
8.764696,0.729694,gripper,32.5,32.7133,44.532,44.8242,2332,0,24,0,12.3,38,staircase3,no_load,0.0
8.774874,0.739872,gripper,32.5,32.7133,44.532,44.8242,2332,0,24,1,12.3,38,staircase3,no_load,0.0
8.785121,0.750119,gripper,32.5,32.7133,44.532,44.8242,2332,0,24,1,12.3,38,staircase3,no_load,0.0
8.795926,0.760924,gripper,32.5,32.7133,44.532,44.8242,2332,0,24,1,12.3,39,staircase3,no_load,0.0
8.806434,0.771432,gripper,32.5,32.7133,44.532,44.8242,2332,0,24,1,12.3,38,staircase3,no_load,0.0
8.816882,0.78188,gripper,32.5,32.7133,44.532,44.8242,2332,0,24,1,12.3,38,staircase3,no_load,0.0
8.827316,0.792314,gripper,32.5,32.7133,44.532,44.8242,2332,0,24,0,12.3,38,staircase3,no_load,0.0
8.838047,0.803045,gripper,32.5,32.7133,44.532,44.8242,2332,0,24,1,12.3,38,staircase3,no_load,0.0
8.848335,0.813333,gripper,32.5,32.7133,44.532,44.8242,2332,0,24,1,12.3,38,staircase3,no_load,0.0
8.859342,0.82434,gripper,32.5,32.7133,44.532,44.8242,2332,0,24,0,12.3,39,staircase3,no_load,0.0
8.870031,0.835029,gripper,32.5,32.7133,44.532,44.8242,2332,0,24,0,12.3,38,staircase3,no_load,0.0
8.880316,0.845314,gripper,32.5,32.7133,44.532,44.8242,2332,0,24,0,12.2,38,staircase3,no_load,0.0
8.890461,0.855459,gripper,32.5,32.7133,44.532,44.8242,2332,0,24,1,12.3,38,staircase3,no_load,0.0
8.900628,0.865626,gripper,32.5,32.7133,44.532,44.8242,2332,0,24,1,12.3,38,staircase3,no_load,0.0
8.911244,0.876242,gripper,32.5,32.7133,44.532,44.8242,2332,0,24,0,12.3,38,staircase3,no_load,0.0
8.921716,0.886714,gripper,32.5,32.7133,44.532,44.8242,2332,0,24,0,12.4,38,staircase3,no_load,0.0
8.932271,0.897269,gripper,32.5,32.7133,44.532,44.8242,2332,0,24,1,12.3,38,staircase3,no_load,0.0
8.943134,0.908132,gripper,32.5,32.7133,44.532,44.8242,2332,0,24,1,12.3,38,staircase3,no_load,0.0
8.953737,0.918735,gripper,32.5,32.7133,44.532,44.8242,2332,0,24,1,12.3,38,staircase3,no_load,0.0
8.964352,0.929349,gripper,32.5,32.7133,44.532,44.8242,2332,0,24,1,12.3,38,staircase3,no_load,0.0
8.975279,0.940277,gripper,32.5,32.7133,44.532,44.8242,2332,0,24,1,12.3,38,staircase3,no_load,0.0
8.985628,0.950626,gripper,32.5,32.7133,44.532,44.8242,2332,0,24,0,12.3,38,staircase3,no_load,0.0
8.995785,0.960783,gripper,32.5,32.7133,44.532,44.8242,2332,0,24,1,12.3,38,staircase3,no_load,0.0
9.006253,0.971251,gripper,32.5,32.7133,44.532,44.8242,2332,0,24,1,12.3,38,staircase3,no_load,0.0
9.016665,0.981663,gripper,32.5,32.6491,44.532,44.7363,2331,-50,20,0,12.3,38,staircase3,no_load,-8.442
9.027904,0.992902,gripper,32.5,32.6491,44.532,44.7363,2331,-50,0,0,12.3,38,staircase3,no_load,0.0
9.03891,1.003908,gripper,32.5,32.6491,44.532,44.7363,2331,0,0,0,12.3,38,staircase3,no_load,0.0
9.04946,1.014458,gripper,32.5,32.6491,44.532,44.7363,2331,0,20,0,12.3,38,staircase3,no_load,0.0
9.059871,1.024869,gripper,32.5,32.6491,44.532,44.7363,2331,0,20,1,12.3,38,staircase3,no_load,0.0
9.070622,1.03562,gripper,32.5,32.6491,44.532,44.7363,2331,0,20,0,12.3,38,staircase3,no_load,0.0
9.081191,1.046189,gripper,32.5,32.6491,44.532,44.7363,2331,0,20,1,12.3,38,staircase3,no_load,0.0
9.091792,1.05679,gripper,32.5,32.6491,44.532,44.7363,2331,0,20,0,12.3,38,staircase3,no_load,0.0
9.101962,1.06696,gripper,32.5,32.6491,44.532,44.7363,2331,0,20,1,12.2,38,staircase3,no_load,0.0
9.113009,1.078007,gripper,32.5,32.6491,44.532,44.7363,2331,0,20,0,12.3,38,staircase3,no_load,0.0
9.123658,1.088656,gripper,32.5,32.6491,44.532,44.7363,2331,0,20,0,12.3,38,staircase3,no_load,0.0
9.134489,1.099487,gripper,32.5,32.6491,44.532,44.7363,2331,0,20,0,12.3,38,staircase3,no_load,0.0
9.144914,1.109912,gripper,32.5,32.6491,44.532,44.7363,2331,0,20,1,12.3,38,staircase3,no_load,0.0
9.155663,1.120661,gripper,32.5,32.6491,44.532,44.7363,2331,0,20,1,12.3,38,staircase3,no_load,0.0
9.166201,1.131199,gripper,32.5,32.6491,44.532,44.7363,2331,0,20,0,12.3,38,staircase3,no_load,0.0
9.176386,1.141384,gripper,32.5,32.6491,44.532,44.7363,2331,0,20,0,12.0,38,staircase3,no_load,0.0
9.18704,1.152038,gripper,32.5,32.6491,44.532,44.7363,2331,0,20,0,12.3,38,staircase3,no_load,0.0
9.197604,1.162602,gripper,32.5,32.6491,44.532,44.7363,2331,0,20,0,12.3,38,staircase3,no_load,0.0
9.208081,1.173079,gripper,32.5,32.6491,44.532,44.7363,2331,0,20,0,12.3,38,staircase3,no_load,0.0
9.218976,1.183974,gripper,32.5,32.6491,44.532,44.7363,2331,0,20,1,12.3,38,staircase3,no_load,0.0
9.229611,1.194608,gripper,32.5,32.6491,44.532,44.7363,2331,0,20,0,12.3,38,staircase3,no_load,0.0
9.240171,1.205169,gripper,32.5,32.6491,44.532,44.7363,2331,0,20,1,12.3,38,staircase3,no_load,0.0
9.250358,1.215356,gripper,32.5,32.6491,44.532,44.7363,2331,0,20,1,12.3,38,staircase3,no_load,0.0
9.260986,1.225984,gripper,32.5,32.6491,44.532,44.7363,2331,0,20,1,12.3,38,staircase3,no_load,0.0
9.271306,1.236304,gripper,32.5,32.6491,44.532,44.7363,2331,0,20,1,12.3,38,staircase3,no_load,0.0
9.281718,1.246716,gripper,32.5,32.6491,44.532,44.7363,2331,0,20,0,12.3,38,staircase3,no_load,0.0
9.292281,1.257279,gripper,32.5,32.6491,44.532,44.7363,2331,0,20,0,12.3,38,staircase3,no_load,0.0
9.303237,1.268235,gripper,32.5,32.6491,44.532,44.7363,2331,0,20,0,12.3,38,staircase3,no_load,0.0
9.313963,1.278961,gripper,32.5,32.6491,44.532,44.7363,2331,0,20,0,12.3,38,staircase3,no_load,0.0
9.324556,1.289554,gripper,32.5,32.6491,44.532,44.7363,2331,0,20,1,12.3,38,staircase3,no_load,0.0
9.335005,1.300003,gripper,32.5,32.6491,44.532,44.7363,2331,0,20,1,12.3,38,staircase3,no_load,0.0
9.345928,1.310926,gripper,32.5,32.6491,44.532,44.7363,2331,0,20,0,12.3,38,staircase3,no_load,0.0
9.356814,1.321812,gripper,32.5,32.6491,44.532,44.7363,2331,0,20,1,12.3,38,staircase3,no_load,0.0
9.367095,1.332093,gripper,32.5,32.6491,44.532,44.7363,2331,0,20,0,12.3,38,staircase3,no_load,0.0
9.377258,1.342256,gripper,32.5,32.6491,44.532,44.7363,2331,0,20,0,12.3,38,staircase3,no_load,0.0
9.387761,1.352759,gripper,32.5,32.6491,44.532,44.7363,2331,0,20,1,12.3,38,staircase3,no_load,0.0
9.398206,1.363204,gripper,32.5,32.6491,44.532,44.7363,2331,0,20,0,12.3,38,staircase3,no_load,0.0
9.408772,1.37377,gripper,32.5,32.6491,44.532,44.7363,2331,0,20,0,12.3,38,staircase3,no_load,0.0
9.419501,1.384499,gripper,32.5,32.6491,44.532,44.7363,2331,0,20,1,12.3,38,staircase3,no_load,0.0
9.429734,1.394731,gripper,32.5,32.6491,44.532,44.7363,2331,0,20,0,12.4,38,staircase3,no_load,0.0
9.439838,1.404836,gripper,32.5,32.6491,44.532,44.7363,2331,0,20,0,12.3,38,staircase3,no_load,0.0
9.450061,1.415059,gripper,32.5,32.6491,44.532,44.7363,2331,0,20,1,12.3,38,staircase3,no_load,0.0
9.460642,1.425639,gripper,32.5,32.6491,44.532,44.7363,2331,0,20,0,12.2,38,staircase3,no_load,0.0
9.470978,1.435976,gripper,32.5,32.6491,44.532,44.7363,2331,0,20,0,12.3,38,staircase3,no_load,0.0
9.481604,1.446602,gripper,32.5,32.6491,44.532,44.7363,2331,0,20,0,12.3,38,staircase3,no_load,0.0
9.49223,1.457228,gripper,32.5,32.6491,44.532,44.7363,2331,0,20,1,12.3,38,staircase3,no_load,0.0
9.502892,1.46789,gripper,32.5,32.6491,44.532,44.7363,2331,0,20,0,12.3,38,staircase3,no_load,0.0
9.513479,1.478477,gripper,32.5,32.6491,44.532,44.7363,2331,0,20,0,12.3,38,staircase3,no_load,0.0
9.523869,1.488867,gripper,32.5,32.6491,44.532,44.7363,2331,0,20,1,12.3,38,staircase3,no_load,0.0
9.534278,1.499276,gripper,32.5,32.6491,44.532,44.7363,2331,0,20,1,12.3,39,staircase3,no_load,0.0
9.544523,1.509521,gripper,32.5,32.6491,44.532,44.7363,2331,0,20,0,12.3,38,staircase3,no_load,0.0
9.555344,1.520342,gripper,32.5,32.6491,44.532,44.7363,2331,0,20,0,12.3,38,staircase3,no_load,0.0
9.565626,1.530624,gripper,32.5,32.6491,44.532,44.7363,2331,0,20,0,12.3,38,staircase3,no_load,0.0
9.575874,1.540872,gripper,32.5,32.6491,44.532,44.7363,2331,0,20,0,12.3,38,staircase3,no_load,0.0
9.586949,1.551947,gripper,32.5,32.6491,44.532,44.7363,2331,0,20,1,12.3,38,staircase3,no_load,0.0
9.597525,1.562522,gripper,32.5,32.6491,44.532,44.7363,2331,0,20,0,12.3,38,staircase3,no_load,0.0
9.607728,1.572726,gripper,32.5,32.6491,44.532,44.7363,2331,0,20,1,12.3,38,staircase3,no_load,0.0
9.618134,1.583132,gripper,32.5,32.6491,44.532,44.7363,2331,0,20,0,12.3,38,staircase3,no_load,0.0
9.628596,1.593594,gripper,32.5,32.6491,44.532,44.7363,2331,0,20,1,12.3,38,staircase3,no_load,0.0
9.640449,4e-06,gripper,20.0,32.6491,27.4043,44.7363,2331,0,24,0,12.3,38,staircase3,no_load,0.0
9.650633,0.010187,gripper,20.0,32.6491,27.4043,44.7363,2331,0,28,1,12.3,38,staircase3,no_load,0.0
9.661146,0.0207,gripper,20.0,32.6491,27.4043,44.7363,2331,0,72,3,12.3,38,staircase3,no_load,0.0
9.671486,0.031041,gripper,20.0,32.6491,27.4043,44.7363,2331,0,104,3,12.3,38,staircase3,no_load,0.0
9.682094,0.041649,gripper,20.0,32.6491,27.4043,44.7363,2331,0,180,8,12.2,39,staircase3,no_load,0.0
9.692754,0.052308,gripper,20.0,32.3926,27.4043,44.3848,2327,-100,216,8,12.2,38,staircase3,no_load,-32.974
9.703283,0.062837,gripper,20.0,32.0077,27.4043,43.8574,2321,-100,276,11,12.2,38,staircase3,no_load,-50.09
9.713797,0.073351,gripper,20.0,31.6228,27.4043,43.3301,2315,-500,320,20,12.2,38,staircase3,no_load,-50.152
9.724457,0.084011,gripper,20.0,31.0455,27.4043,42.5391,2306,-500,380,17,12.2,38,staircase3,no_load,-74.203
9.73515,0.094705,gripper,20.0,30.2758,27.4043,41.4844,2294,-900,432,18,12.2,38,staircase3,no_load,-98.635
9.745618,0.105173,gripper,20.0,29.5061,27.4043,40.4297,2282,-900,448,17,12.2,38,staircase3,no_load,-100.755
9.755987,0.115542,gripper,20.0,28.5439,27.4043,39.1113,2267,-1200,460,7,12.3,38,staircase3,no_load,-127.148
9.766122,0.125677,gripper,20.0,27.5176,27.4043,37.7051,2251,-1200,392,1,12.3,38,staircase3,no_load,-138.747
9.776233,0.135788,gripper,20.0,26.5555,27.4043,36.3867,2236,-1450,376,0,12.3,38,staircase3,no_load,-130.393
9.786517,0.146071,gripper,20.0,25.6575,27.4043,35.1562,2222,-1450,300,0,12.3,38,staircase3,no_load,-119.652
9.79752,0.157074,gripper,20.0,24.7595,27.4043,33.9258,2208,-1450,272,0,12.3,38,staircase3,no_load,-111.824
9.807717,0.167271,gripper,20.0,24.0539,27.4043,32.959,2197,-1100,208,0,12.3,38,staircase3,no_load,-94.812
9.81801,0.177565,gripper,20.0,23.4766,27.4043,32.168,2188,-1100,152,0,12.3,38,staircase3,no_load,-76.848
9.828424,0.187978,gripper,20.0,22.9634,27.4043,31.4648,2180,-850,124,0,12.3,39,staircase3,no_load,-67.524
9.83939,0.198944,gripper,20.0,22.5786,27.4043,30.9375,2174,-850,116,0,12.3,38,staircase3,no_load,-48.085
9.850326,0.20988,gripper,20.0,22.1937,27.4043,30.4102,2168,-500,96,0,12.3,39,staircase3,no_load,-48.217
9.860542,0.220097,gripper,20.0,22.0013,27.4043,30.1465,2165,-500,96,1,12.3,39,staircase3,no_load,-25.812
9.870768,0.230323,gripper,20.0,21.7447,27.4043,29.7949,2161,-400,84,1,12.3,38,staircase3,no_load,-34.383
9.880984,0.240538,gripper,20.0,21.5523,27.4043,29.5312,2158,-400,84,1,12.3,38,staircase3,no_load,-25.812
9.891407,0.250961,gripper,20.0,21.424,27.4043,29.3555,2156,-250,76,1,12.3,38,staircase3,no_load,-16.857
9.901564,0.261118,gripper,20.0,21.2316,27.4043,29.0918,2153,-250,68,1,12.3,38,staircase3,no_load,-25.962
9.91221,0.271765,gripper,20.0,21.1033,27.4043,28.916,2151,-250,60,1,12.3,38,staircase3,no_load,-16.513
9.9229,0.282455,gripper,20.0,20.975,27.4043,28.7402,2149,-250,56,0,12.3,38,staircase3,no_load,-16.445
9.933469,0.293023,gripper,20.0,20.8467,27.4043,28.5645,2147,-150,48,1,12.3,38,staircase3,no_load,-16.624
9.944078,0.303632,gripper,20.0,20.7826,27.4043,28.4766,2146,-150,48,1,12.3,38,staircase3,no_load,-8.285
9.955064,0.314619,gripper,20.0,20.7184,27.4043,28.3887,2145,-150,44,1,12.3,39,staircase3,no_load,-8.001
9.965446,0.325001,gripper,20.0,20.6543,27.4043,28.3008,2144,-150,40,0,12.3,38,staircase3,no_load,-8.467
9.97617,0.335724,gripper,20.0,20.5901,27.4043,28.2129,2143,-100,36,0,12.3,38,staircase3,no_load,-8.197
9.986368,0.345923,gripper,20.0,20.526,27.4043,28.125,2142,-100,40,1,12.3,38,staircase3,no_load,-8.619
9.996719,0.356273,gripper,20.0,20.526,27.4043,28.125,2142,-100,32,0,12.3,38,staircase3,no_load,0.0
10.007124,0.366678,gripper,20.0,20.4618,27.4043,28.0371,2141,-50,32,1,12.2,38,staircase3,no_load,-8.448
10.018543,0.378097,gripper,20.0,20.3977,27.4043,27.9492,2140,-50,32,1,12.3,38,staircase3,no_load,-7.698
10.029016,0.38857,gripper,20.0,20.3977,27.4043,27.9492,2140,-50,32,1,12.3,38,staircase3,no_load,0.0
10.039723,0.399277,gripper,20.0,20.3977,27.4043,27.9492,2140,-50,36,0,12.3,39,staircase3,no_load,0.0
10.050208,0.409763,gripper,20.0,20.3977,27.4043,27.9492,2140,0,36,1,12.3,38,staircase3,no_load,0.0
10.060637,0.420192,gripper,20.0,20.3977,27.4043,27.9492,2140,0,36,1,12.3,38,staircase3,no_load,0.0
10.071188,0.430743,gripper,20.0,20.3977,27.4043,27.9492,2140,0,36,0,12.3,38,staircase3,no_load,0.0
10.081285,0.44084,gripper,20.0,20.3977,27.4043,27.9492,2140,0,36,1,12.3,38,staircase3,no_load,0.0
10.091905,0.451459,gripper,20.0,20.3335,27.4043,27.8613,2139,0,32,1,12.3,38,staircase3,no_load,-8.277
10.10251,0.462065,gripper,20.0,20.2694,27.4043,27.7734,2138,0,24,1,12.3,38,staircase3,no_load,-8.289
10.113129,0.472683,gripper,20.0,20.2694,27.4043,27.7734,2138,-100,24,1,12.3,38,staircase3,no_load,0.0
10.123709,0.483264,gripper,20.0,20.2694,27.4043,27.7734,2138,-100,24,0,12.3,38,staircase3,no_load,0.0
10.133843,0.493397,gripper,20.0,20.2694,27.4043,27.7734,2138,0,24,1,12.3,39,staircase3,no_load,0.0
10.144752,0.504307,gripper,20.0,20.2694,27.4043,27.7734,2138,0,28,1,12.3,38,staircase3,no_load,0.0
10.155661,0.515216,gripper,20.0,20.2694,27.4043,27.7734,2138,0,28,1,12.3,38,staircase3,no_load,0.0
10.166235,0.52579,gripper,20.0,20.2694,27.4043,27.7734,2138,0,28,0,12.3,38,staircase3,no_load,0.0
10.176828,0.536382,gripper,20.0,20.2694,27.4043,27.7734,2138,0,28,0,12.2,38,staircase3,no_load,0.0
10.187161,0.546716,gripper,20.0,20.2694,27.4043,27.7734,2138,0,28,1,12.3,38,staircase3,no_load,0.0
10.197639,0.557194,gripper,20.0,20.2694,27.4043,27.7734,2138,0,28,0,12.3,38,staircase3,no_load,0.0
10.20815,0.567704,gripper,20.0,20.2694,27.4043,27.7734,2138,0,28,1,12.3,38,staircase3,no_load,0.0
10.218748,0.578303,gripper,20.0,20.2694,27.4043,27.7734,2138,0,28,1,12.3,38,staircase3,no_load,0.0
10.229508,0.589063,gripper,20.0,20.2694,27.4043,27.7734,2138,0,28,1,12.3,38,staircase3,no_load,0.0
10.240072,0.599627,gripper,20.0,20.2694,27.4043,27.7734,2138,0,28,1,12.3,38,staircase3,no_load,0.0
10.250659,0.610214,gripper,20.0,20.2694,27.4043,27.7734,2138,0,28,1,12.3,38,staircase3,no_load,0.0
10.261044,0.620599,gripper,20.0,20.2694,27.4043,27.7734,2138,0,28,1,12.3,38,staircase3,no_load,0.0
10.271653,0.631208,gripper,20.0,20.2694,27.4043,27.7734,2138,0,28,1,12.3,38,staircase3,no_load,0.0
10.282324,0.641878,gripper,20.0,20.2694,27.4043,27.7734,2138,0,28,0,12.3,38,staircase3,no_load,0.0
10.293059,0.652613,gripper,20.0,20.2694,27.4043,27.7734,2138,0,28,1,11.6,38,staircase3,no_load,0.0
10.303666,0.66322,gripper,20.0,20.2694,27.4043,27.7734,2138,0,28,1,12.3,38,staircase3,no_load,0.0
10.314253,0.673807,gripper,20.0,20.2694,27.4043,27.7734,2138,0,28,1,12.3,38,staircase3,no_load,0.0
10.324972,0.684526,gripper,20.0,20.2694,27.4043,27.7734,2138,0,28,1,12.3,38,staircase3,no_load,0.0
10.335671,0.695225,gripper,20.0,20.2694,27.4043,27.7734,2138,0,28,0,12.3,38,staircase3,no_load,0.0
10.345932,0.705487,gripper,20.0,20.2694,27.4043,27.7734,2138,0,28,0,12.3,38,staircase3,no_load,0.0
10.356403,0.715957,gripper,20.0,20.2694,27.4043,27.7734,2138,0,28,1,12.3,39,staircase3,no_load,0.0
10.366957,0.726511,gripper,20.0,20.2694,27.4043,27.7734,2138,0,28,1,12.3,38,staircase3,no_load,0.0
10.377351,0.736906,gripper,20.0,20.2694,27.4043,27.7734,2138,0,28,0,12.3,38,staircase3,no_load,0.0
10.38763,0.747185,gripper,20.0,20.2694,27.4043,27.7734,2138,0,28,1,12.3,38,staircase3,no_load,0.0
10.398213,0.757768,gripper,20.0,20.2694,27.4043,27.7734,2138,0,28,0,12.3,38,staircase3,no_load,0.0
10.408764,0.768319,gripper,20.0,20.2694,27.4043,27.7734,2138,0,28,1,12.3,38,staircase3,no_load,0.0
10.419335,0.778889,gripper,20.0,20.2694,27.4043,27.7734,2138,0,28,1,12.3,38,staircase3,no_load,0.0
10.430082,0.789636,gripper,20.0,20.2694,27.4043,27.7734,2138,0,28,1,12.3,38,staircase3,no_load,0.0
10.440616,0.800171,gripper,20.0,20.2694,27.4043,27.7734,2138,0,28,1,12.3,38,staircase3,no_load,0.0
10.451147,0.810702,gripper,20.0,20.2694,27.4043,27.7734,2138,0,28,1,12.3,38,staircase3,no_load,0.0
10.461761,0.821316,gripper,20.0,20.2694,27.4043,27.7734,2138,0,28,0,12.3,38,staircase3,no_load,0.0
10.472061,0.831616,gripper,20.0,20.2694,27.4043,27.7734,2138,0,28,0,12.3,38,staircase3,no_load,0.0
10.482829,0.842383,gripper,20.0,20.2694,27.4043,27.7734,2138,0,28,1,12.3,38,staircase3,no_load,0.0
10.493459,0.853014,gripper,20.0,20.2694,27.4043,27.7734,2138,0,28,1,12.3,38,staircase3,no_load,0.0
10.504092,0.863646,gripper,20.0,20.2694,27.4043,27.7734,2138,0,28,0,12.3,38,staircase3,no_load,0.0
10.514373,0.873927,gripper,20.0,20.2694,27.4043,27.7734,2138,0,28,0,12.3,39,staircase3,no_load,0.0
10.524987,0.884541,gripper,20.0,20.2694,27.4043,27.7734,2138,0,28,1,12.3,38,staircase3,no_load,0.0
10.535699,0.895254,gripper,20.0,20.2694,27.4043,27.7734,2138,0,28,0,12.3,38,staircase3,no_load,0.0
10.545836,0.905391,gripper,20.0,20.2694,27.4043,27.7734,2138,0,28,1,12.3,38,staircase3,no_load,0.0
10.556311,0.915865,gripper,20.0,20.2694,27.4043,27.7734,2138,0,28,0,12.3,38,staircase3,no_load,0.0
10.566872,0.926426,gripper,20.0,20.2694,27.4043,27.7734,2138,0,28,1,12.3,39,staircase3,no_load,0.0
10.577916,0.93747,gripper,20.0,20.2694,27.4043,27.7734,2138,0,28,1,12.3,38,staircase3,no_load,0.0
10.588455,0.948009,gripper,20.0,20.2694,27.4043,27.7734,2138,0,28,1,12.3,38,staircase3,no_load,0.0
10.598801,0.958356,gripper,20.0,20.2694,27.4043,27.7734,2138,0,28,1,12.3,38,staircase3,no_load,0.0
10.609536,0.969091,gripper,20.0,20.2694,27.4043,27.7734,2138,0,28,1,12.3,38,staircase3,no_load,0.0
10.620041,0.979596,gripper,20.0,20.2694,27.4043,27.7734,2138,0,28,1,12.3,38,staircase3,no_load,0.0
10.6303,0.989854,gripper,20.0,20.2694,27.4043,27.7734,2138,0,28,0,12.3,38,staircase3,no_load,0.0
10.640866,1.000421,gripper,20.0,20.2694,27.4043,27.7734,2138,0,28,1,12.3,38,staircase3,no_load,0.0
10.651821,1.011376,gripper,20.0,20.2694,27.4043,27.7734,2138,0,28,1,12.3,39,staircase3,no_load,0.0
10.662511,1.022065,gripper,20.0,20.2694,27.4043,27.7734,2138,0,28,1,12.3,38,staircase3,no_load,0.0
10.673306,1.03286,gripper,20.0,20.2694,27.4043,27.7734,2138,0,28,1,12.2,38,staircase3,no_load,0.0
10.684164,1.043718,gripper,20.0,20.2694,27.4043,27.7734,2138,0,28,0,12.3,38,staircase3,no_load,0.0
10.694807,1.054362,gripper,20.0,20.2694,27.4043,27.7734,2138,0,28,1,12.3,38,staircase3,no_load,0.0
10.705478,1.065033,gripper,20.0,20.2694,27.4043,27.7734,2138,0,28,0,12.3,39,staircase3,no_load,0.0
10.715803,1.075357,gripper,20.0,20.2694,27.4043,27.7734,2138,0,28,1,12.3,38,staircase3,no_load,0.0
10.725966,1.08552,gripper,20.0,20.2694,27.4043,27.7734,2138,0,28,0,12.3,39,staircase3,no_load,0.0
10.736303,1.095857,gripper,20.0,20.2694,27.4043,27.7734,2138,0,28,0,12.2,39,staircase3,no_load,0.0
10.746715,1.10627,gripper,20.0,20.2694,27.4043,27.7734,2138,0,28,0,12.3,38,staircase3,no_load,0.0
10.75694,1.116495,gripper,20.0,20.2694,27.4043,27.7734,2138,0,28,1,12.3,38,staircase3,no_load,0.0
10.767145,1.126699,gripper,20.0,20.2694,27.4043,27.7734,2138,0,28,1,12.3,38,staircase3,no_load,0.0
10.777568,1.137123,gripper,20.0,20.2694,27.4043,27.7734,2138,0,28,1,12.3,38,staircase3,no_load,0.0
10.788029,1.147584,gripper,20.0,20.2694,27.4043,27.7734,2138,0,28,1,12.3,38,staircase3,no_load,0.0
10.798579,1.158134,gripper,20.0,20.2694,27.4043,27.7734,2138,0,28,0,12.3,38,staircase3,no_load,0.0
10.808792,1.168347,gripper,20.0,20.2694,27.4043,27.7734,2138,0,28,1,12.3,38,staircase3,no_load,0.0
10.819374,1.178928,gripper,20.0,20.2694,27.4043,27.7734,2138,0,28,1,12.3,38,staircase3,no_load,0.0
10.829711,1.189265,gripper,20.0,20.2694,27.4043,27.7734,2138,0,28,0,12.3,38,staircase3,no_load,0.0
10.840284,1.199839,gripper,20.0,20.2694,27.4043,27.7734,2138,0,28,0,12.3,38,staircase3,no_load,0.0
10.8511,1.210655,gripper,20.0,20.2694,27.4043,27.7734,2138,0,28,1,12.3,38,staircase3,no_load,0.0
10.862083,1.221637,gripper,20.0,20.2694,27.4043,27.7734,2138,0,28,1,12.3,38,staircase3,no_load,0.0
10.872865,1.23242,gripper,20.0,20.2694,27.4043,27.7734,2138,0,28,0,12.3,39,staircase3,no_load,0.0
10.883476,1.24303,gripper,20.0,20.2694,27.4043,27.7734,2138,0,28,1,12.3,38,staircase3,no_load,0.0
10.89384,1.253395,gripper,20.0,20.2694,27.4043,27.7734,2138,0,28,1,12.3,38,staircase3,no_load,0.0
10.904457,1.264012,gripper,20.0,20.2694,27.4043,27.7734,2138,0,28,1,12.3,38,staircase3,no_load,0.0
10.914672,1.274227,gripper,20.0,20.2694,27.4043,27.7734,2138,0,28,1,12.3,38,staircase3,no_load,0.0
10.924863,1.284418,gripper,20.0,20.2694,27.4043,27.7734,2138,0,28,1,12.3,39,staircase3,no_load,0.0
10.935646,1.2952,gripper,20.0,20.2694,27.4043,27.7734,2138,0,28,1,12.3,38,staircase3,no_load,0.0
10.946047,1.305602,gripper,20.0,20.2694,27.4043,27.7734,2138,0,28,1,12.3,38,staircase3,no_load,0.0
10.95617,1.315724,gripper,20.0,20.2694,27.4043,27.7734,2138,0,28,1,12.3,38,staircase3,no_load,0.0
10.966573,1.326128,gripper,20.0,20.2694,27.4043,27.7734,2138,0,28,0,12.3,38,staircase3,no_load,0.0
10.976974,1.336529,gripper,20.0,20.2694,27.4043,27.7734,2138,0,28,0,12.3,38,staircase3,no_load,0.0
10.987432,1.346987,gripper,20.0,20.2694,27.4043,27.7734,2138,0,28,0,12.3,38,staircase3,no_load,0.0
10.997998,1.357553,gripper,20.0,20.2694,27.4043,27.7734,2138,0,28,1,12.3,38,staircase3,no_load,0.0
11.008295,1.36785,gripper,20.0,20.2694,27.4043,27.7734,2138,0,28,1,12.2,38,staircase3,no_load,0.0
11.018697,1.378252,gripper,20.0,20.2694,27.4043,27.7734,2138,0,28,1,12.2,38,staircase3,no_load,0.0
11.029319,1.388873,gripper,20.0,20.2694,27.4043,27.7734,2138,0,28,1,12.3,38,staircase3,no_load,0.0
11.039704,1.399258,gripper,20.0,20.2694,27.4043,27.7734,2138,0,28,1,12.3,38,staircase3,no_load,0.0
11.04996,1.409514,gripper,20.0,20.2694,27.4043,27.7734,2138,0,28,0,12.3,38,staircase3,no_load,0.0
11.060534,1.420089,gripper,20.0,20.2694,27.4043,27.7734,2138,0,28,1,12.3,38,staircase3,no_load,0.0
11.07188,1.431435,gripper,20.0,20.2694,27.4043,27.7734,2138,0,28,0,12.3,38,staircase3,no_load,0.0
11.082294,1.441849,gripper,20.0,20.2694,27.4043,27.7734,2138,0,28,1,12.3,38,staircase3,no_load,0.0
11.09289,1.452445,gripper,20.0,20.2694,27.4043,27.7734,2138,0,28,1,12.3,38,staircase3,no_load,0.0
11.103423,1.462978,gripper,20.0,20.2694,27.4043,27.7734,2138,0,28,0,12.3,38,staircase3,no_load,0.0
11.113809,1.473364,gripper,20.0,20.2694,27.4043,27.7734,2138,0,28,1,12.3,39,staircase3,no_load,0.0
11.124373,1.483927,gripper,20.0,20.2694,27.4043,27.7734,2138,0,28,0,12.3,38,staircase3,no_load,0.0
11.135243,1.494798,gripper,20.0,20.2694,27.4043,27.7734,2138,0,28,1,12.3,38,staircase3,no_load,0.0
11.145543,1.505097,gripper,20.0,20.2694,27.4043,27.7734,2138,0,28,1,12.3,38,staircase3,no_load,0.0
11.155972,1.515527,gripper,20.0,20.2694,27.4043,27.7734,2138,0,28,1,12.3,38,staircase3,no_load,0.0
11.166509,1.526064,gripper,20.0,20.2694,27.4043,27.7734,2138,0,28,1,12.3,38,staircase3,no_load,0.0
11.177056,1.53661,gripper,20.0,20.2694,27.4043,27.7734,2138,0,28,1,12.3,38,staircase3,no_load,0.0
11.188204,1.547758,gripper,20.0,20.2694,27.4043,27.7734,2138,0,28,1,12.3,38,staircase3,no_load,0.0
11.199042,1.558597,gripper,20.0,20.2694,27.4043,27.7734,2138,0,28,0,12.3,38,staircase3,no_load,0.0
11.209702,1.569257,gripper,20.0,20.2694,27.4043,27.7734,2138,0,28,1,12.3,38,staircase3,no_load,0.0
11.220342,1.579896,gripper,20.0,20.2694,27.4043,27.7734,2138,0,28,0,12.3,38,staircase3,no_load,0.0
11.230587,1.590142,gripper,20.0,20.2694,27.4043,27.7734,2138,0,28,0,12.3,38,staircase3,no_load,0.0
