time,time_since_command,joint_name,commanded_norm,actual_norm,commanded_deg,actual_deg,raw_ticks,speed_raw,load_raw,current_raw,voltage,temperature,experiment_id,load_condition,measured_vel_deg_s
0.00241,2e-05,gripper,50.0,50.2886,68.5107,68.9062,2606,0,28,1,12.3,39,step_20,no_load,0.0
0.013093,0.010703,gripper,50.0,50.2886,68.5107,68.9062,2606,0,28,0,12.3,39,step_20,no_load,0.0
0.02369,0.0213,gripper,50.0,50.2886,68.5107,68.9062,2606,0,28,0,12.3,39,step_20,no_load,0.0
0.034396,0.032007,gripper,50.0,50.2886,68.5107,68.9062,2606,0,28,0,12.3,39,step_20,no_load,0.0
0.045154,0.042764,gripper,50.0,50.2886,68.5107,68.9062,2606,0,28,1,12.3,39,step_20,no_load,0.0
0.055922,0.053532,gripper,50.0,50.2886,68.5107,68.9062,2606,0,28,1,12.3,39,step_20,no_load,0.0
0.06665,0.064261,gripper,50.0,50.2886,68.5107,68.9062,2606,0,28,1,12.2,39,step_20,no_load,0.0
0.077001,0.074611,gripper,50.0,50.2886,68.5107,68.9062,2606,0,28,1,12.3,39,step_20,no_load,0.0
0.088408,0.086018,gripper,50.0,50.2886,68.5107,68.9062,2606,0,28,1,12.3,39,step_20,no_load,0.0
0.098919,0.09653,gripper,50.0,50.2886,68.5107,68.9062,2606,0,28,1,12.3,39,step_20,no_load,0.0
0.109344,0.106955,gripper,50.0,50.2886,68.5107,68.9062,2606,0,28,0,12.3,39,step_20,no_load,0.0
0.119734,0.117345,gripper,50.0,50.2886,68.5107,68.9062,2606,0,28,1,12.3,39,step_20,no_load,0.0
0.130836,0.128446,gripper,50.0,50.2886,68.5107,68.9062,2606,0,28,1,12.3,39,step_20,no_load,0.0
0.141523,0.139133,gripper,50.0,50.2886,68.5107,68.9062,2606,0,28,0,12.3,39,step_20,no_load,0.0
0.152286,0.149896,gripper,50.0,50.2886,68.5107,68.9062,2606,0,28,1,12.3,39,step_20,no_load,0.0
0.163267,0.160878,gripper,50.0,50.2886,68.5107,68.9062,2606,0,28,1,12.3,39,step_20,no_load,0.0
0.173877,0.171487,gripper,50.0,50.2886,68.5107,68.9062,2606,0,28,0,12.3,38,step_20,no_load,0.0
0.184952,0.182563,gripper,50.0,50.2886,68.5107,68.9062,2606,0,28,1,12.3,38,step_20,no_load,0.0
0.195395,0.193006,gripper,50.0,50.2886,68.5107,68.9062,2606,0,28,1,12.3,39,step_20,no_load,0.0
0.205796,0.203406,gripper,50.0,50.2886,68.5107,68.9062,2606,0,28,1,12.3,39,step_20,no_load,0.0
0.216207,0.213817,gripper,50.0,50.2886,68.5107,68.9062,2606,0,28,1,12.3,39,step_20,no_load,0.0
0.226874,0.224485,gripper,50.0,50.2886,68.5107,68.9062,2606,0,28,0,12.3,39,step_20,no_load,0.0
0.237002,0.234613,gripper,50.0,50.2886,68.5107,68.9062,2606,0,28,0,12.3,39,step_20,no_load,0.0
0.248002,0.245612,gripper,50.0,50.2886,68.5107,68.9062,2606,0,28,1,12.3,39,step_20,no_load,0.0
0.258421,0.256031,gripper,50.0,50.2886,68.5107,68.9062,2606,0,28,1,12.3,38,step_20,no_load,0.0
0.268556,0.266166,gripper,50.0,50.2886,68.5107,68.9062,2606,0,28,1,12.3,39,step_20,no_load,0.0
0.278758,0.276369,gripper,50.0,50.2886,68.5107,68.9062,2606,0,28,0,12.3,39,step_20,no_load,0.0
0.289755,0.287366,gripper,50.0,50.2886,68.5107,68.9062,2606,0,28,0,12.2,39,step_20,no_load,0.0
0.299875,0.297486,gripper,50.0,50.2886,68.5107,68.9062,2606,0,28,1,12.2,39,step_20,no_load,0.0
0.310821,0.308431,gripper,50.0,50.2886,68.5107,68.9062,2606,0,28,1,12.3,39,step_20,no_load,0.0
0.32147,0.31908,gripper,50.0,50.2886,68.5107,68.9062,2606,0,28,0,12.3,39,step_20,no_load,0.0
0.332163,0.329774,gripper,50.0,50.2886,68.5107,68.9062,2606,0,28,1,12.3,39,step_20,no_load,0.0
0.342708,0.340319,gripper,50.0,50.2886,68.5107,68.9062,2606,0,28,1,12.3,39,step_20,no_load,0.0
0.352989,0.3506,gripper,50.0,50.2886,68.5107,68.9062,2606,0,28,0,12.2,39,step_20,no_load,0.0
0.36317,0.36078,gripper,50.0,50.2886,68.5107,68.9062,2606,0,28,0,12.3,39,step_20,no_load,0.0
0.373448,0.371059,gripper,50.0,50.2886,68.5107,68.9062,2606,0,28,1,12.3,39,step_20,no_load,0.0
0.384079,0.381689,gripper,50.0,50.2886,68.5107,68.9062,2606,0,28,0,12.3,39,step_20,no_load,0.0
0.394927,0.392538,gripper,50.0,50.2886,68.5107,68.9062,2606,0,28,1,12.3,39,step_20,no_load,0.0
0.405576,0.403187,gripper,50.0,50.2886,68.5107,68.9062,2606,0,28,1,12.3,39,step_20,no_load,0.0
0.416195,0.413806,gripper,50.0,50.2886,68.5107,68.9062,2606,0,28,1,12.3,39,step_20,no_load,0.0
0.426785,0.424395,gripper,50.0,50.2886,68.5107,68.9062,2606,0,28,0,12.3,39,step_20,no_load,0.0
0.43812,0.435731,gripper,50.0,50.2886,68.5107,68.9062,2606,0,28,1,12.3,39,step_20,no_load,0.0
0.44898,0.446591,gripper,50.0,50.2886,68.5107,68.9062,2606,0,28,1,12.3,39,step_20,no_load,0.0
0.459878,0.457488,gripper,50.0,50.2886,68.5107,68.9062,2606,0,28,0,12.3,39,step_20,no_load,0.0
0.470898,0.468509,gripper,50.0,50.2886,68.5107,68.9062,2606,0,28,0,12.3,39,step_20,no_load,0.0
0.481683,0.479294,gripper,50.0,50.2886,68.5107,68.9062,2606,0,28,1,12.3,39,step_20,no_load,0.0
0.492512,0.490122,gripper,50.0,50.2886,68.5107,68.9062,2606,0,28,1,12.3,39,step_20,no_load,0.0
0.503465,0.501075,gripper,50.0,50.2886,68.5107,68.9062,2606,0,28,1,12.3,39,step_20,no_load,0.0
0.513671,0.511282,gripper,50.0,50.2886,68.5107,68.9062,2606,0,28,1,12.3,39,step_20,no_load,0.0
0.524288,0.521899,gripper,50.0,50.2886,68.5107,68.9062,2606,0,28,0,12.2,39,step_20,no_load,0.0
0.53466,0.53227,gripper,50.0,50.2886,68.5107,68.9062,2606,0,28,0,12.3,39,step_20,no_load,0.0
0.544944,0.542554,gripper,50.0,50.2886,68.5107,68.9062,2606,0,28,1,12.3,38,step_20,no_load,0.0
0.555319,0.55293,gripper,50.0,50.2886,68.5107,68.9062,2606,0,28,1,12.3,39,step_20,no_load,0.0
0.56605,0.56366,gripper,50.0,50.2886,68.5107,68.9062,2606,0,28,0,12.3,39,step_20,no_load,0.0
0.577191,0.574802,gripper,50.0,50.2886,68.5107,68.9062,2606,0,28,0,12.3,39,step_20,no_load,0.0
0.587596,0.585207,gripper,50.0,50.2886,68.5107,68.9062,2606,0,28,0,12.3,39,step_20,no_load,0.0
0.598231,0.595842,gripper,50.0,50.2886,68.5107,68.9062,2606,0,28,0,12.3,38,step_20,no_load,0.0
0.608801,0.606412,gripper,50.0,50.2886,68.5107,68.9062,2606,0,28,1,12.3,39,step_20,no_load,0.0
0.61944,0.61705,gripper,50.0,50.2886,68.5107,68.9062,2606,0,28,1,12.3,39,step_20,no_load,0.0
0.629836,0.627447,gripper,50.0,50.2886,68.5107,68.9062,2606,0,28,0,12.3,38,step_20,no_load,0.0
0.640394,0.638004,gripper,50.0,50.2886,68.5107,68.9062,2606,0,28,0,12.3,39,step_20,no_load,0.0
0.650559,0.648169,gripper,50.0,50.2886,68.5107,68.9062,2606,0,28,0,12.3,39,step_20,no_load,0.0
0.660785,0.658395,gripper,50.0,50.2886,68.5107,68.9062,2606,0,28,1,12.3,39,step_20,no_load,0.0
0.671167,0.668777,gripper,50.0,50.2886,68.5107,68.9062,2606,0,28,0,12.3,39,step_20,no_load,0.0
0.681398,0.679008,gripper,50.0,50.2886,68.5107,68.9062,2606,0,28,1,12.3,39,step_20,no_load,0.0
0.691573,0.689183,gripper,50.0,50.2886,68.5107,68.9062,2606,0,28,1,12.3,39,step_20,no_load,0.0
0.701855,0.699466,gripper,50.0,50.2886,68.5107,68.9062,2606,0,28,0,12.3,39,step_20,no_load,0.0
0.712001,0.709612,gripper,50.0,50.2886,68.5107,68.9062,2606,0,28,1,12.3,39,step_20,no_load,0.0
0.72214,0.719751,gripper,50.0,50.2886,68.5107,68.9062,2606,0,28,1,12.3,39,step_20,no_load,0.0
0.732878,0.730488,gripper,50.0,50.2886,68.5107,68.9062,2606,0,28,1,12.3,39,step_20,no_load,0.0
0.742984,0.740594,gripper,50.0,50.2886,68.5107,68.9062,2606,0,28,1,12.3,39,step_20,no_load,0.0
0.753767,0.751377,gripper,50.0,50.2886,68.5107,68.9062,2606,0,28,1,12.3,39,step_20,no_load,0.0
0.763942,0.761553,gripper,50.0,50.2886,68.5107,68.9062,2606,0,28,1,12.3,38,step_20,no_load,0.0
0.774537,0.772148,gripper,50.0,50.2886,68.5107,68.9062,2606,0,28,1,12.3,39,step_20,no_load,0.0
0.785206,0.782816,gripper,50.0,50.2886,68.5107,68.9062,2606,0,28,1,12.3,39,step_20,no_load,0.0
0.795774,0.793385,gripper,50.0,50.2886,68.5107,68.9062,2606,0,28,1,12.3,39,step_20,no_load,0.0
0.806783,0.804393,gripper,50.0,50.2886,68.5107,68.9062,2606,0,28,0,12.3,39,step_20,no_load,0.0
0.817044,0.814655,gripper,50.0,50.2886,68.5107,68.9062,2606,0,28,1,12.3,39,step_20,no_load,0.0
0.827166,0.824777,gripper,50.0,50.2886,68.5107,68.9062,2606,0,28,1,12.3,39,step_20,no_load,0.0
0.838161,0.835771,gripper,50.0,50.2886,68.5107,68.9062,2606,0,28,1,12.3,39,step_20,no_load,0.0
0.848364,0.845975,gripper,50.0,50.2886,68.5107,68.9062,2606,0,28,1,12.3,39,step_20,no_load,0.0
0.859056,0.856666,gripper,50.0,50.2886,68.5107,68.9062,2606,0,28,1,12.3,39,step_20,no_load,0.0
0.869268,0.866879,gripper,50.0,50.2886,68.5107,68.9062,2606,0,28,1,12.3,38,step_20,no_load,0.0
0.880391,0.878001,gripper,50.0,50.2886,68.5107,68.9062,2606,0,28,1,12.3,39,step_20,no_load,0.0
0.890645,0.888255,gripper,50.0,50.2886,68.5107,68.9062,2606,0,28,1,12.3,39,step_20,no_load,0.0
0.900812,0.898423,gripper,50.0,50.2886,68.5107,68.9062,2606,0,28,0,12.3,39,step_20,no_load,0.0
0.910954,0.908564,gripper,50.0,50.2886,68.5107,68.9062,2606,0,28,1,12.3,39,step_20,no_load,0.0
0.921086,0.918697,gripper,50.0,50.2886,68.5107,68.9062,2606,0,28,1,12.3,39,step_20,no_load,0.0
0.93138,0.92899,gripper,50.0,50.2886,68.5107,68.9062,2606,0,28,1,12.3,39,step_20,no_load,0.0
0.941617,0.939228,gripper,50.0,50.2886,68.5107,68.9062,2606,0,28,1,12.3,39,step_20,no_load,0.0
0.952142,0.949752,gripper,50.0,50.2886,68.5107,68.9062,2606,0,28,0,12.3,39,step_20,no_load,0.0
0.962868,0.960479,gripper,50.0,50.2886,68.5107,68.9062,2606,0,28,0,12.3,39,step_20,no_load,0.0
0.973202,0.970813,gripper,50.0,50.2886,68.5107,68.9062,2606,0,28,1,12.3,39,step_20,no_load,0.0
0.984221,0.981832,gripper,50.0,50.2886,68.5107,68.9062,2606,0,28,1,12.3,39,step_20,no_load,0.0
0.994903,0.992514,gripper,50.0,50.2886,68.5107,68.9062,2606,0,28,1,12.3,39,step_20,no_load,0.0
1.005499,1.003109,gripper,50.0,50.2886,68.5107,68.9062,2606,0,28,1,12.3,39,step_20,no_load,0.0
1.015691,1.013301,gripper,50.0,50.2886,68.5107,68.9062,2606,0,28,1,12.3,39,step_20,no_load,0.0
1.026142,1.023752,gripper,50.0,50.2886,68.5107,68.9062,2606,0,28,1,12.3,39,step_20,no_load,0.0
1.036616,1.034226,gripper,50.0,50.2886,68.5107,68.9062,2606,0,28,1,12.3,39,step_20,no_load,0.0
1.046958,1.044568,gripper,50.0,50.2886,68.5107,68.9062,2606,0,28,1,12.3,39,step_20,no_load,0.0
1.057485,1.055096,gripper,50.0,50.2886,68.5107,68.9062,2606,0,28,0,12.3,39,step_20,no_load,0.0
1.068543,1.066153,gripper,50.0,50.2886,68.5107,68.9062,2606,0,28,1,12.3,39,step_20,no_load,0.0
1.078744,1.076355,gripper,50.0,50.2886,68.5107,68.9062,2606,0,28,1,12.3,39,step_20,no_load,0.0
1.08899,1.0866,gripper,50.0,50.2886,68.5107,68.9062,2606,0,28,0,12.3,39,step_20,no_load,0.0
1.099605,1.097216,gripper,50.0,50.2886,68.5107,68.9062,2606,0,28,1,12.3,39,step_20,no_load,0.0
1.110343,1.107954,gripper,50.0,50.2886,68.5107,68.9062,2606,0,28,0,12.3,39,step_20,no_load,0.0
1.120627,1.118238,gripper,50.0,50.2886,68.5107,68.9062,2606,0,28,1,12.3,39,step_20,no_load,0.0
1.131261,1.128871,gripper,50.0,50.2886,68.5107,68.9062,2606,0,28,1,12.3,39,step_20,no_load,0.0
1.141584,1.139194,gripper,50.0,50.2886,68.5107,68.9062,2606,0,28,1,12.3,39,step_20,no_load,0.0
1.152201,1.149811,gripper,50.0,50.2886,68.5107,68.9062,2606,0,28,0,12.3,39,step_20,no_load,0.0
1.162459,1.16007,gripper,50.0,50.2886,68.5107,68.9062,2606,0,28,1,12.3,39,step_20,no_load,0.0
1.172737,1.170348,gripper,50.0,50.2886,68.5107,68.9062,2606,0,28,1,12.3,39,step_20,no_load,0.0
1.183033,1.180644,gripper,50.0,50.2886,68.5107,68.9062,2606,0,28,0,12.3,39,step_20,no_load,0.0
1.194062,1.191673,gripper,50.0,50.2886,68.5107,68.9062,2606,0,28,1,12.3,39,step_20,no_load,0.0
1.20565,4e-06,gripper,65.0,50.2886,89.064,68.9062,2606,0,28,1,12.3,39,step_20,no_load,0.0
1.216222,0.010576,gripper,65.0,50.2886,89.064,68.9062,2606,0,0,1,12.3,39,step_20,no_load,0.0
1.227402,0.021756,gripper,65.0,50.2886,89.064,68.9062,2606,0,1052,1,12.3,39,step_20,no_load,0.0
1.237794,0.032148,gripper,65.0,50.2886,89.064,68.9062,2606,0,1112,3,12.3,55,step_20,no_load,0.0
1.248232,0.042587,gripper,65.0,50.2886,89.064,68.9062,2606,0,1156,5,12.2,39,step_20,no_load,0.0
1.25871,0.053064,gripper,65.0,50.2886,89.064,68.9062,2606,0,1264,14,12.2,39,step_20,no_load,0.0
1.268894,0.063248,gripper,65.0,50.3528,89.064,68.9941,2607,0,1316,16,12.2,39,step_20,no_load,8.631
1.279657,0.074011,gripper,65.0,50.8018,89.064,69.6094,2614,0,1388,18,12.2,39,step_20,no_load,57.168
1.289887,0.084242,gripper,65.0,51.4432,89.064,70.4883,2624,650,1440,20,12.2,39,step_20,no_load,85.914
1.30021,0.094565,gripper,65.0,52.1488,89.064,71.4551,2635,650,1472,19,12.2,39,step_20,no_load,93.655
1.310648,0.105002,gripper,65.0,52.9827,89.064,72.5977,2648,1100,1512,22,12.2,39,step_20,no_load,109.465
1.320793,0.115148,gripper,65.0,53.9448,89.064,73.916,2663,1100,1524,17,12.2,39,step_20,no_load,129.946
1.331016,0.125371,gripper,65.0,54.907,89.064,75.2344,2678,1450,1476,3,12.2,39,step_20,no_load,128.964
1.342081,0.136435,gripper,65.0,55.9974,89.064,76.7285,2695,1450,1472,3,12.3,39,step_20,no_load,135.029
1.35228,0.146634,gripper,65.0,57.0237,89.064,78.1348,2711,1500,1464,0,12.3,39,step_20,no_load,137.886
1.362973,0.157327,gripper,65.0,58.05,89.064,79.541,2727,1500,1396,0,12.3,39,step_20,no_load,131.507
1.373404,0.167758,gripper,65.0,59.0763,89.064,80.9473,2743,1500,1328,0,12.3,39,step_20,no_load,134.819
1.383849,0.178203,gripper,65.0,59.9102,89.064,82.0898,2756,1350,1288,0,12.3,39,step_20,no_load,109.382
1.394099,0.188454,gripper,65.0,60.6158,89.064,83.0566,2767,1350,1224,0,12.3,39,step_20,no_load,94.322
1.404894,0.199248,gripper,65.0,61.2572,89.064,83.9355,2777,1000,1184,0,12.3,39,step_20,no_load,81.417
1.415139,0.209493,gripper,65.0,61.7704,89.064,84.6387,2785,1000,1164,0,12.3,39,step_20,no_load,68.638
1.425479,0.219833,gripper,65.0,62.1552,89.064,85.166,2791,650,1140,0,12.3,39,step_20,no_load,50.996
1.435896,0.23025,gripper,65.0,62.4759,89.064,85.6055,2796,650,1152,1,12.3,39,step_20,no_load,42.191
1.446094,0.240449,gripper,65.0,62.7325,89.064,85.957,2800,450,1132,1,12.3,39,step_20,no_load,34.468
1.456769,0.251123,gripper,65.0,62.9891,89.064,86.3086,2804,450,1120,1,12.3,39,step_20,no_load,32.937
1.46761,0.261965,gripper,65.0,63.1815,89.064,86.5723,2807,350,1108,1,12.3,39,step_20,no_load,24.324
1.478194,0.272548,gripper,65.0,63.374,89.064,86.8359,2810,350,1108,1,12.3,39,step_20,no_load,24.906
1.488734,0.283088,gripper,65.0,63.5664,89.064,87.0996,2813,300,1096,1,12.3,42,step_20,no_load,25.019
1.498908,0.293262,gripper,65.0,63.6947,89.064,87.2754,2815,300,1092,0,12.3,39,step_20,no_load,17.279
1.50961,0.303964,gripper,65.0,63.8871,89.064,87.5391,2818,200,1084,1,12.2,38,step_20,no_load,24.64
1.5201,0.314455,gripper,65.0,63.9513,89.064,87.627,2819,200,1080,0,12.3,39,step_20,no_load,8.379
1.530555,0.32491,gripper,65.0,64.0795,89.064,87.8027,2821,200,1080,1,12.3,39,step_20,no_load,16.805
1.541269,0.335624,gripper,65.0,64.1437,89.064,87.8906,2822,200,1072,1,12.3,39,step_20,no_load,8.204
1.552079,0.346434,gripper,65.0,64.272,89.064,88.0664,2824,150,1068,1,12.3,39,step_20,no_load,16.263
1.562732,0.357086,gripper,65.0,64.3361,89.064,88.1543,2825,100,1064,1,12.3,38,step_20,no_load,8.251
1.573459,0.367814,gripper,65.0,64.3361,89.064,88.1543,2825,100,1068,1,12.3,39,step_20,no_load,0.0
1.583783,0.378138,gripper,65.0,64.4644,89.064,88.3301,2827,100,1064,1,12.3,39,step_20,no_load,17.028
1.594104,0.388459,gripper,65.0,64.4644,89.064,88.3301,2827,100,1060,1,12.3,39,step_20,no_load,0.0
1.604439,0.398794,gripper,65.0,64.5285,89.064,88.418,2828,50,1056,0,12.3,39,step_20,no_load,8.505
1.615231,0.409586,gripper,65.0,64.5285,89.064,88.418,2828,50,1060,0,12.3,39,step_20,no_load,0.0
1.625829,0.420183,gripper,65.0,64.5927,89.064,88.5059,2829,0,1056,1,12.3,39,step_20,no_load,8.294
1.636112,0.430466,gripper,65.0,64.5927,89.064,88.5059,2829,0,1056,0,12.3,39,step_20,no_load,0.0
1.647279,0.441633,gripper,65.0,64.5927,89.064,88.5059,2829,50,1056,1,12.3,39,step_20,no_load,0.0
1.657956,0.45231,gripper,65.0,64.6568,89.064,88.5938,2830,50,1056,1,12.3,39,step_20,no_load,8.233
1.668247,0.462601,gripper,65.0,64.6568,89.064,88.5938,2830,50,1056,1,12.3,39,step_20,no_load,0.0
1.678833,0.473187,gripper,65.0,64.6568,89.064,88.5938,2830,50,1052,1,12.3,39,step_20,no_load,0.0
1.689054,0.483408,gripper,65.0,64.6568,89.064,88.5938,2830,0,1052,1,12.3,39,step_20,no_load,0.0
1.699438,0.493792,gripper,65.0,64.6568,89.064,88.5938,2830,0,1056,1,12.3,39,step_20,no_load,0.0
1.709939,0.504293,gripper,65.0,64.6568,89.064,88.5938,2830,0,1056,1,12.3,39,step_20,no_load,0.0
1.720684,0.515039,gripper,65.0,64.6568,89.064,88.5938,2830,0,1056,0,12.2,39,step_20,no_load,0.0
1.731487,0.525842,gripper,65.0,64.6568,89.064,88.5938,2830,0,1056,0,12.3,39,step_20,no_load,0.0
1.742117,0.536472,gripper,65.0,64.6568,89.064,88.5938,2830,0,1056,0,12.3,39,step_20,no_load,0.0
1.752849,0.547203,gripper,65.0,64.6568,89.064,88.5938,2830,0,1056,0,12.3,39,step_20,no_load,0.0
1.763489,0.557843,gripper,65.0,64.6568,89.064,88.5938,2830,0,1056,1,12.3,39,step_20,no_load,0.0
1.773709,0.568063,gripper,65.0,64.6568,89.064,88.5938,2830,0,1056,0,12.3,39,step_20,no_load,0.0
1.784407,0.578762,gripper,65.0,64.6568,89.064,88.5938,2830,0,1056,1,12.3,39,step_20,no_load,0.0
1.795185,0.58954,gripper,65.0,64.6568,89.064,88.5938,2830,0,1056,0,12.3,39,step_20,no_load,0.0
1.805508,0.599862,gripper,65.0,64.6568,89.064,88.5938,2830,0,1056,1,12.3,39,step_20,no_load,0.0
1.816142,0.610497,gripper,65.0,64.6568,89.064,88.5938,2830,0,1056,1,12.3,38,step_20,no_load,0.0
1.826854,0.621208,gripper,65.0,64.6568,89.064,88.5938,2830,0,1056,0,12.3,39,step_20,no_load,0.0
1.837521,0.631875,gripper,65.0,64.6568,89.064,88.5938,2830,0,1056,1,12.3,39,step_20,no_load,0.0
1.848357,0.642712,gripper,65.0,64.6568,89.064,88.5938,2830,0,1056,1,12.3,39,step_20,no_load,0.0
1.858829,0.653183,gripper,65.0,64.6568,89.064,88.5938,2830,0,1056,1,12.3,39,step_20,no_load,0.0
1.869134,0.663488,gripper,65.0,64.6568,89.064,88.5938,2830,0,1056,1,12.3,39,step_20,no_load,0.0
1.879848,0.674202,gripper,65.0,64.6568,89.064,88.5938,2830,0,1056,1,12.3,39,step_20,no_load,0.0
1.890206,0.68456,gripper,65.0,64.6568,89.064,88.5938,2830,0,1056,1,12.3,39,step_20,no_load,0.0
1.900638,0.694993,gripper,65.0,64.6568,89.064,88.5938,2830,0,1056,1,12.3,39,step_20,no_load,0.0
1.911671,0.706025,gripper,65.0,64.6568,89.064,88.5938,2830,0,1056,1,12.3,39,step_20,no_load,0.0
1.921906,0.716261,gripper,65.0,64.6568,89.064,88.5938,2830,0,1056,1,12.3,39,step_20,no_load,0.0
1.933019,0.727374,gripper,65.0,64.6568,89.064,88.5938,2830,0,1056,1,12.3,39,step_20,no_load,0.0
1.943653,0.738008,gripper,65.0,64.6568,89.064,88.5938,2830,0,1056,0,12.3,39,step_20,no_load,0.0
1.954382,0.748737,gripper,65.0,64.6568,89.064,88.5938,2830,0,1056,1,12.3,39,step_20,no_load,0.0
1.96502,0.759375,gripper,65.0,64.6568,89.064,88.5938,2830,0,1056,1,12.3,39,step_20,no_load,0.0
1.97577,0.770125,gripper,65.0,64.6568,89.064,88.5938,2830,0,1056,0,12.3,39,step_20,no_load,0.0
1.987259,0.781614,gripper,65.0,64.6568,89.064,88.5938,2830,0,1056,1,12.3,39,step_20,no_load,0.0
1.997615,0.791969,gripper,65.0,64.6568,89.064,88.5938,2830,0,1056,0,12.3,38,step_20,no_load,0.0
2.007852,0.802206,gripper,65.0,64.6568,89.064,88.5938,2830,0,1056,1,12.3,39,step_20,no_load,0.0
2.018283,0.812638,gripper,65.0,64.6568,89.064,88.5938,2830,0,1056,0,12.3,39,step_20,no_load,0.0
2.028896,0.82325,gripper,65.0,64.6568,89.064,88.5938,2830,0,1056,1,12.3,39,step_20,no_load,0.0
2.03925,0.833604,gripper,65.0,64.6568,89.064,88.5938,2830,0,1056,1,12.3,39,step_20,no_load,0.0
2.049771,0.844125,gripper,65.0,64.6568,89.064,88.5938,2830,0,1056,1,12.3,39,step_20,no_load,0.0
2.059984,0.854339,gripper,65.0,64.6568,89.064,88.5938,2830,0,1056,1,12.3,39,step_20,no_load,0.0
2.07026,0.864615,gripper,65.0,64.6568,89.064,88.5938,2830,0,1056,1,12.3,39,step_20,no_load,0.0
2.080881,0.875236,gripper,65.0,64.6568,89.064,88.5938,2830,0,1056,0,12.2,39,step_20,no_load,0.0
2.091899,0.886253,gripper,65.0,64.6568,89.064,88.5938,2830,0,1056,1,12.3,39,step_20,no_load,0.0
2.102861,0.897216,gripper,65.0,64.6568,89.064,88.5938,2830,0,1056,1,12.3,39,step_20,no_load,0.0
2.113875,0.90823,gripper,65.0,64.6568,89.064,88.5938,2830,0,1056,1,12.3,39,step_20,no_load,0.0
2.124882,0.919236,gripper,65.0,64.6568,89.064,88.5938,2830,0,1056,1,12.3,39,step_20,no_load,0.0
2.135193,0.929547,gripper,65.0,64.6568,89.064,88.5938,2830,0,1056,1,12.3,39,step_20,no_load,0.0
2.145944,0.940299,gripper,65.0,64.6568,89.064,88.5938,2830,0,1056,0,12.3,39,step_20,no_load,0.0
2.156228,0.950583,gripper,65.0,64.6568,89.064,88.5938,2830,0,1056,1,12.3,39,step_20,no_load,0.0
2.16671,0.961065,gripper,65.0,64.6568,89.064,88.5938,2830,0,1056,1,12.3,39,step_20,no_load,0.0
2.177477,0.971832,gripper,65.0,64.6568,89.064,88.5938,2830,0,1056,1,12.3,39,step_20,no_load,0.0
2.188224,0.982578,gripper,65.0,64.6568,89.064,88.5938,2830,0,1056,0,12.3,38,step_20,no_load,0.0
2.198717,0.993071,gripper,65.0,64.6568,89.064,88.5938,2830,0,1056,1,12.3,39,step_20,no_load,0.0
2.209334,1.003688,gripper,65.0,64.6568,89.064,88.5938,2830,0,1056,1,12.3,39,step_20,no_load,0.0
2.219497,1.013852,gripper,65.0,64.6568,89.064,88.5938,2830,0,1056,1,12.3,39,step_20,no_load,0.0
2.230071,1.024425,gripper,65.0,64.6568,89.064,88.5938,2830,0,1056,0,12.3,39,step_20,no_load,0.0
2.240964,1.035319,gripper,65.0,64.6568,89.064,88.5938,2830,0,1056,1,12.3,39,step_20,no_load,0.0
2.251257,1.045612,gripper,65.0,64.6568,89.064,88.5938,2830,0,1056,1,12.3,38,step_20,no_load,0.0
2.261705,1.056059,gripper,65.0,64.6568,89.064,88.5938,2830,0,1056,0,12.3,38,step_20,no_load,0.0
2.271787,1.066142,gripper,65.0,64.6568,89.064,88.5938,2830,0,1056,1,12.3,39,step_20,no_load,0.0
2.281912,1.076266,gripper,65.0,64.6568,89.064,88.5938,2830,0,1056,0,12.3,39,step_20,no_load,0.0
2.292571,1.086925,gripper,65.0,64.6568,89.064,88.5938,2830,0,1056,1,12.3,39,step_20,no_load,0.0
2.302916,1.097271,gripper,65.0,64.6568,89.064,88.5938,2830,0,1056,1,12.3,39,step_20,no_load,0.0
2.313256,1.10761,gripper,65.0,64.6568,89.064,88.5938,2830,0,1056,0,12.3,39,step_20,no_load,0.0
2.323412,1.117767,gripper,65.0,64.6568,89.064,88.5938,2830,0,1056,1,12.3,39,step_20,no_load,0.0
2.333711,1.128066,gripper,65.0,64.6568,89.064,88.5938,2830,0,1056,0,12.3,39,step_20,no_load,0.0
2.34388,1.138234,gripper,65.0,64.6568,89.064,88.5938,2830,0,1056,1,12.3,39,step_20,no_load,0.0
2.354056,1.148411,gripper,65.0,64.6568,89.064,88.5938,2830,0,1056,1,12.3,39,step_20,no_load,0.0
2.364577,1.158931,gripper,65.0,64.6568,89.064,88.5938,2830,0,1056,0,12.3,38,step_20,no_load,0.0
2.375161,1.169516,gripper,65.0,64.6568,89.064,88.5938,2830,0,1056,1,12.3,39,step_20,no_load,0.0
2.385793,1.180148,gripper,65.0,64.6568,89.064,88.5938,2830,0,1056,0,12.3,39,step_20,no_load,0.0
2.396047,1.190401,gripper,65.0,64.6568,89.064,88.5938,2830,0,1056,1,12.3,39,step_20,no_load,0.0
2.406963,3e-06,gripper,50.0,64.6568,68.5107,88.5938,2830,0,1056,0,12.3,39,step_20,no_load,0.0
2.417529,0.010569,gripper,50.0,64.6568,68.5107,88.5938,2830,0,1048,0,12.3,39,step_20,no_load,0.0
2.428477,0.021517,gripper,50.0,64.6568,68.5107,88.5938,2830,0,36,1,12.3,39,step_20,no_load,0.0
2.438683,0.031723,gripper,50.0,64.6568,68.5107,88.5938,2830,0,72,2,12.3,38,step_20,no_load,0.0
2.449105,0.042145,gripper,50.0,64.6568,68.5107,88.5938,2830,0,156,7,12.3,39,step_20,no_load,0.0
2.459785,0.052825,gripper,50.0,64.6568,68.5107,88.5938,2830,0,212,9,12.2,39,step_20,no_load,0.0
2.470078,0.063118,gripper,50.0,64.5927,68.5107,88.5059,2829,0,316,16,12.2,39,step_20,no_load,-8.54
2.480343,0.073383,gripper,50.0,64.2078,68.5107,87.9785,2823,-250,360,18,12.2,38,step_20,no_load,-51.378
2.490594,0.083634,gripper,50.0,63.6947,68.5107,87.2754,2815,-250,400,20,12.2,39,step_20,no_load,-68.588
2.50077,0.09381,gripper,50.0,62.9891,68.5107,86.3086,2804,-850,452,21,12.2,39,step_20,no_load,-95.008
2.511731,0.10477,gripper,50.0,62.1552,68.5107,85.166,2791,-850,496,20,12.2,39,step_20,no_load,-104.242
2.522087,0.115127,gripper,50.0,61.1931,68.5107,83.8477,2776,-1250,500,14,12.2,39,step_20,no_load,-127.298
2.532688,0.125728,gripper,50.0,60.1026,68.5107,82.3535,2759,-1250,496,10,12.3,39,step_20,no_load,-140.949
2.54304,0.13608,gripper,50.0,59.0122,68.5107,80.8594,2742,-1550,484,0,12.3,39,step_20,no_load,-144.33
2.553395,0.146435,gripper,50.0,57.9859,68.5107,79.4531,2726,-1550,408,0,12.3,39,step_20,no_load,-135.809
2.563639,0.156679,gripper,50.0,56.9596,68.5107,78.0469,2710,-1600,348,0,12.3,39,step_20,no_load,-137.271
2.57399,0.16703,gripper,50.0,56.0616,68.5107,76.8164,2696,-1600,320,0,12.3,39,step_20,no_load,-118.877
2.58505,0.17809,gripper,50.0,55.1636,68.5107,75.5859,2682,-1400,264,0,12.3,39,step_20,no_load,-111.257
2.595506,0.188546,gripper,50.0,54.458,68.5107,74.6191,2671,-1150,216,0,12.3,38,step_20,no_load,-92.464
2.605858,0.198898,gripper,50.0,53.8165,68.5107,73.7402,2661,-1150,164,0,12.3,39,step_20,no_load,-84.901
2.616151,0.209191,gripper,50.0,53.3034,68.5107,73.0371,2653,-800,132,0,12.3,39,step_20,no_load,-68.309
2.62666,0.2197,gripper,50.0,52.9185,68.5107,72.5098,2647,-800,132,0,12.3,39,step_20,no_load,-50.176
2.637742,0.230782,gripper,50.0,52.5337,68.5107,71.9824,2641,-550,108,1,12.3,39,step_20,no_load,-47.591
2.648361,0.241401,gripper,50.0,52.2771,68.5107,71.6309,2637,-550,112,1,12.3,39,step_20,no_load,-33.101
2.658633,0.251673,gripper,50.0,52.0205,68.5107,71.2793,2633,-400,96,1,12.3,39,step_20,no_load,-34.229
2.669097,0.262137,gripper,50.0,51.8281,68.5107,71.0156,2630,-400,92,1,12.3,39,step_20,no_load,-25.201
2.679582,0.272622,gripper,50.0,51.6357,68.5107,70.752,2627,-300,80,1,12.3,39,step_20,no_load,-25.141
2.690039,0.283079,gripper,50.0,51.4432,68.5107,70.4883,2624,-300,76,1,12.2,39,step_20,no_load,-25.218
2.700656,0.293696,gripper,50.0,51.3149,68.5107,70.3125,2622,-250,64,1,12.2,39,step_20,no_load,-16.558
2.710865,0.303905,gripper,50.0,51.1867,68.5107,70.1367,2620,-250,64,1,12.3,39,step_20,no_load,-17.22
2.721726,0.314766,gripper,50.0,51.0584,68.5107,69.9609,2618,-200,56,1,12.3,39,step_20,no_load,-16.186
2.733087,0.326127,gripper,50.0,50.9301,68.5107,69.7852,2616,-200,52,1,12.3,39,step_20,no_load,-15.465
2.743869,0.336909,gripper,50.0,50.8659,68.5107,69.6973,2615,-150,52,1,12.3,39,step_20,no_load,-8.152
2.754624,0.347664,gripper,50.0,50.7377,68.5107,69.5215,2613,-150,48,1,12.3,39,step_20,no_load,-16.346
2.76535,0.35839,gripper,50.0,50.6735,68.5107,69.4336,2612,-150,40,1,12.3,39,step_20,no_load,-8.195
2.775974,0.369014,gripper,50.0,50.6094,68.5107,69.3457,2611,-100,36,0,12.3,39,step_20,no_load,-8.274
2.786642,0.379681,gripper,50.0,50.6094,68.5107,69.3457,2611,-100,44,1,12.3,39,step_20,no_load,0.0
2.796973,0.390013,gripper,50.0,50.5452,68.5107,69.2578,2610,-50,40,1,12.3,39,step_20,no_load,-8.508
2.807905,0.400945,gripper,50.0,50.5452,68.5107,69.2578,2610,-50,40,0,12.2,39,step_20,no_load,0.0
2.818094,0.411134,gripper,50.0,50.4169,68.5107,69.082,2608,-50,32,1,12.3,39,step_20,no_load,-17.254
2.828648,0.421688,gripper,50.0,50.4169,68.5107,69.082,2608,-50,28,0,12.3,39,step_20,no_load,0.0
2.838954,0.431993,gripper,50.0,50.4169,68.5107,69.082,2608,-50,28,1,12.2,39,step_20,no_load,0.0
2.849845,0.442885,gripper,50.0,50.4169,68.5107,69.082,2608,-50,36,1,12.3,38,step_20,no_load,0.0
2.860457,0.453497,gripper,50.0,50.3528,68.5107,68.9941,2607,0,32,1,12.3,39,step_20,no_load,-8.283
2.870705,0.463744,gripper,50.0,50.3528,68.5107,68.9941,2607,0,28,1,12.3,39,step_20,no_load,0.0
2.880904,0.473943,gripper,50.0,50.3528,68.5107,68.9941,2607,-50,28,0,12.3,39,step_20,no_load,0.0
2.891056,0.484095,gripper,50.0,50.3528,68.5107,68.9941,2607,-50,32,1,12.3,39,step_20,no_load,0.0
2.902078,0.495118,gripper,50.0,50.2886,68.5107,68.9062,2606,0,24,1,12.3,39,step_20,no_load,-7.975
2.912804,0.505843,gripper,50.0,50.2886,68.5107,68.9062,2606,0,24,0,12.3,39,step_20,no_load,0.0
2.923514,0.516554,gripper,50.0,50.2886,68.5107,68.9062,2606,-50,28,1,12.2,39,step_20,no_load,0.0
2.934178,0.527218,gripper,50.0,50.2886,68.5107,68.9062,2606,0,28,0,12.3,39,step_20,no_load,0.0
2.944843,0.537883,gripper,50.0,50.2886,68.5107,68.9062,2606,0,28,0,12.2,39,step_20,no_load,0.0
2.95568,0.54872,gripper,50.0,50.2886,68.5107,68.9062,2606,0,28,1,12.3,39,step_20,no_load,0.0
2.966152,0.559192,gripper,50.0,50.2886,68.5107,68.9062,2606,0,28,1,12.3,39,step_20,no_load,0.0
2.976705,0.569745,gripper,50.0,50.2886,68.5107,68.9062,2606,0,28,1,12.3,39,step_20,no_load,0.0
2.987002,0.580042,gripper,50.0,50.2886,68.5107,68.9062,2606,0,28,1,12.3,39,step_20,no_load,0.0
2.997245,0.590284,gripper,50.0,50.2886,68.5107,68.9062,2606,0,28,1,12.3,38,step_20,no_load,0.0
3.007758,0.600798,gripper,50.0,50.2886,68.5107,68.9062,2606,0,28,1,12.3,39,step_20,no_load,0.0
3.018503,0.611543,gripper,50.0,50.2886,68.5107,68.9062,2606,0,28,1,12.3,39,step_20,no_load,0.0
3.028819,0.621859,gripper,50.0,50.2886,68.5107,68.9062,2606,0,28,1,12.3,39,step_20,no_load,0.0
3.039675,0.632715,gripper,50.0,50.2886,68.5107,68.9062,2606,0,28,1,12.3,39,step_20,no_load,0.0
3.049865,0.642905,gripper,50.0,50.2886,68.5107,68.9062,2606,0,28,1,12.3,39,step_20,no_load,0.0
3.060139,0.653179,gripper,50.0,50.2886,68.5107,68.9062,2606,0,28,1,12.3,39,step_20,no_load,0.0
3.070667,0.663707,gripper,50.0,50.2886,68.5107,68.9062,2606,0,28,1,12.3,39,step_20,no_load,0.0
3.081479,0.674519,gripper,50.0,50.2886,68.5107,68.9062,2606,0,28,1,12.3,38,step_20,no_load,0.0
3.092306,0.685346,gripper,50.0,50.2886,68.5107,68.9062,2606,0,28,1,12.3,39,step_20,no_load,0.0
3.102652,0.695692,gripper,50.0,50.2886,68.5107,68.9062,2606,0,28,1,12.3,39,step_20,no_load,0.0
3.113663,0.706703,gripper,50.0,50.2886,68.5107,68.9062,2606,0,28,1,12.3,39,step_20,no_load,0.0
3.124104,0.717144,gripper,50.0,50.2886,68.5107,68.9062,2606,0,28,1,12.3,37,step_20,no_load,0.0
3.134932,0.727971,gripper,50.0,50.2886,68.5107,68.9062,2606,0,28,0,12.3,39,step_20,no_load,0.0
3.145826,0.738865,gripper,50.0,50.2886,68.5107,68.9062,2606,0,28,0,12.3,39,step_20,no_load,0.0
3.156426,0.749466,gripper,50.0,50.2886,68.5107,68.9062,2606,0,28,1,12.3,39,step_20,no_load,0.0
3.166726,0.759766,gripper,50.0,50.2886,68.5107,68.9062,2606,0,28,1,12.3,39,step_20,no_load,0.0
3.177224,0.770264,gripper,50.0,50.2886,68.5107,68.9062,2606,0,28,1,12.2,39,step_20,no_load,0.0
3.187705,0.780744,gripper,50.0,50.2886,68.5107,68.9062,2606,0,28,0,12.3,39,step_20,no_load,0.0
3.19814,0.791179,gripper,50.0,50.2886,68.5107,68.9062,2606,0,28,0,12.3,39,step_20,no_load,0.0
3.208252,0.801292,gripper,50.0,50.2886,68.5107,68.9062,2606,0,28,0,12.3,39,step_20,no_load,0.0
3.218586,0.811626,gripper,50.0,50.2886,68.5107,68.9062,2606,0,28,1,12.1,39,step_20,no_load,0.0
3.22966,0.822699,gripper,50.0,50.2886,68.5107,68.9062,2606,0,28,0,12.3,39,step_20,no_load,0.0
3.240251,0.833291,gripper,50.0,50.2886,68.5107,68.9062,2606,0,28,1,12.3,39,step_20,no_load,0.0
3.25044,0.84348,gripper,50.0,50.2886,68.5107,68.9062,2606,0,28,1,12.3,39,step_20,no_load,0.0
3.260567,0.853607,gripper,50.0,50.2886,68.5107,68.9062,2606,0,28,1,12.3,39,step_20,no_load,0.0
3.270969,0.864009,gripper,50.0,50.2886,68.5107,68.9062,2606,0,28,1,12.3,39,step_20,no_load,0.0
3.281444,0.874484,gripper,50.0,50.2886,68.5107,68.9062,2606,0,28,1,12.3,39,step_20,no_load,0.0
3.291826,0.884865,gripper,50.0,50.2886,68.5107,68.9062,2606,0,28,1,12.3,39,step_20,no_load,0.0
3.302871,0.895911,gripper,50.0,50.2886,68.5107,68.9062,2606,0,28,0,12.3,39,step_20,no_load,0.0
3.313412,0.906452,gripper,50.0,50.2886,68.5107,68.9062,2606,0,28,1,12.3,38,step_20,no_load,0.0
3.323517,0.916557,gripper,50.0,50.2886,68.5107,68.9062,2606,0,28,0,12.3,39,step_20,no_load,0.0
3.334155,0.927195,gripper,50.0,50.2886,68.5107,68.9062,2606,0,28,1,12.3,39,step_20,no_load,0.0
3.344457,0.937497,gripper,50.0,50.2886,68.5107,68.9062,2606,0,28,1,12.3,38,step_20,no_load,0.0
3.354666,0.947706,gripper,50.0,50.2886,68.5107,68.9062,2606,0,28,0,12.3,39,step_20,no_load,0.0
3.365624,0.958663,gripper,50.0,50.2886,68.5107,68.9062,2606,0,28,0,12.3,38,step_20,no_load,0.0
3.375969,0.969009,gripper,50.0,50.2886,68.5107,68.9062,2606,0,28,0,12.3,39,step_20,no_load,0.0
3.387008,0.980048,gripper,50.0,50.2886,68.5107,68.9062,2606,0,28,1,12.3,39,step_20,no_load,0.0
3.39743,0.99047,gripper,50.0,50.2886,68.5107,68.9062,2606,0,28,0,12.3,39,step_20,no_load,0.0
3.407757,1.000797,gripper,50.0,50.2886,68.5107,68.9062,2606,0,28,1,12.3,39,step_20,no_load,0.0
3.41822,1.01126,gripper,50.0,50.2886,68.5107,68.9062,2606,0,28,1,12.3,39,step_20,no_load,0.0
3.428695,1.021735,gripper,50.0,50.2886,68.5107,68.9062,2606,0,28,1,12.3,39,step_20,no_load,0.0
3.439416,1.032456,gripper,50.0,50.2886,68.5107,68.9062,2606,0,28,1,12.3,39,step_20,no_load,0.0
3.449841,1.04288,gripper,50.0,50.2886,68.5107,68.9062,2606,0,28,1,12.2,39,step_20,no_load,0.0
3.460237,1.053277,gripper,50.0,50.2886,68.5107,68.9062,2606,0,28,1,12.3,39,step_20,no_load,0.0
3.470374,1.063413,gripper,50.0,50.2886,68.5107,68.9062,2606,0,28,0,12.3,39,step_20,no_load,0.0
3.481129,1.074169,gripper,50.0,50.2886,68.5107,68.9062,2606,0,28,1,12.3,39,step_20,no_load,0.0
3.491427,1.084466,gripper,50.0,50.2886,68.5107,68.9062,2606,0,28,1,12.3,39,step_20,no_load,0.0
3.501896,1.094936,gripper,50.0,50.2886,68.5107,68.9062,2606,0,28,1,12.3,39,step_20,no_load,0.0
3.512156,1.105196,gripper,50.0,50.2886,68.5107,68.9062,2606,0,28,1,12.3,39,step_20,no_load,0.0
3.523014,1.116054,gripper,50.0,50.2886,68.5107,68.9062,2606,0,28,1,12.3,39,step_20,no_load,0.0
3.533449,1.126489,gripper,50.0,50.2886,68.5107,68.9062,2606,0,28,1,12.3,39,step_20,no_load,0.0
3.543642,1.136682,gripper,50.0,50.2886,68.5107,68.9062,2606,0,28,1,12.3,39,step_20,no_load,0.0
3.553929,1.146968,gripper,50.0,50.2886,68.5107,68.9062,2606,0,28,1,12.3,39,step_20,no_load,0.0
3.56406,1.1571,gripper,50.0,50.2886,68.5107,68.9062,2606,0,28,1,12.3,39,step_20,no_load,0.0
3.574257,1.167297,gripper,50.0,50.2886,68.5107,68.9062,2606,0,28,1,12.3,39,step_20,no_load,0.0
3.584368,1.177408,gripper,50.0,50.2886,68.5107,68.9062,2606,0,28,0,12.3,39,step_20,no_load,0.0
3.594583,1.187623,gripper,50.0,50.2886,68.5107,68.9062,2606,0,28,0,12.3,39,step_20,no_load,0.0
3.604737,1.197777,gripper,50.0,50.2886,68.5107,68.9062,2606,0,28,1,12.3,39,step_20,no_load,0.0
3.615752,3e-06,gripper,65.0,50.2886,89.064,68.9062,2606,0,28,0,12.3,39,step_20,no_load,0.0
3.626144,0.010395,gripper,65.0,50.2886,89.064,68.9062,2606,0,24,0,12.3,39,step_20,no_load,0.0
3.636487,0.020738,gripper,65.0,50.2886,89.064,68.9062,2606,0,1044,1,12.3,39,step_20,no_load,0.0
3.646619,0.030869,gripper,65.0,50.2886,89.064,68.9062,2606,0,1088,2,12.3,39,step_20,no_load,0.0
3.657298,0.041548,gripper,65.0,50.2886,89.064,68.9062,2606,0,1180,8,12.2,39,step_20,no_load,0.0
3.667629,0.05188,gripper,65.0,50.2886,89.064,68.9062,2606,0,1236,11,12.2,39,step_20,no_load,0.0
3.677846,0.062097,gripper,65.0,50.2886,89.064,68.9062,2606,0,1332,21,12.2,39,step_20,no_load,0.0
3.68854,0.072791,gripper,65.0,50.6735,89.064,69.4336,2612,350,1380,20,12.2,39,step_20,no_load,49.317
3.698836,0.083087,gripper,65.0,51.2508,89.064,70.2246,2621,350,1412,19,12.2,39,step_20,no_load,76.826
3.709621,0.093871,gripper,65.0,51.9564,89.064,71.1914,2632,950,1468,19,12.3,39,step_20,no_load,89.643
3.719835,0.104086,gripper,65.0,52.8544,89.064,72.4219,2646,950,1516,20,12.2,39,step_20,no_load,120.472
3.730375,0.114625,gripper,65.0,53.7524,89.064,73.6523,2660,1350,1524,16,12.3,39,step_20,no_load,116.736
3.74057,0.12482,gripper,65.0,54.7146,89.064,74.9707,2675,1350,1500,8,12.3,39,step_20,no_load,129.318
3.751118,0.135369,gripper,65.0,55.805,89.064,76.4648,2692,1500,1496,5,12.2,39,step_20,no_load,141.648
3.761551,0.145801,gripper,65.0,56.8313,89.064,77.8711,2708,1500,1432,0,12.3,39,step_20,no_load,134.793
3.772636,0.156887,gripper,65.0,57.9859,89.064,79.4531,2726,1550,1412,0,12.3,38,step_20,no_load,142.715
3.782952,0.167203,gripper,65.0,58.8839,89.064,80.6836,2740,1550,1340,0,12.3,39,step_20,no_load,119.281
3.793204,0.177455,gripper,65.0,59.7819,89.064,81.9141,2754,1400,1304,0,12.3,39,step_20,no_load,120.025
3.803781,0.188032,gripper,65.0,60.5516,89.064,82.9688,2766,1400,1240,0,12.3,39,step_20,no_load,99.716
3.813986,0.198237,gripper,65.0,61.1289,89.064,83.7598,2775,1150,1204,0,12.3,39,step_20,no_load,77.511
3.82489,0.20914,gripper,65.0,61.7062,89.064,84.5508,2784,1150,1156,0,12.3,39,step_20,no_load,72.542
3.835067,0.219318,gripper,65.0,62.0911,89.064,85.0781,2790,750,1132,1,12.3,39,step_20,no_load,51.813
3.845316,0.229566,gripper,65.0,62.4118,89.064,85.5176,2795,750,1148,0,12.3,39,step_20,no_load,42.882
3.855563,0.239814,gripper,65.0,62.6684,89.064,85.8691,2799,500,1140,0,12.3,46,step_20,no_load,34.303
3.866727,0.250977,gripper,65.0,62.925,89.064,86.2207,2803,500,1124,1,12.3,39,step_20,no_load,31.494
3.877669,0.26192,gripper,65.0,63.1815,89.064,86.5723,2807,400,1120,1,12.3,39,step_20,no_load,32.133
3.887788,0.272039,gripper,65.0,63.374,89.064,86.8359,2810,300,1108,1,12.3,39,step_20,no_load,26.05
3.898296,0.282547,gripper,65.0,63.5664,89.064,87.0996,2813,300,1104,1,12.3,38,step_20,no_load,25.095
3.909374,0.293625,gripper,65.0,63.6947,89.064,87.2754,2815,250,1096,1,12.3,39,step_20,no_load,15.869
3.919663,0.303914,gripper,65.0,63.823,89.064,87.4512,2817,250,1088,0,12.3,39,step_20,no_load,17.086
3.930162,0.314412,gripper,65.0,63.9513,89.064,87.627,2819,200,1080,0,12.3,39,step_20,no_load,16.744
3.94103,0.325281,gripper,65.0,64.0795,89.064,87.8027,2821,200,1080,1,12.3,39,step_20,no_load,16.167
3.951716,0.335967,gripper,65.0,64.1437,89.064,87.8906,2822,150,1076,1,12.3,38,step_20,no_load,8.226
3.962006,0.346257,gripper,65.0,64.2078,89.064,87.9785,2823,150,1068,0,12.3,39,step_20,no_load,8.542
3.972372,0.356623,gripper,65.0,64.272,89.064,88.0664,2824,100,1064,1,12.3,39,step_20,no_load,8.48
3.982747,0.366998,gripper,65.0,64.3361,89.064,88.1543,2825,100,1064,1,12.3,39,step_20,no_load,8.472
3.993295,0.377546,gripper,65.0,64.4003,89.064,88.2422,2826,100,1064,1,12.3,39,step_20,no_load,8.333
4.003603,0.387854,gripper,65.0,64.4644,89.064,88.3301,2827,100,1060,1,12.3,39,step_20,no_load,8.527
4.013897,0.398148,gripper,65.0,64.4644,89.064,88.3301,2827,50,1056,0,12.3,39,step_20,no_load,0.0
4.024342,0.408593,gripper,65.0,64.5285,89.064,88.418,2828,50,1060,0,12.3,38,step_20,no_load,8.416
4.035291,0.419542,gripper,65.0,64.5285,89.064,88.418,2828,50,1064,2,12.3,39,step_20,no_load,0.0
4.04566,0.42991,gripper,65.0,64.5927,89.064,88.5059,2829,50,1060,1,12.2,39,step_20,no_load,8.477
4.055996,0.440247,gripper,65.0,64.5927,89.064,88.5059,2829,50,1056,1,12.3,39,step_20,no_load,0.0
4.066341,0.450592,gripper,65.0,64.6568,89.064,88.5938,2830,50,1052,0,12.3,38,step_20,no_load,8.497
4.076591,0.460842,gripper,65.0,64.6568,89.064,88.5938,2830,50,1052,1,12.3,39,step_20,no_load,0.0
4.086923,0.471174,gripper,65.0,64.6568,89.064,88.5938,2830,0,1052,1,12.3,39,step_20,no_load,0.0
4.09775,0.482,gripper,65.0,64.6568,89.064,88.5938,2830,0,1056,1,12.3,39,step_20,no_load,0.0
4.107914,0.492164,gripper,65.0,64.6568,89.064,88.5938,2830,0,1056,1,12.3,38,step_20,no_load,0.0
4.118253,0.502503,gripper,65.0,64.6568,89.064,88.5938,2830,0,1056,1,12.3,39,step_20,no_load,0.0
4.12867,0.512921,gripper,65.0,64.6568,89.064,88.5938,2830,0,1056,1,12.3,39,step_20,no_load,0.0
4.139622,0.523873,gripper,65.0,64.6568,89.064,88.5938,2830,0,1056,0,12.2,39,step_20,no_load,0.0
4.149829,0.534079,gripper,65.0,64.6568,89.064,88.5938,2830,0,1056,1,12.3,39,step_20,no_load,0.0
4.160002,0.544253,gripper,65.0,64.6568,89.064,88.5938,2830,0,1056,0,12.3,39,step_20,no_load,0.0
4.170356,0.554607,gripper,65.0,64.6568,89.064,88.5938,2830,0,1056,1,12.2,39,step_20,no_load,0.0
4.180935,0.565186,gripper,65.0,64.6568,89.064,88.5938,2830,0,1056,0,12.2,39,step_20,no_load,0.0
4.191726,0.575977,gripper,65.0,64.6568,89.064,88.5938,2830,0,1056,0,12.3,39,step_20,no_load,0.0
4.202294,0.586544,gripper,65.0,64.6568,89.064,88.5938,2830,0,1056,0,12.3,39,step_20,no_load,0.0
4.212853,0.597104,gripper,65.0,64.6568,89.064,88.5938,2830,0,1056,1,12.3,39,step_20,no_load,0.0
4.223388,0.607638,gripper,65.0,64.6568,89.064,88.5938,2830,0,1056,1,12.3,39,step_20,no_load,0.0
4.234253,0.618503,gripper,65.0,64.6568,89.064,88.5938,2830,0,1056,1,12.3,39,step_20,no_load,0.0
4.244887,0.629138,gripper,65.0,64.6568,89.064,88.5938,2830,0,1056,1,12.3,39,step_20,no_load,0.0
4.255074,0.639325,gripper,65.0,64.6568,89.064,88.5938,2830,0,1056,1,12.3,39,step_20,no_load,0.0
4.266024,0.650274,gripper,65.0,64.6568,89.064,88.5938,2830,0,1056,1,12.3,39,step_20,no_load,0.0
4.27656,0.660811,gripper,65.0,64.6568,89.064,88.5938,2830,0,1056,1,12.3,39,step_20,no_load,0.0
4.286738,0.670988,gripper,65.0,64.6568,89.064,88.5938,2830,0,1056,1,12.3,39,step_20,no_load,0.0
4.297348,0.681598,gripper,65.0,64.6568,89.064,88.5938,2830,0,1056,1,12.3,39,step_20,no_load,0.0
4.308275,0.692526,gripper,65.0,64.6568,89.064,88.5938,2830,0,1056,1,12.3,39,step_20,no_load,0.0
4.318864,0.703114,gripper,65.0,64.6568,89.064,88.5938,2830,0,1056,1,12.2,39,step_20,no_load,0.0
4.329319,0.71357,gripper,65.0,64.6568,89.064,88.5938,2830,0,1056,0,12.3,39,step_20,no_load,0.0
4.33991,0.72416,gripper,65.0,64.6568,89.064,88.5938,2830,0,1056,0,12.3,39,step_20,no_load,0.0
4.35057,0.73482,gripper,65.0,64.6568,89.064,88.5938,2830,0,1056,1,12.2,39,step_20,no_load,0.0
4.360708,0.744959,gripper,65.0,64.6568,89.064,88.5938,2830,0,1056,1,12.3,39,step_20,no_load,0.0
4.371044,0.755295,gripper,65.0,64.6568,89.064,88.5938,2830,0,1056,1,12.3,39,step_20,no_load,0.0
4.381182,0.765432,gripper,65.0,64.6568,89.064,88.5938,2830,0,1056,1,12.3,39,step_20,no_load,0.0
4.391771,0.776022,gripper,65.0,64.6568,89.064,88.5938,2830,0,1056,1,12.3,39,step_20,no_load,0.0
4.402085,0.786336,gripper,65.0,64.6568,89.064,88.5938,2830,0,1056,1,12.3,39,step_20,no_load,0.0
4.41234,0.796591,gripper,65.0,64.6568,89.064,88.5938,2830,0,1056,1,12.3,39,step_20,no_load,0.0
4.422634,0.806885,gripper,65.0,64.6568,89.064,88.5938,2830,0,1056,1,12.3,39,step_20,no_load,0.0
4.432961,0.817211,gripper,65.0,64.6568,89.064,88.5938,2830,0,1056,1,12.3,39,step_20,no_load,0.0
4.443315,0.827565,gripper,65.0,64.6568,89.064,88.5938,2830,0,1056,1,12.3,39,step_20,no_load,0.0
4.453757,0.838008,gripper,65.0,64.6568,89.064,88.5938,2830,0,1056,1,12.3,39,step_20,no_load,0.0
4.46389,0.848141,gripper,65.0,64.6568,89.064,88.5938,2830,0,1056,1,12.3,39,step_20,no_load,0.0
4.474303,0.858554,gripper,65.0,64.6568,89.064,88.5938,2830,0,1056,1,12.2,39,step_20,no_load,0.0
4.484997,0.869248,gripper,65.0,64.6568,89.064,88.5938,2830,0,1056,0,12.3,39,step_20,no_load,0.0
4.495348,0.879598,gripper,65.0,64.6568,89.064,88.5938,2830,0,1056,1,12.3,39,step_20,no_load,0.0
4.505639,0.88989,gripper,65.0,64.6568,89.064,88.5938,2830,0,1056,1,12.3,39,step_20,no_load,0.0
4.515905,0.900155,gripper,65.0,64.6568,89.064,88.5938,2830,0,1056,1,11.5,39,step_20,no_load,0.0
4.526313,0.910564,gripper,65.0,64.6568,89.064,88.5938,2830,0,1056,1,12.3,39,step_20,no_load,0.0
4.536794,0.921045,gripper,65.0,64.6568,89.064,88.5938,2830,0,1056,1,12.3,39,step_20,no_load,0.0
4.547436,0.931687,gripper,65.0,64.6568,89.064,88.5938,2830,0,1056,0,12.2,39,step_20,no_load,0.0
4.55794,0.942191,gripper,65.0,64.6568,89.064,88.5938,2830,0,1056,0,12.3,39,step_20,no_load,0.0
4.568166,0.952416,gripper,65.0,64.6568,89.064,88.5938,2830,0,1056,1,12.3,39,step_20,no_load,0.0
4.578356,0.962606,gripper,65.0,64.6568,89.064,88.5938,2830,0,1056,0,12.3,39,step_20,no_load,0.0
4.588549,0.9728,gripper,65.0,64.6568,89.064,88.5938,2830,0,1056,0,12.3,39,step_20,no_load,0.0
4.598991,0.983242,gripper,65.0,64.6568,89.064,88.5938,2830,0,1056,1,12.3,39,step_20,no_load,0.0
4.609428,0.993678,gripper,65.0,64.6568,89.064,88.5938,2830,0,1056,1,12.3,39,step_20,no_load,0.0
4.619763,1.004014,gripper,65.0,64.6568,89.064,88.5938,2830,0,1056,0,12.3,39,step_20,no_load,0.0
4.630432,1.014683,gripper,65.0,64.6568,89.064,88.5938,2830,0,1056,1,12.3,39,step_20,no_load,0.0
4.641049,1.025299,gripper,65.0,64.6568,89.064,88.5938,2830,0,1056,1,12.3,39,step_20,no_load,0.0
4.651534,1.035785,gripper,65.0,64.6568,89.064,88.5938,2830,0,1056,1,12.3,39,step_20,no_load,0.0
4.66186,1.04611,gripper,65.0,64.6568,89.064,88.5938,2830,0,1056,1,12.3,39,step_20,no_load,0.0
4.6725,1.056751,gripper,65.0,64.6568,89.064,88.5938,2830,0,1056,1,12.3,39,step_20,no_load,0.0
4.683158,1.067408,gripper,65.0,64.6568,89.064,88.5938,2830,0,1056,0,12.3,39,step_20,no_load,0.0
4.69377,1.078021,gripper,65.0,64.6568,89.064,88.5938,2830,0,1056,0,12.3,39,step_20,no_load,0.0
4.70411,1.088361,gripper,65.0,64.6568,89.064,88.5938,2830,0,1056,1,12.3,39,step_20,no_load,0.0
4.714675,1.098926,gripper,65.0,64.6568,89.064,88.5938,2830,0,1056,1,12.3,39,step_20,no_load,0.0
4.72498,1.109231,gripper,65.0,64.6568,89.064,88.5938,2830,0,1056,1,12.2,39,step_20,no_load,0.0
4.735728,1.119979,gripper,65.0,64.6568,89.064,88.5938,2830,0,1056,1,12.3,39,step_20,no_load,0.0
4.74639,1.130641,gripper,65.0,64.6568,89.064,88.5938,2830,0,1056,1,12.3,39,step_20,no_load,0.0
4.75705,1.141301,gripper,65.0,64.6568,89.064,88.5938,2830,0,1056,0,12.3,39,step_20,no_load,0.0
4.767911,1.152162,gripper,65.0,64.6568,89.064,88.5938,2830,0,1056,0,12.3,39,step_20,no_load,0.0
4.779004,1.163255,gripper,65.0,64.6568,89.064,88.5938,2830,0,1056,0,12.3,39,step_20,no_load,0.0
4.789232,1.173483,gripper,65.0,64.6568,89.064,88.5938,2830,0,1056,0,12.3,39,step_20,no_load,0.0
4.799931,1.184182,gripper,65.0,64.6568,89.064,88.5938,2830,0,1056,0,12.3,39,step_20,no_load,0.0
4.81022,1.194471,gripper,65.0,64.6568,89.064,88.5938,2830,0,1056,1,12.3,39,step_20,no_load,0.0
4.821435,4e-06,gripper,50.0,64.6568,68.5107,88.5938,2830,0,1052,1,12.3,39,step_20,no_load,0.0
4.832124,0.010692,gripper,50.0,64.6568,68.5107,88.5938,2830,0,0,0,12.3,39,step_20,no_load,0.0
4.842979,0.021548,gripper,50.0,64.6568,68.5107,88.5938,2830,0,32,0,12.3,39,step_20,no_load,0.0
4.853299,0.031868,gripper,50.0,64.6568,68.5107,88.5938,2830,0,88,3,12.3,38,step_20,no_load,0.0
4.863623,0.042192,gripper,50.0,64.6568,68.5107,88.5938,2830,0,128,5,12.3,39,step_20,no_load,0.0
4.874652,0.053221,gripper,50.0,64.6568,68.5107,88.5938,2830,0,240,14,12.2,38,step_20,no_load,0.0
4.885022,0.063591,gripper,50.0,64.5285,68.5107,88.418,2828,0,292,12,12.2,39,step_20,no_load,-16.953
4.895395,0.073964,gripper,50.0,64.1437,68.5107,87.8906,2822,0,360,20,12.2,39,step_20,no_load,-50.844
4.905924,0.084493,gripper,50.0,63.6305,68.5107,87.1875,2814,-650,416,22,12.2,39,step_20,no_load,-66.777
4.916293,0.094862,gripper,50.0,62.8608,68.5107,86.1328,2802,-650,460,19,12.2,39,step_20,no_load,-101.717
4.926945,0.105514,gripper,50.0,62.0911,68.5107,85.0781,2790,-1050,500,18,12.2,39,step_20,no_load,-99.014
4.937748,0.116317,gripper,50.0,61.1289,68.5107,83.7598,2775,-1050,500,14,12.2,38,step_20,no_load,-122.031
4.948271,0.12684,gripper,50.0,59.9743,68.5107,82.1777,2757,-1400,456,5,12.3,39,step_20,no_load,-150.347
4.958718,0.137287,gripper,50.0,58.948,68.5107,80.7715,2741,-1400,452,4,12.3,38,step_20,no_load,-134.603
4.969,0.147569,gripper,50.0,57.8576,68.5107,79.2773,2724,-1600,392,0,12.3,38,step_20,no_load,-145.322
4.979322,0.157891,gripper,50.0,56.8954,68.5107,77.959,2709,-1600,368,0,12.3,38,step_20,no_load,-127.717
4.989643,0.168212,gripper,50.0,55.9333,68.5107,76.6406,2694,-1500,308,0,12.3,39,step_20,no_load,-127.74
5.000176,0.178745,gripper,50.0,55.0994,68.5107,75.498,2681,-1300,272,0,12.3,38,step_20,no_load,-108.478
5.010442,0.189011,gripper,50.0,54.458,68.5107,74.6191,2671,-1300,200,0,12.3,38,step_20,no_load,-85.613
5.021078,0.199647,gripper,50.0,53.7524,68.5107,73.6523,2660,-1000,164,0,12.3,39,step_20,no_load,-90.899
5.031658,0.210227,gripper,50.0,53.2393,68.5107,72.9492,2652,-1000,140,0,12.3,39,step_20,no_load,-66.456
5.041907,0.220476,gripper,50.0,52.8544,68.5107,72.4219,2646,-650,116,0,12.3,39,step_20,no_load,-51.449
5.052216,0.230785,gripper,50.0,52.5337,68.5107,71.9824,2641,-650,116,0,12.3,39,step_20,no_load,-42.633
5.062656,0.241225,gripper,50.0,52.2771,68.5107,71.6309,2637,-450,100,1,12.3,39,step_20,no_load,-33.669
5.073473,0.252042,gripper,50.0,52.0205,68.5107,71.2793,2633,-450,100,1,12.3,38,step_20,no_load,-32.504
5.083776,0.262345,gripper,50.0,51.8281,68.5107,71.0156,2630,-350,88,1,12.3,39,step_20,no_load,-25.594
5.094069,0.272638,gripper,50.0,51.6357,68.5107,70.752,2627,-350,84,0,12.3,39,step_20,no_load,-25.61
5.105212,0.283781,gripper,50.0,51.4432,68.5107,70.4883,2624,-300,76,1,12.3,39,step_20,no_load,-23.665
5.115771,0.29434,gripper,50.0,51.2508,68.5107,70.2246,2621,-300,68,1,12.2,38,step_20,no_load,-24.974
5.126281,0.30485,gripper,50.0,51.1225,68.5107,70.0488,2619,-200,60,1,12.3,39,step_20,no_load,-16.727
5.136972,0.315541,gripper,50.0,50.9942,68.5107,69.873,2617,-200,56,1,12.3,39,step_20,no_load,-16.444
5.147407,0.325976,gripper,50.0,50.9301,68.5107,69.7852,2616,-200,56,1,12.3,38,step_20,no_load,-8.414
5.157714,0.336283,gripper,50.0,50.8659,68.5107,69.6973,2615,-200,48,1,12.3,39,step_20,no_load,-8.528
5.168524,0.347093,gripper,50.0,50.7377,68.5107,69.5215,2613,-150,44,0,12.3,38,step_20,no_load,-16.263
5.178826,0.357395,gripper,50.0,50.6735,68.5107,69.4336,2612,-100,40,1,12.3,38,step_20,no_load,-8.532
5.18944,0.368009,gripper,50.0,50.6094,68.5107,69.3457,2611,-100,40,1,12.3,39,step_20,no_load,-8.282
5.199735,0.378304,gripper,50.0,50.6094,68.5107,69.3457,2611,-50,40,1,12.3,39,step_20,no_load,0.0
5.210209,0.388778,gripper,50.0,50.5452,68.5107,69.2578,2610,-50,40,2,12.3,38,step_20,no_load,-8.392
5.221318,0.399887,gripper,50.0,50.5452,68.5107,69.2578,2610,-50,40,0,12.3,39,step_20,no_load,0.0
5.231611,0.41018,gripper,50.0,50.4811,68.5107,69.1699,2609,-50,36,1,12.3,38,step_20,no_load,-8.54
5.241972,0.420541,gripper,50.0,50.4169,68.5107,69.082,2608,-100,32,0,12.3,39,step_20,no_load,-8.484
5.252175,0.430744,gripper,50.0,50.4169,68.5107,69.082,2608,-100,32,1,12.3,39,step_20,no_load,0.0
5.262558,0.441127,gripper,50.0,50.3528,68.5107,68.9941,2607,0,28,1,12.2,39,step_20,no_load,-8.466
5.273249,0.451817,gripper,50.0,50.3528,68.5107,68.9941,2607,0,28,0,12.3,39,step_20,no_load,0.0
5.284007,0.462576,gripper,50.0,50.3528,68.5107,68.9941,2607,-50,28,0,12.3,39,step_20,no_load,0.0
5.294587,0.473156,gripper,50.0,50.3528,68.5107,68.9941,2607,-50,32,0,12.3,39,step_20,no_load,0.0
5.305068,0.483637,gripper,50.0,50.3528,68.5107,68.9941,2607,0,32,1,12.3,38,step_20,no_load,0.0
5.316116,0.494685,gripper,50.0,50.3528,68.5107,68.9941,2607,0,32,1,12.3,39,step_20,no_load,0.0
5.326945,0.505514,gripper,50.0,50.3528,68.5107,68.9941,2607,0,32,0,12.3,38,step_20,no_load,0.0
5.337951,0.51652,gripper,50.0,50.3528,68.5107,68.9941,2607,0,32,1,12.3,39,step_20,no_load,0.0
5.348351,0.52692,gripper,50.0,50.3528,68.5107,68.9941,2607,0,32,1,12.3,38,step_20,no_load,0.0
5.35868,0.537248,gripper,50.0,50.3528,68.5107,68.9941,2607,0,32,1,12.3,39,step_20,no_load,0.0
5.368928,0.547497,gripper,50.0,50.3528,68.5107,68.9941,2607,0,32,1,12.3,39,step_20,no_load,0.0
5.379483,0.558052,gripper,50.0,50.3528,68.5107,68.9941,2607,0,32,0,12.3,39,step_20,no_load,0.0
5.389755,0.568323,gripper,50.0,50.3528,68.5107,68.9941,2607,0,32,1,12.3,39,step_20,no_load,0.0
5.400002,0.578571,gripper,50.0,50.3528,68.5107,68.9941,2607,0,32,1,12.3,38,step_20,no_load,0.0
5.410499,0.589068,gripper,50.0,50.3528,68.5107,68.9941,2607,0,32,1,12.3,38,step_20,no_load,0.0
5.4213,0.599869,gripper,50.0,50.3528,68.5107,68.9941,2607,0,32,1,12.3,39,step_20,no_load,0.0
5.431549,0.610118,gripper,50.0,50.3528,68.5107,68.9941,2607,0,32,1,12.3,39,step_20,no_load,0.0
5.441889,0.620458,gripper,50.0,50.3528,68.5107,68.9941,2607,0,32,1,12.3,38,step_20,no_load,0.0
5.452726,0.631295,gripper,50.0,50.3528,68.5107,68.9941,2607,0,32,1,12.3,39,step_20,no_load,0.0
5.46356,0.642129,gripper,50.0,50.3528,68.5107,68.9941,2607,0,32,1,12.3,39,step_20,no_load,0.0
5.473892,0.652461,gripper,50.0,50.3528,68.5107,68.9941,2607,0,32,1,12.3,39,step_20,no_load,0.0
5.484655,0.663224,gripper,50.0,50.3528,68.5107,68.9941,2607,0,32,1,12.3,38,step_20,no_load,0.0
5.49527,0.673839,gripper,50.0,50.3528,68.5107,68.9941,2607,0,32,0,12.3,39,step_20,no_load,0.0
5.505898,0.684467,gripper,50.0,50.3528,68.5107,68.9941,2607,0,32,1,12.3,39,step_20,no_load,0.0
5.51653,0.695099,gripper,50.0,50.3528,68.5107,68.9941,2607,0,32,1,12.3,39,step_20,no_load,0.0
5.527284,0.705852,gripper,50.0,50.3528,68.5107,68.9941,2607,0,32,1,12.3,38,step_20,no_load,0.0
5.537625,0.716194,gripper,50.0,50.3528,68.5107,68.9941,2607,0,32,1,12.3,39,step_20,no_load,0.0
5.548263,0.726832,gripper,50.0,50.3528,68.5107,68.9941,2607,0,32,1,12.3,39,step_20,no_load,0.0
5.558552,0.737121,gripper,50.0,50.3528,68.5107,68.9941,2607,0,32,1,12.2,39,step_20,no_load,0.0
5.569272,0.747841,gripper,50.0,50.3528,68.5107,68.9941,2607,0,32,0,12.3,39,step_20,no_load,0.0
5.579615,0.758184,gripper,50.0,50.3528,68.5107,68.9941,2607,0,32,1,12.3,38,step_20,no_load,0.0
5.590182,0.76875,gripper,50.0,50.3528,68.5107,68.9941,2607,0,32,1,12.3,39,step_20,no_load,0.0
5.600629,0.779198,gripper,50.0,50.2886,68.5107,68.9062,2606,-50,28,0,12.3,39,step_20,no_load,-8.414
5.610846,0.789415,gripper,50.0,50.2886,68.5107,68.9062,2606,-50,24,1,12.3,39,step_20,no_load,0.0
5.621049,0.799618,gripper,50.0,50.2886,68.5107,68.9062,2606,0,24,1,12.3,39,step_20,no_load,0.0
5.631441,0.81001,gripper,50.0,50.2886,68.5107,68.9062,2606,0,28,1,12.3,38,step_20,no_load,0.0
5.641931,0.8205,gripper,50.0,50.2886,68.5107,68.9062,2606,0,28,1,12.3,39,step_20,no_load,0.0
5.652253,0.830822,gripper,50.0,50.2886,68.5107,68.9062,2606,0,28,1,12.3,39,step_20,no_load,0.0
5.662443,0.841012,gripper,50.0,50.2886,68.5107,68.9062,2606,0,28,1,12.3,38,step_20,no_load,0.0
5.672734,0.851303,gripper,50.0,50.2886,68.5107,68.9062,2606,0,28,1,12.3,39,step_20,no_load,0.0
5.683602,0.862171,gripper,50.0,50.2886,68.5107,68.9062,2606,0,28,1,12.3,39,step_20,no_load,0.0
5.693904,0.872473,gripper,50.0,50.2886,68.5107,68.9062,2606,0,28,1,12.3,39,step_20,no_load,0.0
5.704273,0.882842,gripper,50.0,50.2886,68.5107,68.9062,2606,0,28,1,12.3,39,step_20,no_load,0.0
5.714992,0.893561,gripper,50.0,50.2886,68.5107,68.9062,2606,0,28,0,12.3,39,step_20,no_load,0.0
5.725345,0.903914,gripper,50.0,50.2886,68.5107,68.9062,2606,0,28,1,12.3,39,step_20,no_load,0.0
5.73563,0.914199,gripper,50.0,50.2886,68.5107,68.9062,2606,0,28,1,12.3,39,step_20,no_load,0.0
5.745997,0.924565,gripper,50.0,50.2886,68.5107,68.9062,2606,0,28,1,12.3,39,step_20,no_load,0.0
5.75623,0.934799,gripper,50.0,50.2886,68.5107,68.9062,2606,0,28,1,12.3,38,step_20,no_load,0.0
5.766914,0.945483,gripper,50.0,50.2886,68.5107,68.9062,2606,0,28,1,12.3,39,step_20,no_load,0.0
5.777718,0.956287,gripper,50.0,50.2886,68.5107,68.9062,2606,0,28,1,12.3,39,step_20,no_load,0.0
5.788337,0.966906,gripper,50.0,50.2886,68.5107,68.9062,2606,0,28,0,12.3,39,step_20,no_load,0.0
5.798857,0.977425,gripper,50.0,50.2886,68.5107,68.9062,2606,0,28,1,12.3,39,step_20,no_load,0.0
5.809531,0.9881,gripper,50.0,50.2886,68.5107,68.9062,2606,0,28,1,12.3,39,step_20,no_load,0.0
5.820386,0.998955,gripper,50.0,50.2886,68.5107,68.9062,2606,0,28,1,12.3,39,step_20,no_load,0.0
5.831135,1.009704,gripper,50.0,50.2886,68.5107,68.9062,2606,0,28,1,12.3,39,step_20,no_load,0.0
5.841624,1.020193,gripper,50.0,50.2886,68.5107,68.9062,2606,0,28,1,12.3,39,step_20,no_load,0.0
5.852249,1.030818,gripper,50.0,50.2886,68.5107,68.9062,2606,0,28,0,12.3,39,step_20,no_load,0.0
5.862918,1.041487,gripper,50.0,50.2886,68.5107,68.9062,2606,0,28,1,12.3,39,step_20,no_load,0.0
5.873735,1.052304,gripper,50.0,50.2886,68.5107,68.9062,2606,0,28,1,12.3,38,step_20,no_load,0.0
5.884859,1.063428,gripper,50.0,50.2886,68.5107,68.9062,2606,0,28,1,12.3,39,step_20,no_load,0.0
5.89596,1.074529,gripper,50.0,50.2886,68.5107,68.9062,2606,0,28,1,12.3,39,step_20,no_load,0.0
5.906423,1.084992,gripper,50.0,50.2886,68.5107,68.9062,2606,0,28,0,12.3,39,step_20,no_load,0.0
5.916964,1.095533,gripper,50.0,50.2886,68.5107,68.9062,2606,0,28,0,12.3,39,step_20,no_load,0.0
5.927654,1.106223,gripper,50.0,50.2886,68.5107,68.9062,2606,0,28,0,12.3,39,step_20,no_load,0.0
5.938176,1.116745,gripper,50.0,50.2886,68.5107,68.9062,2606,0,28,1,12.3,39,step_20,no_load,0.0
5.948424,1.126993,gripper,50.0,50.2886,68.5107,68.9062,2606,0,28,1,12.3,39,step_20,no_load,0.0
5.959023,1.137592,gripper,50.0,50.2886,68.5107,68.9062,2606,0,28,1,12.3,38,step_20,no_load,0.0
5.969484,1.148053,gripper,50.0,50.2886,68.5107,68.9062,2606,0,28,0,12.3,39,step_20,no_load,0.0
5.980089,1.158657,gripper,50.0,50.2886,68.5107,68.9062,2606,0,28,1,12.3,39,step_20,no_load,0.0
5.990722,1.169291,gripper,50.0,50.2886,68.5107,68.9062,2606,0,28,1,12.3,39,step_20,no_load,0.0
6.000986,1.179555,gripper,50.0,50.2886,68.5107,68.9062,2606,0,28,1,12.3,39,step_20,no_load,0.0
6.011385,1.189954,gripper,50.0,50.2886,68.5107,68.9062,2606,0,28,1,12.3,39,step_20,no_load,0.0
6.02274,4e-06,gripper,65.0,50.2886,89.064,68.9062,2606,0,28,1,12.3,39,step_20,no_load,0.0
6.033244,0.010509,gripper,65.0,50.2886,89.064,68.9062,2606,0,20,0,12.3,39,step_20,no_load,0.0
6.043685,0.02095,gripper,65.0,50.2886,89.064,68.9062,2606,0,1056,1,12.3,39,step_20,no_load,0.0
6.054815,0.032079,gripper,65.0,50.2886,89.064,68.9062,2606,0,1092,3,12.3,39,step_20,no_load,0.0
6.065501,0.042765,gripper,65.0,50.2886,89.064,68.9062,2606,0,1188,8,12.3,39,step_20,no_load,0.0
6.076096,0.05336,gripper,65.0,50.2886,89.064,68.9062,2606,0,1244,11,12.3,39,step_20,no_load,0.0
6.086792,0.064056,gripper,65.0,50.3528,89.064,68.9941,2607,0,1340,20,12.2,39,step_20,no_load,8.218
6.097707,0.074971,gripper,65.0,50.8659,89.064,69.6973,2615,300,1388,18,12.2,39,step_20,no_load,64.425
6.108079,0.085343,gripper,65.0,51.3791,89.064,70.4004,2623,300,1432,20,12.2,39,step_20,no_load,67.788
6.118352,0.095617,gripper,65.0,52.213,89.064,71.543,2636,900,1480,24,12.2,39,step_20,no_load,111.224
6.128995,0.10626,gripper,65.0,53.0468,89.064,72.6855,2649,900,1516,19,12.2,39,step_20,no_load,107.348
6.13922,0.116484,gripper,65.0,54.0731,89.064,74.0918,2665,1300,1524,11,12.3,38,step_20,no_load,137.535
6.149727,0.126991,gripper,65.0,55.0353,89.064,75.4102,2680,1300,1504,10,12.2,39,step_20,no_load,125.478
6.160048,0.137313,gripper,65.0,56.1257,89.064,76.9043,2697,1500,1504,0,12.3,38,step_20,no_load,144.763
6.170527,0.147791,gripper,65.0,57.152,89.064,78.3105,2713,1500,1432,0,12.3,39,step_20,no_load,134.192
6.181172,0.158436,gripper,65.0,58.1783,89.064,79.7168,2729,1550,1368,0,12.3,38,step_20,no_load,132.109
6.19138,0.168644,gripper,65.0,59.0763,89.064,80.9473,2743,1550,1344,0,12.3,39,step_20,no_load,120.543
6.201829,0.179093,gripper,65.0,59.9743,89.064,82.1777,2757,1400,1272,0,12.3,38,step_20,no_load,117.753
6.212173,0.189437,gripper,65.0,60.6799,89.064,83.1445,2768,1200,1228,0,12.3,38,step_20,no_load,93.465
6.222473,0.199737,gripper,65.0,61.2572,89.064,83.9355,2777,1200,1184,0,12.3,39,step_20,no_load,76.796
6.23288,0.210144,gripper,65.0,61.7704,89.064,84.6387,2785,800,1156,0,12.3,39,step_20,no_load,67.57
6.243638,0.220902,gripper,65.0,62.1552,89.064,85.166,2791,800,1156,0,12.3,38,step_20,no_load,49.015
6.254218,0.231482,gripper,65.0,62.4759,89.064,85.6055,2796,500,1136,0,12.3,39,step_20,no_load,41.541
6.26444,0.241704,gripper,65.0,62.7967,89.064,86.0449,2801,500,1136,1,12.3,39,step_20,no_load,42.986
6.274612,0.251876,gripper,65.0,62.9891,89.064,86.3086,2804,450,1120,0,12.3,39,step_20,no_load,25.924
6.285378,0.262642,gripper,65.0,63.1815,89.064,86.5723,2807,450,1116,1,12.3,39,step_20,no_load,24.494
6.295536,0.2728,gripper,65.0,63.4381,89.064,86.9238,2811,300,1104,1,12.3,41,step_20,no_load,34.603
6.306661,0.283925,gripper,65.0,63.5664,89.064,87.0996,2813,300,1096,1,12.3,41,step_20,no_load,15.802
6.317565,0.294829,gripper,65.0,63.7588,89.064,87.3633,2816,250,1088,1,12.3,39,step_20,no_load,24.184
6.32809,0.305354,gripper,65.0,63.8871,89.064,87.5391,2818,250,1088,1,12.3,39,step_20,no_load,16.703
6.338401,0.315665,gripper,65.0,63.9513,89.064,87.627,2819,150,1080,1,12.3,39,step_20,no_load,8.525
6.348567,0.325831,gripper,65.0,64.0795,89.064,87.8027,2821,150,1076,1,12.3,38,step_20,no_load,17.283
6.359563,0.336828,gripper,65.0,64.1437,89.064,87.8906,2822,150,1072,1,12.3,39,step_20,no_load,7.994
6.37069,0.347954,gripper,65.0,64.272,89.064,88.0664,2824,150,1068,0,12.3,39,step_20,no_load,15.799
6.380974,0.358238,gripper,65.0,64.3361,89.064,88.1543,2825,150,1068,1,12.3,39,step_20,no_load,8.547
6.391295,0.36856,gripper,65.0,64.3361,89.064,88.1543,2825,50,1064,1,12.3,39,step_20,no_load,0.0
6.401758,0.379022,gripper,65.0,64.4003,89.064,88.2422,2826,50,1064,1,12.3,39,step_20,no_load,8.401
6.412771,0.390035,gripper,65.0,64.4644,89.064,88.3301,2827,100,1064,0,12.3,38,step_20,no_load,7.981
6.423804,0.401068,gripper,65.0,64.5285,89.064,88.418,2828,100,1056,1,12.3,38,step_20,no_load,7.967
6.434573,0.411837,gripper,65.0,64.5285,89.064,88.418,2828,50,1056,1,12.3,39,step_20,no_load,0.0
6.445294,0.422559,gripper,65.0,64.5285,89.064,88.418,2828,50,1064,1,12.3,39,step_20,no_load,0.0
6.45592,0.433184,gripper,65.0,64.5927,89.064,88.5059,2829,50,1060,1,12.3,39,step_20,no_load,8.272
6.466214,0.443478,gripper,65.0,64.5927,89.064,88.5059,2829,50,1056,0,12.3,39,step_20,no_load,0.0
6.476956,0.45422,gripper,65.0,64.6568,89.064,88.5938,2830,0,1052,1,12.3,39,step_20,no_load,8.183
6.487389,0.464653,gripper,65.0,64.6568,89.064,88.5938,2830,0,1052,1,12.3,39,step_20,no_load,0.0
6.497667,0.474931,gripper,65.0,64.6568,89.064,88.5938,2830,50,1052,1,12.3,39,step_20,no_load,0.0
6.507983,0.485248,gripper,65.0,64.6568,89.064,88.5938,2830,50,1056,1,12.3,38,step_20,no_load,0.0
6.518228,0.495492,gripper,65.0,64.6568,89.064,88.5938,2830,0,1056,0,12.3,39,step_20,no_load,0.0
6.528823,0.506087,gripper,65.0,64.6568,89.064,88.5938,2830,0,1056,0,12.3,39,step_20,no_load,0.0
6.539451,0.516715,gripper,65.0,64.6568,89.064,88.5938,2830,0,1056,0,12.3,38,step_20,no_load,0.0
6.549978,0.527242,gripper,65.0,64.6568,89.064,88.5938,2830,0,1056,1,12.3,39,step_20,no_load,0.0
6.560409,0.537673,gripper,65.0,64.6568,89.064,88.5938,2830,0,1056,1,12.3,39,step_20,no_load,0.0
6.570899,0.548163,gripper,65.0,64.6568,89.064,88.5938,2830,0,1056,0,12.3,39,step_20,no_load,0.0
6.581306,0.55857,gripper,65.0,64.6568,89.064,88.5938,2830,0,1056,1,12.2,39,step_20,no_load,0.0
6.592038,0.569302,gripper,65.0,64.6568,89.064,88.5938,2830,0,1056,0,12.3,39,step_20,no_load,0.0
6.60281,0.580074,gripper,65.0,64.6568,89.064,88.5938,2830,0,1056,0,12.3,39,step_20,no_load,0.0
6.613541,0.590805,gripper,65.0,64.6568,89.064,88.5938,2830,0,1056,1,12.3,39,step_20,no_load,0.0
6.623778,0.601042,gripper,65.0,64.6568,89.064,88.5938,2830,0,1056,1,12.3,39,step_20,no_load,0.0
6.634356,0.61162,gripper,65.0,64.6568,89.064,88.5938,2830,0,1056,0,12.3,39,step_20,no_load,0.0
6.645799,0.623064,gripper,65.0,64.6568,89.064,88.5938,2830,0,1056,0,12.3,39,step_20,no_load,0.0
6.656566,0.63383,gripper,65.0,64.6568,89.064,88.5938,2830,0,1056,1,12.3,39,step_20,no_load,0.0
6.666747,0.644011,gripper,65.0,64.6568,89.064,88.5938,2830,0,1056,1,12.3,39,step_20,no_load,0.0
6.677697,0.654961,gripper,65.0,64.6568,89.064,88.5938,2830,0,1056,1,12.3,39,step_20,no_load,0.0
6.688299,0.665563,gripper,65.0,64.6568,89.064,88.5938,2830,0,1056,1,12.3,39,step_20,no_load,0.0
6.698994,0.676258,gripper,65.0,64.6568,89.064,88.5938,2830,0,1056,1,12.2,40,step_20,no_load,0.0
6.710074,0.687338,gripper,65.0,64.6568,89.064,88.5938,2830,0,1056,1,12.3,39,step_20,no_load,0.0
6.720688,0.697952,gripper,65.0,64.6568,89.064,88.5938,2830,0,1056,1,12.3,39,step_20,no_load,0.0
6.731777,0.709042,gripper,65.0,64.6568,89.064,88.5938,2830,0,1056,0,12.3,39,step_20,no_load,0.0
6.742526,0.71979,gripper,65.0,64.6568,89.064,88.5938,2830,0,1056,1,12.3,39,step_20,no_load,0.0
6.753226,0.73049,gripper,65.0,64.6568,89.064,88.5938,2830,0,1056,1,12.3,39,step_20,no_load,0.0
6.763863,0.741127,gripper,65.0,64.6568,89.064,88.5938,2830,0,1056,1,12.3,39,step_20,no_load,0.0
6.774305,0.75157,gripper,65.0,64.6568,89.064,88.5938,2830,0,1056,1,12.3,39,step_20,no_load,0.0
6.784945,0.762209,gripper,65.0,64.6568,89.064,88.5938,2830,0,1056,1,12.3,39,step_20,no_load,0.0
6.795682,0.772946,gripper,65.0,64.6568,89.064,88.5938,2830,0,1056,1,12.3,39,step_20,no_load,0.0
6.806279,0.783543,gripper,65.0,64.6568,89.064,88.5938,2830,0,1056,1,12.3,39,step_20,no_load,0.0
6.816546,0.79381,gripper,65.0,64.6568,89.064,88.5938,2830,0,1056,1,12.3,39,step_20,no_load,0.0
6.826941,0.804205,gripper,65.0,64.6568,89.064,88.5938,2830,0,1056,1,12.3,39,step_20,no_load,0.0
6.837119,0.814384,gripper,65.0,64.6568,89.064,88.5938,2830,0,1056,1,12.3,39,step_20,no_load,0.0
6.84834,0.825604,gripper,65.0,64.6568,89.064,88.5938,2830,0,1056,1,12.3,39,step_20,no_load,0.0
6.858617,0.835881,gripper,65.0,64.6568,89.064,88.5938,2830,0,1056,1,12.3,39,step_20,no_load,0.0
6.868764,0.846028,gripper,65.0,64.6568,89.064,88.5938,2830,0,1056,1,12.3,39,step_20,no_load,0.0
6.879892,0.857156,gripper,65.0,64.6568,89.064,88.5938,2830,0,1056,1,12.3,39,step_20,no_load,0.0
6.890329,0.867593,gripper,65.0,64.6568,89.064,88.5938,2830,0,1056,1,12.3,39,step_20,no_load,0.0
6.901231,0.878495,gripper,65.0,64.6568,89.064,88.5938,2830,0,1056,1,12.3,39,step_20,no_load,0.0
6.911809,0.889073,gripper,65.0,64.6568,89.064,88.5938,2830,0,1056,1,12.3,39,step_20,no_load,0.0
6.922972,0.900236,gripper,65.0,64.6568,89.064,88.5938,2830,0,1056,1,12.3,38,step_20,no_load,0.0
6.933535,0.910799,gripper,65.0,64.6568,89.064,88.5938,2830,0,1056,1,12.2,39,step_20,no_load,0.0
6.944573,0.921837,gripper,65.0,64.6568,89.064,88.5938,2830,0,1056,0,12.3,39,step_20,no_load,0.0
6.955575,0.932839,gripper,65.0,64.6568,89.064,88.5938,2830,0,1056,0,12.3,39,step_20,no_load,0.0
6.967757,0.945021,gripper,65.0,64.6568,89.064,88.5938,2830,0,1056,1,12.3,39,step_20,no_load,0.0
6.978805,0.956069,gripper,65.0,64.6568,89.064,88.5938,2830,0,1056,1,12.3,39,step_20,no_load,0.0
6.98943,0.966695,gripper,65.0,64.6568,89.064,88.5938,2830,0,1056,1,12.3,39,step_20,no_load,0.0
6.999662,0.976927,gripper,65.0,64.6568,89.064,88.5938,2830,0,1056,1,12.3,39,step_20,no_load,0.0
7.010489,0.987753,gripper,65.0,64.6568,89.064,88.5938,2830,0,1056,1,12.3,39,step_20,no_load,0.0
7.020944,0.998208,gripper,65.0,64.6568,89.064,88.5938,2830,0,1056,1,12.3,39,step_20,no_load,0.0
7.031493,1.008757,gripper,65.0,64.6568,89.064,88.5938,2830,0,1056,0,12.3,39,step_20,no_load,0.0
7.042335,1.019599,gripper,65.0,64.6568,89.064,88.5938,2830,0,1056,1,12.3,39,step_20,no_load,0.0
7.052543,1.029807,gripper,65.0,64.6568,89.064,88.5938,2830,0,1056,1,12.3,39,step_20,no_load,0.0
7.063185,1.040449,gripper,65.0,64.6568,89.064,88.5938,2830,0,1056,1,12.3,39,step_20,no_load,0.0
7.073902,1.051166,gripper,65.0,64.6568,89.064,88.5938,2830,0,1056,1,12.3,39,step_20,no_load,0.0
7.084363,1.061627,gripper,65.0,64.6568,89.064,88.5938,2830,0,1056,1,12.3,39,step_20,no_load,0.0
7.095005,1.072269,gripper,65.0,64.6568,89.064,88.5938,2830,0,1056,1,12.3,39,step_20,no_load,0.0
7.105731,1.082995,gripper,65.0,64.6568,89.064,88.5938,2830,0,1056,1,12.3,38,step_20,no_load,0.0
7.115935,1.093199,gripper,65.0,64.6568,89.064,88.5938,2830,0,1056,0,12.3,39,step_20,no_load,0.0
7.126689,1.103953,gripper,65.0,64.6568,89.064,88.5938,2830,0,1056,1,12.3,39,step_20,no_load,0.0
7.137413,1.114678,gripper,65.0,64.6568,89.064,88.5938,2830,0,1056,0,12.3,39,step_20,no_load,0.0
7.148067,1.125332,gripper,65.0,64.6568,89.064,88.5938,2830,0,1056,1,12.3,39,step_20,no_load,0.0
7.158665,1.135929,gripper,65.0,64.6568,89.064,88.5938,2830,0,1056,1,12.3,39,step_20,no_load,0.0
7.169188,1.146452,gripper,65.0,64.6568,89.064,88.5938,2830,0,1056,1,12.3,39,step_20,no_load,0.0
7.1796,1.156864,gripper,65.0,64.6568,89.064,88.5938,2830,0,1056,0,12.2,39,step_20,no_load,0.0
7.190118,1.167382,gripper,65.0,64.6568,89.064,88.5938,2830,0,1056,1,12.3,39,step_20,no_load,0.0
7.200852,1.178116,gripper,65.0,64.6568,89.064,88.5938,2830,0,1056,1,12.3,38,step_20,no_load,0.0
7.211618,1.188882,gripper,65.0,64.6568,89.064,88.5938,2830,0,1056,1,12.3,39,step_20,no_load,0.0
7.221817,1.199081,gripper,65.0,64.6568,89.064,88.5938,2830,0,1056,1,12.3,39,step_20,no_load,0.0
7.233672,4e-06,gripper,50.0,64.6568,68.5107,88.5938,2830,0,1048,1,12.3,39,step_20,no_load,0.0
7.244555,0.010887,gripper,50.0,64.6568,68.5107,88.5938,2830,0,0,0,12.3,39,step_20,no_load,0.0
7.254963,0.021295,gripper,50.0,64.6568,68.5107,88.5938,2830,0,36,1,12.3,39,step_20,no_load,0.0
7.265081,0.031413,gripper,50.0,64.6568,68.5107,88.5938,2830,0,68,2,12.3,39,step_20,no_load,0.0
7.275819,0.04215,gripper,50.0,64.6568,68.5107,88.5938,2830,0,152,7,12.3,39,step_20,no_load,0.0
7.286182,0.052514,gripper,50.0,64.6568,68.5107,88.5938,2830,0,208,11,12.2,39,step_20,no_load,0.0
7.296661,0.062993,gripper,50.0,64.5927,68.5107,88.5059,2829,0,308,20,12.2,39,step_20,no_load,-8.388
7.307001,0.073333,gripper,50.0,64.1437,68.5107,87.8906,2822,-350,356,19,12.2,39,step_20,no_load,-59.507
7.317114,0.083446,gripper,50.0,63.6947,68.5107,87.2754,2815,-350,396,24,12.2,39,step_20,no_load,-60.833
7.32772,0.094052,gripper,50.0,62.925,68.5107,86.2207,2803,-850,452,23,12.2,39,step_20,no_load,-99.444
7.337861,0.104193,gripper,50.0,62.2194,68.5107,85.2539,2792,-850,500,23,12.2,39,step_20,no_load,-95.336
7.34822,0.114552,gripper,50.0,61.3214,68.5107,84.0234,2778,-1250,500,13,12.3,39,step_20,no_load,-118.786
7.3588,0.125132,gripper,50.0,60.2309,68.5107,82.5293,2761,-1250,484,9,12.2,39,step_20,no_load,-141.219
7.369584,0.135915,gripper,50.0,59.0763,68.5107,80.9473,2743,-1550,476,8,12.3,39,step_20,no_load,-146.699
7.38078,0.147111,gripper,50.0,57.9859,68.5107,79.4531,2726,-1550,408,0,12.3,39,step_20,no_load,-133.458
7.391326,0.157658,gripper,50.0,56.8954,68.5107,77.959,2709,-1600,384,0,12.3,39,step_20,no_load,-141.675
7.401527,0.167858,gripper,50.0,55.9974,68.5107,76.7285,2695,-1600,324,0,12.3,39,step_20,no_load,-120.625
7.412829,0.179161,gripper,50.0,55.0994,68.5107,75.498,2681,-1400,256,0,12.3,38,step_20,no_load,-108.875
7.423566,0.189898,gripper,50.0,54.3938,68.5107,74.5312,2670,-1400,212,0,12.3,39,step_20,no_load,-90.044
7.434185,0.200516,gripper,50.0,53.7524,68.5107,73.6523,2660,-1100,164,0,12.3,39,step_20,no_load,-82.767
7.444329,0.210661,gripper,50.0,53.3034,68.5107,73.0371,2653,-800,136,0,12.3,39,step_20,no_load,-60.647
7.454889,0.22122,gripper,50.0,52.8544,68.5107,72.4219,2646,-800,128,0,12.3,38,step_20,no_load,-58.258
7.465553,0.231885,gripper,50.0,52.5337,68.5107,71.9824,2641,-550,108,0,12.3,39,step_20,no_load,-41.213
7.476544,0.242876,gripper,50.0,52.213,68.5107,71.543,2636,-550,112,2,12.3,39,step_20,no_load,-39.978
7.487619,0.25395,gripper,50.0,51.9564,68.5107,71.1914,2632,-400,92,1,12.3,39,step_20,no_load,-31.747
7.497978,0.264309,gripper,50.0,51.764,68.5107,70.9277,2629,-400,92,1,12.3,39,step_20,no_load,-25.456
7.50824,0.274572,gripper,50.0,51.5715,68.5107,70.6641,2626,-300,80,0,12.3,39,step_20,no_load,-25.687
7.51838,0.284712,gripper,50.0,51.4432,68.5107,70.4883,2624,-300,76,1,12.3,39,step_20,no_load,-17.337
7.529003,0.295334,gripper,50.0,51.3149,68.5107,70.3125,2622,-200,68,1,12.3,39,step_20,no_load,-16.549
7.539453,0.305785,gripper,50.0,51.1225,68.5107,70.0488,2619,-200,60,1,12.3,39,step_20,no_load,-25.234
7.549822,0.316154,gripper,50.0,50.9942,68.5107,69.873,2617,-250,52,0,12.3,38,step_20,no_load,-16.954
7.560695,0.327027,gripper,50.0,50.9301,68.5107,69.7852,2616,-250,56,1,12.3,39,step_20,no_load,-8.075
7.571912,0.338243,gripper,50.0,50.8018,68.5107,69.6094,2614,-100,48,1,12.3,38,step_20,no_load,-15.673
7.582301,0.348632,gripper,50.0,50.7377,68.5107,69.5215,2613,-100,44,0,12.3,38,step_20,no_load,-8.461
7.592922,0.359254,gripper,50.0,50.6735,68.5107,69.4336,2612,-150,44,1,12.3,39,step_20,no_load,-8.276
7.603766,0.370097,gripper,50.0,50.6094,68.5107,69.3457,2611,-100,40,1,12.3,39,step_20,no_load,-8.106
7.614732,0.381064,gripper,50.0,50.6094,68.5107,69.3457,2611,-100,44,1,12.3,38,step_20,no_load,0.0
7.625354,0.391686,gripper,50.0,50.5452,68.5107,69.2578,2610,-50,40,1,12.3,38,step_20,no_load,-8.275
7.635575,0.401906,gripper,50.0,50.4811,68.5107,69.1699,2609,-50,36,1,12.3,39,step_20,no_load,-8.6
7.64598,0.412311,gripper,50.0,50.4169,68.5107,69.082,2608,-50,32,1,12.3,39,step_20,no_load,-8.448
7.65677,0.423101,gripper,50.0,50.4169,68.5107,69.082,2608,-50,28,1,12.3,39,step_20,no_load,0.0
7.666941,0.433273,gripper,50.0,50.4169,68.5107,69.082,2608,-50,28,1,12.3,39,step_20,no_load,0.0
7.677434,0.443766,gripper,50.0,50.4169,68.5107,69.082,2608,-50,36,1,12.2,39,step_20,no_load,0.0
7.687651,0.453983,gripper,50.0,50.3528,68.5107,68.9941,2607,-50,32,0,12.3,39,step_20,no_load,-8.603
7.698334,0.464666,gripper,50.0,50.3528,68.5107,68.9941,2607,-50,28,0,12.3,39,step_20,no_load,0.0
7.708982,0.475314,gripper,50.0,50.3528,68.5107,68.9941,2607,0,28,0,12.3,39,step_20,no_load,0.0
7.719362,0.485694,gripper,50.0,50.3528,68.5107,68.9941,2607,0,32,1,12.3,39,step_20,no_load,0.0
7.729958,0.496289,gripper,50.0,50.3528,68.5107,68.9941,2607,0,32,1,12.3,39,step_20,no_load,0.0
7.740717,0.507049,gripper,50.0,50.3528,68.5107,68.9941,2607,0,32,0,12.3,38,step_20,no_load,0.0
7.751958,0.51829,gripper,50.0,50.3528,68.5107,68.9941,2607,0,32,0,12.3,39,step_20,no_load,0.0
7.762733,0.529065,gripper,50.0,50.3528,68.5107,68.9941,2607,0,32,1,12.3,39,step_20,no_load,0.0
7.773137,0.539468,gripper,50.0,50.2886,68.5107,68.9062,2606,0,24,0,12.3,38,step_20,no_load,-8.449
7.783464,0.549796,gripper,50.0,50.2886,68.5107,68.9062,2606,-50,24,1,12.3,39,step_20,no_load,0.0
7.794132,0.560464,gripper,50.0,50.2886,68.5107,68.9062,2606,-50,28,1,12.3,39,step_20,no_load,0.0
7.804773,0.571105,gripper,50.0,50.2886,68.5107,68.9062,2606,0,28,1,12.3,39,step_20,no_load,0.0
7.815483,0.581815,gripper,50.0,50.2886,68.5107,68.9062,2606,0,28,0,12.3,39,step_20,no_load,0.0
7.826256,0.592588,gripper,50.0,50.2886,68.5107,68.9062,2606,0,28,0,12.3,38,step_20,no_load,0.0
7.837172,0.603504,gripper,50.0,50.2886,68.5107,68.9062,2606,0,28,1,12.3,39,step_20,no_load,0.0
7.847826,0.614158,gripper,50.0,50.2886,68.5107,68.9062,2606,0,28,1,12.3,39,step_20,no_load,0.0
7.85823,0.624562,gripper,50.0,50.2886,68.5107,68.9062,2606,0,28,1,12.3,39,step_20,no_load,0.0
7.868936,0.635268,gripper,50.0,50.2886,68.5107,68.9062,2606,0,28,0,12.3,39,step_20,no_load,0.0
7.879858,0.646189,gripper,50.0,50.2886,68.5107,68.9062,2606,0,28,1,12.3,39,step_20,no_load,0.0
7.890605,0.656937,gripper,50.0,50.2886,68.5107,68.9062,2606,0,28,1,12.3,38,step_20,no_load,0.0
7.900855,0.667187,gripper,50.0,50.2886,68.5107,68.9062,2606,0,28,1,12.3,38,step_20,no_load,0.0
7.911223,0.677555,gripper,50.0,50.2886,68.5107,68.9062,2606,0,28,1,12.3,39,step_20,no_load,0.0
7.921521,0.687853,gripper,50.0,50.2886,68.5107,68.9062,2606,0,28,1,12.3,39,step_20,no_load,0.0
7.931962,0.698294,gripper,50.0,50.2886,68.5107,68.9062,2606,0,28,0,12.3,39,step_20,no_load,0.0
7.942494,0.708826,gripper,50.0,50.2886,68.5107,68.9062,2606,0,28,1,12.3,39,step_20,no_load,0.0
7.953172,0.719504,gripper,50.0,50.2886,68.5107,68.9062,2606,0,28,0,12.3,39,step_20,no_load,0.0
7.963544,0.729876,gripper,50.0,50.2886,68.5107,68.9062,2606,0,28,0,12.3,39,step_20,no_load,0.0
7.974194,0.740525,gripper,50.0,50.2886,68.5107,68.9062,2606,0,28,1,12.3,39,step_20,no_load,0.0
7.985614,0.751946,gripper,50.0,50.2886,68.5107,68.9062,2606,0,28,1,12.3,39,step_20,no_load,0.0
7.995826,0.762157,gripper,50.0,50.2886,68.5107,68.9062,2606,0,28,0,12.3,38,step_20,no_load,0.0
8.006281,0.772612,gripper,50.0,50.2886,68.5107,68.9062,2606,0,28,1,12.3,39,step_20,no_load,0.0
8.016891,0.783222,gripper,50.0,50.2886,68.5107,68.9062,2606,0,28,1,12.3,39,step_20,no_load,0.0
8.027167,0.793499,gripper,50.0,50.2886,68.5107,68.9062,2606,0,28,1,12.3,39,step_20,no_load,0.0
8.037349,0.80368,gripper,50.0,50.2886,68.5107,68.9062,2606,0,28,0,12.3,39,step_20,no_load,0.0
8.048324,0.814656,gripper,50.0,50.2886,68.5107,68.9062,2606,0,28,1,12.3,46,step_20,no_load,0.0
8.059283,0.825615,gripper,50.0,50.2886,68.5107,68.9062,2606,0,28,0,12.3,39,step_20,no_load,0.0
8.069884,0.836216,gripper,50.0,50.2886,68.5107,68.9062,2606,0,28,1,12.3,39,step_20,no_load,0.0
8.080285,0.846617,gripper,50.0,50.2886,68.5107,68.9062,2606,0,28,1,12.3,38,step_20,no_load,0.0
8.091488,0.85782,gripper,50.0,50.2886,68.5107,68.9062,2606,0,28,1,12.2,39,step_20,no_load,0.0
8.102087,0.868419,gripper,50.0,50.2886,68.5107,68.9062,2606,0,28,0,12.3,39,step_20,no_load,0.0
8.112566,0.878898,gripper,50.0,50.2886,68.5107,68.9062,2606,0,28,0,12.3,39,step_20,no_load,0.0
8.123802,0.890133,gripper,50.0,50.2886,68.5107,68.9062,2606,0,28,0,12.3,39,step_20,no_load,0.0
8.134721,0.901052,gripper,50.0,50.2886,68.5107,68.9062,2606,0,28,1,12.3,38,step_20,no_load,0.0
8.144911,0.911243,gripper,50.0,50.2886,68.5107,68.9062,2606,0,28,1,12.3,39,step_20,no_load,0.0
8.155624,0.921956,gripper,50.0,50.2886,68.5107,68.9062,2606,0,28,1,12.3,39,step_20,no_load,0.0
8.166013,0.932344,gripper,50.0,50.2886,68.5107,68.9062,2606,0,28,1,12.3,39,step_20,no_load,0.0
8.176313,0.942645,gripper,50.0,50.2886,68.5107,68.9062,2606,0,28,1,12.3,39,step_20,no_load,0.0
8.18694,0.953272,gripper,50.0,50.2886,68.5107,68.9062,2606,0,28,1,12.3,39,step_20,no_load,0.0
8.197498,0.96383,gripper,50.0,50.2886,68.5107,68.9062,2606,0,28,0,12.3,39,step_20,no_load,0.0
8.207742,0.974074,gripper,50.0,50.2886,68.5107,68.9062,2606,0,28,0,12.3,39,step_20,no_load,0.0
8.218253,0.984585,gripper,50.0,50.2886,68.5107,68.9062,2606,0,28,0,12.3,39,step_20,no_load,0.0
8.228949,0.995281,gripper,50.0,50.2886,68.5107,68.9062,2606,0,28,1,12.3,39,step_20,no_load,0.0
8.239245,1.005577,gripper,50.0,50.2886,68.5107,68.9062,2606,0,28,1,12.3,39,step_20,no_load,0.0
8.249463,1.015794,gripper,50.0,50.2886,68.5107,68.9062,2606,0,28,0,12.3,39,step_20,no_load,0.0
8.25992,1.026251,gripper,50.0,50.2886,68.5107,68.9062,2606,0,28,1,12.3,39,step_20,no_load,0.0
8.270684,1.037015,gripper,50.0,50.2886,68.5107,68.9062,2606,0,28,0,12.3,39,step_20,no_load,0.0
8.281727,1.048059,gripper,50.0,50.2886,68.5107,68.9062,2606,0,28,0,12.3,38,step_20,no_load,0.0
8.292401,1.058733,gripper,50.0,50.2886,68.5107,68.9062,2606,0,28,1,12.3,39,step_20,no_load,0.0
8.30312,1.069452,gripper,50.0,50.2886,68.5107,68.9062,2606,0,28,1,12.3,38,step_20,no_load,0.0
8.313342,1.079674,gripper,50.0,50.2886,68.5107,68.9062,2606,0,28,1,12.3,39,step_20,no_load,0.0
8.32437,1.090702,gripper,50.0,50.2886,68.5107,68.9062,2606,0,28,1,12.3,39,step_20,no_load,0.0
8.334516,1.100848,gripper,50.0,50.2886,68.5107,68.9062,2606,0,28,0,12.3,39,step_20,no_load,0.0
8.344879,1.111211,gripper,50.0,50.2886,68.5107,68.9062,2606,0,28,1,12.2,39,step_20,no_load,0.0
8.35511,1.121442,gripper,50.0,50.2886,68.5107,68.9062,2606,0,28,1,12.3,39,step_20,no_load,0.0
8.365352,1.131684,gripper,50.0,50.2886,68.5107,68.9062,2606,0,28,1,12.3,39,step_20,no_load,0.0
8.376408,1.14274,gripper,50.0,50.2886,68.5107,68.9062,2606,0,28,1,12.3,39,step_20,no_load,0.0
8.386861,1.153193,gripper,50.0,50.2886,68.5107,68.9062,2606,0,28,0,12.3,39,step_20,no_load,0.0
8.39722,1.163552,gripper,50.0,50.2886,68.5107,68.9062,2606,0,28,0,12.3,39,step_20,no_load,0.0
8.407416,1.173748,gripper,50.0,50.2886,68.5107,68.9062,2606,0,28,0,12.2,39,step_20,no_load,0.0
8.417589,1.183921,gripper,50.0,50.2886,68.5107,68.9062,2606,0,28,1,12.3,39,step_20,no_load,0.0
8.427977,1.194309,gripper,50.0,50.2886,68.5107,68.9062,2606,0,28,0,12.3,38,step_20,no_load,0.0
8.439273,4e-06,gripper,65.0,50.2886,89.064,68.9062,2606,0,28,1,12.3,39,step_20,no_load,0.0
8.449766,0.010497,gripper,65.0,50.2886,89.064,68.9062,2606,0,0,1,12.3,38,step_20,no_load,0.0
8.460123,0.020855,gripper,65.0,50.2886,89.064,68.9062,2606,0,1048,1,12.3,39,step_20,no_load,0.0
8.471465,0.032196,gripper,65.0,50.2886,89.064,68.9062,2606,0,1112,3,12.3,39,step_20,no_load,0.0
8.482394,0.043125,gripper,65.0,50.2886,89.064,68.9062,2606,0,1160,6,12.3,39,step_20,no_load,0.0
8.492622,0.053353,gripper,65.0,50.2886,89.064,68.9062,2606,0,1260,17,12.2,39,step_20,no_load,0.0
8.503456,0.064187,gripper,65.0,50.4169,89.064,69.082,2608,0,1316,17,12.3,39,step_20,no_load,16.227
8.514237,0.074968,gripper,65.0,50.8659,89.064,69.6973,2615,0,1396,18,12.2,39,step_20,no_load,57.073
8.524634,0.085366,gripper,65.0,51.4432,89.064,70.4883,2624,600,1444,20,12.3,39,step_20,no_load,76.08
8.534978,0.095709,gripper,65.0,52.213,89.064,71.543,2636,600,1476,19,12.2,39,step_20,no_load,101.962
8.545597,0.106328,gripper,65.0,53.111,89.064,72.7734,2650,1050,1516,17,12.2,39,step_20,no_load,115.868
8.556279,0.11701,gripper,65.0,54.0731,89.064,74.0918,2665,1400,1524,15,12.3,39,step_20,no_load,123.423
8.566987,0.127718,gripper,65.0,55.0994,89.064,75.498,2681,1400,1484,5,12.3,39,step_20,no_load,131.322
8.577516,0.138247,gripper,65.0,56.254,89.064,77.0801,2699,1600,1476,5,12.3,39,step_20,no_load,150.261
8.58782,0.148551,gripper,65.0,57.2162,89.064,78.3984,2714,1600,1412,0,12.3,39,step_20,no_load,127.941
8.59811,0.158842,gripper,65.0,58.2425,89.064,79.8047,2730,1500,1384,0,12.3,39,step_20,no_load,136.667
8.608778,0.16951,gripper,65.0,59.1405,89.064,81.0352,2744,1500,1328,0,12.3,39,step_20,no_load,115.345
8.619392,0.180124,gripper,65.0,60.0385,89.064,82.2656,2758,1350,1292,0,12.3,39,step_20,no_load,115.922
8.630084,0.190815,gripper,65.0,60.8082,89.064,83.3203,2770,1350,1220,0,12.3,39,step_20,no_load,98.644
8.640382,0.201114,gripper,65.0,61.3855,89.064,84.1113,2779,1000,1180,0,12.3,38,step_20,no_load,76.811
8.650793,0.211524,gripper,65.0,61.8345,89.064,84.7266,2786,1000,1156,0,12.3,39,step_20,no_load,59.101
8.661251,0.221983,gripper,65.0,62.2194,89.064,85.2539,2792,650,1132,0,12.3,39,step_20,no_load,50.421
8.672323,0.233055,gripper,65.0,62.5401,89.064,85.6934,2797,650,1140,0,12.3,39,step_20,no_load,39.695
8.683351,0.244082,gripper,65.0,62.7967,89.064,86.0449,2801,500,1124,1,12.3,39,step_20,no_load,31.873
8.693589,0.254321,gripper,65.0,63.0532,89.064,86.3965,2805,500,1124,1,12.3,39,step_20,no_load,34.343
8.704128,0.264859,gripper,65.0,63.2457,89.064,86.6602,2808,350,1112,1,12.3,39,step_20,no_load,25.021
8.714805,0.275536,gripper,65.0,63.4381,89.064,86.9238,2811,350,1100,1,12.3,39,step_20,no_load,24.689
8.725459,0.286191,gripper,65.0,63.6305,89.064,87.1875,2814,300,1100,1,12.3,79,step_20,no_load,24.751
8.736687,0.297418,gripper,65.0,63.7588,89.064,87.3633,2816,200,1092,0,12.0,39,step_20,no_load,15.657
8.746948,0.307679,gripper,65.0,63.8871,89.064,87.5391,2818,200,1088,1,12.3,39,step_20,no_load,17.133
8.757434,0.318166,gripper,65.0,64.0154,89.064,87.7148,2820,200,1080,1,12.3,39,step_20,no_load,16.756
8.767649,0.32838,gripper,65.0,64.0795,89.064,87.8027,2821,200,1080,0,12.3,39,step_20,no_load,8.605
8.777986,0.338717,gripper,65.0,64.2078,89.064,87.9785,2823,150,1072,1,12.3,39,step_20,no_load,17.007
8.78828,0.349011,gripper,65.0,64.272,89.064,88.0664,2824,150,1072,1,12.3,39,step_20,no_load,8.539
8.798555,0.359286,gripper,65.0,64.3361,89.064,88.1543,2825,100,1068,1,12.3,39,step_20,no_load,8.555
8.809559,0.37029,gripper,65.0,64.4003,89.064,88.2422,2826,100,1060,1,12.3,38,step_20,no_load,7.988
8.820153,0.380884,gripper,65.0,64.4644,89.064,88.3301,2827,100,1056,1,12.3,39,step_20,no_load,8.297
8.830882,0.391613,gripper,65.0,64.4644,89.064,88.3301,2827,100,1064,1,12.3,39,step_20,no_load,0.0
8.841313,0.402044,gripper,65.0,64.5285,89.064,88.418,2828,0,1060,1,12.3,39,step_20,no_load,8.427
8.851935,0.412666,gripper,65.0,64.5285,89.064,88.418,2828,0,1060,1,12.3,39,step_20,no_load,0.0
8.862457,0.423189,gripper,65.0,64.5927,89.064,88.5059,2829,50,1056,1,12.3,39,step_20,no_load,8.354
8.87278,0.433511,gripper,65.0,64.5927,89.064,88.5059,2829,50,1056,1,12.3,39,step_20,no_load,0.0
8.883363,0.444095,gripper,65.0,64.5927,89.064,88.5059,2829,50,1060,1,12.3,38,step_20,no_load,0.0
8.893775,0.454506,gripper,65.0,64.6568,89.064,88.5938,2830,50,1056,1,12.3,39,step_20,no_load,8.442
8.904051,0.464782,gripper,65.0,64.6568,89.064,88.5938,2830,50,1052,1,12.3,38,step_20,no_load,0.0
8.914711,0.475443,gripper,65.0,64.6568,89.064,88.5938,2830,0,1052,0,12.3,38,step_20,no_load,0.0
8.925103,0.485834,gripper,65.0,64.6568,89.064,88.5938,2830,0,1056,1,12.3,39,step_20,no_load,0.0
8.935437,0.496169,gripper,65.0,64.6568,89.064,88.5938,2830,0,1056,0,12.3,39,step_20,no_load,0.0
8.946076,0.506807,gripper,65.0,64.6568,89.064,88.5938,2830,0,1056,1,12.3,38,step_20,no_load,0.0
8.9568,0.517532,gripper,65.0,64.6568,89.064,88.5938,2830,0,1056,1,12.3,39,step_20,no_load,0.0
8.967924,0.528655,gripper,65.0,64.6568,89.064,88.5938,2830,0,1056,0,12.3,39,step_20,no_load,0.0
8.978348,0.539079,gripper,65.0,64.6568,89.064,88.5938,2830,0,1056,0,12.3,39,step_20,no_load,0.0
8.988965,0.549696,gripper,65.0,64.6568,89.064,88.5938,2830,0,1056,0,12.3,39,step_20,no_load,0.0
8.999792,0.560523,gripper,65.0,64.6568,89.064,88.5938,2830,0,1056,1,12.3,39,step_20,no_load,0.0
9.010048,0.570779,gripper,65.0,64.6568,89.064,88.5938,2830,0,1056,1,12.3,39,step_20,no_load,0.0
9.020874,0.581606,gripper,65.0,64.6568,89.064,88.5938,2830,0,1056,1,12.3,39,step_20,no_load,0.0
9.031266,0.591997,gripper,65.0,64.6568,89.064,88.5938,2830,0,1056,1,12.3,39,step_20,no_load,0.0
9.041605,0.602336,gripper,65.0,64.6568,89.064,88.5938,2830,0,1056,1,12.3,39,step_20,no_load,0.0
9.052434,0.613165,gripper,65.0,64.6568,89.064,88.5938,2830,0,1056,1,12.3,39,step_20,no_load,0.0
9.063155,0.623886,gripper,65.0,64.6568,89.064,88.5938,2830,0,1056,0,12.3,39,step_20,no_load,0.0
9.074271,0.635003,gripper,65.0,64.6568,89.064,88.5938,2830,0,1056,1,12.3,39,step_20,no_load,0.0
9.084961,0.645692,gripper,65.0,64.6568,89.064,88.5938,2830,0,1056,0,12.3,39,step_20,no_load,0.0
9.095713,0.656445,gripper,65.0,64.6568,89.064,88.5938,2830,0,1056,1,12.3,39,step_20,no_load,0.0
9.106011,0.666742,gripper,65.0,64.6568,89.064,88.5938,2830,0,1056,1,12.3,38,step_20,no_load,0.0
9.116717,0.677448,gripper,65.0,64.6568,89.064,88.5938,2830,0,1056,1,12.3,39,step_20,no_load,0.0
9.127449,0.68818,gripper,65.0,64.6568,89.064,88.5938,2830,0,1056,1,12.3,39,step_20,no_load,0.0
9.138013,0.698744,gripper,65.0,64.6568,89.064,88.5938,2830,0,1056,1,12.2,39,step_20,no_load,0.0
9.148279,0.70901,gripper,65.0,64.6568,89.064,88.5938,2830,0,1056,0,12.3,39,step_20,no_load,0.0
9.158486,0.719217,gripper,65.0,64.6568,89.064,88.5938,2830,0,1056,1,12.3,39,step_20,no_load,0.0
9.168788,0.729519,gripper,65.0,64.6568,89.064,88.5938,2830,0,1056,0,12.3,39,step_20,no_load,0.0
9.178928,0.739659,gripper,65.0,64.6568,89.064,88.5938,2830,0,1056,1,12.3,39,step_20,no_load,0.0
9.1894,0.750132,gripper,65.0,64.6568,89.064,88.5938,2830,0,1056,1,12.3,39,step_20,no_load,0.0
9.200013,0.760744,gripper,65.0,64.6568,89.064,88.5938,2830,0,1056,0,12.3,39,step_20,no_load,0.0
9.210283,0.771014,gripper,65.0,64.6568,89.064,88.5938,2830,0,1056,0,12.3,39,step_20,no_load,0.0
9.220578,0.781309,gripper,65.0,64.6568,89.064,88.5938,2830,0,1056,1,12.3,39,step_20,no_load,0.0
9.230974,0.791705,gripper,65.0,64.6568,89.064,88.5938,2830,0,1056,0,12.3,39,step_20,no_load,0.0
9.241359,0.802091,gripper,65.0,64.6568,89.064,88.5938,2830,0,1056,1,12.3,38,step_20,no_load,0.0
9.251641,0.812373,gripper,65.0,64.6568,89.064,88.5938,2830,0,1056,0,12.2,39,step_20,no_load,0.0
9.262308,0.82304,gripper,65.0,64.6568,89.064,88.5938,2830,0,1056,1,12.3,39,step_20,no_load,0.0
9.272671,0.833402,gripper,65.0,64.6568,89.064,88.5938,2830,0,1056,1,12.3,39,step_20,no_load,0.0
9.282825,0.843557,gripper,65.0,64.6568,89.064,88.5938,2830,0,1056,1,12.3,39,step_20,no_load,0.0
9.293702,0.854434,gripper,65.0,64.6568,89.064,88.5938,2830,0,1056,1,12.3,39,step_20,no_load,0.0
9.304142,0.864873,gripper,65.0,64.6568,89.064,88.5938,2830,0,1056,0,12.3,39,step_20,no_load,0.0
9.314544,0.875276,gripper,65.0,64.6568,89.064,88.5938,2830,0,1056,0,12.3,39,step_20,no_load,0.0
9.325132,0.885863,gripper,65.0,64.6568,89.064,88.5938,2830,0,1056,1,12.3,39,step_20,no_load,0.0
9.335915,0.896646,gripper,65.0,64.6568,89.064,88.5938,2830,0,1056,1,12.3,39,step_20,no_load,0.0
9.346958,0.907689,gripper,65.0,64.6568,89.064,88.5938,2830,0,1056,1,12.3,39,step_20,no_load,0.0
9.357368,0.9181,gripper,65.0,64.6568,89.064,88.5938,2830,0,1056,1,12.3,38,step_20,no_load,0.0
9.367438,0.928169,gripper,65.0,64.6568,89.064,88.5938,2830,0,1056,1,12.3,39,step_20,no_load,0.0
9.378394,0.939126,gripper,65.0,64.6568,89.064,88.5938,2830,0,1056,0,12.3,39,step_20,no_load,0.0
9.388458,0.949189,gripper,65.0,64.6568,89.064,88.5938,2830,0,1056,1,12.3,39,step_20,no_load,0.0
9.399015,0.959746,gripper,65.0,64.6568,89.064,88.5938,2830,0,1056,1,12.3,39,step_20,no_load,0.0
9.409279,0.97001,gripper,65.0,64.6568,89.064,88.5938,2830,0,1056,1,12.3,39,step_20,no_load,0.0
9.419328,0.980059,gripper,65.0,64.6568,89.064,88.5938,2830,0,1056,1,12.3,39,step_20,no_load,0.0
9.429685,0.990416,gripper,65.0,64.6568,89.064,88.5938,2830,0,1056,1,12.3,39,step_20,no_load,0.0
9.440011,1.000743,gripper,65.0,64.6568,89.064,88.5938,2830,0,1056,0,12.2,39,step_20,no_load,0.0
9.450188,1.010919,gripper,65.0,64.6568,89.064,88.5938,2830,0,1056,1,12.3,39,step_20,no_load,0.0
9.460929,1.02166,gripper,65.0,64.6568,89.064,88.5938,2830,0,1056,1,12.3,39,step_20,no_load,0.0
9.471542,1.032273,gripper,65.0,64.6568,89.064,88.5938,2830,0,1056,1,12.3,39,step_20,no_load,0.0
9.481813,1.042545,gripper,65.0,64.6568,89.064,88.5938,2830,0,1056,1,12.3,39,step_20,no_load,0.0
9.491945,1.052676,gripper,65.0,64.6568,89.064,88.5938,2830,0,1056,1,12.3,39,step_20,no_load,0.0
9.502603,1.063334,gripper,65.0,64.6568,89.064,88.5938,2830,0,1056,1,12.3,39,step_20,no_load,0.0
9.513133,1.073864,gripper,65.0,64.6568,89.064,88.5938,2830,0,1056,1,12.3,38,step_20,no_load,0.0
9.524001,1.084732,gripper,65.0,64.6568,89.064,88.5938,2830,0,1056,1,12.3,39,step_20,no_load,0.0
9.534876,1.095607,gripper,65.0,64.6568,89.064,88.5938,2830,0,1056,0,12.3,39,step_20,no_load,0.0
9.545918,1.106649,gripper,65.0,64.6568,89.064,88.5938,2830,0,1056,1,12.3,39,step_20,no_load,0.0
9.55626,1.116991,gripper,65.0,64.6568,89.064,88.5938,2830,0,1056,1,12.3,39,step_20,no_load,0.0
9.566775,1.127506,gripper,65.0,64.6568,89.064,88.5938,2830,0,1056,0,12.2,39,step_20,no_load,0.0
9.577894,1.138626,gripper,65.0,64.6568,89.064,88.5938,2830,0,1056,1,12.3,39,step_20,no_load,0.0
9.588395,1.149126,gripper,65.0,64.6568,89.064,88.5938,2830,0,1056,1,12.3,39,step_20,no_load,0.0
9.599813,1.160544,gripper,65.0,64.6568,89.064,88.5938,2830,0,1056,1,12.2,38,step_20,no_load,0.0
9.609929,1.17066,gripper,65.0,64.6568,89.064,88.5938,2830,0,1056,1,12.3,39,step_20,no_load,0.0
9.62023,1.180961,gripper,65.0,64.6568,89.064,88.5938,2830,0,1056,1,12.3,39,step_20,no_load,0.0
9.630398,1.191129,gripper,65.0,64.6568,89.064,88.5938,2830,0,1056,0,12.3,39,step_20,no_load,0.0
9.641222,3e-06,gripper,50.0,64.6568,68.5107,88.5938,2830,0,1056,0,12.3,39,step_20,no_load,0.0
9.652126,0.010906,gripper,50.0,64.6568,68.5107,88.5938,2830,0,1044,0,12.2,39,step_20,no_load,0.0
9.662391,0.021171,gripper,50.0,64.6568,68.5107,88.5938,2830,0,36,0,12.3,39,step_20,no_load,0.0
9.672654,0.031434,gripper,50.0,64.6568,68.5107,88.5938,2830,0,68,1,12.3,39,step_20,no_load,0.0
9.683477,0.042257,gripper,50.0,64.6568,68.5107,88.5938,2830,0,152,7,12.3,39,step_20,no_load,0.0
9.693798,0.052578,gripper,50.0,64.6568,68.5107,88.5938,2830,0,200,10,12.2,39,step_20,no_load,0.0
9.704958,0.063739,gripper,50.0,64.5927,68.5107,88.5059,2829,0,312,17,12.3,39,step_20,no_load,-7.876
9.715575,0.074355,gripper,50.0,64.1437,68.5107,87.8906,2822,-250,364,19,12.2,39,step_20,no_load,-57.954
9.725807,0.084587,gripper,50.0,63.5664,68.5107,87.0996,2813,-250,412,21,12.2,38,step_20,no_load,-77.306
9.736148,0.094928,gripper,50.0,62.8608,68.5107,86.1328,2802,-800,464,19,12.2,39,step_20,no_load,-93.492
9.746662,0.105443,gripper,50.0,62.0269,68.5107,84.9902,2789,-800,500,19,12.3,39,step_20,no_load,-108.674
9.757077,0.115857,gripper,50.0,61.1289,68.5107,83.7598,2775,-1200,492,14,12.2,39,step_20,no_load,-118.137
9.767346,0.126126,gripper,50.0,60.1026,68.5107,82.3535,2759,-1200,496,11,12.2,38,step_20,no_load,-136.946
9.778108,0.136889,gripper,50.0,58.948,68.5107,80.7715,2741,-1500,420,0,12.3,38,step_20,no_load,-146.999
9.788715,0.147495,gripper,50.0,57.8576,68.5107,79.2773,2724,-1650,404,0,12.3,39,step_20,no_load,-140.869
9.799516,0.158296,gripper,50.0,56.7672,68.5107,77.7832,2707,-1650,356,0,12.3,38,step_20,no_load,-138.33
9.809932,0.168712,gripper,50.0,55.9333,68.5107,76.6406,2694,-1400,324,0,12.3,40,step_20,no_load,-109.697
9.820409,0.179189,gripper,50.0,55.0994,68.5107,75.498,2681,-1400,260,0,12.3,39,step_20,no_load,-109.058
9.83083,0.18961,gripper,50.0,54.3938,68.5107,74.5312,2670,-1150,216,0,12.3,39,step_20,no_load,-92.774
9.841269,0.200049,gripper,50.0,53.7524,68.5107,73.6523,2660,-1150,160,0,12.3,39,step_20,no_load,-84.194
9.851516,0.210296,gripper,50.0,53.2393,68.5107,72.9492,2652,-850,128,0,12.3,39,step_20,no_load,-68.615
9.861724,0.220505,gripper,50.0,52.8544,68.5107,72.4219,2646,-850,128,0,12.3,39,step_20,no_load,-51.656
9.872037,0.230817,gripper,50.0,52.5337,68.5107,71.9824,2641,-600,108,0,12.3,39,step_20,no_load,-42.616
9.882868,0.241648,gripper,50.0,52.213,68.5107,71.543,2636,-600,108,1,12.3,39,step_20,no_load,-40.569
9.893877,0.252657,gripper,50.0,51.9564,68.5107,71.1914,2632,-400,92,1,12.3,39,step_20,no_load,-31.938
9.904229,0.263009,gripper,50.0,51.8281,68.5107,71.0156,2630,-400,92,0,12.3,39,step_20,no_load,-16.982
9.914955,0.273735,gripper,50.0,51.5715,68.5107,70.6641,2626,-300,80,0,12.3,38,step_20,no_load,-32.771
9.925172,0.283952,gripper,50.0,51.4432,68.5107,70.4883,2624,-300,72,1,12.3,39,step_20,no_load,-17.207
9.935786,0.294566,gripper,50.0,51.3149,68.5107,70.3125,2622,-250,64,1,12.3,39,step_20,no_load,-16.563
9.946435,0.305215,gripper,50.0,51.1225,68.5107,70.0488,2619,-250,64,1,12.3,39,step_20,no_load,-24.763
9.957426,0.316206,gripper,50.0,50.9942,68.5107,69.873,2617,-200,56,1,12.3,39,step_20,no_load,-15.995
9.968479,0.327259,gripper,50.0,50.9301,68.5107,69.7852,2616,-150,52,1,12.3,39,step_20,no_load,-7.944
9.979061,0.337841,gripper,50.0,50.8659,68.5107,69.6973,2615,-150,52,1,12.3,39,step_20,no_load,-8.307
9.989504,0.348285,gripper,50.0,50.7377,68.5107,69.5215,2613,-150,48,1,12.3,39,step_20,no_load,-16.834
9.99966,0.35844,gripper,50.0,50.6735,68.5107,69.4336,2612,-150,40,1,12.3,39,step_20,no_load,-8.655
10.010272,0.369052,gripper,50.0,50.6094,68.5107,69.3457,2611,-100,36,0,12.3,39,step_20,no_load,-8.283
10.021091,0.379871,gripper,50.0,50.6094,68.5107,69.3457,2611,-100,44,1,12.3,39,step_20,no_load,0.0
10.031982,0.390762,gripper,50.0,50.5452,68.5107,69.2578,2610,-50,40,1,12.3,39,step_20,no_load,-8.071
10.042237,0.401017,gripper,50.0,50.4811,68.5107,69.1699,2609,-50,36,1,12.3,38,step_20,no_load,-8.571
10.052492,0.411272,gripper,50.0,50.4169,68.5107,69.082,2608,-50,32,0,12.3,39,step_20,no_load,-8.571
10.062746,0.421526,gripper,50.0,50.4169,68.5107,69.082,2608,-50,28,0,12.3,38,step_20,no_load,0.0
10.07395,0.43273,gripper,50.0,50.4169,68.5107,69.082,2608,-50,28,1,12.3,39,step_20,no_load,0.0
10.084354,0.443135,gripper,50.0,50.4169,68.5107,69.082,2608,-50,36,1,12.3,39,step_20,no_load,0.0
10.094888,0.453668,gripper,50.0,50.3528,68.5107,68.9941,2607,0,28,0,12.3,39,step_20,no_load,-8.344
10.105152,0.463932,gripper,50.0,50.3528,68.5107,68.9941,2607,0,28,1,12.3,39,step_20,no_load,0.0
10.115343,0.474123,gripper,50.0,50.3528,68.5107,68.9941,2607,-50,32,1,12.3,39,step_20,no_load,0.0
10.125587,0.484367,gripper,50.0,50.3528,68.5107,68.9941,2607,-50,32,1,12.3,39,step_20,no_load,0.0
10.136213,0.494993,gripper,50.0,50.3528,68.5107,68.9941,2607,0,32,1,12.3,39,step_20,no_load,0.0
10.146447,0.505227,gripper,50.0,50.3528,68.5107,68.9941,2607,0,32,1,12.3,39,step_20,no_load,0.0
10.157388,0.516168,gripper,50.0,50.2886,68.5107,68.9062,2606,0,24,1,12.3,39,step_20,no_load,-8.034
10.167745,0.526525,gripper,50.0,50.2886,68.5107,68.9062,2606,-50,24,1,12.3,39,step_20,no_load,0.0
10.178114,0.536894,gripper,50.0,50.2886,68.5107,68.9062,2606,-50,28,1,12.3,39,step_20,no_load,0.0
10.188552,0.547333,gripper,50.0,50.2886,68.5107,68.9062,2606,0,28,0,12.3,39,step_20,no_load,0.0
10.199599,0.558379,gripper,50.0,50.2886,68.5107,68.9062,2606,0,28,0,12.4,39,step_20,no_load,0.0
10.210016,0.568797,gripper,50.0,50.2886,68.5107,68.9062,2606,0,28,1,12.3,39,step_20,no_load,0.0
10.220473,0.579253,gripper,50.0,50.2886,68.5107,68.9062,2606,0,28,1,12.3,39,step_20,no_load,0.0
10.231305,0.590085,gripper,50.0,50.2886,68.5107,68.9062,2606,0,28,1,12.3,39,step_20,no_load,0.0
10.241659,0.600439,gripper,50.0,50.2886,68.5107,68.9062,2606,0,28,1,12.3,39,step_20,no_load,0.0
10.251821,0.610601,gripper,50.0,50.2886,68.5107,68.9062,2606,0,28,1,12.3,39,step_20,no_load,0.0
10.262501,0.621282,gripper,50.0,50.2886,68.5107,68.9062,2606,0,28,1,12.3,39,step_20,no_load,0.0
10.272879,0.631659,gripper,50.0,50.2886,68.5107,68.9062,2606,0,28,1,12.3,39,step_20,no_load,0.0
10.283964,0.642744,gripper,50.0,50.2886,68.5107,68.9062,2606,0,28,1,12.3,39,step_20,no_load,0.0
10.294729,0.65351,gripper,50.0,50.2886,68.5107,68.9062,2606,0,28,1,12.3,39,step_20,no_load,0.0
10.305274,0.664054,gripper,50.0,50.2886,68.5107,68.9062,2606,0,28,0,12.3,39,step_20,no_load,0.0
10.31578,0.674561,gripper,50.0,50.2886,68.5107,68.9062,2606,0,28,1,12.2,39,step_20,no_load,0.0
10.326405,0.685185,gripper,50.0,50.2886,68.5107,68.9062,2606,0,28,0,12.3,39,step_20,no_load,0.0
10.336768,0.695548,gripper,50.0,50.2886,68.5107,68.9062,2606,0,28,0,12.3,38,step_20,no_load,0.0
10.347023,0.705803,gripper,50.0,50.2886,68.5107,68.9062,2606,0,28,0,12.3,39,step_20,no_load,0.0
10.357405,0.716185,gripper,50.0,50.2886,68.5107,68.9062,2606,0,28,1,12.3,39,step_20,no_load,0.0
10.367644,0.726424,gripper,50.0,50.2886,68.5107,68.9062,2606,0,28,1,12.3,39,step_20,no_load,0.0
10.377816,0.736596,gripper,50.0,50.2886,68.5107,68.9062,2606,0,28,0,12.3,39,step_20,no_load,0.0
10.388906,0.747687,gripper,50.0,50.2886,68.5107,68.9062,2606,0,28,1,12.3,39,step_20,no_load,0.0
10.399029,0.757809,gripper,50.0,50.2886,68.5107,68.9062,2606,0,28,1,12.3,39,step_20,no_load,0.0
10.409277,0.768057,gripper,50.0,50.2886,68.5107,68.9062,2606,0,28,1,12.3,39,step_20,no_load,0.0
10.41952,0.7783,gripper,50.0,50.2886,68.5107,68.9062,2606,0,28,1,12.2,39,step_20,no_load,0.0
10.429661,0.788441,gripper,50.0,50.2886,68.5107,68.9062,2606,0,28,1,12.3,39,step_20,no_load,0.0
10.440005,0.798785,gripper,50.0,50.2886,68.5107,68.9062,2606,0,28,1,12.3,39,step_20,no_load,0.0
10.450356,0.809136,gripper,50.0,50.2886,68.5107,68.9062,2606,0,28,1,12.3,39,step_20,no_load,0.0
10.460829,0.819609,gripper,50.0,50.2886,68.5107,68.9062,2606,0,28,1,12.3,39,step_20,no_load,0.0
10.471467,0.830248,gripper,50.0,50.2886,68.5107,68.9062,2606,0,28,1,12.3,39,step_20,no_load,0.0
10.481744,0.840524,gripper,50.0,50.2886,68.5107,68.9062,2606,0,28,1,12.3,39,step_20,no_load,0.0
10.492046,0.850826,gripper,50.0,50.2886,68.5107,68.9062,2606,0,28,1,12.3,39,step_20,no_load,0.0
10.502298,0.861078,gripper,50.0,50.2886,68.5107,68.9062,2606,0,28,1,12.3,39,step_20,no_load,0.0
10.512548,0.871328,gripper,50.0,50.2886,68.5107,68.9062,2606,0,28,1,12.3,39,step_20,no_load,0.0
10.522778,0.881558,gripper,50.0,50.2886,68.5107,68.9062,2606,0,28,0,12.3,39,step_20,no_load,0.0
10.533077,0.891857,gripper,50.0,50.2886,68.5107,68.9062,2606,0,28,0,12.3,38,step_20,no_load,0.0
10.543319,0.902099,gripper,50.0,50.2886,68.5107,68.9062,2606,0,28,0,12.3,39,step_20,no_load,0.0
10.553635,0.912415,gripper,50.0,50.2886,68.5107,68.9062,2606,0,28,0,12.3,39,step_20,no_load,0.0
10.563891,0.922672,gripper,50.0,50.2886,68.5107,68.9062,2606,0,28,1,12.3,39,step_20,no_load,0.0
10.574803,0.933583,gripper,50.0,50.2886,68.5107,68.9062,2606,0,28,0,12.3,39,step_20,no_load,0.0
10.585265,0.944045,gripper,50.0,50.2886,68.5107,68.9062,2606,0,28,0,12.3,39,step_20,no_load,0.0
10.595509,0.954289,gripper,50.0,50.2886,68.5107,68.9062,2606,0,28,1,12.3,39,step_20,no_load,0.0
10.605751,0.964531,gripper,50.0,50.2886,68.5107,68.9062,2606,0,28,1,12.3,39,step_20,no_load,0.0
10.616181,0.974962,gripper,50.0,50.2886,68.5107,68.9062,2606,0,28,1,12.3,38,step_20,no_load,0.0
10.626701,0.985481,gripper,50.0,50.2886,68.5107,68.9062,2606,0,28,0,12.3,39,step_20,no_load,0.0
10.637004,0.995784,gripper,50.0,50.2886,68.5107,68.9062,2606,0,28,0,12.3,39,step_20,no_load,0.0
10.647508,1.006288,gripper,50.0,50.2886,68.5107,68.9062,2606,0,28,1,12.3,39,step_20,no_load,0.0
10.658503,1.017283,gripper,50.0,50.2886,68.5107,68.9062,2606,0,28,1,12.3,39,step_20,no_load,0.0
10.669599,1.028379,gripper,50.0,50.2886,68.5107,68.9062,2606,0,28,1,12.3,39,step_20,no_load,0.0
10.680365,1.039145,gripper,50.0,50.2886,68.5107,68.9062,2606,0,28,1,12.3,38,step_20,no_load,0.0
10.690517,1.049298,gripper,50.0,50.2886,68.5107,68.9062,2606,0,28,1,12.3,39,step_20,no_load,0.0
10.701226,1.060006,gripper,50.0,50.2886,68.5107,68.9062,2606,0,28,1,12.3,39,step_20,no_load,0.0
10.711625,1.070405,gripper,50.0,50.2886,68.5107,68.9062,2606,0,28,0,12.3,39,step_20,no_load,0.0
10.722137,1.080918,gripper,50.0,50.2886,68.5107,68.9062,2606,0,28,0,12.3,39,step_20,no_load,0.0
10.732566,1.091346,gripper,50.0,50.2886,68.5107,68.9062,2606,0,28,1,12.3,39,step_20,no_load,0.0
10.74286,1.10164,gripper,50.0,50.2886,68.5107,68.9062,2606,0,28,0,12.2,38,step_20,no_load,0.0
10.75311,1.11189,gripper,50.0,50.2886,68.5107,68.9062,2606,0,28,0,12.3,38,step_20,no_load,0.0
10.763458,1.122238,gripper,50.0,50.2886,68.5107,68.9062,2606,0,28,1,12.3,39,step_20,no_load,0.0
10.77414,1.13292,gripper,50.0,50.2886,68.5107,68.9062,2606,0,28,1,12.3,38,step_20,no_load,0.0
10.784538,1.143318,gripper,50.0,50.2886,68.5107,68.9062,2606,0,28,0,12.3,39,step_20,no_load,0.0
10.794968,1.153749,gripper,50.0,50.2886,68.5107,68.9062,2606,0,28,1,12.3,38,step_20,no_load,0.0
10.805567,1.164347,gripper,50.0,50.2886,68.5107,68.9062,2606,0,28,1,12.3,39,step_20,no_load,0.0
10.816192,1.174972,gripper,50.0,50.2886,68.5107,68.9062,2606,0,28,1,12.3,39,step_20,no_load,0.0
10.826772,1.185552,gripper,50.0,50.2886,68.5107,68.9062,2606,0,28,0,12.3,39,step_20,no_load,0.0
10.837342,1.196122,gripper,50.0,50.2886,68.5107,68.9062,2606,0,28,1,12.3,38,step_20,no_load,0.0
10.849386,3e-06,gripper,65.0,50.2886,89.064,68.9062,2606,0,28,0,12.3,39,step_20,no_load,0.0
10.859893,0.01051,gripper,65.0,50.2886,89.064,68.9062,2606,0,20,0,12.3,39,step_20,no_load,0.0
10.870473,0.02109,gripper,65.0,50.2886,89.064,68.9062,2606,0,1060,0,12.3,39,step_20,no_load,0.0
10.880911,0.031528,gripper,65.0,50.2886,89.064,68.9062,2606,0,1096,2,12.3,39,step_20,no_load,0.0
10.891752,0.042369,gripper,65.0,50.2886,89.064,68.9062,2606,0,1192,9,12.2,39,step_20,no_load,0.0
10.902309,0.052926,gripper,65.0,50.2886,89.064,68.9062,2606,0,1248,12,12.2,38,step_20,no_load,0.0
10.912997,0.063614,gripper,65.0,50.4169,89.064,69.082,2608,0,1344,21,12.2,39,step_20,no_load,16.448
10.923409,0.074026,gripper,65.0,50.8018,89.064,69.6094,2614,350,1392,20,12.2,39,step_20,no_load,50.653
10.934093,0.08471,gripper,65.0,51.3791,89.064,70.4004,2623,350,1428,19,12.2,39,step_20,no_load,74.036
10.944633,0.09525,gripper,65.0,52.213,89.064,71.543,2636,950,1476,23,12.2,39,step_20,no_load,108.406
10.955015,0.105632,gripper,65.0,53.0468,89.064,72.6855,2649,950,1520,21,12.3,39,step_20,no_load,110.046
10.965733,0.11635,gripper,65.0,54.0731,89.064,74.0918,2665,1350,1524,16,12.3,39,step_20,no_load,131.209
10.976221,0.126838,gripper,65.0,55.0353,89.064,75.4102,2680,1350,1496,7,12.3,39,step_20,no_load,125.706
10.986791,0.137408,gripper,65.0,56.1257,89.064,76.9043,2697,1500,1492,2,12.2,39,step_20,no_load,141.353
10.997401,0.148018,gripper,65.0,57.2162,89.064,78.3984,2714,1500,1428,0,12.3,39,step_20,no_load,140.82
11.00787,0.158487,gripper,65.0,58.1783,89.064,79.7168,2729,1550,1400,0,12.3,39,step_20,no_load,125.934
11.018406,0.169023,gripper,65.0,59.1405,89.064,81.0352,2744,1550,1332,0,12.4,39,step_20,no_load,125.133
11.028674,0.179291,gripper,65.0,59.9743,89.064,82.1777,2757,1400,1268,0,12.3,39,step_20,no_load,111.268
11.039341,0.189958,gripper,65.0,60.7441,89.064,83.2324,2769,1400,1228,0,12.3,39,step_20,no_load,98.875
11.049628,0.200245,gripper,65.0,61.3214,89.064,84.0234,2778,1150,1184,0,12.3,39,step_20,no_load,76.893
11.059856,0.210473,gripper,65.0,61.8345,89.064,84.7266,2786,1150,1156,0,12.3,39,step_20,no_load,68.752
11.070193,0.22081,gripper,65.0,62.1552,89.064,85.166,2791,750,1160,1,12.3,40,step_20,no_load,42.507
11.080661,0.231278,gripper,65.0,62.4759,89.064,85.6055,2796,500,1140,1,12.3,39,step_20,no_load,41.985
11.09102,0.241637,gripper,65.0,62.7967,89.064,86.0449,2801,500,1136,1,12.3,39,step_20,no_load,42.417
11.101861,0.252478,gripper,65.0,63.0532,89.064,86.3965,2805,400,1120,1,12.3,39,step_20,no_load,32.432
11.112276,0.262893,gripper,65.0,63.2457,89.064,86.6602,2808,400,1116,1,12.3,39,step_20,no_load,25.319
11.123255,0.273872,gripper,65.0,63.4381,89.064,86.9238,2811,300,1100,0,12.3,39,step_20,no_load,24.009
11.133592,0.284209,gripper,65.0,63.6305,89.064,87.1875,2814,300,1096,1,12.2,39,step_20,no_load,25.51
11.144117,0.294734,gripper,65.0,63.7588,89.064,87.3633,2816,250,1088,1,12.3,39,step_20,no_load,16.703
11.154508,0.305125,gripper,65.0,63.8871,89.064,87.5391,2818,250,1088,1,12.3,39,step_20,no_load,16.918
11.165208,0.315825,gripper,65.0,64.0154,89.064,87.7148,2820,200,1080,1,12.2,40,step_20,no_load,16.421
11.175691,0.326308,gripper,65.0,64.0795,89.064,87.8027,2821,200,1080,1,12.3,39,step_20,no_load,8.385
11.186076,0.336693,gripper,65.0,64.1437,89.064,87.8906,2822,150,1076,1,12.3,39,step_20,no_load,8.464
11.196413,0.34703,gripper,65.0,64.272,89.064,88.0664,2824,150,1068,1,12.3,39,step_20,no_load,17.007
11.206549,0.357166,gripper,65.0,64.3361,89.064,88.1543,2825,100,1064,1,12.3,39,step_20,no_load,8.672
11.216767,0.367384,gripper,65.0,64.4003,89.064,88.2422,2826,100,1064,1,12.3,39,step_20,no_load,8.602
11.227779,0.378396,gripper,65.0,64.4644,89.064,88.3301,2827,100,1060,0,12.3,39,step_20,no_load,7.982
11.237891,0.388508,gripper,65.0,64.4644,89.064,88.3301,2827,100,1060,0,12.3,39,step_20,no_load,0.0
11.24803,0.398647,gripper,65.0,64.5285,89.064,88.418,2828,50,1060,1,12.3,39,step_20,no_load,8.669
11.258105,0.408722,gripper,65.0,64.5285,89.064,88.418,2828,50,1060,0,12.3,39,step_20,no_load,0.0
11.268337,0.418954,gripper,65.0,64.5285,89.064,88.418,2828,50,1064,1,12.3,39,step_20,no_load,0.0
11.279544,0.430162,gripper,65.0,64.5927,89.064,88.5059,2829,50,1060,1,12.3,39,step_20,no_load,7.843
11.290464,0.441081,gripper,65.0,64.5927,89.064,88.5059,2829,50,1056,1,12.3,39,step_20,no_load,0.0
11.301446,0.452063,gripper,65.0,64.6568,89.064,88.5938,2830,50,1052,1,12.3,44,step_20,no_load,8.004
11.311939,0.462556,gripper,65.0,64.6568,89.064,88.5938,2830,50,1052,1,12.3,39,step_20,no_load,0.0
11.322188,0.472805,gripper,65.0,64.6568,89.064,88.5938,2830,0,1052,1,12.3,39,step_20,no_load,0.0
11.33267,0.483287,gripper,65.0,64.6568,89.064,88.5938,2830,0,1056,1,12.3,39,step_20,no_load,0.0
11.343226,0.493843,gripper,65.0,64.6568,89.064,88.5938,2830,0,1056,1,12.3,39,step_20,no_load,0.0
11.353505,0.504122,gripper,65.0,64.6568,89.064,88.5938,2830,0,1056,1,12.3,39,step_20,no_load,0.0
11.36406,0.514677,gripper,65.0,64.6568,89.064,88.5938,2830,0,1056,1,12.3,39,step_20,no_load,0.0
11.374636,0.525253,gripper,65.0,64.6568,89.064,88.5938,2830,0,1056,1,12.3,39,step_20,no_load,0.0
11.384799,0.535416,gripper,65.0,64.6568,89.064,88.5938,2830,0,1056,1,12.3,39,step_20,no_load,0.0
11.395125,0.545742,gripper,65.0,64.6568,89.064,88.5938,2830,0,1056,0,12.3,39,step_20,no_load,0.0
11.405939,0.556556,gripper,65.0,64.6568,89.064,88.5938,2830,0,1056,0,12.3,39,step_20,no_load,0.0
11.417051,0.567668,gripper,65.0,64.6568,89.064,88.5938,2830,0,1056,0,12.3,39,step_20,no_load,0.0
11.427511,0.578128,gripper,65.0,64.6568,89.064,88.5938,2830,0,1056,1,12.3,39,step_20,no_load,0.0
11.438289,0.588906,gripper,65.0,64.6568,89.064,88.5938,2830,0,1056,1,12.3,39,step_20,no_load,0.0
11.448645,0.599262,gripper,65.0,64.6568,89.064,88.5938,2830,0,1056,1,12.3,39,step_20,no_load,0.0
11.458979,0.609596,gripper,65.0,64.6568,89.064,88.5938,2830,0,1056,0,12.3,38,step_20,no_load,0.0
11.469554,0.620171,gripper,65.0,64.6568,89.064,88.5938,2830,0,1056,1,12.3,39,step_20,no_load,0.0
11.479845,0.630462,gripper,65.0,64.6568,89.064,88.5938,2830,0,1056,0,12.3,39,step_20,no_load,0.0
11.49076,0.641377,gripper,65.0,64.6568,89.064,88.5938,2830,0,1056,1,12.3,39,step_20,no_load,0.0
11.501105,0.651722,gripper,65.0,64.6568,89.064,88.5938,2830,0,1056,0,12.3,39,step_20,no_load,0.0
11.511206,0.661823,gripper,65.0,64.6568,89.064,88.5938,2830,0,1056,1,12.3,39,step_20,no_load,0.0
11.521671,0.672288,gripper,65.0,64.6568,89.064,88.5938,2830,0,1056,1,12.3,39,step_20,no_load,0.0
11.532053,0.68267,gripper,65.0,64.6568,89.064,88.5938,2830,0,1056,1,12.3,39,step_20,no_load,0.0
11.542775,0.693392,gripper,65.0,64.6568,89.064,88.5938,2830,0,1056,1,12.3,38,step_20,no_load,0.0
11.553126,0.703743,gripper,65.0,64.6568,89.064,88.5938,2830,0,1056,0,12.3,39,step_20,no_load,0.0
11.563624,0.714241,gripper,65.0,64.6568,89.064,88.5938,2830,0,1056,1,12.3,39,step_20,no_load,0.0
11.574213,0.72483,gripper,65.0,64.6568,89.064,88.5938,2830,0,1056,1,12.3,39,step_20,no_load,0.0
11.584782,0.735399,gripper,65.0,64.6568,89.064,88.5938,2830,0,1056,0,12.3,39,step_20,no_load,0.0
11.594919,0.745536,gripper,65.0,64.6568,89.064,88.5938,2830,0,1056,0,12.3,39,step_20,no_load,0.0
11.605488,0.756105,gripper,65.0,64.6568,89.064,88.5938,2830,0,1056,0,12.2,39,step_20,no_load,0.0
11.616101,0.766718,gripper,65.0,64.6568,89.064,88.5938,2830,0,1056,1,12.3,39,step_20,no_load,0.0
11.626813,0.77743,gripper,65.0,64.6568,89.064,88.5938,2830,0,1056,0,12.3,39,step_20,no_load,0.0
11.637163,0.78778,gripper,65.0,64.6568,89.064,88.5938,2830,0,1056,1,12.3,39,step_20,no_load,0.0
11.647762,0.798379,gripper,65.0,64.6568,89.064,88.5938,2830,0,1056,1,12.3,39,step_20,no_load,0.0
11.658569,0.809186,gripper,65.0,64.6568,89.064,88.5938,2830,0,1056,1,12.3,38,step_20,no_load,0.0
11.668798,0.819415,gripper,65.0,64.6568,89.064,88.5938,2830,0,1056,1,12.3,39,step_20,no_load,0.0
11.679722,0.830339,gripper,65.0,64.6568,89.064,88.5938,2830,0,1056,1,12.3,39,step_20,no_load,0.0
11.689924,0.840541,gripper,65.0,64.6568,89.064,88.5938,2830,0,1056,0,12.3,39,step_20,no_load,0.0
11.700482,0.851099,gripper,65.0,64.6568,89.064,88.5938,2830,0,1056,1,12.3,39,step_20,no_load,0.0
11.711018,0.861635,gripper,65.0,64.6568,89.064,88.5938,2830,0,1056,0,12.2,39,step_20,no_load,0.0
11.721178,0.871795,gripper,65.0,64.6568,89.064,88.5938,2830,0,1056,1,12.3,39,step_20,no_load,0.0
11.731565,0.882182,gripper,65.0,64.6568,89.064,88.5938,2830,0,1056,1,12.3,39,step_20,no_load,0.0
11.742104,0.892721,gripper,65.0,64.6568,89.064,88.5938,2830,0,1056,1,12.2,39,step_20,no_load,0.0
11.752749,0.903366,gripper,65.0,64.6568,89.064,88.5938,2830,0,1056,1,12.3,38,step_20,no_load,0.0
11.763607,0.914224,gripper,65.0,64.6568,89.064,88.5938,2830,0,1056,1,12.3,39,step_20,no_load,0.0
11.77375,0.924368,gripper,65.0,64.6568,89.064,88.5938,2830,0,1056,1,12.3,39,step_20,no_load,0.0
11.784304,0.934921,gripper,65.0,64.6568,89.064,88.5938,2830,0,1056,0,12.3,39,step_20,no_load,0.0
11.795152,0.945769,gripper,65.0,64.6568,89.064,88.5938,2830,0,1056,0,12.3,39,step_20,no_load,0.0
11.805745,0.956362,gripper,65.0,64.6568,89.064,88.5938,2830,0,1056,1,12.3,39,step_20,no_load,0.0
11.81636,0.966977,gripper,65.0,64.6568,89.064,88.5938,2830,0,1056,1,12.3,39,step_20,no_load,0.0
11.826888,0.977505,gripper,65.0,64.6568,89.064,88.5938,2830,0,1056,1,12.3,39,step_20,no_load,0.0
11.837682,0.988299,gripper,65.0,64.6568,89.064,88.5938,2830,0,1056,0,12.3,39,step_20,no_load,0.0
11.848146,0.998763,gripper,65.0,64.6568,89.064,88.5938,2830,0,1056,1,12.3,39,step_20,no_load,0.0
11.858482,1.009099,gripper,65.0,64.6568,89.064,88.5938,2830,0,1056,1,12.3,40,step_20,no_load,0.0
11.869066,1.019683,gripper,65.0,64.6568,89.064,88.5938,2830,0,1056,0,12.3,39,step_20,no_load,0.0
11.879219,1.029836,gripper,65.0,64.6568,89.064,88.5938,2830,0,1056,1,12.3,39,step_20,no_load,0.0
11.889407,1.040024,gripper,65.0,64.6568,89.064,88.5938,2830,0,1056,0,12.3,39,step_20,no_load,0.0
11.90053,1.051147,gripper,65.0,64.6568,89.064,88.5938,2830,0,1056,1,12.3,39,step_20,no_load,0.0
11.91088,1.061497,gripper,65.0,64.6568,89.064,88.5938,2830,0,1056,1,12.3,39,step_20,no_load,0.0
11.921523,1.07214,gripper,65.0,64.6568,89.064,88.5938,2830,0,1056,1,12.3,39,step_20,no_load,0.0
11.931894,1.082511,gripper,65.0,64.6568,89.064,88.5938,2830,0,1056,1,12.3,39,step_20,no_load,0.0
11.942035,1.092652,gripper,65.0,64.6568,89.064,88.5938,2830,0,1056,1,12.3,39,step_20,no_load,0.0
11.95277,1.103387,gripper,65.0,64.6568,89.064,88.5938,2830,0,1056,1,12.3,39,step_20,no_load,0.0
11.963558,1.114175,gripper,65.0,64.6568,89.064,88.5938,2830,0,1056,0,12.2,39,step_20,no_load,0.0
11.973989,1.124606,gripper,65.0,64.6568,89.064,88.5938,2830,0,1056,1,12.3,39,step_20,no_load,0.0
11.984631,1.135248,gripper,65.0,64.6568,89.064,88.5938,2830,0,1056,1,12.3,39,step_20,no_load,0.0
11.995783,1.1464,gripper,65.0,64.6568,89.064,88.5938,2830,0,1056,0,12.3,39,step_20,no_load,0.0
12.006221,1.156838,gripper,65.0,64.6568,89.064,88.5938,2830,0,1056,1,12.3,39,step_20,no_load,0.0
12.016999,1.167616,gripper,65.0,64.6568,89.064,88.5938,2830,0,1056,1,12.3,39,step_20,no_load,0.0
12.02762,1.178237,gripper,65.0,64.6568,89.064,88.5938,2830,0,1056,0,12.3,39,step_20,no_load,0.0
12.037821,1.188438,gripper,65.0,64.6568,89.064,88.5938,2830,0,1056,1,12.3,39,step_20,no_load,0.0
12.048224,1.198841,gripper,65.0,64.6568,89.064,88.5938,2830,0,1056,1,12.3,39,step_20,no_load,0.0
12.059299,3e-06,gripper,50.0,64.6568,68.5107,88.5938,2830,0,1052,1,12.3,39,step_20,no_load,0.0
12.070128,0.010832,gripper,50.0,64.6568,68.5107,88.5938,2830,0,0,0,12.2,39,step_20,no_load,0.0
12.081119,0.021823,gripper,50.0,64.6568,68.5107,88.5938,2830,0,28,1,12.3,39,step_20,no_load,0.0
12.091329,0.032033,gripper,50.0,64.6568,68.5107,88.5938,2830,0,80,2,12.3,38,step_20,no_load,0.0
12.101456,0.042159,gripper,50.0,64.6568,68.5107,88.5938,2830,0,172,9,12.2,39,step_20,no_load,0.0
12.112027,0.052731,gripper,50.0,64.6568,68.5107,88.5938,2830,0,224,10,12.3,39,step_20,no_load,0.0
12.122237,0.062941,gripper,50.0,64.5285,68.5107,88.418,2828,0,308,16,12.2,39,step_20,no_load,-17.218
12.13275,0.073453,gripper,50.0,64.1437,68.5107,87.8906,2822,0,360,18,12.2,39,step_20,no_load,-50.166
12.143209,0.083913,gripper,50.0,63.6305,68.5107,87.1875,2814,-450,400,23,12.2,39,step_20,no_load,-67.224
12.153781,0.094485,gripper,50.0,62.8608,68.5107,86.1328,2802,-950,456,23,12.2,39,step_20,no_load,-99.764
12.164453,0.105157,gripper,50.0,62.0911,68.5107,85.0781,2790,-950,500,20,12.2,39,step_20,no_load,-98.829
12.175436,0.11614,gripper,50.0,61.1289,68.5107,83.7598,2775,-1300,500,16,12.2,39,step_20,no_load,-120.031
12.185783,0.126486,gripper,50.0,60.0385,68.5107,82.2656,2758,-1300,476,8,12.2,39,step_20,no_load,-144.409
12.196303,0.137007,gripper,50.0,58.948,68.5107,80.7715,2741,-1600,468,8,12.2,39,step_20,no_load,-142.025
12.207274,0.147977,gripper,50.0,57.7935,68.5107,79.1895,2723,-1600,400,0,12.3,39,step_20,no_load,-144.198
12.21738,0.158084,gripper,50.0,56.8313,68.5107,77.8711,2708,-1550,372,0,12.3,38,step_20,no_load,-130.457
12.227891,0.168595,gripper,50.0,55.9333,68.5107,76.6406,2694,-1550,320,0,12.3,38,step_20,no_load,-117.068
12.238015,0.178719,gripper,50.0,55.0994,68.5107,75.498,2681,-1350,280,0,12.3,39,step_20,no_load,-112.861
12.248186,0.18889,gripper,50.0,54.3938,68.5107,74.5312,2670,-1350,208,0,12.3,39,step_20,no_load,-95.055
12.258498,0.199201,gripper,50.0,53.8165,68.5107,73.7402,2661,-1050,172,0,12.3,38,step_20,no_load,-76.707
12.268714,0.209418,gripper,50.0,53.3034,68.5107,73.0371,2653,-1050,140,0,12.3,39,step_20,no_load,-68.823
12.27912,0.219824,gripper,50.0,52.8544,68.5107,72.4219,2646,-750,116,0,12.3,39,step_20,no_load,-59.12
12.290217,0.230921,gripper,50.0,52.5337,68.5107,71.9824,2641,-750,112,0,12.3,39,step_20,no_load,-39.605
12.300645,0.241349,gripper,50.0,52.213,68.5107,71.543,2636,-500,112,1,12.3,39,step_20,no_load,-42.137
12.310752,0.251455,gripper,50.0,52.0205,68.5107,71.2793,2633,-500,96,1,12.3,39,step_20,no_load,-26.091
12.32088,0.261584,gripper,50.0,51.8281,68.5107,71.0156,2630,-400,92,1,12.3,39,step_20,no_load,-26.037
12.331964,0.272668,gripper,50.0,51.6357,68.5107,70.752,2627,-300,80,1,12.3,39,step_20,no_load,-23.782
12.342557,0.283261,gripper,50.0,51.4432,68.5107,70.4883,2624,-300,80,1,12.3,38,step_20,no_load,-24.894
12.353168,0.293872,gripper,50.0,51.3149,68.5107,70.3125,2622,-200,72,1,12.3,39,step_20,no_load,-16.568
12.363757,0.30446,gripper,50.0,51.1225,68.5107,70.0488,2619,-200,64,1,12.2,39,step_20,no_load,-24.903
12.374737,0.315441,gripper,50.0,50.9942,68.5107,69.873,2617,-200,56,1,12.3,39,step_20,no_load,-16.011
12.385016,0.32572,gripper,50.0,50.9301,68.5107,69.7852,2616,-200,56,0,12.3,39,step_20,no_load,-8.542
12.395637,0.336341,gripper,50.0,50.8659,68.5107,69.6973,2615,-150,48,1,12.3,39,step_20,no_load,-8.276
12.406249,0.346953,gripper,50.0,50.7377,68.5107,69.5215,2613,-150,44,1,12.3,39,step_20,no_load,-16.566
12.417073,0.357777,gripper,50.0,50.6735,68.5107,69.4336,2612,-100,40,1,12.3,39,step_20,no_load,-8.121
12.427591,0.368295,gripper,50.0,50.6094,68.5107,69.3457,2611,-100,40,1,12.3,39,step_20,no_load,-8.357
12.437874,0.378578,gripper,50.0,50.6094,68.5107,69.3457,2611,-100,40,1,12.3,39,step_20,no_load,0.0
12.44835,0.389054,gripper,50.0,50.5452,68.5107,69.2578,2610,-100,36,1,12.3,39,step_20,no_load,-8.391
12.458762,0.399466,gripper,50.0,50.5452,68.5107,69.2578,2610,-50,36,1,12.3,52,step_20,no_load,0.0
12.468849,0.409553,gripper,50.0,50.4811,68.5107,69.1699,2609,-50,36,1,12.3,39,step_20,no_load,-8.714
12.479405,0.420109,gripper,50.0,50.4169,68.5107,69.082,2608,-100,28,0,12.3,39,step_20,no_load,-8.327
12.490133,0.430837,gripper,50.0,50.4169,68.5107,69.082,2608,-100,28,1,12.3,39,step_20,no_load,0.0
12.500601,0.441305,gripper,50.0,50.3528,68.5107,68.9941,2607,0,28,0,12.3,39,step_20,no_load,-8.397
12.511086,0.451789,gripper,50.0,50.3528,68.5107,68.9941,2607,-50,28,1,12.3,38,step_20,no_load,0.0
12.521822,0.462526,gripper,50.0,50.3528,68.5107,68.9941,2607,-50,32,1,12.3,39,step_20,no_load,0.0
12.532059,0.472763,gripper,50.0,50.3528,68.5107,68.9941,2607,0,32,1,12.3,39,step_20,no_load,0.0
12.542955,0.483659,gripper,50.0,50.3528,68.5107,68.9941,2607,0,32,1,12.3,39,step_20,no_load,0.0
12.553948,0.494651,gripper,50.0,50.3528,68.5107,68.9941,2607,0,32,1,12.3,39,step_20,no_load,0.0
12.56457,0.505274,gripper,50.0,50.3528,68.5107,68.9941,2607,0,32,1,12.3,39,step_20,no_load,0.0
12.575774,0.516478,gripper,50.0,50.3528,68.5107,68.9941,2607,0,32,1,12.3,39,step_20,no_load,0.0
12.58643,0.527134,gripper,50.0,50.3528,68.5107,68.9941,2607,0,32,1,12.3,38,step_20,no_load,0.0
12.597075,0.537779,gripper,50.0,50.3528,68.5107,68.9941,2607,0,32,1,12.3,39,step_20,no_load,0.0
12.607787,0.548491,gripper,50.0,50.3528,68.5107,68.9941,2607,0,32,1,12.3,39,step_20,no_load,0.0
12.618737,0.559441,gripper,50.0,50.3528,68.5107,68.9941,2607,0,32,1,12.3,39,step_20,no_load,0.0
12.628981,0.569685,gripper,50.0,50.3528,68.5107,68.9941,2607,0,32,1,12.3,38,step_20,no_load,0.0
12.639577,0.58028,gripper,50.0,50.3528,68.5107,68.9941,2607,0,32,1,12.3,39,step_20,no_load,0.0
12.650231,0.590934,gripper,50.0,50.3528,68.5107,68.9941,2607,0,32,1,12.3,39,step_20,no_load,0.0
12.660796,0.6015,gripper,50.0,50.3528,68.5107,68.9941,2607,0,32,0,12.3,39,step_20,no_load,0.0
12.671042,0.611746,gripper,50.0,50.3528,68.5107,68.9941,2607,0,32,1,12.3,39,step_20,no_load,0.0
12.681633,0.622337,gripper,50.0,50.3528,68.5107,68.9941,2607,0,32,1,12.3,39,step_20,no_load,0.0
12.692648,0.633352,gripper,50.0,50.3528,68.5107,68.9941,2607,0,32,1,12.3,39,step_20,no_load,0.0
12.703344,0.644048,gripper,50.0,50.3528,68.5107,68.9941,2607,0,32,1,12.3,39,step_20,no_load,0.0
12.714426,0.655129,gripper,50.0,50.3528,68.5107,68.9941,2607,0,32,1,12.3,39,step_20,no_load,0.0
12.725051,0.665755,gripper,50.0,50.3528,68.5107,68.9941,2607,0,32,1,12.3,39,step_20,no_load,0.0
12.735772,0.676476,gripper,50.0,50.3528,68.5107,68.9941,2607,0,32,1,12.3,39,step_20,no_load,0.0
12.746093,0.686797,gripper,50.0,50.3528,68.5107,68.9941,2607,0,32,0,12.2,38,step_20,no_load,0.0
12.756601,0.697304,gripper,50.0,50.3528,68.5107,68.9941,2607,0,32,1,12.3,39,step_20,no_load,0.0
12.767446,0.70815,gripper,50.0,50.3528,68.5107,68.9941,2607,0,32,0,12.3,39,step_20,no_load,0.0
12.7778,0.718504,gripper,50.0,50.3528,68.5107,68.9941,2607,0,32,1,12.3,39,step_20,no_load,0.0
12.787956,0.728659,gripper,50.0,50.3528,68.5107,68.9941,2607,0,32,1,12.3,39,step_20,no_load,0.0
12.798572,0.739276,gripper,50.0,50.3528,68.5107,68.9941,2607,0,32,0,12.3,39,step_20,no_load,0.0
12.808783,0.749487,gripper,50.0,50.3528,68.5107,68.9941,2607,0,32,1,12.3,38,step_20,no_load,0.0
12.819807,0.760511,gripper,50.0,50.3528,68.5107,68.9941,2607,0,32,0,12.3,39,step_20,no_load,0.0
12.830177,0.770881,gripper,50.0,50.3528,68.5107,68.9941,2607,0,32,1,12.3,39,step_20,no_load,0.0
12.840565,0.781269,gripper,50.0,50.3528,68.5107,68.9941,2607,0,32,1,12.2,39,step_20,no_load,0.0
12.851254,0.791958,gripper,50.0,50.3528,68.5107,68.9941,2607,0,32,1,12.3,39,step_20,no_load,0.0
12.862033,0.802737,gripper,50.0,50.3528,68.5107,68.9941,2607,0,32,1,12.3,39,step_20,no_load,0.0
12.872278,0.812982,gripper,50.0,50.3528,68.5107,68.9941,2607,0,32,0,12.3,39,step_20,no_load,0.0
12.882475,0.823178,gripper,50.0,50.3528,68.5107,68.9941,2607,0,32,1,12.3,39,step_20,no_load,0.0
12.893094,0.833798,gripper,50.0,50.3528,68.5107,68.9941,2607,0,32,1,12.3,38,step_20,no_load,0.0
12.903447,0.844151,gripper,50.0,50.3528,68.5107,68.9941,2607,0,32,1,12.3,39,step_20,no_load,0.0
12.913679,0.854383,gripper,50.0,50.3528,68.5107,68.9941,2607,0,32,0,12.3,39,step_20,no_load,0.0
12.924013,0.864717,gripper,50.0,50.3528,68.5107,68.9941,2607,0,32,0,12.3,38,step_20,no_load,0.0
12.93439,0.875094,gripper,50.0,50.3528,68.5107,68.9941,2607,0,32,1,12.3,39,step_20,no_load,0.0
12.944995,0.885699,gripper,50.0,50.3528,68.5107,68.9941,2607,0,32,1,12.3,39,step_20,no_load,0.0
12.955624,0.896327,gripper,50.0,50.3528,68.5107,68.9941,2607,0,32,0,12.3,39,step_20,no_load,0.0
12.966192,0.906896,gripper,50.0,50.3528,68.5107,68.9941,2607,0,32,1,12.3,39,step_20,no_load,0.0
12.977603,0.918307,gripper,50.0,50.3528,68.5107,68.9941,2607,0,32,1,12.3,38,step_20,no_load,0.0
12.988207,0.928911,gripper,50.0,50.3528,68.5107,68.9941,2607,0,32,1,12.3,39,step_20,no_load,0.0
12.998457,0.93916,gripper,50.0,50.3528,68.5107,68.9941,2607,0,32,0,12.3,39,step_20,no_load,0.0
13.008801,0.949504,gripper,50.0,50.3528,68.5107,68.9941,2607,0,32,1,12.3,39,step_20,no_load,0.0
13.018878,0.959582,gripper,50.0,50.3528,68.5107,68.9941,2607,0,32,0,12.3,39,step_20,no_load,0.0
13.029613,0.970317,gripper,50.0,50.3528,68.5107,68.9941,2607,0,32,1,12.3,39,step_20,no_load,0.0
13.03979,0.980494,gripper,50.0,50.3528,68.5107,68.9941,2607,0,32,1,12.3,39,step_20,no_load,0.0
13.050671,0.991375,gripper,50.0,50.3528,68.5107,68.9941,2607,0,32,1,12.3,39,step_20,no_load,0.0
13.060795,1.001498,gripper,50.0,50.3528,68.5107,68.9941,2607,0,32,0,12.3,39,step_20,no_load,0.0
13.071036,1.011739,gripper,50.0,50.3528,68.5107,68.9941,2607,0,32,1,12.3,39,step_20,no_load,0.0
13.081609,1.022313,gripper,50.0,50.3528,68.5107,68.9941,2607,0,32,1,12.3,39,step_20,no_load,0.0
13.091976,1.03268,gripper,50.0,50.3528,68.5107,68.9941,2607,0,32,1,12.3,39,step_20,no_load,0.0
13.102199,1.042903,gripper,50.0,50.3528,68.5107,68.9941,2607,0,32,1,12.3,39,step_20,no_load,0.0
13.112954,1.053657,gripper,50.0,50.3528,68.5107,68.9941,2607,0,32,1,12.2,39,step_20,no_load,0.0
13.123439,1.064142,gripper,50.0,50.3528,68.5107,68.9941,2607,0,32,1,12.3,39,step_20,no_load,0.0
13.133597,1.0743,gripper,50.0,50.3528,68.5107,68.9941,2607,0,32,1,12.3,38,step_20,no_load,0.0
13.144156,1.08486,gripper,50.0,50.3528,68.5107,68.9941,2607,0,32,1,12.3,38,step_20,no_load,0.0
13.154778,1.095481,gripper,50.0,50.3528,68.5107,68.9941,2607,0,32,1,12.3,39,step_20,no_load,0.0
13.164936,1.10564,gripper,50.0,50.3528,68.5107,68.9941,2607,0,32,1,12.3,39,step_20,no_load,0.0
13.175823,1.116526,gripper,50.0,50.3528,68.5107,68.9941,2607,0,32,1,12.3,39,step_20,no_load,0.0
13.186921,1.127625,gripper,50.0,50.3528,68.5107,68.9941,2607,0,32,1,12.3,39,step_20,no_load,0.0
13.197515,1.138219,gripper,50.0,50.3528,68.5107,68.9941,2607,0,32,0,12.3,39,step_20,no_load,0.0
13.207936,1.14864,gripper,50.0,50.3528,68.5107,68.9941,2607,0,32,1,12.3,39,step_20,no_load,0.0
13.218093,1.158797,gripper,50.0,50.3528,68.5107,68.9941,2607,0,32,1,12.3,39,step_20,no_load,0.0
13.228425,1.169129,gripper,50.0,50.3528,68.5107,68.9941,2607,0,32,1,12.3,39,step_20,no_load,0.0
13.238599,1.179302,gripper,50.0,50.3528,68.5107,68.9941,2607,0,32,0,12.3,39,step_20,no_load,0.0
13.249264,1.189968,gripper,50.0,50.2886,68.5107,68.9062,2606,-50,28,0,12.3,39,step_20,no_load,-8.242
13.262853,2e-06,gripper,65.0,50.2886,89.064,68.9062,2606,-50,24,1,12.3,38,step_20,no_load,0.0
13.273483,0.010631,gripper,65.0,50.2886,89.064,68.9062,2606,0,20,0,12.3,39,step_20,no_load,0.0
13.284179,0.021328,gripper,65.0,50.2886,89.064,68.9062,2606,0,1052,1,12.2,39,step_20,no_load,0.0
13.295101,0.03225,gripper,65.0,50.2886,89.064,68.9062,2606,0,1120,4,12.3,39,step_20,no_load,0.0
13.305718,0.042867,gripper,65.0,50.2886,89.064,68.9062,2606,0,1164,6,12.3,39,step_20,no_load,0.0
13.316523,0.053671,gripper,65.0,50.2886,89.064,68.9062,2606,0,1264,14,12.2,39,step_20,no_load,0.0
13.326902,0.064051,gripper,65.0,50.4169,89.064,69.082,2608,50,1324,17,12.3,39,step_20,no_load,16.938
13.337642,0.074791,gripper,65.0,50.8018,89.064,69.6094,2614,50,1384,19,12.2,39,step_20,no_load,49.106
13.348162,0.085311,gripper,65.0,51.3791,89.064,70.4004,2623,750,1436,21,12.3,39,step_20,no_load,75.19
13.358772,0.095921,gripper,65.0,52.213,89.064,71.543,2636,750,1480,22,12.2,39,step_20,no_load,107.691
13.368937,0.106086,gripper,65.0,53.0468,89.064,72.6855,2649,1100,1520,22,12.3,39,step_20,no_load,112.395
13.379064,0.116213,gripper,65.0,53.9448,89.064,73.916,2663,1100,1520,12,12.3,39,step_20,no_load,121.507
13.389749,0.126898,gripper,65.0,55.0353,89.064,75.4102,2680,1450,1524,10,12.3,39,step_20,no_load,139.841
13.40028,0.137429,gripper,65.0,56.1257,89.064,76.9043,2697,1450,1468,0,12.3,39,step_20,no_load,141.876
13.410922,0.14807,gripper,65.0,57.152,89.064,78.3105,2713,1600,1456,3,12.3,39,step_20,no_load,132.137
13.421411,0.15856,gripper,65.0,58.1783,89.064,79.7168,2729,1600,1380,0,12.3,39,step_20,no_load,134.074
13.431916,0.169064,gripper,65.0,59.0763,89.064,80.9473,2743,1500,1352,0,12.3,39,step_20,no_load,117.135
13.442076,0.179225,gripper,65.0,59.9743,89.064,82.1777,2757,1500,1284,0,12.3,39,step_20,no_load,121.102
13.452189,0.189338,gripper,65.0,60.6799,89.064,83.1445,2768,1300,1244,0,12.3,39,step_20,no_load,95.6
13.462916,0.200065,gripper,65.0,61.3214,89.064,84.0234,2778,1300,1184,0,12.4,39,step_20,no_load,81.933
13.473848,0.210996,gripper,65.0,61.8345,89.064,84.7266,2786,900,1168,0,12.3,39,step_20,no_load,64.325
13.484512,0.22166,gripper,65.0,62.1552,89.064,85.166,2791,650,1144,0,12.3,38,step_20,no_load,41.204
13.494886,0.232035,gripper,65.0,62.4759,89.064,85.6055,2796,650,1148,1,12.3,39,step_20,no_load,42.366
13.505276,0.242425,gripper,65.0,62.7967,89.064,86.0449,2801,450,1132,1,12.3,39,step_20,no_load,42.291
13.515862,0.253011,gripper,65.0,63.0532,89.064,86.3965,2805,450,1124,1,12.3,40,step_20,no_load,33.214
13.526178,0.263327,gripper,65.0,63.2457,89.064,86.6602,2808,300,1112,1,12.3,39,step_20,no_load,25.562
13.536771,0.27392,gripper,65.0,63.4381,89.064,86.9238,2811,300,1108,1,12.2,39,step_20,no_load,24.884
13.547653,0.284802,gripper,65.0,63.6305,89.064,87.1875,2814,300,1096,1,12.3,39,step_20,no_load,24.233
13.558107,0.295255,gripper,65.0,63.7588,89.064,87.3633,2816,300,1092,1,12.3,39,step_20,no_load,16.817
13.568331,0.30548,gripper,65.0,63.8871,89.064,87.5391,2818,200,1084,1,12.3,39,step_20,no_load,17.195
13.578848,0.315997,gripper,65.0,63.9513,89.064,87.627,2819,200,1080,1,12.3,39,step_20,no_load,8.358
13.589053,0.326202,gripper,65.0,64.0795,89.064,87.8027,2821,200,1076,1,12.3,39,step_20,no_load,17.217
13.599246,0.336395,gripper,65.0,64.1437,89.064,87.8906,2822,200,1072,1,12.3,39,step_20,no_load,8.624
13.610062,0.347211,gripper,65.0,64.272,89.064,88.0664,2824,100,1068,1,12.3,39,step_20,no_load,16.254
13.62044,0.357589,gripper,65.0,64.3361,89.064,88.1543,2825,100,1068,1,12.2,39,step_20,no_load,8.47
13.630709,0.367858,gripper,65.0,64.4003,89.064,88.2422,2826,100,1064,0,12.3,39,step_20,no_load,8.56
13.641203,0.378351,gripper,65.0,64.4644,89.064,88.3301,2827,100,1060,1,12.3,39,step_20,no_load,8.376
13.651507,0.388656,gripper,65.0,64.4644,89.064,88.3301,2827,100,1064,1,12.3,39,step_20,no_load,0.0
13.661607,0.398756,gripper,65.0,64.5285,89.064,88.418,2828,100,1060,1,12.3,39,step_20,no_load,8.703
13.672176,0.409324,gripper,65.0,64.5285,89.064,88.418,2828,50,1060,1,12.3,38,step_20,no_load,0.0
13.682537,0.419685,gripper,65.0,64.5927,89.064,88.5059,2829,50,1056,1,12.3,39,step_20,no_load,8.484
13.693123,0.430272,gripper,65.0,64.5927,89.064,88.5059,2829,50,1056,1,12.3,39,step_20,no_load,0.0
13.703778,0.440927,gripper,65.0,64.5927,89.064,88.5059,2829,0,1052,0,12.3,39,step_20,no_load,0.0
13.714078,0.451227,gripper,65.0,64.6568,89.064,88.5938,2830,0,1052,1,12.3,39,step_20,no_load,8.534
13.724395,0.461543,gripper,65.0,64.6568,89.064,88.5938,2830,50,1052,0,12.3,39,step_20,no_load,0.0
13.735045,0.472194,gripper,65.0,64.6568,89.064,88.5938,2830,50,1056,1,12.3,38,step_20,no_load,0.0
13.745242,0.48239,gripper,65.0,64.6568,89.064,88.5938,2830,0,1056,1,12.3,39,step_20,no_load,0.0
13.755999,0.493147,gripper,65.0,64.6568,89.064,88.5938,2830,0,1056,1,12.3,39,step_20,no_load,0.0
13.766566,0.503715,gripper,65.0,64.6568,89.064,88.5938,2830,0,1056,1,12.3,39,step_20,no_load,0.0
13.776961,0.51411,gripper,65.0,64.6568,89.064,88.5938,2830,0,1056,0,12.3,39,step_20,no_load,0.0
13.787587,0.524736,gripper,65.0,64.6568,89.064,88.5938,2830,0,1056,1,12.3,39,step_20,no_load,0.0
13.798238,0.535387,gripper,65.0,64.6568,89.064,88.5938,2830,0,1056,0,12.3,39,step_20,no_load,0.0
13.808695,0.545844,gripper,65.0,64.6568,89.064,88.5938,2830,0,1056,0,12.3,39,step_20,no_load,0.0
13.819807,0.556955,gripper,65.0,64.6568,89.064,88.5938,2830,0,1056,0,12.3,39,step_20,no_load,0.0
13.830445,0.567594,gripper,65.0,64.6568,89.064,88.5938,2830,0,1056,0,12.3,39,step_20,no_load,0.0
13.840668,0.577817,gripper,65.0,64.6568,89.064,88.5938,2830,0,1056,1,12.3,39,step_20,no_load,0.0
13.851311,0.588459,gripper,65.0,64.6568,89.064,88.5938,2830,0,1056,1,12.3,39,step_20,no_load,0.0
13.862285,0.599433,gripper,65.0,64.6568,89.064,88.5938,2830,0,1056,1,12.3,39,step_20,no_load,0.0
13.872875,0.610023,gripper,65.0,64.6568,89.064,88.5938,2830,0,1056,1,12.3,39,step_20,no_load,0.0
13.88351,0.620659,gripper,65.0,64.6568,89.064,88.5938,2830,0,1056,1,12.3,39,step_20,no_load,0.0
13.894143,0.631292,gripper,65.0,64.6568,89.064,88.5938,2830,0,1056,0,12.3,44,step_20,no_load,0.0
13.904946,0.642095,gripper,65.0,64.6568,89.064,88.5938,2830,0,1056,0,12.2,39,step_20,no_load,0.0
13.915354,0.652503,gripper,65.0,64.6568,89.064,88.5938,2830,0,1056,1,12.3,39,step_20,no_load,0.0
13.925969,0.663118,gripper,65.0,64.6568,89.064,88.5938,2830,0,1056,0,12.3,39,step_20,no_load,0.0
13.936566,0.673714,gripper,65.0,64.6568,89.064,88.5938,2830,0,1056,0,12.3,39,step_20,no_load,0.0
13.946947,0.684096,gripper,65.0,64.6568,89.064,88.5938,2830,0,1056,1,12.3,39,step_20,no_load,0.0
13.957539,0.694687,gripper,65.0,64.6568,89.064,88.5938,2830,0,1056,1,12.3,39,step_20,no_load,0.0
13.968459,0.705608,gripper,65.0,64.6568,89.064,88.5938,2830,0,1056,1,12.3,39,step_20,no_load,0.0
13.978949,0.716098,gripper,65.0,64.6568,89.064,88.5938,2830,0,1056,0,12.3,39,step_20,no_load,0.0
13.989077,0.726226,gripper,65.0,64.6568,89.064,88.5938,2830,0,1056,0,12.3,39,step_20,no_load,0.0
13.999327,0.736475,gripper,65.0,64.6568,89.064,88.5938,2830,0,1056,1,12.3,39,step_20,no_load,0.0
14.009479,0.746628,gripper,65.0,64.6568,89.064,88.5938,2830,0,1056,1,12.3,39,step_20,no_load,0.0
14.020014,0.757162,gripper,65.0,64.6568,89.064,88.5938,2830,0,1056,1,12.3,39,step_20,no_load,0.0
14.030905,0.768054,gripper,65.0,64.6568,89.064,88.5938,2830,0,1056,1,12.3,39,step_20,no_load,0.0
14.041102,0.778251,gripper,65.0,64.6568,89.064,88.5938,2830,0,1056,0,12.3,39,step_20,no_load,0.0
14.051326,0.788475,gripper,65.0,64.6568,89.064,88.5938,2830,0,1056,1,12.3,39,step_20,no_load,0.0
14.061681,0.798829,gripper,65.0,64.6568,89.064,88.5938,2830,0,1056,1,12.3,39,step_20,no_load,0.0
14.071971,0.80912,gripper,65.0,64.6568,89.064,88.5938,2830,0,1056,1,12.3,39,step_20,no_load,0.0
14.08257,0.819719,gripper,65.0,64.6568,89.064,88.5938,2830,0,1056,1,12.3,39,step_20,no_load,0.0
14.093224,0.830372,gripper,65.0,64.6568,89.064,88.5938,2830,0,1056,1,12.3,39,step_20,no_load,0.0
14.104038,0.841186,gripper,65.0,64.6568,89.064,88.5938,2830,0,1056,1,12.3,39,step_20,no_load,0.0
14.114697,0.851846,gripper,65.0,64.6568,89.064,88.5938,2830,0,1056,1,12.3,39,step_20,no_load,0.0
14.124913,0.862062,gripper,65.0,64.6568,89.064,88.5938,2830,0,1056,1,12.3,39,step_20,no_load,0.0
14.135346,0.872495,gripper,65.0,64.6568,89.064,88.5938,2830,0,1056,1,12.2,39,step_20,no_load,0.0
14.145819,0.882967,gripper,65.0,64.6568,89.064,88.5938,2830,0,1056,1,12.3,39,step_20,no_load,0.0
14.156151,0.8933,gripper,65.0,64.6568,89.064,88.5938,2830,0,1056,1,12.3,39,step_20,no_load,0.0
14.166623,0.903772,gripper,65.0,64.6568,89.064,88.5938,2830,0,1056,1,12.3,39,step_20,no_load,0.0
14.177148,0.914296,gripper,65.0,64.6568,89.064,88.5938,2830,0,1056,0,12.3,39,step_20,no_load,0.0
14.187962,0.925111,gripper,65.0,64.6568,89.064,88.5938,2830,0,1056,1,12.3,39,step_20,no_load,0.0
14.198719,0.935868,gripper,65.0,64.6568,89.064,88.5938,2830,0,1056,0,12.3,39,step_20,no_load,0.0
14.208842,0.94599,gripper,65.0,64.6568,89.064,88.5938,2830,0,1056,1,12.3,39,step_20,no_load,0.0
14.219328,0.956477,gripper,65.0,64.6568,89.064,88.5938,2830,0,1056,1,12.3,39,step_20,no_load,0.0
14.229539,0.966687,gripper,65.0,64.6568,89.064,88.5938,2830,0,1056,1,12.3,39,step_20,no_load,0.0
14.239885,0.977034,gripper,65.0,64.6568,89.064,88.5938,2830,0,1056,1,12.3,39,step_20,no_load,0.0
14.250977,0.988126,gripper,65.0,64.6568,89.064,88.5938,2830,0,1056,1,12.3,38,step_20,no_load,0.0
14.26128,0.998429,gripper,65.0,64.6568,89.064,88.5938,2830,0,1056,1,12.3,39,step_20,no_load,0.0
14.271438,1.008587,gripper,65.0,64.6568,89.064,88.5938,2830,0,1056,0,12.3,39,step_20,no_load,0.0
14.281626,1.018775,gripper,65.0,64.6568,89.064,88.5938,2830,0,1056,1,12.3,39,step_20,no_load,0.0
14.291742,1.028891,gripper,65.0,64.6568,89.064,88.5938,2830,0,1056,1,12.3,39,step_20,no_load,0.0
14.302042,1.03919,gripper,65.0,64.6568,89.064,88.5938,2830,0,1056,0,12.2,39,step_20,no_load,0.0
14.312477,1.049626,gripper,65.0,64.6568,89.064,88.5938,2830,0,1056,1,12.3,39,step_20,no_load,0.0
14.322687,1.059835,gripper,65.0,64.6568,89.064,88.5938,2830,0,1056,0,12.3,39,step_20,no_load,0.0
14.332874,1.070023,gripper,65.0,64.6568,89.064,88.5938,2830,0,1056,1,12.3,39,step_20,no_load,0.0
14.343136,1.080285,gripper,65.0,64.6568,89.064,88.5938,2830,0,1056,1,12.3,39,step_20,no_load,0.0
14.354086,1.091234,gripper,65.0,64.6568,89.064,88.5938,2830,0,1056,1,12.3,39,step_20,no_load,0.0
14.364677,1.101826,gripper,65.0,64.6568,89.064,88.5938,2830,0,1056,1,12.3,39,step_20,no_load,0.0
14.375776,1.112924,gripper,65.0,64.6568,89.064,88.5938,2830,0,1056,1,12.3,39,step_20,no_load,0.0
14.38618,1.123329,gripper,65.0,64.6568,89.064,88.5938,2830,0,1056,1,12.3,39,step_20,no_load,0.0
14.397193,1.134342,gripper,65.0,64.6568,89.064,88.5938,2830,0,1056,1,12.3,39,step_20,no_load,0.0
14.407557,1.144706,gripper,65.0,64.6568,89.064,88.5938,2830,0,1056,1,12.3,39,step_20,no_load,0.0
14.418668,1.155817,gripper,65.0,64.6568,89.064,88.5938,2830,0,1056,1,12.3,39,step_20,no_load,0.0
14.429664,1.166813,gripper,65.0,64.6568,89.064,88.5938,2830,0,1056,1,12.3,39,step_20,no_load,0.0
14.440828,1.177977,gripper,65.0,64.6568,89.064,88.5938,2830,0,1056,1,12.3,39,step_20,no_load,0.0
14.451643,1.188791,gripper,65.0,64.6568,89.064,88.5938,2830,0,1056,1,12.3,39,step_20,no_load,0.0
14.462784,1.199933,gripper,65.0,64.6568,89.064,88.5938,2830,0,1056,0,12.3,39,step_20,no_load,0.0
14.474357,3e-06,gripper,50.0,64.6568,68.5107,88.5938,2830,0,1052,1,12.3,39,step_20,no_load,0.0
14.484764,0.010411,gripper,50.0,64.6568,68.5107,88.5938,2830,0,1044,0,12.3,39,step_20,no_load,0.0
14.495143,0.020789,gripper,50.0,64.6568,68.5107,88.5938,2830,0,32,0,12.3,39,step_20,no_load,0.0
14.505513,0.03116,gripper,50.0,64.6568,68.5107,88.5938,2830,0,100,4,12.3,39,step_20,no_load,0.0
14.51591,0.041556,gripper,50.0,64.6568,68.5107,88.5938,2830,0,144,6,12.2,39,step_20,no_load,0.0
14.52647,0.052117,gripper,50.0,64.6568,68.5107,88.5938,2830,0,240,13,12.2,39,step_20,no_load,0.0
14.537756,0.063403,gripper,50.0,64.5285,68.5107,88.418,2828,-100,300,16,12.2,39,step_20,no_load,-15.577
14.548127,0.073773,gripper,50.0,64.1437,68.5107,87.8906,2822,-100,368,21,12.2,39,step_20,no_load,-50.853
14.558255,0.083902,gripper,50.0,63.6305,68.5107,87.1875,2814,-700,416,21,12.2,39,step_20,no_load,-69.421
14.568799,0.094445,gripper,50.0,62.925,68.5107,86.2207,2803,-700,464,22,12.2,39,step_20,no_load,-91.692
14.578943,0.104589,gripper,50.0,62.1552,68.5107,85.166,2791,-1100,500,22,12.2,39,step_20,no_load,-103.973
14.589166,0.114812,gripper,50.0,61.2572,68.5107,83.9355,2777,-1100,500,16,12.2,39,step_20,no_load,-120.366
14.599638,0.125284,gripper,50.0,60.1026,68.5107,82.3535,2759,-1450,500,11,12.2,39,step_20,no_load,-151.07
14.610226,0.135873,gripper,50.0,58.948,68.5107,80.7715,2741,-1450,436,1,12.2,39,step_20,no_load,-149.414
14.620718,0.146365,gripper,50.0,57.9217,68.5107,79.3652,2725,-1650,424,2,12.3,39,step_20,no_load,-134.035
14.630865,0.156511,gripper,50.0,56.9596,68.5107,78.0469,2710,-1650,368,0,12.3,39,step_20,no_load,-129.92
14.641227,0.166873,gripper,50.0,55.9974,68.5107,76.7285,2695,-1450,340,0,12.3,39,step_20,no_load,-127.234
14.651811,0.177457,gripper,50.0,55.1636,68.5107,75.5859,2682,-1450,272,0,12.3,38,step_20,no_load,-107.955
14.662424,0.18807,gripper,50.0,54.458,68.5107,74.6191,2671,-1250,224,0,12.4,39,step_20,no_load,-91.096
14.672646,0.198292,gripper,50.0,53.8165,68.5107,73.7402,2661,-1250,164,0,12.3,38,step_20,no_load,-85.981
14.682929,0.208576,gripper,50.0,53.3034,68.5107,73.0371,2653,-950,136,0,12.3,38,step_20,no_load,-68.375
14.693118,0.218765,gripper,50.0,52.9185,68.5107,72.5098,2647,-950,124,0,12.3,39,step_20,no_load,-51.752
14.703682,0.229329,gripper,50.0,52.5978,68.5107,72.0703,2642,-600,128,1,12.3,39,step_20,no_load,-41.604
14.714324,0.23997,gripper,50.0,52.2771,68.5107,71.6309,2637,-600,112,0,12.3,39,step_20,no_load,-41.289
14.725059,0.250705,gripper,50.0,52.0205,68.5107,71.2793,2633,-450,100,1,12.3,39,step_20,no_load,-32.753
14.735696,0.261342,gripper,50.0,51.8281,68.5107,71.0156,2630,-350,88,1,12.3,39,step_20,no_load,-24.791
14.745993,0.271639,gripper,50.0,51.6357,68.5107,70.752,2627,-350,84,1,12.3,39,step_20,no_load,-25.6
14.756525,0.282171,gripper,50.0,51.4432,68.5107,70.4883,2624,-250,76,1,12.3,38,step_20,no_load,-25.038
14.767324,0.29297,gripper,50.0,51.3149,68.5107,70.3125,2622,-250,68,0,12.3,39,step_20,no_load,-16.279
14.777507,0.303154,gripper,50.0,51.1867,68.5107,70.1367,2620,-200,60,1,12.3,38,step_20,no_load,-17.264
14.78799,0.313637,gripper,50.0,51.0584,68.5107,69.9609,2618,-200,60,1,12.3,39,step_20,no_load,-16.77
14.798354,0.324001,gripper,50.0,50.9942,68.5107,69.873,2617,-150,52,1,12.3,38,step_20,no_load,-8.481
14.808842,0.334488,gripper,50.0,50.8659,68.5107,69.6973,2615,-150,56,1,12.3,39,step_20,no_load,-16.752
14.819935,0.345581,gripper,50.0,50.8018,68.5107,69.6094,2614,-150,52,1,12.3,39,step_20,no_load,-7.924
14.830744,0.35639,gripper,50.0,50.6735,68.5107,69.4336,2612,-150,40,1,12.3,39,step_20,no_load,-16.264
14.841066,0.366712,gripper,50.0,50.6094,68.5107,69.3457,2611,-100,36,1,12.2,39,step_20,no_load,-8.516
14.851623,0.377269,gripper,50.0,50.6094,68.5107,69.3457,2611,-100,40,0,12.3,39,step_20,no_load,0.0
14.862574,0.38822,gripper,50.0,50.5452,68.5107,69.2578,2610,-100,36,1,12.3,39,step_20,no_load,-8.027
14.87313,0.398777,gripper,50.0,50.5452,68.5107,69.2578,2610,-100,40,1,12.3,39,step_20,no_load,0.0
14.883853,0.409499,gripper,50.0,50.4811,68.5107,69.1699,2609,0,36,0,12.3,38,step_20,no_load,-8.197
14.895228,0.420874,gripper,50.0,50.4169,68.5107,69.082,2608,-100,32,1,12.3,39,step_20,no_load,-7.727
14.906343,0.43199,gripper,50.0,50.4169,68.5107,69.082,2608,-100,32,1,12.3,39,step_20,no_load,0.0
14.916923,0.442569,gripper,50.0,50.4169,68.5107,69.082,2608,0,32,0,12.3,39,step_20,no_load,0.0
14.92777,0.453416,gripper,50.0,50.3528,68.5107,68.9941,2607,0,28,1,12.3,39,step_20,no_load,-8.104
14.938044,0.463691,gripper,50.0,50.3528,68.5107,68.9941,2607,-50,28,1,12.3,38,step_20,no_load,0.0
14.948209,0.473855,gripper,50.0,50.3528,68.5107,68.9941,2607,-50,32,1,12.2,39,step_20,no_load,0.0
14.959097,0.484743,gripper,50.0,50.3528,68.5107,68.9941,2607,0,32,1,12.3,39,step_20,no_load,0.0
14.969442,0.495088,gripper,50.0,50.3528,68.5107,68.9941,2607,0,32,1,12.3,39,step_20,no_load,0.0
14.979819,0.505466,gripper,50.0,50.3528,68.5107,68.9941,2607,0,32,0,12.3,39,step_20,no_load,0.0
14.990037,0.515683,gripper,50.0,50.3528,68.5107,68.9941,2607,0,32,0,12.3,39,step_20,no_load,0.0
15.000398,0.526044,gripper,50.0,50.3528,68.5107,68.9941,2607,0,32,1,12.3,39,step_20,no_load,0.0
15.011052,0.536698,gripper,50.0,50.3528,68.5107,68.9941,2607,0,32,1,12.3,39,step_20,no_load,0.0
15.022015,0.547661,gripper,50.0,50.3528,68.5107,68.9941,2607,0,32,1,12.3,39,step_20,no_load,0.0
15.032705,0.558352,gripper,50.0,50.3528,68.5107,68.9941,2607,0,32,1,12.3,39,step_20,no_load,0.0
15.043692,0.569339,gripper,50.0,50.3528,68.5107,68.9941,2607,0,32,1,12.3,38,step_20,no_load,0.0
15.053942,0.579589,gripper,50.0,50.3528,68.5107,68.9941,2607,0,32,1,12.3,39,step_20,no_load,0.0
15.064875,0.590521,gripper,50.0,50.3528,68.5107,68.9941,2607,0,32,0,12.3,39,step_20,no_load,0.0
15.076136,0.601783,gripper,50.0,50.3528,68.5107,68.9941,2607,0,32,1,12.3,39,step_20,no_load,0.0
15.086796,0.612442,gripper,50.0,50.3528,68.5107,68.9941,2607,0,32,1,12.3,38,step_20,no_load,0.0
15.097215,0.622862,gripper,50.0,50.3528,68.5107,68.9941,2607,0,32,1,12.3,39,step_20,no_load,0.0
15.10755,0.633196,gripper,50.0,50.3528,68.5107,68.9941,2607,0,32,1,12.3,38,step_20,no_load,0.0
15.117987,0.643633,gripper,50.0,50.3528,68.5107,68.9941,2607,0,32,1,12.3,39,step_20,no_load,0.0
15.128503,0.65415,gripper,50.0,50.3528,68.5107,68.9941,2607,0,32,1,12.3,39,step_20,no_load,0.0
15.139489,0.665135,gripper,50.0,50.2886,68.5107,68.9062,2606,0,28,1,12.3,39,step_20,no_load,-8.001
15.149855,0.675501,gripper,50.0,50.2886,68.5107,68.9062,2606,0,24,0,12.3,39,step_20,no_load,0.0
15.160574,0.686221,gripper,50.0,50.2886,68.5107,68.9062,2606,-50,24,0,12.3,39,step_20,no_load,0.0
15.171317,0.696963,gripper,50.0,50.2886,68.5107,68.9062,2606,-50,28,0,12.3,38,step_20,no_load,0.0
15.18177,0.707416,gripper,50.0,50.2886,68.5107,68.9062,2606,0,28,0,12.3,39,step_20,no_load,0.0
15.192097,0.717743,gripper,50.0,50.2886,68.5107,68.9062,2606,0,28,0,12.3,39,step_20,no_load,0.0
15.202367,0.728013,gripper,50.0,50.2886,68.5107,68.9062,2606,0,28,0,12.3,39,step_20,no_load,0.0
15.212527,0.738173,gripper,50.0,50.2886,68.5107,68.9062,2606,0,28,1,12.3,39,step_20,no_load,0.0
15.222718,0.748364,gripper,50.0,50.2886,68.5107,68.9062,2606,0,28,1,12.2,39,step_20,no_load,0.0
15.233246,0.758892,gripper,50.0,50.2886,68.5107,68.9062,2606,0,28,0,12.3,39,step_20,no_load,0.0
15.243378,0.769024,gripper,50.0,50.2886,68.5107,68.9062,2606,0,28,1,12.3,39,step_20,no_load,0.0
15.253885,0.779531,gripper,50.0,50.2886,68.5107,68.9062,2606,0,28,1,12.3,39,step_20,no_load,0.0
15.265046,0.790693,gripper,50.0,50.2886,68.5107,68.9062,2606,0,28,0,12.3,39,step_20,no_load,0.0
15.275377,0.801023,gripper,50.0,50.2886,68.5107,68.9062,2606,0,28,0,12.3,39,step_20,no_load,0.0
15.286462,0.812108,gripper,50.0,50.2886,68.5107,68.9062,2606,0,28,1,12.2,39,step_20,no_load,0.0
15.296856,0.822502,gripper,50.0,50.2886,68.5107,68.9062,2606,0,28,0,12.3,39,step_20,no_load,0.0
15.306997,0.832643,gripper,50.0,50.2886,68.5107,68.9062,2606,0,28,1,12.3,39,step_20,no_load,0.0
15.317917,0.843564,gripper,50.0,50.2886,68.5107,68.9062,2606,0,28,1,12.3,39,step_20,no_load,0.0
15.328632,0.854278,gripper,50.0,50.2886,68.5107,68.9062,2606,0,28,1,12.3,38,step_20,no_load,0.0
15.339174,0.86482,gripper,50.0,50.2886,68.5107,68.9062,2606,0,28,0,12.3,39,step_20,no_load,0.0
15.349509,0.875155,gripper,50.0,50.2886,68.5107,68.9062,2606,0,28,1,12.3,39,step_20,no_load,0.0
15.360113,0.885759,gripper,50.0,50.2886,68.5107,68.9062,2606,0,28,0,12.3,39,step_20,no_load,0.0
15.370402,0.896048,gripper,50.0,50.2886,68.5107,68.9062,2606,0,28,1,12.3,39,step_20,no_load,0.0
15.380685,0.906332,gripper,50.0,50.2886,68.5107,68.9062,2606,0,28,0,12.3,39,step_20,no_load,0.0
15.390822,0.916468,gripper,50.0,50.2886,68.5107,68.9062,2606,0,28,1,12.3,39,step_20,no_load,0.0
15.40107,0.926716,gripper,50.0,50.2886,68.5107,68.9062,2606,0,28,1,12.3,39,step_20,no_load,0.0
15.411336,0.936982,gripper,50.0,50.2886,68.5107,68.9062,2606,0,28,0,12.3,39,step_20,no_load,0.0
15.4216,0.947246,gripper,50.0,50.2886,68.5107,68.9062,2606,0,28,1,12.3,39,step_20,no_load,0.0
15.431966,0.957612,gripper,50.0,50.2886,68.5107,68.9062,2606,0,28,0,12.3,38,step_20,no_load,0.0
15.442309,0.967955,gripper,50.0,50.2886,68.5107,68.9062,2606,0,28,1,12.3,38,step_20,no_load,0.0
15.452632,0.978279,gripper,50.0,50.2886,68.5107,68.9062,2606,0,28,1,12.3,39,step_20,no_load,0.0
15.462909,0.988555,gripper,50.0,50.2886,68.5107,68.9062,2606,0,28,0,12.3,38,step_20,no_load,0.0
15.473317,0.998963,gripper,50.0,50.2886,68.5107,68.9062,2606,0,28,1,12.3,39,step_20,no_load,0.0
15.484311,1.009957,gripper,50.0,50.2886,68.5107,68.9062,2606,0,28,1,12.3,39,step_20,no_load,0.0
15.495233,1.020879,gripper,50.0,50.2886,68.5107,68.9062,2606,0,28,1,12.3,39,step_20,no_load,0.0
15.505931,1.031577,gripper,50.0,50.2886,68.5107,68.9062,2606,0,28,1,12.3,39,step_20,no_load,0.0
15.516647,1.042293,gripper,50.0,50.2886,68.5107,68.9062,2606,0,28,1,12.3,39,step_20,no_load,0.0
15.527266,1.052913,gripper,50.0,50.2886,68.5107,68.9062,2606,0,28,0,12.3,38,step_20,no_load,0.0
15.537703,1.063349,gripper,50.0,50.2886,68.5107,68.9062,2606,0,28,1,12.3,39,step_20,no_load,0.0
15.547957,1.073603,gripper,50.0,50.2886,68.5107,68.9062,2606,0,28,1,12.3,39,step_20,no_load,0.0
15.558363,1.084009,gripper,50.0,50.2886,68.5107,68.9062,2606,0,28,1,12.3,38,step_20,no_load,0.0
15.568684,1.09433,gripper,50.0,50.2886,68.5107,68.9062,2606,0,28,0,12.3,39,step_20,no_load,0.0
15.579586,1.105232,gripper,50.0,50.2886,68.5107,68.9062,2606,0,28,1,12.3,39,step_20,no_load,0.0
15.589722,1.115368,gripper,50.0,50.2886,68.5107,68.9062,2606,0,28,0,12.3,39,step_20,no_load,0.0
15.600176,1.125823,gripper,50.0,50.2886,68.5107,68.9062,2606,0,28,1,12.3,39,step_20,no_load,0.0
15.610807,1.136453,gripper,50.0,50.2886,68.5107,68.9062,2606,0,28,1,12.3,39,step_20,no_load,0.0
15.62157,1.147216,gripper,50.0,50.2886,68.5107,68.9062,2606,0,28,1,12.3,39,step_20,no_load,0.0
15.632135,1.157782,gripper,50.0,50.2886,68.5107,68.9062,2606,0,28,1,12.3,38,step_20,no_load,0.0
15.642837,1.168483,gripper,50.0,50.2886,68.5107,68.9062,2606,0,28,0,12.3,39,step_20,no_load,0.0
15.653508,1.179154,gripper,50.0,50.2886,68.5107,68.9062,2606,0,28,0,12.3,39,step_20,no_load,0.0
15.663772,1.189418,gripper,50.0,50.2886,68.5107,68.9062,2606,0,28,1,12.3,39,step_20,no_load,0.0
15.675467,3e-06,gripper,65.0,50.2886,89.064,68.9062,2606,0,28,1,12.3,39,step_20,no_load,0.0
15.686131,0.010667,gripper,65.0,50.2886,89.064,68.9062,2606,0,24,0,12.3,39,step_20,no_load,0.0
15.696771,0.021308,gripper,65.0,50.2886,89.064,68.9062,2606,0,1044,1,12.3,39,step_20,no_load,0.0
15.706945,0.031481,gripper,65.0,50.2886,89.064,68.9062,2606,0,1096,2,12.3,39,step_20,no_load,0.0
15.717554,0.042091,gripper,65.0,50.2886,89.064,68.9062,2606,0,1192,9,12.3,38,step_20,no_load,0.0
15.72833,0.052867,gripper,65.0,50.2886,89.064,68.9062,2606,0,1248,10,12.2,39,step_20,no_load,0.0
15.738577,0.063113,gripper,65.0,50.3528,89.064,68.9941,2607,0,1332,19,12.2,39,step_20,no_load,8.578
15.749136,0.073672,gripper,65.0,50.7377,89.064,69.5215,2613,400,1380,19,12.2,39,step_20,no_load,49.948
15.759346,0.083883,gripper,65.0,51.3149,89.064,70.3125,2622,400,1416,17,12.2,39,step_20,no_load,77.473
15.769461,0.093997,gripper,65.0,51.9564,89.064,71.1914,2632,950,1468,18,12.2,39,step_20,no_load,86.891
15.780064,0.104601,gripper,65.0,52.8544,89.064,72.4219,2646,950,1520,22,12.2,39,step_20,no_load,116.052
15.790225,0.114762,gripper,65.0,53.7524,89.064,73.6523,2660,1350,1524,17,12.3,39,step_20,no_load,121.09
15.800648,0.125185,gripper,65.0,54.8428,89.064,75.1465,2677,1350,1496,7,12.2,39,step_20,no_load,143.356
15.810842,0.135379,gripper,65.0,55.805,89.064,76.4648,2692,1550,1496,6,12.3,39,step_20,no_load,129.321
15.821844,0.146381,gripper,65.0,56.8954,89.064,77.959,2709,1550,1424,0,12.3,39,step_20,no_load,135.812
15.832507,0.157043,gripper,65.0,57.9859,89.064,79.4531,2726,1500,1400,0,12.3,39,step_20,no_load,140.12
15.843161,0.167697,gripper,65.0,58.948,89.064,80.7715,2741,1500,1340,0,12.3,38,step_20,no_load,123.747
15.853618,0.178154,gripper,65.0,59.8461,89.064,82.002,2755,1400,1300,0,12.3,39,step_20,no_load,117.672
15.864009,0.188546,gripper,65.0,60.6158,89.064,83.0566,2767,1400,1240,0,12.4,39,step_20,no_load,101.492
15.874736,0.199272,gripper,65.0,61.1931,89.064,83.8477,2776,1100,1200,0,12.4,39,step_20,no_load,73.748
15.885026,0.209563,gripper,65.0,61.7062,89.064,84.5508,2784,1100,1156,0,12.3,39,step_20,no_load,68.328
15.895971,0.220507,gripper,65.0,62.1552,89.064,85.166,2791,800,1136,1,12.3,39,step_20,no_load,56.208
15.90645,0.230986,gripper,65.0,62.4118,89.064,85.5176,2795,800,1140,1,12.3,39,step_20,no_load,33.553
15.916684,0.241221,gripper,65.0,62.7325,89.064,85.957,2800,500,1144,2,12.3,43,step_20,no_load,42.935
15.927016,0.251552,gripper,65.0,62.9891,89.064,86.3086,2804,500,1124,1,12.3,39,step_20,no_load,34.03
15.937373,0.261909,gripper,65.0,63.1815,89.064,86.5723,2807,400,1120,1,12.3,39,step_20,no_load,25.461
15.947612,0.272148,gripper,65.0,63.374,89.064,86.8359,2810,400,1108,1,12.3,39,step_20,no_load,25.745
15.95802,0.282556,gripper,65.0,63.5664,89.064,87.0996,2813,250,1100,1,12.3,38,step_20,no_load,25.336
15.968252,0.292789,gripper,65.0,63.6947,89.064,87.2754,2815,250,1092,1,12.3,39,step_20,no_load,17.181
15.978835,0.303371,gripper,65.0,63.823,89.064,87.4512,2817,250,1092,1,12.3,38,step_20,no_load,16.612
15.989104,0.31364,gripper,65.0,63.9513,89.064,87.627,2819,200,1084,1,12.3,39,step_20,no_load,17.119
15.999353,0.323889,gripper,65.0,64.0795,89.064,87.8027,2821,200,1080,1,12.3,39,step_20,no_load,17.143
16.009627,0.334163,gripper,65.0,64.1437,89.064,87.8906,2822,150,1076,1,12.3,39,step_20,no_load,8.556
16.020111,0.344647,gripper,65.0,64.2078,89.064,87.9785,2823,150,1072,1,12.3,39,step_20,no_load,8.384
16.030582,0.355118,gripper,65.0,64.272,89.064,88.0664,2824,100,1064,1,12.3,39,step_20,no_load,8.395
16.041473,0.36601,gripper,65.0,64.3361,89.064,88.1543,2825,100,1068,0,12.3,39,step_20,no_load,8.071
16.05211,0.376646,gripper,65.0,64.4003,89.064,88.2422,2826,100,1060,1,12.2,38,step_20,no_load,8.264
16.062772,0.387308,gripper,65.0,64.4644,89.064,88.3301,2827,100,1060,0,12.3,39,step_20,no_load,8.244
16.073519,0.398055,gripper,65.0,64.5285,89.064,88.418,2828,50,1056,0,12.3,45,step_20,no_load,8.179
16.084185,0.408722,gripper,65.0,64.5285,89.064,88.418,2828,50,1060,1,12.3,39,step_20,no_load,0.0
16.094896,0.419432,gripper,65.0,64.5285,89.064,88.418,2828,50,1064,1,12.3,39,step_20,no_load,0.0
16.10534,0.429876,gripper,65.0,64.5927,89.064,88.5059,2829,50,1060,1,12.3,39,step_20,no_load,8.416
16.116121,0.440658,gripper,65.0,64.5927,89.064,88.5059,2829,50,1056,1,12.3,39,step_20,no_load,0.0
16.1271,0.451637,gripper,65.0,64.5927,89.064,88.5059,2829,0,1052,1,12.3,39,step_20,no_load,0.0
16.137391,0.461927,gripper,65.0,64.6568,89.064,88.5938,2830,0,1052,1,12.3,39,step_20,no_load,8.541
16.148243,0.472779,gripper,65.0,64.6568,89.064,88.5938,2830,50,1052,0,12.3,39,step_20,no_load,0.0
16.158472,0.483009,gripper,65.0,64.6568,89.064,88.5938,2830,50,1056,1,12.3,39,step_20,no_load,0.0
16.169549,0.494086,gripper,65.0,64.6568,89.064,88.5938,2830,0,1056,1,12.3,39,step_20,no_load,0.0
16.179732,0.504268,gripper,65.0,64.6568,89.064,88.5938,2830,0,1056,1,12.3,39,step_20,no_load,0.0
16.190309,0.514845,gripper,65.0,64.6568,89.064,88.5938,2830,0,1056,0,12.3,39,step_20,no_load,0.0
16.201366,0.525903,gripper,65.0,64.6568,89.064,88.5938,2830,0,1056,1,12.3,39,step_20,no_load,0.0
16.211615,0.536152,gripper,65.0,64.6568,89.064,88.5938,2830,0,1056,0,12.3,39,step_20,no_load,0.0
16.222055,0.546591,gripper,65.0,64.6568,89.064,88.5938,2830,0,1056,1,12.3,39,step_20,no_load,0.0
16.232358,0.556894,gripper,65.0,64.6568,89.064,88.5938,2830,0,1056,1,12.3,39,step_20,no_load,0.0
16.243212,0.567748,gripper,65.0,64.6568,89.064,88.5938,2830,0,1056,0,12.3,39,step_20,no_load,0.0
16.253837,0.578373,gripper,65.0,64.6568,89.064,88.5938,2830,0,1056,1,12.3,39,step_20,no_load,0.0
16.264036,0.588572,gripper,65.0,64.6568,89.064,88.5938,2830,0,1056,1,12.3,39,step_20,no_load,0.0
16.275054,0.59959,gripper,65.0,64.6568,89.064,88.5938,2830,0,1056,0,12.3,39,step_20,no_load,0.0
16.285348,0.609884,gripper,65.0,64.6568,89.064,88.5938,2830,0,1056,1,12.3,39,step_20,no_load,0.0
16.295582,0.620118,gripper,65.0,64.6568,89.064,88.5938,2830,0,1056,0,12.3,39,step_20,no_load,0.0
16.306232,0.630769,gripper,65.0,64.6568,89.064,88.5938,2830,0,1056,1,12.3,39,step_20,no_load,0.0
16.317213,0.641749,gripper,65.0,64.6568,89.064,88.5938,2830,0,1056,1,12.3,39,step_20,no_load,0.0
16.327794,0.652331,gripper,65.0,64.6568,89.064,88.5938,2830,0,1056,0,12.2,39,step_20,no_load,0.0
16.338151,0.662688,gripper,65.0,64.6568,89.064,88.5938,2830,0,1056,0,12.3,39,step_20,no_load,0.0
16.348596,0.673132,gripper,65.0,64.6568,89.064,88.5938,2830,0,1056,0,12.2,39,step_20,no_load,0.0
16.358947,0.683483,gripper,65.0,64.6568,89.064,88.5938,2830,0,1056,1,12.3,39,step_20,no_load,0.0
16.369348,0.693885,gripper,65.0,64.6568,89.064,88.5938,2830,0,1056,1,12.3,39,step_20,no_load,0.0
16.379859,0.704396,gripper,65.0,64.6568,89.064,88.5938,2830,0,1056,0,12.3,39,step_20,no_load,0.0
16.390837,0.715373,gripper,65.0,64.6568,89.064,88.5938,2830,0,1056,1,12.3,39,step_20,no_load,0.0
16.401079,0.725615,gripper,65.0,64.6568,89.064,88.5938,2830,0,1056,0,12.3,39,step_20,no_load,0.0
16.411692,0.736229,gripper,65.0,64.6568,89.064,88.5938,2830,0,1056,1,12.3,39,step_20,no_load,0.0
16.421963,0.746499,gripper,65.0,64.6568,89.064,88.5938,2830,0,1056,1,12.3,39,step_20,no_load,0.0
16.432284,0.75682,gripper,65.0,64.6568,89.064,88.5938,2830,0,1056,1,12.3,39,step_20,no_load,0.0
16.442464,0.767001,gripper,65.0,64.6568,89.064,88.5938,2830,0,1056,1,12.3,38,step_20,no_load,0.0
16.453102,0.777638,gripper,65.0,64.6568,89.064,88.5938,2830,0,1056,1,12.3,39,step_20,no_load,0.0
16.464403,0.788939,gripper,65.0,64.6568,89.064,88.5938,2830,0,1056,0,12.3,39,step_20,no_load,0.0
16.474988,0.799524,gripper,65.0,64.6568,89.064,88.5938,2830,0,1056,1,12.3,39,step_20,no_load,0.0
16.485216,0.809753,gripper,65.0,64.6568,89.064,88.5938,2830,0,1056,1,12.3,39,step_20,no_load,0.0
16.496307,0.820844,gripper,65.0,64.6568,89.064,88.5938,2830,0,1056,0,12.3,39,step_20,no_load,0.0
16.506763,0.8313,gripper,65.0,64.6568,89.064,88.5938,2830,0,1056,0,12.3,39,step_20,no_load,0.0
16.517477,0.842013,gripper,65.0,64.6568,89.064,88.5938,2830,0,1056,1,12.3,39,step_20,no_load,0.0
16.527939,0.852476,gripper,65.0,64.6568,89.064,88.5938,2830,0,1056,0,12.3,39,step_20,no_load,0.0
16.538396,0.862932,gripper,65.0,64.6568,89.064,88.5938,2830,0,1056,1,12.3,39,step_20,no_load,0.0
16.548688,0.873224,gripper,65.0,64.6568,89.064,88.5938,2830,0,1056,1,12.3,39,step_20,no_load,0.0
16.55885,0.883387,gripper,65.0,64.6568,89.064,88.5938,2830,0,1056,1,12.3,39,step_20,no_load,0.0
16.569077,0.893614,gripper,65.0,64.6568,89.064,88.5938,2830,0,1056,1,12.3,39,step_20,no_load,0.0
16.579617,0.904153,gripper,65.0,64.6568,89.064,88.5938,2830,0,1056,1,12.3,39,step_20,no_load,0.0
16.589846,0.914383,gripper,65.0,64.6568,89.064,88.5938,2830,0,1056,1,12.3,39,step_20,no_load,0.0
16.600416,0.924953,gripper,65.0,64.6568,89.064,88.5938,2830,0,1056,0,12.3,39,step_20,no_load,0.0
16.610558,0.935095,gripper,65.0,64.6568,89.064,88.5938,2830,0,1056,1,12.3,39,step_20,no_load,0.0
16.621127,0.945664,gripper,65.0,64.6568,89.064,88.5938,2830,0,1056,1,12.3,39,step_20,no_load,0.0
16.631711,0.956247,gripper,65.0,64.6568,89.064,88.5938,2830,0,1056,0,12.3,39,step_20,no_load,0.0
16.642328,0.966864,gripper,65.0,64.6568,89.064,88.5938,2830,0,1056,0,12.3,39,step_20,no_load,0.0
16.652997,0.977534,gripper,65.0,64.6568,89.064,88.5938,2830,0,1056,1,12.3,39,step_20,no_load,0.0
16.66363,0.988167,gripper,65.0,64.6568,89.064,88.5938,2830,0,1056,1,12.3,39,step_20,no_load,0.0
16.674122,0.998659,gripper,65.0,64.6568,89.064,88.5938,2830,0,1056,1,12.3,39,step_20,no_load,0.0
16.684803,1.009339,gripper,65.0,64.6568,89.064,88.5938,2830,0,1056,0,12.3,39,step_20,no_load,0.0
16.694985,1.019522,gripper,65.0,64.6568,89.064,88.5938,2830,0,1056,0,12.3,38,step_20,no_load,0.0
16.70592,1.030457,gripper,65.0,64.6568,89.064,88.5938,2830,0,1056,1,12.3,39,step_20,no_load,0.0
16.716522,1.041058,gripper,65.0,64.6568,89.064,88.5938,2830,0,1056,1,12.3,39,step_20,no_load,0.0
16.726936,1.051472,gripper,65.0,64.6568,89.064,88.5938,2830,0,1056,1,12.3,39,step_20,no_load,0.0
16.737101,1.061637,gripper,65.0,64.6568,89.064,88.5938,2830,0,1056,1,12.3,39,step_20,no_load,0.0
16.747602,1.072139,gripper,65.0,64.6568,89.064,88.5938,2830,0,1056,1,12.3,44,step_20,no_load,0.0
16.757817,1.082353,gripper,65.0,64.6568,89.064,88.5938,2830,0,1056,1,12.3,39,step_20,no_load,0.0
16.768053,1.09259,gripper,65.0,64.6568,89.064,88.5938,2830,0,1056,1,12.3,39,step_20,no_load,0.0
16.778814,1.103351,gripper,65.0,64.6568,89.064,88.5938,2830,0,1056,0,12.3,39,step_20,no_load,0.0
16.788952,1.113489,gripper,65.0,64.6568,89.064,88.5938,2830,0,1056,1,12.3,39,step_20,no_load,0.0
16.799591,1.124127,gripper,65.0,64.6568,89.064,88.5938,2830,0,1056,1,12.3,39,step_20,no_load,0.0
16.809727,1.134264,gripper,65.0,64.6568,89.064,88.5938,2830,0,1056,1,12.3,39,step_20,no_load,0.0
16.819974,1.14451,gripper,65.0,64.6568,89.064,88.5938,2830,0,1056,1,12.2,39,step_20,no_load,0.0
16.830603,1.155139,gripper,65.0,64.6568,89.064,88.5938,2830,0,1056,1,12.3,39,step_20,no_load,0.0
16.841376,1.165912,gripper,65.0,64.6568,89.064,88.5938,2830,0,1056,1,12.3,39,step_20,no_load,0.0
16.852468,1.177005,gripper,65.0,64.6568,89.064,88.5938,2830,0,1056,1,12.3,39,step_20,no_load,0.0
16.86268,1.187217,gripper,65.0,64.6568,89.064,88.5938,2830,0,1056,1,12.3,39,step_20,no_load,0.0
16.873243,1.197779,gripper,65.0,64.6568,89.064,88.5938,2830,0,1056,1,12.3,39,step_20,no_load,0.0
16.884768,5e-06,gripper,50.0,64.6568,68.5107,88.5938,2830,0,1056,0,12.3,39,step_20,no_load,0.0
16.895217,0.010454,gripper,50.0,64.6568,68.5107,88.5938,2830,0,1044,0,12.3,39,step_20,no_load,0.0
16.905365,0.020602,gripper,50.0,64.6568,68.5107,88.5938,2830,0,24,0,12.3,39,step_20,no_load,0.0
16.916021,0.031258,gripper,50.0,64.6568,68.5107,88.5938,2830,0,80,2,12.3,39,step_20,no_load,0.0
16.927414,0.042651,gripper,50.0,64.6568,68.5107,88.5938,2830,0,124,5,12.3,39,step_20,no_load,0.0
16.937658,0.052894,gripper,50.0,64.6568,68.5107,88.5938,2830,0,220,11,12.3,39,step_20,no_load,0.0
16.947937,0.063173,gripper,50.0,64.5927,68.5107,88.5059,2829,0,280,18,12.2,39,step_20,no_load,-8.551
16.95878,0.074017,gripper,50.0,64.2078,68.5107,87.9785,2823,0,356,20,12.2,39,step_20,no_load,-48.64
16.96927,0.084506,gripper,50.0,63.6305,68.5107,87.1875,2814,-500,408,22,12.3,39,step_20,no_load,-75.405
16.979988,0.095225,gripper,50.0,62.8608,68.5107,86.1328,2802,-500,460,23,12.2,38,step_20,no_load,-98.405
16.990262,0.105499,gripper,50.0,62.0911,68.5107,85.0781,2790,-1000,496,18,12.2,39,step_20,no_load,-102.657
17.001158,0.116394,gripper,50.0,61.1289,68.5107,83.7598,2775,-1300,500,16,12.3,39,step_20,no_load,-120.989
17.011636,0.126873,gripper,50.0,60.0385,68.5107,82.2656,2758,-1300,468,6,12.2,39,step_20,no_load,-142.604
17.022272,0.137509,gripper,50.0,59.0122,68.5107,80.8594,2742,-1600,460,6,12.3,39,step_20,no_load,-132.211
17.032656,0.147893,gripper,50.0,57.8576,68.5107,79.2773,2724,-1600,400,0,12.3,38,step_20,no_load,-152.359
17.043188,0.158425,gripper,50.0,56.8954,68.5107,77.959,2709,-1550,376,0,12.3,39,step_20,no_load,-125.171
17.053846,0.169083,gripper,50.0,55.9974,68.5107,76.7285,2695,-1550,312,0,12.3,39,step_20,no_load,-115.453
17.064096,0.179333,gripper,50.0,55.1636,68.5107,75.5859,2682,-1350,276,0,12.3,39,step_20,no_load,-111.473
17.074464,0.189701,gripper,50.0,54.3938,68.5107,74.5312,2670,-1350,208,0,12.4,39,step_20,no_load,-101.726
17.085074,0.200311,gripper,50.0,53.8165,68.5107,73.7402,2661,-1000,168,0,12.3,39,step_20,no_load,-74.552
17.095593,0.210829,gripper,50.0,53.3034,68.5107,73.0371,2653,-1000,140,0,12.3,39,step_20,no_load,-66.841
17.106344,0.221581,gripper,50.0,52.8544,68.5107,72.4219,2646,-750,112,0,12.3,39,step_20,no_load,-57.223
17.116862,0.232099,gripper,50.0,52.5337,68.5107,71.9824,2641,-750,116,0,12.3,38,step_20,no_load,-41.786
17.127514,0.24275,gripper,50.0,52.2771,68.5107,71.6309,2637,-500,100,1,12.3,38,step_20,no_load,-32.998
17.137885,0.253121,gripper,50.0,52.0205,68.5107,71.2793,2633,-500,96,1,12.3,38,step_20,no_load,-33.902
17.14831,0.263547,gripper,50.0,51.8281,68.5107,71.0156,2630,-350,84,1,12.3,39,step_20,no_load,-25.295
17.158674,0.273911,gripper,50.0,51.5715,68.5107,70.6641,2626,-350,84,1,12.3,39,step_20,no_load,-33.915
17.16897,0.284207,gripper,50.0,51.4432,68.5107,70.4883,2624,-300,80,1,12.3,39,step_20,no_load,-17.075
17.179403,0.29464,gripper,50.0,51.3149,68.5107,70.3125,2622,-300,68,1,12.3,39,step_20,no_load,-16.85
17.190017,0.305254,gripper,50.0,51.1867,68.5107,70.1367,2620,-250,64,1,12.3,39,step_20,no_load,-16.563
17.200287,0.315524,gripper,50.0,51.0584,68.5107,69.9609,2618,-200,56,1,12.3,39,step_20,no_load,-17.118
17.210715,0.325952,gripper,50.0,50.9301,68.5107,69.7852,2616,-200,52,1,12.3,39,step_20,no_load,-16.849
17.220874,0.336111,gripper,50.0,50.8659,68.5107,69.6973,2615,-100,48,1,12.3,39,step_20,no_load,-8.652
17.231921,0.347158,gripper,50.0,50.8018,68.5107,69.6094,2614,-100,52,0,12.3,39,step_20,no_load,-7.957
17.242235,0.357472,gripper,50.0,50.6735,68.5107,69.4336,2612,-100,44,1,12.3,39,step_20,no_load,-17.045
17.252985,0.368222,gripper,50.0,50.6735,68.5107,69.4336,2612,-100,40,1,12.3,38,step_20,no_load,0.0
17.263193,0.378429,gripper,50.0,50.6094,68.5107,69.3457,2611,-100,40,1,12.3,39,step_20,no_load,-8.611
17.273474,0.388711,gripper,50.0,50.5452,68.5107,69.2578,2610,-100,36,1,12.3,39,step_20,no_load,-8.55
17.283975,0.399212,gripper,50.0,50.5452,68.5107,69.2578,2610,-50,36,0,12.3,39,step_20,no_load,0.0
17.294189,0.409426,gripper,50.0,50.4811,68.5107,69.1699,2609,-50,40,0,12.3,39,step_20,no_load,-8.606
17.304842,0.420079,gripper,50.0,50.4169,68.5107,69.082,2608,-100,36,0,12.3,39,step_20,no_load,-8.251
17.315287,0.430523,gripper,50.0,50.4169,68.5107,69.082,2608,-100,28,1,12.3,39,step_20,no_load,0.0
17.32596,0.441197,gripper,50.0,50.4169,68.5107,69.082,2608,0,28,0,12.3,39,step_20,no_load,0.0
17.336374,0.451611,gripper,50.0,50.3528,68.5107,68.9941,2607,0,28,0,12.3,39,step_20,no_load,-8.441
17.346873,0.46211,gripper,50.0,50.3528,68.5107,68.9941,2607,-50,28,1,12.3,39,step_20,no_load,0.0
17.357705,0.472942,gripper,50.0,50.3528,68.5107,68.9941,2607,-50,32,1,12.3,39,step_20,no_load,0.0
17.3682,0.483437,gripper,50.0,50.3528,68.5107,68.9941,2607,0,32,1,12.3,39,step_20,no_load,0.0
17.378803,0.49404,gripper,50.0,50.3528,68.5107,68.9941,2607,0,32,1,12.3,39,step_20,no_load,0.0
17.388979,0.504216,gripper,50.0,50.3528,68.5107,68.9941,2607,0,32,1,12.3,38,step_20,no_load,0.0
17.399772,0.515009,gripper,50.0,50.3528,68.5107,68.9941,2607,0,32,1,12.2,39,step_20,no_load,0.0
17.410575,0.525812,gripper,50.0,50.3528,68.5107,68.9941,2607,0,32,0,12.3,39,step_20,no_load,0.0
17.420948,0.536185,gripper,50.0,50.3528,68.5107,68.9941,2607,0,32,0,12.3,39,step_20,no_load,0.0
17.431338,0.546574,gripper,50.0,50.3528,68.5107,68.9941,2607,0,32,1,12.3,39,step_20,no_load,0.0
17.441415,0.556651,gripper,50.0,50.3528,68.5107,68.9941,2607,0,32,1,12.3,38,step_20,no_load,0.0
17.451954,0.567191,gripper,50.0,50.3528,68.5107,68.9941,2607,0,32,1,12.3,39,step_20,no_load,0.0
17.462651,0.577887,gripper,50.0,50.3528,68.5107,68.9941,2607,0,32,1,12.3,39,step_20,no_load,0.0
17.472927,0.588163,gripper,50.0,50.3528,68.5107,68.9941,2607,0,32,1,12.2,39,step_20,no_load,0.0
17.483491,0.598728,gripper,50.0,50.3528,68.5107,68.9941,2607,0,32,0,12.3,39,step_20,no_load,0.0
17.494058,0.609295,gripper,50.0,50.3528,68.5107,68.9941,2607,0,32,0,12.3,39,step_20,no_load,0.0
17.505019,0.620256,gripper,50.0,50.3528,68.5107,68.9941,2607,0,32,1,12.3,39,step_20,no_load,0.0
17.515646,0.630883,gripper,50.0,50.3528,68.5107,68.9941,2607,0,32,1,12.3,39,step_20,no_load,0.0
17.526304,0.641541,gripper,50.0,50.3528,68.5107,68.9941,2607,0,32,1,12.3,39,step_20,no_load,0.0
17.536578,0.651814,gripper,50.0,50.3528,68.5107,68.9941,2607,0,32,1,12.3,39,step_20,no_load,0.0
17.546903,0.66214,gripper,50.0,50.3528,68.5107,68.9941,2607,0,32,1,12.3,39,step_20,no_load,0.0
17.55761,0.672847,gripper,50.0,50.3528,68.5107,68.9941,2607,0,32,1,12.3,39,step_20,no_load,0.0
17.567772,0.683009,gripper,50.0,50.3528,68.5107,68.9941,2607,0,32,1,12.3,39,step_20,no_load,0.0
17.577963,0.6932,gripper,50.0,50.3528,68.5107,68.9941,2607,0,32,1,12.3,39,step_20,no_load,0.0
17.588369,0.703606,gripper,50.0,50.3528,68.5107,68.9941,2607,0,32,0,12.3,39,step_20,no_load,0.0
17.598774,0.714011,gripper,50.0,50.3528,68.5107,68.9941,2607,0,32,0,12.3,39,step_20,no_load,0.0
17.608882,0.724118,gripper,50.0,50.3528,68.5107,68.9941,2607,0,32,1,12.3,39,step_20,no_load,0.0
17.619189,0.734425,gripper,50.0,50.3528,68.5107,68.9941,2607,0,32,0,12.3,39,step_20,no_load,0.0
17.629883,0.74512,gripper,50.0,50.3528,68.5107,68.9941,2607,0,32,1,12.3,39,step_20,no_load,0.0
17.640024,0.755261,gripper,50.0,50.3528,68.5107,68.9941,2607,0,32,0,12.3,39,step_20,no_load,0.0
17.650411,0.765648,gripper,50.0,50.3528,68.5107,68.9941,2607,0,32,0,12.3,39,step_20,no_load,0.0
17.66081,0.776047,gripper,50.0,50.3528,68.5107,68.9941,2607,0,32,1,12.3,39,step_20,no_load,0.0
17.671275,0.786511,gripper,50.0,50.3528,68.5107,68.9941,2607,0,32,0,12.3,39,step_20,no_load,0.0
17.681613,0.79685,gripper,50.0,50.3528,68.5107,68.9941,2607,0,32,1,12.3,39,step_20,no_load,0.0
17.691794,0.80703,gripper,50.0,50.3528,68.5107,68.9941,2607,0,32,1,12.3,39,step_20,no_load,0.0
17.702103,0.81734,gripper,50.0,50.3528,68.5107,68.9941,2607,0,32,1,12.3,39,step_20,no_load,0.0
17.712651,0.827888,gripper,50.0,50.3528,68.5107,68.9941,2607,0,32,1,12.3,38,step_20,no_load,0.0
17.723103,0.83834,gripper,50.0,50.3528,68.5107,68.9941,2607,0,32,1,12.3,39,step_20,no_load,0.0
17.733681,0.848918,gripper,50.0,50.3528,68.5107,68.9941,2607,0,32,1,12.3,38,step_20,no_load,0.0
17.744602,0.859839,gripper,50.0,50.3528,68.5107,68.9941,2607,0,32,1,12.3,39,step_20,no_load,0.0
17.754991,0.870227,gripper,50.0,50.3528,68.5107,68.9941,2607,0,32,0,12.3,39,step_20,no_load,0.0
17.765644,0.880881,gripper,50.0,50.3528,68.5107,68.9941,2607,0,32,0,12.3,39,step_20,no_load,0.0
17.77626,0.891497,gripper,50.0,50.3528,68.5107,68.9941,2607,0,32,1,12.3,39,step_20,no_load,0.0
17.78697,0.902206,gripper,50.0,50.3528,68.5107,68.9941,2607,0,32,1,12.3,39,step_20,no_load,0.0
17.798193,0.91343,gripper,50.0,50.3528,68.5107,68.9941,2607,0,32,1,12.3,39,step_20,no_load,0.0
17.80852,0.923757,gripper,50.0,50.3528,68.5107,68.9941,2607,0,32,1,12.3,38,step_20,no_load,0.0
17.819803,0.93504,gripper,50.0,50.3528,68.5107,68.9941,2607,0,32,1,12.3,39,step_20,no_load,0.0
17.830908,0.946145,gripper,50.0,50.3528,68.5107,68.9941,2607,0,32,1,12.3,39,step_20,no_load,0.0
17.841643,0.956879,gripper,50.0,50.3528,68.5107,68.9941,2607,0,32,1,12.3,39,step_20,no_load,0.0
17.852216,0.967452,gripper,50.0,50.3528,68.5107,68.9941,2607,0,32,1,12.2,39,step_20,no_load,0.0
17.86257,0.977807,gripper,50.0,50.3528,68.5107,68.9941,2607,0,32,1,12.3,39,step_20,no_load,0.0
17.87314,0.988377,gripper,50.0,50.3528,68.5107,68.9941,2607,0,32,1,12.2,39,step_20,no_load,0.0
17.883944,0.999181,gripper,50.0,50.3528,68.5107,68.9941,2607,0,32,1,12.3,39,step_20,no_load,0.0
17.894194,1.009431,gripper,50.0,50.3528,68.5107,68.9941,2607,0,32,1,12.3,38,step_20,no_load,0.0
17.904823,1.02006,gripper,50.0,50.3528,68.5107,68.9941,2607,0,32,1,12.3,39,step_20,no_load,0.0
17.915387,1.030624,gripper,50.0,50.3528,68.5107,68.9941,2607,0,32,1,12.3,39,step_20,no_load,0.0
17.925622,1.040859,gripper,50.0,50.3528,68.5107,68.9941,2607,0,32,1,12.3,39,step_20,no_load,0.0
17.936238,1.051474,gripper,50.0,50.3528,68.5107,68.9941,2607,0,32,0,12.3,39,step_20,no_load,0.0
17.946403,1.061639,gripper,50.0,50.3528,68.5107,68.9941,2607,0,32,0,12.2,39,step_20,no_load,0.0
17.95676,1.071997,gripper,50.0,50.3528,68.5107,68.9941,2607,0,32,1,12.3,39,step_20,no_load,0.0
17.967651,1.082887,gripper,50.0,50.3528,68.5107,68.9941,2607,0,32,0,12.3,39,step_20,no_load,0.0
17.9779,1.093137,gripper,50.0,50.3528,68.5107,68.9941,2607,0,32,1,12.3,39,step_20,no_load,0.0
17.988009,1.103246,gripper,50.0,50.3528,68.5107,68.9941,2607,0,32,1,12.3,39,step_20,no_load,0.0
17.998145,1.113382,gripper,50.0,50.3528,68.5107,68.9941,2607,0,32,1,12.3,39,step_20,no_load,0.0
18.008601,1.123838,gripper,50.0,50.3528,68.5107,68.9941,2607,0,32,1,12.3,38,step_20,no_load,0.0
18.018914,1.134151,gripper,50.0,50.3528,68.5107,68.9941,2607,0,32,0,12.3,39,step_20,no_load,0.0
18.029054,1.14429,gripper,50.0,50.3528,68.5107,68.9941,2607,0,32,1,12.3,39,step_20,no_load,0.0
18.039612,1.154849,gripper,50.0,50.3528,68.5107,68.9941,2607,0,32,0,12.3,39,step_20,no_load,0.0
18.05012,1.165357,gripper,50.0,50.3528,68.5107,68.9941,2607,0,32,1,12.3,39,step_20,no_load,0.0
18.060625,1.175862,gripper,50.0,50.3528,68.5107,68.9941,2607,0,32,1,12.3,39,step_20,no_load,0.0
18.070983,1.186219,gripper,50.0,50.3528,68.5107,68.9941,2607,0,32,1,12.3,39,step_20,no_load,0.0
18.081729,1.196966,gripper,50.0,50.3528,68.5107,68.9941,2607,0,32,1,12.3,38,step_20,no_load,0.0
18.093019,2e-06,gripper,65.0,50.3528,89.064,68.9941,2607,0,32,1,12.3,39,step_20,no_load,0.0
18.103298,0.010281,gripper,65.0,50.3528,89.064,68.9941,2607,0,24,1,12.3,39,step_20,no_load,0.0
18.11381,0.020793,gripper,65.0,50.3528,89.064,68.9941,2607,0,1044,0,12.3,39,step_20,no_load,0.0
18.124223,0.031206,gripper,65.0,50.3528,89.064,68.9941,2607,0,1108,3,12.3,39,step_20,no_load,0.0
18.134439,0.041422,gripper,65.0,50.3528,89.064,68.9941,2607,0,1144,5,12.3,39,step_20,no_load,0.0
18.144737,0.05172,gripper,65.0,50.3528,89.064,68.9941,2607,0,1244,14,12.3,39,step_20,no_load,0.0
18.155321,0.062304,gripper,65.0,50.3528,89.064,68.9941,2607,0,1308,14,12.2,39,step_20,no_load,0.0
18.165717,0.0727,gripper,65.0,50.6735,89.064,69.4336,2612,0,1380,19,12.2,39,step_20,no_load,42.276
18.176346,0.083329,gripper,65.0,51.2508,89.064,70.2246,2621,600,1432,20,12.2,39,step_20,no_load,74.419
18.18725,0.094233,gripper,65.0,52.0205,89.064,71.2793,2633,600,1480,23,12.2,39,step_20,no_load,96.726
18.197951,0.104934,gripper,65.0,52.9185,89.064,72.5098,2647,1150,1520,21,12.3,39,step_20,no_load,114.989
18.208493,0.115476,gripper,65.0,53.8807,89.064,73.8281,2662,1150,1520,17,12.2,38,step_20,no_load,125.052
18.218644,0.125627,gripper,65.0,54.8428,89.064,75.1465,2677,1450,1524,12,12.3,39,step_20,no_load,129.879
18.229198,0.136181,gripper,65.0,55.9333,89.064,76.6406,2694,1450,1468,4,12.3,39,step_20,no_load,141.567
18.240044,0.147027,gripper,65.0,57.0237,89.064,78.1348,2711,1550,1456,2,12.2,38,step_20,no_load,137.765
18.250416,0.157399,gripper,65.0,57.9859,89.064,79.4531,2726,1550,1392,0,12.3,39,step_20,no_load,127.102
18.260994,0.167977,gripper,65.0,58.948,89.064,80.7715,2741,1500,1364,0,12.3,39,step_20,no_load,124.636
18.27116,0.178143,gripper,65.0,59.8461,89.064,82.002,2755,1500,1296,0,12.3,39,step_20,no_load,121.041
18.281365,0.188348,gripper,65.0,60.6158,89.064,83.0566,2767,1300,1228,0,12.3,39,step_20,no_load,103.341
18.291946,0.198929,gripper,65.0,61.1931,89.064,83.8477,2776,1300,1192,0,12.2,38,step_20,no_load,74.766
18.303,0.209983,gripper,65.0,61.7062,89.064,84.5508,2784,1000,1168,0,12.3,39,step_20,no_load,63.606
18.31401,0.220993,gripper,65.0,62.1552,89.064,85.166,2791,650,1144,0,12.3,39,step_20,no_load,55.876
18.325136,0.232119,gripper,65.0,62.4759,89.064,85.6055,2796,650,1144,1,12.2,39,step_20,no_load,39.502
18.335581,0.242564,gripper,65.0,62.7325,89.064,85.957,2800,450,1128,1,12.3,39,step_20,no_load,33.652
18.346051,0.253034,gripper,65.0,63.0532,89.064,86.3965,2805,450,1124,1,12.3,39,step_20,no_load,41.977
18.356681,0.263664,gripper,65.0,63.1815,89.064,86.5723,2807,300,1112,0,12.3,42,step_20,no_load,16.538
18.36688,0.273863,gripper,65.0,63.4381,89.064,86.9238,2811,300,1108,1,12.3,39,step_20,no_load,34.464
18.377594,0.284577,gripper,65.0,63.5664,89.064,87.0996,2813,300,1096,1,12.3,39,step_20,no_load,16.408
18.388241,0.295223,gripper,65.0,63.7588,89.064,87.3633,2816,300,1088,1,12.3,39,step_20,no_load,24.768
18.398534,0.305517,gripper,65.0,63.8871,89.064,87.5391,2818,250,1080,0,12.3,39,step_20,no_load,17.08
18.408946,0.315929,gripper,65.0,63.9513,89.064,87.627,2819,250,1088,1,12.3,39,step_20,no_load,8.442
18.419848,0.326831,gripper,65.0,64.0795,89.064,87.8027,2821,150,1080,0,12.3,39,step_20,no_load,16.116
18.42996,0.336943,gripper,65.0,64.1437,89.064,87.8906,2822,150,1076,0,12.3,39,step_20,no_load,8.693
18.44073,0.347713,gripper,65.0,64.272,89.064,88.0664,2824,150,1068,1,12.3,39,step_20,no_load,16.323
18.451076,0.358059,gripper,65.0,64.3361,89.064,88.1543,2825,150,1064,1,12.3,39,step_20,no_load,8.496
18.461616,0.368599,gripper,65.0,64.4003,89.064,88.2422,2826,100,1064,0,12.2,39,step_20,no_load,8.34
18.472241,0.379224,gripper,65.0,64.4003,89.064,88.2422,2826,50,1060,1,12.3,39,step_20,no_load,0.0
18.482466,0.389449,gripper,65.0,64.4644,89.064,88.3301,2827,50,1064,1,12.3,39,step_20,no_load,8.597
18.493026,0.400009,gripper,65.0,64.5285,89.064,88.418,2828,100,1060,1,12.2,39,step_20,no_load,8.324
18.504058,0.411041,gripper,65.0,64.5285,89.064,88.418,2828,100,1060,1,12.3,39,step_20,no_load,0.0
18.514405,0.421388,gripper,65.0,64.5285,89.064,88.418,2828,0,1060,0,12.3,38,step_20,no_load,0.0
18.524667,0.43165,gripper,65.0,64.5927,89.064,88.5059,2829,0,1056,1,12.3,39,step_20,no_load,8.566
18.535621,0.442604,gripper,65.0,64.5927,89.064,88.5059,2829,50,1056,1,12.3,39,step_20,no_load,0.0
18.546285,0.453268,gripper,65.0,64.6568,89.064,88.5938,2830,50,1052,1,12.3,39,step_20,no_load,8.243
18.556862,0.463845,gripper,65.0,64.6568,89.064,88.5938,2830,50,1052,1,12.3,39,step_20,no_load,0.0
18.567315,0.474298,gripper,65.0,64.6568,89.064,88.5938,2830,50,1056,1,12.3,39,step_20,no_load,0.0
18.578242,0.485225,gripper,65.0,64.6568,89.064,88.5938,2830,0,1056,0,12.3,38,step_20,no_load,0.0
18.588802,0.495785,gripper,65.0,64.6568,89.064,88.5938,2830,0,1056,0,12.3,39,step_20,no_load,0.0
18.599254,0.506237,gripper,65.0,64.6568,89.064,88.5938,2830,0,1056,1,12.2,39,step_20,no_load,0.0
18.609428,0.516411,gripper,65.0,64.6568,89.064,88.5938,2830,0,1056,1,12.3,39,step_20,no_load,0.0
18.619839,0.526822,gripper,65.0,64.6568,89.064,88.5938,2830,0,1056,0,12.3,39,step_20,no_load,0.0
18.630005,0.536988,gripper,65.0,64.6568,89.064,88.5938,2830,0,1056,1,12.3,39,step_20,no_load,0.0
18.641009,0.547992,gripper,65.0,64.6568,89.064,88.5938,2830,0,1056,1,12.3,39,step_20,no_load,0.0
18.65148,0.558463,gripper,65.0,64.6568,89.064,88.5938,2830,0,1056,0,12.3,39,step_20,no_load,0.0
18.662108,0.569091,gripper,65.0,64.6568,89.064,88.5938,2830,0,1056,0,12.3,39,step_20,no_load,0.0
18.672725,0.579708,gripper,65.0,64.6568,89.064,88.5938,2830,0,1056,1,12.3,39,step_20,no_load,0.0
18.683145,0.590128,gripper,65.0,64.6568,89.064,88.5938,2830,0,1056,1,12.3,39,step_20,no_load,0.0
18.693803,0.600786,gripper,65.0,64.6568,89.064,88.5938,2830,0,1056,1,12.3,39,step_20,no_load,0.0
18.704848,0.611831,gripper,65.0,64.6568,89.064,88.5938,2830,0,1056,1,12.3,39,step_20,no_load,0.0
18.715479,0.622462,gripper,65.0,64.6568,89.064,88.5938,2830,0,1056,1,12.3,38,step_20,no_load,0.0
18.726093,0.633076,gripper,65.0,64.6568,89.064,88.5938,2830,0,1056,1,12.3,39,step_20,no_load,0.0
18.736758,0.643741,gripper,65.0,64.6568,89.064,88.5938,2830,0,1056,1,12.3,39,step_20,no_load,0.0
18.746917,0.6539,gripper,65.0,64.6568,89.064,88.5938,2830,0,1056,1,12.3,39,step_20,no_load,0.0
18.757157,0.66414,gripper,65.0,64.6568,89.064,88.5938,2830,0,1056,1,11.0,39,step_20,no_load,0.0
18.767654,0.674637,gripper,65.0,64.6568,89.064,88.5938,2830,0,1056,1,12.3,39,step_20,no_load,0.0
18.777903,0.684886,gripper,65.0,64.6568,89.064,88.5938,2830,0,1056,1,12.2,39,step_20,no_load,0.0
18.788374,0.695357,gripper,65.0,64.6568,89.064,88.5938,2830,0,1056,1,12.3,39,step_20,no_load,0.0
18.798933,0.705916,gripper,65.0,64.6568,89.064,88.5938,2830,0,1056,1,12.3,39,step_20,no_load,0.0
18.809559,0.716542,gripper,65.0,64.6568,89.064,88.5938,2830,0,1056,0,12.3,39,step_20,no_load,0.0
18.820738,0.727721,gripper,65.0,64.6568,89.064,88.5938,2830,0,1056,1,12.3,39,step_20,no_load,0.0
18.831203,0.738186,gripper,65.0,64.6568,89.064,88.5938,2830,0,1056,0,12.3,39,step_20,no_load,0.0
18.841872,0.748855,gripper,65.0,64.6568,89.064,88.5938,2830,0,1056,1,12.3,39,step_20,no_load,0.0
18.852413,0.759396,gripper,65.0,64.6568,89.064,88.5938,2830,0,1056,0,12.3,39,step_20,no_load,0.0
18.86267,0.769653,gripper,65.0,64.6568,89.064,88.5938,2830,0,1056,0,12.3,39,step_20,no_load,0.0
18.873325,0.780308,gripper,65.0,64.6568,89.064,88.5938,2830,0,1056,1,12.3,39,step_20,no_load,0.0
18.883804,0.790787,gripper,65.0,64.6568,89.064,88.5938,2830,0,1056,0,12.3,39,step_20,no_load,0.0
18.894421,0.801404,gripper,65.0,64.6568,89.064,88.5938,2830,0,1056,0,12.3,39,step_20,no_load,0.0
18.904691,0.811674,gripper,65.0,64.6568,89.064,88.5938,2830,0,1056,0,12.3,39,step_20,no_load,0.0
18.915265,0.822248,gripper,65.0,64.6568,89.064,88.5938,2830,0,1056,1,12.3,39,step_20,no_load,0.0
18.925768,0.832751,gripper,65.0,64.6568,89.064,88.5938,2830,0,1056,0,12.3,39,step_20,no_load,0.0
18.936387,0.84337,gripper,65.0,64.6568,89.064,88.5938,2830,0,1056,1,12.3,39,step_20,no_load,0.0
18.946701,0.853684,gripper,65.0,64.6568,89.064,88.5938,2830,0,1056,0,12.3,39,step_20,no_load,0.0
18.957044,0.864027,gripper,65.0,64.6568,89.064,88.5938,2830,0,1056,1,12.3,39,step_20,no_load,0.0
18.967653,0.874636,gripper,65.0,64.6568,89.064,88.5938,2830,0,1056,0,12.3,39,step_20,no_load,0.0
18.977942,0.884925,gripper,65.0,64.6568,89.064,88.5938,2830,0,1056,1,12.3,39,step_20,no_load,0.0
18.9881,0.895083,gripper,65.0,64.6568,89.064,88.5938,2830,0,1056,1,12.3,39,step_20,no_load,0.0
18.999642,0.906625,gripper,65.0,64.6568,89.064,88.5938,2830,0,1056,1,12.3,39,step_20,no_load,0.0
19.009764,0.916747,gripper,65.0,64.6568,89.064,88.5938,2830,0,1056,1,12.3,39,step_20,no_load,0.0
19.020983,0.927966,gripper,65.0,64.6568,89.064,88.5938,2830,0,1056,1,12.3,39,step_20,no_load,0.0
19.031278,0.938261,gripper,65.0,64.6568,89.064,88.5938,2830,0,1056,0,12.3,39,step_20,no_load,0.0
19.042214,0.949197,gripper,65.0,64.6568,89.064,88.5938,2830,0,1056,1,12.3,39,step_20,no_load,0.0
19.052366,0.959349,gripper,65.0,64.6568,89.064,88.5938,2830,0,1056,1,12.3,39,step_20,no_load,0.0
19.062951,0.969934,gripper,65.0,64.6568,89.064,88.5938,2830,0,1056,0,12.3,39,step_20,no_load,0.0
19.073469,0.980452,gripper,65.0,64.6568,89.064,88.5938,2830,0,1056,1,12.3,39,step_20,no_load,0.0
19.084018,0.991001,gripper,65.0,64.6568,89.064,88.5938,2830,0,1056,1,12.3,39,step_20,no_load,0.0
19.095097,1.00208,gripper,65.0,64.6568,89.064,88.5938,2830,0,1056,1,12.3,39,step_20,no_load,0.0
19.105758,1.012741,gripper,65.0,64.6568,89.064,88.5938,2830,0,1056,1,12.3,39,step_20,no_load,0.0
19.116394,1.023377,gripper,65.0,64.6568,89.064,88.5938,2830,0,1056,1,12.3,39,step_20,no_load,0.0
19.127144,1.034127,gripper,65.0,64.6568,89.064,88.5938,2830,0,1056,1,12.3,39,step_20,no_load,0.0
19.138112,1.045095,gripper,65.0,64.6568,89.064,88.5938,2830,0,1056,1,12.3,39,step_20,no_load,0.0
19.148731,1.055714,gripper,65.0,64.6568,89.064,88.5938,2830,0,1056,0,12.3,39,step_20,no_load,0.0
19.159907,1.06689,gripper,65.0,64.6568,89.064,88.5938,2830,0,1056,1,12.3,39,step_20,no_load,0.0
19.170302,1.077285,gripper,65.0,64.6568,89.064,88.5938,2830,0,1056,1,12.3,39,step_20,no_load,0.0
19.180658,1.087641,gripper,65.0,64.6568,89.064,88.5938,2830,0,1056,0,12.3,39,step_20,no_load,0.0
19.190902,1.097885,gripper,65.0,64.6568,89.064,88.5938,2830,0,1056,1,12.3,39,step_20,no_load,0.0
19.201059,1.108042,gripper,65.0,64.6568,89.064,88.5938,2830,0,1056,1,12.3,39,step_20,no_load,0.0
19.211784,1.118767,gripper,65.0,64.6568,89.064,88.5938,2830,0,1056,1,12.3,39,step_20,no_load,0.0
19.222065,1.129048,gripper,65.0,64.6568,89.064,88.5938,2830,0,1056,1,12.3,39,step_20,no_load,0.0
19.232908,1.139891,gripper,65.0,64.6568,89.064,88.5938,2830,0,1056,1,12.3,39,step_20,no_load,0.0
19.243111,1.150094,gripper,65.0,64.6568,89.064,88.5938,2830,0,1056,1,12.3,39,step_20,no_load,0.0
19.253615,1.160598,gripper,65.0,64.6568,89.064,88.5938,2830,0,1056,1,12.3,39,step_20,no_load,0.0
19.264304,1.171287,gripper,65.0,64.6568,89.064,88.5938,2830,0,1056,0,12.3,39,step_20,no_load,0.0
19.274763,1.181746,gripper,65.0,64.6568,89.064,88.5938,2830,0,1056,1,12.3,39,step_20,no_load,0.0
19.285027,1.19201,gripper,65.0,64.6568,89.064,88.5938,2830,0,1056,1,12.3,39,step_20,no_load,0.0
19.296335,2e-06,gripper,50.0,64.6568,68.5107,88.5938,2830,0,1052,1,12.3,39,step_20,no_load,0.0
19.306798,0.010465,gripper,50.0,64.6568,68.5107,88.5938,2830,0,1048,0,12.3,39,step_20,no_load,0.0
19.317104,0.020771,gripper,50.0,64.6568,68.5107,88.5938,2830,0,36,1,12.3,39,step_20,no_load,0.0
19.327822,0.031489,gripper,50.0,64.6568,68.5107,88.5938,2830,0,68,2,12.3,39,step_20,no_load,0.0
19.338287,0.041955,gripper,50.0,64.6568,68.5107,88.5938,2830,0,148,7,12.2,39,step_20,no_load,0.0
19.348506,0.052173,gripper,50.0,64.6568,68.5107,88.5938,2830,0,204,10,12.3,39,step_20,no_load,0.0
19.35866,0.062327,gripper,50.0,64.5927,68.5107,88.5059,2829,0,304,19,12.2,39,step_20,no_load,-8.657
19.36881,0.072477,gripper,50.0,64.2078,68.5107,87.9785,2823,-250,352,21,12.2,39,step_20,no_load,-51.961
19.379117,0.082784,gripper,50.0,63.7588,68.5107,87.3633,2816,-250,396,19,12.3,39,step_20,no_load,-59.688
19.389863,0.093531,gripper,50.0,63.0532,68.5107,86.3965,2805,-850,452,20,12.2,39,step_20,no_load,-89.968
19.40022,0.103887,gripper,50.0,62.2194,68.5107,85.2539,2792,-850,500,25,12.2,38,step_20,no_load,-110.322
19.411023,0.11469,gripper,50.0,61.2572,68.5107,83.9355,2777,-1200,500,17,12.2,39,step_20,no_load,-122.04
19.421668,0.125336,gripper,50.0,60.2309,68.5107,82.5293,2761,-1200,496,12,12.2,39,step_20,no_load,-132.1
19.43187,0.135538,gripper,50.0,59.0763,68.5107,80.9473,2743,-1550,492,8,12.3,39,step_20,no_load,-155.068
19.442345,0.146012,gripper,50.0,58.05,68.5107,79.541,2727,-1550,404,0,12.3,39,step_20,no_load,-134.253
19.452511,0.156178,gripper,50.0,57.0879,68.5107,78.2227,2712,-1600,384,0,11.2,39,step_20,no_load,-129.677
19.463214,0.166881,gripper,50.0,56.0616,68.5107,76.8164,2696,-1600,328,0,12.3,39,step_20,no_load,-131.393
19.473999,0.177666,gripper,50.0,55.2277,68.5107,75.6738,2683,-1400,272,0,12.3,39,step_20,no_load,-105.943
19.484416,0.188083,gripper,50.0,54.5221,68.5107,74.707,2672,-1400,224,0,12.3,39,step_20,no_load,-92.81
19.494666,0.198333,gripper,50.0,53.8165,68.5107,73.7402,2661,-1150,164,0,12.3,38,step_20,no_load,-94.322
19.505447,0.209114,gripper,50.0,53.3034,68.5107,73.0371,2653,-850,132,0,12.3,39,step_20,no_load,-65.217
19.515651,0.219318,gripper,50.0,52.9185,68.5107,72.5098,2647,-850,136,1,12.3,39,step_20,no_load,-51.676
19.52632,0.229987,gripper,50.0,52.5337,68.5107,71.9824,2641,-550,116,1,12.3,39,step_20,no_load,-49.433
19.536906,0.240573,gripper,50.0,52.2771,68.5107,71.6309,2637,-550,108,1,12.3,38,step_20,no_load,-33.204
19.547301,0.250969,gripper,50.0,52.0205,68.5107,71.2793,2633,-400,96,1,12.3,39,step_20,no_load,-33.824
19.558303,0.26197,gripper,50.0,51.8281,68.5107,71.0156,2630,-400,92,0,12.3,39,step_20,no_load,-23.968
19.568624,0.272291,gripper,50.0,51.6357,68.5107,70.752,2627,-300,80,1,12.3,39,step_20,no_load,-25.54
19.579477,0.283144,gripper,50.0,51.4432,68.5107,70.4883,2624,-300,76,1,11.5,39,step_20,no_load,-24.297
19.590109,0.293776,gripper,50.0,51.3149,68.5107,70.3125,2622,-250,68,0,12.3,39,step_20,no_load,-16.535
19.601158,0.304825,gripper,50.0,51.1225,68.5107,70.0488,2619,-250,64,1,12.3,39,step_20,no_load,-23.866
19.611692,0.315359,gripper,50.0,50.9942,68.5107,69.873,2617,-200,56,1,12.3,39,step_20,no_load,-16.689
19.622488,0.326155,gripper,50.0,50.9301,68.5107,69.7852,2616,-200,52,1,12.3,39,step_20,no_load,-8.133
19.633115,0.336782,gripper,50.0,50.8659,68.5107,69.6973,2615,-150,56,1,12.3,39,step_20,no_load,-8.271
19.643253,0.34692,gripper,50.0,50.7377,68.5107,69.5215,2613,-150,48,1,12.3,39,step_20,no_load,-17.341
19.653654,0.357321,gripper,50.0,50.6735,68.5107,69.4336,2612,-150,40,1,12.3,39,step_20,no_load,-8.451
19.664205,0.367872,gripper,50.0,50.6094,68.5107,69.3457,2611,-100,36,1,12.3,39,step_20,no_load,-8.331
19.674821,0.378488,gripper,50.0,50.6094,68.5107,69.3457,2611,-100,44,1,12.2,39,step_20,no_load,0.0
19.68572,0.389387,gripper,50.0,50.5452,68.5107,69.2578,2610,-50,40,1,12.3,39,step_20,no_load,-8.065
19.695942,0.399609,gripper,50.0,50.5452,68.5107,69.2578,2610,-50,40,1,12.3,39,step_20,no_load,0.0
19.7066,0.410267,gripper,50.0,50.4811,68.5107,69.1699,2609,-50,32,0,12.3,39,step_20,no_load,-8.247
19.717108,0.420775,gripper,50.0,50.4169,68.5107,69.082,2608,-50,28,0,12.3,39,step_20,no_load,-8.365
19.727588,0.431255,gripper,50.0,50.4169,68.5107,69.082,2608,-50,28,1,12.3,39,step_20,no_load,0.0
19.737745,0.441412,gripper,50.0,50.4169,68.5107,69.082,2608,-50,36,1,12.3,39,step_20,no_load,0.0
19.74805,0.451717,gripper,50.0,50.3528,68.5107,68.9941,2607,0,32,0,12.3,39,step_20,no_load,-8.53
19.758778,0.462445,gripper,50.0,50.3528,68.5107,68.9941,2607,0,28,0,12.3,39,step_20,no_load,0.0
19.769202,0.472869,gripper,50.0,50.3528,68.5107,68.9941,2607,-50,28,1,12.3,39,step_20,no_load,0.0
19.779624,0.483291,gripper,50.0,50.3528,68.5107,68.9941,2607,-50,32,1,12.3,39,step_20,no_load,0.0
19.790109,0.493777,gripper,50.0,50.3528,68.5107,68.9941,2607,0,32,1,12.2,39,step_20,no_load,0.0
19.80047,0.504137,gripper,50.0,50.3528,68.5107,68.9941,2607,0,32,1,12.3,39,step_20,no_load,0.0
19.811024,0.514691,gripper,50.0,50.3528,68.5107,68.9941,2607,0,24,1,12.3,39,step_20,no_load,0.0
19.821182,0.524849,gripper,50.0,50.2886,68.5107,68.9062,2606,0,24,1,12.3,39,step_20,no_load,-8.653
19.831844,0.535511,gripper,50.0,50.2886,68.5107,68.9062,2606,-50,28,0,12.3,39,step_20,no_load,0.0
19.842012,0.545679,gripper,50.0,50.2886,68.5107,68.9062,2606,-50,28,0,12.3,39,step_20,no_load,0.0
19.852542,0.556209,gripper,50.0,50.2886,68.5107,68.9062,2606,0,28,1,12.3,39,step_20,no_load,0.0
19.863197,0.566864,gripper,50.0,50.2886,68.5107,68.9062,2606,0,28,0,12.3,39,step_20,no_load,0.0
19.874167,0.577834,gripper,50.0,50.2886,68.5107,68.9062,2606,0,28,1,12.3,39,step_20,no_load,0.0
19.884591,0.588258,gripper,50.0,50.2886,68.5107,68.9062,2606,0,28,1,12.3,39,step_20,no_load,0.0
19.895221,0.598888,gripper,50.0,50.2886,68.5107,68.9062,2606,0,28,1,12.3,39,step_20,no_load,0.0
19.905573,0.609241,gripper,50.0,50.2886,68.5107,68.9062,2606,0,28,0,12.3,38,step_20,no_load,0.0
19.916288,0.619955,gripper,50.0,50.2886,68.5107,68.9062,2606,0,28,0,12.3,39,step_20,no_load,0.0
19.926955,0.630622,gripper,50.0,50.2886,68.5107,68.9062,2606,0,28,1,12.3,38,step_20,no_load,0.0
19.93729,0.640957,gripper,50.0,50.2886,68.5107,68.9062,2606,0,28,0,12.3,39,step_20,no_load,0.0
19.948239,0.651906,gripper,50.0,50.2886,68.5107,68.9062,2606,0,28,1,12.2,39,step_20,no_load,0.0
19.958771,0.662439,gripper,50.0,50.2886,68.5107,68.9062,2606,0,28,0,12.3,39,step_20,no_load,0.0
19.96921,0.672877,gripper,50.0,50.2886,68.5107,68.9062,2606,0,28,1,12.3,39,step_20,no_load,0.0
19.9798,0.683467,gripper,50.0,50.2886,68.5107,68.9062,2606,0,28,1,12.3,39,step_20,no_load,0.0
19.990279,0.693946,gripper,50.0,50.2886,68.5107,68.9062,2606,0,28,1,12.3,39,step_20,no_load,0.0
20.000992,0.704659,gripper,50.0,50.2886,68.5107,68.9062,2606,0,28,1,12.3,39,step_20,no_load,0.0
20.011707,0.715375,gripper,50.0,50.2886,68.5107,68.9062,2606,0,28,1,12.3,39,step_20,no_load,0.0
20.022187,0.725854,gripper,50.0,50.2886,68.5107,68.9062,2606,0,28,1,12.3,39,step_20,no_load,0.0
20.032768,0.736435,gripper,50.0,50.2886,68.5107,68.9062,2606,0,28,1,12.3,39,step_20,no_load,0.0
20.043155,0.746822,gripper,50.0,50.2886,68.5107,68.9062,2606,0,28,0,12.3,39,step_20,no_load,0.0
20.053825,0.757492,gripper,50.0,50.2886,68.5107,68.9062,2606,0,28,1,12.3,39,step_20,no_load,0.0
20.064771,0.768439,gripper,50.0,50.2886,68.5107,68.9062,2606,0,28,1,12.3,39,step_20,no_load,0.0
20.07537,0.779037,gripper,50.0,50.2886,68.5107,68.9062,2606,0,28,0,12.3,39,step_20,no_load,0.0
20.085983,0.78965,gripper,50.0,50.2886,68.5107,68.9062,2606,0,28,1,12.3,39,step_20,no_load,0.0
20.096662,0.800329,gripper,50.0,50.2886,68.5107,68.9062,2606,0,28,1,12.3,39,step_20,no_load,0.0
20.106855,0.810522,gripper,50.0,50.2886,68.5107,68.9062,2606,0,28,1,12.3,39,step_20,no_load,0.0
20.117249,0.820916,gripper,50.0,50.2886,68.5107,68.9062,2606,0,28,1,12.3,38,step_20,no_load,0.0
20.127595,0.831262,gripper,50.0,50.2886,68.5107,68.9062,2606,0,28,0,12.4,39,step_20,no_load,0.0
20.137841,0.841509,gripper,50.0,50.2886,68.5107,68.9062,2606,0,28,1,12.3,39,step_20,no_load,0.0
20.148251,0.851919,gripper,50.0,50.2886,68.5107,68.9062,2606,0,28,0,12.3,39,step_20,no_load,0.0
20.158983,0.86265,gripper,50.0,50.2886,68.5107,68.9062,2606,0,28,1,12.3,39,step_20,no_load,0.0
20.169138,0.872805,gripper,50.0,50.2886,68.5107,68.9062,2606,0,28,0,12.3,39,step_20,no_load,0.0
20.179623,0.88329,gripper,50.0,50.2886,68.5107,68.9062,2606,0,28,1,12.3,39,step_20,no_load,0.0
20.190043,0.89371,gripper,50.0,50.2886,68.5107,68.9062,2606,0,28,0,12.3,39,step_20,no_load,0.0
20.200684,0.904351,gripper,50.0,50.2886,68.5107,68.9062,2606,0,28,0,12.3,39,step_20,no_load,0.0
20.211796,0.915463,gripper,50.0,50.2886,68.5107,68.9062,2606,0,28,1,12.3,39,step_20,no_load,0.0
20.222439,0.926106,gripper,50.0,50.2886,68.5107,68.9062,2606,0,28,1,12.3,39,step_20,no_load,0.0
20.232659,0.936326,gripper,50.0,50.2886,68.5107,68.9062,2606,0,28,0,12.3,39,step_20,no_load,0.0
20.242853,0.946521,gripper,50.0,50.2886,68.5107,68.9062,2606,0,28,1,12.3,39,step_20,no_load,0.0
20.253186,0.956853,gripper,50.0,50.2886,68.5107,68.9062,2606,0,28,1,12.3,39,step_20,no_load,0.0
20.264041,0.967709,gripper,50.0,50.2886,68.5107,68.9062,2606,0,28,1,12.3,39,step_20,no_load,0.0
20.274694,0.978361,gripper,50.0,50.2886,68.5107,68.9062,2606,0,28,1,12.3,39,step_20,no_load,0.0
20.28526,0.988927,gripper,50.0,50.2886,68.5107,68.9062,2606,0,28,0,12.3,39,step_20,no_load,0.0
20.295827,0.999495,gripper,50.0,50.2886,68.5107,68.9062,2606,0,28,0,12.3,39,step_20,no_load,0.0
20.306401,1.010068,gripper,50.0,50.2886,68.5107,68.9062,2606,0,28,0,12.3,39,step_20,no_load,0.0
20.316905,1.020572,gripper,50.0,50.2886,68.5107,68.9062,2606,0,28,0,12.3,39,step_20,no_load,0.0
20.328246,1.031913,gripper,50.0,50.2886,68.5107,68.9062,2606,0,28,1,12.3,39,step_20,no_load,0.0
20.33873,1.042397,gripper,50.0,50.2886,68.5107,68.9062,2606,0,28,0,12.3,38,step_20,no_load,0.0
20.349129,1.052796,gripper,50.0,50.2886,68.5107,68.9062,2606,0,28,1,12.3,38,step_20,no_load,0.0
20.359293,1.06296,gripper,50.0,50.2886,68.5107,68.9062,2606,0,28,0,12.3,39,step_20,no_load,0.0
20.369781,1.073449,gripper,50.0,50.2886,68.5107,68.9062,2606,0,28,0,12.3,39,step_20,no_load,0.0
20.380153,1.08382,gripper,50.0,50.2886,68.5107,68.9062,2606,0,28,0,12.2,39,step_20,no_load,0.0
20.390854,1.094521,gripper,50.0,50.2886,68.5107,68.9062,2606,0,28,1,12.3,39,step_20,no_load,0.0
20.402109,1.105777,gripper,50.0,50.2886,68.5107,68.9062,2606,0,28,0,12.3,39,step_20,no_load,0.0
20.412735,1.116402,gripper,50.0,50.2886,68.5107,68.9062,2606,0,28,1,12.3,39,step_20,no_load,0.0
20.423325,1.126992,gripper,50.0,50.2886,68.5107,68.9062,2606,0,28,0,12.3,39,step_20,no_load,0.0
20.433851,1.137519,gripper,50.0,50.2886,68.5107,68.9062,2606,0,28,1,12.3,39,step_20,no_load,0.0
20.44487,1.148537,gripper,50.0,50.2886,68.5107,68.9062,2606,0,28,0,12.3,39,step_20,no_load,0.0
20.455449,1.159116,gripper,50.0,50.2886,68.5107,68.9062,2606,0,28,1,12.3,39,step_20,no_load,0.0
20.466122,1.169789,gripper,50.0,50.2886,68.5107,68.9062,2606,0,28,1,12.3,39,step_20,no_load,0.0
20.476773,1.18044,gripper,50.0,50.2886,68.5107,68.9062,2606,0,28,1,12.3,39,step_20,no_load,0.0
20.487644,1.191311,gripper,50.0,50.2886,68.5107,68.9062,2606,0,28,1,12.3,39,step_20,no_load,0.0
20.498522,3e-06,gripper,65.0,50.2886,89.064,68.9062,2606,0,28,1,12.3,39,step_20,no_load,0.0
20.508782,0.010263,gripper,65.0,50.2886,89.064,68.9062,2606,0,20,0,12.4,39,step_20,no_load,0.0
20.519326,0.020807,gripper,65.0,50.2886,89.064,68.9062,2606,0,1048,0,12.3,39,step_20,no_load,0.0
20.529489,0.03097,gripper,65.0,50.2886,89.064,68.9062,2606,0,1108,3,12.3,39,step_20,no_load,0.0
20.540151,0.041632,gripper,65.0,50.2886,89.064,68.9062,2606,0,1152,5,12.3,39,step_20,no_load,0.0
20.550418,0.051899,gripper,65.0,50.2886,89.064,68.9062,2606,0,1252,12,12.2,39,step_20,no_load,0.0
20.560983,0.062464,gripper,65.0,50.3528,89.064,68.9941,2607,0,1312,17,12.3,39,step_20,no_load,8.32
20.571827,0.073308,gripper,65.0,50.7377,89.064,69.5215,2613,0,1388,19,12.2,39,step_20,no_load,48.635
20.582344,0.083825,gripper,65.0,51.3149,89.064,70.3125,2622,650,1432,21,12.2,39,step_20,no_load,75.212
20.593152,0.094633,gripper,65.0,52.1488,89.064,71.4551,2635,650,1468,18,12.2,39,step_20,no_load,105.718
20.603397,0.104878,gripper,65.0,52.9185,89.064,72.5098,2647,1100,1508,21,12.3,39,step_20,no_load,102.948
20.613987,0.115468,gripper,65.0,53.9448,89.064,73.916,2663,1100,1524,14,12.3,39,step_20,no_load,132.786
20.624398,0.125879,gripper,65.0,54.907,89.064,75.2344,2678,1400,1524,4,12.3,38,step_20,no_load,126.635
20.634731,0.136212,gripper,65.0,55.9974,89.064,76.7285,2695,1400,1472,2,12.3,39,step_20,no_load,144.595
20.644924,0.146405,gripper,65.0,57.0237,89.064,78.1348,2711,1550,1460,0,12.3,39,step_20,no_load,137.967
20.655133,0.156615,gripper,65.0,57.9859,89.064,79.4531,2726,1550,1400,0,12.3,39,step_20,no_load,129.131
20.665414,0.166896,gripper,65.0,58.8839,89.064,80.6836,2740,1500,1332,0,12.4,39,step_20,no_load,119.687
20.675981,0.177462,gripper,65.0,59.8461,89.064,82.002,2755,1500,1296,0,12.3,39,step_20,no_load,124.766
20.686532,0.188013,gripper,65.0,60.6158,89.064,83.0566,2767,1350,1228,0,12.3,39,step_20,no_load,99.953
20.697381,0.198862,gripper,65.0,61.2572,89.064,83.9355,2777,1000,1188,0,12.3,39,step_20,no_load,81.012
20.707585,0.209066,gripper,65.0,61.7062,89.064,84.5508,2784,1000,1172,0,12.3,42,step_20,no_load,60.3
20.717922,0.219403,gripper,65.0,62.0911,89.064,85.0781,2790,650,1148,0,12.3,46,step_20,no_load,51.011
20.728226,0.229707,gripper,65.0,62.4118,89.064,85.5176,2795,650,1148,1,12.3,39,step_20,no_load,42.653
20.738826,0.240308,gripper,65.0,62.7325,89.064,85.957,2800,500,1132,0,12.3,39,step_20,no_load,41.453
20.74941,0.250891,gripper,65.0,62.9891,89.064,86.3086,2804,500,1124,1,12.3,39,step_20,no_load,33.22
20.76005,0.261531,gripper,65.0,63.1815,89.064,86.5723,2807,300,1112,1,12.3,39,step_20,no_load,24.784
20.770585,0.272067,gripper,65.0,63.374,89.064,86.8359,2810,300,1108,1,12.3,39,step_20,no_load,25.021
20.780736,0.282217,gripper,65.0,63.5664,89.064,87.0996,2813,300,1100,1,12.3,39,step_20,no_load,25.978
20.790969,0.29245,gripper,65.0,63.6947,89.064,87.2754,2815,300,1096,1,12.3,39,step_20,no_load,17.18
20.801148,0.302629,gripper,65.0,63.823,89.064,87.4512,2817,200,1088,1,12.3,39,step_20,no_load,17.271
20.811704,0.313185,gripper,65.0,63.9513,89.064,87.627,2819,200,1084,1,12.3,39,step_20,no_load,16.654
20.822807,0.324288,gripper,65.0,64.0795,89.064,87.8027,2821,200,1076,1,12.3,39,step_20,no_load,15.825
20.833459,0.33494,gripper,65.0,64.1437,89.064,87.8906,2822,200,1076,1,12.3,39,step_20,no_load,8.252
20.844119,0.3456,gripper,65.0,64.2078,89.064,87.9785,2823,150,1068,1,12.3,39,step_20,no_load,8.246
20.854545,0.356026,gripper,65.0,64.3361,89.064,88.1543,2825,150,1064,0,12.3,39,step_20,no_load,16.862
20.865091,0.366572,gripper,65.0,64.3361,89.064,88.1543,2825,100,1064,1,12.3,39,step_20,no_load,0.0
20.875723,0.377204,gripper,65.0,64.4003,89.064,88.2422,2826,50,1064,1,12.3,39,step_20,no_load,8.267
20.886508,0.387989,gripper,65.0,64.4644,89.064,88.3301,2827,50,1064,1,12.3,39,step_20,no_load,8.15
20.896978,0.398459,gripper,65.0,64.5285,89.064,88.418,2828,100,1060,1,12.3,39,step_20,no_load,8.395
20.907349,0.40883,gripper,65.0,64.5285,89.064,88.418,2828,100,1060,1,12.3,39,step_20,no_load,0.0
20.917901,0.419382,gripper,65.0,64.5285,89.064,88.418,2828,0,1060,1,12.3,39,step_20,no_load,0.0
20.928222,0.429703,gripper,65.0,64.5927,89.064,88.5059,2829,0,1056,0,12.3,39,step_20,no_load,8.517
20.938472,0.439953,gripper,65.0,64.5927,89.064,88.5059,2829,50,1056,0,12.3,39,step_20,no_load,0.0
20.949419,0.4509,gripper,65.0,64.6568,89.064,88.5938,2830,50,1052,1,12.3,39,step_20,no_load,8.03
20.959816,0.461297,gripper,65.0,64.6568,89.064,88.5938,2830,50,1052,0,12.3,39,step_20,no_load,0.0
20.970089,0.47157,gripper,65.0,64.6568,89.064,88.5938,2830,50,1056,0,12.2,39,step_20,no_load,0.0
20.980942,0.482423,gripper,65.0,64.6568,89.064,88.5938,2830,0,1056,1,12.3,39,step_20,no_load,0.0
20.991338,0.492819,gripper,65.0,64.6568,89.064,88.5938,2830,0,1056,0,12.3,39,step_20,no_load,0.0
21.001739,0.50322,gripper,65.0,64.6568,89.064,88.5938,2830,0,1056,1,12.3,39,step_20,no_load,0.0
21.012203,0.513684,gripper,65.0,64.6568,89.064,88.5938,2830,0,1056,0,12.3,39,step_20,no_load,0.0
21.022989,0.52447,gripper,65.0,64.6568,89.064,88.5938,2830,0,1056,1,12.3,39,step_20,no_load,0.0
21.0339,0.535381,gripper,65.0,64.6568,89.064,88.5938,2830,0,1056,0,12.3,39,step_20,no_load,0.0
21.044962,0.546443,gripper,65.0,64.6568,89.064,88.5938,2830,0,1056,0,12.3,39,step_20,no_load,0.0
21.055219,0.5567,gripper,65.0,64.6568,89.064,88.5938,2830,0,1056,0,12.3,39,step_20,no_load,0.0
21.065853,0.567334,gripper,65.0,64.6568,89.064,88.5938,2830,0,1056,1,12.3,39,step_20,no_load,0.0
21.076449,0.57793,gripper,65.0,64.6568,89.064,88.5938,2830,0,1056,0,12.3,39,step_20,no_load,0.0
21.087346,0.588827,gripper,65.0,64.6568,89.064,88.5938,2830,0,1056,0,12.3,39,step_20,no_load,0.0
21.097616,0.599097,gripper,65.0,64.6568,89.064,88.5938,2830,0,1056,1,12.3,39,step_20,no_load,0.0
21.108002,0.609483,gripper,65.0,64.6568,89.064,88.5938,2830,0,1056,1,12.3,39,step_20,no_load,0.0
21.118113,0.619594,gripper,65.0,64.6568,89.064,88.5938,2830,0,1056,1,12.3,39,step_20,no_load,0.0
21.12895,0.630431,gripper,65.0,64.6568,89.064,88.5938,2830,0,1056,0,12.3,39,step_20,no_load,0.0
21.139312,0.640793,gripper,65.0,64.6568,89.064,88.5938,2830,0,1056,0,12.3,39,step_20,no_load,0.0
21.149596,0.651077,gripper,65.0,64.6568,89.064,88.5938,2830,0,1056,1,12.3,38,step_20,no_load,0.0
21.16009,0.661571,gripper,65.0,64.6568,89.064,88.5938,2830,0,1056,0,12.3,39,step_20,no_load,0.0
21.170334,0.671816,gripper,65.0,64.6568,89.064,88.5938,2830,0,1056,1,12.3,39,step_20,no_load,0.0
21.180525,0.682006,gripper,65.0,64.6568,89.064,88.5938,2830,0,1056,1,12.3,39,step_20,no_load,0.0
21.190851,0.692332,gripper,65.0,64.6568,89.064,88.5938,2830,0,1056,1,12.3,39,step_20,no_load,0.0
21.201089,0.70257,gripper,65.0,64.6568,89.064,88.5938,2830,0,1056,0,12.3,39,step_20,no_load,0.0
21.213665,0.715146,gripper,65.0,64.6568,89.064,88.5938,2830,0,1056,0,12.2,39,step_20,no_load,0.0
21.224221,0.725702,gripper,65.0,64.6568,89.064,88.5938,2830,0,1056,0,12.3,39,step_20,no_load,0.0
21.235203,0.736684,gripper,65.0,64.6568,89.064,88.5938,2830,0,1056,1,12.3,39,step_20,no_load,0.0
21.245942,0.747423,gripper,65.0,64.6568,89.064,88.5938,2830,0,1056,1,11.0,39,step_20,no_load,0.0
21.256541,0.758022,gripper,65.0,64.6568,89.064,88.5938,2830,0,1056,1,12.3,39,step_20,no_load,0.0
21.267169,0.76865,gripper,65.0,64.6568,89.064,88.5938,2830,0,1056,0,12.3,39,step_20,no_load,0.0
21.277383,0.778864,gripper,65.0,64.6568,89.064,88.5938,2830,0,1056,0,12.3,39,step_20,no_load,0.0
21.28761,0.789091,gripper,65.0,64.6568,89.064,88.5938,2830,0,1056,1,12.3,39,step_20,no_load,0.0
21.297855,0.799337,gripper,65.0,64.6568,89.064,88.5938,2830,0,1056,1,12.3,39,step_20,no_load,0.0
21.308233,0.809714,gripper,65.0,64.6568,89.064,88.5938,2830,0,1056,0,12.3,39,step_20,no_load,0.0
21.318706,0.820187,gripper,65.0,64.6568,89.064,88.5938,2830,0,1056,1,12.3,39,step_20,no_load,0.0
21.32902,0.830501,gripper,65.0,64.6568,89.064,88.5938,2830,0,1056,0,12.3,39,step_20,no_load,0.0
21.33962,0.841101,gripper,65.0,64.6568,89.064,88.5938,2830,0,1056,0,12.3,38,step_20,no_load,0.0
21.350318,0.851799,gripper,65.0,64.6568,89.064,88.5938,2830,0,1056,1,12.3,39,step_20,no_load,0.0
21.36097,0.862451,gripper,65.0,64.6568,89.064,88.5938,2830,0,1056,1,12.3,39,step_20,no_load,0.0
21.371311,0.872792,gripper,65.0,64.6568,89.064,88.5938,2830,0,1056,1,12.2,39,step_20,no_load,0.0
21.381583,0.883064,gripper,65.0,64.6568,89.064,88.5938,2830,0,1056,1,12.3,39,step_20,no_load,0.0
21.392192,0.893673,gripper,65.0,64.6568,89.064,88.5938,2830,0,1056,1,12.3,39,step_20,no_load,0.0
21.403072,0.904553,gripper,65.0,64.6568,89.064,88.5938,2830,0,1056,1,12.3,39,step_20,no_load,0.0
21.413464,0.914945,gripper,65.0,64.6568,89.064,88.5938,2830,0,1056,1,12.3,39,step_20,no_load,0.0
21.423833,0.925314,gripper,65.0,64.6568,89.064,88.5938,2830,0,1056,1,12.3,39,step_20,no_load,0.0
21.434151,0.935632,gripper,65.0,64.6568,89.064,88.5938,2830,0,1056,1,12.2,39,step_20,no_load,0.0
21.445257,0.946738,gripper,65.0,64.6568,89.064,88.5938,2830,0,1056,1,12.3,39,step_20,no_load,0.0
21.456102,0.957583,gripper,65.0,64.6568,89.064,88.5938,2830,0,1056,0,12.3,39,step_20,no_load,0.0
21.466699,0.96818,gripper,65.0,64.6568,89.064,88.5938,2830,0,1056,0,12.3,39,step_20,no_load,0.0
21.477204,0.978685,gripper,65.0,64.6568,89.064,88.5938,2830,0,1056,1,12.3,39,step_20,no_load,0.0
21.487716,0.989197,gripper,65.0,64.6568,89.064,88.5938,2830,0,1056,1,12.3,39,step_20,no_load,0.0
21.497872,0.999353,gripper,65.0,64.6568,89.064,88.5938,2830,0,1056,0,12.3,39,step_20,no_load,0.0
21.508511,1.009992,gripper,65.0,64.6568,89.064,88.5938,2830,0,1056,1,12.3,39,step_20,no_load,0.0
21.519256,1.020737,gripper,65.0,64.6568,89.064,88.5938,2830,0,1056,1,12.3,39,step_20,no_load,0.0
21.529573,1.031054,gripper,65.0,64.6568,89.064,88.5938,2830,0,1056,1,12.2,39,step_20,no_load,0.0
21.539934,1.041415,gripper,65.0,64.6568,89.064,88.5938,2830,0,1056,1,12.3,39,step_20,no_load,0.0
21.550676,1.052157,gripper,65.0,64.6568,89.064,88.5938,2830,0,1056,0,12.3,39,step_20,no_load,0.0
21.561368,1.062849,gripper,65.0,64.6568,89.064,88.5938,2830,0,1056,0,12.3,39,step_20,no_load,0.0
21.571818,1.073299,gripper,65.0,64.6568,89.064,88.5938,2830,0,1056,1,12.3,39,step_20,no_load,0.0
21.582892,1.084373,gripper,65.0,64.6568,89.064,88.5938,2830,0,1056,1,12.2,39,step_20,no_load,0.0
21.593215,1.094696,gripper,65.0,64.6568,89.064,88.5938,2830,0,1056,1,12.3,39,step_20,no_load,0.0
21.603611,1.105092,gripper,65.0,64.6568,89.064,88.5938,2830,0,1056,0,12.3,39,step_20,no_load,0.0
21.614357,1.115838,gripper,65.0,64.6568,89.064,88.5938,2830,0,1056,1,12.3,39,step_20,no_load,0.0
21.624747,1.126228,gripper,65.0,64.6568,89.064,88.5938,2830,0,1056,1,12.3,39,step_20,no_load,0.0
21.635167,1.136648,gripper,65.0,64.6568,89.064,88.5938,2830,0,1056,0,12.3,39,step_20,no_load,0.0
21.646177,1.147658,gripper,65.0,64.6568,89.064,88.5938,2830,0,1056,0,12.3,39,step_20,no_load,0.0
21.656892,1.158373,gripper,65.0,64.6568,89.064,88.5938,2830,0,1056,1,12.3,39,step_20,no_load,0.0
21.667381,1.168862,gripper,65.0,64.6568,89.064,88.5938,2830,0,1056,1,12.3,39,step_20,no_load,0.0
21.677578,1.179059,gripper,65.0,64.6568,89.064,88.5938,2830,0,1056,0,12.3,39,step_20,no_load,0.0
21.688362,1.189843,gripper,65.0,64.6568,89.064,88.5938,2830,0,1056,1,12.3,39,step_20,no_load,0.0
21.699504,5e-06,gripper,50.0,64.6568,68.5107,88.5938,2830,0,1052,1,12.3,39,step_20,no_load,0.0
21.710015,0.010516,gripper,50.0,64.6568,68.5107,88.5938,2830,0,1048,0,12.2,39,step_20,no_load,0.0
21.720775,0.021276,gripper,50.0,64.6568,68.5107,88.5938,2830,0,36,1,12.3,39,step_20,no_load,0.0
21.731779,0.032279,gripper,50.0,64.6568,68.5107,88.5938,2830,0,72,2,12.3,38,step_20,no_load,0.0
21.741954,0.042454,gripper,50.0,64.6568,68.5107,88.5938,2830,0,164,8,12.3,39,step_20,no_load,0.0
21.752934,0.053434,gripper,50.0,64.6568,68.5107,88.5938,2830,0,220,10,12.3,39,step_20,no_load,0.0
21.763505,0.064006,gripper,50.0,64.5285,68.5107,88.418,2828,0,316,22,12.2,39,step_20,no_load,-16.63
21.774553,0.075054,gripper,50.0,64.0795,68.5107,87.8027,2821,-300,372,21,12.3,39,step_20,no_load,-55.693
21.785197,0.085698,gripper,50.0,63.5022,68.5107,87.0117,2812,-300,412,20,12.2,39,step_20,no_load,-74.314
21.795648,0.096149,gripper,50.0,62.7967,68.5107,86.0449,2801,-850,460,19,12.2,39,step_20,no_load,-92.508
21.806499,0.107,gripper,50.0,61.9628,68.5107,84.9023,2788,-850,500,21,12.2,39,step_20,no_load,-105.299
21.816845,0.117345,gripper,50.0,61.0648,68.5107,83.6719,2774,-1250,500,10,12.3,39,step_20,no_load,-118.925
21.827727,0.128228,gripper,50.0,59.9102,68.5107,82.0898,2756,-1250,492,9,12.2,39,step_20,no_load,-145.387
21.838242,0.138743,gripper,50.0,58.7556,68.5107,80.5078,2738,-1550,416,0,12.4,39,step_20,no_load,-150.452
21.848785,0.149286,gripper,50.0,57.6652,68.5107,79.0137,2721,-1550,400,0,12.3,39,step_20,no_load,-141.715
21.859685,0.160185,gripper,50.0,56.5747,68.5107,77.5195,2704,-1600,344,0,12.3,39,step_20,no_load,-137.083
21.870339,0.17084,gripper,50.0,55.7409,68.5107,76.377,2691,-1400,312,0,12.3,39,step_20,no_load,-107.237
21.881615,0.182116,gripper,50.0,54.8428,68.5107,75.1465,2677,-1400,244,0,12.3,39,step_20,no_load,-109.126
21.892247,0.192748,gripper,50.0,54.1373,68.5107,74.1797,2666,-1100,200,0,12.3,38,step_20,no_load,-90.933
21.902361,0.202861,gripper,50.0,53.6241,68.5107,73.4766,2658,-1100,148,0,12.3,39,step_20,no_load,-69.518
21.91252,0.213021,gripper,50.0,53.111,68.5107,72.7734,2650,-850,124,0,12.3,39,step_20,no_load,-69.219
21.923205,0.223706,gripper,50.0,52.7261,68.5107,72.2461,2644,-850,128,0,12.3,39,step_20,no_load,-49.35
21.934056,0.234557,gripper,50.0,52.4054,68.5107,71.8066,2639,-550,104,0,12.3,39,step_20,no_load,-40.503
21.944251,0.244752,gripper,50.0,52.1488,68.5107,71.4551,2635,-550,104,1,12.3,39,step_20,no_load,-34.478
21.954971,0.255471,gripper,50.0,51.9564,68.5107,71.1914,2632,-400,88,2,12.3,39,step_20,no_load,-24.599
21.965686,0.266187,gripper,50.0,51.764,68.5107,70.9277,2629,-400,92,1,12.3,38,step_20,no_load,-24.61
21.976287,0.276788,gripper,50.0,51.5074,68.5107,70.5762,2625,-300,80,0,12.3,39,step_20,no_load,-33.157
21.987029,0.28753,gripper,50.0,51.3791,68.5107,70.4004,2623,-300,68,1,12.3,39,step_20,no_load,-16.366
21.997662,0.298163,gripper,50.0,51.1867,68.5107,70.1367,2620,-250,64,1,12.3,39,step_20,no_load,-24.8
22.008725,0.309226,gripper,50.0,51.0584,68.5107,69.9609,2618,-200,56,1,12.3,39,step_20,no_load,-15.891
22.018951,0.319452,gripper,50.0,50.9942,68.5107,69.873,2617,-200,60,1,12.3,39,step_20,no_load,-8.596
22.029737,0.330237,gripper,50.0,50.9301,68.5107,69.7852,2616,-100,52,1,12.3,39,step_20,no_load,-8.14
22.040345,0.340845,gripper,50.0,50.8018,68.5107,69.6094,2614,-100,48,0,12.3,39,step_20,no_load,-16.572
22.050664,0.351165,gripper,50.0,50.7377,68.5107,69.5215,2613,-150,44,0,12.3,39,step_20,no_load,-8.518
22.061672,0.362173,gripper,50.0,50.6735,68.5107,69.4336,2612,-150,44,0,12.3,38,step_20,no_load,-7.985
22.072832,0.373333,gripper,50.0,50.6094,68.5107,69.3457,2611,-100,40,1,12.3,39,step_20,no_load,-7.876
22.083488,0.383989,gripper,50.0,50.5452,68.5107,69.2578,2610,-100,40,1,12.3,38,step_20,no_load,-8.249
22.094307,0.394808,gripper,50.0,50.5452,68.5107,69.2578,2610,-50,40,1,12.3,39,step_20,no_load,0.0
22.105043,0.405544,gripper,50.0,50.4811,68.5107,69.1699,2609,-50,36,1,12.3,39,step_20,no_load,-8.187
22.115767,0.416268,gripper,50.0,50.4169,68.5107,69.082,2608,-100,28,0,12.3,39,step_20,no_load,-8.197
22.126842,0.427343,gripper,50.0,50.4169,68.5107,69.082,2608,-100,28,1,12.3,39,step_20,no_load,0.0
22.137719,0.43822,gripper,50.0,50.4169,68.5107,69.082,2608,0,36,1,12.3,39,step_20,no_load,0.0
22.148985,0.449486,gripper,50.0,50.3528,68.5107,68.9941,2607,-50,32,0,12.3,39,step_20,no_load,-7.802
22.159397,0.459897,gripper,50.0,50.3528,68.5107,68.9941,2607,-50,28,1,12.3,39,step_20,no_load,0.0
22.169713,0.470214,gripper,50.0,50.3528,68.5107,68.9941,2607,0,28,1,12.3,39,step_20,no_load,0.0
22.180431,0.480932,gripper,50.0,50.2886,68.5107,68.9062,2606,0,28,1,12.3,39,step_20,no_load,-8.201
22.191012,0.491512,gripper,50.0,50.2886,68.5107,68.9062,2606,-50,28,1,12.3,39,step_20,no_load,0.0
22.201899,0.5024,gripper,50.0,50.2886,68.5107,68.9062,2606,-50,24,1,12.3,38,step_20,no_load,0.0
22.212788,0.513289,gripper,50.0,50.2886,68.5107,68.9062,2606,0,24,1,12.3,39,step_20,no_load,0.0
22.223721,0.524222,gripper,50.0,50.2886,68.5107,68.9062,2606,0,28,1,12.3,39,step_20,no_load,0.0
22.234408,0.534908,gripper,50.0,50.2886,68.5107,68.9062,2606,0,28,1,12.3,39,step_20,no_load,0.0
22.245539,0.54604,gripper,50.0,50.2886,68.5107,68.9062,2606,0,28,0,12.3,39,step_20,no_load,0.0
22.255858,0.556359,gripper,50.0,50.2886,68.5107,68.9062,2606,0,28,0,12.3,39,step_20,no_load,0.0
22.266299,0.5668,gripper,50.0,50.2886,68.5107,68.9062,2606,0,28,1,12.2,39,step_20,no_load,0.0
22.276796,0.577296,gripper,50.0,50.2886,68.5107,68.9062,2606,0,28,1,12.3,39,step_20,no_load,0.0
22.286948,0.587449,gripper,50.0,50.2886,68.5107,68.9062,2606,0,28,1,12.3,38,step_20,no_load,0.0
22.297197,0.597698,gripper,50.0,50.2886,68.5107,68.9062,2606,0,28,1,12.3,39,step_20,no_load,0.0
22.307491,0.607992,gripper,50.0,50.2886,68.5107,68.9062,2606,0,28,1,12.3,39,step_20,no_load,0.0
22.318527,0.619028,gripper,50.0,50.2886,68.5107,68.9062,2606,0,28,1,12.3,39,step_20,no_load,0.0
22.329138,0.629639,gripper,50.0,50.2886,68.5107,68.9062,2606,0,28,1,12.2,39,step_20,no_load,0.0
22.339506,0.640007,gripper,50.0,50.2886,68.5107,68.9062,2606,0,28,0,12.3,39,step_20,no_load,0.0
22.349841,0.650342,gripper,50.0,50.2886,68.5107,68.9062,2606,0,28,0,12.3,39,step_20,no_load,0.0
22.360009,0.66051,gripper,50.0,50.2886,68.5107,68.9062,2606,0,28,1,12.3,39,step_20,no_load,0.0
22.370514,0.671014,gripper,50.0,50.2886,68.5107,68.9062,2606,0,28,0,12.3,38,step_20,no_load,0.0
22.380811,0.681311,gripper,50.0,50.2886,68.5107,68.9062,2606,0,28,1,12.3,39,step_20,no_load,0.0
22.391425,0.691926,gripper,50.0,50.2886,68.5107,68.9062,2606,0,28,1,12.3,39,step_20,no_load,0.0
22.40196,0.702461,gripper,50.0,50.2886,68.5107,68.9062,2606,0,28,1,12.3,39,step_20,no_load,0.0
22.412892,0.713393,gripper,50.0,50.2886,68.5107,68.9062,2606,0,28,1,12.3,39,step_20,no_load,0.0
22.423719,0.724219,gripper,50.0,50.2886,68.5107,68.9062,2606,0,28,1,12.3,39,step_20,no_load,0.0
22.434269,0.73477,gripper,50.0,50.2886,68.5107,68.9062,2606,0,28,1,12.3,39,step_20,no_load,0.0
22.444905,0.745405,gripper,50.0,50.2886,68.5107,68.9062,2606,0,28,1,12.3,39,step_20,no_load,0.0
22.455212,0.755713,gripper,50.0,50.2886,68.5107,68.9062,2606,0,28,1,12.3,39,step_20,no_load,0.0
22.465912,0.766413,gripper,50.0,50.2886,68.5107,68.9062,2606,0,28,1,12.3,39,step_20,no_load,0.0
22.476551,0.777052,gripper,50.0,50.2886,68.5107,68.9062,2606,0,28,0,12.3,39,step_20,no_load,0.0
22.486971,0.787471,gripper,50.0,50.2886,68.5107,68.9062,2606,0,28,1,12.3,39,step_20,no_load,0.0
22.497295,0.797796,gripper,50.0,50.2886,68.5107,68.9062,2606,0,28,0,12.3,39,step_20,no_load,0.0
22.50786,0.808361,gripper,50.0,50.2886,68.5107,68.9062,2606,0,28,0,12.2,39,step_20,no_load,0.0
22.518558,0.819059,gripper,50.0,50.2886,68.5107,68.9062,2606,0,28,1,12.3,39,step_20,no_load,0.0
22.528964,0.829465,gripper,50.0,50.2886,68.5107,68.9062,2606,0,28,1,12.3,39,step_20,no_load,0.0
22.539135,0.839635,gripper,50.0,50.2886,68.5107,68.9062,2606,0,28,1,12.3,39,step_20,no_load,0.0
22.5493,0.849801,gripper,50.0,50.2886,68.5107,68.9062,2606,0,28,0,12.3,39,step_20,no_load,0.0
22.559659,0.86016,gripper,50.0,50.2886,68.5107,68.9062,2606,0,28,1,12.3,39,step_20,no_load,0.0
22.570309,0.870809,gripper,50.0,50.2886,68.5107,68.9062,2606,0,28,0,12.3,39,step_20,no_load,0.0
22.580911,0.881412,gripper,50.0,50.2886,68.5107,68.9062,2606,0,28,1,12.3,39,step_20,no_load,0.0
22.591188,0.891689,gripper,50.0,50.2886,68.5107,68.9062,2606,0,28,1,12.3,39,step_20,no_load,0.0
22.601822,0.902323,gripper,50.0,50.2886,68.5107,68.9062,2606,0,28,1,12.3,39,step_20,no_load,0.0
22.612863,0.913363,gripper,50.0,50.2886,68.5107,68.9062,2606,0,28,1,12.3,39,step_20,no_load,0.0
22.623621,0.924122,gripper,50.0,50.2886,68.5107,68.9062,2606,0,28,1,12.3,38,step_20,no_load,0.0
22.634593,0.935094,gripper,50.0,50.2886,68.5107,68.9062,2606,0,28,1,12.3,39,step_20,no_load,0.0
22.644755,0.945256,gripper,50.0,50.2886,68.5107,68.9062,2606,0,28,0,12.3,39,step_20,no_load,0.0
22.655391,0.955892,gripper,50.0,50.2886,68.5107,68.9062,2606,0,28,0,12.3,38,step_20,no_load,0.0
22.666013,0.966514,gripper,50.0,50.2886,68.5107,68.9062,2606,0,28,1,12.3,39,step_20,no_load,0.0
22.676198,0.976699,gripper,50.0,50.2886,68.5107,68.9062,2606,0,28,1,12.3,39,step_20,no_load,0.0
22.686853,0.987354,gripper,50.0,50.2886,68.5107,68.9062,2606,0,28,0,12.3,39,step_20,no_load,0.0
22.69766,0.99816,gripper,50.0,50.2886,68.5107,68.9062,2606,0,28,0,12.3,37,step_20,no_load,0.0
22.707944,1.008445,gripper,50.0,50.2886,68.5107,68.9062,2606,0,28,0,12.3,39,step_20,no_load,0.0
22.719035,1.019536,gripper,50.0,50.2886,68.5107,68.9062,2606,0,28,0,12.3,39,step_20,no_load,0.0
22.729626,1.030127,gripper,50.0,50.2886,68.5107,68.9062,2606,0,28,1,12.3,39,step_20,no_load,0.0
22.740111,1.040611,gripper,50.0,50.2886,68.5107,68.9062,2606,0,28,1,12.3,39,step_20,no_load,0.0
22.750694,1.051195,gripper,50.0,50.2886,68.5107,68.9062,2606,0,28,0,12.3,39,step_20,no_load,0.0
22.760978,1.061479,gripper,50.0,50.2886,68.5107,68.9062,2606,0,28,1,12.3,39,step_20,no_load,0.0
22.772137,1.072638,gripper,50.0,50.2886,68.5107,68.9062,2606,0,28,1,12.3,39,step_20,no_load,0.0
22.78252,1.08302,gripper,50.0,50.2886,68.5107,68.9062,2606,0,28,1,12.3,39,step_20,no_load,0.0
22.792678,1.093179,gripper,50.0,50.2886,68.5107,68.9062,2606,0,28,1,12.3,39,step_20,no_load,0.0
22.803475,1.103976,gripper,50.0,50.2886,68.5107,68.9062,2606,0,28,1,12.3,39,step_20,no_load,0.0
22.814132,1.114633,gripper,50.0,50.2886,68.5107,68.9062,2606,0,28,1,12.3,39,step_20,no_load,0.0
22.824641,1.125142,gripper,50.0,50.2886,68.5107,68.9062,2606,0,28,1,12.3,39,step_20,no_load,0.0
22.834924,1.135425,gripper,50.0,50.2886,68.5107,68.9062,2606,0,28,1,12.3,39,step_20,no_load,0.0
22.845667,1.146168,gripper,50.0,50.2886,68.5107,68.9062,2606,0,28,0,12.3,39,step_20,no_load,0.0
22.856245,1.156746,gripper,50.0,50.2886,68.5107,68.9062,2606,0,28,1,12.3,39,step_20,no_load,0.0
22.866998,1.167499,gripper,50.0,50.2886,68.5107,68.9062,2606,0,28,0,12.3,39,step_20,no_load,0.0
22.877594,1.178095,gripper,50.0,50.2886,68.5107,68.9062,2606,0,28,1,12.3,39,step_20,no_load,0.0
22.887823,1.188324,gripper,50.0,50.2886,68.5107,68.9062,2606,0,28,0,12.3,39,step_20,no_load,0.0
22.898001,1.198502,gripper,50.0,50.2886,68.5107,68.9062,2606,0,28,1,12.3,38,step_20,no_load,0.0
22.908997,4e-06,gripper,65.0,50.2886,89.064,68.9062,2606,0,28,1,12.3,39,step_20,no_load,0.0
22.919452,0.010459,gripper,65.0,50.2886,89.064,68.9062,2606,0,20,0,12.3,39,step_20,no_load,0.0
22.930058,0.021065,gripper,65.0,50.2886,89.064,68.9062,2606,0,1044,1,12.2,39,step_20,no_load,0.0
22.940732,0.031739,gripper,65.0,50.2886,89.064,68.9062,2606,0,1100,2,12.3,39,step_20,no_load,0.0
22.951038,0.042045,gripper,65.0,50.2886,89.064,68.9062,2606,0,1196,9,12.2,39,step_20,no_load,0.0
22.961359,0.052366,gripper,65.0,50.2886,89.064,68.9062,2606,0,1248,11,12.2,39,step_20,no_load,0.0
22.97178,0.062787,gripper,65.0,50.3528,89.064,68.9941,2607,0,1340,18,12.2,39,step_20,no_load,8.435
22.982052,0.073059,gripper,65.0,50.7377,89.064,69.5215,2613,400,1384,20,12.2,38,step_20,no_load,51.343
22.992396,0.083403,gripper,65.0,51.3791,89.064,70.4004,2623,400,1416,19,12.2,39,step_20,no_load,84.967
23.002567,0.093574,gripper,65.0,52.0205,89.064,71.2793,2633,950,1468,22,12.2,39,step_20,no_load,86.412
23.012914,0.103921,gripper,65.0,52.8544,89.064,72.4219,2646,950,1520,23,12.2,38,step_20,no_load,110.428
23.024017,0.115024,gripper,65.0,53.8807,89.064,73.8281,2662,1350,1524,14,12.2,39,step_20,no_load,126.65
23.03501,0.126017,gripper,65.0,54.907,89.064,75.2344,2678,1350,1492,8,12.3,39,step_20,no_load,127.927
23.046284,0.137291,gripper,65.0,56.1257,89.064,76.9043,2697,1550,1488,6,12.3,39,step_20,no_load,148.12
23.056633,0.14764,gripper,65.0,57.0879,89.064,78.2227,2712,1550,1428,0,12.3,39,step_20,no_load,127.394
23.067003,0.15801,gripper,65.0,58.1783,89.064,79.7168,2729,1500,1404,0,12.3,39,step_20,no_load,144.079
23.077402,0.168409,gripper,65.0,59.0122,89.064,80.8594,2742,1500,1336,0,12.3,39,step_20,no_load,109.876
23.087613,0.17862,gripper,65.0,59.9102,89.064,82.0898,2756,1400,1296,0,12.4,39,step_20,no_load,120.498
23.097879,0.188886,gripper,65.0,60.6799,89.064,83.1445,2768,1400,1232,0,12.3,39,step_20,no_load,102.737
23.108186,0.199193,gripper,65.0,61.2572,89.064,83.9355,2777,1100,1196,0,12.3,39,step_20,no_load,76.744
23.119025,0.210032,gripper,65.0,61.7704,89.064,84.6387,2785,1100,1156,0,12.3,39,step_20,no_load,64.877
23.129691,0.220698,gripper,65.0,62.1552,89.064,85.166,2791,800,1156,1,12.3,39,step_20,no_load,49.437
23.140203,0.23121,gripper,65.0,62.4759,89.064,85.6055,2796,800,1136,1,12.3,39,step_20,no_load,41.809
23.15091,0.241917,gripper,65.0,62.7325,89.064,85.957,2800,500,1140,1,12.3,39,step_20,no_load,32.829
23.161432,0.252439,gripper,65.0,63.0532,89.064,86.3965,2805,400,1124,1,12.3,39,step_20,no_load,41.77
23.172352,0.263359,gripper,65.0,63.2457,89.064,86.6602,2808,400,1116,1,12.3,39,step_20,no_load,24.148
23.182551,0.273558,gripper,65.0,63.4381,89.064,86.9238,2811,300,1104,1,12.3,39,step_20,no_load,25.846
23.193014,0.284021,gripper,65.0,63.5664,89.064,87.0996,2813,300,1096,1,12.3,39,step_20,no_load,16.802
23.203408,0.294415,gripper,65.0,63.7588,89.064,87.3633,2816,200,1088,1,12.3,39,step_20,no_load,25.37
23.214438,0.305445,gripper,65.0,63.8871,89.064,87.5391,2818,200,1088,1,12.3,42,step_20,no_load,15.938
23.224599,0.315606,gripper,65.0,63.9513,89.064,87.627,2819,200,1080,0,12.3,39,step_20,no_load,8.651
23.235103,0.32611,gripper,65.0,64.0795,89.064,87.8027,2821,200,1076,1,12.3,39,step_20,no_load,16.727
23.247704,0.338711,gripper,65.0,64.2078,89.064,87.9785,2823,150,1068,0,12.3,39,step_20,no_load,13.951
23.258164,0.349171,gripper,65.0,64.272,89.064,88.0664,2824,150,1072,1,12.3,39,step_20,no_load,8.403
23.268299,0.359307,gripper,65.0,64.3361,89.064,88.1543,2825,100,1068,1,12.3,39,step_20,no_load,8.673
23.278505,0.369512,gripper,65.0,64.4003,89.064,88.2422,2826,100,1064,1,11.0,39,step_20,no_load,8.613
23.288946,0.379953,gripper,65.0,64.4644,89.064,88.3301,2827,100,1060,1,12.3,39,step_20,no_load,8.419
23.2993,0.390307,gripper,65.0,64.4644,89.064,88.3301,2827,100,1060,0,12.3,39,step_20,no_load,0.0
23.309489,0.400496,gripper,65.0,64.5285,89.064,88.418,2828,50,1060,0,12.3,39,step_20,no_load,8.627
23.320389,0.411396,gripper,65.0,64.5285,89.064,88.418,2828,50,1060,1,12.3,39,step_20,no_load,0.0
23.330773,0.42178,gripper,65.0,64.5285,89.064,88.418,2828,50,1064,1,12.3,39,step_20,no_load,0.0
23.340933,0.43194,gripper,65.0,64.5927,89.064,88.5059,2829,50,1060,1,12.3,39,step_20,no_load,8.652
23.351635,0.442642,gripper,65.0,64.5927,89.064,88.5059,2829,50,1056,0,12.3,39,step_20,no_load,0.0
23.361774,0.452781,gripper,65.0,64.6568,89.064,88.5938,2830,50,1052,0,12.3,39,step_20,no_load,8.669
23.372656,0.463663,gripper,65.0,64.6568,89.064,88.5938,2830,50,1052,1,12.3,39,step_20,no_load,0.0
23.382768,0.473775,gripper,65.0,64.6568,89.064,88.5938,2830,0,1052,1,12.3,39,step_20,no_load,0.0
23.392986,0.483993,gripper,65.0,64.6568,89.064,88.5938,2830,0,1056,1,12.3,39,step_20,no_load,0.0
23.403548,0.494555,gripper,65.0,64.6568,89.064,88.5938,2830,0,1056,1,12.3,39,step_20,no_load,0.0
23.414204,0.505211,gripper,65.0,64.6568,89.064,88.5938,2830,0,1056,1,12.3,39,step_20,no_load,0.0
23.425065,0.516072,gripper,65.0,64.6568,89.064,88.5938,2830,0,1056,1,12.3,39,step_20,no_load,0.0
23.43519,0.526197,gripper,65.0,64.6568,89.064,88.5938,2830,0,1056,0,12.3,39,step_20,no_load,0.0
23.445805,0.536812,gripper,65.0,64.6568,89.064,88.5938,2830,0,1056,1,12.3,39,step_20,no_load,0.0
23.456182,0.547189,gripper,65.0,64.6568,89.064,88.5938,2830,0,1056,0,12.3,39,step_20,no_load,0.0
23.466718,0.557725,gripper,65.0,64.6568,89.064,88.5938,2830,0,1056,1,12.3,39,step_20,no_load,0.0
23.47707,0.568077,gripper,65.0,64.6568,89.064,88.5938,2830,0,1056,0,12.3,39,step_20,no_load,0.0
23.487946,0.578953,gripper,65.0,64.6568,89.064,88.5938,2830,0,1056,0,12.3,39,step_20,no_load,0.0
23.498541,0.589548,gripper,65.0,64.6568,89.064,88.5938,2830,0,1056,0,12.3,39,step_20,no_load,0.0
23.509018,0.600025,gripper,65.0,64.6568,89.064,88.5938,2830,0,1056,1,12.3,39,step_20,no_load,0.0
23.519303,0.61031,gripper,65.0,64.6568,89.064,88.5938,2830,0,1056,1,12.3,39,step_20,no_load,0.0
23.529389,0.620396,gripper,65.0,64.6568,89.064,88.5938,2830,0,1056,1,12.3,39,step_20,no_load,0.0
23.539997,0.631004,gripper,65.0,64.6568,89.064,88.5938,2830,0,1056,0,12.3,39,step_20,no_load,0.0
23.550958,0.641965,gripper,65.0,64.6568,89.064,88.5938,2830,0,1056,0,12.3,39,step_20,no_load,0.0
23.561983,0.65299,gripper,65.0,64.6568,89.064,88.5938,2830,0,1056,1,12.3,39,step_20,no_load,0.0
23.572195,0.663202,gripper,65.0,64.6568,89.064,88.5938,2830,0,1056,1,12.3,39,step_20,no_load,0.0
23.583008,0.674015,gripper,65.0,64.6568,89.064,88.5938,2830,0,1056,1,12.3,39,step_20,no_load,0.0
23.593091,0.684098,gripper,65.0,64.6568,89.064,88.5938,2830,0,1056,1,12.3,39,step_20,no_load,0.0
23.603935,0.694942,gripper,65.0,64.6568,89.064,88.5938,2830,0,1056,1,12.3,39,step_20,no_load,0.0
23.614134,0.705141,gripper,65.0,64.6568,89.064,88.5938,2830,0,1056,0,12.3,39,step_20,no_load,0.0
23.624335,0.715342,gripper,65.0,64.6568,89.064,88.5938,2830,0,1056,1,12.3,39,step_20,no_load,0.0
23.634453,0.72546,gripper,65.0,64.6568,89.064,88.5938,2830,0,1056,1,12.3,39,step_20,no_load,0.0
23.645418,0.736425,gripper,65.0,64.6568,89.064,88.5938,2830,0,1056,1,12.3,39,step_20,no_load,0.0
23.656193,0.7472,gripper,65.0,64.6568,89.064,88.5938,2830,0,1056,1,12.3,39,step_20,no_load,0.0
23.666356,0.757363,gripper,65.0,64.6568,89.064,88.5938,2830,0,1056,1,12.3,39,step_20,no_load,0.0
23.67671,0.767717,gripper,65.0,64.6568,89.064,88.5938,2830,0,1056,1,12.3,39,step_20,no_load,0.0
23.68731,0.778317,gripper,65.0,64.6568,89.064,88.5938,2830,0,1056,1,12.2,39,step_20,no_load,0.0
23.697472,0.788479,gripper,65.0,64.6568,89.064,88.5938,2830,0,1056,1,12.3,39,step_20,no_load,0.0
23.707923,0.79893,gripper,65.0,64.6568,89.064,88.5938,2830,0,1056,1,12.3,39,step_20,no_load,0.0
23.718078,0.809085,gripper,65.0,64.6568,89.064,88.5938,2830,0,1056,1,12.3,39,step_20,no_load,0.0
23.728464,0.819471,gripper,65.0,64.6568,89.064,88.5938,2830,0,1056,1,12.3,39,step_20,no_load,0.0
23.738666,0.829673,gripper,65.0,64.6568,89.064,88.5938,2830,0,1056,1,12.3,39,step_20,no_load,0.0
23.748908,0.839915,gripper,65.0,64.6568,89.064,88.5938,2830,0,1056,1,12.3,39,step_20,no_load,0.0
23.759037,0.850044,gripper,65.0,64.6568,89.064,88.5938,2830,0,1056,1,12.3,39,step_20,no_load,0.0
23.769131,0.860138,gripper,65.0,64.6568,89.064,88.5938,2830,0,1056,1,12.3,39,step_20,no_load,0.0
23.779747,0.870754,gripper,65.0,64.6568,89.064,88.5938,2830,0,1056,1,12.3,39,step_20,no_load,0.0
23.789904,0.880911,gripper,65.0,64.6568,89.064,88.5938,2830,0,1056,1,12.3,39,step_20,no_load,0.0
23.800363,0.89137,gripper,65.0,64.6568,89.064,88.5938,2830,0,1056,0,12.2,39,step_20,no_load,0.0
23.810814,0.901821,gripper,65.0,64.6568,89.064,88.5938,2830,0,1056,1,12.3,39,step_20,no_load,0.0
23.821034,0.912041,gripper,65.0,64.6568,89.064,88.5938,2830,0,1056,1,12.3,38,step_20,no_load,0.0
23.831368,0.922375,gripper,65.0,64.6568,89.064,88.5938,2830,0,1056,1,12.2,39,step_20,no_load,0.0
23.841469,0.932476,gripper,65.0,64.6568,89.064,88.5938,2830,0,1056,0,12.3,39,step_20,no_load,0.0
23.851939,0.942946,gripper,65.0,64.6568,89.064,88.5938,2830,0,1056,1,12.2,39,step_20,no_load,0.0
23.862139,0.953146,gripper,65.0,64.6568,89.064,88.5938,2830,0,1056,1,12.3,39,step_20,no_load,0.0
23.872801,0.963808,gripper,65.0,64.6568,89.064,88.5938,2830,0,1056,1,12.3,39,step_20,no_load,0.0
23.883198,0.974205,gripper,65.0,64.6568,89.064,88.5938,2830,0,1056,1,12.3,39,step_20,no_load,0.0
23.893928,0.984935,gripper,65.0,64.6568,89.064,88.5938,2830,0,1056,1,12.3,39,step_20,no_load,0.0
23.904487,0.995494,gripper,65.0,64.6568,89.064,88.5938,2830,0,1056,1,12.3,39,step_20,no_load,0.0
23.914885,1.005892,gripper,65.0,64.6568,89.064,88.5938,2830,0,1056,0,12.3,39,step_20,no_load,0.0
23.925255,1.016262,gripper,65.0,64.6568,89.064,88.5938,2830,0,1056,1,12.3,39,step_20,no_load,0.0
23.93543,1.026437,gripper,65.0,64.6568,89.064,88.5938,2830,0,1056,0,12.3,39,step_20,no_load,0.0
23.945678,1.036685,gripper,65.0,64.6568,89.064,88.5938,2830,0,1056,0,12.3,39,step_20,no_load,0.0
23.956716,1.047723,gripper,65.0,64.6568,89.064,88.5938,2830,0,1056,1,12.3,39,step_20,no_load,0.0
23.967069,1.058076,gripper,65.0,64.6568,89.064,88.5938,2830,0,1056,1,12.3,39,step_20,no_load,0.0
23.97758,1.068587,gripper,65.0,64.6568,89.064,88.5938,2830,0,1056,1,12.3,39,step_20,no_load,0.0
23.987855,1.078862,gripper,65.0,64.6568,89.064,88.5938,2830,0,1056,1,12.3,38,step_20,no_load,0.0
23.997949,1.088956,gripper,65.0,64.6568,89.064,88.5938,2830,0,1056,1,12.3,39,step_20,no_load,0.0
24.008399,1.099406,gripper,65.0,64.6568,89.064,88.5938,2830,0,1056,1,12.3,39,step_20,no_load,0.0
24.019442,1.110449,gripper,65.0,64.6568,89.064,88.5938,2830,0,1056,1,12.2,39,step_20,no_load,0.0
24.02999,1.120997,gripper,65.0,64.6568,89.064,88.5938,2830,0,1056,1,12.3,39,step_20,no_load,0.0
24.040349,1.131356,gripper,65.0,64.6568,89.064,88.5938,2830,0,1056,0,12.3,39,step_20,no_load,0.0
24.050872,1.141879,gripper,65.0,64.6568,89.064,88.5938,2830,0,1056,0,12.3,39,step_20,no_load,0.0
24.061066,1.152073,gripper,65.0,64.6568,89.064,88.5938,2830,0,1056,1,12.3,39,step_20,no_load,0.0
24.071922,1.162929,gripper,65.0,64.6568,89.064,88.5938,2830,0,1056,0,12.3,39,step_20,no_load,0.0
24.082215,1.173222,gripper,65.0,64.6568,89.064,88.5938,2830,0,1056,1,12.3,39,step_20,no_load,0.0
24.092374,1.183381,gripper,65.0,64.6568,89.064,88.5938,2830,0,1056,0,12.3,39,step_20,no_load,0.0
24.102904,1.193911,gripper,65.0,64.6568,89.064,88.5938,2830,0,1056,1,12.3,39,step_20,no_load,0.0
