time,time_since_command,joint_name,commanded_norm,actual_norm,commanded_deg,actual_deg,raw_ticks,speed_raw,load_raw,current_raw,voltage,temperature,experiment_id,load_condition,measured_vel_deg_s
0.001034,3e-06,shoulder_lift,0.0,1.7843,0.0,2.0215,2054,0,104,5,12.3,37,triangle,no_load,0.0
0.011773,0.010743,shoulder_lift,0.0,1.7843,0.0,2.0215,2054,0,104,5,12.3,36,triangle,no_load,0.0
0.022925,0.021894,shoulder_lift,0.0,1.7843,0.0,2.0215,2054,0,104,5,12.3,36,triangle,no_load,0.0
0.033918,0.032888,shoulder_lift,0.0,1.7843,0.0,2.0215,2054,0,104,5,12.3,36,triangle,no_load,0.0
0.044182,0.043152,shoulder_lift,0.0,1.7843,0.0,2.0215,2054,0,104,5,12.3,36,triangle,no_load,0.0
0.055181,0.054151,shoulder_lift,0.0,1.7843,0.0,2.0215,2054,0,104,5,12.3,36,triangle,no_load,0.0
0.065427,0.064397,shoulder_lift,0.0,1.7843,0.0,2.0215,2054,0,104,5,12.3,36,triangle,no_load,0.0
0.076439,0.075409,shoulder_lift,0.0,1.7843,0.0,2.0215,2054,0,104,4,12.3,36,triangle,no_load,0.0
0.087093,0.086063,shoulder_lift,0.0,1.7843,0.0,2.0215,2054,0,104,6,12.3,36,triangle,no_load,0.0
0.097906,0.096876,shoulder_lift,0.0,1.7843,0.0,2.0215,2054,0,104,5,12.3,36,triangle,no_load,0.0
0.108645,0.107615,shoulder_lift,0.0,1.7843,0.0,2.0215,2054,0,104,5,12.3,36,triangle,no_load,0.0
0.119299,0.118269,shoulder_lift,0.0,1.7843,0.0,2.0215,2054,0,104,5,12.3,36,triangle,no_load,0.0
0.129624,0.128594,shoulder_lift,0.0,1.7843,0.0,2.0215,2054,0,104,5,12.3,36,triangle,no_load,0.0
0.140681,0.139651,shoulder_lift,0.0,1.7843,0.0,2.0215,2054,0,104,5,12.3,36,triangle,no_load,0.0
0.151627,0.150597,shoulder_lift,0.0,1.7843,0.0,2.0215,2054,0,104,5,12.3,36,triangle,no_load,0.0
0.162199,0.161169,shoulder_lift,0.0,1.7843,0.0,2.0215,2054,0,104,5,12.3,36,triangle,no_load,0.0
0.172728,0.171698,shoulder_lift,0.0,1.7843,0.0,2.0215,2054,0,104,5,12.3,36,triangle,no_load,0.0
0.183026,0.181996,shoulder_lift,0.0,1.7843,0.0,2.0215,2054,0,104,5,12.3,36,triangle,no_load,0.0
0.193784,0.192754,shoulder_lift,0.0,1.7843,0.0,2.0215,2054,0,104,5,12.3,36,triangle,no_load,0.0
0.204371,0.203341,shoulder_lift,0.0,1.7843,0.0,2.0215,2054,0,104,5,12.3,36,triangle,no_load,0.0
0.21495,0.21392,shoulder_lift,0.0,1.7843,0.0,2.0215,2054,0,104,4,12.3,36,triangle,no_load,0.0
0.225212,0.224182,shoulder_lift,0.0,1.7843,0.0,2.0215,2054,0,104,5,12.3,36,triangle,no_load,0.0
0.235854,0.234824,shoulder_lift,0.0,1.7843,0.0,2.0215,2054,0,104,6,12.3,36,triangle,no_load,0.0
0.246141,0.245111,shoulder_lift,0.0,1.7843,0.0,2.0215,2054,0,104,5,12.3,36,triangle,no_load,0.0
0.256703,0.255673,shoulder_lift,0.0,1.7843,0.0,2.0215,2054,0,104,5,12.3,36,triangle,no_load,0.0
0.267005,0.265975,shoulder_lift,0.0,1.7843,0.0,2.0215,2054,0,104,5,12.3,36,triangle,no_load,0.0
0.277226,0.276196,shoulder_lift,0.0,1.7843,0.0,2.0215,2054,0,104,5,12.3,36,triangle,no_load,0.0
0.287826,0.286796,shoulder_lift,0.0,1.7843,0.0,2.0215,2054,0,104,5,12.3,36,triangle,no_load,0.0
0.298708,0.297678,shoulder_lift,0.0,1.7843,0.0,2.0215,2054,0,104,5,12.3,36,triangle,no_load,0.0
0.309347,0.308317,shoulder_lift,0.0,1.7843,0.0,2.0215,2054,0,104,5,12.3,37,triangle,no_load,0.0
0.31957,0.31854,shoulder_lift,0.0,1.7843,0.0,2.0215,2054,0,104,4,12.3,36,triangle,no_load,0.0
0.330117,0.329087,shoulder_lift,0.0,1.7843,0.0,2.0215,2054,0,104,5,12.3,36,triangle,no_load,0.0
0.340917,0.339887,shoulder_lift,0.0,1.7843,0.0,2.0215,2054,0,104,5,12.3,36,triangle,no_load,0.0
0.351504,0.350474,shoulder_lift,0.0,1.7843,0.0,2.0215,2054,0,104,5,12.3,36,triangle,no_load,0.0
0.36228,0.36125,shoulder_lift,0.0,1.7843,0.0,2.0215,2054,0,104,5,12.3,36,triangle,no_load,0.0
0.372885,0.371855,shoulder_lift,0.0,1.7843,0.0,2.0215,2054,0,104,5,12.3,36,triangle,no_load,0.0
0.383063,0.382033,shoulder_lift,0.0,1.7843,0.0,2.0215,2054,0,104,5,12.3,36,triangle,no_load,0.0
0.393572,0.392542,shoulder_lift,0.0,1.7843,0.0,2.0215,2054,0,104,5,12.3,36,triangle,no_load,0.0
0.404145,0.403115,shoulder_lift,0.0,1.7843,0.0,2.0215,2054,0,104,3,12.3,36,triangle,no_load,0.0
0.415071,0.414041,shoulder_lift,0.0,1.7843,0.0,2.0215,2054,0,104,5,12.3,36,triangle,no_load,0.0
0.425534,0.424504,shoulder_lift,0.0,1.7843,0.0,2.0215,2054,0,104,5,12.3,36,triangle,no_load,0.0
0.436333,0.435303,shoulder_lift,0.0,1.7843,0.0,2.0215,2054,0,104,4,12.3,36,triangle,no_load,0.0
0.447307,0.446277,shoulder_lift,0.0,1.7843,0.0,2.0215,2054,0,104,5,12.3,36,triangle,no_load,0.0
0.458194,0.457164,shoulder_lift,0.0,1.7843,0.0,2.0215,2054,0,104,5,12.3,36,triangle,no_load,0.0
0.468309,0.467279,shoulder_lift,0.0,1.7843,0.0,2.0215,2054,0,104,5,12.3,36,triangle,no_load,0.0
0.478887,0.477856,shoulder_lift,0.0,1.7843,0.0,2.0215,2054,0,104,5,12.3,37,triangle,no_load,0.0
0.489059,0.488028,shoulder_lift,0.0,1.7843,0.0,2.0215,2054,0,104,5,12.3,36,triangle,no_load,0.0
0.499151,0.498121,shoulder_lift,0.0,1.7843,0.0,2.0215,2054,0,104,4,12.3,36,triangle,no_load,0.0
0.51018,0.50915,shoulder_lift,0.0,1.7843,0.0,2.0215,2054,0,104,5,12.3,36,triangle,no_load,0.0
0.520733,0.519703,shoulder_lift,0.0,1.7843,0.0,2.0215,2054,0,104,5,12.3,36,triangle,no_load,0.0
0.531757,0.530727,shoulder_lift,0.0,1.7843,0.0,2.0215,2054,0,104,7,12.3,36,triangle,no_load,0.0
0.542289,0.541259,shoulder_lift,0.0,1.7843,0.0,2.0215,2054,0,104,5,12.3,36,triangle,no_load,0.0
0.55337,0.55234,shoulder_lift,0.0,1.7843,0.0,2.0215,2054,0,104,4,12.3,36,triangle,no_load,0.0
0.564027,0.562997,shoulder_lift,0.0,1.7843,0.0,2.0215,2054,0,104,4,12.3,36,triangle,no_load,0.0
0.575077,0.574046,shoulder_lift,0.0,1.7843,0.0,2.0215,2054,0,104,4,12.3,36,triangle,no_load,0.0
0.585656,0.584625,shoulder_lift,0.0,1.7843,0.0,2.0215,2054,0,104,5,12.3,36,triangle,no_load,0.0
0.595758,0.594728,shoulder_lift,0.0,1.7843,0.0,2.0215,2054,0,104,6,12.3,36,triangle,no_load,0.0
0.606388,0.605358,shoulder_lift,0.0,1.7843,0.0,2.0215,2054,0,104,4,12.3,36,triangle,no_load,0.0
0.616507,0.615476,shoulder_lift,0.0,1.7843,0.0,2.0215,2054,0,104,4,12.3,36,triangle,no_load,0.0
0.627084,0.626054,shoulder_lift,0.0,1.7843,0.0,2.0215,2054,0,104,5,12.3,36,triangle,no_load,0.0
0.637685,0.636655,shoulder_lift,0.0,1.7843,0.0,2.0215,2054,0,104,5,12.3,36,triangle,no_load,0.0
0.648394,0.647364,shoulder_lift,0.0,1.7843,0.0,2.0215,2054,0,104,4,12.4,36,triangle,no_load,0.0
0.658994,0.657964,shoulder_lift,0.0,1.7843,0.0,2.0215,2054,0,104,5,12.3,36,triangle,no_load,0.0
0.670037,0.669007,shoulder_lift,0.0,1.7843,0.0,2.0215,2054,0,104,5,12.3,36,triangle,no_load,0.0
0.680643,0.679613,shoulder_lift,0.0,1.7843,0.0,2.0215,2054,0,104,5,12.3,36,triangle,no_load,0.0
0.691243,0.690213,shoulder_lift,0.0,1.7843,0.0,2.0215,2054,0,104,5,12.3,36,triangle,no_load,0.0
0.701868,0.700838,shoulder_lift,0.0,1.7843,0.0,2.0215,2054,0,104,5,12.3,36,triangle,no_load,0.0
0.712008,0.710978,shoulder_lift,0.0,1.7843,0.0,2.0215,2054,0,104,4,12.3,36,triangle,no_load,0.0
0.722669,0.721639,shoulder_lift,0.0,1.7843,0.0,2.0215,2054,0,104,5,12.3,36,triangle,no_load,0.0
0.733307,0.732277,shoulder_lift,0.0,1.7843,0.0,2.0215,2054,0,104,5,12.3,36,triangle,no_load,0.0
0.743406,0.742376,shoulder_lift,0.0,1.7843,0.0,2.0215,2054,0,104,5,12.3,36,triangle,no_load,0.0
0.754015,0.752985,shoulder_lift,0.0,1.7843,0.0,2.0215,2054,0,104,5,12.3,36,triangle,no_load,0.0
0.764458,0.763428,shoulder_lift,0.0,1.7843,0.0,2.0215,2054,0,104,5,12.3,36,triangle,no_load,0.0
0.775499,0.774469,shoulder_lift,0.0,1.7843,0.0,2.0215,2054,0,104,4,12.3,36,triangle,no_load,0.0
0.786542,0.785512,shoulder_lift,0.0,1.7843,0.0,2.0215,2054,0,104,5,12.3,36,triangle,no_load,0.0
0.79671,0.79568,shoulder_lift,0.0,1.7843,0.0,2.0215,2054,0,104,5,12.3,36,triangle,no_load,0.0
0.807886,0.806856,shoulder_lift,0.0,1.7843,0.0,2.0215,2054,0,104,7,12.3,36,triangle,no_load,0.0
0.818332,0.817301,shoulder_lift,0.0,1.7843,0.0,2.0215,2054,0,104,5,12.3,36,triangle,no_load,0.0
0.829343,0.828313,shoulder_lift,0.0,1.7843,0.0,2.0215,2054,0,104,6,12.3,36,triangle,no_load,0.0
0.84035,0.83932,shoulder_lift,0.0,1.7843,0.0,2.0215,2054,0,104,5,12.3,36,triangle,no_load,0.0
0.851749,0.850719,shoulder_lift,0.0,1.7843,0.0,2.0215,2054,0,104,5,12.3,36,triangle,no_load,0.0
0.862851,0.861821,shoulder_lift,0.0,1.7843,0.0,2.0215,2054,0,104,4,12.3,36,triangle,no_load,0.0
0.873515,0.872485,shoulder_lift,0.0,1.7843,0.0,2.0215,2054,0,104,5,12.3,36,triangle,no_load,0.0
0.883674,0.882644,shoulder_lift,0.0,1.7843,0.0,2.0215,2054,0,104,4,12.3,36,triangle,no_load,0.0
0.894251,0.893221,shoulder_lift,0.0,1.7843,0.0,2.0215,2054,0,104,5,12.3,36,triangle,no_load,0.0
0.905374,0.904344,shoulder_lift,0.0,1.7843,0.0,2.0215,2054,0,104,4,12.3,36,triangle,no_load,0.0
0.915964,0.914934,shoulder_lift,0.0,1.7843,0.0,2.0215,2054,0,104,5,12.3,36,triangle,no_load,0.0
0.926731,0.925701,shoulder_lift,0.0,1.7843,0.0,2.0215,2054,0,104,5,12.3,36,triangle,no_load,0.0
0.937357,0.936327,shoulder_lift,0.0,1.7843,0.0,2.0215,2054,0,104,5,12.3,36,triangle,no_load,0.0
0.947455,0.946424,shoulder_lift,0.0,1.7843,0.0,2.0215,2054,0,104,5,12.3,36,triangle,no_load,0.0
0.958026,0.956996,shoulder_lift,0.0,1.7843,0.0,2.0215,2054,0,104,5,12.3,36,triangle,no_load,0.0
0.968107,0.967077,shoulder_lift,0.0,1.7843,0.0,2.0215,2054,0,104,5,12.3,36,triangle,no_load,0.0
0.978686,0.977655,shoulder_lift,0.0,1.7843,0.0,2.0215,2054,0,104,5,12.3,36,triangle,no_load,0.0
0.988769,0.987739,shoulder_lift,0.0,1.7843,0.0,2.0215,2054,0,104,5,12.3,36,triangle,no_load,0.0
0.999255,0.998225,shoulder_lift,0.0,1.7843,0.0,2.0215,2054,0,104,6,12.3,36,triangle,no_load,0.0
1.010841,2e-06,shoulder_lift,30.0,1.7843,33.9873,2.0215,2054,0,104,5,12.3,36,triangle,no_load,0.0
1.021515,0.010675,shoulder_lift,30.0,1.7843,33.9873,2.0215,2054,0,96,5,12.3,36,triangle,no_load,0.0
1.031613,0.020773,shoulder_lift,30.0,1.7843,33.9873,2.0215,2054,0,76,3,12.3,36,triangle,no_load,0.0
1.041799,0.030959,shoulder_lift,30.0,1.7843,33.9873,2.0215,2054,0,1044,0,12.3,36,triangle,no_load,0.0
1.052539,0.041699,shoulder_lift,30.0,1.7843,33.9873,2.0215,2054,0,1080,0,12.3,36,triangle,no_load,0.0
1.062931,0.052091,shoulder_lift,30.0,1.7843,33.9873,2.0215,2054,0,1160,4,12.3,36,triangle,no_load,0.0
1.073048,0.062208,shoulder_lift,30.0,1.9395,33.9873,2.1973,2056,0,1208,6,12.3,36,triangle,no_load,17.377
1.083613,0.072773,shoulder_lift,30.0,2.3274,33.9873,2.6367,2061,200,1296,11,12.3,36,triangle,no_load,41.59
1.094234,0.083395,shoulder_lift,30.0,2.7153,33.9873,3.0762,2066,200,1352,13,12.2,36,triangle,no_load,41.38
1.104832,0.093992,shoulder_lift,30.0,3.4135,33.9873,3.8672,2075,500,1428,19,12.3,36,triangle,no_load,74.637
1.115439,0.1046,shoulder_lift,30.0,4.3445,33.9873,4.9219,2087,500,1492,24,12.2,36,triangle,no_load,99.434
1.126074,0.115234,shoulder_lift,30.0,5.353,33.9873,6.0645,2100,1000,1564,27,12.2,36,triangle,no_load,107.438
1.136653,0.125813,shoulder_lift,30.0,6.6718,33.9873,7.5586,2117,1450,1632,35,12.2,36,triangle,no_load,141.233
1.146783,0.135943,shoulder_lift,30.0,8.0683,33.9873,9.1406,2135,1450,1672,28,12.2,36,triangle,no_load,156.17
1.157455,0.146615,shoulder_lift,30.0,9.775,33.9873,11.0742,2157,1900,1700,13,12.3,36,triangle,no_load,181.184
1.168524,0.157684,shoulder_lift,30.0,11.7145,33.9873,13.2715,2182,1900,1648,5,12.3,36,triangle,no_load,198.509
1.179065,0.168225,shoulder_lift,30.0,13.4213,33.9873,15.2051,2204,2250,1576,0,12.4,36,triangle,no_load,183.436
1.18917,0.17833,shoulder_lift,30.0,15.3607,33.9873,17.4023,2229,2250,1560,0,12.3,36,triangle,no_load,217.437
1.199416,0.188576,shoulder_lift,30.0,17.0675,33.9873,19.3359,2251,2250,1496,0,12.3,36,triangle,no_load,188.718
1.210517,0.199677,shoulder_lift,30.0,18.7742,33.9873,21.2695,2273,2250,1468,0,12.3,36,triangle,no_load,174.183
1.221115,0.210275,shoulder_lift,30.0,20.3258,33.9873,23.0273,2293,2000,1420,0,12.4,36,triangle,no_load,165.861
1.231475,0.220635,shoulder_lift,30.0,21.5671,33.9873,24.4336,2309,2000,1392,0,12.3,36,triangle,no_load,135.743
1.242075,0.231235,shoulder_lift,30.0,22.8084,33.9873,25.8398,2325,1550,1336,0,12.3,36,triangle,no_load,132.66
1.252192,0.241352,shoulder_lift,30.0,23.7393,33.9873,26.8945,2337,1550,1288,0,12.3,36,triangle,no_load,104.25
1.262396,0.251556,shoulder_lift,30.0,24.4375,33.9873,27.6855,2346,1250,1240,0,12.3,36,triangle,no_load,77.519
1.272552,0.261712,shoulder_lift,30.0,24.9806,33.9873,28.3008,2353,1250,1212,0,12.3,36,triangle,no_load,60.585
1.283133,0.272293,shoulder_lift,30.0,25.4461,33.9873,28.8281,2359,700,1220,0,12.3,36,triangle,no_load,49.835
1.293229,0.282389,shoulder_lift,30.0,25.9116,33.9873,29.3555,2365,700,1196,0,12.3,36,triangle,no_load,52.239
1.303826,0.292986,shoulder_lift,30.0,26.4546,33.9873,29.9707,2372,650,1164,0,12.3,36,triangle,no_load,58.054
1.314355,0.303515,shoulder_lift,30.0,26.8425,33.9873,30.4102,2377,650,1140,0,12.3,36,triangle,no_load,41.742
1.32498,0.31414,shoulder_lift,30.0,27.2304,33.9873,30.8496,2382,500,1144,0,12.3,36,triangle,no_load,41.355
1.336075,0.325235,shoulder_lift,30.0,27.5407,33.9873,31.2012,2386,400,1128,1,12.3,36,triangle,no_load,31.69
1.346748,0.335908,shoulder_lift,30.0,27.7735,33.9873,31.4648,2389,400,1120,0,12.3,36,triangle,no_load,24.698
1.356866,0.346026,shoulder_lift,30.0,28.0838,33.9873,31.8164,2393,300,1104,0,12.3,58,triangle,no_load,34.75
1.367797,0.356957,shoulder_lift,30.0,28.3165,33.9873,32.0801,2396,300,1100,0,12.3,36,triangle,no_load,24.124
1.377884,0.367044,shoulder_lift,30.0,28.4717,33.9873,32.2559,2398,300,1096,0,12.3,36,triangle,no_load,17.428
1.388494,0.377654,shoulder_lift,30.0,28.6268,33.9873,32.4316,2400,300,1088,0,12.3,36,triangle,no_load,16.56
1.399219,0.388379,shoulder_lift,30.0,28.7044,33.9873,32.5195,2401,150,1092,1,12.3,36,triangle,no_load,8.196
1.409438,0.398598,shoulder_lift,30.0,28.782,33.9873,32.6074,2402,150,1088,1,12.3,36,triangle,no_load,8.602
1.420084,0.409244,shoulder_lift,30.0,28.9372,33.9873,32.7832,2404,100,1080,1,12.3,37,triangle,no_load,16.513
1.430703,0.419863,shoulder_lift,30.0,29.0147,33.9873,32.8711,2405,100,1076,0,12.3,36,triangle,no_load,8.278
1.441364,0.430524,shoulder_lift,30.0,29.0923,33.9873,32.959,2406,100,1076,1,12.3,36,triangle,no_load,8.245
1.452477,0.441637,shoulder_lift,30.0,29.0923,33.9873,32.959,2406,100,1072,1,12.3,36,triangle,no_load,0.0
1.462534,0.451694,shoulder_lift,30.0,29.1699,33.9873,33.0469,2407,100,1076,0,12.3,36,triangle,no_load,8.74
1.47331,0.46247,shoulder_lift,30.0,29.2475,33.9873,33.1348,2408,100,1072,1,12.3,36,triangle,no_load,8.157
1.483911,0.473071,shoulder_lift,30.0,29.3251,33.9873,33.2227,2409,50,1068,1,12.3,36,triangle,no_load,8.292
1.494817,0.483977,shoulder_lift,30.0,29.3251,33.9873,33.2227,2409,50,1068,0,12.3,36,triangle,no_load,0.0
1.505822,0.494982,shoulder_lift,30.0,29.4026,33.9873,33.3105,2410,50,1060,0,12.3,36,triangle,no_load,7.978
1.515977,0.505137,shoulder_lift,30.0,29.4026,33.9873,33.3105,2410,50,1060,0,12.3,36,triangle,no_load,0.0
1.526109,0.515269,shoulder_lift,30.0,29.4026,33.9873,33.3105,2410,50,1068,1,12.3,36,triangle,no_load,0.0
1.536685,0.525845,shoulder_lift,30.0,29.4026,33.9873,33.3105,2410,0,1068,0,12.3,36,triangle,no_load,0.0
1.547183,0.536343,shoulder_lift,30.0,29.4026,33.9873,33.3105,2410,0,1068,1,12.3,36,triangle,no_load,0.0
1.557812,0.546972,shoulder_lift,30.0,29.4026,33.9873,33.3105,2410,0,1068,1,12.3,36,triangle,no_load,0.0
1.568929,0.558089,shoulder_lift,30.0,29.4026,33.9873,33.3105,2410,0,1068,1,12.3,36,triangle,no_load,0.0
1.579557,0.568717,shoulder_lift,30.0,29.4026,33.9873,33.3105,2410,0,1068,0,12.3,36,triangle,no_load,0.0
1.589629,0.578789,shoulder_lift,30.0,29.4026,33.9873,33.3105,2410,0,1068,1,12.3,36,triangle,no_load,0.0
1.600009,0.589169,shoulder_lift,30.0,29.4026,33.9873,33.3105,2410,0,1068,1,12.3,36,triangle,no_load,0.0
1.610608,0.599768,shoulder_lift,30.0,29.4026,33.9873,33.3105,2410,0,1068,1,12.3,36,triangle,no_load,0.0
1.621198,0.610358,shoulder_lift,30.0,29.4026,33.9873,33.3105,2410,0,1068,1,12.2,36,triangle,no_load,0.0
1.631808,0.620968,shoulder_lift,30.0,29.4026,33.9873,33.3105,2410,0,1068,1,12.3,36,triangle,no_load,0.0
1.642968,0.632128,shoulder_lift,30.0,29.4026,33.9873,33.3105,2410,0,1068,1,12.3,36,triangle,no_load,0.0
1.653598,0.642758,shoulder_lift,30.0,29.4026,33.9873,33.3105,2410,0,1068,0,12.2,36,triangle,no_load,0.0
1.663863,0.653024,shoulder_lift,30.0,29.4026,33.9873,33.3105,2410,0,1068,1,12.3,36,triangle,no_load,0.0
1.67449,0.66365,shoulder_lift,30.0,29.4026,33.9873,33.3105,2410,0,1068,1,12.3,36,triangle,no_load,0.0
1.684649,0.673809,shoulder_lift,30.0,29.4026,33.9873,33.3105,2410,0,1068,1,12.3,36,triangle,no_load,0.0
1.695281,0.684441,shoulder_lift,30.0,29.4026,33.9873,33.3105,2410,0,1068,1,12.3,36,triangle,no_load,0.0
1.705443,0.694603,shoulder_lift,30.0,29.4026,33.9873,33.3105,2410,0,1068,2,12.3,36,triangle,no_load,0.0
1.716071,0.705231,shoulder_lift,30.0,29.4026,33.9873,33.3105,2410,0,1068,0,12.4,36,triangle,no_load,0.0
1.727067,0.716227,shoulder_lift,30.0,29.4026,33.9873,33.3105,2410,0,1068,1,12.3,36,triangle,no_load,0.0
1.737694,0.726854,shoulder_lift,30.0,29.4026,33.9873,33.3105,2410,0,1068,1,12.3,36,triangle,no_load,0.0
1.748763,0.737923,shoulder_lift,30.0,29.4026,33.9873,33.3105,2410,0,1068,1,12.3,36,triangle,no_load,0.0
1.759233,0.748393,shoulder_lift,30.0,29.4026,33.9873,33.3105,2410,0,1068,1,12.3,36,triangle,no_load,0.0
1.769649,0.758809,shoulder_lift,30.0,29.4026,33.9873,33.3105,2410,0,1068,1,12.3,36,triangle,no_load,0.0
1.779753,0.768913,shoulder_lift,30.0,29.4026,33.9873,33.3105,2410,0,1068,1,12.3,36,triangle,no_load,0.0
1.790425,0.779585,shoulder_lift,30.0,29.4026,33.9873,33.3105,2410,0,1068,0,12.3,36,triangle,no_load,0.0
1.800842,0.790002,shoulder_lift,30.0,29.4026,33.9873,33.3105,2410,0,1068,0,12.3,36,triangle,no_load,0.0
1.811441,0.800601,shoulder_lift,30.0,29.4026,33.9873,33.3105,2410,0,1068,1,12.3,36,triangle,no_load,0.0
1.82159,0.81075,shoulder_lift,30.0,29.4026,33.9873,33.3105,2410,0,1068,1,12.3,36,triangle,no_load,0.0
1.832168,0.821328,shoulder_lift,30.0,29.4026,33.9873,33.3105,2410,0,1068,0,12.3,36,triangle,no_load,0.0
1.842284,0.831444,shoulder_lift,30.0,29.4026,33.9873,33.3105,2410,0,1068,0,12.3,36,triangle,no_load,0.0
1.852948,0.842108,shoulder_lift,30.0,29.4026,33.9873,33.3105,2410,0,1068,1,12.3,36,triangle,no_load,0.0
1.86353,0.85269,shoulder_lift,30.0,29.4026,33.9873,33.3105,2410,0,1068,1,12.3,36,triangle,no_load,0.0
1.874108,0.863268,shoulder_lift,30.0,29.4026,33.9873,33.3105,2410,0,1068,1,12.3,36,triangle,no_load,0.0
1.884348,0.873508,shoulder_lift,30.0,29.4026,33.9873,33.3105,2410,0,1068,1,12.3,36,triangle,no_load,0.0
1.894925,0.884085,shoulder_lift,30.0,29.4026,33.9873,33.3105,2410,0,1068,1,12.3,36,triangle,no_load,0.0
1.90507,0.89423,shoulder_lift,30.0,29.4026,33.9873,33.3105,2410,0,1068,1,12.3,36,triangle,no_load,0.0
1.91571,0.90487,shoulder_lift,30.0,29.4026,33.9873,33.3105,2410,0,1068,1,12.3,36,triangle,no_load,0.0
1.926817,0.915977,shoulder_lift,30.0,29.4026,33.9873,33.3105,2410,0,1068,0,12.3,36,triangle,no_load,0.0
1.937475,0.926635,shoulder_lift,30.0,29.4026,33.9873,33.3105,2410,0,1068,1,12.3,36,triangle,no_load,0.0
1.947641,0.936801,shoulder_lift,30.0,29.4026,33.9873,33.3105,2410,0,1068,1,12.3,36,triangle,no_load,0.0
1.958218,0.947378,shoulder_lift,30.0,29.4026,33.9873,33.3105,2410,0,1068,1,12.3,36,triangle,no_load,0.0
1.968281,0.957441,shoulder_lift,30.0,29.4026,33.9873,33.3105,2410,0,1068,1,12.3,36,triangle,no_load,0.0
1.978858,0.968018,shoulder_lift,30.0,29.4026,33.9873,33.3105,2410,0,1068,1,12.3,36,triangle,no_load,0.0
1.988986,0.978146,shoulder_lift,30.0,29.4026,33.9873,33.3105,2410,0,1068,1,12.3,36,triangle,no_load,0.0
1.999564,0.988724,shoulder_lift,30.0,29.4026,33.9873,33.3105,2410,0,1068,1,12.3,36,triangle,no_load,0.0
2.00966,0.99882,shoulder_lift,30.0,29.4026,33.9873,33.3105,2410,0,1068,1,12.3,36,triangle,no_load,0.0
2.020259,1.009419,shoulder_lift,30.0,29.4026,33.9873,33.3105,2410,0,1068,1,12.3,36,triangle,no_load,0.0
2.030838,1.019998,shoulder_lift,30.0,29.4026,33.9873,33.3105,2410,0,1068,0,12.3,36,triangle,no_load,0.0
2.041849,1.031009,shoulder_lift,30.0,29.4026,33.9873,33.3105,2410,0,1068,0,12.3,36,triangle,no_load,0.0
2.052451,1.041611,shoulder_lift,30.0,29.4026,33.9873,33.3105,2410,0,1068,2,12.3,36,triangle,no_load,0.0
2.063479,1.052639,shoulder_lift,30.0,29.4026,33.9873,33.3105,2410,0,1068,1,12.3,36,triangle,no_load,0.0
2.074278,1.063439,shoulder_lift,30.0,29.4026,33.9873,33.3105,2410,0,1068,1,12.3,36,triangle,no_load,0.0
2.084403,1.073563,shoulder_lift,30.0,29.4026,33.9873,33.3105,2410,0,1068,1,12.3,36,triangle,no_load,0.0
2.09498,1.08414,shoulder_lift,30.0,29.4026,33.9873,33.3105,2410,0,1068,1,12.3,36,triangle,no_load,0.0
2.105987,1.095147,shoulder_lift,30.0,29.4026,33.9873,33.3105,2410,0,1068,1,12.3,36,triangle,no_load,0.0
2.116569,1.105729,shoulder_lift,30.0,29.4026,33.9873,33.3105,2410,0,1068,1,12.3,36,triangle,no_load,0.0
2.127613,1.116773,shoulder_lift,30.0,29.4026,33.9873,33.3105,2410,0,1068,1,12.3,36,triangle,no_load,0.0
2.138152,1.127312,shoulder_lift,30.0,29.4026,33.9873,33.3105,2410,0,1068,1,12.3,36,triangle,no_load,0.0
2.148259,1.13742,shoulder_lift,30.0,29.4026,33.9873,33.3105,2410,0,1068,1,12.3,36,triangle,no_load,0.0
2.15883,1.14799,shoulder_lift,30.0,29.4026,33.9873,33.3105,2410,0,1068,1,12.3,36,triangle,no_load,0.0
2.168926,1.158086,shoulder_lift,30.0,29.4026,33.9873,33.3105,2410,0,1068,1,12.3,36,triangle,no_load,0.0
2.179542,1.168702,shoulder_lift,30.0,29.4026,33.9873,33.3105,2410,0,1068,1,12.3,36,triangle,no_load,0.0
2.190526,1.179686,shoulder_lift,30.0,29.4026,33.9873,33.3105,2410,0,1068,1,12.3,36,triangle,no_load,0.0
2.201125,1.190285,shoulder_lift,30.0,29.4026,33.9873,33.3105,2410,0,1068,0,12.3,36,triangle,no_load,0.0
2.211307,1.200468,shoulder_lift,30.0,29.4026,33.9873,33.3105,2410,0,1068,1,12.3,36,triangle,no_load,0.0
2.221934,1.211094,shoulder_lift,30.0,29.4026,33.9873,33.3105,2410,0,1068,0,12.3,36,triangle,no_load,0.0
2.23208,1.22124,shoulder_lift,30.0,29.4026,33.9873,33.3105,2410,0,1068,1,12.3,36,triangle,no_load,0.0
2.242684,1.231844,shoulder_lift,30.0,29.4026,33.9873,33.3105,2410,0,1068,1,12.3,36,triangle,no_load,0.0
2.252777,1.241937,shoulder_lift,30.0,29.4026,33.9873,33.3105,2410,0,1068,1,12.3,36,triangle,no_load,0.0
2.263449,1.252609,shoulder_lift,30.0,29.4026,33.9873,33.3105,2410,0,1068,1,12.3,36,triangle,no_load,0.0
2.273575,1.262735,shoulder_lift,30.0,29.4026,33.9873,33.3105,2410,0,1068,1,12.4,36,triangle,no_load,0.0
2.284153,1.273313,shoulder_lift,30.0,29.4026,33.9873,33.3105,2410,0,1068,1,12.3,36,triangle,no_load,0.0
2.294307,1.283467,shoulder_lift,30.0,29.4026,33.9873,33.3105,2410,0,1068,1,12.3,36,triangle,no_load,0.0
2.304934,1.294094,shoulder_lift,30.0,29.4026,33.9873,33.3105,2410,0,1068,1,12.3,36,triangle,no_load,0.0
2.315977,1.305137,shoulder_lift,30.0,29.4026,33.9873,33.3105,2410,0,1068,0,12.3,36,triangle,no_load,0.0
2.326552,1.315712,shoulder_lift,30.0,29.4026,33.9873,33.3105,2410,0,1068,1,12.3,36,triangle,no_load,0.0
2.3376,1.32676,shoulder_lift,30.0,29.4026,33.9873,33.3105,2410,0,1068,1,12.3,36,triangle,no_load,0.0
2.348224,1.337384,shoulder_lift,30.0,29.4026,33.9873,33.3105,2410,0,1068,1,12.3,36,triangle,no_load,0.0
2.35833,1.34749,shoulder_lift,30.0,29.4026,33.9873,33.3105,2410,0,1068,1,12.3,36,triangle,no_load,0.0
2.368575,1.357735,shoulder_lift,30.0,29.4026,33.9873,33.3105,2410,0,1068,1,12.3,36,triangle,no_load,0.0
2.379107,1.368267,shoulder_lift,30.0,29.4026,33.9873,33.3105,2410,0,1068,1,12.3,36,triangle,no_load,0.0
2.389702,1.378862,shoulder_lift,30.0,29.4026,33.9873,33.3105,2410,0,1068,1,12.3,36,triangle,no_load,0.0
2.400725,1.389885,shoulder_lift,30.0,29.4026,33.9873,33.3105,2410,0,1068,1,12.3,36,triangle,no_load,0.0
2.411386,1.400547,shoulder_lift,30.0,29.4026,33.9873,33.3105,2410,0,1068,1,12.3,36,triangle,no_load,0.0
2.42152,1.41068,shoulder_lift,30.0,29.4026,33.9873,33.3105,2410,0,1068,1,12.3,36,triangle,no_load,0.0
2.432115,1.421275,shoulder_lift,30.0,29.4026,33.9873,33.3105,2410,0,1068,1,12.3,36,triangle,no_load,0.0
2.442697,1.431857,shoulder_lift,30.0,29.4026,33.9873,33.3105,2410,0,1068,1,12.3,36,triangle,no_load,0.0
2.453275,1.442436,shoulder_lift,30.0,29.4026,33.9873,33.3105,2410,0,1068,1,12.3,36,triangle,no_load,0.0
2.463785,1.452945,shoulder_lift,30.0,29.4026,33.9873,33.3105,2410,0,1068,1,12.3,36,triangle,no_load,0.0
2.474417,1.463577,shoulder_lift,30.0,29.4026,33.9873,33.3105,2410,0,1068,1,12.3,36,triangle,no_load,0.0
2.485204,1.474364,shoulder_lift,30.0,29.4026,33.9873,33.3105,2410,0,1068,1,12.3,36,triangle,no_load,0.0
2.496192,1.485352,shoulder_lift,30.0,29.4026,33.9873,33.3105,2410,0,1068,1,12.3,36,triangle,no_load,0.0
2.506791,1.495951,shoulder_lift,30.0,29.4026,33.9873,33.3105,2410,0,1068,0,12.3,36,triangle,no_load,0.0
2.517401,1.506561,shoulder_lift,30.0,29.4026,33.9873,33.3105,2410,0,1068,1,12.3,36,triangle,no_load,0.0
2.527891,1.517051,shoulder_lift,30.0,29.4026,33.9873,33.3105,2410,0,1068,1,12.3,36,triangle,no_load,0.0
2.538749,1.527909,shoulder_lift,30.0,29.4026,33.9873,33.3105,2410,0,1068,1,12.3,36,triangle,no_load,0.0
2.549222,1.538382,shoulder_lift,30.0,29.4026,33.9873,33.3105,2410,0,1068,0,12.3,36,triangle,no_load,0.0
2.559354,1.548514,shoulder_lift,30.0,29.4026,33.9873,33.3105,2410,0,1068,0,12.3,36,triangle,no_load,0.0
2.569931,1.559091,shoulder_lift,30.0,29.4026,33.9873,33.3105,2410,0,1068,1,12.3,36,triangle,no_load,0.0
2.580038,1.569198,shoulder_lift,30.0,29.4026,33.9873,33.3105,2410,0,1068,1,12.3,36,triangle,no_load,0.0
2.590695,1.579855,shoulder_lift,30.0,29.4026,33.9873,33.3105,2410,0,1068,1,12.3,36,triangle,no_load,0.0
2.60132,1.59048,shoulder_lift,30.0,29.4026,33.9873,33.3105,2410,0,1068,0,12.3,36,triangle,no_load,0.0
2.612446,1e-06,shoulder_lift,0.0,29.4026,0.0,33.3105,2410,0,1068,0,12.3,36,triangle,no_load,0.0
2.623118,0.010673,shoulder_lift,0.0,29.4026,0.0,33.3105,2410,0,1056,0,12.3,36,triangle,no_load,0.0
2.633221,0.020776,shoulder_lift,0.0,29.4026,0.0,33.3105,2410,0,20,0,12.3,36,triangle,no_load,0.0
2.643803,0.031358,shoulder_lift,0.0,29.4026,0.0,33.3105,2410,0,64,2,12.3,36,triangle,no_load,0.0
2.654867,0.042422,shoulder_lift,0.0,29.4026,0.0,33.3105,2410,0,108,6,12.3,36,triangle,no_load,0.0
2.665505,0.05306,shoulder_lift,0.0,29.3251,0.0,33.2227,2409,0,200,10,12.3,36,triangle,no_load,-8.253
2.676497,0.064052,shoulder_lift,0.0,29.2475,0.0,33.1348,2408,-100,304,22,12.2,36,triangle,no_load,-7.997
2.687073,0.074628,shoulder_lift,0.0,28.8596,0.0,32.6953,2403,-100,352,18,12.3,36,triangle,no_load,-41.556
2.697228,0.084783,shoulder_lift,0.0,28.1614,0.0,31.9043,2394,-550,388,15,12.2,36,triangle,no_load,-77.893
2.707806,0.095361,shoulder_lift,0.0,27.308,0.0,30.9375,2383,-550,444,20,12.2,36,triangle,no_load,-91.397
2.717892,0.105447,shoulder_lift,0.0,26.4546,0.0,29.9707,2372,-1050,528,32,12.2,36,triangle,no_load,-95.856
2.728582,0.116137,shoulder_lift,0.0,25.9116,0.0,29.3555,2365,-1050,624,51,12.2,36,triangle,no_load,-57.549
2.739556,0.127111,shoulder_lift,0.0,24.7479,0.0,28.0371,2350,-850,744,76,12.1,36,triangle,no_load,-120.139
2.749672,0.137227,shoulder_lift,0.0,23.429,0.0,26.543,2333,-850,784,79,12.1,36,triangle,no_load,-147.697
2.760432,0.147987,shoulder_lift,0.0,21.7998,0.0,24.6973,2312,-1700,748,53,12.2,36,triangle,no_load,-171.533
2.771056,0.158611,shoulder_lift,0.0,20.1707,0.0,22.8516,2291,-1700,760,56,12.2,36,triangle,no_load,-173.729
2.782142,0.169697,shoulder_lift,0.0,18.3863,0.0,20.8301,2268,-2050,696,34,12.2,36,triangle,no_load,-182.347
2.792991,0.180546,shoulder_lift,0.0,16.5244,0.0,18.7207,2244,-2100,676,33,12.2,36,triangle,no_load,-194.433
2.803093,0.190648,shoulder_lift,0.0,14.8953,0.0,16.875,2223,-2100,608,19,12.3,36,triangle,no_load,-182.706
2.813672,0.201227,shoulder_lift,0.0,13.2661,0.0,15.0293,2202,-2000,588,17,12.3,36,triangle,no_load,-174.468
2.824525,0.21208,shoulder_lift,0.0,11.7921,0.0,13.3594,2183,-2000,524,9,12.2,36,triangle,no_load,-153.865
2.835134,0.222689,shoulder_lift,0.0,10.2405,0.0,11.6016,2163,-1800,448,5,12.3,36,triangle,no_load,-165.69
2.845498,0.233053,shoulder_lift,0.0,9.0768,0.0,10.2832,2148,-1800,400,4,12.3,36,triangle,no_load,-127.21
2.855586,0.243141,shoulder_lift,0.0,7.9131,0.0,8.9648,2133,-1500,308,0,12.3,36,triangle,no_load,-130.69
2.866645,0.2542,shoulder_lift,0.0,6.827,0.0,7.7344,2119,-1500,252,0,12.4,36,triangle,no_load,-111.258
2.877272,0.264827,shoulder_lift,0.0,5.9736,0.0,6.7676,2108,-1250,224,0,12.3,36,triangle,no_load,-90.976
2.887354,0.274909,shoulder_lift,0.0,5.1978,0.0,5.8887,2098,-1250,184,0,12.3,36,triangle,no_load,-87.175
2.897935,0.28549,shoulder_lift,0.0,4.6548,0.0,5.2734,2091,-850,180,0,12.3,36,triangle,no_load,-58.151
2.90854,0.296094,shoulder_lift,0.0,4.1893,0.0,4.7461,2085,-850,156,1,12.3,36,triangle,no_load,-49.722
2.919209,0.306764,shoulder_lift,0.0,3.8014,0.0,4.3066,2080,-550,168,3,12.2,36,triangle,no_load,-41.194
2.929789,0.317344,shoulder_lift,0.0,3.5687,0.0,4.043,2077,-550,156,4,12.3,36,triangle,no_load,-24.915
2.940845,0.3284,shoulder_lift,0.0,3.4135,0.0,3.8672,2075,-350,164,5,12.2,36,triangle,no_load,-15.901
2.951508,0.339063,shoulder_lift,0.0,3.2583,0.0,3.6914,2073,-350,156,8,12.3,36,triangle,no_load,-16.487
2.961593,0.349148,shoulder_lift,0.0,3.1032,0.0,3.5156,2071,-200,156,7,12.3,36,triangle,no_load,-17.432
2.972174,0.359729,shoulder_lift,0.0,2.948,0.0,3.3398,2069,-200,148,12,12.3,36,triangle,no_load,-16.615
2.982276,0.369831,shoulder_lift,0.0,2.7929,0.0,3.1641,2067,-150,144,6,12.2,36,triangle,no_load,-17.393
2.993305,0.38086,shoulder_lift,0.0,2.5601,0.0,2.9004,2064,-250,132,5,12.3,36,triangle,no_load,-23.91
3.00346,0.391015,shoulder_lift,0.0,2.405,0.0,2.7246,2062,-250,116,3,12.3,36,triangle,no_load,-17.312
3.014055,0.40161,shoulder_lift,0.0,2.2498,0.0,2.5488,2060,-150,108,4,12.3,36,triangle,no_load,-16.593
3.024718,0.412273,shoulder_lift,0.0,2.1722,0.0,2.4609,2059,-150,108,3,12.3,36,triangle,no_load,-8.243
3.035292,0.422847,shoulder_lift,0.0,2.0171,0.0,2.2852,2057,-150,104,4,12.3,36,triangle,no_load,-16.616
3.045443,0.432998,shoulder_lift,0.0,2.0171,0.0,2.2852,2057,-150,104,4,12.3,36,triangle,no_load,0.0
3.056027,0.443582,shoulder_lift,0.0,1.9395,0.0,2.1973,2056,-100,108,4,12.3,36,triangle,no_load,-8.305
3.066828,0.454383,shoulder_lift,0.0,1.9395,0.0,2.1973,2056,-100,108,5,12.3,36,triangle,no_load,0.0
3.077436,0.464991,shoulder_lift,0.0,1.9395,0.0,2.1973,2056,0,112,5,12.3,36,triangle,no_load,0.0
3.087567,0.475121,shoulder_lift,0.0,1.9395,0.0,2.1973,2056,0,112,5,12.3,36,triangle,no_load,0.0
3.098146,0.485701,shoulder_lift,0.0,1.9395,0.0,2.1973,2056,0,112,8,12.3,36,triangle,no_load,0.0
3.108259,0.495814,shoulder_lift,0.0,1.9395,0.0,2.1973,2056,0,112,5,12.3,36,triangle,no_load,0.0
3.118887,0.506441,shoulder_lift,0.0,1.9395,0.0,2.1973,2056,0,112,5,12.3,36,triangle,no_load,0.0
3.12921,0.516765,shoulder_lift,0.0,1.9395,0.0,2.1973,2056,0,112,6,12.2,36,triangle,no_load,0.0
3.139445,0.527,shoulder_lift,0.0,1.8619,0.0,2.1094,2055,0,108,5,12.3,36,triangle,no_load,-8.588
3.149532,0.537087,shoulder_lift,0.0,1.8619,0.0,2.1094,2055,0,108,6,12.3,36,triangle,no_load,0.0
3.160135,0.54769,shoulder_lift,0.0,1.8619,0.0,2.1094,2055,-50,104,4,12.3,36,triangle,no_load,0.0
3.170273,0.557828,shoulder_lift,0.0,1.8619,0.0,2.1094,2055,-50,104,4,12.3,36,triangle,no_load,0.0
3.180852,0.568407,shoulder_lift,0.0,1.8619,0.0,2.1094,2055,0,108,5,12.3,36,triangle,no_load,0.0
3.191864,0.579418,shoulder_lift,0.0,1.7843,0.0,2.0215,2054,0,104,5,12.3,36,triangle,no_load,-7.982
3.202521,0.590076,shoulder_lift,0.0,1.7843,0.0,2.0215,2054,-50,100,4,12.3,36,triangle,no_load,0.0
3.212729,0.600283,shoulder_lift,0.0,1.7843,0.0,2.0215,2054,0,100,4,12.3,36,triangle,no_load,0.0
3.223214,0.610769,shoulder_lift,0.0,1.7843,0.0,2.0215,2054,0,104,5,12.3,36,triangle,no_load,0.0
3.234101,0.621656,shoulder_lift,0.0,1.7843,0.0,2.0215,2054,0,104,5,12.3,36,triangle,no_load,0.0
3.244686,0.632241,shoulder_lift,0.0,1.7843,0.0,2.0215,2054,0,104,5,12.3,36,triangle,no_load,0.0
3.254757,0.642312,shoulder_lift,0.0,1.7843,0.0,2.0215,2054,0,104,5,12.3,36,triangle,no_load,0.0
3.265034,0.652589,shoulder_lift,0.0,1.7843,0.0,2.0215,2054,0,104,5,12.3,36,triangle,no_load,0.0
3.275136,0.662691,shoulder_lift,0.0,1.7843,0.0,2.0215,2054,0,104,5,12.3,36,triangle,no_load,0.0
3.285721,0.673276,shoulder_lift,0.0,1.7843,0.0,2.0215,2054,0,104,5,12.3,36,triangle,no_load,0.0
3.295795,0.68335,shoulder_lift,0.0,1.7843,0.0,2.0215,2054,0,104,5,12.3,36,triangle,no_load,0.0
3.306404,0.693959,shoulder_lift,0.0,1.7843,0.0,2.0215,2054,0,104,5,12.3,36,triangle,no_load,0.0
3.317006,0.704561,shoulder_lift,0.0,1.7843,0.0,2.0215,2054,0,104,5,12.3,36,triangle,no_load,0.0
3.327631,0.715186,shoulder_lift,0.0,1.7843,0.0,2.0215,2054,0,104,5,12.2,36,triangle,no_load,0.0
3.33821,0.725765,shoulder_lift,0.0,1.7843,0.0,2.0215,2054,0,104,5,12.3,36,triangle,no_load,0.0
3.349223,0.736778,shoulder_lift,0.0,1.7843,0.0,2.0215,2054,0,104,5,12.3,36,triangle,no_load,0.0
3.359414,0.746969,shoulder_lift,0.0,1.7843,0.0,2.0215,2054,0,104,5,12.3,36,triangle,no_load,0.0
3.370443,0.757998,shoulder_lift,0.0,1.7843,0.0,2.0215,2054,0,104,5,12.3,36,triangle,no_load,0.0
3.38107,0.768625,shoulder_lift,0.0,1.7843,0.0,2.0215,2054,0,104,5,12.3,36,triangle,no_load,0.0
3.391152,0.778707,shoulder_lift,0.0,1.7843,0.0,2.0215,2054,0,104,4,12.3,36,triangle,no_load,0.0
3.401752,0.789307,shoulder_lift,0.0,1.7843,0.0,2.0215,2054,0,104,5,12.3,36,triangle,no_load,0.0
3.412195,0.79975,shoulder_lift,0.0,1.7843,0.0,2.0215,2054,0,104,5,12.3,36,triangle,no_load,0.0
3.422832,0.810387,shoulder_lift,0.0,1.7843,0.0,2.0215,2054,0,104,5,12.3,36,triangle,no_load,0.0
3.432959,0.820514,shoulder_lift,0.0,1.7843,0.0,2.0215,2054,0,104,5,12.3,36,triangle,no_load,0.0
3.44356,0.831115,shoulder_lift,0.0,1.7843,0.0,2.0215,2054,0,104,5,12.3,36,triangle,no_load,0.0
3.453653,0.841208,shoulder_lift,0.0,1.7843,0.0,2.0215,2054,0,104,5,12.3,36,triangle,no_load,0.0
3.464232,0.851787,shoulder_lift,0.0,1.7843,0.0,2.0215,2054,0,104,5,12.3,36,triangle,no_load,0.0
3.47493,0.862484,shoulder_lift,0.0,1.7843,0.0,2.0215,2054,0,104,4,12.3,36,triangle,no_load,0.0
3.485861,0.873416,shoulder_lift,0.0,1.7843,0.0,2.0215,2054,0,104,6,12.3,36,triangle,no_load,0.0
3.496872,0.884427,shoulder_lift,0.0,1.7843,0.0,2.0215,2054,0,104,4,12.3,36,triangle,no_load,0.0
3.507036,0.894591,shoulder_lift,0.0,1.7843,0.0,2.0215,2054,0,104,5,12.3,36,triangle,no_load,0.0
3.517911,0.905465,shoulder_lift,0.0,1.7843,0.0,2.0215,2054,0,104,5,12.3,36,triangle,no_load,0.0
3.529171,0.916726,shoulder_lift,0.0,1.7843,0.0,2.0215,2054,0,104,5,12.3,36,triangle,no_load,0.0
3.539308,0.926863,shoulder_lift,0.0,1.7843,0.0,2.0215,2054,0,104,5,12.3,36,triangle,no_load,0.0
3.549907,0.937462,shoulder_lift,0.0,1.7843,0.0,2.0215,2054,0,104,7,12.3,36,triangle,no_load,0.0
3.560012,0.947567,shoulder_lift,0.0,1.7843,0.0,2.0215,2054,0,104,5,12.3,36,triangle,no_load,0.0
3.570592,0.958147,shoulder_lift,0.0,1.7843,0.0,2.0215,2054,0,104,4,12.3,36,triangle,no_load,0.0
3.580732,0.968287,shoulder_lift,0.0,1.7843,0.0,2.0215,2054,0,104,6,12.3,36,triangle,no_load,0.0
3.591345,0.9789,shoulder_lift,0.0,1.7843,0.0,2.0215,2054,0,104,5,12.3,36,triangle,no_load,0.0
3.601973,0.989528,shoulder_lift,0.0,1.7843,0.0,2.0215,2054,0,104,5,12.3,36,triangle,no_load,0.0
3.61264,1.000195,shoulder_lift,0.0,1.7843,0.0,2.0215,2054,0,104,5,12.3,36,triangle,no_load,0.0
3.623282,1.010837,shoulder_lift,0.0,1.7843,0.0,2.0215,2054,0,104,5,12.3,36,triangle,no_load,0.0
3.633822,1.021377,shoulder_lift,0.0,1.7843,0.0,2.0215,2054,0,104,5,12.3,36,triangle,no_load,0.0
3.64448,1.032035,shoulder_lift,0.0,1.7843,0.0,2.0215,2054,0,104,4,12.3,36,triangle,no_load,0.0
3.654659,1.042214,shoulder_lift,0.0,1.7843,0.0,2.0215,2054,0,104,5,12.3,36,triangle,no_load,0.0
3.66524,1.052794,shoulder_lift,0.0,1.7843,0.0,2.0215,2054,0,104,5,12.3,36,triangle,no_load,0.0
3.675875,1.06343,shoulder_lift,0.0,1.7843,0.0,2.0215,2054,0,104,5,12.3,36,triangle,no_load,0.0
3.686425,1.07398,shoulder_lift,0.0,1.7843,0.0,2.0215,2054,0,104,5,12.3,36,triangle,no_load,0.0
3.696952,1.084507,shoulder_lift,0.0,1.7843,0.0,2.0215,2054,0,104,5,12.3,36,triangle,no_load,0.0
3.707788,1.095343,shoulder_lift,0.0,1.7843,0.0,2.0215,2054,0,104,5,12.2,36,triangle,no_load,0.0
3.717926,1.105481,shoulder_lift,0.0,1.7843,0.0,2.0215,2054,0,104,5,12.3,36,triangle,no_load,0.0
3.728301,1.115856,shoulder_lift,0.0,1.7843,0.0,2.0215,2054,0,104,5,12.3,36,triangle,no_load,0.0
3.738876,1.126431,shoulder_lift,0.0,1.7843,0.0,2.0215,2054,0,104,4,12.2,36,triangle,no_load,0.0
3.749549,1.137104,shoulder_lift,0.0,1.7843,0.0,2.0215,2054,0,104,5,12.3,36,triangle,no_load,0.0
3.759647,1.147202,shoulder_lift,0.0,1.7843,0.0,2.0215,2054,0,104,5,12.4,36,triangle,no_load,0.0
3.769956,1.157511,shoulder_lift,0.0,1.7843,0.0,2.0215,2054,0,104,5,12.3,36,triangle,no_load,0.0
3.780464,1.168019,shoulder_lift,0.0,1.7843,0.0,2.0215,2054,0,104,5,12.3,36,triangle,no_load,0.0
3.791079,1.178634,shoulder_lift,0.0,1.7843,0.0,2.0215,2054,0,104,5,12.3,36,triangle,no_load,0.0
3.801657,1.189212,shoulder_lift,0.0,1.7843,0.0,2.0215,2054,0,104,5,12.3,36,triangle,no_load,0.0
3.811716,1.199271,shoulder_lift,0.0,1.7843,0.0,2.0215,2054,0,104,5,12.3,36,triangle,no_load,0.0
3.822351,1.209906,shoulder_lift,0.0,1.7843,0.0,2.0215,2054,0,104,5,12.3,36,triangle,no_load,0.0
3.83352,1.221075,shoulder_lift,0.0,1.7843,0.0,2.0215,2054,0,104,5,12.3,36,triangle,no_load,0.0
3.844433,1.231988,shoulder_lift,0.0,1.7843,0.0,2.0215,2054,0,104,5,12.3,36,triangle,no_load,0.0
3.855522,1.243077,shoulder_lift,0.0,1.7843,0.0,2.0215,2054,0,104,5,12.3,36,triangle,no_load,0.0
3.866147,1.253702,shoulder_lift,0.0,1.7843,0.0,2.0215,2054,0,104,5,12.4,36,triangle,no_load,0.0
3.876969,1.264524,shoulder_lift,0.0,1.7843,0.0,2.0215,2054,0,104,5,12.3,36,triangle,no_load,0.0
3.887549,1.275104,shoulder_lift,0.0,1.7843,0.0,2.0215,2054,0,104,5,12.3,36,triangle,no_load,0.0
3.898623,1.286178,shoulder_lift,0.0,1.7843,0.0,2.0215,2054,0,104,4,12.3,36,triangle,no_load,0.0
3.90957,1.297125,shoulder_lift,0.0,1.7843,0.0,2.0215,2054,0,104,5,12.3,36,triangle,no_load,0.0
3.919696,1.307251,shoulder_lift,0.0,1.7843,0.0,2.0215,2054,0,104,5,12.3,36,triangle,no_load,0.0
3.930273,1.317828,shoulder_lift,0.0,1.7843,0.0,2.0215,2054,0,104,5,12.3,36,triangle,no_load,0.0
3.94089,1.328445,shoulder_lift,0.0,1.7843,0.0,2.0215,2054,0,104,5,12.3,36,triangle,no_load,0.0
3.9515,1.339055,shoulder_lift,0.0,1.7843,0.0,2.0215,2054,0,104,5,12.3,37,triangle,no_load,0.0
3.961612,1.349167,shoulder_lift,0.0,1.7843,0.0,2.0215,2054,0,104,5,12.3,36,triangle,no_load,0.0
3.972212,1.359767,shoulder_lift,0.0,1.7843,0.0,2.0215,2054,0,104,5,12.3,36,triangle,no_load,0.0
3.983038,1.370593,shoulder_lift,0.0,1.7843,0.0,2.0215,2054,0,104,5,12.3,36,triangle,no_load,0.0
3.994076,1.381631,shoulder_lift,0.0,1.7843,0.0,2.0215,2054,0,104,5,12.3,36,triangle,no_load,0.0
4.005035,1.39259,shoulder_lift,0.0,1.7843,0.0,2.0215,2054,0,104,5,12.3,36,triangle,no_load,0.0
4.015478,1.403033,shoulder_lift,0.0,1.7843,0.0,2.0215,2054,0,104,5,12.3,36,triangle,no_load,0.0
4.02599,1.413545,shoulder_lift,0.0,1.7843,0.0,2.0215,2054,0,104,4,12.3,37,triangle,no_load,0.0
4.036486,1.424041,shoulder_lift,0.0,1.7843,0.0,2.0215,2054,0,104,5,12.3,36,triangle,no_load,0.0
4.047066,1.434621,shoulder_lift,0.0,1.7843,0.0,2.0215,2054,0,104,5,12.3,36,triangle,no_load,0.0
4.057627,1.445182,shoulder_lift,0.0,1.7843,0.0,2.0215,2054,0,104,5,12.3,36,triangle,no_load,0.0
4.067792,1.455347,shoulder_lift,0.0,1.7843,0.0,2.0215,2054,0,104,4,12.3,36,triangle,no_load,0.0
4.078461,1.466016,shoulder_lift,0.0,1.7843,0.0,2.0215,2054,0,104,6,12.3,36,triangle,no_load,0.0
4.089044,1.476599,shoulder_lift,0.0,1.7843,0.0,2.0215,2054,0,104,5,12.3,36,triangle,no_load,0.0
4.099411,1.486966,shoulder_lift,0.0,1.7843,0.0,2.0215,2054,0,104,6,12.3,36,triangle,no_load,0.0
4.109986,1.497541,shoulder_lift,0.0,1.7843,0.0,2.0215,2054,0,104,5,12.3,36,triangle,no_load,0.0
4.120114,1.507669,shoulder_lift,0.0,1.7843,0.0,2.0215,2054,0,104,5,12.3,36,triangle,no_load,0.0
4.130699,1.518254,shoulder_lift,0.0,1.7843,0.0,2.0215,2054,0,104,5,12.3,36,triangle,no_load,0.0
4.140765,1.52832,shoulder_lift,0.0,1.7843,0.0,2.0215,2054,0,104,5,12.3,36,triangle,no_load,0.0
4.151404,1.538958,shoulder_lift,0.0,1.7843,0.0,2.0215,2054,0,104,5,12.3,36,triangle,no_load,0.0
4.161556,1.549111,shoulder_lift,0.0,1.7843,0.0,2.0215,2054,0,104,5,12.2,36,triangle,no_load,0.0
4.172133,1.559688,shoulder_lift,0.0,1.7843,0.0,2.0215,2054,0,104,5,12.3,36,triangle,no_load,0.0
4.182315,1.56987,shoulder_lift,0.0,1.7843,0.0,2.0215,2054,0,104,5,12.3,36,triangle,no_load,0.0
4.192896,1.580451,shoulder_lift,0.0,1.7843,0.0,2.0215,2054,0,104,4,12.3,36,triangle,no_load,0.0
4.204065,1.59162,shoulder_lift,0.0,1.7843,0.0,2.0215,2054,0,104,7,12.3,36,triangle,no_load,0.0
4.214807,1e-06,shoulder_lift,30.0,1.7843,33.9873,2.0215,2054,0,104,7,12.3,36,triangle,no_load,0.0
4.225166,0.010361,shoulder_lift,30.0,1.7843,33.9873,2.0215,2054,0,100,5,12.3,36,triangle,no_load,0.0
4.235685,0.02088,shoulder_lift,30.0,1.7843,33.9873,2.0215,2054,0,64,2,12.3,36,triangle,no_load,0.0
4.246311,0.031505,shoulder_lift,30.0,1.7843,33.9873,2.0215,2054,0,36,1,12.3,36,triangle,no_load,0.0
4.257346,0.042541,shoulder_lift,30.0,1.7843,33.9873,2.0215,2054,0,1100,2,12.3,36,triangle,no_load,0.0
4.267968,0.053162,shoulder_lift,30.0,1.7843,33.9873,2.0215,2054,0,1152,4,12.3,36,triangle,no_load,0.0
4.278077,0.063272,shoulder_lift,30.0,1.9395,33.9873,2.1973,2056,50,1228,8,12.3,36,triangle,no_load,17.39
4.288473,0.073667,shoulder_lift,30.0,2.2498,33.9873,2.5488,2060,50,1284,9,12.3,36,triangle,no_load,33.811
4.298977,0.084172,shoulder_lift,30.0,2.7929,33.9873,3.1641,2067,350,1372,16,12.2,36,triangle,no_load,58.578
4.309606,0.0948,shoulder_lift,30.0,3.4135,33.9873,3.8672,2075,350,1440,20,12.3,36,triangle,no_load,66.149
4.319787,0.104982,shoulder_lift,30.0,4.2669,33.9873,4.834,2086,700,1496,23,12.2,36,triangle,no_load,94.961
4.330427,0.115622,shoulder_lift,30.0,5.4306,33.9873,6.1523,2101,1250,1568,26,12.2,36,triangle,no_load,123.9
4.34056,0.125755,shoulder_lift,30.0,6.5943,33.9873,7.4707,2116,1250,1632,32,12.2,36,triangle,no_load,130.11
4.350655,0.13585,shoulder_lift,30.0,7.9907,33.9873,9.0527,2134,1650,1676,29,12.2,36,triangle,no_load,156.711
4.361168,0.146362,shoulder_lift,30.0,9.6199,33.9873,10.8984,2155,1650,1676,20,12.3,36,triangle,no_load,175.564
4.371306,0.156501,shoulder_lift,30.0,11.3266,33.9873,12.832,2177,2150,1684,4,12.2,36,triangle,no_load,190.728
4.382247,0.167442,shoulder_lift,30.0,13.2661,33.9873,15.0293,2202,2150,1608,0,12.2,37,triangle,no_load,200.832
4.392801,0.177996,shoulder_lift,30.0,15.128,33.9873,17.1387,2226,2250,1552,0,12.3,36,triangle,no_load,199.867
4.403847,0.189041,shoulder_lift,30.0,17.0675,33.9873,19.3359,2251,2250,1524,0,12.4,36,triangle,no_load,198.914
4.414483,0.199677,shoulder_lift,30.0,18.9294,33.9873,21.4453,2275,2200,1440,0,12.4,36,triangle,no_load,198.326
4.42545,0.210645,shoulder_lift,30.0,20.5586,33.9873,23.291,2296,2200,1404,0,12.4,36,triangle,no_load,168.296
4.436076,0.221271,shoulder_lift,30.0,21.7998,33.9873,24.6973,2312,1950,1364,0,12.4,36,triangle,no_load,132.345
4.447127,0.232322,shoulder_lift,30.0,23.0411,33.9873,26.1035,2328,1950,1324,0,12.3,36,triangle,no_load,127.246
4.457627,0.242821,shoulder_lift,30.0,23.9721,33.9873,27.1582,2340,1400,1268,0,12.3,36,triangle,no_load,100.448
4.467881,0.253076,shoulder_lift,30.0,24.6703,33.9873,27.9492,2349,1400,1232,0,12.4,36,triangle,no_load,77.141
4.478555,0.26375,shoulder_lift,30.0,25.2909,33.9873,28.6523,2357,900,1208,0,12.3,36,triangle,no_load,65.87
4.488691,0.273886,shoulder_lift,30.0,25.6788,33.9873,29.0918,2362,900,1188,0,12.3,36,triangle,no_load,43.36
4.499585,0.284779,shoulder_lift,30.0,26.0667,33.9873,29.5312,2367,600,1200,1,12.3,36,triangle,no_load,40.334
4.509755,0.29495,shoulder_lift,30.0,26.4546,33.9873,29.9707,2372,500,1176,0,12.3,36,triangle,no_load,43.215
4.52037,0.305565,shoulder_lift,30.0,26.9201,33.9873,30.498,2378,500,1156,0,12.3,36,triangle,no_load,49.675
4.531073,0.316267,shoulder_lift,30.0,27.308,33.9873,30.9375,2383,500,1132,0,12.3,36,triangle,no_load,41.063
4.541674,0.326868,shoulder_lift,30.0,27.6183,33.9873,31.2891,2387,500,1120,0,12.3,36,triangle,no_load,33.167
4.552664,0.337859,shoulder_lift,30.0,27.9286,33.9873,31.6406,2391,350,1116,0,12.3,36,triangle,no_load,31.984
4.563297,0.348491,shoulder_lift,30.0,28.0838,33.9873,31.8164,2393,350,1104,0,12.3,37,triangle,no_load,16.533
4.573416,0.358611,shoulder_lift,30.0,28.3165,33.9873,32.0801,2396,250,1104,1,12.3,36,triangle,no_load,26.06
4.583982,0.369176,shoulder_lift,30.0,28.4717,33.9873,32.2559,2398,250,1096,0,12.3,36,triangle,no_load,16.638
4.594527,0.379721,shoulder_lift,30.0,28.5493,33.9873,32.3437,2399,200,1100,0,12.3,36,triangle,no_load,8.326
4.605109,0.390304,shoulder_lift,30.0,28.7044,33.9873,32.5195,2401,200,1092,1,12.3,36,triangle,no_load,16.613
4.615298,0.400493,shoulder_lift,30.0,28.782,33.9873,32.6074,2402,150,1084,1,12.3,36,triangle,no_load,8.627
4.625877,0.411072,shoulder_lift,30.0,28.9372,33.9873,32.7832,2404,150,1080,0,12.3,36,triangle,no_load,16.618
4.635994,0.421189,shoulder_lift,30.0,29.0147,33.9873,32.8711,2405,100,1080,1,12.3,36,triangle,no_load,8.688
4.64666,0.431855,shoulder_lift,30.0,29.0147,33.9873,32.8711,2405,100,1080,1,12.3,36,triangle,no_load,0.0
4.656767,0.441961,shoulder_lift,30.0,29.0923,33.9873,32.959,2406,100,1076,0,12.3,36,triangle,no_load,8.697
4.66734,0.452535,shoulder_lift,30.0,29.0923,33.9873,32.959,2406,100,1076,0,12.3,36,triangle,no_load,0.0
4.678083,0.463278,shoulder_lift,30.0,29.1699,33.9873,33.0469,2407,0,1080,1,12.3,36,triangle,no_load,8.182
4.688748,0.473942,shoulder_lift,30.0,29.1699,33.9873,33.0469,2407,0,1080,1,12.3,36,triangle,no_load,0.0
4.69882,0.484015,shoulder_lift,30.0,29.2475,33.9873,33.1348,2408,50,1072,1,12.3,36,triangle,no_load,8.727
4.709487,0.494681,shoulder_lift,30.0,29.2475,33.9873,33.1348,2408,50,1072,1,12.3,36,triangle,no_load,0.0
4.720161,0.505356,shoulder_lift,30.0,29.2475,33.9873,33.1348,2408,50,1072,1,12.3,36,triangle,no_load,0.0
4.730785,0.515979,shoulder_lift,30.0,29.2475,33.9873,33.1348,2408,0,1072,1,12.3,36,triangle,no_load,0.0
4.741815,0.527009,shoulder_lift,30.0,29.2475,33.9873,33.1348,2408,0,1076,1,12.3,36,triangle,no_load,0.0
4.752486,0.53768,shoulder_lift,30.0,29.2475,33.9873,33.1348,2408,0,1076,1,12.3,36,triangle,no_load,0.0
4.762581,0.547776,shoulder_lift,30.0,29.2475,33.9873,33.1348,2408,0,1076,2,12.3,36,triangle,no_load,0.0
4.773092,0.558287,shoulder_lift,30.0,29.2475,33.9873,33.1348,2408,0,1076,1,12.3,36,triangle,no_load,0.0
4.783715,0.568909,shoulder_lift,30.0,29.2475,33.9873,33.1348,2408,0,1076,1,12.3,36,triangle,no_load,0.0
4.794116,0.57931,shoulder_lift,30.0,29.2475,33.9873,33.1348,2408,0,1076,1,12.3,36,triangle,no_load,0.0
4.804644,0.589839,shoulder_lift,30.0,29.2475,33.9873,33.1348,2408,0,1076,1,12.3,36,triangle,no_load,0.0
4.814779,0.599974,shoulder_lift,30.0,29.2475,33.9873,33.1348,2408,0,1076,1,12.3,36,triangle,no_load,0.0
4.825405,0.6106,shoulder_lift,30.0,29.2475,33.9873,33.1348,2408,0,1076,1,12.3,36,triangle,no_load,0.0
4.836521,0.621715,shoulder_lift,30.0,29.2475,33.9873,33.1348,2408,0,1076,1,12.3,36,triangle,no_load,0.0
4.847107,0.632302,shoulder_lift,30.0,29.2475,33.9873,33.1348,2408,0,1076,1,12.3,36,triangle,no_load,0.0
4.857762,0.642957,shoulder_lift,30.0,29.2475,33.9873,33.1348,2408,0,1076,1,12.3,36,triangle,no_load,0.0
4.868268,0.653462,shoulder_lift,30.0,29.2475,33.9873,33.1348,2408,0,1076,1,12.3,36,triangle,no_load,0.0
4.878894,0.664088,shoulder_lift,30.0,29.2475,33.9873,33.1348,2408,0,1076,0,12.4,36,triangle,no_load,0.0
4.890051,0.675245,shoulder_lift,30.0,29.2475,33.9873,33.1348,2408,0,1076,2,12.3,36,triangle,no_load,0.0
4.900582,0.685777,shoulder_lift,30.0,29.2475,33.9873,33.1348,2408,0,1076,1,12.3,36,triangle,no_load,0.0
4.911163,0.696357,shoulder_lift,30.0,29.2475,33.9873,33.1348,2408,0,1076,1,12.3,36,triangle,no_load,0.0
4.921814,0.707008,shoulder_lift,30.0,29.2475,33.9873,33.1348,2408,0,1076,1,12.3,36,triangle,no_load,0.0
4.932452,0.717647,shoulder_lift,30.0,29.2475,33.9873,33.1348,2408,0,1076,2,12.3,36,triangle,no_load,0.0
4.942988,0.728182,shoulder_lift,30.0,29.2475,33.9873,33.1348,2408,0,1076,1,12.3,37,triangle,no_load,0.0
4.953649,0.738844,shoulder_lift,30.0,29.2475,33.9873,33.1348,2408,0,1076,1,12.3,36,triangle,no_load,0.0
4.963706,0.748901,shoulder_lift,30.0,29.2475,33.9873,33.1348,2408,0,1076,1,12.3,36,triangle,no_load,0.0
4.974365,0.75956,shoulder_lift,30.0,29.2475,33.9873,33.1348,2408,0,1076,1,12.3,36,triangle,no_load,0.0
4.985459,0.770653,shoulder_lift,30.0,29.2475,33.9873,33.1348,2408,0,1076,1,12.3,36,triangle,no_load,0.0
4.996063,0.781258,shoulder_lift,30.0,29.2475,33.9873,33.1348,2408,0,1076,1,12.3,36,triangle,no_load,0.0
5.006634,0.791828,shoulder_lift,30.0,29.2475,33.9873,33.1348,2408,0,1076,2,12.3,36,triangle,no_load,0.0
5.017071,0.802266,shoulder_lift,30.0,29.2475,33.9873,33.1348,2408,0,1076,1,12.3,36,triangle,no_load,0.0
5.028136,0.81333,shoulder_lift,30.0,29.2475,33.9873,33.1348,2408,0,1076,1,12.3,37,triangle,no_load,0.0
5.038724,0.823918,shoulder_lift,30.0,29.2475,33.9873,33.1348,2408,0,1076,1,12.3,36,triangle,no_load,0.0
5.049742,0.834936,shoulder_lift,30.0,29.2475,33.9873,33.1348,2408,0,1076,1,12.3,36,triangle,no_load,0.0
5.06035,0.845545,shoulder_lift,30.0,29.2475,33.9873,33.1348,2408,0,1076,1,12.3,36,triangle,no_load,0.0
5.070478,0.855673,shoulder_lift,30.0,29.2475,33.9873,33.1348,2408,0,1076,1,12.3,36,triangle,no_load,0.0
5.081083,0.866278,shoulder_lift,30.0,29.2475,33.9873,33.1348,2408,0,1076,1,12.3,36,triangle,no_load,0.0
5.092126,0.877321,shoulder_lift,30.0,29.2475,33.9873,33.1348,2408,0,1076,1,12.3,36,triangle,no_load,0.0
5.102693,0.887888,shoulder_lift,30.0,29.2475,33.9873,33.1348,2408,0,1076,1,12.4,36,triangle,no_load,0.0
5.113739,0.898934,shoulder_lift,30.0,29.2475,33.9873,33.1348,2408,0,1076,1,12.3,36,triangle,no_load,0.0
5.124275,0.90947,shoulder_lift,30.0,29.2475,33.9873,33.1348,2408,0,1076,1,12.3,36,triangle,no_load,0.0
5.13489,0.920084,shoulder_lift,30.0,29.2475,33.9873,33.1348,2408,0,1076,1,12.3,36,triangle,no_load,0.0
5.14499,0.930184,shoulder_lift,30.0,29.2475,33.9873,33.1348,2408,0,1076,2,12.3,37,triangle,no_load,0.0
5.155609,0.940804,shoulder_lift,30.0,29.2475,33.9873,33.1348,2408,0,1076,1,12.3,36,triangle,no_load,0.0
5.166744,0.951939,shoulder_lift,30.0,29.2475,33.9873,33.1348,2408,0,1076,1,12.3,36,triangle,no_load,0.0
5.177385,0.962579,shoulder_lift,30.0,29.2475,33.9873,33.1348,2408,0,1076,2,12.3,38,triangle,no_load,0.0
5.188491,0.973685,shoulder_lift,30.0,29.2475,33.9873,33.1348,2408,0,1076,2,12.3,36,triangle,no_load,0.0
5.199058,0.984253,shoulder_lift,30.0,29.2475,33.9873,33.1348,2408,0,1076,2,12.3,36,triangle,no_load,0.0
5.210169,0.995363,shoulder_lift,30.0,29.2475,33.9873,33.1348,2408,0,1076,1,12.3,36,triangle,no_load,0.0
5.220682,1.005877,shoulder_lift,30.0,29.2475,33.9873,33.1348,2408,0,1076,1,12.3,36,triangle,no_load,0.0
5.231173,1.016368,shoulder_lift,30.0,29.2475,33.9873,33.1348,2408,0,1076,2,12.3,37,triangle,no_load,0.0
5.241808,1.027002,shoulder_lift,30.0,29.2475,33.9873,33.1348,2408,0,1076,1,12.3,36,triangle,no_load,0.0
5.251984,1.037179,shoulder_lift,30.0,29.2475,33.9873,33.1348,2408,0,1076,1,12.3,36,triangle,no_load,0.0
5.262542,1.047737,shoulder_lift,30.0,29.2475,33.9873,33.1348,2408,0,1076,1,12.3,36,triangle,no_load,0.0
5.273342,1.058537,shoulder_lift,30.0,29.2475,33.9873,33.1348,2408,0,1076,1,12.3,36,triangle,no_load,0.0
5.283953,1.069148,shoulder_lift,30.0,29.2475,33.9873,33.1348,2408,0,1076,1,12.3,36,triangle,no_load,0.0
5.294801,1.079996,shoulder_lift,30.0,29.2475,33.9873,33.1348,2408,0,1076,1,12.3,36,triangle,no_load,0.0
5.305122,1.090317,shoulder_lift,30.0,29.2475,33.9873,33.1348,2408,0,1076,1,12.3,36,triangle,no_load,0.0
5.315227,1.100422,shoulder_lift,30.0,29.2475,33.9873,33.1348,2408,0,1076,1,12.3,36,triangle,no_load,0.0
5.326412,1.111607,shoulder_lift,30.0,29.2475,33.9873,33.1348,2408,0,1076,2,12.3,36,triangle,no_load,0.0
5.337207,1.122401,shoulder_lift,30.0,29.2475,33.9873,33.1348,2408,0,1076,1,12.3,36,triangle,no_load,0.0
5.347818,1.133013,shoulder_lift,30.0,29.2475,33.9873,33.1348,2408,0,1076,1,12.3,36,triangle,no_load,0.0
5.358432,1.143626,shoulder_lift,30.0,29.2475,33.9873,33.1348,2408,0,1076,1,12.3,36,triangle,no_load,0.0
5.368734,1.153928,shoulder_lift,30.0,29.2475,33.9873,33.1348,2408,0,1076,1,12.3,36,triangle,no_load,0.0
5.379314,1.164509,shoulder_lift,30.0,29.2475,33.9873,33.1348,2408,0,1076,2,12.3,36,triangle,no_load,0.0
5.39014,1.175334,shoulder_lift,30.0,29.2475,33.9873,33.1348,2408,0,1076,1,12.3,36,triangle,no_load,0.0
5.401137,1.186332,shoulder_lift,30.0,29.2475,33.9873,33.1348,2408,0,1076,1,12.3,36,triangle,no_load,0.0
5.412092,1.197287,shoulder_lift,30.0,29.2475,33.9873,33.1348,2408,0,1076,1,12.3,36,triangle,no_load,0.0
5.422422,1.207616,shoulder_lift,30.0,29.2475,33.9873,33.1348,2408,0,1076,1,12.3,36,triangle,no_load,0.0
5.432531,1.217726,shoulder_lift,30.0,29.2475,33.9873,33.1348,2408,0,1076,1,12.3,36,triangle,no_load,0.0
5.443158,1.228352,shoulder_lift,30.0,29.2475,33.9873,33.1348,2408,0,1076,2,12.3,36,triangle,no_load,0.0
5.453253,1.238448,shoulder_lift,30.0,29.2475,33.9873,33.1348,2408,0,1076,1,12.3,36,triangle,no_load,0.0
5.463576,1.24877,shoulder_lift,30.0,29.2475,33.9873,33.1348,2408,0,1076,2,12.3,36,triangle,no_load,0.0
5.473893,1.259088,shoulder_lift,30.0,29.2475,33.9873,33.1348,2408,0,1076,1,12.3,36,triangle,no_load,0.0
5.484866,1.270061,shoulder_lift,30.0,29.2475,33.9873,33.1348,2408,0,1076,1,12.3,36,triangle,no_load,0.0
5.495873,1.281067,shoulder_lift,30.0,29.2475,33.9873,33.1348,2408,0,1076,1,12.3,36,triangle,no_load,0.0
5.506868,1.292063,shoulder_lift,30.0,29.2475,33.9873,33.1348,2408,0,1076,1,12.4,36,triangle,no_load,0.0
5.517888,1.303083,shoulder_lift,30.0,29.2475,33.9873,33.1348,2408,0,1076,1,12.3,36,triangle,no_load,0.0
5.528849,1.314043,shoulder_lift,30.0,29.2475,33.9873,33.1348,2408,0,1076,1,12.3,36,triangle,no_load,0.0
5.539879,1.325074,shoulder_lift,30.0,29.2475,33.9873,33.1348,2408,0,1076,1,12.3,36,triangle,no_load,0.0
5.550846,1.336041,shoulder_lift,30.0,29.2475,33.9873,33.1348,2408,0,1076,1,12.4,36,triangle,no_load,0.0
5.561892,1.347086,shoulder_lift,30.0,29.2475,33.9873,33.1348,2408,0,1076,1,12.3,36,triangle,no_load,0.0
5.572881,1.358076,shoulder_lift,30.0,29.2475,33.9873,33.1348,2408,0,1076,1,12.3,36,triangle,no_load,0.0
5.58388,1.369075,shoulder_lift,30.0,29.2475,33.9873,33.1348,2408,0,1076,2,12.3,36,triangle,no_load,0.0
5.59488,1.380074,shoulder_lift,30.0,29.2475,33.9873,33.1348,2408,0,1076,1,12.3,36,triangle,no_load,0.0
5.605877,1.391071,shoulder_lift,30.0,29.2475,33.9873,33.1348,2408,0,1076,1,12.3,36,triangle,no_load,0.0
5.616883,1.402077,shoulder_lift,30.0,29.2475,33.9873,33.1348,2408,0,1076,1,12.3,36,triangle,no_load,0.0
5.627364,1.412559,shoulder_lift,30.0,29.2475,33.9873,33.1348,2408,0,1076,1,12.3,36,triangle,no_load,0.0
5.638408,1.423602,shoulder_lift,30.0,29.2475,33.9873,33.1348,2408,0,1076,1,12.3,36,triangle,no_load,0.0
5.649367,1.434562,shoulder_lift,30.0,29.2475,33.9873,33.1348,2408,0,1076,1,12.3,36,triangle,no_load,0.0
5.660413,1.445607,shoulder_lift,30.0,29.2475,33.9873,33.1348,2408,0,1076,0,12.3,36,triangle,no_load,0.0
5.6714,1.456594,shoulder_lift,30.0,29.2475,33.9873,33.1348,2408,0,1076,1,12.3,36,triangle,no_load,0.0
5.682397,1.467591,shoulder_lift,30.0,29.2475,33.9873,33.1348,2408,0,1076,1,12.3,36,triangle,no_load,0.0
5.693361,1.478556,shoulder_lift,30.0,29.2475,33.9873,33.1348,2408,0,1076,2,12.3,36,triangle,no_load,0.0
5.704397,1.489592,shoulder_lift,30.0,29.2475,33.9873,33.1348,2408,0,1076,1,12.3,36,triangle,no_load,0.0
5.715364,1.500558,shoulder_lift,30.0,29.2475,33.9873,33.1348,2408,0,1076,1,12.3,36,triangle,no_load,0.0
5.726405,1.5116,shoulder_lift,30.0,29.2475,33.9873,33.1348,2408,0,1076,2,12.3,36,triangle,no_load,0.0
5.737414,1.522608,shoulder_lift,30.0,29.2475,33.9873,33.1348,2408,0,1076,1,12.3,36,triangle,no_load,0.0
5.748363,1.533558,shoulder_lift,30.0,29.2475,33.9873,33.1348,2408,0,1076,2,12.3,36,triangle,no_load,0.0
5.758421,1.543616,shoulder_lift,30.0,29.2475,33.9873,33.1348,2408,0,1076,1,12.3,36,triangle,no_load,0.0
5.769493,1.554687,shoulder_lift,30.0,29.2475,33.9873,33.1348,2408,0,1076,1,12.3,36,triangle,no_load,0.0
5.780463,1.565657,shoulder_lift,30.0,29.2475,33.9873,33.1348,2408,0,1076,2,12.3,36,triangle,no_load,0.0
5.790637,1.575832,shoulder_lift,30.0,29.2475,33.9873,33.1348,2408,0,1076,1,12.3,36,triangle,no_load,0.0
5.801638,1.586832,shoulder_lift,30.0,29.2475,33.9873,33.1348,2408,0,1076,1,12.3,36,triangle,no_load,0.0
5.812638,1.597833,shoulder_lift,30.0,29.2475,33.9873,33.1348,2408,0,1076,2,12.3,38,triangle,no_load,0.0
5.824147,1e-06,shoulder_lift,0.0,29.2475,0.0,33.1348,2408,0,1076,1,12.3,36,triangle,no_load,0.0
5.835144,0.010999,shoulder_lift,0.0,29.2475,0.0,33.1348,2408,0,1064,0,12.3,36,triangle,no_load,0.0
5.845655,0.021509,shoulder_lift,0.0,29.2475,0.0,33.1348,2408,0,1044,0,12.3,36,triangle,no_load,0.0
5.856244,0.032098,shoulder_lift,0.0,29.2475,0.0,33.1348,2408,0,64,1,12.3,36,triangle,no_load,0.0
5.867274,0.043129,shoulder_lift,0.0,29.2475,0.0,33.1348,2408,0,108,3,12.3,36,triangle,no_load,0.0
5.878273,0.054128,shoulder_lift,0.0,29.1699,0.0,33.0469,2407,0,200,8,12.3,36,triangle,no_load,-7.992
5.889237,0.065092,shoulder_lift,0.0,29.0923,0.0,32.959,2406,-100,264,19,12.2,36,triangle,no_load,-8.017
5.900272,0.076127,shoulder_lift,0.0,28.782,0.0,32.6074,2402,-100,360,28,12.2,36,triangle,no_load,-31.862
5.911296,0.08715,shoulder_lift,0.0,28.0838,0.0,31.8164,2393,-500,416,22,12.2,36,triangle,no_load,-71.753
5.922289,0.098143,shoulder_lift,0.0,27.1528,0.0,30.7617,2381,-500,472,24,12.2,36,triangle,no_load,-95.943
5.932546,0.1084,shoulder_lift,0.0,26.2219,0.0,29.707,2369,-1100,544,32,12.2,36,triangle,no_load,-102.827
5.943595,0.11945,shoulder_lift,0.0,25.5237,0.0,28.916,2360,-1100,636,49,12.2,36,triangle,no_load,-71.59
5.954542,0.130396,shoulder_lift,0.0,24.36,0.0,27.5977,2345,-950,752,77,12.1,36,triangle,no_load,-120.426
5.965586,0.141441,shoulder_lift,0.0,22.8084,0.0,25.8398,2325,-950,796,82,12.1,36,triangle,no_load,-159.172
5.976565,0.15242,shoulder_lift,0.0,21.1016,0.0,23.9063,2303,-1700,744,51,12.2,36,triangle,no_load,-176.109
5.987589,0.163444,shoulder_lift,0.0,19.3173,0.0,21.8848,2280,-2050,752,58,12.1,36,triangle,no_load,-183.373
5.998589,0.174444,shoulder_lift,0.0,17.533,0.0,19.8633,2257,-2050,684,29,12.3,36,triangle,no_load,-183.773
6.009582,0.185436,shoulder_lift,0.0,15.7486,0.0,17.8418,2234,-2100,608,16,12.3,36,triangle,no_load,-183.89
6.020582,0.196437,shoulder_lift,0.0,14.1195,0.0,15.9961,2213,-2100,592,16,12.3,36,triangle,no_load,-167.791
6.031065,0.20692,shoulder_lift,0.0,12.6455,0.0,14.3262,2194,-1950,548,10,12.3,36,triangle,no_load,-159.296
6.042113,0.217968,shoulder_lift,0.0,11.0939,0.0,12.5684,2174,-1950,508,9,12.3,36,triangle,no_load,-159.106
6.053064,0.228918,shoulder_lift,0.0,9.6974,0.0,10.9863,2156,-1800,428,3,12.3,36,triangle,no_load,-144.471
6.064146,0.24,shoulder_lift,0.0,8.301,0.0,9.4043,2138,-1800,364,0,12.3,36,triangle,no_load,-142.754
6.07511,0.250964,shoulder_lift,0.0,7.1373,0.0,8.0859,2123,-1500,256,0,12.3,36,triangle,no_load,-120.248
6.08618,0.262034,shoulder_lift,0.0,6.1288,0.0,6.9434,2110,-1500,208,0,12.3,36,triangle,no_load,-103.207
6.096389,0.272244,shoulder_lift,0.0,5.353,0.0,6.0645,2100,-1200,192,0,12.3,36,triangle,no_load,-86.091
6.106535,0.282389,shoulder_lift,0.0,4.7324,0.0,5.3613,2092,-850,164,0,12.3,37,triangle,no_load,-69.308
6.1168,0.292655,shoulder_lift,0.0,4.3445,0.0,4.9219,2087,-850,168,1,12.3,36,triangle,no_load,-42.806
6.12766,0.303515,shoulder_lift,0.0,3.9566,0.0,4.4824,2082,-500,148,2,12.3,36,triangle,no_load,-40.47
6.13796,0.313814,shoulder_lift,0.0,3.6462,0.0,4.1309,2078,-500,160,4,12.3,36,triangle,no_load,-34.126
6.148344,0.324198,shoulder_lift,0.0,3.4135,0.0,3.8672,2075,-350,152,5,12.3,36,triangle,no_load,-25.395
6.158891,0.334746,shoulder_lift,0.0,3.3359,0.0,3.7793,2074,-350,156,6,12.2,36,triangle,no_load,-8.334
6.169187,0.345042,shoulder_lift,0.0,3.1032,0.0,3.5156,2071,-150,156,10,12.3,36,triangle,no_load,-25.612
6.179792,0.355647,shoulder_lift,0.0,3.0256,0.0,3.4277,2070,-150,148,7,12.3,36,triangle,no_load,-8.289
6.190229,0.366083,shoulder_lift,0.0,2.8704,0.0,3.252,2068,-150,148,7,12.3,36,triangle,no_load,-16.834
6.200865,0.376719,shoulder_lift,0.0,2.6377,0.0,2.9883,2065,-150,136,6,12.3,36,triangle,no_load,-24.793
6.211195,0.38705,shoulder_lift,0.0,2.4825,0.0,2.8125,2063,-250,120,4,12.3,36,triangle,no_load,-17.018
6.221763,0.397618,shoulder_lift,0.0,2.3274,0.0,2.6367,2061,-250,112,3,12.3,36,triangle,no_load,-16.635
6.232351,0.408205,shoulder_lift,0.0,2.1722,0.0,2.4609,2059,-200,112,4,12.3,36,triangle,no_load,-16.604
6.242895,0.418749,shoulder_lift,0.0,2.0171,0.0,2.2852,2057,-200,104,3,12.3,36,triangle,no_load,-16.664
6.253808,0.429663,shoulder_lift,0.0,1.9395,0.0,2.1973,2056,-150,100,3,12.3,36,triangle,no_load,-8.055
6.264449,0.440304,shoulder_lift,0.0,1.9395,0.0,2.1973,2056,-150,100,4,12.3,36,triangle,no_load,0.0
6.274905,0.45076,shoulder_lift,0.0,1.9395,0.0,2.1973,2056,-50,108,5,12.3,36,triangle,no_load,0.0
6.285456,0.461311,shoulder_lift,0.0,1.9395,0.0,2.1973,2056,-50,108,6,12.3,36,triangle,no_load,0.0
6.29625,0.472105,shoulder_lift,0.0,1.9395,0.0,2.1973,2056,0,112,6,12.3,36,triangle,no_load,0.0
6.306811,0.482666,shoulder_lift,0.0,1.9395,0.0,2.1973,2056,0,112,6,12.3,36,triangle,no_load,0.0
6.317798,0.493653,shoulder_lift,0.0,1.9395,0.0,2.1973,2056,0,112,5,12.3,36,triangle,no_load,0.0
6.328374,0.504229,shoulder_lift,0.0,1.9395,0.0,2.1973,2056,0,112,5,12.3,36,triangle,no_load,0.0
6.339004,0.514859,shoulder_lift,0.0,1.8619,0.0,2.1094,2055,0,108,6,12.2,36,triangle,no_load,-8.269
6.349584,0.525439,shoulder_lift,0.0,1.8619,0.0,2.1094,2055,-50,104,3,12.3,36,triangle,no_load,0.0
6.359863,0.535718,shoulder_lift,0.0,1.7843,0.0,2.0215,2054,-50,100,4,12.3,36,triangle,no_load,-8.551
6.370198,0.546052,shoulder_lift,0.0,1.7843,0.0,2.0215,2054,-50,100,4,12.3,36,triangle,no_load,0.0
6.380746,0.556601,shoulder_lift,0.0,1.7843,0.0,2.0215,2054,-50,100,5,12.3,36,triangle,no_load,0.0
6.391301,0.567155,shoulder_lift,0.0,1.7843,0.0,2.0215,2054,0,104,5,12.3,36,triangle,no_load,0.0
6.402007,0.577861,shoulder_lift,0.0,1.7843,0.0,2.0215,2054,0,104,5,12.3,36,triangle,no_load,0.0
6.412588,0.588443,shoulder_lift,0.0,1.7843,0.0,2.0215,2054,0,104,4,12.3,36,triangle,no_load,0.0
6.423151,0.599005,shoulder_lift,0.0,1.7843,0.0,2.0215,2054,0,104,5,12.3,36,triangle,no_load,0.0
6.433652,0.609507,shoulder_lift,0.0,1.7843,0.0,2.0215,2054,0,104,5,12.3,36,triangle,no_load,0.0
6.444199,0.620054,shoulder_lift,0.0,1.7843,0.0,2.0215,2054,0,104,5,12.3,36,triangle,no_load,0.0
6.454439,0.630294,shoulder_lift,0.0,1.7843,0.0,2.0215,2054,0,104,4,12.3,36,triangle,no_load,0.0
6.464842,0.640696,shoulder_lift,0.0,1.7843,0.0,2.0215,2054,0,104,5,12.3,36,triangle,no_load,0.0
6.475768,0.651623,shoulder_lift,0.0,1.7843,0.0,2.0215,2054,0,104,5,12.3,36,triangle,no_load,0.0
6.486407,0.662262,shoulder_lift,0.0,1.7843,0.0,2.0215,2054,0,104,5,12.3,36,triangle,no_load,0.0
6.497337,0.673192,shoulder_lift,0.0,1.7843,0.0,2.0215,2054,0,104,5,12.3,37,triangle,no_load,0.0
6.508335,0.68419,shoulder_lift,0.0,1.7843,0.0,2.0215,2054,0,104,5,12.3,36,triangle,no_load,0.0
6.519218,0.695072,shoulder_lift,0.0,1.7843,0.0,2.0215,2054,0,104,5,12.3,36,triangle,no_load,0.0
6.529847,0.705702,shoulder_lift,0.0,1.7843,0.0,2.0215,2054,0,104,4,12.4,35,triangle,no_load,0.0
6.539922,0.715777,shoulder_lift,0.0,1.7843,0.0,2.0215,2054,0,104,5,12.3,36,triangle,no_load,0.0
6.550525,0.726379,shoulder_lift,0.0,1.7843,0.0,2.0215,2054,0,104,5,12.4,36,triangle,no_load,0.0
6.561644,0.737499,shoulder_lift,0.0,1.7843,0.0,2.0215,2054,0,104,4,12.4,36,triangle,no_load,0.0
6.572269,0.748123,shoulder_lift,0.0,1.7843,0.0,2.0215,2054,0,104,5,12.3,36,triangle,no_load,0.0
6.582839,0.758694,shoulder_lift,0.0,1.7843,0.0,2.0215,2054,0,104,5,12.3,36,triangle,no_load,0.0
6.593502,0.769356,shoulder_lift,0.0,1.7843,0.0,2.0215,2054,0,104,5,12.3,36,triangle,no_load,0.0
6.604503,0.780358,shoulder_lift,0.0,1.7843,0.0,2.0215,2054,0,104,4,12.3,36,triangle,no_load,0.0
6.61513,0.790984,shoulder_lift,0.0,1.7843,0.0,2.0215,2054,0,104,4,12.3,36,triangle,no_load,0.0
6.625278,0.801133,shoulder_lift,0.0,1.7843,0.0,2.0215,2054,0,104,4,12.3,36,triangle,no_load,0.0
6.635835,0.81169,shoulder_lift,0.0,1.7843,0.0,2.0215,2054,0,104,5,12.3,36,triangle,no_load,0.0
6.646884,0.822738,shoulder_lift,0.0,1.7843,0.0,2.0215,2054,0,104,5,12.3,36,triangle,no_load,0.0
6.657498,0.833352,shoulder_lift,0.0,1.7843,0.0,2.0215,2054,0,104,5,12.3,36,triangle,no_load,0.0
6.668594,0.844449,shoulder_lift,0.0,1.7843,0.0,2.0215,2054,0,104,5,12.3,36,triangle,no_load,0.0
6.679287,0.855141,shoulder_lift,0.0,1.7843,0.0,2.0215,2054,0,104,5,12.3,36,triangle,no_load,0.0
6.689418,0.865273,shoulder_lift,0.0,1.7843,0.0,2.0215,2054,0,104,4,12.3,37,triangle,no_load,0.0
6.700167,0.876021,shoulder_lift,0.0,1.7843,0.0,2.0215,2054,0,104,5,12.4,36,triangle,no_load,0.0
6.711265,0.88712,shoulder_lift,0.0,1.7843,0.0,2.0215,2054,0,104,5,12.3,36,triangle,no_load,0.0
6.7219,0.897755,shoulder_lift,0.0,1.7843,0.0,2.0215,2054,0,104,5,12.3,36,triangle,no_load,0.0
6.732018,0.907873,shoulder_lift,0.0,1.7843,0.0,2.0215,2054,0,104,5,12.3,36,triangle,no_load,0.0
6.742138,0.917993,shoulder_lift,0.0,1.7843,0.0,2.0215,2054,0,104,4,12.3,36,triangle,no_load,0.0
6.752765,0.92862,shoulder_lift,0.0,1.7843,0.0,2.0215,2054,0,104,5,12.3,36,triangle,no_load,0.0
6.762907,0.938762,shoulder_lift,0.0,1.7843,0.0,2.0215,2054,0,104,5,12.3,36,triangle,no_load,0.0
6.773926,0.949781,shoulder_lift,0.0,1.7843,0.0,2.0215,2054,0,104,5,12.3,36,triangle,no_load,0.0
6.784537,0.960391,shoulder_lift,0.0,1.7843,0.0,2.0215,2054,0,104,4,12.3,36,triangle,no_load,0.0
6.795352,0.971207,shoulder_lift,0.0,1.7843,0.0,2.0215,2054,0,104,6,12.3,36,triangle,no_load,0.0
6.805936,0.98179,shoulder_lift,0.0,1.7843,0.0,2.0215,2054,0,104,5,12.3,36,triangle,no_load,0.0
6.816024,0.991879,shoulder_lift,0.0,1.7843,0.0,2.0215,2054,0,104,4,12.3,36,triangle,no_load,0.0
6.826601,1.002456,shoulder_lift,0.0,1.7843,0.0,2.0215,2054,0,104,5,12.3,37,triangle,no_load,0.0
6.836712,1.012567,shoulder_lift,0.0,1.7843,0.0,2.0215,2054,0,104,5,12.3,36,triangle,no_load,0.0
6.847349,1.023204,shoulder_lift,0.0,1.7843,0.0,2.0215,2054,0,104,5,12.3,36,triangle,no_load,0.0
6.857511,1.033365,shoulder_lift,0.0,1.7843,0.0,2.0215,2054,0,104,5,12.3,36,triangle,no_load,0.0
6.868165,1.04402,shoulder_lift,0.0,1.7843,0.0,2.0215,2054,0,104,5,12.3,36,triangle,no_load,0.0
6.879235,1.05509,shoulder_lift,0.0,1.7843,0.0,2.0215,2054,0,104,4,12.3,36,triangle,no_load,0.0
6.890273,1.066128,shoulder_lift,0.0,1.7843,0.0,2.0215,2054,0,104,5,12.3,37,triangle,no_load,0.0
6.901342,1.077196,shoulder_lift,0.0,1.7843,0.0,2.0215,2054,0,104,5,12.3,36,triangle,no_load,0.0
6.911942,1.087797,shoulder_lift,0.0,1.7843,0.0,2.0215,2054,0,104,5,12.3,36,triangle,no_load,0.0
6.923013,1.098868,shoulder_lift,0.0,1.7843,0.0,2.0215,2054,0,104,7,12.3,36,triangle,no_load,0.0
6.933649,1.109504,shoulder_lift,0.0,1.7843,0.0,2.0215,2054,0,104,5,12.3,36,triangle,no_load,0.0
6.943873,1.119728,shoulder_lift,0.0,1.7843,0.0,2.0215,2054,0,104,5,12.3,36,triangle,no_load,0.0
6.954479,1.130333,shoulder_lift,0.0,1.7843,0.0,2.0215,2054,0,104,5,12.3,37,triangle,no_load,0.0
6.964621,1.140476,shoulder_lift,0.0,1.7843,0.0,2.0215,2054,0,104,4,12.3,36,triangle,no_load,0.0
6.975199,1.151053,shoulder_lift,0.0,1.7843,0.0,2.0215,2054,0,104,5,12.3,36,triangle,no_load,0.0
6.985298,1.161153,shoulder_lift,0.0,1.7843,0.0,2.0215,2054,0,104,5,12.4,36,triangle,no_load,0.0
6.995882,1.171736,shoulder_lift,0.0,1.7843,0.0,2.0215,2054,0,104,5,12.3,36,triangle,no_load,0.0
7.006015,1.18187,shoulder_lift,0.0,1.7843,0.0,2.0215,2054,0,104,4,12.3,36,triangle,no_load,0.0
7.016593,1.192448,shoulder_lift,0.0,1.7843,0.0,2.0215,2054,0,104,5,12.3,36,triangle,no_load,0.0
7.026719,1.202574,shoulder_lift,0.0,1.7843,0.0,2.0215,2054,0,104,5,12.3,36,triangle,no_load,0.0
7.037293,1.213148,shoulder_lift,0.0,1.7843,0.0,2.0215,2054,0,104,4,12.3,36,triangle,no_load,0.0
7.047426,1.223281,shoulder_lift,0.0,1.7843,0.0,2.0215,2054,0,104,5,12.3,36,triangle,no_load,0.0
7.058012,1.233866,shoulder_lift,0.0,1.7843,0.0,2.0215,2054,0,104,5,12.3,36,triangle,no_load,0.0
7.068151,1.244006,shoulder_lift,0.0,1.7843,0.0,2.0215,2054,0,104,5,12.3,36,triangle,no_load,0.0
7.078728,1.254583,shoulder_lift,0.0,1.7843,0.0,2.0215,2054,0,104,4,12.3,36,triangle,no_load,0.0
7.088833,1.264688,shoulder_lift,0.0,1.7843,0.0,2.0215,2054,0,104,5,12.3,36,triangle,no_load,0.0
7.099446,1.275301,shoulder_lift,0.0,1.7843,0.0,2.0215,2054,0,104,5,12.3,36,triangle,no_load,0.0
7.109555,1.285409,shoulder_lift,0.0,1.7843,0.0,2.0215,2054,0,104,5,12.3,37,triangle,no_load,0.0
7.120161,1.296016,shoulder_lift,0.0,1.7843,0.0,2.0215,2054,0,104,5,12.3,36,triangle,no_load,0.0
7.130264,1.306118,shoulder_lift,0.0,1.7843,0.0,2.0215,2054,0,104,5,12.3,36,triangle,no_load,0.0
7.140889,1.316743,shoulder_lift,0.0,1.7843,0.0,2.0215,2054,0,104,5,12.3,36,triangle,no_load,0.0
7.150979,1.326834,shoulder_lift,0.0,1.7843,0.0,2.0215,2054,0,104,5,12.3,36,triangle,no_load,0.0
7.161599,1.337454,shoulder_lift,0.0,1.7843,0.0,2.0215,2054,0,104,5,12.3,36,triangle,no_load,0.0
7.171673,1.347528,shoulder_lift,0.0,1.7843,0.0,2.0215,2054,0,104,5,12.3,36,triangle,no_load,0.0
7.182301,1.358155,shoulder_lift,0.0,1.7843,0.0,2.0215,2054,0,104,5,12.3,36,triangle,no_load,0.0
7.192469,1.368324,shoulder_lift,0.0,1.7843,0.0,2.0215,2054,0,104,5,12.3,36,triangle,no_load,0.0
7.203092,1.378947,shoulder_lift,0.0,1.7843,0.0,2.0215,2054,0,104,5,12.3,36,triangle,no_load,0.0
7.213236,1.389091,shoulder_lift,0.0,1.7843,0.0,2.0215,2054,0,104,4,12.3,36,triangle,no_load,0.0
7.223815,1.39967,shoulder_lift,0.0,1.7843,0.0,2.0215,2054,0,104,5,12.3,36,triangle,no_load,0.0
7.234268,1.410122,shoulder_lift,0.0,1.7843,0.0,2.0215,2054,0,104,5,12.3,36,triangle,no_load,0.0
7.244845,1.4207,shoulder_lift,0.0,1.7843,0.0,2.0215,2054,0,104,5,12.3,37,triangle,no_load,0.0
7.255029,1.430884,shoulder_lift,0.0,1.7843,0.0,2.0215,2054,0,104,6,12.3,36,triangle,no_load,0.0
7.265637,1.441491,shoulder_lift,0.0,1.7843,0.0,2.0215,2054,0,104,5,12.3,36,triangle,no_load,0.0
7.275801,1.451656,shoulder_lift,0.0,1.7843,0.0,2.0215,2054,0,104,5,12.4,36,triangle,no_load,0.0
7.286462,1.462317,shoulder_lift,0.0,1.7843,0.0,2.0215,2054,0,104,5,12.3,36,triangle,no_load,0.0
7.297559,1.473413,shoulder_lift,0.0,1.7843,0.0,2.0215,2054,0,104,5,12.3,36,triangle,no_load,0.0
7.308263,1.484117,shoulder_lift,0.0,1.7843,0.0,2.0215,2054,0,104,5,12.3,36,triangle,no_load,0.0
7.318803,1.494658,shoulder_lift,0.0,1.7843,0.0,2.0215,2054,0,104,5,12.3,36,triangle,no_load,0.0
7.329468,1.505322,shoulder_lift,0.0,1.7843,0.0,2.0215,2054,0,104,5,12.3,36,triangle,no_load,0.0
7.340501,1.516356,shoulder_lift,0.0,1.7843,0.0,2.0215,2054,0,104,5,12.3,36,triangle,no_load,0.0
7.351124,1.526979,shoulder_lift,0.0,1.7843,0.0,2.0215,2054,0,104,5,12.3,36,triangle,no_load,0.0
7.361287,1.537142,shoulder_lift,0.0,1.7843,0.0,2.0215,2054,0,104,7,12.3,36,triangle,no_load,0.0
7.372028,1.547883,shoulder_lift,0.0,1.7843,0.0,2.0215,2054,0,104,5,12.3,36,triangle,no_load,0.0
7.382606,1.558461,shoulder_lift,0.0,1.7843,0.0,2.0215,2054,0,104,5,12.3,36,triangle,no_load,0.0
7.392686,1.568541,shoulder_lift,0.0,1.7843,0.0,2.0215,2054,0,104,5,12.3,36,triangle,no_load,0.0
7.403694,1.579549,shoulder_lift,0.0,1.7843,0.0,2.0215,2054,0,104,6,12.3,36,triangle,no_load,0.0
7.41474,1.590595,shoulder_lift,0.0,1.7843,0.0,2.0215,2054,0,104,5,12.3,36,triangle,no_load,0.0
7.425891,1e-06,shoulder_lift,30.0,1.7843,33.9873,2.0215,2054,0,104,5,12.3,36,triangle,no_load,0.0
7.436739,0.010849,shoulder_lift,30.0,1.7843,33.9873,2.0215,2054,0,100,4,12.3,36,triangle,no_load,0.0
7.447411,0.021521,shoulder_lift,30.0,1.7843,33.9873,2.0215,2054,0,56,2,12.3,36,triangle,no_load,0.0
7.457553,0.031664,shoulder_lift,30.0,1.7843,33.9873,2.0215,2054,0,24,0,12.3,36,triangle,no_load,0.0
7.468192,0.042303,shoulder_lift,30.0,1.7843,33.9873,2.0215,2054,0,1104,2,12.3,36,triangle,no_load,0.0
7.478265,0.052376,shoulder_lift,30.0,1.7843,33.9873,2.0215,2054,0,1152,6,12.3,36,triangle,no_load,0.0
7.488995,0.063105,shoulder_lift,30.0,1.9395,33.9873,2.1973,2056,50,1232,9,12.2,36,triangle,no_load,16.384
7.499997,0.074108,shoulder_lift,30.0,2.3274,33.9873,2.6367,2061,50,1296,10,12.3,36,triangle,no_load,39.938
7.510531,0.084641,shoulder_lift,30.0,2.8704,33.9873,3.252,2068,400,1376,16,12.2,36,triangle,no_load,58.411
7.521024,0.095134,shoulder_lift,30.0,3.4135,33.9873,3.8672,2075,400,1436,19,12.3,36,triangle,no_load,58.63
7.531647,0.105758,shoulder_lift,30.0,4.422,33.9873,5.0098,2088,850,1504,24,12.3,36,triangle,no_load,107.559
7.542783,0.116894,shoulder_lift,30.0,5.5081,33.9873,6.2402,2102,850,1572,29,12.3,36,triangle,no_load,110.489
7.553446,0.127557,shoulder_lift,30.0,6.9046,33.9873,7.8223,2120,1250,1640,30,12.2,36,triangle,no_load,148.373
7.56357,0.137681,shoulder_lift,30.0,8.301,33.9873,9.4043,2138,1250,1680,29,12.2,36,triangle,no_load,156.262
7.574582,0.148692,shoulder_lift,30.0,10.0853,33.9873,11.4258,2161,1750,1676,17,12.2,36,triangle,no_load,183.572
7.584685,0.158796,shoulder_lift,30.0,11.8697,33.9873,13.4473,2184,2200,1680,10,12.3,36,triangle,no_load,200.089
7.595352,0.169463,shoulder_lift,30.0,13.8092,33.9873,15.6445,2209,2200,1592,0,12.3,36,triangle,no_load,205.981
7.605405,0.179515,shoulder_lift,30.0,15.5159,33.9873,17.5781,2231,2200,1576,0,12.3,36,triangle,no_load,192.341
7.616053,0.190163,shoulder_lift,30.0,17.2227,33.9873,19.5117,2253,2200,1508,0,12.3,36,triangle,no_load,181.593
7.626631,0.200742,shoulder_lift,30.0,19.0846,33.9873,21.6211,2277,2250,1444,0,12.3,36,triangle,no_load,199.414
7.636815,0.210926,shoulder_lift,30.0,20.5586,33.9873,23.291,2296,2250,1408,0,12.4,36,triangle,no_load,163.973
7.647426,0.221537,shoulder_lift,30.0,22.0326,33.9873,24.9609,2315,1850,1352,0,12.3,36,triangle,no_load,157.374
7.658023,0.232133,shoulder_lift,30.0,23.0411,33.9873,26.1035,2328,1850,1320,0,12.4,36,triangle,no_load,107.823
7.668607,0.242718,shoulder_lift,30.0,23.8945,33.9873,27.0703,2339,1300,1272,0,12.3,36,triangle,no_load,91.345
7.678787,0.252897,shoulder_lift,30.0,24.4375,33.9873,27.6855,2346,1300,1244,0,12.3,36,triangle,no_load,60.432
7.689447,0.263557,shoulder_lift,30.0,24.9806,33.9873,28.3008,2353,700,1240,0,12.3,36,triangle,no_load,57.72
7.699566,0.273677,shoulder_lift,30.0,25.5237,33.9873,28.916,2360,700,1216,0,12.3,36,triangle,no_load,60.797
7.710146,0.284257,shoulder_lift,30.0,26.0667,33.9873,29.5312,2367,650,1184,0,12.3,36,triangle,no_load,58.147
7.720282,0.294393,shoulder_lift,30.0,26.6098,33.9873,30.1465,2374,650,1160,0,12.3,36,triangle,no_load,60.704
7.730861,0.304972,shoulder_lift,30.0,26.9977,33.9873,30.5859,2379,650,1140,0,12.3,,triangle,no_load,41.535
7.741955,0.316065,shoulder_lift,30.0,27.3856,33.9873,31.0254,2384,650,1120,0,12.3,36,triangle,no_load,39.616
7.75261,0.326721,shoulder_lift,30.0,27.6959,33.9873,31.377,2388,450,1124,1,12.3,36,triangle,no_load,32.999
7.762859,0.336969,shoulder_lift,30.0,27.9286,33.9873,31.6406,2391,450,1112,1,12.3,36,triangle,no_load,25.72
7.77353,0.347641,shoulder_lift,30.0,28.1614,33.9873,31.9043,2394,350,1108,1,12.3,53,triangle,no_load,24.712
7.783658,0.357769,shoulder_lift,30.0,28.3165,33.9873,32.0801,2396,200,1100,0,12.3,36,triangle,no_load,17.358
7.794241,0.368351,shoulder_lift,30.0,28.4717,33.9873,32.2559,2398,200,1096,0,12.3,36,triangle,no_load,16.612
7.804841,0.378951,shoulder_lift,30.0,28.5493,33.9873,32.3437,2399,150,1092,1,12.3,36,triangle,no_load,8.283
7.815899,0.390009,shoulder_lift,30.0,28.7044,33.9873,32.5195,2401,150,1092,1,12.3,36,triangle,no_load,15.898
7.826479,0.400589,shoulder_lift,30.0,28.782,33.9873,32.6074,2402,150,1092,1,12.3,36,triangle,no_load,8.308
7.837355,0.411465,shoulder_lift,30.0,28.8596,33.9873,32.6953,2403,150,1088,1,12.3,36,triangle,no_load,8.082
7.847917,0.422027,shoulder_lift,30.0,28.9372,33.9873,32.7832,2404,100,1084,1,12.3,36,triangle,no_load,8.322
7.858475,0.432586,shoulder_lift,30.0,29.0147,33.9873,32.8711,2405,100,1080,1,12.3,36,triangle,no_load,8.325
7.869104,0.443215,shoulder_lift,30.0,29.0147,33.9873,32.8711,2405,50,1080,1,12.3,36,triangle,no_load,0.0
7.87932,0.453431,shoulder_lift,30.0,29.0923,33.9873,32.959,2406,50,1080,1,12.3,36,triangle,no_load,8.604
7.889756,0.463867,shoulder_lift,30.0,29.1699,33.9873,33.0469,2407,50,1076,1,12.3,36,triangle,no_load,8.423
7.899941,0.474052,shoulder_lift,30.0,29.1699,33.9873,33.0469,2407,50,1076,0,12.3,36,triangle,no_load,0.0
7.910547,0.484658,shoulder_lift,30.0,29.2475,33.9873,33.1348,2408,50,1068,1,12.3,36,triangle,no_load,8.288
7.920691,0.494801,shoulder_lift,30.0,29.2475,33.9873,33.1348,2408,50,1068,1,12.3,36,triangle,no_load,0.0
7.931293,0.505404,shoulder_lift,30.0,29.2475,33.9873,33.1348,2408,50,1076,1,12.3,36,triangle,no_load,0.0
7.94142,0.51553,shoulder_lift,30.0,29.2475,33.9873,33.1348,2408,50,1076,1,12.3,36,triangle,no_load,0.0
7.951806,0.525917,shoulder_lift,30.0,29.2475,33.9873,33.1348,2408,0,1076,2,12.3,36,triangle,no_load,0.0
7.962331,0.536442,shoulder_lift,30.0,29.2475,33.9873,33.1348,2408,0,1076,1,12.3,36,triangle,no_load,0.0
7.972646,0.546757,shoulder_lift,30.0,29.2475,33.9873,33.1348,2408,0,1076,2,12.3,36,triangle,no_load,0.0
7.982757,0.556867,shoulder_lift,30.0,29.2475,33.9873,33.1348,2408,0,1076,2,12.3,36,triangle,no_load,0.0
7.993386,0.567496,shoulder_lift,30.0,29.2475,33.9873,33.1348,2408,0,1076,2,12.3,36,triangle,no_load,0.0
8.003517,0.577628,shoulder_lift,30.0,29.2475,33.9873,33.1348,2408,0,1076,1,12.3,36,triangle,no_load,0.0
8.014109,0.58822,shoulder_lift,30.0,29.2475,33.9873,33.1348,2408,0,1076,1,12.3,36,triangle,no_load,0.0
8.024238,0.598349,shoulder_lift,30.0,29.2475,33.9873,33.1348,2408,0,1076,1,12.3,36,triangle,no_load,0.0
8.034825,0.608936,shoulder_lift,30.0,29.2475,33.9873,33.1348,2408,0,1076,1,12.3,36,triangle,no_load,0.0
8.045039,0.61915,shoulder_lift,30.0,29.2475,33.9873,33.1348,2408,0,1076,2,12.3,36,triangle,no_load,0.0
8.055666,0.629777,shoulder_lift,30.0,29.2475,33.9873,33.1348,2408,0,1076,2,12.3,36,triangle,no_load,0.0
8.066245,0.640355,shoulder_lift,30.0,29.2475,33.9873,33.1348,2408,0,1076,2,12.3,36,triangle,no_load,0.0
8.076358,0.650469,shoulder_lift,30.0,29.2475,33.9873,33.1348,2408,0,1076,1,12.3,36,triangle,no_load,0.0
8.086936,0.661047,shoulder_lift,30.0,29.2475,33.9873,33.1348,2408,0,1076,1,12.3,36,triangle,no_load,0.0
8.097072,0.671182,shoulder_lift,30.0,29.2475,33.9873,33.1348,2408,0,1076,1,12.3,36,triangle,no_load,0.0
8.107718,0.681829,shoulder_lift,30.0,29.2475,33.9873,33.1348,2408,0,1076,1,12.3,36,triangle,no_load,0.0
8.118296,0.692406,shoulder_lift,30.0,29.2475,33.9873,33.1348,2408,0,1076,1,12.3,36,triangle,no_load,0.0
8.128939,0.70305,shoulder_lift,30.0,29.2475,33.9873,33.1348,2408,0,1076,1,12.3,36,triangle,no_load,0.0
8.139911,0.714022,shoulder_lift,30.0,29.2475,33.9873,33.1348,2408,0,1076,1,12.3,36,triangle,no_load,0.0
8.150061,0.724172,shoulder_lift,30.0,29.2475,33.9873,33.1348,2408,0,1076,2,12.3,36,triangle,no_load,0.0
8.160642,0.734752,shoulder_lift,30.0,29.2475,33.9873,33.1348,2408,0,1076,2,12.3,36,triangle,no_load,0.0
8.171797,0.745908,shoulder_lift,30.0,29.2475,33.9873,33.1348,2408,0,1076,2,12.3,36,triangle,no_load,0.0
8.182757,0.756868,shoulder_lift,30.0,29.2475,33.9873,33.1348,2408,0,1076,2,12.3,36,triangle,no_load,0.0
8.193063,0.767173,shoulder_lift,30.0,29.2475,33.9873,33.1348,2408,0,1076,2,12.2,36,triangle,no_load,0.0
8.203595,0.777705,shoulder_lift,30.0,29.2475,33.9873,33.1348,2408,0,1076,2,12.3,36,triangle,no_load,0.0
8.214628,0.788739,shoulder_lift,30.0,29.2475,33.9873,33.1348,2408,0,1076,1,12.3,36,triangle,no_load,0.0
8.22525,0.799361,shoulder_lift,30.0,29.2475,33.9873,33.1348,2408,0,1076,1,12.3,36,triangle,no_load,0.0
8.235848,0.809959,shoulder_lift,30.0,29.2475,33.9873,33.1348,2408,0,1076,2,12.3,36,triangle,no_load,0.0
8.246463,0.820574,shoulder_lift,30.0,29.2475,33.9873,33.1348,2408,0,1076,1,12.3,36,triangle,no_load,0.0
8.257061,0.831171,shoulder_lift,30.0,29.2475,33.9873,33.1348,2408,0,1076,0,12.3,36,triangle,no_load,0.0
8.26756,0.841671,shoulder_lift,30.0,29.2475,33.9873,33.1348,2408,0,1076,1,12.3,36,triangle,no_load,0.0
8.277633,0.851744,shoulder_lift,30.0,29.2475,33.9873,33.1348,2408,0,1076,1,12.4,36,triangle,no_load,0.0
8.288217,0.862327,shoulder_lift,30.0,29.2475,33.9873,33.1348,2408,0,1076,1,12.3,36,triangle,no_load,0.0
8.298793,0.872903,shoulder_lift,30.0,29.2475,33.9873,33.1348,2408,0,1076,1,12.3,36,triangle,no_load,0.0
8.30943,0.88354,shoulder_lift,30.0,29.2475,33.9873,33.1348,2408,0,1076,2,12.3,36,triangle,no_load,0.0
8.320043,0.894154,shoulder_lift,30.0,29.2475,33.9873,33.1348,2408,0,1076,2,12.3,36,triangle,no_load,0.0
8.330678,0.904788,shoulder_lift,30.0,29.2475,33.9873,33.1348,2408,0,1076,1,12.3,37,triangle,no_load,0.0
8.340765,0.914876,shoulder_lift,30.0,29.2475,33.9873,33.1348,2408,0,1076,2,12.3,36,triangle,no_load,0.0
8.351398,0.925509,shoulder_lift,30.0,29.2475,33.9873,33.1348,2408,0,1076,1,12.3,36,triangle,no_load,0.0
8.362018,0.936129,shoulder_lift,30.0,29.2475,33.9873,33.1348,2408,0,1076,1,12.3,36,triangle,no_load,0.0
8.372359,0.946469,shoulder_lift,30.0,29.2475,33.9873,33.1348,2408,0,1076,1,12.3,36,triangle,no_load,0.0
8.382972,0.957082,shoulder_lift,30.0,29.2475,33.9873,33.1348,2408,0,1076,1,12.3,36,triangle,no_load,0.0
8.393857,0.967968,shoulder_lift,30.0,29.2475,33.9873,33.1348,2408,0,1076,2,12.3,36,triangle,no_load,0.0
8.404288,0.978399,shoulder_lift,30.0,29.2475,33.9873,33.1348,2408,0,1076,1,12.3,36,triangle,no_load,0.0
8.414939,0.989049,shoulder_lift,30.0,29.2475,33.9873,33.1348,2408,0,1076,1,12.3,36,triangle,no_load,0.0
8.425638,0.999748,shoulder_lift,30.0,29.2475,33.9873,33.1348,2408,0,1076,1,12.3,36,triangle,no_load,0.0
8.435985,1.010095,shoulder_lift,30.0,29.2475,33.9873,33.1348,2408,0,1076,1,12.3,36,triangle,no_load,0.0
8.446626,1.020736,shoulder_lift,30.0,29.2475,33.9873,33.1348,2408,0,1076,1,12.3,36,triangle,no_load,0.0
8.457559,1.03167,shoulder_lift,30.0,29.2475,33.9873,33.1348,2408,0,1076,2,12.3,36,triangle,no_load,0.0
8.468382,1.042492,shoulder_lift,30.0,29.2475,33.9873,33.1348,2408,0,1076,1,12.3,36,triangle,no_load,0.0
8.479303,1.053414,shoulder_lift,30.0,29.2475,33.9873,33.1348,2408,0,1076,1,12.3,36,triangle,no_load,0.0
8.490008,1.064118,shoulder_lift,30.0,29.2475,33.9873,33.1348,2408,0,1076,2,12.3,36,triangle,no_load,0.0
8.501012,1.075123,shoulder_lift,30.0,29.2475,33.9873,33.1348,2408,0,1076,1,12.3,36,triangle,no_load,0.0
8.511809,1.08592,shoulder_lift,30.0,29.2475,33.9873,33.1348,2408,0,1076,1,12.3,36,triangle,no_load,0.0
8.522012,1.096122,shoulder_lift,30.0,29.2475,33.9873,33.1348,2408,0,1076,2,12.3,36,triangle,no_load,0.0
8.532648,1.106758,shoulder_lift,30.0,29.2475,33.9873,33.1348,2408,0,1076,1,12.3,36,triangle,no_load,0.0
8.543225,1.117336,shoulder_lift,30.0,29.2475,33.9873,33.1348,2408,0,1076,1,12.3,36,triangle,no_load,0.0
8.553823,1.127933,shoulder_lift,30.0,29.2475,33.9873,33.1348,2408,0,1076,1,12.3,36,triangle,no_load,0.0
8.564465,1.138575,shoulder_lift,30.0,29.2475,33.9873,33.1348,2408,0,1076,1,12.3,36,triangle,no_load,0.0
8.575102,1.149212,shoulder_lift,30.0,29.2475,33.9873,33.1348,2408,0,1076,1,12.3,36,triangle,no_load,0.0
8.585911,1.160022,shoulder_lift,30.0,29.2475,33.9873,33.1348,2408,0,1076,1,12.3,36,triangle,no_load,0.0
8.596541,1.170652,shoulder_lift,30.0,29.2475,33.9873,33.1348,2408,0,1076,2,12.3,36,triangle,no_load,0.0
8.607612,1.181723,shoulder_lift,30.0,29.2475,33.9873,33.1348,2408,0,1076,1,12.3,36,triangle,no_load,0.0
8.618265,1.192376,shoulder_lift,30.0,29.2475,33.9873,33.1348,2408,0,1076,1,12.3,36,triangle,no_load,0.0
8.629381,1.203491,shoulder_lift,30.0,29.2475,33.9873,33.1348,2408,0,1076,1,12.3,36,triangle,no_load,0.0
8.639991,1.214101,shoulder_lift,30.0,29.2475,33.9873,33.1348,2408,0,1076,2,12.3,36,triangle,no_load,0.0
8.650616,1.224726,shoulder_lift,30.0,29.2475,33.9873,33.1348,2408,0,1076,2,12.3,36,triangle,no_load,0.0
8.660681,1.234791,shoulder_lift,30.0,29.2475,33.9873,33.1348,2408,0,1076,2,12.3,37,triangle,no_load,0.0
8.671223,1.245333,shoulder_lift,30.0,29.2475,33.9873,33.1348,2408,0,1076,2,12.3,36,triangle,no_load,0.0
8.681766,1.255877,shoulder_lift,30.0,29.2475,33.9873,33.1348,2408,0,1076,1,12.3,36,triangle,no_load,0.0
8.69187,1.265981,shoulder_lift,30.0,29.2475,33.9873,33.1348,2408,0,1076,1,12.3,36,triangle,no_load,0.0
8.702965,1.277075,shoulder_lift,30.0,29.2475,33.9873,33.1348,2408,0,1076,1,12.3,36,triangle,no_load,0.0
8.71359,1.287701,shoulder_lift,30.0,29.2475,33.9873,33.1348,2408,0,1076,2,12.3,36,triangle,no_load,0.0
8.724692,1.298802,shoulder_lift,30.0,29.2475,33.9873,33.1348,2408,0,1076,1,12.3,36,triangle,no_load,0.0
8.735197,1.309308,shoulder_lift,30.0,29.2475,33.9873,33.1348,2408,0,1076,2,12.3,36,triangle,no_load,0.0
8.745293,1.319404,shoulder_lift,30.0,29.2475,33.9873,33.1348,2408,0,1076,1,12.3,36,triangle,no_load,0.0
8.755916,1.330027,shoulder_lift,30.0,29.2475,33.9873,33.1348,2408,0,1076,1,12.3,36,triangle,no_load,0.0
8.766031,1.340141,shoulder_lift,30.0,29.2475,33.9873,33.1348,2408,0,1076,1,12.3,36,triangle,no_load,0.0
8.776611,1.350721,shoulder_lift,30.0,29.2475,33.9873,33.1348,2408,0,1076,1,12.3,36,triangle,no_load,0.0
8.78668,1.360791,shoulder_lift,30.0,29.2475,33.9873,33.1348,2408,0,1076,2,12.3,36,triangle,no_load,0.0
8.797255,1.371365,shoulder_lift,30.0,29.2475,33.9873,33.1348,2408,0,1076,1,12.3,36,triangle,no_load,0.0
8.807725,1.381836,shoulder_lift,30.0,29.2475,33.9873,33.1348,2408,0,1076,1,12.3,36,triangle,no_load,0.0
8.818132,1.392243,shoulder_lift,30.0,29.2475,33.9873,33.1348,2408,0,1076,1,12.3,36,triangle,no_load,0.0
8.828709,1.40282,shoulder_lift,30.0,29.2475,33.9873,33.1348,2408,0,1076,1,12.4,36,triangle,no_load,0.0
8.839499,1.413609,shoulder_lift,30.0,29.2475,33.9873,33.1348,2408,0,1076,2,12.2,36,triangle,no_load,0.0
8.850142,1.424252,shoulder_lift,30.0,29.2475,33.9873,33.1348,2408,0,1076,1,12.3,36,triangle,no_load,0.0
8.861204,1.435315,shoulder_lift,30.0,29.2475,33.9873,33.1348,2408,0,1076,1,12.3,36,triangle,no_load,0.0
8.871858,1.445968,shoulder_lift,30.0,29.2475,33.9873,33.1348,2408,0,1076,1,12.3,36,triangle,no_load,0.0
8.881972,1.456083,shoulder_lift,30.0,29.2475,33.9873,33.1348,2408,0,1076,2,12.3,36,triangle,no_load,0.0
8.892626,1.466737,shoulder_lift,30.0,29.2475,33.9873,33.1348,2408,0,1076,1,12.3,36,triangle,no_load,0.0
8.903204,1.477314,shoulder_lift,30.0,29.2475,33.9873,33.1348,2408,0,1076,2,12.3,36,triangle,no_load,0.0
8.913923,1.488034,shoulder_lift,30.0,29.2475,33.9873,33.1348,2408,0,1076,1,12.3,36,triangle,no_load,0.0
8.924877,1.498988,shoulder_lift,30.0,29.2475,33.9873,33.1348,2408,0,1076,2,12.3,36,triangle,no_load,0.0
8.935501,1.509612,shoulder_lift,30.0,29.2475,33.9873,33.1348,2408,0,1076,2,12.3,36,triangle,no_load,0.0
8.946101,1.520211,shoulder_lift,30.0,29.2475,33.9873,33.1348,2408,0,1076,1,12.3,36,triangle,no_load,0.0
8.956948,1.531058,shoulder_lift,30.0,29.2475,33.9873,33.1348,2408,0,1076,2,12.3,36,triangle,no_load,0.0
8.967054,1.541165,shoulder_lift,30.0,29.2475,33.9873,33.1348,2408,0,1076,1,12.3,36,triangle,no_load,0.0
8.977652,1.551763,shoulder_lift,30.0,29.2475,33.9873,33.1348,2408,0,1076,1,12.3,36,triangle,no_load,0.0
8.988798,1.562909,shoulder_lift,30.0,29.2475,33.9873,33.1348,2408,0,1076,1,12.3,36,triangle,no_load,0.0
8.998895,1.573006,shoulder_lift,30.0,29.2475,33.9873,33.1348,2408,0,1076,1,12.3,36,triangle,no_load,0.0
9.009422,1.583532,shoulder_lift,30.0,29.2475,33.9873,33.1348,2408,0,1076,1,12.3,36,triangle,no_load,0.0
9.020052,1.594163,shoulder_lift,30.0,29.2475,33.9873,33.1348,2408,0,1076,2,12.3,36,triangle,no_load,0.0
9.030687,1e-06,shoulder_lift,0.0,29.2475,0.0,33.1348,2408,0,1076,1,12.3,36,triangle,no_load,0.0
9.041313,0.010628,shoulder_lift,0.0,29.2475,0.0,33.1348,2408,0,1068,0,12.3,36,triangle,no_load,0.0
9.051792,0.021106,shoulder_lift,0.0,29.2475,0.0,33.1348,2408,0,20,0,12.3,36,triangle,no_load,0.0
9.062118,0.031432,shoulder_lift,0.0,29.2475,0.0,33.1348,2408,0,40,2,12.3,36,triangle,no_load,0.0
9.072717,0.042032,shoulder_lift,0.0,29.2475,0.0,33.1348,2408,0,112,4,12.3,36,triangle,no_load,0.0
9.083392,0.052706,shoulder_lift,0.0,29.1699,0.0,33.0469,2407,-50,160,11,12.3,36,triangle,no_load,-8.234
9.094028,0.063342,shoulder_lift,0.0,29.0923,0.0,32.959,2406,-50,260,20,12.2,37,triangle,no_load,-8.264
9.104458,0.073772,shoulder_lift,0.0,28.8596,0.0,32.6953,2403,-100,360,25,12.3,36,triangle,no_load,-25.283
9.114632,0.083946,shoulder_lift,0.0,28.3941,0.0,32.168,2397,-100,412,24,12.3,36,triangle,no_load,-51.828
9.125218,0.094532,shoulder_lift,0.0,27.6183,0.0,31.2891,2387,-750,456,25,12.2,36,triangle,no_load,-83.025
9.135859,0.105173,shoulder_lift,0.0,26.5322,0.0,30.0586,2373,-750,512,24,12.2,36,triangle,no_load,-115.638
9.14647,0.115784,shoulder_lift,0.0,25.834,0.0,29.2676,2364,-1100,620,41,12.2,36,triangle,no_load,-74.545
9.156571,0.125885,shoulder_lift,0.0,24.8254,0.0,28.125,2351,-1100,692,58,12.2,36,triangle,no_load,-113.118
9.167149,0.136463,shoulder_lift,0.0,23.6618,0.0,26.8066,2336,-1250,756,69,12.2,36,triangle,no_load,-124.636
9.177999,0.147313,shoulder_lift,0.0,22.0326,0.0,24.9609,2315,-1250,788,71,12.2,36,triangle,no_load,-170.111
9.188964,0.158278,shoulder_lift,0.0,20.2483,0.0,22.9395,2292,-1800,720,43,12.2,36,triangle,no_load,-184.35
9.199973,0.169287,shoulder_lift,0.0,18.4639,0.0,20.918,2269,-1800,724,43,12.2,36,triangle,no_load,-183.622
9.210963,0.180277,shoulder_lift,0.0,16.6796,0.0,18.8965,2246,-2050,660,27,12.3,36,triangle,no_load,-183.94
9.221978,0.191292,shoulder_lift,0.0,14.9728,0.0,16.9629,2224,-2100,640,24,12.2,36,triangle,no_load,-175.542
9.232961,0.202275,shoulder_lift,0.0,13.3437,0.0,15.1172,2203,-2100,576,13,12.2,36,triangle,no_load,-168.051
9.243958,0.213272,shoulder_lift,0.0,11.7921,0.0,13.3594,2183,-1850,512,5,12.3,36,triangle,no_load,-159.844
9.254142,0.223456,shoulder_lift,0.0,10.2405,0.0,11.6016,2163,-1850,464,5,12.3,36,triangle,no_load,-172.604
9.265138,0.234452,shoulder_lift,0.0,8.9216,0.0,10.1074,2146,-1750,372,0,12.4,36,triangle,no_load,-135.886
9.276139,0.245453,shoulder_lift,0.0,7.6804,0.0,8.7012,2130,-1750,308,0,12.3,36,triangle,no_load,-127.825
9.286969,0.256283,shoulder_lift,0.0,6.6718,0.0,7.5586,2117,-1450,244,0,12.3,36,triangle,no_load,-105.503
9.297996,0.26731,shoulder_lift,0.0,5.7409,0.0,6.5039,2105,-1450,200,0,12.3,36,triangle,no_load,-95.647
9.308972,0.278286,shoulder_lift,0.0,5.0427,0.0,5.7129,2096,-1050,184,0,12.3,36,triangle,no_load,-72.066
9.319965,0.28928,shoulder_lift,0.0,4.4996,0.0,5.0977,2089,-1050,160,0,12.3,36,triangle,no_load,-55.963
9.330961,0.300275,shoulder_lift,0.0,4.0341,0.0,4.5703,2083,-700,168,3,12.3,36,triangle,no_load,-47.963
9.341591,0.310905,shoulder_lift,0.0,3.7238,0.0,4.2187,2079,-450,152,4,12.3,36,triangle,no_load,-33.076
9.351735,0.321049,shoulder_lift,0.0,3.4911,0.0,3.9551,2076,-450,160,4,12.3,36,triangle,no_load,-25.986
9.362735,0.332049,shoulder_lift,0.0,3.3359,0.0,3.7793,2074,-200,152,7,12.3,36,triangle,no_load,-15.982
9.373633,0.342948,shoulder_lift,0.0,3.1808,0.0,3.6035,2072,-200,160,7,12.3,36,triangle,no_load,-16.131
9.383735,0.353049,shoulder_lift,0.0,3.0256,0.0,3.4277,2070,-200,152,7,12.3,36,triangle,no_load,-17.402
9.395068,0.364382,shoulder_lift,0.0,2.8704,0.0,3.252,2068,-200,144,6,12.3,36,triangle,no_load,-15.503
9.405645,0.37496,shoulder_lift,0.0,2.7153,0.0,3.0762,2066,-200,132,5,12.3,36,triangle,no_load,-16.621
9.416222,0.385536,shoulder_lift,0.0,2.4825,0.0,2.8125,2063,-200,124,4,12.3,36,triangle,no_load,-24.931
9.426804,0.396118,shoulder_lift,0.0,2.3274,0.0,2.6367,2061,-250,116,4,12.3,36,triangle,no_load,-16.613
9.437333,0.406647,shoulder_lift,0.0,2.1722,0.0,2.4609,2059,-250,108,3,12.3,36,triangle,no_load,-16.697
9.447442,0.416756,shoulder_lift,0.0,2.0946,0.0,2.373,2058,-200,100,3,12.3,36,triangle,no_load,-8.695
9.457952,0.427266,shoulder_lift,0.0,2.0171,0.0,2.2852,2057,-200,96,3,12.3,36,triangle,no_load,-8.354
9.468086,0.4374,shoulder_lift,0.0,1.9395,0.0,2.1973,2056,-100,104,4,12.3,36,triangle,no_load,-8.674
9.478425,0.447739,shoulder_lift,0.0,1.9395,0.0,2.1973,2056,-100,104,5,12.3,36,triangle,no_load,0.0
9.489096,0.45841,shoulder_lift,0.0,1.9395,0.0,2.1973,2056,0,112,5,12.3,36,triangle,no_load,0.0
9.500054,0.469368,shoulder_lift,0.0,1.9395,0.0,2.1973,2056,0,112,6,12.3,36,triangle,no_load,0.0
9.511047,0.480361,shoulder_lift,0.0,1.9395,0.0,2.1973,2056,0,112,6,12.3,36,triangle,no_load,0.0
9.522001,0.491315,shoulder_lift,0.0,1.9395,0.0,2.1973,2056,0,112,5,12.3,36,triangle,no_load,0.0
9.532653,0.501967,shoulder_lift,0.0,1.9395,0.0,2.1973,2056,0,112,6,12.2,36,triangle,no_load,0.0
9.543257,0.512571,shoulder_lift,0.0,1.8619,0.0,2.1094,2055,0,104,5,12.3,36,triangle,no_load,-8.289
9.553794,0.523108,shoulder_lift,0.0,1.8619,0.0,2.1094,2055,0,104,3,12.3,36,triangle,no_load,0.0
9.564469,0.533784,shoulder_lift,0.0,1.7843,0.0,2.0215,2054,-50,100,4,12.3,36,triangle,no_load,-8.234
9.575076,0.54439,shoulder_lift,0.0,1.7843,0.0,2.0215,2054,-50,100,4,12.3,36,triangle,no_load,0.0
9.585833,0.555148,shoulder_lift,0.0,1.7843,0.0,2.0215,2054,-50,104,6,12.3,36,triangle,no_load,0.0
9.596497,0.565811,shoulder_lift,0.0,1.7843,0.0,2.0215,2054,-50,104,5,12.3,36,triangle,no_load,0.0
9.607122,0.576436,shoulder_lift,0.0,1.7843,0.0,2.0215,2054,0,104,5,12.3,36,triangle,no_load,0.0
9.61824,0.587555,shoulder_lift,0.0,1.7843,0.0,2.0215,2054,0,104,5,12.3,36,triangle,no_load,0.0
9.628865,0.598179,shoulder_lift,0.0,1.7843,0.0,2.0215,2054,0,104,4,12.3,36,triangle,no_load,0.0
9.638934,0.608248,shoulder_lift,0.0,1.7843,0.0,2.0215,2054,0,104,6,12.3,36,triangle,no_load,0.0
9.649932,0.619246,shoulder_lift,0.0,1.7843,0.0,2.0215,2054,0,104,6,12.3,36,triangle,no_load,0.0
9.660037,0.629351,shoulder_lift,0.0,1.7843,0.0,2.0215,2054,0,104,5,12.3,36,triangle,no_load,0.0
9.670697,0.640011,shoulder_lift,0.0,1.7843,0.0,2.0215,2054,0,104,5,12.3,36,triangle,no_load,0.0
9.68079,0.650104,shoulder_lift,0.0,1.7843,0.0,2.0215,2054,0,104,5,12.3,36,triangle,no_load,0.0
9.691392,0.660706,shoulder_lift,0.0,1.7843,0.0,2.0215,2054,0,104,5,12.3,36,triangle,no_load,0.0
9.70244,0.671754,shoulder_lift,0.0,1.7843,0.0,2.0215,2054,0,104,5,12.3,38,triangle,no_load,0.0
9.713018,0.682332,shoulder_lift,0.0,1.7843,0.0,2.0215,2054,0,104,4,12.3,36,triangle,no_load,0.0
9.724112,0.693426,shoulder_lift,0.0,1.7843,0.0,2.0215,2054,0,104,5,12.3,36,triangle,no_load,0.0
9.734732,0.704046,shoulder_lift,0.0,1.7843,0.0,2.0215,2054,0,104,4,12.3,36,triangle,no_load,0.0
9.744807,0.714121,shoulder_lift,0.0,1.7843,0.0,2.0215,2054,0,104,5,12.3,36,triangle,no_load,0.0
9.755414,0.724728,shoulder_lift,0.0,1.7843,0.0,2.0215,2054,0,104,5,12.3,36,triangle,no_load,0.0
9.765523,0.734837,shoulder_lift,0.0,1.7843,0.0,2.0215,2054,0,104,5,12.3,36,triangle,no_load,0.0
9.776147,0.745462,shoulder_lift,0.0,1.7843,0.0,2.0215,2054,0,104,4,12.3,36,triangle,no_load,0.0
9.786281,0.755595,shoulder_lift,0.0,1.7843,0.0,2.0215,2054,0,104,6,12.3,36,triangle,no_load,0.0
9.796857,0.766171,shoulder_lift,0.0,1.7843,0.0,2.0215,2054,0,104,5,12.3,36,triangle,no_load,0.0
9.807273,0.776587,shoulder_lift,0.0,1.7843,0.0,2.0215,2054,0,104,5,12.3,36,triangle,no_load,0.0
9.817866,0.787181,shoulder_lift,0.0,1.7843,0.0,2.0215,2054,0,104,5,12.3,36,triangle,no_load,0.0
9.828854,0.798169,shoulder_lift,0.0,1.7843,0.0,2.0215,2054,0,104,5,12.3,36,triangle,no_load,0.0
9.839478,0.808792,shoulder_lift,0.0,1.7843,0.0,2.0215,2054,0,104,4,12.3,36,triangle,no_load,0.0
9.849931,0.819245,shoulder_lift,0.0,1.7843,0.0,2.0215,2054,0,104,5,12.3,36,triangle,no_load,0.0
9.860557,0.829871,shoulder_lift,0.0,1.7843,0.0,2.0215,2054,0,104,5,12.3,36,triangle,no_load,0.0
9.871084,0.840398,shoulder_lift,0.0,1.7843,0.0,2.0215,2054,0,104,5,12.3,36,triangle,no_load,0.0
9.881741,0.851055,shoulder_lift,0.0,1.7843,0.0,2.0215,2054,0,104,5,12.3,36,triangle,no_load,0.0
9.892154,0.861468,shoulder_lift,0.0,1.7843,0.0,2.0215,2054,0,104,5,12.3,37,triangle,no_load,0.0
9.903163,0.872477,shoulder_lift,0.0,1.7843,0.0,2.0215,2054,0,104,5,12.3,36,triangle,no_load,0.0
9.913337,0.882651,shoulder_lift,0.0,1.7843,0.0,2.0215,2054,0,104,5,12.3,36,triangle,no_load,0.0
9.924337,0.893651,shoulder_lift,0.0,1.7843,0.0,2.0215,2054,0,104,5,12.3,36,triangle,no_load,0.0
9.935402,0.904716,shoulder_lift,0.0,1.7843,0.0,2.0215,2054,0,104,5,12.3,36,triangle,no_load,0.0
9.945829,0.915144,shoulder_lift,0.0,1.7843,0.0,2.0215,2054,0,104,4,12.3,36,triangle,no_load,0.0
9.956444,0.925758,shoulder_lift,0.0,1.7843,0.0,2.0215,2054,0,104,4,12.3,36,triangle,no_load,0.0
9.967561,0.936875,shoulder_lift,0.0,1.7843,0.0,2.0215,2054,0,104,5,12.2,36,triangle,no_load,0.0
9.978195,0.94751,shoulder_lift,0.0,1.7843,0.0,2.0215,2054,0,104,5,12.3,36,triangle,no_load,0.0
9.98835,0.957664,shoulder_lift,0.0,1.7843,0.0,2.0215,2054,0,104,4,12.3,36,triangle,no_load,0.0
9.998959,0.968273,shoulder_lift,0.0,1.7843,0.0,2.0215,2054,0,104,5,12.4,36,triangle,no_load,0.0
10.009128,0.978443,shoulder_lift,0.0,1.7843,0.0,2.0215,2054,0,104,5,12.3,36,triangle,no_load,0.0
10.019689,0.989003,shoulder_lift,0.0,1.7843,0.0,2.0215,2054,0,104,5,12.3,36,triangle,no_load,0.0
10.03087,1.000184,shoulder_lift,0.0,1.7843,0.0,2.0215,2054,0,104,5,12.3,36,triangle,no_load,0.0
10.041456,1.01077,shoulder_lift,0.0,1.7843,0.0,2.0215,2054,0,104,5,12.3,36,triangle,no_load,0.0
10.052013,1.021328,shoulder_lift,0.0,1.7843,0.0,2.0215,2054,0,104,5,12.3,36,triangle,no_load,0.0
10.062598,1.031912,shoulder_lift,0.0,1.7843,0.0,2.0215,2054,0,104,5,12.3,36,triangle,no_load,0.0
10.072871,1.042185,shoulder_lift,0.0,1.7843,0.0,2.0215,2054,0,104,5,12.3,36,triangle,no_load,0.0
10.083462,1.052776,shoulder_lift,0.0,1.7843,0.0,2.0215,2054,0,104,4,12.3,36,triangle,no_load,0.0
10.09402,1.063334,shoulder_lift,0.0,1.7843,0.0,2.0215,2054,0,104,5,12.3,36,triangle,no_load,0.0
10.104583,1.073897,shoulder_lift,0.0,1.7843,0.0,2.0215,2054,0,104,5,12.3,36,triangle,no_load,0.0
10.114786,1.084101,shoulder_lift,0.0,1.7843,0.0,2.0215,2054,0,104,5,12.3,36,triangle,no_load,0.0
10.125237,1.094551,shoulder_lift,0.0,1.7843,0.0,2.0215,2054,0,104,5,12.3,36,triangle,no_load,0.0
10.135502,1.104816,shoulder_lift,0.0,1.7843,0.0,2.0215,2054,0,104,5,12.3,36,triangle,no_load,0.0
10.146059,1.115373,shoulder_lift,0.0,1.7843,0.0,2.0215,2054,0,104,5,12.3,36,triangle,no_load,0.0
10.156251,1.125566,shoulder_lift,0.0,1.7843,0.0,2.0215,2054,0,104,5,12.3,36,triangle,no_load,0.0
10.166847,1.136161,shoulder_lift,0.0,1.7843,0.0,2.0215,2054,0,104,5,12.3,36,triangle,no_load,0.0
10.177477,1.146791,shoulder_lift,0.0,1.7843,0.0,2.0215,2054,0,104,5,12.3,36,triangle,no_load,0.0
10.188084,1.157398,shoulder_lift,0.0,1.7843,0.0,2.0215,2054,0,104,5,12.3,36,triangle,no_load,0.0
10.198277,1.167591,shoulder_lift,0.0,1.7843,0.0,2.0215,2054,0,104,6,12.3,36,triangle,no_load,0.0
10.208837,1.178151,shoulder_lift,0.0,1.7843,0.0,2.0215,2054,0,104,5,12.3,36,triangle,no_load,0.0
10.21896,1.188274,shoulder_lift,0.0,1.7843,0.0,2.0215,2054,0,104,5,12.3,36,triangle,no_load,0.0
10.229228,1.198542,shoulder_lift,0.0,1.7843,0.0,2.0215,2054,0,104,4,12.3,36,triangle,no_load,0.0
10.239923,1.209237,shoulder_lift,0.0,1.7843,0.0,2.0215,2054,0,104,4,12.3,36,triangle,no_load,0.0
10.250562,1.219877,shoulder_lift,0.0,1.7843,0.0,2.0215,2054,0,104,5,12.3,36,triangle,no_load,0.0
10.261127,1.230441,shoulder_lift,0.0,1.7843,0.0,2.0215,2054,0,104,4,12.3,36,triangle,no_load,0.0
10.271763,1.241078,shoulder_lift,0.0,1.7843,0.0,2.0215,2054,0,104,5,12.3,36,triangle,no_load,0.0
10.282399,1.251714,shoulder_lift,0.0,1.7843,0.0,2.0215,2054,0,104,5,12.3,36,triangle,no_load,0.0
10.292541,1.261856,shoulder_lift,0.0,1.7843,0.0,2.0215,2054,0,104,4,12.3,36,triangle,no_load,0.0
10.303123,1.272437,shoulder_lift,0.0,1.7843,0.0,2.0215,2054,0,104,5,12.4,36,triangle,no_load,0.0
10.313302,1.282616,shoulder_lift,0.0,1.7843,0.0,2.0215,2054,0,104,6,12.3,36,triangle,no_load,0.0
10.32393,1.293244,shoulder_lift,0.0,1.7843,0.0,2.0215,2054,0,104,5,12.3,36,triangle,no_load,0.0
10.334106,1.30342,shoulder_lift,0.0,1.7843,0.0,2.0215,2054,0,104,5,12.3,36,triangle,no_load,0.0
10.344664,1.313979,shoulder_lift,0.0,1.7843,0.0,2.0215,2054,0,104,5,12.3,36,triangle,no_load,0.0
10.354831,1.324145,shoulder_lift,0.0,1.7843,0.0,2.0215,2054,0,104,5,12.3,36,triangle,no_load,0.0
10.365427,1.334741,shoulder_lift,0.0,1.7843,0.0,2.0215,2054,0,104,4,12.3,36,triangle,no_load,0.0
10.376351,1.345665,shoulder_lift,0.0,1.7843,0.0,2.0215,2054,0,104,5,12.3,36,triangle,no_load,0.0
10.386934,1.356248,shoulder_lift,0.0,1.7843,0.0,2.0215,2054,0,104,5,12.3,36,triangle,no_load,0.0
10.397545,1.366859,shoulder_lift,0.0,1.7843,0.0,2.0215,2054,0,104,5,12.3,36,triangle,no_load,0.0
10.408105,1.377419,shoulder_lift,0.0,1.7843,0.0,2.0215,2054,0,104,4,12.3,36,triangle,no_load,0.0
10.418281,1.387595,shoulder_lift,0.0,1.7843,0.0,2.0215,2054,0,104,5,12.3,36,triangle,no_load,0.0
10.428841,1.398155,shoulder_lift,0.0,1.7843,0.0,2.0215,2054,0,104,5,12.3,36,triangle,no_load,0.0
10.438985,1.4083,shoulder_lift,0.0,1.7843,0.0,2.0215,2054,0,104,5,12.3,36,triangle,no_load,0.0
10.449639,1.418954,shoulder_lift,0.0,1.7843,0.0,2.0215,2054,0,104,5,12.3,36,triangle,no_load,0.0
10.46013,1.429444,shoulder_lift,0.0,1.7843,0.0,2.0215,2054,0,104,4,12.4,36,triangle,no_load,0.0
10.470854,1.440168,shoulder_lift,0.0,1.7843,0.0,2.0215,2054,0,104,5,12.3,36,triangle,no_load,0.0
10.481493,1.450807,shoulder_lift,0.0,1.7843,0.0,2.0215,2054,0,104,5,12.3,36,triangle,no_load,0.0
10.492506,1.46182,shoulder_lift,0.0,1.7843,0.0,2.0215,2054,0,104,5,12.3,36,triangle,no_load,0.0
10.503501,1.472815,shoulder_lift,0.0,1.7843,0.0,2.0215,2054,0,104,5,12.3,36,triangle,no_load,0.0
10.513753,1.483067,shoulder_lift,0.0,1.7843,0.0,2.0215,2054,0,104,6,12.3,36,triangle,no_load,0.0
10.523819,1.493134,shoulder_lift,0.0,1.7843,0.0,2.0215,2054,0,104,5,12.3,36,triangle,no_load,0.0
10.534097,1.503411,shoulder_lift,0.0,1.7843,0.0,2.0215,2054,0,104,5,12.3,36,triangle,no_load,0.0
10.54417,1.513484,shoulder_lift,0.0,1.7843,0.0,2.0215,2054,0,104,5,12.3,36,triangle,no_load,0.0
10.554747,1.524061,shoulder_lift,0.0,1.7843,0.0,2.0215,2054,0,104,5,12.3,36,triangle,no_load,0.0
10.565814,1.535128,shoulder_lift,0.0,1.7843,0.0,2.0215,2054,0,104,6,12.3,36,triangle,no_load,0.0
10.576505,1.545819,shoulder_lift,0.0,1.7843,0.0,2.0215,2054,0,104,4,12.3,36,triangle,no_load,0.0
10.586757,1.556071,shoulder_lift,0.0,1.7843,0.0,2.0215,2054,0,104,6,12.3,36,triangle,no_load,0.0
10.597337,1.566651,shoulder_lift,0.0,1.7843,0.0,2.0215,2054,0,104,5,12.3,36,triangle,no_load,0.0
10.607665,1.576979,shoulder_lift,0.0,1.7843,0.0,2.0215,2054,0,104,7,12.3,36,triangle,no_load,0.0
10.617781,1.587095,shoulder_lift,0.0,1.7843,0.0,2.0215,2054,0,104,5,12.3,36,triangle,no_load,0.0
10.628397,1.597711,shoulder_lift,0.0,1.7843,0.0,2.0215,2054,0,104,5,12.3,36,triangle,no_load,0.0
