time,time_since_command,joint_name,commanded_norm,actual_norm,commanded_deg,actual_deg,raw_ticks,speed_raw,load_raw,current_raw,voltage,temperature,experiment_id,load_condition,measured_vel_deg_s
0.000951,4e-06,shoulder_lift,-50.0,-50.9697,-56.6455,-57.7441,1374,0,1084,2,12.3,,staircase1,no_load,0.0
0.012006,0.011059,shoulder_lift,-50.0,-50.9697,-56.6455,-57.7441,1374,0,1084,2,12.3,35,staircase1,no_load,0.0
0.022737,0.02179,shoulder_lift,-50.0,-50.9697,-56.6455,-57.7441,1374,0,1084,2,12.3,35,staircase1,no_load,0.0
0.033485,0.032538,shoulder_lift,-50.0,-50.9697,-56.6455,-57.7441,1374,0,1084,2,12.3,35,staircase1,no_load,0.0
0.043908,0.042961,shoulder_lift,-50.0,-50.9697,-56.6455,-57.7441,1374,0,1084,1,12.3,36,staircase1,no_load,0.0
0.054539,0.053592,shoulder_lift,-50.0,-50.9697,-56.6455,-57.7441,1374,0,1084,2,12.3,35,staircase1,no_load,0.0
0.065416,0.064469,shoulder_lift,-50.0,-50.9697,-56.6455,-57.7441,1374,0,1084,2,12.3,35,staircase1,no_load,0.0
0.076223,0.075275,shoulder_lift,-50.0,-50.9697,-56.6455,-57.7441,1374,0,1084,2,12.3,35,staircase1,no_load,0.0
0.087154,0.086207,shoulder_lift,-50.0,-50.9697,-56.6455,-57.7441,1374,0,1084,2,12.3,35,staircase1,no_load,0.0
0.098208,0.097261,shoulder_lift,-50.0,-50.9697,-56.6455,-57.7441,1374,0,1084,1,12.3,36,staircase1,no_load,0.0
0.108785,0.107838,shoulder_lift,-50.0,-50.9697,-56.6455,-57.7441,1374,0,1084,2,12.3,35,staircase1,no_load,0.0
0.119759,0.118811,shoulder_lift,-50.0,-50.9697,-56.6455,-57.7441,1374,0,1084,2,12.3,35,staircase1,no_load,0.0
0.130716,0.129768,shoulder_lift,-50.0,-50.9697,-56.6455,-57.7441,1374,0,1084,1,12.3,35,staircase1,no_load,0.0
0.141209,0.140261,shoulder_lift,-50.0,-50.9697,-56.6455,-57.7441,1374,0,1084,2,12.4,35,staircase1,no_load,0.0
0.151967,0.15102,shoulder_lift,-50.0,-50.9697,-56.6455,-57.7441,1374,0,1084,1,12.3,35,staircase1,no_load,0.0
0.162625,0.161678,shoulder_lift,-50.0,-50.9697,-56.6455,-57.7441,1374,0,1084,1,12.3,35,staircase1,no_load,0.0
0.173212,0.172265,shoulder_lift,-50.0,-50.9697,-56.6455,-57.7441,1374,0,1084,2,12.3,35,staircase1,no_load,0.0
0.184309,0.183361,shoulder_lift,-50.0,-50.9697,-56.6455,-57.7441,1374,0,1084,2,12.3,35,staircase1,no_load,0.0
0.195084,0.194137,shoulder_lift,-50.0,-50.9697,-56.6455,-57.7441,1374,0,1084,2,12.3,,staircase1,no_load,0.0
0.206071,0.205124,shoulder_lift,-50.0,-50.9697,-56.6455,-57.7441,1374,0,1084,1,12.3,35,staircase1,no_load,0.0
0.217053,0.216106,shoulder_lift,-50.0,-50.9697,-56.6455,-57.7441,1374,0,1084,2,12.3,36,staircase1,no_load,0.0
0.22798,0.227033,shoulder_lift,-50.0,-50.9697,-56.6455,-57.7441,1374,0,1084,2,12.3,35,staircase1,no_load,0.0
0.238527,0.237579,shoulder_lift,-50.0,-50.9697,-56.6455,-57.7441,1374,0,1084,1,12.3,35,staircase1,no_load,0.0
0.249706,0.248758,shoulder_lift,-50.0,-50.9697,-56.6455,-57.7441,1374,0,1084,2,12.3,35,staircase1,no_load,0.0
0.260208,0.259261,shoulder_lift,-50.0,-50.9697,-56.6455,-57.7441,1374,0,1084,1,12.3,35,staircase1,no_load,0.0
0.271092,0.270145,shoulder_lift,-50.0,-50.9697,-56.6455,-57.7441,1374,0,1084,2,12.3,35,staircase1,no_load,0.0
0.284603,0.283656,shoulder_lift,-50.0,-50.9697,-56.6455,-57.7441,1374,0,1084,1,12.3,39,staircase1,no_load,0.0
0.295433,0.294485,shoulder_lift,-50.0,-50.9697,-56.6455,-57.7441,1374,0,1084,3,12.4,36,staircase1,no_load,0.0
0.306237,0.305289,shoulder_lift,-50.0,-50.9697,-56.6455,-57.7441,1374,0,1084,2,12.3,35,staircase1,no_load,0.0
0.317429,0.316482,shoulder_lift,-50.0,-50.9697,-56.6455,-57.7441,1374,0,1084,2,12.3,35,staircase1,no_load,0.0
0.327807,0.32686,shoulder_lift,-50.0,-50.9697,-56.6455,-57.7441,1374,0,1084,2,12.3,39,staircase1,no_load,0.0
0.338132,0.337185,shoulder_lift,-50.0,-50.9697,-56.6455,-57.7441,1374,0,1084,2,12.3,35,staircase1,no_load,0.0
0.348402,0.347455,shoulder_lift,-50.0,-50.9697,-56.6455,-57.7441,1374,0,1084,1,12.3,35,staircase1,no_load,0.0
0.359052,0.358105,shoulder_lift,-50.0,-50.9697,-56.6455,-57.7441,1374,0,1084,2,12.3,35,staircase1,no_load,0.0
0.369481,0.368534,shoulder_lift,-50.0,-50.9697,-56.6455,-57.7441,1374,0,1084,2,12.3,35,staircase1,no_load,0.0
0.380217,0.37927,shoulder_lift,-50.0,-50.9697,-56.6455,-57.7441,1374,0,1084,1,12.3,35,staircase1,no_load,0.0
0.390728,0.38978,shoulder_lift,-50.0,-50.9697,-56.6455,-57.7441,1374,0,1084,2,12.3,35,staircase1,no_load,0.0
0.401094,0.400147,shoulder_lift,-50.0,-50.9697,-56.6455,-57.7441,1374,0,1084,2,12.3,35,staircase1,no_load,0.0
0.411708,0.410761,shoulder_lift,-50.0,-50.9697,-56.6455,-57.7441,1374,0,1084,2,12.3,35,staircase1,no_load,0.0
0.422208,0.421261,shoulder_lift,-50.0,-50.9697,-56.6455,-57.7441,1374,0,1084,2,12.3,35,staircase1,no_load,0.0
0.432672,0.431725,shoulder_lift,-50.0,-50.9697,-56.6455,-57.7441,1374,0,1084,2,12.3,35,staircase1,no_load,0.0
0.443139,0.442192,shoulder_lift,-50.0,-50.9697,-56.6455,-57.7441,1374,0,1084,2,12.4,35,staircase1,no_load,0.0
0.453502,0.452554,shoulder_lift,-50.0,-50.9697,-56.6455,-57.7441,1374,0,1084,1,12.3,35,staircase1,no_load,0.0
0.463832,0.462884,shoulder_lift,-50.0,-50.9697,-56.6455,-57.7441,1374,0,1084,2,12.3,35,staircase1,no_load,0.0
0.474609,0.473661,shoulder_lift,-50.0,-50.9697,-56.6455,-57.7441,1374,0,1084,2,12.3,35,staircase1,no_load,0.0
0.485451,0.484504,shoulder_lift,-50.0,-50.9697,-56.6455,-57.7441,1374,0,1084,2,12.3,35,staircase1,no_load,0.0
0.495839,0.494892,shoulder_lift,-50.0,-50.9697,-56.6455,-57.7441,1374,0,1084,2,12.3,35,staircase1,no_load,0.0
0.506401,0.505454,shoulder_lift,-50.0,-50.9697,-56.6455,-57.7441,1374,0,1084,1,12.3,35,staircase1,no_load,0.0
0.516977,0.51603,shoulder_lift,-50.0,-50.9697,-56.6455,-57.7441,1374,0,1084,2,12.3,35,staircase1,no_load,0.0
0.527617,0.52667,shoulder_lift,-50.0,-50.9697,-56.6455,-57.7441,1374,0,1084,2,12.3,36,staircase1,no_load,0.0
0.538329,0.537382,shoulder_lift,-50.0,-50.9697,-56.6455,-57.7441,1374,0,1084,2,12.3,35,staircase1,no_load,0.0
0.549509,0.548562,shoulder_lift,-50.0,-50.9697,-56.6455,-57.7441,1374,0,1084,1,12.3,35,staircase1,no_load,0.0
0.559914,0.558967,shoulder_lift,-50.0,-50.9697,-56.6455,-57.7441,1374,0,1084,2,12.3,35,staircase1,no_load,0.0
0.570624,0.569677,shoulder_lift,-50.0,-50.9697,-56.6455,-57.7441,1374,0,1084,2,12.3,36,staircase1,no_load,0.0
0.58186,0.580912,shoulder_lift,-50.0,-50.9697,-56.6455,-57.7441,1374,0,1084,2,12.3,38,staircase1,no_load,0.0
0.592445,0.591498,shoulder_lift,-50.0,-50.9697,-56.6455,-57.7441,1374,0,1084,2,12.3,35,staircase1,no_load,0.0
0.603502,0.602554,shoulder_lift,-50.0,-50.9697,-56.6455,-57.7441,1374,0,1084,2,12.3,35,staircase1,no_load,0.0
0.614704,0.613757,shoulder_lift,-50.0,-50.9697,-56.6455,-57.7441,1374,0,1084,2,12.3,35,staircase1,no_load,0.0
0.625665,0.624717,shoulder_lift,-50.0,-50.9697,-56.6455,-57.7441,1374,0,1084,2,12.3,35,staircase1,no_load,0.0
0.636394,0.635447,shoulder_lift,-50.0,-50.9697,-56.6455,-57.7441,1374,0,1084,2,12.3,35,staircase1,no_load,0.0
0.647554,0.646607,shoulder_lift,-50.0,-50.9697,-56.6455,-57.7441,1374,0,1084,1,12.3,35,staircase1,no_load,0.0
0.658015,0.657068,shoulder_lift,-50.0,-50.9697,-56.6455,-57.7441,1374,0,1084,2,12.3,35,staircase1,no_load,0.0
0.668904,0.667957,shoulder_lift,-50.0,-50.9697,-56.6455,-57.7441,1374,0,1084,2,12.4,35,staircase1,no_load,0.0
0.679858,0.678911,shoulder_lift,-50.0,-50.9697,-56.6455,-57.7441,1374,0,1084,2,12.3,35,staircase1,no_load,0.0
0.690371,0.689423,shoulder_lift,-50.0,-50.9697,-56.6455,-57.7441,1374,0,1084,2,12.3,35,staircase1,no_load,0.0
0.700928,0.69998,shoulder_lift,-50.0,-50.9697,-56.6455,-57.7441,1374,0,1084,2,12.3,35,staircase1,no_load,0.0
0.711796,0.710849,shoulder_lift,-50.0,-50.9697,-56.6455,-57.7441,1374,0,1084,2,12.3,35,staircase1,no_load,0.0
0.722869,0.721922,shoulder_lift,-50.0,-50.9697,-56.6455,-57.7441,1374,0,1084,2,12.3,35,staircase1,no_load,0.0
0.733584,0.732637,shoulder_lift,-50.0,-50.9697,-56.6455,-57.7441,1374,0,1084,2,12.3,35,staircase1,no_load,0.0
0.744373,0.743426,shoulder_lift,-50.0,-50.9697,-56.6455,-57.7441,1374,0,1084,2,12.3,35,staircase1,no_load,0.0
0.7551,0.754153,shoulder_lift,-50.0,-50.9697,-56.6455,-57.7441,1374,0,1084,2,12.3,35,staircase1,no_load,0.0
0.766189,0.765242,shoulder_lift,-50.0,-50.9697,-56.6455,-57.7441,1374,0,1084,2,12.3,35,staircase1,no_load,0.0
0.777311,0.776364,shoulder_lift,-50.0,-50.9697,-56.6455,-57.7441,1374,0,1084,2,12.3,35,staircase1,no_load,0.0
0.788303,0.787356,shoulder_lift,-50.0,-50.9697,-56.6455,-57.7441,1374,0,1084,2,12.3,35,staircase1,no_load,0.0
0.79933,0.798382,shoulder_lift,-50.0,-50.9697,-56.6455,-57.7441,1374,0,1084,2,12.3,35,staircase1,no_load,0.0
0.810243,0.809296,shoulder_lift,-50.0,-50.9697,-56.6455,-57.7441,1374,0,1084,1,12.3,35,staircase1,no_load,0.0
0.821061,0.820114,shoulder_lift,-50.0,-50.9697,-56.6455,-57.7441,1374,0,1084,2,12.3,35,staircase1,no_load,0.0
0.832212,0.831264,shoulder_lift,-50.0,-50.9697,-56.6455,-57.7441,1374,0,1084,2,12.3,35,staircase1,no_load,0.0
0.843947,0.843,shoulder_lift,-50.0,-50.9697,-56.6455,-57.7441,1374,0,1084,2,12.3,35,staircase1,no_load,0.0
0.854927,0.85398,shoulder_lift,-50.0,-50.9697,-56.6455,-57.7441,1374,0,1084,2,12.3,35,staircase1,no_load,0.0
0.865985,0.865038,shoulder_lift,-50.0,-50.9697,-56.6455,-57.7441,1374,0,1084,2,12.3,35,staircase1,no_load,0.0
0.877107,0.87616,shoulder_lift,-50.0,-50.9697,-56.6455,-57.7441,1374,0,1084,2,12.3,35,staircase1,no_load,0.0
0.887984,0.887037,shoulder_lift,-50.0,-50.9697,-56.6455,-57.7441,1374,0,1084,2,12.3,35,staircase1,no_load,0.0
0.899094,0.898147,shoulder_lift,-50.0,-50.9697,-56.6455,-57.7441,1374,0,1084,2,12.3,35,staircase1,no_load,0.0
0.910085,0.909138,shoulder_lift,-50.0,-50.9697,-56.6455,-57.7441,1374,0,1084,2,12.3,35,staircase1,no_load,0.0
0.921171,0.920223,shoulder_lift,-50.0,-50.9697,-56.6455,-57.7441,1374,0,1084,2,12.3,35,staircase1,no_load,0.0
0.932378,0.931431,shoulder_lift,-50.0,-50.9697,-56.6455,-57.7441,1374,0,1084,2,12.3,36,staircase1,no_load,0.0
0.943439,0.942491,shoulder_lift,-50.0,-50.9697,-56.6455,-57.7441,1374,0,1084,2,12.3,35,staircase1,no_load,0.0
0.954296,0.953349,shoulder_lift,-50.0,-50.9697,-56.6455,-57.7441,1374,0,1084,1,12.3,36,staircase1,no_load,0.0
0.965355,0.964408,shoulder_lift,-50.0,-50.9697,-56.6455,-57.7441,1374,0,1084,2,12.3,35,staircase1,no_load,0.0
0.975922,0.974974,shoulder_lift,-50.0,-50.9697,-56.6455,-57.7441,1374,0,1084,1,12.3,35,staircase1,no_load,0.0
0.986968,0.986021,shoulder_lift,-50.0,-50.9697,-56.6455,-57.7441,1374,0,1084,2,12.3,35,staircase1,no_load,0.0
0.998087,0.99714,shoulder_lift,-50.0,-50.9697,-56.6455,-57.7441,1374,0,1084,2,12.3,35,staircase1,no_load,0.0
1.008575,1.007627,shoulder_lift,-50.0,-50.9697,-56.6455,-57.7441,1374,0,1084,2,12.3,35,staircase1,no_load,0.0
1.019674,1.018727,shoulder_lift,-50.0,-50.9697,-56.6455,-57.7441,1374,0,1084,2,12.3,35,staircase1,no_load,0.0
1.030781,1.029834,shoulder_lift,-50.0,-50.9697,-56.6455,-57.7441,1374,0,1084,2,12.3,35,staircase1,no_load,0.0
1.041469,1.040522,shoulder_lift,-50.0,-50.9697,-56.6455,-57.7441,1374,0,1084,2,12.3,35,staircase1,no_load,0.0
1.052299,1.051352,shoulder_lift,-50.0,-50.9697,-56.6455,-57.7441,1374,0,1084,2,12.3,36,staircase1,no_load,0.0
1.063096,1.062149,shoulder_lift,-50.0,-50.9697,-56.6455,-57.7441,1374,0,1084,1,12.3,35,staircase1,no_load,0.0
1.073494,1.072547,shoulder_lift,-50.0,-50.9697,-56.6455,-57.7441,1374,0,1084,2,12.3,35,staircase1,no_load,0.0
1.084511,1.083564,shoulder_lift,-50.0,-50.9697,-56.6455,-57.7441,1374,0,1084,2,12.3,35,staircase1,no_load,0.0
1.095526,1.094579,shoulder_lift,-50.0,-50.9697,-56.6455,-57.7441,1374,0,1084,2,12.3,35,staircase1,no_load,0.0
1.106422,1.105475,shoulder_lift,-50.0,-50.9697,-56.6455,-57.7441,1374,0,1084,2,12.3,35,staircase1,no_load,0.0
1.117542,1.116595,shoulder_lift,-50.0,-50.9697,-56.6455,-57.7441,1374,0,1084,2,12.3,35,staircase1,no_load,0.0
1.128599,1.127652,shoulder_lift,-50.0,-50.9697,-56.6455,-57.7441,1374,0,1084,2,12.3,35,staircase1,no_load,0.0
1.139577,1.13863,shoulder_lift,-50.0,-50.9697,-56.6455,-57.7441,1374,0,1084,2,12.3,35,staircase1,no_load,0.0
1.150538,1.14959,shoulder_lift,-50.0,-50.9697,-56.6455,-57.7441,1374,0,1084,2,12.3,36,staircase1,no_load,0.0
1.161618,1.160671,shoulder_lift,-50.0,-50.9697,-56.6455,-57.7441,1374,0,1084,2,12.2,35,staircase1,no_load,0.0
1.172391,1.171444,shoulder_lift,-50.0,-50.9697,-56.6455,-57.7441,1374,0,1084,2,12.3,35,staircase1,no_load,0.0
1.183264,1.182317,shoulder_lift,-50.0,-50.9697,-56.6455,-57.7441,1374,0,1084,1,12.3,35,staircase1,no_load,0.0
1.194388,1.193441,shoulder_lift,-50.0,-50.9697,-56.6455,-57.7441,1374,0,1084,2,12.3,35,staircase1,no_load,0.0
1.205545,1.204597,shoulder_lift,-50.0,-50.9697,-56.6455,-57.7441,1374,0,1084,2,12.3,35,staircase1,no_load,0.0
1.216473,1.215526,shoulder_lift,-50.0,-50.9697,-56.6455,-57.7441,1374,0,1084,2,12.3,35,staircase1,no_load,0.0
1.227469,1.226522,shoulder_lift,-50.0,-50.9697,-56.6455,-57.7441,1374,0,1084,1,12.3,35,staircase1,no_load,0.0
1.238292,1.237345,shoulder_lift,-50.0,-50.9697,-56.6455,-57.7441,1374,0,1084,2,12.3,35,staircase1,no_load,0.0
1.249393,1.248446,shoulder_lift,-50.0,-50.9697,-56.6455,-57.7441,1374,0,1084,2,12.3,35,staircase1,no_load,0.0
1.260608,1.25966,shoulder_lift,-50.0,-50.9697,-56.6455,-57.7441,1374,0,1084,2,12.3,35,staircase1,no_load,0.0
1.271555,1.270608,shoulder_lift,-50.0,-50.9697,-56.6455,-57.7441,1374,0,1084,2,12.3,35,staircase1,no_load,0.0
1.282442,1.281495,shoulder_lift,-50.0,-50.9697,-56.6455,-57.7441,1374,0,1084,2,12.3,35,staircase1,no_load,0.0
1.293472,1.292525,shoulder_lift,-50.0,-50.9697,-56.6455,-57.7441,1374,0,1084,2,12.3,35,staircase1,no_load,0.0
1.304506,1.303558,shoulder_lift,-50.0,-50.9697,-56.6455,-57.7441,1374,0,1084,2,12.3,35,staircase1,no_load,0.0
1.315331,1.314384,shoulder_lift,-50.0,-50.9697,-56.6455,-57.7441,1374,0,1084,2,12.3,35,staircase1,no_load,0.0
1.325605,1.324658,shoulder_lift,-50.0,-50.9697,-56.6455,-57.7441,1374,0,1084,2,12.3,35,staircase1,no_load,0.0
1.33619,1.335242,shoulder_lift,-50.0,-50.9697,-56.6455,-57.7441,1374,0,1084,2,12.3,35,staircase1,no_load,0.0
1.346497,1.345549,shoulder_lift,-50.0,-50.9697,-56.6455,-57.7441,1374,0,1084,2,12.3,35,staircase1,no_load,0.0
1.356953,1.356005,shoulder_lift,-50.0,-50.9697,-56.6455,-57.7441,1374,0,1084,2,12.3,35,staircase1,no_load,0.0
1.367545,1.366598,shoulder_lift,-50.0,-50.9697,-56.6455,-57.7441,1374,0,1084,2,12.3,35,staircase1,no_load,0.0
1.377773,1.376826,shoulder_lift,-50.0,-50.9697,-56.6455,-57.7441,1374,0,1084,2,12.3,35,staircase1,no_load,0.0
1.388236,1.387289,shoulder_lift,-50.0,-50.9697,-56.6455,-57.7441,1374,0,1084,2,12.3,35,staircase1,no_load,0.0
1.398664,1.397716,shoulder_lift,-50.0,-50.9697,-56.6455,-57.7441,1374,0,1084,1,12.3,35,staircase1,no_load,0.0
1.409161,1.408214,shoulder_lift,-50.0,-50.9697,-56.6455,-57.7441,1374,0,1084,2,12.3,35,staircase1,no_load,0.0
1.419839,1.418892,shoulder_lift,-50.0,-50.9697,-56.6455,-57.7441,1374,0,1084,2,12.3,35,staircase1,no_load,0.0
1.43073,1.429783,shoulder_lift,-50.0,-50.9697,-56.6455,-57.7441,1374,0,1084,2,12.3,36,staircase1,no_load,0.0
1.44152,1.440573,shoulder_lift,-50.0,-50.9697,-56.6455,-57.7441,1374,0,1084,2,12.3,35,staircase1,no_load,0.0
1.452391,1.451444,shoulder_lift,-50.0,-50.9697,-56.6455,-57.7441,1374,0,1084,2,12.3,35,staircase1,no_load,0.0
1.463271,1.462323,shoulder_lift,-50.0,-50.9697,-56.6455,-57.7441,1374,0,1084,2,12.3,35,staircase1,no_load,0.0
1.473599,1.472652,shoulder_lift,-50.0,-50.9697,-56.6455,-57.7441,1374,0,1084,2,12.3,36,staircase1,no_load,0.0
1.484493,1.483546,shoulder_lift,-50.0,-50.9697,-56.6455,-57.7441,1374,0,1084,1,12.3,35,staircase1,no_load,0.0
1.495138,1.49419,shoulder_lift,-50.0,-50.9697,-56.6455,-57.7441,1374,0,1084,2,12.3,35,staircase1,no_load,0.0
1.506046,1.505099,shoulder_lift,-50.0,-50.9697,-56.6455,-57.7441,1374,0,1084,2,12.3,35,staircase1,no_load,0.0
1.517086,1.516139,shoulder_lift,-50.0,-50.9697,-56.6455,-57.7441,1374,0,1084,1,12.3,35,staircase1,no_load,0.0
1.52776,1.526813,shoulder_lift,-50.0,-50.9697,-56.6455,-57.7441,1374,0,1084,1,12.3,35,staircase1,no_load,0.0
1.538729,1.537782,shoulder_lift,-50.0,-50.9697,-56.6455,-57.7441,1374,0,1084,2,12.3,35,staircase1,no_load,0.0
1.549483,1.548536,shoulder_lift,-50.0,-50.9697,-56.6455,-57.7441,1374,0,1084,2,12.3,35,staircase1,no_load,0.0
1.560198,1.55925,shoulder_lift,-50.0,-50.9697,-56.6455,-57.7441,1374,0,1084,2,12.3,35,staircase1,no_load,0.0
1.57118,1.570232,shoulder_lift,-50.0,-50.9697,-56.6455,-57.7441,1374,0,1084,2,12.3,35,staircase1,no_load,0.0
1.582104,1.581157,shoulder_lift,-50.0,-50.9697,-56.6455,-57.7441,1374,0,1084,2,12.3,35,staircase1,no_load,0.0
1.593146,1.592199,shoulder_lift,-50.0,-50.9697,-56.6455,-57.7441,1374,0,1084,2,12.3,35,staircase1,no_load,0.0
1.605033,4e-06,shoulder_lift,-37.5,-50.9697,-42.4841,-57.7441,1374,0,1084,2,12.3,35,staircase1,no_load,0.0
1.61617,0.011141,shoulder_lift,-37.5,-50.9697,-42.4841,-57.7441,1374,0,1092,3,12.3,35,staircase1,no_load,0.0
1.626876,0.021847,shoulder_lift,-37.5,-50.9697,-42.4841,-57.7441,1374,0,1124,4,12.3,35,staircase1,no_load,0.0
1.63795,0.03292,shoulder_lift,-37.5,-50.9697,-42.4841,-57.7441,1374,0,1152,8,12.3,35,staircase1,no_load,0.0
1.648464,0.043434,shoulder_lift,-37.5,-50.8146,-42.4841,-57.5684,1376,0,1232,11,12.2,35,staircase1,no_load,16.711
1.659081,0.054052,shoulder_lift,-37.5,-50.5818,-42.4841,-57.3047,1379,200,1304,20,12.2,35,staircase1,no_load,24.838
1.670053,0.065023,shoulder_lift,-37.5,-50.1939,-42.4841,-56.8652,1384,200,1352,21,12.2,36,staircase1,no_load,40.057
1.68093,0.0759,shoulder_lift,-37.5,-49.6509,-42.4841,-56.25,1391,450,1416,27,12.2,35,staircase1,no_load,56.56
1.691483,0.086454,shoulder_lift,-37.5,-49.0303,-42.4841,-55.5469,1399,450,1464,32,12.2,35,staircase1,no_load,66.626
1.702358,0.097329,shoulder_lift,-37.5,-48.1769,-42.4841,-54.5801,1410,800,1476,27,12.2,36,staircase1,no_load,88.901
1.713113,0.108084,shoulder_lift,-37.5,-47.2459,-42.4841,-53.5254,1422,800,1488,27,12.2,35,staircase1,no_load,98.066
1.723753,0.118723,shoulder_lift,-37.5,-46.315,-42.4841,-52.4707,1434,1100,1432,16,12.3,35,staircase1,no_load,99.126
1.734715,0.129686,shoulder_lift,-37.5,-45.384,-42.4841,-51.416,1446,1100,1420,18,12.3,35,staircase1,no_load,96.214
1.7455,0.14047,shoulder_lift,-37.5,-44.6082,-42.4841,-50.5371,1456,1100,1364,10,12.3,35,staircase1,no_load,81.493
1.756181,0.151151,shoulder_lift,-37.5,-43.8324,-42.4841,-49.6582,1466,950,1344,9,12.2,35,staircase1,no_load,82.286
1.767097,0.162068,shoulder_lift,-37.5,-43.1342,-42.4841,-48.8672,1475,950,1280,7,12.3,35,staircase1,no_load,72.462
1.778177,0.173148,shoulder_lift,-37.5,-42.5136,-42.4841,-48.1641,1483,750,1232,4,12.3,35,staircase1,no_load,63.457
1.789394,0.184364,shoulder_lift,-37.5,-41.9705,-42.4841,-47.5488,1490,750,1204,3,12.3,35,staircase1,no_load,54.854
1.800215,0.195185,shoulder_lift,-37.5,-41.505,-42.4841,-47.0215,1496,650,1192,3,12.3,36,staircase1,no_load,48.729
1.810903,0.205874,shoulder_lift,-37.5,-41.1171,-42.4841,-46.582,1501,650,1168,2,12.3,35,staircase1,no_load,41.121
1.821958,0.216929,shoulder_lift,-37.5,-40.6517,-42.4841,-46.0547,1507,500,1156,2,12.3,40,staircase1,no_load,47.698
1.833048,0.228018,shoulder_lift,-37.5,-40.3413,-42.4841,-45.7031,1511,500,1140,1,12.3,35,staircase1,no_load,31.704
1.84416,0.23913,shoulder_lift,-37.5,-40.031,-42.4841,-45.3516,1515,400,1132,1,12.3,35,staircase1,no_load,31.632
1.854781,0.249752,shoulder_lift,-37.5,-39.7983,-42.4841,-45.0879,1518,350,1120,1,12.3,35,staircase1,no_load,24.828
1.865792,0.260763,shoulder_lift,-37.5,-39.5656,-42.4841,-44.8242,1521,350,1116,1,12.3,36,staircase1,no_load,23.949
1.876558,0.271528,shoulder_lift,-37.5,-39.3328,-42.4841,-44.5605,1524,250,1108,0,12.3,35,staircase1,no_load,24.494
1.887511,0.282482,shoulder_lift,-37.5,-39.1777,-42.4841,-44.3848,1526,250,1100,1,12.3,35,staircase1,no_load,16.041
1.897744,0.292714,shoulder_lift,-37.5,-38.9449,-42.4841,-44.1211,1529,200,1092,1,12.3,35,staircase1,no_load,25.77
1.908451,0.303422,shoulder_lift,-37.5,-38.8673,-42.4841,-44.0332,1530,200,1092,1,12.3,36,staircase1,no_load,8.21
1.919394,0.314365,shoulder_lift,-37.5,-38.7122,-42.4841,-43.8574,1532,150,1088,1,12.3,35,staircase1,no_load,16.065
1.930393,0.325364,shoulder_lift,-37.5,-38.6346,-42.4841,-43.7695,1533,150,1084,1,12.3,35,staircase1,no_load,7.992
1.940818,0.335788,shoulder_lift,-37.5,-38.6346,-42.4841,-43.7695,1533,100,1092,2,12.3,35,staircase1,no_load,0.0
1.951398,0.346369,shoulder_lift,-37.5,-38.557,-42.4841,-43.6816,1534,100,1088,2,12.3,35,staircase1,no_load,8.308
1.962476,0.357447,shoulder_lift,-37.5,-38.557,-42.4841,-43.6816,1534,50,1088,1,12.2,35,staircase1,no_load,0.0
1.973166,0.368136,shoulder_lift,-37.5,-38.4794,-42.4841,-43.5937,1535,50,1084,1,12.3,35,staircase1,no_load,8.223
1.984115,0.379086,shoulder_lift,-37.5,-38.4794,-42.4841,-43.5937,1535,50,1084,1,12.3,35,staircase1,no_load,0.0
1.994908,0.389879,shoulder_lift,-37.5,-38.4019,-42.4841,-43.5059,1536,50,1080,2,12.3,35,staircase1,no_load,8.135
2.005112,0.400083,shoulder_lift,-37.5,-38.4019,-42.4841,-43.5059,1536,50,1080,0,12.3,35,staircase1,no_load,0.0
2.016045,0.411016,shoulder_lift,-37.5,-38.4019,-42.4841,-43.5059,1536,0,1080,1,12.4,36,staircase1,no_load,0.0
2.02706,0.42203,shoulder_lift,-37.5,-38.3243,-42.4841,-43.418,1537,0,1080,0,12.3,35,staircase1,no_load,7.98
2.037822,0.432793,shoulder_lift,-37.5,-38.2467,-42.4841,-43.3301,1538,50,1068,1,12.3,35,staircase1,no_load,8.168
2.048436,0.443406,shoulder_lift,-37.5,-38.2467,-42.4841,-43.3301,1538,50,1068,1,12.4,35,staircase1,no_load,0.0
2.059185,0.454156,shoulder_lift,-37.5,-38.2467,-42.4841,-43.3301,1538,50,1076,1,12.3,35,staircase1,no_load,0.0
2.070086,0.465056,shoulder_lift,-37.5,-38.2467,-42.4841,-43.3301,1538,50,1076,1,12.3,35,staircase1,no_load,0.0
2.080842,0.475812,shoulder_lift,-37.5,-38.2467,-42.4841,-43.3301,1538,0,1076,1,12.3,35,staircase1,no_load,0.0
2.091622,0.486592,shoulder_lift,-37.5,-38.2467,-42.4841,-43.3301,1538,0,1076,2,12.3,35,staircase1,no_load,0.0
2.1021,0.497071,shoulder_lift,-37.5,-38.2467,-42.4841,-43.3301,1538,0,1076,1,12.3,35,staircase1,no_load,0.0
2.112955,0.507926,shoulder_lift,-37.5,-38.2467,-42.4841,-43.3301,1538,0,1076,1,12.3,35,staircase1,no_load,0.0
2.123409,0.51838,shoulder_lift,-37.5,-38.2467,-42.4841,-43.3301,1538,0,1076,2,12.3,35,staircase1,no_load,0.0
2.134424,0.529395,shoulder_lift,-37.5,-38.2467,-42.4841,-43.3301,1538,0,1076,2,12.3,35,staircase1,no_load,0.0
2.145241,0.540211,shoulder_lift,-37.5,-38.2467,-42.4841,-43.3301,1538,0,1076,2,12.2,35,staircase1,no_load,0.0
2.155979,0.55095,shoulder_lift,-37.5,-38.2467,-42.4841,-43.3301,1538,0,1076,2,12.3,35,staircase1,no_load,0.0
2.16694,0.56191,shoulder_lift,-37.5,-38.2467,-42.4841,-43.3301,1538,0,1076,1,12.3,35,staircase1,no_load,0.0
2.178017,0.572987,shoulder_lift,-37.5,-38.2467,-42.4841,-43.3301,1538,0,1076,1,12.3,35,staircase1,no_load,0.0
2.188996,0.583966,shoulder_lift,-37.5,-38.2467,-42.4841,-43.3301,1538,0,1076,2,12.3,35,staircase1,no_load,0.0
2.19974,0.594711,shoulder_lift,-37.5,-38.2467,-42.4841,-43.3301,1538,0,1076,1,12.3,35,staircase1,no_load,0.0
2.210485,0.605456,shoulder_lift,-37.5,-38.2467,-42.4841,-43.3301,1538,0,1076,1,12.3,35,staircase1,no_load,0.0
2.221136,0.616106,shoulder_lift,-37.5,-38.2467,-42.4841,-43.3301,1538,0,1076,1,12.3,35,staircase1,no_load,0.0
2.232195,0.627165,shoulder_lift,-37.5,-38.2467,-42.4841,-43.3301,1538,0,1076,2,12.3,35,staircase1,no_load,0.0
2.243291,0.638262,shoulder_lift,-37.5,-38.2467,-42.4841,-43.3301,1538,0,1076,2,12.3,36,staircase1,no_load,0.0
2.253936,0.648907,shoulder_lift,-37.5,-38.2467,-42.4841,-43.3301,1538,0,1076,2,12.3,35,staircase1,no_load,0.0
2.265056,0.660026,shoulder_lift,-37.5,-38.2467,-42.4841,-43.3301,1538,0,1076,1,12.3,35,staircase1,no_load,0.0
2.275772,0.670743,shoulder_lift,-37.5,-38.2467,-42.4841,-43.3301,1538,0,1076,1,12.3,35,staircase1,no_load,0.0
2.286814,0.681784,shoulder_lift,-37.5,-38.2467,-42.4841,-43.3301,1538,0,1076,1,12.3,35,staircase1,no_load,0.0
2.297642,0.692613,shoulder_lift,-37.5,-38.2467,-42.4841,-43.3301,1538,0,1076,1,12.3,35,staircase1,no_load,0.0
2.308686,0.703656,shoulder_lift,-37.5,-38.2467,-42.4841,-43.3301,1538,0,1076,2,12.3,35,staircase1,no_load,0.0
2.319099,0.71407,shoulder_lift,-37.5,-38.2467,-42.4841,-43.3301,1538,0,1076,2,12.3,35,staircase1,no_load,0.0
2.329556,0.724527,shoulder_lift,-37.5,-38.2467,-42.4841,-43.3301,1538,0,1076,2,12.3,35,staircase1,no_load,0.0
2.340226,0.735197,shoulder_lift,-37.5,-38.2467,-42.4841,-43.3301,1538,0,1076,2,12.3,35,staircase1,no_load,0.0
2.350573,0.745543,shoulder_lift,-37.5,-38.2467,-42.4841,-43.3301,1538,0,1076,2,12.3,35,staircase1,no_load,0.0
2.360757,0.755727,shoulder_lift,-37.5,-38.2467,-42.4841,-43.3301,1538,0,1076,1,12.3,35,staircase1,no_load,0.0
2.371593,0.766564,shoulder_lift,-37.5,-38.2467,-42.4841,-43.3301,1538,0,1076,2,12.3,35,staircase1,no_load,0.0
2.382488,0.777459,shoulder_lift,-37.5,-38.2467,-42.4841,-43.3301,1538,0,1076,2,12.3,35,staircase1,no_load,0.0
2.392753,0.787723,shoulder_lift,-37.5,-38.2467,-42.4841,-43.3301,1538,0,1076,2,12.3,35,staircase1,no_load,0.0
2.40389,0.79886,shoulder_lift,-37.5,-38.2467,-42.4841,-43.3301,1538,0,1076,1,12.3,35,staircase1,no_load,0.0
2.414496,0.809467,shoulder_lift,-37.5,-38.2467,-42.4841,-43.3301,1538,0,1076,1,12.3,35,staircase1,no_load,0.0
2.425026,0.819997,shoulder_lift,-37.5,-38.2467,-42.4841,-43.3301,1538,0,1076,2,12.3,35,staircase1,no_load,0.0
2.435919,0.830889,shoulder_lift,-37.5,-38.2467,-42.4841,-43.3301,1538,0,1076,1,12.3,35,staircase1,no_load,0.0
2.446527,0.841498,shoulder_lift,-37.5,-38.2467,-42.4841,-43.3301,1538,0,1076,2,12.3,35,staircase1,no_load,0.0
2.456845,0.851815,shoulder_lift,-37.5,-38.2467,-42.4841,-43.3301,1538,0,1076,1,12.3,35,staircase1,no_load,0.0
2.468079,0.86305,shoulder_lift,-37.5,-38.2467,-42.4841,-43.3301,1538,0,1076,1,12.3,35,staircase1,no_load,0.0
2.479112,0.874083,shoulder_lift,-37.5,-38.2467,-42.4841,-43.3301,1538,0,1076,2,12.3,35,staircase1,no_load,0.0
2.489824,0.884794,shoulder_lift,-37.5,-38.2467,-42.4841,-43.3301,1538,0,1076,2,12.3,35,staircase1,no_load,0.0
2.500699,0.89567,shoulder_lift,-37.5,-38.2467,-42.4841,-43.3301,1538,0,1076,2,12.3,35,staircase1,no_load,0.0
2.51154,0.90651,shoulder_lift,-37.5,-38.2467,-42.4841,-43.3301,1538,0,1076,1,12.3,35,staircase1,no_load,0.0
2.522554,0.917525,shoulder_lift,-37.5,-38.2467,-42.4841,-43.3301,1538,0,1076,2,12.3,35,staircase1,no_load,0.0
2.533497,0.928467,shoulder_lift,-37.5,-38.2467,-42.4841,-43.3301,1538,0,1076,2,12.3,35,staircase1,no_load,0.0
2.544615,0.939585,shoulder_lift,-37.5,-38.2467,-42.4841,-43.3301,1538,0,1076,2,12.3,35,staircase1,no_load,0.0
2.555357,0.950327,shoulder_lift,-37.5,-38.2467,-42.4841,-43.3301,1538,0,1076,1,12.3,36,staircase1,no_load,0.0
2.566118,0.961089,shoulder_lift,-37.5,-38.2467,-42.4841,-43.3301,1538,0,1076,2,12.3,35,staircase1,no_load,0.0
2.576901,0.971871,shoulder_lift,-37.5,-38.2467,-42.4841,-43.3301,1538,0,1076,1,12.3,35,staircase1,no_load,0.0
2.587812,0.982783,shoulder_lift,-37.5,-38.2467,-42.4841,-43.3301,1538,0,1076,1,12.3,35,staircase1,no_load,0.0
2.598856,0.993827,shoulder_lift,-37.5,-38.2467,-42.4841,-43.3301,1538,0,1076,2,12.3,35,staircase1,no_load,0.0
2.609969,1.004939,shoulder_lift,-37.5,-38.2467,-42.4841,-43.3301,1538,0,1076,1,12.3,35,staircase1,no_load,0.0
2.620847,1.015818,shoulder_lift,-37.5,-38.2467,-42.4841,-43.3301,1538,0,1076,1,12.3,35,staircase1,no_load,0.0
2.631838,1.026809,shoulder_lift,-37.5,-38.2467,-42.4841,-43.3301,1538,0,1076,2,12.4,35,staircase1,no_load,0.0
2.642857,1.037828,shoulder_lift,-37.5,-38.2467,-42.4841,-43.3301,1538,0,1076,2,12.3,35,staircase1,no_load,0.0
2.653846,1.048817,shoulder_lift,-37.5,-38.2467,-42.4841,-43.3301,1538,0,1076,2,12.3,35,staircase1,no_load,0.0
2.664652,1.059623,shoulder_lift,-37.5,-38.2467,-42.4841,-43.3301,1538,0,1076,2,12.3,35,staircase1,no_load,0.0
2.675253,1.070224,shoulder_lift,-37.5,-38.2467,-42.4841,-43.3301,1538,0,1076,1,12.3,37,staircase1,no_load,0.0
2.686088,1.081058,shoulder_lift,-37.5,-38.2467,-42.4841,-43.3301,1538,0,1076,1,12.3,35,staircase1,no_load,0.0
2.697074,1.092045,shoulder_lift,-37.5,-38.2467,-42.4841,-43.3301,1538,0,1076,2,12.3,35,staircase1,no_load,0.0
2.708036,1.103006,shoulder_lift,-37.5,-38.2467,-42.4841,-43.3301,1538,0,1076,2,12.3,35,staircase1,no_load,0.0
2.71913,1.114101,shoulder_lift,-37.5,-38.2467,-42.4841,-43.3301,1538,0,1076,1,12.3,35,staircase1,no_load,0.0
2.730332,1.125303,shoulder_lift,-37.5,-38.2467,-42.4841,-43.3301,1538,0,1076,1,12.3,35,staircase1,no_load,0.0
2.741219,1.136189,shoulder_lift,-37.5,-38.2467,-42.4841,-43.3301,1538,0,1076,2,12.3,35,staircase1,no_load,0.0
2.752115,1.147086,shoulder_lift,-37.5,-38.2467,-42.4841,-43.3301,1538,0,1076,2,12.3,35,staircase1,no_load,0.0
2.762889,1.15786,shoulder_lift,-37.5,-38.2467,-42.4841,-43.3301,1538,0,1076,1,12.3,35,staircase1,no_load,0.0
2.773199,1.16817,shoulder_lift,-37.5,-38.2467,-42.4841,-43.3301,1538,0,1076,1,12.3,35,staircase1,no_load,0.0
2.784025,1.178995,shoulder_lift,-37.5,-38.2467,-42.4841,-43.3301,1538,0,1076,1,12.3,35,staircase1,no_load,0.0
2.794914,1.189884,shoulder_lift,-37.5,-38.2467,-42.4841,-43.3301,1538,0,1072,1,12.3,35,staircase1,no_load,0.0
2.805978,1.200948,shoulder_lift,-37.5,-38.1691,-42.4841,-43.2422,1539,0,1068,1,12.3,35,staircase1,no_load,7.945
2.816904,1.211875,shoulder_lift,-37.5,-38.1691,-42.4841,-43.2422,1539,50,1072,1,12.3,35,staircase1,no_load,0.0
2.827922,1.222892,shoulder_lift,-37.5,-38.1691,-42.4841,-43.2422,1539,50,1072,1,12.3,35,staircase1,no_load,0.0
2.838992,1.233963,shoulder_lift,-37.5,-38.1691,-42.4841,-43.2422,1539,0,1072,1,12.3,36,staircase1,no_load,0.0
2.84992,1.244891,shoulder_lift,-37.5,-38.1691,-42.4841,-43.2422,1539,0,1072,1,12.3,35,staircase1,no_load,0.0
2.861078,1.256048,shoulder_lift,-37.5,-38.1691,-42.4841,-43.2422,1539,0,1072,1,12.3,35,staircase1,no_load,0.0
2.87186,1.266831,shoulder_lift,-37.5,-38.1691,-42.4841,-43.2422,1539,0,1072,1,12.3,35,staircase1,no_load,0.0
2.882844,1.277815,shoulder_lift,-37.5,-38.1691,-42.4841,-43.2422,1539,0,1072,1,12.3,35,staircase1,no_load,0.0
2.893645,1.288615,shoulder_lift,-37.5,-38.1691,-42.4841,-43.2422,1539,0,1072,1,12.3,35,staircase1,no_load,0.0
2.904794,1.299765,shoulder_lift,-37.5,-38.1691,-42.4841,-43.2422,1539,0,1072,1,12.3,35,staircase1,no_load,0.0
2.915863,1.310834,shoulder_lift,-37.5,-38.1691,-42.4841,-43.2422,1539,0,1072,1,12.3,35,staircase1,no_load,0.0
2.926939,1.32191,shoulder_lift,-37.5,-38.1691,-42.4841,-43.2422,1539,0,1072,1,12.4,35,staircase1,no_load,0.0
2.937784,1.332754,shoulder_lift,-37.5,-38.1691,-42.4841,-43.2422,1539,0,1072,1,12.3,35,staircase1,no_load,0.0
2.948326,1.343297,shoulder_lift,-37.5,-38.1691,-42.4841,-43.2422,1539,0,1072,1,12.3,35,staircase1,no_load,0.0
2.959232,1.354203,shoulder_lift,-37.5,-38.1691,-42.4841,-43.2422,1539,0,1072,1,12.3,35,staircase1,no_load,0.0
2.970276,1.365246,shoulder_lift,-37.5,-38.1691,-42.4841,-43.2422,1539,0,1072,1,12.3,35,staircase1,no_load,0.0
2.981315,1.376286,shoulder_lift,-37.5,-38.1691,-42.4841,-43.2422,1539,0,1072,1,12.3,35,staircase1,no_load,0.0
2.992428,1.387399,shoulder_lift,-37.5,-38.1691,-42.4841,-43.2422,1539,0,1072,1,12.3,35,staircase1,no_load,0.0
3.003064,1.398034,shoulder_lift,-37.5,-38.1691,-42.4841,-43.2422,1539,0,1072,2,12.3,35,staircase1,no_load,0.0
3.013813,1.408783,shoulder_lift,-37.5,-38.1691,-42.4841,-43.2422,1539,0,1072,2,12.3,35,staircase1,no_load,0.0
3.024788,1.419758,shoulder_lift,-37.5,-38.1691,-42.4841,-43.2422,1539,0,1072,1,12.3,35,staircase1,no_load,0.0
3.035548,1.430519,shoulder_lift,-37.5,-38.1691,-42.4841,-43.2422,1539,0,1072,1,12.4,35,staircase1,no_load,0.0
3.046467,1.441437,shoulder_lift,-37.5,-38.1691,-42.4841,-43.2422,1539,0,1072,1,12.3,35,staircase1,no_load,0.0
3.057263,1.452234,shoulder_lift,-37.5,-38.1691,-42.4841,-43.2422,1539,0,1072,1,12.3,35,staircase1,no_load,0.0
3.068389,1.46336,shoulder_lift,-37.5,-38.1691,-42.4841,-43.2422,1539,0,1072,1,12.3,35,staircase1,no_load,0.0
3.079208,1.474178,shoulder_lift,-37.5,-38.1691,-42.4841,-43.2422,1539,0,1072,2,12.3,35,staircase1,no_load,0.0
3.089757,1.484728,shoulder_lift,-37.5,-38.1691,-42.4841,-43.2422,1539,0,1072,1,12.3,35,staircase1,no_load,0.0
3.100946,1.495917,shoulder_lift,-37.5,-38.1691,-42.4841,-43.2422,1539,0,1072,1,12.3,35,staircase1,no_load,0.0
3.112028,1.506998,shoulder_lift,-37.5,-38.1691,-42.4841,-43.2422,1539,0,1072,1,12.3,35,staircase1,no_load,0.0
3.122581,1.517552,shoulder_lift,-37.5,-38.1691,-42.4841,-43.2422,1539,0,1072,1,12.3,35,staircase1,no_load,0.0
3.133517,1.528488,shoulder_lift,-37.5,-38.1691,-42.4841,-43.2422,1539,0,1072,1,12.3,35,staircase1,no_load,0.0
3.144336,1.539307,shoulder_lift,-37.5,-38.1691,-42.4841,-43.2422,1539,0,1072,1,12.3,35,staircase1,no_load,0.0
3.155545,1.550516,shoulder_lift,-37.5,-38.1691,-42.4841,-43.2422,1539,0,1072,1,12.3,35,staircase1,no_load,0.0
3.166766,1.561736,shoulder_lift,-37.5,-38.1691,-42.4841,-43.2422,1539,0,1072,1,12.3,35,staircase1,no_load,0.0
3.177723,1.572694,shoulder_lift,-37.5,-38.1691,-42.4841,-43.2422,1539,0,1072,1,12.4,35,staircase1,no_load,0.0
3.188392,1.583363,shoulder_lift,-37.5,-38.1691,-42.4841,-43.2422,1539,0,1072,1,12.3,35,staircase1,no_load,0.0
3.199405,1.594375,shoulder_lift,-37.5,-38.1691,-42.4841,-43.2422,1539,0,1072,1,12.3,35,staircase1,no_load,0.0
3.211507,5e-06,shoulder_lift,-25.0,-38.1691,-28.3228,-43.2422,1539,0,1072,1,12.3,35,staircase1,no_load,0.0
3.222461,0.010959,shoulder_lift,-25.0,-38.1691,-28.3228,-43.2422,1539,0,1080,1,12.3,35,staircase1,no_load,0.0
3.233493,0.021991,shoulder_lift,-25.0,-38.1691,-28.3228,-43.2422,1539,0,1100,4,12.3,35,staircase1,no_load,0.0
3.244633,0.03313,shoulder_lift,-25.0,-38.1691,-28.3228,-43.2422,1539,0,1164,6,12.3,35,staircase1,no_load,0.0
3.255448,0.043945,shoulder_lift,-25.0,-38.014,-28.3228,-43.0664,1541,50,1240,13,12.3,35,staircase1,no_load,16.255
3.266144,0.054642,shoulder_lift,-25.0,-37.8588,-28.3228,-42.8906,1543,50,1284,14,12.2,35,staircase1,no_load,16.436
3.276963,0.06546,shoulder_lift,-25.0,-37.3933,-28.3228,-42.3633,1549,350,1340,20,12.3,35,staircase1,no_load,48.738
3.287835,0.076333,shoulder_lift,-25.0,-36.8503,-28.3228,-41.748,1556,350,1404,24,12.3,35,staircase1,no_load,56.595
3.298951,0.087449,shoulder_lift,-25.0,-36.2296,-28.3228,-41.0449,1564,600,1460,26,12.2,35,staircase1,no_load,63.251
3.309433,0.097931,shoulder_lift,-25.0,-35.4538,-28.3228,-40.166,1574,600,1484,26,12.2,35,staircase1,no_load,83.849
3.319996,0.108493,shoulder_lift,-25.0,-34.2901,-28.3228,-38.8477,1589,1000,1432,16,12.3,35,staircase1,no_load,124.804
3.33046,0.118958,shoulder_lift,-25.0,-33.3592,-28.3228,-37.793,1601,1000,1424,18,12.2,35,staircase1,no_load,100.793
3.340956,0.129453,shoulder_lift,-25.0,-32.3507,-28.3228,-36.6504,1614,1300,1364,9,12.2,35,staircase1,no_load,108.861
3.35134,0.139838,shoulder_lift,-25.0,-31.5749,-28.3228,-35.7715,1624,1300,1348,11,12.2,35,staircase1,no_load,84.64
3.362283,0.150781,shoulder_lift,-25.0,-30.9542,-28.3228,-35.0684,1632,1050,1316,9,12.3,35,staircase1,no_load,64.251
3.372939,0.161437,shoulder_lift,-25.0,-30.3336,-28.3228,-34.3652,1640,700,1288,9,12.3,35,staircase1,no_load,65.991
3.384008,0.172505,shoulder_lift,-25.0,-29.7905,-28.3228,-33.75,1647,700,1228,5,12.3,35,staircase1,no_load,55.579
3.394381,0.182879,shoulder_lift,-25.0,-29.2475,-28.3228,-33.1348,1654,650,1204,4,12.3,35,staircase1,no_load,59.308
3.405033,0.193531,shoulder_lift,-25.0,-28.782,-28.3228,-32.6074,1660,650,1180,3,12.3,35,staircase1,no_load,49.512
3.415732,0.20423,shoulder_lift,-25.0,-28.3941,-28.3228,-32.168,1665,500,1172,2,12.3,35,staircase1,no_load,41.069
3.426286,0.214784,shoulder_lift,-25.0,-28.0838,-28.3228,-31.8164,1669,500,1156,1,12.4,35,staircase1,no_load,33.314
3.437316,0.225814,shoulder_lift,-25.0,-27.7735,-28.3228,-31.4648,1673,450,1144,1,12.3,35,staircase1,no_load,31.877
3.448355,0.236853,shoulder_lift,-25.0,-27.4631,-28.3228,-31.1133,1677,450,1128,1,12.3,35,staircase1,no_load,31.842
3.459162,0.24766,shoulder_lift,-25.0,-27.1528,-28.3228,-30.7617,1681,350,1112,1,12.3,43,staircase1,no_load,32.534
3.469913,0.258411,shoulder_lift,-25.0,-26.8425,-28.3228,-30.4102,1685,350,1100,1,12.3,35,staircase1,no_load,32.695
3.480681,0.269179,shoulder_lift,-25.0,-26.6874,-28.3228,-30.2344,1687,300,1100,1,12.3,41,staircase1,no_load,16.326
3.491664,0.280162,shoulder_lift,-25.0,-26.4546,-28.3228,-29.9707,1690,300,1092,1,12.3,35,staircase1,no_load,24.01
3.502559,0.291057,shoulder_lift,-25.0,-26.2995,-28.3228,-29.7949,1692,250,1084,0,12.3,35,staircase1,no_load,16.136
3.513287,0.301785,shoulder_lift,-25.0,-26.2219,-28.3228,-29.707,1693,150,1076,1,12.3,35,staircase1,no_load,8.194
3.524091,0.312589,shoulder_lift,-25.0,-26.0667,-28.3228,-29.5312,1695,150,1080,0,12.3,35,staircase1,no_load,16.272
3.534401,0.322899,shoulder_lift,-25.0,-25.9891,-28.3228,-29.4434,1696,150,1076,1,12.3,35,staircase1,no_load,8.516
3.545217,0.333715,shoulder_lift,-25.0,-25.9116,-28.3228,-29.3555,1697,150,1076,1,12.3,35,staircase1,no_load,8.127
3.555959,0.344457,shoulder_lift,-25.0,-25.834,-28.3228,-29.2676,1698,50,1072,1,12.3,35,staircase1,no_load,8.183
3.566886,0.355384,shoulder_lift,-25.0,-25.834,-28.3228,-29.2676,1698,50,1072,1,12.3,35,staircase1,no_load,0.0
3.577928,0.366425,shoulder_lift,-25.0,-25.7564,-28.3228,-29.1797,1699,50,1072,0,12.3,35,staircase1,no_load,7.961
3.588844,0.377342,shoulder_lift,-25.0,-25.7564,-28.3228,-29.1797,1699,50,1072,1,12.3,35,staircase1,no_load,0.0
3.59993,0.388428,shoulder_lift,-25.0,-25.6788,-28.3228,-29.0918,1700,50,1068,1,12.3,35,staircase1,no_load,7.929
3.610668,0.399166,shoulder_lift,-25.0,-25.6788,-28.3228,-29.0918,1700,50,1068,0,12.3,35,staircase1,no_load,0.0
3.621682,0.41018,shoulder_lift,-25.0,-25.6012,-28.3228,-29.0039,1701,50,1064,1,12.3,35,staircase1,no_load,7.981
3.632305,0.420803,shoulder_lift,-25.0,-25.6012,-28.3228,-29.0039,1701,50,1064,1,12.3,35,staircase1,no_load,0.0
3.643226,0.431723,shoulder_lift,-25.0,-25.6012,-28.3228,-29.0039,1701,50,1068,1,12.3,35,staircase1,no_load,0.0
3.653529,0.442026,shoulder_lift,-25.0,-25.6012,-28.3228,-29.0039,1701,0,1068,1,12.3,35,staircase1,no_load,0.0
3.664293,0.45279,shoulder_lift,-25.0,-25.6012,-28.3228,-29.0039,1701,0,1068,1,12.3,35,staircase1,no_load,0.0
3.674903,0.463401,shoulder_lift,-25.0,-25.6012,-28.3228,-29.0039,1701,0,1068,0,12.3,35,staircase1,no_load,0.0
3.6859,0.474398,shoulder_lift,-25.0,-25.6012,-28.3228,-29.0039,1701,0,1068,1,12.3,35,staircase1,no_load,0.0
3.696207,0.484705,shoulder_lift,-25.0,-25.6012,-28.3228,-29.0039,1701,0,1068,1,12.3,35,staircase1,no_load,0.0
3.706796,0.495293,shoulder_lift,-25.0,-25.6012,-28.3228,-29.0039,1701,0,1068,1,12.3,35,staircase1,no_load,0.0
3.717586,0.506084,shoulder_lift,-25.0,-25.6012,-28.3228,-29.0039,1701,0,1068,1,12.3,35,staircase1,no_load,0.0
3.728457,0.516955,shoulder_lift,-25.0,-25.6012,-28.3228,-29.0039,1701,0,1068,1,12.3,35,staircase1,no_load,0.0
3.739238,0.527736,shoulder_lift,-25.0,-25.6012,-28.3228,-29.0039,1701,0,1068,1,12.3,35,staircase1,no_load,0.0
3.750036,0.538533,shoulder_lift,-25.0,-25.6012,-28.3228,-29.0039,1701,0,1068,1,12.3,35,staircase1,no_load,0.0
3.761113,0.549611,shoulder_lift,-25.0,-25.6012,-28.3228,-29.0039,1701,0,1068,1,12.3,35,staircase1,no_load,0.0
3.772292,0.56079,shoulder_lift,-25.0,-25.6012,-28.3228,-29.0039,1701,0,1068,0,12.3,35,staircase1,no_load,0.0
3.782933,0.571431,shoulder_lift,-25.0,-25.6012,-28.3228,-29.0039,1701,0,1068,1,12.3,36,staircase1,no_load,0.0
3.793699,0.582197,shoulder_lift,-25.0,-25.6012,-28.3228,-29.0039,1701,0,1068,1,12.3,35,staircase1,no_load,0.0
3.804512,0.59301,shoulder_lift,-25.0,-25.6012,-28.3228,-29.0039,1701,0,1068,1,12.3,35,staircase1,no_load,0.0
3.815203,0.6037,shoulder_lift,-25.0,-25.6012,-28.3228,-29.0039,1701,0,1068,1,12.3,35,staircase1,no_load,0.0
3.82603,0.614527,shoulder_lift,-25.0,-25.6012,-28.3228,-29.0039,1701,0,1068,1,12.3,35,staircase1,no_load,0.0
3.836973,0.625471,shoulder_lift,-25.0,-25.6012,-28.3228,-29.0039,1701,0,1068,1,12.3,36,staircase1,no_load,0.0
3.847706,0.636204,shoulder_lift,-25.0,-25.6012,-28.3228,-29.0039,1701,0,1068,1,12.3,35,staircase1,no_load,0.0
3.858429,0.646926,shoulder_lift,-25.0,-25.6012,-28.3228,-29.0039,1701,0,1068,1,12.3,35,staircase1,no_load,0.0
3.86937,0.657868,shoulder_lift,-25.0,-25.6012,-28.3228,-29.0039,1701,0,1068,1,12.3,35,staircase1,no_load,0.0
3.880415,0.668913,shoulder_lift,-25.0,-25.6012,-28.3228,-29.0039,1701,0,1068,0,12.3,35,staircase1,no_load,0.0
3.890972,0.67947,shoulder_lift,-25.0,-25.6012,-28.3228,-29.0039,1701,0,1068,1,12.3,35,staircase1,no_load,0.0
3.902028,0.690526,shoulder_lift,-25.0,-25.6012,-28.3228,-29.0039,1701,0,1068,1,12.3,35,staircase1,no_load,0.0
3.912876,0.701373,shoulder_lift,-25.0,-25.6012,-28.3228,-29.0039,1701,0,1068,1,12.3,35,staircase1,no_load,0.0
3.923202,0.7117,shoulder_lift,-25.0,-25.6012,-28.3228,-29.0039,1701,0,1068,1,12.3,35,staircase1,no_load,0.0
3.934004,0.722502,shoulder_lift,-25.0,-25.6012,-28.3228,-29.0039,1701,0,1068,1,12.3,35,staircase1,no_load,0.0
3.944773,0.733271,shoulder_lift,-25.0,-25.6012,-28.3228,-29.0039,1701,0,1068,1,12.3,35,staircase1,no_load,0.0
3.955232,0.74373,shoulder_lift,-25.0,-25.6012,-28.3228,-29.0039,1701,0,1068,0,12.3,35,staircase1,no_load,0.0
3.966295,0.754793,shoulder_lift,-25.0,-25.6012,-28.3228,-29.0039,1701,0,1068,1,12.3,35,staircase1,no_load,0.0
3.977348,0.765846,shoulder_lift,-25.0,-25.6012,-28.3228,-29.0039,1701,0,1068,1,12.3,35,staircase1,no_load,0.0
3.98813,0.776628,shoulder_lift,-25.0,-25.6012,-28.3228,-29.0039,1701,0,1068,1,12.3,35,staircase1,no_load,0.0
3.999094,0.787592,shoulder_lift,-25.0,-25.6012,-28.3228,-29.0039,1701,0,1068,1,12.3,35,staircase1,no_load,0.0
4.00972,0.798217,shoulder_lift,-25.0,-25.6012,-28.3228,-29.0039,1701,0,1068,1,12.3,35,staircase1,no_load,0.0
4.020716,0.809214,shoulder_lift,-25.0,-25.6012,-28.3228,-29.0039,1701,0,1068,1,12.3,35,staircase1,no_load,0.0
4.031629,0.820127,shoulder_lift,-25.0,-25.6012,-28.3228,-29.0039,1701,0,1068,1,12.3,35,staircase1,no_load,0.0
4.041839,0.830337,shoulder_lift,-25.0,-25.6012,-28.3228,-29.0039,1701,0,1068,1,12.3,35,staircase1,no_load,0.0
4.052573,0.84107,shoulder_lift,-25.0,-25.6012,-28.3228,-29.0039,1701,0,1068,1,12.4,35,staircase1,no_load,0.0
4.063551,0.852049,shoulder_lift,-25.0,-25.6012,-28.3228,-29.0039,1701,0,1068,1,12.3,35,staircase1,no_load,0.0
4.074404,0.862902,shoulder_lift,-25.0,-25.6012,-28.3228,-29.0039,1701,0,1068,0,12.3,35,staircase1,no_load,0.0
4.085465,0.873963,shoulder_lift,-25.0,-25.6012,-28.3228,-29.0039,1701,0,1068,1,12.3,35,staircase1,no_load,0.0
4.096479,0.884977,shoulder_lift,-25.0,-25.6012,-28.3228,-29.0039,1701,0,1068,0,12.3,35,staircase1,no_load,0.0
4.106695,0.895192,shoulder_lift,-25.0,-25.6012,-28.3228,-29.0039,1701,0,1068,0,12.3,35,staircase1,no_load,0.0
4.117659,0.906157,shoulder_lift,-25.0,-25.6012,-28.3228,-29.0039,1701,0,1068,1,12.3,35,staircase1,no_load,0.0
4.128817,0.917315,shoulder_lift,-25.0,-25.6012,-28.3228,-29.0039,1701,0,1068,1,12.3,35,staircase1,no_load,0.0
4.139284,0.927782,shoulder_lift,-25.0,-25.6012,-28.3228,-29.0039,1701,0,1068,1,12.3,35,staircase1,no_load,0.0
4.150248,0.938745,shoulder_lift,-25.0,-25.6012,-28.3228,-29.0039,1701,0,1068,1,12.3,35,staircase1,no_load,0.0
4.161143,0.949641,shoulder_lift,-25.0,-25.6012,-28.3228,-29.0039,1701,0,1068,1,12.3,35,staircase1,no_load,0.0
4.172189,0.960686,shoulder_lift,-25.0,-25.6012,-28.3228,-29.0039,1701,0,1068,0,12.3,35,staircase1,no_load,0.0
4.182661,0.971159,shoulder_lift,-25.0,-25.6012,-28.3228,-29.0039,1701,0,1068,0,12.3,35,staircase1,no_load,0.0
4.192843,0.981341,shoulder_lift,-25.0,-25.6012,-28.3228,-29.0039,1701,0,1068,0,12.3,35,staircase1,no_load,0.0
4.203115,0.991612,shoulder_lift,-25.0,-25.6012,-28.3228,-29.0039,1701,0,1068,1,12.3,35,staircase1,no_load,0.0
4.214062,1.00256,shoulder_lift,-25.0,-25.6012,-28.3228,-29.0039,1701,0,1068,1,12.3,35,staircase1,no_load,0.0
4.22492,1.013417,shoulder_lift,-25.0,-25.6012,-28.3228,-29.0039,1701,0,1068,1,12.3,35,staircase1,no_load,0.0
4.235725,1.024223,shoulder_lift,-25.0,-25.6012,-28.3228,-29.0039,1701,0,1068,1,12.3,35,staircase1,no_load,0.0
4.246525,1.035022,shoulder_lift,-25.0,-25.6012,-28.3228,-29.0039,1701,0,1068,1,12.3,35,staircase1,no_load,0.0
4.256817,1.045314,shoulder_lift,-25.0,-25.6012,-28.3228,-29.0039,1701,0,1068,1,12.3,35,staircase1,no_load,0.0
4.267812,1.056309,shoulder_lift,-25.0,-25.6012,-28.3228,-29.0039,1701,0,1068,1,12.3,35,staircase1,no_load,0.0
4.278639,1.067136,shoulder_lift,-25.0,-25.6012,-28.3228,-29.0039,1701,0,1068,1,12.3,35,staircase1,no_load,0.0
4.289291,1.077789,shoulder_lift,-25.0,-25.6012,-28.3228,-29.0039,1701,0,1068,1,12.3,35,staircase1,no_load,0.0
4.300263,1.088761,shoulder_lift,-25.0,-25.6012,-28.3228,-29.0039,1701,0,1068,1,12.3,35,staircase1,no_load,0.0
4.31389,1.102388,shoulder_lift,-25.0,-25.6012,-28.3228,-29.0039,1701,0,1068,1,12.3,35,staircase1,no_load,0.0
4.324543,1.113041,shoulder_lift,-25.0,-25.6012,-28.3228,-29.0039,1701,0,1068,1,12.3,35,staircase1,no_load,0.0
4.335212,1.12371,shoulder_lift,-25.0,-25.6012,-28.3228,-29.0039,1701,0,1068,1,12.3,35,staircase1,no_load,0.0
4.345792,1.134289,shoulder_lift,-25.0,-25.6012,-28.3228,-29.0039,1701,0,1068,1,12.3,35,staircase1,no_load,0.0
4.356064,1.144562,shoulder_lift,-25.0,-25.6012,-28.3228,-29.0039,1701,0,1068,1,12.3,35,staircase1,no_load,0.0
4.366336,1.154834,shoulder_lift,-25.0,-25.6012,-28.3228,-29.0039,1701,0,1068,1,12.3,35,staircase1,no_load,0.0
4.37698,1.165478,shoulder_lift,-25.0,-25.6012,-28.3228,-29.0039,1701,0,1068,0,12.3,35,staircase1,no_load,0.0
4.387809,1.176306,shoulder_lift,-25.0,-25.6012,-28.3228,-29.0039,1701,0,1068,1,12.4,35,staircase1,no_load,0.0
4.398768,1.187265,shoulder_lift,-25.0,-25.6012,-28.3228,-29.0039,1701,0,1068,1,12.3,35,staircase1,no_load,0.0
4.409723,1.198221,shoulder_lift,-25.0,-25.6012,-28.3228,-29.0039,1701,0,1068,1,12.3,35,staircase1,no_load,0.0
4.420745,1.209242,shoulder_lift,-25.0,-25.6012,-28.3228,-29.0039,1701,0,1068,1,12.3,35,staircase1,no_load,0.0
4.431546,1.220043,shoulder_lift,-25.0,-25.6012,-28.3228,-29.0039,1701,0,1068,0,12.3,35,staircase1,no_load,0.0
4.442596,1.231094,shoulder_lift,-25.0,-25.6012,-28.3228,-29.0039,1701,0,1068,1,12.3,35,staircase1,no_load,0.0
4.453227,1.241725,shoulder_lift,-25.0,-25.6012,-28.3228,-29.0039,1701,0,1068,1,12.3,35,staircase1,no_load,0.0
4.464046,1.252544,shoulder_lift,-25.0,-25.6012,-28.3228,-29.0039,1701,0,1068,1,12.3,35,staircase1,no_load,0.0
4.474962,1.26346,shoulder_lift,-25.0,-25.6012,-28.3228,-29.0039,1701,0,1068,1,12.3,35,staircase1,no_load,0.0
4.485662,1.27416,shoulder_lift,-25.0,-25.6012,-28.3228,-29.0039,1701,0,1068,1,12.3,35,staircase1,no_load,0.0
4.496573,1.28507,shoulder_lift,-25.0,-25.6012,-28.3228,-29.0039,1701,0,1068,1,12.3,35,staircase1,no_load,0.0
4.507176,1.295674,shoulder_lift,-25.0,-25.6012,-28.3228,-29.0039,1701,0,1068,1,12.3,35,staircase1,no_load,0.0
4.518168,1.306666,shoulder_lift,-25.0,-25.6012,-28.3228,-29.0039,1701,0,1068,0,12.3,35,staircase1,no_load,0.0
4.528859,1.317357,shoulder_lift,-25.0,-25.6012,-28.3228,-29.0039,1701,0,1068,1,12.3,35,staircase1,no_load,0.0
4.539578,1.328075,shoulder_lift,-25.0,-25.6012,-28.3228,-29.0039,1701,0,1068,1,12.3,35,staircase1,no_load,0.0
4.550464,1.338962,shoulder_lift,-25.0,-25.6012,-28.3228,-29.0039,1701,0,1068,1,12.3,35,staircase1,no_load,0.0
4.561106,1.349604,shoulder_lift,-25.0,-25.6012,-28.3228,-29.0039,1701,0,1068,1,12.3,35,staircase1,no_load,0.0
4.571944,1.360441,shoulder_lift,-25.0,-25.6012,-28.3228,-29.0039,1701,0,1068,1,12.3,35,staircase1,no_load,0.0
4.5829,1.371398,shoulder_lift,-25.0,-25.6012,-28.3228,-29.0039,1701,0,1068,1,12.3,35,staircase1,no_load,0.0
4.593233,1.38173,shoulder_lift,-25.0,-25.6012,-28.3228,-29.0039,1701,0,1068,1,12.4,35,staircase1,no_load,0.0
4.603613,1.392111,shoulder_lift,-25.0,-25.6012,-28.3228,-29.0039,1701,0,1068,1,12.3,35,staircase1,no_load,0.0
4.613811,1.402309,shoulder_lift,-25.0,-25.6012,-28.3228,-29.0039,1701,0,1068,2,12.3,35,staircase1,no_load,0.0
4.624783,1.413281,shoulder_lift,-25.0,-25.6012,-28.3228,-29.0039,1701,0,1068,1,12.3,35,staircase1,no_load,0.0
4.635806,1.424303,shoulder_lift,-25.0,-25.6012,-28.3228,-29.0039,1701,0,1068,1,12.3,35,staircase1,no_load,0.0
4.646495,1.434993,shoulder_lift,-25.0,-25.6012,-28.3228,-29.0039,1701,0,1068,1,12.3,35,staircase1,no_load,0.0
4.656682,1.44518,shoulder_lift,-25.0,-25.6012,-28.3228,-29.0039,1701,0,1068,1,12.3,35,staircase1,no_load,0.0
4.666921,1.455418,shoulder_lift,-25.0,-25.6012,-28.3228,-29.0039,1701,0,1068,1,12.3,35,staircase1,no_load,0.0
4.677119,1.465616,shoulder_lift,-25.0,-25.6012,-28.3228,-29.0039,1701,0,1068,1,12.3,35,staircase1,no_load,0.0
4.687311,1.475809,shoulder_lift,-25.0,-25.6012,-28.3228,-29.0039,1701,0,1068,1,12.4,35,staircase1,no_load,0.0
4.69785,1.486348,shoulder_lift,-25.0,-25.6012,-28.3228,-29.0039,1701,0,1068,1,12.3,35,staircase1,no_load,0.0
4.708755,1.497253,shoulder_lift,-25.0,-25.6012,-28.3228,-29.0039,1701,0,1068,1,12.3,35,staircase1,no_load,0.0
4.719829,1.508327,shoulder_lift,-25.0,-25.6012,-28.3228,-29.0039,1701,0,1068,1,12.3,35,staircase1,no_load,0.0
4.730567,1.519064,shoulder_lift,-25.0,-25.6012,-28.3228,-29.0039,1701,0,1068,0,12.3,35,staircase1,no_load,0.0
4.741483,1.529981,shoulder_lift,-25.0,-25.6012,-28.3228,-29.0039,1701,0,1068,1,12.3,35,staircase1,no_load,0.0
4.752111,1.540609,shoulder_lift,-25.0,-25.6012,-28.3228,-29.0039,1701,0,1068,1,12.3,35,staircase1,no_load,0.0
4.762756,1.551253,shoulder_lift,-25.0,-25.6012,-28.3228,-29.0039,1701,0,1068,1,12.3,35,staircase1,no_load,0.0
4.773544,1.562042,shoulder_lift,-25.0,-25.6012,-28.3228,-29.0039,1701,0,1068,0,12.3,35,staircase1,no_load,0.0
4.784514,1.573011,shoulder_lift,-25.0,-25.6012,-28.3228,-29.0039,1701,0,1068,0,12.3,35,staircase1,no_load,0.0
4.795482,1.583979,shoulder_lift,-25.0,-25.6012,-28.3228,-29.0039,1701,0,1068,1,12.3,35,staircase1,no_load,0.0
4.806094,1.594592,shoulder_lift,-25.0,-25.6012,-28.3228,-29.0039,1701,0,1068,1,12.3,35,staircase1,no_load,0.0
4.817761,4e-06,shoulder_lift,-12.5,-25.6012,-14.1614,-29.0039,1701,0,1068,2,12.3,35,staircase1,no_load,0.0
4.828707,0.01095,shoulder_lift,-12.5,-25.6012,-14.1614,-29.0039,1701,0,1076,1,12.4,35,staircase1,no_load,0.0
4.839049,0.021292,shoulder_lift,-12.5,-25.6012,-14.1614,-29.0039,1701,0,1104,3,12.3,35,staircase1,no_load,0.0
4.85014,0.032383,shoulder_lift,-12.5,-25.6012,-14.1614,-29.0039,1701,0,1140,4,12.3,35,staircase1,no_load,0.0
4.861263,0.043506,shoulder_lift,-12.5,-25.5237,-14.1614,-28.916,1702,0,1224,11,12.3,35,staircase1,no_load,7.903
4.871993,0.054236,shoulder_lift,-12.5,-25.2909,-14.1614,-28.6523,1705,200,1264,16,12.3,35,staircase1,no_load,24.576
4.883137,0.065381,shoulder_lift,-12.5,-24.903,-14.1614,-28.2129,1710,200,1332,16,12.2,35,staircase1,no_load,39.429
4.894176,0.076419,shoulder_lift,-12.5,-24.4375,-14.1614,-27.6855,1716,450,1416,28,12.2,35,staircase1,no_load,47.776
4.905283,0.087526,shoulder_lift,-12.5,-23.7393,-14.1614,-26.8945,1725,450,1468,29,12.2,35,staircase1,no_load,71.216
4.916372,0.098615,shoulder_lift,-12.5,-22.9635,-14.1614,-26.0156,1735,800,1468,23,12.2,35,staircase1,no_load,79.259
4.927419,0.109662,shoulder_lift,-12.5,-22.0326,-14.1614,-24.9609,1747,800,1484,23,12.3,35,staircase1,no_load,95.474
4.938022,0.120265,shoulder_lift,-12.5,-21.3344,-14.1614,-24.1699,1756,950,1456,16,12.3,35,staircase1,no_load,74.602
4.948258,0.130501,shoulder_lift,-12.5,-20.481,-14.1614,-23.2031,1767,950,1444,14,12.2,35,staircase1,no_load,94.451
4.958985,0.141228,shoulder_lift,-12.5,-19.6276,-14.1614,-22.2363,1778,1000,1368,9,12.3,35,staircase1,no_load,90.128
4.969761,0.152005,shoulder_lift,-12.5,-18.9294,-14.1614,-21.4453,1787,1000,1340,12,12.2,35,staircase1,no_load,73.404
4.980697,0.16294,shoulder_lift,-12.5,-18.1536,-14.1614,-20.5664,1797,1000,1280,8,12.3,35,staircase1,no_load,80.368
4.991429,0.173672,shoulder_lift,-12.5,-17.6881,-14.1614,-20.0391,1803,650,1252,7,12.3,35,staircase1,no_load,49.133
5.002531,0.184774,shoulder_lift,-12.5,-17.2227,-14.1614,-19.5117,1809,650,1216,9,12.3,35,staircase1,no_load,47.505
5.013155,0.195398,shoulder_lift,-12.5,-16.7572,-14.1614,-18.9844,1815,600,1216,5,12.2,35,staircase1,no_load,49.633
5.023599,0.205843,shoulder_lift,-12.5,-16.4469,-14.1614,-18.6328,1819,600,1196,4,12.3,36,staircase1,no_load,33.665
5.034635,0.216878,shoulder_lift,-12.5,-15.9814,-14.1614,-18.1055,1825,450,1172,2,12.3,35,staircase1,no_load,47.78
5.045871,0.228114,shoulder_lift,-12.5,-15.5159,-14.1614,-17.5781,1831,450,1152,1,12.4,35,staircase1,no_load,46.938
5.056751,0.238994,shoulder_lift,-12.5,-15.128,-14.1614,-17.1387,1836,500,1132,1,12.3,36,staircase1,no_load,40.386
5.067622,0.249865,shoulder_lift,-12.5,-14.8177,-14.1614,-16.7871,1840,500,1112,0,12.3,35,staircase1,no_load,32.343
5.078784,0.261027,shoulder_lift,-12.5,-14.4298,-14.1614,-16.3477,1845,400,1100,0,12.3,35,staircase1,no_load,39.366
5.089256,0.271499,shoulder_lift,-12.5,-13.9643,-14.1614,-15.8203,1851,500,1076,0,12.3,35,staircase1,no_load,50.363
5.100357,0.2826,shoulder_lift,-12.5,-13.5764,-14.1614,-15.3809,1856,500,1048,0,12.3,35,staircase1,no_load,39.582
5.11142,0.293663,shoulder_lift,-12.5,-13.4213,-14.1614,-15.2051,1858,300,0,1,12.3,35,staircase1,no_load,15.891
5.122017,0.30426,shoulder_lift,-12.5,-13.4213,-14.1614,-15.2051,1858,300,1068,1,12.3,35,staircase1,no_load,0.0
5.132859,0.315102,shoulder_lift,-12.5,-13.3437,-14.1614,-15.1172,1859,100,1076,0,12.3,35,staircase1,no_load,8.107
5.14398,0.326223,shoulder_lift,-12.5,-13.2661,-14.1614,-15.0293,1860,100,1072,0,12.3,35,staircase1,no_load,7.904
5.15499,0.337233,shoulder_lift,-12.5,-13.1885,-14.1614,-14.9414,1861,100,1064,0,12.3,36,staircase1,no_load,7.984
5.16557,0.347813,shoulder_lift,-12.5,-13.1109,-14.1614,-14.8535,1862,100,1060,0,12.3,36,staircase1,no_load,8.308
5.176607,0.35885,shoulder_lift,-12.5,-13.1109,-14.1614,-14.8535,1862,50,1064,0,12.3,35,staircase1,no_load,0.0
5.187236,0.369479,shoulder_lift,-12.5,-13.1109,-14.1614,-14.8535,1862,50,1064,0,12.3,35,staircase1,no_load,0.0
5.19824,0.380483,shoulder_lift,-12.5,-13.1109,-14.1614,-14.8535,1862,0,1068,0,12.3,35,staircase1,no_load,0.0
5.209155,0.391399,shoulder_lift,-12.5,-13.1109,-14.1614,-14.8535,1862,-50,1072,0,12.4,35,staircase1,no_load,0.0
5.220059,0.402302,shoulder_lift,-12.5,-13.1885,-14.1614,-14.9414,1861,-50,1076,1,12.3,35,staircase1,no_load,-8.061
5.230745,0.412988,shoulder_lift,-12.5,-13.1109,-14.1614,-14.8535,1862,50,1072,1,12.3,35,staircase1,no_load,8.226
5.241662,0.423905,shoulder_lift,-12.5,-13.1109,-14.1614,-14.8535,1862,50,1064,1,12.3,35,staircase1,no_load,0.0
5.252726,0.43497,shoulder_lift,-12.5,-13.0334,-14.1614,-14.7656,1863,50,1060,0,12.3,35,staircase1,no_load,7.945
5.263452,0.445695,shoulder_lift,-12.5,-13.0334,-14.1614,-14.7656,1863,50,1056,0,12.3,35,staircase1,no_load,0.0
5.273959,0.456202,shoulder_lift,-12.5,-12.9558,-14.1614,-14.6777,1864,50,1056,1,12.3,35,staircase1,no_load,8.366
5.285027,0.46727,shoulder_lift,-12.5,-12.9558,-14.1614,-14.6777,1864,50,1056,0,12.3,35,staircase1,no_load,0.0
5.295761,0.478005,shoulder_lift,-12.5,-12.8782,-14.1614,-14.5898,1865,50,1052,0,12.3,35,staircase1,no_load,8.189
5.306248,0.488491,shoulder_lift,-12.5,-12.8782,-14.1614,-14.5898,1865,50,1052,0,12.4,35,staircase1,no_load,0.0
5.316716,0.498959,shoulder_lift,-12.5,-12.8006,-14.1614,-14.502,1866,0,1048,0,12.3,35,staircase1,no_load,8.387
5.327083,0.509326,shoulder_lift,-12.5,-12.8006,-14.1614,-14.502,1866,0,1048,0,12.4,35,staircase1,no_load,0.0
5.337729,0.519973,shoulder_lift,-12.5,-12.8006,-14.1614,-14.502,1866,50,1052,1,12.3,35,staircase1,no_load,0.0
5.347989,0.530233,shoulder_lift,-12.5,-12.8006,-14.1614,-14.502,1866,50,1052,0,12.3,35,staircase1,no_load,0.0
5.358266,0.540509,shoulder_lift,-12.5,-12.8006,-14.1614,-14.502,1866,0,1052,0,12.3,35,staircase1,no_load,0.0
5.36918,0.551423,shoulder_lift,-12.5,-12.8006,-14.1614,-14.502,1866,0,1052,1,12.3,35,staircase1,no_load,0.0
5.380026,0.562269,shoulder_lift,-12.5,-12.8006,-14.1614,-14.502,1866,0,1052,0,12.3,35,staircase1,no_load,0.0
5.39091,0.573153,shoulder_lift,-12.5,-12.8006,-14.1614,-14.502,1866,0,1052,1,12.3,35,staircase1,no_load,0.0
5.401146,0.583389,shoulder_lift,-12.5,-12.8006,-14.1614,-14.502,1866,0,1052,0,12.3,35,staircase1,no_load,0.0
5.412164,0.594408,shoulder_lift,-12.5,-12.8006,-14.1614,-14.502,1866,0,1052,0,12.3,35,staircase1,no_load,0.0
5.422504,0.604748,shoulder_lift,-12.5,-12.723,-14.1614,-14.4141,1867,0,1048,0,12.3,35,staircase1,no_load,8.501
5.433575,0.615818,shoulder_lift,-12.5,-12.723,-14.1614,-14.4141,1867,50,1044,0,12.3,35,staircase1,no_load,0.0
5.444345,0.626588,shoulder_lift,-12.5,-12.723,-14.1614,-14.4141,1867,50,1044,0,12.3,35,staircase1,no_load,0.0
5.455081,0.637325,shoulder_lift,-12.5,-12.723,-14.1614,-14.4141,1867,0,1048,1,12.3,35,staircase1,no_load,0.0
5.465858,0.648101,shoulder_lift,-12.5,-12.723,-14.1614,-14.4141,1867,0,1048,0,12.3,35,staircase1,no_load,0.0
5.476538,0.658782,shoulder_lift,-12.5,-12.723,-14.1614,-14.4141,1867,0,1048,0,12.3,35,staircase1,no_load,0.0
5.487435,0.669679,shoulder_lift,-12.5,-12.723,-14.1614,-14.4141,1867,0,1048,0,12.3,35,staircase1,no_load,0.0
5.49818,0.680423,shoulder_lift,-12.5,-12.723,-14.1614,-14.4141,1867,0,1048,0,12.3,35,staircase1,no_load,0.0
5.509097,0.69134,shoulder_lift,-12.5,-12.723,-14.1614,-14.4141,1867,0,1048,0,12.3,35,staircase1,no_load,0.0
5.520267,0.70251,shoulder_lift,-12.5,-12.723,-14.1614,-14.4141,1867,0,1048,0,12.3,35,staircase1,no_load,0.0
5.531313,0.713556,shoulder_lift,-12.5,-12.723,-14.1614,-14.4141,1867,0,1048,0,12.3,35,staircase1,no_load,0.0
5.542214,0.724457,shoulder_lift,-12.5,-12.723,-14.1614,-14.4141,1867,0,1048,0,12.3,35,staircase1,no_load,0.0
5.553191,0.735435,shoulder_lift,-12.5,-12.723,-14.1614,-14.4141,1867,0,1048,0,12.3,35,staircase1,no_load,0.0
5.564146,0.746389,shoulder_lift,-12.5,-12.723,-14.1614,-14.4141,1867,0,1048,0,12.3,35,staircase1,no_load,0.0
5.575117,0.75736,shoulder_lift,-12.5,-12.723,-14.1614,-14.4141,1867,0,1048,0,12.3,35,staircase1,no_load,0.0
5.586296,0.768539,shoulder_lift,-12.5,-12.723,-14.1614,-14.4141,1867,0,1048,0,12.3,35,staircase1,no_load,0.0
5.597066,0.779309,shoulder_lift,-12.5,-12.723,-14.1614,-14.4141,1867,0,1048,0,12.3,35,staircase1,no_load,0.0
5.608077,0.79032,shoulder_lift,-12.5,-12.723,-14.1614,-14.4141,1867,0,1048,0,12.3,35,staircase1,no_load,0.0
5.618934,0.801177,shoulder_lift,-12.5,-12.723,-14.1614,-14.4141,1867,0,1048,0,12.3,35,staircase1,no_load,0.0
5.629426,0.81167,shoulder_lift,-12.5,-12.723,-14.1614,-14.4141,1867,0,1048,0,12.3,35,staircase1,no_load,0.0
5.639758,0.822001,shoulder_lift,-12.5,-12.723,-14.1614,-14.4141,1867,0,1048,0,12.3,35,staircase1,no_load,0.0
5.650806,0.83305,shoulder_lift,-12.5,-12.723,-14.1614,-14.4141,1867,0,1048,0,12.3,35,staircase1,no_load,0.0
5.661574,0.843818,shoulder_lift,-12.5,-12.723,-14.1614,-14.4141,1867,0,1048,0,12.3,35,staircase1,no_load,0.0
5.672233,0.854476,shoulder_lift,-12.5,-12.723,-14.1614,-14.4141,1867,0,1048,0,12.3,35,staircase1,no_load,0.0
5.683206,0.865449,shoulder_lift,-12.5,-12.723,-14.1614,-14.4141,1867,0,1048,0,12.3,35,staircase1,no_load,0.0
5.693576,0.875819,shoulder_lift,-12.5,-12.723,-14.1614,-14.4141,1867,0,1048,0,12.3,35,staircase1,no_load,0.0
5.704318,0.886562,shoulder_lift,-12.5,-12.723,-14.1614,-14.4141,1867,0,1048,0,12.3,35,staircase1,no_load,0.0
5.715383,0.897626,shoulder_lift,-12.5,-12.723,-14.1614,-14.4141,1867,0,1048,0,12.3,35,staircase1,no_load,0.0
5.726037,0.90828,shoulder_lift,-12.5,-12.723,-14.1614,-14.4141,1867,0,1048,0,12.3,35,staircase1,no_load,0.0
5.737143,0.919386,shoulder_lift,-12.5,-12.723,-14.1614,-14.4141,1867,0,1048,0,12.3,35,staircase1,no_load,0.0
5.748284,0.930527,shoulder_lift,-12.5,-12.723,-14.1614,-14.4141,1867,0,1048,0,12.3,35,staircase1,no_load,0.0
5.75914,0.941383,shoulder_lift,-12.5,-12.723,-14.1614,-14.4141,1867,0,1048,0,12.3,35,staircase1,no_load,0.0
5.770211,0.952454,shoulder_lift,-12.5,-12.723,-14.1614,-14.4141,1867,0,1048,0,12.3,35,staircase1,no_load,0.0
5.781074,0.963317,shoulder_lift,-12.5,-12.723,-14.1614,-14.4141,1867,0,1048,0,12.3,35,staircase1,no_load,0.0
5.792207,0.97445,shoulder_lift,-12.5,-12.723,-14.1614,-14.4141,1867,0,1048,0,12.4,35,staircase1,no_load,0.0
5.802639,0.984882,shoulder_lift,-12.5,-12.723,-14.1614,-14.4141,1867,0,1048,1,12.3,35,staircase1,no_load,0.0
5.813367,0.99561,shoulder_lift,-12.5,-12.723,-14.1614,-14.4141,1867,0,1048,0,12.4,35,staircase1,no_load,0.0
5.824079,1.006322,shoulder_lift,-12.5,-12.723,-14.1614,-14.4141,1867,0,1048,0,12.3,35,staircase1,no_load,0.0
5.834903,1.017146,shoulder_lift,-12.5,-12.723,-14.1614,-14.4141,1867,0,1048,0,12.3,35,staircase1,no_load,0.0
5.845785,1.028028,shoulder_lift,-12.5,-12.723,-14.1614,-14.4141,1867,0,1048,0,12.3,35,staircase1,no_load,0.0
5.856417,1.03866,shoulder_lift,-12.5,-12.723,-14.1614,-14.4141,1867,0,1048,0,12.3,35,staircase1,no_load,0.0
5.86715,1.049393,shoulder_lift,-12.5,-12.723,-14.1614,-14.4141,1867,0,1048,0,12.3,35,staircase1,no_load,0.0
5.878313,1.060557,shoulder_lift,-12.5,-12.723,-14.1614,-14.4141,1867,0,1048,0,12.3,35,staircase1,no_load,0.0
5.8887,1.070943,shoulder_lift,-12.5,-12.723,-14.1614,-14.4141,1867,0,1048,0,12.3,35,staircase1,no_load,0.0
5.899604,1.081847,shoulder_lift,-12.5,-12.723,-14.1614,-14.4141,1867,0,1048,0,12.3,35,staircase1,no_load,0.0
5.910584,1.092827,shoulder_lift,-12.5,-12.723,-14.1614,-14.4141,1867,0,1048,0,12.3,35,staircase1,no_load,0.0
5.921657,1.1039,shoulder_lift,-12.5,-12.723,-14.1614,-14.4141,1867,0,1048,1,12.3,35,staircase1,no_load,0.0
5.932522,1.114765,shoulder_lift,-12.5,-12.723,-14.1614,-14.4141,1867,0,1048,0,12.3,35,staircase1,no_load,0.0
5.943277,1.12552,shoulder_lift,-12.5,-12.723,-14.1614,-14.4141,1867,0,1048,0,12.3,35,staircase1,no_load,0.0
5.953669,1.135912,shoulder_lift,-12.5,-12.723,-14.1614,-14.4141,1867,0,1048,0,12.3,35,staircase1,no_load,0.0
5.964771,1.147015,shoulder_lift,-12.5,-12.723,-14.1614,-14.4141,1867,0,1048,0,12.3,35,staircase1,no_load,0.0
5.975556,1.157799,shoulder_lift,-12.5,-12.723,-14.1614,-14.4141,1867,0,1048,0,12.3,35,staircase1,no_load,0.0
5.986588,1.168831,shoulder_lift,-12.5,-12.723,-14.1614,-14.4141,1867,0,1048,0,12.3,35,staircase1,no_load,0.0
5.997665,1.179908,shoulder_lift,-12.5,-12.723,-14.1614,-14.4141,1867,0,1048,0,12.3,35,staircase1,no_load,0.0
6.00799,1.190233,shoulder_lift,-12.5,-12.723,-14.1614,-14.4141,1867,0,1048,0,12.3,35,staircase1,no_load,0.0
6.019011,1.201255,shoulder_lift,-12.5,-12.723,-14.1614,-14.4141,1867,0,1048,0,12.3,35,staircase1,no_load,0.0
6.029715,1.211959,shoulder_lift,-12.5,-12.723,-14.1614,-14.4141,1867,0,1048,0,12.3,35,staircase1,no_load,0.0
6.040298,1.222541,shoulder_lift,-12.5,-12.723,-14.1614,-14.4141,1867,0,1048,0,12.3,35,staircase1,no_load,0.0
6.051344,1.233587,shoulder_lift,-12.5,-12.723,-14.1614,-14.4141,1867,0,1048,0,12.3,35,staircase1,no_load,0.0
6.061934,1.244177,shoulder_lift,-12.5,-12.723,-14.1614,-14.4141,1867,0,1048,0,12.3,35,staircase1,no_load,0.0
6.072617,1.254861,shoulder_lift,-12.5,-12.723,-14.1614,-14.4141,1867,0,1048,0,12.3,35,staircase1,no_load,0.0
6.083525,1.265768,shoulder_lift,-12.5,-12.723,-14.1614,-14.4141,1867,0,1048,0,12.3,35,staircase1,no_load,0.0
6.094218,1.276461,shoulder_lift,-12.5,-12.723,-14.1614,-14.4141,1867,0,1048,0,12.3,35,staircase1,no_load,0.0
6.105197,1.287441,shoulder_lift,-12.5,-12.723,-14.1614,-14.4141,1867,0,1048,0,12.3,35,staircase1,no_load,0.0
6.116264,1.298507,shoulder_lift,-12.5,-12.723,-14.1614,-14.4141,1867,0,1048,0,12.3,35,staircase1,no_load,0.0
6.126803,1.309046,shoulder_lift,-12.5,-12.723,-14.1614,-14.4141,1867,0,1048,0,12.3,35,staircase1,no_load,0.0
6.13754,1.319784,shoulder_lift,-12.5,-12.723,-14.1614,-14.4141,1867,0,1048,0,12.3,35,staircase1,no_load,0.0
6.148452,1.330695,shoulder_lift,-12.5,-12.723,-14.1614,-14.4141,1867,0,1048,0,12.3,35,staircase1,no_load,0.0
6.159533,1.341776,shoulder_lift,-12.5,-12.723,-14.1614,-14.4141,1867,0,1048,0,12.3,35,staircase1,no_load,0.0
6.170693,1.352936,shoulder_lift,-12.5,-12.723,-14.1614,-14.4141,1867,0,1048,0,12.3,35,staircase1,no_load,0.0
6.181775,1.364018,shoulder_lift,-12.5,-12.723,-14.1614,-14.4141,1867,0,1048,0,12.3,35,staircase1,no_load,0.0
6.192502,1.374745,shoulder_lift,-12.5,-12.723,-14.1614,-14.4141,1867,0,1048,0,12.3,35,staircase1,no_load,0.0
6.20368,1.385923,shoulder_lift,-12.5,-12.723,-14.1614,-14.4141,1867,0,1048,0,12.3,35,staircase1,no_load,0.0
6.214592,1.396835,shoulder_lift,-12.5,-12.723,-14.1614,-14.4141,1867,0,1048,0,12.3,35,staircase1,no_load,0.0
6.225446,1.407689,shoulder_lift,-12.5,-12.723,-14.1614,-14.4141,1867,0,1048,0,12.3,35,staircase1,no_load,0.0
6.236395,1.418638,shoulder_lift,-12.5,-12.723,-14.1614,-14.4141,1867,0,1048,0,12.3,35,staircase1,no_load,0.0
6.247199,1.429442,shoulder_lift,-12.5,-12.723,-14.1614,-14.4141,1867,0,1048,0,12.3,35,staircase1,no_load,0.0
6.258062,1.440306,shoulder_lift,-12.5,-12.723,-14.1614,-14.4141,1867,0,1048,1,12.3,35,staircase1,no_load,0.0
6.268911,1.451154,shoulder_lift,-12.5,-12.723,-14.1614,-14.4141,1867,0,1048,0,12.3,35,staircase1,no_load,0.0
6.279823,1.462066,shoulder_lift,-12.5,-12.723,-14.1614,-14.4141,1867,0,1048,0,12.3,35,staircase1,no_load,0.0
6.290358,1.472601,shoulder_lift,-12.5,-12.723,-14.1614,-14.4141,1867,0,1048,0,12.3,35,staircase1,no_load,0.0
6.301133,1.483377,shoulder_lift,-12.5,-12.723,-14.1614,-14.4141,1867,0,1048,1,12.3,35,staircase1,no_load,0.0
6.311757,1.494,shoulder_lift,-12.5,-12.723,-14.1614,-14.4141,1867,0,1048,0,12.4,35,staircase1,no_load,0.0
6.322199,1.504442,shoulder_lift,-12.5,-12.723,-14.1614,-14.4141,1867,0,1048,0,12.3,35,staircase1,no_load,0.0
6.332708,1.514952,shoulder_lift,-12.5,-12.723,-14.1614,-14.4141,1867,0,1048,0,12.3,35,staircase1,no_load,0.0
6.343123,1.525367,shoulder_lift,-12.5,-12.723,-14.1614,-14.4141,1867,0,1048,0,12.3,35,staircase1,no_load,0.0
6.356075,1.538319,shoulder_lift,-12.5,-12.723,-14.1614,-14.4141,1867,0,1048,0,12.3,36,staircase1,no_load,0.0
6.367174,1.549418,shoulder_lift,-12.5,-12.723,-14.1614,-14.4141,1867,0,1048,0,12.3,35,staircase1,no_load,0.0
6.378048,1.560291,shoulder_lift,-12.5,-12.723,-14.1614,-14.4141,1867,0,1048,0,12.3,35,staircase1,no_load,0.0
6.388438,1.570681,shoulder_lift,-12.5,-12.723,-14.1614,-14.4141,1867,0,1048,0,12.3,35,staircase1,no_load,0.0
6.399135,1.581378,shoulder_lift,-12.5,-12.723,-14.1614,-14.4141,1867,0,1048,0,12.3,35,staircase1,no_load,0.0
6.409665,1.591909,shoulder_lift,-12.5,-12.723,-14.1614,-14.4141,1867,0,1048,0,12.3,35,staircase1,no_load,0.0
6.420588,3e-06,shoulder_lift,0.0,-12.723,0.0,-14.4141,1867,0,1048,0,12.3,35,staircase1,no_load,0.0
6.431563,0.010979,shoulder_lift,0.0,-12.723,0.0,-14.4141,1867,0,1056,0,12.3,35,staircase1,no_load,0.0
6.442708,0.022124,shoulder_lift,0.0,-12.723,0.0,-14.4141,1867,0,1076,2,12.3,35,staircase1,no_load,0.0
6.453649,0.033065,shoulder_lift,0.0,-12.723,0.0,-14.4141,1867,0,1152,6,12.3,36,staircase1,no_load,0.0
6.464365,0.043781,shoulder_lift,0.0,-12.6455,0.0,-14.3262,1868,0,1188,7,12.3,35,staircase1,no_load,8.203
6.475195,0.05461,shoulder_lift,0.0,-12.4903,0.0,-14.1504,1870,100,1264,10,12.2,35,staircase1,no_load,16.233
6.485967,0.065382,shoulder_lift,0.0,-12.1024,0.0,-13.7109,1875,100,1312,14,12.2,35,staircase1,no_load,40.8
6.496886,0.076302,shoulder_lift,0.0,-11.6369,0.0,-13.1836,1881,350,1392,23,12.2,35,staircase1,no_load,48.292
6.507953,0.087369,shoulder_lift,0.0,-11.0163,0.0,-12.4805,1889,650,1444,27,12.3,36,staircase1,no_load,63.531
6.518656,0.098072,shoulder_lift,0.0,-10.3181,0.0,-11.6895,1898,650,1472,27,12.3,35,staircase1,no_load,73.905
6.529507,0.108923,shoulder_lift,0.0,-9.3871,0.0,-10.6348,1910,950,1488,14,12.3,35,staircase1,no_load,97.198
6.540351,0.119766,shoulder_lift,0.0,-8.4562,0.0,-9.5801,1922,950,1436,18,12.2,35,staircase1,no_load,97.261
6.551431,0.130846,shoulder_lift,0.0,-7.6028,0.0,-8.6133,1933,1100,1384,11,12.3,35,staircase1,no_load,87.256
6.562565,0.14198,shoulder_lift,0.0,-6.827,0.0,-7.7344,1943,1100,1368,16,12.2,35,staircase1,no_load,78.938
6.572989,0.152405,shoulder_lift,0.0,-6.2064,0.0,-7.0313,1951,850,1312,12,12.3,35,staircase1,no_load,67.45
6.58396,0.163375,shoulder_lift,0.0,-5.6633,0.0,-6.416,1958,850,1284,13,12.3,35,staircase1,no_load,56.084
6.594826,0.174242,shoulder_lift,0.0,-5.1978,0.0,-5.8887,1964,650,1256,10,12.3,35,staircase1,no_load,48.528
6.605329,0.184745,shoulder_lift,0.0,-4.8099,0.0,-5.4492,1969,650,1236,9,12.3,35,staircase1,no_load,41.845
6.616412,0.195827,shoulder_lift,0.0,-4.422,0.0,-5.0098,1974,500,1220,8,12.3,35,staircase1,no_load,39.646
6.627596,0.207011,shoulder_lift,0.0,-4.0341,0.0,-4.5703,1979,450,1204,8,12.3,35,staircase1,no_load,39.297
6.638488,0.217903,shoulder_lift,0.0,-3.8014,0.0,-4.3066,1982,450,1196,5,12.2,35,staircase1,no_load,24.21
6.649669,0.229085,shoulder_lift,0.0,-3.4135,0.0,-3.8672,1987,350,1184,4,12.3,35,staircase1,no_load,39.299
6.660477,0.239893,shoulder_lift,0.0,-3.1808,0.0,-3.6035,1990,350,1168,4,12.3,35,staircase1,no_load,24.399
6.671409,0.250825,shoulder_lift,0.0,-2.7929,0.0,-3.1641,1995,350,1144,2,12.3,35,staircase1,no_load,40.194
6.682505,0.261921,shoulder_lift,0.0,-2.4825,0.0,-2.8125,1999,350,1128,2,12.3,35,staircase1,no_load,31.687
6.692932,0.272348,shoulder_lift,0.0,-2.1722,0.0,-2.4609,2003,400,1116,1,12.3,36,staircase1,no_load,33.72
6.703269,0.282685,shoulder_lift,0.0,-1.9395,0.0,-2.1973,2006,400,1104,0,12.3,36,staircase1,no_load,25.501
6.714263,0.293679,shoulder_lift,0.0,-1.7067,0.0,-1.9336,2009,350,1092,1,12.3,36,staircase1,no_load,23.986
6.725438,0.304854,shoulder_lift,0.0,-1.3964,0.0,-1.582,2013,350,1076,1,12.3,35,staircase1,no_load,31.463
6.736426,0.315841,shoulder_lift,0.0,-1.0085,0.0,-1.1426,2018,300,1064,0,12.3,35,staircase1,no_load,39.989
6.747614,0.32703,shoulder_lift,0.0,-0.8534,0.0,-0.9668,2020,300,1052,0,12.3,35,staircase1,no_load,15.713
6.758666,0.338081,shoulder_lift,0.0,-0.6982,0.0,-0.791,2022,300,1048,0,12.3,35,staircase1,no_load,15.907
6.769482,0.348898,shoulder_lift,0.0,-0.6206,0.0,-0.7031,2023,150,1060,0,12.3,35,staircase1,no_load,8.127
6.78049,0.359905,shoulder_lift,0.0,-0.6206,0.0,-0.7031,2023,150,1060,0,12.3,35,staircase1,no_load,0.0
6.791492,0.370907,shoulder_lift,0.0,-0.6206,0.0,-0.7031,2023,0,1068,1,12.3,35,staircase1,no_load,0.0
6.80256,0.381976,shoulder_lift,0.0,-0.6206,0.0,-0.7031,2023,0,1068,0,12.3,35,staircase1,no_load,0.0
6.813281,0.392696,shoulder_lift,0.0,-0.5431,0.0,-0.6152,2024,50,1060,0,12.3,35,staircase1,no_load,8.199
6.823884,0.4033,shoulder_lift,0.0,-0.4655,0.0,-0.5273,2025,50,1056,1,12.3,36,staircase1,no_load,8.29
6.834917,0.414333,shoulder_lift,0.0,-0.4655,0.0,-0.5273,2025,50,1056,0,12.4,35,staircase1,no_load,0.0
6.845662,0.425078,shoulder_lift,0.0,-0.3879,0.0,-0.4395,2026,50,1052,1,12.3,35,staircase1,no_load,8.171
6.856174,0.43559,shoulder_lift,0.0,-0.3103,0.0,-0.3516,2027,50,1048,0,12.3,35,staircase1,no_load,8.362
6.866566,0.445982,shoulder_lift,0.0,-0.3103,0.0,-0.3516,2027,50,1048,0,12.3,35,staircase1,no_load,0.0
6.877779,0.457194,shoulder_lift,0.0,-0.3103,0.0,-0.3516,2027,50,1048,0,12.3,35,staircase1,no_load,0.0
6.888416,0.467832,shoulder_lift,0.0,-0.2327,0.0,-0.2637,2028,50,1044,0,12.3,35,staircase1,no_load,8.264
6.899328,0.478744,shoulder_lift,0.0,-0.2327,0.0,-0.2637,2028,50,1044,0,12.3,35,staircase1,no_load,0.0
6.910314,0.489729,shoulder_lift,0.0,-0.2327,0.0,-0.2637,2028,0,1048,0,12.3,35,staircase1,no_load,0.0
6.921431,0.500847,shoulder_lift,0.0,-0.2327,0.0,-0.2637,2028,0,1048,0,12.3,35,staircase1,no_load,0.0
6.93243,0.511846,shoulder_lift,0.0,-0.2327,0.0,-0.2637,2028,0,1048,1,12.3,35,staircase1,no_load,0.0
6.943443,0.522859,shoulder_lift,0.0,-0.2327,0.0,-0.2637,2028,0,1048,0,12.3,35,staircase1,no_load,0.0
6.953686,0.533102,shoulder_lift,0.0,-0.2327,0.0,-0.2637,2028,0,1048,0,12.3,35,staircase1,no_load,0.0
6.964098,0.543513,shoulder_lift,0.0,-0.2327,0.0,-0.2637,2028,0,1048,0,12.3,35,staircase1,no_load,0.0
6.975165,0.554581,shoulder_lift,0.0,-0.2327,0.0,-0.2637,2028,0,1048,0,12.3,35,staircase1,no_load,0.0
6.985483,0.564898,shoulder_lift,0.0,-0.2327,0.0,-0.2637,2028,0,1048,0,12.3,35,staircase1,no_load,0.0
6.99609,0.575505,shoulder_lift,0.0,-0.2327,0.0,-0.2637,2028,0,1048,0,12.3,35,staircase1,no_load,0.0
7.006424,0.58584,shoulder_lift,0.0,-0.2327,0.0,-0.2637,2028,0,1048,0,12.3,35,staircase1,no_load,0.0
7.016854,0.59627,shoulder_lift,0.0,-0.2327,0.0,-0.2637,2028,0,1048,0,12.3,35,staircase1,no_load,0.0
7.027245,0.606661,shoulder_lift,0.0,-0.2327,0.0,-0.2637,2028,0,1048,0,12.3,35,staircase1,no_load,0.0
7.037776,0.617192,shoulder_lift,0.0,-0.2327,0.0,-0.2637,2028,0,1048,0,12.3,35,staircase1,no_load,0.0
7.048271,0.627687,shoulder_lift,0.0,-0.2327,0.0,-0.2637,2028,0,1048,0,12.3,35,staircase1,no_load,0.0
7.058527,0.637942,shoulder_lift,0.0,-0.2327,0.0,-0.2637,2028,0,1048,0,12.3,35,staircase1,no_load,0.0
7.068897,0.648313,shoulder_lift,0.0,-0.2327,0.0,-0.2637,2028,0,1048,0,12.3,35,staircase1,no_load,0.0
7.079034,0.658449,shoulder_lift,0.0,-0.2327,0.0,-0.2637,2028,0,1048,0,12.3,35,staircase1,no_load,0.0
7.089574,0.668989,shoulder_lift,0.0,-0.2327,0.0,-0.2637,2028,0,1048,0,12.3,35,staircase1,no_load,0.0
7.09984,0.679256,shoulder_lift,0.0,-0.2327,0.0,-0.2637,2028,0,1048,0,12.3,35,staircase1,no_load,0.0
7.110839,0.690255,shoulder_lift,0.0,-0.2327,0.0,-0.2637,2028,0,1048,0,12.3,35,staircase1,no_load,0.0
7.121216,0.700631,shoulder_lift,0.0,-0.2327,0.0,-0.2637,2028,0,1048,0,12.3,35,staircase1,no_load,0.0
7.131869,0.711284,shoulder_lift,0.0,-0.2327,0.0,-0.2637,2028,0,1048,0,12.3,35,staircase1,no_load,0.0
7.141993,0.721409,shoulder_lift,0.0,-0.2327,0.0,-0.2637,2028,0,1048,0,12.3,35,staircase1,no_load,0.0
7.152438,0.731854,shoulder_lift,0.0,-0.2327,0.0,-0.2637,2028,0,1048,0,12.3,35,staircase1,no_load,0.0
7.162748,0.742163,shoulder_lift,0.0,-0.2327,0.0,-0.2637,2028,0,1048,0,12.3,35,staircase1,no_load,0.0
7.172991,0.752406,shoulder_lift,0.0,-0.2327,0.0,-0.2637,2028,0,1048,0,12.3,35,staircase1,no_load,0.0
7.18359,0.763006,shoulder_lift,0.0,-0.2327,0.0,-0.2637,2028,0,1048,0,12.3,35,staircase1,no_load,0.0
7.194045,0.773461,shoulder_lift,0.0,-0.2327,0.0,-0.2637,2028,0,1048,0,12.3,35,staircase1,no_load,0.0
7.20416,0.783575,shoulder_lift,0.0,-0.2327,0.0,-0.2637,2028,0,1048,0,12.3,35,staircase1,no_load,0.0
7.214423,0.793839,shoulder_lift,0.0,-0.2327,0.0,-0.2637,2028,0,1048,0,12.3,35,staircase1,no_load,0.0
7.224766,0.804182,shoulder_lift,0.0,-0.2327,0.0,-0.2637,2028,0,1048,0,12.3,35,staircase1,no_load,0.0
7.234882,0.814298,shoulder_lift,0.0,-0.2327,0.0,-0.2637,2028,0,1048,0,12.3,35,staircase1,no_load,0.0
7.245149,0.824565,shoulder_lift,0.0,-0.2327,0.0,-0.2637,2028,0,1048,0,12.3,35,staircase1,no_load,0.0
7.255652,0.835068,shoulder_lift,0.0,-0.2327,0.0,-0.2637,2028,0,1048,1,12.3,35,staircase1,no_load,0.0
7.266247,0.845663,shoulder_lift,0.0,-0.2327,0.0,-0.2637,2028,0,1048,0,12.3,35,staircase1,no_load,0.0
7.276557,0.855973,shoulder_lift,0.0,-0.2327,0.0,-0.2637,2028,0,1048,0,12.3,35,staircase1,no_load,0.0
7.286718,0.866134,shoulder_lift,0.0,-0.2327,0.0,-0.2637,2028,0,1048,0,12.3,36,staircase1,no_load,0.0
7.296994,0.876409,shoulder_lift,0.0,-0.2327,0.0,-0.2637,2028,0,1048,1,12.3,35,staircase1,no_load,0.0
7.30727,0.886686,shoulder_lift,0.0,-0.2327,0.0,-0.2637,2028,0,1048,1,12.3,35,staircase1,no_load,0.0
7.317576,0.896992,shoulder_lift,0.0,-0.2327,0.0,-0.2637,2028,0,1048,0,12.3,35,staircase1,no_load,0.0
7.327857,0.907273,shoulder_lift,0.0,-0.2327,0.0,-0.2637,2028,0,1048,0,12.3,35,staircase1,no_load,0.0
7.338346,0.917762,shoulder_lift,0.0,-0.2327,0.0,-0.2637,2028,0,1048,0,12.3,35,staircase1,no_load,0.0
7.348652,0.928068,shoulder_lift,0.0,-0.2327,0.0,-0.2637,2028,0,1048,0,12.3,36,staircase1,no_load,0.0
7.359246,0.938662,shoulder_lift,0.0,-0.2327,0.0,-0.2637,2028,0,1048,0,12.3,35,staircase1,no_load,0.0
7.36979,0.949206,shoulder_lift,0.0,-0.2327,0.0,-0.2637,2028,0,1048,1,12.3,35,staircase1,no_load,0.0
7.379982,0.959398,shoulder_lift,0.0,-0.2327,0.0,-0.2637,2028,0,1048,0,12.3,35,staircase1,no_load,0.0
7.390734,0.97015,shoulder_lift,0.0,-0.2327,0.0,-0.2637,2028,0,1048,1,12.3,35,staircase1,no_load,0.0
7.401121,0.980536,shoulder_lift,0.0,-0.2327,0.0,-0.2637,2028,0,1048,0,12.3,35,staircase1,no_load,0.0
7.411759,0.991174,shoulder_lift,0.0,-0.2327,0.0,-0.2637,2028,0,1048,0,12.4,35,staircase1,no_load,0.0
7.422228,1.001643,shoulder_lift,0.0,-0.2327,0.0,-0.2637,2028,0,1048,0,12.3,35,staircase1,no_load,0.0
7.432737,1.012153,shoulder_lift,0.0,-0.2327,0.0,-0.2637,2028,0,1048,0,12.3,35,staircase1,no_load,0.0
7.443574,1.02299,shoulder_lift,0.0,-0.2327,0.0,-0.2637,2028,0,1048,0,12.3,35,staircase1,no_load,0.0
7.454833,1.034249,shoulder_lift,0.0,-0.2327,0.0,-0.2637,2028,0,1048,0,12.3,35,staircase1,no_load,0.0
7.465602,1.045017,shoulder_lift,0.0,-0.2327,0.0,-0.2637,2028,0,1048,0,12.3,35,staircase1,no_load,0.0
7.476277,1.055692,shoulder_lift,0.0,-0.2327,0.0,-0.2637,2028,0,1048,0,12.3,35,staircase1,no_load,0.0
7.487111,1.066526,shoulder_lift,0.0,-0.2327,0.0,-0.2637,2028,0,1048,0,12.3,35,staircase1,no_load,0.0
7.497863,1.077279,shoulder_lift,0.0,-0.2327,0.0,-0.2637,2028,0,1048,0,12.3,35,staircase1,no_load,0.0
7.508748,1.088164,shoulder_lift,0.0,-0.2327,0.0,-0.2637,2028,0,1048,0,12.3,35,staircase1,no_load,0.0
7.519939,1.099355,shoulder_lift,0.0,-0.2327,0.0,-0.2637,2028,0,1048,0,12.3,35,staircase1,no_load,0.0
7.531093,1.110509,shoulder_lift,0.0,-0.2327,0.0,-0.2637,2028,0,1048,0,12.3,35,staircase1,no_load,0.0
7.541858,1.121274,shoulder_lift,0.0,-0.2327,0.0,-0.2637,2028,0,1048,0,12.3,35,staircase1,no_load,0.0
7.552836,1.132252,shoulder_lift,0.0,-0.2327,0.0,-0.2637,2028,0,1048,0,12.3,35,staircase1,no_load,0.0
7.564025,1.143441,shoulder_lift,0.0,-0.2327,0.0,-0.2637,2028,0,1048,0,12.3,35,staircase1,no_load,0.0
7.574633,1.154049,shoulder_lift,0.0,-0.2327,0.0,-0.2637,2028,0,1048,0,12.3,35,staircase1,no_load,0.0
7.585428,1.164843,shoulder_lift,0.0,-0.2327,0.0,-0.2637,2028,0,1048,0,12.3,35,staircase1,no_load,0.0
7.595686,1.175102,shoulder_lift,0.0,-0.2327,0.0,-0.2637,2028,0,1048,0,12.3,35,staircase1,no_load,0.0
7.606315,1.185731,shoulder_lift,0.0,-0.2327,0.0,-0.2637,2028,0,1048,0,12.3,35,staircase1,no_load,0.0
7.616625,1.196041,shoulder_lift,0.0,-0.2327,0.0,-0.2637,2028,0,1048,0,12.3,35,staircase1,no_load,0.0
7.626905,1.206321,shoulder_lift,0.0,-0.2327,0.0,-0.2637,2028,0,1048,0,12.3,35,staircase1,no_load,0.0
7.637344,1.216759,shoulder_lift,0.0,-0.2327,0.0,-0.2637,2028,0,1048,0,12.3,35,staircase1,no_load,0.0
7.647916,1.227332,shoulder_lift,0.0,-0.2327,0.0,-0.2637,2028,0,1048,0,12.3,35,staircase1,no_load,0.0
7.65839,1.237805,shoulder_lift,0.0,-0.2327,0.0,-0.2637,2028,0,1048,0,12.3,35,staircase1,no_load,0.0
7.668974,1.248389,shoulder_lift,0.0,-0.2327,0.0,-0.2637,2028,0,1048,0,12.3,35,staircase1,no_load,0.0
7.679189,1.258604,shoulder_lift,0.0,-0.2327,0.0,-0.2637,2028,0,1048,0,12.3,35,staircase1,no_load,0.0
7.689972,1.269388,shoulder_lift,0.0,-0.2327,0.0,-0.2637,2028,0,1048,0,12.3,35,staircase1,no_load,0.0
7.700505,1.279921,shoulder_lift,0.0,-0.2327,0.0,-0.2637,2028,0,1048,1,12.3,35,staircase1,no_load,0.0
7.711403,1.290819,shoulder_lift,0.0,-0.2327,0.0,-0.2637,2028,0,1048,0,12.3,36,staircase1,no_load,0.0
7.721689,1.301105,shoulder_lift,0.0,-0.2327,0.0,-0.2637,2028,0,1048,0,12.3,35,staircase1,no_load,0.0
7.732402,1.311818,shoulder_lift,0.0,-0.2327,0.0,-0.2637,2028,0,1048,0,12.3,35,staircase1,no_load,0.0
7.74314,1.322556,shoulder_lift,0.0,-0.2327,0.0,-0.2637,2028,0,1048,0,12.3,35,staircase1,no_load,0.0
7.753865,1.33328,shoulder_lift,0.0,-0.2327,0.0,-0.2637,2028,0,1048,1,12.3,35,staircase1,no_load,0.0
7.764773,1.344188,shoulder_lift,0.0,-0.2327,0.0,-0.2637,2028,0,1048,1,12.3,35,staircase1,no_load,0.0
7.775477,1.354893,shoulder_lift,0.0,-0.2327,0.0,-0.2637,2028,0,1048,0,12.3,35,staircase1,no_load,0.0
7.78661,1.366025,shoulder_lift,0.0,-0.2327,0.0,-0.2637,2028,0,1048,0,12.3,35,staircase1,no_load,0.0
7.797702,1.377118,shoulder_lift,0.0,-0.2327,0.0,-0.2637,2028,0,1048,0,12.3,35,staircase1,no_load,0.0
7.808556,1.387971,shoulder_lift,0.0,-0.2327,0.0,-0.2637,2028,0,1048,0,12.3,35,staircase1,no_load,0.0
7.819482,1.398898,shoulder_lift,0.0,-0.2327,0.0,-0.2637,2028,0,1048,0,12.3,35,staircase1,no_load,0.0
7.830545,1.409961,shoulder_lift,0.0,-0.2327,0.0,-0.2637,2028,0,1048,0,12.3,35,staircase1,no_load,0.0
7.841582,1.420998,shoulder_lift,0.0,-0.2327,0.0,-0.2637,2028,0,1048,0,12.3,35,staircase1,no_load,0.0
7.852702,1.432118,shoulder_lift,0.0,-0.2327,0.0,-0.2637,2028,0,1048,0,12.3,35,staircase1,no_load,0.0
7.863847,1.443262,shoulder_lift,0.0,-0.2327,0.0,-0.2637,2028,0,1048,0,12.3,35,staircase1,no_load,0.0
7.874669,1.454085,shoulder_lift,0.0,-0.2327,0.0,-0.2637,2028,0,1048,1,12.4,35,staircase1,no_load,0.0
7.885557,1.464973,shoulder_lift,0.0,-0.2327,0.0,-0.2637,2028,0,1048,0,12.3,35,staircase1,no_load,0.0
7.896314,1.47573,shoulder_lift,0.0,-0.2327,0.0,-0.2637,2028,0,1048,0,12.3,35,staircase1,no_load,0.0
7.906832,1.486248,shoulder_lift,0.0,-0.2327,0.0,-0.2637,2028,0,1048,0,12.3,35,staircase1,no_load,0.0
7.917508,1.496924,shoulder_lift,0.0,-0.2327,0.0,-0.2637,2028,0,1048,0,12.3,35,staircase1,no_load,0.0
7.92847,1.507886,shoulder_lift,0.0,-0.2327,0.0,-0.2637,2028,0,1048,0,12.3,35,staircase1,no_load,0.0
7.938825,1.518241,shoulder_lift,0.0,-0.2327,0.0,-0.2637,2028,0,1048,0,12.3,35,staircase1,no_load,0.0
7.949988,1.529404,shoulder_lift,0.0,-0.2327,0.0,-0.2637,2028,0,1048,0,12.3,35,staircase1,no_load,0.0
7.960486,1.539902,shoulder_lift,0.0,-0.2327,0.0,-0.2637,2028,0,1048,0,12.3,35,staircase1,no_load,0.0
7.971427,1.550842,shoulder_lift,0.0,-0.2327,0.0,-0.2637,2028,0,1048,0,12.3,35,staircase1,no_load,0.0
7.982105,1.56152,shoulder_lift,0.0,-0.2327,0.0,-0.2637,2028,0,1048,1,12.3,35,staircase1,no_load,0.0
7.992472,1.571887,shoulder_lift,0.0,-0.2327,0.0,-0.2637,2028,0,1048,0,12.3,35,staircase1,no_load,0.0
8.002893,1.582308,shoulder_lift,0.0,-0.2327,0.0,-0.2637,2028,0,1048,0,12.3,35,staircase1,no_load,0.0
8.013318,1.592734,shoulder_lift,0.0,-0.2327,0.0,-0.2637,2028,0,1048,0,12.3,35,staircase1,no_load,0.0
8.024084,2e-06,shoulder_lift,12.5,-0.2327,14.1614,-0.2637,2028,0,1048,0,12.3,35,staircase1,no_load,0.0
8.034895,0.010813,shoulder_lift,12.5,-0.2327,14.1614,-0.2637,2028,0,1052,0,12.3,35,staircase1,no_load,0.0
8.045888,0.021806,shoulder_lift,12.5,-0.2327,14.1614,-0.2637,2028,0,1072,2,12.3,36,staircase1,no_load,0.0
8.056645,0.032562,shoulder_lift,12.5,-0.2327,14.1614,-0.2637,2028,0,1140,5,12.3,36,staircase1,no_load,0.0
8.067762,0.043679,shoulder_lift,12.5,-0.2327,14.1614,-0.2637,2028,0,1224,11,12.3,35,staircase1,no_load,0.0
8.078782,0.0547,shoulder_lift,12.5,-0.0776,14.1614,-0.0879,2030,0,1268,11,12.2,35,staircase1,no_load,15.953
8.089477,0.065395,shoulder_lift,12.5,0.3103,14.1614,0.3516,2035,250,1324,13,12.3,35,staircase1,no_load,41.094
8.10055,0.076468,shoulder_lift,12.5,0.8534,14.1614,0.9668,2042,250,1384,18,12.2,35,staircase1,no_load,55.559
8.111343,0.087261,shoulder_lift,12.5,1.474,14.1614,1.6699,2050,600,1440,21,12.3,35,staircase1,no_load,65.144
8.121969,0.097887,shoulder_lift,12.5,2.2498,14.1614,2.5488,2060,600,1472,22,12.2,35,staircase1,no_load,82.712
8.132718,0.108636,shoulder_lift,12.5,3.1032,14.1614,3.5156,2071,900,1456,17,12.2,35,staircase1,no_load,89.943
8.143375,0.119293,shoulder_lift,12.5,3.9566,14.1614,4.4824,2082,1000,1460,18,12.2,35,staircase1,no_load,90.72
8.154008,0.129926,shoulder_lift,12.5,4.7324,14.1614,5.3613,2092,1000,1404,19,12.3,35,staircase1,no_load,82.658
8.164725,0.140643,shoulder_lift,12.5,5.5081,14.1614,6.2402,2102,950,1392,18,12.2,35,staircase1,no_load,82.01
8.175788,0.151706,shoulder_lift,12.5,6.1288,14.1614,6.9434,2110,950,1336,22,12.3,35,staircase1,no_load,63.563
8.186572,0.16249,shoulder_lift,12.5,6.6718,14.1614,7.5586,2117,700,1288,13,12.2,35,staircase1,no_load,57.047
8.197309,0.173227,shoulder_lift,12.5,7.1373,14.1614,8.0859,2123,700,1264,11,12.2,35,staircase1,no_load,49.111
8.208272,0.18419,shoulder_lift,12.5,7.5252,14.1614,8.5254,2128,500,1248,10,12.2,35,staircase1,no_load,40.089
8.219115,0.195033,shoulder_lift,12.5,7.9131,14.1614,8.9648,2133,500,1228,7,12.3,35,staircase1,no_load,40.524
8.229792,0.20571,shoulder_lift,12.5,8.301,14.1614,9.4043,2138,500,1208,6,12.3,35,staircase1,no_load,41.163
8.240521,0.216438,shoulder_lift,12.5,8.7665,14.1614,9.9316,2144,500,1188,4,12.2,35,staircase1,no_load,49.147
8.251226,0.227144,shoulder_lift,12.5,9.0768,14.1614,10.2832,2148,450,1172,3,12.3,35,staircase1,no_load,32.844
8.261994,0.237912,shoulder_lift,12.5,9.3871,14.1614,10.6348,2152,450,1156,2,12.3,35,staircase1,no_load,32.652
8.272315,0.248232,shoulder_lift,12.5,9.6974,14.1614,10.9863,2156,400,1144,1,12.3,35,staircase1,no_load,34.057
8.283064,0.258981,shoulder_lift,12.5,10.0078,14.1614,11.3379,2160,400,1128,0,12.3,35,staircase1,no_load,32.71
8.293937,0.269855,shoulder_lift,12.5,10.3181,14.1614,11.6895,2164,400,1116,1,12.3,36,staircase1,no_load,32.337
8.304718,0.280636,shoulder_lift,12.5,10.706,14.1614,12.1289,2169,400,1100,0,12.3,35,staircase1,no_load,40.757
8.315244,0.291161,shoulder_lift,12.5,10.9387,14.1614,12.3926,2172,400,1080,0,12.3,35,staircase1,no_load,25.052
8.325531,0.301449,shoulder_lift,12.5,11.3266,14.1614,12.832,2177,400,1060,0,12.3,35,staircase1,no_load,42.714
8.33589,0.311808,shoulder_lift,12.5,11.5593,14.1614,13.0957,2180,400,1052,0,12.3,35,staircase1,no_load,25.456
8.346507,0.322425,shoulder_lift,12.5,11.6369,14.1614,13.1836,2181,200,1048,0,12.3,35,staircase1,no_load,8.279
8.357057,0.332975,shoulder_lift,12.5,11.7145,14.1614,13.2715,2182,200,1064,1,12.3,35,staircase1,no_load,8.332
8.367916,0.343834,shoulder_lift,12.5,11.7145,14.1614,13.2715,2182,50,1064,0,12.3,35,staircase1,no_load,0.0
8.378969,0.354887,shoulder_lift,12.5,11.7921,14.1614,13.3594,2183,50,1064,1,12.3,35,staircase1,no_load,7.953
8.389309,0.365227,shoulder_lift,12.5,11.8697,14.1614,13.4473,2184,100,1064,0,12.4,35,staircase1,no_load,8.501
8.400279,0.376197,shoulder_lift,12.5,11.9472,14.1614,13.5352,2185,100,1060,0,12.3,35,staircase1,no_load,8.013
8.411032,0.38695,shoulder_lift,12.5,11.9472,14.1614,13.5352,2185,50,1060,0,12.3,35,staircase1,no_load,0.0
8.421612,0.39753,shoulder_lift,12.5,12.0248,14.1614,13.623,2186,50,1052,0,12.3,35,staircase1,no_load,8.299
8.432307,0.408225,shoulder_lift,12.5,12.18,14.1614,13.7988,2188,100,20,0,12.3,35,staircase1,no_load,16.438
8.443003,0.41892,shoulder_lift,12.5,12.3351,14.1614,13.9746,2190,100,28,0,12.3,35,staircase1,no_load,16.436
8.454022,0.42994,shoulder_lift,12.5,12.4903,14.1614,14.1504,2192,200,28,1,12.4,35,staircase1,no_load,15.954
8.465063,0.440981,shoulder_lift,12.5,12.5679,14.1614,14.2383,2193,100,28,0,12.3,35,staircase1,no_load,7.961
8.475683,0.4516,shoulder_lift,12.5,12.6455,14.1614,14.3262,2194,100,20,0,12.3,35,staircase1,no_load,8.277
8.486624,0.462542,shoulder_lift,12.5,12.723,14.1614,14.4141,2195,100,32,0,12.3,35,staircase1,no_load,8.034
8.497462,0.47338,shoulder_lift,12.5,12.723,14.1614,14.4141,2195,100,32,0,12.3,35,staircase1,no_load,0.0
8.508495,0.484413,shoulder_lift,12.5,12.723,14.1614,14.4141,2195,0,24,0,12.3,35,staircase1,no_load,0.0
8.519524,0.495442,shoulder_lift,12.5,12.723,14.1614,14.4141,2195,0,24,0,12.3,35,staircase1,no_load,0.0
8.530594,0.506512,shoulder_lift,12.5,12.723,14.1614,14.4141,2195,0,24,0,12.3,35,staircase1,no_load,0.0
8.541576,0.517493,shoulder_lift,12.5,12.723,14.1614,14.4141,2195,0,24,0,12.3,35,staircase1,no_load,0.0
8.552378,0.528296,shoulder_lift,12.5,12.723,14.1614,14.4141,2195,0,24,0,12.3,35,staircase1,no_load,0.0
8.563233,0.539151,shoulder_lift,12.5,12.723,14.1614,14.4141,2195,0,24,0,12.4,35,staircase1,no_load,0.0
8.574266,0.550183,shoulder_lift,12.5,12.723,14.1614,14.4141,2195,0,24,0,12.3,35,staircase1,no_load,0.0
8.585463,0.561381,shoulder_lift,12.5,12.723,14.1614,14.4141,2195,0,24,0,12.3,35,staircase1,no_load,0.0
8.596534,0.572452,shoulder_lift,12.5,12.723,14.1614,14.4141,2195,0,24,0,12.4,35,staircase1,no_load,0.0
8.607146,0.583064,shoulder_lift,12.5,12.723,14.1614,14.4141,2195,0,24,0,12.3,35,staircase1,no_load,0.0
8.618353,0.594271,shoulder_lift,12.5,12.723,14.1614,14.4141,2195,0,24,0,12.3,35,staircase1,no_load,0.0
8.629356,0.605274,shoulder_lift,12.5,12.723,14.1614,14.4141,2195,0,24,0,12.3,35,staircase1,no_load,0.0
8.639759,0.615677,shoulder_lift,12.5,12.723,14.1614,14.4141,2195,0,24,0,12.3,35,staircase1,no_load,0.0
8.650659,0.626577,shoulder_lift,12.5,12.723,14.1614,14.4141,2195,0,24,0,12.3,35,staircase1,no_load,0.0
8.661538,0.637456,shoulder_lift,12.5,12.723,14.1614,14.4141,2195,0,24,0,12.3,35,staircase1,no_load,0.0
8.672163,0.648081,shoulder_lift,12.5,12.723,14.1614,14.4141,2195,0,24,0,12.3,35,staircase1,no_load,0.0
8.683121,0.659039,shoulder_lift,12.5,12.723,14.1614,14.4141,2195,0,24,0,12.3,35,staircase1,no_load,0.0
8.693875,0.669792,shoulder_lift,12.5,12.723,14.1614,14.4141,2195,0,24,0,12.3,35,staircase1,no_load,0.0
8.704297,0.680214,shoulder_lift,12.5,12.723,14.1614,14.4141,2195,0,24,0,12.3,35,staircase1,no_load,0.0
8.714894,0.690812,shoulder_lift,12.5,12.723,14.1614,14.4141,2195,0,24,0,12.3,35,staircase1,no_load,0.0
8.725302,0.70122,shoulder_lift,12.5,12.723,14.1614,14.4141,2195,0,24,0,12.3,35,staircase1,no_load,0.0
8.735629,0.711547,shoulder_lift,12.5,12.723,14.1614,14.4141,2195,0,24,0,12.3,35,staircase1,no_load,0.0
8.746355,0.722272,shoulder_lift,12.5,12.723,14.1614,14.4141,2195,0,24,1,12.3,35,staircase1,no_load,0.0
8.756805,0.732723,shoulder_lift,12.5,12.723,14.1614,14.4141,2195,0,24,0,12.3,35,staircase1,no_load,0.0
8.767055,0.742972,shoulder_lift,12.5,12.723,14.1614,14.4141,2195,0,24,0,12.3,35,staircase1,no_load,0.0
8.777373,0.75329,shoulder_lift,12.5,12.723,14.1614,14.4141,2195,0,24,1,12.3,35,staircase1,no_load,0.0
8.787645,0.763562,shoulder_lift,12.5,12.723,14.1614,14.4141,2195,0,24,1,12.3,35,staircase1,no_load,0.0
8.798284,0.774202,shoulder_lift,12.5,12.723,14.1614,14.4141,2195,0,24,0,12.3,35,staircase1,no_load,0.0
8.808376,0.784294,shoulder_lift,12.5,12.723,14.1614,14.4141,2195,0,24,0,12.3,35,staircase1,no_load,0.0
8.818982,0.7949,shoulder_lift,12.5,12.723,14.1614,14.4141,2195,0,24,0,12.3,35,staircase1,no_load,0.0
8.830076,0.805994,shoulder_lift,12.5,12.723,14.1614,14.4141,2195,0,24,0,12.3,35,staircase1,no_load,0.0
8.84065,0.816567,shoulder_lift,12.5,12.723,14.1614,14.4141,2195,0,24,0,12.3,35,staircase1,no_load,0.0
8.851658,0.827575,shoulder_lift,12.5,12.723,14.1614,14.4141,2195,0,24,0,12.3,35,staircase1,no_load,0.0
8.862019,0.837937,shoulder_lift,12.5,12.723,14.1614,14.4141,2195,0,24,0,12.3,35,staircase1,no_load,0.0
8.872486,0.848404,shoulder_lift,12.5,12.723,14.1614,14.4141,2195,0,24,0,12.3,35,staircase1,no_load,0.0
8.883372,0.85929,shoulder_lift,12.5,12.723,14.1614,14.4141,2195,0,24,0,12.3,35,staircase1,no_load,0.0
8.894484,0.870402,shoulder_lift,12.5,12.723,14.1614,14.4141,2195,0,24,1,12.3,35,staircase1,no_load,0.0
8.905215,0.881133,shoulder_lift,12.5,12.723,14.1614,14.4141,2195,0,24,0,12.3,35,staircase1,no_load,0.0
8.916089,0.892007,shoulder_lift,12.5,12.723,14.1614,14.4141,2195,0,24,1,12.3,35,staircase1,no_load,0.0
8.92686,0.902778,shoulder_lift,12.5,12.723,14.1614,14.4141,2195,0,24,0,12.3,35,staircase1,no_load,0.0
8.937741,0.913659,shoulder_lift,12.5,12.723,14.1614,14.4141,2195,0,24,0,12.3,35,staircase1,no_load,0.0
8.948756,0.924674,shoulder_lift,12.5,12.723,14.1614,14.4141,2195,0,24,0,12.3,35,staircase1,no_load,0.0
8.95903,0.934947,shoulder_lift,12.5,12.723,14.1614,14.4141,2195,0,24,0,12.3,35,staircase1,no_load,0.0
8.969824,0.945741,shoulder_lift,12.5,12.723,14.1614,14.4141,2195,0,24,1,12.3,35,staircase1,no_load,0.0
8.98053,0.956448,shoulder_lift,12.5,12.723,14.1614,14.4141,2195,0,24,0,12.3,35,staircase1,no_load,0.0
8.991521,0.967439,shoulder_lift,12.5,12.723,14.1614,14.4141,2195,0,24,0,12.3,35,staircase1,no_load,0.0
9.002478,0.978396,shoulder_lift,12.5,12.723,14.1614,14.4141,2195,0,24,0,12.3,35,staircase1,no_load,0.0
9.012788,0.988705,shoulder_lift,12.5,12.723,14.1614,14.4141,2195,0,24,0,12.3,35,staircase1,no_load,0.0
9.023794,0.999712,shoulder_lift,12.5,12.723,14.1614,14.4141,2195,0,24,0,12.3,35,staircase1,no_load,0.0
9.034453,1.01037,shoulder_lift,12.5,12.723,14.1614,14.4141,2195,0,24,1,12.3,35,staircase1,no_load,0.0
9.045062,1.02098,shoulder_lift,12.5,12.723,14.1614,14.4141,2195,0,24,0,12.3,35,staircase1,no_load,0.0
9.056043,1.031961,shoulder_lift,12.5,12.723,14.1614,14.4141,2195,0,24,0,12.3,35,staircase1,no_load,0.0
9.066635,1.042552,shoulder_lift,12.5,12.723,14.1614,14.4141,2195,0,24,0,12.4,35,staircase1,no_load,0.0
9.077585,1.053503,shoulder_lift,12.5,12.723,14.1614,14.4141,2195,0,24,0,12.3,35,staircase1,no_load,0.0
9.088162,1.06408,shoulder_lift,12.5,12.723,14.1614,14.4141,2195,0,24,1,12.3,35,staircase1,no_load,0.0
9.09907,1.074988,shoulder_lift,12.5,12.723,14.1614,14.4141,2195,0,24,0,12.3,35,staircase1,no_load,0.0
9.110228,1.086145,shoulder_lift,12.5,12.723,14.1614,14.4141,2195,0,24,0,12.3,35,staircase1,no_load,0.0
9.121078,1.096996,shoulder_lift,12.5,12.723,14.1614,14.4141,2195,0,24,0,12.3,35,staircase1,no_load,0.0
9.131915,1.107833,shoulder_lift,12.5,12.723,14.1614,14.4141,2195,0,24,0,12.3,35,staircase1,no_load,0.0
9.142709,1.118627,shoulder_lift,12.5,12.723,14.1614,14.4141,2195,0,24,0,12.3,35,staircase1,no_load,0.0
9.153507,1.129424,shoulder_lift,12.5,12.723,14.1614,14.4141,2195,0,24,0,12.3,35,staircase1,no_load,0.0
9.164302,1.14022,shoulder_lift,12.5,12.723,14.1614,14.4141,2195,0,24,0,12.3,35,staircase1,no_load,0.0
9.175004,1.150921,shoulder_lift,12.5,12.723,14.1614,14.4141,2195,0,24,0,12.3,35,staircase1,no_load,0.0
9.186062,1.161979,shoulder_lift,12.5,12.723,14.1614,14.4141,2195,0,24,0,12.3,35,staircase1,no_load,0.0
9.196996,1.172913,shoulder_lift,12.5,12.723,14.1614,14.4141,2195,0,24,0,12.3,35,staircase1,no_load,0.0
9.208006,1.183924,shoulder_lift,12.5,12.723,14.1614,14.4141,2195,0,24,0,12.3,35,staircase1,no_load,0.0
9.218738,1.194655,shoulder_lift,12.5,12.723,14.1614,14.4141,2195,0,24,0,12.3,35,staircase1,no_load,0.0
9.228969,1.204887,shoulder_lift,12.5,12.723,14.1614,14.4141,2195,0,24,0,12.3,35,staircase1,no_load,0.0
9.239267,1.215185,shoulder_lift,12.5,12.723,14.1614,14.4141,2195,0,24,0,12.3,35,staircase1,no_load,0.0
9.24955,1.225467,shoulder_lift,12.5,12.723,14.1614,14.4141,2195,0,24,0,12.3,35,staircase1,no_load,0.0
9.260192,1.23611,shoulder_lift,12.5,12.723,14.1614,14.4141,2195,0,24,0,12.3,35,staircase1,no_load,0.0
9.270686,1.246604,shoulder_lift,12.5,12.723,14.1614,14.4141,2195,0,24,0,12.3,35,staircase1,no_load,0.0
9.281176,1.257093,shoulder_lift,12.5,12.723,14.1614,14.4141,2195,0,24,0,12.3,35,staircase1,no_load,0.0
9.291345,1.267263,shoulder_lift,12.5,12.723,14.1614,14.4141,2195,0,24,0,12.3,35,staircase1,no_load,0.0
9.301818,1.277736,shoulder_lift,12.5,12.723,14.1614,14.4141,2195,0,24,1,12.3,35,staircase1,no_load,0.0
9.311947,1.287865,shoulder_lift,12.5,12.723,14.1614,14.4141,2195,0,24,0,12.3,35,staircase1,no_load,0.0
9.322077,1.297995,shoulder_lift,12.5,12.723,14.1614,14.4141,2195,0,24,0,12.3,35,staircase1,no_load,0.0
9.332755,1.308673,shoulder_lift,12.5,12.723,14.1614,14.4141,2195,0,24,0,12.3,35,staircase1,no_load,0.0
9.343002,1.31892,shoulder_lift,12.5,12.723,14.1614,14.4141,2195,0,24,0,12.3,35,staircase1,no_load,0.0
9.353271,1.329189,shoulder_lift,12.5,12.723,14.1614,14.4141,2195,0,24,0,12.4,35,staircase1,no_load,0.0
9.363526,1.339444,shoulder_lift,12.5,12.723,14.1614,14.4141,2195,0,24,0,12.3,35,staircase1,no_load,0.0
9.374085,1.350003,shoulder_lift,12.5,12.723,14.1614,14.4141,2195,0,24,0,12.3,35,staircase1,no_load,0.0
9.384651,1.360569,shoulder_lift,12.5,12.723,14.1614,14.4141,2195,0,24,0,12.3,35,staircase1,no_load,0.0
9.395201,1.371119,shoulder_lift,12.5,12.723,14.1614,14.4141,2195,0,24,0,12.3,35,staircase1,no_load,0.0
9.405397,1.381315,shoulder_lift,12.5,12.723,14.1614,14.4141,2195,0,24,0,12.3,35,staircase1,no_load,0.0
9.415771,1.391688,shoulder_lift,12.5,12.723,14.1614,14.4141,2195,0,24,0,12.3,35,staircase1,no_load,0.0
9.426214,1.402131,shoulder_lift,12.5,12.723,14.1614,14.4141,2195,0,24,0,12.3,35,staircase1,no_load,0.0
9.436808,1.412726,shoulder_lift,12.5,12.723,14.1614,14.4141,2195,0,24,0,12.3,35,staircase1,no_load,0.0
9.446882,1.4228,shoulder_lift,12.5,12.723,14.1614,14.4141,2195,0,24,0,12.4,35,staircase1,no_load,0.0
9.45715,1.433068,shoulder_lift,12.5,12.723,14.1614,14.4141,2195,0,24,0,12.3,35,staircase1,no_load,0.0
9.467357,1.443274,shoulder_lift,12.5,12.723,14.1614,14.4141,2195,0,24,0,12.3,35,staircase1,no_load,0.0
9.477982,1.4539,shoulder_lift,12.5,12.723,14.1614,14.4141,2195,0,24,0,12.3,35,staircase1,no_load,0.0
9.488156,1.464074,shoulder_lift,12.5,12.723,14.1614,14.4141,2195,0,24,0,12.3,35,staircase1,no_load,0.0
9.498347,1.474265,shoulder_lift,12.5,12.723,14.1614,14.4141,2195,0,24,0,12.3,35,staircase1,no_load,0.0
9.508611,1.484529,shoulder_lift,12.5,12.723,14.1614,14.4141,2195,0,24,0,12.3,35,staircase1,no_load,0.0
9.518979,1.494897,shoulder_lift,12.5,12.723,14.1614,14.4141,2195,0,24,0,12.3,35,staircase1,no_load,0.0
9.529537,1.505455,shoulder_lift,12.5,12.723,14.1614,14.4141,2195,0,24,0,12.3,35,staircase1,no_load,0.0
9.540089,1.516006,shoulder_lift,12.5,12.723,14.1614,14.4141,2195,0,24,0,12.3,35,staircase1,no_load,0.0
9.550538,1.526456,shoulder_lift,12.5,12.723,14.1614,14.4141,2195,0,24,0,12.3,35,staircase1,no_load,0.0
9.560965,1.536883,shoulder_lift,12.5,12.723,14.1614,14.4141,2195,0,24,0,12.3,35,staircase1,no_load,0.0
9.571608,1.547525,shoulder_lift,12.5,12.723,14.1614,14.4141,2195,0,24,1,12.3,35,staircase1,no_load,0.0
9.582119,1.558037,shoulder_lift,12.5,12.723,14.1614,14.4141,2195,0,24,0,12.3,35,staircase1,no_load,0.0
9.592928,1.568846,shoulder_lift,12.5,12.723,14.1614,14.4141,2195,0,24,0,12.4,35,staircase1,no_load,0.0
9.603494,1.579412,shoulder_lift,12.5,12.723,14.1614,14.4141,2195,0,24,0,12.3,35,staircase1,no_load,0.0
9.614427,1.590345,shoulder_lift,12.5,12.723,14.1614,14.4141,2195,0,24,0,12.3,35,staircase1,no_load,0.0
9.626312,5e-06,shoulder_lift,25.0,12.723,28.3228,14.4141,2195,0,24,0,12.4,35,staircase1,no_load,0.0
9.636705,0.010398,shoulder_lift,25.0,12.723,28.3228,14.4141,2195,0,20,0,12.3,35,staircase1,no_load,0.0
9.647793,0.021486,shoulder_lift,25.0,12.723,28.3228,14.4141,2195,0,1060,0,12.3,35,staircase1,no_load,0.0
9.658442,0.032135,shoulder_lift,25.0,12.723,28.3228,14.4141,2195,0,1096,2,12.3,35,staircase1,no_load,0.0
9.668853,0.042546,shoulder_lift,25.0,12.8006,28.3228,14.502,2196,0,1184,6,12.3,35,staircase1,no_load,8.443
9.679423,0.053116,shoulder_lift,25.0,12.8782,28.3228,14.5898,2197,0,1232,9,12.2,35,staircase1,no_load,8.307
9.689819,0.063513,shoulder_lift,25.0,13.1109,28.3228,14.8535,2200,150,1316,14,12.3,35,staircase1,no_load,25.366
9.700993,0.074686,shoulder_lift,25.0,13.2661,28.3228,15.0293,2202,250,1380,23,12.2,35,staircase1,no_load,15.733
9.711471,0.085164,shoulder_lift,25.0,13.9643,28.3228,15.8203,2211,250,1444,23,12.3,35,staircase1,no_load,75.492
9.722184,0.095877,shoulder_lift,25.0,14.8177,28.3228,16.7871,2222,950,1476,12,12.2,35,staircase1,no_load,90.245
9.73281,0.106503,shoulder_lift,25.0,15.7486,28.3228,17.8418,2234,950,1444,8,12.2,35,staircase1,no_load,99.257
9.743211,0.116904,shoulder_lift,25.0,16.3693,28.3228,18.5449,2242,950,1416,4,12.3,35,staircase1,no_load,67.599
9.75364,0.127333,shoulder_lift,25.0,17.3002,28.3228,19.5996,2254,950,1404,8,12.2,35,staircase1,no_load,101.131
9.764274,0.137968,shoulder_lift,25.0,18.1536,28.3228,20.5664,2265,1050,1344,4,12.3,36,staircase1,no_load,90.916
9.774629,0.148322,shoulder_lift,25.0,18.8518,28.3228,21.3574,2274,1050,1324,8,12.3,35,staircase1,no_load,76.388
9.785106,0.158799,shoulder_lift,25.0,19.3949,28.3228,21.9727,2281,850,1268,8,12.3,35,staircase1,no_load,58.729
9.795618,0.169311,shoulder_lift,25.0,19.8604,28.3228,22.5,2287,850,1248,11,12.3,35,staircase1,no_load,50.162
9.805867,0.17956,shoulder_lift,25.0,20.1707,28.3228,22.8516,2291,550,1244,17,12.3,36,staircase1,no_load,34.306
9.81618,0.189873,shoulder_lift,25.0,20.481,28.3228,23.2031,2295,550,1232,10,12.3,35,staircase1,no_load,34.083
9.826552,0.200245,shoulder_lift,25.0,20.7137,28.3228,23.4668,2298,300,1224,10,12.3,35,staircase1,no_load,25.424
9.836971,0.210664,shoulder_lift,25.0,20.9465,28.3228,23.7305,2301,300,1216,8,12.3,35,staircase1,no_load,25.31
9.847315,0.221008,shoulder_lift,25.0,21.2568,28.3228,24.082,2305,350,1204,7,12.3,35,staircase1,no_load,33.981
9.857683,0.231376,shoulder_lift,25.0,21.5671,28.3228,24.4336,2309,350,1188,5,12.3,56,staircase1,no_load,33.912
9.868111,0.241805,shoulder_lift,25.0,21.7998,28.3228,24.6973,2312,350,1164,4,12.3,35,staircase1,no_load,25.288
9.87828,0.251973,shoulder_lift,25.0,22.1102,28.3228,25.0488,2316,350,1152,3,12.3,35,staircase1,no_load,34.566
9.889052,0.262745,shoulder_lift,25.0,22.3429,28.3228,25.3125,2319,350,1144,2,12.3,35,staircase1,no_load,24.48
9.899347,0.27304,shoulder_lift,25.0,22.6532,28.3228,25.6641,2323,350,1132,1,12.3,35,staircase1,no_load,34.153
9.909591,0.283284,shoulder_lift,25.0,22.886,28.3228,25.9277,2326,350,1116,1,12.3,35,staircase1,no_load,25.732
9.919758,0.293451,shoulder_lift,25.0,23.1187,28.3228,26.1914,2329,350,1104,1,12.3,36,staircase1,no_load,25.937
9.930118,0.303811,shoulder_lift,25.0,23.3514,28.3228,26.4551,2332,250,1100,0,12.3,35,staircase1,no_load,25.454
9.940324,0.314017,shoulder_lift,25.0,23.5842,28.3228,26.7188,2335,250,1088,0,12.4,35,staircase1,no_load,25.838
9.9507,0.324393,shoulder_lift,25.0,23.8945,28.3228,27.0703,2339,300,1060,0,12.3,36,staircase1,no_load,33.876
9.960812,0.334505,shoulder_lift,25.0,24.0497,28.3228,27.2461,2341,300,1056,0,12.3,35,staircase1,no_load,17.385
9.970984,0.344678,shoulder_lift,25.0,24.2048,28.3228,27.4219,2343,300,1056,0,12.3,35,staircase1,no_load,17.283
9.9813,0.354993,shoulder_lift,25.0,24.2824,28.3228,27.5098,2344,150,1052,0,12.3,35,staircase1,no_load,8.521
9.991438,0.365131,shoulder_lift,25.0,24.2824,28.3228,27.5098,2344,150,1064,0,12.3,35,staircase1,no_load,0.0
10.001804,0.375497,shoulder_lift,25.0,24.36,28.3228,27.5977,2345,50,1060,1,12.3,35,staircase1,no_load,8.48
10.012066,0.385759,shoulder_lift,25.0,24.5927,28.3228,27.8613,2348,50,1044,0,12.4,35,staircase1,no_load,25.687
10.022235,0.395928,shoulder_lift,25.0,24.903,28.3228,28.2129,2352,350,24,0,12.3,35,staircase1,no_load,34.576
10.032609,0.406302,shoulder_lift,25.0,25.1358,28.3228,28.4766,2355,350,48,0,12.3,35,staircase1,no_load,25.419
10.043012,0.416705,shoulder_lift,25.0,25.2909,28.3228,28.6523,2357,250,52,1,12.3,35,staircase1,no_load,16.889
10.053545,0.427238,shoulder_lift,25.0,25.2909,28.3228,28.6523,2357,250,40,1,12.3,35,staircase1,no_load,0.0
10.064015,0.437708,shoulder_lift,25.0,25.3685,28.3228,28.7402,2358,50,36,1,12.3,35,staircase1,no_load,8.395
10.074448,0.448141,shoulder_lift,25.0,25.4461,28.3228,28.8281,2359,50,40,1,12.3,35,staircase1,no_load,8.425
10.084882,0.458575,shoulder_lift,25.0,25.4461,28.3228,28.8281,2359,50,40,1,12.3,35,staircase1,no_load,0.0
10.095275,0.468968,shoulder_lift,25.0,25.4461,28.3228,28.8281,2359,50,40,0,12.3,35,staircase1,no_load,0.0
10.10563,0.479323,shoulder_lift,25.0,25.4461,28.3228,28.8281,2359,0,36,0,12.3,35,staircase1,no_load,0.0
10.11588,0.489573,shoulder_lift,25.0,25.4461,28.3228,28.8281,2359,0,36,1,12.3,35,staircase1,no_load,0.0
10.126519,0.500212,shoulder_lift,25.0,25.4461,28.3228,28.8281,2359,0,36,1,12.3,35,staircase1,no_load,0.0
10.137108,0.510801,shoulder_lift,25.0,25.4461,28.3228,28.8281,2359,0,36,0,12.3,35,staircase1,no_load,0.0
10.147749,0.521442,shoulder_lift,25.0,25.5237,28.3228,28.916,2360,0,44,1,12.3,35,staircase1,no_load,8.261
10.158347,0.53204,shoulder_lift,25.0,25.5237,28.3228,28.916,2360,0,44,1,12.3,35,staircase1,no_load,0.0
10.168914,0.542607,shoulder_lift,25.0,25.5237,28.3228,28.916,2360,50,40,1,12.3,35,staircase1,no_load,0.0
10.179302,0.552995,shoulder_lift,25.0,25.6012,28.3228,29.0039,2361,50,44,1,12.3,35,staircase1,no_load,8.462
10.189823,0.563516,shoulder_lift,25.0,25.6012,28.3228,29.0039,2361,50,48,1,12.3,35,staircase1,no_load,0.0
10.200438,0.574131,shoulder_lift,25.0,25.6012,28.3228,29.0039,2361,50,48,1,12.3,35,staircase1,no_load,0.0
10.210852,0.584545,shoulder_lift,25.0,25.6012,28.3228,29.0039,2361,0,44,0,12.3,35,staircase1,no_load,0.0
10.221322,0.595015,shoulder_lift,25.0,25.6012,28.3228,29.0039,2361,0,44,1,12.3,35,staircase1,no_load,0.0
10.231608,0.605301,shoulder_lift,25.0,25.6012,28.3228,29.0039,2361,0,44,1,12.3,35,staircase1,no_load,0.0
10.241898,0.615591,shoulder_lift,25.0,25.6012,28.3228,29.0039,2361,0,44,1,12.3,35,staircase1,no_load,0.0
10.252279,0.625972,shoulder_lift,25.0,25.6012,28.3228,29.0039,2361,0,44,1,12.3,35,staircase1,no_load,0.0
10.26272,0.636414,shoulder_lift,25.0,25.6012,28.3228,29.0039,2361,0,44,1,12.3,35,staircase1,no_load,0.0
10.272925,0.646618,shoulder_lift,25.0,25.6012,28.3228,29.0039,2361,0,44,1,12.3,35,staircase1,no_load,0.0
10.283483,0.657176,shoulder_lift,25.0,25.6012,28.3228,29.0039,2361,0,44,0,12.3,35,staircase1,no_load,0.0
10.29385,0.667543,shoulder_lift,25.0,25.6012,28.3228,29.0039,2361,0,44,1,12.3,35,staircase1,no_load,0.0
10.304171,0.677864,shoulder_lift,25.0,25.6012,28.3228,29.0039,2361,0,44,1,12.3,35,staircase1,no_load,0.0
10.314744,0.688438,shoulder_lift,25.0,25.6012,28.3228,29.0039,2361,0,44,1,12.3,35,staircase1,no_load,0.0
10.325329,0.699022,shoulder_lift,25.0,25.6012,28.3228,29.0039,2361,0,44,1,12.3,35,staircase1,no_load,0.0
10.335593,0.709286,shoulder_lift,25.0,25.6012,28.3228,29.0039,2361,0,44,1,12.3,35,staircase1,no_load,0.0
10.345893,0.719586,shoulder_lift,25.0,25.6012,28.3228,29.0039,2361,0,44,1,12.3,35,staircase1,no_load,0.0
10.356314,0.730007,shoulder_lift,25.0,25.6012,28.3228,29.0039,2361,0,44,1,12.3,35,staircase1,no_load,0.0
10.366408,0.740101,shoulder_lift,25.0,25.6012,28.3228,29.0039,2361,0,44,1,12.3,35,staircase1,no_load,0.0
10.376527,0.75022,shoulder_lift,25.0,25.6012,28.3228,29.0039,2361,0,44,0,12.3,35,staircase1,no_load,0.0
10.38748,0.761173,shoulder_lift,25.0,25.6012,28.3228,29.0039,2361,0,44,1,12.3,35,staircase1,no_load,0.0
10.397751,0.771445,shoulder_lift,25.0,25.6012,28.3228,29.0039,2361,0,44,1,12.3,36,staircase1,no_load,0.0
10.408122,0.781815,shoulder_lift,25.0,25.6012,28.3228,29.0039,2361,0,44,1,12.3,35,staircase1,no_load,0.0
10.418834,0.792527,shoulder_lift,25.0,25.6012,28.3228,29.0039,2361,0,44,1,12.3,35,staircase1,no_load,0.0
10.429528,0.803221,shoulder_lift,25.0,25.6012,28.3228,29.0039,2361,0,44,1,12.3,35,staircase1,no_load,0.0
10.440128,0.813821,shoulder_lift,25.0,25.6012,28.3228,29.0039,2361,0,44,1,12.3,35,staircase1,no_load,0.0
10.450658,0.824351,shoulder_lift,25.0,25.6012,28.3228,29.0039,2361,0,44,0,12.3,35,staircase1,no_load,0.0
10.460922,0.834615,shoulder_lift,25.0,25.6012,28.3228,29.0039,2361,0,44,1,12.3,35,staircase1,no_load,0.0
10.471329,0.845022,shoulder_lift,25.0,25.6012,28.3228,29.0039,2361,0,44,0,12.3,35,staircase1,no_load,0.0
10.482048,0.855741,shoulder_lift,25.0,25.6012,28.3228,29.0039,2361,0,44,1,12.3,35,staircase1,no_load,0.0
10.492476,0.866169,shoulder_lift,25.0,25.6012,28.3228,29.0039,2361,0,44,1,12.3,35,staircase1,no_load,0.0
10.503303,0.876996,shoulder_lift,25.0,25.6012,28.3228,29.0039,2361,0,44,1,12.3,35,staircase1,no_load,0.0
10.514005,0.887698,shoulder_lift,25.0,25.6012,28.3228,29.0039,2361,0,44,1,12.3,35,staircase1,no_load,0.0
10.524808,0.898501,shoulder_lift,25.0,25.6012,28.3228,29.0039,2361,0,44,1,12.3,35,staircase1,no_load,0.0
10.535516,0.909209,shoulder_lift,25.0,25.6012,28.3228,29.0039,2361,0,44,1,12.3,35,staircase1,no_load,0.0
10.546637,0.92033,shoulder_lift,25.0,25.6012,28.3228,29.0039,2361,0,44,1,12.3,35,staircase1,no_load,0.0
10.55739,0.931083,shoulder_lift,25.0,25.6012,28.3228,29.0039,2361,0,44,1,12.4,35,staircase1,no_load,0.0
10.567673,0.941366,shoulder_lift,25.0,25.6012,28.3228,29.0039,2361,0,44,1,12.3,35,staircase1,no_load,0.0
10.578131,0.951824,shoulder_lift,25.0,25.6012,28.3228,29.0039,2361,0,44,0,12.3,35,staircase1,no_load,0.0
10.588586,0.962279,shoulder_lift,25.0,25.6012,28.3228,29.0039,2361,0,44,1,12.3,35,staircase1,no_load,0.0
10.599644,0.973337,shoulder_lift,25.0,25.6012,28.3228,29.0039,2361,0,44,1,12.3,35,staircase1,no_load,0.0
10.610639,0.984332,shoulder_lift,25.0,25.6012,28.3228,29.0039,2361,0,44,1,12.3,35,staircase1,no_load,0.0
10.620867,0.99456,shoulder_lift,25.0,25.6012,28.3228,29.0039,2361,0,44,1,12.3,35,staircase1,no_load,0.0
10.631611,1.005305,shoulder_lift,25.0,25.6012,28.3228,29.0039,2361,0,44,1,12.3,35,staircase1,no_load,0.0
10.642039,1.015732,shoulder_lift,25.0,25.6012,28.3228,29.0039,2361,0,44,1,12.3,35,staircase1,no_load,0.0
10.652889,1.026582,shoulder_lift,25.0,25.6012,28.3228,29.0039,2361,0,44,1,12.3,35,staircase1,no_load,0.0
10.663523,1.037216,shoulder_lift,25.0,25.6012,28.3228,29.0039,2361,0,44,1,12.3,35,staircase1,no_load,0.0
10.673959,1.047652,shoulder_lift,25.0,25.6012,28.3228,29.0039,2361,0,44,1,12.4,35,staircase1,no_load,0.0
10.684935,1.058628,shoulder_lift,25.0,25.6012,28.3228,29.0039,2361,0,44,1,12.3,35,staircase1,no_load,0.0
10.695825,1.069518,shoulder_lift,25.0,25.6012,28.3228,29.0039,2361,0,44,1,12.3,35,staircase1,no_load,0.0
10.706491,1.080184,shoulder_lift,25.0,25.6012,28.3228,29.0039,2361,0,44,1,12.3,35,staircase1,no_load,0.0
10.717534,1.091227,shoulder_lift,25.0,25.6012,28.3228,29.0039,2361,0,44,1,12.3,35,staircase1,no_load,0.0
10.728453,1.102146,shoulder_lift,25.0,25.6012,28.3228,29.0039,2361,0,44,1,12.3,35,staircase1,no_load,0.0
10.739252,1.112945,shoulder_lift,25.0,25.6012,28.3228,29.0039,2361,0,44,1,12.3,35,staircase1,no_load,0.0
10.750376,1.124069,shoulder_lift,25.0,25.6012,28.3228,29.0039,2361,0,44,1,12.3,35,staircase1,no_load,0.0
10.761497,1.13519,shoulder_lift,25.0,25.6012,28.3228,29.0039,2361,0,44,1,12.3,35,staircase1,no_load,0.0
10.7723,1.145993,shoulder_lift,25.0,25.6012,28.3228,29.0039,2361,0,44,1,12.3,35,staircase1,no_load,0.0
10.783406,1.157099,shoulder_lift,25.0,25.6012,28.3228,29.0039,2361,0,44,1,12.3,35,staircase1,no_load,0.0
10.794493,1.168186,shoulder_lift,25.0,25.6012,28.3228,29.0039,2361,0,44,0,12.3,35,staircase1,no_load,0.0
10.805118,1.178811,shoulder_lift,25.0,25.6012,28.3228,29.0039,2361,0,44,1,12.3,35,staircase1,no_load,0.0
10.815973,1.189666,shoulder_lift,25.0,25.6012,28.3228,29.0039,2361,0,44,1,12.3,35,staircase1,no_load,0.0
10.827112,1.200805,shoulder_lift,25.0,25.6012,28.3228,29.0039,2361,0,44,1,12.3,35,staircase1,no_load,0.0
10.837509,1.211202,shoulder_lift,25.0,25.6012,28.3228,29.0039,2361,0,44,1,12.3,35,staircase1,no_load,0.0
10.848332,1.222026,shoulder_lift,25.0,25.6012,28.3228,29.0039,2361,0,44,1,12.3,35,staircase1,no_load,0.0
10.859375,1.233068,shoulder_lift,25.0,25.6012,28.3228,29.0039,2361,0,44,0,12.3,35,staircase1,no_load,0.0
10.870563,1.244256,shoulder_lift,25.0,25.6012,28.3228,29.0039,2361,0,44,1,12.3,35,staircase1,no_load,0.0
10.881739,1.255432,shoulder_lift,25.0,25.6012,28.3228,29.0039,2361,0,44,0,12.3,35,staircase1,no_load,0.0
10.892769,1.266462,shoulder_lift,25.0,25.6012,28.3228,29.0039,2361,0,44,0,12.3,35,staircase1,no_load,0.0
10.903922,1.277615,shoulder_lift,25.0,25.6012,28.3228,29.0039,2361,0,44,1,12.3,35,staircase1,no_load,0.0
10.91475,1.288443,shoulder_lift,25.0,25.6012,28.3228,29.0039,2361,0,44,1,12.3,35,staircase1,no_load,0.0
10.925599,1.299292,shoulder_lift,25.0,25.6012,28.3228,29.0039,2361,0,44,1,12.3,35,staircase1,no_load,0.0
10.936693,1.310387,shoulder_lift,25.0,25.6012,28.3228,29.0039,2361,0,44,0,12.3,35,staircase1,no_load,0.0
10.947704,1.321397,shoulder_lift,25.0,25.6012,28.3228,29.0039,2361,0,44,1,12.3,35,staircase1,no_load,0.0
10.958042,1.331735,shoulder_lift,25.0,25.6012,28.3228,29.0039,2361,0,44,0,12.3,35,staircase1,no_load,0.0
10.968767,1.342461,shoulder_lift,25.0,25.6012,28.3228,29.0039,2361,0,44,0,12.3,35,staircase1,no_load,0.0
10.979876,1.353569,shoulder_lift,25.0,25.6012,28.3228,29.0039,2361,0,44,1,12.3,35,staircase1,no_load,0.0
10.990474,1.364167,shoulder_lift,25.0,25.6012,28.3228,29.0039,2361,0,44,1,12.3,35,staircase1,no_load,0.0
11.00145,1.375143,shoulder_lift,25.0,25.6012,28.3228,29.0039,2361,0,44,1,12.3,35,staircase1,no_load,0.0
11.011655,1.385348,shoulder_lift,25.0,25.6012,28.3228,29.0039,2361,0,44,0,12.3,35,staircase1,no_load,0.0
11.022471,1.396164,shoulder_lift,25.0,25.6012,28.3228,29.0039,2361,0,44,1,12.3,35,staircase1,no_load,0.0
11.033105,1.406798,shoulder_lift,25.0,25.6012,28.3228,29.0039,2361,0,44,1,12.3,35,staircase1,no_load,0.0
11.043318,1.417011,shoulder_lift,25.0,25.6012,28.3228,29.0039,2361,0,44,1,12.3,35,staircase1,no_load,0.0
11.053946,1.427639,shoulder_lift,25.0,25.6012,28.3228,29.0039,2361,0,44,1,12.3,35,staircase1,no_load,0.0
11.064267,1.437961,shoulder_lift,25.0,25.6012,28.3228,29.0039,2361,0,44,1,12.3,35,staircase1,no_load,0.0
11.075064,1.448757,shoulder_lift,25.0,25.6012,28.3228,29.0039,2361,0,44,1,12.3,35,staircase1,no_load,0.0
11.086061,1.459754,shoulder_lift,25.0,25.6012,28.3228,29.0039,2361,0,44,1,12.3,35,staircase1,no_load,0.0
11.096204,1.469897,shoulder_lift,25.0,25.6012,28.3228,29.0039,2361,0,44,0,12.3,35,staircase1,no_load,0.0
11.107231,1.480924,shoulder_lift,25.0,25.6012,28.3228,29.0039,2361,0,44,1,12.3,35,staircase1,no_load,0.0
11.118151,1.491844,shoulder_lift,25.0,25.6012,28.3228,29.0039,2361,0,44,1,12.3,35,staircase1,no_load,0.0
11.129145,1.502838,shoulder_lift,25.0,25.6012,28.3228,29.0039,2361,0,44,1,12.3,35,staircase1,no_load,0.0
11.140144,1.513838,shoulder_lift,25.0,25.6012,28.3228,29.0039,2361,0,44,1,12.3,35,staircase1,no_load,0.0
11.15122,1.524913,shoulder_lift,25.0,25.6012,28.3228,29.0039,2361,0,44,1,12.3,35,staircase1,no_load,0.0
11.162312,1.536006,shoulder_lift,25.0,25.6012,28.3228,29.0039,2361,0,44,1,12.3,35,staircase1,no_load,0.0
11.173203,1.546896,shoulder_lift,25.0,25.6012,28.3228,29.0039,2361,0,44,1,12.3,35,staircase1,no_load,0.0
11.184233,1.557926,shoulder_lift,25.0,25.6012,28.3228,29.0039,2361,0,44,0,12.3,35,staircase1,no_load,0.0
11.195374,1.569067,shoulder_lift,25.0,25.6012,28.3228,29.0039,2361,0,44,0,12.3,35,staircase1,no_load,0.0
11.205934,1.579627,shoulder_lift,25.0,25.6012,28.3228,29.0039,2361,0,44,1,12.3,35,staircase1,no_load,0.0
11.21693,1.590623,shoulder_lift,25.0,25.6012,28.3228,29.0039,2361,0,44,1,12.3,35,staircase1,no_load,0.0
11.228847,4e-06,shoulder_lift,37.5,25.6012,42.4841,29.0039,2361,0,44,0,12.3,35,staircase1,no_load,0.0
11.239882,0.011039,shoulder_lift,37.5,25.6012,42.4841,29.0039,2361,0,36,0,12.3,35,staircase1,no_load,0.0
11.250793,0.02195,shoulder_lift,37.5,25.6012,42.4841,29.0039,2361,0,1052,0,12.3,35,staircase1,no_load,0.0
11.261553,0.03271,shoulder_lift,37.5,25.6012,42.4841,29.0039,2361,0,1104,2,12.3,35,staircase1,no_load,0.0
11.272507,0.043664,shoulder_lift,37.5,25.6788,42.4841,29.0918,2362,0,1148,4,12.3,35,staircase1,no_load,8.024
11.283287,0.054444,shoulder_lift,37.5,25.834,42.4841,29.2676,2364,100,1236,8,12.3,35,staircase1,no_load,16.308
11.294067,0.065224,shoulder_lift,37.5,26.1443,42.4841,29.6191,2368,100,1284,10,12.2,35,staircase1,no_load,32.607
11.304296,0.075453,shoulder_lift,37.5,26.6098,42.4841,30.1465,2374,400,1348,13,12.3,35,staircase1,no_load,51.559
11.314874,0.086031,shoulder_lift,37.5,27.2304,42.4841,30.8496,2382,400,1400,14,12.2,35,staircase1,no_load,66.468
11.325234,0.096391,shoulder_lift,37.5,27.9286,42.4841,31.6406,2391,750,1420,12,12.2,35,staircase1,no_load,76.351
11.335531,0.106688,shoulder_lift,37.5,28.7044,42.4841,32.5195,2401,750,1436,11,12.2,35,staircase1,no_load,85.355
11.345909,0.117066,shoulder_lift,37.5,29.6354,42.4841,33.5742,2413,1000,1384,2,12.3,36,staircase1,no_load,101.628
11.356274,0.127431,shoulder_lift,37.5,30.4888,42.4841,34.541,2424,1000,1376,3,12.3,35,staircase1,no_load,93.275
11.366583,0.13774,shoulder_lift,37.5,31.2645,42.4841,35.4199,2434,1050,1320,0,12.3,35,staircase1,no_load,85.256
11.377226,0.148383,shoulder_lift,37.5,32.1179,42.4841,36.3867,2445,1050,1292,0,12.3,35,staircase1,no_load,90.839
11.387808,0.158965,shoulder_lift,37.5,32.9713,42.4841,37.3535,2456,1000,1212,0,12.3,35,staircase1,no_load,91.363
11.39824,0.169397,shoulder_lift,37.5,33.5919,42.4841,38.0566,2464,900,1180,0,12.3,35,staircase1,no_load,67.398
11.409256,0.180413,shoulder_lift,37.5,34.135,42.4841,38.6719,2471,900,1136,0,12.3,35,staircase1,no_load,55.855
11.41998,0.191137,shoulder_lift,37.5,34.6005,42.4841,39.1992,2477,550,1116,0,12.3,35,staircase1,no_load,49.17
11.430759,0.201916,shoulder_lift,37.5,34.9108,42.4841,39.5508,2481,550,1128,0,12.3,36,staircase1,no_load,32.619
11.441792,0.212949,shoulder_lift,37.5,35.2211,42.4841,39.9023,2485,400,1124,1,12.3,35,staircase1,no_load,31.859
11.452749,0.223906,shoulder_lift,37.5,35.4538,42.4841,40.166,2488,400,1112,1,12.3,35,staircase1,no_load,24.067
11.463372,0.234529,shoulder_lift,37.5,35.609,42.4841,40.3418,2490,300,1108,1,12.3,35,staircase1,no_load,16.549
11.47374,0.244897,shoulder_lift,37.5,35.8417,42.4841,40.6055,2493,300,1096,0,12.3,35,staircase1,no_load,25.434
11.484619,0.255777,shoulder_lift,37.5,36.0745,42.4841,40.8691,2496,250,1080,0,12.3,35,staircase1,no_load,24.23
11.495583,0.26674,shoulder_lift,37.5,36.4624,42.4841,41.3086,2501,250,1064,0,12.3,35,staircase1,no_load,40.086
11.50624,0.277397,shoulder_lift,37.5,36.6951,42.4841,41.5723,2504,350,1044,0,12.3,35,staircase1,no_load,24.744
11.517065,0.288222,shoulder_lift,37.5,36.7727,42.4841,41.6602,2505,350,0,0,12.3,35,staircase1,no_load,8.12
11.528042,0.299199,shoulder_lift,37.5,36.8503,42.4841,41.748,2506,150,1064,0,12.3,35,staircase1,no_load,7.999
11.538478,0.309635,shoulder_lift,37.5,36.8503,42.4841,41.748,2506,50,1064,0,12.3,35,staircase1,no_load,0.0
11.549327,0.320484,shoulder_lift,37.5,36.8503,42.4841,41.748,2506,50,1064,0,12.3,35,staircase1,no_load,0.0
11.560439,0.331597,shoulder_lift,37.5,37.1606,42.4841,42.0996,2510,150,1048,0,12.4,34,staircase1,no_load,31.641
11.570895,0.342053,shoulder_lift,37.5,37.3933,42.4841,42.3633,2513,150,32,0,12.3,35,staircase1,no_load,25.22
11.581543,0.3527,shoulder_lift,37.5,37.6261,42.4841,42.627,2516,300,36,1,12.3,35,staircase1,no_load,24.765
11.592121,0.363278,shoulder_lift,37.5,37.7036,42.4841,42.7148,2517,300,40,1,12.3,35,staircase1,no_load,8.3
11.603294,0.374451,shoulder_lift,37.5,37.7036,42.4841,42.7148,2517,100,28,0,12.3,35,staircase1,no_load,0.0
11.614274,0.385432,shoulder_lift,37.5,37.7036,42.4841,42.7148,2517,100,28,0,12.3,35,staircase1,no_load,0.0
11.624874,0.396031,shoulder_lift,37.5,37.7036,42.4841,42.7148,2517,0,24,0,12.3,35,staircase1,no_load,0.0
11.635851,0.407008,shoulder_lift,37.5,37.6261,42.4841,42.627,2516,0,20,0,12.3,35,staircase1,no_load,-7.999
11.646639,0.417796,shoulder_lift,37.5,37.6261,42.4841,42.627,2516,-50,0,0,12.3,35,staircase1,no_load,0.0
11.657588,0.428745,shoulder_lift,37.5,37.6261,42.4841,42.627,2516,0,0,0,12.3,35,staircase1,no_load,0.0
11.667864,0.439021,shoulder_lift,37.5,37.6261,42.4841,42.627,2516,0,20,0,12.3,35,staircase1,no_load,0.0
11.678655,0.449812,shoulder_lift,37.5,37.6261,42.4841,42.627,2516,0,20,0,12.3,35,staircase1,no_load,0.0
11.68957,0.460727,shoulder_lift,37.5,37.6261,42.4841,42.627,2516,0,20,0,12.3,35,staircase1,no_load,0.0
11.700106,0.471263,shoulder_lift,37.5,37.6261,42.4841,42.627,2516,0,20,0,12.3,35,staircase1,no_load,0.0
11.711231,0.482389,shoulder_lift,37.5,37.6261,42.4841,42.627,2516,0,20,0,12.3,35,staircase1,no_load,0.0
11.722049,0.493206,shoulder_lift,37.5,37.6261,42.4841,42.627,2516,0,20,0,12.3,35,staircase1,no_load,0.0
11.73297,0.504127,shoulder_lift,37.5,37.6261,42.4841,42.627,2516,0,20,0,12.3,35,staircase1,no_load,0.0
11.743773,0.51493,shoulder_lift,37.5,37.6261,42.4841,42.627,2516,0,20,0,12.3,35,staircase1,no_load,0.0
11.754231,0.525388,shoulder_lift,37.5,37.6261,42.4841,42.627,2516,0,20,0,12.3,35,staircase1,no_load,0.0
11.765308,0.536465,shoulder_lift,37.5,37.6261,42.4841,42.627,2516,0,20,0,12.3,35,staircase1,no_load,0.0
11.776374,0.547532,shoulder_lift,37.5,37.6261,42.4841,42.627,2516,0,20,0,12.3,35,staircase1,no_load,0.0
11.787005,0.558162,shoulder_lift,37.5,37.6261,42.4841,42.627,2516,0,20,0,12.2,35,staircase1,no_load,0.0
11.798047,0.569204,shoulder_lift,37.5,37.6261,42.4841,42.627,2516,0,20,0,12.3,35,staircase1,no_load,0.0
11.808289,0.579446,shoulder_lift,37.5,37.6261,42.4841,42.627,2516,0,20,0,12.3,35,staircase1,no_load,0.0
11.818408,0.589565,shoulder_lift,37.5,37.6261,42.4841,42.627,2516,0,20,0,12.3,35,staircase1,no_load,0.0
11.828768,0.599926,shoulder_lift,37.5,37.6261,42.4841,42.627,2516,0,20,0,12.3,35,staircase1,no_load,0.0
11.839342,0.610499,shoulder_lift,37.5,37.6261,42.4841,42.627,2516,0,20,0,12.3,35,staircase1,no_load,0.0
11.850409,0.621566,shoulder_lift,37.5,37.6261,42.4841,42.627,2516,0,20,0,12.3,35,staircase1,no_load,0.0
11.861367,0.632524,shoulder_lift,37.5,37.6261,42.4841,42.627,2516,0,20,0,12.3,35,staircase1,no_load,0.0
11.872135,0.643292,shoulder_lift,37.5,37.6261,42.4841,42.627,2516,0,20,0,12.3,35,staircase1,no_load,0.0
11.883016,0.654173,shoulder_lift,37.5,37.6261,42.4841,42.627,2516,0,20,0,12.4,35,staircase1,no_load,0.0
11.893997,0.665154,shoulder_lift,37.5,37.6261,42.4841,42.627,2516,0,20,0,12.3,35,staircase1,no_load,0.0
11.90454,0.675697,shoulder_lift,37.5,37.6261,42.4841,42.627,2516,0,20,0,12.3,35,staircase1,no_load,0.0
11.915304,0.686461,shoulder_lift,37.5,37.6261,42.4841,42.627,2516,0,20,0,12.3,35,staircase1,no_load,0.0
11.926318,0.697475,shoulder_lift,37.5,37.6261,42.4841,42.627,2516,0,20,0,12.3,35,staircase1,no_load,0.0
11.937096,0.708253,shoulder_lift,37.5,37.6261,42.4841,42.627,2516,0,20,0,12.3,35,staircase1,no_load,0.0
11.947782,0.718939,shoulder_lift,37.5,37.6261,42.4841,42.627,2516,0,20,0,12.3,35,staircase1,no_load,0.0
11.958107,0.729264,shoulder_lift,37.5,37.6261,42.4841,42.627,2516,0,20,0,12.3,35,staircase1,no_load,0.0
11.968993,0.74015,shoulder_lift,37.5,37.6261,42.4841,42.627,2516,0,20,0,12.3,35,staircase1,no_load,0.0
11.979845,0.751002,shoulder_lift,37.5,37.6261,42.4841,42.627,2516,0,20,0,12.3,35,staircase1,no_load,0.0
11.990928,0.762085,shoulder_lift,37.5,37.6261,42.4841,42.627,2516,0,20,0,12.3,35,staircase1,no_load,0.0
12.001862,0.773019,shoulder_lift,37.5,37.6261,42.4841,42.627,2516,0,20,0,12.3,35,staircase1,no_load,0.0
12.012149,0.783306,shoulder_lift,37.5,37.6261,42.4841,42.627,2516,0,20,0,12.3,35,staircase1,no_load,0.0
12.023092,0.794249,shoulder_lift,37.5,37.6261,42.4841,42.627,2516,0,20,0,12.3,35,staircase1,no_load,0.0
12.03359,0.804747,shoulder_lift,37.5,37.6261,42.4841,42.627,2516,0,20,0,12.3,35,staircase1,no_load,0.0
12.044305,0.815462,shoulder_lift,37.5,37.6261,42.4841,42.627,2516,0,20,0,12.3,36,staircase1,no_load,0.0
12.054601,0.825758,shoulder_lift,37.5,37.6261,42.4841,42.627,2516,0,20,0,12.4,35,staircase1,no_load,0.0
12.065311,0.836468,shoulder_lift,37.5,37.6261,42.4841,42.627,2516,0,20,0,12.3,35,staircase1,no_load,0.0
12.075461,0.846618,shoulder_lift,37.5,37.6261,42.4841,42.627,2516,0,20,0,12.3,35,staircase1,no_load,0.0
12.085831,0.856988,shoulder_lift,37.5,37.6261,42.4841,42.627,2516,0,20,0,12.3,35,staircase1,no_load,0.0
12.096829,0.867986,shoulder_lift,37.5,37.6261,42.4841,42.627,2516,0,20,0,12.3,35,staircase1,no_load,0.0
12.107557,0.878714,shoulder_lift,37.5,37.6261,42.4841,42.627,2516,0,20,0,12.3,35,staircase1,no_load,0.0
12.118013,0.88917,shoulder_lift,37.5,37.6261,42.4841,42.627,2516,0,20,0,12.3,35,staircase1,no_load,0.0
12.128894,0.900051,shoulder_lift,37.5,37.6261,42.4841,42.627,2516,0,20,0,12.3,35,staircase1,no_load,0.0
12.139862,0.911019,shoulder_lift,37.5,37.6261,42.4841,42.627,2516,0,20,0,12.3,35,staircase1,no_load,0.0
12.150742,0.921899,shoulder_lift,37.5,37.6261,42.4841,42.627,2516,0,20,0,12.3,35,staircase1,no_load,0.0
12.161638,0.932795,shoulder_lift,37.5,37.6261,42.4841,42.627,2516,0,20,0,12.3,35,staircase1,no_load,0.0
12.172506,0.943663,shoulder_lift,37.5,37.6261,42.4841,42.627,2516,0,20,0,12.3,35,staircase1,no_load,0.0
12.18358,0.954737,shoulder_lift,37.5,37.6261,42.4841,42.627,2516,0,20,0,12.3,35,staircase1,no_load,0.0
12.194735,0.965892,shoulder_lift,37.5,37.6261,42.4841,42.627,2516,0,20,0,12.3,35,staircase1,no_load,0.0
12.205268,0.976425,shoulder_lift,37.5,37.6261,42.4841,42.627,2516,0,20,0,12.3,35,staircase1,no_load,0.0
12.216234,0.987391,shoulder_lift,37.5,37.6261,42.4841,42.627,2516,0,20,0,12.3,35,staircase1,no_load,0.0
12.22713,0.998288,shoulder_lift,37.5,37.6261,42.4841,42.627,2516,0,20,0,12.3,35,staircase1,no_load,0.0
12.237798,1.008955,shoulder_lift,37.5,37.6261,42.4841,42.627,2516,0,20,0,12.3,35,staircase1,no_load,0.0
12.248621,1.019778,shoulder_lift,37.5,37.6261,42.4841,42.627,2516,0,20,0,12.3,35,staircase1,no_load,0.0
12.259569,1.030726,shoulder_lift,37.5,37.6261,42.4841,42.627,2516,0,20,0,12.3,35,staircase1,no_load,0.0
12.270291,1.041448,shoulder_lift,37.5,37.6261,42.4841,42.627,2516,0,20,0,12.3,35,staircase1,no_load,0.0
12.280676,1.051833,shoulder_lift,37.5,37.6261,42.4841,42.627,2516,0,20,0,12.3,35,staircase1,no_load,0.0
12.291406,1.062563,shoulder_lift,37.5,37.6261,42.4841,42.627,2516,0,20,0,12.3,35,staircase1,no_load,0.0
12.302441,1.073598,shoulder_lift,37.5,37.6261,42.4841,42.627,2516,0,20,0,12.3,35,staircase1,no_load,0.0
12.312869,1.084026,shoulder_lift,37.5,37.6261,42.4841,42.627,2516,0,20,0,12.3,35,staircase1,no_load,0.0
12.323293,1.09445,shoulder_lift,37.5,37.6261,42.4841,42.627,2516,0,20,0,12.3,35,staircase1,no_load,0.0
12.333783,1.10494,shoulder_lift,37.5,37.6261,42.4841,42.627,2516,0,20,0,12.3,35,staircase1,no_load,0.0
12.344178,1.115335,shoulder_lift,37.5,37.6261,42.4841,42.627,2516,0,20,0,12.3,35,staircase1,no_load,0.0
12.354351,1.125508,shoulder_lift,37.5,37.6261,42.4841,42.627,2516,0,20,0,12.3,35,staircase1,no_load,0.0
12.365029,1.136186,shoulder_lift,37.5,37.6261,42.4841,42.627,2516,0,20,0,12.3,35,staircase1,no_load,0.0
12.37611,1.147267,shoulder_lift,37.5,37.6261,42.4841,42.627,2516,0,20,0,12.3,35,staircase1,no_load,0.0
12.386841,1.157998,shoulder_lift,37.5,37.6261,42.4841,42.627,2516,0,20,0,12.3,35,staircase1,no_load,0.0
12.397489,1.168646,shoulder_lift,37.5,37.6261,42.4841,42.627,2516,0,20,0,12.3,35,staircase1,no_load,0.0
12.408355,1.179512,shoulder_lift,37.5,37.6261,42.4841,42.627,2516,0,20,0,12.3,35,staircase1,no_load,0.0
12.419043,1.1902,shoulder_lift,37.5,37.6261,42.4841,42.627,2516,0,20,0,12.3,35,staircase1,no_load,0.0
12.429858,1.201015,shoulder_lift,37.5,37.6261,42.4841,42.627,2516,0,20,0,12.3,35,staircase1,no_load,0.0
12.44097,1.212127,shoulder_lift,37.5,37.6261,42.4841,42.627,2516,0,20,0,12.3,35,staircase1,no_load,0.0
12.452108,1.223265,shoulder_lift,37.5,37.6261,42.4841,42.627,2516,0,20,0,12.3,35,staircase1,no_load,0.0
12.462377,1.233534,shoulder_lift,37.5,37.6261,42.4841,42.627,2516,0,20,0,12.3,35,staircase1,no_load,0.0
12.472767,1.243924,shoulder_lift,37.5,37.6261,42.4841,42.627,2516,0,20,0,12.3,35,staircase1,no_load,0.0
12.483488,1.254645,shoulder_lift,37.5,37.6261,42.4841,42.627,2516,0,20,0,12.3,35,staircase1,no_load,0.0
12.493993,1.26515,shoulder_lift,37.5,37.6261,42.4841,42.627,2516,0,20,0,12.3,35,staircase1,no_load,0.0
12.504209,1.275366,shoulder_lift,37.5,37.6261,42.4841,42.627,2516,0,20,0,12.3,35,staircase1,no_load,0.0
12.514855,1.286012,shoulder_lift,37.5,37.6261,42.4841,42.627,2516,0,20,0,12.3,35,staircase1,no_load,0.0
12.525173,1.29633,shoulder_lift,37.5,37.6261,42.4841,42.627,2516,0,20,0,12.3,35,staircase1,no_load,0.0
12.535441,1.306598,shoulder_lift,37.5,37.6261,42.4841,42.627,2516,0,20,0,12.3,35,staircase1,no_load,0.0
12.54628,1.317437,shoulder_lift,37.5,37.6261,42.4841,42.627,2516,0,20,0,12.3,35,staircase1,no_load,0.0
12.557179,1.328336,shoulder_lift,37.5,37.6261,42.4841,42.627,2516,0,20,0,12.3,35,staircase1,no_load,0.0
12.568276,1.339433,shoulder_lift,37.5,37.6261,42.4841,42.627,2516,0,20,0,12.4,35,staircase1,no_load,0.0
12.579053,1.35021,shoulder_lift,37.5,37.6261,42.4841,42.627,2516,0,20,0,12.3,35,staircase1,no_load,0.0
12.590051,1.361208,shoulder_lift,37.5,37.6261,42.4841,42.627,2516,0,20,0,12.4,35,staircase1,no_load,0.0
12.600853,1.37201,shoulder_lift,37.5,37.6261,42.4841,42.627,2516,0,20,0,12.3,35,staircase1,no_load,0.0
12.611926,1.383083,shoulder_lift,37.5,37.6261,42.4841,42.627,2516,0,20,0,12.3,35,staircase1,no_load,0.0
12.622713,1.39387,shoulder_lift,37.5,37.6261,42.4841,42.627,2516,0,20,0,12.3,35,staircase1,no_load,0.0
12.633665,1.404822,shoulder_lift,37.5,37.6261,42.4841,42.627,2516,0,20,0,12.3,35,staircase1,no_load,0.0
12.644259,1.415416,shoulder_lift,37.5,37.6261,42.4841,42.627,2516,0,20,0,12.3,35,staircase1,no_load,0.0
12.654469,1.425626,shoulder_lift,37.5,37.6261,42.4841,42.627,2516,0,20,0,12.3,35,staircase1,no_load,0.0
12.665399,1.436557,shoulder_lift,37.5,37.6261,42.4841,42.627,2516,0,20,0,12.3,35,staircase1,no_load,0.0
12.676212,1.447369,shoulder_lift,37.5,37.6261,42.4841,42.627,2516,0,20,0,12.3,35,staircase1,no_load,0.0
12.686867,1.458024,shoulder_lift,37.5,37.6261,42.4841,42.627,2516,0,20,0,12.3,35,staircase1,no_load,0.0
12.697448,1.468605,shoulder_lift,37.5,37.6261,42.4841,42.627,2516,0,20,0,12.3,35,staircase1,no_load,0.0
12.708203,1.47936,shoulder_lift,37.5,37.6261,42.4841,42.627,2516,0,20,0,12.3,35,staircase1,no_load,0.0
12.71888,1.490037,shoulder_lift,37.5,37.6261,42.4841,42.627,2516,0,20,0,12.3,35,staircase1,no_load,0.0
12.729931,1.501088,shoulder_lift,37.5,37.6261,42.4841,42.627,2516,0,20,0,12.3,35,staircase1,no_load,0.0
12.741075,1.512232,shoulder_lift,37.5,37.6261,42.4841,42.627,2516,0,20,0,12.3,35,staircase1,no_load,0.0
12.751996,1.523153,shoulder_lift,37.5,37.6261,42.4841,42.627,2516,0,20,0,12.3,35,staircase1,no_load,0.0
12.763052,1.534209,shoulder_lift,37.5,37.6261,42.4841,42.627,2516,0,20,0,12.3,35,staircase1,no_load,0.0
12.773989,1.545146,shoulder_lift,37.5,37.6261,42.4841,42.627,2516,0,20,0,12.3,35,staircase1,no_load,0.0
12.784929,1.556087,shoulder_lift,37.5,37.6261,42.4841,42.627,2516,0,20,0,12.3,35,staircase1,no_load,0.0
12.795863,1.56702,shoulder_lift,37.5,37.6261,42.4841,42.627,2516,0,20,0,12.3,35,staircase1,no_load,0.0
12.806327,1.577484,shoulder_lift,37.5,37.6261,42.4841,42.627,2516,0,20,0,12.3,35,staircase1,no_load,0.0
12.817423,1.58858,shoulder_lift,37.5,37.6261,42.4841,42.627,2516,0,20,0,12.3,35,staircase1,no_load,0.0
12.828179,1.599336,shoulder_lift,37.5,37.6261,42.4841,42.627,2516,0,20,0,12.3,35,staircase1,no_load,0.0
12.840314,4e-06,shoulder_lift,50.0,37.6261,56.6455,42.627,2516,0,20,0,12.3,35,staircase1,no_load,0.0
12.851423,0.011113,shoulder_lift,50.0,37.6261,56.6455,42.627,2516,0,0,0,12.4,35,staircase1,no_load,0.0
12.862376,0.022065,shoulder_lift,50.0,37.6261,56.6455,42.627,2516,0,1072,2,12.3,35,staircase1,no_load,0.0
12.87348,0.033169,shoulder_lift,50.0,37.7036,56.6455,42.7148,2517,0,1100,2,12.3,35,staircase1,no_load,7.907
12.884441,0.04413,shoulder_lift,50.0,37.7812,56.6455,42.8027,2518,50,1188,7,12.3,35,staircase1,no_load,8.019
12.895329,0.055018,shoulder_lift,50.0,38.014,56.6455,43.0664,2521,200,1232,6,12.3,35,staircase1,no_load,24.219
12.906001,0.06569,shoulder_lift,50.0,38.4019,56.6455,43.5059,2526,200,1304,11,12.2,35,staircase1,no_load,41.183
12.916807,0.076497,shoulder_lift,50.0,39.0225,56.6455,44.209,2534,600,1360,16,12.3,35,staircase1,no_load,65.066
12.92747,0.087159,shoulder_lift,50.0,39.6431,56.6455,44.9121,2542,600,1416,14,12.3,35,staircase1,no_load,65.938
12.938021,0.097711,shoulder_lift,50.0,40.4965,56.6455,45.8789,2553,900,1396,7,12.3,35,staircase1,no_load,91.631
12.948992,0.108681,shoulder_lift,50.0,41.505,56.6455,47.0215,2566,900,1408,7,12.3,35,staircase1,no_load,104.147
12.959274,0.118963,shoulder_lift,50.0,42.3584,56.6455,47.9883,2577,1150,1360,0,12.3,35,staircase1,no_load,94.028
12.97013,0.129819,shoulder_lift,50.0,43.367,56.6455,49.1309,2590,1150,1348,0,12.3,35,staircase1,no_load,105.251
12.980765,0.140455,shoulder_lift,50.0,44.2203,56.6455,50.0977,2601,1100,1288,0,12.3,35,staircase1,no_load,90.907
12.991417,0.151107,shoulder_lift,50.0,44.9185,56.6455,50.8887,2610,1100,1264,0,12.3,35,staircase1,no_load,74.258
13.001985,0.161675,shoulder_lift,50.0,45.4616,56.6455,51.5039,2617,900,1216,0,12.3,35,staircase1,no_load,58.213
13.012695,0.172385,shoulder_lift,50.0,46.0822,56.6455,52.207,2625,900,1188,0,12.3,35,staircase1,no_load,65.649
13.023533,0.183223,shoulder_lift,50.0,46.6253,56.6455,52.8223,2632,650,1152,0,12.3,35,staircase1,no_load,56.772
13.033805,0.193494,shoulder_lift,50.0,47.0132,56.6455,53.2617,2637,650,1132,0,12.3,35,staircase1,no_load,42.776
13.044063,0.203753,shoulder_lift,50.0,47.3235,56.6455,53.6133,2641,550,1132,0,12.3,35,staircase1,no_load,34.276
13.054333,0.214023,shoulder_lift,50.0,47.5562,56.6455,53.877,2644,550,1124,0,12.3,35,staircase1,no_load,25.677
13.065424,0.225114,shoulder_lift,50.0,47.7114,56.6455,54.0527,2646,300,1132,2,12.3,35,staircase1,no_load,15.842
13.076344,0.236034,shoulder_lift,50.0,47.8666,56.6455,54.2285,2648,200,1124,2,12.3,56,staircase1,no_load,16.099
13.0869,0.246589,shoulder_lift,50.0,48.0217,56.6455,54.4043,2650,200,1124,2,12.3,35,staircase1,no_load,16.654
13.0979,0.25759,shoulder_lift,50.0,48.0993,56.6455,54.4922,2651,150,1120,2,12.3,36,staircase1,no_load,7.991
13.108401,0.268091,shoulder_lift,50.0,48.2545,56.6455,54.668,2653,150,1116,2,12.3,35,staircase1,no_load,16.741
13.119365,0.279055,shoulder_lift,50.0,48.332,56.6455,54.7559,2654,100,1116,3,12.3,35,staircase1,no_load,8.017
13.130231,0.28992,shoulder_lift,50.0,48.4096,56.6455,54.8437,2655,100,1112,2,12.3,35,staircase1,no_load,8.08
13.141083,0.300772,shoulder_lift,50.0,48.4096,56.6455,54.8437,2655,100,1112,3,12.3,35,staircase1,no_load,0.0
13.151864,0.311554,shoulder_lift,50.0,48.4872,56.6455,54.9316,2656,100,1112,3,12.3,35,staircase1,no_load,8.153
13.162949,0.322639,shoulder_lift,50.0,48.5648,56.6455,55.0195,2657,50,1108,2,12.3,35,staircase1,no_load,7.93
13.173756,0.333446,shoulder_lift,50.0,48.6424,56.6455,55.1074,2658,50,1104,3,12.3,35,staircase1,no_load,8.134
13.184806,0.344495,shoulder_lift,50.0,48.6424,56.6455,55.1074,2658,100,1100,3,12.3,35,staircase1,no_load,0.0
13.195506,0.355196,shoulder_lift,50.0,48.6424,56.6455,55.1074,2658,0,1100,4,12.3,35,staircase1,no_load,0.0
13.206445,0.366135,shoulder_lift,50.0,48.6424,56.6455,55.1074,2658,0,1108,3,12.3,36,staircase1,no_load,0.0
13.217028,0.376717,shoulder_lift,50.0,48.6424,56.6455,55.1074,2658,0,1104,2,12.3,35,staircase1,no_load,0.0
13.227872,0.387561,shoulder_lift,50.0,48.7199,56.6455,55.1953,2659,0,1100,2,12.3,37,staircase1,no_load,8.106
13.238568,0.398257,shoulder_lift,50.0,48.7199,56.6455,55.1953,2659,50,1104,3,12.3,35,staircase1,no_load,0.0
13.249625,0.409314,shoulder_lift,50.0,48.7199,56.6455,55.1953,2659,50,1104,4,12.3,35,staircase1,no_load,0.0
13.260559,0.420249,shoulder_lift,50.0,48.7199,56.6455,55.1953,2659,0,1104,4,12.3,35,staircase1,no_load,0.0
13.271138,0.430828,shoulder_lift,50.0,48.7199,56.6455,55.1953,2659,0,1104,3,12.3,35,staircase1,no_load,0.0
13.282102,0.441791,shoulder_lift,50.0,48.7199,56.6455,55.1953,2659,0,1104,3,12.3,35,staircase1,no_load,0.0
13.292872,0.452562,shoulder_lift,50.0,48.7199,56.6455,55.1953,2659,0,1104,3,12.3,36,staircase1,no_load,0.0
13.303451,0.46314,shoulder_lift,50.0,48.7199,56.6455,55.1953,2659,0,1104,3,12.3,35,staircase1,no_load,0.0
13.313731,0.473421,shoulder_lift,50.0,48.7199,56.6455,55.1953,2659,0,1104,3,12.3,35,staircase1,no_load,0.0
13.324213,0.483902,shoulder_lift,50.0,48.7199,56.6455,55.1953,2659,0,1104,3,12.3,35,staircase1,no_load,0.0
13.33488,0.49457,shoulder_lift,50.0,48.7199,56.6455,55.1953,2659,0,1104,3,12.3,38,staircase1,no_load,0.0
13.345541,0.50523,shoulder_lift,50.0,48.7199,56.6455,55.1953,2659,0,1104,3,12.3,35,staircase1,no_load,0.0
13.355966,0.515655,shoulder_lift,50.0,48.7199,56.6455,55.1953,2659,0,1104,3,12.3,36,staircase1,no_load,0.0
13.366158,0.525847,shoulder_lift,50.0,48.7199,56.6455,55.1953,2659,0,1104,3,12.4,35,staircase1,no_load,0.0
13.376792,0.536481,shoulder_lift,50.0,48.7199,56.6455,55.1953,2659,0,1104,3,12.3,35,staircase1,no_load,0.0
13.387029,0.546719,shoulder_lift,50.0,48.7199,56.6455,55.1953,2659,0,1104,3,12.3,35,staircase1,no_load,0.0
13.397286,0.556975,shoulder_lift,50.0,48.7199,56.6455,55.1953,2659,0,1104,3,12.3,36,staircase1,no_load,0.0
13.408242,0.567932,shoulder_lift,50.0,48.7199,56.6455,55.1953,2659,0,1104,3,12.3,35,staircase1,no_load,0.0
13.419064,0.578754,shoulder_lift,50.0,48.7199,56.6455,55.1953,2659,0,1104,3,12.3,35,staircase1,no_load,0.0
13.42979,0.589479,shoulder_lift,50.0,48.7199,56.6455,55.1953,2659,0,1104,3,12.3,35,staircase1,no_load,0.0
13.440639,0.600328,shoulder_lift,50.0,48.7199,56.6455,55.1953,2659,0,1104,3,12.3,35,staircase1,no_load,0.0
13.451925,0.611614,shoulder_lift,50.0,48.7199,56.6455,55.1953,2659,0,1104,4,12.3,35,staircase1,no_load,0.0
13.462949,0.622638,shoulder_lift,50.0,48.7199,56.6455,55.1953,2659,0,1104,3,12.3,35,staircase1,no_load,0.0
13.473983,0.633672,shoulder_lift,50.0,48.7199,56.6455,55.1953,2659,0,1104,3,12.3,35,staircase1,no_load,0.0
13.485082,0.644771,shoulder_lift,50.0,48.7199,56.6455,55.1953,2659,0,1104,3,12.3,35,staircase1,no_load,0.0
13.495496,0.655186,shoulder_lift,50.0,48.7199,56.6455,55.1953,2659,0,1104,4,12.3,35,staircase1,no_load,0.0
13.506208,0.665897,shoulder_lift,50.0,48.7199,56.6455,55.1953,2659,0,1104,3,12.3,35,staircase1,no_load,0.0
13.517077,0.676767,shoulder_lift,50.0,48.7199,56.6455,55.1953,2659,0,1104,3,12.3,35,staircase1,no_load,0.0
13.527707,0.687396,shoulder_lift,50.0,48.7199,56.6455,55.1953,2659,0,1104,3,12.3,35,staircase1,no_load,0.0
13.538394,0.698083,shoulder_lift,50.0,48.7199,56.6455,55.1953,2659,0,1104,3,12.3,35,staircase1,no_load,0.0
13.549358,0.709048,shoulder_lift,50.0,48.7199,56.6455,55.1953,2659,0,1104,3,12.3,35,staircase1,no_load,0.0
13.560142,0.719831,shoulder_lift,50.0,48.7199,56.6455,55.1953,2659,0,1104,3,12.3,35,staircase1,no_load,0.0
13.570746,0.730436,shoulder_lift,50.0,48.7199,56.6455,55.1953,2659,0,1104,3,12.3,40,staircase1,no_load,0.0
13.5817,0.74139,shoulder_lift,50.0,48.7199,56.6455,55.1953,2659,0,1104,3,12.3,35,staircase1,no_load,0.0
13.591797,0.751487,shoulder_lift,50.0,48.7199,56.6455,55.1953,2659,0,1104,3,12.3,35,staircase1,no_load,0.0
13.602589,0.762279,shoulder_lift,50.0,48.7199,56.6455,55.1953,2659,0,1104,3,12.3,35,staircase1,no_load,0.0
13.612807,0.772496,shoulder_lift,50.0,48.7199,56.6455,55.1953,2659,0,1104,3,12.3,35,staircase1,no_load,0.0
13.623626,0.783315,shoulder_lift,50.0,48.7199,56.6455,55.1953,2659,0,1104,3,12.3,35,staircase1,no_load,0.0
13.634299,0.793988,shoulder_lift,50.0,48.7199,56.6455,55.1953,2659,0,1104,3,12.3,36,staircase1,no_load,0.0
13.644749,0.804438,shoulder_lift,50.0,48.7199,56.6455,55.1953,2659,0,1104,3,12.3,35,staircase1,no_load,0.0
13.655134,0.814823,shoulder_lift,50.0,48.7199,56.6455,55.1953,2659,0,1104,3,12.3,35,staircase1,no_load,0.0
13.665796,0.825485,shoulder_lift,50.0,48.7199,56.6455,55.1953,2659,0,1104,3,12.3,36,staircase1,no_load,0.0
13.676775,0.836464,shoulder_lift,50.0,48.7199,56.6455,55.1953,2659,0,1104,3,12.3,36,staircase1,no_load,0.0
13.687381,0.84707,shoulder_lift,50.0,48.7199,56.6455,55.1953,2659,0,1104,2,12.3,45,staircase1,no_load,0.0
13.697615,0.857304,shoulder_lift,50.0,48.7199,56.6455,55.1953,2659,0,1104,4,12.3,35,staircase1,no_load,0.0
13.708351,0.868041,shoulder_lift,50.0,48.7199,56.6455,55.1953,2659,0,1104,3,12.3,35,staircase1,no_load,0.0
13.719364,0.879053,shoulder_lift,50.0,48.7199,56.6455,55.1953,2659,0,1104,3,12.3,35,staircase1,no_load,0.0
13.730346,0.890035,shoulder_lift,50.0,48.7199,56.6455,55.1953,2659,0,1104,4,12.3,35,staircase1,no_load,0.0
13.741196,0.900886,shoulder_lift,50.0,48.7199,56.6455,55.1953,2659,0,1104,3,12.2,35,staircase1,no_load,0.0
13.752276,0.911965,shoulder_lift,50.0,48.7199,56.6455,55.1953,2659,0,1104,3,12.3,35,staircase1,no_load,0.0
13.763038,0.922727,shoulder_lift,50.0,48.7199,56.6455,55.1953,2659,0,1104,3,12.3,35,staircase1,no_load,0.0
13.773562,0.933252,shoulder_lift,50.0,48.7199,56.6455,55.1953,2659,0,1104,3,12.3,35,staircase1,no_load,0.0
13.78449,0.94418,shoulder_lift,50.0,48.7199,56.6455,55.1953,2659,0,1104,3,12.3,35,staircase1,no_load,0.0
13.795417,0.955106,shoulder_lift,50.0,48.7199,56.6455,55.1953,2659,0,1104,3,12.3,35,staircase1,no_load,0.0
13.806154,0.965844,shoulder_lift,50.0,48.7199,56.6455,55.1953,2659,0,1104,3,12.3,35,staircase1,no_load,0.0
13.81732,0.977009,shoulder_lift,50.0,48.7199,56.6455,55.1953,2659,0,1104,3,12.3,36,staircase1,no_load,0.0
13.827966,0.987656,shoulder_lift,50.0,48.7199,56.6455,55.1953,2659,0,1104,3,12.3,35,staircase1,no_load,0.0
13.8388,0.998489,shoulder_lift,50.0,48.7199,56.6455,55.1953,2659,0,1104,3,12.2,35,staircase1,no_load,0.0
13.849702,1.009391,shoulder_lift,50.0,48.7199,56.6455,55.1953,2659,0,1104,3,12.3,35,staircase1,no_load,0.0
13.860523,1.020213,shoulder_lift,50.0,48.7199,56.6455,55.1953,2659,0,1104,3,12.3,35,staircase1,no_load,0.0
13.871174,1.030864,shoulder_lift,50.0,48.7199,56.6455,55.1953,2659,0,1104,3,12.3,35,staircase1,no_load,0.0
13.881928,1.041618,shoulder_lift,50.0,48.7199,56.6455,55.1953,2659,0,1104,3,12.3,35,staircase1,no_load,0.0
13.892628,1.052317,shoulder_lift,50.0,48.7199,56.6455,55.1953,2659,0,1104,4,12.2,35,staircase1,no_load,0.0
13.903353,1.063042,shoulder_lift,50.0,48.7199,56.6455,55.1953,2659,0,1104,3,12.3,35,staircase1,no_load,0.0
13.914382,1.074072,shoulder_lift,50.0,48.7199,56.6455,55.1953,2659,0,1104,3,12.3,35,staircase1,no_load,0.0
13.925458,1.085148,shoulder_lift,50.0,48.7199,56.6455,55.1953,2659,0,1104,3,12.3,35,staircase1,no_load,0.0
13.936358,1.096047,shoulder_lift,50.0,48.7199,56.6455,55.1953,2659,0,1104,4,12.3,39,staircase1,no_load,0.0
13.947284,1.106973,shoulder_lift,50.0,48.7199,56.6455,55.1953,2659,0,1104,3,12.3,35,staircase1,no_load,0.0
13.958095,1.117784,shoulder_lift,50.0,48.7199,56.6455,55.1953,2659,0,1104,3,12.3,35,staircase1,no_load,0.0
13.969044,1.128733,shoulder_lift,50.0,48.7199,56.6455,55.1953,2659,0,1104,3,12.3,35,staircase1,no_load,0.0
13.979688,1.139378,shoulder_lift,50.0,48.7199,56.6455,55.1953,2659,0,1104,3,12.4,35,staircase1,no_load,0.0
13.990323,1.150013,shoulder_lift,50.0,48.7199,56.6455,55.1953,2659,0,1104,4,12.3,35,staircase1,no_load,0.0
14.001163,1.160852,shoulder_lift,50.0,48.7199,56.6455,55.1953,2659,0,1104,3,12.3,35,staircase1,no_load,0.0
14.011742,1.171432,shoulder_lift,50.0,48.7199,56.6455,55.1953,2659,0,1104,3,12.3,35,staircase1,no_load,0.0
14.02254,1.182229,shoulder_lift,50.0,48.7199,56.6455,55.1953,2659,0,1104,2,12.3,35,staircase1,no_load,0.0
14.033445,1.193134,shoulder_lift,50.0,48.7199,56.6455,55.1953,2659,0,1104,4,12.3,35,staircase1,no_load,0.0
14.044293,1.203982,shoulder_lift,50.0,48.7199,56.6455,55.1953,2659,0,1104,3,12.3,35,staircase1,no_load,0.0
14.054669,1.214359,shoulder_lift,50.0,48.7199,56.6455,55.1953,2659,0,1104,3,12.3,35,staircase1,no_load,0.0
14.06572,1.22541,shoulder_lift,50.0,48.7199,56.6455,55.1953,2659,0,1104,3,12.3,35,staircase1,no_load,0.0
14.076509,1.236198,shoulder_lift,50.0,48.7199,56.6455,55.1953,2659,0,1104,3,12.3,36,staircase1,no_load,0.0
14.087105,1.246794,shoulder_lift,50.0,48.7199,56.6455,55.1953,2659,0,1104,3,12.3,36,staircase1,no_load,0.0
14.097709,1.257399,shoulder_lift,50.0,48.7199,56.6455,55.1953,2659,0,1104,3,12.3,36,staircase1,no_load,0.0
14.10876,1.268449,shoulder_lift,50.0,48.7199,56.6455,55.1953,2659,0,1104,3,12.3,35,staircase1,no_load,0.0
14.119104,1.278793,shoulder_lift,50.0,48.7199,56.6455,55.1953,2659,0,1104,3,12.3,35,staircase1,no_load,0.0
14.130079,1.289768,shoulder_lift,50.0,48.7199,56.6455,55.1953,2659,0,1104,3,12.2,35,staircase1,no_load,0.0
14.140707,1.300396,shoulder_lift,50.0,48.7199,56.6455,55.1953,2659,0,1104,3,12.3,35,staircase1,no_load,0.0
14.151686,1.311376,shoulder_lift,50.0,48.7199,56.6455,55.1953,2659,0,1104,3,12.3,35,staircase1,no_load,0.0
14.162701,1.32239,shoulder_lift,50.0,48.7199,56.6455,55.1953,2659,0,1104,3,12.3,35,staircase1,no_load,0.0
14.173414,1.333104,shoulder_lift,50.0,48.7199,56.6455,55.1953,2659,0,1104,3,12.3,60,staircase1,no_load,0.0
14.184075,1.343765,shoulder_lift,50.0,48.7199,56.6455,55.1953,2659,0,1104,4,12.3,36,staircase1,no_load,0.0
14.194953,1.354643,shoulder_lift,50.0,48.7199,56.6455,55.1953,2659,0,1104,3,12.4,35,staircase1,no_load,0.0
14.205754,1.365443,shoulder_lift,50.0,48.7199,56.6455,55.1953,2659,0,1104,4,12.3,35,staircase1,no_load,0.0
14.216688,1.376377,shoulder_lift,50.0,48.7199,56.6455,55.1953,2659,0,1104,3,12.3,35,staircase1,no_load,0.0
14.226955,1.386645,shoulder_lift,50.0,48.7199,56.6455,55.1953,2659,0,1104,3,12.3,35,staircase1,no_load,0.0
14.237197,1.396886,shoulder_lift,50.0,48.7199,56.6455,55.1953,2659,0,1104,3,12.3,35,staircase1,no_load,0.0
14.24822,1.40791,shoulder_lift,50.0,48.7199,56.6455,55.1953,2659,0,1104,3,12.3,35,staircase1,no_load,0.0
14.259069,1.418759,shoulder_lift,50.0,48.7199,56.6455,55.1953,2659,0,1104,3,12.3,35,staircase1,no_load,0.0
14.269545,1.429234,shoulder_lift,50.0,48.7199,56.6455,55.1953,2659,0,1104,3,12.3,35,staircase1,no_load,0.0
14.280198,1.439888,shoulder_lift,50.0,48.7199,56.6455,55.1953,2659,0,1104,3,12.3,35,staircase1,no_load,0.0
14.290574,1.450263,shoulder_lift,50.0,48.7199,56.6455,55.1953,2659,0,1104,3,12.3,35,staircase1,no_load,0.0
14.300975,1.460665,shoulder_lift,50.0,48.7199,56.6455,55.1953,2659,0,1104,3,12.3,35,staircase1,no_load,0.0
14.311312,1.471001,shoulder_lift,50.0,48.7199,56.6455,55.1953,2659,0,1104,3,12.3,35,staircase1,no_load,0.0
14.32191,1.481599,shoulder_lift,50.0,48.7199,56.6455,55.1953,2659,0,1104,3,12.3,35,staircase1,no_load,0.0
14.332189,1.491878,shoulder_lift,50.0,48.7199,56.6455,55.1953,2659,0,1104,3,12.3,35,staircase1,no_load,0.0
14.342652,1.502342,shoulder_lift,50.0,48.7199,56.6455,55.1953,2659,0,1104,3,12.3,35,staircase1,no_load,0.0
14.353123,1.512813,shoulder_lift,50.0,48.7199,56.6455,55.1953,2659,0,1104,3,12.3,35,staircase1,no_load,0.0
14.363571,1.52326,shoulder_lift,50.0,48.7199,56.6455,55.1953,2659,0,1104,3,12.3,35,staircase1,no_load,0.0
14.373919,1.533609,shoulder_lift,50.0,48.7199,56.6455,55.1953,2659,0,1104,3,12.3,35,staircase1,no_load,0.0
14.384415,1.544104,shoulder_lift,50.0,48.7199,56.6455,55.1953,2659,0,1104,3,12.3,35,staircase1,no_load,0.0
14.394833,1.554523,shoulder_lift,50.0,48.7199,56.6455,55.1953,2659,0,1104,4,12.3,35,staircase1,no_load,0.0
14.405727,1.565417,shoulder_lift,50.0,48.7199,56.6455,55.1953,2659,0,1104,4,12.3,35,staircase1,no_load,0.0
14.416811,1.576501,shoulder_lift,50.0,48.7199,56.6455,55.1953,2659,0,1104,3,12.3,35,staircase1,no_load,0.0
14.427665,1.587355,shoulder_lift,50.0,48.7199,56.6455,55.1953,2659,0,1104,3,12.3,35,staircase1,no_load,0.0
14.437975,1.597665,shoulder_lift,50.0,48.7199,56.6455,55.1953,2659,0,1104,4,12.3,35,staircase1,no_load,0.0
14.449388,4e-06,shoulder_lift,37.5,48.7199,42.4841,55.1953,2659,0,1100,3,12.3,35,staircase1,no_load,0.0
14.460321,0.010937,shoulder_lift,37.5,48.7199,42.4841,55.1953,2659,0,1088,1,12.3,35,staircase1,no_load,0.0
14.470957,0.021573,shoulder_lift,37.5,48.7199,42.4841,55.1953,2659,0,1072,1,12.3,35,staircase1,no_load,0.0
14.481742,0.032357,shoulder_lift,37.5,48.7199,42.4841,55.1953,2659,0,56,1,12.3,35,staircase1,no_load,0.0
14.492544,0.043159,shoulder_lift,37.5,48.7199,42.4841,55.1953,2659,0,92,3,12.3,35,staircase1,no_load,0.0
14.503076,0.053691,shoulder_lift,37.5,48.7199,42.4841,55.1953,2659,0,172,6,12.3,35,staircase1,no_load,0.0
14.513857,0.064473,shoulder_lift,37.5,48.4872,42.4841,54.9316,2656,-150,232,13,12.2,35,staircase1,no_load,-24.46
14.524714,0.075329,shoulder_lift,37.5,48.2545,42.4841,54.668,2653,-150,332,20,12.3,35,staircase1,no_load,-24.279
14.535718,0.086334,shoulder_lift,37.5,47.9441,42.4841,54.3164,2649,-250,416,22,12.3,35,staircase1,no_load,-31.952
14.546688,0.097303,shoulder_lift,37.5,47.1683,42.4841,53.4375,2639,-250,444,20,12.2,35,staircase1,no_load,-80.119
14.557425,0.108041,shoulder_lift,37.5,46.2374,42.4841,52.3828,2627,-950,372,2,12.3,35,staircase1,no_load,-98.23
14.568403,0.119019,shoulder_lift,37.5,45.384,42.4841,51.416,2616,-950,384,6,12.3,35,staircase1,no_load,-88.067
14.579423,0.130039,shoulder_lift,37.5,44.841,42.4841,50.8008,2609,-900,368,7,12.3,35,staircase1,no_load,-55.826
14.59017,0.140786,shoulder_lift,37.5,44.0652,42.4841,49.9219,2599,-900,352,9,12.2,35,staircase1,no_load,-81.781
14.601293,0.151909,shoulder_lift,37.5,43.367,42.4841,49.1309,2590,-850,280,5,12.3,35,staircase1,no_load,-71.114
14.612493,0.163108,shoulder_lift,37.5,42.5912,42.4841,48.252,2580,-850,244,4,12.3,35,staircase1,no_load,-78.473
14.623256,0.173871,shoulder_lift,37.5,42.0481,42.4841,47.6367,2573,-850,184,4,12.4,35,staircase1,no_load,-57.168
14.634365,0.184981,shoulder_lift,37.5,41.5826,42.4841,47.1094,2567,-650,160,4,12.3,35,staircase1,no_load,-47.466
14.645465,0.196081,shoulder_lift,37.5,41.1947,42.4841,46.6699,2562,-650,152,3,12.3,35,staircase1,no_load,-39.595
14.656458,0.207074,shoulder_lift,37.5,40.8844,42.4841,46.3184,2558,-400,160,5,12.3,35,staircase1,no_load,-31.975
14.667009,0.217625,shoulder_lift,37.5,40.6517,42.4841,46.0547,2555,-400,148,6,12.3,35,staircase1,no_load,-24.993
14.67748,0.228096,shoulder_lift,37.5,40.5741,42.4841,45.9668,2554,-200,156,6,12.3,35,staircase1,no_load,-8.395
14.688448,0.239064,shoulder_lift,37.5,40.4189,42.4841,45.791,2552,-200,148,7,12.3,35,staircase1,no_load,-16.028
14.69871,0.249326,shoulder_lift,37.5,40.3413,42.4841,45.7031,2551,-150,148,6,12.3,35,staircase1,no_load,-8.566
14.709339,0.259954,shoulder_lift,37.5,40.1862,42.4841,45.5273,2549,-150,140,7,12.3,35,staircase1,no_load,-16.54
14.719734,0.27035,shoulder_lift,37.5,40.1086,42.4841,45.4395,2548,-150,132,5,12.3,35,staircase1,no_load,-8.446
14.730956,0.281572,shoulder_lift,37.5,40.031,42.4841,45.3516,2547,-150,128,6,12.3,35,staircase1,no_load,-7.833
14.741746,0.292362,shoulder_lift,37.5,39.8759,42.4841,45.1758,2545,-150,128,6,12.3,35,staircase1,no_load,-16.293
14.752583,0.303198,shoulder_lift,37.5,39.8759,42.4841,45.1758,2545,-50,128,7,12.3,35,staircase1,no_load,0.0
14.763719,0.314334,shoulder_lift,37.5,39.8759,42.4841,45.1758,2545,-50,132,7,12.3,35,staircase1,no_load,0.0
14.775037,0.325653,shoulder_lift,37.5,39.8759,42.4841,45.1758,2545,0,136,8,12.3,35,staircase1,no_load,0.0
14.785842,0.336458,shoulder_lift,37.5,39.8759,42.4841,45.1758,2545,0,136,9,12.3,35,staircase1,no_load,0.0
14.796719,0.347335,shoulder_lift,37.5,39.8759,42.4841,45.1758,2545,0,136,9,12.3,35,staircase1,no_load,0.0
14.807956,0.358572,shoulder_lift,37.5,39.8759,42.4841,45.1758,2545,0,136,8,12.3,35,staircase1,no_load,0.0
14.818941,0.369557,shoulder_lift,37.5,39.8759,42.4841,45.1758,2545,0,136,9,12.3,35,staircase1,no_load,0.0
14.829785,0.380401,shoulder_lift,37.5,39.8759,42.4841,45.1758,2545,0,136,7,12.2,35,staircase1,no_load,0.0
14.84053,0.391146,shoulder_lift,37.5,39.8759,42.4841,45.1758,2545,0,136,7,12.3,35,staircase1,no_load,0.0
14.851335,0.401951,shoulder_lift,37.5,39.8759,42.4841,45.1758,2545,0,136,10,12.2,35,staircase1,no_load,0.0
14.862439,0.413055,shoulder_lift,37.5,39.8759,42.4841,45.1758,2545,0,136,8,12.3,35,staircase1,no_load,0.0
14.873588,0.424204,shoulder_lift,37.5,39.8759,42.4841,45.1758,2545,0,136,9,12.3,35,staircase1,no_load,0.0
14.884447,0.435063,shoulder_lift,37.5,39.8759,42.4841,45.1758,2545,0,136,10,12.3,35,staircase1,no_load,0.0
14.895563,0.446179,shoulder_lift,37.5,39.8759,42.4841,45.1758,2545,0,136,8,12.3,35,staircase1,no_load,0.0
14.906315,0.456931,shoulder_lift,37.5,39.8759,42.4841,45.1758,2545,0,136,8,12.3,37,staircase1,no_load,0.0
14.917344,0.46796,shoulder_lift,37.5,39.8759,42.4841,45.1758,2545,0,136,7,12.3,35,staircase1,no_load,0.0
14.92851,0.479126,shoulder_lift,37.5,39.8759,42.4841,45.1758,2545,0,136,10,12.3,35,staircase1,no_load,0.0
14.939612,0.490228,shoulder_lift,37.5,39.8759,42.4841,45.1758,2545,0,136,8,12.3,35,staircase1,no_load,0.0
14.950659,0.501275,shoulder_lift,37.5,39.8759,42.4841,45.1758,2545,0,136,7,12.3,35,staircase1,no_load,0.0
14.961583,0.512199,shoulder_lift,37.5,39.8759,42.4841,45.1758,2545,0,136,7,12.3,35,staircase1,no_load,0.0
14.972249,0.522865,shoulder_lift,37.5,39.8759,42.4841,45.1758,2545,0,136,8,12.3,35,staircase1,no_load,0.0
14.983242,0.533857,shoulder_lift,37.5,39.8759,42.4841,45.1758,2545,0,136,10,12.3,35,staircase1,no_load,0.0
14.994242,0.544857,shoulder_lift,37.5,39.8759,42.4841,45.1758,2545,0,136,9,12.3,35,staircase1,no_load,0.0
15.004514,0.55513,shoulder_lift,37.5,39.8759,42.4841,45.1758,2545,0,136,10,12.3,35,staircase1,no_load,0.0
15.015502,0.566117,shoulder_lift,37.5,39.8759,42.4841,45.1758,2545,0,136,7,12.3,36,staircase1,no_load,0.0
15.026611,0.577226,shoulder_lift,37.5,39.8759,42.4841,45.1758,2545,0,136,8,12.3,35,staircase1,no_load,0.0
15.036959,0.587575,shoulder_lift,37.5,39.8759,42.4841,45.1758,2545,0,136,8,12.3,35,staircase1,no_load,0.0
15.048013,0.598629,shoulder_lift,37.5,39.8759,42.4841,45.1758,2545,0,136,7,12.3,35,staircase1,no_load,0.0
15.059169,0.609785,shoulder_lift,37.5,39.8759,42.4841,45.1758,2545,0,136,7,12.3,35,staircase1,no_load,0.0
15.069781,0.620396,shoulder_lift,37.5,39.7983,42.4841,45.0879,2544,0,132,7,12.3,35,staircase1,no_load,-8.283
15.080501,0.631117,shoulder_lift,37.5,39.7983,42.4841,45.0879,2544,-50,128,6,12.3,35,staircase1,no_load,0.0
15.091562,0.642178,shoulder_lift,37.5,39.7207,42.4841,45.0,2543,-50,124,8,12.3,35,staircase1,no_load,-7.947
15.102668,0.653283,shoulder_lift,37.5,39.7207,42.4841,45.0,2543,-50,124,6,12.3,35,staircase1,no_load,0.0
15.113508,0.664123,shoulder_lift,37.5,39.7207,42.4841,45.0,2543,0,124,10,12.3,35,staircase1,no_load,0.0
15.124359,0.674975,shoulder_lift,37.5,39.7207,42.4841,45.0,2543,0,128,9,12.3,35,staircase1,no_load,0.0
15.135494,0.68611,shoulder_lift,37.5,39.7207,42.4841,45.0,2543,0,128,7,12.3,35,staircase1,no_load,0.0
15.146442,0.697058,shoulder_lift,37.5,39.7207,42.4841,45.0,2543,0,128,7,12.2,35,staircase1,no_load,0.0
15.157514,0.70813,shoulder_lift,37.5,39.7207,42.4841,45.0,2543,0,128,8,12.3,37,staircase1,no_load,0.0
15.16866,0.719276,shoulder_lift,37.5,39.7207,42.4841,45.0,2543,0,128,9,12.3,35,staircase1,no_load,0.0
15.179501,0.730117,shoulder_lift,37.5,39.7207,42.4841,45.0,2543,0,128,10,12.3,35,staircase1,no_load,0.0
15.190063,0.740679,shoulder_lift,37.5,39.7207,42.4841,45.0,2543,0,128,8,12.3,35,staircase1,no_load,0.0
15.200525,0.75114,shoulder_lift,37.5,39.7207,42.4841,45.0,2543,0,128,7,12.3,35,staircase1,no_load,0.0
15.211008,0.761624,shoulder_lift,37.5,39.7207,42.4841,45.0,2543,0,128,8,12.2,35,staircase1,no_load,0.0
15.221706,0.772322,shoulder_lift,37.5,39.7207,42.4841,45.0,2543,0,128,7,12.3,36,staircase1,no_load,0.0
15.232534,0.78315,shoulder_lift,37.5,39.7207,42.4841,45.0,2543,0,128,8,12.3,35,staircase1,no_load,0.0
15.243671,0.794287,shoulder_lift,37.5,39.7207,42.4841,45.0,2543,0,128,10,12.3,35,staircase1,no_load,0.0
15.25422,0.804836,shoulder_lift,37.5,39.7207,42.4841,45.0,2543,0,128,9,12.3,35,staircase1,no_load,0.0
15.265012,0.815628,shoulder_lift,37.5,39.7207,42.4841,45.0,2543,0,128,7,12.3,35,staircase1,no_load,0.0
15.275803,0.826419,shoulder_lift,37.5,39.7207,42.4841,45.0,2543,0,128,7,12.3,35,staircase1,no_load,0.0
15.286406,0.837021,shoulder_lift,37.5,39.7207,42.4841,45.0,2543,0,128,9,12.3,35,staircase1,no_load,0.0
15.297541,0.848157,shoulder_lift,37.5,39.7207,42.4841,45.0,2543,0,128,7,12.3,35,staircase1,no_load,0.0
15.308465,0.85908,shoulder_lift,37.5,39.7207,42.4841,45.0,2543,0,128,9,12.3,36,staircase1,no_load,0.0
15.318776,0.869392,shoulder_lift,37.5,39.7207,42.4841,45.0,2543,0,128,8,12.2,35,staircase1,no_load,0.0
15.328985,0.879601,shoulder_lift,37.5,39.7207,42.4841,45.0,2543,0,128,7,12.3,35,staircase1,no_load,0.0
15.339615,0.89023,shoulder_lift,37.5,39.7207,42.4841,45.0,2543,0,128,8,12.3,35,staircase1,no_load,0.0
15.349933,0.900549,shoulder_lift,37.5,39.7207,42.4841,45.0,2543,0,128,9,12.3,37,staircase1,no_load,0.0
15.360376,0.910991,shoulder_lift,37.5,39.7207,42.4841,45.0,2543,0,128,7,12.3,35,staircase1,no_load,0.0
15.370741,0.921356,shoulder_lift,37.5,39.7207,42.4841,45.0,2543,0,128,8,12.3,35,staircase1,no_load,0.0
15.381387,0.932003,shoulder_lift,37.5,39.7207,42.4841,45.0,2543,0,128,7,12.3,35,staircase1,no_load,0.0
15.392066,0.942681,shoulder_lift,37.5,39.7207,42.4841,45.0,2543,0,128,7,12.2,36,staircase1,no_load,0.0
15.402351,0.952966,shoulder_lift,37.5,39.7207,42.4841,45.0,2543,0,128,7,12.2,35,staircase1,no_load,0.0
15.413092,0.963707,shoulder_lift,37.5,39.7207,42.4841,45.0,2543,0,128,10,12.3,35,staircase1,no_load,0.0
15.42349,0.974106,shoulder_lift,37.5,39.6431,42.4841,44.9121,2542,0,124,6,12.3,35,staircase1,no_load,-8.454
15.434599,0.985214,shoulder_lift,37.5,39.6431,42.4841,44.9121,2542,-50,120,6,12.3,35,staircase1,no_load,0.0
15.445641,0.996256,shoulder_lift,37.5,39.6431,42.4841,44.9121,2542,-50,120,6,12.3,36,staircase1,no_load,0.0
15.456018,1.006634,shoulder_lift,37.5,39.5656,42.4841,44.8242,2541,0,116,6,12.3,35,staircase1,no_load,-8.471
15.46713,1.017746,shoulder_lift,37.5,39.5656,42.4841,44.8242,2541,0,116,6,12.3,35,staircase1,no_load,0.0
15.477866,1.028482,shoulder_lift,37.5,39.5656,42.4841,44.8242,2541,-50,120,7,12.3,35,staircase1,no_load,0.0
15.488684,1.0393,shoulder_lift,37.5,39.5656,42.4841,44.8242,2541,-50,120,6,12.3,35,staircase1,no_load,0.0
15.499671,1.050287,shoulder_lift,37.5,39.5656,42.4841,44.8242,2541,0,120,7,12.3,35,staircase1,no_load,0.0
15.510473,1.061089,shoulder_lift,37.5,39.5656,42.4841,44.8242,2541,0,120,7,12.3,35,staircase1,no_load,0.0
15.520885,1.071501,shoulder_lift,37.5,39.5656,42.4841,44.8242,2541,0,120,7,12.3,35,staircase1,no_load,0.0
15.531626,1.082242,shoulder_lift,37.5,39.5656,42.4841,44.8242,2541,0,120,8,12.3,35,staircase1,no_load,0.0
15.542286,1.092901,shoulder_lift,37.5,39.5656,42.4841,44.8242,2541,0,120,6,12.3,35,staircase1,no_load,0.0
15.553041,1.103656,shoulder_lift,37.5,39.5656,42.4841,44.8242,2541,0,120,8,12.3,35,staircase1,no_load,0.0
15.564098,1.114714,shoulder_lift,37.5,39.5656,42.4841,44.8242,2541,0,120,6,12.3,35,staircase1,no_load,0.0
15.574976,1.125592,shoulder_lift,37.5,39.5656,42.4841,44.8242,2541,0,120,7,12.3,35,staircase1,no_load,0.0
15.586068,1.136683,shoulder_lift,37.5,39.5656,42.4841,44.8242,2541,0,120,8,12.4,35,staircase1,no_load,0.0
15.597136,1.147752,shoulder_lift,37.5,39.5656,42.4841,44.8242,2541,0,120,6,12.3,35,staircase1,no_load,0.0
15.607783,1.158399,shoulder_lift,37.5,39.5656,42.4841,44.8242,2541,0,120,7,12.3,35,staircase1,no_load,0.0
15.618644,1.16926,shoulder_lift,37.5,39.5656,42.4841,44.8242,2541,0,120,6,12.3,35,staircase1,no_load,0.0
15.629787,1.180403,shoulder_lift,37.5,39.5656,42.4841,44.8242,2541,0,120,6,12.3,35,staircase1,no_load,0.0
15.640566,1.191182,shoulder_lift,37.5,39.5656,42.4841,44.8242,2541,0,120,7,12.3,35,staircase1,no_load,0.0
15.651617,1.202233,shoulder_lift,37.5,39.5656,42.4841,44.8242,2541,0,120,6,12.3,35,staircase1,no_load,0.0
15.662547,1.213163,shoulder_lift,37.5,39.5656,42.4841,44.8242,2541,0,120,8,12.3,35,staircase1,no_load,0.0
15.673548,1.224163,shoulder_lift,37.5,39.5656,42.4841,44.8242,2541,0,120,7,12.3,35,staircase1,no_load,0.0
15.68437,1.234986,shoulder_lift,37.5,39.5656,42.4841,44.8242,2541,0,120,7,12.3,35,staircase1,no_load,0.0
15.695302,1.245918,shoulder_lift,37.5,39.5656,42.4841,44.8242,2541,0,120,6,12.3,35,staircase1,no_load,0.0
15.70557,1.256186,shoulder_lift,37.5,39.5656,42.4841,44.8242,2541,0,120,8,12.3,35,staircase1,no_load,0.0
15.716533,1.267148,shoulder_lift,37.5,39.5656,42.4841,44.8242,2541,0,120,6,12.3,35,staircase1,no_load,0.0
15.727618,1.278234,shoulder_lift,37.5,39.5656,42.4841,44.8242,2541,0,120,6,12.3,35,staircase1,no_load,0.0
15.738465,1.28908,shoulder_lift,37.5,39.5656,42.4841,44.8242,2541,0,120,8,12.3,35,staircase1,no_load,0.0
15.749468,1.300084,shoulder_lift,37.5,39.5656,42.4841,44.8242,2541,0,120,7,12.3,35,staircase1,no_load,0.0
15.760668,1.311283,shoulder_lift,37.5,39.5656,42.4841,44.8242,2541,0,120,7,12.3,35,staircase1,no_load,0.0
15.771459,1.322075,shoulder_lift,37.5,39.5656,42.4841,44.8242,2541,0,120,8,12.3,35,staircase1,no_load,0.0
15.782204,1.332819,shoulder_lift,37.5,39.5656,42.4841,44.8242,2541,0,120,6,12.3,35,staircase1,no_load,0.0
15.793088,1.343704,shoulder_lift,37.5,39.5656,42.4841,44.8242,2541,0,120,7,12.3,35,staircase1,no_load,0.0
15.803698,1.354313,shoulder_lift,37.5,39.5656,42.4841,44.8242,2541,0,120,7,12.3,35,staircase1,no_load,0.0
15.81474,1.365356,shoulder_lift,37.5,39.5656,42.4841,44.8242,2541,0,120,7,12.3,35,staircase1,no_load,0.0
15.825533,1.376149,shoulder_lift,37.5,39.5656,42.4841,44.8242,2541,0,120,7,12.3,35,staircase1,no_load,0.0
15.836083,1.386699,shoulder_lift,37.5,39.5656,42.4841,44.8242,2541,0,120,6,12.3,35,staircase1,no_load,0.0
15.847041,1.397657,shoulder_lift,37.5,39.5656,42.4841,44.8242,2541,0,120,7,12.3,35,staircase1,no_load,0.0
15.857728,1.408344,shoulder_lift,37.5,39.5656,42.4841,44.8242,2541,0,120,8,12.3,35,staircase1,no_load,0.0
15.868547,1.419162,shoulder_lift,37.5,39.5656,42.4841,44.8242,2541,0,120,6,12.3,35,staircase1,no_load,0.0
15.879182,1.429798,shoulder_lift,37.5,39.5656,42.4841,44.8242,2541,0,120,7,12.3,35,staircase1,no_load,0.0
15.890194,1.44081,shoulder_lift,37.5,39.5656,42.4841,44.8242,2541,0,120,6,12.3,35,staircase1,no_load,0.0
15.901003,1.451619,shoulder_lift,37.5,39.5656,42.4841,44.8242,2541,0,120,7,12.3,35,staircase1,no_load,0.0
15.912088,1.462704,shoulder_lift,37.5,39.5656,42.4841,44.8242,2541,0,120,6,12.3,35,staircase1,no_load,0.0
15.922723,1.473338,shoulder_lift,37.5,39.5656,42.4841,44.8242,2541,0,120,6,12.3,35,staircase1,no_load,0.0
15.93343,1.484045,shoulder_lift,37.5,39.5656,42.4841,44.8242,2541,0,120,7,12.2,35,staircase1,no_load,0.0
15.944075,1.494691,shoulder_lift,37.5,39.5656,42.4841,44.8242,2541,0,120,7,12.3,35,staircase1,no_load,0.0
15.95496,1.505576,shoulder_lift,37.5,39.5656,42.4841,44.8242,2541,0,120,8,12.3,35,staircase1,no_load,0.0
15.965257,1.515872,shoulder_lift,37.5,39.5656,42.4841,44.8242,2541,0,120,6,12.3,35,staircase1,no_load,0.0
15.976109,1.526725,shoulder_lift,37.5,39.5656,42.4841,44.8242,2541,0,120,7,12.4,35,staircase1,no_load,0.0
15.9868,1.537416,shoulder_lift,37.5,39.5656,42.4841,44.8242,2541,0,120,6,12.4,35,staircase1,no_load,0.0
15.997625,1.54824,shoulder_lift,37.5,39.5656,42.4841,44.8242,2541,0,120,7,12.3,35,staircase1,no_load,0.0
16.008683,1.559299,shoulder_lift,37.5,39.5656,42.4841,44.8242,2541,0,120,8,12.3,35,staircase1,no_load,0.0
16.01917,1.569785,shoulder_lift,37.5,39.5656,42.4841,44.8242,2541,0,120,6,12.3,36,staircase1,no_load,0.0
16.029929,1.580545,shoulder_lift,37.5,39.5656,42.4841,44.8242,2541,0,120,7,12.3,35,staircase1,no_load,0.0
16.040761,1.591377,shoulder_lift,37.5,39.5656,42.4841,44.8242,2541,0,120,6,12.3,35,staircase1,no_load,0.0
16.052732,5e-06,shoulder_lift,25.0,39.5656,28.3228,44.8242,2541,0,128,7,12.3,35,staircase1,no_load,0.0
16.063458,0.01073,shoulder_lift,25.0,39.5656,28.3228,44.8242,2541,0,136,8,12.3,35,staircase1,no_load,0.0
16.074451,0.021723,shoulder_lift,25.0,39.5656,28.3228,44.8242,2541,0,176,12,12.2,35,staircase1,no_load,0.0
16.085365,0.032638,shoulder_lift,25.0,39.5656,28.3228,44.8242,2541,0,208,16,12.2,35,staircase1,no_load,0.0
16.096131,0.043403,shoulder_lift,25.0,39.488,28.3228,44.7363,2540,0,288,28,12.2,35,staircase1,no_load,-8.165
16.106827,0.054099,shoulder_lift,25.0,39.3328,28.3228,44.5605,2538,0,332,30,12.2,35,staircase1,no_load,-16.436
16.117804,0.065076,shoulder_lift,25.0,39.0225,28.3228,44.209,2534,-250,400,52,12.1,35,staircase1,no_load,-32.021
16.128962,0.076234,shoulder_lift,25.0,38.4794,28.3228,43.5937,2527,-500,460,53,12.2,35,staircase1,no_load,-55.144
16.139977,0.087249,shoulder_lift,25.0,37.7812,28.3228,42.8027,2518,-500,524,70,12.2,35,staircase1,no_load,-71.811
16.150882,0.098154,shoulder_lift,25.0,36.9279,28.3228,41.8359,2507,-900,552,48,12.2,35,staircase1,no_load,-88.657
16.162024,0.109296,shoulder_lift,25.0,35.9969,28.3228,40.7812,2495,-900,520,38,12.2,35,staircase1,no_load,-94.66
16.172298,0.11957,shoulder_lift,25.0,35.0659,28.3228,39.7266,2483,-1150,456,18,12.2,36,staircase1,no_load,-102.647
16.183167,0.130439,shoulder_lift,25.0,33.9022,28.3228,38.4082,2468,-1150,436,20,12.2,35,staircase1,no_load,-121.299
16.193802,0.141074,shoulder_lift,25.0,32.8937,28.3228,37.2656,2455,-1250,364,7,12.3,35,staircase1,no_load,-107.438
16.20471,0.151982,shoulder_lift,25.0,31.8852,28.3228,36.123,2442,-1250,316,3,12.2,35,staircase1,no_load,-104.749
16.215499,0.162771,shoulder_lift,25.0,31.0318,28.3228,35.1562,2431,-1200,232,0,12.3,35,staircase1,no_load,-89.61
16.226335,0.173607,shoulder_lift,25.0,30.256,28.3228,34.2773,2421,-1200,192,0,12.3,35,staircase1,no_load,-81.109
16.237342,0.184615,shoulder_lift,25.0,29.6354,28.3228,33.5742,2413,-900,180,2,12.3,35,staircase1,no_load,-63.878
16.248524,0.195797,shoulder_lift,25.0,29.1699,28.3228,33.0469,2407,-900,160,2,12.3,35,staircase1,no_load,-47.156
16.259169,0.206442,shoulder_lift,25.0,28.8596,28.3228,32.6953,2403,-550,168,4,12.3,35,staircase1,no_load,-33.03
16.269413,0.216685,shoulder_lift,25.0,28.6268,28.3228,32.4316,2400,-400,156,4,12.3,35,staircase1,no_load,-25.742
16.280475,0.227747,shoulder_lift,25.0,28.3165,28.3228,32.0801,2396,-400,156,5,12.3,35,staircase1,no_load,-31.775
16.291403,0.238675,shoulder_lift,25.0,28.1614,28.3228,31.9043,2394,-200,148,8,12.3,35,staircase1,no_load,-16.087
16.302208,0.24948,shoulder_lift,25.0,28.0838,28.3228,31.8164,2393,-200,152,7,12.3,35,staircase1,no_load,-8.135
16.312984,0.260256,shoulder_lift,25.0,28.0062,28.3228,31.7285,2392,-150,152,8,12.3,35,staircase1,no_load,-8.157
16.323516,0.270788,shoulder_lift,25.0,27.851,28.3228,31.5527,2390,-150,148,8,12.3,35,staircase1,no_load,-16.692
16.333815,0.281088,shoulder_lift,25.0,27.7735,28.3228,31.4648,2389,-100,148,7,12.3,35,staircase1,no_load,-8.535
16.344224,0.291496,shoulder_lift,25.0,27.6959,28.3228,31.377,2388,-100,140,6,12.3,36,staircase1,no_load,-8.435
16.354727,0.302,shoulder_lift,25.0,27.5407,28.3228,31.2012,2386,-150,136,6,12.1,35,staircase1,no_load,-16.738
16.365083,0.312355,shoulder_lift,25.0,27.4631,28.3228,31.1133,2385,-150,132,6,12.3,35,staircase1,no_load,-8.488
16.375518,0.32279,shoulder_lift,25.0,27.3856,28.3228,31.0254,2384,-100,124,5,12.3,35,staircase1,no_load,-8.424
16.385878,0.333151,shoulder_lift,25.0,27.308,28.3228,30.9375,2383,-100,120,5,12.3,35,staircase1,no_load,-8.485
16.396295,0.343567,shoulder_lift,25.0,27.2304,28.3228,30.8496,2382,-100,120,6,12.3,35,staircase1,no_load,-8.438
16.406736,0.354009,shoulder_lift,25.0,27.2304,28.3228,30.8496,2382,-100,120,5,12.3,35,staircase1,no_load,0.0
16.417777,0.365049,shoulder_lift,25.0,27.2304,28.3228,30.8496,2382,-50,128,9,12.3,35,staircase1,no_load,0.0
16.428741,0.376013,shoulder_lift,25.0,27.1528,28.3228,30.7617,2381,-50,124,6,12.3,35,staircase1,no_load,-8.017
16.439693,0.386965,shoulder_lift,25.0,27.0753,28.3228,30.6738,2380,-50,116,6,12.3,35,staircase1,no_load,-8.026
16.450779,0.398052,shoulder_lift,25.0,27.0753,28.3228,30.6738,2380,-50,116,7,12.3,35,staircase1,no_load,0.0
16.461917,0.409189,shoulder_lift,25.0,27.0753,28.3228,30.6738,2380,-50,116,6,12.2,35,staircase1,no_load,0.0
16.472163,0.419435,shoulder_lift,25.0,27.0753,28.3228,30.6738,2380,0,120,7,12.3,35,staircase1,no_load,0.0
16.483196,0.430469,shoulder_lift,25.0,27.0753,28.3228,30.6738,2380,0,120,6,12.3,35,staircase1,no_load,0.0
16.493987,0.441259,shoulder_lift,25.0,27.0753,28.3228,30.6738,2380,0,120,7,12.3,35,staircase1,no_load,0.0
16.504756,0.452028,shoulder_lift,25.0,27.0753,28.3228,30.6738,2380,0,120,6,12.4,35,staircase1,no_load,0.0
16.515744,0.463016,shoulder_lift,25.0,27.0753,28.3228,30.6738,2380,0,120,8,12.3,35,staircase1,no_load,0.0
16.52655,0.473822,shoulder_lift,25.0,27.0753,28.3228,30.6738,2380,0,120,6,12.4,35,staircase1,no_load,0.0
16.536817,0.48409,shoulder_lift,25.0,27.0753,28.3228,30.6738,2380,0,120,8,12.3,35,staircase1,no_load,0.0
16.547862,0.495134,shoulder_lift,25.0,27.0753,28.3228,30.6738,2380,0,120,7,12.3,35,staircase1,no_load,0.0
16.558436,0.505709,shoulder_lift,25.0,27.0753,28.3228,30.6738,2380,0,120,6,12.3,35,staircase1,no_load,0.0
16.56951,0.516782,shoulder_lift,25.0,27.0753,28.3228,30.6738,2380,0,120,8,12.2,35,staircase1,no_load,0.0
16.580317,0.527589,shoulder_lift,25.0,27.0753,28.3228,30.6738,2380,0,120,7,12.3,35,staircase1,no_load,0.0
16.591274,0.538547,shoulder_lift,25.0,27.0753,28.3228,30.6738,2380,0,120,7,12.3,35,staircase1,no_load,0.0
16.602372,0.549645,shoulder_lift,25.0,27.0753,28.3228,30.6738,2380,0,120,7,12.3,35,staircase1,no_load,0.0
16.61318,0.560452,shoulder_lift,25.0,27.0753,28.3228,30.6738,2380,0,120,7,12.3,35,staircase1,no_load,0.0
16.624289,0.571561,shoulder_lift,25.0,27.0753,28.3228,30.6738,2380,0,120,8,12.3,35,staircase1,no_load,0.0
16.635279,0.582551,shoulder_lift,25.0,27.0753,28.3228,30.6738,2380,0,120,7,12.3,35,staircase1,no_load,0.0
16.646334,0.593606,shoulder_lift,25.0,27.0753,28.3228,30.6738,2380,0,120,7,12.3,35,staircase1,no_load,0.0
16.65718,0.604453,shoulder_lift,25.0,27.0753,28.3228,30.6738,2380,0,120,6,12.3,35,staircase1,no_load,0.0
16.66818,0.615453,shoulder_lift,25.0,27.0753,28.3228,30.6738,2380,0,120,8,12.3,35,staircase1,no_load,0.0
16.679184,0.626457,shoulder_lift,25.0,27.0753,28.3228,30.6738,2380,0,120,6,12.3,35,staircase1,no_load,0.0
16.690195,0.637468,shoulder_lift,25.0,27.0753,28.3228,30.6738,2380,0,120,7,12.3,35,staircase1,no_load,0.0
16.700738,0.648011,shoulder_lift,25.0,27.0753,28.3228,30.6738,2380,0,120,7,12.3,35,staircase1,no_load,0.0
16.711499,0.658772,shoulder_lift,25.0,27.0753,28.3228,30.6738,2380,0,120,6,12.3,35,staircase1,no_load,0.0
16.722459,0.669731,shoulder_lift,25.0,27.0753,28.3228,30.6738,2380,0,120,6,12.3,36,staircase1,no_load,0.0
16.732594,0.679866,shoulder_lift,25.0,27.0753,28.3228,30.6738,2380,0,120,6,12.3,35,staircase1,no_load,0.0
16.743466,0.690738,shoulder_lift,25.0,27.0753,28.3228,30.6738,2380,0,120,7,12.3,35,staircase1,no_load,0.0
16.75417,0.701443,shoulder_lift,25.0,27.0753,28.3228,30.6738,2380,0,120,6,12.3,35,staircase1,no_load,0.0
16.765206,0.712478,shoulder_lift,25.0,27.0753,28.3228,30.6738,2380,0,120,7,12.3,35,staircase1,no_load,0.0
16.776303,0.723575,shoulder_lift,25.0,27.0753,28.3228,30.6738,2380,0,120,7,12.3,35,staircase1,no_load,0.0
16.786946,0.734219,shoulder_lift,25.0,27.0753,28.3228,30.6738,2380,0,120,6,12.3,35,staircase1,no_load,0.0
16.79814,0.745412,shoulder_lift,25.0,27.0753,28.3228,30.6738,2380,0,120,8,12.3,35,staircase1,no_load,0.0
16.809238,0.75651,shoulder_lift,25.0,27.0753,28.3228,30.6738,2380,0,120,8,12.3,35,staircase1,no_load,0.0
16.81967,0.766942,shoulder_lift,25.0,27.0753,28.3228,30.6738,2380,0,120,6,12.2,35,staircase1,no_load,0.0
16.830402,0.777674,shoulder_lift,25.0,27.0753,28.3228,30.6738,2380,0,120,7,12.3,35,staircase1,no_load,0.0
16.841374,0.788646,shoulder_lift,25.0,27.0753,28.3228,30.6738,2380,0,120,7,12.3,35,staircase1,no_load,0.0
16.85235,0.799623,shoulder_lift,25.0,27.0753,28.3228,30.6738,2380,0,120,6,12.3,35,staircase1,no_load,0.0
16.863389,0.810662,shoulder_lift,25.0,27.0753,28.3228,30.6738,2380,0,120,7,12.3,35,staircase1,no_load,0.0
16.874052,0.821325,shoulder_lift,25.0,27.0753,28.3228,30.6738,2380,0,120,6,12.3,35,staircase1,no_load,0.0
16.88473,0.832003,shoulder_lift,25.0,27.0753,28.3228,30.6738,2380,0,120,6,12.3,35,staircase1,no_load,0.0
16.895612,0.842884,shoulder_lift,25.0,27.0753,28.3228,30.6738,2380,0,120,7,12.3,35,staircase1,no_load,0.0
16.906606,0.853878,shoulder_lift,25.0,27.0753,28.3228,30.6738,2380,0,120,6,12.3,35,staircase1,no_load,0.0
16.917313,0.864586,shoulder_lift,25.0,27.0753,28.3228,30.6738,2380,0,120,6,12.3,35,staircase1,no_load,0.0
16.928422,0.875694,shoulder_lift,25.0,27.0753,28.3228,30.6738,2380,0,120,8,12.3,35,staircase1,no_load,0.0
16.939554,0.886827,shoulder_lift,25.0,27.0753,28.3228,30.6738,2380,0,120,7,12.3,35,staircase1,no_load,0.0
16.950221,0.897493,shoulder_lift,25.0,27.0753,28.3228,30.6738,2380,0,120,7,12.3,35,staircase1,no_load,0.0
16.960979,0.908252,shoulder_lift,25.0,27.0753,28.3228,30.6738,2380,0,120,7,12.3,35,staircase1,no_load,0.0
16.971457,0.918729,shoulder_lift,25.0,27.0753,28.3228,30.6738,2380,0,120,6,12.3,35,staircase1,no_load,0.0
16.982448,0.92972,shoulder_lift,25.0,27.0753,28.3228,30.6738,2380,0,120,6,12.3,35,staircase1,no_load,0.0
16.992761,0.940033,shoulder_lift,25.0,27.0753,28.3228,30.6738,2380,0,120,6,12.3,35,staircase1,no_load,0.0
17.003211,0.950484,shoulder_lift,25.0,27.0753,28.3228,30.6738,2380,0,120,7,12.3,35,staircase1,no_load,0.0
17.013986,0.961258,shoulder_lift,25.0,27.0753,28.3228,30.6738,2380,0,120,7,12.3,35,staircase1,no_load,0.0
17.024158,0.971431,shoulder_lift,25.0,27.0753,28.3228,30.6738,2380,0,120,7,12.3,35,staircase1,no_load,0.0
17.034885,0.982157,shoulder_lift,25.0,27.0753,28.3228,30.6738,2380,0,120,7,12.3,35,staircase1,no_load,0.0
17.045505,0.992778,shoulder_lift,25.0,27.0753,28.3228,30.6738,2380,0,120,8,12.3,36,staircase1,no_load,0.0
17.056093,1.003365,shoulder_lift,25.0,27.0753,28.3228,30.6738,2380,0,120,7,12.3,35,staircase1,no_load,0.0
17.066872,1.014144,shoulder_lift,25.0,27.0753,28.3228,30.6738,2380,0,120,8,12.3,35,staircase1,no_load,0.0
17.077286,1.024558,shoulder_lift,25.0,27.0753,28.3228,30.6738,2380,0,120,7,12.3,35,staircase1,no_load,0.0
17.088237,1.03551,shoulder_lift,25.0,27.0753,28.3228,30.6738,2380,0,120,6,12.3,35,staircase1,no_load,0.0
17.098425,1.045697,shoulder_lift,25.0,27.0753,28.3228,30.6738,2380,0,120,7,12.3,35,staircase1,no_load,0.0
17.109094,1.056367,shoulder_lift,25.0,27.0753,28.3228,30.6738,2380,0,120,8,12.3,35,staircase1,no_load,0.0
17.119761,1.067033,shoulder_lift,25.0,27.0753,28.3228,30.6738,2380,0,120,7,12.3,35,staircase1,no_load,0.0
17.130436,1.077709,shoulder_lift,25.0,27.0753,28.3228,30.6738,2380,0,120,7,12.3,35,staircase1,no_load,0.0
17.140693,1.087965,shoulder_lift,25.0,27.0753,28.3228,30.6738,2380,0,120,7,12.3,35,staircase1,no_load,0.0
17.151423,1.098696,shoulder_lift,25.0,27.0753,28.3228,30.6738,2380,0,120,7,12.3,35,staircase1,no_load,0.0
17.16204,1.109313,shoulder_lift,25.0,27.0753,28.3228,30.6738,2380,0,120,7,12.3,35,staircase1,no_load,0.0
17.172701,1.119973,shoulder_lift,25.0,27.0753,28.3228,30.6738,2380,0,120,7,12.3,35,staircase1,no_load,0.0
17.183126,1.130399,shoulder_lift,25.0,27.0753,28.3228,30.6738,2380,0,120,7,12.3,35,staircase1,no_load,0.0
17.193446,1.140719,shoulder_lift,25.0,27.0753,28.3228,30.6738,2380,0,120,7,12.3,35,staircase1,no_load,0.0
17.203813,1.151085,shoulder_lift,25.0,27.0753,28.3228,30.6738,2380,0,120,6,12.3,35,staircase1,no_load,0.0
17.214254,1.161527,shoulder_lift,25.0,27.0753,28.3228,30.6738,2380,0,120,6,12.3,35,staircase1,no_load,0.0
17.224831,1.172103,shoulder_lift,25.0,27.0753,28.3228,30.6738,2380,0,120,7,12.2,35,staircase1,no_load,0.0
17.235377,1.182649,shoulder_lift,25.0,27.0753,28.3228,30.6738,2380,0,120,6,12.3,35,staircase1,no_load,0.0
17.246038,1.19331,shoulder_lift,25.0,27.0753,28.3228,30.6738,2380,0,120,8,12.3,35,staircase1,no_load,0.0
17.256603,1.203876,shoulder_lift,25.0,27.0753,28.3228,30.6738,2380,0,120,7,12.3,35,staircase1,no_load,0.0
17.267163,1.214436,shoulder_lift,25.0,27.0753,28.3228,30.6738,2380,0,120,6,12.3,35,staircase1,no_load,0.0
17.278182,1.225454,shoulder_lift,25.0,27.0753,28.3228,30.6738,2380,0,120,7,12.3,35,staircase1,no_load,0.0
17.288615,1.235887,shoulder_lift,25.0,27.0753,28.3228,30.6738,2380,0,120,6,12.3,35,staircase1,no_load,0.0
17.299642,1.246914,shoulder_lift,25.0,27.0753,28.3228,30.6738,2380,0,120,7,12.3,35,staircase1,no_load,0.0
17.31011,1.257382,shoulder_lift,25.0,27.0753,28.3228,30.6738,2380,0,120,9,12.3,35,staircase1,no_load,0.0
17.320782,1.268055,shoulder_lift,25.0,27.0753,28.3228,30.6738,2380,0,120,7,12.3,35,staircase1,no_load,0.0
17.331129,1.278401,shoulder_lift,25.0,27.0753,28.3228,30.6738,2380,0,120,6,12.3,35,staircase1,no_load,0.0
17.341518,1.28879,shoulder_lift,25.0,27.0753,28.3228,30.6738,2380,0,120,7,12.3,35,staircase1,no_load,0.0
17.352066,1.299339,shoulder_lift,25.0,27.0753,28.3228,30.6738,2380,0,120,6,12.3,35,staircase1,no_load,0.0
17.362525,1.309798,shoulder_lift,25.0,27.0753,28.3228,30.6738,2380,0,120,6,12.3,35,staircase1,no_load,0.0
17.372765,1.320038,shoulder_lift,25.0,27.0753,28.3228,30.6738,2380,0,120,6,12.3,35,staircase1,no_load,0.0
17.38382,1.331093,shoulder_lift,25.0,27.0753,28.3228,30.6738,2380,0,120,7,12.3,35,staircase1,no_load,0.0
17.394834,1.342106,shoulder_lift,25.0,27.0753,28.3228,30.6738,2380,0,120,6,12.3,35,staircase1,no_load,0.0
17.405635,1.352907,shoulder_lift,25.0,27.0753,28.3228,30.6738,2380,0,120,7,12.3,35,staircase1,no_load,0.0
17.416494,1.363767,shoulder_lift,25.0,27.0753,28.3228,30.6738,2380,0,120,7,12.3,36,staircase1,no_load,0.0
17.427217,1.374489,shoulder_lift,25.0,27.0753,28.3228,30.6738,2380,0,120,8,12.3,35,staircase1,no_load,0.0
17.437696,1.384969,shoulder_lift,25.0,27.0753,28.3228,30.6738,2380,0,120,7,12.3,35,staircase1,no_load,0.0
17.448496,1.395769,shoulder_lift,25.0,27.0753,28.3228,30.6738,2380,0,120,7,12.3,35,staircase1,no_load,0.0
17.459252,1.406525,shoulder_lift,25.0,27.0753,28.3228,30.6738,2380,0,120,6,12.3,35,staircase1,no_load,0.0
17.469755,1.417028,shoulder_lift,25.0,27.0753,28.3228,30.6738,2380,0,120,7,12.2,35,staircase1,no_load,0.0
17.480825,1.428097,shoulder_lift,25.0,27.0753,28.3228,30.6738,2380,0,120,6,12.3,35,staircase1,no_load,0.0
17.491772,1.439045,shoulder_lift,25.0,27.0753,28.3228,30.6738,2380,0,120,8,12.3,35,staircase1,no_load,0.0
17.502495,1.449767,shoulder_lift,25.0,27.0753,28.3228,30.6738,2380,0,120,6,12.2,35,staircase1,no_load,0.0
17.513218,1.460491,shoulder_lift,25.0,27.0753,28.3228,30.6738,2380,0,120,7,12.3,36,staircase1,no_load,0.0
17.5244,1.471673,shoulder_lift,25.0,27.0753,28.3228,30.6738,2380,0,120,7,12.3,35,staircase1,no_load,0.0
17.534831,1.482103,shoulder_lift,25.0,27.0753,28.3228,30.6738,2380,0,120,8,12.3,35,staircase1,no_load,0.0
17.545526,1.492799,shoulder_lift,25.0,27.0753,28.3228,30.6738,2380,0,120,7,12.3,35,staircase1,no_load,0.0
17.556485,1.503757,shoulder_lift,25.0,27.0753,28.3228,30.6738,2380,0,120,6,12.3,35,staircase1,no_load,0.0
17.567392,1.514664,shoulder_lift,25.0,27.0753,28.3228,30.6738,2380,0,120,9,12.2,35,staircase1,no_load,0.0
17.578305,1.525577,shoulder_lift,25.0,27.0753,28.3228,30.6738,2380,0,120,7,12.3,35,staircase1,no_load,0.0
17.589219,1.536491,shoulder_lift,25.0,27.0753,28.3228,30.6738,2380,0,120,7,12.3,35,staircase1,no_load,0.0
17.600167,1.54744,shoulder_lift,25.0,27.0753,28.3228,30.6738,2380,0,120,7,12.2,36,staircase1,no_load,0.0
17.610441,1.557714,shoulder_lift,25.0,27.0753,28.3228,30.6738,2380,0,120,6,12.3,35,staircase1,no_load,0.0
17.621081,1.568353,shoulder_lift,25.0,27.0753,28.3228,30.6738,2380,0,120,6,12.3,35,staircase1,no_load,0.0
17.632193,1.579466,shoulder_lift,25.0,27.0753,28.3228,30.6738,2380,0,120,6,12.3,35,staircase1,no_load,0.0
17.643183,1.590455,shoulder_lift,25.0,27.0753,28.3228,30.6738,2380,0,120,6,12.3,35,staircase1,no_load,0.0
17.654853,3e-06,shoulder_lift,12.5,27.0753,14.1614,30.6738,2380,0,124,7,12.3,35,staircase1,no_load,0.0
17.665633,0.010783,shoulder_lift,12.5,27.0753,14.1614,30.6738,2380,0,132,10,12.3,35,staircase1,no_load,0.0
17.676699,0.02185,shoulder_lift,12.5,27.0753,14.1614,30.6738,2380,0,168,12,12.3,35,staircase1,no_load,0.0
17.687089,0.032239,shoulder_lift,12.5,27.0753,14.1614,30.6738,2380,0,200,22,12.2,35,staircase1,no_load,0.0
17.698244,0.043395,shoulder_lift,12.5,26.9977,14.1614,30.5859,2379,0,284,24,12.2,36,staircase1,no_load,-7.88
17.708445,0.053595,shoulder_lift,12.5,26.7649,14.1614,30.3223,2376,-150,324,34,12.2,35,staircase1,no_load,-25.841
17.719102,0.064253,shoulder_lift,12.5,26.4546,14.1614,29.9707,2372,-150,392,40,12.2,35,staircase1,no_load,-32.992
17.730148,0.075298,shoulder_lift,12.5,25.9891,14.1614,29.4434,2366,-450,468,56,12.1,35,staircase1,no_load,-47.737
17.741266,0.086417,shoulder_lift,12.5,25.3685,14.1614,28.7402,2358,-450,524,61,12.1,35,staircase1,no_load,-63.249
17.752319,0.09747,shoulder_lift,12.5,24.5151,14.1614,27.7734,2347,-800,528,55,12.2,35,staircase1,no_load,-87.469
17.763417,0.108568,shoulder_lift,12.5,23.5842,14.1614,26.7188,2335,-800,536,52,12.2,35,staircase1,no_load,-95.026
17.774438,0.119588,shoulder_lift,12.5,22.4981,14.1614,25.4883,2321,-1100,468,22,12.2,35,staircase1,no_load,-111.65
17.785423,0.130573,shoulder_lift,12.5,21.4119,14.1614,24.2578,2307,-1100,448,24,12.3,35,staircase1,no_load,-112.016
17.79606,0.141211,shoulder_lift,12.5,20.2483,14.1614,22.9395,2292,-1300,360,8,12.3,35,staircase1,no_load,-123.935
17.807113,0.152264,shoulder_lift,12.5,19.2397,14.1614,21.7969,2279,-1250,312,3,12.3,35,staircase1,no_load,-103.375
17.818098,0.163249,shoulder_lift,12.5,18.3863,14.1614,20.8301,2268,-1250,232,0,12.3,36,staircase1,no_load,-88.011
17.828869,0.17402,shoulder_lift,12.5,17.6106,14.1614,19.9512,2258,-1000,200,0,12.3,35,staircase1,no_load,-81.599
17.84001,0.185161,shoulder_lift,12.5,16.9899,14.1614,19.248,2250,-1000,172,1,12.3,35,staircase1,no_load,-63.118
17.850909,0.196059,shoulder_lift,12.5,16.5244,14.1614,18.7207,2244,-650,164,3,12.3,35,staircase1,no_load,-48.381
17.862018,0.207169,shoulder_lift,12.5,16.2141,14.1614,18.3691,2240,-650,148,3,12.3,35,staircase1,no_load,-31.65
17.872726,0.217876,shoulder_lift,12.5,15.9814,14.1614,18.1055,2237,-400,164,7,12.4,35,staircase1,no_load,-24.617
17.883524,0.228675,shoulder_lift,12.5,15.8262,14.1614,17.9297,2235,-400,156,6,12.3,35,staircase1,no_load,-16.281
17.8945,0.23965,shoulder_lift,12.5,15.6711,14.1614,17.7539,2233,-200,164,12,12.3,36,staircase1,no_load,-16.017
17.905472,0.250622,shoulder_lift,12.5,15.5935,14.1614,17.666,2232,-200,160,13,12.3,36,staircase1,no_load,-8.011
17.916426,0.261577,shoulder_lift,12.5,15.5159,14.1614,17.5781,2231,-100,152,11,12.3,35,staircase1,no_load,-8.024
17.927705,0.272856,shoulder_lift,12.5,15.3607,14.1614,17.4023,2229,-150,148,7,12.3,35,staircase1,no_load,-15.586
17.938479,0.283629,shoulder_lift,12.5,15.2832,14.1614,17.3145,2228,-150,144,7,12.2,35,staircase1,no_load,-8.149
17.949323,0.294474,shoulder_lift,12.5,15.128,14.1614,17.1387,2226,-150,136,6,12.3,35,staircase1,no_load,-16.212
17.96,0.305151,shoulder_lift,12.5,15.0504,14.1614,17.0508,2225,-150,128,7,12.3,35,staircase1,no_load,-8.233
17.970666,0.315816,shoulder_lift,12.5,14.9728,14.1614,16.9629,2224,-100,132,6,12.3,36,staircase1,no_load,-8.241
17.981743,0.326893,shoulder_lift,12.5,14.8953,14.1614,16.875,2223,-100,128,7,12.3,35,staircase1,no_load,-7.935
17.992495,0.337646,shoulder_lift,12.5,14.8177,14.1614,16.7871,2222,-50,128,5,12.3,35,staircase1,no_load,-8.175
18.002947,0.348097,shoulder_lift,12.5,14.8177,14.1614,16.7871,2222,-50,128,6,12.3,36,staircase1,no_load,0.0
18.013933,0.359083,shoulder_lift,12.5,14.7401,14.1614,16.6992,2221,-50,120,7,12.3,35,staircase1,no_load,-8.001
18.024922,0.370073,shoulder_lift,12.5,14.7401,14.1614,16.6992,2221,-50,120,6,12.3,35,staircase1,no_load,0.0
18.035294,0.380445,shoulder_lift,12.5,14.7401,14.1614,16.6992,2221,-50,128,7,12.3,35,staircase1,no_load,0.0
18.046373,0.391524,shoulder_lift,12.5,14.7401,14.1614,16.6992,2221,0,128,7,12.3,35,staircase1,no_load,0.0
18.056667,0.401818,shoulder_lift,12.5,14.7401,14.1614,16.6992,2221,0,128,6,12.3,35,staircase1,no_load,0.0
18.067688,0.412839,shoulder_lift,12.5,14.6625,14.1614,16.6113,2220,-50,124,6,12.3,35,staircase1,no_load,-7.976
18.078761,0.423912,shoulder_lift,12.5,14.6625,14.1614,16.6113,2220,-50,120,7,12.3,35,staircase1,no_load,0.0
18.089861,0.435012,shoulder_lift,12.5,14.6625,14.1614,16.6113,2220,0,124,8,12.3,35,staircase1,no_load,0.0
18.100533,0.445684,shoulder_lift,12.5,14.6625,14.1614,16.6113,2220,0,124,7,12.3,35,staircase1,no_load,0.0
18.111416,0.456567,shoulder_lift,12.5,14.6625,14.1614,16.6113,2220,0,124,6,12.3,35,staircase1,no_load,0.0
18.122236,0.467387,shoulder_lift,12.5,14.6625,14.1614,16.6113,2220,0,124,7,12.3,35,staircase1,no_load,0.0
18.133345,0.478496,shoulder_lift,12.5,14.6625,14.1614,16.6113,2220,0,124,6,12.3,35,staircase1,no_load,0.0
18.14428,0.489431,shoulder_lift,12.5,14.6625,14.1614,16.6113,2220,0,124,8,12.3,35,staircase1,no_load,0.0
18.155234,0.500384,shoulder_lift,12.5,14.6625,14.1614,16.6113,2220,0,124,7,12.3,35,staircase1,no_load,0.0
18.165945,0.511096,shoulder_lift,12.5,14.6625,14.1614,16.6113,2220,0,124,8,12.3,35,staircase1,no_load,0.0
18.176902,0.522053,shoulder_lift,12.5,14.6625,14.1614,16.6113,2220,0,124,7,12.3,35,staircase1,no_load,0.0
18.187612,0.532763,shoulder_lift,12.5,14.6625,14.1614,16.6113,2220,0,124,8,12.3,35,staircase1,no_load,0.0
18.198671,0.543822,shoulder_lift,12.5,14.6625,14.1614,16.6113,2220,0,124,8,12.3,35,staircase1,no_load,0.0
18.209708,0.554858,shoulder_lift,12.5,14.6625,14.1614,16.6113,2220,0,124,7,12.3,35,staircase1,no_load,0.0
18.220501,0.565652,shoulder_lift,12.5,14.6625,14.1614,16.6113,2220,0,124,9,12.3,35,staircase1,no_load,0.0
18.231498,0.576649,shoulder_lift,12.5,14.6625,14.1614,16.6113,2220,0,124,7,12.3,35,staircase1,no_load,0.0
18.24219,0.58734,shoulder_lift,12.5,14.6625,14.1614,16.6113,2220,0,124,8,12.3,36,staircase1,no_load,0.0
18.252978,0.598129,shoulder_lift,12.5,14.6625,14.1614,16.6113,2220,0,124,7,12.3,35,staircase1,no_load,0.0
18.263881,0.609032,shoulder_lift,12.5,14.6625,14.1614,16.6113,2220,0,124,7,12.3,35,staircase1,no_load,0.0
18.274603,0.619753,shoulder_lift,12.5,14.6625,14.1614,16.6113,2220,0,124,7,12.3,35,staircase1,no_load,0.0
18.285664,0.630815,shoulder_lift,12.5,14.6625,14.1614,16.6113,2220,0,124,8,12.3,35,staircase1,no_load,0.0
18.29641,0.641561,shoulder_lift,12.5,14.6625,14.1614,16.6113,2220,0,124,6,12.3,35,staircase1,no_load,0.0
18.307102,0.652253,shoulder_lift,12.5,14.6625,14.1614,16.6113,2220,0,124,8,12.3,35,staircase1,no_load,0.0
18.317625,0.662776,shoulder_lift,12.5,14.6625,14.1614,16.6113,2220,0,124,7,12.3,35,staircase1,no_load,0.0
18.327917,0.673068,shoulder_lift,12.5,14.6625,14.1614,16.6113,2220,0,124,7,12.3,35,staircase1,no_load,0.0
18.338386,0.683537,shoulder_lift,12.5,14.6625,14.1614,16.6113,2220,0,124,6,12.3,35,staircase1,no_load,0.0
18.349273,0.694424,shoulder_lift,12.5,14.6625,14.1614,16.6113,2220,0,124,7,12.3,36,staircase1,no_load,0.0
18.36011,0.705261,shoulder_lift,12.5,14.6625,14.1614,16.6113,2220,0,124,7,12.3,35,staircase1,no_load,0.0
18.370908,0.716059,shoulder_lift,12.5,14.6625,14.1614,16.6113,2220,0,124,7,12.3,36,staircase1,no_load,0.0
18.381943,0.727094,shoulder_lift,12.5,14.6625,14.1614,16.6113,2220,0,124,7,12.3,36,staircase1,no_load,0.0
18.392846,0.737997,shoulder_lift,12.5,14.6625,14.1614,16.6113,2220,0,124,7,12.3,35,staircase1,no_load,0.0
18.403688,0.748839,shoulder_lift,12.5,14.6625,14.1614,16.6113,2220,0,124,8,12.3,35,staircase1,no_load,0.0
18.414449,0.7596,shoulder_lift,12.5,14.6625,14.1614,16.6113,2220,0,124,7,12.3,35,staircase1,no_load,0.0
18.425598,0.770749,shoulder_lift,12.5,14.6625,14.1614,16.6113,2220,0,124,6,12.2,35,staircase1,no_load,0.0
18.435774,0.780925,shoulder_lift,12.5,14.6625,14.1614,16.6113,2220,0,124,7,12.3,35,staircase1,no_load,0.0
18.446711,0.791862,shoulder_lift,12.5,14.6625,14.1614,16.6113,2220,0,124,7,12.3,37,staircase1,no_load,0.0
18.457444,0.802595,shoulder_lift,12.5,14.6625,14.1614,16.6113,2220,0,124,8,12.3,35,staircase1,no_load,0.0
18.468369,0.813519,shoulder_lift,12.5,14.6625,14.1614,16.6113,2220,0,124,8,12.3,35,staircase1,no_load,0.0
18.479256,0.824407,shoulder_lift,12.5,14.6625,14.1614,16.6113,2220,0,124,7,12.3,35,staircase1,no_load,0.0
18.490224,0.835374,shoulder_lift,12.5,14.6625,14.1614,16.6113,2220,0,124,7,12.3,35,staircase1,no_load,0.0
18.500963,0.846113,shoulder_lift,12.5,14.6625,14.1614,16.6113,2220,0,124,7,12.3,35,staircase1,no_load,0.0
18.511882,0.857033,shoulder_lift,12.5,14.6625,14.1614,16.6113,2220,0,124,8,12.3,35,staircase1,no_load,0.0
18.522779,0.86793,shoulder_lift,12.5,14.6625,14.1614,16.6113,2220,0,124,9,12.3,35,staircase1,no_load,0.0
18.533031,0.878182,shoulder_lift,12.5,14.6625,14.1614,16.6113,2220,0,124,7,12.3,35,staircase1,no_load,0.0
18.543593,0.888744,shoulder_lift,12.5,14.6625,14.1614,16.6113,2220,0,124,6,12.3,35,staircase1,no_load,0.0
18.554517,0.899667,shoulder_lift,12.5,14.6625,14.1614,16.6113,2220,0,124,8,12.3,35,staircase1,no_load,0.0
18.565381,0.910532,shoulder_lift,12.5,14.6625,14.1614,16.6113,2220,0,124,8,12.3,35,staircase1,no_load,0.0
18.576246,0.921396,shoulder_lift,12.5,14.6625,14.1614,16.6113,2220,0,124,7,12.3,35,staircase1,no_load,0.0
18.586944,0.932095,shoulder_lift,12.5,14.6625,14.1614,16.6113,2220,0,124,8,12.3,35,staircase1,no_load,0.0
18.598076,0.943227,shoulder_lift,12.5,14.6625,14.1614,16.6113,2220,0,124,7,12.2,35,staircase1,no_load,0.0
18.608925,0.954076,shoulder_lift,12.5,14.6625,14.1614,16.6113,2220,0,124,9,12.3,35,staircase1,no_load,0.0
18.619156,0.964307,shoulder_lift,12.5,14.6625,14.1614,16.6113,2220,0,124,8,12.3,35,staircase1,no_load,0.0
18.629961,0.975112,shoulder_lift,12.5,14.6625,14.1614,16.6113,2220,0,124,7,12.3,35,staircase1,no_load,0.0
18.640635,0.985786,shoulder_lift,12.5,14.6625,14.1614,16.6113,2220,0,124,7,12.3,35,staircase1,no_load,0.0
18.651648,0.996799,shoulder_lift,12.5,14.6625,14.1614,16.6113,2220,0,124,7,12.2,35,staircase1,no_load,0.0
18.66245,1.007601,shoulder_lift,12.5,14.6625,14.1614,16.6113,2220,0,124,9,12.3,35,staircase1,no_load,0.0
18.673181,1.018331,shoulder_lift,12.5,14.6625,14.1614,16.6113,2220,0,124,7,12.3,35,staircase1,no_load,0.0
18.684341,1.029491,shoulder_lift,12.5,14.6625,14.1614,16.6113,2220,0,124,6,12.2,35,staircase1,no_load,0.0
18.69532,1.040471,shoulder_lift,12.5,14.6625,14.1614,16.6113,2220,0,124,7,12.3,35,staircase1,no_load,0.0
18.705737,1.050887,shoulder_lift,12.5,14.6625,14.1614,16.6113,2220,0,124,9,12.3,35,staircase1,no_load,0.0
18.716813,1.061964,shoulder_lift,12.5,14.6625,14.1614,16.6113,2220,0,124,7,12.3,35,staircase1,no_load,0.0
18.727733,1.072884,shoulder_lift,12.5,14.6625,14.1614,16.6113,2220,0,124,7,12.3,35,staircase1,no_load,0.0
18.738305,1.083456,shoulder_lift,12.5,14.6625,14.1614,16.6113,2220,0,124,8,12.3,35,staircase1,no_load,0.0
18.749322,1.094473,shoulder_lift,12.5,14.6625,14.1614,16.6113,2220,0,124,7,12.3,35,staircase1,no_load,0.0
18.760182,1.105333,shoulder_lift,12.5,14.6625,14.1614,16.6113,2220,0,124,7,12.3,35,staircase1,no_load,0.0
18.771045,1.116196,shoulder_lift,12.5,14.6625,14.1614,16.6113,2220,0,124,9,12.3,35,staircase1,no_load,0.0
18.782182,1.127333,shoulder_lift,12.5,14.6625,14.1614,16.6113,2220,0,124,9,12.3,35,staircase1,no_load,0.0
18.793132,1.138283,shoulder_lift,12.5,14.6625,14.1614,16.6113,2220,0,124,9,12.3,35,staircase1,no_load,0.0
18.803968,1.149119,shoulder_lift,12.5,14.6625,14.1614,16.6113,2220,0,124,8,12.3,35,staircase1,no_load,0.0
18.814688,1.159839,shoulder_lift,12.5,14.6625,14.1614,16.6113,2220,0,124,7,12.2,35,staircase1,no_load,0.0
18.825742,1.170893,shoulder_lift,12.5,14.6625,14.1614,16.6113,2220,0,124,8,12.3,35,staircase1,no_load,0.0
18.836422,1.181573,shoulder_lift,12.5,14.6625,14.1614,16.6113,2220,0,124,9,12.3,36,staircase1,no_load,0.0
18.847103,1.192254,shoulder_lift,12.5,14.6625,14.1614,16.6113,2220,0,124,9,12.3,35,staircase1,no_load,0.0
18.858204,1.203355,shoulder_lift,12.5,14.6625,14.1614,16.6113,2220,0,124,10,12.3,35,staircase1,no_load,0.0
18.868908,1.214059,shoulder_lift,12.5,14.6625,14.1614,16.6113,2220,0,124,7,12.3,35,staircase1,no_load,0.0
18.879596,1.224747,shoulder_lift,12.5,14.6625,14.1614,16.6113,2220,0,124,8,12.3,35,staircase1,no_load,0.0
18.890373,1.235523,shoulder_lift,12.5,14.6625,14.1614,16.6113,2220,0,124,7,12.3,35,staircase1,no_load,0.0
18.901362,1.246513,shoulder_lift,12.5,14.6625,14.1614,16.6113,2220,0,124,7,12.3,35,staircase1,no_load,0.0
18.912342,1.257493,shoulder_lift,12.5,14.6625,14.1614,16.6113,2220,0,124,7,12.3,35,staircase1,no_load,0.0
18.923202,1.268353,shoulder_lift,12.5,14.6625,14.1614,16.6113,2220,0,124,9,12.3,35,staircase1,no_load,0.0
18.934303,1.279453,shoulder_lift,12.5,14.6625,14.1614,16.6113,2220,0,124,7,12.3,35,staircase1,no_load,0.0
18.945378,1.290529,shoulder_lift,12.5,14.6625,14.1614,16.6113,2220,0,124,8,12.3,35,staircase1,no_load,0.0
18.956264,1.301415,shoulder_lift,12.5,14.6625,14.1614,16.6113,2220,0,124,7,12.3,35,staircase1,no_load,0.0
18.966786,1.311937,shoulder_lift,12.5,14.6625,14.1614,16.6113,2220,0,124,8,12.2,35,staircase1,no_load,0.0
18.977816,1.322967,shoulder_lift,12.5,14.6625,14.1614,16.6113,2220,0,124,9,12.3,35,staircase1,no_load,0.0
18.988846,1.333996,shoulder_lift,12.5,14.6625,14.1614,16.6113,2220,0,124,7,12.3,35,staircase1,no_load,0.0
18.999804,1.344955,shoulder_lift,12.5,14.6625,14.1614,16.6113,2220,0,124,9,12.3,35,staircase1,no_load,0.0
19.010668,1.355818,shoulder_lift,12.5,14.6625,14.1614,16.6113,2220,0,124,7,12.3,35,staircase1,no_load,0.0
19.021639,1.36679,shoulder_lift,12.5,14.6625,14.1614,16.6113,2220,0,124,7,12.3,35,staircase1,no_load,0.0
19.032613,1.377764,shoulder_lift,12.5,14.6625,14.1614,16.6113,2220,0,124,9,12.3,35,staircase1,no_load,0.0
19.043201,1.388352,shoulder_lift,12.5,14.6625,14.1614,16.6113,2220,0,124,7,12.3,35,staircase1,no_load,0.0
19.053898,1.399049,shoulder_lift,12.5,14.6625,14.1614,16.6113,2220,0,124,7,12.3,35,staircase1,no_load,0.0
19.064944,1.410094,shoulder_lift,12.5,14.6625,14.1614,16.6113,2220,0,124,9,12.3,35,staircase1,no_load,0.0
19.075717,1.420868,shoulder_lift,12.5,14.6625,14.1614,16.6113,2220,0,124,7,12.3,35,staircase1,no_load,0.0
19.08635,1.431501,shoulder_lift,12.5,14.6625,14.1614,16.6113,2220,0,124,7,12.3,35,staircase1,no_load,0.0
19.097439,1.44259,shoulder_lift,12.5,14.6625,14.1614,16.6113,2220,0,124,8,12.3,35,staircase1,no_load,0.0
19.108469,1.45362,shoulder_lift,12.5,14.6625,14.1614,16.6113,2220,0,124,8,12.3,35,staircase1,no_load,0.0
19.119138,1.464289,shoulder_lift,12.5,14.6625,14.1614,16.6113,2220,0,124,7,12.3,35,staircase1,no_load,0.0
19.130149,1.475299,shoulder_lift,12.5,14.6625,14.1614,16.6113,2220,0,124,6,12.3,36,staircase1,no_load,0.0
19.140864,1.486015,shoulder_lift,12.5,14.6625,14.1614,16.6113,2220,0,124,8,12.3,35,staircase1,no_load,0.0
19.152022,1.497173,shoulder_lift,12.5,14.6625,14.1614,16.6113,2220,0,124,7,12.3,35,staircase1,no_load,0.0
19.162734,1.507885,shoulder_lift,12.5,14.6625,14.1614,16.6113,2220,0,124,7,12.3,35,staircase1,no_load,0.0
19.173876,1.519026,shoulder_lift,12.5,14.6625,14.1614,16.6113,2220,0,124,7,12.3,36,staircase1,no_load,0.0
19.184914,1.530065,shoulder_lift,12.5,14.6625,14.1614,16.6113,2220,0,124,9,12.3,35,staircase1,no_load,0.0
19.195748,1.540899,shoulder_lift,12.5,14.6625,14.1614,16.6113,2220,0,124,7,12.3,35,staircase1,no_load,0.0
19.206473,1.551623,shoulder_lift,12.5,14.6625,14.1614,16.6113,2220,0,124,7,12.2,35,staircase1,no_load,0.0
19.217491,1.562642,shoulder_lift,12.5,14.6625,14.1614,16.6113,2220,0,124,6,12.3,36,staircase1,no_load,0.0
19.228535,1.573686,shoulder_lift,12.5,14.6625,14.1614,16.6113,2220,0,124,7,12.3,35,staircase1,no_load,0.0
19.239794,1.584944,shoulder_lift,12.5,14.6625,14.1614,16.6113,2220,0,124,7,12.3,35,staircase1,no_load,0.0
19.250806,1.595957,shoulder_lift,12.5,14.6625,14.1614,16.6113,2220,0,124,7,12.3,35,staircase1,no_load,0.0
19.263009,4e-06,shoulder_lift,0.0,14.6625,0.0,16.6113,2220,0,128,9,12.3,35,staircase1,no_load,0.0
19.27356,0.010555,shoulder_lift,0.0,14.6625,0.0,16.6113,2220,0,140,9,12.3,35,staircase1,no_load,0.0
19.284542,0.021536,shoulder_lift,0.0,14.6625,0.0,16.6113,2220,0,164,22,12.4,35,staircase1,no_load,0.0
19.29569,0.032685,shoulder_lift,0.0,14.6625,0.0,16.6113,2220,0,220,19,12.3,35,staircase1,no_load,0.0
19.306185,0.04318,shoulder_lift,0.0,14.5074,0.0,16.4355,2218,-50,296,33,12.2,35,staircase1,no_load,-16.751
19.316853,0.053848,shoulder_lift,0.0,14.3522,0.0,16.2598,2216,-50,340,40,12.2,35,staircase1,no_load,-16.47
19.327135,0.064129,shoulder_lift,0.0,13.9643,0.0,15.8203,2211,-300,396,42,12.2,35,staircase1,no_load,-42.745
19.337282,0.074277,shoulder_lift,0.0,13.4988,0.0,15.293,2205,-300,448,50,12.1,35,staircase1,no_load,-51.966
19.347595,0.084589,shoulder_lift,0.0,12.9558,0.0,14.6777,2198,-650,504,55,12.2,35,staircase1,no_load,-59.663
19.35824,0.095234,shoulder_lift,0.0,12.18,0.0,13.7988,2188,-650,536,58,12.1,35,staircase1,no_load,-82.565
19.368676,0.105671,shoulder_lift,0.0,11.249,0.0,12.7441,2176,-950,500,40,12.2,35,staircase1,no_load,-101.064
19.379457,0.116452,shoulder_lift,0.0,10.1629,0.0,11.5137,2162,-950,500,34,12.2,35,staircase1,no_load,-114.127
19.390219,0.127214,shoulder_lift,0.0,9.0768,0.0,10.2832,2148,-1300,424,12,12.3,35,staircase1,no_load,-114.337
19.400945,0.13794,shoulder_lift,0.0,7.9907,0.0,9.0527,2134,-1300,392,12,12.3,35,staircase1,no_load,-114.721
19.411837,0.148832,shoulder_lift,0.0,6.9046,0.0,7.8223,2120,-1250,308,3,12.3,35,staircase1,no_load,-112.964
19.422953,0.159948,shoulder_lift,0.0,5.9736,0.0,6.7676,2108,-1150,260,0,12.3,35,staircase1,no_load,-94.881
19.433726,0.170721,shoulder_lift,0.0,5.1202,0.0,5.8008,2097,-1150,184,0,12.3,36,staircase1,no_load,-89.743
19.444912,0.181906,shoulder_lift,0.0,4.4996,0.0,5.0977,2089,-850,152,2,12.3,35,staircase1,no_load,-62.855
19.45581,0.192805,shoulder_lift,0.0,4.0341,0.0,4.5703,2083,-850,160,1,12.3,35,staircase1,no_load,-48.394
19.466989,0.203984,shoulder_lift,0.0,3.6462,0.0,4.1309,2078,-500,160,3,12.3,35,staircase1,no_load,-39.306
19.477822,0.214817,shoulder_lift,0.0,3.4135,0.0,3.8672,2075,-500,148,4,12.3,35,staircase1,no_load,-24.342
19.488821,0.225816,shoulder_lift,0.0,3.2583,0.0,3.6914,2073,-300,160,6,12.3,35,staircase1,no_load,-15.983
19.499778,0.236773,shoulder_lift,0.0,3.1032,0.0,3.5156,2071,-300,152,7,12.3,36,staircase1,no_load,-16.045
19.510521,0.247516,shoulder_lift,0.0,3.0256,0.0,3.4277,2070,-200,152,8,12.3,35,staircase1,no_load,-8.182
19.521598,0.258593,shoulder_lift,0.0,2.948,0.0,3.3398,2069,-200,148,7,12.3,35,staircase1,no_load,-7.935
19.532715,0.269709,shoulder_lift,0.0,2.7929,0.0,3.1641,2067,-100,148,7,12.3,35,staircase1,no_load,-15.805
19.543106,0.280101,shoulder_lift,0.0,2.6377,0.0,2.9883,2065,-150,140,7,12.3,35,staircase1,no_load,-16.918
19.553765,0.29076,shoulder_lift,0.0,2.5601,0.0,2.9004,2064,-150,128,6,12.3,35,staircase1,no_load,-8.247
19.564882,0.301877,shoulder_lift,0.0,2.405,0.0,2.7246,2062,-150,124,7,12.3,35,staircase1,no_load,-15.814
19.575708,0.312703,shoulder_lift,0.0,2.3274,0.0,2.6367,2061,-150,120,4,12.3,35,staircase1,no_load,-8.119
19.586498,0.323493,shoulder_lift,0.0,2.2498,0.0,2.5488,2060,-100,120,5,12.3,35,staircase1,no_load,-8.146
19.597588,0.334583,shoulder_lift,0.0,2.1722,0.0,2.4609,2059,-100,116,5,12.3,35,staircase1,no_load,-7.926
19.608724,0.345718,shoulder_lift,0.0,2.1722,0.0,2.4609,2059,-50,120,8,12.3,35,staircase1,no_load,0.0
19.619284,0.356278,shoulder_lift,0.0,2.1722,0.0,2.4609,2059,-50,120,7,12.3,35,staircase1,no_load,0.0
19.630392,0.367387,shoulder_lift,0.0,2.1722,0.0,2.4609,2059,0,124,9,12.3,35,staircase1,no_load,0.0
19.641291,0.378286,shoulder_lift,0.0,2.1722,0.0,2.4609,2059,0,124,7,12.3,35,staircase1,no_load,0.0
19.652038,0.389033,shoulder_lift,0.0,2.1722,0.0,2.4609,2059,0,124,7,12.3,35,staircase1,no_load,0.0
19.662427,0.399421,shoulder_lift,0.0,2.1722,0.0,2.4609,2059,0,124,6,12.2,35,staircase1,no_load,0.0
19.672852,0.409847,shoulder_lift,0.0,2.1722,0.0,2.4609,2059,0,124,7,12.3,35,staircase1,no_load,0.0
19.68309,0.420084,shoulder_lift,0.0,2.1722,0.0,2.4609,2059,0,124,7,12.3,35,staircase1,no_load,0.0
19.693823,0.430817,shoulder_lift,0.0,2.1722,0.0,2.4609,2059,0,124,8,12.3,35,staircase1,no_load,0.0
19.704165,0.441159,shoulder_lift,0.0,2.1722,0.0,2.4609,2059,0,124,7,12.3,35,staircase1,no_load,0.0
19.714923,0.451918,shoulder_lift,0.0,2.1722,0.0,2.4609,2059,0,124,7,12.3,35,staircase1,no_load,0.0
19.72591,0.462905,shoulder_lift,0.0,2.1722,0.0,2.4609,2059,0,124,9,12.3,36,staircase1,no_load,0.0
19.736135,0.47313,shoulder_lift,0.0,2.1722,0.0,2.4609,2059,0,124,7,12.3,35,staircase1,no_load,0.0
19.747327,0.484322,shoulder_lift,0.0,2.1722,0.0,2.4609,2059,0,124,7,12.3,35,staircase1,no_load,0.0
19.758448,0.495442,shoulder_lift,0.0,2.1722,0.0,2.4609,2059,0,124,7,12.3,36,staircase1,no_load,0.0
19.769123,0.506118,shoulder_lift,0.0,2.1722,0.0,2.4609,2059,0,124,7,12.3,36,staircase1,no_load,0.0
19.780038,0.517032,shoulder_lift,0.0,2.1722,0.0,2.4609,2059,0,124,7,12.3,35,staircase1,no_load,0.0
19.790981,0.527975,shoulder_lift,0.0,2.1722,0.0,2.4609,2059,0,124,7,12.3,35,staircase1,no_load,0.0
19.801967,0.538962,shoulder_lift,0.0,2.1722,0.0,2.4609,2059,0,124,8,12.2,35,staircase1,no_load,0.0
19.812535,0.54953,shoulder_lift,0.0,2.1722,0.0,2.4609,2059,0,124,7,12.3,36,staircase1,no_load,0.0
19.823061,0.560056,shoulder_lift,0.0,2.1722,0.0,2.4609,2059,0,124,7,12.3,35,staircase1,no_load,0.0
19.834259,0.571254,shoulder_lift,0.0,2.1722,0.0,2.4609,2059,0,124,7,12.3,35,staircase1,no_load,0.0
19.845108,0.582103,shoulder_lift,0.0,2.1722,0.0,2.4609,2059,0,124,7,12.3,35,staircase1,no_load,0.0
19.856297,0.593292,shoulder_lift,0.0,2.1722,0.0,2.4609,2059,0,124,7,12.3,35,staircase1,no_load,0.0
19.867407,0.604401,shoulder_lift,0.0,2.1722,0.0,2.4609,2059,0,124,6,12.3,36,staircase1,no_load,0.0
19.878199,0.615194,shoulder_lift,0.0,2.1722,0.0,2.4609,2059,0,124,7,12.3,36,staircase1,no_load,0.0
19.889361,0.626355,shoulder_lift,0.0,2.1722,0.0,2.4609,2059,0,124,7,12.3,35,staircase1,no_load,0.0
19.900172,0.637167,shoulder_lift,0.0,2.1722,0.0,2.4609,2059,0,124,9,12.3,35,staircase1,no_load,0.0
19.911164,0.648158,shoulder_lift,0.0,2.1722,0.0,2.4609,2059,0,124,7,12.3,35,staircase1,no_load,0.0
19.922262,0.659257,shoulder_lift,0.0,2.1722,0.0,2.4609,2059,0,124,7,12.3,36,staircase1,no_load,0.0
19.933387,0.670382,shoulder_lift,0.0,2.1722,0.0,2.4609,2059,0,124,7,12.3,35,staircase1,no_load,0.0
19.943917,0.680912,shoulder_lift,0.0,2.1722,0.0,2.4609,2059,0,124,9,12.3,35,staircase1,no_load,0.0
19.954819,0.691814,shoulder_lift,0.0,2.1722,0.0,2.4609,2059,0,124,9,12.3,35,staircase1,no_load,0.0
19.965302,0.702296,shoulder_lift,0.0,2.1722,0.0,2.4609,2059,0,124,7,12.3,35,staircase1,no_load,0.0
19.976519,0.713513,shoulder_lift,0.0,2.1722,0.0,2.4609,2059,0,124,7,12.2,37,staircase1,no_load,0.0
19.98739,0.724385,shoulder_lift,0.0,2.1722,0.0,2.4609,2059,0,124,7,12.3,35,staircase1,no_load,0.0
19.998324,0.735319,shoulder_lift,0.0,2.1722,0.0,2.4609,2059,0,124,7,12.3,35,staircase1,no_load,0.0
20.00926,0.746255,shoulder_lift,0.0,2.1722,0.0,2.4609,2059,0,124,6,12.2,35,staircase1,no_load,0.0
20.019806,0.7568,shoulder_lift,0.0,2.1722,0.0,2.4609,2059,0,124,8,12.4,35,staircase1,no_load,0.0
20.030638,0.767633,shoulder_lift,0.0,2.1722,0.0,2.4609,2059,0,124,7,12.3,35,staircase1,no_load,0.0
20.041275,0.77827,shoulder_lift,0.0,2.1722,0.0,2.4609,2059,0,124,7,12.3,36,staircase1,no_load,0.0
20.051898,0.788893,shoulder_lift,0.0,2.1722,0.0,2.4609,2059,0,124,8,12.3,35,staircase1,no_load,0.0
20.062944,0.799938,shoulder_lift,0.0,2.1722,0.0,2.4609,2059,0,124,8,12.3,35,staircase1,no_load,0.0
20.073369,0.810363,shoulder_lift,0.0,2.1722,0.0,2.4609,2059,0,124,7,12.3,35,staircase1,no_load,0.0
20.084242,0.821237,shoulder_lift,0.0,2.1722,0.0,2.4609,2059,0,124,9,12.3,35,staircase1,no_load,0.0
20.095265,0.83226,shoulder_lift,0.0,2.1722,0.0,2.4609,2059,0,124,8,12.2,35,staircase1,no_load,0.0
20.106007,0.843002,shoulder_lift,0.0,2.1722,0.0,2.4609,2059,0,124,7,12.3,35,staircase1,no_load,0.0
20.117085,0.85408,shoulder_lift,0.0,2.1722,0.0,2.4609,2059,0,124,7,12.3,35,staircase1,no_load,0.0
20.127824,0.864819,shoulder_lift,0.0,2.1722,0.0,2.4609,2059,0,124,6,12.3,35,staircase1,no_load,0.0
20.138798,0.875793,shoulder_lift,0.0,2.1722,0.0,2.4609,2059,0,124,6,12.3,35,staircase1,no_load,0.0
20.149983,0.886978,shoulder_lift,0.0,2.1722,0.0,2.4609,2059,0,124,9,12.3,35,staircase1,no_load,0.0
20.160893,0.897888,shoulder_lift,0.0,2.1722,0.0,2.4609,2059,0,124,7,12.2,35,staircase1,no_load,0.0
20.171974,0.908969,shoulder_lift,0.0,2.1722,0.0,2.4609,2059,0,124,7,12.3,35,staircase1,no_load,0.0
20.183008,0.920002,shoulder_lift,0.0,2.1722,0.0,2.4609,2059,0,124,6,12.3,35,staircase1,no_load,0.0
20.194054,0.931049,shoulder_lift,0.0,2.1722,0.0,2.4609,2059,0,124,9,12.2,35,staircase1,no_load,0.0
20.205152,0.942147,shoulder_lift,0.0,2.1722,0.0,2.4609,2059,0,124,8,12.3,35,staircase1,no_load,0.0
20.21602,0.953015,shoulder_lift,0.0,2.1722,0.0,2.4609,2059,0,124,8,12.2,35,staircase1,no_load,0.0
20.226857,0.963852,shoulder_lift,0.0,2.1722,0.0,2.4609,2059,0,124,7,12.3,36,staircase1,no_load,0.0
20.237797,0.974792,shoulder_lift,0.0,2.1722,0.0,2.4609,2059,0,124,7,12.3,35,staircase1,no_load,0.0
20.248665,0.98566,shoulder_lift,0.0,2.1722,0.0,2.4609,2059,0,124,7,12.3,35,staircase1,no_load,0.0
20.259668,0.996663,shoulder_lift,0.0,2.1722,0.0,2.4609,2059,0,124,7,12.3,35,staircase1,no_load,0.0
20.270192,1.007187,shoulder_lift,0.0,2.1722,0.0,2.4609,2059,0,124,6,12.3,35,staircase1,no_load,0.0
20.281232,1.018227,shoulder_lift,0.0,2.1722,0.0,2.4609,2059,0,124,8,12.3,35,staircase1,no_load,0.0
20.292307,1.029302,shoulder_lift,0.0,2.1722,0.0,2.4609,2059,0,124,7,12.2,35,staircase1,no_load,0.0
20.302645,1.039639,shoulder_lift,0.0,2.1722,0.0,2.4609,2059,0,124,7,12.3,35,staircase1,no_load,0.0
20.313842,1.050836,shoulder_lift,0.0,2.1722,0.0,2.4609,2059,0,124,6,12.3,35,staircase1,no_load,0.0
20.324158,1.061153,shoulder_lift,0.0,2.1722,0.0,2.4609,2059,0,124,7,12.3,35,staircase1,no_load,0.0
20.334774,1.071769,shoulder_lift,0.0,2.1722,0.0,2.4609,2059,0,124,7,12.3,35,staircase1,no_load,0.0
20.347726,1.08472,shoulder_lift,0.0,2.1722,0.0,2.4609,2059,0,124,9,12.3,35,staircase1,no_load,0.0
20.358382,1.095377,shoulder_lift,0.0,2.1722,0.0,2.4609,2059,0,124,7,12.3,35,staircase1,no_load,0.0
20.36894,1.105935,shoulder_lift,0.0,2.1722,0.0,2.4609,2059,0,124,7,12.3,35,staircase1,no_load,0.0
20.379703,1.116698,shoulder_lift,0.0,2.1722,0.0,2.4609,2059,0,124,7,12.2,35,staircase1,no_load,0.0
20.390609,1.127603,shoulder_lift,0.0,2.1722,0.0,2.4609,2059,0,124,7,12.3,35,staircase1,no_load,0.0
20.401683,1.138678,shoulder_lift,0.0,2.1722,0.0,2.4609,2059,0,124,8,12.3,35,staircase1,no_load,0.0
20.412577,1.149572,shoulder_lift,0.0,2.1722,0.0,2.4609,2059,0,124,7,12.3,35,staircase1,no_load,0.0
20.423466,1.16046,shoulder_lift,0.0,2.1722,0.0,2.4609,2059,0,124,8,12.3,35,staircase1,no_load,0.0
20.434372,1.171367,shoulder_lift,0.0,2.1722,0.0,2.4609,2059,0,124,7,12.3,35,staircase1,no_load,0.0
20.445069,1.182064,shoulder_lift,0.0,2.1722,0.0,2.4609,2059,0,124,7,12.2,35,staircase1,no_load,0.0
20.456057,1.193052,shoulder_lift,0.0,2.1722,0.0,2.4609,2059,0,124,9,12.3,35,staircase1,no_load,0.0
20.466884,1.203879,shoulder_lift,0.0,2.1722,0.0,2.4609,2059,0,124,7,12.3,35,staircase1,no_load,0.0
20.477532,1.214527,shoulder_lift,0.0,2.1722,0.0,2.4609,2059,0,124,8,12.3,35,staircase1,no_load,0.0
20.488589,1.225584,shoulder_lift,0.0,2.1722,0.0,2.4609,2059,0,124,8,12.3,35,staircase1,no_load,0.0
20.499284,1.236279,shoulder_lift,0.0,2.1722,0.0,2.4609,2059,0,124,9,12.3,35,staircase1,no_load,0.0
20.509963,1.246958,shoulder_lift,0.0,2.1722,0.0,2.4609,2059,0,124,7,12.3,35,staircase1,no_load,0.0
20.520817,1.257812,shoulder_lift,0.0,2.1722,0.0,2.4609,2059,0,124,7,12.3,35,staircase1,no_load,0.0
20.531684,1.268679,shoulder_lift,0.0,2.1722,0.0,2.4609,2059,0,124,7,12.3,35,staircase1,no_load,0.0
20.542489,1.279484,shoulder_lift,0.0,2.1722,0.0,2.4609,2059,0,124,7,12.3,35,staircase1,no_load,0.0
20.552947,1.289942,shoulder_lift,0.0,2.1722,0.0,2.4609,2059,0,124,8,12.3,35,staircase1,no_load,0.0
20.563116,1.300111,shoulder_lift,0.0,2.1722,0.0,2.4609,2059,0,124,7,12.3,35,staircase1,no_load,0.0
20.573793,1.310788,shoulder_lift,0.0,2.1722,0.0,2.4609,2059,0,124,6,12.3,35,staircase1,no_load,0.0
20.584743,1.321738,shoulder_lift,0.0,2.1722,0.0,2.4609,2059,0,124,7,12.3,35,staircase1,no_load,0.0
20.595848,1.332842,shoulder_lift,0.0,2.1722,0.0,2.4609,2059,0,124,7,12.3,35,staircase1,no_load,0.0
20.606875,1.343869,shoulder_lift,0.0,2.1722,0.0,2.4609,2059,0,124,6,12.3,35,staircase1,no_load,0.0
20.617598,1.354593,shoulder_lift,0.0,2.1722,0.0,2.4609,2059,0,124,6,12.3,35,staircase1,no_load,0.0
20.628561,1.365556,shoulder_lift,0.0,2.1722,0.0,2.4609,2059,0,124,8,12.3,35,staircase1,no_load,0.0
20.639531,1.376525,shoulder_lift,0.0,2.1722,0.0,2.4609,2059,0,124,7,12.3,35,staircase1,no_load,0.0
20.650654,1.387648,shoulder_lift,0.0,2.1722,0.0,2.4609,2059,0,124,9,12.3,35,staircase1,no_load,0.0
20.661454,1.398448,shoulder_lift,0.0,2.1722,0.0,2.4609,2059,0,124,8,12.3,36,staircase1,no_load,0.0
20.67266,1.409654,shoulder_lift,0.0,2.1722,0.0,2.4609,2059,0,124,9,12.3,35,staircase1,no_load,0.0
20.683542,1.420537,shoulder_lift,0.0,2.1722,0.0,2.4609,2059,0,124,7,12.3,35,staircase1,no_load,0.0
20.694726,1.431721,shoulder_lift,0.0,2.1722,0.0,2.4609,2059,0,124,8,12.3,35,staircase1,no_load,0.0
20.705043,1.442038,shoulder_lift,0.0,2.1722,0.0,2.4609,2059,0,124,7,12.3,35,staircase1,no_load,0.0
20.715888,1.452883,shoulder_lift,0.0,2.1722,0.0,2.4609,2059,0,124,7,12.2,35,staircase1,no_load,0.0
20.726868,1.463862,shoulder_lift,0.0,2.1722,0.0,2.4609,2059,0,124,7,12.2,36,staircase1,no_load,0.0
20.737535,1.474529,shoulder_lift,0.0,2.1722,0.0,2.4609,2059,0,124,7,12.3,36,staircase1,no_load,0.0
20.74853,1.485525,shoulder_lift,0.0,2.1722,0.0,2.4609,2059,0,124,7,12.3,35,staircase1,no_load,0.0
20.759473,1.496468,shoulder_lift,0.0,2.1722,0.0,2.4609,2059,0,124,8,12.3,35,staircase1,no_load,0.0
20.769851,1.506846,shoulder_lift,0.0,2.1722,0.0,2.4609,2059,0,124,7,12.3,35,staircase1,no_load,0.0
20.780872,1.517867,shoulder_lift,0.0,2.1722,0.0,2.4609,2059,0,124,8,12.3,35,staircase1,no_load,0.0
20.791829,1.528824,shoulder_lift,0.0,2.1722,0.0,2.4609,2059,0,124,7,12.3,35,staircase1,no_load,0.0
20.802058,1.539053,shoulder_lift,0.0,2.1722,0.0,2.4609,2059,0,124,8,12.3,35,staircase1,no_load,0.0
20.812376,1.549371,shoulder_lift,0.0,2.1722,0.0,2.4609,2059,0,124,7,12.3,35,staircase1,no_load,0.0
20.823061,1.560056,shoulder_lift,0.0,2.1722,0.0,2.4609,2059,0,124,9,12.2,35,staircase1,no_load,0.0
20.833928,1.570923,shoulder_lift,0.0,2.1722,0.0,2.4609,2059,0,124,7,12.3,35,staircase1,no_load,0.0
20.844985,1.58198,shoulder_lift,0.0,2.1722,0.0,2.4609,2059,0,124,7,12.3,35,staircase1,no_load,0.0
20.855573,1.592568,shoulder_lift,0.0,2.1722,0.0,2.4609,2059,0,124,7,12.3,35,staircase1,no_load,0.0
20.867336,4e-06,shoulder_lift,-12.5,2.1722,-14.1614,2.4609,2059,0,128,9,12.3,35,staircase1,no_load,0.0
20.878118,0.010786,shoulder_lift,-12.5,2.1722,-14.1614,2.4609,2059,0,136,10,12.3,36,staircase1,no_load,0.0
20.888991,0.021658,shoulder_lift,-12.5,2.1722,-14.1614,2.4609,2059,0,176,18,12.2,35,staircase1,no_load,0.0
20.899931,0.032598,shoulder_lift,-12.5,2.0946,-14.1614,2.373,2058,0,204,16,12.2,35,staircase1,no_load,-8.035
20.910799,0.043467,shoulder_lift,-12.5,2.0171,-14.1614,2.2852,2057,-50,280,29,12.2,35,staircase1,no_load,-8.079
20.921898,0.054565,shoulder_lift,-12.5,1.7843,-14.1614,2.0215,2054,-200,324,30,12.2,35,staircase1,no_load,-23.759
20.932934,0.065601,shoulder_lift,-12.5,1.3964,-14.1614,1.582,2049,-200,396,42,12.2,36,staircase1,no_load,-39.824
20.943519,0.076187,shoulder_lift,-12.5,0.8534,-14.1614,0.9668,2042,-500,448,54,12.1,35,staircase1,no_load,-58.12
20.954339,0.087007,shoulder_lift,-12.5,0.2327,-14.1614,0.2637,2034,-500,524,58,12.1,35,staircase1,no_load,-64.982
20.964624,0.097292,shoulder_lift,-12.5,-0.5431,-14.1614,-0.6152,2024,-850,516,44,12.2,35,staircase1,no_load,-85.455
20.975454,0.108122,shoulder_lift,-12.5,-1.5516,-14.1614,-1.7578,2011,-850,524,41,12.2,36,staircase1,no_load,-105.503
20.986061,0.118728,shoulder_lift,-12.5,-2.7153,-14.1614,-3.0762,1996,-1200,448,20,12.3,35,staircase1,no_load,-124.295
20.996834,0.129501,shoulder_lift,-12.5,-3.7238,-14.1614,-4.2187,1983,-1200,428,20,12.2,35,staircase1,no_load,-106.052
21.007808,0.140476,shoulder_lift,-12.5,-4.8875,-14.1614,-5.5371,1968,-1350,344,4,12.3,35,staircase1,no_load,-120.139
21.018355,0.151023,shoulder_lift,-12.5,-5.896,-14.1614,-6.6797,1955,-1350,296,3,12.3,35,staircase1,no_load,-108.334
21.029324,0.161991,shoulder_lift,-12.5,-6.9046,-14.1614,-7.8223,1942,-1250,208,0,12.3,35,staircase1,no_load,-104.166
21.039947,0.172615,shoulder_lift,-12.5,-7.6804,-14.1614,-8.7012,1932,-1000,172,0,12.3,36,staircase1,no_load,-82.736
21.050731,0.183398,shoulder_lift,-12.5,-8.2234,-14.1614,-9.3164,1925,-1000,152,0,12.3,35,staircase1,no_load,-57.047
21.061876,0.194544,shoulder_lift,-12.5,-8.7665,-14.1614,-9.9316,1918,-650,124,0,12.3,35,staircase1,no_load,-55.2
21.072566,0.205233,shoulder_lift,-12.5,-9.0768,-14.1614,-10.2832,1914,-650,136,1,12.3,35,staircase1,no_load,-32.891
21.083494,0.216161,shoulder_lift,-12.5,-9.3871,-14.1614,-10.6348,1910,-350,148,3,12.3,35,staircase1,no_load,-32.174
21.094229,0.226896,shoulder_lift,-12.5,-9.5423,-14.1614,-10.8105,1908,-350,136,4,12.3,35,staircase1,no_load,-16.367
21.105062,0.237729,shoulder_lift,-12.5,-9.6974,-14.1614,-10.9863,1906,-250,136,5,12.3,35,staircase1,no_load,-16.228
21.116018,0.248685,shoulder_lift,-12.5,-9.8526,-14.1614,-11.1621,1904,-250,132,6,12.3,35,staircase1,no_load,-16.046
21.126888,0.259555,shoulder_lift,-12.5,-9.9302,-14.1614,-11.25,1903,-100,132,6,12.3,35,staircase1,no_load,-8.086
21.137941,0.270608,shoulder_lift,-12.5,-10.0078,-14.1614,-11.3379,1902,-100,124,6,12.3,35,staircase1,no_load,-7.953
21.148339,0.281006,shoulder_lift,-12.5,-10.1629,-14.1614,-11.5137,1900,-150,124,5,12.3,36,staircase1,no_load,-16.907
21.159116,0.291783,shoulder_lift,-12.5,-10.3181,-14.1614,-11.6895,1898,-150,116,4,12.3,35,staircase1,no_load,-16.313
21.169814,0.302482,shoulder_lift,-12.5,-10.3957,-14.1614,-11.7773,1897,-150,104,4,12.3,35,staircase1,no_load,-8.207
21.180686,0.313354,shoulder_lift,-12.5,-10.5508,-14.1614,-11.9531,1895,-150,100,3,12.3,35,staircase1,no_load,-16.17
21.191574,0.324242,shoulder_lift,-12.5,-10.6284,-14.1614,-12.041,1894,-150,96,3,12.3,35,staircase1,no_load,-8.073
21.202045,0.334713,shoulder_lift,-12.5,-10.706,-14.1614,-12.1289,1893,-100,92,3,12.3,35,staircase1,no_load,-8.395
21.213002,0.34567,shoulder_lift,-12.5,-10.7836,-14.1614,-12.2168,1892,-100,92,3,12.3,35,staircase1,no_load,-8.022
21.224151,0.356818,shoulder_lift,-12.5,-10.7836,-14.1614,-12.2168,1892,-50,96,4,12.3,35,staircase1,no_load,0.0
21.234917,0.367584,shoulder_lift,-12.5,-10.7836,-14.1614,-12.2168,1892,-50,96,4,12.3,35,staircase1,no_load,0.0
21.245885,0.378552,shoulder_lift,-12.5,-10.7836,-14.1614,-12.2168,1892,0,100,5,12.3,35,staircase1,no_load,0.0
21.256567,0.389235,shoulder_lift,-12.5,-10.7836,-14.1614,-12.2168,1892,0,100,5,12.3,35,staircase1,no_load,0.0
21.26753,0.400197,shoulder_lift,-12.5,-10.7836,-14.1614,-12.2168,1892,0,100,4,12.3,35,staircase1,no_load,0.0
21.277642,0.410309,shoulder_lift,-12.5,-10.8611,-14.1614,-12.3047,1891,0,96,4,12.3,35,staircase1,no_load,-8.693
21.288592,0.42126,shoulder_lift,-12.5,-10.8611,-14.1614,-12.3047,1891,-50,92,4,12.3,35,staircase1,no_load,0.0
21.299674,0.432341,shoulder_lift,-12.5,-10.8611,-14.1614,-12.3047,1891,0,92,3,12.3,35,staircase1,no_load,0.0
21.310033,0.442701,shoulder_lift,-12.5,-10.8611,-14.1614,-12.3047,1891,0,96,5,12.3,35,staircase1,no_load,0.0
21.32055,0.453217,shoulder_lift,-12.5,-10.8611,-14.1614,-12.3047,1891,0,96,4,12.3,35,staircase1,no_load,0.0
21.330983,0.46365,shoulder_lift,-12.5,-10.8611,-14.1614,-12.3047,1891,0,96,4,12.3,35,staircase1,no_load,0.0
21.341249,0.473916,shoulder_lift,-12.5,-10.8611,-14.1614,-12.3047,1891,0,96,4,12.3,35,staircase1,no_load,0.0
21.35181,0.484477,shoulder_lift,-12.5,-10.8611,-14.1614,-12.3047,1891,0,96,4,12.2,35,staircase1,no_load,0.0
21.362451,0.495118,shoulder_lift,-12.5,-10.8611,-14.1614,-12.3047,1891,0,96,4,12.3,36,staircase1,no_load,0.0
21.372858,0.505525,shoulder_lift,-12.5,-10.8611,-14.1614,-12.3047,1891,0,96,4,12.3,37,staircase1,no_load,0.0
21.383579,0.516246,shoulder_lift,-12.5,-10.8611,-14.1614,-12.3047,1891,0,96,5,12.3,35,staircase1,no_load,0.0
21.394104,0.526771,shoulder_lift,-12.5,-10.8611,-14.1614,-12.3047,1891,0,96,3,12.3,35,staircase1,no_load,0.0
21.404472,0.53714,shoulder_lift,-12.5,-10.9387,-14.1614,-12.3926,1890,0,88,3,12.3,35,staircase1,no_load,-8.478
21.414743,0.547411,shoulder_lift,-12.5,-10.9387,-14.1614,-12.3926,1890,0,88,3,12.3,35,staircase1,no_load,0.0
21.425852,0.55852,shoulder_lift,-12.5,-10.9387,-14.1614,-12.3926,1890,-50,92,4,12.3,35,staircase1,no_load,0.0
21.43669,0.569357,shoulder_lift,-12.5,-10.9387,-14.1614,-12.3926,1890,-50,92,3,12.3,35,staircase1,no_load,0.0
21.447687,0.580354,shoulder_lift,-12.5,-10.9387,-14.1614,-12.3926,1890,0,92,3,12.3,35,staircase1,no_load,0.0
21.458796,0.591464,shoulder_lift,-12.5,-10.9387,-14.1614,-12.3926,1890,0,92,4,12.3,35,staircase1,no_load,0.0
21.469398,0.602066,shoulder_lift,-12.5,-10.9387,-14.1614,-12.3926,1890,0,92,4,12.3,35,staircase1,no_load,0.0
21.480442,0.613109,shoulder_lift,-12.5,-10.9387,-14.1614,-12.3926,1890,0,92,3,12.3,35,staircase1,no_load,0.0
21.49144,0.624108,shoulder_lift,-12.5,-10.9387,-14.1614,-12.3926,1890,0,92,4,12.3,36,staircase1,no_load,0.0
21.501916,0.634583,shoulder_lift,-12.5,-10.9387,-14.1614,-12.3926,1890,0,92,4,12.3,35,staircase1,no_load,0.0
21.512707,0.645375,shoulder_lift,-12.5,-10.9387,-14.1614,-12.3926,1890,0,88,4,12.3,35,staircase1,no_load,0.0
21.523761,0.656429,shoulder_lift,-12.5,-11.0939,-14.1614,-12.5684,1888,-50,76,2,12.3,35,staircase1,no_load,-15.904
21.534898,0.667565,shoulder_lift,-12.5,-11.1715,-14.1614,-12.6562,1887,-50,72,2,12.3,35,staircase1,no_load,-7.884
21.545485,0.678152,shoulder_lift,-12.5,-11.1715,-14.1614,-12.6562,1887,-100,76,2,12.3,35,staircase1,no_load,0.0
21.556303,0.688971,shoulder_lift,-12.5,-11.3266,-14.1614,-12.832,1885,-100,68,2,12.3,35,staircase1,no_load,-16.251
21.567058,0.699725,shoulder_lift,-12.5,-11.4042,-14.1614,-12.9199,1884,-100,52,0,12.3,35,staircase1,no_load,-8.173
21.577468,0.710136,shoulder_lift,-12.5,-11.5593,-14.1614,-13.0957,1882,-100,48,0,12.2,35,staircase1,no_load,-16.888
21.587829,0.720497,shoulder_lift,-12.5,-11.7145,-14.1614,-13.2715,1880,-200,32,1,12.3,35,staircase1,no_load,-16.967
21.598086,0.730753,shoulder_lift,-12.5,-11.9472,-14.1614,-13.5352,1877,-200,24,0,12.3,35,staircase1,no_load,-25.709
21.608339,0.741006,shoulder_lift,-12.5,-12.1024,-14.1614,-13.7109,1875,-200,1044,0,12.3,35,staircase1,no_load,-17.136
21.61874,0.751408,shoulder_lift,-12.5,-12.2576,-14.1614,-13.8867,1873,-200,1048,0,12.3,35,staircase1,no_load,-16.902
21.62925,0.761918,shoulder_lift,-12.5,-12.3351,-14.1614,-13.9746,1872,-200,1048,0,12.3,35,staircase1,no_load,-8.363
21.639521,0.772189,shoulder_lift,-12.5,-12.2576,-14.1614,-13.8867,1873,0,1044,0,12.3,35,staircase1,no_load,8.558
21.649903,0.782571,shoulder_lift,-12.5,-12.0248,-14.1614,-13.623,1876,0,44,1,12.3,35,staircase1,no_load,25.4
21.660077,0.792745,shoulder_lift,-12.5,-11.8697,-14.1614,-13.4473,1878,250,48,1,12.3,35,staircase1,no_load,17.27
21.670668,0.803335,shoulder_lift,-12.5,-11.7145,-14.1614,-13.2715,1880,250,76,3,12.3,35,staircase1,no_load,16.599
21.681233,0.8139,shoulder_lift,-12.5,-11.5593,-14.1614,-13.0957,1882,200,80,3,12.3,36,staircase1,no_load,16.64
21.6919,0.824567,shoulder_lift,-12.5,-11.5593,-14.1614,-13.0957,1882,200,72,3,12.3,35,staircase1,no_load,0.0
21.702191,0.834859,shoulder_lift,-12.5,-11.5593,-14.1614,-13.0957,1882,0,72,2,12.3,35,staircase1,no_load,0.0
21.712379,0.845046,shoulder_lift,-12.5,-11.6369,-14.1614,-13.1836,1881,0,56,1,12.3,36,staircase1,no_load,-8.628
21.72314,0.855808,shoulder_lift,-12.5,-11.7145,-14.1614,-13.2715,1880,-100,44,1,12.3,35,staircase1,no_load,-8.168
21.734154,0.866821,shoulder_lift,-12.5,-11.7145,-14.1614,-13.2715,1880,-100,44,1,12.3,35,staircase1,no_load,0.0
21.745006,0.877674,shoulder_lift,-12.5,-11.7145,-14.1614,-13.2715,1880,0,52,1,12.3,35,staircase1,no_load,0.0
21.755632,0.8883,shoulder_lift,-12.5,-11.7145,-14.1614,-13.2715,1880,0,52,1,12.3,35,staircase1,no_load,0.0
21.766786,0.899454,shoulder_lift,-12.5,-11.6369,-14.1614,-13.1836,1881,0,60,2,12.3,35,staircase1,no_load,7.881
21.777846,0.910514,shoulder_lift,-12.5,-11.6369,-14.1614,-13.1836,1881,0,60,2,12.3,35,staircase1,no_load,0.0
21.788986,0.921654,shoulder_lift,-12.5,-11.6369,-14.1614,-13.1836,1881,50,56,1,12.3,35,staircase1,no_load,0.0
21.799869,0.932536,shoulder_lift,-12.5,-11.6369,-14.1614,-13.1836,1881,0,56,2,12.3,35,staircase1,no_load,0.0
21.810666,0.943333,shoulder_lift,-12.5,-11.6369,-14.1614,-13.1836,1881,0,56,2,12.3,36,staircase1,no_load,0.0
21.821495,0.954162,shoulder_lift,-12.5,-11.6369,-14.1614,-13.1836,1881,0,56,2,12.3,35,staircase1,no_load,0.0
21.832699,0.965366,shoulder_lift,-12.5,-11.6369,-14.1614,-13.1836,1881,0,56,2,12.3,35,staircase1,no_load,0.0
21.843612,0.97628,shoulder_lift,-12.5,-11.6369,-14.1614,-13.1836,1881,0,56,1,12.3,35,staircase1,no_load,0.0
21.854217,0.986884,shoulder_lift,-12.5,-11.6369,-14.1614,-13.1836,1881,0,60,2,12.3,37,staircase1,no_load,0.0
21.865076,0.997743,shoulder_lift,-12.5,-11.5593,-14.1614,-13.0957,1882,50,64,2,12.3,35,staircase1,no_load,8.095
21.875835,1.008502,shoulder_lift,-12.5,-11.5593,-14.1614,-13.0957,1882,50,64,2,12.3,35,staircase1,no_load,0.0
21.885974,1.018642,shoulder_lift,-12.5,-11.5593,-14.1614,-13.0957,1882,0,60,2,12.3,35,staircase1,no_load,0.0
21.896658,1.029326,shoulder_lift,-12.5,-11.5593,-14.1614,-13.0957,1882,0,60,2,12.3,35,staircase1,no_load,0.0
21.907557,1.040224,shoulder_lift,-12.5,-11.5593,-14.1614,-13.0957,1882,0,60,2,12.3,35,staircase1,no_load,0.0
21.918199,1.050866,shoulder_lift,-12.5,-11.5593,-14.1614,-13.0957,1882,0,60,2,12.3,35,staircase1,no_load,0.0
21.929079,1.061747,shoulder_lift,-12.5,-11.5593,-14.1614,-13.0957,1882,0,60,2,12.3,35,staircase1,no_load,0.0
21.939798,1.072466,shoulder_lift,-12.5,-11.5593,-14.1614,-13.0957,1882,0,60,2,12.3,35,staircase1,no_load,0.0
21.95054,1.083207,shoulder_lift,-12.5,-11.5593,-14.1614,-13.0957,1882,0,60,1,12.3,35,staircase1,no_load,0.0
21.961542,1.09421,shoulder_lift,-12.5,-11.5593,-14.1614,-13.0957,1882,0,60,2,12.3,35,staircase1,no_load,0.0
21.971907,1.104575,shoulder_lift,-12.5,-11.5593,-14.1614,-13.0957,1882,0,60,2,12.3,35,staircase1,no_load,0.0
21.983011,1.115679,shoulder_lift,-12.5,-11.5593,-14.1614,-13.0957,1882,0,60,2,12.3,35,staircase1,no_load,0.0
21.993916,1.126583,shoulder_lift,-12.5,-11.5593,-14.1614,-13.0957,1882,0,60,2,12.4,35,staircase1,no_load,0.0
22.004632,1.137299,shoulder_lift,-12.5,-11.5593,-14.1614,-13.0957,1882,0,60,1,12.3,35,staircase1,no_load,0.0
22.015447,1.148114,shoulder_lift,-12.5,-11.5593,-14.1614,-13.0957,1882,0,60,2,12.3,35,staircase1,no_load,0.0
22.026053,1.15872,shoulder_lift,-12.5,-11.5593,-14.1614,-13.0957,1882,0,60,2,12.3,35,staircase1,no_load,0.0
22.036698,1.169365,shoulder_lift,-12.5,-11.5593,-14.1614,-13.0957,1882,0,60,2,12.3,35,staircase1,no_load,0.0
22.047496,1.180163,shoulder_lift,-12.5,-11.5593,-14.1614,-13.0957,1882,0,60,2,12.3,35,staircase1,no_load,0.0
22.058721,1.191388,shoulder_lift,-12.5,-11.5593,-14.1614,-13.0957,1882,0,60,2,12.3,35,staircase1,no_load,0.0
22.069276,1.201943,shoulder_lift,-12.5,-11.5593,-14.1614,-13.0957,1882,0,60,2,12.3,35,staircase1,no_load,0.0
22.080058,1.212726,shoulder_lift,-12.5,-11.5593,-14.1614,-13.0957,1882,0,60,2,12.3,36,staircase1,no_load,0.0
22.090813,1.22348,shoulder_lift,-12.5,-11.5593,-14.1614,-13.0957,1882,0,60,2,12.3,35,staircase1,no_load,0.0
22.10142,1.234088,shoulder_lift,-12.5,-11.5593,-14.1614,-13.0957,1882,0,60,2,12.3,35,staircase1,no_load,0.0
22.112198,1.244865,shoulder_lift,-12.5,-11.5593,-14.1614,-13.0957,1882,0,60,2,12.3,35,staircase1,no_load,0.0
22.123032,1.255699,shoulder_lift,-12.5,-11.5593,-14.1614,-13.0957,1882,0,60,2,12.3,35,staircase1,no_load,0.0
22.134114,1.266782,shoulder_lift,-12.5,-11.5593,-14.1614,-13.0957,1882,0,60,1,12.3,35,staircase1,no_load,0.0
22.145024,1.277691,shoulder_lift,-12.5,-11.5593,-14.1614,-13.0957,1882,0,60,2,12.3,35,staircase1,no_load,0.0
22.155331,1.287999,shoulder_lift,-12.5,-11.5593,-14.1614,-13.0957,1882,0,60,2,12.3,35,staircase1,no_load,0.0
22.166361,1.299028,shoulder_lift,-12.5,-11.5593,-14.1614,-13.0957,1882,0,60,1,12.3,35,staircase1,no_load,0.0
22.177547,1.310215,shoulder_lift,-12.5,-11.5593,-14.1614,-13.0957,1882,0,60,2,12.3,35,staircase1,no_load,0.0
22.188586,1.321253,shoulder_lift,-12.5,-11.5593,-14.1614,-13.0957,1882,0,60,2,12.3,36,staircase1,no_load,0.0
22.199511,1.332179,shoulder_lift,-12.5,-11.5593,-14.1614,-13.0957,1882,0,60,2,12.3,35,staircase1,no_load,0.0
22.210504,1.343171,shoulder_lift,-12.5,-11.5593,-14.1614,-13.0957,1882,0,60,1,12.3,35,staircase1,no_load,0.0
22.22176,1.354428,shoulder_lift,-12.5,-11.5593,-14.1614,-13.0957,1882,0,60,2,12.3,35,staircase1,no_load,0.0
22.232819,1.365487,shoulder_lift,-12.5,-11.5593,-14.1614,-13.0957,1882,0,60,2,12.3,35,staircase1,no_load,0.0
22.243459,1.376127,shoulder_lift,-12.5,-11.5593,-14.1614,-13.0957,1882,0,60,2,12.3,35,staircase1,no_load,0.0
22.254141,1.386809,shoulder_lift,-12.5,-11.5593,-14.1614,-13.0957,1882,0,60,2,12.3,36,staircase1,no_load,0.0
22.264822,1.39749,shoulder_lift,-12.5,-11.5593,-14.1614,-13.0957,1882,0,60,2,12.3,35,staircase1,no_load,0.0
22.275779,1.408447,shoulder_lift,-12.5,-11.5593,-14.1614,-13.0957,1882,0,60,2,12.3,35,staircase1,no_load,0.0
22.286638,1.419305,shoulder_lift,-12.5,-11.5593,-14.1614,-13.0957,1882,0,60,2,12.3,35,staircase1,no_load,0.0
22.297575,1.430243,shoulder_lift,-12.5,-11.5593,-14.1614,-13.0957,1882,0,60,2,12.3,35,staircase1,no_load,0.0
22.307998,1.440665,shoulder_lift,-12.5,-11.5593,-14.1614,-13.0957,1882,0,60,2,12.3,36,staircase1,no_load,0.0
22.318466,1.451134,shoulder_lift,-12.5,-11.5593,-14.1614,-13.0957,1882,0,60,2,12.3,35,staircase1,no_load,0.0
22.329002,1.461669,shoulder_lift,-12.5,-11.5593,-14.1614,-13.0957,1882,0,60,1,12.3,35,staircase1,no_load,0.0
22.339221,1.471888,shoulder_lift,-12.5,-11.5593,-14.1614,-13.0957,1882,0,60,2,12.3,35,staircase1,no_load,0.0
22.349454,1.482122,shoulder_lift,-12.5,-11.5593,-14.1614,-13.0957,1882,0,60,2,12.3,35,staircase1,no_load,0.0
22.359877,1.492544,shoulder_lift,-12.5,-11.5593,-14.1614,-13.0957,1882,0,60,2,12.3,36,staircase1,no_load,0.0
22.370242,1.502909,shoulder_lift,-12.5,-11.5593,-14.1614,-13.0957,1882,0,60,2,12.3,35,staircase1,no_load,0.0
22.380862,1.513529,shoulder_lift,-12.5,-11.5593,-14.1614,-13.0957,1882,0,60,1,12.3,35,staircase1,no_load,0.0
22.391119,1.523786,shoulder_lift,-12.5,-11.5593,-14.1614,-13.0957,1882,0,60,2,12.3,35,staircase1,no_load,0.0
22.401399,1.534066,shoulder_lift,-12.5,-11.5593,-14.1614,-13.0957,1882,0,60,1,12.3,35,staircase1,no_load,0.0
22.412,1.544667,shoulder_lift,-12.5,-11.5593,-14.1614,-13.0957,1882,0,60,3,12.3,35,staircase1,no_load,0.0
22.422951,1.555618,shoulder_lift,-12.5,-11.5593,-14.1614,-13.0957,1882,0,60,2,12.3,35,staircase1,no_load,0.0
22.433648,1.566316,shoulder_lift,-12.5,-11.5593,-14.1614,-13.0957,1882,0,60,2,12.3,35,staircase1,no_load,0.0
22.444562,1.57723,shoulder_lift,-12.5,-11.5593,-14.1614,-13.0957,1882,0,60,2,12.3,35,staircase1,no_load,0.0
22.45527,1.587937,shoulder_lift,-12.5,-11.5593,-14.1614,-13.0957,1882,0,60,2,12.3,35,staircase1,no_load,0.0
22.466131,1.598799,shoulder_lift,-12.5,-11.5593,-14.1614,-13.0957,1882,0,60,2,12.3,35,staircase1,no_load,0.0
22.477488,3e-06,shoulder_lift,-25.0,-11.5593,-28.3228,-13.0957,1882,0,60,2,12.3,35,staircase1,no_load,0.0
22.488538,0.011053,shoulder_lift,-25.0,-11.5593,-28.3228,-13.0957,1882,0,76,3,12.3,35,staircase1,no_load,0.0
22.499442,0.021957,shoulder_lift,-25.0,-11.5593,-28.3228,-13.0957,1882,0,96,9,12.3,35,staircase1,no_load,0.0
22.510045,0.032559,shoulder_lift,-25.0,-11.5593,-28.3228,-13.0957,1882,0,156,8,12.2,35,staircase1,no_load,0.0
22.520765,0.04328,shoulder_lift,-25.0,-11.7145,-28.3228,-13.2715,1880,-50,224,14,12.3,35,staircase1,no_load,-16.399
22.531853,0.054367,shoulder_lift,-25.0,-11.8697,-28.3228,-13.4473,1878,-50,268,19,12.2,35,staircase1,no_load,-15.855
22.542516,0.065031,shoulder_lift,-25.0,-12.2576,-28.3228,-13.8867,1873,-300,336,27,12.3,35,staircase1,no_load,-41.208
22.552889,0.075403,shoulder_lift,-25.0,-12.723,-28.3228,-14.4141,1867,-300,388,28,12.2,36,staircase1,no_load,-50.844
22.564318,0.086833,shoulder_lift,-25.0,-13.4213,-28.3228,-15.2051,1858,-600,448,35,12.2,35,staircase1,no_load,-69.21
22.57475,0.097265,shoulder_lift,-25.0,-14.2746,-28.3228,-16.1719,1847,-600,468,28,12.3,35,staircase1,no_load,-92.676
22.585102,0.107616,shoulder_lift,-25.0,-15.2056,-28.3228,-17.2266,1835,-1000,436,19,12.2,36,staircase1,no_load,-101.884
22.595816,0.118331,shoulder_lift,-25.0,-16.2917,-28.3228,-18.457,1821,-1000,432,14,12.2,35,staircase1,no_load,-114.84
22.606846,0.129361,shoulder_lift,-25.0,-17.4554,-28.3228,-19.7754,1806,-1250,356,4,12.2,35,staircase1,no_load,-119.529
22.617685,0.1402,shoulder_lift,-25.0,-18.3863,-28.3228,-20.8301,1794,-1300,324,4,12.3,35,staircase1,no_load,-97.306
22.628837,0.151352,shoulder_lift,-25.0,-19.4725,-28.3228,-22.0605,1780,-1300,240,0,12.3,35,staircase1,no_load,-110.33
22.639952,0.162467,shoulder_lift,-25.0,-20.3258,-28.3228,-23.0273,1769,-1050,196,0,12.3,35,staircase1,no_load,-86.982
22.650896,0.173411,shoulder_lift,-25.0,-21.024,-28.3228,-23.8184,1760,-1050,132,0,12.3,35,staircase1,no_load,-72.286
22.661778,0.184293,shoulder_lift,-25.0,-21.4895,-28.3228,-24.3457,1754,-750,136,0,12.3,35,staircase1,no_load,-48.456
22.672524,0.195039,shoulder_lift,-25.0,-21.8774,-28.3228,-24.7852,1749,-750,120,1,12.3,35,staircase1,no_load,-40.899
22.683093,0.205608,shoulder_lift,-25.0,-22.1102,-28.3228,-25.0488,1746,-400,124,3,12.3,35,staircase1,no_load,-24.941
22.693816,0.216331,shoulder_lift,-25.0,-22.3429,-28.3228,-25.3125,1743,-400,116,2,12.3,35,staircase1,no_load,-24.592
22.704443,0.226958,shoulder_lift,-25.0,-22.4981,-28.3228,-25.4883,1741,-250,124,4,12.3,35,staircase1,no_load,-16.543
22.715388,0.237902,shoulder_lift,-25.0,-22.6532,-28.3228,-25.6641,1739,-250,116,3,12.3,35,staircase1,no_load,-16.062
22.726032,0.248547,shoulder_lift,-25.0,-22.8084,-28.3228,-25.8398,1737,-250,100,3,12.3,35,staircase1,no_load,-16.507
22.73692,0.259435,shoulder_lift,-25.0,-23.0411,-28.3228,-26.1035,1734,-200,92,3,12.3,35,staircase1,no_load,-24.219
22.747909,0.270423,shoulder_lift,-25.0,-23.1187,-28.3228,-26.1914,1733,-200,96,3,12.3,35,staircase1,no_load,-7.999
22.758642,0.281157,shoulder_lift,-25.0,-23.2739,-28.3228,-26.3672,1731,-150,84,1,12.3,35,staircase1,no_load,-16.379
22.769432,0.291947,shoulder_lift,-25.0,-23.429,-28.3228,-26.543,1729,-150,76,2,12.3,35,staircase1,no_load,-16.293
22.780502,0.303017,shoulder_lift,-25.0,-23.5066,-28.3228,-26.6309,1728,-150,80,2,12.3,35,staircase1,no_load,-7.94
22.791235,0.31375,shoulder_lift,-25.0,-23.5066,-28.3228,-26.6309,1728,-150,80,3,12.3,37,staircase1,no_load,0.0
22.801944,0.324459,shoulder_lift,-25.0,-23.5842,-28.3228,-26.7188,1727,-50,80,2,12.3,35,staircase1,no_load,-8.208
22.812639,0.335153,shoulder_lift,-25.0,-23.6618,-28.3228,-26.8066,1726,-50,76,3,12.4,35,staircase1,no_load,-8.209
22.823566,0.34608,shoulder_lift,-25.0,-23.6618,-28.3228,-26.8066,1726,-50,76,2,12.3,35,staircase1,no_load,0.0
22.834376,0.356891,shoulder_lift,-25.0,-23.7393,-28.3228,-26.8945,1725,-50,72,2,12.3,35,staircase1,no_load,-8.131
22.845153,0.367668,shoulder_lift,-25.0,-23.8169,-28.3228,-26.9824,1724,-50,64,2,12.3,35,staircase1,no_load,-8.156
22.856485,0.379,shoulder_lift,-25.0,-23.8945,-28.3228,-27.0703,1723,-100,60,2,12.3,35,staircase1,no_load,-7.757
22.867432,0.389947,shoulder_lift,-25.0,-23.8945,-28.3228,-27.0703,1723,-100,64,3,12.3,35,staircase1,no_load,0.0
22.878538,0.401053,shoulder_lift,-25.0,-23.8945,-28.3228,-27.0703,1723,0,64,2,12.3,35,staircase1,no_load,0.0
22.889151,0.411666,shoulder_lift,-25.0,-23.8945,-28.3228,-27.0703,1723,0,68,2,12.3,35,staircase1,no_load,0.0
22.900183,0.422697,shoulder_lift,-25.0,-23.8945,-28.3228,-27.0703,1723,0,68,2,12.3,35,staircase1,no_load,0.0
22.911062,0.433577,shoulder_lift,-25.0,-23.8945,-28.3228,-27.0703,1723,0,68,3,12.3,35,staircase1,no_load,0.0
22.921635,0.444149,shoulder_lift,-25.0,-23.8945,-28.3228,-27.0703,1723,0,68,3,12.3,35,staircase1,no_load,0.0
22.93239,0.454905,shoulder_lift,-25.0,-23.9721,-28.3228,-27.1582,1722,0,64,2,12.3,35,staircase1,no_load,-8.173
22.943534,0.466049,shoulder_lift,-25.0,-23.9721,-28.3228,-27.1582,1722,-50,60,2,12.3,35,staircase1,no_load,0.0
22.954702,0.477217,shoulder_lift,-25.0,-23.9721,-28.3228,-27.1582,1722,-50,60,2,12.4,35,staircase1,no_load,0.0
22.965649,0.488164,shoulder_lift,-25.0,-23.9721,-28.3228,-27.1582,1722,0,64,1,12.3,35,staircase1,no_load,0.0
22.976488,0.499003,shoulder_lift,-25.0,-23.9721,-28.3228,-27.1582,1722,0,64,2,12.3,35,staircase1,no_load,0.0
22.98759,0.510105,shoulder_lift,-25.0,-23.9721,-28.3228,-27.1582,1722,0,64,2,12.3,35,staircase1,no_load,0.0
22.998386,0.520901,shoulder_lift,-25.0,-23.9721,-28.3228,-27.1582,1722,0,64,2,12.3,36,staircase1,no_load,0.0
23.009373,0.531888,shoulder_lift,-25.0,-23.9721,-28.3228,-27.1582,1722,0,64,2,12.3,35,staircase1,no_load,0.0
23.020054,0.542569,shoulder_lift,-25.0,-23.9721,-28.3228,-27.1582,1722,0,64,2,12.3,35,staircase1,no_load,0.0
23.031021,0.553535,shoulder_lift,-25.0,-23.9721,-28.3228,-27.1582,1722,0,64,2,12.3,35,staircase1,no_load,0.0
23.041916,0.564431,shoulder_lift,-25.0,-23.9721,-28.3228,-27.1582,1722,0,64,2,12.3,35,staircase1,no_load,0.0
23.052657,0.575171,shoulder_lift,-25.0,-23.9721,-28.3228,-27.1582,1722,0,64,2,12.3,35,staircase1,no_load,0.0
23.063548,0.586063,shoulder_lift,-25.0,-23.9721,-28.3228,-27.1582,1722,0,64,2,12.3,35,staircase1,no_load,0.0
23.074142,0.596657,shoulder_lift,-25.0,-23.9721,-28.3228,-27.1582,1722,0,64,2,12.3,35,staircase1,no_load,0.0
23.084695,0.60721,shoulder_lift,-25.0,-23.9721,-28.3228,-27.1582,1722,0,64,2,12.3,36,staircase1,no_load,0.0
23.095609,0.618123,shoulder_lift,-25.0,-23.9721,-28.3228,-27.1582,1722,0,64,2,12.4,35,staircase1,no_load,0.0
23.106629,0.629144,shoulder_lift,-25.0,-23.9721,-28.3228,-27.1582,1722,0,64,2,12.3,35,staircase1,no_load,0.0
23.117426,0.639941,shoulder_lift,-25.0,-23.9721,-28.3228,-27.1582,1722,0,64,1,12.3,35,staircase1,no_load,0.0
23.128496,0.651011,shoulder_lift,-25.0,-23.9721,-28.3228,-27.1582,1722,0,64,2,12.3,35,staircase1,no_load,0.0
23.13953,0.662044,shoulder_lift,-25.0,-23.9721,-28.3228,-27.1582,1722,0,64,2,12.3,35,staircase1,no_load,0.0
23.150353,0.672867,shoulder_lift,-25.0,-23.9721,-28.3228,-27.1582,1722,0,64,2,12.3,35,staircase1,no_load,0.0
23.161248,0.683763,shoulder_lift,-25.0,-23.9721,-28.3228,-27.1582,1722,0,64,2,12.3,35,staircase1,no_load,0.0
23.172395,0.69491,shoulder_lift,-25.0,-23.9721,-28.3228,-27.1582,1722,0,64,3,12.3,35,staircase1,no_load,0.0
23.183139,0.705653,shoulder_lift,-25.0,-23.9721,-28.3228,-27.1582,1722,0,64,3,12.3,35,staircase1,no_load,0.0
23.194055,0.71657,shoulder_lift,-25.0,-23.9721,-28.3228,-27.1582,1722,0,64,2,12.3,36,staircase1,no_load,0.0
23.205043,0.727558,shoulder_lift,-25.0,-23.9721,-28.3228,-27.1582,1722,0,64,2,12.3,35,staircase1,no_load,0.0
23.216143,0.738658,shoulder_lift,-25.0,-23.9721,-28.3228,-27.1582,1722,0,64,3,12.3,35,staircase1,no_load,0.0
23.227164,0.749679,shoulder_lift,-25.0,-23.9721,-28.3228,-27.1582,1722,0,64,2,12.3,35,staircase1,no_load,0.0
23.238169,0.760684,shoulder_lift,-25.0,-23.9721,-28.3228,-27.1582,1722,0,64,2,12.3,35,staircase1,no_load,0.0
23.248975,0.77149,shoulder_lift,-25.0,-23.9721,-28.3228,-27.1582,1722,0,64,2,12.3,37,staircase1,no_load,0.0
23.259974,0.782489,shoulder_lift,-25.0,-23.9721,-28.3228,-27.1582,1722,0,64,2,12.3,36,staircase1,no_load,0.0
23.271039,0.793553,shoulder_lift,-25.0,-23.9721,-28.3228,-27.1582,1722,0,64,3,12.3,35,staircase1,no_load,0.0
23.282175,0.80469,shoulder_lift,-25.0,-23.9721,-28.3228,-27.1582,1722,0,64,2,12.3,35,staircase1,no_load,0.0
23.293193,0.815707,shoulder_lift,-25.0,-23.9721,-28.3228,-27.1582,1722,0,64,2,12.3,35,staircase1,no_load,0.0
23.304284,0.826798,shoulder_lift,-25.0,-23.9721,-28.3228,-27.1582,1722,0,64,3,12.3,36,staircase1,no_load,0.0
23.314818,0.837333,shoulder_lift,-25.0,-23.9721,-28.3228,-27.1582,1722,0,64,3,12.3,35,staircase1,no_load,0.0
23.325318,0.847832,shoulder_lift,-25.0,-23.9721,-28.3228,-27.1582,1722,0,64,2,12.3,35,staircase1,no_load,0.0
23.335396,0.857911,shoulder_lift,-25.0,-23.9721,-28.3228,-27.1582,1722,0,64,2,12.3,35,staircase1,no_load,0.0
23.348495,0.87101,shoulder_lift,-25.0,-23.9721,-28.3228,-27.1582,1722,0,64,2,12.3,35,staircase1,no_load,0.0
23.359044,0.881559,shoulder_lift,-25.0,-23.9721,-28.3228,-27.1582,1722,0,64,2,12.3,35,staircase1,no_load,0.0
23.3698,0.892314,shoulder_lift,-25.0,-23.9721,-28.3228,-27.1582,1722,0,64,2,12.3,35,staircase1,no_load,0.0
23.380762,0.903277,shoulder_lift,-25.0,-23.9721,-28.3228,-27.1582,1722,0,64,2,12.3,35,staircase1,no_load,0.0
23.391555,0.91407,shoulder_lift,-25.0,-23.9721,-28.3228,-27.1582,1722,0,64,2,12.3,35,staircase1,no_load,0.0
23.40216,0.924675,shoulder_lift,-25.0,-23.9721,-28.3228,-27.1582,1722,0,64,2,12.4,35,staircase1,no_load,0.0
23.412776,0.935291,shoulder_lift,-25.0,-23.9721,-28.3228,-27.1582,1722,0,64,2,12.3,35,staircase1,no_load,0.0
23.423419,0.945934,shoulder_lift,-25.0,-23.9721,-28.3228,-27.1582,1722,0,64,2,12.3,35,staircase1,no_load,0.0
23.434289,0.956804,shoulder_lift,-25.0,-23.9721,-28.3228,-27.1582,1722,0,64,2,12.3,36,staircase1,no_load,0.0
23.444859,0.967374,shoulder_lift,-25.0,-23.9721,-28.3228,-27.1582,1722,0,64,2,12.3,35,staircase1,no_load,0.0
23.455575,0.97809,shoulder_lift,-25.0,-23.9721,-28.3228,-27.1582,1722,0,64,2,12.3,35,staircase1,no_load,0.0
23.466592,0.989107,shoulder_lift,-25.0,-23.9721,-28.3228,-27.1582,1722,0,64,2,12.3,35,staircase1,no_load,0.0
23.477538,1.000052,shoulder_lift,-25.0,-23.9721,-28.3228,-27.1582,1722,0,64,2,12.3,35,staircase1,no_load,0.0
23.48812,1.010635,shoulder_lift,-25.0,-23.9721,-28.3228,-27.1582,1722,0,64,2,12.3,35,staircase1,no_load,0.0
23.498816,1.021331,shoulder_lift,-25.0,-23.9721,-28.3228,-27.1582,1722,0,64,2,12.3,36,staircase1,no_load,0.0
23.509848,1.032363,shoulder_lift,-25.0,-23.9721,-28.3228,-27.1582,1722,0,64,2,12.3,35,staircase1,no_load,0.0
23.520598,1.043113,shoulder_lift,-25.0,-23.9721,-28.3228,-27.1582,1722,0,64,3,12.3,35,staircase1,no_load,0.0
23.531313,1.053828,shoulder_lift,-25.0,-23.9721,-28.3228,-27.1582,1722,0,64,3,12.3,35,staircase1,no_load,0.0
23.542483,1.064998,shoulder_lift,-25.0,-23.9721,-28.3228,-27.1582,1722,0,64,2,12.3,35,staircase1,no_load,0.0
23.553539,1.076054,shoulder_lift,-25.0,-23.9721,-28.3228,-27.1582,1722,0,64,2,12.3,35,staircase1,no_load,0.0
23.564495,1.08701,shoulder_lift,-25.0,-23.9721,-28.3228,-27.1582,1722,0,64,2,12.3,35,staircase1,no_load,0.0
23.57479,1.097305,shoulder_lift,-25.0,-23.9721,-28.3228,-27.1582,1722,0,64,2,12.3,35,staircase1,no_load,0.0
23.584942,1.107457,shoulder_lift,-25.0,-23.9721,-28.3228,-27.1582,1722,0,64,2,12.3,35,staircase1,no_load,0.0
23.595732,1.118247,shoulder_lift,-25.0,-23.9721,-28.3228,-27.1582,1722,0,64,2,12.3,35,staircase1,no_load,0.0
23.606411,1.128926,shoulder_lift,-25.0,-23.9721,-28.3228,-27.1582,1722,0,64,1,12.3,35,staircase1,no_load,0.0
23.617234,1.139749,shoulder_lift,-25.0,-23.9721,-28.3228,-27.1582,1722,0,64,2,12.3,35,staircase1,no_load,0.0
23.628237,1.150752,shoulder_lift,-25.0,-23.9721,-28.3228,-27.1582,1722,0,64,2,12.3,36,staircase1,no_load,0.0
23.639331,1.161845,shoulder_lift,-25.0,-23.9721,-28.3228,-27.1582,1722,0,64,2,12.4,35,staircase1,no_load,0.0
23.650144,1.172659,shoulder_lift,-25.0,-23.9721,-28.3228,-27.1582,1722,0,64,2,12.3,35,staircase1,no_load,0.0
23.661284,1.183799,shoulder_lift,-25.0,-23.9721,-28.3228,-27.1582,1722,0,64,2,12.3,35,staircase1,no_load,0.0
23.672155,1.194669,shoulder_lift,-25.0,-23.9721,-28.3228,-27.1582,1722,0,64,2,12.3,35,staircase1,no_load,0.0
23.682887,1.205402,shoulder_lift,-25.0,-23.9721,-28.3228,-27.1582,1722,0,64,2,12.3,35,staircase1,no_load,0.0
23.693814,1.216329,shoulder_lift,-25.0,-23.9721,-28.3228,-27.1582,1722,0,64,2,12.3,35,staircase1,no_load,0.0
23.704375,1.22689,shoulder_lift,-25.0,-23.9721,-28.3228,-27.1582,1722,0,64,2,12.3,36,staircase1,no_load,0.0
23.714979,1.237494,shoulder_lift,-25.0,-23.9721,-28.3228,-27.1582,1722,0,64,2,12.3,36,staircase1,no_load,0.0
23.725935,1.24845,shoulder_lift,-25.0,-23.9721,-28.3228,-27.1582,1722,0,64,3,12.3,35,staircase1,no_load,0.0
23.736832,1.259346,shoulder_lift,-25.0,-23.9721,-28.3228,-27.1582,1722,0,64,2,12.3,35,staircase1,no_load,0.0
23.747949,1.270464,shoulder_lift,-25.0,-23.9721,-28.3228,-27.1582,1722,0,64,2,12.3,36,staircase1,no_load,0.0
23.759108,1.281622,shoulder_lift,-25.0,-23.9721,-28.3228,-27.1582,1722,0,64,2,12.3,35,staircase1,no_load,0.0
23.7697,1.292215,shoulder_lift,-25.0,-23.9721,-28.3228,-27.1582,1722,0,64,2,12.3,35,staircase1,no_load,0.0
23.780545,1.30306,shoulder_lift,-25.0,-23.9721,-28.3228,-27.1582,1722,0,64,2,12.3,35,staircase1,no_load,0.0
23.791468,1.313982,shoulder_lift,-25.0,-23.9721,-28.3228,-27.1582,1722,0,64,2,12.3,35,staircase1,no_load,0.0
23.801997,1.324512,shoulder_lift,-25.0,-23.9721,-28.3228,-27.1582,1722,0,64,2,12.3,35,staircase1,no_load,0.0
23.812299,1.334814,shoulder_lift,-25.0,-23.9721,-28.3228,-27.1582,1722,0,64,2,12.3,35,staircase1,no_load,0.0
23.823283,1.345798,shoulder_lift,-25.0,-23.9721,-28.3228,-27.1582,1722,0,64,2,12.3,36,staircase1,no_load,0.0
23.83393,1.356445,shoulder_lift,-25.0,-23.9721,-28.3228,-27.1582,1722,0,64,3,12.4,35,staircase1,no_load,0.0
23.844594,1.367109,shoulder_lift,-25.0,-23.9721,-28.3228,-27.1582,1722,0,64,3,12.3,35,staircase1,no_load,0.0
23.855316,1.377831,shoulder_lift,-25.0,-23.9721,-28.3228,-27.1582,1722,0,64,2,12.3,35,staircase1,no_load,0.0
23.866383,1.388898,shoulder_lift,-25.0,-23.9721,-28.3228,-27.1582,1722,0,64,3,12.3,35,staircase1,no_load,0.0
23.877299,1.399813,shoulder_lift,-25.0,-23.9721,-28.3228,-27.1582,1722,0,64,2,12.4,37,staircase1,no_load,0.0
23.888417,1.410932,shoulder_lift,-25.0,-23.9721,-28.3228,-27.1582,1722,0,64,2,12.3,35,staircase1,no_load,0.0
23.899464,1.421979,shoulder_lift,-25.0,-23.9721,-28.3228,-27.1582,1722,0,64,2,12.3,35,staircase1,no_load,0.0
23.909995,1.43251,shoulder_lift,-25.0,-23.9721,-28.3228,-27.1582,1722,0,64,2,12.3,35,staircase1,no_load,0.0
23.920704,1.443218,shoulder_lift,-25.0,-23.9721,-28.3228,-27.1582,1722,0,64,2,12.3,35,staircase1,no_load,0.0
23.931761,1.454276,shoulder_lift,-25.0,-23.9721,-28.3228,-27.1582,1722,0,64,2,12.3,35,staircase1,no_load,0.0
23.942629,1.465144,shoulder_lift,-25.0,-23.9721,-28.3228,-27.1582,1722,0,64,2,12.3,35,staircase1,no_load,0.0
23.953244,1.475759,shoulder_lift,-25.0,-23.9721,-28.3228,-27.1582,1722,0,64,2,12.3,36,staircase1,no_load,0.0
23.964164,1.486679,shoulder_lift,-25.0,-23.9721,-28.3228,-27.1582,1722,0,64,2,12.3,35,staircase1,no_load,0.0
23.974403,1.496918,shoulder_lift,-25.0,-23.9721,-28.3228,-27.1582,1722,0,64,2,12.3,35,staircase1,no_load,0.0
23.984729,1.507244,shoulder_lift,-25.0,-23.9721,-28.3228,-27.1582,1722,0,64,2,12.3,36,staircase1,no_load,0.0
23.995542,1.518057,shoulder_lift,-25.0,-23.9721,-28.3228,-27.1582,1722,0,64,2,12.3,36,staircase1,no_load,0.0
24.006363,1.528878,shoulder_lift,-25.0,-23.9721,-28.3228,-27.1582,1722,0,64,2,12.3,35,staircase1,no_load,0.0
24.017405,1.53992,shoulder_lift,-25.0,-23.9721,-28.3228,-27.1582,1722,0,64,2,12.3,35,staircase1,no_load,0.0
24.02817,1.550684,shoulder_lift,-25.0,-23.9721,-28.3228,-27.1582,1722,0,64,2,12.3,35,staircase1,no_load,0.0
24.038849,1.561363,shoulder_lift,-25.0,-23.9721,-28.3228,-27.1582,1722,0,64,3,12.3,35,staircase1,no_load,0.0
24.049681,1.572196,shoulder_lift,-25.0,-23.9721,-28.3228,-27.1582,1722,0,64,3,12.3,35,staircase1,no_load,0.0
24.060407,1.582922,shoulder_lift,-25.0,-23.9721,-28.3228,-27.1582,1722,0,64,2,12.2,35,staircase1,no_load,0.0
24.071163,1.593678,shoulder_lift,-25.0,-23.9721,-28.3228,-27.1582,1722,0,64,1,12.3,35,staircase1,no_load,0.0
24.082603,3e-06,shoulder_lift,-37.5,-23.9721,-42.4841,-27.1582,1722,0,68,3,12.3,35,staircase1,no_load,0.0
24.093325,0.010725,shoulder_lift,-37.5,-23.9721,-42.4841,-27.1582,1722,0,76,3,12.3,35,staircase1,no_load,0.0
24.104332,0.021732,shoulder_lift,-37.5,-23.9721,-42.4841,-27.1582,1722,0,116,5,12.3,36,staircase1,no_load,0.0
24.114959,0.032359,shoulder_lift,-37.5,-23.9721,-42.4841,-27.1582,1722,0,148,9,12.3,35,staircase1,no_load,0.0
24.125997,0.043397,shoulder_lift,-37.5,-24.0497,-42.4841,-27.2461,1721,0,224,11,12.4,35,staircase1,no_load,-7.963
24.136439,0.053839,shoulder_lift,-37.5,-24.36,-42.4841,-27.5977,1717,-200,264,21,12.3,35,staircase1,no_load,-33.672
24.146859,0.064259,shoulder_lift,-37.5,-24.6703,-42.4841,-27.9492,1713,-200,332,26,12.3,35,staircase1,no_load,-33.733
24.157399,0.074799,shoulder_lift,-37.5,-25.2909,-42.4841,-28.6523,1705,-550,380,33,12.3,35,staircase1,no_load,-66.708
24.167854,0.085255,shoulder_lift,-37.5,-25.9116,-42.4841,-29.3555,1697,-550,440,32,12.1,36,staircase1,no_load,-67.26
24.178317,0.095717,shoulder_lift,-37.5,-26.7649,-42.4841,-30.3223,1686,-900,444,24,12.2,35,staircase1,no_load,-92.402
24.188799,0.106199,shoulder_lift,-37.5,-27.6959,-42.4841,-31.377,1674,-900,448,21,12.3,35,staircase1,no_load,-100.62
24.199094,0.116494,shoulder_lift,-37.5,-28.7044,-42.4841,-32.5195,1661,-1200,384,6,12.3,35,staircase1,no_load,-110.976
24.209715,0.127115,shoulder_lift,-37.5,-29.7905,-42.4841,-33.75,1647,-1200,368,6,12.3,35,staircase1,no_load,-115.855
24.220042,0.137442,shoulder_lift,-37.5,-30.7215,-42.4841,-34.8047,1635,-1250,300,0,12.3,35,staircase1,no_load,-102.13
24.230842,0.148243,shoulder_lift,-37.5,-31.73,-42.4841,-35.9473,1622,-1250,264,0,12.3,35,staircase1,no_load,-105.796
24.241944,0.159344,shoulder_lift,-37.5,-32.5058,-42.4841,-36.8262,1612,-1150,192,0,12.3,35,staircase1,no_load,-79.166
24.252591,0.169992,shoulder_lift,-37.5,-33.0489,-42.4841,-37.4414,1605,-1150,164,0,12.3,35,staircase1,no_load,-57.782
24.263541,0.180941,shoulder_lift,-37.5,-33.5919,-42.4841,-38.0566,1598,-700,156,0,12.3,35,staircase1,no_load,-56.183
24.27458,0.19198,shoulder_lift,-37.5,-34.0574,-42.4841,-38.584,1592,-550,132,0,12.3,36,staircase1,no_load,-47.776
24.285158,0.202558,shoulder_lift,-37.5,-34.3677,-42.4841,-38.9355,1588,-550,124,1,12.3,35,staircase1,no_load,-33.229
24.295889,0.213289,shoulder_lift,-37.5,-34.678,-42.4841,-39.2871,1584,-400,112,2,12.3,36,staircase1,no_load,-32.765
24.30691,0.22431,shoulder_lift,-37.5,-34.9108,-42.4841,-39.5508,1581,-400,116,3,12.3,36,staircase1,no_load,-23.927
24.317288,0.234688,shoulder_lift,-37.5,-35.0659,-42.4841,-39.7266,1579,-200,112,3,12.3,36,staircase1,no_load,-16.94
24.327812,0.245212,shoulder_lift,-37.5,-35.2987,-42.4841,-39.9902,1576,-200,104,2,12.3,35,staircase1,no_load,-25.048
24.338181,0.255581,shoulder_lift,-37.5,-35.5314,-42.4841,-40.2539,1573,-300,92,2,12.3,35,staircase1,no_load,-25.432
24.348814,0.266214,shoulder_lift,-37.5,-35.6866,-42.4841,-40.4297,1571,-300,80,1,12.3,35,staircase1,no_load,-16.533
24.359128,0.276528,shoulder_lift,-37.5,-35.9193,-42.4841,-40.6934,1568,-250,72,2,12.3,35,staircase1,no_load,-25.567
24.369594,0.286994,shoulder_lift,-37.5,-36.0745,-42.4841,-40.8691,1566,-250,64,1,12.3,36,staircase1,no_load,-16.788
24.380068,0.297468,shoulder_lift,-37.5,-36.1521,-42.4841,-40.957,1565,-200,68,2,12.3,35,staircase1,no_load,-8.392
24.390507,0.307907,shoulder_lift,-37.5,-36.2296,-42.4841,-41.0449,1564,-200,64,2,12.3,35,staircase1,no_load,-8.42
24.400818,0.318219,shoulder_lift,-37.5,-36.2296,-42.4841,-41.0449,1564,-50,72,2,12.3,35,staircase1,no_load,0.0
24.411596,0.328997,shoulder_lift,-37.5,-36.3072,-42.4841,-41.1328,1563,-50,68,1,12.3,35,staircase1,no_load,-8.156
24.422441,0.339841,shoulder_lift,-37.5,-36.3072,-42.4841,-41.1328,1563,-50,68,2,12.3,35,staircase1,no_load,0.0
24.433525,0.350925,shoulder_lift,-37.5,-36.3072,-42.4841,-41.1328,1563,-50,64,1,12.3,35,staircase1,no_load,0.0
24.444516,0.361917,shoulder_lift,-37.5,-36.3848,-42.4841,-41.2207,1562,-50,64,1,12.3,35,staircase1,no_load,-7.997
24.455582,0.372982,shoulder_lift,-37.5,-36.4624,-42.4841,-41.3086,1561,-50,60,1,12.3,35,staircase1,no_load,-7.943
24.466408,0.383808,shoulder_lift,-37.5,-36.54,-42.4841,-41.3965,1560,-50,52,1,12.3,35,staircase1,no_load,-8.119
24.477573,0.394973,shoulder_lift,-37.5,-36.54,-42.4841,-41.3965,1560,-50,60,2,12.3,35,staircase1,no_load,0.0
24.488775,0.406175,shoulder_lift,-37.5,-36.54,-42.4841,-41.3965,1560,-50,60,2,12.3,35,staircase1,no_load,0.0
24.499516,0.416916,shoulder_lift,-37.5,-36.54,-42.4841,-41.3965,1560,0,60,1,12.3,35,staircase1,no_load,0.0
24.51069,0.428091,shoulder_lift,-37.5,-36.54,-42.4841,-41.3965,1560,0,60,2,12.3,35,staircase1,no_load,0.0
24.521124,0.438525,shoulder_lift,-37.5,-36.54,-42.4841,-41.3965,1560,0,60,1,12.3,35,staircase1,no_load,0.0
24.532116,0.449517,shoulder_lift,-37.5,-36.54,-42.4841,-41.3965,1560,0,60,2,12.3,35,staircase1,no_load,0.0
24.543241,0.460641,shoulder_lift,-37.5,-36.54,-42.4841,-41.3965,1560,0,60,2,12.3,35,staircase1,no_load,0.0
24.553991,0.471391,shoulder_lift,-37.5,-36.54,-42.4841,-41.3965,1560,0,60,2,12.3,35,staircase1,no_load,0.0
24.564674,0.482075,shoulder_lift,-37.5,-36.54,-42.4841,-41.3965,1560,0,60,2,12.3,35,staircase1,no_load,0.0
24.574796,0.492196,shoulder_lift,-37.5,-36.54,-42.4841,-41.3965,1560,0,60,2,12.3,35,staircase1,no_load,0.0
24.585004,0.502405,shoulder_lift,-37.5,-36.54,-42.4841,-41.3965,1560,0,60,2,12.3,35,staircase1,no_load,0.0
24.596034,0.513434,shoulder_lift,-37.5,-36.54,-42.4841,-41.3965,1560,0,60,2,12.3,35,staircase1,no_load,0.0
24.60688,0.524281,shoulder_lift,-37.5,-36.54,-42.4841,-41.3965,1560,0,60,2,12.3,35,staircase1,no_load,0.0
24.617421,0.534822,shoulder_lift,-37.5,-36.54,-42.4841,-41.3965,1560,0,60,2,12.3,35,staircase1,no_load,0.0
24.628397,0.545798,shoulder_lift,-37.5,-36.54,-42.4841,-41.3965,1560,0,60,1,12.3,35,staircase1,no_load,0.0
24.63904,0.55644,shoulder_lift,-37.5,-36.54,-42.4841,-41.3965,1560,0,60,2,12.3,35,staircase1,no_load,0.0
24.649872,0.567272,shoulder_lift,-37.5,-36.54,-42.4841,-41.3965,1560,0,60,1,12.3,35,staircase1,no_load,0.0
24.660699,0.578099,shoulder_lift,-37.5,-36.54,-42.4841,-41.3965,1560,0,60,2,12.4,35,staircase1,no_load,0.0
24.671519,0.588919,shoulder_lift,-37.5,-36.54,-42.4841,-41.3965,1560,0,60,2,12.3,35,staircase1,no_load,0.0
24.682639,0.600039,shoulder_lift,-37.5,-36.54,-42.4841,-41.3965,1560,0,60,1,12.3,35,staircase1,no_load,0.0
24.692883,0.610284,shoulder_lift,-37.5,-36.54,-42.4841,-41.3965,1560,0,60,1,12.3,36,staircase1,no_load,0.0
24.703492,0.620892,shoulder_lift,-37.5,-36.54,-42.4841,-41.3965,1560,0,60,1,12.3,35,staircase1,no_load,0.0
24.713991,0.631391,shoulder_lift,-37.5,-36.54,-42.4841,-41.3965,1560,0,60,1,12.3,35,staircase1,no_load,0.0
24.72421,0.64161,shoulder_lift,-37.5,-36.54,-42.4841,-41.3965,1560,0,60,2,12.3,35,staircase1,no_load,0.0
24.734872,0.652272,shoulder_lift,-37.5,-36.54,-42.4841,-41.3965,1560,0,60,2,12.3,35,staircase1,no_load,0.0
24.745544,0.662944,shoulder_lift,-37.5,-36.54,-42.4841,-41.3965,1560,0,60,2,12.3,35,staircase1,no_load,0.0
24.75606,0.67346,shoulder_lift,-37.5,-36.54,-42.4841,-41.3965,1560,0,60,2,12.3,35,staircase1,no_load,0.0
24.7664,0.6838,shoulder_lift,-37.5,-36.54,-42.4841,-41.3965,1560,0,60,2,12.3,36,staircase1,no_load,0.0
24.776724,0.694124,shoulder_lift,-37.5,-36.54,-42.4841,-41.3965,1560,0,60,2,12.3,35,staircase1,no_load,0.0
24.787559,0.704959,shoulder_lift,-37.5,-36.54,-42.4841,-41.3965,1560,0,60,2,12.3,35,staircase1,no_load,0.0
24.798237,0.715637,shoulder_lift,-37.5,-36.54,-42.4841,-41.3965,1560,0,60,1,12.3,35,staircase1,no_load,0.0
24.809109,0.726509,shoulder_lift,-37.5,-36.54,-42.4841,-41.3965,1560,0,60,2,12.4,35,staircase1,no_load,0.0
24.819986,0.737386,shoulder_lift,-37.5,-36.54,-42.4841,-41.3965,1560,0,60,2,12.3,35,staircase1,no_load,0.0
24.83101,0.74841,shoulder_lift,-37.5,-36.54,-42.4841,-41.3965,1560,0,60,2,12.3,35,staircase1,no_load,0.0
24.841716,0.759117,shoulder_lift,-37.5,-36.54,-42.4841,-41.3965,1560,0,60,2,12.3,35,staircase1,no_load,0.0
24.852504,0.769904,shoulder_lift,-37.5,-36.54,-42.4841,-41.3965,1560,0,60,2,12.3,35,staircase1,no_load,0.0
24.863665,0.781065,shoulder_lift,-37.5,-36.54,-42.4841,-41.3965,1560,0,60,2,12.3,35,staircase1,no_load,0.0
24.874414,0.791814,shoulder_lift,-37.5,-36.54,-42.4841,-41.3965,1560,0,60,1,12.3,35,staircase1,no_load,0.0
24.884931,0.802331,shoulder_lift,-37.5,-36.54,-42.4841,-41.3965,1560,0,60,2,12.3,36,staircase1,no_load,0.0
24.895603,0.813004,shoulder_lift,-37.5,-36.54,-42.4841,-41.3965,1560,0,60,2,12.4,36,staircase1,no_load,0.0
24.906389,0.82379,shoulder_lift,-37.5,-36.54,-42.4841,-41.3965,1560,0,60,2,12.3,35,staircase1,no_load,0.0
24.91741,0.83481,shoulder_lift,-37.5,-36.54,-42.4841,-41.3965,1560,0,60,2,12.3,35,staircase1,no_load,0.0
24.928203,0.845604,shoulder_lift,-37.5,-36.54,-42.4841,-41.3965,1560,0,60,2,12.3,35,staircase1,no_load,0.0
24.939184,0.856584,shoulder_lift,-37.5,-36.54,-42.4841,-41.3965,1560,0,60,2,12.3,35,staircase1,no_load,0.0
24.950325,0.867725,shoulder_lift,-37.5,-36.54,-42.4841,-41.3965,1560,0,60,2,12.4,35,staircase1,no_load,0.0
24.961225,0.878626,shoulder_lift,-37.5,-36.54,-42.4841,-41.3965,1560,0,60,2,12.3,35,staircase1,no_load,0.0
24.971797,0.889197,shoulder_lift,-37.5,-36.54,-42.4841,-41.3965,1560,0,60,2,12.3,35,staircase1,no_load,0.0
24.982756,0.900156,shoulder_lift,-37.5,-36.54,-42.4841,-41.3965,1560,0,60,2,12.3,35,staircase1,no_load,0.0
24.99378,0.91118,shoulder_lift,-37.5,-36.54,-42.4841,-41.3965,1560,0,60,2,12.3,35,staircase1,no_load,0.0
25.004453,0.921854,shoulder_lift,-37.5,-36.54,-42.4841,-41.3965,1560,0,60,2,12.3,35,staircase1,no_load,0.0
25.015487,0.932887,shoulder_lift,-37.5,-36.54,-42.4841,-41.3965,1560,0,60,2,12.3,35,staircase1,no_load,0.0
25.02652,0.94392,shoulder_lift,-37.5,-36.54,-42.4841,-41.3965,1560,0,60,2,12.3,35,staircase1,no_load,0.0
25.037156,0.954556,shoulder_lift,-37.5,-36.54,-42.4841,-41.3965,1560,0,60,2,12.3,35,staircase1,no_load,0.0
25.048165,0.965565,shoulder_lift,-37.5,-36.54,-42.4841,-41.3965,1560,0,60,2,12.3,35,staircase1,no_load,0.0
25.058973,0.976373,shoulder_lift,-37.5,-36.54,-42.4841,-41.3965,1560,0,60,2,12.3,35,staircase1,no_load,0.0
25.069656,0.987056,shoulder_lift,-37.5,-36.54,-42.4841,-41.3965,1560,0,60,2,12.3,35,staircase1,no_load,0.0
25.080018,0.997418,shoulder_lift,-37.5,-36.54,-42.4841,-41.3965,1560,0,60,2,12.3,35,staircase1,no_load,0.0
25.091173,1.008573,shoulder_lift,-37.5,-36.54,-42.4841,-41.3965,1560,0,60,2,12.3,35,staircase1,no_load,0.0
25.101634,1.019034,shoulder_lift,-37.5,-36.54,-42.4841,-41.3965,1560,0,60,1,12.3,36,staircase1,no_load,0.0
25.112451,1.029852,shoulder_lift,-37.5,-36.54,-42.4841,-41.3965,1560,0,60,2,12.3,35,staircase1,no_load,0.0
25.123289,1.040689,shoulder_lift,-37.5,-36.54,-42.4841,-41.3965,1560,0,60,1,12.3,35,staircase1,no_load,0.0
25.133986,1.051386,shoulder_lift,-37.5,-36.54,-42.4841,-41.3965,1560,0,60,2,12.3,35,staircase1,no_load,0.0
25.144973,1.062374,shoulder_lift,-37.5,-36.54,-42.4841,-41.3965,1560,0,60,2,12.3,35,staircase1,no_load,0.0
25.155739,1.07314,shoulder_lift,-37.5,-36.54,-42.4841,-41.3965,1560,0,60,2,12.3,35,staircase1,no_load,0.0
25.166328,1.083729,shoulder_lift,-37.5,-36.54,-42.4841,-41.3965,1560,0,60,2,12.3,35,staircase1,no_load,0.0
25.177364,1.094764,shoulder_lift,-37.5,-36.54,-42.4841,-41.3965,1560,0,60,2,12.3,35,staircase1,no_load,0.0
25.188189,1.105589,shoulder_lift,-37.5,-36.54,-42.4841,-41.3965,1560,0,60,3,12.3,35,staircase1,no_load,0.0
25.199267,1.116667,shoulder_lift,-37.5,-36.54,-42.4841,-41.3965,1560,0,60,1,12.3,35,staircase1,no_load,0.0
25.2103,1.127701,shoulder_lift,-37.5,-36.54,-42.4841,-41.3965,1560,0,60,2,12.3,35,staircase1,no_load,0.0
25.221303,1.138703,shoulder_lift,-37.5,-36.54,-42.4841,-41.3965,1560,0,60,2,12.3,35,staircase1,no_load,0.0
25.232393,1.149793,shoulder_lift,-37.5,-36.54,-42.4841,-41.3965,1560,0,60,2,12.3,35,staircase1,no_load,0.0
25.243145,1.160545,shoulder_lift,-37.5,-36.54,-42.4841,-41.3965,1560,0,60,2,12.3,35,staircase1,no_load,0.0
25.253987,1.171388,shoulder_lift,-37.5,-36.54,-42.4841,-41.3965,1560,0,60,2,12.3,36,staircase1,no_load,0.0
25.264808,1.182208,shoulder_lift,-37.5,-36.54,-42.4841,-41.3965,1560,0,60,2,12.3,37,staircase1,no_load,0.0
25.275847,1.193247,shoulder_lift,-37.5,-36.54,-42.4841,-41.3965,1560,0,60,2,12.3,35,staircase1,no_load,0.0
25.28691,1.20431,shoulder_lift,-37.5,-36.54,-42.4841,-41.3965,1560,0,60,2,12.3,35,staircase1,no_load,0.0
25.297886,1.215286,shoulder_lift,-37.5,-36.54,-42.4841,-41.3965,1560,0,60,1,12.4,35,staircase1,no_load,0.0
25.309046,1.226447,shoulder_lift,-37.5,-36.54,-42.4841,-41.3965,1560,0,60,2,12.3,35,staircase1,no_load,0.0
25.31965,1.23705,shoulder_lift,-37.5,-36.54,-42.4841,-41.3965,1560,0,60,2,12.3,35,staircase1,no_load,0.0
25.33025,1.24765,shoulder_lift,-37.5,-36.54,-42.4841,-41.3965,1560,0,60,2,12.3,35,staircase1,no_load,0.0
25.340801,1.258201,shoulder_lift,-37.5,-36.54,-42.4841,-41.3965,1560,0,60,2,12.3,36,staircase1,no_load,0.0
25.351205,1.268605,shoulder_lift,-37.5,-36.54,-42.4841,-41.3965,1560,0,60,2,12.3,35,staircase1,no_load,0.0
25.36171,1.27911,shoulder_lift,-37.5,-36.54,-42.4841,-41.3965,1560,0,60,1,12.4,35,staircase1,no_load,0.0
25.372804,1.290205,shoulder_lift,-37.5,-36.54,-42.4841,-41.3965,1560,0,60,2,12.3,35,staircase1,no_load,0.0
25.383761,1.301161,shoulder_lift,-37.5,-36.54,-42.4841,-41.3965,1560,0,60,2,12.3,35,staircase1,no_load,0.0
25.394063,1.311463,shoulder_lift,-37.5,-36.54,-42.4841,-41.3965,1560,0,60,2,12.3,35,staircase1,no_load,0.0
25.404354,1.321754,shoulder_lift,-37.5,-36.54,-42.4841,-41.3965,1560,0,60,2,12.3,35,staircase1,no_load,0.0
25.414655,1.332055,shoulder_lift,-37.5,-36.54,-42.4841,-41.3965,1560,0,60,1,12.3,35,staircase1,no_load,0.0
25.425323,1.342723,shoulder_lift,-37.5,-36.54,-42.4841,-41.3965,1560,0,60,2,12.3,35,staircase1,no_load,0.0
25.436031,1.353432,shoulder_lift,-37.5,-36.54,-42.4841,-41.3965,1560,0,60,1,12.3,36,staircase1,no_load,0.0
25.446874,1.364274,shoulder_lift,-37.5,-36.54,-42.4841,-41.3965,1560,0,60,2,12.3,35,staircase1,no_load,0.0
25.45803,1.375431,shoulder_lift,-37.5,-36.54,-42.4841,-41.3965,1560,0,60,2,12.3,35,staircase1,no_load,0.0
25.468486,1.385887,shoulder_lift,-37.5,-36.54,-42.4841,-41.3965,1560,0,60,2,12.3,35,staircase1,no_load,0.0
25.479418,1.396818,shoulder_lift,-37.5,-36.54,-42.4841,-41.3965,1560,0,60,2,12.3,35,staircase1,no_load,0.0
25.490618,1.408018,shoulder_lift,-37.5,-36.54,-42.4841,-41.3965,1560,0,60,2,12.3,35,staircase1,no_load,0.0
25.501287,1.418688,shoulder_lift,-37.5,-36.54,-42.4841,-41.3965,1560,0,60,1,12.3,36,staircase1,no_load,0.0
25.512441,1.429841,shoulder_lift,-37.5,-36.54,-42.4841,-41.3965,1560,0,60,2,12.3,35,staircase1,no_load,0.0
25.523335,1.440735,shoulder_lift,-37.5,-36.54,-42.4841,-41.3965,1560,0,60,2,12.3,35,staircase1,no_load,0.0
25.533932,1.451332,shoulder_lift,-37.5,-36.54,-42.4841,-41.3965,1560,0,60,2,12.3,35,staircase1,no_load,0.0
25.544826,1.462226,shoulder_lift,-37.5,-36.54,-42.4841,-41.3965,1560,0,60,2,12.3,35,staircase1,no_load,0.0
25.556029,1.473429,shoulder_lift,-37.5,-36.54,-42.4841,-41.3965,1560,0,60,2,12.3,35,staircase1,no_load,0.0
25.566973,1.484373,shoulder_lift,-37.5,-36.54,-42.4841,-41.3965,1560,0,60,2,12.3,35,staircase1,no_load,0.0
25.57808,1.49548,shoulder_lift,-37.5,-36.54,-42.4841,-41.3965,1560,0,60,3,12.3,36,staircase1,no_load,0.0
25.588358,1.505758,shoulder_lift,-37.5,-36.54,-42.4841,-41.3965,1560,0,60,2,12.3,35,staircase1,no_load,0.0
25.598998,1.516398,shoulder_lift,-37.5,-36.54,-42.4841,-41.3965,1560,0,60,1,12.3,36,staircase1,no_load,0.0
25.610836,1.528236,shoulder_lift,-37.5,-36.54,-42.4841,-41.3965,1560,0,60,1,12.3,35,staircase1,no_load,0.0
25.621503,1.538904,shoulder_lift,-37.5,-36.54,-42.4841,-41.3965,1560,0,60,2,12.3,36,staircase1,no_load,0.0
25.632385,1.549785,shoulder_lift,-37.5,-36.54,-42.4841,-41.3965,1560,0,60,2,12.3,35,staircase1,no_load,0.0
25.64348,1.560881,shoulder_lift,-37.5,-36.54,-42.4841,-41.3965,1560,0,60,2,12.3,36,staircase1,no_load,0.0
25.654213,1.571614,shoulder_lift,-37.5,-36.54,-42.4841,-41.3965,1560,0,60,2,12.3,35,staircase1,no_load,0.0
25.665363,1.582763,shoulder_lift,-37.5,-36.54,-42.4841,-41.3965,1560,0,60,2,12.3,35,staircase1,no_load,0.0
25.675656,1.593057,shoulder_lift,-37.5,-36.54,-42.4841,-41.3965,1560,0,60,2,12.3,35,staircase1,no_load,0.0
25.687441,4e-06,shoulder_lift,-50.0,-36.54,-56.6455,-41.3965,1560,0,64,2,12.3,35,staircase1,no_load,0.0
25.698288,0.010851,shoulder_lift,-50.0,-36.54,-56.6455,-41.3965,1560,0,80,4,12.3,36,staircase1,no_load,0.0
25.708992,0.021555,shoulder_lift,-50.0,-36.54,-56.6455,-41.3965,1560,0,100,4,12.3,35,staircase1,no_load,0.0
25.719822,0.032385,shoulder_lift,-50.0,-36.6175,-56.6455,-41.4844,1559,0,160,9,12.3,35,staircase1,no_load,-8.116
25.730654,0.043217,shoulder_lift,-50.0,-36.6951,-56.6455,-41.5723,1558,0,200,10,12.3,35,staircase1,no_load,-8.115
25.741382,0.053945,shoulder_lift,-50.0,-36.9279,-56.6455,-41.8359,1555,-100,268,20,12.2,35,staircase1,no_load,-24.571
25.752337,0.064899,shoulder_lift,-50.0,-37.3157,-56.6455,-42.2754,1550,-400,316,19,12.3,35,staircase1,no_load,-40.119
25.763492,0.076055,shoulder_lift,-50.0,-37.9364,-56.6455,-42.9785,1542,-400,388,29,12.2,35,staircase1,no_load,-63.03
25.774387,0.086949,shoulder_lift,-50.0,-38.7122,-56.6455,-43.8574,1532,-800,432,28,12.2,35,staircase1,no_load,-80.67
25.78523,0.097792,shoulder_lift,-50.0,-39.6431,-56.6455,-44.9121,1520,-800,448,25,12.3,35,staircase1,no_load,-97.27
25.796226,0.108788,shoulder_lift,-50.0,-40.7292,-56.6455,-46.1426,1506,-1150,392,6,12.3,36,staircase1,no_load,-111.904
25.807352,0.119915,shoulder_lift,-50.0,-41.8929,-56.6455,-47.4609,1491,-1150,384,6,12.3,35,staircase1,no_load,-118.488
25.817828,0.13039,shoulder_lift,-50.0,-42.9791,-56.6455,-48.6914,1477,-1350,308,0,12.3,35,staircase1,no_load,-117.459
25.828832,0.141395,shoulder_lift,-50.0,-44.0652,-56.6455,-49.9219,1463,-1350,276,0,12.3,35,staircase1,no_load,-111.823
25.839558,0.15212,shoulder_lift,-50.0,-45.0737,-56.6455,-51.0645,1450,-1300,200,0,12.3,35,staircase1,no_load,-106.526
25.850556,0.163118,shoulder_lift,-50.0,-45.9271,-56.6455,-52.0312,1439,-1300,156,0,12.3,35,staircase1,no_load,-87.898
25.860856,0.173418,shoulder_lift,-50.0,-46.7804,-56.6455,-52.998,1428,-1050,84,0,12.3,36,staircase1,no_load,-93.864
25.871236,0.183798,shoulder_lift,-50.0,-47.4011,-56.6455,-53.7012,1420,-900,56,0,12.3,35,staircase1,no_load,-67.746
25.881691,0.194254,shoulder_lift,-50.0,-47.789,-56.6455,-54.1406,1415,-900,68,0,12.3,36,staircase1,no_load,-42.028
25.892136,0.204698,shoulder_lift,-50.0,-48.0217,-56.6455,-54.4043,1412,-350,56,1,12.3,36,staircase1,no_load,-25.247
25.902923,0.215486,shoulder_lift,-50.0,-48.2545,-56.6455,-54.668,1409,-350,80,1,12.3,35,staircase1,no_load,-24.446
25.913229,0.225791,shoulder_lift,-50.0,-48.4096,-56.6455,-54.8438,1407,-250,72,1,12.3,36,staircase1,no_load,-17.058
25.92387,0.236433,shoulder_lift,-50.0,-48.6424,-56.6455,-55.1074,1404,-250,64,0,12.3,35,staircase1,no_load,-24.772
25.934292,0.246855,shoulder_lift,-50.0,-48.7199,-56.6455,-55.1953,1403,-200,60,1,12.3,35,staircase1,no_load,-8.434
25.944661,0.257223,shoulder_lift,-50.0,-48.7975,-56.6455,-55.2832,1402,-200,64,1,12.3,35,staircase1,no_load,-8.477
25.955255,0.267818,shoulder_lift,-50.0,-48.7975,-56.6455,-55.2832,1402,-50,72,1,12.3,35,staircase1,no_load,0.0
25.966059,0.278622,shoulder_lift,-50.0,-48.7975,-56.6455,-55.2832,1402,-50,72,0,12.3,35,staircase1,no_load,0.0
25.976474,0.289036,shoulder_lift,-50.0,-48.8751,-56.6455,-55.3711,1401,0,68,0,12.3,35,staircase1,no_load,-8.44
25.987186,0.299749,shoulder_lift,-50.0,-48.9527,-56.6455,-55.459,1400,0,60,0,12.3,35,staircase1,no_load,-8.206
25.998081,0.310644,shoulder_lift,-50.0,-49.0303,-56.6455,-55.5469,1399,-150,56,0,12.4,35,staircase1,no_load,-8.068
26.008769,0.321332,shoulder_lift,-50.0,-49.0303,-56.6455,-55.5469,1399,-150,56,1,12.3,35,staircase1,no_load,0.0
26.019352,0.331915,shoulder_lift,-50.0,-49.0303,-56.6455,-55.5469,1399,0,64,1,12.3,35,staircase1,no_load,0.0
26.030411,0.342973,shoulder_lift,-50.0,-49.0303,-56.6455,-55.5469,1399,0,64,1,12.3,35,staircase1,no_load,0.0
26.041032,0.353594,shoulder_lift,-50.0,-49.1078,-56.6455,-55.6348,1398,0,60,2,12.3,35,staircase1,no_load,-8.276
26.051714,0.364277,shoulder_lift,-50.0,-49.1854,-56.6455,-55.7227,1397,-100,56,2,12.3,35,staircase1,no_load,-8.229
26.062749,0.375311,shoulder_lift,-50.0,-49.3406,-56.6455,-55.8984,1395,-100,36,0,12.3,35,staircase1,no_load,-15.922
26.07358,0.386143,shoulder_lift,-50.0,-49.4957,-56.6455,-56.0742,1393,-150,28,0,12.3,35,staircase1,no_load,-16.231
26.084321,0.396883,shoulder_lift,-50.0,-49.6509,-56.6455,-56.25,1391,-150,20,0,12.3,35,staircase1,no_load,-16.367
26.095149,0.407712,shoulder_lift,-50.0,-49.7285,-56.6455,-56.3379,1390,-200,0,0,12.3,35,staircase1,no_load,-8.118
26.105423,0.417985,shoulder_lift,-50.0,-49.7285,-56.6455,-56.3379,1390,-200,0,0,12.3,35,staircase1,no_load,0.0
26.116696,0.429258,shoulder_lift,-50.0,-49.6509,-56.6455,-56.25,1391,0,36,0,12.3,35,staircase1,no_load,7.797
26.127736,0.440298,shoulder_lift,-50.0,-49.6509,-56.6455,-56.25,1391,0,36,0,12.3,35,staircase1,no_load,0.0
26.138489,0.451051,shoulder_lift,-50.0,-49.6509,-56.6455,-56.25,1391,50,32,0,12.3,35,staircase1,no_load,0.0
26.149436,0.461999,shoulder_lift,-50.0,-49.6509,-56.6455,-56.25,1391,50,32,0,12.3,35,staircase1,no_load,0.0
26.160542,0.473105,shoulder_lift,-50.0,-49.6509,-56.6455,-56.25,1391,0,32,0,12.3,35,staircase1,no_load,0.0
26.171014,0.483577,shoulder_lift,-50.0,-49.9612,-56.6455,-56.6016,1387,-250,0,0,12.4,35,staircase1,no_load,-33.575
26.181883,0.494445,shoulder_lift,-50.0,-50.1164,-56.6455,-56.7773,1385,-250,1056,0,12.4,35,staircase1,no_load,-16.165
26.192892,0.505455,shoulder_lift,-50.0,-50.1939,-56.6455,-56.8652,1384,-100,1064,0,12.3,35,staircase1,no_load,-7.984
26.203928,0.51649,shoulder_lift,-50.0,-50.4267,-56.6455,-57.1289,1381,-100,1064,2,12.3,36,staircase1,no_load,-23.895
26.215013,0.527576,shoulder_lift,-50.0,-50.5043,-56.6455,-57.2168,1380,-200,1076,1,12.3,35,staircase1,no_load,-7.93
26.22581,0.538372,shoulder_lift,-50.0,-50.5818,-56.6455,-57.3047,1379,-200,1076,1,12.3,35,staircase1,no_load,-8.141
26.236577,0.54914,shoulder_lift,-50.0,-50.5818,-56.6455,-57.3047,1379,-50,1068,1,12.3,35,staircase1,no_load,0.0
26.247607,0.56017,shoulder_lift,-50.0,-50.5818,-56.6455,-57.3047,1379,-50,1068,1,12.3,35,staircase1,no_load,0.0
26.25836,0.570923,shoulder_lift,-50.0,-50.5043,-56.6455,-57.2168,1380,50,1056,1,12.3,35,staircase1,no_load,8.174
26.269433,0.581996,shoulder_lift,-50.0,-50.5043,-56.6455,-57.2168,1380,50,1056,1,12.3,36,staircase1,no_load,0.0
26.280597,0.59316,shoulder_lift,-50.0,-50.1164,-56.6455,-56.7773,1385,0,20,0,12.3,35,staircase1,no_load,39.368
26.291693,0.604256,shoulder_lift,-50.0,-50.0388,-56.6455,-56.6895,1386,300,20,1,12.3,35,staircase1,no_load,7.913
26.302508,0.615071,shoulder_lift,-50.0,-49.9612,-56.6455,-56.6016,1387,300,32,1,12.3,36,staircase1,no_load,8.128
26.31301,0.625573,shoulder_lift,-50.0,-49.9612,-56.6455,-56.6016,1387,50,32,0,12.3,35,staircase1,no_load,0.0
26.323543,0.636106,shoulder_lift,-50.0,-50.1164,-56.6455,-56.7773,1385,50,1044,0,12.3,35,staircase1,no_load,-16.681
26.333848,0.646411,shoulder_lift,-50.0,-50.1939,-56.6455,-56.8652,1384,-150,1056,0,12.3,35,staircase1,no_load,-8.53
26.344464,0.657027,shoulder_lift,-50.0,-50.2715,-56.6455,-56.9531,1383,-150,1056,0,12.3,36,staircase1,no_load,-8.28
26.355053,0.667616,shoulder_lift,-50.0,-50.2715,-56.6455,-56.9531,1383,-50,1048,0,12.3,35,staircase1,no_load,0.0
26.365638,0.678201,shoulder_lift,-50.0,-50.1939,-56.6455,-56.8652,1384,-50,1044,0,12.3,36,staircase1,no_load,8.304
26.376377,0.688939,shoulder_lift,-50.0,-50.1164,-56.6455,-56.7773,1385,100,24,0,12.3,36,staircase1,no_load,8.185
26.386917,0.69948,shoulder_lift,-50.0,-49.9612,-56.6455,-56.6016,1387,100,24,0,12.3,35,staircase1,no_load,16.67
26.397841,0.710404,shoulder_lift,-50.0,-49.9612,-56.6455,-56.6016,1387,100,0,0,12.3,35,staircase1,no_load,0.0
26.40877,0.721333,shoulder_lift,-50.0,-49.8836,-56.6455,-56.5137,1388,100,20,0,12.3,35,staircase1,no_load,8.043
26.419808,0.73237,shoulder_lift,-50.0,-49.8836,-56.6455,-56.5137,1388,50,24,0,12.3,35,staircase1,no_load,0.0
26.430834,0.743396,shoulder_lift,-50.0,-49.9612,-56.6455,-56.6016,1387,-50,20,0,12.3,36,staircase1,no_load,-7.972
26.441722,0.754284,shoulder_lift,-50.0,-50.1164,-56.6455,-56.7773,1385,-50,1048,0,12.3,35,staircase1,no_load,-16.137
26.4526,0.765163,shoulder_lift,-50.0,-50.2715,-56.6455,-56.9531,1383,-200,1056,1,12.3,36,staircase1,no_load,-16.161
26.463358,0.775921,shoulder_lift,-50.0,-50.3491,-56.6455,-57.041,1382,-200,1064,1,12.3,35,staircase1,no_load,-8.171
26.474358,0.78692,shoulder_lift,-50.0,-50.3491,-56.6455,-57.041,1382,-50,1052,0,12.3,35,staircase1,no_load,0.0
26.484614,0.797177,shoulder_lift,-50.0,-50.3491,-56.6455,-57.041,1382,-50,1052,0,12.3,36,staircase1,no_load,0.0
26.495565,0.808128,shoulder_lift,-50.0,-50.3491,-56.6455,-57.041,1382,0,1052,0,12.3,35,staircase1,no_load,0.0
26.506269,0.818831,shoulder_lift,-50.0,-50.3491,-56.6455,-57.041,1382,0,1052,0,12.3,35,staircase1,no_load,0.0
26.516922,0.829484,shoulder_lift,-50.0,-50.3491,-56.6455,-57.041,1382,0,1052,1,12.3,35,staircase1,no_load,0.0
26.527509,0.840071,shoulder_lift,-50.0,-50.3491,-56.6455,-57.041,1382,0,1052,0,12.3,35,staircase1,no_load,0.0
26.538265,0.850827,shoulder_lift,-50.0,-50.3491,-56.6455,-57.041,1382,0,1052,1,12.3,35,staircase1,no_load,0.0
26.549337,0.8619,shoulder_lift,-50.0,-50.3491,-56.6455,-57.041,1382,0,1052,0,12.3,35,staircase1,no_load,0.0
26.560462,0.873025,shoulder_lift,-50.0,-50.3491,-56.6455,-57.041,1382,0,1052,0,12.3,36,staircase1,no_load,0.0
26.57158,0.884142,shoulder_lift,-50.0,-50.3491,-56.6455,-57.041,1382,0,1052,0,12.3,35,staircase1,no_load,0.0
26.582333,0.894896,shoulder_lift,-50.0,-50.3491,-56.6455,-57.041,1382,0,1052,0,12.3,35,staircase1,no_load,0.0
26.592806,0.905368,shoulder_lift,-50.0,-50.3491,-56.6455,-57.041,1382,0,1052,0,12.3,35,staircase1,no_load,0.0
26.603068,0.91563,shoulder_lift,-50.0,-50.3491,-56.6455,-57.041,1382,0,1052,0,12.3,35,staircase1,no_load,0.0
26.613728,0.92629,shoulder_lift,-50.0,-50.3491,-56.6455,-57.041,1382,0,1052,1,12.3,35,staircase1,no_load,0.0
26.623984,0.936546,shoulder_lift,-50.0,-50.3491,-56.6455,-57.041,1382,0,1052,0,12.3,35,staircase1,no_load,0.0
26.634427,0.946989,shoulder_lift,-50.0,-50.3491,-56.6455,-57.041,1382,0,1052,0,12.3,35,staircase1,no_load,0.0
26.645324,0.957886,shoulder_lift,-50.0,-50.3491,-56.6455,-57.041,1382,0,1052,0,12.3,36,staircase1,no_load,0.0
26.656334,0.968896,shoulder_lift,-50.0,-50.3491,-56.6455,-57.041,1382,0,1052,0,12.3,35,staircase1,no_load,0.0
26.66692,0.979482,shoulder_lift,-50.0,-50.3491,-56.6455,-57.041,1382,0,1052,0,12.3,35,staircase1,no_load,0.0
26.677534,0.990096,shoulder_lift,-50.0,-50.3491,-56.6455,-57.041,1382,0,1052,0,12.4,35,staircase1,no_load,0.0
26.688353,1.000916,shoulder_lift,-50.0,-50.3491,-56.6455,-57.041,1382,0,1052,0,12.3,35,staircase1,no_load,0.0
26.699453,1.012016,shoulder_lift,-50.0,-50.3491,-56.6455,-57.041,1382,0,1052,0,12.3,35,staircase1,no_load,0.0
26.709824,1.022387,shoulder_lift,-50.0,-50.3491,-56.6455,-57.041,1382,0,1052,0,12.3,35,staircase1,no_load,0.0
26.720003,1.032566,shoulder_lift,-50.0,-50.3491,-56.6455,-57.041,1382,0,1052,0,12.3,35,staircase1,no_load,0.0
26.730721,1.043283,shoulder_lift,-50.0,-50.3491,-56.6455,-57.041,1382,0,1052,0,12.3,35,staircase1,no_load,0.0
26.741835,1.054397,shoulder_lift,-50.0,-50.3491,-56.6455,-57.041,1382,0,1052,1,12.3,35,staircase1,no_load,0.0
26.752196,1.064759,shoulder_lift,-50.0,-50.3491,-56.6455,-57.041,1382,0,1052,0,12.3,36,staircase1,no_load,0.0
26.763104,1.075667,shoulder_lift,-50.0,-50.3491,-56.6455,-57.041,1382,0,1052,0,12.3,35,staircase1,no_load,0.0
26.774292,1.086855,shoulder_lift,-50.0,-50.3491,-56.6455,-57.041,1382,0,1052,0,12.3,35,staircase1,no_load,0.0
26.785047,1.09761,shoulder_lift,-50.0,-50.3491,-56.6455,-57.041,1382,0,1052,1,12.3,35,staircase1,no_load,0.0
26.795888,1.108451,shoulder_lift,-50.0,-50.3491,-56.6455,-57.041,1382,0,1052,0,12.3,35,staircase1,no_load,0.0
26.806763,1.119325,shoulder_lift,-50.0,-50.3491,-56.6455,-57.041,1382,0,1052,0,12.3,35,staircase1,no_load,0.0
26.817353,1.129916,shoulder_lift,-50.0,-50.3491,-56.6455,-57.041,1382,0,1052,1,12.3,35,staircase1,no_load,0.0
26.828192,1.140755,shoulder_lift,-50.0,-50.3491,-56.6455,-57.041,1382,0,1052,0,12.3,35,staircase1,no_load,0.0
26.839156,1.151719,shoulder_lift,-50.0,-50.3491,-56.6455,-57.041,1382,0,1052,0,12.3,35,staircase1,no_load,0.0
26.850227,1.16279,shoulder_lift,-50.0,-50.3491,-56.6455,-57.041,1382,0,1052,0,12.3,35,staircase1,no_load,0.0
26.861366,1.173929,shoulder_lift,-50.0,-50.3491,-56.6455,-57.041,1382,0,1052,1,12.3,36,staircase1,no_load,0.0
26.872451,1.185014,shoulder_lift,-50.0,-50.3491,-56.6455,-57.041,1382,0,1052,1,12.3,35,staircase1,no_load,0.0
26.883344,1.195906,shoulder_lift,-50.0,-50.3491,-56.6455,-57.041,1382,0,1052,0,12.3,35,staircase1,no_load,0.0
26.894347,1.206909,shoulder_lift,-50.0,-50.3491,-56.6455,-57.041,1382,0,1052,0,12.3,35,staircase1,no_load,0.0
26.905421,1.217983,shoulder_lift,-50.0,-50.3491,-56.6455,-57.041,1382,0,1052,0,12.3,35,staircase1,no_load,0.0
26.916544,1.229107,shoulder_lift,-50.0,-50.3491,-56.6455,-57.041,1382,0,1052,0,12.4,35,staircase1,no_load,0.0
26.927714,1.240277,shoulder_lift,-50.0,-50.3491,-56.6455,-57.041,1382,0,1052,0,12.3,35,staircase1,no_load,0.0
26.938717,1.251279,shoulder_lift,-50.0,-50.3491,-56.6455,-57.041,1382,0,1052,0,12.4,35,staircase1,no_load,0.0
26.949403,1.261965,shoulder_lift,-50.0,-50.3491,-56.6455,-57.041,1382,0,1052,0,12.3,35,staircase1,no_load,0.0
26.960476,1.273039,shoulder_lift,-50.0,-50.3491,-56.6455,-57.041,1382,0,1052,1,12.3,35,staircase1,no_load,0.0
26.971528,1.28409,shoulder_lift,-50.0,-50.3491,-56.6455,-57.041,1382,0,1052,0,12.3,35,staircase1,no_load,0.0
26.982043,1.294605,shoulder_lift,-50.0,-50.3491,-56.6455,-57.041,1382,0,1052,0,12.3,35,staircase1,no_load,0.0
26.992779,1.305342,shoulder_lift,-50.0,-50.3491,-56.6455,-57.041,1382,0,1052,0,12.3,35,staircase1,no_load,0.0
27.003101,1.315663,shoulder_lift,-50.0,-50.3491,-56.6455,-57.041,1382,0,1052,1,12.3,35,staircase1,no_load,0.0
27.013936,1.326499,shoulder_lift,-50.0,-50.3491,-56.6455,-57.041,1382,0,1052,0,12.3,35,staircase1,no_load,0.0
27.024284,1.336846,shoulder_lift,-50.0,-50.3491,-56.6455,-57.041,1382,0,1052,1,12.3,35,staircase1,no_load,0.0
27.035125,1.347688,shoulder_lift,-50.0,-50.3491,-56.6455,-57.041,1382,0,1052,0,12.3,36,staircase1,no_load,0.0
27.045845,1.358407,shoulder_lift,-50.0,-50.3491,-56.6455,-57.041,1382,0,1052,0,12.3,35,staircase1,no_load,0.0
27.056326,1.368888,shoulder_lift,-50.0,-50.3491,-56.6455,-57.041,1382,0,1052,0,12.3,35,staircase1,no_load,0.0
27.06691,1.379473,shoulder_lift,-50.0,-50.3491,-56.6455,-57.041,1382,0,1052,0,12.3,35,staircase1,no_load,0.0
27.077775,1.390337,shoulder_lift,-50.0,-50.3491,-56.6455,-57.041,1382,0,1052,0,12.3,35,staircase1,no_load,0.0
27.088273,1.400835,shoulder_lift,-50.0,-50.3491,-56.6455,-57.041,1382,0,1052,0,12.3,35,staircase1,no_load,0.0
27.099152,1.411715,shoulder_lift,-50.0,-50.3491,-56.6455,-57.041,1382,0,1052,0,12.3,35,staircase1,no_load,0.0
27.110211,1.422773,shoulder_lift,-50.0,-50.3491,-56.6455,-57.041,1382,0,1052,0,12.3,35,staircase1,no_load,0.0
27.120773,1.433335,shoulder_lift,-50.0,-50.3491,-56.6455,-57.041,1382,0,1052,0,12.3,35,staircase1,no_load,0.0
27.131936,1.444499,shoulder_lift,-50.0,-50.3491,-56.6455,-57.041,1382,0,1052,1,12.3,35,staircase1,no_load,0.0
27.142929,1.455492,shoulder_lift,-50.0,-50.3491,-56.6455,-57.041,1382,0,1052,0,12.3,35,staircase1,no_load,0.0
27.153794,1.466356,shoulder_lift,-50.0,-50.3491,-56.6455,-57.041,1382,0,1052,0,12.3,35,staircase1,no_load,0.0
27.164896,1.477459,shoulder_lift,-50.0,-50.3491,-56.6455,-57.041,1382,0,1052,0,12.3,35,staircase1,no_load,0.0
27.17607,1.488632,shoulder_lift,-50.0,-50.3491,-56.6455,-57.041,1382,0,1052,0,12.3,36,staircase1,no_load,0.0
27.186909,1.499471,shoulder_lift,-50.0,-50.3491,-56.6455,-57.041,1382,0,1052,1,12.3,35,staircase1,no_load,0.0
27.19804,1.510602,shoulder_lift,-50.0,-50.3491,-56.6455,-57.041,1382,0,1052,0,12.3,35,staircase1,no_load,0.0
27.208796,1.521359,shoulder_lift,-50.0,-50.3491,-56.6455,-57.041,1382,0,1052,1,12.4,36,staircase1,no_load,0.0
27.219009,1.531572,shoulder_lift,-50.0,-50.3491,-56.6455,-57.041,1382,0,1052,0,12.3,36,staircase1,no_load,0.0
27.229533,1.542096,shoulder_lift,-50.0,-50.3491,-56.6455,-57.041,1382,0,1052,1,12.3,36,staircase1,no_load,0.0
27.24027,1.552832,shoulder_lift,-50.0,-50.3491,-56.6455,-57.041,1382,0,1052,0,12.4,35,staircase1,no_load,0.0
27.250586,1.563149,shoulder_lift,-50.0,-50.3491,-56.6455,-57.041,1382,0,1052,0,12.3,35,staircase1,no_load,0.0
27.261348,1.57391,shoulder_lift,-50.0,-50.3491,-56.6455,-57.041,1382,0,1052,0,12.3,36,staircase1,no_load,0.0
27.272501,1.585064,shoulder_lift,-50.0,-50.3491,-56.6455,-57.041,1382,0,1052,0,12.3,35,staircase1,no_load,0.0
27.282825,1.595388,shoulder_lift,-50.0,-50.3491,-56.6455,-57.041,1382,0,1052,0,12.3,35,staircase1,no_load,0.0
