time,time_since_command,joint_name,commanded_norm,actual_norm,commanded_deg,actual_deg,raw_ticks,speed_raw,load_raw,current_raw,voltage,temperature,experiment_id,load_condition,measured_vel_deg_s
0.001018,4e-06,shoulder_pan,0.0,0.1972,0.0,0.1758,2073,-50,0,0,12.2,34,step_20,no_load,0.0
0.012058,0.011045,shoulder_pan,0.0,0.1972,0.0,0.1758,2073,0,20,0,12.2,34,step_20,no_load,0.0
0.022802,0.021789,shoulder_pan,0.0,0.1972,0.0,0.1758,2073,0,20,0,12.2,34,step_20,no_load,0.0
0.033309,0.032295,shoulder_pan,0.0,0.1972,0.0,0.1758,2073,0,20,0,12.2,34,step_20,no_load,0.0
0.043789,0.042776,shoulder_pan,0.0,0.1972,0.0,0.1758,2073,0,20,0,12.2,34,step_20,no_load,0.0
0.055046,0.054032,shoulder_pan,0.0,0.1972,0.0,0.1758,2073,0,20,0,12.2,34,step_20,no_load,0.0
0.066102,0.065088,shoulder_pan,0.0,0.1972,0.0,0.1758,2073,0,20,0,12.2,34,step_20,no_load,0.0
0.07753,0.076516,shoulder_pan,0.0,0.1972,0.0,0.1758,2073,0,20,0,12.2,34,step_20,no_load,0.0
0.088511,0.087498,shoulder_pan,0.0,0.1972,0.0,0.1758,2073,0,20,0,12.2,34,step_20,no_load,0.0
0.099284,0.09827,shoulder_pan,0.0,0.1972,0.0,0.1758,2073,0,20,0,12.2,34,step_20,no_load,0.0
0.110144,0.10913,shoulder_pan,0.0,0.1972,0.0,0.1758,2073,0,20,0,12.2,34,step_20,no_load,0.0
0.120889,0.119875,shoulder_pan,0.0,0.1972,0.0,0.1758,2073,0,20,0,12.2,34,step_20,no_load,0.0
0.131146,0.130132,shoulder_pan,0.0,0.1972,0.0,0.1758,2073,0,20,0,12.2,34,step_20,no_load,0.0
0.141635,0.140621,shoulder_pan,0.0,0.1972,0.0,0.1758,2073,0,20,0,12.2,34,step_20,no_load,0.0
0.152488,0.151475,shoulder_pan,0.0,0.1972,0.0,0.1758,2073,0,20,1,12.2,34,step_20,no_load,0.0
0.162779,0.161765,shoulder_pan,0.0,0.1972,0.0,0.1758,2073,0,20,0,12.2,34,step_20,no_load,0.0
0.173086,0.172072,shoulder_pan,0.0,0.1972,0.0,0.1758,2073,0,20,0,12.2,34,step_20,no_load,0.0
0.183477,0.182463,shoulder_pan,0.0,0.1972,0.0,0.1758,2073,0,20,0,12.2,34,step_20,no_load,0.0
0.193691,0.192677,shoulder_pan,0.0,0.1972,0.0,0.1758,2073,0,20,0,12.2,34,step_20,no_load,0.0
0.204506,0.203493,shoulder_pan,0.0,0.1972,0.0,0.1758,2073,0,20,0,12.2,33,step_20,no_load,0.0
0.214857,0.213843,shoulder_pan,0.0,0.1972,0.0,0.1758,2073,0,20,0,12.2,34,step_20,no_load,0.0
0.225012,0.223999,shoulder_pan,0.0,0.1972,0.0,0.1758,2073,0,20,0,12.2,34,step_20,no_load,0.0
0.236001,0.234987,shoulder_pan,0.0,0.1972,0.0,0.1758,2073,0,20,1,12.2,34,step_20,no_load,0.0
0.246174,0.24516,shoulder_pan,0.0,0.1972,0.0,0.1758,2073,0,20,0,12.2,34,step_20,no_load,0.0
0.256625,0.255611,shoulder_pan,0.0,0.1972,0.0,0.1758,2073,0,20,0,12.2,34,step_20,no_load,0.0
0.267096,0.266083,shoulder_pan,0.0,0.1972,0.0,0.1758,2073,0,20,0,12.2,34,step_20,no_load,0.0
0.277521,0.276507,shoulder_pan,0.0,0.2959,0.0,0.2637,2074,0,24,0,12.2,34,step_20,no_load,8.432
0.287586,0.286573,shoulder_pan,0.0,0.2959,0.0,0.2637,2074,0,28,0,12.3,34,step_20,no_load,0.0
0.297923,0.296909,shoulder_pan,0.0,0.2959,0.0,0.2637,2074,50,28,1,12.2,34,step_20,no_load,0.0
0.308111,0.307097,shoulder_pan,0.0,0.2959,0.0,0.2637,2074,50,24,0,12.2,34,step_20,no_load,0.0
0.318357,0.317343,shoulder_pan,0.0,0.2959,0.0,0.2637,2074,0,24,0,12.2,34,step_20,no_load,0.0
0.328537,0.327523,shoulder_pan,0.0,0.2959,0.0,0.2637,2074,0,24,0,12.2,34,step_20,no_load,0.0
0.338746,0.337733,shoulder_pan,0.0,0.2959,0.0,0.2637,2074,0,24,1,12.2,34,step_20,no_load,0.0
0.349004,0.34799,shoulder_pan,0.0,0.2959,0.0,0.2637,2074,0,24,0,12.2,34,step_20,no_load,0.0
0.359921,0.358907,shoulder_pan,0.0,0.2959,0.0,0.2637,2074,0,24,0,12.2,34,step_20,no_load,0.0
0.370236,0.369223,shoulder_pan,0.0,0.2959,0.0,0.2637,2074,0,24,0,12.3,34,step_20,no_load,0.0
0.381312,0.380298,shoulder_pan,0.0,0.2959,0.0,0.2637,2074,0,24,0,12.2,34,step_20,no_load,0.0
0.391733,0.390719,shoulder_pan,0.0,0.2959,0.0,0.2637,2074,0,24,1,12.2,33,step_20,no_load,0.0
0.402492,0.401478,shoulder_pan,0.0,0.2959,0.0,0.2637,2074,0,24,1,12.2,34,step_20,no_load,0.0
0.413349,0.412335,shoulder_pan,0.0,0.2959,0.0,0.2637,2074,0,24,0,12.2,34,step_20,no_load,0.0
0.424034,0.42302,shoulder_pan,0.0,0.2959,0.0,0.2637,2074,0,24,0,12.2,34,step_20,no_load,0.0
0.434509,0.433496,shoulder_pan,0.0,0.2959,0.0,0.2637,2074,0,24,0,12.2,34,step_20,no_load,0.0
0.444738,0.443725,shoulder_pan,0.0,0.2959,0.0,0.2637,2074,0,24,0,12.2,34,step_20,no_load,0.0
0.45524,0.454227,shoulder_pan,0.0,0.2959,0.0,0.2637,2074,0,24,0,12.2,34,step_20,no_load,0.0
0.465558,0.464544,shoulder_pan,0.0,0.2959,0.0,0.2637,2074,0,24,0,12.2,34,step_20,no_load,0.0
0.476098,0.475085,shoulder_pan,0.0,0.2959,0.0,0.2637,2074,0,24,0,12.2,34,step_20,no_load,0.0
0.486703,0.485689,shoulder_pan,0.0,0.2959,0.0,0.2637,2074,0,24,0,12.2,34,step_20,no_load,0.0
0.497116,0.496102,shoulder_pan,0.0,0.2959,0.0,0.2637,2074,0,24,0,12.2,34,step_20,no_load,0.0
0.507473,0.506459,shoulder_pan,0.0,0.2959,0.0,0.2637,2074,0,24,0,12.2,34,step_20,no_load,0.0
0.51818,0.517166,shoulder_pan,0.0,0.2959,0.0,0.2637,2074,0,24,0,12.2,34,step_20,no_load,0.0
0.529109,0.528096,shoulder_pan,0.0,0.2959,0.0,0.2637,2074,0,24,0,12.2,34,step_20,no_load,0.0
0.539346,0.538332,shoulder_pan,0.0,0.2959,0.0,0.2637,2074,0,24,0,12.2,34,step_20,no_load,0.0
0.550158,0.549144,shoulder_pan,0.0,0.3945,0.0,0.3516,2075,50,32,0,12.2,34,step_20,no_load,8.13
0.560293,0.559279,shoulder_pan,0.0,0.3945,0.0,0.3516,2075,50,32,1,12.2,34,step_20,no_load,0.0
0.571039,0.570025,shoulder_pan,0.0,0.3945,0.0,0.3516,2075,0,28,1,12.2,34,step_20,no_load,0.0
0.581178,0.580164,shoulder_pan,0.0,0.3945,0.0,0.3516,2075,0,28,0,12.2,34,step_20,no_load,0.0
0.591329,0.590315,shoulder_pan,0.0,0.3945,0.0,0.3516,2075,0,28,1,12.2,34,step_20,no_load,0.0
0.601487,0.600473,shoulder_pan,0.0,0.4931,0.0,0.4395,2076,0,32,0,12.2,34,step_20,no_load,8.653
0.612231,0.611218,shoulder_pan,0.0,0.4931,0.0,0.4395,2076,50,36,1,12.2,34,step_20,no_load,0.0
0.622489,0.621475,shoulder_pan,0.0,0.4931,0.0,0.4395,2076,50,36,0,12.2,34,step_20,no_load,0.0
0.633254,0.632241,shoulder_pan,0.0,0.4931,0.0,0.4395,2076,0,32,1,12.3,34,step_20,no_load,0.0
0.643893,0.642879,shoulder_pan,0.0,0.4931,0.0,0.4395,2076,0,32,0,12.2,34,step_20,no_load,0.0
0.654416,0.653402,shoulder_pan,0.0,0.4931,0.0,0.4395,2076,0,32,1,12.2,34,step_20,no_load,0.0
0.665129,0.664116,shoulder_pan,0.0,0.4931,0.0,0.4395,2076,0,32,1,12.2,34,step_20,no_load,0.0
0.675369,0.674355,shoulder_pan,0.0,0.4931,0.0,0.4395,2076,0,32,1,12.2,34,step_20,no_load,0.0
0.68642,0.685406,shoulder_pan,0.0,0.4931,0.0,0.4395,2076,0,32,0,12.2,34,step_20,no_load,0.0
0.696882,0.695868,shoulder_pan,0.0,0.4931,0.0,0.4395,2076,0,32,0,12.2,34,step_20,no_load,0.0
0.707263,0.706249,shoulder_pan,0.0,0.4931,0.0,0.4395,2076,0,32,1,12.2,34,step_20,no_load,0.0
0.717585,0.716572,shoulder_pan,0.0,0.4931,0.0,0.4395,2076,0,32,0,12.2,34,step_20,no_load,0.0
0.728179,0.727165,shoulder_pan,0.0,0.4931,0.0,0.4395,2076,0,32,0,12.2,34,step_20,no_load,0.0
0.738304,0.73729,shoulder_pan,0.0,0.5917,0.0,0.5273,2077,0,36,1,12.2,34,step_20,no_load,8.672
0.748633,0.747619,shoulder_pan,0.0,0.5917,0.0,0.5273,2077,50,40,0,12.2,34,step_20,no_load,0.0
0.758704,0.75769,shoulder_pan,0.0,0.5917,0.0,0.5273,2077,50,40,1,12.2,34,step_20,no_load,0.0
0.769228,0.768214,shoulder_pan,0.0,0.5917,0.0,0.5273,2077,0,36,1,12.2,34,step_20,no_load,0.0
0.779306,0.778292,shoulder_pan,0.0,0.5917,0.0,0.5273,2077,0,36,1,12.2,34,step_20,no_load,0.0
0.789476,0.788462,shoulder_pan,0.0,0.5917,0.0,0.5273,2077,0,36,1,12.2,34,step_20,no_load,0.0
0.799645,0.798631,shoulder_pan,0.0,0.5917,0.0,0.5273,2077,0,36,1,12.2,34,step_20,no_load,0.0
0.809834,0.80882,shoulder_pan,0.0,0.5917,0.0,0.5273,2077,0,36,0,12.2,34,step_20,no_load,0.0
0.820043,0.819029,shoulder_pan,0.0,0.5917,0.0,0.5273,2077,0,36,1,12.2,34,step_20,no_load,0.0
0.8301,0.829086,shoulder_pan,0.0,0.5917,0.0,0.5273,2077,0,36,1,12.2,34,step_20,no_load,0.0
0.840421,0.839408,shoulder_pan,0.0,0.5917,0.0,0.5273,2077,0,36,1,12.2,34,step_20,no_load,0.0
0.85117,0.850156,shoulder_pan,0.0,0.5917,0.0,0.5273,2077,0,36,0,12.2,34,step_20,no_load,0.0
0.86123,0.860217,shoulder_pan,0.0,0.6903,0.0,0.6152,2078,0,40,1,12.2,34,step_20,no_load,8.738
0.871852,0.870838,shoulder_pan,0.0,0.6903,0.0,0.6152,2078,50,44,1,12.2,33,step_20,no_load,0.0
0.88243,0.881416,shoulder_pan,0.0,0.6903,0.0,0.6152,2078,50,44,1,12.2,34,step_20,no_load,0.0
0.893205,0.892191,shoulder_pan,0.0,0.6903,0.0,0.6152,2078,0,40,1,12.2,34,step_20,no_load,0.0
0.903656,0.902642,shoulder_pan,0.0,0.6903,0.0,0.6152,2078,0,40,1,12.2,34,step_20,no_load,0.0
0.914127,0.913113,shoulder_pan,0.0,0.6903,0.0,0.6152,2078,0,40,0,12.2,33,step_20,no_load,0.0
0.924457,0.923444,shoulder_pan,0.0,0.5917,0.0,0.5273,2077,0,32,1,12.2,34,step_20,no_load,-8.509
0.935015,0.934001,shoulder_pan,0.0,0.5917,0.0,0.5273,2077,-50,32,0,12.2,34,step_20,no_load,0.0
0.945278,0.944264,shoulder_pan,0.0,0.5917,0.0,0.5273,2077,-50,36,1,12.2,34,step_20,no_load,0.0
0.955374,0.95436,shoulder_pan,0.0,0.4931,0.0,0.4395,2076,0,32,0,12.2,34,step_20,no_load,-8.697
0.965592,0.964579,shoulder_pan,0.0,0.4931,0.0,0.4395,2076,0,28,0,12.2,34,step_20,no_load,0.0
0.975835,0.974821,shoulder_pan,0.0,0.4931,0.0,0.4395,2076,-50,28,0,12.2,34,step_20,no_load,0.0
0.986844,0.98583,shoulder_pan,0.0,0.4931,0.0,0.4395,2076,-50,32,0,12.2,34,step_20,no_load,0.0
0.997311,0.996297,shoulder_pan,0.0,0.4931,0.0,0.4395,2076,0,32,1,12.2,34,step_20,no_load,0.0
1.007504,1.00649,shoulder_pan,0.0,0.4931,0.0,0.4395,2076,0,32,1,12.2,34,step_20,no_load,0.0
1.018077,1.017063,shoulder_pan,0.0,0.3945,0.0,0.3516,2075,0,28,1,12.2,34,step_20,no_load,-8.314
1.028292,1.027278,shoulder_pan,0.0,0.3945,0.0,0.3516,2075,-50,24,0,12.2,34,step_20,no_load,0.0
1.03906,1.038046,shoulder_pan,0.0,0.3945,0.0,0.3516,2075,-50,24,0,12.2,34,step_20,no_load,0.0
1.049835,1.048821,shoulder_pan,0.0,0.3945,0.0,0.3516,2075,0,28,0,12.2,34,step_20,no_load,0.0
1.060058,1.059044,shoulder_pan,0.0,0.3945,0.0,0.3516,2075,0,28,0,12.2,34,step_20,no_load,0.0
1.070779,1.069765,shoulder_pan,0.0,0.3945,0.0,0.3516,2075,0,28,0,12.2,34,step_20,no_load,0.0
1.081589,1.080575,shoulder_pan,0.0,0.3945,0.0,0.3516,2075,0,28,0,12.2,34,step_20,no_load,0.0
1.092073,1.091059,shoulder_pan,0.0,0.3945,0.0,0.3516,2075,0,28,1,12.2,34,step_20,no_load,0.0
1.1023,1.101286,shoulder_pan,0.0,0.3945,0.0,0.3516,2075,0,28,0,12.2,34,step_20,no_load,0.0
1.11258,1.111566,shoulder_pan,0.0,0.3945,0.0,0.3516,2075,0,28,1,12.2,34,step_20,no_load,0.0
1.122707,1.121693,shoulder_pan,0.0,0.3945,0.0,0.3516,2075,0,28,0,12.2,34,step_20,no_load,0.0
1.133639,1.132625,shoulder_pan,0.0,0.3945,0.0,0.3516,2075,0,28,0,12.2,34,step_20,no_load,0.0
1.143913,1.1429,shoulder_pan,0.0,0.3945,0.0,0.3516,2075,0,28,0,12.2,34,step_20,no_load,0.0
1.154168,1.153154,shoulder_pan,0.0,0.3945,0.0,0.3516,2075,0,28,0,12.2,34,step_20,no_load,0.0
1.164662,1.163648,shoulder_pan,0.0,0.3945,0.0,0.3516,2075,0,28,0,12.2,34,step_20,no_load,0.0
1.175139,1.174125,shoulder_pan,0.0,0.3945,0.0,0.3516,2075,0,28,0,12.2,34,step_20,no_load,0.0
1.185555,1.184542,shoulder_pan,0.0,0.3945,0.0,0.3516,2075,0,28,0,12.2,34,step_20,no_load,0.0
1.196367,1.195354,shoulder_pan,0.0,0.3945,0.0,0.3516,2075,0,28,1,12.2,34,step_20,no_load,0.0
1.207615,4e-06,shoulder_pan,20.0,0.3945,17.8242,0.3516,2075,0,28,0,12.2,34,step_20,no_load,0.0
1.217976,0.010365,shoulder_pan,20.0,0.3945,17.8242,0.3516,2075,0,24,0,12.2,34,step_20,no_load,0.0
1.228822,0.021211,shoulder_pan,20.0,0.3945,17.8242,0.3516,2075,0,1056,0,12.2,34,step_20,no_load,0.0
1.239951,0.03234,shoulder_pan,20.0,0.3945,17.8242,0.3516,2075,0,1092,3,12.2,34,step_20,no_load,0.0
1.25026,0.04265,shoulder_pan,20.0,0.4931,17.8242,0.4395,2076,0,1164,5,12.2,34,step_20,no_load,8.527
1.260666,0.053055,shoulder_pan,20.0,0.4931,17.8242,0.4395,2076,0,1216,14,12.2,34,step_20,no_load,0.0
1.270861,0.06325,shoulder_pan,20.0,0.5917,17.8242,0.5273,2077,50,1320,16,12.2,34,step_20,no_load,8.612
1.281091,0.07348,shoulder_pan,20.0,0.8876,17.8242,0.791,2080,50,1376,26,12.1,34,step_20,no_load,25.777
1.291559,0.083948,shoulder_pan,20.0,1.5779,17.8242,1.4063,2087,450,1452,28,12.1,34,step_20,no_load,58.779
1.302369,0.094758,shoulder_pan,20.0,2.5641,17.8242,2.2852,2097,450,1508,39,12.1,34,step_20,no_load,81.304
1.312735,0.105124,shoulder_pan,20.0,3.3531,17.8242,2.9883,2105,800,1556,54,12.2,33,step_20,no_load,67.828
1.323686,0.116075,shoulder_pan,20.0,4.4379,17.8242,3.9551,2116,800,1552,44,12.1,34,step_20,no_load,88.284
1.334701,0.12709,shoulder_pan,20.0,5.6213,17.8242,5.0098,2128,1000,1568,55,12.1,34,step_20,no_load,95.751
1.345289,0.137679,shoulder_pan,20.0,6.9034,17.8242,6.1523,2141,1100,1500,36,12.2,34,step_20,no_load,107.905
1.356503,0.148892,shoulder_pan,20.0,8.3826,17.8242,7.4707,2156,1100,1484,32,12.1,34,step_20,no_load,117.567
1.366802,0.159191,shoulder_pan,20.0,9.5661,17.8242,8.5254,2168,1250,1412,17,12.1,34,step_20,no_load,102.408
1.377918,0.170307,shoulder_pan,20.0,10.9467,17.8242,9.7559,2182,1250,1368,3,12.2,34,step_20,no_load,110.696
1.388237,0.180626,shoulder_pan,20.0,12.1302,17.8242,10.8105,2194,1250,1272,0,12.2,34,step_20,no_load,102.2
1.398555,0.190944,shoulder_pan,20.0,13.3136,17.8242,11.8652,2206,1250,1216,0,12.2,34,step_20,no_load,102.219
1.408749,0.201138,shoulder_pan,20.0,14.6943,17.8242,13.0957,2220,1300,1140,0,12.2,34,step_20,no_load,120.708
1.419413,0.211802,shoulder_pan,20.0,15.4832,17.8242,13.7988,2228,1300,1116,0,12.2,34,step_20,no_load,65.932
1.429846,0.222235,shoulder_pan,20.0,15.9763,17.8242,14.2383,2233,650,1136,0,12.2,34,step_20,no_load,42.126
1.440403,0.232792,shoulder_pan,20.0,16.4694,17.8242,14.6777,2238,650,1116,0,12.2,34,step_20,no_load,41.622
1.450914,0.243303,shoulder_pan,20.0,17.0611,17.8242,15.2051,2244,500,1116,0,12.2,34,step_20,no_load,50.176
1.461189,0.253579,shoulder_pan,20.0,17.5542,17.8242,15.6445,2249,500,1096,0,12.2,34,step_20,no_load,42.764
1.472241,0.26463,shoulder_pan,20.0,18.0473,17.8242,16.084,2254,500,1076,0,12.2,34,step_20,no_load,39.767
1.482897,0.275286,shoulder_pan,20.0,18.4418,17.8242,16.4355,2258,500,1064,0,12.2,34,step_20,no_load,32.986
1.493389,0.285778,shoulder_pan,20.0,18.8363,17.8242,16.7871,2262,400,1048,0,12.2,34,step_20,no_load,33.511
1.504079,0.296468,shoulder_pan,20.0,19.1321,17.8242,17.0508,2265,400,1044,0,12.2,34,step_20,no_load,24.668
1.51468,0.307069,shoulder_pan,20.0,19.428,17.8242,17.3145,2268,300,24,1,12.2,34,step_20,no_load,24.875
1.525239,0.317628,shoulder_pan,20.0,19.5266,17.8242,17.4023,2269,300,1044,0,12.2,34,step_20,no_load,8.315
1.535886,0.328275,shoulder_pan,20.0,19.5266,17.8242,17.4023,2269,150,1044,0,12.2,33,step_20,no_load,0.0
1.54605,0.338439,shoulder_pan,20.0,19.6252,17.8242,17.4902,2270,50,1044,0,12.2,34,step_20,no_load,8.648
1.556626,0.349015,shoulder_pan,20.0,19.6252,17.8242,17.4902,2270,50,0,0,12.2,34,step_20,no_load,0.0
1.566874,0.359263,shoulder_pan,20.0,19.7239,17.8242,17.5781,2271,50,1044,1,12.2,34,step_20,no_load,8.577
1.577526,0.369916,shoulder_pan,20.0,19.7239,17.8242,17.5781,2271,50,1044,0,12.2,34,step_20,no_load,0.0
1.588023,0.380412,shoulder_pan,20.0,19.7239,17.8242,17.5781,2271,0,1048,0,12.2,34,step_20,no_load,0.0
1.598294,0.390683,shoulder_pan,20.0,19.8225,17.8242,17.666,2272,0,1044,0,12.2,34,step_20,no_load,8.558
1.608974,0.401363,shoulder_pan,20.0,19.8225,17.8242,17.666,2272,50,0,0,12.2,34,step_20,no_load,0.0
1.619715,0.412104,shoulder_pan,20.0,19.8225,17.8242,17.666,2272,50,0,0,12.2,34,step_20,no_load,0.0
1.62989,0.422279,shoulder_pan,20.0,19.8225,17.8242,17.666,2272,0,1044,0,12.2,34,step_20,no_load,0.0
1.640123,0.432512,shoulder_pan,20.0,19.8225,17.8242,17.666,2272,0,1044,0,12.2,34,step_20,no_load,0.0
1.65047,0.44286,shoulder_pan,20.0,19.8225,17.8242,17.666,2272,0,1044,0,12.2,34,step_20,no_load,0.0
1.660701,0.453091,shoulder_pan,20.0,19.8225,17.8242,17.666,2272,0,1044,0,12.2,34,step_20,no_load,0.0
1.670879,0.463268,shoulder_pan,20.0,19.7239,17.8242,17.5781,2271,-50,1048,1,12.2,34,step_20,no_load,-8.636
1.681906,0.474295,shoulder_pan,20.0,19.6252,17.8242,17.4902,2270,-50,1060,0,12.2,34,step_20,no_load,-7.971
1.692396,0.484785,shoulder_pan,20.0,19.5266,17.8242,17.4023,2269,-100,1068,0,12.2,34,step_20,no_load,-8.379
1.702789,0.495178,shoulder_pan,20.0,19.3294,17.8242,17.2266,2267,-100,1076,1,12.2,34,step_20,no_load,-16.906
1.713887,0.506277,shoulder_pan,20.0,19.3294,17.8242,17.2266,2267,-100,1076,1,12.2,34,step_20,no_load,0.0
1.72403,0.51642,shoulder_pan,20.0,19.3294,17.8242,17.2266,2267,-100,1064,1,12.2,34,step_20,no_load,0.0
1.734362,0.526751,shoulder_pan,20.0,19.428,17.8242,17.3145,2268,0,1060,0,12.2,34,step_20,no_load,8.508
1.744765,0.537154,shoulder_pan,20.0,19.428,17.8242,17.3145,2268,0,1056,0,12.2,34,step_20,no_load,0.0
1.754871,0.54726,shoulder_pan,20.0,19.428,17.8242,17.3145,2268,50,1056,1,12.2,34,step_20,no_load,0.0
1.765263,0.557652,shoulder_pan,20.0,19.428,17.8242,17.3145,2268,0,1060,1,12.2,34,step_20,no_load,0.0
1.77539,0.567779,shoulder_pan,20.0,19.428,17.8242,17.3145,2268,0,1060,1,12.2,34,step_20,no_load,0.0
1.785536,0.577925,shoulder_pan,20.0,19.428,17.8242,17.3145,2268,0,1060,0,12.2,34,step_20,no_load,0.0
1.795865,0.588254,shoulder_pan,20.0,19.428,17.8242,17.3145,2268,0,1060,1,12.2,34,step_20,no_load,0.0
1.806009,0.598398,shoulder_pan,20.0,19.428,17.8242,17.3145,2268,0,1060,1,12.2,34,step_20,no_load,0.0
1.816192,0.608581,shoulder_pan,20.0,19.428,17.8242,17.3145,2268,0,1060,1,12.2,34,step_20,no_load,0.0
1.826874,0.619263,shoulder_pan,20.0,19.5266,17.8242,17.4023,2269,50,1056,0,12.2,34,step_20,no_load,8.219
1.837387,0.629776,shoulder_pan,20.0,19.5266,17.8242,17.4023,2269,50,1056,1,12.2,34,step_20,no_load,0.0
1.848284,0.640673,shoulder_pan,20.0,19.5266,17.8242,17.4023,2269,0,1052,0,12.2,34,step_20,no_load,0.0
1.858502,0.650891,shoulder_pan,20.0,19.6252,17.8242,17.4902,2270,0,1048,0,12.2,34,step_20,no_load,8.602
1.86877,0.661159,shoulder_pan,20.0,19.6252,17.8242,17.4902,2270,50,1048,0,12.2,34,step_20,no_load,0.0
1.87917,0.671559,shoulder_pan,20.0,19.7239,17.8242,17.5781,2271,50,1044,0,12.2,34,step_20,no_load,8.452
1.889444,0.681833,shoulder_pan,20.0,19.8225,17.8242,17.666,2272,50,0,0,12.2,34,step_20,no_load,8.556
1.899701,0.69209,shoulder_pan,20.0,19.8225,17.8242,17.666,2272,50,0,0,12.2,33,step_20,no_load,0.0
1.909957,0.702346,shoulder_pan,20.0,19.8225,17.8242,17.666,2272,50,0,0,12.2,34,step_20,no_load,0.0
1.920667,0.713056,shoulder_pan,20.0,19.8225,17.8242,17.666,2272,50,1044,0,12.2,34,step_20,no_load,0.0
1.930918,0.723307,shoulder_pan,20.0,19.8225,17.8242,17.666,2272,0,1044,0,12.2,34,step_20,no_load,0.0
1.941178,0.733567,shoulder_pan,20.0,19.8225,17.8242,17.666,2272,0,1044,1,12.2,34,step_20,no_load,0.0
1.951492,0.743881,shoulder_pan,20.0,19.8225,17.8242,17.666,2272,0,1044,0,12.2,34,step_20,no_load,0.0
1.961699,0.754089,shoulder_pan,20.0,19.7239,17.8242,17.5781,2271,0,1052,0,12.2,34,step_20,no_load,-8.612
1.971997,0.764386,shoulder_pan,20.0,19.6252,17.8242,17.4902,2270,-50,1056,0,12.2,34,step_20,no_load,-8.536
1.982222,0.774611,shoulder_pan,20.0,19.6252,17.8242,17.4902,2270,-50,1056,1,12.2,34,step_20,no_load,0.0
1.992823,0.785213,shoulder_pan,20.0,19.6252,17.8242,17.4902,2270,-50,1056,0,12.2,34,step_20,no_load,0.0
2.003063,0.795452,shoulder_pan,20.0,19.6252,17.8242,17.4902,2270,-50,1052,0,12.2,34,step_20,no_load,0.0
2.013935,0.806324,shoulder_pan,20.0,19.5266,17.8242,17.4023,2269,0,1056,0,12.2,34,step_20,no_load,-8.085
2.024245,0.816634,shoulder_pan,20.0,19.5266,17.8242,17.4023,2269,-50,1060,1,12.2,34,step_20,no_load,0.0
2.035534,0.827923,shoulder_pan,20.0,19.5266,17.8242,17.4023,2269,-50,1060,1,12.2,34,step_20,no_load,0.0
2.045943,0.838332,shoulder_pan,20.0,19.5266,17.8242,17.4023,2269,0,1056,1,12.2,34,step_20,no_load,0.0
2.056381,0.84877,shoulder_pan,20.0,19.5266,17.8242,17.4023,2269,0,1056,1,12.2,34,step_20,no_load,0.0
2.066704,0.859093,shoulder_pan,20.0,19.5266,17.8242,17.4023,2269,0,1056,1,12.2,34,step_20,no_load,0.0
2.077087,0.869476,shoulder_pan,20.0,19.5266,17.8242,17.4023,2269,0,1056,0,12.2,34,step_20,no_load,0.0
2.087522,0.879911,shoulder_pan,20.0,19.5266,17.8242,17.4023,2269,0,1056,0,12.2,34,step_20,no_load,0.0
2.098081,0.89047,shoulder_pan,20.0,19.5266,17.8242,17.4023,2269,0,1056,0,12.2,34,step_20,no_load,0.0
2.108628,0.901017,shoulder_pan,20.0,19.5266,17.8242,17.4023,2269,0,1056,0,12.2,34,step_20,no_load,0.0
2.119641,0.91203,shoulder_pan,20.0,19.5266,17.8242,17.4023,2269,0,1056,0,12.2,34,step_20,no_load,0.0
2.130212,0.922601,shoulder_pan,20.0,19.5266,17.8242,17.4023,2269,0,1056,1,12.2,34,step_20,no_load,0.0
2.140782,0.933171,shoulder_pan,20.0,19.5266,17.8242,17.4023,2269,0,1056,1,12.3,34,step_20,no_load,0.0
2.151155,0.943544,shoulder_pan,20.0,19.5266,17.8242,17.4023,2269,0,1056,1,12.2,34,step_20,no_load,0.0
2.161728,0.954117,shoulder_pan,20.0,19.5266,17.8242,17.4023,2269,0,1056,0,12.2,34,step_20,no_load,0.0
2.17197,0.964359,shoulder_pan,20.0,19.5266,17.8242,17.4023,2269,0,1056,1,12.2,34,step_20,no_load,0.0
2.182354,0.974743,shoulder_pan,20.0,19.5266,17.8242,17.4023,2269,0,1056,1,12.2,34,step_20,no_load,0.0
2.192545,0.984935,shoulder_pan,20.0,19.5266,17.8242,17.4023,2269,0,1056,1,12.2,34,step_20,no_load,0.0
2.202672,0.995061,shoulder_pan,20.0,19.5266,17.8242,17.4023,2269,0,1056,0,12.2,34,step_20,no_load,0.0
2.212883,1.005272,shoulder_pan,20.0,19.5266,17.8242,17.4023,2269,0,1056,0,12.2,34,step_20,no_load,0.0
2.223036,1.015425,shoulder_pan,20.0,19.5266,17.8242,17.4023,2269,0,1056,1,12.2,34,step_20,no_load,0.0
2.233157,1.025546,shoulder_pan,20.0,19.5266,17.8242,17.4023,2269,0,1056,1,12.2,34,step_20,no_load,0.0
2.243317,1.035706,shoulder_pan,20.0,19.5266,17.8242,17.4023,2269,0,1056,0,12.2,34,step_20,no_load,0.0
2.253474,1.045863,shoulder_pan,20.0,19.5266,17.8242,17.4023,2269,0,1056,0,12.2,34,step_20,no_load,0.0
2.264513,1.056902,shoulder_pan,20.0,19.5266,17.8242,17.4023,2269,0,1056,1,12.2,34,step_20,no_load,0.0
2.274913,1.067302,shoulder_pan,20.0,19.5266,17.8242,17.4023,2269,0,1056,1,12.2,34,step_20,no_load,0.0
2.285291,1.07768,shoulder_pan,20.0,19.5266,17.8242,17.4023,2269,0,1056,0,12.2,34,step_20,no_load,0.0
2.295451,1.08784,shoulder_pan,20.0,19.5266,17.8242,17.4023,2269,0,1056,0,12.2,34,step_20,no_load,0.0
2.305586,1.097975,shoulder_pan,20.0,19.5266,17.8242,17.4023,2269,0,1056,0,12.2,34,step_20,no_load,0.0
2.316598,1.108987,shoulder_pan,20.0,19.5266,17.8242,17.4023,2269,0,1056,0,12.2,34,step_20,no_load,0.0
2.326922,1.119311,shoulder_pan,20.0,19.5266,17.8242,17.4023,2269,0,1056,0,12.2,34,step_20,no_load,0.0
2.337244,1.129633,shoulder_pan,20.0,19.5266,17.8242,17.4023,2269,0,1056,0,12.2,34,step_20,no_load,0.0
2.347679,1.140068,shoulder_pan,20.0,19.5266,17.8242,17.4023,2269,0,1056,0,12.2,34,step_20,no_load,0.0
2.358291,1.15068,shoulder_pan,20.0,19.5266,17.8242,17.4023,2269,0,1056,1,12.2,34,step_20,no_load,0.0
2.36869,1.161079,shoulder_pan,20.0,19.5266,17.8242,17.4023,2269,0,1056,1,12.2,34,step_20,no_load,0.0
2.379407,1.171797,shoulder_pan,20.0,19.5266,17.8242,17.4023,2269,0,1056,0,12.2,34,step_20,no_load,0.0
2.38969,1.182079,shoulder_pan,20.0,19.5266,17.8242,17.4023,2269,0,1056,1,12.2,34,step_20,no_load,0.0
2.400627,1.193016,shoulder_pan,20.0,19.5266,17.8242,17.4023,2269,0,1056,0,12.2,34,step_20,no_load,0.0
2.411495,1e-06,shoulder_pan,0.0,19.5266,0.0,17.4023,2269,0,1056,1,12.2,34,step_20,no_load,0.0
2.421705,0.010211,shoulder_pan,0.0,19.5266,0.0,17.4023,2269,0,0,0,12.2,34,step_20,no_load,0.0
2.431845,0.020351,shoulder_pan,0.0,19.5266,0.0,17.4023,2269,0,24,0,12.2,34,step_20,no_load,0.0
2.442008,0.030514,shoulder_pan,0.0,19.5266,0.0,17.4023,2269,0,80,2,12.2,34,step_20,no_load,0.0
2.452207,0.040713,shoulder_pan,0.0,19.428,0.0,17.3145,2268,0,112,3,12.2,34,step_20,no_load,-8.609
2.462849,0.051355,shoulder_pan,0.0,19.2308,0.0,17.1387,2266,-150,200,9,12.2,34,step_20,no_load,-16.519
2.473178,0.061683,shoulder_pan,0.0,19.1321,0.0,17.0508,2265,-150,260,12,12.2,34,step_20,no_load,-8.51
2.484029,0.072535,shoulder_pan,0.0,18.9349,0.0,16.875,2263,-150,364,20,12.2,34,step_20,no_load,-16.201
2.494384,0.082889,shoulder_pan,0.0,18.146,0.0,16.1719,2255,-150,416,23,12.1,34,step_20,no_load,-67.9
2.50498,0.093486,shoulder_pan,0.0,17.1598,0.0,15.293,2245,-850,468,28,12.1,34,step_20,no_load,-82.946
2.515269,0.103775,shoulder_pan,0.0,16.075,0.0,14.3262,2234,-850,500,24,12.2,34,step_20,no_load,-93.964
2.525763,0.114269,shoulder_pan,0.0,14.7929,0.0,13.1836,2221,-1100,500,29,12.2,34,step_20,no_load,-108.881
2.536022,0.124528,shoulder_pan,0.0,13.6095,0.0,12.1289,2209,-1100,508,22,12.2,34,step_20,no_load,-102.807
2.546316,0.134822,shoulder_pan,0.0,12.3274,0.0,10.9863,2196,-1200,456,30,12.2,34,step_20,no_load,-110.997
2.557202,0.145708,shoulder_pan,0.0,11.144,0.0,9.9316,2184,-1200,408,20,12.1,34,step_20,no_load,-96.886
2.567497,0.156003,shoulder_pan,0.0,10.0592,0.0,8.9648,2173,-1150,392,20,12.2,34,step_20,no_load,-93.91
2.577937,0.166443,shoulder_pan,0.0,9.073,0.0,8.0859,2163,-1150,316,8,12.2,34,step_20,no_load,-84.186
2.588248,0.176753,shoulder_pan,0.0,7.8895,0.0,7.0312,2151,-1050,276,5,12.2,34,step_20,no_load,-102.289
2.598403,0.186909,shoulder_pan,0.0,6.9034,0.0,6.1523,2141,-1050,208,0,12.2,34,step_20,no_load,-86.548
2.609059,0.197565,shoulder_pan,0.0,5.9172,0.0,5.2734,2131,-950,168,0,12.2,34,step_20,no_load,-82.479
2.619607,0.208113,shoulder_pan,0.0,4.931,0.0,4.3945,2121,-950,132,0,12.2,34,step_20,no_load,-83.324
2.630294,0.2188,shoulder_pan,0.0,4.0434,0.0,3.6035,2112,-1000,100,0,12.2,34,step_20,no_load,-74.015
2.640551,0.229057,shoulder_pan,0.0,3.6489,0.0,3.252,2108,-1000,104,0,12.2,34,step_20,no_load,-34.269
2.65136,0.239866,shoulder_pan,0.0,3.1558,0.0,2.8125,2103,-550,84,0,12.2,34,step_20,no_load,-40.661
2.661632,0.250138,shoulder_pan,0.0,2.6627,0.0,2.373,2098,-550,84,0,12.2,34,step_20,no_load,-42.786
2.671947,0.260453,shoulder_pan,0.0,2.2682,0.0,2.0215,2094,-450,64,0,12.2,34,step_20,no_load,-34.077
2.682501,0.271007,shoulder_pan,0.0,1.7751,0.0,1.582,2089,-450,44,0,12.2,34,step_20,no_load,-41.643
2.692821,0.281327,shoulder_pan,0.0,1.2821,0.0,1.1426,2084,-450,24,0,12.2,34,step_20,no_load,-42.578
2.703125,0.291631,shoulder_pan,0.0,0.789,0.0,0.7031,2079,-450,1052,1,12.2,34,step_20,no_load,-42.653
2.714013,0.302518,shoulder_pan,0.0,0.4931,0.0,0.4395,2076,-450,1064,2,12.2,34,step_20,no_load,-24.21
2.724945,0.313451,shoulder_pan,0.0,0.2959,0.0,0.2637,2074,-250,1060,2,12.2,34,step_20,no_load,-16.081
2.735632,0.324138,shoulder_pan,0.0,0.1972,0.0,0.1758,2073,-250,1064,0,12.2,34,step_20,no_load,-8.225
2.746353,0.334859,shoulder_pan,0.0,0.1972,0.0,0.1758,2073,-50,0,0,12.2,34,step_20,no_load,0.0
2.756581,0.345087,shoulder_pan,0.0,0.2959,0.0,0.2637,2074,-50,20,0,12.2,34,step_20,no_load,8.594
2.76679,0.355296,shoulder_pan,0.0,0.3945,0.0,0.3516,2075,100,36,1,12.2,34,step_20,no_load,8.61
2.777117,0.365623,shoulder_pan,0.0,0.5917,0.0,0.5273,2077,100,48,0,12.2,34,step_20,no_load,17.014
2.788468,0.376974,shoulder_pan,0.0,0.8876,0.0,0.791,2080,200,60,2,12.2,34,step_20,no_load,23.231
2.798799,0.387305,shoulder_pan,0.0,1.1834,0.0,1.0547,2083,200,84,2,12.2,34,step_20,no_load,25.525
2.809379,0.397885,shoulder_pan,0.0,1.1834,0.0,1.0547,2083,200,84,2,12.3,34,step_20,no_load,0.0
2.819749,0.408255,shoulder_pan,0.0,1.0848,0.0,0.9668,2082,200,52,0,12.2,34,step_20,no_load,-8.476
2.829983,0.418488,shoulder_pan,0.0,0.9862,0.0,0.8789,2081,-100,48,1,12.2,34,step_20,no_load,-8.589
2.840244,0.428749,shoulder_pan,0.0,0.8876,0.0,0.791,2080,-100,40,1,12.2,34,step_20,no_load,-8.566
2.850626,0.439132,shoulder_pan,0.0,0.8876,0.0,0.791,2080,-50,40,1,12.2,34,step_20,no_load,0.0
2.861093,0.449599,shoulder_pan,0.0,0.8876,0.0,0.791,2080,-50,48,0,12.2,34,step_20,no_load,0.0
2.871358,0.459864,shoulder_pan,0.0,0.789,0.0,0.7031,2079,0,44,1,12.2,34,step_20,no_load,-8.563
2.881707,0.470213,shoulder_pan,0.0,0.6903,0.0,0.6152,2078,-150,28,1,12.2,34,step_20,no_load,-8.494
2.892056,0.480561,shoulder_pan,0.0,0.4931,0.0,0.4395,2076,-150,24,0,12.2,34,step_20,no_load,-16.977
2.902945,0.491451,shoulder_pan,0.0,0.2959,0.0,0.2637,2074,-150,1044,0,12.3,34,step_20,no_load,-16.145
2.91353,0.502036,shoulder_pan,0.0,0.1972,0.0,0.1758,2073,-150,1052,0,12.2,34,step_20,no_load,-8.304
2.923964,0.51247,shoulder_pan,0.0,0.0,0.0,0.0,2071,-150,1052,0,12.2,34,step_20,no_load,-16.849
2.934453,0.522959,shoulder_pan,0.0,0.0,0.0,0.0,2071,-150,1052,0,12.2,34,step_20,no_load,0.0
2.944945,0.533451,shoulder_pan,0.0,-0.0986,0.0,-0.0879,2070,0,0,0,12.2,34,step_20,no_load,-8.378
2.955457,0.543963,shoulder_pan,0.0,-0.0986,0.0,-0.0879,2070,0,0,0,12.2,35,step_20,no_load,0.0
2.965713,0.554219,shoulder_pan,0.0,-0.1972,0.0,-0.1758,2069,-100,1048,0,12.2,34,step_20,no_load,-8.571
2.976295,0.564801,shoulder_pan,0.0,-0.1972,0.0,-0.1758,2069,-100,1048,0,12.2,34,step_20,no_load,0.0
2.986547,0.575053,shoulder_pan,0.0,-0.1972,0.0,-0.1758,2069,0,1044,0,12.2,34,step_20,no_load,0.0
2.997187,0.585693,shoulder_pan,0.0,-0.1972,0.0,-0.1758,2069,0,1044,0,12.2,33,step_20,no_load,0.0
3.007556,0.596062,shoulder_pan,0.0,-0.1972,0.0,-0.1758,2069,0,1044,0,12.2,34,step_20,no_load,0.0
3.017674,0.60618,shoulder_pan,0.0,-0.1972,0.0,-0.1758,2069,0,1044,0,12.2,34,step_20,no_load,0.0
3.028767,0.617273,shoulder_pan,0.0,-0.0986,0.0,-0.0879,2070,0,0,0,12.2,34,step_20,no_load,7.924
3.039907,0.628413,shoulder_pan,0.0,0.0,0.0,0.0,2071,0,20,0,12.2,34,step_20,no_load,7.89
3.05029,0.638796,shoulder_pan,0.0,0.1972,0.0,0.1758,2073,150,24,0,12.2,34,step_20,no_load,16.932
3.060481,0.648987,shoulder_pan,0.0,0.2959,0.0,0.2637,2074,150,32,1,12.2,34,step_20,no_load,8.625
3.071083,0.659589,shoulder_pan,0.0,0.4931,0.0,0.4395,2076,100,40,1,12.2,34,step_20,no_load,16.582
3.082208,0.670714,shoulder_pan,0.0,0.5917,0.0,0.5273,2077,150,48,1,12.2,34,step_20,no_load,7.892
3.092444,0.68095,shoulder_pan,0.0,0.5917,0.0,0.5273,2077,150,48,1,12.2,34,step_20,no_load,0.0
3.102706,0.691212,shoulder_pan,0.0,0.5917,0.0,0.5273,2077,0,36,1,12.2,34,step_20,no_load,0.0
3.113032,0.701538,shoulder_pan,0.0,0.5917,0.0,0.5273,2077,0,36,1,12.2,34,step_20,no_load,0.0
3.123356,0.711862,shoulder_pan,0.0,0.5917,0.0,0.5273,2077,0,36,1,12.2,34,step_20,no_load,0.0
3.13381,0.722315,shoulder_pan,0.0,0.6903,0.0,0.6152,2078,0,40,1,12.2,34,step_20,no_load,8.408
3.144647,0.733153,shoulder_pan,0.0,0.6903,0.0,0.6152,2078,50,44,1,12.2,34,step_20,no_load,0.0
3.154771,0.743276,shoulder_pan,0.0,0.6903,0.0,0.6152,2078,50,44,1,12.2,34,step_20,no_load,0.0
3.164975,0.753481,shoulder_pan,0.0,0.6903,0.0,0.6152,2078,0,40,1,12.2,34,step_20,no_load,0.0
3.17528,0.763785,shoulder_pan,0.0,0.6903,0.0,0.6152,2078,0,40,1,12.2,34,step_20,no_load,0.0
3.185628,0.774134,shoulder_pan,0.0,0.6903,0.0,0.6152,2078,0,40,1,12.2,34,step_20,no_load,0.0
3.195837,0.784343,shoulder_pan,0.0,0.6903,0.0,0.6152,2078,0,40,1,12.2,34,step_20,no_load,0.0
3.206175,0.794681,shoulder_pan,0.0,0.6903,0.0,0.6152,2078,0,40,1,12.2,33,step_20,no_load,0.0
3.216465,0.804971,shoulder_pan,0.0,0.6903,0.0,0.6152,2078,0,40,0,12.2,34,step_20,no_load,0.0
3.226612,0.815118,shoulder_pan,0.0,0.6903,0.0,0.6152,2078,0,40,1,12.2,34,step_20,no_load,0.0
3.236977,0.825482,shoulder_pan,0.0,0.6903,0.0,0.6152,2078,0,36,1,12.2,34,step_20,no_load,0.0
3.247409,0.835914,shoulder_pan,0.0,0.5917,0.0,0.5273,2077,-50,36,1,12.2,34,step_20,no_load,-8.426
3.25772,0.846226,shoulder_pan,0.0,0.5917,0.0,0.5273,2077,-50,32,0,12.2,34,step_20,no_load,0.0
3.268144,0.856649,shoulder_pan,0.0,0.5917,0.0,0.5273,2077,0,32,1,12.2,34,step_20,no_load,0.0
3.278944,0.86745,shoulder_pan,0.0,0.5917,0.0,0.5273,2077,0,36,1,12.2,34,step_20,no_load,0.0
3.289434,0.87794,shoulder_pan,0.0,0.5917,0.0,0.5273,2077,0,36,0,12.2,34,step_20,no_load,0.0
3.299964,0.88847,shoulder_pan,0.0,0.5917,0.0,0.5273,2077,0,36,1,12.2,34,step_20,no_load,0.0
3.310192,0.898698,shoulder_pan,0.0,0.4931,0.0,0.4395,2076,0,32,0,12.2,34,step_20,no_load,-8.584
3.320434,0.90894,shoulder_pan,0.0,0.4931,0.0,0.4395,2076,-50,28,0,12.2,33,step_20,no_load,0.0
3.330722,0.919228,shoulder_pan,0.0,0.3945,0.0,0.3516,2075,-50,24,0,12.2,34,step_20,no_load,-8.544
3.340968,0.929473,shoulder_pan,0.0,0.2959,0.0,0.2637,2074,-100,20,0,12.2,34,step_20,no_load,-8.579
3.3512,0.939706,shoulder_pan,0.0,0.1972,0.0,0.1758,2073,-100,0,0,12.2,34,step_20,no_load,-8.591
3.361442,0.949948,shoulder_pan,0.0,0.0986,0.0,0.0879,2072,-100,1052,0,12.2,34,step_20,no_load,-8.582
3.371725,0.960231,shoulder_pan,0.0,0.0,0.0,0.0,2071,-100,1052,0,12.2,34,step_20,no_load,-8.548
3.382822,0.971328,shoulder_pan,0.0,0.0,0.0,0.0,2071,-50,0,0,12.2,34,step_20,no_load,0.0
3.393842,0.982348,shoulder_pan,0.0,-0.0986,0.0,-0.0879,2070,-50,0,0,12.2,34,step_20,no_load,-7.976
3.404427,0.992933,shoulder_pan,0.0,-0.0986,0.0,-0.0879,2070,-50,0,0,12.2,34,step_20,no_load,0.0
3.414554,1.003059,shoulder_pan,0.0,-0.1972,0.0,-0.1758,2069,-50,1044,0,12.3,34,step_20,no_load,-8.68
3.425092,1.013598,shoulder_pan,0.0,-0.1972,0.0,-0.1758,2069,-50,1048,0,12.2,34,step_20,no_load,0.0
3.435607,1.024113,shoulder_pan,0.0,-0.2959,0.0,-0.2637,2068,-50,1052,0,12.2,34,step_20,no_load,-8.359
3.446584,1.03509,shoulder_pan,0.0,-0.3945,0.0,-0.3516,2067,-50,1056,0,12.2,34,step_20,no_load,-8.008
3.456671,1.045176,shoulder_pan,0.0,-0.3945,0.0,-0.3516,2067,-50,1056,0,12.2,34,step_20,no_load,0.0
3.467213,1.055718,shoulder_pan,0.0,-0.4931,0.0,-0.4395,2066,-50,1060,1,12.2,34,step_20,no_load,-8.338
3.477949,1.066454,shoulder_pan,0.0,-0.4931,0.0,-0.4395,2066,-50,1060,1,12.2,34,step_20,no_load,0.0
3.488931,1.077437,shoulder_pan,0.0,-0.5917,0.0,-0.5273,2065,-100,1064,1,12.2,34,step_20,no_load,-7.995
3.499258,1.087763,shoulder_pan,0.0,-0.5917,0.0,-0.5273,2065,-100,1068,1,12.2,34,step_20,no_load,0.0
3.509929,1.098435,shoulder_pan,0.0,-0.6903,0.0,-0.6152,2064,-50,1068,1,12.2,34,step_20,no_load,-8.237
3.520557,1.109063,shoulder_pan,0.0,-0.6903,0.0,-0.6152,2064,0,1068,1,12.2,34,step_20,no_load,0.0
3.53109,1.119596,shoulder_pan,0.0,-0.6903,0.0,-0.6152,2064,0,1068,0,12.2,34,step_20,no_load,0.0
3.54145,1.129956,shoulder_pan,0.0,-0.6903,0.0,-0.6152,2064,0,1064,0,12.2,34,step_20,no_load,0.0
3.55236,1.140866,shoulder_pan,0.0,-0.5917,0.0,-0.5273,2065,0,1060,1,12.2,34,step_20,no_load,8.057
3.562826,1.151332,shoulder_pan,0.0,-0.4931,0.0,-0.4395,2066,50,1052,1,12.2,34,step_20,no_load,8.389
3.573597,1.162103,shoulder_pan,0.0,-0.4931,0.0,-0.4395,2066,50,1044,0,12.2,34,step_20,no_load,0.0
3.583882,1.172388,shoulder_pan,0.0,-0.3945,0.0,-0.3516,2067,100,1044,0,12.2,34,step_20,no_load,8.546
3.595014,1.18352,shoulder_pan,0.0,-0.2959,0.0,-0.2637,2068,100,1044,0,12.2,34,step_20,no_load,7.896
3.606088,1.194594,shoulder_pan,0.0,-0.0986,0.0,-0.0879,2070,100,20,0,12.2,34,step_20,no_load,15.875
3.617553,3e-06,shoulder_pan,20.0,0.0,17.8242,0.0,2071,100,24,0,12.2,34,step_20,no_load,7.667
3.62797,0.010421,shoulder_pan,20.0,0.1972,17.8242,0.1758,2073,150,24,0,12.2,34,step_20,no_load,16.876
3.638957,0.021407,shoulder_pan,20.0,0.2959,17.8242,0.2637,2074,150,1048,0,12.3,34,step_20,no_load,8.0
3.649357,0.031808,shoulder_pan,20.0,0.3945,17.8242,0.3516,2075,100,1076,1,12.3,34,step_20,no_load,8.452
3.659716,0.042166,shoulder_pan,20.0,0.4931,17.8242,0.4395,2076,100,1164,6,12.2,34,step_20,no_load,8.485
3.670109,0.05256,shoulder_pan,20.0,0.6903,17.8242,0.6152,2078,100,1212,7,12.2,34,step_20,no_load,16.906
3.680485,0.062935,shoulder_pan,20.0,0.8876,17.8242,0.791,2080,200,1300,16,12.2,34,step_20,no_load,16.943
3.691417,0.073867,shoulder_pan,20.0,1.0848,17.8242,0.9668,2082,200,1368,25,12.1,34,step_20,no_load,16.081
3.701773,0.084223,shoulder_pan,20.0,1.5779,17.8242,1.4063,2087,350,1468,35,12.1,34,step_20,no_load,42.439
3.71212,0.094571,shoulder_pan,20.0,2.4655,17.8242,2.1973,2096,350,1528,37,12.2,34,step_20,no_load,76.447
3.722681,0.105131,shoulder_pan,20.0,3.3531,17.8242,2.9883,2105,800,1556,42,12.2,34,step_20,no_load,74.898
3.733027,0.115477,shoulder_pan,20.0,4.4379,17.8242,3.9551,2116,800,1588,40,12.2,34,step_20,no_load,93.447
3.743215,0.125665,shoulder_pan,20.0,5.5227,17.8242,4.9219,2127,1050,1560,48,12.1,34,step_20,no_load,94.896
3.753667,0.136118,shoulder_pan,20.0,6.7061,17.8242,5.9766,2139,1050,1556,33,12.2,34,step_20,no_load,100.909
3.76389,0.14634,shoulder_pan,20.0,7.9882,17.8242,7.1191,2152,1150,1484,36,12.1,34,step_20,no_load,111.758
3.775024,0.157474,shoulder_pan,20.0,9.1716,17.8242,8.1738,2164,1150,1420,22,12.2,34,step_20,no_load,94.728
3.785398,0.167849,shoulder_pan,20.0,10.355,17.8242,9.2285,2176,1150,1388,14,12.2,34,step_20,no_load,101.668
3.795776,0.178226,shoulder_pan,20.0,11.5385,17.8242,10.2832,2188,1150,1296,4,12.2,34,step_20,no_load,101.628
3.806081,0.188532,shoulder_pan,20.0,12.6233,17.8242,11.25,2199,1100,1252,1,12.2,34,step_20,no_load,93.819
3.81665,0.199101,shoulder_pan,20.0,13.6095,17.8242,12.1289,2209,1100,1212,0,12.2,34,step_20,no_load,83.158
3.827214,0.209664,shoulder_pan,20.0,14.6943,17.8242,13.0957,2220,1000,1164,0,12.2,34,step_20,no_load,91.518
3.837444,0.219894,shoulder_pan,20.0,15.5819,17.8242,13.8867,2229,1000,1128,0,12.2,34,step_20,no_load,77.322
3.847811,0.230261,shoulder_pan,20.0,16.2722,17.8242,14.502,2236,950,1108,0,12.2,34,step_20,no_load,59.352
3.858148,0.240599,shoulder_pan,20.0,16.7653,17.8242,14.9414,2241,950,1120,0,12.2,34,step_20,no_load,42.507
3.868531,0.250981,shoulder_pan,20.0,17.1598,17.8242,15.293,2245,500,1104,0,12.2,34,step_20,no_load,33.863
3.879098,0.261549,shoulder_pan,20.0,17.5542,17.8242,15.6445,2249,400,1104,0,12.2,34,step_20,no_load,33.264
3.889423,0.271874,shoulder_pan,20.0,17.8501,17.8242,15.9082,2252,400,1092,0,12.2,34,step_20,no_load,25.54
3.899681,0.282131,shoulder_pan,20.0,18.146,17.8242,16.1719,2255,300,1088,0,12.2,34,step_20,no_load,25.707
3.909942,0.292393,shoulder_pan,20.0,18.4418,17.8242,16.4355,2258,300,1076,0,12.2,34,step_20,no_load,25.69
3.920058,0.302508,shoulder_pan,20.0,18.6391,17.8242,16.6113,2260,250,1068,0,12.2,34,step_20,no_load,17.378
3.931154,0.313604,shoulder_pan,20.0,18.9349,17.8242,16.875,2263,250,1060,0,12.2,34,step_20,no_load,23.765
3.941415,0.323865,shoulder_pan,20.0,19.1321,17.8242,17.0508,2265,250,1052,0,12.2,34,step_20,no_load,17.133
3.951724,0.334175,shoulder_pan,20.0,19.2308,17.8242,17.1387,2266,250,1048,0,12.2,34,step_20,no_load,8.527
3.96205,0.3445,shoulder_pan,20.0,19.3294,17.8242,17.2266,2267,100,1048,0,12.2,34,step_20,no_load,8.512
3.972529,0.35498,shoulder_pan,20.0,19.428,17.8242,17.3145,2268,100,1048,0,12.2,34,step_20,no_load,8.388
3.983474,0.365924,shoulder_pan,20.0,19.5266,17.8242,17.4023,2269,100,1052,0,12.2,34,step_20,no_load,8.022
3.993769,0.376219,shoulder_pan,20.0,19.5266,17.8242,17.4023,2269,100,1052,0,12.2,34,step_20,no_load,0.0
4.00418,0.386631,shoulder_pan,20.0,19.6252,17.8242,17.4902,2270,0,1048,0,12.2,34,step_20,no_load,8.443
4.014851,0.397301,shoulder_pan,20.0,19.6252,17.8242,17.4902,2270,0,1048,1,12.2,34,step_20,no_load,0.0
4.025101,0.407551,shoulder_pan,20.0,19.7239,17.8242,17.5781,2271,100,1044,0,12.2,34,step_20,no_load,8.576
4.035314,0.417765,shoulder_pan,20.0,19.7239,17.8242,17.5781,2271,100,1044,0,12.2,34,step_20,no_load,0.0
4.046191,0.428641,shoulder_pan,20.0,19.6252,17.8242,17.4902,2270,0,1048,0,12.2,34,step_20,no_load,-8.081
4.056404,0.438854,shoulder_pan,20.0,19.5266,17.8242,17.4023,2269,0,1064,0,12.2,34,step_20,no_load,-8.607
4.066626,0.449076,shoulder_pan,20.0,19.428,17.8242,17.3145,2268,-100,1072,0,12.2,34,step_20,no_load,-8.589
4.077019,0.459469,shoulder_pan,20.0,19.3294,17.8242,17.2266,2267,-100,1072,1,12.2,34,step_20,no_load,-8.458
4.087253,0.469703,shoulder_pan,20.0,19.3294,17.8242,17.2266,2267,-100,1072,1,12.2,34,step_20,no_load,0.0
4.097755,0.480206,shoulder_pan,20.0,19.3294,17.8242,17.2266,2267,-100,1064,0,12.2,34,step_20,no_load,0.0
4.107998,0.490448,shoulder_pan,20.0,19.3294,17.8242,17.2266,2267,0,1064,0,12.2,34,step_20,no_load,0.0
4.119169,0.501619,shoulder_pan,20.0,19.428,17.8242,17.3145,2268,50,1060,0,12.2,34,step_20,no_load,7.869
4.130355,0.512805,shoulder_pan,20.0,19.428,17.8242,17.3145,2268,50,1060,1,12.2,34,step_20,no_load,0.0
4.141111,0.523562,shoulder_pan,20.0,19.428,17.8242,17.3145,2268,0,1056,0,12.2,34,step_20,no_load,0.0
4.151406,0.533856,shoulder_pan,20.0,19.428,17.8242,17.3145,2268,0,1052,0,12.2,34,step_20,no_load,0.0
4.161706,0.544156,shoulder_pan,20.0,19.5266,17.8242,17.4023,2269,50,1048,0,12.2,34,step_20,no_load,8.524
4.171868,0.554318,shoulder_pan,20.0,19.6252,17.8242,17.4902,2270,50,1048,0,12.2,34,step_20,no_load,8.65
4.182486,0.564936,shoulder_pan,20.0,19.7239,17.8242,17.5781,2271,100,1044,0,12.2,34,step_20,no_load,8.278
4.193074,0.575524,shoulder_pan,20.0,19.8225,17.8242,17.666,2272,100,20,0,12.2,34,step_20,no_load,8.302
4.204094,0.586544,shoulder_pan,20.0,19.9211,17.8242,17.7539,2273,100,24,0,12.2,34,step_20,no_load,7.976
4.214361,0.596812,shoulder_pan,20.0,20.0197,17.8242,17.8418,2274,100,20,0,12.2,34,step_20,no_load,8.561
4.225008,0.607458,shoulder_pan,20.0,20.1183,17.8242,17.9297,2275,100,20,0,12.2,34,step_20,no_load,8.256
4.235904,0.618354,shoulder_pan,20.0,20.217,17.8242,18.0176,2276,100,24,0,12.2,34,step_20,no_load,8.067
4.246389,0.628839,shoulder_pan,20.0,20.217,17.8242,18.0176,2276,50,24,0,12.2,34,step_20,no_load,0.0
4.256536,0.638986,shoulder_pan,20.0,20.217,17.8242,18.0176,2276,50,20,0,12.2,34,step_20,no_load,0.0
4.267118,0.649569,shoulder_pan,20.0,20.217,17.8242,18.0176,2276,0,20,0,12.2,34,step_20,no_load,0.0
4.277905,0.660355,shoulder_pan,20.0,20.217,17.8242,18.0176,2276,0,20,0,12.2,34,step_20,no_load,0.0
4.288314,0.670765,shoulder_pan,20.0,20.217,17.8242,18.0176,2276,0,20,0,12.2,34,step_20,no_load,0.0
4.298874,0.681324,shoulder_pan,20.0,20.217,17.8242,18.0176,2276,0,20,0,12.2,34,step_20,no_load,0.0
4.309117,0.691568,shoulder_pan,20.0,20.217,17.8242,18.0176,2276,0,20,0,12.3,34,step_20,no_load,0.0
4.319534,0.701985,shoulder_pan,20.0,20.217,17.8242,18.0176,2276,0,20,0,12.2,34,step_20,no_load,0.0
4.329733,0.712184,shoulder_pan,20.0,20.217,17.8242,18.0176,2276,0,20,0,12.2,34,step_20,no_load,0.0
4.33991,0.722361,shoulder_pan,20.0,20.1183,17.8242,17.9297,2275,-50,1044,0,12.2,34,step_20,no_load,-8.637
4.350241,0.732691,shoulder_pan,20.0,20.0197,17.8242,17.8418,2274,-50,1044,0,12.2,34,step_20,no_load,-8.508
4.361339,0.743789,shoulder_pan,20.0,19.9211,17.8242,17.7539,2273,-100,0,0,12.2,34,step_20,no_load,-7.92
4.371923,0.754374,shoulder_pan,20.0,19.8225,17.8242,17.666,2272,-100,1044,0,12.2,34,step_20,no_load,-8.305
4.382865,0.765316,shoulder_pan,20.0,19.7239,17.8242,17.5781,2271,-100,1052,0,12.3,34,step_20,no_load,-8.033
4.393969,0.776419,shoulder_pan,20.0,19.7239,17.8242,17.5781,2271,-100,1056,1,12.2,34,step_20,no_load,0.0
4.404449,0.7869,shoulder_pan,20.0,19.6252,17.8242,17.4902,2270,-50,1056,0,12.2,34,step_20,no_load,-8.387
4.415081,0.797532,shoulder_pan,20.0,19.6252,17.8242,17.4902,2270,-50,1056,0,12.2,34,step_20,no_load,0.0
4.425302,0.807753,shoulder_pan,20.0,19.6252,17.8242,17.4902,2270,0,1056,0,12.2,34,step_20,no_load,0.0
4.435707,0.818158,shoulder_pan,20.0,19.6252,17.8242,17.4902,2270,0,1052,0,12.2,34,step_20,no_load,0.0
4.446343,0.828793,shoulder_pan,20.0,19.6252,17.8242,17.4902,2270,0,1052,0,12.2,34,step_20,no_load,0.0
4.456722,0.839173,shoulder_pan,20.0,19.6252,17.8242,17.4902,2270,0,1052,0,12.2,34,step_20,no_load,0.0
4.467135,0.849585,shoulder_pan,20.0,19.6252,17.8242,17.4902,2270,0,1052,0,12.2,34,step_20,no_load,0.0
4.477514,0.859965,shoulder_pan,20.0,19.6252,17.8242,17.4902,2270,0,1052,0,12.2,34,step_20,no_load,0.0
4.488069,0.87052,shoulder_pan,20.0,19.6252,17.8242,17.4902,2270,0,1052,1,12.2,34,step_20,no_load,0.0
4.498565,0.881016,shoulder_pan,20.0,19.6252,17.8242,17.4902,2270,0,1052,0,12.2,34,step_20,no_load,0.0
4.509215,0.891666,shoulder_pan,20.0,19.6252,17.8242,17.4902,2270,0,1052,0,12.2,34,step_20,no_load,0.0
4.519925,0.902375,shoulder_pan,20.0,19.5266,17.8242,17.4023,2269,-50,1056,0,12.2,34,step_20,no_load,-8.207
4.530429,0.91288,shoulder_pan,20.0,19.5266,17.8242,17.4023,2269,-50,1056,0,12.2,34,step_20,no_load,0.0
4.541039,0.923489,shoulder_pan,20.0,19.5266,17.8242,17.4023,2269,0,1060,1,12.2,34,step_20,no_load,0.0
4.551369,0.933819,shoulder_pan,20.0,19.5266,17.8242,17.4023,2269,0,1060,1,12.2,34,step_20,no_load,0.0
4.561589,0.944039,shoulder_pan,20.0,19.5266,17.8242,17.4023,2269,0,1056,0,12.2,34,step_20,no_load,0.0
4.571962,0.954413,shoulder_pan,20.0,19.5266,17.8242,17.4023,2269,0,1056,1,12.2,34,step_20,no_load,0.0
4.582277,0.964727,shoulder_pan,20.0,19.5266,17.8242,17.4023,2269,0,1056,1,12.2,34,step_20,no_load,0.0
4.592596,0.975047,shoulder_pan,20.0,19.5266,17.8242,17.4023,2269,0,1056,1,12.2,34,step_20,no_load,0.0
4.603114,0.985565,shoulder_pan,20.0,19.428,17.8242,17.3145,2268,-50,1060,1,12.2,34,step_20,no_load,-8.348
4.613422,0.995873,shoulder_pan,20.0,19.428,17.8242,17.3145,2268,-50,1064,0,12.2,34,step_20,no_load,0.0
4.623745,1.006195,shoulder_pan,20.0,19.428,17.8242,17.3145,2268,0,1064,1,12.2,34,step_20,no_load,0.0
4.633967,1.016418,shoulder_pan,20.0,19.428,17.8242,17.3145,2268,0,1060,0,12.2,34,step_20,no_load,0.0
4.644345,1.026795,shoulder_pan,20.0,19.428,17.8242,17.3145,2268,0,1060,1,12.2,34,step_20,no_load,0.0
4.654687,1.037137,shoulder_pan,20.0,19.428,17.8242,17.3145,2268,0,1060,0,12.2,34,step_20,no_load,0.0
4.665008,1.047459,shoulder_pan,20.0,19.428,17.8242,17.3145,2268,0,1064,0,12.2,34,step_20,no_load,0.0
4.675572,1.058022,shoulder_pan,20.0,19.3294,17.8242,17.2266,2267,0,1068,0,12.3,34,step_20,no_load,-8.321
4.685761,1.068212,shoulder_pan,20.0,19.3294,17.8242,17.2266,2267,-50,1068,1,12.2,34,step_20,no_load,0.0
4.696294,1.078745,shoulder_pan,20.0,19.3294,17.8242,17.2266,2267,0,1064,1,12.2,34,step_20,no_load,0.0
4.706947,1.089398,shoulder_pan,20.0,19.3294,17.8242,17.2266,2267,0,1064,1,12.2,34,step_20,no_load,0.0
4.71745,1.099901,shoulder_pan,20.0,19.3294,17.8242,17.2266,2267,0,1064,0,12.2,34,step_20,no_load,0.0
4.727712,1.110163,shoulder_pan,20.0,19.3294,17.8242,17.2266,2267,0,1064,1,12.2,34,step_20,no_load,0.0
4.738769,1.121219,shoulder_pan,20.0,19.3294,17.8242,17.2266,2267,0,1064,0,12.2,34,step_20,no_load,0.0
4.749007,1.131457,shoulder_pan,20.0,19.3294,17.8242,17.2266,2267,0,1064,1,12.2,34,step_20,no_load,0.0
4.75932,1.14177,shoulder_pan,20.0,19.3294,17.8242,17.2266,2267,0,1064,0,12.2,34,step_20,no_load,0.0
4.769627,1.152078,shoulder_pan,20.0,19.3294,17.8242,17.2266,2267,0,1064,0,12.2,34,step_20,no_load,0.0
4.779957,1.162408,shoulder_pan,20.0,19.3294,17.8242,17.2266,2267,0,1064,1,12.2,34,step_20,no_load,0.0
4.790444,1.172895,shoulder_pan,20.0,19.3294,17.8242,17.2266,2267,0,1064,1,12.2,34,step_20,no_load,0.0
4.800769,1.183219,shoulder_pan,20.0,19.3294,17.8242,17.2266,2267,0,1064,1,12.2,34,step_20,no_load,0.0
4.811091,1.193541,shoulder_pan,20.0,19.3294,17.8242,17.2266,2267,0,1064,1,12.2,34,step_20,no_load,0.0
4.82245,3e-06,shoulder_pan,0.0,19.3294,0.0,17.2266,2267,0,1060,1,12.2,34,step_20,no_load,0.0
4.832882,0.010436,shoulder_pan,0.0,19.3294,0.0,17.2266,2267,0,1048,0,12.2,34,step_20,no_load,0.0
4.843619,0.021173,shoulder_pan,0.0,19.2308,0.0,17.1387,2266,0,24,0,12.3,34,step_20,no_load,-8.187
4.853816,0.03137,shoulder_pan,0.0,19.2308,0.0,17.1387,2266,0,76,2,12.2,34,step_20,no_load,0.0
4.864982,0.042536,shoulder_pan,0.0,19.1321,0.0,17.0508,2265,-50,116,3,12.3,34,step_20,no_load,-7.872
4.875107,0.052661,shoulder_pan,0.0,18.9349,0.0,16.875,2263,-50,204,8,12.2,34,step_20,no_load,-17.363
4.885476,0.06303,shoulder_pan,0.0,18.6391,0.0,16.6113,2260,-150,248,10,12.2,34,step_20,no_load,-25.432
4.895761,0.073315,shoulder_pan,0.0,18.2446,0.0,16.2598,2256,-350,332,16,12.2,34,step_20,no_load,-34.176
4.90596,0.083514,shoulder_pan,0.0,17.8501,0.0,15.9082,2252,-350,396,23,12.2,34,step_20,no_load,-34.474
4.916171,0.093725,shoulder_pan,0.0,17.0611,0.0,15.2051,2244,-650,484,32,12.1,34,step_20,no_load,-68.857
4.926395,0.103949,shoulder_pan,0.0,15.7791,0.0,14.0625,2231,-650,516,23,12.1,34,step_20,no_load,-111.757
4.936713,0.114266,shoulder_pan,0.0,14.3984,0.0,12.832,2217,-1300,464,12,12.2,34,step_20,no_load,-119.258
4.946934,0.124487,shoulder_pan,0.0,13.0178,0.0,11.6016,2203,-1300,468,14,12.2,34,step_20,no_load,-120.38
4.957098,0.134652,shoulder_pan,0.0,11.7357,0.0,10.459,2190,-1350,404,8,12.1,34,step_20,no_load,-112.416
4.96733,0.144884,shoulder_pan,0.0,10.4536,0.0,9.3164,2177,-1350,396,12,12.2,34,step_20,no_load,-111.669
4.977747,0.1553,shoulder_pan,0.0,9.3688,0.0,8.3496,2166,-1150,356,12,12.2,34,step_20,no_load,-92.81
4.987982,0.165536,shoulder_pan,0.0,8.3826,0.0,7.4707,2156,-1150,328,10,12.2,34,step_20,no_load,-85.872
4.998214,0.175768,shoulder_pan,0.0,7.3964,0.0,6.5918,2146,-950,260,6,12.2,34,step_20,no_load,-85.897
5.00847,0.186023,shoulder_pan,0.0,6.7061,0.0,5.9766,2139,-950,228,4,12.2,34,step_20,no_load,-59.984
5.018986,0.196539,shoulder_pan,0.0,5.9172,0.0,5.2734,2131,-800,184,3,12.2,34,step_20,no_load,-66.87
5.029356,0.20691,shoulder_pan,0.0,5.2268,0.0,4.6582,2124,-800,156,1,12.2,34,step_20,no_load,-59.325
5.039662,0.217215,shoulder_pan,0.0,4.6351,0.0,4.1309,2118,-600,140,1,12.2,34,step_20,no_load,-51.164
5.050154,0.227708,shoulder_pan,0.0,3.9448,0.0,3.5156,2111,-600,120,0,12.3,34,step_20,no_load,-58.645
5.060554,0.238107,shoulder_pan,0.0,3.2544,0.0,2.9004,2104,-650,80,0,12.2,34,step_20,no_load,-59.154
5.070755,0.248309,shoulder_pan,0.0,2.7613,0.0,2.4609,2099,-650,72,0,12.2,34,step_20,no_load,-43.084
5.081326,0.25888,shoulder_pan,0.0,2.3669,0.0,2.1094,2095,-500,60,0,12.2,34,step_20,no_load,-33.251
5.091577,0.269131,shoulder_pan,0.0,2.1696,0.0,1.9336,2093,-500,72,1,12.2,34,step_20,no_load,-17.15
5.101846,0.2794,shoulder_pan,0.0,1.8738,0.0,1.6699,2090,-300,64,1,12.2,34,step_20,no_load,-25.679
5.112628,0.290182,shoulder_pan,0.0,1.6765,0.0,1.4941,2088,-300,60,0,12.2,34,step_20,no_load,-16.305
5.123226,0.30078,shoulder_pan,0.0,1.3807,0.0,1.2305,2085,-200,52,0,12.2,34,step_20,no_load,-24.873
5.133705,0.311258,shoulder_pan,0.0,1.1834,0.0,1.0547,2083,-200,36,0,12.2,34,step_20,no_load,-16.776
5.143924,0.321478,shoulder_pan,0.0,0.9862,0.0,0.8789,2081,-250,28,0,12.2,34,step_20,no_load,-17.203
5.154693,0.332246,shoulder_pan,0.0,0.789,0.0,0.7031,2079,-150,24,0,12.2,34,step_20,no_load,-16.325
5.164988,0.342542,shoulder_pan,0.0,0.5917,0.0,0.5273,2077,-150,20,0,12.2,34,step_20,no_load,-17.076
5.175647,0.3532,shoulder_pan,0.0,0.4931,0.0,0.4395,2076,-150,24,0,12.2,34,step_20,no_load,-8.237
5.185925,0.363479,shoulder_pan,0.0,0.3945,0.0,0.3516,2075,-150,20,0,12.2,34,step_20,no_load,-8.552
5.196202,0.373756,shoulder_pan,0.0,0.2959,0.0,0.2637,2074,-100,1044,0,12.2,34,step_20,no_load,-8.553
5.206827,0.384381,shoulder_pan,0.0,0.2959,0.0,0.2637,2074,-100,1044,0,12.2,34,step_20,no_load,0.0
5.217509,0.395063,shoulder_pan,0.0,0.1972,0.0,0.1758,2073,0,20,0,12.2,34,step_20,no_load,-8.229
5.227922,0.405476,shoulder_pan,0.0,0.1972,0.0,0.1758,2073,0,20,0,12.2,34,step_20,no_load,0.0
5.238402,0.415956,shoulder_pan,0.0,0.1972,0.0,0.1758,2073,-50,0,0,12.2,34,step_20,no_load,0.0
5.248701,0.426254,shoulder_pan,0.0,0.1972,0.0,0.1758,2073,-50,0,0,12.2,34,step_20,no_load,0.0
5.259031,0.436584,shoulder_pan,0.0,0.1972,0.0,0.1758,2073,0,20,0,12.2,34,step_20,no_load,0.0
5.269239,0.446793,shoulder_pan,0.0,0.1972,0.0,0.1758,2073,0,20,0,12.2,34,step_20,no_load,0.0
5.279738,0.457292,shoulder_pan,0.0,0.1972,0.0,0.1758,2073,0,20,0,12.2,34,step_20,no_load,0.0
5.290503,0.468057,shoulder_pan,0.0,0.1972,0.0,0.1758,2073,0,20,0,12.3,34,step_20,no_load,0.0
5.300857,0.478411,shoulder_pan,0.0,0.1972,0.0,0.1758,2073,0,20,1,12.2,34,step_20,no_load,0.0
5.311419,0.488973,shoulder_pan,0.0,0.1972,0.0,0.1758,2073,0,20,0,12.2,34,step_20,no_load,0.0
5.321651,0.499205,shoulder_pan,0.0,0.1972,0.0,0.1758,2073,0,20,0,12.2,34,step_20,no_load,0.0
5.332066,0.50962,shoulder_pan,0.0,0.1972,0.0,0.1758,2073,0,20,0,12.2,34,step_20,no_load,0.0
5.342321,0.519875,shoulder_pan,0.0,0.1972,0.0,0.1758,2073,0,20,0,12.2,34,step_20,no_load,0.0
5.352715,0.530269,shoulder_pan,0.0,0.1972,0.0,0.1758,2073,0,0,0,12.2,34,step_20,no_load,0.0
5.363006,0.54056,shoulder_pan,0.0,0.0986,0.0,0.0879,2072,-50,0,0,12.2,34,step_20,no_load,-8.541
5.373284,0.550837,shoulder_pan,0.0,0.0986,0.0,0.0879,2072,-50,1044,0,12.2,34,step_20,no_load,0.0
5.383796,0.561349,shoulder_pan,0.0,0.0986,0.0,0.0879,2072,0,1044,0,12.2,34,step_20,no_load,0.0
5.393987,0.571541,shoulder_pan,0.0,0.0986,0.0,0.0879,2072,0,0,0,12.2,34,step_20,no_load,0.0
5.405081,0.582634,shoulder_pan,0.0,0.0986,0.0,0.0879,2072,0,0,0,12.2,34,step_20,no_load,0.0
5.415551,0.593105,shoulder_pan,0.0,0.0986,0.0,0.0879,2072,0,0,0,12.2,34,step_20,no_load,0.0
5.425947,0.603501,shoulder_pan,0.0,0.0986,0.0,0.0879,2072,0,0,0,12.2,34,step_20,no_load,0.0
5.436206,0.61376,shoulder_pan,0.0,0.0986,0.0,0.0879,2072,0,0,0,12.2,34,step_20,no_load,0.0
5.447157,0.624711,shoulder_pan,0.0,0.0986,0.0,0.0879,2072,0,0,0,12.2,34,step_20,no_load,0.0
5.457743,0.635297,shoulder_pan,0.0,0.0986,0.0,0.0879,2072,0,0,0,12.3,34,step_20,no_load,0.0
5.468229,0.645783,shoulder_pan,0.0,0.1972,0.0,0.1758,2073,0,20,0,12.2,34,step_20,no_load,8.383
5.478505,0.656059,shoulder_pan,0.0,0.1972,0.0,0.1758,2073,50,24,0,12.2,34,step_20,no_load,0.0
5.488843,0.666397,shoulder_pan,0.0,0.1972,0.0,0.1758,2073,50,24,0,12.2,34,step_20,no_load,0.0
5.499884,0.677438,shoulder_pan,0.0,0.1972,0.0,0.1758,2073,0,20,0,12.2,34,step_20,no_load,0.0
5.510601,0.688155,shoulder_pan,0.0,0.1972,0.0,0.1758,2073,0,20,0,12.2,34,step_20,no_load,0.0
5.521355,0.698908,shoulder_pan,0.0,0.1972,0.0,0.1758,2073,0,20,0,12.2,34,step_20,no_load,0.0
5.532167,0.709721,shoulder_pan,0.0,0.1972,0.0,0.1758,2073,0,20,1,12.2,34,step_20,no_load,0.0
5.542706,0.72026,shoulder_pan,0.0,0.1972,0.0,0.1758,2073,0,20,0,12.2,34,step_20,no_load,0.0
5.553416,0.73097,shoulder_pan,0.0,0.1972,0.0,0.1758,2073,0,20,0,12.2,34,step_20,no_load,0.0
5.563988,0.741542,shoulder_pan,0.0,0.1972,0.0,0.1758,2073,0,20,0,12.2,34,step_20,no_load,0.0
5.575005,0.752559,shoulder_pan,0.0,0.1972,0.0,0.1758,2073,0,20,0,12.2,34,step_20,no_load,0.0
5.585167,0.76272,shoulder_pan,0.0,0.1972,0.0,0.1758,2073,0,20,0,12.2,34,step_20,no_load,0.0
5.595315,0.772868,shoulder_pan,0.0,0.1972,0.0,0.1758,2073,0,20,0,12.2,34,step_20,no_load,0.0
5.60548,0.783034,shoulder_pan,0.0,0.1972,0.0,0.1758,2073,0,20,0,12.2,34,step_20,no_load,0.0
5.615671,0.793224,shoulder_pan,0.0,0.1972,0.0,0.1758,2073,0,20,0,12.2,34,step_20,no_load,0.0
5.6258,0.803353,shoulder_pan,0.0,0.1972,0.0,0.1758,2073,0,20,0,12.2,34,step_20,no_load,0.0
5.636212,0.813766,shoulder_pan,0.0,0.1972,0.0,0.1758,2073,0,20,0,12.3,34,step_20,no_load,0.0
5.646727,0.82428,shoulder_pan,0.0,0.1972,0.0,0.1758,2073,0,20,0,12.2,34,step_20,no_load,0.0
5.656883,0.834437,shoulder_pan,0.0,0.2959,0.0,0.2637,2074,0,24,0,12.2,34,step_20,no_load,8.655
5.667387,0.84494,shoulder_pan,0.0,0.2959,0.0,0.2637,2074,0,24,0,12.2,34,step_20,no_load,0.0
5.677678,0.855231,shoulder_pan,0.0,0.2959,0.0,0.2637,2074,50,28,0,12.2,34,step_20,no_load,0.0
5.687877,0.865431,shoulder_pan,0.0,0.3945,0.0,0.3516,2075,50,32,0,12.2,34,step_20,no_load,8.618
5.69804,0.875594,shoulder_pan,0.0,0.3945,0.0,0.3516,2075,50,32,0,12.2,34,step_20,no_load,0.0
5.708212,0.885766,shoulder_pan,0.0,0.4931,0.0,0.4395,2076,50,36,0,12.2,34,step_20,no_load,8.641
5.718432,0.895986,shoulder_pan,0.0,0.4931,0.0,0.4395,2076,50,36,0,12.2,34,step_20,no_load,0.0
5.728875,0.906428,shoulder_pan,0.0,0.4931,0.0,0.4395,2076,50,40,1,12.2,34,step_20,no_load,0.0
5.739028,0.916582,shoulder_pan,0.0,0.5917,0.0,0.5273,2077,50,40,1,12.2,34,step_20,no_load,8.648
5.749386,0.92694,shoulder_pan,0.0,0.5917,0.0,0.5273,2077,50,36,0,12.2,34,step_20,no_load,0.0
5.760548,0.938101,shoulder_pan,0.0,0.6903,0.0,0.6152,2078,0,40,1,12.2,34,step_20,no_load,7.875
5.770963,0.948517,shoulder_pan,0.0,0.6903,0.0,0.6152,2078,0,44,1,12.2,34,step_20,no_load,0.0
5.781642,0.959196,shoulder_pan,0.0,0.6903,0.0,0.6152,2078,50,44,1,12.2,34,step_20,no_load,0.0
5.791907,0.969461,shoulder_pan,0.0,0.6903,0.0,0.6152,2078,50,40,0,12.2,34,step_20,no_load,0.0
5.80216,0.979713,shoulder_pan,0.0,0.6903,0.0,0.6152,2078,0,40,1,12.2,34,step_20,no_load,0.0
5.813016,0.99057,shoulder_pan,0.0,0.789,0.0,0.7031,2079,50,48,1,12.2,34,step_20,no_load,8.097
5.82331,1.000864,shoulder_pan,0.0,0.789,0.0,0.7031,2079,50,48,1,12.2,34,step_20,no_load,0.0
5.83408,1.011633,shoulder_pan,0.0,0.789,0.0,0.7031,2079,0,44,0,12.2,34,step_20,no_load,0.0
5.844689,1.022243,shoulder_pan,0.0,0.789,0.0,0.7031,2079,0,44,1,12.2,34,step_20,no_load,0.0
5.85526,1.032814,shoulder_pan,0.0,0.789,0.0,0.7031,2079,0,44,0,12.2,34,step_20,no_load,0.0
5.865795,1.043348,shoulder_pan,0.0,0.789,0.0,0.7031,2079,0,44,0,12.2,34,step_20,no_load,0.0
5.876298,1.053852,shoulder_pan,0.0,0.789,0.0,0.7031,2079,0,44,1,12.2,34,step_20,no_load,0.0
5.886741,1.064295,shoulder_pan,0.0,0.789,0.0,0.7031,2079,0,44,1,12.2,34,step_20,no_load,0.0
5.897004,1.074558,shoulder_pan,0.0,0.789,0.0,0.7031,2079,0,44,0,12.2,34,step_20,no_load,0.0
5.907592,1.085146,shoulder_pan,0.0,0.789,0.0,0.7031,2079,0,44,1,12.2,34,step_20,no_load,0.0
5.918323,1.095877,shoulder_pan,0.0,0.6903,0.0,0.6152,2078,-50,40,1,12.2,34,step_20,no_load,-8.191
5.928791,1.106345,shoulder_pan,0.0,0.5917,0.0,0.5273,2077,-50,28,0,12.2,34,step_20,no_load,-8.397
5.939348,1.116902,shoulder_pan,0.0,0.5917,0.0,0.5273,2077,-50,28,1,12.2,34,step_20,no_load,0.0
5.949869,1.127423,shoulder_pan,0.0,0.5917,0.0,0.5273,2077,-50,36,1,12.2,34,step_20,no_load,0.0
5.960308,1.137862,shoulder_pan,0.0,0.5917,0.0,0.5273,2077,0,36,1,12.2,34,step_20,no_load,0.0
5.971061,1.148615,shoulder_pan,0.0,0.5917,0.0,0.5273,2077,0,36,1,12.2,34,step_20,no_load,0.0
5.981725,1.159279,shoulder_pan,0.0,0.5917,0.0,0.5273,2077,0,36,1,12.2,34,step_20,no_load,0.0
5.992044,1.169598,shoulder_pan,0.0,0.5917,0.0,0.5273,2077,0,36,0,12.2,34,step_20,no_load,0.0
6.002663,1.180217,shoulder_pan,0.0,0.4931,0.0,0.4395,2076,0,32,0,12.2,34,step_20,no_load,-8.268
6.013054,1.190608,shoulder_pan,0.0,0.4931,0.0,0.4395,2076,-50,28,0,12.2,34,step_20,no_load,0.0
6.024715,3e-06,shoulder_pan,20.0,0.4931,17.8242,0.4395,2076,-50,28,0,12.2,34,step_20,no_load,0.0
6.035852,0.011141,shoulder_pan,20.0,0.4931,17.8242,0.4395,2076,0,24,0,12.2,34,step_20,no_load,0.0
6.046108,0.021396,shoulder_pan,20.0,0.4931,17.8242,0.4395,2076,0,0,1,12.2,34,step_20,no_load,0.0
6.056714,0.032002,shoulder_pan,20.0,0.4931,17.8242,0.4395,2076,0,1100,3,12.2,34,step_20,no_load,0.0
6.066911,0.0422,shoulder_pan,20.0,0.4931,17.8242,0.4395,2076,0,1140,8,12.2,51,step_20,no_load,0.0
6.07747,0.052758,shoulder_pan,20.0,0.4931,17.8242,0.4395,2076,0,1240,10,12.2,34,step_20,no_load,0.0
6.088026,0.063315,shoulder_pan,20.0,0.5917,17.8242,0.5273,2077,0,1328,17,12.1,34,step_20,no_load,8.318
6.098776,0.074065,shoulder_pan,20.0,0.9862,17.8242,0.8789,2081,150,1392,23,12.2,34,step_20,no_load,32.707
6.109588,0.084876,shoulder_pan,20.0,1.7751,17.8242,1.582,2089,150,1444,23,12.2,34,step_20,no_load,65.03
6.1198,0.095088,shoulder_pan,20.0,2.6627,17.8242,2.373,2098,700,1504,33,12.2,34,step_20,no_load,77.458
6.130003,0.105291,shoulder_pan,20.0,3.5503,17.8242,3.1641,2107,700,1544,39,12.2,34,step_20,no_load,77.536
6.140585,0.115874,shoulder_pan,20.0,4.5365,17.8242,4.043,2117,850,1576,46,12.2,34,step_20,no_load,83.056
6.151443,0.126731,shoulder_pan,20.0,5.8185,17.8242,5.1855,2130,1000,1536,38,12.1,34,step_20,no_load,105.222
6.162515,0.137803,shoulder_pan,20.0,6.9034,17.8242,6.1523,2141,1000,1536,43,12.1,34,step_20,no_load,87.319
6.172613,0.147901,shoulder_pan,20.0,7.9882,17.8242,7.1191,2152,1150,1484,41,12.1,34,step_20,no_load,95.742
6.183319,0.158607,shoulder_pan,20.0,9.073,17.8242,8.0859,2163,1150,1468,37,12.2,34,step_20,no_load,90.305
6.193581,0.168869,shoulder_pan,20.0,10.0592,17.8242,8.9648,2173,1000,1388,20,12.2,34,step_20,no_load,85.646
6.204365,0.179653,shoulder_pan,20.0,11.2426,17.8242,10.0195,2185,1000,1340,10,12.1,34,step_20,no_load,97.802
6.215265,0.190553,shoulder_pan,20.0,12.3274,17.8242,10.9863,2196,1050,1260,5,12.2,34,step_20,no_load,88.697
6.225692,0.20098,shoulder_pan,20.0,13.3136,17.8242,11.8652,2206,1050,1224,0,12.2,34,step_20,no_load,84.291
6.235954,0.211242,shoulder_pan,20.0,14.2998,17.8242,12.7441,2216,900,1172,0,12.2,34,step_20,no_load,85.646
6.246209,0.221497,shoulder_pan,20.0,15.3846,17.8242,13.7109,2227,900,1140,0,12.2,34,step_20,no_load,94.276
6.256727,0.232015,shoulder_pan,20.0,16.1736,17.8242,14.4141,2235,1050,1104,0,12.2,34,step_20,no_load,66.857
6.267014,0.242302,shoulder_pan,20.0,16.568,17.8242,14.7656,2239,1050,1132,1,12.2,34,step_20,no_load,34.169
6.277564,0.252852,shoulder_pan,20.0,16.9625,17.8242,15.1172,2243,400,1120,0,12.2,34,step_20,no_load,33.327
6.287758,0.263046,shoulder_pan,20.0,17.357,17.8242,15.4687,2247,400,1116,0,12.2,34,step_20,no_load,34.481
6.298084,0.273372,shoulder_pan,20.0,17.6529,17.8242,15.7324,2250,350,1100,0,12.2,35,step_20,no_load,25.537
6.308836,0.284124,shoulder_pan,20.0,18.0473,17.8242,16.084,2254,350,1088,0,12.2,34,step_20,no_load,32.701
6.319304,0.294592,shoulder_pan,20.0,18.3432,17.8242,16.3477,2257,350,1076,0,12.2,34,step_20,no_load,25.191
6.32947,0.304759,shoulder_pan,20.0,18.5404,17.8242,16.5234,2259,350,1072,0,12.2,34,step_20,no_load,17.283
6.339994,0.315283,shoulder_pan,20.0,18.8363,17.8242,16.7871,2262,250,1064,0,12.2,34,step_20,no_load,25.057
6.350444,0.325732,shoulder_pan,20.0,19.0335,17.8242,16.9629,2264,250,1060,0,12.2,34,step_20,no_load,16.823
6.361691,0.336979,shoulder_pan,20.0,19.1321,17.8242,17.0508,2265,200,1056,0,12.2,34,step_20,no_load,7.815
6.372226,0.347514,shoulder_pan,20.0,19.2308,17.8242,17.1387,2266,100,1060,0,12.2,34,step_20,no_load,8.344
6.38282,0.358109,shoulder_pan,20.0,19.2308,17.8242,17.1387,2266,100,1060,0,12.2,34,step_20,no_load,0.0
6.393258,0.368546,shoulder_pan,20.0,19.3294,17.8242,17.2266,2267,50,1056,0,12.2,34,step_20,no_load,8.421
6.404107,0.379395,shoulder_pan,20.0,19.2308,17.8242,17.1387,2266,50,1060,1,12.2,34,step_20,no_load,-8.102
6.415457,0.390746,shoulder_pan,20.0,19.1321,17.8242,17.0508,2265,-50,1076,0,12.2,34,step_20,no_load,-7.744
6.425724,0.401013,shoulder_pan,20.0,19.0335,17.8242,16.9629,2264,-50,1080,0,12.2,34,step_20,no_load,-8.561
6.436041,0.41133,shoulder_pan,20.0,19.0335,17.8242,16.9629,2264,-100,1084,1,12.2,34,step_20,no_load,0.0
6.446838,0.422127,shoulder_pan,20.0,19.1321,17.8242,17.0508,2265,-100,1060,0,12.2,34,step_20,no_load,8.141
6.457396,0.432685,shoulder_pan,20.0,19.3294,17.8242,17.2266,2267,100,1056,0,12.3,34,step_20,no_load,16.651
6.467606,0.442894,shoulder_pan,20.0,19.3294,17.8242,17.2266,2267,100,1060,0,12.2,34,step_20,no_load,0.0
6.478654,0.453942,shoulder_pan,20.0,19.3294,17.8242,17.2266,2267,50,1060,0,12.2,34,step_20,no_load,0.0
6.489159,0.464448,shoulder_pan,20.0,19.3294,17.8242,17.2266,2267,50,1064,1,12.2,34,step_20,no_load,0.0
6.499428,0.474716,shoulder_pan,20.0,19.3294,17.8242,17.2266,2267,0,1064,1,12.2,34,step_20,no_load,0.0
6.510122,0.48541,shoulder_pan,20.0,19.3294,17.8242,17.2266,2267,0,1064,1,12.2,34,step_20,no_load,0.0
6.520391,0.49568,shoulder_pan,20.0,19.3294,17.8242,17.2266,2267,0,1064,1,12.2,34,step_20,no_load,0.0
6.530644,0.505933,shoulder_pan,20.0,19.3294,17.8242,17.2266,2267,0,1064,1,12.2,34,step_20,no_load,0.0
6.540903,0.516191,shoulder_pan,20.0,19.3294,17.8242,17.2266,2267,0,1064,0,12.2,34,step_20,no_load,0.0
6.551161,0.526449,shoulder_pan,20.0,19.3294,17.8242,17.2266,2267,0,1064,1,12.2,34,step_20,no_load,0.0
6.561682,0.53697,shoulder_pan,20.0,19.428,17.8242,17.3145,2268,0,1060,0,12.2,34,step_20,no_load,8.355
6.572504,0.547792,shoulder_pan,20.0,19.428,17.8242,17.3145,2268,50,1056,0,12.2,34,step_20,no_load,0.0
6.582759,0.558047,shoulder_pan,20.0,19.428,17.8242,17.3145,2268,50,1056,1,12.2,34,step_20,no_load,0.0
6.59302,0.568308,shoulder_pan,20.0,19.5266,17.8242,17.4023,2269,50,1056,0,12.2,34,step_20,no_load,8.557
6.603279,0.578567,shoulder_pan,20.0,19.5266,17.8242,17.4023,2269,50,1056,0,12.2,34,step_20,no_load,0.0
6.613537,0.588825,shoulder_pan,20.0,19.5266,17.8242,17.4023,2269,0,1052,0,12.2,34,step_20,no_load,0.0
6.624075,0.599364,shoulder_pan,20.0,19.5266,17.8242,17.4023,2269,0,1052,0,12.2,34,step_20,no_load,0.0
6.634618,0.609906,shoulder_pan,20.0,19.428,17.8242,17.3145,2268,-50,1060,0,12.2,34,step_20,no_load,-8.328
6.644844,0.620133,shoulder_pan,20.0,19.428,17.8242,17.3145,2268,-50,1060,1,12.3,34,step_20,no_load,0.0
6.655382,0.63067,shoulder_pan,20.0,19.428,17.8242,17.3145,2268,0,1064,1,12.2,34,step_20,no_load,0.0
6.665685,0.640974,shoulder_pan,20.0,19.428,17.8242,17.3145,2268,0,1060,1,12.2,34,step_20,no_load,0.0
6.675904,0.651192,shoulder_pan,20.0,19.3294,17.8242,17.2266,2267,0,1064,0,12.2,34,step_20,no_load,-8.602
6.686089,0.661377,shoulder_pan,20.0,19.3294,17.8242,17.2266,2267,0,1068,1,12.2,34,step_20,no_load,0.0
6.696227,0.671516,shoulder_pan,20.0,19.3294,17.8242,17.2266,2267,-50,1068,1,12.2,34,step_20,no_load,0.0
6.706502,0.68179,shoulder_pan,20.0,19.3294,17.8242,17.2266,2267,-50,1064,1,12.2,34,step_20,no_load,0.0
6.71698,0.692268,shoulder_pan,20.0,19.3294,17.8242,17.2266,2267,0,1064,0,12.2,34,step_20,no_load,0.0
6.727882,0.70317,shoulder_pan,20.0,19.3294,17.8242,17.2266,2267,0,1064,1,12.2,34,step_20,no_load,0.0
6.738352,0.71364,shoulder_pan,20.0,19.3294,17.8242,17.2266,2267,0,1064,1,12.2,34,step_20,no_load,0.0
6.748565,0.723853,shoulder_pan,20.0,19.3294,17.8242,17.2266,2267,0,1064,0,12.2,34,step_20,no_load,0.0
6.759096,0.734384,shoulder_pan,20.0,19.3294,17.8242,17.2266,2267,0,1064,1,12.2,34,step_20,no_load,0.0
6.769741,0.745029,shoulder_pan,20.0,19.3294,17.8242,17.2266,2267,0,1064,1,12.2,34,step_20,no_load,0.0
6.779968,0.755257,shoulder_pan,20.0,19.3294,17.8242,17.2266,2267,0,1064,1,12.2,34,step_20,no_load,0.0
6.791014,0.766303,shoulder_pan,20.0,19.3294,17.8242,17.2266,2267,0,1064,0,12.2,34,step_20,no_load,0.0
6.801638,0.776927,shoulder_pan,20.0,19.3294,17.8242,17.2266,2267,0,1064,1,12.2,34,step_20,no_load,0.0
6.811861,0.787149,shoulder_pan,20.0,19.3294,17.8242,17.2266,2267,0,1064,0,12.2,34,step_20,no_load,0.0
6.822079,0.797368,shoulder_pan,20.0,19.3294,17.8242,17.2266,2267,0,1064,1,12.2,34,step_20,no_load,0.0
6.832486,0.807774,shoulder_pan,20.0,19.3294,17.8242,17.2266,2267,0,1064,1,12.2,34,step_20,no_load,0.0
6.84274,0.818029,shoulder_pan,20.0,19.3294,17.8242,17.2266,2267,0,1064,0,12.2,34,step_20,no_load,0.0
6.853004,0.828292,shoulder_pan,20.0,19.3294,17.8242,17.2266,2267,0,1064,1,12.2,34,step_20,no_load,0.0
6.864023,0.839312,shoulder_pan,20.0,19.3294,17.8242,17.2266,2267,0,1064,1,12.2,34,step_20,no_load,0.0
6.874862,0.850151,shoulder_pan,20.0,19.3294,17.8242,17.2266,2267,0,1064,1,12.2,34,step_20,no_load,0.0
6.885088,0.860376,shoulder_pan,20.0,19.3294,17.8242,17.2266,2267,0,1064,1,12.2,34,step_20,no_load,0.0
6.895733,0.871021,shoulder_pan,20.0,19.3294,17.8242,17.2266,2267,0,1064,1,12.2,34,step_20,no_load,0.0
6.906022,0.88131,shoulder_pan,20.0,19.3294,17.8242,17.2266,2267,0,1064,1,12.2,34,step_20,no_load,0.0
6.916171,0.891459,shoulder_pan,20.0,19.3294,17.8242,17.2266,2267,0,1064,1,12.2,34,step_20,no_load,0.0
6.926804,0.902092,shoulder_pan,20.0,19.3294,17.8242,17.2266,2267,0,1064,1,12.2,34,step_20,no_load,0.0
6.937213,0.912501,shoulder_pan,20.0,19.3294,17.8242,17.2266,2267,0,1064,0,12.2,34,step_20,no_load,0.0
6.948276,0.923565,shoulder_pan,20.0,19.3294,17.8242,17.2266,2267,0,1064,1,12.2,34,step_20,no_load,0.0
6.95843,0.933718,shoulder_pan,20.0,19.3294,17.8242,17.2266,2267,0,1064,1,12.2,34,step_20,no_load,0.0
6.968792,0.94408,shoulder_pan,20.0,19.3294,17.8242,17.2266,2267,0,1064,0,12.2,34,step_20,no_load,0.0
6.979449,0.954737,shoulder_pan,20.0,19.3294,17.8242,17.2266,2267,0,1064,1,12.2,34,step_20,no_load,0.0
6.989981,0.96527,shoulder_pan,20.0,19.3294,17.8242,17.2266,2267,0,1064,1,12.2,34,step_20,no_load,0.0
7.000328,0.975616,shoulder_pan,20.0,19.3294,17.8242,17.2266,2267,0,1064,1,12.2,34,step_20,no_load,0.0
7.011284,0.986573,shoulder_pan,20.0,19.3294,17.8242,17.2266,2267,0,1064,1,12.2,34,step_20,no_load,0.0
7.022104,0.997393,shoulder_pan,20.0,19.428,17.8242,17.3145,2268,0,1060,0,12.2,34,step_20,no_load,8.124
7.032435,1.007723,shoulder_pan,20.0,19.428,17.8242,17.3145,2268,50,1056,0,12.2,34,step_20,no_load,0.0
7.042626,1.017914,shoulder_pan,20.0,19.428,17.8242,17.3145,2268,50,1056,0,12.2,34,step_20,no_load,0.0
7.053512,1.028801,shoulder_pan,20.0,19.428,17.8242,17.3145,2268,0,1060,1,12.2,34,step_20,no_load,0.0
7.064199,1.039488,shoulder_pan,20.0,19.5266,17.8242,17.4023,2269,0,1056,0,12.2,34,step_20,no_load,8.216
7.074505,1.049794,shoulder_pan,20.0,19.5266,17.8242,17.4023,2269,50,1052,0,12.2,34,step_20,no_load,0.0
7.084926,1.060214,shoulder_pan,20.0,19.5266,17.8242,17.4023,2269,50,1056,1,12.2,34,step_20,no_load,0.0
7.094982,1.070271,shoulder_pan,20.0,19.5266,17.8242,17.4023,2269,0,1056,1,12.2,34,step_20,no_load,0.0
7.105041,1.080329,shoulder_pan,20.0,19.5266,17.8242,17.4023,2269,0,1056,1,12.2,34,step_20,no_load,0.0
7.115271,1.09056,shoulder_pan,20.0,19.5266,17.8242,17.4023,2269,0,1056,0,12.2,34,step_20,no_load,0.0
7.12558,1.100868,shoulder_pan,20.0,19.5266,17.8242,17.4023,2269,0,1056,0,12.2,34,step_20,no_load,0.0
7.135838,1.111126,shoulder_pan,20.0,19.5266,17.8242,17.4023,2269,0,1056,1,12.2,34,step_20,no_load,0.0
7.146372,1.12166,shoulder_pan,20.0,19.5266,17.8242,17.4023,2269,0,1056,0,12.2,34,step_20,no_load,0.0
7.156674,1.131962,shoulder_pan,20.0,19.5266,17.8242,17.4023,2269,0,1056,0,12.3,34,step_20,no_load,0.0
7.167509,1.142797,shoulder_pan,20.0,19.5266,17.8242,17.4023,2269,0,1056,1,12.2,34,step_20,no_load,0.0
7.177758,1.153046,shoulder_pan,20.0,19.5266,17.8242,17.4023,2269,0,1056,1,12.2,34,step_20,no_load,0.0
7.188189,1.163478,shoulder_pan,20.0,19.5266,17.8242,17.4023,2269,0,1056,1,12.2,34,step_20,no_load,0.0
7.199428,1.174717,shoulder_pan,20.0,19.5266,17.8242,17.4023,2269,0,1056,1,12.2,34,step_20,no_load,0.0
7.209847,1.185136,shoulder_pan,20.0,19.5266,17.8242,17.4023,2269,0,1056,0,12.2,34,step_20,no_load,0.0
7.220432,1.19572,shoulder_pan,20.0,19.5266,17.8242,17.4023,2269,0,1056,0,12.2,34,step_20,no_load,0.0
7.232113,3e-06,shoulder_pan,0.0,19.5266,0.0,17.4023,2269,0,1056,0,12.2,34,step_20,no_load,0.0
7.243072,0.010963,shoulder_pan,0.0,19.5266,0.0,17.4023,2269,0,1048,0,12.2,34,step_20,no_load,0.0
7.253335,0.021226,shoulder_pan,0.0,19.5266,0.0,17.4023,2269,0,32,1,12.2,34,step_20,no_load,0.0
7.263771,0.031662,shoulder_pan,0.0,19.5266,0.0,17.4023,2269,0,64,3,12.2,34,step_20,no_load,0.0
7.274024,0.041915,shoulder_pan,0.0,19.428,0.0,17.3145,2268,-50,136,5,12.2,34,step_20,no_load,-8.563
7.284742,0.052633,shoulder_pan,0.0,19.3294,0.0,17.2266,2267,-50,224,12,12.2,34,step_20,no_load,-8.201
7.29535,0.063241,shoulder_pan,0.0,19.2308,0.0,17.1387,2266,-100,284,19,12.1,34,step_20,no_load,-8.286
7.305537,0.073428,shoulder_pan,0.0,18.9349,0.0,16.875,2263,-100,376,23,12.1,34,step_20,no_load,-25.886
7.316396,0.084287,shoulder_pan,0.0,17.9487,0.0,15.9961,2253,-300,420,24,12.2,34,step_20,no_load,-80.937
7.326617,0.094508,shoulder_pan,0.0,17.0611,0.0,15.2051,2244,-300,456,24,12.2,34,step_20,no_load,-77.39
7.337029,0.10492,shoulder_pan,0.0,15.8777,0.0,14.1504,2232,-950,488,25,12.2,34,step_20,no_load,-101.297
7.347777,0.115668,shoulder_pan,0.0,14.6943,0.0,13.0957,2220,-950,480,27,12.2,34,step_20,no_load,-98.13
7.35818,0.126071,shoulder_pan,0.0,13.4122,0.0,11.9531,2207,-1200,492,32,12.2,34,step_20,no_load,-109.834
7.369082,0.136973,shoulder_pan,0.0,12.1302,0.0,10.8105,2194,-1150,448,27,12.1,34,step_20,no_load,-104.806
7.380055,0.147946,shoulder_pan,0.0,11.0454,0.0,9.8437,2183,-1150,444,23,12.1,34,step_20,no_load,-88.107
7.390459,0.15835,shoulder_pan,0.0,10.0592,0.0,8.9648,2173,-1000,392,27,12.2,34,step_20,no_load,-84.477
7.400634,0.168525,shoulder_pan,0.0,9.073,0.0,8.0859,2163,-1000,360,19,12.2,34,step_20,no_load,-86.378
7.411253,0.179144,shoulder_pan,0.0,8.0868,0.0,7.207,2153,-950,280,7,12.2,34,step_20,no_load,-82.767
7.421857,0.189748,shoulder_pan,0.0,7.1006,0.0,6.3281,2143,-950,240,2,12.2,34,step_20,no_load,-82.884
7.432332,0.200223,shoulder_pan,0.0,6.3116,0.0,5.625,2135,-900,188,1,12.2,34,step_20,no_load,-67.122
7.443294,0.211185,shoulder_pan,0.0,5.4241,0.0,4.834,2126,-900,168,0,12.2,34,step_20,no_load,-72.158
7.454809,0.2227,shoulder_pan,0.0,4.4379,0.0,3.9551,2116,-800,124,0,12.2,34,step_20,no_load,-76.327
7.46542,0.233311,shoulder_pan,0.0,3.7475,0.0,3.3398,2109,-800,96,0,12.2,34,step_20,no_load,-57.987
7.475698,0.243589,shoulder_pan,0.0,3.2544,0.0,2.9004,2104,-700,76,0,12.2,34,step_20,no_load,-42.752
7.485947,0.253838,shoulder_pan,0.0,2.86,0.0,2.5488,2100,-700,92,0,12.3,34,step_20,no_load,-34.306
7.496481,0.264372,shoulder_pan,0.0,2.5641,0.0,2.2852,2097,-400,80,0,12.2,34,step_20,no_load,-25.024
7.507278,0.275169,shoulder_pan,0.0,2.1696,0.0,1.9336,2093,-400,76,0,12.2,34,step_20,no_load,-32.565
7.517645,0.285536,shoulder_pan,0.0,1.8738,0.0,1.6699,2090,-300,60,0,12.2,34,step_20,no_load,-25.436
7.527944,0.295835,shoulder_pan,0.0,1.5779,0.0,1.4063,2087,-300,52,0,12.2,34,step_20,no_load,-25.595
7.538112,0.306003,shoulder_pan,0.0,1.3807,0.0,1.2305,2085,-300,44,0,12.2,34,step_20,no_load,-17.29
7.549187,0.317077,shoulder_pan,0.0,1.1834,0.0,1.0547,2083,-200,36,0,12.2,34,step_20,no_load,-15.874
7.559659,0.32755,shoulder_pan,0.0,0.9862,0.0,0.8789,2081,-200,32,0,12.2,34,step_20,no_load,-16.788
7.570669,0.33856,shoulder_pan,0.0,0.789,0.0,0.7031,2079,-200,32,0,12.2,34,step_20,no_load,-15.967
7.581196,0.349087,shoulder_pan,0.0,0.6903,0.0,0.6152,2078,-200,28,0,12.2,34,step_20,no_load,-8.35
7.591446,0.359337,shoulder_pan,0.0,0.6903,0.0,0.6152,2078,-50,32,0,12.2,34,step_20,no_load,0.0
7.601669,0.36956,shoulder_pan,0.0,0.5917,0.0,0.5273,2077,-50,28,0,12.2,34,step_20,no_load,-8.598
7.612189,0.38008,shoulder_pan,0.0,0.4931,0.0,0.4395,2076,-100,28,0,12.3,34,step_20,no_load,-8.346
7.622771,0.390662,shoulder_pan,0.0,0.3945,0.0,0.3516,2075,-100,24,0,12.2,34,step_20,no_load,-8.307
7.633032,0.400923,shoulder_pan,0.0,0.3945,0.0,0.3516,2075,-50,0,0,12.2,34,step_20,no_load,0.0
7.643726,0.411617,shoulder_pan,0.0,0.2959,0.0,0.2637,2074,-50,20,0,12.2,34,step_20,no_load,-8.22
7.654968,0.422859,shoulder_pan,0.0,0.1972,0.0,0.1758,2073,-50,0,0,12.2,34,step_20,no_load,-7.819
7.665535,0.433425,shoulder_pan,0.0,0.1972,0.0,0.1758,2073,-50,0,0,12.2,34,step_20,no_load,0.0
7.676446,0.444337,shoulder_pan,0.0,0.1972,0.0,0.1758,2073,-50,0,0,12.2,34,step_20,no_load,0.0
7.686684,0.454575,shoulder_pan,0.0,0.1972,0.0,0.1758,2073,0,20,0,12.2,34,step_20,no_load,0.0
7.697074,0.464965,shoulder_pan,0.0,0.0986,0.0,0.0879,2072,0,0,0,12.2,34,step_20,no_load,-8.46
7.70737,0.475261,shoulder_pan,0.0,0.0986,0.0,0.0879,2072,-50,1044,0,12.2,34,step_20,no_load,0.0
7.71825,0.486141,shoulder_pan,0.0,0.0986,0.0,0.0879,2072,-50,1044,0,12.2,33,step_20,no_load,0.0
7.728725,0.496616,shoulder_pan,0.0,0.0986,0.0,0.0879,2072,0,0,0,12.2,34,step_20,no_load,0.0
7.73966,0.507551,shoulder_pan,0.0,0.0986,0.0,0.0879,2072,0,0,0,12.2,34,step_20,no_load,0.0
7.75024,0.518131,shoulder_pan,0.0,0.0986,0.0,0.0879,2072,0,0,0,12.2,34,step_20,no_load,0.0
7.761165,0.529056,shoulder_pan,0.0,0.0986,0.0,0.0879,2072,0,0,0,12.2,34,step_20,no_load,0.0
7.771866,0.539757,shoulder_pan,0.0,0.0986,0.0,0.0879,2072,0,0,0,12.2,34,step_20,no_load,0.0
7.782677,0.550568,shoulder_pan,0.0,0.0986,0.0,0.0879,2072,0,0,0,12.2,34,step_20,no_load,0.0
7.794193,0.562083,shoulder_pan,0.0,0.0986,0.0,0.0879,2072,0,0,0,12.2,34,step_20,no_load,0.0
7.804548,0.572439,shoulder_pan,0.0,0.0986,0.0,0.0879,2072,0,0,0,12.1,34,step_20,no_load,0.0
7.815157,0.583047,shoulder_pan,0.0,0.0986,0.0,0.0879,2072,0,0,0,12.2,34,step_20,no_load,0.0
7.825608,0.593499,shoulder_pan,0.0,0.0986,0.0,0.0879,2072,0,0,0,12.2,34,step_20,no_load,0.0
7.835781,0.603672,shoulder_pan,0.0,0.0986,0.0,0.0879,2072,0,0,0,12.2,34,step_20,no_load,0.0
7.846023,0.613914,shoulder_pan,0.0,0.0986,0.0,0.0879,2072,0,0,0,12.2,34,step_20,no_load,0.0
7.856431,0.624322,shoulder_pan,0.0,0.0986,0.0,0.0879,2072,0,0,0,12.2,34,step_20,no_load,0.0
7.867887,0.635778,shoulder_pan,0.0,0.0986,0.0,0.0879,2072,0,0,0,12.2,34,step_20,no_load,0.0
7.878619,0.64651,shoulder_pan,0.0,0.0986,0.0,0.0879,2072,0,0,0,12.2,34,step_20,no_load,0.0
7.889124,0.657015,shoulder_pan,0.0,0.0986,0.0,0.0879,2072,0,0,0,12.2,34,step_20,no_load,0.0
7.900143,0.668034,shoulder_pan,0.0,0.0986,0.0,0.0879,2072,0,0,0,12.2,34,step_20,no_load,0.0
7.910449,0.67834,shoulder_pan,0.0,0.0986,0.0,0.0879,2072,0,0,0,12.2,33,step_20,no_load,0.0
7.920742,0.688633,shoulder_pan,0.0,0.0986,0.0,0.0879,2072,0,0,0,12.2,34,step_20,no_load,0.0
7.931527,0.699418,shoulder_pan,0.0,0.0986,0.0,0.0879,2072,0,0,0,12.2,34,step_20,no_load,0.0
7.941876,0.709767,shoulder_pan,0.0,0.0986,0.0,0.0879,2072,0,0,0,12.3,34,step_20,no_load,0.0
7.952301,0.720192,shoulder_pan,0.0,0.0986,0.0,0.0879,2072,0,0,0,12.2,34,step_20,no_load,0.0
7.962479,0.73037,shoulder_pan,0.0,0.0986,0.0,0.0879,2072,0,0,0,12.2,34,step_20,no_load,0.0
7.972891,0.740782,shoulder_pan,0.0,0.0986,0.0,0.0879,2072,0,0,0,12.3,34,step_20,no_load,0.0
7.983759,0.75165,shoulder_pan,0.0,0.0986,0.0,0.0879,2072,0,0,0,12.2,34,step_20,no_load,0.0
7.994347,0.762238,shoulder_pan,0.0,0.0986,0.0,0.0879,2072,0,0,0,12.2,34,step_20,no_load,0.0
8.005016,0.772907,shoulder_pan,0.0,0.0986,0.0,0.0879,2072,0,0,0,12.2,34,step_20,no_load,0.0
8.015606,0.783496,shoulder_pan,0.0,0.0986,0.0,0.0879,2072,0,0,0,12.2,34,step_20,no_load,0.0
8.025935,0.793826,shoulder_pan,0.0,0.0986,0.0,0.0879,2072,0,0,0,12.2,34,step_20,no_load,0.0
8.03627,0.804161,shoulder_pan,0.0,0.0986,0.0,0.0879,2072,0,0,0,12.2,34,step_20,no_load,0.0
8.047539,0.81543,shoulder_pan,0.0,0.0986,0.0,0.0879,2072,0,0,0,12.2,34,step_20,no_load,0.0
8.057942,0.825833,shoulder_pan,0.0,0.0986,0.0,0.0879,2072,0,0,0,12.2,34,step_20,no_load,0.0
8.068527,0.836418,shoulder_pan,0.0,0.0986,0.0,0.0879,2072,0,0,0,12.2,34,step_20,no_load,0.0
8.079271,0.847162,shoulder_pan,0.0,0.1972,0.0,0.1758,2073,0,20,0,12.2,34,step_20,no_load,8.181
8.089593,0.857484,shoulder_pan,0.0,0.1972,0.0,0.1758,2073,50,24,0,12.2,34,step_20,no_load,0.0
8.10011,0.868001,shoulder_pan,0.0,0.1972,0.0,0.1758,2073,50,24,0,12.2,34,step_20,no_load,0.0
8.110464,0.878355,shoulder_pan,0.0,0.1972,0.0,0.1758,2073,0,20,0,12.2,34,step_20,no_load,0.0
8.121455,0.889346,shoulder_pan,0.0,0.1972,0.0,0.1758,2073,0,20,0,12.2,34,step_20,no_load,0.0
8.132273,0.900164,shoulder_pan,0.0,0.1972,0.0,0.1758,2073,0,20,0,12.2,34,step_20,no_load,0.0
8.14271,0.910601,shoulder_pan,0.0,0.1972,0.0,0.1758,2073,0,20,0,12.2,34,step_20,no_load,0.0
8.153284,0.921175,shoulder_pan,0.0,0.1972,0.0,0.1758,2073,0,20,0,12.2,34,step_20,no_load,0.0
8.163995,0.931885,shoulder_pan,0.0,0.1972,0.0,0.1758,2073,0,20,0,12.2,34,step_20,no_load,0.0
8.17437,0.942261,shoulder_pan,0.0,0.1972,0.0,0.1758,2073,0,20,0,12.2,34,step_20,no_load,0.0
8.184774,0.952665,shoulder_pan,0.0,0.1972,0.0,0.1758,2073,0,20,0,12.2,34,step_20,no_load,0.0
8.195014,0.962905,shoulder_pan,0.0,0.1972,0.0,0.1758,2073,0,20,0,12.2,34,step_20,no_load,0.0
8.20566,0.973551,shoulder_pan,0.0,0.1972,0.0,0.1758,2073,0,20,0,12.2,34,step_20,no_load,0.0
8.216208,0.984099,shoulder_pan,0.0,0.1972,0.0,0.1758,2073,0,20,0,12.2,34,step_20,no_load,0.0
8.226447,0.994338,shoulder_pan,0.0,0.1972,0.0,0.1758,2073,0,20,0,12.2,34,step_20,no_load,0.0
8.237086,1.004977,shoulder_pan,0.0,0.1972,0.0,0.1758,2073,0,20,0,12.2,34,step_20,no_load,0.0
8.24764,1.015531,shoulder_pan,0.0,0.1972,0.0,0.1758,2073,0,20,0,12.2,34,step_20,no_load,0.0
8.258673,1.026564,shoulder_pan,0.0,0.1972,0.0,0.1758,2073,0,20,0,12.2,34,step_20,no_load,0.0
8.26916,1.037051,shoulder_pan,0.0,0.1972,0.0,0.1758,2073,0,20,0,12.2,34,step_20,no_load,0.0
8.279418,1.047309,shoulder_pan,0.0,0.1972,0.0,0.1758,2073,0,20,0,12.2,34,step_20,no_load,0.0
8.290138,1.058029,shoulder_pan,0.0,0.1972,0.0,0.1758,2073,0,20,0,12.2,34,step_20,no_load,0.0
8.300538,1.068429,shoulder_pan,0.0,0.1972,0.0,0.1758,2073,0,20,0,12.2,34,step_20,no_load,0.0
8.310799,1.07869,shoulder_pan,0.0,0.1972,0.0,0.1758,2073,0,20,0,12.2,34,step_20,no_load,0.0
8.321066,1.088957,shoulder_pan,0.0,0.1972,0.0,0.1758,2073,0,20,0,12.2,34,step_20,no_load,0.0
8.331446,1.099337,shoulder_pan,0.0,0.1972,0.0,0.1758,2073,0,20,0,12.2,34,step_20,no_load,0.0
8.341705,1.109596,shoulder_pan,0.0,0.1972,0.0,0.1758,2073,0,20,0,12.2,34,step_20,no_load,0.0
8.352125,1.120015,shoulder_pan,0.0,0.1972,0.0,0.1758,2073,0,20,0,12.2,34,step_20,no_load,0.0
8.362292,1.130183,shoulder_pan,0.0,0.1972,0.0,0.1758,2073,0,20,0,12.2,34,step_20,no_load,0.0
8.372509,1.1404,shoulder_pan,0.0,0.1972,0.0,0.1758,2073,0,20,0,12.2,34,step_20,no_load,0.0
8.382973,1.150864,shoulder_pan,0.0,0.1972,0.0,0.1758,2073,0,20,1,12.2,34,step_20,no_load,0.0
8.394056,1.161947,shoulder_pan,0.0,0.1972,0.0,0.1758,2073,0,20,0,12.2,34,step_20,no_load,0.0
8.404667,1.172558,shoulder_pan,0.0,0.1972,0.0,0.1758,2073,0,20,1,12.2,34,step_20,no_load,0.0
8.414926,1.182817,shoulder_pan,0.0,0.1972,0.0,0.1758,2073,0,20,0,12.2,34,step_20,no_load,0.0
8.42512,1.193011,shoulder_pan,0.0,0.1972,0.0,0.1758,2073,0,20,0,12.2,34,step_20,no_load,0.0
8.436133,2e-06,shoulder_pan,20.0,0.1972,17.8242,0.1758,2073,0,20,0,12.2,34,step_20,no_load,0.0
8.446703,0.010572,shoulder_pan,20.0,0.1972,17.8242,0.1758,2073,0,0,0,12.2,34,step_20,no_load,0.0
8.457545,0.021414,shoulder_pan,20.0,0.1972,17.8242,0.1758,2073,0,1052,1,12.2,34,step_20,no_load,0.0
8.467892,0.031761,shoulder_pan,20.0,0.1972,17.8242,0.1758,2073,0,1108,3,12.2,34,step_20,no_load,0.0
8.478334,0.042203,shoulder_pan,20.0,0.1972,17.8242,0.1758,2073,0,1152,13,12.2,34,step_20,no_load,0.0
8.489092,0.052961,shoulder_pan,20.0,0.1972,17.8242,0.1758,2073,0,1256,13,12.1,34,step_20,no_load,0.0
8.500128,0.063997,shoulder_pan,20.0,0.5917,17.8242,0.5273,2077,0,1328,22,12.2,34,step_20,no_load,31.85
8.51112,0.074989,shoulder_pan,20.0,1.0848,17.8242,0.9668,2082,350,1388,27,12.1,34,step_20,no_load,39.984
8.521476,0.085345,shoulder_pan,20.0,1.6765,17.8242,1.4941,2088,350,1456,37,12.2,34,step_20,no_load,50.917
8.532406,0.096275,shoulder_pan,20.0,2.4655,17.8242,2.1973,2096,600,1520,50,12.1,34,step_20,no_load,64.337
8.542686,0.106555,shoulder_pan,20.0,3.4517,17.8242,3.0762,2106,600,1560,56,12.2,34,step_20,no_load,85.496
8.553379,0.117248,shoulder_pan,20.0,4.4379,17.8242,3.9551,2116,850,1592,56,12.2,34,step_20,no_load,82.194
8.563879,0.127748,shoulder_pan,20.0,5.6213,17.8242,5.0098,2128,850,1536,39,12.2,34,step_20,no_load,100.448
8.574445,0.138314,shoulder_pan,20.0,7.002,17.8242,6.2402,2142,1100,1528,37,12.1,34,step_20,no_load,116.449
8.584941,0.14881,shoulder_pan,20.0,8.1854,17.8242,7.2949,2154,1200,1464,27,12.2,34,step_20,no_load,100.486
8.595301,0.15917,shoulder_pan,20.0,9.5661,17.8242,8.5254,2168,1200,1436,21,12.1,34,step_20,no_load,118.774
8.606054,0.169923,shoulder_pan,20.0,10.7495,17.8242,9.5801,2180,1250,1352,7,12.2,34,step_20,no_load,98.084
8.616723,0.180591,shoulder_pan,20.0,11.9329,17.8242,10.6348,2192,1250,1304,1,12.2,34,step_20,no_load,98.857
8.627025,0.190893,shoulder_pan,20.0,13.1164,17.8242,11.6895,2204,1100,1220,0,12.2,34,step_20,no_load,102.378
8.637173,0.201041,shoulder_pan,20.0,14.1026,17.8242,12.5684,2214,1100,1180,0,12.2,34,step_20,no_load,86.608
8.64746,0.211329,shoulder_pan,20.0,15.0888,17.8242,13.4473,2224,1050,1148,0,12.2,32,step_20,no_load,85.438
8.658027,0.221896,shoulder_pan,20.0,15.9763,17.8242,14.2383,2233,1050,1116,0,12.2,34,step_20,no_load,74.856
8.668853,0.232722,shoulder_pan,20.0,16.4694,17.8242,14.6777,2238,700,1104,0,12.2,34,step_20,no_load,40.587
8.679759,0.243628,shoulder_pan,20.0,16.9625,17.8242,15.1172,2243,700,1128,1,12.2,34,step_20,no_load,40.299
8.689977,0.253846,shoulder_pan,20.0,17.2584,17.8242,15.3809,2246,400,1112,0,12.2,34,step_20,no_load,25.807
8.700767,0.264636,shoulder_pan,20.0,17.6529,17.8242,15.7324,2250,400,1104,0,12.2,34,step_20,no_load,32.576
8.711134,0.275003,shoulder_pan,20.0,17.9487,17.8242,15.9961,2253,300,1092,0,12.2,34,step_20,no_load,25.436
8.721477,0.285346,shoulder_pan,20.0,18.146,17.8242,16.1719,2255,300,1092,0,12.2,34,step_20,no_load,16.997
8.731832,0.2957,shoulder_pan,20.0,18.2446,17.8242,16.2598,2256,200,1088,1,12.2,34,step_20,no_load,8.489
8.742771,0.30664,shoulder_pan,20.0,17.9487,17.8242,15.9961,2253,200,1124,3,12.2,34,step_20,no_load,-24.106
8.753172,0.317041,shoulder_pan,20.0,17.8501,17.8242,15.9082,2252,-100,1128,2,12.2,34,step_20,no_load,-8.451
8.764096,0.327965,shoulder_pan,20.0,17.8501,17.8242,15.9082,2252,-50,1132,2,12.2,34,step_20,no_load,0.0
8.774477,0.338346,shoulder_pan,20.0,18.0473,17.8242,16.084,2254,-50,1124,2,12.2,34,step_20,no_load,16.935
8.784955,0.348824,shoulder_pan,20.0,18.0473,17.8242,16.084,2254,100,1108,2,12.2,34,step_20,no_load,0.0
8.795241,0.359109,shoulder_pan,20.0,18.0473,17.8242,16.084,2254,100,1108,4,12.2,34,step_20,no_load,0.0
8.805908,0.369777,shoulder_pan,20.0,18.0473,17.8242,16.084,2254,0,1116,4,12.2,34,step_20,no_load,0.0
8.816118,0.379987,shoulder_pan,20.0,18.0473,17.8242,16.084,2254,0,1116,4,12.2,34,step_20,no_load,0.0
8.826636,0.390505,shoulder_pan,20.0,18.146,17.8242,16.1719,2255,0,1112,4,12.2,34,step_20,no_load,8.357
8.836969,0.400837,shoulder_pan,20.0,18.146,17.8242,16.1719,2255,0,1112,4,12.2,34,step_20,no_load,0.0
8.847278,0.411147,shoulder_pan,20.0,18.2446,17.8242,16.2598,2256,100,1104,3,12.2,34,step_20,no_load,8.527
8.857628,0.421497,shoulder_pan,20.0,18.3432,17.8242,16.3477,2257,100,1100,2,12.2,34,step_20,no_load,8.493
8.867806,0.431675,shoulder_pan,20.0,18.4418,17.8242,16.4355,2258,50,1092,1,12.2,34,step_20,no_load,8.626
8.878247,0.442116,shoulder_pan,20.0,18.5404,17.8242,16.5234,2259,50,1088,1,12.2,34,step_20,no_load,8.419
8.888829,0.452698,shoulder_pan,20.0,18.6391,17.8242,16.6113,2260,100,1084,2,12.2,34,step_20,no_load,8.307
8.899073,0.462942,shoulder_pan,20.0,18.7377,17.8242,16.6992,2261,100,1080,1,12.2,34,step_20,no_load,8.581
8.910029,0.473898,shoulder_pan,20.0,18.8363,17.8242,16.7871,2262,100,1076,2,12.2,34,step_20,no_load,8.023
8.920292,0.484161,shoulder_pan,20.0,18.8363,17.8242,16.7871,2262,100,1080,1,12.2,34,step_20,no_load,0.0
8.930691,0.49456,shoulder_pan,20.0,18.9349,17.8242,16.875,2263,50,1076,1,12.2,34,step_20,no_load,8.453
8.941685,0.505554,shoulder_pan,20.0,18.9349,17.8242,16.875,2263,50,1076,1,12.2,34,step_20,no_load,0.0
8.952695,0.516563,shoulder_pan,20.0,18.9349,17.8242,16.875,2263,50,1076,1,12.2,34,step_20,no_load,0.0
8.962946,0.526815,shoulder_pan,20.0,18.9349,17.8242,16.875,2263,50,1080,2,12.2,34,step_20,no_load,0.0
8.973958,0.537826,shoulder_pan,20.0,18.9349,17.8242,16.875,2263,0,1080,2,12.2,35,step_20,no_load,0.0
8.984275,0.548144,shoulder_pan,20.0,18.9349,17.8242,16.875,2263,0,1080,2,12.2,34,step_20,no_load,0.0
8.995143,0.559012,shoulder_pan,20.0,18.9349,17.8242,16.875,2263,0,1080,2,12.2,34,step_20,no_load,0.0
9.005493,0.569362,shoulder_pan,20.0,18.9349,17.8242,16.875,2263,0,1080,2,12.2,34,step_20,no_load,0.0
9.016072,0.579941,shoulder_pan,20.0,18.9349,17.8242,16.875,2263,0,1080,2,12.2,34,step_20,no_load,0.0
9.026387,0.590256,shoulder_pan,20.0,18.9349,17.8242,16.875,2263,0,1080,2,12.2,34,step_20,no_load,0.0
9.036511,0.60038,shoulder_pan,20.0,18.9349,17.8242,16.875,2263,0,1080,3,12.2,34,step_20,no_load,0.0
9.047201,0.61107,shoulder_pan,20.0,18.9349,17.8242,16.875,2263,0,1080,2,12.3,34,step_20,no_load,0.0
9.057577,0.621446,shoulder_pan,20.0,18.9349,17.8242,16.875,2263,0,1080,2,12.2,34,step_20,no_load,0.0
9.068806,0.632674,shoulder_pan,20.0,18.9349,17.8242,16.875,2263,0,1080,2,12.2,34,step_20,no_load,0.0
9.079185,0.643054,shoulder_pan,20.0,18.9349,17.8242,16.875,2263,0,1080,2,12.2,34,step_20,no_load,0.0
9.08945,0.653319,shoulder_pan,20.0,18.9349,17.8242,16.875,2263,0,1080,2,12.2,34,step_20,no_load,0.0
9.099662,0.663531,shoulder_pan,20.0,18.9349,17.8242,16.875,2263,0,1080,2,12.2,34,step_20,no_load,0.0
9.109985,0.673854,shoulder_pan,20.0,18.9349,17.8242,16.875,2263,0,1080,2,12.2,34,step_20,no_load,0.0
9.120151,0.68402,shoulder_pan,20.0,18.9349,17.8242,16.875,2263,0,1080,2,12.2,34,step_20,no_load,0.0
9.130605,0.694474,shoulder_pan,20.0,18.9349,17.8242,16.875,2263,0,1080,2,12.2,35,step_20,no_load,0.0
9.141257,0.705126,shoulder_pan,20.0,18.9349,17.8242,16.875,2263,0,1080,1,12.2,34,step_20,no_load,0.0
9.151486,0.715355,shoulder_pan,20.0,18.9349,17.8242,16.875,2263,0,1080,2,12.1,34,step_20,no_load,0.0
9.161762,0.725631,shoulder_pan,20.0,18.9349,17.8242,16.875,2263,0,1080,2,12.2,34,step_20,no_load,0.0
9.171856,0.735725,shoulder_pan,20.0,18.9349,17.8242,16.875,2263,0,1080,2,12.2,34,step_20,no_load,0.0
9.182548,0.746417,shoulder_pan,20.0,18.9349,17.8242,16.875,2263,0,1080,1,12.2,34,step_20,no_load,0.0
9.19364,0.757509,shoulder_pan,20.0,18.9349,17.8242,16.875,2263,0,1080,2,12.2,34,step_20,no_load,0.0
9.20415,0.768019,shoulder_pan,20.0,18.9349,17.8242,16.875,2263,0,1080,1,12.2,34,step_20,no_load,0.0
9.214511,0.77838,shoulder_pan,20.0,18.9349,17.8242,16.875,2263,0,1080,2,12.2,34,step_20,no_load,0.0
9.224784,0.788652,shoulder_pan,20.0,18.9349,17.8242,16.875,2263,0,1080,2,12.2,34,step_20,no_load,0.0
9.234913,0.798782,shoulder_pan,20.0,18.9349,17.8242,16.875,2263,0,1080,2,12.2,34,step_20,no_load,0.0
9.245579,0.809448,shoulder_pan,20.0,18.9349,17.8242,16.875,2263,0,1080,2,12.2,34,step_20,no_load,0.0
9.255911,0.81978,shoulder_pan,20.0,18.9349,17.8242,16.875,2263,0,1080,1,12.2,34,step_20,no_load,0.0
9.266081,0.82995,shoulder_pan,20.0,18.9349,17.8242,16.875,2263,0,1080,1,12.2,34,step_20,no_load,0.0
9.27624,0.840109,shoulder_pan,20.0,18.9349,17.8242,16.875,2263,0,1080,1,12.2,34,step_20,no_load,0.0
9.286894,0.850763,shoulder_pan,20.0,18.9349,17.8242,16.875,2263,0,1080,2,12.2,34,step_20,no_load,0.0
9.297303,0.861172,shoulder_pan,20.0,18.9349,17.8242,16.875,2263,0,1080,2,12.3,34,step_20,no_load,0.0
9.308024,0.871893,shoulder_pan,20.0,18.9349,17.8242,16.875,2263,0,1080,2,12.2,34,step_20,no_load,0.0
9.319007,0.882875,shoulder_pan,20.0,18.9349,17.8242,16.875,2263,0,1080,1,12.2,34,step_20,no_load,0.0
9.330133,0.894002,shoulder_pan,20.0,18.9349,17.8242,16.875,2263,0,1080,2,12.2,34,step_20,no_load,0.0
9.340559,0.904428,shoulder_pan,20.0,18.9349,17.8242,16.875,2263,0,1080,2,12.2,34,step_20,no_load,0.0
9.351386,0.915254,shoulder_pan,20.0,18.9349,17.8242,16.875,2263,0,1080,1,12.2,34,step_20,no_load,0.0
9.361663,0.925532,shoulder_pan,20.0,18.9349,17.8242,16.875,2263,0,1080,1,12.2,34,step_20,no_load,0.0
9.37212,0.935989,shoulder_pan,20.0,18.9349,17.8242,16.875,2263,0,1080,2,12.2,34,step_20,no_load,0.0
9.382778,0.946647,shoulder_pan,20.0,18.9349,17.8242,16.875,2263,0,1080,2,12.2,34,step_20,no_load,0.0
9.393887,0.957756,shoulder_pan,20.0,18.9349,17.8242,16.875,2263,0,1080,2,12.2,34,step_20,no_load,0.0
9.405355,0.969223,shoulder_pan,20.0,18.9349,17.8242,16.875,2263,0,1080,1,12.1,34,step_20,no_load,0.0
9.415597,0.979466,shoulder_pan,20.0,18.9349,17.8242,16.875,2263,0,1080,2,12.2,34,step_20,no_load,0.0
9.426261,0.99013,shoulder_pan,20.0,18.9349,17.8242,16.875,2263,0,1080,2,12.2,34,step_20,no_load,0.0
9.436884,1.000753,shoulder_pan,20.0,18.9349,17.8242,16.875,2263,0,1080,1,12.2,34,step_20,no_load,0.0
9.447335,1.011204,shoulder_pan,20.0,18.9349,17.8242,16.875,2263,0,1080,2,12.2,34,step_20,no_load,0.0
9.457992,1.021861,shoulder_pan,20.0,18.9349,17.8242,16.875,2263,0,1080,2,12.2,34,step_20,no_load,0.0
9.468826,1.032694,shoulder_pan,20.0,18.9349,17.8242,16.875,2263,0,1080,1,12.2,34,step_20,no_load,0.0
9.47931,1.043179,shoulder_pan,20.0,18.9349,17.8242,16.875,2263,0,1080,2,12.2,34,step_20,no_load,0.0
9.489648,1.053517,shoulder_pan,20.0,18.9349,17.8242,16.875,2263,0,1080,1,12.2,34,step_20,no_load,0.0
9.49977,1.063639,shoulder_pan,20.0,18.9349,17.8242,16.875,2263,0,1080,1,12.2,34,step_20,no_load,0.0
9.510028,1.073896,shoulder_pan,20.0,18.9349,17.8242,16.875,2263,0,1080,2,12.2,34,step_20,no_load,0.0
9.52028,1.084148,shoulder_pan,20.0,18.9349,17.8242,16.875,2263,0,1080,2,12.2,34,step_20,no_load,0.0
9.530855,1.094724,shoulder_pan,20.0,18.9349,17.8242,16.875,2263,0,1080,2,12.2,37,step_20,no_load,0.0
9.54111,1.104979,shoulder_pan,20.0,18.9349,17.8242,16.875,2263,0,1080,1,12.2,34,step_20,no_load,0.0
9.551489,1.115358,shoulder_pan,20.0,18.9349,17.8242,16.875,2263,0,1080,2,12.2,34,step_20,no_load,0.0
9.562001,1.12587,shoulder_pan,20.0,18.9349,17.8242,16.875,2263,0,1080,1,12.2,34,step_20,no_load,0.0
9.572667,1.136536,shoulder_pan,20.0,18.9349,17.8242,16.875,2263,0,1080,2,12.2,34,step_20,no_load,0.0
9.582919,1.146788,shoulder_pan,20.0,19.0335,17.8242,16.9629,2264,50,1072,1,12.2,34,step_20,no_load,8.574
9.593166,1.157035,shoulder_pan,20.0,19.0335,17.8242,16.9629,2264,50,1072,1,12.2,34,step_20,no_load,0.0
9.603423,1.167292,shoulder_pan,20.0,19.0335,17.8242,16.9629,2264,0,1076,1,12.2,34,step_20,no_load,0.0
9.613732,1.177601,shoulder_pan,20.0,19.0335,17.8242,16.9629,2264,0,1076,1,12.2,34,step_20,no_load,0.0
9.624858,1.188727,shoulder_pan,20.0,19.0335,17.8242,16.9629,2264,0,1076,1,12.2,34,step_20,no_load,0.0
9.6351,1.198969,shoulder_pan,20.0,19.0335,17.8242,16.9629,2264,0,1076,1,12.2,34,step_20,no_load,0.0
9.646242,4e-06,shoulder_pan,0.0,19.0335,0.0,16.9629,2264,0,1072,1,12.2,34,step_20,no_load,0.0
9.656688,0.010449,shoulder_pan,0.0,19.0335,0.0,16.9629,2264,0,1052,1,12.2,34,step_20,no_load,0.0
9.666828,0.020589,shoulder_pan,0.0,19.0335,0.0,16.9629,2264,0,20,1,12.2,34,step_20,no_load,0.0
9.677902,0.031663,shoulder_pan,0.0,19.0335,0.0,16.9629,2264,0,76,2,12.2,34,step_20,no_load,0.0
9.688731,0.042493,shoulder_pan,0.0,19.0335,0.0,16.9629,2264,0,120,4,12.2,34,step_20,no_load,0.0
9.699439,0.0532,shoulder_pan,0.0,18.8363,0.0,16.7871,2262,0,204,9,12.2,34,step_20,no_load,-16.418
9.709732,0.063493,shoulder_pan,0.0,18.5404,0.0,16.5234,2259,-150,252,10,12.2,34,step_20,no_load,-25.619
9.72041,0.074171,shoulder_pan,0.0,18.0473,0.0,16.084,2254,-150,336,18,12.2,34,step_20,no_load,-41.15
9.730724,0.084486,shoulder_pan,0.0,17.5542,0.0,15.6445,2249,-400,400,22,12.2,33,step_20,no_load,-42.612
9.74104,0.094802,shoulder_pan,0.0,16.7653,0.0,14.9414,2241,-650,480,29,12.2,34,step_20,no_load,-68.156
9.751945,0.105706,shoulder_pan,0.0,15.4832,0.0,13.7988,2228,-650,512,26,12.2,34,step_20,no_load,-104.778
9.762811,0.116573,shoulder_pan,0.0,14.1026,0.0,12.5684,2214,-1300,460,11,12.1,34,step_20,no_load,-113.234
9.773135,0.126897,shoulder_pan,0.0,12.5247,0.0,11.1621,2198,-1300,460,7,12.2,34,step_20,no_load,-136.217
9.783333,0.137095,shoulder_pan,0.0,11.2426,0.0,10.0195,2185,-1350,396,6,12.2,34,step_20,no_load,-112.042
9.793699,0.14746,shoulder_pan,0.0,9.9606,0.0,8.877,2172,-1350,380,1,12.2,34,step_20,no_load,-110.216
9.803901,0.157662,shoulder_pan,0.0,8.6785,0.0,7.7344,2159,-1300,316,2,12.2,34,step_20,no_load,-111.998
9.81444,0.168201,shoulder_pan,0.0,7.4951,0.0,6.6797,2147,-1300,276,0,12.2,34,step_20,no_load,-100.076
9.824951,0.178712,shoulder_pan,0.0,6.4103,0.0,5.7129,2136,-1100,196,0,12.2,34,step_20,no_load,-91.98
9.835349,0.189111,shoulder_pan,0.0,5.3254,0.0,4.7461,2125,-1100,152,0,12.2,34,step_20,no_load,-92.979
9.845785,0.199547,shoulder_pan,0.0,4.3393,0.0,3.8672,2115,-1050,96,0,12.2,34,step_20,no_load,-84.218
9.856538,0.210299,shoulder_pan,0.0,3.5503,0.0,3.1641,2107,-1050,92,0,12.2,34,step_20,no_load,-65.386
9.866822,0.220583,shoulder_pan,0.0,3.1558,0.0,2.8125,2103,-650,80,0,12.2,34,step_20,no_load,-34.189
9.877346,0.231108,shoulder_pan,0.0,2.7613,0.0,2.4609,2099,-650,92,1,12.2,34,step_20,no_load,-33.409
9.887928,0.241689,shoulder_pan,0.0,2.4655,0.0,2.1973,2096,-350,80,0,12.2,34,step_20,no_load,-24.91
9.89878,0.252542,shoulder_pan,0.0,2.2682,0.0,2.0215,2094,-350,84,1,12.2,34,step_20,no_load,-16.2
9.909092,0.262854,shoulder_pan,0.0,2.1696,0.0,1.9336,2093,-250,80,1,12.2,34,step_20,no_load,-8.524
9.919842,0.273604,shoulder_pan,0.0,2.1696,0.0,1.9336,2093,-250,96,2,12.2,34,step_20,no_load,0.0
9.930139,0.2839,shoulder_pan,0.0,2.2682,0.0,2.0215,2094,0,100,2,12.2,34,step_20,no_load,8.536
9.940432,0.294194,shoulder_pan,0.0,2.2682,0.0,2.0215,2094,50,108,2,12.2,34,step_20,no_load,0.0
9.950987,0.304748,shoulder_pan,0.0,2.1696,0.0,1.9336,2093,50,104,2,12.2,34,step_20,no_load,-8.328
9.961569,0.315331,shoulder_pan,0.0,1.9724,0.0,1.7578,2091,-150,84,2,12.2,34,step_20,no_load,-16.613
9.971941,0.325703,shoulder_pan,0.0,1.8738,0.0,1.6699,2090,-150,80,3,12.2,34,step_20,no_load,-8.475
9.983123,0.336884,shoulder_pan,0.0,1.7751,0.0,1.582,2089,-100,72,3,12.2,34,step_20,no_load,-7.861
9.993432,0.347193,shoulder_pan,0.0,1.6765,0.0,1.4941,2088,-100,68,2,12.2,34,step_20,no_load,-8.527
10.003625,0.357386,shoulder_pan,0.0,1.5779,0.0,1.4063,2087,-100,72,1,12.2,34,step_20,no_load,-8.614
10.014091,0.367853,shoulder_pan,0.0,1.3807,0.0,1.2305,2085,-100,64,1,12.2,34,step_20,no_load,-16.797
10.024979,0.37874,shoulder_pan,0.0,1.2821,0.0,1.1426,2084,-150,48,1,12.2,34,step_20,no_load,-8.073
10.035292,0.389054,shoulder_pan,0.0,1.0848,0.0,0.9668,2082,-150,44,0,12.2,34,step_20,no_load,-17.046
10.045888,0.39965,shoulder_pan,0.0,0.9862,0.0,0.8789,2081,-100,40,0,12.2,34,step_20,no_load,-8.296
10.056096,0.409858,shoulder_pan,0.0,0.8876,0.0,0.791,2080,-100,40,0,12.2,34,step_20,no_load,-8.611
10.066418,0.420179,shoulder_pan,0.0,0.8876,0.0,0.791,2080,-100,40,1,12.2,34,step_20,no_load,0.0
10.076833,0.430595,shoulder_pan,0.0,0.8876,0.0,0.791,2080,-100,48,0,12.2,34,step_20,no_load,0.0
10.087272,0.441034,shoulder_pan,0.0,0.8876,0.0,0.791,2080,0,48,1,12.2,34,step_20,no_load,0.0
10.097685,0.451447,shoulder_pan,0.0,0.8876,0.0,0.791,2080,0,48,1,12.2,34,step_20,no_load,0.0
10.108143,0.461904,shoulder_pan,0.0,0.8876,0.0,0.791,2080,0,48,0,12.2,34,step_20,no_load,0.0
10.11918,0.472941,shoulder_pan,0.0,0.8876,0.0,0.791,2080,0,48,1,12.2,34,step_20,no_load,0.0
10.13007,0.483831,shoulder_pan,0.0,0.8876,0.0,0.791,2080,0,48,1,12.2,34,step_20,no_load,0.0
10.140658,0.49442,shoulder_pan,0.0,0.8876,0.0,0.791,2080,0,48,1,12.2,34,step_20,no_load,0.0
10.151729,0.505491,shoulder_pan,0.0,0.8876,0.0,0.791,2080,0,48,1,12.2,34,step_20,no_load,0.0
10.162081,0.515842,shoulder_pan,0.0,0.8876,0.0,0.791,2080,0,48,1,12.2,34,step_20,no_load,0.0
10.17229,0.526052,shoulder_pan,0.0,0.8876,0.0,0.791,2080,0,48,1,12.2,34,step_20,no_load,0.0
10.182895,0.536657,shoulder_pan,0.0,0.8876,0.0,0.791,2080,0,48,1,12.2,34,step_20,no_load,0.0
10.193151,0.546913,shoulder_pan,0.0,0.8876,0.0,0.791,2080,0,48,1,12.2,34,step_20,no_load,0.0
10.204194,0.557956,shoulder_pan,0.0,0.8876,0.0,0.791,2080,0,48,1,12.2,34,step_20,no_load,0.0
10.214903,0.568664,shoulder_pan,0.0,0.8876,0.0,0.791,2080,0,48,1,12.2,34,step_20,no_load,0.0
10.225144,0.578905,shoulder_pan,0.0,0.8876,0.0,0.791,2080,0,48,1,12.2,34,step_20,no_load,0.0
10.235677,0.589439,shoulder_pan,0.0,0.8876,0.0,0.791,2080,0,48,1,12.2,34,step_20,no_load,0.0
10.245872,0.599633,shoulder_pan,0.0,0.8876,0.0,0.791,2080,0,48,0,12.2,34,step_20,no_load,0.0
10.256263,0.610024,shoulder_pan,0.0,0.8876,0.0,0.791,2080,0,48,1,12.2,34,step_20,no_load,0.0
10.266584,0.620346,shoulder_pan,0.0,0.8876,0.0,0.791,2080,0,48,2,12.2,34,step_20,no_load,0.0
10.277514,0.631276,shoulder_pan,0.0,0.8876,0.0,0.791,2080,0,48,1,12.2,34,step_20,no_load,0.0
10.287861,0.641622,shoulder_pan,0.0,0.8876,0.0,0.791,2080,0,48,1,12.2,34,step_20,no_load,0.0
10.298345,0.652106,shoulder_pan,0.0,0.8876,0.0,0.791,2080,0,48,1,12.2,34,step_20,no_load,0.0
10.30883,0.662591,shoulder_pan,0.0,0.8876,0.0,0.791,2080,0,48,1,12.2,34,step_20,no_load,0.0
10.31949,0.673252,shoulder_pan,0.0,0.8876,0.0,0.791,2080,0,48,2,12.2,34,step_20,no_load,0.0
10.329632,0.683393,shoulder_pan,0.0,0.8876,0.0,0.791,2080,0,48,1,12.2,34,step_20,no_load,0.0
10.339855,0.693617,shoulder_pan,0.0,0.8876,0.0,0.791,2080,0,48,1,12.2,34,step_20,no_load,0.0
10.350227,0.703989,shoulder_pan,0.0,0.8876,0.0,0.791,2080,0,48,1,12.2,34,step_20,no_load,0.0
10.360482,0.714244,shoulder_pan,0.0,0.8876,0.0,0.791,2080,0,48,1,12.2,34,step_20,no_load,0.0
10.37073,0.724491,shoulder_pan,0.0,0.8876,0.0,0.791,2080,0,48,1,12.2,34,step_20,no_load,0.0
10.381532,0.735294,shoulder_pan,0.0,0.8876,0.0,0.791,2080,0,48,2,12.2,34,step_20,no_load,0.0
10.392219,0.745981,shoulder_pan,0.0,0.8876,0.0,0.791,2080,0,48,1,12.2,34,step_20,no_load,0.0
10.402632,0.756393,shoulder_pan,0.0,0.8876,0.0,0.791,2080,0,48,1,12.2,34,step_20,no_load,0.0
10.413016,0.766777,shoulder_pan,0.0,0.8876,0.0,0.791,2080,0,48,1,12.2,34,step_20,no_load,0.0
10.4236,0.777362,shoulder_pan,0.0,0.8876,0.0,0.791,2080,0,48,1,12.2,34,step_20,no_load,0.0
10.434227,0.787989,shoulder_pan,0.0,0.8876,0.0,0.791,2080,0,48,1,12.2,34,step_20,no_load,0.0
10.444824,0.798585,shoulder_pan,0.0,0.8876,0.0,0.791,2080,0,48,1,12.2,34,step_20,no_load,0.0
10.455274,0.809035,shoulder_pan,0.0,0.8876,0.0,0.791,2080,0,48,1,12.3,34,step_20,no_load,0.0
10.466864,0.820625,shoulder_pan,0.0,0.8876,0.0,0.791,2080,0,48,1,12.2,34,step_20,no_load,0.0
10.477108,0.830869,shoulder_pan,0.0,0.8876,0.0,0.791,2080,0,48,1,12.2,34,step_20,no_load,0.0
10.487725,0.841486,shoulder_pan,0.0,0.8876,0.0,0.791,2080,0,48,1,12.2,34,step_20,no_load,0.0
10.497853,0.851615,shoulder_pan,0.0,0.8876,0.0,0.791,2080,0,48,1,12.2,34,step_20,no_load,0.0
10.508134,0.861895,shoulder_pan,0.0,0.8876,0.0,0.791,2080,0,48,2,12.2,34,step_20,no_load,0.0
10.518669,0.872431,shoulder_pan,0.0,0.8876,0.0,0.791,2080,0,48,1,12.2,34,step_20,no_load,0.0
10.529108,0.882869,shoulder_pan,0.0,0.8876,0.0,0.791,2080,0,48,1,12.2,34,step_20,no_load,0.0
10.539532,0.893294,shoulder_pan,0.0,0.8876,0.0,0.791,2080,0,48,2,12.2,34,step_20,no_load,0.0
10.549685,0.903447,shoulder_pan,0.0,0.8876,0.0,0.791,2080,0,48,1,12.2,34,step_20,no_load,0.0
10.560449,0.91421,shoulder_pan,0.0,0.8876,0.0,0.791,2080,0,48,1,12.2,34,step_20,no_load,0.0
10.570801,0.924563,shoulder_pan,0.0,0.8876,0.0,0.791,2080,0,48,1,12.2,34,step_20,no_load,0.0
10.581455,0.935217,shoulder_pan,0.0,0.8876,0.0,0.791,2080,0,48,1,12.2,34,step_20,no_load,0.0
10.591706,0.945467,shoulder_pan,0.0,0.8876,0.0,0.791,2080,0,48,1,12.2,34,step_20,no_load,0.0
10.601947,0.955709,shoulder_pan,0.0,0.8876,0.0,0.791,2080,0,48,1,12.2,34,step_20,no_load,0.0
10.612267,0.966028,shoulder_pan,0.0,0.8876,0.0,0.791,2080,0,48,1,12.2,34,step_20,no_load,0.0
10.623228,0.976989,shoulder_pan,0.0,0.8876,0.0,0.791,2080,0,48,1,12.2,34,step_20,no_load,0.0
10.633954,0.987715,shoulder_pan,0.0,0.8876,0.0,0.791,2080,0,48,1,12.2,34,step_20,no_load,0.0
10.644159,0.997921,shoulder_pan,0.0,0.8876,0.0,0.791,2080,0,48,1,12.2,34,step_20,no_load,0.0
10.654288,1.008049,shoulder_pan,0.0,0.8876,0.0,0.791,2080,0,48,2,12.2,34,step_20,no_load,0.0
10.665075,1.018836,shoulder_pan,0.0,0.8876,0.0,0.791,2080,0,48,1,12.2,34,step_20,no_load,0.0
10.675887,1.029648,shoulder_pan,0.0,0.8876,0.0,0.791,2080,0,48,1,12.2,34,step_20,no_load,0.0
10.68649,1.040251,shoulder_pan,0.0,0.8876,0.0,0.791,2080,0,48,1,12.2,33,step_20,no_load,0.0
10.697501,1.051262,shoulder_pan,0.0,0.8876,0.0,0.791,2080,0,48,1,12.2,34,step_20,no_load,0.0
10.708489,1.06225,shoulder_pan,0.0,0.8876,0.0,0.791,2080,0,48,1,12.2,34,step_20,no_load,0.0
10.719021,1.072783,shoulder_pan,0.0,0.8876,0.0,0.791,2080,0,48,1,12.2,34,step_20,no_load,0.0
10.729399,1.08316,shoulder_pan,0.0,0.8876,0.0,0.791,2080,0,48,1,12.2,34,step_20,no_load,0.0
10.739666,1.093427,shoulder_pan,0.0,0.8876,0.0,0.791,2080,0,48,1,12.2,34,step_20,no_load,0.0
10.750718,1.10448,shoulder_pan,0.0,0.8876,0.0,0.791,2080,0,48,1,12.2,34,step_20,no_load,0.0
10.7609,1.114662,shoulder_pan,0.0,0.8876,0.0,0.791,2080,0,48,1,12.3,34,step_20,no_load,0.0
10.771391,1.125153,shoulder_pan,0.0,0.8876,0.0,0.791,2080,0,48,1,12.2,34,step_20,no_load,0.0
10.781842,1.135604,shoulder_pan,0.0,0.8876,0.0,0.791,2080,0,48,2,12.2,34,step_20,no_load,0.0
10.79232,1.146081,shoulder_pan,0.0,0.8876,0.0,0.791,2080,0,48,2,12.2,34,step_20,no_load,0.0
10.802643,1.156404,shoulder_pan,0.0,0.8876,0.0,0.791,2080,0,48,1,12.2,34,step_20,no_load,0.0
10.812899,1.16666,shoulder_pan,0.0,0.8876,0.0,0.791,2080,0,48,1,12.2,34,step_20,no_load,0.0
10.823147,1.176908,shoulder_pan,0.0,0.8876,0.0,0.791,2080,0,48,1,12.2,34,step_20,no_load,0.0
10.833846,1.187607,shoulder_pan,0.0,0.9862,0.0,0.8789,2081,0,56,2,12.2,34,step_20,no_load,8.216
10.844444,1.198206,shoulder_pan,0.0,0.9862,0.0,0.8789,2081,50,56,2,12.2,34,step_20,no_load,0.0
10.856058,4e-06,shoulder_pan,20.0,0.9862,17.8242,0.8789,2081,50,52,1,12.2,34,step_20,no_load,0.0
10.8665,0.010446,shoulder_pan,20.0,0.9862,17.8242,0.8789,2081,0,44,1,12.2,34,step_20,no_load,0.0
10.876869,0.020816,shoulder_pan,20.0,0.9862,17.8242,0.8789,2081,0,1048,0,12.2,34,step_20,no_load,0.0
10.887514,0.031461,shoulder_pan,20.0,0.9862,17.8242,0.8789,2081,0,1076,1,12.2,34,step_20,no_load,0.0
10.898572,0.042519,shoulder_pan,20.0,0.9862,17.8242,0.8789,2081,0,1152,4,12.2,34,step_20,no_load,0.0
10.909313,0.053259,shoulder_pan,20.0,0.9862,17.8242,0.8789,2081,0,1204,7,12.2,34,step_20,no_load,0.0
10.919566,0.063513,shoulder_pan,20.0,1.0848,17.8242,0.9668,2082,50,1316,18,12.2,34,step_20,no_load,8.573
10.929838,0.073784,shoulder_pan,20.0,1.5779,17.8242,1.4063,2087,50,1364,18,12.2,34,step_20,no_load,42.786
10.940951,0.084898,shoulder_pan,20.0,2.3669,17.8242,2.1094,2095,550,1436,23,12.2,34,step_20,no_load,63.268
10.951312,0.095259,shoulder_pan,20.0,3.1558,17.8242,2.8125,2103,550,1496,33,12.1,34,step_20,no_load,67.86
10.961787,0.105733,shoulder_pan,20.0,3.9448,17.8242,3.5156,2111,750,1544,43,12.2,34,step_20,no_load,67.122
10.972045,0.115992,shoulder_pan,20.0,4.7337,17.8242,4.2188,2119,750,1580,55,12.1,34,step_20,no_load,68.551
10.9823,0.126246,shoulder_pan,20.0,5.6213,17.8242,5.0098,2128,850,1572,64,12.1,34,step_20,no_load,77.133
10.992562,0.136508,shoulder_pan,20.0,6.8047,17.8242,6.0645,2140,850,1568,42,12.2,34,step_20,no_load,102.777
11.002781,0.146727,shoulder_pan,20.0,7.9882,17.8242,7.1191,2152,1100,1492,42,12.1,34,step_20,no_load,103.2
11.013031,0.156978,shoulder_pan,20.0,9.073,17.8242,8.0859,2163,1100,1432,24,12.1,34,step_20,no_load,94.322
11.02355,0.167497,shoulder_pan,20.0,10.1578,17.8242,9.0527,2174,1150,1404,23,12.2,34,step_20,no_load,91.91
11.033764,0.177711,shoulder_pan,20.0,11.144,17.8242,9.9316,2184,1150,1324,9,12.2,34,step_20,no_load,86.049
11.04402,0.187966,shoulder_pan,20.0,11.9329,17.8242,10.6348,2192,900,1292,11,12.2,34,step_20,no_load,68.565
11.054302,0.198248,shoulder_pan,20.0,12.5247,17.8242,11.1621,2198,900,1284,11,12.2,34,step_20,no_load,51.284
11.064818,0.208764,shoulder_pan,20.0,13.0178,17.8242,11.6016,2203,600,1264,12,12.2,34,step_20,no_load,41.793
11.075311,0.219257,shoulder_pan,20.0,13.6095,17.8242,12.1289,2209,450,1252,12,12.2,34,step_20,no_load,50.253
11.08592,0.229867,shoulder_pan,20.0,14.0039,17.8242,12.4805,2213,450,1236,8,12.2,34,step_20,no_load,33.142
11.09617,0.240116,shoulder_pan,20.0,14.497,17.8242,12.9199,2218,500,1216,6,12.2,34,step_20,no_load,42.868
11.106785,0.250731,shoulder_pan,20.0,14.9901,17.8242,13.3594,2223,500,1200,4,12.2,34,step_20,no_load,41.404
11.117014,0.26096,shoulder_pan,20.0,15.4832,17.8242,13.7988,2228,450,1184,3,12.2,34,step_20,no_load,42.956
11.127614,0.27156,shoulder_pan,20.0,15.8777,17.8242,14.1504,2232,450,1164,3,12.2,34,step_20,no_load,33.17
11.138005,0.281951,shoulder_pan,20.0,16.2722,17.8242,14.502,2236,400,1152,3,12.2,45,step_20,no_load,33.837
11.149031,0.292978,shoulder_pan,20.0,16.6667,17.8242,14.8535,2240,400,1132,3,12.2,34,step_20,no_load,31.879
11.159676,0.303623,shoulder_pan,20.0,16.9625,17.8242,15.1172,2243,350,1136,2,12.2,34,step_20,no_load,24.772
11.169949,0.313895,shoulder_pan,20.0,17.2584,17.8242,15.3809,2246,350,1124,1,12.2,34,step_20,no_load,25.669
11.180209,0.324156,shoulder_pan,20.0,17.4556,17.8242,15.5566,2248,250,1112,1,12.2,34,step_20,no_load,17.125
11.190466,0.334412,shoulder_pan,20.0,17.7515,17.8242,15.8203,2251,250,1104,2,12.2,34,step_20,no_load,25.709
11.201854,0.345801,shoulder_pan,20.0,17.9487,17.8242,15.9961,2253,200,1104,1,12.2,34,step_20,no_load,15.437
11.212306,0.356253,shoulder_pan,20.0,18.146,17.8242,16.1719,2255,200,1096,1,12.2,34,step_20,no_load,16.82
11.222414,0.36636,shoulder_pan,20.0,18.3432,17.8242,16.3477,2257,200,1088,1,12.2,34,step_20,no_load,17.392
11.232875,0.376821,shoulder_pan,20.0,18.5404,17.8242,16.5234,2259,200,1080,1,12.2,34,step_20,no_load,16.796
11.243683,0.387629,shoulder_pan,20.0,18.6391,17.8242,16.6113,2260,150,1076,1,12.2,34,step_20,no_load,8.133
11.254736,0.398683,shoulder_pan,20.0,18.8363,17.8242,16.7871,2262,150,1072,1,12.2,34,step_20,no_load,15.905
11.265238,0.409184,shoulder_pan,20.0,19.0335,17.8242,16.9629,2264,200,1060,0,12.2,34,step_20,no_load,16.74
11.275766,0.419713,shoulder_pan,20.0,19.2308,17.8242,17.1387,2266,200,1048,1,12.2,34,step_20,no_load,16.698
11.285944,0.429891,shoulder_pan,20.0,19.428,17.8242,17.3145,2268,200,1044,0,12.2,34,step_20,no_load,17.273
11.296243,0.440189,shoulder_pan,20.0,19.5266,17.8242,17.4023,2269,200,1044,0,12.2,34,step_20,no_load,8.525
11.306504,0.450451,shoulder_pan,20.0,19.6252,17.8242,17.4902,2270,100,0,0,12.2,34,step_20,no_load,8.566
11.316886,0.460832,shoulder_pan,20.0,19.6252,17.8242,17.4902,2270,50,1048,0,12.2,34,step_20,no_load,0.0
11.327245,0.471192,shoulder_pan,20.0,19.6252,17.8242,17.4902,2270,50,1048,0,12.2,34,step_20,no_load,0.0
11.337487,0.481434,shoulder_pan,20.0,19.7239,17.8242,17.5781,2271,50,1048,0,12.2,34,step_20,no_load,8.582
11.348412,0.492359,shoulder_pan,20.0,19.8225,17.8242,17.666,2272,50,1044,0,12.2,34,step_20,no_load,8.046
11.359506,0.503453,shoulder_pan,20.0,20.0197,17.8242,17.8418,2274,100,28,0,12.2,34,step_20,no_load,15.846
11.369684,0.513631,shoulder_pan,20.0,20.0197,17.8242,17.8418,2274,100,28,0,12.2,34,step_20,no_load,0.0
11.380008,0.523955,shoulder_pan,20.0,20.0197,17.8242,17.8418,2274,50,0,0,12.2,34,step_20,no_load,0.0
11.390612,0.534559,shoulder_pan,20.0,20.0197,17.8242,17.8418,2274,50,0,0,12.2,34,step_20,no_load,0.0
11.400722,0.544668,shoulder_pan,20.0,20.0197,17.8242,17.8418,2274,0,0,0,12.2,34,step_20,no_load,0.0
11.410875,0.554821,shoulder_pan,20.0,20.0197,17.8242,17.8418,2274,0,0,0,12.2,34,step_20,no_load,0.0
11.421194,0.565141,shoulder_pan,20.0,20.0197,17.8242,17.8418,2274,0,0,0,12.2,34,step_20,no_load,0.0
11.431351,0.575298,shoulder_pan,20.0,19.9211,17.8242,17.7539,2273,0,1044,0,12.2,34,step_20,no_load,-8.654
11.441573,0.585519,shoulder_pan,20.0,19.6252,17.8242,17.4902,2270,-150,1056,1,12.2,34,step_20,no_load,-25.797
11.452364,0.59631,shoulder_pan,20.0,19.5266,17.8242,17.4023,2269,-150,1068,1,12.2,34,step_20,no_load,-8.146
11.462551,0.606498,shoulder_pan,20.0,19.5266,17.8242,17.4023,2269,-100,1072,0,12.2,34,step_20,no_load,0.0
11.473171,0.617118,shoulder_pan,20.0,19.428,17.8242,17.3145,2268,-100,1064,1,12.2,34,step_20,no_load,-8.267
11.483733,0.62768,shoulder_pan,20.0,19.3294,17.8242,17.2266,2267,-50,1068,1,12.2,34,step_20,no_load,-8.322
11.494824,0.638771,shoulder_pan,20.0,19.3294,17.8242,17.2266,2267,-50,1068,1,12.2,34,step_20,no_load,0.0
11.50535,0.649297,shoulder_pan,20.0,19.3294,17.8242,17.2266,2267,-50,1068,0,12.2,34,step_20,no_load,0.0
11.51553,0.659476,shoulder_pan,20.0,19.428,17.8242,17.3145,2268,50,1056,0,12.2,34,step_20,no_load,8.635
11.525875,0.669821,shoulder_pan,20.0,19.428,17.8242,17.3145,2268,50,1056,0,12.2,34,step_20,no_load,0.0
11.536077,0.680023,shoulder_pan,20.0,19.5266,17.8242,17.4023,2269,50,1052,0,12.2,34,step_20,no_load,8.606
11.546284,0.690231,shoulder_pan,20.0,19.5266,17.8242,17.4023,2269,50,1052,1,12.2,34,step_20,no_load,0.0
11.556825,0.700771,shoulder_pan,20.0,19.6252,17.8242,17.4902,2270,50,1048,0,12.2,34,step_20,no_load,8.339
11.567171,0.711117,shoulder_pan,20.0,19.6252,17.8242,17.4902,2270,50,1048,0,12.2,34,step_20,no_load,0.0
11.577404,0.72135,shoulder_pan,20.0,19.6252,17.8242,17.4902,2270,0,1052,0,12.2,34,step_20,no_load,0.0
11.587907,0.731853,shoulder_pan,20.0,19.6252,17.8242,17.4902,2270,0,1052,0,12.2,34,step_20,no_load,0.0
11.599023,0.74297,shoulder_pan,20.0,19.6252,17.8242,17.4902,2270,0,1056,1,12.2,34,step_20,no_load,0.0
11.609804,0.75375,shoulder_pan,20.0,19.5266,17.8242,17.4023,2269,0,1056,1,12.2,34,step_20,no_load,-8.153
11.620191,0.764138,shoulder_pan,20.0,19.5266,17.8242,17.4023,2269,-50,1060,1,12.2,34,step_20,no_load,0.0
11.630823,0.774769,shoulder_pan,20.0,19.5266,17.8242,17.4023,2269,-50,1056,1,12.3,34,step_20,no_load,0.0
11.641174,0.78512,shoulder_pan,20.0,19.5266,17.8242,17.4023,2269,0,1056,0,12.2,34,step_20,no_load,0.0
11.65148,0.795426,shoulder_pan,20.0,19.5266,17.8242,17.4023,2269,0,1056,0,12.2,34,step_20,no_load,0.0
11.661667,0.805614,shoulder_pan,20.0,19.5266,17.8242,17.4023,2269,0,1056,1,12.2,34,step_20,no_load,0.0
11.672148,0.816095,shoulder_pan,20.0,19.5266,17.8242,17.4023,2269,0,1056,0,12.2,34,step_20,no_load,0.0
11.682469,0.826416,shoulder_pan,20.0,19.5266,17.8242,17.4023,2269,0,1056,0,12.2,34,step_20,no_load,0.0
11.692851,0.836797,shoulder_pan,20.0,19.5266,17.8242,17.4023,2269,0,1056,1,12.2,34,step_20,no_load,0.0
11.703208,0.847154,shoulder_pan,20.0,19.5266,17.8242,17.4023,2269,0,1056,0,12.2,34,step_20,no_load,0.0
11.713567,0.857514,shoulder_pan,20.0,19.5266,17.8242,17.4023,2269,0,1056,0,12.2,34,step_20,no_load,0.0
11.723856,0.867802,shoulder_pan,20.0,19.5266,17.8242,17.4023,2269,0,1056,0,12.2,34,step_20,no_load,0.0
11.734002,0.877948,shoulder_pan,20.0,19.5266,17.8242,17.4023,2269,0,1060,1,12.2,34,step_20,no_load,0.0
11.744264,0.888211,shoulder_pan,20.0,19.428,17.8242,17.3145,2268,-50,1060,0,12.3,34,step_20,no_load,-8.556
11.754687,0.898634,shoulder_pan,20.0,19.428,17.8242,17.3145,2268,-50,1064,1,12.2,34,step_20,no_load,0.0
11.764849,0.908796,shoulder_pan,20.0,19.428,17.8242,17.3145,2268,0,1064,1,12.2,34,step_20,no_load,0.0
11.775803,0.919749,shoulder_pan,20.0,19.428,17.8242,17.3145,2268,0,1060,1,12.2,34,step_20,no_load,0.0
11.786958,0.930904,shoulder_pan,20.0,19.428,17.8242,17.3145,2268,0,1060,1,12.2,34,step_20,no_load,0.0
11.797791,0.941738,shoulder_pan,20.0,19.428,17.8242,17.3145,2268,0,1060,1,12.2,34,step_20,no_load,0.0
11.808763,0.95271,shoulder_pan,20.0,19.428,17.8242,17.3145,2268,0,1060,0,12.2,34,step_20,no_load,0.0
11.819113,0.963059,shoulder_pan,20.0,19.428,17.8242,17.3145,2268,0,1060,1,12.2,34,step_20,no_load,0.0
11.829511,0.973457,shoulder_pan,20.0,19.428,17.8242,17.3145,2268,0,1060,1,12.2,34,step_20,no_load,0.0
11.840672,0.984618,shoulder_pan,20.0,19.428,17.8242,17.3145,2268,0,1056,0,12.2,34,step_20,no_load,0.0
11.851316,0.995263,shoulder_pan,20.0,19.5266,17.8242,17.4023,2269,0,1052,0,12.2,34,step_20,no_load,8.249
11.861952,1.005898,shoulder_pan,20.0,19.5266,17.8242,17.4023,2269,50,1052,1,12.2,34,step_20,no_load,0.0
11.872235,1.016181,shoulder_pan,20.0,19.428,17.8242,17.3145,2268,50,1064,1,12.2,34,step_20,no_load,-8.538
11.882512,1.026458,shoulder_pan,20.0,19.428,17.8242,17.3145,2268,-50,1064,1,12.2,34,step_20,no_load,0.0
11.892963,1.036909,shoulder_pan,20.0,19.428,17.8242,17.3145,2268,-50,1060,1,12.2,34,step_20,no_load,0.0
11.903246,1.047192,shoulder_pan,20.0,19.3294,17.8242,17.2266,2267,0,1064,0,12.2,34,step_20,no_load,-8.548
11.913449,1.057396,shoulder_pan,20.0,19.3294,17.8242,17.2266,2267,0,1068,2,12.2,34,step_20,no_load,0.0
11.924033,1.06798,shoulder_pan,20.0,19.3294,17.8242,17.2266,2267,-50,1068,1,12.2,34,step_20,no_load,0.0
11.934494,1.07844,shoulder_pan,20.0,19.3294,17.8242,17.2266,2267,0,1064,1,12.2,34,step_20,no_load,0.0
11.944741,1.088687,shoulder_pan,20.0,19.3294,17.8242,17.2266,2267,0,1064,1,12.2,34,step_20,no_load,0.0
11.955022,1.098968,shoulder_pan,20.0,19.3294,17.8242,17.2266,2267,0,1064,1,12.2,34,step_20,no_load,0.0
11.96548,1.109427,shoulder_pan,20.0,19.3294,17.8242,17.2266,2267,0,1064,1,12.2,34,step_20,no_load,0.0
11.975712,1.119659,shoulder_pan,20.0,19.2308,17.8242,17.1387,2266,-50,1068,1,12.2,34,step_20,no_load,-8.591
11.986432,1.130378,shoulder_pan,20.0,19.2308,17.8242,17.1387,2266,-50,1068,1,12.2,34,step_20,no_load,0.0
11.996677,1.140624,shoulder_pan,20.0,19.2308,17.8242,17.1387,2266,0,1072,1,12.2,34,step_20,no_load,0.0
12.006955,1.150902,shoulder_pan,20.0,19.2308,17.8242,17.1387,2266,0,1072,0,12.2,34,step_20,no_load,0.0
12.017193,1.161139,shoulder_pan,20.0,19.2308,17.8242,17.1387,2266,0,1068,1,12.2,34,step_20,no_load,0.0
12.027492,1.171439,shoulder_pan,20.0,19.2308,17.8242,17.1387,2266,0,1068,1,12.1,34,step_20,no_load,0.0
12.037922,1.181869,shoulder_pan,20.0,19.2308,17.8242,17.1387,2266,0,1068,1,12.2,34,step_20,no_load,0.0
12.048731,1.192678,shoulder_pan,20.0,19.2308,17.8242,17.1387,2266,0,1068,0,12.2,34,step_20,no_load,0.0
12.06032,3e-06,shoulder_pan,0.0,19.3294,0.0,17.2266,2267,50,1064,1,12.2,34,step_20,no_load,7.585
12.070814,0.010497,shoulder_pan,0.0,19.3294,0.0,17.2266,2267,50,1044,0,12.2,34,step_20,no_load,0.0
12.081005,0.020688,shoulder_pan,0.0,19.3294,0.0,17.2266,2267,0,28,0,12.2,34,step_20,no_load,0.0
12.092376,0.032059,shoulder_pan,0.0,19.3294,0.0,17.2266,2267,0,80,2,12.2,34,step_20,no_load,0.0
12.103011,0.042694,shoulder_pan,0.0,19.1321,0.0,17.0508,2265,-50,116,3,12.2,34,step_20,no_load,-16.53
12.113717,0.053399,shoulder_pan,0.0,18.8363,0.0,16.7871,2262,-50,192,6,12.2,34,step_20,no_load,-24.631
12.124183,0.063866,shoulder_pan,0.0,18.3432,0.0,16.3477,2257,-200,236,7,12.2,34,step_20,no_load,-41.984
12.134958,0.07464,shoulder_pan,0.0,17.7515,0.0,15.8203,2251,-550,304,11,12.1,34,step_20,no_load,-48.947
12.145165,0.084848,shoulder_pan,0.0,16.9625,0.0,15.1172,2243,-550,356,12,12.2,34,step_20,no_load,-68.884
12.155883,0.095566,shoulder_pan,0.0,15.8777,0.0,14.1504,2232,-900,428,17,12.2,34,step_20,no_load,-90.203
12.166054,0.105736,shoulder_pan,0.0,14.7929,0.0,13.1836,2221,-900,460,16,12.2,34,step_20,no_load,-95.055
12.176236,0.115918,shoulder_pan,0.0,13.6095,0.0,12.1289,2209,-1150,444,11,12.2,34,step_20,no_load,-103.585
12.186423,0.126106,shoulder_pan,0.0,12.3274,0.0,10.9863,2196,-1150,452,7,12.2,34,step_20,no_load,-112.163
12.19662,0.136303,shoulder_pan,0.0,10.9467,0.0,9.7559,2182,-1250,392,0,12.2,34,step_20,no_load,-120.663
12.206811,0.146494,shoulder_pan,0.0,9.6647,0.0,8.6133,2169,-1250,372,0,12.2,34,step_20,no_load,-112.119
12.217234,0.156917,shoulder_pan,0.0,8.3826,0.0,7.4707,2156,-1300,308,0,12.2,34,step_20,no_load,-109.623
12.227431,0.167114,shoulder_pan,0.0,7.1992,0.0,6.416,2144,-1300,272,0,12.2,34,step_20,no_load,-103.432
12.238087,0.17777,shoulder_pan,0.0,6.1144,0.0,5.4492,2133,-1150,184,0,12.2,34,step_20,no_load,-90.728
12.248306,0.187989,shoulder_pan,0.0,5.1282,0.0,4.5703,2123,-1150,144,0,12.2,34,step_20,no_load,-86.006
12.259069,0.198752,shoulder_pan,0.0,4.5365,0.0,4.043,2117,-850,120,0,12.2,34,step_20,no_load,-48.992
12.269284,0.208967,shoulder_pan,0.0,4.0434,0.0,3.6035,2112,-850,128,1,12.2,34,step_20,no_load,-43.025
12.27949,0.219172,shoulder_pan,0.0,3.7475,0.0,3.3398,2109,-450,120,2,12.2,34,step_20,no_load,-25.838
12.289913,0.229596,shoulder_pan,0.0,3.4517,0.0,3.0762,2106,-450,128,3,12.2,34,step_20,no_load,-25.29
12.300255,0.239937,shoulder_pan,0.0,3.1558,0.0,2.8125,2103,-300,116,1,12.2,34,step_20,no_load,-25.498
12.310719,0.250402,shoulder_pan,0.0,2.7613,0.0,2.4609,2099,-300,96,1,12.2,34,step_20,no_load,-33.601
12.3211,0.260782,shoulder_pan,0.0,2.5641,0.0,2.2852,2097,-300,84,0,12.2,34,step_20,no_load,-16.925
12.331477,0.27116,shoulder_pan,0.0,2.2682,0.0,2.0215,2094,-300,84,1,12.2,34,step_20,no_load,-25.412
12.342327,0.28201,shoulder_pan,0.0,2.071,0.0,1.8457,2092,-200,76,2,12.2,34,step_20,no_load,-16.203
12.352587,0.29227,shoulder_pan,0.0,1.9724,0.0,1.7578,2091,-200,76,1,12.2,34,step_20,no_load,-8.567
12.363218,0.3029,shoulder_pan,0.0,1.7751,0.0,1.582,2089,-200,72,1,12.2,34,step_20,no_load,-16.537
12.373914,0.313597,shoulder_pan,0.0,1.6765,0.0,1.4941,2088,-100,68,2,12.2,34,step_20,no_load,-8.218
12.385086,0.324769,shoulder_pan,0.0,1.5779,0.0,1.4063,2087,-100,64,2,12.2,34,step_20,no_load,-7.859
12.395599,0.335282,shoulder_pan,0.0,1.5779,0.0,1.4063,2087,-50,72,2,12.2,34,step_20,no_load,0.0
12.406152,0.345834,shoulder_pan,0.0,1.4793,0.0,1.3184,2086,-50,68,2,12.2,34,step_20,no_load,-8.329
12.417018,0.356701,shoulder_pan,0.0,1.3807,0.0,1.2305,2085,-50,64,2,12.2,34,step_20,no_load,-8.089
12.427669,0.367352,shoulder_pan,0.0,1.2821,0.0,1.1426,2084,-50,60,1,12.2,34,step_20,no_load,-8.253
12.438344,0.378027,shoulder_pan,0.0,1.2821,0.0,1.1426,2084,-100,56,2,12.2,34,step_20,no_load,0.0
12.448988,0.388671,shoulder_pan,0.0,1.1834,0.0,1.0547,2083,-100,56,1,12.2,34,step_20,no_load,-8.258
12.459165,0.398848,shoulder_pan,0.0,1.1834,0.0,1.0547,2083,-50,56,1,12.2,34,step_20,no_load,0.0
12.469628,0.40931,shoulder_pan,0.0,1.0848,0.0,0.9668,2082,-50,52,1,12.2,34,step_20,no_load,-8.401
12.480109,0.419792,shoulder_pan,0.0,1.0848,0.0,0.9668,2082,-50,52,1,12.2,34,step_20,no_load,0.0
12.490709,0.430392,shoulder_pan,0.0,1.0848,0.0,0.9668,2082,-50,56,2,12.2,34,step_20,no_load,0.0
12.500976,0.440659,shoulder_pan,0.0,1.0848,0.0,0.9668,2082,0,56,2,12.2,34,step_20,no_load,0.0
12.511678,0.451361,shoulder_pan,0.0,1.0848,0.0,0.9668,2082,0,56,1,12.2,34,step_20,no_load,0.0
12.522611,0.462293,shoulder_pan,0.0,0.9862,0.0,0.8789,2081,0,52,1,12.2,34,step_20,no_load,-8.04
12.533289,0.472971,shoulder_pan,0.0,0.9862,0.0,0.8789,2081,-50,48,1,12.2,34,step_20,no_load,0.0
12.543615,0.483298,shoulder_pan,0.0,0.9862,0.0,0.8789,2081,-50,48,1,12.2,34,step_20,no_load,0.0
12.554099,0.493782,shoulder_pan,0.0,0.9862,0.0,0.8789,2081,0,52,1,12.2,34,step_20,no_load,0.0
12.564742,0.504425,shoulder_pan,0.0,0.9862,0.0,0.8789,2081,0,52,1,12.2,34,step_20,no_load,0.0
12.575132,0.514814,shoulder_pan,0.0,0.8876,0.0,0.791,2080,-50,48,1,12.2,34,step_20,no_load,-8.46
12.585438,0.525121,shoulder_pan,0.0,0.8876,0.0,0.791,2080,-50,48,0,12.2,34,step_20,no_load,0.0
12.596016,0.535699,shoulder_pan,0.0,0.789,0.0,0.7031,2079,-50,36,0,12.2,34,step_20,no_load,-8.31
12.606713,0.546396,shoulder_pan,0.0,0.6903,0.0,0.6152,2078,-50,28,0,12.2,34,step_20,no_load,-8.217
12.617021,0.556704,shoulder_pan,0.0,0.5917,0.0,0.5273,2077,-100,24,0,12.2,34,step_20,no_load,-8.527
12.627187,0.56687,shoulder_pan,0.0,0.3945,0.0,0.3516,2075,-100,20,0,12.2,34,step_20,no_load,-17.283
12.637518,0.577201,shoulder_pan,0.0,0.2959,0.0,0.2637,2074,-150,0,0,12.2,34,step_20,no_load,-8.508
12.648324,0.588007,shoulder_pan,0.0,0.1972,0.0,0.1758,2073,-150,1044,0,12.2,34,step_20,no_load,-8.134
12.658837,0.59852,shoulder_pan,0.0,0.0986,0.0,0.0879,2072,-100,1048,0,12.2,34,step_20,no_load,-8.361
12.669219,0.608902,shoulder_pan,0.0,0.0,0.0,0.0,2071,-100,1044,0,12.2,34,step_20,no_load,-8.467
12.680413,0.620096,shoulder_pan,0.0,-0.0986,0.0,-0.0879,2070,-100,1044,0,12.2,34,step_20,no_load,-7.852
12.69098,0.630663,shoulder_pan,0.0,-0.0986,0.0,-0.0879,2070,-100,0,0,12.2,34,step_20,no_load,0.0
12.701285,0.640967,shoulder_pan,0.0,-0.0986,0.0,-0.0879,2070,0,0,0,12.2,34,step_20,no_load,0.0
12.712015,0.651698,shoulder_pan,0.0,-0.0986,0.0,-0.0879,2070,0,0,0,12.2,34,step_20,no_load,0.0
12.722648,0.662331,shoulder_pan,0.0,-0.0986,0.0,-0.0879,2070,0,0,0,12.2,34,step_20,no_load,0.0
12.733029,0.672711,shoulder_pan,0.0,-0.0986,0.0,-0.0879,2070,0,0,0,12.2,34,step_20,no_load,0.0
12.743786,0.683469,shoulder_pan,0.0,-0.0986,0.0,-0.0879,2070,0,0,0,12.2,34,step_20,no_load,0.0
12.754272,0.693955,shoulder_pan,0.0,-0.0986,0.0,-0.0879,2070,0,0,0,12.2,34,step_20,no_load,0.0
12.76494,0.704623,shoulder_pan,0.0,-0.0986,0.0,-0.0879,2070,0,0,0,12.2,34,step_20,no_load,0.0
12.775109,0.714792,shoulder_pan,0.0,-0.0986,0.0,-0.0879,2070,0,0,0,12.2,34,step_20,no_load,0.0
12.78526,0.724943,shoulder_pan,0.0,-0.0986,0.0,-0.0879,2070,0,0,0,12.2,34,step_20,no_load,0.0
12.795643,0.735325,shoulder_pan,0.0,-0.0986,0.0,-0.0879,2070,0,0,0,12.2,34,step_20,no_load,0.0
12.80593,0.745613,shoulder_pan,0.0,0.0,0.0,0.0,2071,0,0,0,12.2,34,step_20,no_load,8.545
12.816509,0.756191,shoulder_pan,0.0,0.0,0.0,0.0,2071,50,0,0,12.2,34,step_20,no_load,0.0
12.827149,0.766831,shoulder_pan,0.0,0.0,0.0,0.0,2071,50,0,0,12.2,34,step_20,no_load,0.0
12.837618,0.7773,shoulder_pan,0.0,0.0,0.0,0.0,2071,0,0,0,12.2,34,step_20,no_load,0.0
12.848106,0.787789,shoulder_pan,0.0,0.0,0.0,0.0,2071,0,0,0,12.2,34,step_20,no_load,0.0
12.858601,0.798284,shoulder_pan,0.0,0.0,0.0,0.0,2071,0,0,0,12.2,34,step_20,no_load,0.0
12.869173,0.808856,shoulder_pan,0.0,0.0,0.0,0.0,2071,0,0,0,12.2,34,step_20,no_load,0.0
12.879576,0.819259,shoulder_pan,0.0,0.0,0.0,0.0,2071,0,0,0,12.2,34,step_20,no_load,0.0
12.889894,0.829576,shoulder_pan,0.0,0.0,0.0,0.0,2071,0,0,0,12.2,34,step_20,no_load,0.0
12.900248,0.839931,shoulder_pan,0.0,0.0,0.0,0.0,2071,0,0,0,12.2,34,step_20,no_load,0.0
12.91091,0.850593,shoulder_pan,0.0,0.0,0.0,0.0,2071,0,0,0,12.2,34,step_20,no_load,0.0
12.921122,0.860805,shoulder_pan,0.0,0.0,0.0,0.0,2071,0,0,0,12.2,34,step_20,no_load,0.0
12.931338,0.871021,shoulder_pan,0.0,0.0,0.0,0.0,2071,0,0,0,12.2,34,step_20,no_load,0.0
12.941485,0.881168,shoulder_pan,0.0,0.0,0.0,0.0,2071,0,0,0,12.2,34,step_20,no_load,0.0
12.951604,0.891287,shoulder_pan,0.0,0.0,0.0,0.0,2071,0,0,0,12.2,34,step_20,no_load,0.0
12.961781,0.901464,shoulder_pan,0.0,0.0,0.0,0.0,2071,0,0,0,12.2,34,step_20,no_load,0.0
12.972374,0.912056,shoulder_pan,0.0,0.0,0.0,0.0,2071,0,0,0,12.2,34,step_20,no_load,0.0
12.982518,0.9222,shoulder_pan,0.0,0.0,0.0,0.0,2071,0,0,0,12.2,34,step_20,no_load,0.0
12.992769,0.932452,shoulder_pan,0.0,0.0,0.0,0.0,2071,0,0,0,12.2,34,step_20,no_load,0.0
13.003369,0.943052,shoulder_pan,0.0,0.0,0.0,0.0,2071,0,0,0,12.2,34,step_20,no_load,0.0
13.013769,0.953452,shoulder_pan,0.0,0.0,0.0,0.0,2071,0,0,0,12.2,34,step_20,no_load,0.0
13.025244,0.964926,shoulder_pan,0.0,0.0,0.0,0.0,2071,0,0,0,12.2,34,step_20,no_load,0.0
13.035551,0.975234,shoulder_pan,0.0,0.0,0.0,0.0,2071,0,0,0,12.2,34,step_20,no_load,0.0
13.045786,0.985469,shoulder_pan,0.0,0.0,0.0,0.0,2071,0,0,0,12.2,34,step_20,no_load,0.0
13.05633,0.996013,shoulder_pan,0.0,0.0,0.0,0.0,2071,0,0,0,12.2,33,step_20,no_load,0.0
13.066514,1.006196,shoulder_pan,0.0,0.0,0.0,0.0,2071,0,0,0,12.2,34,step_20,no_load,0.0
13.077269,1.016952,shoulder_pan,0.0,0.0,0.0,0.0,2071,0,0,0,12.2,34,step_20,no_load,0.0
13.087541,1.027224,shoulder_pan,0.0,0.0,0.0,0.0,2071,0,0,0,12.2,34,step_20,no_load,0.0
13.098127,1.03781,shoulder_pan,0.0,0.0,0.0,0.0,2071,0,0,0,12.2,34,step_20,no_load,0.0
13.108571,1.048253,shoulder_pan,0.0,0.0,0.0,0.0,2071,0,0,0,12.2,34,step_20,no_load,0.0
13.119038,1.05872,shoulder_pan,0.0,0.0,0.0,0.0,2071,0,0,0,12.2,34,step_20,no_load,0.0
13.129371,1.069054,shoulder_pan,0.0,0.0,0.0,0.0,2071,0,0,0,12.2,34,step_20,no_load,0.0
13.140014,1.079696,shoulder_pan,0.0,0.0,0.0,0.0,2071,0,0,0,12.2,34,step_20,no_load,0.0
13.150447,1.09013,shoulder_pan,0.0,0.0,0.0,0.0,2071,0,0,0,12.2,34,step_20,no_load,0.0
13.161095,1.100778,shoulder_pan,0.0,0.0,0.0,0.0,2071,0,0,0,12.2,34,step_20,no_load,0.0
13.171622,1.111305,shoulder_pan,0.0,0.0,0.0,0.0,2071,0,0,0,12.2,34,step_20,no_load,0.0
13.181909,1.121592,shoulder_pan,0.0,0.0,0.0,0.0,2071,0,0,0,12.1,34,step_20,no_load,0.0
13.192212,1.131895,shoulder_pan,0.0,0.0,0.0,0.0,2071,0,0,0,12.2,34,step_20,no_load,0.0
13.202822,1.142504,shoulder_pan,0.0,0.0,0.0,0.0,2071,0,0,0,12.2,34,step_20,no_load,0.0
13.213044,1.152726,shoulder_pan,0.0,0.0,0.0,0.0,2071,0,0,0,12.2,34,step_20,no_load,0.0
13.224206,1.163889,shoulder_pan,0.0,0.0,0.0,0.0,2071,0,0,0,12.2,34,step_20,no_load,0.0
13.234956,1.174638,shoulder_pan,0.0,0.0,0.0,0.0,2071,0,0,0,12.2,34,step_20,no_load,0.0
13.245122,1.184805,shoulder_pan,0.0,0.0,0.0,0.0,2071,0,0,0,12.2,34,step_20,no_load,0.0
13.255644,1.195326,shoulder_pan,0.0,0.0,0.0,0.0,2071,0,0,0,12.2,34,step_20,no_load,0.0
13.267131,4e-06,shoulder_pan,20.0,0.0,17.8242,0.0,2071,0,0,0,12.2,34,step_20,no_load,0.0
13.277377,0.01025,shoulder_pan,20.0,0.0,17.8242,0.0,2071,0,0,1,12.2,34,step_20,no_load,0.0
13.287762,0.020636,shoulder_pan,20.0,0.0,17.8242,0.0,2071,0,1076,2,12.2,34,step_20,no_load,0.0
13.298897,0.03177,shoulder_pan,20.0,0.0,17.8242,0.0,2071,0,1112,3,12.2,34,step_20,no_load,0.0
13.309904,0.042777,shoulder_pan,20.0,0.0,17.8242,0.0,2071,0,1204,9,12.2,34,step_20,no_load,0.0
13.320209,0.053082,shoulder_pan,20.0,0.1972,17.8242,0.1758,2073,0,1244,9,12.2,34,step_20,no_load,17.06
13.330498,0.063371,shoulder_pan,20.0,0.6903,17.8242,0.6152,2078,400,1308,14,12.2,34,step_20,no_load,42.706
13.341125,0.073998,shoulder_pan,20.0,1.2821,17.8242,1.1426,2084,400,1356,18,12.2,34,step_20,no_load,49.628
13.351464,0.084337,shoulder_pan,20.0,2.071,17.8242,1.8457,2092,650,1432,23,12.1,34,step_20,no_load,68.005
13.36223,0.095103,shoulder_pan,20.0,3.1558,17.8242,2.8125,2103,650,1484,29,12.1,34,step_20,no_load,89.801
13.372412,0.105286,shoulder_pan,20.0,4.2406,17.8242,3.7793,2114,1050,1512,28,12.2,34,step_20,no_load,94.952
13.382999,0.115872,shoulder_pan,20.0,5.6213,17.8242,5.0098,2128,1050,1524,14,12.2,34,step_20,no_load,116.227
13.393469,0.126342,shoulder_pan,20.0,7.1006,17.8242,6.3281,2143,1350,1464,6,12.2,34,step_20,no_load,125.912
13.404298,0.137171,shoulder_pan,20.0,8.7771,17.8242,7.8223,2160,1350,1440,0,12.2,34,step_20,no_load,137.981
13.415097,0.14797,shoulder_pan,20.0,10.6509,17.8242,9.4922,2179,1600,1344,0,12.2,34,step_20,no_load,154.635
13.425564,0.158437,shoulder_pan,20.0,12.3274,17.8242,10.9863,2196,1600,1252,0,12.2,34,step_20,no_load,142.744
13.435847,0.16872,shoulder_pan,20.0,13.7081,17.8242,12.2168,2210,1600,1212,0,12.2,34,step_20,no_load,119.664
13.445977,0.17885,shoulder_pan,20.0,14.6943,17.8242,13.0957,2220,1600,1176,0,12.2,34,step_20,no_load,86.762
13.456655,0.189528,shoulder_pan,20.0,15.3846,17.8242,13.7109,2227,950,1144,0,12.2,34,step_20,no_load,57.614
13.467282,0.200155,shoulder_pan,20.0,16.075,17.8242,14.3262,2234,950,1140,0,12.2,34,step_20,no_load,57.9
13.477575,0.210448,shoulder_pan,20.0,16.568,17.8242,14.7656,2239,650,1116,0,12.2,34,step_20,no_load,42.689
13.487936,0.220809,shoulder_pan,20.0,17.0611,17.8242,15.2051,2244,650,1120,0,12.2,34,step_20,no_load,42.419
13.49851,0.231383,shoulder_pan,20.0,17.357,17.8242,15.4687,2247,450,1108,0,12.2,34,step_20,no_load,24.929
13.508775,0.241648,shoulder_pan,20.0,17.6529,17.8242,15.7324,2250,450,1108,0,12.2,34,step_20,no_load,25.689
13.519275,0.252148,shoulder_pan,20.0,17.7515,17.8242,15.8203,2251,250,1104,1,12.2,34,step_20,no_load,8.371
13.529566,0.262439,shoulder_pan,20.0,17.8501,17.8242,15.9082,2252,250,1112,1,12.2,34,step_20,no_load,8.541
13.539859,0.272732,shoulder_pan,20.0,17.9487,17.8242,15.9961,2253,100,1108,1,12.2,34,step_20,no_load,8.54
13.550238,0.283111,shoulder_pan,20.0,17.9487,17.8242,15.9961,2253,100,1112,0,12.2,34,step_20,no_load,0.0
13.561362,0.294236,shoulder_pan,20.0,18.2446,17.8242,16.2598,2256,100,1104,0,12.2,34,step_20,no_load,23.706
13.571842,0.304715,shoulder_pan,20.0,18.4418,17.8242,16.4355,2258,200,1088,0,12.2,34,step_20,no_load,16.765
13.582184,0.315057,shoulder_pan,20.0,18.5404,17.8242,16.5234,2259,200,1080,1,12.2,34,step_20,no_load,8.499
13.592589,0.325462,shoulder_pan,20.0,18.8363,17.8242,16.7871,2262,150,1064,0,12.2,34,step_20,no_load,25.344
13.602992,0.335865,shoulder_pan,20.0,19.0335,17.8242,16.9629,2264,150,1056,0,12.2,34,step_20,no_load,16.899
13.613337,0.34621,shoulder_pan,20.0,19.2308,17.8242,17.1387,2266,200,1052,0,12.2,34,step_20,no_load,16.994
13.623707,0.35658,shoulder_pan,20.0,19.428,17.8242,17.3145,2268,200,0,0,12.2,34,step_20,no_load,16.953
13.634066,0.366939,shoulder_pan,20.0,19.6252,17.8242,17.4902,2270,200,20,0,12.2,34,step_20,no_load,16.961
13.644764,0.377637,shoulder_pan,20.0,19.8225,17.8242,17.666,2272,200,24,0,12.2,34,step_20,no_load,16.433
13.655744,0.388618,shoulder_pan,20.0,19.8225,17.8242,17.666,2272,150,24,0,12.2,34,step_20,no_load,0.0
13.665922,0.398795,shoulder_pan,20.0,19.8225,17.8242,17.666,2272,150,1044,0,12.2,34,step_20,no_load,0.0
13.676276,0.40915,shoulder_pan,20.0,19.8225,17.8242,17.666,2272,0,1044,0,12.2,34,step_20,no_load,0.0
13.686568,0.419441,shoulder_pan,20.0,19.8225,17.8242,17.666,2272,0,1044,0,12.2,34,step_20,no_load,0.0
13.697144,0.430017,shoulder_pan,20.0,19.7239,17.8242,17.5781,2271,0,1048,0,12.2,34,step_20,no_load,-8.311
13.707854,0.440727,shoulder_pan,20.0,19.6252,17.8242,17.4902,2270,0,1060,0,12.2,34,step_20,no_load,-8.207
13.719019,0.451892,shoulder_pan,20.0,19.5266,17.8242,17.4023,2269,-100,1064,1,12.2,34,step_20,no_load,-7.873
13.729879,0.462752,shoulder_pan,20.0,19.5266,17.8242,17.4023,2269,-100,1064,1,12.2,34,step_20,no_load,0.0
13.740241,0.473115,shoulder_pan,20.0,19.428,17.8242,17.3145,2268,-100,1064,1,12.2,34,step_20,no_load,-8.473
13.751183,0.484056,shoulder_pan,20.0,19.428,17.8242,17.3145,2268,0,1068,1,12.2,34,step_20,no_load,0.0
13.761505,0.494378,shoulder_pan,20.0,19.3294,17.8242,17.2266,2267,0,1068,0,12.2,34,step_20,no_load,-8.516
13.771782,0.504655,shoulder_pan,20.0,19.3294,17.8242,17.2266,2267,-50,1068,1,12.2,34,step_20,no_load,0.0
13.781919,0.514792,shoulder_pan,20.0,19.3294,17.8242,17.2266,2267,-50,1068,1,12.2,34,step_20,no_load,0.0
13.792167,0.52504,shoulder_pan,20.0,19.3294,17.8242,17.2266,2267,0,1064,1,12.2,34,step_20,no_load,0.0
13.802415,0.535289,shoulder_pan,20.0,19.3294,17.8242,17.2266,2267,0,1064,1,12.2,34,step_20,no_load,0.0
13.812902,0.545775,shoulder_pan,20.0,19.3294,17.8242,17.2266,2267,0,1064,1,12.2,34,step_20,no_load,0.0
13.823123,0.555997,shoulder_pan,20.0,19.3294,17.8242,17.2266,2267,0,1064,0,12.2,34,step_20,no_load,0.0
13.834348,0.567222,shoulder_pan,20.0,19.3294,17.8242,17.2266,2267,0,1064,0,12.2,34,step_20,no_load,0.0
13.844936,0.577809,shoulder_pan,20.0,19.3294,17.8242,17.2266,2267,0,1064,1,12.2,34,step_20,no_load,0.0
13.856895,0.589768,shoulder_pan,20.0,19.3294,17.8242,17.2266,2267,0,1064,1,12.2,34,step_20,no_load,0.0
13.867121,0.599994,shoulder_pan,20.0,19.3294,17.8242,17.2266,2267,0,1064,1,12.2,34,step_20,no_load,0.0
13.877477,0.61035,shoulder_pan,20.0,19.3294,17.8242,17.2266,2267,0,1064,1,12.2,34,step_20,no_load,0.0
13.888032,0.620905,shoulder_pan,20.0,19.3294,17.8242,17.2266,2267,0,1064,1,12.2,34,step_20,no_load,0.0
13.898416,0.631289,shoulder_pan,20.0,19.3294,17.8242,17.2266,2267,0,1064,1,12.2,34,step_20,no_load,0.0
13.909531,0.642404,shoulder_pan,20.0,19.3294,17.8242,17.2266,2267,0,1064,0,12.2,34,step_20,no_load,0.0
13.919802,0.652675,shoulder_pan,20.0,19.3294,17.8242,17.2266,2267,0,1064,0,12.2,34,step_20,no_load,0.0
13.930425,0.663298,shoulder_pan,20.0,19.3294,17.8242,17.2266,2267,0,1064,1,12.2,34,step_20,no_load,0.0
13.940636,0.673509,shoulder_pan,20.0,19.3294,17.8242,17.2266,2267,0,1064,0,12.2,34,step_20,no_load,0.0
13.950853,0.683726,shoulder_pan,20.0,19.3294,17.8242,17.2266,2267,0,1064,1,12.2,34,step_20,no_load,0.0
13.961468,0.694341,shoulder_pan,20.0,19.3294,17.8242,17.2266,2267,0,1064,1,12.2,34,step_20,no_load,0.0
13.971751,0.704625,shoulder_pan,20.0,19.3294,17.8242,17.2266,2267,0,1064,1,12.2,34,step_20,no_load,0.0
13.981931,0.714804,shoulder_pan,20.0,19.3294,17.8242,17.2266,2267,0,1064,1,12.2,34,step_20,no_load,0.0
13.992825,0.725698,shoulder_pan,20.0,19.3294,17.8242,17.2266,2267,0,1064,1,12.2,34,step_20,no_load,0.0
14.003023,0.735896,shoulder_pan,20.0,19.3294,17.8242,17.2266,2267,0,1064,1,12.2,34,step_20,no_load,0.0
14.013469,0.746342,shoulder_pan,20.0,19.3294,17.8242,17.2266,2267,0,1064,1,12.2,34,step_20,no_load,0.0
14.023973,0.756846,shoulder_pan,20.0,19.3294,17.8242,17.2266,2267,0,1064,0,12.2,34,step_20,no_load,0.0
14.034651,0.767525,shoulder_pan,20.0,19.3294,17.8242,17.2266,2267,0,1064,1,12.2,34,step_20,no_load,0.0
14.044853,0.777726,shoulder_pan,20.0,19.3294,17.8242,17.2266,2267,0,1064,1,12.2,34,step_20,no_load,0.0
14.054968,0.787841,shoulder_pan,20.0,19.3294,17.8242,17.2266,2267,0,1064,1,12.2,34,step_20,no_load,0.0
14.065508,0.798381,shoulder_pan,20.0,19.3294,17.8242,17.2266,2267,0,1064,1,12.2,34,step_20,no_load,0.0
14.076561,0.809434,shoulder_pan,20.0,19.3294,17.8242,17.2266,2267,0,1064,0,12.2,34,step_20,no_load,0.0
14.087209,0.820082,shoulder_pan,20.0,19.3294,17.8242,17.2266,2267,0,1064,1,12.2,34,step_20,no_load,0.0
14.09786,0.830734,shoulder_pan,20.0,19.3294,17.8242,17.2266,2267,0,1064,1,12.2,34,step_20,no_load,0.0
14.108226,0.8411,shoulder_pan,20.0,19.3294,17.8242,17.2266,2267,0,1064,1,12.2,34,step_20,no_load,0.0
14.119035,0.851909,shoulder_pan,20.0,19.3294,17.8242,17.2266,2267,0,1064,1,12.2,34,step_20,no_load,0.0
14.129773,0.862646,shoulder_pan,20.0,19.3294,17.8242,17.2266,2267,0,1064,0,12.2,34,step_20,no_load,0.0
14.140814,0.873687,shoulder_pan,20.0,19.3294,17.8242,17.2266,2267,0,1064,1,12.2,34,step_20,no_load,0.0
14.151453,0.884327,shoulder_pan,20.0,19.3294,17.8242,17.2266,2267,0,1064,2,12.2,34,step_20,no_load,0.0
14.161464,0.894337,shoulder_pan,20.0,19.3294,17.8242,17.2266,2267,0,1064,1,12.1,34,step_20,no_load,0.0
14.172579,0.905452,shoulder_pan,20.0,19.3294,17.8242,17.2266,2267,0,1064,1,12.1,34,step_20,no_load,0.0
14.183049,0.915922,shoulder_pan,20.0,19.3294,17.8242,17.2266,2267,0,1064,1,12.2,34,step_20,no_load,0.0
14.193277,0.92615,shoulder_pan,20.0,19.3294,17.8242,17.2266,2267,0,1064,0,12.2,34,step_20,no_load,0.0
14.203943,0.936817,shoulder_pan,20.0,19.3294,17.8242,17.2266,2267,0,1064,1,12.2,34,step_20,no_load,0.0
14.21496,0.947833,shoulder_pan,20.0,19.3294,17.8242,17.2266,2267,0,1064,1,12.2,34,step_20,no_load,0.0
14.225193,0.958067,shoulder_pan,20.0,19.3294,17.8242,17.2266,2267,0,1064,1,12.2,34,step_20,no_load,0.0
14.23564,0.968513,shoulder_pan,20.0,19.3294,17.8242,17.2266,2267,0,1064,1,12.2,34,step_20,no_load,0.0
14.24589,0.978763,shoulder_pan,20.0,19.3294,17.8242,17.2266,2267,0,1064,1,12.2,34,step_20,no_load,0.0
14.256207,0.98908,shoulder_pan,20.0,19.3294,17.8242,17.2266,2267,0,1064,1,12.2,34,step_20,no_load,0.0
14.26657,0.999443,shoulder_pan,20.0,19.3294,17.8242,17.2266,2267,0,1064,0,12.2,34,step_20,no_load,0.0
14.276746,1.009619,shoulder_pan,20.0,19.3294,17.8242,17.2266,2267,0,1064,1,12.2,34,step_20,no_load,0.0
14.287376,1.020249,shoulder_pan,20.0,19.3294,17.8242,17.2266,2267,0,1064,0,12.2,34,step_20,no_load,0.0
14.297837,1.03071,shoulder_pan,20.0,19.3294,17.8242,17.2266,2267,0,1064,0,12.2,34,step_20,no_load,0.0
14.308433,1.041306,shoulder_pan,20.0,19.3294,17.8242,17.2266,2267,0,1064,1,12.2,34,step_20,no_load,0.0
14.31882,1.051693,shoulder_pan,20.0,19.3294,17.8242,17.2266,2267,0,1064,1,12.2,34,step_20,no_load,0.0
14.329579,1.062452,shoulder_pan,20.0,19.3294,17.8242,17.2266,2267,0,1064,1,12.2,34,step_20,no_load,0.0
14.340358,1.073231,shoulder_pan,20.0,19.3294,17.8242,17.2266,2267,0,1064,1,12.2,34,step_20,no_load,0.0
14.350611,1.083484,shoulder_pan,20.0,19.3294,17.8242,17.2266,2267,0,1064,1,12.2,34,step_20,no_load,0.0
14.36109,1.093963,shoulder_pan,20.0,19.3294,17.8242,17.2266,2267,0,1064,1,12.2,34,step_20,no_load,0.0
14.371582,1.104455,shoulder_pan,20.0,19.3294,17.8242,17.2266,2267,0,1064,1,12.2,34,step_20,no_load,0.0
14.381812,1.114685,shoulder_pan,20.0,19.3294,17.8242,17.2266,2267,0,1064,0,12.2,34,step_20,no_load,0.0
14.392259,1.125132,shoulder_pan,20.0,19.3294,17.8242,17.2266,2267,0,1064,1,12.2,34,step_20,no_load,0.0
14.403292,1.136165,shoulder_pan,20.0,19.3294,17.8242,17.2266,2267,0,1064,1,12.2,34,step_20,no_load,0.0
14.413404,1.146277,shoulder_pan,20.0,19.3294,17.8242,17.2266,2267,0,1064,1,12.2,34,step_20,no_load,0.0
14.42433,1.157203,shoulder_pan,20.0,19.3294,17.8242,17.2266,2267,0,1064,1,12.2,34,step_20,no_load,0.0
14.434546,1.167419,shoulder_pan,20.0,19.3294,17.8242,17.2266,2267,0,1064,1,12.2,34,step_20,no_load,0.0
14.445292,1.178165,shoulder_pan,20.0,19.3294,17.8242,17.2266,2267,0,1064,1,12.2,34,step_20,no_load,0.0
14.455891,1.188764,shoulder_pan,20.0,19.3294,17.8242,17.2266,2267,0,1064,1,12.2,34,step_20,no_load,0.0
14.466374,1.199247,shoulder_pan,20.0,19.3294,17.8242,17.2266,2267,0,1064,1,12.2,34,step_20,no_load,0.0
14.477558,3e-06,shoulder_pan,0.0,19.3294,0.0,17.2266,2267,0,1064,1,12.2,34,step_20,no_load,0.0
14.487806,0.01025,shoulder_pan,0.0,19.3294,0.0,17.2266,2267,0,1052,1,12.2,34,step_20,no_load,0.0
14.498398,0.020843,shoulder_pan,0.0,19.3294,0.0,17.2266,2267,0,20,0,12.2,34,step_20,no_load,0.0
14.509044,0.031489,shoulder_pan,0.0,19.3294,0.0,17.2266,2267,0,72,2,12.2,34,step_20,no_load,0.0
14.519313,0.041758,shoulder_pan,0.0,19.3294,0.0,17.2266,2267,0,116,9,12.2,34,step_20,no_load,0.0
14.529784,0.052229,shoulder_pan,0.0,19.3294,0.0,17.2266,2267,0,212,12,12.2,34,step_20,no_load,0.0
14.540407,0.062852,shoulder_pan,0.0,19.2308,0.0,17.1387,2266,0,276,17,12.1,34,step_20,no_load,-8.274
14.550661,0.073106,shoulder_pan,0.0,18.6391,0.0,16.6113,2260,-200,360,22,12.2,34,step_20,no_load,-51.434
14.561071,0.083516,shoulder_pan,0.0,17.9487,0.0,15.9961,2253,-200,408,25,12.2,34,step_20,no_load,-59.097
14.571262,0.093707,shoulder_pan,0.0,16.9625,0.0,15.1172,2243,-850,456,30,12.2,34,step_20,no_load,-86.243
14.582363,0.104808,shoulder_pan,0.0,15.7791,0.0,14.0625,2231,-850,456,19,12.1,34,step_20,no_load,-95.009
14.592686,0.115131,shoulder_pan,0.0,14.2998,0.0,12.7441,2216,-1200,472,18,12.2,34,step_20,no_load,-127.715
14.60293,0.125375,shoulder_pan,0.0,12.8205,0.0,11.4258,2201,-1200,408,2,12.2,34,step_20,no_load,-128.69
14.613554,0.135999,shoulder_pan,0.0,11.0454,0.0,9.8437,2183,-1450,392,1,12.2,34,step_20,no_load,-148.918
14.623714,0.146159,shoulder_pan,0.0,9.3688,0.0,8.3496,2166,-1450,304,0,12.2,34,step_20,no_load,-147.057
14.63397,0.156415,shoulder_pan,0.0,7.7909,0.0,6.9434,2150,-1650,268,0,12.2,34,step_20,no_load,-137.11
14.645041,0.167486,shoulder_pan,0.0,6.5089,0.0,5.8008,2137,-1650,196,0,12.3,34,step_20,no_load,-103.207
14.655263,0.177708,shoulder_pan,0.0,5.5227,0.0,4.9219,2127,-1300,152,0,12.2,33,step_20,no_load,-85.981
14.665476,0.187921,shoulder_pan,0.0,4.6351,0.0,4.1309,2118,-1300,120,0,12.2,34,step_20,no_load,-77.45
14.677021,0.199466,shoulder_pan,0.0,3.9448,0.0,3.5156,2111,-850,92,0,12.2,34,step_20,no_load,-53.296
14.687263,0.209708,shoulder_pan,0.0,3.3531,0.0,2.9883,2105,-600,92,0,12.2,34,step_20,no_load,-51.484
14.697502,0.219946,shoulder_pan,0.0,2.9586,0.0,2.6367,2101,-600,80,0,12.2,34,step_20,no_load,-34.339
14.707865,0.23031,shoulder_pan,0.0,2.7613,0.0,2.4609,2099,-300,96,0,12.2,34,step_20,no_load,-16.964
14.718174,0.240619,shoulder_pan,0.0,2.6627,0.0,2.373,2098,-300,92,2,12.2,34,step_20,no_load,-8.527
14.728453,0.250898,shoulder_pan,0.0,2.6627,0.0,2.373,2098,-50,112,1,12.2,34,step_20,no_load,0.0
14.739364,0.261809,shoulder_pan,0.0,2.5641,0.0,2.2852,2097,-50,108,2,12.2,34,step_20,no_load,-8.047
14.749791,0.272236,shoulder_pan,0.0,2.2682,0.0,2.0215,2094,-150,96,1,12.2,34,step_20,no_load,-25.29
14.760226,0.282671,shoulder_pan,0.0,2.071,0.0,1.8457,2092,-150,84,0,12.2,34,step_20,no_load,-16.847
14.771044,0.293489,shoulder_pan,0.0,1.6765,0.0,1.4941,2088,-250,60,0,12.2,34,step_20,no_load,-32.501
14.781447,0.303892,shoulder_pan,0.0,1.3807,0.0,1.2305,2085,-250,48,0,12.2,34,step_20,no_load,-25.339
14.791807,0.314252,shoulder_pan,0.0,0.9862,0.0,0.8789,2081,-350,20,0,12.2,34,step_20,no_load,-33.938
14.802074,0.324519,shoulder_pan,0.0,0.6903,0.0,0.6152,2078,-350,0,0,12.2,34,step_20,no_load,-25.684
14.812303,0.334748,shoulder_pan,0.0,0.3945,0.0,0.3516,2075,-350,1052,0,12.2,34,step_20,no_load,-25.77
14.82253,0.344974,shoulder_pan,0.0,0.3945,0.0,0.3516,2075,-350,0,0,12.2,34,step_20,no_load,0.0
14.833523,0.355968,shoulder_pan,0.0,0.3945,0.0,0.3516,2075,-50,0,0,12.2,34,step_20,no_load,0.0
14.843944,0.366389,shoulder_pan,0.0,0.3945,0.0,0.3516,2075,-50,32,1,12.2,34,step_20,no_load,0.0
14.854381,0.376826,shoulder_pan,0.0,0.5917,0.0,0.5273,2077,50,40,0,12.2,34,step_20,no_load,16.834
14.865131,0.387576,shoulder_pan,0.0,0.8876,0.0,0.791,2080,200,64,1,12.2,34,step_20,no_load,24.53
14.875967,0.398412,shoulder_pan,0.0,0.9862,0.0,0.8789,2081,200,68,1,12.2,34,step_20,no_load,8.112
14.886563,0.409008,shoulder_pan,0.0,0.9862,0.0,0.8789,2081,50,60,1,12.2,34,step_20,no_load,0.0
14.897214,0.419659,shoulder_pan,0.0,0.9862,0.0,0.8789,2081,50,60,1,12.2,34,step_20,no_load,0.0
14.907608,0.430053,shoulder_pan,0.0,0.8876,0.0,0.791,2080,-50,48,1,12.2,34,step_20,no_load,-8.457
14.917841,0.440286,shoulder_pan,0.0,0.6903,0.0,0.6152,2078,-50,40,0,12.2,34,step_20,no_load,-17.18
14.928083,0.450528,shoulder_pan,0.0,0.4931,0.0,0.4395,2076,-150,20,0,12.2,34,step_20,no_load,-17.155
14.938636,0.461081,shoulder_pan,0.0,0.2959,0.0,0.2637,2074,-150,1048,1,12.2,34,step_20,no_load,-16.659
14.949411,0.471856,shoulder_pan,0.0,0.0986,0.0,0.0879,2072,-250,1060,1,12.2,34,step_20,no_load,-16.316
14.959846,0.482291,shoulder_pan,0.0,0.0,0.0,0.0,2071,-250,1060,0,12.3,34,step_20,no_load,-8.424
14.969937,0.492382,shoulder_pan,0.0,-0.0986,0.0,-0.0879,2070,-100,1044,0,12.2,34,step_20,no_load,-8.711
14.98036,0.502804,shoulder_pan,0.0,-0.0986,0.0,-0.0879,2070,-100,1044,0,12.2,34,step_20,no_load,0.0
14.991019,0.513464,shoulder_pan,0.0,-0.0986,0.0,-0.0879,2070,0,0,0,12.2,34,step_20,no_load,0.0
15.002103,0.524548,shoulder_pan,0.0,0.0,0.0,0.0,2071,0,0,0,12.2,34,step_20,no_load,7.93
15.01227,0.534715,shoulder_pan,0.0,0.1972,0.0,0.1758,2073,100,20,1,12.2,34,step_20,no_load,17.291
15.022396,0.544841,shoulder_pan,0.0,0.2959,0.0,0.2637,2074,100,32,0,12.2,34,step_20,no_load,8.681
15.032544,0.554989,shoulder_pan,0.0,0.2959,0.0,0.2637,2074,100,32,0,12.2,34,step_20,no_load,0.0
15.0427,0.565145,shoulder_pan,0.0,0.3945,0.0,0.3516,2075,100,32,1,12.2,34,step_20,no_load,8.655
15.052804,0.575249,shoulder_pan,0.0,0.4931,0.0,0.4395,2076,50,36,1,12.2,34,step_20,no_load,8.7
15.063419,0.585864,shoulder_pan,0.0,0.4931,0.0,0.4395,2076,50,36,1,12.2,34,step_20,no_load,0.0
15.073678,0.596123,shoulder_pan,0.0,0.4931,0.0,0.4395,2076,50,36,0,12.2,34,step_20,no_load,0.0
15.084321,0.606766,shoulder_pan,0.0,0.4931,0.0,0.4395,2076,50,32,1,12.2,34,step_20,no_load,0.0
15.094732,0.617177,shoulder_pan,0.0,0.4931,0.0,0.4395,2076,0,32,0,12.2,34,step_20,no_load,0.0
15.105319,0.627764,shoulder_pan,0.0,0.3945,0.0,0.3516,2075,-50,24,0,12.2,34,step_20,no_load,-8.303
15.116208,0.638653,shoulder_pan,0.0,0.3945,0.0,0.3516,2075,-50,24,0,12.2,34,step_20,no_load,0.0
15.126751,0.649196,shoulder_pan,0.0,0.2959,0.0,0.2637,2074,-50,20,0,12.2,34,step_20,no_load,-8.337
15.137399,0.659844,shoulder_pan,0.0,0.2959,0.0,0.2637,2074,-50,20,0,12.2,34,step_20,no_load,0.0
15.147697,0.670142,shoulder_pan,0.0,0.2959,0.0,0.2637,2074,0,24,0,12.2,34,step_20,no_load,0.0
15.159189,0.681634,shoulder_pan,0.0,0.1972,0.0,0.1758,2073,0,20,0,12.2,34,step_20,no_load,-7.649
15.169904,0.692349,shoulder_pan,0.0,0.1972,0.0,0.1758,2073,-50,0,0,12.2,34,step_20,no_load,0.0
15.180126,0.702571,shoulder_pan,0.0,0.1972,0.0,0.1758,2073,-50,0,0,12.2,34,step_20,no_load,0.0
15.190222,0.712667,shoulder_pan,0.0,0.1972,0.0,0.1758,2073,0,20,0,12.2,34,step_20,no_load,0.0
15.201114,0.723559,shoulder_pan,0.0,0.0986,0.0,0.0879,2072,0,1044,0,12.2,34,step_20,no_load,-8.07
15.211408,0.733853,shoulder_pan,0.0,0.0986,0.0,0.0879,2072,-50,1044,0,12.2,34,step_20,no_load,0.0
15.221835,0.74428,shoulder_pan,0.0,0.0986,0.0,0.0879,2072,-50,0,0,12.2,34,step_20,no_load,0.0
15.232238,0.754683,shoulder_pan,0.0,0.0986,0.0,0.0879,2072,0,0,0,12.2,34,step_20,no_load,0.0
15.242564,0.765009,shoulder_pan,0.0,0.0986,0.0,0.0879,2072,0,0,0,12.2,34,step_20,no_load,0.0
15.25286,0.775305,shoulder_pan,0.0,0.0986,0.0,0.0879,2072,0,0,0,12.2,34,step_20,no_load,0.0
15.263233,0.785678,shoulder_pan,0.0,0.0986,0.0,0.0879,2072,0,0,0,12.2,34,step_20,no_load,0.0
15.273792,0.796237,shoulder_pan,0.0,0.0986,0.0,0.0879,2072,0,0,0,12.2,34,step_20,no_load,0.0
15.283919,0.806364,shoulder_pan,0.0,0.0986,0.0,0.0879,2072,0,0,0,12.2,34,step_20,no_load,0.0
15.294632,0.817077,shoulder_pan,0.0,0.0986,0.0,0.0879,2072,0,0,0,12.2,34,step_20,no_load,0.0
15.30954,0.831985,shoulder_pan,0.0,0.0986,0.0,0.0879,2072,0,0,0,12.2,34,step_20,no_load,0.0
15.319846,0.842291,shoulder_pan,0.0,0.0986,0.0,0.0879,2072,0,0,0,12.2,34,step_20,no_load,0.0
15.330184,0.852629,shoulder_pan,0.0,0.0986,0.0,0.0879,2072,0,0,0,12.2,34,step_20,no_load,0.0
15.341084,0.863529,shoulder_pan,0.0,0.0986,0.0,0.0879,2072,0,0,0,12.2,34,step_20,no_load,0.0
15.351223,0.873667,shoulder_pan,0.0,0.0986,0.0,0.0879,2072,0,0,0,12.2,34,step_20,no_load,0.0
15.362287,0.884732,shoulder_pan,0.0,0.0986,0.0,0.0879,2072,0,0,0,12.2,34,step_20,no_load,0.0
15.372545,0.89499,shoulder_pan,0.0,0.0986,0.0,0.0879,2072,0,0,0,12.2,34,step_20,no_load,0.0
15.383232,0.905677,shoulder_pan,0.0,0.0986,0.0,0.0879,2072,0,0,0,12.2,34,step_20,no_load,0.0
15.393387,0.915831,shoulder_pan,0.0,0.0986,0.0,0.0879,2072,0,0,0,12.2,34,step_20,no_load,0.0
15.404084,0.926528,shoulder_pan,0.0,0.0986,0.0,0.0879,2072,0,0,0,12.2,34,step_20,no_load,0.0
15.414693,0.937138,shoulder_pan,0.0,0.0986,0.0,0.0879,2072,0,0,0,12.2,34,step_20,no_load,0.0
15.425003,0.947448,shoulder_pan,0.0,0.0986,0.0,0.0879,2072,0,0,0,12.2,34,step_20,no_load,0.0
15.435544,0.957989,shoulder_pan,0.0,0.0986,0.0,0.0879,2072,0,0,1,12.3,34,step_20,no_load,0.0
15.446117,0.968562,shoulder_pan,0.0,0.0986,0.0,0.0879,2072,0,0,0,12.2,34,step_20,no_load,0.0
15.456364,0.978809,shoulder_pan,0.0,0.0986,0.0,0.0879,2072,0,0,0,12.2,34,step_20,no_load,0.0
15.466479,0.988924,shoulder_pan,0.0,0.0986,0.0,0.0879,2072,0,0,0,12.2,34,step_20,no_load,0.0
15.47678,0.999225,shoulder_pan,0.0,0.0986,0.0,0.0879,2072,0,0,0,12.2,34,step_20,no_load,0.0
15.487035,1.00948,shoulder_pan,0.0,0.0986,0.0,0.0879,2072,0,0,0,12.2,34,step_20,no_load,0.0
15.497857,1.020302,shoulder_pan,0.0,0.0986,0.0,0.0879,2072,0,0,0,12.2,34,step_20,no_load,0.0
15.508118,1.030563,shoulder_pan,0.0,0.0986,0.0,0.0879,2072,0,0,0,12.2,34,step_20,no_load,0.0
15.518515,1.04096,shoulder_pan,0.0,0.0986,0.0,0.0879,2072,0,0,0,12.2,34,step_20,no_load,0.0
15.52874,1.051185,shoulder_pan,0.0,0.0986,0.0,0.0879,2072,0,0,0,12.2,34,step_20,no_load,0.0
15.54,1.062445,shoulder_pan,0.0,0.0986,0.0,0.0879,2072,0,0,0,12.2,34,step_20,no_load,0.0
15.550333,1.072778,shoulder_pan,0.0,0.0986,0.0,0.0879,2072,0,0,0,12.2,34,step_20,no_load,0.0
15.560509,1.082954,shoulder_pan,0.0,0.0986,0.0,0.0879,2072,0,0,0,12.2,34,step_20,no_load,0.0
15.570928,1.093372,shoulder_pan,0.0,0.0986,0.0,0.0879,2072,0,0,0,12.2,34,step_20,no_load,0.0
15.581514,1.103959,shoulder_pan,0.0,0.0986,0.0,0.0879,2072,0,0,0,12.2,34,step_20,no_load,0.0
15.592299,1.114744,shoulder_pan,0.0,0.0986,0.0,0.0879,2072,0,0,0,12.2,34,step_20,no_load,0.0
15.602636,1.125081,shoulder_pan,0.0,0.0986,0.0,0.0879,2072,0,0,0,12.2,34,step_20,no_load,0.0
15.61366,1.136105,shoulder_pan,0.0,0.0986,0.0,0.0879,2072,0,0,0,12.2,34,step_20,no_load,0.0
15.624095,1.14654,shoulder_pan,0.0,0.0986,0.0,0.0879,2072,0,0,0,12.2,34,step_20,no_load,0.0
15.634213,1.156658,shoulder_pan,0.0,0.0986,0.0,0.0879,2072,0,0,0,12.2,34,step_20,no_load,0.0
15.645286,1.167731,shoulder_pan,0.0,0.0986,0.0,0.0879,2072,0,0,0,12.2,34,step_20,no_load,0.0
15.655618,1.178063,shoulder_pan,0.0,0.0986,0.0,0.0879,2072,0,0,0,12.2,34,step_20,no_load,0.0
15.666215,1.18866,shoulder_pan,0.0,0.0986,0.0,0.0879,2072,0,0,0,12.2,34,step_20,no_load,0.0
15.676376,1.198821,shoulder_pan,0.0,0.0986,0.0,0.0879,2072,0,0,0,12.2,34,step_20,no_load,0.0
15.687041,1e-06,shoulder_pan,20.0,0.0986,17.8242,0.0879,2072,0,0,0,12.2,34,step_20,no_load,0.0
15.697776,0.010737,shoulder_pan,20.0,0.0986,17.8242,0.0879,2072,0,0,0,12.2,34,step_20,no_load,0.0
15.708209,0.021169,shoulder_pan,20.0,0.0986,17.8242,0.0879,2072,0,1056,1,12.2,34,step_20,no_load,0.0
15.718458,0.031418,shoulder_pan,20.0,0.0986,17.8242,0.0879,2072,0,1088,4,12.2,34,step_20,no_load,0.0
15.729297,0.042257,shoulder_pan,20.0,0.0986,17.8242,0.0879,2072,0,1184,7,12.2,34,step_20,no_load,0.0
15.740003,0.052963,shoulder_pan,20.0,0.1972,17.8242,0.1758,2073,0,1260,16,12.1,34,step_20,no_load,8.21
15.750241,0.063202,shoulder_pan,20.0,0.4931,17.8242,0.4395,2076,50,1320,17,12.2,34,step_20,no_load,25.757
15.760466,0.073426,shoulder_pan,20.0,1.0848,17.8242,0.9668,2082,50,1380,22,12.2,34,step_20,no_load,51.57
15.77107,0.08403,shoulder_pan,20.0,1.8738,17.8242,1.6699,2090,600,1436,24,12.2,34,step_20,no_load,66.305
15.782353,0.095313,shoulder_pan,20.0,3.0572,17.8242,2.7246,2102,600,1484,21,12.2,34,step_20,no_load,93.477
15.792776,0.105737,shoulder_pan,20.0,4.3393,17.8242,3.8672,2115,950,1508,19,12.2,34,step_20,no_load,109.623
15.803014,0.115975,shoulder_pan,20.0,5.8185,17.8242,5.1855,2130,1350,1480,9,12.2,34,step_20,no_load,128.765
15.813625,0.126585,shoulder_pan,20.0,7.3964,17.8242,6.5918,2146,1350,1476,0,12.3,34,step_20,no_load,132.532
15.823786,0.136747,shoulder_pan,20.0,8.6785,17.8242,7.7344,2159,1450,1396,0,12.2,34,step_20,no_load,112.45
15.834015,0.146975,shoulder_pan,20.0,10.2564,17.8242,9.1406,2175,1450,1372,0,12.2,34,step_20,no_load,137.472
15.84455,0.15751,shoulder_pan,20.0,11.7357,17.8242,10.459,2190,1500,1304,0,12.2,34,step_20,no_load,125.145
15.857214,0.170174,shoulder_pan,20.0,13.6095,17.8242,12.1289,2209,1500,1184,0,12.2,34,step_20,no_load,131.862
15.867589,0.180549,shoulder_pan,20.0,14.8915,17.8242,13.2715,2222,1400,1148,0,12.2,34,step_20,no_load,110.13
15.877882,0.190842,shoulder_pan,20.0,15.6805,17.8242,13.9746,2230,1400,1120,0,12.2,34,step_20,no_load,68.309
15.888264,0.201224,shoulder_pan,20.0,16.2722,17.8242,14.502,2236,750,1120,0,12.2,34,step_20,no_load,50.799
15.898832,0.211792,shoulder_pan,20.0,16.7653,17.8242,14.9414,2241,750,1128,0,12.2,34,step_20,no_load,41.578
15.909578,0.222538,shoulder_pan,20.0,17.1598,17.8242,15.293,2245,500,1112,0,12.2,34,step_20,no_load,32.719
15.919825,0.232785,shoulder_pan,20.0,17.4556,17.8242,15.5566,2248,500,1108,0,12.2,34,step_20,no_load,25.725
15.930277,0.243237,shoulder_pan,20.0,17.6529,17.8242,15.7324,2250,300,1100,0,12.2,34,step_20,no_load,16.82
15.941664,0.254624,shoulder_pan,20.0,17.8501,17.8242,15.9082,2252,300,1104,0,12.2,34,step_20,no_load,15.439
15.952227,0.265187,shoulder_pan,20.0,17.9487,17.8242,15.9961,2253,200,1104,1,12.2,34,step_20,no_load,8.321
15.962378,0.275338,shoulder_pan,20.0,18.0473,17.8242,16.084,2254,200,1108,1,12.2,34,step_20,no_load,8.659
15.973117,0.286077,shoulder_pan,20.0,18.146,17.8242,16.1719,2255,50,1104,0,12.2,37,step_20,no_load,8.185
15.983639,0.296599,shoulder_pan,20.0,18.2446,17.8242,16.2598,2256,100,1100,0,12.2,34,step_20,no_load,8.354
15.994048,0.307008,shoulder_pan,20.0,18.4418,17.8242,16.4355,2258,100,1088,0,12.2,34,step_20,no_load,16.88
16.004414,0.317374,shoulder_pan,20.0,18.6391,17.8242,16.6113,2260,200,1080,0,12.2,34,step_20,no_load,16.959
16.015066,0.328026,shoulder_pan,20.0,18.8363,17.8242,16.7871,2262,200,1072,0,12.2,34,step_20,no_load,16.504
16.025784,0.338744,shoulder_pan,20.0,19.0335,17.8242,16.9629,2264,150,1064,0,12.2,34,step_20,no_load,16.402
16.03639,0.34935,shoulder_pan,20.0,19.2308,17.8242,17.1387,2266,150,1056,0,12.2,34,step_20,no_load,16.576
16.046913,0.359873,shoulder_pan,20.0,19.428,17.8242,17.3145,2268,200,1044,0,12.2,34,step_20,no_load,16.706
16.057545,0.370505,shoulder_pan,20.0,19.5266,17.8242,17.4023,2269,200,20,0,12.2,34,step_20,no_load,8.258
16.067981,0.380941,shoulder_pan,20.0,19.7239,17.8242,17.5781,2271,150,24,0,12.2,34,step_20,no_load,16.846
16.078387,0.391347,shoulder_pan,20.0,19.8225,17.8242,17.666,2272,150,20,0,12.2,34,step_20,no_load,8.447
16.089412,0.402373,shoulder_pan,20.0,19.8225,17.8242,17.666,2272,100,20,0,12.2,34,step_20,no_load,0.0
16.100031,0.412991,shoulder_pan,20.0,19.8225,17.8242,17.666,2272,100,1044,0,12.2,34,step_20,no_load,0.0
16.110239,0.4232,shoulder_pan,20.0,19.8225,17.8242,17.666,2272,0,1044,0,12.2,34,step_20,no_load,0.0
16.120549,0.433509,shoulder_pan,20.0,19.8225,17.8242,17.666,2272,0,1044,0,12.1,34,step_20,no_load,0.0
16.131042,0.444002,shoulder_pan,20.0,19.7239,17.8242,17.5781,2271,0,1048,0,12.2,34,step_20,no_load,-8.377
16.141486,0.454446,shoulder_pan,20.0,19.6252,17.8242,17.4902,2270,0,1060,0,12.2,34,step_20,no_load,-8.416
16.151674,0.464635,shoulder_pan,20.0,19.5266,17.8242,17.4023,2269,-100,1064,1,12.2,34,step_20,no_load,-8.628
16.161996,0.474956,shoulder_pan,20.0,19.428,17.8242,17.3145,2268,-100,1064,1,12.2,34,step_20,no_load,-8.506
16.172314,0.485274,shoulder_pan,20.0,19.428,17.8242,17.3145,2268,-100,1064,1,12.2,34,step_20,no_load,0.0
16.183416,0.496376,shoulder_pan,20.0,19.3294,17.8242,17.2266,2267,-50,1072,1,12.2,34,step_20,no_load,-7.917
16.193742,0.506702,shoulder_pan,20.0,19.3294,17.8242,17.2266,2267,-50,1072,1,12.2,34,step_20,no_load,0.0
16.204062,0.517022,shoulder_pan,20.0,19.3294,17.8242,17.2266,2267,0,1064,1,12.2,34,step_20,no_load,0.0
16.21449,0.52745,shoulder_pan,20.0,19.3294,17.8242,17.2266,2267,0,1064,1,12.2,34,step_20,no_load,0.0
16.224834,0.537794,shoulder_pan,20.0,19.3294,17.8242,17.2266,2267,0,1064,0,12.2,34,step_20,no_load,0.0
16.235125,0.548085,shoulder_pan,20.0,19.3294,17.8242,17.2266,2267,0,1064,1,12.2,34,step_20,no_load,0.0
16.245673,0.558633,shoulder_pan,20.0,19.3294,17.8242,17.2266,2267,0,1064,1,12.2,34,step_20,no_load,0.0
16.256058,0.569018,shoulder_pan,20.0,19.3294,17.8242,17.2266,2267,0,1064,1,12.2,34,step_20,no_load,0.0
16.2664,0.57936,shoulder_pan,20.0,19.3294,17.8242,17.2266,2267,0,1064,1,12.2,34,step_20,no_load,0.0
16.276667,0.589627,shoulder_pan,20.0,19.3294,17.8242,17.2266,2267,0,1064,1,12.2,34,step_20,no_load,0.0
16.287885,0.600845,shoulder_pan,20.0,19.3294,17.8242,17.2266,2267,0,1064,1,12.2,34,step_20,no_load,0.0
16.298325,0.611285,shoulder_pan,20.0,19.3294,17.8242,17.2266,2267,0,1064,0,12.2,34,step_20,no_load,0.0
16.308664,0.621625,shoulder_pan,20.0,19.3294,17.8242,17.2266,2267,0,1064,0,12.2,34,step_20,no_load,0.0
16.319294,0.632254,shoulder_pan,20.0,19.3294,17.8242,17.2266,2267,0,1064,1,12.2,34,step_20,no_load,0.0
16.329831,0.642791,shoulder_pan,20.0,19.3294,17.8242,17.2266,2267,0,1064,1,12.2,34,step_20,no_load,0.0
16.340859,0.653819,shoulder_pan,20.0,19.3294,17.8242,17.2266,2267,0,1064,1,12.2,34,step_20,no_load,0.0
16.351125,0.664085,shoulder_pan,20.0,19.3294,17.8242,17.2266,2267,0,1064,1,12.2,34,step_20,no_load,0.0
16.361509,0.674469,shoulder_pan,20.0,19.3294,17.8242,17.2266,2267,0,1064,1,12.2,34,step_20,no_load,0.0
16.372153,0.685113,shoulder_pan,20.0,19.3294,17.8242,17.2266,2267,0,1064,0,12.2,34,step_20,no_load,0.0
16.383264,0.696224,shoulder_pan,20.0,19.3294,17.8242,17.2266,2267,0,1064,1,12.2,34,step_20,no_load,0.0
16.3937,0.70666,shoulder_pan,20.0,19.3294,17.8242,17.2266,2267,0,1064,1,12.2,34,step_20,no_load,0.0
16.407489,0.720449,shoulder_pan,20.0,19.3294,17.8242,17.2266,2267,0,1064,1,12.2,34,step_20,no_load,0.0
16.417698,0.730658,shoulder_pan,20.0,19.3294,17.8242,17.2266,2267,0,1064,1,12.2,34,step_20,no_load,0.0
16.428271,0.741231,shoulder_pan,20.0,19.3294,17.8242,17.2266,2267,0,1064,0,12.2,34,step_20,no_load,0.0
16.438841,0.751802,shoulder_pan,20.0,19.3294,17.8242,17.2266,2267,0,1064,0,12.2,34,step_20,no_load,0.0
16.449568,0.762528,shoulder_pan,20.0,19.3294,17.8242,17.2266,2267,0,1064,1,12.2,34,step_20,no_load,0.0
16.460068,0.773028,shoulder_pan,20.0,19.3294,17.8242,17.2266,2267,0,1064,0,12.2,33,step_20,no_load,0.0
16.47027,0.78323,shoulder_pan,20.0,19.3294,17.8242,17.2266,2267,0,1064,0,12.2,34,step_20,no_load,0.0
16.480477,0.793437,shoulder_pan,20.0,19.3294,17.8242,17.2266,2267,0,1064,1,12.2,34,step_20,no_load,0.0
16.491459,0.804419,shoulder_pan,20.0,19.3294,17.8242,17.2266,2267,0,1064,1,12.2,34,step_20,no_load,0.0
16.501759,0.814719,shoulder_pan,20.0,19.3294,17.8242,17.2266,2267,0,1064,1,12.2,34,step_20,no_load,0.0
16.512016,0.824976,shoulder_pan,20.0,19.3294,17.8242,17.2266,2267,0,1064,0,12.2,34,step_20,no_load,0.0
16.524281,0.837241,shoulder_pan,20.0,19.3294,17.8242,17.2266,2267,0,1064,1,12.2,34,step_20,no_load,0.0
16.534566,0.847526,shoulder_pan,20.0,19.3294,17.8242,17.2266,2267,0,1064,0,12.2,34,step_20,no_load,0.0
16.544707,0.857667,shoulder_pan,20.0,19.3294,17.8242,17.2266,2267,0,1064,1,12.2,34,step_20,no_load,0.0
16.554952,0.867912,shoulder_pan,20.0,19.3294,17.8242,17.2266,2267,0,1064,1,12.2,34,step_20,no_load,0.0
16.565395,0.878355,shoulder_pan,20.0,19.3294,17.8242,17.2266,2267,0,1064,1,12.2,34,step_20,no_load,0.0
16.575535,0.888495,shoulder_pan,20.0,19.3294,17.8242,17.2266,2267,0,1064,0,12.2,34,step_20,no_load,0.0
16.585839,0.898799,shoulder_pan,20.0,19.3294,17.8242,17.2266,2267,0,1064,1,12.2,34,step_20,no_load,0.0
16.596479,0.909439,shoulder_pan,20.0,19.3294,17.8242,17.2266,2267,0,1064,2,12.3,34,step_20,no_load,0.0
16.606847,0.919807,shoulder_pan,20.0,19.3294,17.8242,17.2266,2267,0,1064,0,12.2,34,step_20,no_load,0.0
16.617372,0.930332,shoulder_pan,20.0,19.3294,17.8242,17.2266,2267,0,1064,1,12.2,34,step_20,no_load,0.0
16.627877,0.940837,shoulder_pan,20.0,19.3294,17.8242,17.2266,2267,0,1064,1,12.2,34,step_20,no_load,0.0
16.638971,0.951931,shoulder_pan,20.0,19.3294,17.8242,17.2266,2267,0,1064,0,12.2,34,step_20,no_load,0.0
16.649761,0.962721,shoulder_pan,20.0,19.3294,17.8242,17.2266,2267,0,1064,1,12.3,34,step_20,no_load,0.0
16.660075,0.973035,shoulder_pan,20.0,19.3294,17.8242,17.2266,2267,0,1064,1,12.3,34,step_20,no_load,0.0
16.671169,0.984129,shoulder_pan,20.0,19.3294,17.8242,17.2266,2267,0,1064,0,12.2,34,step_20,no_load,0.0
16.681489,0.994449,shoulder_pan,20.0,19.3294,17.8242,17.2266,2267,0,1064,0,12.2,34,step_20,no_load,0.0
16.69184,1.0048,shoulder_pan,20.0,19.3294,17.8242,17.2266,2267,0,1064,0,12.2,34,step_20,no_load,0.0
16.702771,1.015731,shoulder_pan,20.0,19.3294,17.8242,17.2266,2267,0,1064,1,12.2,34,step_20,no_load,0.0
16.713141,1.026101,shoulder_pan,20.0,19.3294,17.8242,17.2266,2267,0,1064,1,12.2,34,step_20,no_load,0.0
16.723946,1.036906,shoulder_pan,20.0,19.3294,17.8242,17.2266,2267,0,1064,1,12.2,34,step_20,no_load,0.0
16.734567,1.047527,shoulder_pan,20.0,19.3294,17.8242,17.2266,2267,0,1064,1,12.2,34,step_20,no_load,0.0
16.745096,1.058056,shoulder_pan,20.0,19.3294,17.8242,17.2266,2267,0,1064,0,12.2,34,step_20,no_load,0.0
16.758544,1.071504,shoulder_pan,20.0,19.3294,17.8242,17.2266,2267,0,1064,0,12.2,34,step_20,no_load,0.0
16.769062,1.082023,shoulder_pan,20.0,19.3294,17.8242,17.2266,2267,0,1064,1,12.2,34,step_20,no_load,0.0
16.779695,1.092655,shoulder_pan,20.0,19.3294,17.8242,17.2266,2267,0,1064,1,12.2,34,step_20,no_load,0.0
16.790202,1.103162,shoulder_pan,20.0,19.3294,17.8242,17.2266,2267,0,1064,1,12.2,34,step_20,no_load,0.0
16.800614,1.113574,shoulder_pan,20.0,19.3294,17.8242,17.2266,2267,0,1064,1,12.2,34,step_20,no_load,0.0
16.811181,1.124141,shoulder_pan,20.0,19.3294,17.8242,17.2266,2267,0,1064,1,12.2,34,step_20,no_load,0.0
16.821615,1.134575,shoulder_pan,20.0,19.3294,17.8242,17.2266,2267,0,1064,1,12.2,34,step_20,no_load,0.0
16.832611,1.145571,shoulder_pan,20.0,19.3294,17.8242,17.2266,2267,0,1064,1,12.2,34,step_20,no_load,0.0
16.842943,1.155903,shoulder_pan,20.0,19.3294,17.8242,17.2266,2267,0,1064,0,12.2,34,step_20,no_load,0.0
16.85401,1.16697,shoulder_pan,20.0,19.3294,17.8242,17.2266,2267,0,1064,1,12.2,34,step_20,no_load,0.0
16.864211,1.177171,shoulder_pan,20.0,19.3294,17.8242,17.2266,2267,0,1064,1,12.2,34,step_20,no_load,0.0
16.874743,1.187703,shoulder_pan,20.0,19.3294,17.8242,17.2266,2267,0,1064,1,12.2,34,step_20,no_load,0.0
16.885071,1.198031,shoulder_pan,20.0,19.3294,17.8242,17.2266,2267,0,1064,1,12.2,34,step_20,no_load,0.0
16.896397,3e-06,shoulder_pan,0.0,19.3294,0.0,17.2266,2267,0,1064,1,12.2,34,step_20,no_load,0.0
16.907055,0.010661,shoulder_pan,0.0,19.3294,0.0,17.2266,2267,0,1056,0,12.2,34,step_20,no_load,0.0
16.917476,0.021082,shoulder_pan,0.0,19.3294,0.0,17.2266,2267,0,40,0,12.2,34,step_20,no_load,0.0
16.92795,0.031556,shoulder_pan,0.0,19.3294,0.0,17.2266,2267,0,68,2,12.2,34,step_20,no_load,0.0
16.938651,0.042256,shoulder_pan,0.0,19.3294,0.0,17.2266,2267,0,144,6,12.2,34,step_20,no_load,0.0
16.949211,0.052816,shoulder_pan,0.0,19.3294,0.0,17.2266,2267,0,192,8,12.2,34,step_20,no_load,0.0
16.959492,0.063098,shoulder_pan,0.0,19.2308,0.0,17.1387,2266,0,304,19,12.1,34,step_20,no_load,-8.55
16.969879,0.073484,shoulder_pan,0.0,18.6391,0.0,16.6113,2260,-50,352,22,12.2,34,step_20,no_load,-50.775
16.9801,0.083705,shoulder_pan,0.0,17.9487,0.0,15.9961,2253,-700,400,23,12.2,34,step_20,no_load,-60.19
16.99043,0.094035,shoulder_pan,0.0,16.9625,0.0,15.1172,2243,-700,452,30,12.1,34,step_20,no_load,-85.082
17.001159,0.104764,shoulder_pan,0.0,15.7791,0.0,14.0625,2231,-1050,476,24,12.2,34,step_20,no_load,-98.304
17.011687,0.115292,shoulder_pan,0.0,14.2998,0.0,12.7441,2216,-1050,492,7,12.1,34,step_20,no_load,-125.228
17.022348,0.125953,shoulder_pan,0.0,12.6233,0.0,11.25,2199,-1450,432,6,12.2,34,step_20,no_load,-140.146
17.032553,0.136158,shoulder_pan,0.0,11.0454,0.0,9.8437,2183,-1450,412,0,12.2,34,step_20,no_load,-137.805
17.043063,0.146668,shoulder_pan,0.0,9.4675,0.0,8.4375,2167,-1600,312,0,12.2,34,step_20,no_load,-133.796
17.053719,0.157324,shoulder_pan,0.0,7.6923,0.0,6.8555,2149,-1600,232,0,12.2,34,step_20,no_load,-148.461
17.063962,0.167567,shoulder_pan,0.0,6.5089,0.0,5.8008,2137,-1500,200,0,12.2,34,step_20,no_load,-102.968
17.074323,0.177928,shoulder_pan,0.0,5.4241,0.0,4.834,2126,-1500,140,0,12.2,34,step_20,no_load,-93.311
17.084521,0.188127,shoulder_pan,0.0,4.6351,0.0,4.1309,2118,-950,108,0,12.2,34,step_20,no_load,-68.945
17.095241,0.198846,shoulder_pan,0.0,3.9448,0.0,3.5156,2111,-950,108,0,12.2,34,step_20,no_load,-57.397
17.106339,0.209945,shoulder_pan,0.0,3.3531,0.0,2.9883,2105,-650,88,0,12.2,34,step_20,no_load,-47.513
17.117012,0.220618,shoulder_pan,0.0,2.9586,0.0,2.6367,2101,-650,100,0,12.2,34,step_20,no_load,-32.943
17.127626,0.231231,shoulder_pan,0.0,2.7613,0.0,2.4609,2099,-400,92,0,12.2,34,step_20,no_load,-16.563
17.137881,0.241486,shoulder_pan,0.0,2.6627,0.0,2.373,2098,-400,104,1,12.2,34,step_20,no_load,-8.571
17.148727,0.252332,shoulder_pan,0.0,2.6627,0.0,2.373,2098,-100,104,1,12.2,34,step_20,no_load,0.0
17.159059,0.262664,shoulder_pan,0.0,2.5641,0.0,2.2852,2097,-100,112,2,12.2,34,step_20,no_load,-8.498
17.169212,0.272817,shoulder_pan,0.0,2.2682,0.0,2.0215,2094,-50,100,1,12.2,34,step_20,no_load,-25.973
17.179674,0.283279,shoulder_pan,0.0,2.071,0.0,1.8457,2092,-300,72,0,12.2,34,step_20,no_load,-16.804
17.189825,0.29343,shoulder_pan,0.0,1.6765,0.0,1.4941,2088,-300,60,1,12.2,34,step_20,no_load,-34.637
17.200294,0.303899,shoulder_pan,0.0,1.3807,0.0,1.2305,2085,-300,40,0,12.2,34,step_20,no_load,-25.179
17.211067,0.314672,shoulder_pan,0.0,0.9862,0.0,0.8789,2081,-300,24,0,12.2,34,step_20,no_load,-32.637
17.221734,0.32534,shoulder_pan,0.0,0.5917,0.0,0.5273,2077,-350,1048,0,12.2,34,step_20,no_load,-32.961
17.231883,0.335488,shoulder_pan,0.0,0.3945,0.0,0.3516,2075,-350,1056,0,12.2,34,step_20,no_load,-17.312
17.242227,0.345832,shoulder_pan,0.0,0.3945,0.0,0.3516,2075,-150,1044,0,12.2,34,step_20,no_load,0.0
17.252413,0.356018,shoulder_pan,0.0,0.3945,0.0,0.3516,2075,-150,1044,1,12.2,34,step_20,no_load,0.0
17.263201,0.366807,shoulder_pan,0.0,0.4931,0.0,0.4395,2076,0,32,0,12.2,34,step_20,no_load,8.148
17.273468,0.377074,shoulder_pan,0.0,0.5917,0.0,0.5273,2077,0,40,1,12.2,34,step_20,no_load,8.552
17.28393,0.387536,shoulder_pan,0.0,0.8876,0.0,0.791,2080,200,60,2,12.2,34,step_20,no_load,25.206
17.294107,0.397713,shoulder_pan,0.0,0.9862,0.0,0.8789,2081,200,64,1,12.2,34,step_20,no_load,8.637
17.304356,0.407961,shoulder_pan,0.0,0.9862,0.0,0.8789,2081,100,64,1,12.2,34,step_20,no_load,0.0
17.31494,0.418546,shoulder_pan,0.0,0.9862,0.0,0.8789,2081,100,52,1,12.2,34,step_20,no_load,0.0
17.325117,0.428722,shoulder_pan,0.0,0.8876,0.0,0.791,2080,0,48,1,12.2,34,step_20,no_load,-8.637
17.335289,0.438894,shoulder_pan,0.0,0.6903,0.0,0.6152,2078,0,28,0,12.2,34,step_20,no_load,-17.283
17.345632,0.449237,shoulder_pan,0.0,0.4931,0.0,0.4395,2076,-150,0,0,12.2,34,step_20,no_load,-16.987
17.356268,0.459873,shoulder_pan,0.0,0.2959,0.0,0.2637,2074,-150,1052,0,12.2,34,step_20,no_load,-16.529
17.366518,0.470123,shoulder_pan,0.0,0.0,0.0,0.0,2071,-250,1056,1,12.2,34,step_20,no_load,-25.727
17.377033,0.480638,shoulder_pan,0.0,0.0,0.0,0.0,2071,-250,1048,0,12.2,34,step_20,no_load,0.0
17.387398,0.491003,shoulder_pan,0.0,-0.0986,0.0,-0.0879,2070,-150,1048,1,12.2,34,step_20,no_load,-8.48
17.397898,0.501504,shoulder_pan,0.0,-0.0986,0.0,-0.0879,2070,-150,0,0,12.2,34,step_20,no_load,0.0
17.408278,0.511883,shoulder_pan,0.0,-0.0986,0.0,-0.0879,2070,0,0,0,12.2,34,step_20,no_load,0.0
17.418347,0.521952,shoulder_pan,0.0,0.0,0.0,0.0,2071,0,0,0,12.2,34,step_20,no_load,8.73
17.428685,0.53229,shoulder_pan,0.0,0.1972,0.0,0.1758,2073,100,20,0,12.2,34,step_20,no_load,17.005
17.439363,0.542968,shoulder_pan,0.0,0.2959,0.0,0.2637,2074,100,28,1,12.2,34,step_20,no_load,8.232
17.449809,0.553414,shoulder_pan,0.0,0.2959,0.0,0.2637,2074,100,28,0,12.2,34,step_20,no_load,0.0
17.460039,0.563645,shoulder_pan,0.0,0.3945,0.0,0.3516,2075,50,36,1,12.2,34,step_20,no_load,8.592
17.470442,0.574047,shoulder_pan,0.0,0.4931,0.0,0.4395,2076,50,40,1,12.2,34,step_20,no_load,8.449
17.481472,0.585077,shoulder_pan,0.0,0.4931,0.0,0.4395,2076,50,36,1,12.1,34,step_20,no_load,0.0
17.492541,0.596146,shoulder_pan,0.0,0.4931,0.0,0.4395,2076,50,36,1,12.2,34,step_20,no_load,0.0
17.503045,0.606651,shoulder_pan,0.0,0.4931,0.0,0.4395,2076,0,32,0,12.2,34,step_20,no_load,0.0
17.513634,0.617239,shoulder_pan,0.0,0.3945,0.0,0.3516,2075,0,24,0,12.2,34,step_20,no_load,-8.301
17.524268,0.627873,shoulder_pan,0.0,0.3945,0.0,0.3516,2075,-50,24,0,12.2,34,step_20,no_load,0.0
17.534761,0.638366,shoulder_pan,0.0,0.3945,0.0,0.3516,2075,-50,24,1,12.2,34,step_20,no_load,0.0
17.545116,0.648721,shoulder_pan,0.0,0.2959,0.0,0.2637,2074,-50,24,0,12.2,34,step_20,no_load,-8.489
17.555351,0.658956,shoulder_pan,0.0,0.2959,0.0,0.2637,2074,-50,20,0,12.2,34,step_20,no_load,0.0
17.56661,0.670215,shoulder_pan,0.0,0.2959,0.0,0.2637,2074,0,20,0,12.2,34,step_20,no_load,0.0
17.576691,0.680297,shoulder_pan,0.0,0.1972,0.0,0.1758,2073,0,0,0,12.2,34,step_20,no_load,-8.719
17.58755,0.691155,shoulder_pan,0.0,0.1972,0.0,0.1758,2073,-50,0,0,12.2,34,step_20,no_load,0.0
17.597898,0.701503,shoulder_pan,0.0,0.1972,0.0,0.1758,2073,-50,20,0,12.2,34,step_20,no_load,0.0
17.608126,0.711731,shoulder_pan,0.0,0.0986,0.0,0.0879,2072,0,0,0,12.2,34,step_20,no_load,-8.594
17.618348,0.721953,shoulder_pan,0.0,0.0986,0.0,0.0879,2072,-50,1044,0,12.2,34,step_20,no_load,0.0
17.628544,0.732149,shoulder_pan,0.0,0.0986,0.0,0.0879,2072,-50,1044,0,12.2,34,step_20,no_load,0.0
17.638852,0.742457,shoulder_pan,0.0,0.0986,0.0,0.0879,2072,0,0,0,12.2,34,step_20,no_load,0.0
17.649072,0.752678,shoulder_pan,0.0,0.0986,0.0,0.0879,2072,0,0,0,12.2,34,step_20,no_load,0.0
17.660106,0.763711,shoulder_pan,0.0,0.0986,0.0,0.0879,2072,0,0,0,12.2,34,step_20,no_load,0.0
17.670321,0.773927,shoulder_pan,0.0,0.0986,0.0,0.0879,2072,0,0,0,12.2,34,step_20,no_load,0.0
17.680494,0.784099,shoulder_pan,0.0,0.0986,0.0,0.0879,2072,0,0,0,12.3,34,step_20,no_load,0.0
17.690658,0.794263,shoulder_pan,0.0,0.0986,0.0,0.0879,2072,0,0,0,12.2,34,step_20,no_load,0.0
17.700822,0.804427,shoulder_pan,0.0,0.0986,0.0,0.0879,2072,0,0,0,12.2,34,step_20,no_load,0.0
17.710994,0.8146,shoulder_pan,0.0,0.0986,0.0,0.0879,2072,0,0,0,12.2,34,step_20,no_load,0.0
17.721723,0.825329,shoulder_pan,0.0,0.0986,0.0,0.0879,2072,0,0,0,12.2,34,step_20,no_load,0.0
17.731896,0.835501,shoulder_pan,0.0,0.0986,0.0,0.0879,2072,0,0,0,12.2,34,step_20,no_load,0.0
17.742233,0.845838,shoulder_pan,0.0,0.0986,0.0,0.0879,2072,0,0,0,12.2,34,step_20,no_load,0.0
17.7525,0.856105,shoulder_pan,0.0,0.0986,0.0,0.0879,2072,0,0,0,12.2,34,step_20,no_load,0.0
17.76275,0.866355,shoulder_pan,0.0,0.0986,0.0,0.0879,2072,0,0,0,12.2,34,step_20,no_load,0.0
17.77301,0.876615,shoulder_pan,0.0,0.0986,0.0,0.0879,2072,0,0,0,12.2,34,step_20,no_load,0.0
17.783321,0.886927,shoulder_pan,0.0,0.0986,0.0,0.0879,2072,0,0,0,12.2,34,step_20,no_load,0.0
17.793963,0.897568,shoulder_pan,0.0,0.0986,0.0,0.0879,2072,0,0,0,12.2,34,step_20,no_load,0.0
17.805109,0.908715,shoulder_pan,0.0,0.0986,0.0,0.0879,2072,0,0,0,12.2,34,step_20,no_load,0.0
17.81553,0.919135,shoulder_pan,0.0,0.0986,0.0,0.0879,2072,0,0,0,12.2,34,step_20,no_load,0.0
17.825768,0.929374,shoulder_pan,0.0,0.0986,0.0,0.0879,2072,0,0,0,12.2,34,step_20,no_load,0.0
17.836037,0.939643,shoulder_pan,0.0,0.0986,0.0,0.0879,2072,0,0,0,12.2,34,step_20,no_load,0.0
17.846541,0.950146,shoulder_pan,0.0,0.0986,0.0,0.0879,2072,0,0,0,12.2,34,step_20,no_load,0.0
17.85699,0.960595,shoulder_pan,0.0,0.0986,0.0,0.0879,2072,0,0,0,12.2,34,step_20,no_load,0.0
17.867312,0.970917,shoulder_pan,0.0,0.0986,0.0,0.0879,2072,0,0,0,12.2,34,step_20,no_load,0.0
17.877565,0.98117,shoulder_pan,0.0,0.0986,0.0,0.0879,2072,0,0,0,12.2,34,step_20,no_load,0.0
17.8883,0.991905,shoulder_pan,0.0,0.0986,0.0,0.0879,2072,0,0,0,12.2,34,step_20,no_load,0.0
17.898469,1.002074,shoulder_pan,0.0,0.0986,0.0,0.0879,2072,0,0,0,12.2,34,step_20,no_load,0.0
17.908944,1.01255,shoulder_pan,0.0,0.0986,0.0,0.0879,2072,0,0,0,12.2,34,step_20,no_load,0.0
17.91964,1.023245,shoulder_pan,0.0,0.0986,0.0,0.0879,2072,0,0,0,12.2,34,step_20,no_load,0.0
17.930196,1.033801,shoulder_pan,0.0,0.0986,0.0,0.0879,2072,0,0,0,12.2,34,step_20,no_load,0.0
17.940433,1.044038,shoulder_pan,0.0,0.0986,0.0,0.0879,2072,0,0,0,12.2,34,step_20,no_load,0.0
17.950679,1.054284,shoulder_pan,0.0,0.0986,0.0,0.0879,2072,0,0,0,12.2,34,step_20,no_load,0.0
17.961078,1.064683,shoulder_pan,0.0,0.0986,0.0,0.0879,2072,0,0,0,12.2,34,step_20,no_load,0.0
17.971455,1.075061,shoulder_pan,0.0,0.0986,0.0,0.0879,2072,0,0,0,12.2,34,step_20,no_load,0.0
17.981769,1.085374,shoulder_pan,0.0,0.0986,0.0,0.0879,2072,0,0,0,12.2,34,step_20,no_load,0.0
17.991908,1.095513,shoulder_pan,0.0,0.0986,0.0,0.0879,2072,0,0,0,12.2,34,step_20,no_load,0.0
18.0025,1.106105,shoulder_pan,0.0,0.0986,0.0,0.0879,2072,0,0,0,12.2,34,step_20,no_load,0.0
18.013195,1.1168,shoulder_pan,0.0,0.0986,0.0,0.0879,2072,0,0,0,12.2,34,step_20,no_load,0.0
18.023393,1.126998,shoulder_pan,0.0,0.0986,0.0,0.0879,2072,0,0,0,12.2,34,step_20,no_load,0.0
18.033842,1.137447,shoulder_pan,0.0,0.0986,0.0,0.0879,2072,0,0,0,12.2,34,step_20,no_load,0.0
18.04402,1.147625,shoulder_pan,0.0,0.0986,0.0,0.0879,2072,0,0,0,12.2,34,step_20,no_load,0.0
18.054766,1.158371,shoulder_pan,0.0,0.0986,0.0,0.0879,2072,0,0,0,12.2,34,step_20,no_load,0.0
18.064916,1.168521,shoulder_pan,0.0,0.0986,0.0,0.0879,2072,0,0,0,12.2,34,step_20,no_load,0.0
18.075484,1.179089,shoulder_pan,0.0,0.0986,0.0,0.0879,2072,0,0,0,12.2,34,step_20,no_load,0.0
18.085843,1.189448,shoulder_pan,0.0,0.0986,0.0,0.0879,2072,0,0,0,12.2,34,step_20,no_load,0.0
18.096864,1e-06,shoulder_pan,20.0,0.0986,17.8242,0.0879,2072,0,0,0,12.2,34,step_20,no_load,0.0
18.107902,0.01104,shoulder_pan,20.0,0.0986,17.8242,0.0879,2072,0,0,0,12.2,34,step_20,no_load,0.0
18.119005,0.022142,shoulder_pan,20.0,0.0986,17.8242,0.0879,2072,0,1068,1,12.2,34,step_20,no_load,0.0
18.129579,0.032716,shoulder_pan,20.0,0.0986,17.8242,0.0879,2072,0,1096,4,12.3,34,step_20,no_load,0.0
18.14066,0.043798,shoulder_pan,20.0,0.0986,17.8242,0.0879,2072,0,1196,8,12.2,34,step_20,no_load,0.0
18.15114,0.054278,shoulder_pan,20.0,0.1972,17.8242,0.1758,2073,0,1244,20,12.1,34,step_20,no_load,8.387
18.161472,0.064609,shoulder_pan,20.0,0.4931,17.8242,0.4395,2076,100,1328,23,12.1,34,step_20,no_load,25.523
18.171983,0.07512,shoulder_pan,20.0,1.1834,17.8242,1.0547,2083,100,1384,21,12.2,34,step_20,no_load,58.529
18.182314,0.085452,shoulder_pan,20.0,1.9724,17.8242,1.7578,2091,650,1436,27,12.2,34,step_20,no_load,68.057
18.192447,0.095585,shoulder_pan,20.0,3.0572,17.8242,2.7246,2102,650,1484,26,12.2,34,step_20,no_load,95.411
18.202747,0.105884,shoulder_pan,20.0,4.3393,17.8242,3.8672,2115,1050,1508,23,12.2,34,step_20,no_load,110.932
18.213129,0.116266,shoulder_pan,20.0,5.8185,17.8242,5.1855,2130,1050,1468,6,12.2,34,step_20,no_load,126.979
18.223562,0.1267,shoulder_pan,20.0,7.1992,17.8242,6.416,2144,1400,1464,4,12.2,34,step_20,no_load,117.943
18.234351,0.137489,shoulder_pan,20.0,8.7771,17.8242,7.8223,2160,1400,1388,0,12.2,34,step_20,no_load,130.346
18.244676,0.147813,shoulder_pan,20.0,10.4536,17.8242,9.3164,2177,1450,1368,0,12.2,34,step_20,no_load,144.707
18.255401,0.158538,shoulder_pan,20.0,11.9329,17.8242,10.6348,2192,1450,1292,0,12.2,34,step_20,no_load,122.928
18.265779,0.168916,shoulder_pan,20.0,13.5108,17.8242,12.041,2208,1500,1232,0,12.2,34,step_20,no_load,135.498
18.276534,0.179672,shoulder_pan,20.0,14.7929,17.8242,13.1836,2221,1350,1148,0,12.2,34,step_20,no_load,106.239
18.286684,0.189821,shoulder_pan,20.0,15.6805,17.8242,13.9746,2230,1350,1116,0,12.2,34,step_20,no_load,77.931
18.297087,0.200224,shoulder_pan,20.0,16.1736,17.8242,14.4141,2235,650,1124,0,12.2,34,step_20,no_load,42.247
18.307262,0.210399,shoulder_pan,20.0,16.6667,17.8242,14.8535,2240,650,1108,0,12.2,34,step_20,no_load,43.184
18.317772,0.22091,shoulder_pan,20.0,17.0611,17.8242,15.2051,2244,450,1120,0,12.2,34,step_20,no_load,33.454
18.328124,0.231262,shoulder_pan,20.0,17.4556,17.8242,15.5566,2248,450,1104,0,12.2,34,step_20,no_load,33.955
18.338388,0.241525,shoulder_pan,20.0,17.6529,17.8242,15.7324,2250,300,1104,0,12.2,34,step_20,no_load,17.128
18.349046,0.252184,shoulder_pan,20.0,17.8501,17.8242,15.9082,2252,300,1096,0,12.2,34,step_20,no_load,16.495
18.359183,0.26232,shoulder_pan,20.0,17.9487,17.8242,15.9961,2253,150,1108,1,12.2,34,step_20,no_load,8.671
18.369777,0.272914,shoulder_pan,20.0,18.0473,17.8242,16.084,2254,150,1104,1,12.2,34,step_20,no_load,8.297
18.380238,0.283376,shoulder_pan,20.0,18.0473,17.8242,16.084,2254,50,1104,1,12.2,34,step_20,no_load,0.0
18.390368,0.293506,shoulder_pan,20.0,18.2446,17.8242,16.2598,2256,50,1100,0,12.2,34,step_20,no_load,17.354
18.400518,0.303655,shoulder_pan,20.0,18.4418,17.8242,16.4355,2258,100,1092,0,12.2,34,step_20,no_load,17.31
18.410906,0.314043,shoulder_pan,20.0,18.5404,17.8242,16.5234,2259,100,1088,0,12.2,34,step_20,no_load,8.462
18.421888,0.325026,shoulder_pan,20.0,18.7377,17.8242,16.6992,2261,200,1076,0,12.2,34,step_20,no_load,16.008
18.432187,0.335324,shoulder_pan,20.0,18.9349,17.8242,16.875,2263,200,1064,0,12.2,34,step_20,no_load,17.07
18.442571,0.345709,shoulder_pan,20.0,19.1321,17.8242,17.0508,2265,200,1056,0,12.2,34,step_20,no_load,16.93
18.453111,0.356248,shoulder_pan,20.0,19.2308,17.8242,17.1387,2266,200,1052,0,12.2,34,step_20,no_load,8.34
18.46339,0.366527,shoulder_pan,20.0,19.428,17.8242,17.3145,2268,150,1048,0,12.2,34,step_20,no_load,17.103
18.473859,0.376996,shoulder_pan,20.0,19.6252,17.8242,17.4902,2270,150,20,0,12.2,34,step_20,no_load,16.783
18.484473,0.38761,shoulder_pan,20.0,19.7239,17.8242,17.5781,2271,150,24,0,12.2,34,step_20,no_load,8.282
18.495047,0.398184,shoulder_pan,20.0,19.8225,17.8242,17.666,2272,150,20,0,12.2,34,step_20,no_load,8.313
18.505501,0.408639,shoulder_pan,20.0,19.8225,17.8242,17.666,2272,100,20,0,12.2,34,step_20,no_load,0.0
18.515767,0.418904,shoulder_pan,20.0,19.8225,17.8242,17.666,2272,0,1044,0,12.2,34,step_20,no_load,0.0
18.52625,0.429388,shoulder_pan,20.0,19.8225,17.8242,17.666,2272,0,1044,0,12.2,34,step_20,no_load,0.0
18.536459,0.439596,shoulder_pan,20.0,19.8225,17.8242,17.666,2272,0,1044,0,12.2,34,step_20,no_load,0.0
18.547427,0.450564,shoulder_pan,20.0,19.7239,17.8242,17.5781,2271,0,1052,0,12.2,34,step_20,no_load,-8.014
18.558108,0.461245,shoulder_pan,20.0,19.6252,17.8242,17.4902,2270,-100,1060,0,12.2,34,step_20,no_load,-8.23
18.568375,0.471513,shoulder_pan,20.0,19.5266,17.8242,17.4023,2269,-100,1064,1,12.2,34,step_20,no_load,-8.561
18.578565,0.481702,shoulder_pan,20.0,19.428,17.8242,17.3145,2268,-100,1064,1,12.3,34,step_20,no_load,-8.616
18.588768,0.491905,shoulder_pan,20.0,19.428,17.8242,17.3145,2268,-100,1064,1,12.2,34,step_20,no_load,0.0
18.598977,0.502115,shoulder_pan,20.0,19.3294,17.8242,17.2266,2267,-50,1072,1,12.2,34,step_20,no_load,-8.61
18.609251,0.512388,shoulder_pan,20.0,19.3294,17.8242,17.2266,2267,-50,1072,1,12.2,34,step_20,no_load,0.0
18.619696,0.522833,shoulder_pan,20.0,19.3294,17.8242,17.2266,2267,0,1064,1,12.2,34,step_20,no_load,0.0
18.630105,0.533242,shoulder_pan,20.0,19.3294,17.8242,17.2266,2267,0,1064,1,12.2,34,step_20,no_load,0.0
18.640516,0.543654,shoulder_pan,20.0,19.3294,17.8242,17.2266,2267,0,1064,1,12.2,34,step_20,no_load,0.0
18.650937,0.554074,shoulder_pan,20.0,19.3294,17.8242,17.2266,2267,0,1064,1,12.2,34,step_20,no_load,0.0
18.661742,0.564879,shoulder_pan,20.0,19.3294,17.8242,17.2266,2267,0,1064,0,12.2,34,step_20,no_load,0.0
18.672338,0.575475,shoulder_pan,20.0,19.3294,17.8242,17.2266,2267,0,1064,1,12.2,34,step_20,no_load,0.0
18.68266,0.585797,shoulder_pan,20.0,19.3294,17.8242,17.2266,2267,0,1064,0,12.2,34,step_20,no_load,0.0
18.693585,0.596722,shoulder_pan,20.0,19.3294,17.8242,17.2266,2267,0,1064,1,12.2,34,step_20,no_load,0.0
18.704435,0.607573,shoulder_pan,20.0,19.3294,17.8242,17.2266,2267,0,1064,1,12.2,34,step_20,no_load,0.0
18.714784,0.617921,shoulder_pan,20.0,19.3294,17.8242,17.2266,2267,0,1064,1,12.2,34,step_20,no_load,0.0
18.725219,0.628356,shoulder_pan,20.0,19.3294,17.8242,17.2266,2267,0,1064,1,12.2,34,step_20,no_load,0.0
18.735882,0.639019,shoulder_pan,20.0,19.3294,17.8242,17.2266,2267,0,1064,1,12.2,34,step_20,no_load,0.0
18.746283,0.64942,shoulder_pan,20.0,19.3294,17.8242,17.2266,2267,0,1064,0,12.2,34,step_20,no_load,0.0
18.756461,0.659598,shoulder_pan,20.0,19.3294,17.8242,17.2266,2267,0,1064,1,12.2,34,step_20,no_load,0.0
18.766586,0.669723,shoulder_pan,20.0,19.3294,17.8242,17.2266,2267,0,1064,1,12.2,34,step_20,no_load,0.0
18.777244,0.680381,shoulder_pan,20.0,19.3294,17.8242,17.2266,2267,0,1064,2,12.2,34,step_20,no_load,0.0
18.787507,0.690644,shoulder_pan,20.0,19.3294,17.8242,17.2266,2267,0,1064,0,12.2,34,step_20,no_load,0.0
18.797716,0.700853,shoulder_pan,20.0,19.3294,17.8242,17.2266,2267,0,1064,1,12.2,34,step_20,no_load,0.0
18.808214,0.711352,shoulder_pan,20.0,19.3294,17.8242,17.2266,2267,0,1064,0,12.2,34,step_20,no_load,0.0
18.818475,0.721612,shoulder_pan,20.0,19.3294,17.8242,17.2266,2267,0,1064,1,12.2,34,step_20,no_load,0.0
18.829588,0.732725,shoulder_pan,20.0,19.3294,17.8242,17.2266,2267,0,1064,0,12.2,34,step_20,no_load,0.0
18.840179,0.743316,shoulder_pan,20.0,19.3294,17.8242,17.2266,2267,0,1064,1,12.2,34,step_20,no_load,0.0
18.85144,0.754577,shoulder_pan,20.0,19.3294,17.8242,17.2266,2267,0,1064,1,12.2,34,step_20,no_load,0.0
18.861841,0.764979,shoulder_pan,20.0,19.3294,17.8242,17.2266,2267,0,1064,0,12.2,34,step_20,no_load,0.0
18.872392,0.775529,shoulder_pan,20.0,19.3294,17.8242,17.2266,2267,0,1064,1,12.2,34,step_20,no_load,0.0
18.883076,0.786213,shoulder_pan,20.0,19.3294,17.8242,17.2266,2267,0,1064,1,12.2,34,step_20,no_load,0.0
18.893687,0.796824,shoulder_pan,20.0,19.3294,17.8242,17.2266,2267,0,1064,1,12.2,34,step_20,no_load,0.0
18.904083,0.80722,shoulder_pan,20.0,19.3294,17.8242,17.2266,2267,0,1064,1,12.2,34,step_20,no_load,0.0
18.914387,0.817524,shoulder_pan,20.0,19.3294,17.8242,17.2266,2267,0,1064,1,12.2,34,step_20,no_load,0.0
18.925105,0.828243,shoulder_pan,20.0,19.3294,17.8242,17.2266,2267,0,1064,1,12.2,34,step_20,no_load,0.0
18.93637,0.839508,shoulder_pan,20.0,19.3294,17.8242,17.2266,2267,0,1064,1,12.2,34,step_20,no_load,0.0
18.946981,0.850119,shoulder_pan,20.0,19.3294,17.8242,17.2266,2267,0,1064,1,12.2,34,step_20,no_load,0.0
18.957702,0.860839,shoulder_pan,20.0,19.3294,17.8242,17.2266,2267,0,1064,1,12.2,34,step_20,no_load,0.0
18.968396,0.871533,shoulder_pan,20.0,19.3294,17.8242,17.2266,2267,0,1064,0,12.2,34,step_20,no_load,0.0
18.979031,0.882169,shoulder_pan,20.0,19.3294,17.8242,17.2266,2267,0,1064,0,12.2,34,step_20,no_load,0.0
18.989549,0.892686,shoulder_pan,20.0,19.3294,17.8242,17.2266,2267,0,1064,0,12.2,34,step_20,no_load,0.0
18.99999,0.903127,shoulder_pan,20.0,19.3294,17.8242,17.2266,2267,0,1064,1,12.2,34,step_20,no_load,0.0
19.01043,0.913567,shoulder_pan,20.0,19.3294,17.8242,17.2266,2267,0,1064,1,12.2,34,step_20,no_load,0.0
19.021536,0.924673,shoulder_pan,20.0,19.3294,17.8242,17.2266,2267,0,1064,1,12.2,34,step_20,no_load,0.0
19.031706,0.934844,shoulder_pan,20.0,19.3294,17.8242,17.2266,2267,0,1064,0,12.2,34,step_20,no_load,0.0
19.042055,0.945193,shoulder_pan,20.0,19.3294,17.8242,17.2266,2267,0,1064,1,12.2,34,step_20,no_load,0.0
19.052223,0.95536,shoulder_pan,20.0,19.3294,17.8242,17.2266,2267,0,1064,1,12.2,34,step_20,no_load,0.0
19.062327,0.965465,shoulder_pan,20.0,19.3294,17.8242,17.2266,2267,0,1064,1,12.2,34,step_20,no_load,0.0
19.072759,0.975896,shoulder_pan,20.0,19.3294,17.8242,17.2266,2267,0,1064,1,12.2,34,step_20,no_load,0.0
19.083213,0.98635,shoulder_pan,20.0,19.3294,17.8242,17.2266,2267,0,1064,1,12.2,34,step_20,no_load,0.0
19.093744,0.996881,shoulder_pan,20.0,19.3294,17.8242,17.2266,2267,0,1064,1,12.2,34,step_20,no_load,0.0
19.103973,1.00711,shoulder_pan,20.0,19.3294,17.8242,17.2266,2267,0,1064,0,12.2,34,step_20,no_load,0.0
19.114351,1.017488,shoulder_pan,20.0,19.3294,17.8242,17.2266,2267,0,1064,1,12.2,34,step_20,no_load,0.0
19.124658,1.027796,shoulder_pan,20.0,19.3294,17.8242,17.2266,2267,0,1064,1,12.2,34,step_20,no_load,0.0
19.135453,1.03859,shoulder_pan,20.0,19.3294,17.8242,17.2266,2267,0,1064,0,12.2,34,step_20,no_load,0.0
19.145595,1.048732,shoulder_pan,20.0,19.3294,17.8242,17.2266,2267,0,1064,0,12.2,34,step_20,no_load,0.0
19.155913,1.05905,shoulder_pan,20.0,19.3294,17.8242,17.2266,2267,0,1064,1,12.2,34,step_20,no_load,0.0
19.165988,1.069126,shoulder_pan,20.0,19.3294,17.8242,17.2266,2267,0,1064,0,12.2,34,step_20,no_load,0.0
19.176248,1.079386,shoulder_pan,20.0,19.3294,17.8242,17.2266,2267,0,1064,0,12.2,34,step_20,no_load,0.0
19.186861,1.089998,shoulder_pan,20.0,19.3294,17.8242,17.2266,2267,0,1064,0,12.2,34,step_20,no_load,0.0
19.197138,1.100275,shoulder_pan,20.0,19.3294,17.8242,17.2266,2267,0,1064,1,12.2,34,step_20,no_load,0.0
19.20757,1.110707,shoulder_pan,20.0,19.3294,17.8242,17.2266,2267,0,1064,0,12.2,34,step_20,no_load,0.0
19.217796,1.120933,shoulder_pan,20.0,19.3294,17.8242,17.2266,2267,0,1064,1,12.2,34,step_20,no_load,0.0
19.231115,1.134252,shoulder_pan,20.0,19.3294,17.8242,17.2266,2267,0,1064,1,12.2,34,step_20,no_load,0.0
19.241811,1.144948,shoulder_pan,20.0,19.3294,17.8242,17.2266,2267,0,1064,1,12.2,34,step_20,no_load,0.0
19.252286,1.155423,shoulder_pan,20.0,19.3294,17.8242,17.2266,2267,0,1064,0,12.2,34,step_20,no_load,0.0
19.263413,1.16655,shoulder_pan,20.0,19.3294,17.8242,17.2266,2267,0,1064,0,12.2,34,step_20,no_load,0.0
19.274101,1.177238,shoulder_pan,20.0,19.3294,17.8242,17.2266,2267,0,1064,1,12.2,34,step_20,no_load,0.0
19.284463,1.187601,shoulder_pan,20.0,19.3294,17.8242,17.2266,2267,0,1064,1,12.2,34,step_20,no_load,0.0
19.29484,1.197977,shoulder_pan,20.0,19.3294,17.8242,17.2266,2267,0,1064,0,12.2,34,step_20,no_load,0.0
19.307481,5e-06,shoulder_pan,0.0,19.3294,0.0,17.2266,2267,0,1056,0,12.2,34,step_20,no_load,0.0
19.318072,0.010597,shoulder_pan,0.0,19.3294,0.0,17.2266,2267,0,1048,0,12.2,34,step_20,no_load,0.0
19.32826,0.020784,shoulder_pan,0.0,19.3294,0.0,17.2266,2267,0,20,0,12.2,34,step_20,no_load,0.0
19.338616,0.031141,shoulder_pan,0.0,19.3294,0.0,17.2266,2267,0,68,2,12.2,34,step_20,no_load,0.0
19.349245,0.041769,shoulder_pan,0.0,19.3294,0.0,17.2266,2267,0,168,8,12.1,34,step_20,no_load,0.0
19.360219,0.052744,shoulder_pan,0.0,19.3294,0.0,17.2266,2267,0,220,10,12.2,34,step_20,no_load,0.0
19.371181,0.063706,shoulder_pan,0.0,19.2308,0.0,17.1387,2266,0,308,18,12.2,34,step_20,no_load,-8.019
19.381453,0.073978,shoulder_pan,0.0,18.5404,0.0,16.5234,2259,-150,360,20,12.2,34,step_20,no_load,-59.901
19.391694,0.084219,shoulder_pan,0.0,17.7515,0.0,15.8203,2251,-150,404,26,12.1,34,step_20,no_load,-68.655
19.401851,0.094375,shoulder_pan,0.0,16.7653,0.0,14.9414,2241,-750,452,23,12.1,34,step_20,no_load,-86.531
19.412912,0.105437,shoulder_pan,0.0,15.4832,0.0,13.7988,2228,-1100,484,23,12.2,34,step_20,no_load,-103.3
19.423058,0.115582,shoulder_pan,0.0,14.0039,0.0,12.4805,2213,-1100,496,10,12.2,34,step_20,no_load,-129.933
19.433787,0.126312,shoulder_pan,0.0,12.426,0.0,11.0742,2197,-1500,408,3,12.2,34,step_20,no_load,-131.075
19.444282,0.136806,shoulder_pan,0.0,10.8481,0.0,9.668,2181,-1500,384,0,12.2,34,step_20,no_load,-133.988
19.4548,0.147325,shoulder_pan,0.0,8.9744,0.0,7.998,2162,-1600,296,0,12.2,34,step_20,no_load,-158.775
19.465117,0.157642,shoulder_pan,0.0,7.3964,0.0,6.5918,2146,-1600,264,0,12.2,34,step_20,no_load,-136.299
19.476587,0.169111,shoulder_pan,0.0,6.213,0.0,5.5371,2134,-1400,184,0,12.2,34,step_20,no_load,-91.953
19.487167,0.179692,shoulder_pan,0.0,5.1282,0.0,4.5703,2123,-1400,140,0,12.2,34,step_20,no_load,-91.38
19.497306,0.189831,shoulder_pan,0.0,4.4379,0.0,3.9551,2116,-900,112,0,12.1,34,step_20,no_load,-60.677
19.507763,0.200288,shoulder_pan,0.0,3.8462,0.0,3.4277,2110,-900,104,0,12.2,34,step_20,no_load,-50.435
19.518342,0.210867,shoulder_pan,0.0,3.2544,0.0,2.9004,2104,-650,84,0,12.2,34,step_20,no_load,-49.844
19.528614,0.221139,shoulder_pan,0.0,2.9586,0.0,2.6367,2101,-650,100,0,12.2,34,step_20,no_load,-25.672
19.53922,0.231745,shoulder_pan,0.0,2.6627,0.0,2.373,2098,-300,92,0,12.2,34,step_20,no_load,-24.863
19.549732,0.242257,shoulder_pan,0.0,2.6627,0.0,2.373,2098,-300,108,2,12.2,34,step_20,no_load,0.0
19.559941,0.252466,shoulder_pan,0.0,2.6627,0.0,2.373,2098,-100,108,2,12.2,34,step_20,no_load,0.0
19.570237,0.262761,shoulder_pan,0.0,2.5641,0.0,2.2852,2097,-100,108,1,12.2,34,step_20,no_load,-8.528
19.580556,0.273081,shoulder_pan,0.0,2.2682,0.0,2.0215,2094,-100,100,1,12.2,34,step_20,no_load,-25.555
19.591583,0.284108,shoulder_pan,0.0,1.8738,0.0,1.6699,2090,-100,68,1,12.2,34,step_20,no_load,-31.885
19.601768,0.294293,shoulder_pan,0.0,1.6765,0.0,1.4941,2088,-300,56,1,12.3,34,step_20,no_load,-17.261
19.611938,0.304463,shoulder_pan,0.0,1.2821,0.0,1.1426,2084,-300,36,0,12.2,34,step_20,no_load,-34.562
19.622216,0.314741,shoulder_pan,0.0,0.8876,0.0,0.791,2080,-300,20,0,12.2,34,step_20,no_load,-34.209
19.632396,0.324921,shoulder_pan,0.0,0.5917,0.0,0.5273,2077,-350,1048,1,12.2,34,step_20,no_load,-25.904
19.642846,0.33537,shoulder_pan,0.0,0.3945,0.0,0.3516,2075,-350,1056,1,12.2,34,step_20,no_load,-16.813
19.652957,0.345482,shoulder_pan,0.0,0.3945,0.0,0.3516,2075,-100,0,0,12.2,34,step_20,no_load,0.0
19.663178,0.355702,shoulder_pan,0.0,0.3945,0.0,0.3516,2075,-100,0,0,12.2,34,step_20,no_load,0.0
19.67427,0.366795,shoulder_pan,0.0,0.4931,0.0,0.4395,2076,50,32,0,12.2,34,step_20,no_load,7.925
19.684859,0.377384,shoulder_pan,0.0,0.6903,0.0,0.6152,2078,50,40,1,12.2,34,step_20,no_load,16.593
19.695395,0.38792,shoulder_pan,0.0,0.8876,0.0,0.791,2080,200,64,2,12.2,34,step_20,no_load,16.686
19.705606,0.398131,shoulder_pan,0.0,0.9862,0.0,0.8789,2081,200,60,1,12.2,34,step_20,no_load,8.608
19.71595,0.408475,shoulder_pan,0.0,0.9862,0.0,0.8789,2081,50,60,1,12.2,34,step_20,no_load,0.0
19.726411,0.418936,shoulder_pan,0.0,0.9862,0.0,0.8789,2081,50,52,1,12.2,34,step_20,no_load,0.0
19.736664,0.429189,shoulder_pan,0.0,0.789,0.0,0.7031,2079,-50,44,0,12.2,34,step_20,no_load,-17.146
19.747277,0.439802,shoulder_pan,0.0,0.6903,0.0,0.6152,2078,-50,20,0,12.2,34,step_20,no_load,-8.282
19.757754,0.450279,shoulder_pan,0.0,0.3945,0.0,0.3516,2075,-150,1044,0,12.2,34,step_20,no_load,-25.16
19.767924,0.460449,shoulder_pan,0.0,0.1972,0.0,0.1758,2073,-150,1052,0,12.2,34,step_20,no_load,-17.286
19.778324,0.470849,shoulder_pan,0.0,0.0,0.0,0.0,2071,-250,1056,0,12.2,34,step_20,no_load,-16.904
19.788647,0.481172,shoulder_pan,0.0,-0.0986,0.0,-0.0879,2070,-250,1044,0,12.2,34,step_20,no_load,-8.515
19.798822,0.491347,shoulder_pan,0.0,-0.0986,0.0,-0.0879,2070,-100,1044,0,12.2,34,step_20,no_load,0.0
19.809081,0.501606,shoulder_pan,0.0,-0.0986,0.0,-0.0879,2070,-100,0,0,12.2,34,step_20,no_load,0.0
19.819586,0.512111,shoulder_pan,0.0,-0.0986,0.0,-0.0879,2070,0,0,0,12.2,34,step_20,no_load,0.0
19.829842,0.522367,shoulder_pan,0.0,0.0986,0.0,0.0879,2072,0,0,0,12.2,34,step_20,no_load,17.141
19.840437,0.532961,shoulder_pan,0.0,0.1972,0.0,0.1758,2073,100,20,0,12.2,34,step_20,no_load,8.296
19.850752,0.543277,shoulder_pan,0.0,0.2959,0.0,0.2637,2074,100,32,0,12.2,34,step_20,no_load,8.522
19.861314,0.553839,shoulder_pan,0.0,0.2959,0.0,0.2637,2074,100,36,1,12.2,34,step_20,no_load,0.0
19.871581,0.564106,shoulder_pan,0.0,0.3945,0.0,0.3516,2075,50,32,0,12.2,34,step_20,no_load,8.561
19.882445,0.57497,shoulder_pan,0.0,0.4931,0.0,0.4395,2076,50,36,0,12.3,34,step_20,no_load,8.091
19.892728,0.585253,shoulder_pan,0.0,0.4931,0.0,0.4395,2076,50,36,0,12.2,34,step_20,no_load,0.0
19.903014,0.595539,shoulder_pan,0.0,0.4931,0.0,0.4395,2076,50,36,0,12.2,34,step_20,no_load,0.0
19.9136,0.606125,shoulder_pan,0.0,0.4931,0.0,0.4395,2076,0,32,0,12.2,34,step_20,no_load,0.0
19.924031,0.616556,shoulder_pan,0.0,0.3945,0.0,0.3516,2075,0,28,0,12.2,34,step_20,no_load,-8.427
19.934347,0.626872,shoulder_pan,0.0,0.3945,0.0,0.3516,2075,-50,24,0,12.2,34,step_20,no_load,0.0
19.944816,0.63734,shoulder_pan,0.0,0.2959,0.0,0.2637,2074,-50,20,0,12.2,34,step_20,no_load,-8.396
19.955928,0.648453,shoulder_pan,0.0,0.2959,0.0,0.2637,2074,-50,20,0,12.2,34,step_20,no_load,0.0
19.966469,0.658994,shoulder_pan,0.0,0.2959,0.0,0.2637,2074,-50,24,0,12.3,34,step_20,no_load,0.0
19.977752,0.670277,shoulder_pan,0.0,0.2959,0.0,0.2637,2074,0,24,0,12.2,34,step_20,no_load,0.0
19.988308,0.680833,shoulder_pan,0.0,0.1972,0.0,0.1758,2073,0,0,0,12.2,34,step_20,no_load,-8.327
19.999185,0.691709,shoulder_pan,0.0,0.1972,0.0,0.1758,2073,-50,0,0,12.2,33,step_20,no_load,0.0
20.009946,0.702471,shoulder_pan,0.0,0.1972,0.0,0.1758,2073,-50,20,0,12.2,34,step_20,no_load,0.0
20.020073,0.712598,shoulder_pan,0.0,0.0986,0.0,0.0879,2072,0,0,0,12.2,34,step_20,no_load,-8.68
20.030301,0.722826,shoulder_pan,0.0,0.0986,0.0,0.0879,2072,0,1044,0,12.2,34,step_20,no_load,0.0
20.0408,0.733325,shoulder_pan,0.0,0.0986,0.0,0.0879,2072,-50,1044,1,12.2,34,step_20,no_load,0.0
20.051098,0.743622,shoulder_pan,0.0,0.0986,0.0,0.0879,2072,0,0,0,12.2,34,step_20,no_load,0.0
20.06155,0.754075,shoulder_pan,0.0,0.0986,0.0,0.0879,2072,0,0,0,12.2,34,step_20,no_load,0.0
20.071809,0.764334,shoulder_pan,0.0,0.0986,0.0,0.0879,2072,0,0,0,12.2,34,step_20,no_load,0.0
20.082496,0.775021,shoulder_pan,0.0,0.0986,0.0,0.0879,2072,0,0,0,12.2,33,step_20,no_load,0.0
20.09265,0.785175,shoulder_pan,0.0,0.0986,0.0,0.0879,2072,0,0,0,12.2,34,step_20,no_load,0.0
20.103307,0.795832,shoulder_pan,0.0,0.0986,0.0,0.0879,2072,0,0,0,12.2,34,step_20,no_load,0.0
20.113631,0.806156,shoulder_pan,0.0,0.0986,0.0,0.0879,2072,0,0,0,12.2,34,step_20,no_load,0.0
20.123752,0.816277,shoulder_pan,0.0,0.0986,0.0,0.0879,2072,0,0,0,12.2,34,step_20,no_load,0.0
20.134322,0.826846,shoulder_pan,0.0,0.0986,0.0,0.0879,2072,0,0,0,12.2,34,step_20,no_load,0.0
20.144728,0.837253,shoulder_pan,0.0,0.0986,0.0,0.0879,2072,0,0,0,12.2,34,step_20,no_load,0.0
20.154944,0.847469,shoulder_pan,0.0,0.0986,0.0,0.0879,2072,0,0,0,12.2,34,step_20,no_load,0.0
20.165092,0.857616,shoulder_pan,0.0,0.0986,0.0,0.0879,2072,0,0,0,12.2,34,step_20,no_load,0.0
20.176245,0.86877,shoulder_pan,0.0,0.0986,0.0,0.0879,2072,0,0,0,12.2,34,step_20,no_load,0.0
20.186848,0.879373,shoulder_pan,0.0,0.0986,0.0,0.0879,2072,0,0,0,12.2,34,step_20,no_load,0.0
20.197363,0.889888,shoulder_pan,0.0,0.0986,0.0,0.0879,2072,0,0,0,12.2,34,step_20,no_load,0.0
20.207778,0.900303,shoulder_pan,0.0,0.0986,0.0,0.0879,2072,0,0,0,12.2,34,step_20,no_load,0.0
20.218208,0.910733,shoulder_pan,0.0,0.0986,0.0,0.0879,2072,0,0,0,12.2,34,step_20,no_load,0.0
20.228556,0.921081,shoulder_pan,0.0,0.0986,0.0,0.0879,2072,0,0,0,12.2,33,step_20,no_load,0.0
20.238955,0.93148,shoulder_pan,0.0,0.0986,0.0,0.0879,2072,0,0,0,12.2,34,step_20,no_load,0.0
20.249358,0.941882,shoulder_pan,0.0,0.0986,0.0,0.0879,2072,0,0,0,12.2,34,step_20,no_load,0.0
20.259566,0.952091,shoulder_pan,0.0,0.0986,0.0,0.0879,2072,0,0,0,12.2,34,step_20,no_load,0.0
20.270057,0.962582,shoulder_pan,0.0,0.0986,0.0,0.0879,2072,0,0,0,12.2,34,step_20,no_load,0.0
20.280434,0.972959,shoulder_pan,0.0,0.0986,0.0,0.0879,2072,0,0,0,12.2,34,step_20,no_load,0.0
20.291029,0.983554,shoulder_pan,0.0,0.0986,0.0,0.0879,2072,0,0,0,12.2,34,step_20,no_load,0.0
20.301187,0.993712,shoulder_pan,0.0,0.0986,0.0,0.0879,2072,0,0,0,12.2,34,step_20,no_load,0.0
20.311308,1.003833,shoulder_pan,0.0,0.0986,0.0,0.0879,2072,0,0,0,12.2,34,step_20,no_load,0.0
20.321811,1.014335,shoulder_pan,0.0,0.0986,0.0,0.0879,2072,0,0,0,12.2,34,step_20,no_load,0.0
20.332226,1.024751,shoulder_pan,0.0,0.0986,0.0,0.0879,2072,0,0,0,12.2,34,step_20,no_load,0.0
20.342526,1.035051,shoulder_pan,0.0,0.0986,0.0,0.0879,2072,0,0,0,12.2,34,step_20,no_load,0.0
20.352924,1.045449,shoulder_pan,0.0,0.0986,0.0,0.0879,2072,0,0,0,12.2,34,step_20,no_load,0.0
20.363075,1.0556,shoulder_pan,0.0,0.0986,0.0,0.0879,2072,0,0,0,12.2,34,step_20,no_load,0.0
20.373377,1.065902,shoulder_pan,0.0,0.0986,0.0,0.0879,2072,0,0,0,12.2,34,step_20,no_load,0.0
20.384289,1.076814,shoulder_pan,0.0,0.0986,0.0,0.0879,2072,0,0,0,12.2,34,step_20,no_load,0.0
20.394342,1.086867,shoulder_pan,0.0,0.0986,0.0,0.0879,2072,0,0,0,12.2,34,step_20,no_load,0.0
20.404766,1.097291,shoulder_pan,0.0,0.0986,0.0,0.0879,2072,0,0,0,12.2,34,step_20,no_load,0.0
20.415189,1.107713,shoulder_pan,0.0,0.0986,0.0,0.0879,2072,0,0,0,12.2,34,step_20,no_load,0.0
20.425485,1.11801,shoulder_pan,0.0,0.0986,0.0,0.0879,2072,0,0,0,12.2,34,step_20,no_load,0.0
20.435714,1.128239,shoulder_pan,0.0,0.0986,0.0,0.0879,2072,0,0,0,12.2,34,step_20,no_load,0.0
20.445977,1.138502,shoulder_pan,0.0,0.0986,0.0,0.0879,2072,0,0,0,12.2,34,step_20,no_load,0.0
20.456873,1.149398,shoulder_pan,0.0,0.0986,0.0,0.0879,2072,0,0,0,12.2,34,step_20,no_load,0.0
20.467622,1.160147,shoulder_pan,0.0,0.0986,0.0,0.0879,2072,0,0,0,12.2,34,step_20,no_load,0.0
20.478034,1.170559,shoulder_pan,0.0,0.0986,0.0,0.0879,2072,0,0,0,12.2,34,step_20,no_load,0.0
20.488332,1.180857,shoulder_pan,0.0,0.0986,0.0,0.0879,2072,0,0,0,12.2,34,step_20,no_load,0.0
20.498618,1.191143,shoulder_pan,0.0,0.0986,0.0,0.0879,2072,0,0,0,12.2,34,step_20,no_load,0.0
20.50956,3e-06,shoulder_pan,20.0,0.0986,17.8242,0.0879,2072,0,0,0,12.2,34,step_20,no_load,0.0
20.519843,0.010285,shoulder_pan,20.0,0.0986,17.8242,0.0879,2072,0,0,0,12.2,34,step_20,no_load,0.0
20.530138,0.02058,shoulder_pan,20.0,0.0986,17.8242,0.0879,2072,0,1060,0,12.2,34,step_20,no_load,0.0
20.541126,0.031568,shoulder_pan,20.0,0.0986,17.8242,0.0879,2072,0,1092,3,12.3,60,step_20,no_load,0.0
20.551377,0.04182,shoulder_pan,20.0,0.0986,17.8242,0.0879,2072,0,1180,8,12.2,34,step_20,no_load,0.0
20.561723,0.052166,shoulder_pan,20.0,0.0986,17.8242,0.0879,2072,0,1236,10,12.2,34,step_20,no_load,0.0
20.572127,0.06257,shoulder_pan,20.0,0.3945,17.8242,0.3516,2075,100,1324,19,12.1,34,step_20,no_load,25.346
20.583042,0.073484,shoulder_pan,20.0,1.0848,17.8242,0.9668,2082,100,1376,21,12.2,34,step_20,no_load,56.363
20.593782,0.084225,shoulder_pan,20.0,1.9724,17.8242,1.7578,2091,650,1436,27,12.1,34,step_20,no_load,73.65
20.605035,0.095478,shoulder_pan,20.0,3.0572,17.8242,2.7246,2102,650,1484,25,12.2,34,step_20,no_load,85.915
20.615434,0.105877,shoulder_pan,20.0,4.4379,17.8242,3.9551,2116,1050,1512,18,12.1,34,step_20,no_load,118.329
20.62609,0.116532,shoulder_pan,20.0,5.9172,17.8242,5.2734,2131,1050,1464,5,12.2,34,step_20,no_load,123.714
20.636766,0.127208,shoulder_pan,20.0,7.3964,17.8242,6.5918,2146,1400,1460,5,12.3,34,step_20,no_load,123.492
20.646931,0.137374,shoulder_pan,20.0,8.7771,17.8242,7.8223,2160,1400,1396,0,12.2,34,step_20,no_load,121.053
20.657486,0.147929,shoulder_pan,20.0,10.4536,17.8242,9.3164,2177,1450,1368,0,12.2,34,step_20,no_load,141.554
20.667699,0.158142,shoulder_pan,20.0,11.9329,17.8242,10.6348,2192,1450,1292,0,12.2,34,step_20,no_load,129.09
20.678377,0.16882,shoulder_pan,20.0,13.5108,17.8242,12.041,2208,1500,1236,0,12.3,34,step_20,no_load,131.691
20.68956,0.180003,shoulder_pan,20.0,14.7929,17.8242,13.1836,2221,1300,1144,0,12.2,34,step_20,no_load,102.173
20.699986,0.190429,shoulder_pan,20.0,15.6805,17.8242,13.9746,2230,1300,1112,0,12.2,34,step_20,no_load,75.868
20.711177,0.201619,shoulder_pan,20.0,16.2722,17.8242,14.502,2236,700,1120,0,12.2,34,step_20,no_load,47.127
20.721852,0.212294,shoulder_pan,20.0,16.7653,17.8242,14.9414,2241,700,1100,0,12.2,,step_20,no_load,41.162
20.732517,0.222959,shoulder_pan,20.0,17.1598,17.8242,15.293,2245,450,1112,0,12.2,34,step_20,no_load,32.968
20.742726,0.233168,shoulder_pan,20.0,17.4556,17.8242,15.5566,2248,450,1100,0,12.2,34,step_20,no_load,25.82
20.753436,0.243878,shoulder_pan,20.0,17.6529,17.8242,15.7324,2250,300,1100,0,12.2,34,step_20,no_load,16.415
20.76355,0.253993,shoulder_pan,20.0,17.8501,17.8242,15.9082,2252,300,1096,1,12.2,34,step_20,no_load,17.382
20.773649,0.264092,shoulder_pan,20.0,17.9487,17.8242,15.9961,2253,150,1104,0,12.2,34,step_20,no_load,8.704
20.783893,0.274335,shoulder_pan,20.0,18.0473,17.8242,16.084,2254,150,1100,1,12.2,33,step_20,no_load,8.581
20.794524,0.284966,shoulder_pan,20.0,18.0473,17.8242,16.084,2254,50,1108,1,12.2,34,step_20,no_load,0.0
20.804643,0.295086,shoulder_pan,20.0,18.2446,17.8242,16.2598,2256,50,1100,1,12.2,34,step_20,no_load,17.373
20.815304,0.305747,shoulder_pan,20.0,18.4418,17.8242,16.4355,2258,100,1092,0,12.2,34,step_20,no_load,16.481
20.825586,0.316028,shoulder_pan,20.0,18.5404,17.8242,16.5234,2259,100,1080,0,12.2,34,step_20,no_load,8.549
20.835981,0.326423,shoulder_pan,20.0,18.7377,17.8242,16.6992,2261,200,1072,0,12.2,34,step_20,no_load,16.912
20.846212,0.336655,shoulder_pan,20.0,18.9349,17.8242,16.875,2263,200,1060,0,12.3,34,step_20,no_load,17.183
20.856704,0.347146,shoulder_pan,20.0,19.1321,17.8242,17.0508,2265,200,1052,0,12.2,34,step_20,no_load,16.756
20.866888,0.357331,shoulder_pan,20.0,19.3294,17.8242,17.2266,2267,200,1044,0,12.2,34,step_20,no_load,17.262
20.877415,0.367857,shoulder_pan,20.0,19.5266,17.8242,17.4023,2269,200,0,0,12.3,34,step_20,no_load,16.69
20.888231,0.378674,shoulder_pan,20.0,19.7239,17.8242,17.5781,2271,150,20,0,12.2,34,step_20,no_load,16.254
20.898331,0.388773,shoulder_pan,20.0,19.8225,17.8242,17.666,2272,150,24,0,12.2,34,step_20,no_load,8.703
20.909337,0.39978,shoulder_pan,20.0,19.8225,17.8242,17.666,2272,50,20,0,12.2,34,step_20,no_load,0.0
20.919794,0.410237,shoulder_pan,20.0,19.8225,17.8242,17.666,2272,50,20,0,12.2,34,step_20,no_load,0.0
20.930074,0.420516,shoulder_pan,20.0,19.8225,17.8242,17.666,2272,0,1044,0,12.2,34,step_20,no_load,0.0
20.940561,0.431003,shoulder_pan,20.0,19.8225,17.8242,17.666,2272,0,1044,0,12.2,34,step_20,no_load,0.0
20.951574,0.442016,shoulder_pan,20.0,19.7239,17.8242,17.5781,2271,-50,1048,0,12.2,34,step_20,no_load,-7.981
20.962051,0.452493,shoulder_pan,20.0,19.6252,17.8242,17.4902,2270,-50,1052,1,12.2,34,step_20,no_load,-8.39
20.972753,0.463196,shoulder_pan,20.0,19.5266,17.8242,17.4023,2269,-100,1064,1,12.1,34,step_20,no_load,-8.213
20.98302,0.473463,shoulder_pan,20.0,19.428,17.8242,17.3145,2268,-100,1068,1,12.2,34,step_20,no_load,-8.552
20.993741,0.484184,shoulder_pan,20.0,19.428,17.8242,17.3145,2268,-50,1072,1,12.2,34,step_20,no_load,0.0
21.004164,0.494606,shoulder_pan,20.0,19.3294,17.8242,17.2266,2267,-50,1068,1,12.2,34,step_20,no_load,-8.433
21.014854,0.505296,shoulder_pan,20.0,19.3294,17.8242,17.2266,2267,-50,1068,1,12.2,34,step_20,no_load,0.0
21.025585,0.516027,shoulder_pan,20.0,19.3294,17.8242,17.2266,2267,-50,1064,1,12.2,34,step_20,no_load,0.0
21.036028,0.526471,shoulder_pan,20.0,19.3294,17.8242,17.2266,2267,0,1064,0,12.2,34,step_20,no_load,0.0
21.046721,0.537164,shoulder_pan,20.0,19.3294,17.8242,17.2266,2267,0,1064,1,12.2,34,step_20,no_load,0.0
21.057514,0.547956,shoulder_pan,20.0,19.3294,17.8242,17.2266,2267,0,1064,1,12.2,34,step_20,no_load,0.0
21.068248,0.558691,shoulder_pan,20.0,19.3294,17.8242,17.2266,2267,0,1064,0,12.2,34,step_20,no_load,0.0
21.080071,0.570514,shoulder_pan,20.0,19.3294,17.8242,17.2266,2267,0,1064,1,12.2,34,step_20,no_load,0.0
21.090303,0.580745,shoulder_pan,20.0,19.3294,17.8242,17.2266,2267,0,1064,0,12.2,34,step_20,no_load,0.0
21.100527,0.59097,shoulder_pan,20.0,19.3294,17.8242,17.2266,2267,0,1064,1,12.2,34,step_20,no_load,0.0
21.110749,0.601192,shoulder_pan,20.0,19.3294,17.8242,17.2266,2267,0,1064,1,12.2,34,step_20,no_load,0.0
21.121142,0.611585,shoulder_pan,20.0,19.3294,17.8242,17.2266,2267,0,1064,1,12.2,34,step_20,no_load,0.0
21.131337,0.62178,shoulder_pan,20.0,19.3294,17.8242,17.2266,2267,0,1064,1,12.2,34,step_20,no_load,0.0
21.141821,0.632264,shoulder_pan,20.0,19.3294,17.8242,17.2266,2267,0,1064,1,12.2,34,step_20,no_load,0.0
21.152346,0.642788,shoulder_pan,20.0,19.3294,17.8242,17.2266,2267,0,1064,0,12.2,34,step_20,no_load,0.0
21.162462,0.652904,shoulder_pan,20.0,19.3294,17.8242,17.2266,2267,0,1064,1,12.2,34,step_20,no_load,0.0
21.173034,0.663476,shoulder_pan,20.0,19.3294,17.8242,17.2266,2267,0,1064,1,12.2,34,step_20,no_load,0.0
21.183477,0.673919,shoulder_pan,20.0,19.3294,17.8242,17.2266,2267,0,1064,1,12.2,34,step_20,no_load,0.0
21.194755,0.685197,shoulder_pan,20.0,19.3294,17.8242,17.2266,2267,0,1064,1,12.2,34,step_20,no_load,0.0
21.204947,0.695389,shoulder_pan,20.0,19.3294,17.8242,17.2266,2267,0,1064,1,12.2,34,step_20,no_load,0.0
21.21561,0.706053,shoulder_pan,20.0,19.3294,17.8242,17.2266,2267,0,1064,1,12.2,34,step_20,no_load,0.0
21.22582,0.716263,shoulder_pan,20.0,19.3294,17.8242,17.2266,2267,0,1064,1,12.2,34,step_20,no_load,0.0
21.23601,0.726453,shoulder_pan,20.0,19.3294,17.8242,17.2266,2267,0,1064,1,12.2,34,step_20,no_load,0.0
21.246521,0.736964,shoulder_pan,20.0,19.3294,17.8242,17.2266,2267,0,1064,1,12.2,34,step_20,no_load,0.0
21.256792,0.747234,shoulder_pan,20.0,19.3294,17.8242,17.2266,2267,0,1064,1,12.2,34,step_20,no_load,0.0
21.266997,0.75744,shoulder_pan,20.0,19.3294,17.8242,17.2266,2267,0,1064,1,12.2,34,step_20,no_load,0.0
21.277222,0.767665,shoulder_pan,20.0,19.3294,17.8242,17.2266,2267,0,1064,1,12.2,34,step_20,no_load,0.0
21.287822,0.778265,shoulder_pan,20.0,19.3294,17.8242,17.2266,2267,0,1064,1,12.2,34,step_20,no_load,0.0
21.298641,0.789084,shoulder_pan,20.0,19.3294,17.8242,17.2266,2267,0,1064,0,12.2,34,step_20,no_load,0.0
21.308829,0.799272,shoulder_pan,20.0,19.3294,17.8242,17.2266,2267,0,1064,1,12.2,34,step_20,no_load,0.0
21.319154,0.809597,shoulder_pan,20.0,19.3294,17.8242,17.2266,2267,0,1064,1,12.2,34,step_20,no_load,0.0
21.329495,0.819938,shoulder_pan,20.0,19.3294,17.8242,17.2266,2267,0,1064,1,12.2,34,step_20,no_load,0.0
21.339762,0.830205,shoulder_pan,20.0,19.3294,17.8242,17.2266,2267,0,1064,1,12.2,34,step_20,no_load,0.0
21.349987,0.840429,shoulder_pan,20.0,19.3294,17.8242,17.2266,2267,0,1064,1,12.2,34,step_20,no_load,0.0
21.360208,0.850651,shoulder_pan,20.0,19.3294,17.8242,17.2266,2267,0,1064,1,12.2,34,step_20,no_load,0.0
21.370346,0.860788,shoulder_pan,20.0,19.3294,17.8242,17.2266,2267,0,1064,0,12.2,34,step_20,no_load,0.0
21.38056,0.871002,shoulder_pan,20.0,19.3294,17.8242,17.2266,2267,0,1064,1,12.2,34,step_20,no_load,0.0
21.391049,0.881492,shoulder_pan,20.0,19.3294,17.8242,17.2266,2267,0,1064,1,12.2,34,step_20,no_load,0.0
21.401872,0.892315,shoulder_pan,20.0,19.3294,17.8242,17.2266,2267,0,1064,0,12.2,34,step_20,no_load,0.0
21.41234,0.902783,shoulder_pan,20.0,19.3294,17.8242,17.2266,2267,0,1064,1,12.2,34,step_20,no_load,0.0
21.422632,0.913075,shoulder_pan,20.0,19.3294,17.8242,17.2266,2267,0,1064,1,12.2,34,step_20,no_load,0.0
21.432959,0.923402,shoulder_pan,20.0,19.3294,17.8242,17.2266,2267,0,1064,1,12.2,34,step_20,no_load,0.0
21.443407,0.93385,shoulder_pan,20.0,19.3294,17.8242,17.2266,2267,0,1064,1,12.2,34,step_20,no_load,0.0
21.454407,0.944849,shoulder_pan,20.0,19.3294,17.8242,17.2266,2267,0,1064,0,12.3,34,step_20,no_load,0.0
21.464686,0.955128,shoulder_pan,20.0,19.3294,17.8242,17.2266,2267,0,1064,0,12.2,34,step_20,no_load,0.0
21.47484,0.965283,shoulder_pan,20.0,19.3294,17.8242,17.2266,2267,0,1064,1,12.2,34,step_20,no_load,0.0
21.485073,0.975516,shoulder_pan,20.0,19.3294,17.8242,17.2266,2267,0,1064,0,12.2,34,step_20,no_load,0.0
21.495521,0.985963,shoulder_pan,20.0,19.3294,17.8242,17.2266,2267,0,1064,1,12.2,34,step_20,no_load,0.0
21.505615,0.996057,shoulder_pan,20.0,19.3294,17.8242,17.2266,2267,0,1064,0,12.2,34,step_20,no_load,0.0
21.51586,1.006303,shoulder_pan,20.0,19.3294,17.8242,17.2266,2267,0,1064,1,12.2,34,step_20,no_load,0.0
21.526064,1.016506,shoulder_pan,20.0,19.3294,17.8242,17.2266,2267,0,1064,1,12.2,34,step_20,no_load,0.0
21.536997,1.027439,shoulder_pan,20.0,19.3294,17.8242,17.2266,2267,0,1064,1,12.2,34,step_20,no_load,0.0
21.547509,1.037952,shoulder_pan,20.0,19.3294,17.8242,17.2266,2267,0,1064,1,12.2,34,step_20,no_load,0.0
21.558117,1.04856,shoulder_pan,20.0,19.3294,17.8242,17.2266,2267,0,1064,1,12.2,34,step_20,no_load,0.0
21.568369,1.058812,shoulder_pan,20.0,19.3294,17.8242,17.2266,2267,0,1064,0,12.2,34,step_20,no_load,0.0
21.579405,1.069848,shoulder_pan,20.0,19.3294,17.8242,17.2266,2267,0,1064,0,12.2,34,step_20,no_load,0.0
21.589968,1.080411,shoulder_pan,20.0,19.3294,17.8242,17.2266,2267,0,1064,0,12.2,34,step_20,no_load,0.0
21.600334,1.090776,shoulder_pan,20.0,19.3294,17.8242,17.2266,2267,0,1064,1,12.2,34,step_20,no_load,0.0
21.610773,1.101216,shoulder_pan,20.0,19.3294,17.8242,17.2266,2267,0,1064,1,12.2,34,step_20,no_load,0.0
21.621186,1.111629,shoulder_pan,20.0,19.3294,17.8242,17.2266,2267,0,1064,1,12.2,34,step_20,no_load,0.0
21.631969,1.122412,shoulder_pan,20.0,19.3294,17.8242,17.2266,2267,0,1064,1,12.2,34,step_20,no_load,0.0
21.642528,1.13297,shoulder_pan,20.0,19.3294,17.8242,17.2266,2267,0,1064,1,12.2,34,step_20,no_load,0.0
21.652909,1.143351,shoulder_pan,20.0,19.3294,17.8242,17.2266,2267,0,1064,1,12.2,34,step_20,no_load,0.0
21.663545,1.153988,shoulder_pan,20.0,19.3294,17.8242,17.2266,2267,0,1064,1,12.2,34,step_20,no_load,0.0
21.674005,1.164447,shoulder_pan,20.0,19.3294,17.8242,17.2266,2267,0,1064,0,12.2,34,step_20,no_load,0.0
21.684557,1.174999,shoulder_pan,20.0,19.3294,17.8242,17.2266,2267,0,1064,1,12.2,34,step_20,no_load,0.0
21.694963,1.185405,shoulder_pan,20.0,19.3294,17.8242,17.2266,2267,0,1064,1,12.2,34,step_20,no_load,0.0
21.705626,1.196069,shoulder_pan,20.0,19.3294,17.8242,17.2266,2267,0,1064,1,12.2,34,step_20,no_load,0.0
21.717856,8e-06,shoulder_pan,0.0,19.3294,0.0,17.2266,2267,0,1060,1,12.2,34,step_20,no_load,0.0
21.727912,0.010065,shoulder_pan,0.0,19.3294,0.0,17.2266,2267,0,1052,0,12.2,34,step_20,no_load,0.0
21.738878,0.02103,shoulder_pan,0.0,19.3294,0.0,17.2266,2267,0,20,0,12.2,34,step_20,no_load,0.0
21.749082,0.031234,shoulder_pan,0.0,19.3294,0.0,17.2266,2267,0,72,1,12.2,34,step_20,no_load,0.0
21.759264,0.041416,shoulder_pan,0.0,19.3294,0.0,17.2266,2267,0,112,4,12.2,34,step_20,no_load,0.0
21.769414,0.051566,shoulder_pan,0.0,19.3294,0.0,17.2266,2267,0,212,11,12.2,34,step_20,no_load,0.0
21.779743,0.061895,shoulder_pan,0.0,19.2308,0.0,17.1387,2266,0,276,22,12.1,34,step_20,no_load,-8.51
21.790478,0.07263,shoulder_pan,0.0,18.6391,0.0,16.6113,2260,-200,360,22,12.2,34,step_20,no_load,-49.129
21.80113,0.083282,shoulder_pan,0.0,17.8501,0.0,15.9082,2252,-200,412,22,12.2,34,step_20,no_load,-66.006
21.812311,0.094463,shoulder_pan,0.0,16.7653,0.0,14.9414,2241,-750,456,27,12.2,34,step_20,no_load,-86.468
21.822776,0.104928,shoulder_pan,0.0,15.4832,0.0,13.7988,2228,-750,468,23,12.2,34,step_20,no_load,-109.183
21.832915,0.115067,shoulder_pan,0.0,14.1026,0.0,12.5684,2214,-1200,484,16,12.2,34,step_20,no_load,-121.353
21.843325,0.125477,shoulder_pan,0.0,12.6233,0.0,11.25,2199,-1200,412,1,12.2,34,step_20,no_load,-126.647
21.853767,0.135919,shoulder_pan,0.0,10.9467,0.0,9.7559,2182,-1500,384,0,12.2,34,step_20,no_load,-143.086
21.864014,0.146166,shoulder_pan,0.0,9.2702,0.0,8.2617,2165,-1600,296,0,12.2,34,step_20,no_load,-145.818
21.874734,0.156886,shoulder_pan,0.0,7.4951,0.0,6.6797,2147,-1600,260,0,12.2,34,step_20,no_load,-147.575
21.884927,0.167079,shoulder_pan,0.0,6.4103,0.0,5.7129,2136,-1350,192,0,12.2,34,step_20,no_load,-94.849
21.896058,0.178211,shoulder_pan,0.0,5.3254,0.0,4.7461,2125,-1350,148,0,12.2,34,step_20,no_load,-86.857
21.906237,0.188389,shoulder_pan,0.0,4.5365,0.0,4.043,2117,-900,112,0,12.2,34,step_20,no_load,-69.074
21.91644,0.198593,shoulder_pan,0.0,3.8462,0.0,3.4277,2110,-900,88,0,12.2,34,step_20,no_load,-60.306
21.926925,0.209077,shoulder_pan,0.0,3.3531,0.0,2.9883,2105,-600,92,0,12.2,34,step_20,no_load,-41.907
21.937144,0.219297,shoulder_pan,0.0,2.9586,0.0,2.6367,2101,-600,80,0,12.2,34,step_20,no_load,-34.406
21.947743,0.229895,shoulder_pan,0.0,2.7613,0.0,2.4609,2099,-300,92,0,12.2,34,step_20,no_load,-16.586
21.958342,0.240494,shoulder_pan,0.0,2.6627,0.0,2.373,2098,-300,92,1,12.2,34,step_20,no_load,-8.293
21.969283,0.251436,shoulder_pan,0.0,2.6627,0.0,2.373,2098,-50,112,2,12.2,34,step_20,no_load,0.0
21.979609,0.261762,shoulder_pan,0.0,2.5641,0.0,2.2852,2097,-50,112,2,12.2,34,step_20,no_load,-8.503
21.990168,0.272321,shoulder_pan,0.0,2.2682,0.0,2.0215,2094,-100,100,2,12.2,34,step_20,no_load,-24.974
22.000946,0.283098,shoulder_pan,0.0,1.9724,0.0,1.7578,2091,-100,68,0,12.2,34,step_20,no_load,-24.467
22.011311,0.293463,shoulder_pan,0.0,1.6765,0.0,1.4941,2088,-300,52,0,12.2,34,step_20,no_load,-25.441
22.022386,0.304538,shoulder_pan,0.0,1.2821,0.0,1.1426,2084,-300,32,0,12.2,34,step_20,no_load,-31.738
22.03334,0.315492,shoulder_pan,0.0,0.8876,0.0,0.791,2080,-350,0,1,12.2,34,step_20,no_load,-32.098
22.043531,0.325683,shoulder_pan,0.0,0.5917,0.0,0.5273,2077,-350,1052,1,12.2,34,step_20,no_load,-25.876
22.05406,0.336213,shoulder_pan,0.0,0.3945,0.0,0.3516,2075,-350,1056,0,12.2,34,step_20,no_load,-16.687
22.064417,0.346569,shoulder_pan,0.0,0.3945,0.0,0.3516,2075,-50,20,0,12.2,34,step_20,no_load,0.0
22.074466,0.356618,shoulder_pan,0.0,0.3945,0.0,0.3516,2075,-50,20,0,12.2,34,step_20,no_load,0.0
22.084774,0.366926,shoulder_pan,0.0,0.4931,0.0,0.4395,2076,50,32,1,12.2,34,step_20,no_load,8.527
22.094947,0.3771,shoulder_pan,0.0,0.6903,0.0,0.6152,2078,50,40,0,12.3,34,step_20,no_load,17.271
22.105362,0.387514,shoulder_pan,0.0,0.8876,0.0,0.791,2080,200,64,2,12.2,34,step_20,no_load,16.88
22.115467,0.39762,shoulder_pan,0.0,0.9862,0.0,0.8789,2081,200,68,2,12.3,34,step_20,no_load,8.699
22.1257,0.407852,shoulder_pan,0.0,0.9862,0.0,0.8789,2081,50,60,1,12.2,34,step_20,no_load,0.0
22.136662,0.418814,shoulder_pan,0.0,0.9862,0.0,0.8789,2081,50,60,0,12.2,34,step_20,no_load,0.0
22.147324,0.429476,shoulder_pan,0.0,0.8876,0.0,0.791,2080,-50,48,1,12.2,34,step_20,no_load,-8.244
22.157789,0.439941,shoulder_pan,0.0,0.6903,0.0,0.6152,2078,-50,40,0,12.2,34,step_20,no_load,-16.799
22.168466,0.450619,shoulder_pan,0.0,0.4931,0.0,0.4395,2076,-150,0,0,12.2,34,step_20,no_load,-16.456
22.178964,0.461117,shoulder_pan,0.0,0.1972,0.0,0.1758,2073,-150,1056,0,12.2,34,step_20,no_load,-25.119
22.189584,0.471737,shoulder_pan,0.0,0.0,0.0,0.0,2071,-250,1060,1,12.2,34,step_20,no_load,-16.554
22.199876,0.482029,shoulder_pan,0.0,-0.0986,0.0,-0.0879,2070,-250,1044,0,12.2,34,step_20,no_load,-8.541
22.210814,0.492966,shoulder_pan,0.0,-0.0986,0.0,-0.0879,2070,-100,1044,0,12.2,34,step_20,no_load,0.0
22.221303,0.503455,shoulder_pan,0.0,-0.0986,0.0,-0.0879,2070,-100,0,0,12.2,34,step_20,no_load,0.0
22.232231,0.514383,shoulder_pan,0.0,-0.0986,0.0,-0.0879,2070,0,0,0,12.2,34,step_20,no_load,0.0
22.242727,0.52488,shoulder_pan,0.0,0.0986,0.0,0.0879,2072,0,0,0,12.2,34,step_20,no_load,16.749
22.253469,0.535621,shoulder_pan,0.0,0.1972,0.0,0.1758,2073,100,20,0,12.2,34,step_20,no_load,8.183
22.264108,0.54626,shoulder_pan,0.0,0.2959,0.0,0.2637,2074,100,32,0,12.2,34,step_20,no_load,8.262
22.275084,0.557237,shoulder_pan,0.0,0.3945,0.0,0.3516,2075,100,36,1,12.2,34,step_20,no_load,8.008
22.285395,0.567547,shoulder_pan,0.0,0.3945,0.0,0.3516,2075,50,32,1,12.2,34,step_20,no_load,0.0
22.295987,0.57814,shoulder_pan,0.0,0.4931,0.0,0.4395,2076,50,36,1,12.2,34,step_20,no_load,8.299
22.306396,0.588549,shoulder_pan,0.0,0.4931,0.0,0.4395,2076,50,36,0,12.2,34,step_20,no_load,0.0
22.316665,0.598817,shoulder_pan,0.0,0.4931,0.0,0.4395,2076,50,36,0,12.2,34,step_20,no_load,0.0
22.3269,0.609052,shoulder_pan,0.0,0.4931,0.0,0.4395,2076,0,32,1,12.2,34,step_20,no_load,0.0
22.33708,0.619232,shoulder_pan,0.0,0.3945,0.0,0.3516,2075,0,28,0,12.2,34,step_20,no_load,-8.635
22.347431,0.629584,shoulder_pan,0.0,0.3945,0.0,0.3516,2075,-50,24,0,12.2,34,step_20,no_load,0.0
22.358091,0.640243,shoulder_pan,0.0,0.2959,0.0,0.2637,2074,-50,20,0,12.2,34,step_20,no_load,-8.246
22.368612,0.650764,shoulder_pan,0.0,0.2959,0.0,0.2637,2074,-50,20,0,12.2,34,step_20,no_load,0.0
22.378869,0.661021,shoulder_pan,0.0,0.2959,0.0,0.2637,2074,-50,20,0,12.2,34,step_20,no_load,0.0
22.389785,0.671937,shoulder_pan,0.0,0.1972,0.0,0.1758,2073,0,20,0,12.2,34,step_20,no_load,-8.052
22.400041,0.682193,shoulder_pan,0.0,0.1972,0.0,0.1758,2073,0,0,0,12.2,34,step_20,no_load,0.0
22.410158,0.69231,shoulder_pan,0.0,0.1972,0.0,0.1758,2073,-50,1044,0,12.2,34,step_20,no_load,0.0
22.42072,0.702873,shoulder_pan,0.0,0.0986,0.0,0.0879,2072,-50,1044,0,12.2,34,step_20,no_load,-8.322
22.430946,0.713098,shoulder_pan,0.0,0.0986,0.0,0.0879,2072,-50,1044,0,12.2,34,step_20,no_load,0.0
22.441582,0.723735,shoulder_pan,0.0,0.0986,0.0,0.0879,2072,-50,0,0,12.2,34,step_20,no_load,0.0
22.452248,0.7344,shoulder_pan,0.0,0.0986,0.0,0.0879,2072,0,0,0,12.2,34,step_20,no_load,0.0
22.462643,0.744795,shoulder_pan,0.0,0.0986,0.0,0.0879,2072,0,0,0,12.2,34,step_20,no_load,0.0
22.473889,0.756041,shoulder_pan,0.0,0.0986,0.0,0.0879,2072,0,0,0,12.2,34,step_20,no_load,0.0
22.484903,0.767055,shoulder_pan,0.0,0.0986,0.0,0.0879,2072,0,0,0,12.2,34,step_20,no_load,0.0
22.495336,0.777488,shoulder_pan,0.0,0.0986,0.0,0.0879,2072,0,0,0,12.2,34,step_20,no_load,0.0
22.506003,0.788155,shoulder_pan,0.0,0.0986,0.0,0.0879,2072,0,0,0,12.2,34,step_20,no_load,0.0
22.516214,0.798366,shoulder_pan,0.0,0.0986,0.0,0.0879,2072,0,0,0,12.2,34,step_20,no_load,0.0
22.526409,0.808561,shoulder_pan,0.0,0.0986,0.0,0.0879,2072,0,0,0,12.2,34,step_20,no_load,0.0
22.536783,0.818935,shoulder_pan,0.0,0.0986,0.0,0.0879,2072,0,0,0,12.2,34,step_20,no_load,0.0
22.547343,0.829495,shoulder_pan,0.0,0.0986,0.0,0.0879,2072,0,0,0,12.2,34,step_20,no_load,0.0
22.55773,0.839883,shoulder_pan,0.0,0.0986,0.0,0.0879,2072,0,0,0,12.2,34,step_20,no_load,0.0
22.56849,0.850642,shoulder_pan,0.0,0.0986,0.0,0.0879,2072,0,0,0,12.2,34,step_20,no_load,0.0
22.578717,0.860869,shoulder_pan,0.0,0.0986,0.0,0.0879,2072,0,0,0,12.2,34,step_20,no_load,0.0
22.589513,0.871665,shoulder_pan,0.0,0.0986,0.0,0.0879,2072,0,0,0,12.2,34,step_20,no_load,0.0
22.599931,0.882083,shoulder_pan,0.0,0.0986,0.0,0.0879,2072,0,0,0,12.2,34,step_20,no_load,0.0
22.61088,0.893032,shoulder_pan,0.0,0.0986,0.0,0.0879,2072,0,0,0,12.2,34,step_20,no_load,0.0
22.62115,0.903303,shoulder_pan,0.0,0.0986,0.0,0.0879,2072,0,0,0,12.2,34,step_20,no_load,0.0
22.631542,0.913695,shoulder_pan,0.0,0.0986,0.0,0.0879,2072,0,0,0,12.2,34,step_20,no_load,0.0
22.641885,0.924038,shoulder_pan,0.0,0.0986,0.0,0.0879,2072,0,0,0,12.2,34,step_20,no_load,0.0
22.652143,0.934296,shoulder_pan,0.0,0.0986,0.0,0.0879,2072,0,0,0,12.2,34,step_20,no_load,0.0
22.663097,0.94525,shoulder_pan,0.0,0.0986,0.0,0.0879,2072,0,0,0,12.2,34,step_20,no_load,0.0
22.67343,0.955582,shoulder_pan,0.0,0.0986,0.0,0.0879,2072,0,0,0,12.2,34,step_20,no_load,0.0
22.684486,0.966638,shoulder_pan,0.0,0.0986,0.0,0.0879,2072,0,0,0,12.2,34,step_20,no_load,0.0
22.694871,0.977023,shoulder_pan,0.0,0.0986,0.0,0.0879,2072,0,0,0,12.2,34,step_20,no_load,0.0
22.705082,0.987235,shoulder_pan,0.0,0.0986,0.0,0.0879,2072,0,0,0,12.2,34,step_20,no_load,0.0
22.715557,0.99771,shoulder_pan,0.0,0.0986,0.0,0.0879,2072,0,0,0,12.2,34,step_20,no_load,0.0
22.725865,1.008017,shoulder_pan,0.0,0.0986,0.0,0.0879,2072,0,0,0,12.2,34,step_20,no_load,0.0
22.736077,1.018229,shoulder_pan,0.0,0.0986,0.0,0.0879,2072,0,0,0,12.2,34,step_20,no_load,0.0
22.747022,1.029174,shoulder_pan,0.0,0.0986,0.0,0.0879,2072,0,0,0,12.2,34,step_20,no_load,0.0
22.757818,1.03997,shoulder_pan,0.0,0.0986,0.0,0.0879,2072,0,0,0,12.2,34,step_20,no_load,0.0
22.768255,1.050408,shoulder_pan,0.0,0.0986,0.0,0.0879,2072,0,0,0,12.2,34,step_20,no_load,0.0
22.77863,1.060782,shoulder_pan,0.0,0.0986,0.0,0.0879,2072,0,0,0,12.2,34,step_20,no_load,0.0
22.789134,1.071286,shoulder_pan,0.0,0.0986,0.0,0.0879,2072,0,0,0,12.2,34,step_20,no_load,0.0
22.799974,1.082127,shoulder_pan,0.0,0.0986,0.0,0.0879,2072,0,0,0,12.2,34,step_20,no_load,0.0
22.810677,1.092829,shoulder_pan,0.0,0.0986,0.0,0.0879,2072,0,0,0,12.2,34,step_20,no_load,0.0
22.821257,1.103409,shoulder_pan,0.0,0.0986,0.0,0.0879,2072,0,0,0,12.2,34,step_20,no_load,0.0
22.831685,1.113837,shoulder_pan,0.0,0.0986,0.0,0.0879,2072,0,0,0,12.2,34,step_20,no_load,0.0
22.842434,1.124587,shoulder_pan,0.0,0.0986,0.0,0.0879,2072,0,0,0,12.2,34,step_20,no_load,0.0
22.853089,1.135242,shoulder_pan,0.0,0.0986,0.0,0.0879,2072,0,0,0,12.2,34,step_20,no_load,0.0
22.864168,1.14632,shoulder_pan,0.0,0.0986,0.0,0.0879,2072,0,0,0,12.2,34,step_20,no_load,0.0
22.874988,1.15714,shoulder_pan,0.0,0.0986,0.0,0.0879,2072,0,0,0,12.2,34,step_20,no_load,0.0
22.885253,1.167405,shoulder_pan,0.0,0.0986,0.0,0.0879,2072,0,0,0,12.2,34,step_20,no_load,0.0
22.896126,1.178278,shoulder_pan,0.0,0.0986,0.0,0.0879,2072,0,0,0,12.2,34,step_20,no_load,0.0
22.906346,1.188499,shoulder_pan,0.0,0.0986,0.0,0.0879,2072,0,0,0,12.2,34,step_20,no_load,0.0
22.916569,1.198722,shoulder_pan,0.0,0.0986,0.0,0.0879,2072,0,0,0,12.2,34,step_20,no_load,0.0
22.928206,3e-06,shoulder_pan,20.0,0.0986,17.8242,0.0879,2072,0,0,0,12.2,34,step_20,no_load,0.0
22.939364,0.011161,shoulder_pan,20.0,0.0986,17.8242,0.0879,2072,0,0,0,12.2,34,step_20,no_load,0.0
22.949703,0.0215,shoulder_pan,20.0,0.0986,17.8242,0.0879,2072,0,1060,1,12.2,34,step_20,no_load,0.0
22.96013,0.031927,shoulder_pan,20.0,0.0986,17.8242,0.0879,2072,0,1132,4,12.2,34,step_20,no_load,0.0
22.970522,0.042319,shoulder_pan,20.0,0.0986,17.8242,0.0879,2072,0,1176,6,12.2,34,step_20,no_load,0.0
22.981843,0.05364,shoulder_pan,20.0,0.1972,17.8242,0.1758,2073,50,1272,14,12.2,34,step_20,no_load,7.764
22.992542,0.064339,shoulder_pan,20.0,0.5917,17.8242,0.5273,2077,50,1320,18,12.2,34,step_20,no_load,32.854
23.002958,0.074755,shoulder_pan,20.0,1.1834,17.8242,1.0547,2083,500,1384,21,12.1,34,step_20,no_load,50.634
23.013913,0.08571,shoulder_pan,20.0,2.071,17.8242,1.8457,2092,500,1432,24,12.2,34,step_20,no_load,72.204
23.024863,0.09666,shoulder_pan,20.0,3.1558,17.8242,2.8125,2103,900,1492,26,12.2,34,step_20,no_load,88.292
23.035338,0.107135,shoulder_pan,20.0,4.5365,17.8242,4.043,2117,900,1516,11,12.2,34,step_20,no_load,117.47
23.046014,0.117811,shoulder_pan,20.0,6.0158,17.8242,5.3613,2132,1300,1492,10,12.2,34,step_20,no_load,123.483
23.05619,0.127987,shoulder_pan,20.0,7.4951,17.8242,6.6797,2147,1300,1416,0,12.2,34,step_20,no_load,129.56
23.066509,0.138306,shoulder_pan,20.0,8.9744,17.8242,7.998,2162,1450,1404,0,12.2,34,step_20,no_load,127.755
23.077431,0.149227,shoulder_pan,20.0,10.6509,17.8242,9.4922,2179,1450,1332,0,12.2,34,step_20,no_load,136.806
23.08777,0.159567,shoulder_pan,20.0,12.0316,17.8242,10.7227,2193,1500,1300,0,12.2,34,step_20,no_load,119.015
23.098123,0.16992,shoulder_pan,20.0,13.7081,17.8242,12.2168,2210,1500,1192,0,12.2,33,step_20,no_load,144.316
23.108381,0.180178,shoulder_pan,20.0,14.8915,17.8242,13.2715,2222,1450,1152,0,12.2,34,step_20,no_load,102.817
23.119204,0.191001,shoulder_pan,20.0,15.6805,17.8242,13.9746,2230,1450,1128,0,12.2,34,step_20,no_load,64.964
23.12964,0.201437,shoulder_pan,20.0,16.2722,17.8242,14.502,2236,850,1112,0,12.2,34,step_20,no_load,50.537
23.140286,0.212083,shoulder_pan,20.0,16.7653,17.8242,14.9414,2241,850,1120,0,12.2,34,step_20,no_load,41.274
23.151153,0.22295,shoulder_pan,20.0,17.1598,17.8242,15.293,2245,500,1108,0,12.2,34,step_20,no_load,32.355
23.161904,0.233701,shoulder_pan,20.0,17.5542,17.8242,15.6445,2249,350,1104,0,12.2,34,step_20,no_load,32.695
23.172145,0.243942,shoulder_pan,20.0,17.7515,17.8242,15.8203,2251,350,1096,0,12.2,34,step_20,no_load,17.166
23.182282,0.254079,shoulder_pan,20.0,17.8501,17.8242,15.9082,2252,150,1108,1,12.2,34,step_20,no_load,8.671
23.192508,0.264305,shoulder_pan,20.0,17.9487,17.8242,15.9961,2253,150,1104,0,12.2,34,step_20,no_load,8.596
23.203629,0.275426,shoulder_pan,20.0,18.0473,17.8242,16.084,2254,100,1112,0,12.2,34,step_20,no_load,7.904
23.214039,0.285836,shoulder_pan,20.0,18.146,17.8242,16.1719,2255,100,1108,0,12.2,34,step_20,no_load,8.444
23.224551,0.296348,shoulder_pan,20.0,18.2446,17.8242,16.2598,2256,100,1100,0,12.2,34,step_20,no_load,8.362
23.234856,0.306653,shoulder_pan,20.0,18.5404,17.8242,16.5234,2259,100,1080,0,12.2,34,step_20,no_load,25.58
23.244953,0.31675,shoulder_pan,20.0,18.6391,17.8242,16.6113,2260,150,1076,0,12.2,34,step_20,no_load,8.706
23.255624,0.327421,shoulder_pan,20.0,18.8363,17.8242,16.7871,2262,150,1072,0,12.2,34,step_20,no_load,16.475
23.266584,0.338381,shoulder_pan,20.0,19.0335,17.8242,16.9629,2264,200,1064,0,12.2,34,step_20,no_load,16.04
23.277126,0.348923,shoulder_pan,20.0,19.1321,17.8242,17.0508,2265,200,1052,0,12.2,34,step_20,no_load,8.338
23.287564,0.359361,shoulder_pan,20.0,19.428,17.8242,17.3145,2268,150,1044,0,12.2,34,step_20,no_load,25.263
23.297737,0.369534,shoulder_pan,20.0,19.5266,17.8242,17.4023,2269,150,1044,0,12.2,34,step_20,no_load,8.631
23.308036,0.379833,shoulder_pan,20.0,19.6252,17.8242,17.4902,2270,200,20,0,12.2,34,step_20,no_load,8.535
23.31821,0.390007,shoulder_pan,20.0,19.8225,17.8242,17.666,2272,200,24,0,12.2,34,step_20,no_load,17.279
23.328586,0.400383,shoulder_pan,20.0,19.8225,17.8242,17.666,2272,100,24,0,12.2,34,step_20,no_load,0.0
23.338973,0.41077,shoulder_pan,20.0,19.8225,17.8242,17.666,2272,100,1044,0,12.2,34,step_20,no_load,0.0
23.349278,0.421075,shoulder_pan,20.0,19.8225,17.8242,17.666,2272,0,1044,0,12.2,34,step_20,no_load,0.0
23.359587,0.431384,shoulder_pan,20.0,19.8225,17.8242,17.666,2272,0,1044,0,12.2,34,step_20,no_load,0.0
23.369726,0.441522,shoulder_pan,20.0,19.8225,17.8242,17.666,2272,0,1044,0,12.2,34,step_20,no_load,0.0
23.380204,0.452001,shoulder_pan,20.0,19.7239,17.8242,17.5781,2271,0,1052,0,12.2,34,step_20,no_load,-8.389
23.390349,0.462146,shoulder_pan,20.0,19.6252,17.8242,17.4902,2270,-50,1056,0,12.2,34,step_20,no_load,-8.664
23.400856,0.472653,shoulder_pan,20.0,19.5266,17.8242,17.4023,2269,-100,1064,1,12.2,34,step_20,no_load,-8.366
23.411812,0.483609,shoulder_pan,20.0,19.5266,17.8242,17.4023,2269,-100,1068,1,12.2,34,step_20,no_load,0.0
23.422357,0.494154,shoulder_pan,20.0,19.428,17.8242,17.3145,2268,-50,1064,1,12.2,34,step_20,no_load,-8.326
23.433425,0.505222,shoulder_pan,20.0,19.3294,17.8242,17.2266,2267,-50,1068,1,12.2,34,step_20,no_load,-7.942
23.443725,0.515522,shoulder_pan,20.0,19.3294,17.8242,17.2266,2267,-50,1068,1,12.2,34,step_20,no_load,0.0
23.453928,0.525725,shoulder_pan,20.0,19.3294,17.8242,17.2266,2267,-50,1068,0,12.2,34,step_20,no_load,0.0
23.464198,0.535995,shoulder_pan,20.0,19.3294,17.8242,17.2266,2267,0,1064,1,12.2,34,step_20,no_load,0.0
23.475255,0.547052,shoulder_pan,20.0,19.3294,17.8242,17.2266,2267,0,1064,1,12.2,34,step_20,no_load,0.0
23.487314,0.559111,shoulder_pan,20.0,19.3294,17.8242,17.2266,2267,0,1064,1,12.2,34,step_20,no_load,0.0
23.497645,0.569442,shoulder_pan,20.0,19.3294,17.8242,17.2266,2267,0,1064,1,12.2,34,step_20,no_load,0.0
23.50811,0.579907,shoulder_pan,20.0,19.3294,17.8242,17.2266,2267,0,1064,0,12.2,34,step_20,no_load,0.0
23.518309,0.590106,shoulder_pan,20.0,19.3294,17.8242,17.2266,2267,0,1064,0,12.2,34,step_20,no_load,0.0
23.528718,0.600515,shoulder_pan,20.0,19.3294,17.8242,17.2266,2267,0,1064,0,12.2,34,step_20,no_load,0.0
23.539363,0.61116,shoulder_pan,20.0,19.3294,17.8242,17.2266,2267,0,1064,1,12.2,34,step_20,no_load,0.0
23.549943,0.62174,shoulder_pan,20.0,19.3294,17.8242,17.2266,2267,0,1064,0,12.2,34,step_20,no_load,0.0
23.560803,0.6326,shoulder_pan,20.0,19.3294,17.8242,17.2266,2267,0,1064,1,12.2,34,step_20,no_load,0.0
23.571051,0.642847,shoulder_pan,20.0,19.3294,17.8242,17.2266,2267,0,1064,1,12.2,34,step_20,no_load,0.0
23.581346,0.653142,shoulder_pan,20.0,19.3294,17.8242,17.2266,2267,0,1064,0,12.2,34,step_20,no_load,0.0
23.591958,0.663755,shoulder_pan,20.0,19.3294,17.8242,17.2266,2267,0,1064,1,12.2,34,step_20,no_load,0.0
23.602336,0.674133,shoulder_pan,20.0,19.3294,17.8242,17.2266,2267,0,1064,0,12.2,34,step_20,no_load,0.0
23.612726,0.684522,shoulder_pan,20.0,19.3294,17.8242,17.2266,2267,0,1064,1,12.2,34,step_20,no_load,0.0
23.622981,0.694778,shoulder_pan,20.0,19.3294,17.8242,17.2266,2267,0,1064,0,12.2,34,step_20,no_load,0.0
23.634388,0.706185,shoulder_pan,20.0,19.3294,17.8242,17.2266,2267,0,1064,1,12.2,34,step_20,no_load,0.0
23.644831,0.716628,shoulder_pan,20.0,19.3294,17.8242,17.2266,2267,0,1064,1,12.2,34,step_20,no_load,0.0
23.655021,0.726818,shoulder_pan,20.0,19.3294,17.8242,17.2266,2267,0,1064,1,12.3,34,step_20,no_load,0.0
23.665604,0.737401,shoulder_pan,20.0,19.3294,17.8242,17.2266,2267,0,1064,1,12.2,34,step_20,no_load,0.0
23.677327,0.749124,shoulder_pan,20.0,19.3294,17.8242,17.2266,2267,0,1064,1,12.2,34,step_20,no_load,0.0
23.688406,0.760203,shoulder_pan,20.0,19.3294,17.8242,17.2266,2267,0,1064,1,12.2,34,step_20,no_load,0.0
23.698697,0.770494,shoulder_pan,20.0,19.3294,17.8242,17.2266,2267,0,1064,1,12.2,34,step_20,no_load,0.0
23.708958,0.780755,shoulder_pan,20.0,19.3294,17.8242,17.2266,2267,0,1064,1,12.2,34,step_20,no_load,0.0
23.719406,0.791203,shoulder_pan,20.0,19.3294,17.8242,17.2266,2267,0,1064,1,12.2,34,step_20,no_load,0.0
23.729885,0.801682,shoulder_pan,20.0,19.3294,17.8242,17.2266,2267,0,1064,0,12.2,34,step_20,no_load,0.0
23.740076,0.811873,shoulder_pan,20.0,19.3294,17.8242,17.2266,2267,0,1064,1,12.2,34,step_20,no_load,0.0
23.751007,0.822804,shoulder_pan,20.0,19.3294,17.8242,17.2266,2267,0,1064,1,12.2,34,step_20,no_load,0.0
23.761169,0.832966,shoulder_pan,20.0,19.3294,17.8242,17.2266,2267,0,1064,1,12.2,34,step_20,no_load,0.0
23.771358,0.843155,shoulder_pan,20.0,19.3294,17.8242,17.2266,2267,0,1064,1,12.2,34,step_20,no_load,0.0
23.781577,0.853374,shoulder_pan,20.0,19.3294,17.8242,17.2266,2267,0,1064,1,12.2,34,step_20,no_load,0.0
23.792111,0.863908,shoulder_pan,20.0,19.3294,17.8242,17.2266,2267,0,1064,1,12.2,34,step_20,no_load,0.0
23.802384,0.874181,shoulder_pan,20.0,19.3294,17.8242,17.2266,2267,0,1064,1,12.3,34,step_20,no_load,0.0
23.812871,0.884668,shoulder_pan,20.0,19.3294,17.8242,17.2266,2267,0,1064,1,12.2,34,step_20,no_load,0.0
23.82298,0.894777,shoulder_pan,20.0,19.3294,17.8242,17.2266,2267,0,1064,1,12.2,34,step_20,no_load,0.0
23.833309,0.905106,shoulder_pan,20.0,19.3294,17.8242,17.2266,2267,0,1064,0,12.2,34,step_20,no_load,0.0
23.843788,0.915585,shoulder_pan,20.0,19.3294,17.8242,17.2266,2267,0,1064,0,12.2,34,step_20,no_load,0.0
23.854465,0.926262,shoulder_pan,20.0,19.3294,17.8242,17.2266,2267,0,1064,1,12.2,34,step_20,no_load,0.0
23.864648,0.936445,shoulder_pan,20.0,19.3294,17.8242,17.2266,2267,0,1064,0,12.2,34,step_20,no_load,0.0
23.874969,0.946766,shoulder_pan,20.0,19.3294,17.8242,17.2266,2267,0,1064,1,12.2,34,step_20,no_load,0.0
23.886699,0.958496,shoulder_pan,20.0,19.3294,17.8242,17.2266,2267,0,1064,1,12.2,34,step_20,no_load,0.0
23.896927,0.968724,shoulder_pan,20.0,19.3294,17.8242,17.2266,2267,0,1064,1,12.2,34,step_20,no_load,0.0
23.907806,0.979603,shoulder_pan,20.0,19.3294,17.8242,17.2266,2267,0,1064,1,12.2,34,step_20,no_load,0.0
23.918174,0.989971,shoulder_pan,20.0,19.3294,17.8242,17.2266,2267,0,1064,1,12.2,34,step_20,no_load,0.0
23.928715,1.000512,shoulder_pan,20.0,19.3294,17.8242,17.2266,2267,0,1064,1,12.2,34,step_20,no_load,0.0
23.939452,1.011249,shoulder_pan,20.0,19.3294,17.8242,17.2266,2267,0,1064,1,12.2,34,step_20,no_load,0.0
23.949784,1.021581,shoulder_pan,20.0,19.3294,17.8242,17.2266,2267,0,1064,1,12.3,34,step_20,no_load,0.0
23.960375,1.032172,shoulder_pan,20.0,19.3294,17.8242,17.2266,2267,0,1064,0,12.2,34,step_20,no_load,0.0
23.971296,1.043093,shoulder_pan,20.0,19.3294,17.8242,17.2266,2267,0,1064,1,12.2,34,step_20,no_load,0.0
23.981577,1.053374,shoulder_pan,20.0,19.3294,17.8242,17.2266,2267,0,1064,1,12.2,34,step_20,no_load,0.0
23.992062,1.063859,shoulder_pan,20.0,19.3294,17.8242,17.2266,2267,0,1064,1,12.2,34,step_20,no_load,0.0
24.002278,1.074075,shoulder_pan,20.0,19.3294,17.8242,17.2266,2267,0,1064,1,12.2,34,step_20,no_load,0.0
24.013072,1.084869,shoulder_pan,20.0,19.3294,17.8242,17.2266,2267,0,1064,0,12.2,34,step_20,no_load,0.0
24.023344,1.095141,shoulder_pan,20.0,19.3294,17.8242,17.2266,2267,0,1064,1,12.3,34,step_20,no_load,0.0
24.033595,1.105392,shoulder_pan,20.0,19.3294,17.8242,17.2266,2267,0,1064,1,12.2,34,step_20,no_load,0.0
24.044606,1.116403,shoulder_pan,20.0,19.3294,17.8242,17.2266,2267,0,1064,0,12.2,34,step_20,no_load,0.0
24.054741,1.126538,shoulder_pan,20.0,19.3294,17.8242,17.2266,2267,0,1064,1,12.2,34,step_20,no_load,0.0
24.064948,1.136745,shoulder_pan,20.0,19.3294,17.8242,17.2266,2267,0,1064,1,12.2,34,step_20,no_load,0.0
24.075153,1.14695,shoulder_pan,20.0,19.3294,17.8242,17.2266,2267,0,1064,1,12.3,34,step_20,no_load,0.0
24.085323,1.157119,shoulder_pan,20.0,19.3294,17.8242,17.2266,2267,0,1064,0,12.2,34,step_20,no_load,0.0
24.095766,1.167563,shoulder_pan,20.0,19.3294,17.8242,17.2266,2267,0,1064,1,12.2,34,step_20,no_load,0.0
24.106521,1.178318,shoulder_pan,20.0,19.3294,17.8242,17.2266,2267,0,1064,0,12.2,34,step_20,no_load,0.0
24.117288,1.189085,shoulder_pan,20.0,19.3294,17.8242,17.2266,2267,0,1064,0,12.2,34,step_20,no_load,0.0
24.12752,1.199317,shoulder_pan,20.0,19.3294,17.8242,17.2266,2267,0,1064,0,12.2,34,step_20,no_load,0.0
