time,time_since_command,joint_name,commanded_norm,actual_norm,commanded_deg,actual_deg,raw_ticks,speed_raw,load_raw,current_raw,voltage,temperature,experiment_id,load_condition,measured_vel_deg_s
0.001124,4e-06,shoulder_lift,-50.0,-49.4957,-56.6455,-56.0742,1393,0,40,1,12.3,36,staircase3,no_load,0.0
0.011614,0.010494,shoulder_lift,-50.0,-49.4957,-56.6455,-56.0742,1393,0,40,1,12.3,36,staircase3,no_load,0.0
0.022611,0.021491,shoulder_lift,-50.0,-49.4957,-56.6455,-56.0742,1393,0,40,1,12.3,35,staircase3,no_load,0.0
0.033489,0.03237,shoulder_lift,-50.0,-49.4957,-56.6455,-56.0742,1393,0,40,1,12.3,35,staircase3,no_load,0.0
0.043993,0.042874,shoulder_lift,-50.0,-49.4957,-56.6455,-56.0742,1393,0,40,0,12.3,36,staircase3,no_load,0.0
0.055158,0.054038,shoulder_lift,-50.0,-49.4957,-56.6455,-56.0742,1393,0,40,0,12.3,35,staircase3,no_load,0.0
0.066268,0.065149,shoulder_lift,-50.0,-49.4957,-56.6455,-56.0742,1393,0,40,1,12.3,35,staircase3,no_load,0.0
0.076561,0.075442,shoulder_lift,-50.0,-49.4957,-56.6455,-56.0742,1393,0,40,1,12.3,35,staircase3,no_load,0.0
0.087681,0.086561,shoulder_lift,-50.0,-49.4957,-56.6455,-56.0742,1393,0,40,1,12.3,36,staircase3,no_load,0.0
0.098553,0.097434,shoulder_lift,-50.0,-49.4957,-56.6455,-56.0742,1393,0,40,0,12.3,36,staircase3,no_load,0.0
0.109232,0.108112,shoulder_lift,-50.0,-49.4957,-56.6455,-56.0742,1393,0,40,1,12.3,35,staircase3,no_load,0.0
0.120145,0.119026,shoulder_lift,-50.0,-49.4957,-56.6455,-56.0742,1393,0,40,1,12.3,36,staircase3,no_load,0.0
0.131299,0.13018,shoulder_lift,-50.0,-49.4957,-56.6455,-56.0742,1393,0,40,0,12.3,35,staircase3,no_load,0.0
0.142227,0.141108,shoulder_lift,-50.0,-49.4957,-56.6455,-56.0742,1393,0,40,1,12.3,35,staircase3,no_load,0.0
0.152658,0.151538,shoulder_lift,-50.0,-49.4957,-56.6455,-56.0742,1393,0,40,1,12.3,35,staircase3,no_load,0.0
0.163421,0.162302,shoulder_lift,-50.0,-49.4957,-56.6455,-56.0742,1393,0,40,1,12.3,35,staircase3,no_load,0.0
0.173796,0.172676,shoulder_lift,-50.0,-49.4957,-56.6455,-56.0742,1393,0,40,0,12.3,35,staircase3,no_load,0.0
0.184492,0.183372,shoulder_lift,-50.0,-49.4957,-56.6455,-56.0742,1393,0,40,0,12.3,36,staircase3,no_load,0.0
0.194844,0.193724,shoulder_lift,-50.0,-49.4957,-56.6455,-56.0742,1393,0,40,1,12.3,35,staircase3,no_load,0.0
0.205956,0.204836,shoulder_lift,-50.0,-49.4957,-56.6455,-56.0742,1393,0,40,1,12.3,35,staircase3,no_load,0.0
0.217013,0.215893,shoulder_lift,-50.0,-49.4957,-56.6455,-56.0742,1393,0,40,1,12.3,35,staircase3,no_load,0.0
0.22737,0.22625,shoulder_lift,-50.0,-49.4957,-56.6455,-56.0742,1393,0,40,1,12.3,36,staircase3,no_load,0.0
0.238312,0.237192,shoulder_lift,-50.0,-49.4957,-56.6455,-56.0742,1393,0,40,1,12.3,36,staircase3,no_load,0.0
0.249273,0.248153,shoulder_lift,-50.0,-49.4957,-56.6455,-56.0742,1393,0,40,1,12.4,36,staircase3,no_load,0.0
0.259694,0.258575,shoulder_lift,-50.0,-49.4957,-56.6455,-56.0742,1393,0,40,0,12.3,35,staircase3,no_load,0.0
0.269983,0.268863,shoulder_lift,-50.0,-49.4957,-56.6455,-56.0742,1393,0,40,1,12.3,35,staircase3,no_load,0.0
0.280717,0.279598,shoulder_lift,-50.0,-49.4957,-56.6455,-56.0742,1393,0,40,0,12.3,35,staircase3,no_load,0.0
0.291648,0.290529,shoulder_lift,-50.0,-49.4957,-56.6455,-56.0742,1393,0,40,0,12.3,36,staircase3,no_load,0.0
0.302659,0.301539,shoulder_lift,-50.0,-49.4957,-56.6455,-56.0742,1393,0,40,1,12.3,36,staircase3,no_load,0.0
0.313395,0.312276,shoulder_lift,-50.0,-49.4957,-56.6455,-56.0742,1393,0,40,1,12.3,35,staircase3,no_load,0.0
0.324618,0.323498,shoulder_lift,-50.0,-49.4957,-56.6455,-56.0742,1393,0,40,0,12.3,35,staircase3,no_load,0.0
0.335714,0.334594,shoulder_lift,-50.0,-49.4957,-56.6455,-56.0742,1393,0,40,0,12.3,35,staircase3,no_load,0.0
0.346905,0.345785,shoulder_lift,-50.0,-49.4957,-56.6455,-56.0742,1393,0,40,1,12.3,35,staircase3,no_load,0.0
0.357973,0.356853,shoulder_lift,-50.0,-49.4957,-56.6455,-56.0742,1393,0,40,1,12.3,35,staircase3,no_load,0.0
0.368415,0.367296,shoulder_lift,-50.0,-49.4957,-56.6455,-56.0742,1393,0,40,1,12.4,36,staircase3,no_load,0.0
0.378809,0.37769,shoulder_lift,-50.0,-49.4957,-56.6455,-56.0742,1393,0,40,1,12.3,35,staircase3,no_load,0.0
0.389639,0.38852,shoulder_lift,-50.0,-49.4957,-56.6455,-56.0742,1393,0,40,1,12.3,36,staircase3,no_load,0.0
0.400456,0.399336,shoulder_lift,-50.0,-49.4957,-56.6455,-56.0742,1393,0,40,1,12.4,35,staircase3,no_load,0.0
0.410983,0.409863,shoulder_lift,-50.0,-49.4957,-56.6455,-56.0742,1393,0,40,1,12.3,35,staircase3,no_load,0.0
0.421375,0.420255,shoulder_lift,-50.0,-49.4957,-56.6455,-56.0742,1393,0,40,1,12.3,35,staircase3,no_load,0.0
0.431966,0.430846,shoulder_lift,-50.0,-49.4957,-56.6455,-56.0742,1393,0,40,1,12.3,35,staircase3,no_load,0.0
0.44278,0.44166,shoulder_lift,-50.0,-49.4957,-56.6455,-56.0742,1393,0,40,0,12.3,36,staircase3,no_load,0.0
0.453775,0.452656,shoulder_lift,-50.0,-49.4957,-56.6455,-56.0742,1393,0,40,1,12.4,35,staircase3,no_load,0.0
0.46455,0.463431,shoulder_lift,-50.0,-49.4957,-56.6455,-56.0742,1393,0,40,1,12.3,36,staircase3,no_load,0.0
0.475717,0.474598,shoulder_lift,-50.0,-49.4957,-56.6455,-56.0742,1393,0,40,0,12.3,35,staircase3,no_load,0.0
0.486301,0.485181,shoulder_lift,-50.0,-49.4957,-56.6455,-56.0742,1393,0,40,1,12.3,35,staircase3,no_load,0.0
0.497363,0.496243,shoulder_lift,-50.0,-49.4957,-56.6455,-56.0742,1393,0,40,1,12.3,36,staircase3,no_load,0.0
0.508159,0.507039,shoulder_lift,-50.0,-49.4957,-56.6455,-56.0742,1393,0,40,1,12.3,35,staircase3,no_load,0.0
0.519302,0.518183,shoulder_lift,-50.0,-49.4957,-56.6455,-56.0742,1393,0,40,1,12.3,35,staircase3,no_load,0.0
0.531474,0.530354,shoulder_lift,-50.0,-49.4957,-56.6455,-56.0742,1393,0,40,0,12.3,35,staircase3,no_load,0.0
0.542326,0.541207,shoulder_lift,-50.0,-49.4957,-56.6455,-56.0742,1393,0,40,1,12.3,35,staircase3,no_load,0.0
0.553049,0.551929,shoulder_lift,-50.0,-49.4957,-56.6455,-56.0742,1393,0,40,0,12.3,35,staircase3,no_load,0.0
0.563948,0.562828,shoulder_lift,-50.0,-49.4957,-56.6455,-56.0742,1393,0,40,1,12.3,35,staircase3,no_load,0.0
0.574744,0.573624,shoulder_lift,-50.0,-49.4957,-56.6455,-56.0742,1393,0,40,1,12.3,35,staircase3,no_load,0.0
0.585094,0.583974,shoulder_lift,-50.0,-49.4957,-56.6455,-56.0742,1393,0,40,0,12.3,36,staircase3,no_load,0.0
0.595554,0.594434,shoulder_lift,-50.0,-49.4957,-56.6455,-56.0742,1393,0,40,1,12.3,35,staircase3,no_load,0.0
0.605938,0.604818,shoulder_lift,-50.0,-49.4957,-56.6455,-56.0742,1393,0,40,1,12.3,36,staircase3,no_load,0.0
0.616085,0.614965,shoulder_lift,-50.0,-49.4957,-56.6455,-56.0742,1393,0,40,1,12.3,35,staircase3,no_load,0.0
0.626312,0.625193,shoulder_lift,-50.0,-49.4957,-56.6455,-56.0742,1393,0,40,1,12.3,35,staircase3,no_load,0.0
0.636541,0.635421,shoulder_lift,-50.0,-49.4957,-56.6455,-56.0742,1393,0,40,0,12.3,35,staircase3,no_load,0.0
0.646874,0.645755,shoulder_lift,-50.0,-49.4957,-56.6455,-56.0742,1393,0,40,1,12.4,36,staircase3,no_load,0.0
0.65718,0.656061,shoulder_lift,-50.0,-49.4957,-56.6455,-56.0742,1393,0,40,1,12.3,35,staircase3,no_load,0.0
0.667895,0.666776,shoulder_lift,-50.0,-49.4957,-56.6455,-56.0742,1393,0,40,0,12.3,35,staircase3,no_load,0.0
0.678356,0.677236,shoulder_lift,-50.0,-49.4957,-56.6455,-56.0742,1393,0,40,1,12.3,35,staircase3,no_load,0.0
0.688791,0.687672,shoulder_lift,-50.0,-49.4957,-56.6455,-56.0742,1393,0,40,0,12.3,36,staircase3,no_load,0.0
0.699419,0.6983,shoulder_lift,-50.0,-49.4957,-56.6455,-56.0742,1393,0,40,1,12.3,36,staircase3,no_load,0.0
0.709695,0.708576,shoulder_lift,-50.0,-49.4957,-56.6455,-56.0742,1393,0,40,1,12.3,36,staircase3,no_load,0.0
0.720137,0.719017,shoulder_lift,-50.0,-49.4957,-56.6455,-56.0742,1393,0,40,1,12.3,35,staircase3,no_load,0.0
0.730854,0.729735,shoulder_lift,-50.0,-49.4957,-56.6455,-56.0742,1393,0,40,1,12.3,35,staircase3,no_load,0.0
0.741389,0.740269,shoulder_lift,-50.0,-49.4957,-56.6455,-56.0742,1393,0,40,1,12.4,35,staircase3,no_load,0.0
0.751848,0.750728,shoulder_lift,-50.0,-49.4957,-56.6455,-56.0742,1393,0,40,0,12.3,35,staircase3,no_load,0.0
0.762523,0.761404,shoulder_lift,-50.0,-49.4957,-56.6455,-56.0742,1393,0,40,1,12.4,35,staircase3,no_load,0.0
0.772759,0.77164,shoulder_lift,-50.0,-49.4957,-56.6455,-56.0742,1393,0,40,1,12.3,35,staircase3,no_load,0.0
0.782981,0.781862,shoulder_lift,-50.0,-49.4957,-56.6455,-56.0742,1393,0,40,1,12.3,35,staircase3,no_load,0.0
0.793505,0.792386,shoulder_lift,-50.0,-49.4957,-56.6455,-56.0742,1393,0,40,1,12.3,35,staircase3,no_load,0.0
0.804015,0.802896,shoulder_lift,-50.0,-49.4957,-56.6455,-56.0742,1393,0,40,1,12.3,35,staircase3,no_load,0.0
0.814255,0.813136,shoulder_lift,-50.0,-49.4957,-56.6455,-56.0742,1393,0,40,1,12.3,35,staircase3,no_load,0.0
0.824736,0.823617,shoulder_lift,-50.0,-49.4957,-56.6455,-56.0742,1393,0,40,1,12.3,35,staircase3,no_load,0.0
0.835375,0.834255,shoulder_lift,-50.0,-49.4957,-56.6455,-56.0742,1393,0,40,0,12.3,35,staircase3,no_load,0.0
0.846427,0.845307,shoulder_lift,-50.0,-49.4957,-56.6455,-56.0742,1393,0,40,0,12.3,36,staircase3,no_load,0.0
0.857047,0.855927,shoulder_lift,-50.0,-49.4957,-56.6455,-56.0742,1393,0,40,1,12.3,35,staircase3,no_load,0.0
0.867856,0.866737,shoulder_lift,-50.0,-49.4957,-56.6455,-56.0742,1393,0,40,1,12.3,35,staircase3,no_load,0.0
0.87879,0.87767,shoulder_lift,-50.0,-49.4957,-56.6455,-56.0742,1393,0,40,1,12.3,35,staircase3,no_load,0.0
0.889781,0.888662,shoulder_lift,-50.0,-49.4957,-56.6455,-56.0742,1393,0,40,0,12.3,36,staircase3,no_load,0.0
0.900632,0.899512,shoulder_lift,-50.0,-49.4957,-56.6455,-56.0742,1393,0,40,1,12.3,36,staircase3,no_load,0.0
0.911553,0.910433,shoulder_lift,-50.0,-49.4957,-56.6455,-56.0742,1393,0,40,1,12.3,35,staircase3,no_load,0.0
0.922252,0.921132,shoulder_lift,-50.0,-49.4957,-56.6455,-56.0742,1393,0,40,1,12.4,35,staircase3,no_load,0.0
0.933047,0.931928,shoulder_lift,-50.0,-49.4957,-56.6455,-56.0742,1393,0,40,1,12.3,35,staircase3,no_load,0.0
0.943707,0.942588,shoulder_lift,-50.0,-49.4957,-56.6455,-56.0742,1393,0,40,0,12.3,35,staircase3,no_load,0.0
0.954961,0.953842,shoulder_lift,-50.0,-49.4957,-56.6455,-56.0742,1393,0,40,1,12.3,35,staircase3,no_load,0.0
0.966064,0.964945,shoulder_lift,-50.0,-49.4957,-56.6455,-56.0742,1393,0,40,1,12.3,35,staircase3,no_load,0.0
0.976415,0.975296,shoulder_lift,-50.0,-49.4957,-56.6455,-56.0742,1393,0,40,1,12.3,36,staircase3,no_load,0.0
0.987287,0.986167,shoulder_lift,-50.0,-49.4957,-56.6455,-56.0742,1393,0,40,1,12.3,35,staircase3,no_load,0.0
0.998456,0.997336,shoulder_lift,-50.0,-49.4957,-56.6455,-56.0742,1393,0,40,1,12.3,36,staircase3,no_load,0.0
1.009327,1.008207,shoulder_lift,-50.0,-49.4957,-56.6455,-56.0742,1393,0,40,1,12.3,35,staircase3,no_load,0.0
1.020352,1.019232,shoulder_lift,-50.0,-49.4957,-56.6455,-56.0742,1393,0,40,0,12.3,36,staircase3,no_load,0.0
1.0311,1.02998,shoulder_lift,-50.0,-49.4957,-56.6455,-56.0742,1393,0,40,1,12.3,35,staircase3,no_load,0.0
1.041999,1.04088,shoulder_lift,-50.0,-49.4957,-56.6455,-56.0742,1393,0,40,0,12.3,35,staircase3,no_load,0.0
1.053167,1.052048,shoulder_lift,-50.0,-49.4957,-56.6455,-56.0742,1393,0,40,1,12.3,35,staircase3,no_load,0.0
1.063977,1.062857,shoulder_lift,-50.0,-49.4957,-56.6455,-56.0742,1393,0,40,1,12.3,35,staircase3,no_load,0.0
1.074685,1.073565,shoulder_lift,-50.0,-49.4957,-56.6455,-56.0742,1393,0,40,1,12.3,36,staircase3,no_load,0.0
1.085395,1.084275,shoulder_lift,-50.0,-49.4957,-56.6455,-56.0742,1393,0,40,1,12.3,36,staircase3,no_load,0.0
1.095976,1.094856,shoulder_lift,-50.0,-49.4957,-56.6455,-56.0742,1393,0,40,1,12.3,35,staircase3,no_load,0.0
1.10689,1.10577,shoulder_lift,-50.0,-49.4957,-56.6455,-56.0742,1393,0,40,1,12.3,35,staircase3,no_load,0.0
1.117605,1.116486,shoulder_lift,-50.0,-49.4957,-56.6455,-56.0742,1393,0,40,1,12.3,35,staircase3,no_load,0.0
1.128388,1.127268,shoulder_lift,-50.0,-49.4957,-56.6455,-56.0742,1393,0,40,1,12.3,36,staircase3,no_load,0.0
1.139465,1.138345,shoulder_lift,-50.0,-49.4957,-56.6455,-56.0742,1393,0,40,1,12.3,36,staircase3,no_load,0.0
1.150543,1.149424,shoulder_lift,-50.0,-49.4957,-56.6455,-56.0742,1393,0,40,0,12.3,35,staircase3,no_load,0.0
1.161583,1.160463,shoulder_lift,-50.0,-49.4957,-56.6455,-56.0742,1393,0,40,1,12.3,35,staircase3,no_load,0.0
1.172088,1.170969,shoulder_lift,-50.0,-49.4957,-56.6455,-56.0742,1393,0,40,1,12.3,35,staircase3,no_load,0.0
1.183027,1.181908,shoulder_lift,-50.0,-49.4957,-56.6455,-56.0742,1393,0,40,1,12.3,35,staircase3,no_load,0.0
1.193631,1.192512,shoulder_lift,-50.0,-49.4957,-56.6455,-56.0742,1393,0,40,1,12.3,36,staircase3,no_load,0.0
1.204518,1.203398,shoulder_lift,-50.0,-49.4957,-56.6455,-56.0742,1393,0,40,0,12.3,35,staircase3,no_load,0.0
1.215683,1.214564,shoulder_lift,-50.0,-49.4957,-56.6455,-56.0742,1393,0,40,0,12.3,36,staircase3,no_load,0.0
1.226167,1.225047,shoulder_lift,-50.0,-49.4957,-56.6455,-56.0742,1393,0,40,1,12.3,35,staircase3,no_load,0.0
1.237001,1.235881,shoulder_lift,-50.0,-49.4957,-56.6455,-56.0742,1393,0,40,1,12.3,36,staircase3,no_load,0.0
1.247655,1.246536,shoulder_lift,-50.0,-49.4957,-56.6455,-56.0742,1393,0,40,1,12.3,35,staircase3,no_load,0.0
1.258284,1.257165,shoulder_lift,-50.0,-49.4957,-56.6455,-56.0742,1393,0,40,1,12.3,36,staircase3,no_load,0.0
1.268588,1.267468,shoulder_lift,-50.0,-49.4957,-56.6455,-56.0742,1393,0,40,0,12.3,36,staircase3,no_load,0.0
1.278852,1.277732,shoulder_lift,-50.0,-49.4957,-56.6455,-56.0742,1393,0,40,0,12.3,36,staircase3,no_load,0.0
1.28968,1.288561,shoulder_lift,-50.0,-49.4957,-56.6455,-56.0742,1393,0,40,1,12.3,36,staircase3,no_load,0.0
1.30013,1.299011,shoulder_lift,-50.0,-49.4957,-56.6455,-56.0742,1393,0,40,1,12.3,35,staircase3,no_load,0.0
1.310953,1.309833,shoulder_lift,-50.0,-49.4957,-56.6455,-56.0742,1393,0,40,1,12.3,35,staircase3,no_load,0.0
1.321915,1.320795,shoulder_lift,-50.0,-49.4957,-56.6455,-56.0742,1393,0,40,1,12.4,36,staircase3,no_load,0.0
1.332886,1.331766,shoulder_lift,-50.0,-49.4957,-56.6455,-56.0742,1393,0,40,0,12.3,35,staircase3,no_load,0.0
1.343029,1.34191,shoulder_lift,-50.0,-49.4957,-56.6455,-56.0742,1393,0,40,1,12.3,35,staircase3,no_load,0.0
1.353989,1.352869,shoulder_lift,-50.0,-49.4957,-56.6455,-56.0742,1393,0,40,0,12.3,35,staircase3,no_load,0.0
1.364777,1.363657,shoulder_lift,-50.0,-49.4957,-56.6455,-56.0742,1393,0,40,1,12.3,35,staircase3,no_load,0.0
1.375492,1.374372,shoulder_lift,-50.0,-49.4957,-56.6455,-56.0742,1393,0,40,1,12.3,35,staircase3,no_load,0.0
1.386236,1.385116,shoulder_lift,-50.0,-49.4957,-56.6455,-56.0742,1393,0,40,1,12.4,35,staircase3,no_load,0.0
1.39709,1.395971,shoulder_lift,-50.0,-49.4957,-56.6455,-56.0742,1393,0,40,0,12.3,35,staircase3,no_load,0.0
1.407926,1.406807,shoulder_lift,-50.0,-49.4957,-56.6455,-56.0742,1393,0,40,1,12.3,36,staircase3,no_load,0.0
1.418606,1.417486,shoulder_lift,-50.0,-49.4957,-56.6455,-56.0742,1393,0,40,1,12.3,36,staircase3,no_load,0.0
1.429493,1.428373,shoulder_lift,-50.0,-49.4957,-56.6455,-56.0742,1393,0,40,1,12.3,36,staircase3,no_load,0.0
1.43988,1.43876,shoulder_lift,-50.0,-49.4957,-56.6455,-56.0742,1393,0,40,1,12.3,35,staircase3,no_load,0.0
1.450977,1.449858,shoulder_lift,-50.0,-49.4957,-56.6455,-56.0742,1393,0,40,0,12.3,35,staircase3,no_load,0.0
1.461439,1.460319,shoulder_lift,-50.0,-49.4957,-56.6455,-56.0742,1393,0,40,0,12.4,36,staircase3,no_load,0.0
1.472368,1.471249,shoulder_lift,-50.0,-49.4957,-56.6455,-56.0742,1393,0,40,0,12.3,35,staircase3,no_load,0.0
1.483399,1.48228,shoulder_lift,-50.0,-49.4957,-56.6455,-56.0742,1393,0,40,0,12.4,35,staircase3,no_load,0.0
1.494176,1.493056,shoulder_lift,-50.0,-49.4957,-56.6455,-56.0742,1393,0,40,1,12.3,35,staircase3,no_load,0.0
1.505188,1.504068,shoulder_lift,-50.0,-49.4957,-56.6455,-56.0742,1393,0,40,1,12.3,36,staircase3,no_load,0.0
1.516387,1.515267,shoulder_lift,-50.0,-49.4957,-56.6455,-56.0742,1393,0,40,1,12.3,36,staircase3,no_load,0.0
1.526857,1.525737,shoulder_lift,-50.0,-49.4957,-56.6455,-56.0742,1393,0,40,0,12.3,35,staircase3,no_load,0.0
1.537216,1.536097,shoulder_lift,-50.0,-49.4957,-56.6455,-56.0742,1393,0,40,1,12.3,35,staircase3,no_load,0.0
1.54809,1.54697,shoulder_lift,-50.0,-49.4957,-56.6455,-56.0742,1393,0,40,1,12.3,36,staircase3,no_load,0.0
1.559235,1.558115,shoulder_lift,-50.0,-49.4957,-56.6455,-56.0742,1393,0,40,0,12.3,35,staircase3,no_load,0.0
1.570156,1.569036,shoulder_lift,-50.0,-49.4957,-56.6455,-56.0742,1393,0,40,0,12.3,35,staircase3,no_load,0.0
1.581382,1.580262,shoulder_lift,-50.0,-49.4957,-56.6455,-56.0742,1393,0,40,0,12.3,35,staircase3,no_load,0.0
1.5923,1.591181,shoulder_lift,-50.0,-49.4957,-56.6455,-56.0742,1393,0,40,1,12.3,35,staircase3,no_load,0.0
1.604519,4e-06,shoulder_lift,-37.5,-49.4957,-42.4841,-56.0742,1393,0,40,1,12.3,35,staircase3,no_load,0.0
1.615052,0.010537,shoulder_lift,-37.5,-49.4957,-42.4841,-56.0742,1393,0,32,0,12.3,35,staircase3,no_load,0.0
1.625973,0.021458,shoulder_lift,-37.5,-49.4957,-42.4841,-56.0742,1393,0,1044,0,12.3,35,staircase3,no_load,0.0
1.63671,0.032195,shoulder_lift,-37.5,-49.4957,-42.4841,-56.0742,1393,0,1104,2,12.3,35,staircase3,no_load,0.0
1.64757,0.043055,shoulder_lift,-37.5,-49.4957,-42.4841,-56.0742,1393,0,1148,4,12.3,36,staircase3,no_load,0.0
1.658614,0.0541,shoulder_lift,-37.5,-49.4182,-42.4841,-55.9863,1394,0,1240,9,12.3,35,staircase3,no_load,7.959
1.669449,0.064934,shoulder_lift,-37.5,-49.1854,-42.4841,-55.7227,1397,0,1296,14,12.3,35,staircase3,no_load,24.329
1.680112,0.075597,shoulder_lift,-37.5,-48.7975,-42.4841,-55.2832,1402,250,1384,20,12.2,35,staircase3,no_load,41.217
1.691327,0.086812,shoulder_lift,-37.5,-48.4872,-42.4841,-54.9316,1406,400,1444,22,12.2,35,staircase3,no_load,31.351
1.702509,0.097994,shoulder_lift,-37.5,-47.7114,-42.4841,-54.0527,1416,400,1484,18,12.2,35,staircase3,no_load,78.6
1.713202,0.108687,shoulder_lift,-37.5,-46.7029,-42.4841,-52.9102,1429,1050,1412,3,12.3,35,staircase3,no_load,106.846
1.724232,0.119717,shoulder_lift,-37.5,-45.5392,-42.4841,-51.5918,1444,1050,1400,2,12.3,36,staircase3,no_load,119.529
1.734556,0.130041,shoulder_lift,-37.5,-44.5306,-42.4841,-50.4492,1457,1300,1320,0,12.3,36,staircase3,no_load,110.674
1.745126,0.140611,shoulder_lift,-37.5,-43.4445,-42.4841,-49.2188,1471,1300,1292,0,12.4,36,staircase3,no_load,116.405
1.75564,0.151125,shoulder_lift,-37.5,-42.5136,-42.4841,-48.1641,1483,1250,1220,0,12.3,36,staircase3,no_load,100.314
1.766286,0.161771,shoulder_lift,-37.5,-41.2723,-42.4841,-46.7578,1499,1250,1164,0,12.3,36,staircase3,no_load,132.097
1.776521,0.172006,shoulder_lift,-37.5,-40.5741,-42.4841,-45.9668,1508,1300,1104,0,12.3,35,staircase3,no_load,77.284
1.786782,0.182268,shoulder_lift,-37.5,-40.1086,-42.4841,-45.4395,1514,1300,1080,0,12.3,36,staircase3,no_load,51.389
1.7971,0.192585,shoulder_lift,-37.5,-39.4104,-42.4841,-44.6484,1523,700,1072,0,12.3,36,staircase3,no_load,76.672
1.807785,0.20327,shoulder_lift,-37.5,-38.8673,-42.4841,-44.0332,1530,700,1044,0,12.3,36,staircase3,no_load,57.576
1.818139,0.213624,shoulder_lift,-37.5,-38.557,-42.4841,-43.6816,1534,650,1048,0,12.3,36,staircase3,no_load,33.958
1.828608,0.224093,shoulder_lift,-37.5,-38.4019,-42.4841,-43.5059,1536,650,0,0,12.3,35,staircase3,no_load,16.783
1.839381,0.234866,shoulder_lift,-37.5,-38.3243,-42.4841,-43.418,1537,250,1064,0,12.3,36,staircase3,no_load,8.159
1.850451,0.245936,shoulder_lift,-37.5,-38.4019,-42.4841,-43.5059,1536,0,1068,1,12.3,36,staircase3,no_load,-7.94
1.861538,0.257023,shoulder_lift,-37.5,-38.557,-42.4841,-43.6816,1534,0,1096,1,12.3,35,staircase3,no_load,-15.847
1.872489,0.267974,shoulder_lift,-37.5,-38.9449,-42.4841,-44.1211,1529,-300,1116,3,12.3,36,staircase3,no_load,-40.133
1.883655,0.27914,shoulder_lift,-37.5,-38.9449,-42.4841,-44.1211,1529,-300,1140,2,12.3,36,staircase3,no_load,0.0
1.89438,0.289865,shoulder_lift,-37.5,-38.8673,-42.4841,-44.0332,1530,0,1096,0,12.3,36,staircase3,no_load,8.196
1.905562,0.301047,shoulder_lift,-37.5,-38.6346,-42.4841,-43.7695,1533,0,1088,0,12.3,35,staircase3,no_load,23.583
1.916266,0.311751,shoulder_lift,-37.5,-38.4794,-42.4841,-43.5937,1535,200,1068,0,12.3,35,staircase3,no_load,16.424
1.926603,0.322088,shoulder_lift,-37.5,-38.1691,-42.4841,-43.2422,1539,200,1052,0,12.3,35,staircase3,no_load,34.004
1.937578,0.333063,shoulder_lift,-37.5,-37.6261,-42.4841,-42.627,1546,400,48,1,12.3,36,staircase3,no_load,56.055
1.948571,0.344056,shoulder_lift,-37.5,-37.5485,-42.4841,-42.5391,1547,400,52,1,12.3,35,staircase3,no_load,7.996
1.959288,0.354773,shoulder_lift,-37.5,-37.2382,-42.4841,-42.1875,1551,300,36,1,12.3,35,staircase3,no_load,32.808
1.970285,0.36577,shoulder_lift,-37.5,-37.083,-42.4841,-42.0117,1553,250,44,2,12.3,35,staircase3,no_load,15.986
1.981325,0.37681,shoulder_lift,-37.5,-37.0054,-42.4841,-41.9238,1554,250,56,2,12.3,35,staircase3,no_load,7.962
1.992334,0.387819,shoulder_lift,-37.5,-37.0054,-42.4841,-41.9238,1554,50,36,1,12.3,35,staircase3,no_load,0.0
2.003337,0.398822,shoulder_lift,-37.5,-37.1606,-42.4841,-42.0996,1552,50,28,0,12.3,36,staircase3,no_load,-15.977
2.014528,0.410013,shoulder_lift,-37.5,-37.3933,-42.4841,-42.3633,1549,-150,1060,1,12.3,35,staircase3,no_load,-23.564
2.025592,0.421077,shoulder_lift,-37.5,-37.7036,-42.4841,-42.7148,1545,-150,1072,1,12.3,35,staircase3,no_load,-31.77
2.036704,0.43219,shoulder_lift,-37.5,-37.9364,-42.4841,-42.9785,1542,-400,1084,0,12.3,36,staircase3,no_load,-23.731
2.047625,0.44311,shoulder_lift,-37.5,-38.014,-42.4841,-43.0664,1541,-400,1084,1,12.3,36,staircase3,no_load,-8.049
2.058574,0.454059,shoulder_lift,-37.5,-38.014,-42.4841,-43.0664,1541,-100,1068,0,12.4,35,staircase3,no_load,0.0
2.069411,0.464896,shoulder_lift,-37.5,-38.014,-42.4841,-43.0664,1541,0,1068,1,12.3,36,staircase3,no_load,0.0
2.080136,0.475621,shoulder_lift,-37.5,-38.014,-42.4841,-43.0664,1541,0,1064,0,12.3,35,staircase3,no_load,0.0
2.091074,0.486559,shoulder_lift,-37.5,-38.014,-42.4841,-43.0664,1541,0,1064,1,12.3,35,staircase3,no_load,0.0
2.101793,0.497278,shoulder_lift,-37.5,-38.0915,-42.4841,-43.1543,1540,0,1068,1,12.3,35,staircase3,no_load,-8.2
2.112612,0.508097,shoulder_lift,-37.5,-38.0915,-42.4841,-43.1543,1540,-50,1072,1,12.3,35,staircase3,no_load,0.0
2.12362,0.519105,shoulder_lift,-37.5,-38.0915,-42.4841,-43.1543,1540,-50,1072,1,12.3,35,staircase3,no_load,0.0
2.134507,0.529992,shoulder_lift,-37.5,-38.0915,-42.4841,-43.1543,1540,0,1068,1,12.3,35,staircase3,no_load,0.0
2.144951,0.540436,shoulder_lift,-37.5,-38.014,-42.4841,-43.0664,1541,0,1064,0,12.3,35,staircase3,no_load,8.416
2.155672,0.551158,shoulder_lift,-37.5,-37.9364,-42.4841,-42.9785,1542,50,1052,0,12.3,35,staircase3,no_load,8.199
2.166855,0.562341,shoulder_lift,-37.5,-37.8588,-42.4841,-42.8906,1543,50,1048,1,12.3,35,staircase3,no_load,7.86
2.177405,0.57289,shoulder_lift,-37.5,-37.9364,-42.4841,-42.9785,1542,100,1056,0,12.3,35,staircase3,no_load,-8.332
2.188538,0.584023,shoulder_lift,-37.5,-37.9364,-42.4841,-42.9785,1542,100,1056,1,12.4,36,staircase3,no_load,0.0
2.199629,0.595114,shoulder_lift,-37.5,-38.014,-42.4841,-43.0664,1541,-50,1068,0,12.3,36,staircase3,no_load,-7.925
2.210428,0.605913,shoulder_lift,-37.5,-38.014,-42.4841,-43.0664,1541,-50,1068,0,12.3,36,staircase3,no_load,0.0
2.221097,0.616582,shoulder_lift,-37.5,-38.014,-42.4841,-43.0664,1541,-50,1068,1,12.4,36,staircase3,no_load,0.0
2.231889,0.627374,shoulder_lift,-37.5,-38.014,-42.4841,-43.0664,1541,0,1068,1,12.3,35,staircase3,no_load,0.0
2.242446,0.637931,shoulder_lift,-37.5,-38.014,-42.4841,-43.0664,1541,0,1064,1,12.3,35,staircase3,no_load,0.0
2.253251,0.648736,shoulder_lift,-37.5,-38.014,-42.4841,-43.0664,1541,0,1064,1,12.3,35,staircase3,no_load,0.0
2.264212,0.659697,shoulder_lift,-37.5,-38.014,-42.4841,-43.0664,1541,0,1064,1,12.3,35,staircase3,no_load,0.0
2.274925,0.67041,shoulder_lift,-37.5,-38.014,-42.4841,-43.0664,1541,0,1064,1,12.3,35,staircase3,no_load,0.0
2.285493,0.680978,shoulder_lift,-37.5,-38.014,-42.4841,-43.0664,1541,0,1064,1,12.3,35,staircase3,no_load,0.0
2.295924,0.691409,shoulder_lift,-37.5,-38.014,-42.4841,-43.0664,1541,0,1064,1,12.3,36,staircase3,no_load,0.0
2.306332,0.701817,shoulder_lift,-37.5,-38.014,-42.4841,-43.0664,1541,0,1064,1,12.3,35,staircase3,no_load,0.0
2.317409,0.712894,shoulder_lift,-37.5,-38.014,-42.4841,-43.0664,1541,0,1064,1,12.3,35,staircase3,no_load,0.0
2.327783,0.723268,shoulder_lift,-37.5,-38.014,-42.4841,-43.0664,1541,0,1064,1,12.4,35,staircase3,no_load,0.0
2.338839,0.734325,shoulder_lift,-37.5,-38.014,-42.4841,-43.0664,1541,0,1064,1,12.3,35,staircase3,no_load,0.0
2.349961,0.745446,shoulder_lift,-37.5,-38.014,-42.4841,-43.0664,1541,0,1064,1,12.4,35,staircase3,no_load,0.0
2.360816,0.756301,shoulder_lift,-37.5,-38.014,-42.4841,-43.0664,1541,0,1064,1,12.3,35,staircase3,no_load,0.0
2.371724,0.767209,shoulder_lift,-37.5,-38.014,-42.4841,-43.0664,1541,0,1064,1,12.3,35,staircase3,no_load,0.0
2.382216,0.777701,shoulder_lift,-37.5,-38.014,-42.4841,-43.0664,1541,0,1064,1,12.3,35,staircase3,no_load,0.0
2.392483,0.787969,shoulder_lift,-37.5,-38.014,-42.4841,-43.0664,1541,0,1064,1,12.3,35,staircase3,no_load,0.0
2.403308,0.798793,shoulder_lift,-37.5,-38.014,-42.4841,-43.0664,1541,0,1064,1,12.3,36,staircase3,no_load,0.0
2.41378,0.809265,shoulder_lift,-37.5,-38.014,-42.4841,-43.0664,1541,0,1064,1,12.3,35,staircase3,no_load,0.0
2.4246,0.820085,shoulder_lift,-37.5,-38.014,-42.4841,-43.0664,1541,0,1064,1,12.3,36,staircase3,no_load,0.0
2.435692,0.831177,shoulder_lift,-37.5,-38.014,-42.4841,-43.0664,1541,0,1064,1,12.3,35,staircase3,no_load,0.0
2.446375,0.84186,shoulder_lift,-37.5,-38.014,-42.4841,-43.0664,1541,0,1064,1,12.3,35,staircase3,no_load,0.0
2.457558,0.853043,shoulder_lift,-37.5,-38.014,-42.4841,-43.0664,1541,0,1064,1,12.3,35,staircase3,no_load,0.0
2.468688,0.864173,shoulder_lift,-37.5,-38.014,-42.4841,-43.0664,1541,0,1064,1,12.4,36,staircase3,no_load,0.0
2.479103,0.874588,shoulder_lift,-37.5,-38.014,-42.4841,-43.0664,1541,0,1064,1,12.3,35,staircase3,no_load,0.0
2.490268,0.885753,shoulder_lift,-37.5,-38.014,-42.4841,-43.0664,1541,0,1064,1,12.3,35,staircase3,no_load,0.0
2.501024,0.896509,shoulder_lift,-37.5,-38.014,-42.4841,-43.0664,1541,0,1064,1,12.3,35,staircase3,no_load,0.0
2.511769,0.907254,shoulder_lift,-37.5,-38.014,-42.4841,-43.0664,1541,0,1064,1,12.3,35,staircase3,no_load,0.0
2.522206,0.917691,shoulder_lift,-37.5,-38.014,-42.4841,-43.0664,1541,0,1064,0,12.3,36,staircase3,no_load,0.0
2.532896,0.928381,shoulder_lift,-37.5,-38.014,-42.4841,-43.0664,1541,0,1064,1,12.3,36,staircase3,no_load,0.0
2.543174,0.938659,shoulder_lift,-37.5,-38.014,-42.4841,-43.0664,1541,0,1064,1,12.3,35,staircase3,no_load,0.0
2.553902,0.949387,shoulder_lift,-37.5,-38.014,-42.4841,-43.0664,1541,0,1064,1,12.3,35,staircase3,no_load,0.0
2.564623,0.960108,shoulder_lift,-37.5,-38.014,-42.4841,-43.0664,1541,0,1064,0,12.3,36,staircase3,no_load,0.0
2.575427,0.970912,shoulder_lift,-37.5,-38.014,-42.4841,-43.0664,1541,0,1064,1,12.4,36,staircase3,no_load,0.0
2.586478,0.981963,shoulder_lift,-37.5,-38.014,-42.4841,-43.0664,1541,0,1064,0,12.3,35,staircase3,no_load,0.0
2.597605,0.99309,shoulder_lift,-37.5,-38.014,-42.4841,-43.0664,1541,0,1064,1,12.3,35,staircase3,no_load,0.0
2.608114,1.003599,shoulder_lift,-37.5,-38.014,-42.4841,-43.0664,1541,0,1064,1,12.3,35,staircase3,no_load,0.0
2.619229,1.014714,shoulder_lift,-37.5,-38.014,-42.4841,-43.0664,1541,0,1064,0,12.3,35,staircase3,no_load,0.0
2.629681,1.025166,shoulder_lift,-37.5,-38.014,-42.4841,-43.0664,1541,0,1064,0,12.3,35,staircase3,no_load,0.0
2.640792,1.036277,shoulder_lift,-37.5,-38.014,-42.4841,-43.0664,1541,0,1064,1,12.3,35,staircase3,no_load,0.0
2.651583,1.047069,shoulder_lift,-37.5,-38.014,-42.4841,-43.0664,1541,0,1064,1,12.3,35,staircase3,no_load,0.0
2.66169,1.057175,shoulder_lift,-37.5,-38.014,-42.4841,-43.0664,1541,0,1064,1,12.3,35,staircase3,no_load,0.0
2.672437,1.067922,shoulder_lift,-37.5,-38.014,-42.4841,-43.0664,1541,0,1064,1,12.4,35,staircase3,no_load,0.0
2.683236,1.078722,shoulder_lift,-37.5,-38.014,-42.4841,-43.0664,1541,0,1064,0,12.3,36,staircase3,no_load,0.0
2.694005,1.08949,shoulder_lift,-37.5,-38.014,-42.4841,-43.0664,1541,0,1064,1,12.3,36,staircase3,no_load,0.0
2.705221,1.100706,shoulder_lift,-37.5,-38.014,-42.4841,-43.0664,1541,0,1064,1,12.3,35,staircase3,no_load,0.0
2.716198,1.111683,shoulder_lift,-37.5,-38.014,-42.4841,-43.0664,1541,0,1064,0,12.3,36,staircase3,no_load,0.0
2.726799,1.122284,shoulder_lift,-37.5,-38.014,-42.4841,-43.0664,1541,0,1064,1,12.3,35,staircase3,no_load,0.0
2.737288,1.132773,shoulder_lift,-37.5,-38.014,-42.4841,-43.0664,1541,0,1064,1,12.3,35,staircase3,no_load,0.0
2.747862,1.143347,shoulder_lift,-37.5,-38.014,-42.4841,-43.0664,1541,0,1064,1,12.4,36,staircase3,no_load,0.0
2.758515,1.154,shoulder_lift,-37.5,-38.014,-42.4841,-43.0664,1541,0,1064,1,12.3,36,staircase3,no_load,0.0
2.768775,1.16426,shoulder_lift,-37.5,-38.014,-42.4841,-43.0664,1541,0,1064,1,12.3,36,staircase3,no_load,0.0
2.779254,1.174739,shoulder_lift,-37.5,-38.014,-42.4841,-43.0664,1541,0,1064,1,12.4,35,staircase3,no_load,0.0
2.789636,1.185121,shoulder_lift,-37.5,-38.014,-42.4841,-43.0664,1541,0,1064,1,12.3,35,staircase3,no_load,0.0
2.800073,1.195558,shoulder_lift,-37.5,-38.014,-42.4841,-43.0664,1541,0,1064,1,12.3,36,staircase3,no_load,0.0
2.810534,1.206019,shoulder_lift,-37.5,-38.014,-42.4841,-43.0664,1541,0,1064,1,12.3,35,staircase3,no_load,0.0
2.821168,1.216653,shoulder_lift,-37.5,-38.014,-42.4841,-43.0664,1541,0,1064,1,12.3,35,staircase3,no_load,0.0
2.83209,1.227575,shoulder_lift,-37.5,-38.014,-42.4841,-43.0664,1541,0,1064,1,12.3,35,staircase3,no_load,0.0
2.842724,1.238209,shoulder_lift,-37.5,-38.014,-42.4841,-43.0664,1541,0,1064,0,12.3,36,staircase3,no_load,0.0
2.853679,1.249164,shoulder_lift,-37.5,-38.014,-42.4841,-43.0664,1541,0,1064,1,12.3,35,staircase3,no_load,0.0
2.864558,1.260043,shoulder_lift,-37.5,-38.014,-42.4841,-43.0664,1541,0,1064,0,12.3,35,staircase3,no_load,0.0
2.875585,1.27107,shoulder_lift,-37.5,-38.014,-42.4841,-43.0664,1541,0,1064,1,12.3,35,staircase3,no_load,0.0
2.886553,1.282038,shoulder_lift,-37.5,-38.014,-42.4841,-43.0664,1541,0,1064,1,12.3,36,staircase3,no_load,0.0
2.897084,1.292569,shoulder_lift,-37.5,-38.014,-42.4841,-43.0664,1541,0,1064,1,12.3,36,staircase3,no_load,0.0
2.908117,1.303602,shoulder_lift,-37.5,-38.014,-42.4841,-43.0664,1541,0,1064,1,12.3,36,staircase3,no_load,0.0
2.919222,1.314707,shoulder_lift,-37.5,-38.014,-42.4841,-43.0664,1541,0,1064,1,12.3,35,staircase3,no_load,0.0
2.930023,1.325508,shoulder_lift,-37.5,-38.014,-42.4841,-43.0664,1541,0,1064,1,12.3,36,staircase3,no_load,0.0
2.941124,1.336609,shoulder_lift,-37.5,-38.014,-42.4841,-43.0664,1541,0,1064,1,12.3,35,staircase3,no_load,0.0
2.951963,1.347448,shoulder_lift,-37.5,-38.014,-42.4841,-43.0664,1541,0,1064,1,12.3,36,staircase3,no_load,0.0
2.962613,1.358099,shoulder_lift,-37.5,-38.014,-42.4841,-43.0664,1541,0,1064,1,12.3,35,staircase3,no_load,0.0
2.973649,1.369135,shoulder_lift,-37.5,-38.014,-42.4841,-43.0664,1541,0,1064,1,12.4,35,staircase3,no_load,0.0
2.984179,1.379664,shoulder_lift,-37.5,-38.014,-42.4841,-43.0664,1541,0,1064,0,12.3,35,staircase3,no_load,0.0
2.994729,1.390214,shoulder_lift,-37.5,-38.014,-42.4841,-43.0664,1541,0,1064,1,12.3,35,staircase3,no_load,0.0
3.005912,1.401397,shoulder_lift,-37.5,-38.014,-42.4841,-43.0664,1541,0,1064,1,12.3,36,staircase3,no_load,0.0
3.016707,1.412192,shoulder_lift,-37.5,-38.014,-42.4841,-43.0664,1541,0,1064,1,12.3,35,staircase3,no_load,0.0
3.027248,1.422733,shoulder_lift,-37.5,-38.014,-42.4841,-43.0664,1541,0,1064,1,12.3,36,staircase3,no_load,0.0
3.038159,1.433644,shoulder_lift,-37.5,-38.014,-42.4841,-43.0664,1541,0,1064,0,12.3,35,staircase3,no_load,0.0
3.048919,1.444404,shoulder_lift,-37.5,-38.014,-42.4841,-43.0664,1541,0,1064,1,12.3,35,staircase3,no_load,0.0
3.059515,1.455,shoulder_lift,-37.5,-38.014,-42.4841,-43.0664,1541,0,1064,0,12.3,35,staircase3,no_load,0.0
3.070353,1.465838,shoulder_lift,-37.5,-38.014,-42.4841,-43.0664,1541,0,1064,1,12.3,35,staircase3,no_load,0.0
3.081391,1.476876,shoulder_lift,-37.5,-38.014,-42.4841,-43.0664,1541,0,1064,1,12.3,35,staircase3,no_load,0.0
3.092244,1.487729,shoulder_lift,-37.5,-38.014,-42.4841,-43.0664,1541,0,1064,0,12.3,35,staircase3,no_load,0.0
3.103014,1.498499,shoulder_lift,-37.5,-38.014,-42.4841,-43.0664,1541,0,1064,0,12.3,35,staircase3,no_load,0.0
3.113981,1.509466,shoulder_lift,-37.5,-38.014,-42.4841,-43.0664,1541,0,1064,0,12.3,35,staircase3,no_load,0.0
3.125147,1.520632,shoulder_lift,-37.5,-38.014,-42.4841,-43.0664,1541,0,1064,1,12.3,35,staircase3,no_load,0.0
3.136154,1.531639,shoulder_lift,-37.5,-38.014,-42.4841,-43.0664,1541,0,1064,0,12.3,35,staircase3,no_load,0.0
3.146847,1.542332,shoulder_lift,-37.5,-38.014,-42.4841,-43.0664,1541,0,1064,1,12.3,35,staircase3,no_load,0.0
3.157094,1.552579,shoulder_lift,-37.5,-38.014,-42.4841,-43.0664,1541,0,1064,1,12.3,35,staircase3,no_load,0.0
3.167844,1.563329,shoulder_lift,-37.5,-38.014,-42.4841,-43.0664,1541,0,1064,1,12.3,36,staircase3,no_load,0.0
3.17839,1.573875,shoulder_lift,-37.5,-38.014,-42.4841,-43.0664,1541,0,1064,1,12.3,35,staircase3,no_load,0.0
3.188792,1.584277,shoulder_lift,-37.5,-38.014,-42.4841,-43.0664,1541,0,1064,0,12.4,35,staircase3,no_load,0.0
3.199742,1.595227,shoulder_lift,-37.5,-38.014,-42.4841,-43.0664,1541,0,1064,1,12.3,36,staircase3,no_load,0.0
3.211354,3e-06,shoulder_lift,-25.0,-38.014,-28.3228,-43.0664,1541,0,1064,0,12.3,35,staircase3,no_load,0.0
3.22231,0.010959,shoulder_lift,-25.0,-38.014,-28.3228,-43.0664,1541,0,1072,2,12.3,36,staircase3,no_load,0.0
3.233224,0.021873,shoulder_lift,-25.0,-38.014,-28.3228,-43.0664,1541,0,1108,4,12.3,60,staircase3,no_load,0.0
3.24382,0.032469,shoulder_lift,-25.0,-38.014,-28.3228,-43.0664,1541,0,1144,3,12.3,36,staircase3,no_load,0.0
3.25492,0.043568,shoulder_lift,-25.0,-37.8588,-28.3228,-42.8906,1543,50,1220,9,12.3,35,staircase3,no_load,15.838
3.265993,0.054641,shoulder_lift,-25.0,-37.7036,-28.3228,-42.7148,1545,50,1268,11,12.2,36,staircase3,no_load,15.876
3.276617,0.065265,shoulder_lift,-25.0,-37.3933,-28.3228,-42.3633,1549,200,1336,17,12.3,35,staircase3,no_load,33.085
3.286788,0.075437,shoulder_lift,-25.0,-36.8503,-28.3228,-41.748,1556,200,1388,22,12.3,35,staircase3,no_load,60.496
3.297308,0.085957,shoulder_lift,-25.0,-36.2296,-28.3228,-41.0449,1564,550,1448,24,12.2,36,staircase3,no_load,66.835
3.308276,0.096924,shoulder_lift,-25.0,-35.2987,-28.3228,-39.9902,1576,950,1468,16,12.2,35,staircase3,no_load,96.162
3.318967,0.107616,shoulder_lift,-25.0,-34.0574,-28.3228,-38.584,1592,950,1428,11,12.3,36,staircase3,no_load,131.531
3.330038,0.118687,shoulder_lift,-25.0,-32.8937,-28.3228,-37.2656,1607,1400,1412,0,12.2,35,staircase3,no_load,119.086
3.341008,0.129657,shoulder_lift,-25.0,-31.6524,-28.3228,-35.8594,1623,1400,1324,0,12.3,35,staircase3,no_load,128.186
3.351848,0.140497,shoulder_lift,-25.0,-30.5663,-28.3228,-34.6289,1637,1400,1260,0,12.3,35,staircase3,no_load,113.515
3.36223,0.150879,shoulder_lift,-25.0,-29.7905,-28.3228,-33.75,1647,1400,1232,0,12.3,36,staircase3,no_load,84.656
3.3732,0.161849,shoulder_lift,-25.0,-29.0923,-28.3228,-32.959,1656,1000,1184,0,12.3,35,staircase3,no_load,72.106
3.384072,0.17272,shoulder_lift,-25.0,-28.6268,-28.3228,-32.4316,1662,1000,1160,0,12.3,35,staircase3,no_load,48.51
3.394461,0.18311,shoulder_lift,-25.0,-28.3165,-28.3228,-32.0801,1666,600,1164,1,12.3,35,staircase3,no_load,33.834
3.405381,0.19403,shoulder_lift,-25.0,-27.9286,-28.3228,-31.6406,1671,600,1144,1,12.3,35,staircase3,no_load,40.247
3.415719,0.204368,shoulder_lift,-25.0,-27.5407,-28.3228,-31.2012,1676,400,1132,0,12.3,35,staircase3,no_load,42.503
3.426262,0.214911,shoulder_lift,-25.0,-27.2304,-28.3228,-30.8496,1680,400,1112,0,12.3,35,staircase3,no_load,33.349
3.437099,0.225748,shoulder_lift,-25.0,-26.8425,-28.3228,-30.4102,1685,450,1092,0,12.3,35,staircase3,no_load,40.546
3.44822,0.236869,shoulder_lift,-25.0,-26.5322,-28.3228,-30.0586,1689,400,1080,0,12.3,35,staircase3,no_load,31.616
3.458478,0.247127,shoulder_lift,-25.0,-26.377,-28.3228,-29.8828,1691,400,1080,0,12.3,36,staircase3,no_load,17.138
3.469273,0.257922,shoulder_lift,-25.0,-26.2219,-28.3228,-29.707,1693,150,1072,0,12.3,36,staircase3,no_load,16.285
3.479446,0.268095,shoulder_lift,-25.0,-26.1443,-28.3228,-29.6191,1694,150,1084,0,12.3,35,staircase3,no_load,8.641
3.490439,0.279087,shoulder_lift,-25.0,-26.0667,-28.3228,-29.5312,1695,150,1076,0,12.3,35,staircase3,no_load,7.996
3.501436,0.290084,shoulder_lift,-25.0,-25.9116,-28.3228,-29.3555,1697,150,1072,1,12.3,35,staircase3,no_load,15.977
3.512335,0.300983,shoulder_lift,-25.0,-25.9116,-28.3228,-29.3555,1697,100,1080,0,12.3,35,staircase3,no_load,0.0
3.5232,0.311849,shoulder_lift,-25.0,-25.834,-28.3228,-29.2676,1698,100,1072,0,12.3,35,staircase3,no_load,8.09
3.534224,0.322873,shoulder_lift,-25.0,-25.6788,-28.3228,-29.0918,1700,100,1060,0,12.4,35,staircase3,no_load,15.947
3.545402,0.33405,shoulder_lift,-25.0,-25.6012,-28.3228,-29.0039,1701,100,1056,0,12.3,35,staircase3,no_load,7.864
3.556746,0.345395,shoulder_lift,-25.0,-25.6012,-28.3228,-29.0039,1701,100,1064,0,12.3,36,staircase3,no_load,0.0
3.567718,0.356367,shoulder_lift,-25.0,-25.4461,-28.3228,-28.8281,1703,100,1056,0,12.3,36,staircase3,no_load,16.023
3.578626,0.367275,shoulder_lift,-25.0,-25.3685,-28.3228,-28.7402,1704,100,1048,0,12.3,35,staircase3,no_load,8.058
3.589613,0.378262,shoulder_lift,-25.0,-25.2133,-28.3228,-28.5645,1706,150,20,0,12.3,35,staircase3,no_load,15.992
3.600347,0.388996,shoulder_lift,-25.0,-25.0582,-28.3228,-28.3887,1708,150,32,0,12.3,35,staircase3,no_load,16.378
3.610937,0.399586,shoulder_lift,-25.0,-25.0582,-28.3228,-28.3887,1708,100,20,0,12.3,36,staircase3,no_load,0.0
3.621918,0.410566,shoulder_lift,-25.0,-25.0582,-28.3228,-28.3887,1708,100,20,0,12.3,35,staircase3,no_load,0.0
3.632798,0.421447,shoulder_lift,-25.0,-25.0582,-28.3228,-28.3887,1708,0,0,0,12.3,36,staircase3,no_load,0.0
3.643877,0.432526,shoulder_lift,-25.0,-25.1358,-28.3228,-28.4766,1707,0,1044,0,12.3,35,staircase3,no_load,-7.934
3.654557,0.443206,shoulder_lift,-25.0,-25.1358,-28.3228,-28.4766,1707,-50,1048,0,12.3,35,staircase3,no_load,0.0
3.66558,0.454229,shoulder_lift,-25.0,-25.1358,-28.3228,-28.4766,1707,-50,1048,0,12.3,36,staircase3,no_load,0.0
3.676413,0.465062,shoulder_lift,-25.0,-25.0582,-28.3228,-28.3887,1708,0,20,0,12.3,35,staircase3,no_load,8.114
3.687454,0.476103,shoulder_lift,-25.0,-25.0582,-28.3228,-28.3887,1708,50,20,0,12.3,35,staircase3,no_load,0.0
3.698392,0.48704,shoulder_lift,-25.0,-25.0582,-28.3228,-28.3887,1708,50,0,0,12.3,35,staircase3,no_load,0.0
3.709312,0.49796,shoulder_lift,-25.0,-25.0582,-28.3228,-28.3887,1708,0,0,0,12.3,35,staircase3,no_load,0.0
3.720463,0.509112,shoulder_lift,-25.0,-25.0582,-28.3228,-28.3887,1708,0,0,0,12.3,35,staircase3,no_load,0.0
3.730965,0.519614,shoulder_lift,-25.0,-25.0582,-28.3228,-28.3887,1708,0,0,0,12.3,36,staircase3,no_load,0.0
3.741245,0.529893,shoulder_lift,-25.0,-25.0582,-28.3228,-28.3887,1708,0,0,0,12.3,36,staircase3,no_load,0.0
3.751615,0.540263,shoulder_lift,-25.0,-25.0582,-28.3228,-28.3887,1708,0,0,0,12.3,35,staircase3,no_load,0.0
3.761922,0.550571,shoulder_lift,-25.0,-25.0582,-28.3228,-28.3887,1708,0,0,0,12.3,36,staircase3,no_load,0.0
3.77204,0.560689,shoulder_lift,-25.0,-25.0582,-28.3228,-28.3887,1708,0,0,0,12.4,35,staircase3,no_load,0.0
3.782493,0.571141,shoulder_lift,-25.0,-25.0582,-28.3228,-28.3887,1708,0,0,0,12.3,36,staircase3,no_load,0.0
3.792601,0.581249,shoulder_lift,-25.0,-25.0582,-28.3228,-28.3887,1708,0,0,0,12.3,35,staircase3,no_load,0.0
3.802895,0.591544,shoulder_lift,-25.0,-25.0582,-28.3228,-28.3887,1708,0,0,0,12.3,35,staircase3,no_load,0.0
3.81305,0.601699,shoulder_lift,-25.0,-25.0582,-28.3228,-28.3887,1708,0,0,0,12.4,36,staircase3,no_load,0.0
3.824022,0.61267,shoulder_lift,-25.0,-25.0582,-28.3228,-28.3887,1708,0,0,0,12.3,36,staircase3,no_load,0.0
3.834277,0.622926,shoulder_lift,-25.0,-25.0582,-28.3228,-28.3887,1708,0,0,0,12.3,35,staircase3,no_load,0.0
3.844965,0.633614,shoulder_lift,-25.0,-25.0582,-28.3228,-28.3887,1708,0,0,0,12.3,35,staircase3,no_load,0.0
3.855637,0.644285,shoulder_lift,-25.0,-25.0582,-28.3228,-28.3887,1708,0,0,0,12.3,36,staircase3,no_load,0.0
3.86643,0.655079,shoulder_lift,-25.0,-25.0582,-28.3228,-28.3887,1708,0,0,0,12.4,36,staircase3,no_load,0.0
3.87682,0.665468,shoulder_lift,-25.0,-25.0582,-28.3228,-28.3887,1708,0,0,0,12.3,35,staircase3,no_load,0.0
3.887269,0.675918,shoulder_lift,-25.0,-25.0582,-28.3228,-28.3887,1708,0,0,0,12.3,35,staircase3,no_load,0.0
3.897451,0.6861,shoulder_lift,-25.0,-25.0582,-28.3228,-28.3887,1708,0,0,0,12.3,36,staircase3,no_load,0.0
3.907905,0.696553,shoulder_lift,-25.0,-25.0582,-28.3228,-28.3887,1708,0,0,0,12.3,35,staircase3,no_load,0.0
3.918797,0.707446,shoulder_lift,-25.0,-25.0582,-28.3228,-28.3887,1708,0,0,0,12.3,36,staircase3,no_load,0.0
3.929617,0.718266,shoulder_lift,-25.0,-25.0582,-28.3228,-28.3887,1708,0,0,0,12.3,35,staircase3,no_load,0.0
3.940578,0.729226,shoulder_lift,-25.0,-25.0582,-28.3228,-28.3887,1708,0,0,0,12.3,35,staircase3,no_load,0.0
3.951218,0.739867,shoulder_lift,-25.0,-25.0582,-28.3228,-28.3887,1708,0,0,0,12.3,35,staircase3,no_load,0.0
3.962283,0.750932,shoulder_lift,-25.0,-25.0582,-28.3228,-28.3887,1708,0,0,0,12.3,36,staircase3,no_load,0.0
3.97304,0.761688,shoulder_lift,-25.0,-25.0582,-28.3228,-28.3887,1708,0,0,0,12.4,35,staircase3,no_load,0.0
3.983909,0.772558,shoulder_lift,-25.0,-25.0582,-28.3228,-28.3887,1708,0,0,0,12.3,36,staircase3,no_load,0.0
3.994742,0.78339,shoulder_lift,-25.0,-25.0582,-28.3228,-28.3887,1708,0,0,0,12.3,35,staircase3,no_load,0.0
4.005534,0.794183,shoulder_lift,-25.0,-25.0582,-28.3228,-28.3887,1708,0,0,0,12.3,35,staircase3,no_load,0.0
4.016614,0.805263,shoulder_lift,-25.0,-25.0582,-28.3228,-28.3887,1708,0,0,0,12.3,35,staircase3,no_load,0.0
4.02691,0.815558,shoulder_lift,-25.0,-25.0582,-28.3228,-28.3887,1708,0,0,0,12.4,35,staircase3,no_load,0.0
4.037146,0.825795,shoulder_lift,-25.0,-25.0582,-28.3228,-28.3887,1708,0,0,0,12.4,35,staircase3,no_load,0.0
4.047949,0.836597,shoulder_lift,-25.0,-25.0582,-28.3228,-28.3887,1708,0,0,0,12.3,35,staircase3,no_load,0.0
4.058729,0.847378,shoulder_lift,-25.0,-25.0582,-28.3228,-28.3887,1708,0,0,0,12.3,36,staircase3,no_load,0.0
4.069323,0.857971,shoulder_lift,-25.0,-25.0582,-28.3228,-28.3887,1708,0,0,0,12.3,36,staircase3,no_load,0.0
4.0799,0.868549,shoulder_lift,-25.0,-25.0582,-28.3228,-28.3887,1708,0,0,0,12.3,36,staircase3,no_load,0.0
4.090168,0.878816,shoulder_lift,-25.0,-25.0582,-28.3228,-28.3887,1708,0,0,0,12.3,36,staircase3,no_load,0.0
4.100882,0.88953,shoulder_lift,-25.0,-25.0582,-28.3228,-28.3887,1708,0,0,0,12.3,35,staircase3,no_load,0.0
4.111757,0.900406,shoulder_lift,-25.0,-25.0582,-28.3228,-28.3887,1708,0,0,0,12.3,35,staircase3,no_load,0.0
4.122864,0.911513,shoulder_lift,-25.0,-25.0582,-28.3228,-28.3887,1708,0,0,0,12.3,35,staircase3,no_load,0.0
4.133625,0.922274,shoulder_lift,-25.0,-25.0582,-28.3228,-28.3887,1708,0,0,0,12.3,35,staircase3,no_load,0.0
4.144816,0.933464,shoulder_lift,-25.0,-25.0582,-28.3228,-28.3887,1708,0,0,0,12.3,35,staircase3,no_load,0.0
4.1552,0.943849,shoulder_lift,-25.0,-25.0582,-28.3228,-28.3887,1708,0,0,0,12.3,36,staircase3,no_load,0.0
4.165578,0.954227,shoulder_lift,-25.0,-25.0582,-28.3228,-28.3887,1708,0,0,0,12.3,35,staircase3,no_load,0.0
4.176632,0.965281,shoulder_lift,-25.0,-25.0582,-28.3228,-28.3887,1708,0,0,0,12.3,35,staircase3,no_load,0.0
4.187479,0.976127,shoulder_lift,-25.0,-25.0582,-28.3228,-28.3887,1708,0,0,0,12.4,35,staircase3,no_load,0.0
4.198377,0.987025,shoulder_lift,-25.0,-25.0582,-28.3228,-28.3887,1708,0,0,0,12.3,36,staircase3,no_load,0.0
4.209496,0.998144,shoulder_lift,-25.0,-25.0582,-28.3228,-28.3887,1708,0,0,0,12.4,35,staircase3,no_load,0.0
4.220751,1.009399,shoulder_lift,-25.0,-25.0582,-28.3228,-28.3887,1708,0,0,0,12.3,36,staircase3,no_load,0.0
4.231732,1.02038,shoulder_lift,-25.0,-25.0582,-28.3228,-28.3887,1708,0,0,0,12.3,35,staircase3,no_load,0.0
4.242697,1.031346,shoulder_lift,-25.0,-25.0582,-28.3228,-28.3887,1708,0,0,0,12.3,36,staircase3,no_load,0.0
4.253709,1.042358,shoulder_lift,-25.0,-25.0582,-28.3228,-28.3887,1708,0,0,0,12.3,35,staircase3,no_load,0.0
4.264843,1.053491,shoulder_lift,-25.0,-25.0582,-28.3228,-28.3887,1708,0,0,0,12.3,35,staircase3,no_load,0.0
4.275765,1.064414,shoulder_lift,-25.0,-25.0582,-28.3228,-28.3887,1708,0,0,0,12.3,36,staircase3,no_load,0.0
4.286719,1.075368,shoulder_lift,-25.0,-25.0582,-28.3228,-28.3887,1708,0,0,0,12.3,36,staircase3,no_load,0.0
4.297123,1.085771,shoulder_lift,-25.0,-25.0582,-28.3228,-28.3887,1708,0,0,0,12.3,35,staircase3,no_load,0.0
4.30771,1.096359,shoulder_lift,-25.0,-25.0582,-28.3228,-28.3887,1708,0,0,0,12.3,35,staircase3,no_load,0.0
4.318469,1.107118,shoulder_lift,-25.0,-25.0582,-28.3228,-28.3887,1708,0,0,0,12.4,35,staircase3,no_load,0.0
4.329409,1.118057,shoulder_lift,-25.0,-25.0582,-28.3228,-28.3887,1708,0,0,0,12.3,36,staircase3,no_load,0.0
4.340563,1.129212,shoulder_lift,-25.0,-25.0582,-28.3228,-28.3887,1708,0,0,0,12.3,35,staircase3,no_load,0.0
4.351351,1.14,shoulder_lift,-25.0,-25.0582,-28.3228,-28.3887,1708,0,0,0,12.3,36,staircase3,no_load,0.0
4.362407,1.151056,shoulder_lift,-25.0,-25.0582,-28.3228,-28.3887,1708,0,0,0,12.3,35,staircase3,no_load,0.0
4.373359,1.162008,shoulder_lift,-25.0,-25.0582,-28.3228,-28.3887,1708,0,0,0,12.3,35,staircase3,no_load,0.0
4.384204,1.172852,shoulder_lift,-25.0,-25.0582,-28.3228,-28.3887,1708,0,0,0,12.3,35,staircase3,no_load,0.0
4.395216,1.183865,shoulder_lift,-25.0,-25.0582,-28.3228,-28.3887,1708,0,0,0,12.3,35,staircase3,no_load,0.0
4.40619,1.194839,shoulder_lift,-25.0,-25.0582,-28.3228,-28.3887,1708,0,0,0,12.3,35,staircase3,no_load,0.0
4.416662,1.205311,shoulder_lift,-25.0,-25.0582,-28.3228,-28.3887,1708,0,0,0,12.4,35,staircase3,no_load,0.0
4.427141,1.21579,shoulder_lift,-25.0,-25.0582,-28.3228,-28.3887,1708,0,0,0,12.3,35,staircase3,no_load,0.0
4.438075,1.226723,shoulder_lift,-25.0,-25.0582,-28.3228,-28.3887,1708,0,0,0,12.3,35,staircase3,no_load,0.0
4.449085,1.237734,shoulder_lift,-25.0,-25.0582,-28.3228,-28.3887,1708,0,0,0,12.3,35,staircase3,no_load,0.0
4.459559,1.248208,shoulder_lift,-25.0,-25.0582,-28.3228,-28.3887,1708,0,0,0,12.3,35,staircase3,no_load,0.0
4.470316,1.258964,shoulder_lift,-25.0,-25.0582,-28.3228,-28.3887,1708,0,0,0,12.4,36,staircase3,no_load,0.0
4.481186,1.269834,shoulder_lift,-25.0,-25.0582,-28.3228,-28.3887,1708,0,0,0,12.3,35,staircase3,no_load,0.0
4.491418,1.280066,shoulder_lift,-25.0,-25.0582,-28.3228,-28.3887,1708,0,0,0,12.3,35,staircase3,no_load,0.0
4.502353,1.291002,shoulder_lift,-25.0,-25.0582,-28.3228,-28.3887,1708,0,0,0,12.4,35,staircase3,no_load,0.0
4.513092,1.301741,shoulder_lift,-25.0,-25.0582,-28.3228,-28.3887,1708,0,0,0,12.3,35,staircase3,no_load,0.0
4.524029,1.312677,shoulder_lift,-25.0,-25.0582,-28.3228,-28.3887,1708,0,0,0,12.4,36,staircase3,no_load,0.0
4.535081,1.32373,shoulder_lift,-25.0,-25.0582,-28.3228,-28.3887,1708,0,0,0,12.3,36,staircase3,no_load,0.0
4.546046,1.334695,shoulder_lift,-25.0,-25.0582,-28.3228,-28.3887,1708,0,0,0,12.3,36,staircase3,no_load,0.0
4.557105,1.345753,shoulder_lift,-25.0,-25.0582,-28.3228,-28.3887,1708,0,0,0,12.3,36,staircase3,no_load,0.0
4.56808,1.356729,shoulder_lift,-25.0,-25.0582,-28.3228,-28.3887,1708,0,0,0,12.3,35,staircase3,no_load,0.0
4.578802,1.36745,shoulder_lift,-25.0,-25.0582,-28.3228,-28.3887,1708,0,0,0,12.4,35,staircase3,no_load,0.0
4.589692,1.378341,shoulder_lift,-25.0,-25.0582,-28.3228,-28.3887,1708,0,0,0,12.3,35,staircase3,no_load,0.0
4.600394,1.389043,shoulder_lift,-25.0,-25.0582,-28.3228,-28.3887,1708,0,0,0,12.3,35,staircase3,no_load,0.0
4.610625,1.399274,shoulder_lift,-25.0,-25.0582,-28.3228,-28.3887,1708,0,0,0,12.3,36,staircase3,no_load,0.0
4.621675,1.410324,shoulder_lift,-25.0,-25.0582,-28.3228,-28.3887,1708,0,0,0,12.3,36,staircase3,no_load,0.0
4.632613,1.421261,shoulder_lift,-25.0,-25.0582,-28.3228,-28.3887,1708,0,0,0,12.3,35,staircase3,no_load,0.0
4.643441,1.432089,shoulder_lift,-25.0,-25.0582,-28.3228,-28.3887,1708,0,0,0,12.3,36,staircase3,no_load,0.0
4.654561,1.44321,shoulder_lift,-25.0,-25.0582,-28.3228,-28.3887,1708,0,0,0,12.3,36,staircase3,no_load,0.0
4.665682,1.454331,shoulder_lift,-25.0,-25.0582,-28.3228,-28.3887,1708,0,0,0,12.3,35,staircase3,no_load,0.0
4.676518,1.465166,shoulder_lift,-25.0,-25.0582,-28.3228,-28.3887,1708,0,0,0,12.3,35,staircase3,no_load,0.0
4.687247,1.475895,shoulder_lift,-25.0,-25.0582,-28.3228,-28.3887,1708,0,0,0,12.3,36,staircase3,no_load,0.0
4.698369,1.487018,shoulder_lift,-25.0,-25.0582,-28.3228,-28.3887,1708,0,0,0,12.3,36,staircase3,no_load,0.0
4.70906,1.497708,shoulder_lift,-25.0,-25.0582,-28.3228,-28.3887,1708,0,0,0,12.3,35,staircase3,no_load,0.0
4.719838,1.508487,shoulder_lift,-25.0,-25.0582,-28.3228,-28.3887,1708,0,0,0,12.3,35,staircase3,no_load,0.0
4.730946,1.519594,shoulder_lift,-25.0,-25.0582,-28.3228,-28.3887,1708,0,0,0,12.4,35,staircase3,no_load,0.0
4.741158,1.529807,shoulder_lift,-25.0,-25.0582,-28.3228,-28.3887,1708,0,0,0,12.3,35,staircase3,no_load,0.0
4.751746,1.540394,shoulder_lift,-25.0,-25.0582,-28.3228,-28.3887,1708,0,0,0,12.3,35,staircase3,no_load,0.0
4.761998,1.550646,shoulder_lift,-25.0,-25.0582,-28.3228,-28.3887,1708,0,0,0,12.3,36,staircase3,no_load,0.0
4.772227,1.560876,shoulder_lift,-25.0,-25.0582,-28.3228,-28.3887,1708,0,0,0,12.3,35,staircase3,no_load,0.0
4.782747,1.571396,shoulder_lift,-25.0,-25.0582,-28.3228,-28.3887,1708,0,0,0,12.3,35,staircase3,no_load,0.0
4.793097,1.581745,shoulder_lift,-25.0,-25.0582,-28.3228,-28.3887,1708,0,0,0,12.3,36,staircase3,no_load,0.0
4.803404,1.592053,shoulder_lift,-25.0,-25.0582,-28.3228,-28.3887,1708,0,0,0,12.3,35,staircase3,no_load,0.0
4.81465,2e-06,shoulder_lift,-12.5,-25.0582,-14.1614,-28.3887,1708,0,0,0,12.3,35,staircase3,no_load,0.0
4.825003,0.010356,shoulder_lift,-12.5,-25.0582,-14.1614,-28.3887,1708,0,1044,1,12.3,36,staircase3,no_load,0.0
4.835779,0.021131,shoulder_lift,-12.5,-25.0582,-14.1614,-28.3887,1708,0,1076,1,12.3,35,staircase3,no_load,0.0
4.846556,0.031908,shoulder_lift,-12.5,-25.0582,-14.1614,-28.3887,1708,0,1108,3,12.3,35,staircase3,no_load,0.0
4.857313,0.042665,shoulder_lift,-12.5,-24.9806,-14.1614,-28.3008,1709,0,1184,6,12.3,36,staircase3,no_load,8.171
4.868411,0.053763,shoulder_lift,-12.5,-24.7479,-14.1614,-28.0371,1712,150,1264,12,12.3,36,staircase3,no_load,23.761
4.879535,0.064887,shoulder_lift,-12.5,-24.5151,-14.1614,-27.7734,1715,150,1316,13,12.3,36,staircase3,no_load,23.706
4.890217,0.075569,shoulder_lift,-12.5,-24.1272,-14.1614,-27.334,1720,350,1404,22,12.2,35,staircase3,no_load,41.135
4.901259,0.086612,shoulder_lift,-12.5,-23.429,-14.1614,-26.543,1729,350,1448,21,12.2,36,staircase3,no_load,71.636
4.91228,0.097632,shoulder_lift,-12.5,-22.4981,-14.1614,-25.4883,1741,750,1448,11,12.3,35,staircase3,no_load,95.699
4.923406,0.108758,shoulder_lift,-12.5,-21.6447,-14.1614,-24.5215,1752,750,1460,11,12.2,35,staircase3,no_load,86.896
4.934152,0.119504,shoulder_lift,-12.5,-20.7137,-14.1614,-23.4668,1764,1050,1408,3,12.3,36,staircase3,no_load,98.148
4.945299,0.130652,shoulder_lift,-12.5,-19.6276,-14.1614,-22.2363,1778,1200,1388,0,12.3,35,staircase3,no_load,110.388
4.955912,0.141265,shoulder_lift,-12.5,-18.6191,-14.1614,-21.0938,1791,1200,1304,0,12.4,35,staircase3,no_load,107.651
4.966854,0.152206,shoulder_lift,-12.5,-17.6106,-14.1614,-19.9512,1804,1200,1268,0,12.3,36,staircase3,no_load,104.423
4.977115,0.162468,shoulder_lift,-12.5,-16.9123,-14.1614,-19.1602,1813,1200,1192,0,12.3,35,staircase3,no_load,77.088
4.987697,0.173049,shoulder_lift,-12.5,-16.2917,-14.1614,-18.457,1821,900,1156,0,12.3,35,staircase3,no_load,66.452
4.998808,0.18416,shoulder_lift,-12.5,-15.6711,-14.1614,-17.7539,1829,900,1128,0,12.3,36,staircase3,no_load,63.28
5.009593,0.194945,shoulder_lift,-12.5,-15.2056,-14.1614,-17.2266,1835,650,1124,0,12.3,35,staircase3,no_load,48.892
5.020358,0.205711,shoulder_lift,-12.5,-14.8177,-14.1614,-16.7871,1840,650,1108,0,12.3,35,staircase3,no_load,40.827
5.031365,0.216717,shoulder_lift,-12.5,-14.5849,-14.1614,-16.5234,1843,400,1108,1,12.3,58,staircase3,no_load,23.957
5.042227,0.227579,shoulder_lift,-12.5,-14.3522,-14.1614,-16.2598,1846,400,1100,0,12.3,36,staircase3,no_load,24.268
5.053219,0.238571,shoulder_lift,-12.5,-14.2746,-14.1614,-16.1719,1847,250,1108,1,12.4,35,staircase3,no_load,7.997
5.064223,0.249575,shoulder_lift,-12.5,-14.0419,-14.1614,-15.9082,1850,250,1096,0,12.3,35,staircase3,no_load,23.964
5.075264,0.260616,shoulder_lift,-12.5,-13.7316,-14.1614,-15.5566,1854,250,1076,0,12.3,36,staircase3,no_load,31.845
5.08648,0.271832,shoulder_lift,-12.5,-13.2661,-14.1614,-15.0293,1860,400,1052,1,12.3,35,staircase3,no_load,47.013
5.097373,0.282725,shoulder_lift,-12.5,-13.0334,-14.1614,-14.7656,1863,400,28,0,12.3,36,staircase3,no_load,24.208
5.108408,0.29376,shoulder_lift,-12.5,-13.0334,-14.1614,-14.7656,1863,200,1056,0,12.3,36,staircase3,no_load,0.0
5.11914,0.304493,shoulder_lift,-12.5,-12.9558,-14.1614,-14.6777,1864,200,1048,0,12.3,35,staircase3,no_load,8.19
5.130202,0.315554,shoulder_lift,-12.5,-12.723,-14.1614,-14.4141,1867,150,28,0,12.3,35,staircase3,no_load,23.829
5.14126,0.326612,shoulder_lift,-12.5,-12.6455,-14.1614,-14.3262,1868,150,28,1,12.3,35,staircase3,no_load,7.949
5.151873,0.337225,shoulder_lift,-12.5,-12.6455,-14.1614,-14.3262,1868,100,0,0,12.3,36,staircase3,no_load,0.0
5.162632,0.347985,shoulder_lift,-12.5,-12.723,-14.1614,-14.4141,1867,100,1048,0,12.4,35,staircase3,no_load,-8.17
5.173652,0.359004,shoulder_lift,-12.5,-12.9558,-14.1614,-14.6777,1864,-100,1076,1,12.3,36,staircase3,no_load,-23.92
5.184791,0.370144,shoulder_lift,-12.5,-13.1109,-14.1614,-14.8535,1862,-200,1080,1,12.3,35,staircase3,no_load,-15.782
5.195261,0.380613,shoulder_lift,-12.5,-13.1109,-14.1614,-14.8535,1862,-200,1080,0,12.3,36,staircase3,no_load,0.0
5.205996,0.391348,shoulder_lift,-12.5,-13.0334,-14.1614,-14.7656,1863,50,1076,0,12.3,36,staircase3,no_load,8.188
5.217015,0.402367,shoulder_lift,-12.5,-12.8006,-14.1614,-14.502,1866,50,1044,0,12.4,35,staircase3,no_load,23.922
5.228024,0.413376,shoulder_lift,-12.5,-12.6455,-14.1614,-14.3262,1868,250,28,0,12.3,36,staircase3,no_load,15.969
5.239146,0.424498,shoulder_lift,-12.5,-12.5679,-14.1614,-14.2383,1869,250,32,0,12.4,35,staircase3,no_load,7.903
5.250085,0.435438,shoulder_lift,-12.5,-12.5679,-14.1614,-14.2383,1869,50,20,0,12.3,35,staircase3,no_load,0.0
5.260462,0.445815,shoulder_lift,-12.5,-12.5679,-14.1614,-14.2383,1869,50,20,0,12.3,35,staircase3,no_load,0.0
5.271601,0.456953,shoulder_lift,-12.5,-12.6455,-14.1614,-14.3262,1868,0,1048,0,12.3,35,staircase3,no_load,-7.891
5.282748,0.4681,shoulder_lift,-12.5,-12.6455,-14.1614,-14.3262,1868,0,1052,0,12.3,36,staircase3,no_load,0.0
5.293962,0.479315,shoulder_lift,-12.5,-12.723,-14.1614,-14.4141,1867,-100,1052,0,12.4,36,staircase3,no_load,-7.838
5.30495,0.490302,shoulder_lift,-12.5,-12.723,-14.1614,-14.4141,1867,0,1052,0,12.3,35,staircase3,no_load,0.0
5.315376,0.500729,shoulder_lift,-12.5,-12.6455,-14.1614,-14.3262,1868,0,0,0,12.4,35,staircase3,no_load,8.431
5.325692,0.511044,shoulder_lift,-12.5,-12.5679,-14.1614,-14.2383,1869,50,20,0,12.3,35,staircase3,no_load,8.521
5.336734,0.522086,shoulder_lift,-12.5,-12.5679,-14.1614,-14.2383,1869,50,20,0,12.3,35,staircase3,no_load,0.0
5.347877,0.533229,shoulder_lift,-12.5,-12.5679,-14.1614,-14.2383,1869,50,0,0,12.3,35,staircase3,no_load,0.0
5.358605,0.543957,shoulder_lift,-12.5,-12.5679,-14.1614,-14.2383,1869,50,0,0,12.3,36,staircase3,no_load,0.0
5.369641,0.554994,shoulder_lift,-12.5,-12.5679,-14.1614,-14.2383,1869,0,0,0,12.3,35,staircase3,no_load,0.0
5.380631,0.565983,shoulder_lift,-12.5,-12.5679,-14.1614,-14.2383,1869,0,0,0,12.3,35,staircase3,no_load,0.0
5.391612,0.576964,shoulder_lift,-12.5,-12.5679,-14.1614,-14.2383,1869,0,0,0,12.3,35,staircase3,no_load,0.0
5.402587,0.587939,shoulder_lift,-12.5,-12.5679,-14.1614,-14.2383,1869,0,0,0,12.3,35,staircase3,no_load,0.0
5.413051,0.598403,shoulder_lift,-12.5,-12.5679,-14.1614,-14.2383,1869,0,0,0,12.4,36,staircase3,no_load,0.0
5.423837,0.609189,shoulder_lift,-12.5,-12.5679,-14.1614,-14.2383,1869,0,0,0,12.3,35,staircase3,no_load,0.0
5.434748,0.6201,shoulder_lift,-12.5,-12.5679,-14.1614,-14.2383,1869,0,0,0,12.4,36,staircase3,no_load,0.0
5.445517,0.630869,shoulder_lift,-12.5,-12.5679,-14.1614,-14.2383,1869,0,0,0,12.3,35,staircase3,no_load,0.0
5.456578,0.64193,shoulder_lift,-12.5,-12.5679,-14.1614,-14.2383,1869,0,0,0,12.3,35,staircase3,no_load,0.0
5.46732,0.652673,shoulder_lift,-12.5,-12.5679,-14.1614,-14.2383,1869,0,0,0,12.3,36,staircase3,no_load,0.0
5.478052,0.663404,shoulder_lift,-12.5,-12.5679,-14.1614,-14.2383,1869,0,0,0,12.3,35,staircase3,no_load,0.0
5.489052,0.674405,shoulder_lift,-12.5,-12.5679,-14.1614,-14.2383,1869,0,0,0,12.4,35,staircase3,no_load,0.0
5.500067,0.685419,shoulder_lift,-12.5,-12.5679,-14.1614,-14.2383,1869,0,0,0,12.3,35,staircase3,no_load,0.0
5.511089,0.696441,shoulder_lift,-12.5,-12.5679,-14.1614,-14.2383,1869,0,0,0,12.4,36,staircase3,no_load,0.0
5.521979,0.707331,shoulder_lift,-12.5,-12.5679,-14.1614,-14.2383,1869,0,0,0,12.3,35,staircase3,no_load,0.0
5.532475,0.717828,shoulder_lift,-12.5,-12.5679,-14.1614,-14.2383,1869,0,0,0,12.3,36,staircase3,no_load,0.0
5.543365,0.728717,shoulder_lift,-12.5,-12.5679,-14.1614,-14.2383,1869,0,0,0,12.3,35,staircase3,no_load,0.0
5.554299,0.739651,shoulder_lift,-12.5,-12.5679,-14.1614,-14.2383,1869,0,0,0,12.4,36,staircase3,no_load,0.0
5.565178,0.75053,shoulder_lift,-12.5,-12.5679,-14.1614,-14.2383,1869,0,0,0,12.3,35,staircase3,no_load,0.0
5.576332,0.761684,shoulder_lift,-12.5,-12.5679,-14.1614,-14.2383,1869,0,0,0,12.4,36,staircase3,no_load,0.0
5.58709,0.772442,shoulder_lift,-12.5,-12.5679,-14.1614,-14.2383,1869,0,0,0,12.3,36,staircase3,no_load,0.0
5.597306,0.782658,shoulder_lift,-12.5,-12.5679,-14.1614,-14.2383,1869,0,0,0,12.3,35,staircase3,no_load,0.0
5.607923,0.793275,shoulder_lift,-12.5,-12.5679,-14.1614,-14.2383,1869,0,0,0,12.4,35,staircase3,no_load,0.0
5.61831,0.803662,shoulder_lift,-12.5,-12.5679,-14.1614,-14.2383,1869,0,0,0,12.3,35,staircase3,no_load,0.0
5.628478,0.81383,shoulder_lift,-12.5,-12.5679,-14.1614,-14.2383,1869,0,0,0,12.3,36,staircase3,no_load,0.0
5.639346,0.824698,shoulder_lift,-12.5,-12.5679,-14.1614,-14.2383,1869,0,0,0,12.3,36,staircase3,no_load,0.0
5.649909,0.835262,shoulder_lift,-12.5,-12.5679,-14.1614,-14.2383,1869,0,0,0,12.3,35,staircase3,no_load,0.0
5.660311,0.845663,shoulder_lift,-12.5,-12.5679,-14.1614,-14.2383,1869,0,0,0,12.3,35,staircase3,no_load,0.0
5.670786,0.856139,shoulder_lift,-12.5,-12.5679,-14.1614,-14.2383,1869,0,0,0,12.3,35,staircase3,no_load,0.0
5.681563,0.866915,shoulder_lift,-12.5,-12.5679,-14.1614,-14.2383,1869,0,0,0,12.3,35,staircase3,no_load,0.0
5.691843,0.877196,shoulder_lift,-12.5,-12.5679,-14.1614,-14.2383,1869,0,0,0,12.3,36,staircase3,no_load,0.0
5.702434,0.887786,shoulder_lift,-12.5,-12.5679,-14.1614,-14.2383,1869,0,0,0,12.3,35,staircase3,no_load,0.0
5.713504,0.898856,shoulder_lift,-12.5,-12.5679,-14.1614,-14.2383,1869,0,0,0,12.3,36,staircase3,no_load,0.0
5.724519,0.909872,shoulder_lift,-12.5,-12.5679,-14.1614,-14.2383,1869,0,0,0,12.3,35,staircase3,no_load,0.0
5.735021,0.920373,shoulder_lift,-12.5,-12.5679,-14.1614,-14.2383,1869,0,0,0,12.3,35,staircase3,no_load,0.0
5.745313,0.930665,shoulder_lift,-12.5,-12.5679,-14.1614,-14.2383,1869,0,0,0,12.3,35,staircase3,no_load,0.0
5.755813,0.941165,shoulder_lift,-12.5,-12.5679,-14.1614,-14.2383,1869,0,0,0,12.3,36,staircase3,no_load,0.0
5.766444,0.951796,shoulder_lift,-12.5,-12.5679,-14.1614,-14.2383,1869,0,0,0,12.3,36,staircase3,no_load,0.0
5.776913,0.962265,shoulder_lift,-12.5,-12.5679,-14.1614,-14.2383,1869,0,0,0,12.3,35,staircase3,no_load,0.0
5.787385,0.972737,shoulder_lift,-12.5,-12.5679,-14.1614,-14.2383,1869,0,0,0,12.3,35,staircase3,no_load,0.0
5.79834,0.983693,shoulder_lift,-12.5,-12.5679,-14.1614,-14.2383,1869,0,0,0,12.3,35,staircase3,no_load,0.0
5.808675,0.994027,shoulder_lift,-12.5,-12.5679,-14.1614,-14.2383,1869,0,0,0,12.3,35,staircase3,no_load,0.0
5.819123,1.004475,shoulder_lift,-12.5,-12.5679,-14.1614,-14.2383,1869,0,0,0,12.3,35,staircase3,no_load,0.0
5.829681,1.015034,shoulder_lift,-12.5,-12.5679,-14.1614,-14.2383,1869,0,0,0,12.3,35,staircase3,no_load,0.0
5.840398,1.02575,shoulder_lift,-12.5,-12.5679,-14.1614,-14.2383,1869,0,0,0,12.4,35,staircase3,no_load,0.0
5.850957,1.036309,shoulder_lift,-12.5,-12.5679,-14.1614,-14.2383,1869,0,0,0,12.3,35,staircase3,no_load,0.0
5.86166,1.047012,shoulder_lift,-12.5,-12.5679,-14.1614,-14.2383,1869,0,0,0,12.3,35,staircase3,no_load,0.0
5.872648,1.058,shoulder_lift,-12.5,-12.5679,-14.1614,-14.2383,1869,0,0,0,12.3,36,staircase3,no_load,0.0
5.883327,1.06868,shoulder_lift,-12.5,-12.5679,-14.1614,-14.2383,1869,0,0,0,12.3,35,staircase3,no_load,0.0
5.894285,1.079637,shoulder_lift,-12.5,-12.5679,-14.1614,-14.2383,1869,0,0,0,12.3,36,staircase3,no_load,0.0
5.905024,1.090376,shoulder_lift,-12.5,-12.5679,-14.1614,-14.2383,1869,0,0,0,12.3,35,staircase3,no_load,0.0
5.915851,1.101204,shoulder_lift,-12.5,-12.5679,-14.1614,-14.2383,1869,0,0,0,12.3,36,staircase3,no_load,0.0
5.926815,1.112168,shoulder_lift,-12.5,-12.5679,-14.1614,-14.2383,1869,0,0,0,12.3,36,staircase3,no_load,0.0
5.93798,1.123332,shoulder_lift,-12.5,-12.5679,-14.1614,-14.2383,1869,0,0,0,12.3,35,staircase3,no_load,0.0
5.948919,1.134271,shoulder_lift,-12.5,-12.5679,-14.1614,-14.2383,1869,0,0,0,12.4,35,staircase3,no_load,0.0
5.959997,1.145349,shoulder_lift,-12.5,-12.5679,-14.1614,-14.2383,1869,0,0,0,12.3,35,staircase3,no_load,0.0
5.970903,1.156256,shoulder_lift,-12.5,-12.5679,-14.1614,-14.2383,1869,0,0,0,12.3,35,staircase3,no_load,0.0
5.981857,1.167209,shoulder_lift,-12.5,-12.5679,-14.1614,-14.2383,1869,0,0,0,12.3,35,staircase3,no_load,0.0
5.992672,1.178024,shoulder_lift,-12.5,-12.5679,-14.1614,-14.2383,1869,0,0,0,12.3,36,staircase3,no_load,0.0
6.003645,1.188997,shoulder_lift,-12.5,-12.5679,-14.1614,-14.2383,1869,0,0,0,12.3,35,staircase3,no_load,0.0
6.014089,1.199441,shoulder_lift,-12.5,-12.5679,-14.1614,-14.2383,1869,0,0,0,12.4,35,staircase3,no_load,0.0
6.024741,1.210094,shoulder_lift,-12.5,-12.5679,-14.1614,-14.2383,1869,0,0,0,12.3,35,staircase3,no_load,0.0
6.035748,1.2211,shoulder_lift,-12.5,-12.5679,-14.1614,-14.2383,1869,0,0,0,12.3,35,staircase3,no_load,0.0
6.046785,1.232138,shoulder_lift,-12.5,-12.5679,-14.1614,-14.2383,1869,0,0,0,12.3,36,staircase3,no_load,0.0
6.057906,1.243258,shoulder_lift,-12.5,-12.5679,-14.1614,-14.2383,1869,0,0,0,12.3,35,staircase3,no_load,0.0
6.068759,1.254112,shoulder_lift,-12.5,-12.5679,-14.1614,-14.2383,1869,0,0,0,12.3,36,staircase3,no_load,0.0
6.079786,1.265138,shoulder_lift,-12.5,-12.5679,-14.1614,-14.2383,1869,0,0,0,12.3,36,staircase3,no_load,0.0
6.090541,1.275893,shoulder_lift,-12.5,-12.5679,-14.1614,-14.2383,1869,0,0,0,12.3,35,staircase3,no_load,0.0
6.101701,1.287053,shoulder_lift,-12.5,-12.5679,-14.1614,-14.2383,1869,0,0,0,12.3,36,staircase3,no_load,0.0
6.112465,1.297817,shoulder_lift,-12.5,-12.5679,-14.1614,-14.2383,1869,0,0,0,12.3,35,staircase3,no_load,0.0
6.122887,1.308239,shoulder_lift,-12.5,-12.5679,-14.1614,-14.2383,1869,0,0,0,12.3,36,staircase3,no_load,0.0
6.133806,1.319158,shoulder_lift,-12.5,-12.5679,-14.1614,-14.2383,1869,0,0,0,12.3,35,staircase3,no_load,0.0
6.144879,1.330232,shoulder_lift,-12.5,-12.5679,-14.1614,-14.2383,1869,0,0,0,12.3,35,staircase3,no_load,0.0
6.155043,1.340395,shoulder_lift,-12.5,-12.5679,-14.1614,-14.2383,1869,0,0,0,12.3,35,staircase3,no_load,0.0
6.166053,1.351405,shoulder_lift,-12.5,-12.5679,-14.1614,-14.2383,1869,0,0,0,12.4,35,staircase3,no_load,0.0
6.177107,1.362459,shoulder_lift,-12.5,-12.5679,-14.1614,-14.2383,1869,0,0,0,12.3,36,staircase3,no_load,0.0
6.18782,1.373173,shoulder_lift,-12.5,-12.5679,-14.1614,-14.2383,1869,0,0,0,12.3,35,staircase3,no_load,0.0
6.198862,1.384214,shoulder_lift,-12.5,-12.5679,-14.1614,-14.2383,1869,0,0,0,12.3,35,staircase3,no_load,0.0
6.209863,1.395215,shoulder_lift,-12.5,-12.5679,-14.1614,-14.2383,1869,0,0,0,12.3,35,staircase3,no_load,0.0
6.220664,1.406016,shoulder_lift,-12.5,-12.5679,-14.1614,-14.2383,1869,0,0,0,12.3,36,staircase3,no_load,0.0
6.231696,1.417048,shoulder_lift,-12.5,-12.5679,-14.1614,-14.2383,1869,0,0,0,12.3,36,staircase3,no_load,0.0
6.242653,1.428005,shoulder_lift,-12.5,-12.5679,-14.1614,-14.2383,1869,0,0,0,12.4,36,staircase3,no_load,0.0
6.253745,1.439097,shoulder_lift,-12.5,-12.5679,-14.1614,-14.2383,1869,0,0,0,12.3,35,staircase3,no_load,0.0
6.264838,1.45019,shoulder_lift,-12.5,-12.5679,-14.1614,-14.2383,1869,0,0,0,12.3,35,staircase3,no_load,0.0
6.275972,1.461324,shoulder_lift,-12.5,-12.5679,-14.1614,-14.2383,1869,0,0,0,12.3,36,staircase3,no_load,0.0
6.28716,1.472513,shoulder_lift,-12.5,-12.5679,-14.1614,-14.2383,1869,0,0,0,12.3,36,staircase3,no_load,0.0
6.298287,1.483639,shoulder_lift,-12.5,-12.5679,-14.1614,-14.2383,1869,0,0,0,12.3,35,staircase3,no_load,0.0
6.309336,1.494688,shoulder_lift,-12.5,-12.5679,-14.1614,-14.2383,1869,0,0,0,12.3,35,staircase3,no_load,0.0
6.319817,1.505169,shoulder_lift,-12.5,-12.5679,-14.1614,-14.2383,1869,0,0,0,12.3,35,staircase3,no_load,0.0
6.330045,1.515397,shoulder_lift,-12.5,-12.5679,-14.1614,-14.2383,1869,0,0,0,12.3,35,staircase3,no_load,0.0
6.341208,1.526561,shoulder_lift,-12.5,-12.5679,-14.1614,-14.2383,1869,0,0,0,12.3,35,staircase3,no_load,0.0
6.352296,1.537648,shoulder_lift,-12.5,-12.5679,-14.1614,-14.2383,1869,0,0,0,12.3,36,staircase3,no_load,0.0
6.363372,1.548724,shoulder_lift,-12.5,-12.5679,-14.1614,-14.2383,1869,0,0,0,12.4,35,staircase3,no_load,0.0
6.374338,1.55969,shoulder_lift,-12.5,-12.5679,-14.1614,-14.2383,1869,0,0,0,12.4,36,staircase3,no_load,0.0
6.385444,1.570797,shoulder_lift,-12.5,-12.5679,-14.1614,-14.2383,1869,0,0,0,12.3,36,staircase3,no_load,0.0
6.396659,1.582011,shoulder_lift,-12.5,-12.5679,-14.1614,-14.2383,1869,0,0,0,12.3,35,staircase3,no_load,0.0
6.407491,1.592843,shoulder_lift,-12.5,-12.5679,-14.1614,-14.2383,1869,0,0,0,12.4,35,staircase3,no_load,0.0
6.418439,4e-06,shoulder_lift,0.0,-12.5679,0.0,-14.2383,1869,0,0,0,12.3,35,staircase3,no_load,0.0
6.42926,0.010825,shoulder_lift,0.0,-12.5679,0.0,-14.2383,1869,0,1052,0,12.3,36,staircase3,no_load,0.0
6.439986,0.021551,shoulder_lift,0.0,-12.5679,0.0,-14.2383,1869,0,1072,1,12.3,36,staircase3,no_load,0.0
6.450835,0.0324,shoulder_lift,0.0,-12.5679,0.0,-14.2383,1869,0,1140,6,12.3,36,staircase3,no_load,0.0
6.461926,0.043491,shoulder_lift,0.0,-12.5679,0.0,-14.2383,1869,0,1188,6,12.3,35,staircase3,no_load,0.0
6.473028,0.054593,shoulder_lift,0.0,-12.5679,0.0,-14.2383,1869,0,1284,13,12.3,35,staircase3,no_load,0.0
6.484081,0.065645,shoulder_lift,0.0,-12.2576,0.0,-13.8867,1873,200,1332,18,12.3,36,staircase3,no_load,31.81
6.495121,0.076686,shoulder_lift,0.0,-11.7145,0.0,-13.2715,1880,200,1408,20,12.2,36,staircase3,no_load,55.725
6.50623,0.087794,shoulder_lift,0.0,-10.8611,0.0,-12.3047,1891,700,1440,18,12.3,36,staircase3,no_load,87.029
6.516807,0.098372,shoulder_lift,0.0,-10.0853,0.0,-11.4258,1901,700,1464,15,12.3,36,staircase3,no_load,83.095
6.527562,0.109127,shoulder_lift,0.0,-9.3095,0.0,-10.5469,1911,1000,1440,10,12.3,35,staircase3,no_load,81.72
6.538394,0.119959,shoulder_lift,0.0,-8.301,0.0,-9.4043,1924,1000,1436,9,12.3,35,staircase3,no_load,105.484
6.548792,0.130356,shoulder_lift,0.0,-7.3701,0.0,-8.3496,1936,1100,1364,3,12.3,35,staircase3,no_load,101.433
6.559438,0.141003,shoulder_lift,0.0,-6.4391,0.0,-7.2949,1948,1100,1340,5,12.3,36,staircase3,no_load,99.07
6.57041,0.151975,shoulder_lift,0.0,-5.5857,0.0,-6.3281,1959,1100,1272,2,12.3,36,staircase3,no_load,88.115
6.581123,0.162688,shoulder_lift,0.0,-4.8875,0.0,-5.5371,1968,900,1240,3,12.3,36,staircase3,no_load,73.836
6.591601,0.173166,shoulder_lift,0.0,-4.2669,0.0,-4.834,1976,900,1184,1,12.4,40,staircase3,no_load,67.103
6.605213,0.186778,shoulder_lift,0.0,-3.6462,0.0,-4.1309,1984,650,1172,3,12.3,35,staircase3,no_load,51.653
6.61553,0.197095,shoulder_lift,0.0,-3.2583,0.0,-3.6914,1989,650,1148,1,12.3,54,staircase3,no_load,42.6
6.626205,0.20777,shoulder_lift,0.0,-2.7153,0.0,-3.0762,1996,550,1124,0,12.3,36,staircase3,no_load,57.63
6.637155,0.218719,shoulder_lift,0.0,-2.0946,0.0,-2.373,2004,550,1092,0,12.4,36,staircase3,no_load,64.219
6.64794,0.229504,shoulder_lift,0.0,-1.7843,0.0,-2.0215,2008,700,1076,0,12.3,35,staircase3,no_load,32.592
6.658703,0.240268,shoulder_lift,0.0,-1.5516,0.0,-1.7578,2011,700,1068,0,12.3,35,staircase3,no_load,24.501
6.669621,0.251186,shoulder_lift,0.0,-1.3964,0.0,-1.582,2013,200,1092,1,12.3,36,staircase3,no_load,16.102
6.680762,0.262327,shoulder_lift,0.0,-1.2413,0.0,-1.4063,2015,200,1080,0,12.3,36,staircase3,no_load,15.771
6.691931,0.273496,shoulder_lift,0.0,-0.6206,0.0,-0.7031,2023,250,20,0,12.4,35,staircase3,no_load,62.96
6.702975,0.28454,shoulder_lift,0.0,-0.3103,0.0,-0.3516,2027,500,32,0,12.3,36,staircase3,no_load,31.827
6.71404,0.295605,shoulder_lift,0.0,-0.2327,0.0,-0.2637,2028,500,40,0,12.3,36,staircase3,no_load,7.944
6.724557,0.306122,shoulder_lift,0.0,-0.2327,0.0,-0.2637,2028,100,1044,0,12.3,35,staircase3,no_load,0.0
6.734938,0.316502,shoulder_lift,0.0,-0.2327,0.0,-0.2637,2028,100,1044,0,12.3,36,staircase3,no_load,0.0
6.74546,0.327025,shoulder_lift,0.0,-0.3103,0.0,-0.3516,2027,0,1056,0,12.3,36,staircase3,no_load,-8.354
6.755807,0.337372,shoulder_lift,0.0,-0.3879,0.0,-0.4395,2026,0,1060,0,12.3,35,staircase3,no_load,-8.495
6.766787,0.348352,shoulder_lift,0.0,-0.3879,0.0,-0.4395,2026,-100,1060,0,12.3,36,staircase3,no_load,0.0
6.777,0.358565,shoulder_lift,0.0,-0.3879,0.0,-0.4395,2026,-100,1060,1,12.3,35,staircase3,no_load,0.0
6.787536,0.369101,shoulder_lift,0.0,-0.3103,0.0,-0.3516,2027,0,1048,0,12.3,36,staircase3,no_load,8.343
6.797746,0.379311,shoulder_lift,0.0,-0.3103,0.0,-0.3516,2027,0,1048,0,12.3,36,staircase3,no_load,0.0
6.807881,0.389446,shoulder_lift,0.0,-0.3103,0.0,-0.3516,2027,50,1052,0,12.3,35,staircase3,no_load,0.0
6.818125,0.39969,shoulder_lift,0.0,-0.3103,0.0,-0.3516,2027,50,1052,0,12.3,35,staircase3,no_load,0.0
6.82833,0.409894,shoulder_lift,0.0,-0.3103,0.0,-0.3516,2027,0,1052,0,12.3,35,staircase3,no_load,0.0
6.83867,0.420235,shoulder_lift,0.0,-0.3103,0.0,-0.3516,2027,0,1052,1,12.3,35,staircase3,no_load,0.0
6.848895,0.43046,shoulder_lift,0.0,-0.3103,0.0,-0.3516,2027,0,1052,0,12.3,36,staircase3,no_load,0.0
6.859218,0.440783,shoulder_lift,0.0,-0.3103,0.0,-0.3516,2027,0,1052,0,12.3,36,staircase3,no_load,0.0
6.869501,0.451066,shoulder_lift,0.0,-0.3103,0.0,-0.3516,2027,0,1052,0,12.3,35,staircase3,no_load,0.0
6.880521,0.462086,shoulder_lift,0.0,-0.3103,0.0,-0.3516,2027,0,1052,1,12.4,36,staircase3,no_load,0.0
6.891,0.472565,shoulder_lift,0.0,-0.3103,0.0,-0.3516,2027,0,1052,0,12.3,36,staircase3,no_load,0.0
6.901544,0.483108,shoulder_lift,0.0,-0.3103,0.0,-0.3516,2027,0,1052,0,12.3,35,staircase3,no_load,0.0
6.91196,0.493525,shoulder_lift,0.0,-0.3103,0.0,-0.3516,2027,0,1052,0,12.3,35,staircase3,no_load,0.0
6.92257,0.504135,shoulder_lift,0.0,-0.3103,0.0,-0.3516,2027,0,1052,0,12.3,36,staircase3,no_load,0.0
6.93307,0.514635,shoulder_lift,0.0,-0.3103,0.0,-0.3516,2027,0,1052,1,12.3,35,staircase3,no_load,0.0
6.944036,0.525601,shoulder_lift,0.0,-0.3103,0.0,-0.3516,2027,0,1052,0,12.4,35,staircase3,no_load,0.0
6.954653,0.536217,shoulder_lift,0.0,-0.3103,0.0,-0.3516,2027,0,1052,0,12.3,35,staircase3,no_load,0.0
6.965741,0.547306,shoulder_lift,0.0,-0.3103,0.0,-0.3516,2027,0,1052,0,12.3,35,staircase3,no_load,0.0
6.975898,0.557462,shoulder_lift,0.0,-0.3103,0.0,-0.3516,2027,0,1052,0,12.3,36,staircase3,no_load,0.0
6.986808,0.568373,shoulder_lift,0.0,-0.3103,0.0,-0.3516,2027,0,1052,0,12.3,35,staircase3,no_load,0.0
6.99791,0.579475,shoulder_lift,0.0,-0.3103,0.0,-0.3516,2027,0,1052,0,12.3,35,staircase3,no_load,0.0
7.008313,0.589878,shoulder_lift,0.0,-0.3103,0.0,-0.3516,2027,0,1052,1,12.3,36,staircase3,no_load,0.0
7.019469,0.601034,shoulder_lift,0.0,-0.3103,0.0,-0.3516,2027,0,1052,1,12.3,35,staircase3,no_load,0.0
7.030188,0.611753,shoulder_lift,0.0,-0.3103,0.0,-0.3516,2027,0,1052,0,12.3,36,staircase3,no_load,0.0
7.04106,0.622624,shoulder_lift,0.0,-0.3103,0.0,-0.3516,2027,0,1052,0,12.3,36,staircase3,no_load,0.0
7.051983,0.633548,shoulder_lift,0.0,-0.3103,0.0,-0.3516,2027,0,1052,0,12.3,35,staircase3,no_load,0.0
7.062237,0.643802,shoulder_lift,0.0,-0.3103,0.0,-0.3516,2027,0,1052,0,12.3,36,staircase3,no_load,0.0
7.073103,0.654668,shoulder_lift,0.0,-0.3103,0.0,-0.3516,2027,0,1052,0,12.3,36,staircase3,no_load,0.0
7.083904,0.665469,shoulder_lift,0.0,-0.3103,0.0,-0.3516,2027,0,1052,0,12.3,36,staircase3,no_load,0.0
7.094598,0.676163,shoulder_lift,0.0,-0.3103,0.0,-0.3516,2027,0,1052,0,12.3,35,staircase3,no_load,0.0
7.105771,0.687336,shoulder_lift,0.0,-0.3103,0.0,-0.3516,2027,0,1052,1,12.3,36,staircase3,no_load,0.0
7.116653,0.698218,shoulder_lift,0.0,-0.3103,0.0,-0.3516,2027,0,1052,0,12.4,35,staircase3,no_load,0.0
7.12708,0.708645,shoulder_lift,0.0,-0.3103,0.0,-0.3516,2027,0,1052,0,12.3,36,staircase3,no_load,0.0
7.13782,0.719385,shoulder_lift,0.0,-0.3103,0.0,-0.3516,2027,0,1052,1,12.3,35,staircase3,no_load,0.0
7.148795,0.73036,shoulder_lift,0.0,-0.3103,0.0,-0.3516,2027,0,1052,1,12.3,36,staircase3,no_load,0.0
7.159097,0.740662,shoulder_lift,0.0,-0.3103,0.0,-0.3516,2027,0,1052,0,12.3,35,staircase3,no_load,0.0
7.169828,0.751393,shoulder_lift,0.0,-0.3103,0.0,-0.3516,2027,0,1052,0,12.3,35,staircase3,no_load,0.0
7.180116,0.761681,shoulder_lift,0.0,-0.3103,0.0,-0.3516,2027,0,1052,0,12.3,35,staircase3,no_load,0.0
7.191073,0.772638,shoulder_lift,0.0,-0.3103,0.0,-0.3516,2027,0,1052,0,12.3,35,staircase3,no_load,0.0
7.202116,0.783681,shoulder_lift,0.0,-0.3103,0.0,-0.3516,2027,0,1052,1,12.3,36,staircase3,no_load,0.0
7.21278,0.794345,shoulder_lift,0.0,-0.3103,0.0,-0.3516,2027,0,1052,1,12.3,36,staircase3,no_load,0.0
7.2239,0.805465,shoulder_lift,0.0,-0.3103,0.0,-0.3516,2027,0,1052,0,12.4,35,staircase3,no_load,0.0
7.234681,0.816246,shoulder_lift,0.0,-0.3103,0.0,-0.3516,2027,0,1052,0,12.3,35,staircase3,no_load,0.0
7.245485,0.82705,shoulder_lift,0.0,-0.3103,0.0,-0.3516,2027,0,1052,0,12.3,35,staircase3,no_load,0.0
7.256417,0.837982,shoulder_lift,0.0,-0.3103,0.0,-0.3516,2027,0,1052,0,12.3,35,staircase3,no_load,0.0
7.267057,0.848621,shoulder_lift,0.0,-0.3103,0.0,-0.3516,2027,0,1052,0,12.3,35,staircase3,no_load,0.0
7.277315,0.85888,shoulder_lift,0.0,-0.3103,0.0,-0.3516,2027,0,1052,1,12.3,35,staircase3,no_load,0.0
7.288424,0.869989,shoulder_lift,0.0,-0.3103,0.0,-0.3516,2027,0,1052,1,12.3,36,staircase3,no_load,0.0
7.299432,0.880997,shoulder_lift,0.0,-0.3103,0.0,-0.3516,2027,0,1052,0,12.3,35,staircase3,no_load,0.0
7.309922,0.891487,shoulder_lift,0.0,-0.3103,0.0,-0.3516,2027,0,1052,0,12.3,35,staircase3,no_load,0.0
7.320831,0.902396,shoulder_lift,0.0,-0.3103,0.0,-0.3516,2027,0,1052,1,12.3,36,staircase3,no_load,0.0
7.331403,0.912968,shoulder_lift,0.0,-0.3103,0.0,-0.3516,2027,0,1052,1,12.3,35,staircase3,no_load,0.0
7.34252,0.924085,shoulder_lift,0.0,-0.3103,0.0,-0.3516,2027,0,1052,0,12.3,35,staircase3,no_load,0.0
7.353521,0.935086,shoulder_lift,0.0,-0.3103,0.0,-0.3516,2027,0,1052,1,12.3,35,staircase3,no_load,0.0
7.363782,0.945346,shoulder_lift,0.0,-0.3103,0.0,-0.3516,2027,0,1052,0,12.3,35,staircase3,no_load,0.0
7.374533,0.956098,shoulder_lift,0.0,-0.3103,0.0,-0.3516,2027,0,1052,1,12.3,35,staircase3,no_load,0.0
7.385491,0.967056,shoulder_lift,0.0,-0.3103,0.0,-0.3516,2027,0,1052,0,12.3,35,staircase3,no_load,0.0
7.396482,0.978047,shoulder_lift,0.0,-0.3103,0.0,-0.3516,2027,0,1052,0,12.3,35,staircase3,no_load,0.0
7.407567,0.989132,shoulder_lift,0.0,-0.3103,0.0,-0.3516,2027,0,1052,0,12.3,35,staircase3,no_load,0.0
7.417838,0.999403,shoulder_lift,0.0,-0.3103,0.0,-0.3516,2027,0,1052,0,12.3,36,staircase3,no_load,0.0
7.428419,1.009984,shoulder_lift,0.0,-0.3103,0.0,-0.3516,2027,0,1052,0,12.3,35,staircase3,no_load,0.0
7.439033,1.020598,shoulder_lift,0.0,-0.3103,0.0,-0.3516,2027,0,1052,0,12.3,36,staircase3,no_load,0.0
7.449996,1.031561,shoulder_lift,0.0,-0.3103,0.0,-0.3516,2027,0,1052,0,12.3,36,staircase3,no_load,0.0
7.460454,1.042019,shoulder_lift,0.0,-0.3103,0.0,-0.3516,2027,0,1052,0,12.3,35,staircase3,no_load,0.0
7.471336,1.052901,shoulder_lift,0.0,-0.3103,0.0,-0.3516,2027,0,1052,0,12.3,36,staircase3,no_load,0.0
7.482403,1.063968,shoulder_lift,0.0,-0.3103,0.0,-0.3516,2027,0,1052,0,12.3,35,staircase3,no_load,0.0
7.49311,1.074675,shoulder_lift,0.0,-0.3103,0.0,-0.3516,2027,0,1052,1,12.3,36,staircase3,no_load,0.0
7.503971,1.085536,shoulder_lift,0.0,-0.3103,0.0,-0.3516,2027,0,1052,0,12.3,36,staircase3,no_load,0.0
7.514823,1.096388,shoulder_lift,0.0,-0.3103,0.0,-0.3516,2027,0,1052,0,12.3,35,staircase3,no_load,0.0
7.525471,1.107036,shoulder_lift,0.0,-0.3103,0.0,-0.3516,2027,0,1052,1,12.3,35,staircase3,no_load,0.0
7.536469,1.118034,shoulder_lift,0.0,-0.3103,0.0,-0.3516,2027,0,1052,1,12.3,36,staircase3,no_load,0.0
7.547497,1.129062,shoulder_lift,0.0,-0.3103,0.0,-0.3516,2027,0,1052,0,12.3,35,staircase3,no_load,0.0
7.557922,1.139487,shoulder_lift,0.0,-0.3103,0.0,-0.3516,2027,0,1052,0,12.3,35,staircase3,no_load,0.0
7.568558,1.150123,shoulder_lift,0.0,-0.3103,0.0,-0.3516,2027,0,1052,0,12.3,36,staircase3,no_load,0.0
7.579473,1.161038,shoulder_lift,0.0,-0.3103,0.0,-0.3516,2027,0,1052,0,12.4,35,staircase3,no_load,0.0
7.590172,1.171737,shoulder_lift,0.0,-0.3103,0.0,-0.3516,2027,0,1052,0,12.3,35,staircase3,no_load,0.0
7.600925,1.18249,shoulder_lift,0.0,-0.3103,0.0,-0.3516,2027,0,1052,1,12.4,35,staircase3,no_load,0.0
7.611178,1.192743,shoulder_lift,0.0,-0.3103,0.0,-0.3516,2027,0,1052,0,12.3,36,staircase3,no_load,0.0
7.621839,1.203404,shoulder_lift,0.0,-0.3103,0.0,-0.3516,2027,0,1052,1,12.3,35,staircase3,no_load,0.0
7.632308,1.213873,shoulder_lift,0.0,-0.3103,0.0,-0.3516,2027,0,1052,1,12.3,35,staircase3,no_load,0.0
7.642653,1.224218,shoulder_lift,0.0,-0.3103,0.0,-0.3516,2027,0,1052,0,12.3,35,staircase3,no_load,0.0
7.653706,1.23527,shoulder_lift,0.0,-0.3103,0.0,-0.3516,2027,0,1052,1,12.3,35,staircase3,no_load,0.0
7.664527,1.246092,shoulder_lift,0.0,-0.3103,0.0,-0.3516,2027,0,1052,1,12.3,35,staircase3,no_load,0.0
7.675466,1.257031,shoulder_lift,0.0,-0.3103,0.0,-0.3516,2027,0,1052,0,12.3,35,staircase3,no_load,0.0
7.686195,1.26776,shoulder_lift,0.0,-0.3103,0.0,-0.3516,2027,0,1052,0,12.3,35,staircase3,no_load,0.0
7.69675,1.278315,shoulder_lift,0.0,-0.3103,0.0,-0.3516,2027,0,1052,0,12.3,36,staircase3,no_load,0.0
7.70792,1.289484,shoulder_lift,0.0,-0.3103,0.0,-0.3516,2027,0,1052,1,12.3,35,staircase3,no_load,0.0
7.718635,1.3002,shoulder_lift,0.0,-0.3103,0.0,-0.3516,2027,0,1052,1,12.3,36,staircase3,no_load,0.0
7.728921,1.310486,shoulder_lift,0.0,-0.3103,0.0,-0.3516,2027,0,1052,0,12.4,35,staircase3,no_load,0.0
7.739326,1.320891,shoulder_lift,0.0,-0.3103,0.0,-0.3516,2027,0,1052,0,12.3,36,staircase3,no_load,0.0
7.749602,1.331167,shoulder_lift,0.0,-0.3103,0.0,-0.3516,2027,0,1052,0,12.3,36,staircase3,no_load,0.0
7.75985,1.341415,shoulder_lift,0.0,-0.3103,0.0,-0.3516,2027,0,1052,0,12.3,35,staircase3,no_load,0.0
7.770436,1.352001,shoulder_lift,0.0,-0.3103,0.0,-0.3516,2027,0,1052,0,12.3,35,staircase3,no_load,0.0
7.780993,1.362558,shoulder_lift,0.0,-0.3103,0.0,-0.3516,2027,0,1052,0,12.3,35,staircase3,no_load,0.0
7.791468,1.373033,shoulder_lift,0.0,-0.3103,0.0,-0.3516,2027,0,1052,0,12.3,36,staircase3,no_load,0.0
7.801994,1.383559,shoulder_lift,0.0,-0.3103,0.0,-0.3516,2027,0,1052,1,12.3,35,staircase3,no_load,0.0
7.812664,1.394229,shoulder_lift,0.0,-0.3103,0.0,-0.3516,2027,0,1052,0,12.4,36,staircase3,no_load,0.0
7.823422,1.404987,shoulder_lift,0.0,-0.3103,0.0,-0.3516,2027,0,1052,0,12.3,35,staircase3,no_load,0.0
7.834052,1.415617,shoulder_lift,0.0,-0.3103,0.0,-0.3516,2027,0,1052,0,12.3,35,staircase3,no_load,0.0
7.844842,1.426407,shoulder_lift,0.0,-0.3103,0.0,-0.3516,2027,0,1052,0,12.3,35,staircase3,no_load,0.0
7.855451,1.437016,shoulder_lift,0.0,-0.3103,0.0,-0.3516,2027,0,1052,0,12.3,35,staircase3,no_load,0.0
7.866665,1.44823,shoulder_lift,0.0,-0.3103,0.0,-0.3516,2027,0,1052,1,12.3,36,staircase3,no_load,0.0
7.877805,1.45937,shoulder_lift,0.0,-0.3103,0.0,-0.3516,2027,0,1052,0,12.3,36,staircase3,no_load,0.0
7.888961,1.470526,shoulder_lift,0.0,-0.3103,0.0,-0.3516,2027,0,1052,0,12.3,36,staircase3,no_load,0.0
7.900089,1.481654,shoulder_lift,0.0,-0.3103,0.0,-0.3516,2027,0,1052,0,12.3,35,staircase3,no_load,0.0
7.911158,1.492723,shoulder_lift,0.0,-0.3103,0.0,-0.3516,2027,0,1052,0,12.3,35,staircase3,no_load,0.0
7.92195,1.503515,shoulder_lift,0.0,-0.3103,0.0,-0.3516,2027,0,1052,1,12.3,36,staircase3,no_load,0.0
7.932753,1.514318,shoulder_lift,0.0,-0.3103,0.0,-0.3516,2027,0,1052,0,12.3,35,staircase3,no_load,0.0
7.943741,1.525306,shoulder_lift,0.0,-0.3103,0.0,-0.3516,2027,0,1052,0,12.3,36,staircase3,no_load,0.0
7.954919,1.536484,shoulder_lift,0.0,-0.3103,0.0,-0.3516,2027,0,1052,0,12.3,35,staircase3,no_load,0.0
7.965508,1.547073,shoulder_lift,0.0,-0.3103,0.0,-0.3516,2027,0,1052,1,12.3,35,staircase3,no_load,0.0
7.976448,1.558013,shoulder_lift,0.0,-0.3103,0.0,-0.3516,2027,0,1052,0,12.3,35,staircase3,no_load,0.0
7.987356,1.568921,shoulder_lift,0.0,-0.3103,0.0,-0.3516,2027,0,1052,0,12.3,36,staircase3,no_load,0.0
7.998156,1.579721,shoulder_lift,0.0,-0.3103,0.0,-0.3516,2027,0,1052,1,12.3,35,staircase3,no_load,0.0
8.009298,1.590863,shoulder_lift,0.0,-0.3103,0.0,-0.3516,2027,0,1052,1,12.3,36,staircase3,no_load,0.0
8.021348,4e-06,shoulder_lift,12.5,-0.3103,14.1614,-0.3516,2027,0,1052,0,12.3,35,staircase3,no_load,0.0
8.031993,0.010649,shoulder_lift,12.5,-0.3103,14.1614,-0.3516,2027,0,1060,1,12.3,35,staircase3,no_load,0.0
8.042929,0.021585,shoulder_lift,12.5,-0.3103,14.1614,-0.3516,2027,0,1104,3,12.3,,staircase3,no_load,0.0
8.054038,0.032695,shoulder_lift,12.5,-0.3103,14.1614,-0.3516,2027,0,1136,4,12.3,36,staircase3,no_load,0.0
8.065104,0.043761,shoulder_lift,12.5,-0.1552,14.1614,-0.1758,2029,50,1212,8,12.3,36,staircase3,no_load,15.886
8.075889,0.054546,shoulder_lift,12.5,0.0776,14.1614,0.0879,2032,50,1252,9,12.3,35,staircase3,no_load,24.451
8.086897,0.065554,shoulder_lift,12.5,0.4655,14.1614,0.5273,2037,300,1328,13,12.2,36,staircase3,no_load,39.916
8.097718,0.076374,shoulder_lift,12.5,1.0085,14.1614,1.1426,2044,300,1384,17,12.3,36,staircase3,no_load,56.862
8.108755,0.087412,shoulder_lift,12.5,1.7067,14.1614,1.9336,2053,550,1448,20,12.2,35,staircase3,no_load,71.668
8.119477,0.098134,shoulder_lift,12.5,2.405,14.1614,2.7246,2062,850,1476,12,12.3,36,staircase3,no_load,73.774
8.130311,0.108968,shoulder_lift,12.5,3.3359,14.1614,3.7793,2074,850,1448,9,12.3,35,staircase3,no_load,97.351
8.141131,0.119787,shoulder_lift,12.5,4.422,14.1614,5.0098,2088,1200,1440,0,12.4,35,staircase3,no_load,113.725
8.151381,0.130038,shoulder_lift,12.5,5.5081,14.1614,6.2402,2102,1200,1344,0,12.3,35,staircase3,no_load,120.039
8.161756,0.140413,shoulder_lift,12.5,6.3615,14.1614,7.207,2113,1250,1292,0,12.3,35,staircase3,no_load,93.186
8.172917,0.151574,shoulder_lift,12.5,7.1373,14.1614,8.0859,2123,1250,1268,0,12.3,35,staircase3,no_load,78.747
8.183838,0.162495,shoulder_lift,12.5,7.758,14.1614,8.7891,2131,850,1224,0,12.3,36,staircase3,no_load,64.39
8.194984,0.17364,shoulder_lift,12.5,8.301,14.1614,9.4043,2138,850,1196,0,12.4,35,staircase3,no_load,55.195
8.205721,0.184377,shoulder_lift,12.5,8.8441,14.1614,10.0195,2145,650,1168,1,12.3,36,staircase3,no_load,57.297
8.216912,0.195569,shoulder_lift,12.5,9.3095,14.1614,10.5469,2151,650,1144,0,12.3,36,staircase3,no_load,47.127
8.227853,0.206509,shoulder_lift,12.5,9.6974,14.1614,10.9863,2156,550,1132,1,12.3,35,staircase3,no_load,40.161
8.238929,0.217585,shoulder_lift,12.5,10.1629,14.1614,11.5137,2162,550,1108,0,12.3,35,staircase3,no_load,47.616
8.25002,0.228677,shoulder_lift,12.5,10.7836,14.1614,12.2168,2170,550,1076,0,12.3,35,staircase3,no_load,63.394
8.26101,0.239667,shoulder_lift,12.5,11.0939,14.1614,12.5684,2174,550,1060,0,12.3,35,staircase3,no_load,31.993
8.27148,0.250136,shoulder_lift,12.5,11.249,14.1614,12.7441,2176,550,1056,0,12.3,35,staircase3,no_load,16.781
8.282435,0.261092,shoulder_lift,12.5,11.3266,14.1614,12.832,2177,150,1088,1,12.3,36,staircase3,no_load,8.024
8.293456,0.272112,shoulder_lift,12.5,11.4042,14.1614,12.9199,2178,150,1084,1,12.3,36,staircase3,no_load,7.976
8.304638,0.283295,shoulder_lift,12.5,11.5593,14.1614,13.0957,2180,100,1076,1,12.3,35,staircase3,no_load,15.722
8.315589,0.294246,shoulder_lift,12.5,11.6369,14.1614,13.1836,2181,100,1072,0,12.3,36,staircase3,no_load,8.027
8.326372,0.305029,shoulder_lift,12.5,11.8697,14.1614,13.4473,2184,100,1052,0,12.3,36,staircase3,no_load,24.455
8.33663,0.315287,shoulder_lift,12.5,12.18,14.1614,13.7988,2188,100,20,0,12.3,36,staircase3,no_load,34.266
8.346836,0.325493,shoulder_lift,12.5,12.4903,14.1614,14.1504,2192,400,52,1,12.4,35,staircase3,no_load,34.45
8.357975,0.336632,shoulder_lift,12.5,12.5679,14.1614,14.2383,2193,200,52,1,12.3,36,staircase3,no_load,7.891
8.368924,0.34758,shoulder_lift,12.5,12.5679,14.1614,14.2383,2193,200,20,0,12.3,35,staircase3,no_load,0.0
8.379673,0.358329,shoulder_lift,12.5,12.6455,14.1614,14.3262,2194,50,20,0,12.3,36,staircase3,no_load,8.178
8.390705,0.369362,shoulder_lift,12.5,12.6455,14.1614,14.3262,2194,50,24,0,12.3,36,staircase3,no_load,0.0
8.401475,0.380132,shoulder_lift,12.5,12.6455,14.1614,14.3262,2194,0,20,0,12.3,35,staircase3,no_load,0.0
8.412391,0.391048,shoulder_lift,12.5,12.6455,14.1614,14.3262,2194,0,20,0,12.3,36,staircase3,no_load,0.0
8.422771,0.401427,shoulder_lift,12.5,12.6455,14.1614,14.3262,2194,0,20,0,12.3,36,staircase3,no_load,0.0
8.433451,0.412107,shoulder_lift,12.5,12.6455,14.1614,14.3262,2194,0,20,0,12.3,35,staircase3,no_load,0.0
8.444291,0.422947,shoulder_lift,12.5,12.6455,14.1614,14.3262,2194,0,20,0,12.3,36,staircase3,no_load,0.0
8.455074,0.433731,shoulder_lift,12.5,12.6455,14.1614,14.3262,2194,0,20,0,12.4,35,staircase3,no_load,0.0
8.466277,0.444934,shoulder_lift,12.5,12.6455,14.1614,14.3262,2194,0,20,0,12.3,36,staircase3,no_load,0.0
8.477249,0.455905,shoulder_lift,12.5,12.6455,14.1614,14.3262,2194,0,20,0,12.3,36,staircase3,no_load,0.0
8.488329,0.466986,shoulder_lift,12.5,12.6455,14.1614,14.3262,2194,0,20,0,12.3,35,staircase3,no_load,0.0
8.499245,0.477901,shoulder_lift,12.5,12.6455,14.1614,14.3262,2194,0,20,0,12.3,35,staircase3,no_load,0.0
8.510221,0.488878,shoulder_lift,12.5,12.6455,14.1614,14.3262,2194,0,20,0,12.3,35,staircase3,no_load,0.0
8.521186,0.499842,shoulder_lift,12.5,12.6455,14.1614,14.3262,2194,0,20,0,12.3,35,staircase3,no_load,0.0
8.532011,0.510667,shoulder_lift,12.5,12.6455,14.1614,14.3262,2194,0,20,0,12.3,35,staircase3,no_load,0.0
8.543116,0.521773,shoulder_lift,12.5,12.6455,14.1614,14.3262,2194,0,20,0,12.3,35,staircase3,no_load,0.0
8.554111,0.532768,shoulder_lift,12.5,12.6455,14.1614,14.3262,2194,0,20,0,12.3,36,staircase3,no_load,0.0
8.565193,0.54385,shoulder_lift,12.5,12.6455,14.1614,14.3262,2194,0,20,0,12.3,35,staircase3,no_load,0.0
8.576191,0.554848,shoulder_lift,12.5,12.6455,14.1614,14.3262,2194,0,20,0,12.3,36,staircase3,no_load,0.0
8.58727,0.565927,shoulder_lift,12.5,12.6455,14.1614,14.3262,2194,0,20,0,12.3,36,staircase3,no_load,0.0
8.598401,0.577058,shoulder_lift,12.5,12.6455,14.1614,14.3262,2194,0,20,0,12.3,35,staircase3,no_load,0.0
8.608674,0.587331,shoulder_lift,12.5,12.6455,14.1614,14.3262,2194,0,20,0,12.3,35,staircase3,no_load,0.0
8.619813,0.59847,shoulder_lift,12.5,12.6455,14.1614,14.3262,2194,0,20,0,12.3,35,staircase3,no_load,0.0
8.630577,0.609234,shoulder_lift,12.5,12.6455,14.1614,14.3262,2194,0,20,0,12.3,35,staircase3,no_load,0.0
8.641798,0.620455,shoulder_lift,12.5,12.6455,14.1614,14.3262,2194,0,20,0,12.3,35,staircase3,no_load,0.0
8.652813,0.63147,shoulder_lift,12.5,12.6455,14.1614,14.3262,2194,0,20,0,12.3,36,staircase3,no_load,0.0
8.663323,0.64198,shoulder_lift,12.5,12.6455,14.1614,14.3262,2194,0,20,0,12.3,35,staircase3,no_load,0.0
8.674174,0.652831,shoulder_lift,12.5,12.6455,14.1614,14.3262,2194,0,20,0,12.3,36,staircase3,no_load,0.0
8.685345,0.664002,shoulder_lift,12.5,12.6455,14.1614,14.3262,2194,0,20,0,12.3,36,staircase3,no_load,0.0
8.696099,0.674756,shoulder_lift,12.5,12.6455,14.1614,14.3262,2194,0,20,0,12.3,35,staircase3,no_load,0.0
8.706531,0.685187,shoulder_lift,12.5,12.6455,14.1614,14.3262,2194,0,20,0,12.3,35,staircase3,no_load,0.0
8.717564,0.696221,shoulder_lift,12.5,12.6455,14.1614,14.3262,2194,0,20,0,12.4,35,staircase3,no_load,0.0
8.728044,0.706701,shoulder_lift,12.5,12.6455,14.1614,14.3262,2194,0,20,0,12.3,35,staircase3,no_load,0.0
8.73844,0.717097,shoulder_lift,12.5,12.6455,14.1614,14.3262,2194,0,20,0,12.3,35,staircase3,no_load,0.0
8.7489,0.727556,shoulder_lift,12.5,12.6455,14.1614,14.3262,2194,0,20,0,12.3,35,staircase3,no_load,0.0
8.759206,0.737862,shoulder_lift,12.5,12.6455,14.1614,14.3262,2194,0,20,0,12.4,36,staircase3,no_load,0.0
8.770083,0.74874,shoulder_lift,12.5,12.6455,14.1614,14.3262,2194,0,20,0,12.3,35,staircase3,no_load,0.0
8.780888,0.759545,shoulder_lift,12.5,12.6455,14.1614,14.3262,2194,0,20,0,12.3,35,staircase3,no_load,0.0
8.791594,0.77025,shoulder_lift,12.5,12.6455,14.1614,14.3262,2194,0,20,0,12.3,35,staircase3,no_load,0.0
8.80244,0.781097,shoulder_lift,12.5,12.6455,14.1614,14.3262,2194,0,20,0,12.4,36,staircase3,no_load,0.0
8.813136,0.791793,shoulder_lift,12.5,12.6455,14.1614,14.3262,2194,0,20,0,12.3,35,staircase3,no_load,0.0
8.8243,0.802957,shoulder_lift,12.5,12.6455,14.1614,14.3262,2194,0,20,0,12.3,35,staircase3,no_load,0.0
8.83475,0.813407,shoulder_lift,12.5,12.6455,14.1614,14.3262,2194,0,20,0,12.3,36,staircase3,no_load,0.0
8.845734,0.82439,shoulder_lift,12.5,12.6455,14.1614,14.3262,2194,0,20,0,12.3,36,staircase3,no_load,0.0
8.856442,0.835098,shoulder_lift,12.5,12.6455,14.1614,14.3262,2194,0,20,0,12.3,36,staircase3,no_load,0.0
8.867352,0.846009,shoulder_lift,12.5,12.6455,14.1614,14.3262,2194,0,20,0,12.3,35,staircase3,no_load,0.0
8.878553,0.85721,shoulder_lift,12.5,12.6455,14.1614,14.3262,2194,0,20,0,12.3,35,staircase3,no_load,0.0
8.88955,0.868206,shoulder_lift,12.5,12.6455,14.1614,14.3262,2194,0,20,0,12.3,36,staircase3,no_load,0.0
8.900279,0.878936,shoulder_lift,12.5,12.6455,14.1614,14.3262,2194,0,20,0,12.3,35,staircase3,no_load,0.0
8.911389,0.890046,shoulder_lift,12.5,12.6455,14.1614,14.3262,2194,0,20,0,12.3,35,staircase3,no_load,0.0
8.92216,0.900817,shoulder_lift,12.5,12.6455,14.1614,14.3262,2194,0,20,0,12.3,36,staircase3,no_load,0.0
8.933267,0.911924,shoulder_lift,12.5,12.6455,14.1614,14.3262,2194,0,20,0,12.3,35,staircase3,no_load,0.0
8.944494,0.923151,shoulder_lift,12.5,12.6455,14.1614,14.3262,2194,0,20,0,12.4,35,staircase3,no_load,0.0
8.955438,0.934095,shoulder_lift,12.5,12.6455,14.1614,14.3262,2194,0,20,0,12.3,36,staircase3,no_load,0.0
8.966511,0.945168,shoulder_lift,12.5,12.6455,14.1614,14.3262,2194,0,20,0,12.3,35,staircase3,no_load,0.0
8.977705,0.956361,shoulder_lift,12.5,12.6455,14.1614,14.3262,2194,0,20,1,12.3,35,staircase3,no_load,0.0
8.988744,0.9674,shoulder_lift,12.5,12.6455,14.1614,14.3262,2194,0,20,0,12.3,35,staircase3,no_load,0.0
8.999801,0.978458,shoulder_lift,12.5,12.6455,14.1614,14.3262,2194,0,20,0,12.3,35,staircase3,no_load,0.0
9.010808,0.989464,shoulder_lift,12.5,12.6455,14.1614,14.3262,2194,0,20,0,12.3,35,staircase3,no_load,0.0
9.021563,1.000219,shoulder_lift,12.5,12.6455,14.1614,14.3262,2194,0,20,0,12.3,35,staircase3,no_load,0.0
9.032436,1.011093,shoulder_lift,12.5,12.6455,14.1614,14.3262,2194,0,20,0,12.3,35,staircase3,no_load,0.0
9.043488,1.022145,shoulder_lift,12.5,12.6455,14.1614,14.3262,2194,0,20,0,12.3,35,staircase3,no_load,0.0
9.054027,1.032683,shoulder_lift,12.5,12.6455,14.1614,14.3262,2194,0,20,0,12.3,36,staircase3,no_load,0.0
9.064376,1.043033,shoulder_lift,12.5,12.6455,14.1614,14.3262,2194,0,20,0,12.3,35,staircase3,no_load,0.0
9.074795,1.053452,shoulder_lift,12.5,12.6455,14.1614,14.3262,2194,0,20,0,12.3,35,staircase3,no_load,0.0
9.085797,1.064454,shoulder_lift,12.5,12.6455,14.1614,14.3262,2194,0,20,0,12.4,35,staircase3,no_load,0.0
9.096074,1.074731,shoulder_lift,12.5,12.6455,14.1614,14.3262,2194,0,20,0,12.4,35,staircase3,no_load,0.0
9.106395,1.085052,shoulder_lift,12.5,12.6455,14.1614,14.3262,2194,0,20,0,12.3,35,staircase3,no_load,0.0
9.116715,1.095371,shoulder_lift,12.5,12.6455,14.1614,14.3262,2194,0,20,0,12.3,35,staircase3,no_load,0.0
9.127312,1.105969,shoulder_lift,12.5,12.6455,14.1614,14.3262,2194,0,20,0,12.3,36,staircase3,no_load,0.0
9.138385,1.117041,shoulder_lift,12.5,12.6455,14.1614,14.3262,2194,0,20,0,12.3,35,staircase3,no_load,0.0
9.148748,1.127405,shoulder_lift,12.5,12.6455,14.1614,14.3262,2194,0,20,0,12.3,35,staircase3,no_load,0.0
9.158941,1.137598,shoulder_lift,12.5,12.6455,14.1614,14.3262,2194,0,20,0,12.3,35,staircase3,no_load,0.0
9.169216,1.147873,shoulder_lift,12.5,12.6455,14.1614,14.3262,2194,0,20,0,12.3,35,staircase3,no_load,0.0
9.179831,1.158488,shoulder_lift,12.5,12.6455,14.1614,14.3262,2194,0,20,0,12.3,36,staircase3,no_load,0.0
9.190416,1.169073,shoulder_lift,12.5,12.6455,14.1614,14.3262,2194,0,20,0,12.4,35,staircase3,no_load,0.0
9.201458,1.180115,shoulder_lift,12.5,12.6455,14.1614,14.3262,2194,0,20,0,12.4,35,staircase3,no_load,0.0
9.212371,1.191028,shoulder_lift,12.5,12.6455,14.1614,14.3262,2194,0,20,0,12.3,35,staircase3,no_load,0.0
9.223283,1.201939,shoulder_lift,12.5,12.6455,14.1614,14.3262,2194,0,20,0,12.3,35,staircase3,no_load,0.0
9.234238,1.212894,shoulder_lift,12.5,12.6455,14.1614,14.3262,2194,0,20,0,12.3,35,staircase3,no_load,0.0
9.245309,1.223965,shoulder_lift,12.5,12.6455,14.1614,14.3262,2194,0,20,0,12.3,36,staircase3,no_load,0.0
9.256036,1.234693,shoulder_lift,12.5,12.6455,14.1614,14.3262,2194,0,20,0,12.3,36,staircase3,no_load,0.0
9.266821,1.245477,shoulder_lift,12.5,12.6455,14.1614,14.3262,2194,0,20,1,12.3,36,staircase3,no_load,0.0
9.277828,1.256485,shoulder_lift,12.5,12.6455,14.1614,14.3262,2194,0,20,0,12.3,35,staircase3,no_load,0.0
9.287999,1.266656,shoulder_lift,12.5,12.6455,14.1614,14.3262,2194,0,20,0,12.3,35,staircase3,no_load,0.0
9.298615,1.277272,shoulder_lift,12.5,12.6455,14.1614,14.3262,2194,0,20,0,12.4,35,staircase3,no_load,0.0
9.308957,1.287614,shoulder_lift,12.5,12.6455,14.1614,14.3262,2194,0,20,0,12.3,35,staircase3,no_load,0.0
9.319344,1.298001,shoulder_lift,12.5,12.6455,14.1614,14.3262,2194,0,20,0,12.3,36,staircase3,no_load,0.0
9.329894,1.30855,shoulder_lift,12.5,12.6455,14.1614,14.3262,2194,0,20,0,12.3,35,staircase3,no_load,0.0
9.340224,1.318881,shoulder_lift,12.5,12.6455,14.1614,14.3262,2194,0,20,0,12.3,35,staircase3,no_load,0.0
9.350416,1.329072,shoulder_lift,12.5,12.6455,14.1614,14.3262,2194,0,20,0,12.3,35,staircase3,no_load,0.0
9.360584,1.339241,shoulder_lift,12.5,12.6455,14.1614,14.3262,2194,0,20,0,12.3,35,staircase3,no_load,0.0
9.371115,1.349772,shoulder_lift,12.5,12.6455,14.1614,14.3262,2194,0,20,0,12.3,36,staircase3,no_load,0.0
9.381412,1.360068,shoulder_lift,12.5,12.6455,14.1614,14.3262,2194,0,20,0,12.3,36,staircase3,no_load,0.0
9.391818,1.370475,shoulder_lift,12.5,12.6455,14.1614,14.3262,2194,0,20,0,12.3,35,staircase3,no_load,0.0
9.4025,1.381156,shoulder_lift,12.5,12.6455,14.1614,14.3262,2194,0,20,0,12.3,35,staircase3,no_load,0.0
9.413,1.391656,shoulder_lift,12.5,12.6455,14.1614,14.3262,2194,0,20,0,12.3,35,staircase3,no_load,0.0
9.423795,1.402451,shoulder_lift,12.5,12.6455,14.1614,14.3262,2194,0,20,0,12.3,35,staircase3,no_load,0.0
9.434632,1.413288,shoulder_lift,12.5,12.6455,14.1614,14.3262,2194,0,20,0,12.3,35,staircase3,no_load,0.0
9.445304,1.42396,shoulder_lift,12.5,12.6455,14.1614,14.3262,2194,0,20,0,12.3,35,staircase3,no_load,0.0
9.45591,1.434567,shoulder_lift,12.5,12.6455,14.1614,14.3262,2194,0,20,0,12.3,35,staircase3,no_load,0.0
9.466473,1.44513,shoulder_lift,12.5,12.6455,14.1614,14.3262,2194,0,20,0,12.3,35,staircase3,no_load,0.0
9.477395,1.456052,shoulder_lift,12.5,12.6455,14.1614,14.3262,2194,0,20,0,12.3,35,staircase3,no_load,0.0
9.488099,1.466756,shoulder_lift,12.5,12.6455,14.1614,14.3262,2194,0,20,0,12.4,35,staircase3,no_load,0.0
9.498576,1.477233,shoulder_lift,12.5,12.6455,14.1614,14.3262,2194,0,20,0,12.3,35,staircase3,no_load,0.0
9.509123,1.48778,shoulder_lift,12.5,12.6455,14.1614,14.3262,2194,0,20,0,12.3,35,staircase3,no_load,0.0
9.520199,1.498855,shoulder_lift,12.5,12.6455,14.1614,14.3262,2194,0,20,0,12.3,35,staircase3,no_load,0.0
9.531387,1.510043,shoulder_lift,12.5,12.6455,14.1614,14.3262,2194,0,20,0,12.3,35,staircase3,no_load,0.0
9.542451,1.521107,shoulder_lift,12.5,12.6455,14.1614,14.3262,2194,0,20,0,12.4,35,staircase3,no_load,0.0
9.553411,1.532067,shoulder_lift,12.5,12.6455,14.1614,14.3262,2194,0,20,0,12.3,35,staircase3,no_load,0.0
9.564247,1.542904,shoulder_lift,12.5,12.6455,14.1614,14.3262,2194,0,20,0,12.3,35,staircase3,no_load,0.0
9.575269,1.553926,shoulder_lift,12.5,12.6455,14.1614,14.3262,2194,0,20,0,12.3,36,staircase3,no_load,0.0
9.586293,1.56495,shoulder_lift,12.5,12.6455,14.1614,14.3262,2194,0,20,0,12.3,35,staircase3,no_load,0.0
9.597306,1.575963,shoulder_lift,12.5,12.6455,14.1614,14.3262,2194,0,20,0,12.3,36,staircase3,no_load,0.0
9.608013,1.586669,shoulder_lift,12.5,12.6455,14.1614,14.3262,2194,0,20,0,12.3,36,staircase3,no_load,0.0
9.618514,1.597171,shoulder_lift,12.5,12.6455,14.1614,14.3262,2194,0,20,0,12.3,35,staircase3,no_load,0.0
9.631559,3e-06,shoulder_lift,25.0,12.6455,28.3228,14.3262,2194,0,20,0,12.3,35,staircase3,no_load,0.0
9.642154,0.010599,shoulder_lift,25.0,12.6455,28.3228,14.3262,2194,0,1044,0,12.3,36,staircase3,no_load,0.0
9.652938,0.021382,shoulder_lift,25.0,12.6455,28.3228,14.3262,2194,0,1060,1,12.3,35,staircase3,no_load,0.0
9.663968,0.032412,shoulder_lift,25.0,12.6455,28.3228,14.3262,2194,0,1120,4,12.3,35,staircase3,no_load,0.0
9.675004,0.043449,shoulder_lift,25.0,12.723,28.3228,14.4141,2195,0,1164,4,12.3,35,staircase3,no_load,7.965
9.685895,0.054339,shoulder_lift,25.0,12.8782,28.3228,14.5898,2197,50,1252,12,12.3,35,staircase3,no_load,16.133
9.696941,0.065386,shoulder_lift,25.0,13.2661,28.3228,15.0293,2202,350,1304,14,12.3,35,staircase3,no_load,39.788
9.707962,0.076406,shoulder_lift,25.0,13.7316,28.3228,15.5566,2208,350,1380,19,12.3,36,staircase3,no_load,47.845
9.718833,0.087277,shoulder_lift,25.0,14.2746,28.3228,16.1719,2215,600,1448,20,12.3,36,staircase3,no_load,56.6
9.729595,0.098039,shoulder_lift,25.0,14.8953,28.3228,16.875,2223,600,1480,17,12.2,36,staircase3,no_load,65.332
9.739801,0.108245,shoulder_lift,25.0,15.9038,28.3228,18.0176,2236,900,1416,4,12.3,36,staircase3,no_load,111.954
9.750463,0.118907,shoulder_lift,25.0,16.9899,28.3228,19.248,2250,900,1408,1,12.3,35,staircase3,no_load,115.4
9.761066,0.129511,shoulder_lift,25.0,17.8433,28.3228,20.2148,2261,1250,1340,0,12.3,35,staircase3,no_load,91.182
9.771728,0.140172,shoulder_lift,25.0,18.6191,28.3228,21.0938,2271,1250,1332,1,12.3,35,staircase3,no_load,82.442
9.782404,0.150848,shoulder_lift,25.0,19.2397,28.3228,21.7969,2279,900,1296,3,12.3,36,staircase3,no_load,65.858
9.79346,0.161904,shoulder_lift,25.0,20.0155,28.3228,22.6758,2289,900,1260,4,12.3,35,staircase3,no_load,79.495
9.80427,0.172714,shoulder_lift,25.0,20.5586,28.3228,23.291,2296,850,1196,1,12.3,35,staircase3,no_load,56.91
9.814945,0.18339,shoulder_lift,25.0,21.024,28.3228,23.8184,2302,850,1172,2,12.3,36,staircase3,no_load,49.405
9.825343,0.193787,shoulder_lift,25.0,21.4119,28.3228,24.2578,2307,550,1172,3,12.3,36,staircase3,no_load,42.258
9.835815,0.204259,shoulder_lift,25.0,21.8774,28.3228,24.7852,2313,550,1148,2,12.3,36,staircase3,no_load,50.363
9.846538,0.214982,shoulder_lift,25.0,22.3429,28.3228,25.3125,2319,550,1128,0,12.3,35,staircase3,no_load,49.175
9.857409,0.225853,shoulder_lift,25.0,22.6532,28.3228,25.6641,2323,450,1104,1,12.3,36,staircase3,no_load,32.343
9.868603,0.237047,shoulder_lift,25.0,23.1187,28.3228,26.1914,2329,450,1092,0,12.3,36,staircase3,no_load,47.106
9.879308,0.247753,shoulder_lift,25.0,23.429,28.3228,26.543,2333,450,1084,0,12.3,35,staircase3,no_load,32.844
9.890016,0.258461,shoulder_lift,25.0,23.5842,28.3228,26.7188,2335,450,1076,0,12.3,35,staircase3,no_load,16.418
9.901083,0.269527,shoulder_lift,25.0,23.6618,28.3228,26.8066,2336,200,1088,1,12.3,35,staircase3,no_load,7.933
9.91219,0.280634,shoulder_lift,25.0,23.8169,28.3228,26.9824,2338,200,1084,1,12.3,36,staircase3,no_load,15.828
9.923166,0.29161,shoulder_lift,25.0,23.8945,28.3228,27.0703,2339,150,1080,0,12.3,35,staircase3,no_load,8.008
9.934264,0.302708,shoulder_lift,25.0,23.8945,28.3228,27.0703,2339,150,1080,0,12.3,36,staircase3,no_load,0.0
9.94526,0.313705,shoulder_lift,25.0,24.1272,28.3228,27.334,2342,0,1072,0,12.3,35,staircase3,no_load,23.981
9.956263,0.324707,shoulder_lift,25.0,24.4375,28.3228,27.6855,2346,350,1056,0,12.3,36,staircase3,no_load,31.946
9.967375,0.335819,shoulder_lift,25.0,24.8254,28.3228,28.125,2351,350,44,1,12.3,35,staircase3,no_load,39.552
9.9784,0.346845,shoulder_lift,25.0,24.9806,28.3228,28.3008,2353,300,32,0,12.4,36,staircase3,no_load,15.946
9.989224,0.357668,shoulder_lift,25.0,24.9806,28.3228,28.3008,2353,300,32,0,12.3,35,staircase3,no_load,0.0
10.000292,0.368736,shoulder_lift,25.0,25.0582,28.3228,28.3887,2354,100,0,0,12.3,35,staircase3,no_load,7.942
10.011499,0.379944,shoulder_lift,25.0,25.0582,28.3228,28.3887,2354,100,0,0,12.3,35,staircase3,no_load,0.0
10.022501,0.390945,shoulder_lift,25.0,25.0582,28.3228,28.3887,2354,0,20,0,12.3,35,staircase3,no_load,0.0
10.033435,0.401879,shoulder_lift,25.0,25.1358,28.3228,28.4766,2355,0,20,0,12.3,35,staircase3,no_load,8.039
10.043828,0.412272,shoulder_lift,25.0,25.1358,28.3228,28.4766,2355,50,24,1,12.3,35,staircase3,no_load,0.0
10.054853,0.423297,shoulder_lift,25.0,25.2133,28.3228,28.5645,2356,50,28,0,12.3,36,staircase3,no_load,7.973
10.065918,0.434362,shoulder_lift,25.0,25.2133,28.3228,28.5645,2356,50,28,1,12.3,35,staircase3,no_load,0.0
10.077137,0.445581,shoulder_lift,25.0,25.2133,28.3228,28.5645,2356,0,28,0,12.3,36,staircase3,no_load,0.0
10.087976,0.45642,shoulder_lift,25.0,25.2133,28.3228,28.5645,2356,0,24,0,12.3,36,staircase3,no_load,0.0
10.099024,0.467468,shoulder_lift,25.0,25.2133,28.3228,28.5645,2356,0,24,0,12.3,35,staircase3,no_load,0.0
10.110058,0.478502,shoulder_lift,25.0,25.2133,28.3228,28.5645,2356,0,24,0,12.3,36,staircase3,no_load,0.0
10.121224,0.489668,shoulder_lift,25.0,25.2133,28.3228,28.5645,2356,0,24,0,12.3,35,staircase3,no_load,0.0
10.132019,0.500463,shoulder_lift,25.0,25.2133,28.3228,28.5645,2356,0,24,0,12.3,35,staircase3,no_load,0.0
10.143145,0.511589,shoulder_lift,25.0,25.2133,28.3228,28.5645,2356,0,24,0,12.3,35,staircase3,no_load,0.0
10.153461,0.521905,shoulder_lift,25.0,25.2133,28.3228,28.5645,2356,0,24,0,12.3,35,staircase3,no_load,0.0
10.16391,0.532355,shoulder_lift,25.0,25.2133,28.3228,28.5645,2356,0,24,0,12.3,35,staircase3,no_load,0.0
10.174801,0.543245,shoulder_lift,25.0,25.2133,28.3228,28.5645,2356,0,24,0,12.4,36,staircase3,no_load,0.0
10.185955,0.554399,shoulder_lift,25.0,25.2133,28.3228,28.5645,2356,0,24,0,12.3,36,staircase3,no_load,0.0
10.196916,0.56536,shoulder_lift,25.0,25.2133,28.3228,28.5645,2356,0,24,0,12.4,35,staircase3,no_load,0.0
10.207749,0.576193,shoulder_lift,25.0,25.2133,28.3228,28.5645,2356,0,24,0,12.3,35,staircase3,no_load,0.0
10.218486,0.58693,shoulder_lift,25.0,25.2133,28.3228,28.5645,2356,0,24,0,12.3,36,staircase3,no_load,0.0
10.229519,0.597964,shoulder_lift,25.0,25.2133,28.3228,28.5645,2356,0,24,0,12.3,36,staircase3,no_load,0.0
10.240634,0.609078,shoulder_lift,25.0,25.2133,28.3228,28.5645,2356,0,24,0,12.3,36,staircase3,no_load,0.0
10.251643,0.620087,shoulder_lift,25.0,25.2133,28.3228,28.5645,2356,0,24,1,12.3,36,staircase3,no_load,0.0
10.262686,0.63113,shoulder_lift,25.0,25.2133,28.3228,28.5645,2356,0,24,0,12.3,36,staircase3,no_load,0.0
10.273729,0.642173,shoulder_lift,25.0,25.2133,28.3228,28.5645,2356,0,24,0,12.3,35,staircase3,no_load,0.0
10.284801,0.653245,shoulder_lift,25.0,25.2133,28.3228,28.5645,2356,0,24,0,12.3,36,staircase3,no_load,0.0
10.295853,0.664297,shoulder_lift,25.0,25.2133,28.3228,28.5645,2356,0,24,0,12.3,36,staircase3,no_load,0.0
10.306889,0.675334,shoulder_lift,25.0,25.2133,28.3228,28.5645,2356,0,24,0,12.4,36,staircase3,no_load,0.0
10.317955,0.6864,shoulder_lift,25.0,25.2133,28.3228,28.5645,2356,0,24,0,12.3,36,staircase3,no_load,0.0
10.329021,0.697466,shoulder_lift,25.0,25.2133,28.3228,28.5645,2356,0,24,0,12.3,35,staircase3,no_load,0.0
10.340163,0.708607,shoulder_lift,25.0,25.2133,28.3228,28.5645,2356,0,24,0,12.3,35,staircase3,no_load,0.0
10.350948,0.719392,shoulder_lift,25.0,25.2133,28.3228,28.5645,2356,0,24,0,12.3,36,staircase3,no_load,0.0
10.362017,0.730462,shoulder_lift,25.0,25.2133,28.3228,28.5645,2356,0,24,0,12.3,35,staircase3,no_load,0.0
10.372466,0.740911,shoulder_lift,25.0,25.2133,28.3228,28.5645,2356,0,24,0,12.4,36,staircase3,no_load,0.0
10.382854,0.751298,shoulder_lift,25.0,25.2133,28.3228,28.5645,2356,0,24,0,12.3,36,staircase3,no_load,0.0
10.393794,0.762238,shoulder_lift,25.0,25.2133,28.3228,28.5645,2356,0,24,0,12.3,36,staircase3,no_load,0.0
10.404887,0.773331,shoulder_lift,25.0,25.2133,28.3228,28.5645,2356,0,24,0,12.3,35,staircase3,no_load,0.0
10.416071,0.784515,shoulder_lift,25.0,25.2133,28.3228,28.5645,2356,0,24,0,12.3,35,staircase3,no_load,0.0
10.426612,0.795056,shoulder_lift,25.0,25.2133,28.3228,28.5645,2356,0,24,0,12.3,35,staircase3,no_load,0.0
10.437405,0.805849,shoulder_lift,25.0,25.2133,28.3228,28.5645,2356,0,24,0,12.4,35,staircase3,no_load,0.0
10.448275,0.81672,shoulder_lift,25.0,25.2133,28.3228,28.5645,2356,0,24,1,12.3,35,staircase3,no_load,0.0
10.458913,0.827357,shoulder_lift,25.0,25.2133,28.3228,28.5645,2356,0,24,0,12.3,35,staircase3,no_load,0.0
10.469995,0.838439,shoulder_lift,25.0,25.2133,28.3228,28.5645,2356,0,24,0,12.3,35,staircase3,no_load,0.0
10.481341,0.849785,shoulder_lift,25.0,25.2133,28.3228,28.5645,2356,0,24,0,12.3,36,staircase3,no_load,0.0
10.491914,0.860359,shoulder_lift,25.0,25.2133,28.3228,28.5645,2356,0,24,1,12.3,35,staircase3,no_load,0.0
10.502591,0.871035,shoulder_lift,25.0,25.2133,28.3228,28.5645,2356,0,24,0,12.3,36,staircase3,no_load,0.0
10.513475,0.88192,shoulder_lift,25.0,25.2133,28.3228,28.5645,2356,0,24,0,12.3,35,staircase3,no_load,0.0
10.524668,0.893112,shoulder_lift,25.0,25.2133,28.3228,28.5645,2356,0,24,0,12.3,35,staircase3,no_load,0.0
10.535706,0.90415,shoulder_lift,25.0,25.2133,28.3228,28.5645,2356,0,24,0,12.3,35,staircase3,no_load,0.0
10.546406,0.914851,shoulder_lift,25.0,25.2133,28.3228,28.5645,2356,0,24,0,12.3,36,staircase3,no_load,0.0
10.557523,0.925968,shoulder_lift,25.0,25.2133,28.3228,28.5645,2356,0,24,0,12.3,36,staircase3,no_load,0.0
10.568644,0.937089,shoulder_lift,25.0,25.2133,28.3228,28.5645,2356,0,24,0,12.3,36,staircase3,no_load,0.0
10.579501,0.947945,shoulder_lift,25.0,25.2133,28.3228,28.5645,2356,0,24,0,12.4,35,staircase3,no_load,0.0
10.590551,0.958995,shoulder_lift,25.0,25.2133,28.3228,28.5645,2356,0,24,0,12.3,35,staircase3,no_load,0.0
10.6017,0.970144,shoulder_lift,25.0,25.2133,28.3228,28.5645,2356,0,24,0,12.3,35,staircase3,no_load,0.0
10.612367,0.980811,shoulder_lift,25.0,25.2133,28.3228,28.5645,2356,0,24,1,12.3,35,staircase3,no_load,0.0
10.623125,0.991569,shoulder_lift,25.0,25.2133,28.3228,28.5645,2356,0,24,0,12.4,35,staircase3,no_load,0.0
10.634078,1.002523,shoulder_lift,25.0,25.2133,28.3228,28.5645,2356,0,24,0,12.3,35,staircase3,no_load,0.0
10.644635,1.013079,shoulder_lift,25.0,25.2133,28.3228,28.5645,2356,0,24,0,12.4,35,staircase3,no_load,0.0
10.655695,1.024139,shoulder_lift,25.0,25.2133,28.3228,28.5645,2356,0,24,0,12.3,35,staircase3,no_load,0.0
10.666423,1.034868,shoulder_lift,25.0,25.2133,28.3228,28.5645,2356,0,24,0,12.3,36,staircase3,no_load,0.0
10.677483,1.045927,shoulder_lift,25.0,25.2133,28.3228,28.5645,2356,0,24,0,12.3,35,staircase3,no_load,0.0
10.688519,1.056963,shoulder_lift,25.0,25.2133,28.3228,28.5645,2356,0,24,0,12.3,36,staircase3,no_load,0.0
10.699566,1.06801,shoulder_lift,25.0,25.2133,28.3228,28.5645,2356,0,24,0,12.3,35,staircase3,no_load,0.0
10.710536,1.07898,shoulder_lift,25.0,25.2133,28.3228,28.5645,2356,0,24,1,12.3,36,staircase3,no_load,0.0
10.721037,1.089482,shoulder_lift,25.0,25.2133,28.3228,28.5645,2356,0,24,0,12.3,35,staircase3,no_load,0.0
10.7315,1.099944,shoulder_lift,25.0,25.2133,28.3228,28.5645,2356,0,24,0,12.3,36,staircase3,no_load,0.0
10.742129,1.110574,shoulder_lift,25.0,25.2133,28.3228,28.5645,2356,0,24,0,12.3,35,staircase3,no_load,0.0
10.752761,1.121205,shoulder_lift,25.0,25.2133,28.3228,28.5645,2356,0,24,0,12.3,35,staircase3,no_load,0.0
10.76291,1.131354,shoulder_lift,25.0,25.2133,28.3228,28.5645,2356,0,24,0,12.3,36,staircase3,no_load,0.0
10.773859,1.142303,shoulder_lift,25.0,25.2133,28.3228,28.5645,2356,0,24,0,12.4,35,staircase3,no_load,0.0
10.784522,1.152966,shoulder_lift,25.0,25.2133,28.3228,28.5645,2356,0,24,0,12.3,35,staircase3,no_load,0.0
10.795248,1.163692,shoulder_lift,25.0,25.2133,28.3228,28.5645,2356,0,24,0,12.3,36,staircase3,no_load,0.0
10.805862,1.174306,shoulder_lift,25.0,25.2133,28.3228,28.5645,2356,0,24,0,12.3,36,staircase3,no_load,0.0
10.816554,1.184998,shoulder_lift,25.0,25.2133,28.3228,28.5645,2356,0,24,0,12.3,36,staircase3,no_load,0.0
10.827564,1.196008,shoulder_lift,25.0,25.2133,28.3228,28.5645,2356,0,24,0,12.3,36,staircase3,no_load,0.0
10.838525,1.20697,shoulder_lift,25.0,25.2133,28.3228,28.5645,2356,0,24,0,12.3,35,staircase3,no_load,0.0
10.849196,1.217641,shoulder_lift,25.0,25.2133,28.3228,28.5645,2356,0,24,0,12.3,35,staircase3,no_load,0.0
10.859812,1.228256,shoulder_lift,25.0,25.2133,28.3228,28.5645,2356,0,24,0,12.4,35,staircase3,no_load,0.0
10.870847,1.239291,shoulder_lift,25.0,25.2133,28.3228,28.5645,2356,0,24,0,12.3,35,staircase3,no_load,0.0
10.88166,1.250104,shoulder_lift,25.0,25.2133,28.3228,28.5645,2356,0,24,0,12.3,35,staircase3,no_load,0.0
10.892158,1.260602,shoulder_lift,25.0,25.2133,28.3228,28.5645,2356,0,24,0,12.3,35,staircase3,no_load,0.0
10.90315,1.271595,shoulder_lift,25.0,25.2133,28.3228,28.5645,2356,0,24,1,12.3,35,staircase3,no_load,0.0
10.913808,1.282252,shoulder_lift,25.0,25.2133,28.3228,28.5645,2356,0,24,0,12.3,36,staircase3,no_load,0.0
10.92487,1.293314,shoulder_lift,25.0,25.2133,28.3228,28.5645,2356,0,24,0,12.4,36,staircase3,no_load,0.0
10.935775,1.304219,shoulder_lift,25.0,25.2133,28.3228,28.5645,2356,0,24,0,12.3,35,staircase3,no_load,0.0
10.946839,1.315284,shoulder_lift,25.0,25.2133,28.3228,28.5645,2356,0,24,0,12.3,36,staircase3,no_load,0.0
10.957463,1.325907,shoulder_lift,25.0,25.2133,28.3228,28.5645,2356,0,24,0,12.3,36,staircase3,no_load,0.0
10.968399,1.336843,shoulder_lift,25.0,25.2133,28.3228,28.5645,2356,0,24,0,12.3,35,staircase3,no_load,0.0
10.979258,1.347702,shoulder_lift,25.0,25.2133,28.3228,28.5645,2356,0,24,1,12.3,36,staircase3,no_load,0.0
10.989999,1.358443,shoulder_lift,25.0,25.2133,28.3228,28.5645,2356,0,24,0,12.3,35,staircase3,no_load,0.0
11.001176,1.369621,shoulder_lift,25.0,25.2133,28.3228,28.5645,2356,0,24,0,12.3,35,staircase3,no_load,0.0
11.011879,1.380323,shoulder_lift,25.0,25.2133,28.3228,28.5645,2356,0,24,0,12.4,36,staircase3,no_load,0.0
11.022913,1.391357,shoulder_lift,25.0,25.2133,28.3228,28.5645,2356,0,24,0,12.3,35,staircase3,no_load,0.0
11.03399,1.402434,shoulder_lift,25.0,25.2133,28.3228,28.5645,2356,0,24,0,12.3,35,staircase3,no_load,0.0
11.044715,1.413159,shoulder_lift,25.0,25.2133,28.3228,28.5645,2356,0,24,0,12.3,35,staircase3,no_load,0.0
11.055598,1.424043,shoulder_lift,25.0,25.2133,28.3228,28.5645,2356,0,24,0,12.3,35,staircase3,no_load,0.0
11.066619,1.435063,shoulder_lift,25.0,25.2133,28.3228,28.5645,2356,0,24,0,12.3,35,staircase3,no_load,0.0
11.077698,1.446143,shoulder_lift,25.0,25.2133,28.3228,28.5645,2356,0,24,0,12.3,35,staircase3,no_load,0.0
11.088352,1.456796,shoulder_lift,25.0,25.2133,28.3228,28.5645,2356,0,24,0,12.3,35,staircase3,no_load,0.0
11.098981,1.467425,shoulder_lift,25.0,25.2133,28.3228,28.5645,2356,0,24,0,12.4,35,staircase3,no_load,0.0
11.109965,1.478409,shoulder_lift,25.0,25.2133,28.3228,28.5645,2356,0,24,0,12.3,35,staircase3,no_load,0.0
11.120631,1.489075,shoulder_lift,25.0,25.2133,28.3228,28.5645,2356,0,24,0,12.3,36,staircase3,no_load,0.0
11.131493,1.499937,shoulder_lift,25.0,25.2133,28.3228,28.5645,2356,0,24,0,12.3,36,staircase3,no_load,0.0
11.142176,1.510621,shoulder_lift,25.0,25.2133,28.3228,28.5645,2356,0,24,0,12.3,35,staircase3,no_load,0.0
11.153123,1.521568,shoulder_lift,25.0,25.2133,28.3228,28.5645,2356,0,24,1,12.3,35,staircase3,no_load,0.0
11.163454,1.531898,shoulder_lift,25.0,25.2133,28.3228,28.5645,2356,0,24,0,12.3,36,staircase3,no_load,0.0
11.173737,1.542182,shoulder_lift,25.0,25.2133,28.3228,28.5645,2356,0,24,0,12.3,35,staircase3,no_load,0.0
11.184773,1.553217,shoulder_lift,25.0,25.2133,28.3228,28.5645,2356,0,24,0,12.3,36,staircase3,no_load,0.0
11.195903,1.564347,shoulder_lift,25.0,25.2133,28.3228,28.5645,2356,0,24,0,12.3,36,staircase3,no_load,0.0
11.206545,1.57499,shoulder_lift,25.0,25.2133,28.3228,28.5645,2356,0,24,0,12.3,36,staircase3,no_load,0.0
11.217,1.585445,shoulder_lift,25.0,25.2133,28.3228,28.5645,2356,0,24,0,12.3,35,staircase3,no_load,0.0
11.227721,1.596165,shoulder_lift,25.0,25.2133,28.3228,28.5645,2356,0,24,0,12.3,35,staircase3,no_load,0.0
11.239463,3e-06,shoulder_lift,37.5,25.2133,42.4841,28.5645,2356,0,24,0,12.3,35,staircase3,no_load,0.0
11.250486,0.011026,shoulder_lift,37.5,25.2133,42.4841,28.5645,2356,0,0,0,12.3,35,staircase3,no_load,0.0
11.261248,0.021788,shoulder_lift,37.5,25.2133,42.4841,28.5645,2356,0,1060,1,12.3,35,staircase3,no_load,0.0
11.272291,0.032832,shoulder_lift,37.5,25.2133,42.4841,28.5645,2356,0,1092,2,12.4,36,staircase3,no_load,0.0
11.282892,0.043432,shoulder_lift,37.5,25.2133,42.4841,28.5645,2356,0,1184,5,12.3,35,staircase3,no_load,0.0
11.294051,0.054591,shoulder_lift,37.5,25.4461,42.4841,28.8281,2359,150,1232,8,12.3,36,staircase3,no_load,23.622
11.305153,0.065693,shoulder_lift,37.5,25.7564,42.4841,29.1797,2363,150,1312,12,12.3,35,staircase3,no_load,31.67
11.315936,0.076476,shoulder_lift,37.5,26.2995,42.4841,29.7949,2370,500,1384,16,12.3,36,staircase3,no_load,57.053
11.32643,0.08697,shoulder_lift,37.5,26.9201,42.4841,30.498,2378,500,1428,16,12.2,35,staircase3,no_load,67.0
11.337292,0.097832,shoulder_lift,37.5,27.5407,42.4841,31.2012,2386,750,1444,14,12.2,36,staircase3,no_load,64.739
11.348208,0.108748,shoulder_lift,37.5,28.3941,42.4841,32.168,2397,750,1456,10,12.2,36,staircase3,no_load,88.567
11.359128,0.119668,shoulder_lift,37.5,29.4802,42.4841,33.3984,2411,1000,1388,0,12.3,36,staircase3,no_load,112.674
11.370007,0.130547,shoulder_lift,37.5,30.5663,42.4841,34.6289,2425,1000,1368,1,12.3,36,staircase3,no_load,113.108
11.381177,0.141717,shoulder_lift,37.5,31.4197,42.4841,35.5957,2436,1250,1304,0,12.4,35,staircase3,no_load,86.553
11.391374,0.151915,shoulder_lift,37.5,31.9628,42.4841,36.2109,2443,1250,1280,1,12.3,35,staircase3,no_load,60.331
11.402328,0.162869,shoulder_lift,37.5,32.661,42.4841,37.002,2452,850,1228,2,12.3,35,staircase3,no_load,72.22
11.41339,0.17393,shoulder_lift,37.5,33.3592,42.4841,37.793,2461,750,1196,2,12.3,36,staircase3,no_load,71.506
11.423968,0.184508,shoulder_lift,37.5,33.8247,42.4841,38.3203,2467,750,1164,1,12.3,36,staircase3,no_load,49.849
11.434458,0.194998,shoulder_lift,37.5,34.2901,42.4841,38.8477,2473,600,1140,1,12.3,35,staircase3,no_load,50.276
11.444977,0.205518,shoulder_lift,37.5,34.7556,42.4841,39.375,2479,600,1124,0,12.3,36,staircase3,no_load,50.128
11.455409,0.215949,shoulder_lift,37.5,35.2211,42.4841,39.9023,2485,550,1100,0,12.3,35,staircase3,no_load,50.546
11.465662,0.226202,shoulder_lift,37.5,35.6866,42.4841,40.4297,2491,550,1080,0,12.3,35,staircase3,no_load,51.439
11.475816,0.236356,shoulder_lift,37.5,35.8417,42.4841,40.6055,2493,450,1068,1,12.3,36,staircase3,no_load,17.313
11.48631,0.24685,shoulder_lift,37.5,35.9969,42.4841,40.7812,2495,450,1084,0,12.3,36,staircase3,no_load,16.743
11.496808,0.257348,shoulder_lift,37.5,36.1521,42.4841,40.957,2497,150,1092,0,12.3,36,staircase3,no_load,16.746
11.507029,0.267569,shoulder_lift,37.5,36.3072,42.4841,41.1328,2499,150,1084,0,12.3,35,staircase3,no_load,17.2
11.517163,0.277703,shoulder_lift,37.5,36.3848,42.4841,41.2207,2500,200,1072,0,12.3,36,staircase3,no_load,8.674
11.527419,0.287959,shoulder_lift,37.5,36.54,42.4841,41.3965,2502,200,1064,0,12.3,36,staircase3,no_load,17.141
11.538067,0.298607,shoulder_lift,37.5,36.6951,42.4841,41.5723,2504,150,1060,0,12.4,36,staircase3,no_load,16.51
11.548316,0.308856,shoulder_lift,37.5,37.0054,42.4841,41.9238,2508,150,1048,0,12.3,36,staircase3,no_load,34.296
11.558502,0.319042,shoulder_lift,37.5,37.3157,42.4841,42.2754,2512,350,44,0,12.3,36,staircase3,no_load,34.518
11.568808,0.329348,shoulder_lift,37.5,37.3933,42.4841,42.3633,2513,350,48,0,12.3,36,staircase3,no_load,8.529
11.579045,0.339585,shoulder_lift,37.5,37.4709,42.4841,42.4512,2514,150,20,0,12.3,35,staircase3,no_load,8.586
11.589373,0.349913,shoulder_lift,37.5,37.4709,42.4841,42.4512,2514,150,20,0,12.3,35,staircase3,no_load,0.0
11.599915,0.360456,shoulder_lift,37.5,37.5485,42.4841,42.5391,2515,100,0,0,12.3,35,staircase3,no_load,8.338
11.610313,0.370853,shoulder_lift,37.5,37.5485,42.4841,42.5391,2515,100,0,0,12.4,36,staircase3,no_load,0.0
11.620634,0.381174,shoulder_lift,37.5,37.5485,42.4841,42.5391,2515,0,0,0,12.4,35,staircase3,no_load,0.0
11.631123,0.391664,shoulder_lift,37.5,37.5485,42.4841,42.5391,2515,0,0,0,12.3,35,staircase3,no_load,0.0
11.64153,0.40207,shoulder_lift,37.5,37.5485,42.4841,42.5391,2515,0,0,0,12.3,35,staircase3,no_load,0.0
11.652533,0.413073,shoulder_lift,37.5,37.5485,42.4841,42.5391,2515,0,0,0,12.3,35,staircase3,no_load,0.0
11.663385,0.423925,shoulder_lift,37.5,37.5485,42.4841,42.5391,2515,0,0,0,12.3,35,staircase3,no_load,0.0
11.674381,0.434922,shoulder_lift,37.5,37.5485,42.4841,42.5391,2515,0,0,0,12.4,36,staircase3,no_load,0.0
11.685216,0.445757,shoulder_lift,37.5,37.5485,42.4841,42.5391,2515,0,0,0,12.4,36,staircase3,no_load,0.0
11.696286,0.456826,shoulder_lift,37.5,37.5485,42.4841,42.5391,2515,0,0,0,12.3,36,staircase3,no_load,0.0
11.707348,0.467888,shoulder_lift,37.5,37.5485,42.4841,42.5391,2515,0,0,0,12.3,36,staircase3,no_load,0.0
11.718301,0.478841,shoulder_lift,37.5,37.5485,42.4841,42.5391,2515,0,0,0,12.3,35,staircase3,no_load,0.0
11.728939,0.489479,shoulder_lift,37.5,37.5485,42.4841,42.5391,2515,0,0,0,12.4,36,staircase3,no_load,0.0
11.739323,0.499864,shoulder_lift,37.5,37.5485,42.4841,42.5391,2515,0,0,0,12.3,35,staircase3,no_load,0.0
11.749894,0.510434,shoulder_lift,37.5,37.5485,42.4841,42.5391,2515,0,0,0,12.3,35,staircase3,no_load,0.0
11.760393,0.520934,shoulder_lift,37.5,37.5485,42.4841,42.5391,2515,0,0,0,12.4,35,staircase3,no_load,0.0
11.770549,0.53109,shoulder_lift,37.5,37.5485,42.4841,42.5391,2515,0,0,0,12.3,35,staircase3,no_load,0.0
11.781244,0.541784,shoulder_lift,37.5,37.5485,42.4841,42.5391,2515,0,0,0,12.3,35,staircase3,no_load,0.0
11.791729,0.552269,shoulder_lift,37.5,37.5485,42.4841,42.5391,2515,0,0,0,12.3,35,staircase3,no_load,0.0
11.802513,0.563053,shoulder_lift,37.5,37.5485,42.4841,42.5391,2515,0,0,0,12.3,36,staircase3,no_load,0.0
11.813479,0.574019,shoulder_lift,37.5,37.5485,42.4841,42.5391,2515,0,0,0,12.3,35,staircase3,no_load,0.0
11.824483,0.585023,shoulder_lift,37.5,37.5485,42.4841,42.5391,2515,0,0,0,12.3,36,staircase3,no_load,0.0
11.835177,0.595717,shoulder_lift,37.5,37.5485,42.4841,42.5391,2515,0,0,0,12.3,35,staircase3,no_load,0.0
11.845855,0.606395,shoulder_lift,37.5,37.5485,42.4841,42.5391,2515,0,0,0,12.4,35,staircase3,no_load,0.0
11.856504,0.617044,shoulder_lift,37.5,37.5485,42.4841,42.5391,2515,0,0,0,12.3,35,staircase3,no_load,0.0
11.867422,0.627963,shoulder_lift,37.5,37.5485,42.4841,42.5391,2515,0,0,0,12.4,35,staircase3,no_load,0.0
11.878348,0.638888,shoulder_lift,37.5,37.5485,42.4841,42.5391,2515,0,0,0,12.3,35,staircase3,no_load,0.0
11.889331,0.649871,shoulder_lift,37.5,37.5485,42.4841,42.5391,2515,0,0,0,12.3,36,staircase3,no_load,0.0
11.900272,0.660812,shoulder_lift,37.5,37.5485,42.4841,42.5391,2515,0,0,0,12.3,35,staircase3,no_load,0.0
11.911348,0.671888,shoulder_lift,37.5,37.5485,42.4841,42.5391,2515,0,0,0,12.3,35,staircase3,no_load,0.0
11.922102,0.682642,shoulder_lift,37.5,37.5485,42.4841,42.5391,2515,0,0,0,12.3,36,staircase3,no_load,0.0
11.932372,0.692913,shoulder_lift,37.5,37.5485,42.4841,42.5391,2515,0,0,0,12.3,35,staircase3,no_load,0.0
11.94297,0.70351,shoulder_lift,37.5,37.5485,42.4841,42.5391,2515,0,0,0,12.3,35,staircase3,no_load,0.0
11.95332,0.71386,shoulder_lift,37.5,37.5485,42.4841,42.5391,2515,0,0,0,12.4,36,staircase3,no_load,0.0
11.964058,0.724598,shoulder_lift,37.5,37.5485,42.4841,42.5391,2515,0,0,0,12.3,36,staircase3,no_load,0.0
11.975151,0.735692,shoulder_lift,37.5,37.5485,42.4841,42.5391,2515,0,0,0,12.3,35,staircase3,no_load,0.0
11.985825,0.746366,shoulder_lift,37.5,37.5485,42.4841,42.5391,2515,0,0,0,12.3,35,staircase3,no_load,0.0
11.996914,0.757454,shoulder_lift,37.5,37.5485,42.4841,42.5391,2515,0,0,0,12.3,35,staircase3,no_load,0.0
12.007844,0.768384,shoulder_lift,37.5,37.5485,42.4841,42.5391,2515,0,0,0,12.3,36,staircase3,no_load,0.0
12.018777,0.779317,shoulder_lift,37.5,37.5485,42.4841,42.5391,2515,0,0,0,12.3,36,staircase3,no_load,0.0
12.029547,0.790087,shoulder_lift,37.5,37.5485,42.4841,42.5391,2515,0,0,0,12.3,36,staircase3,no_load,0.0
12.040306,0.800847,shoulder_lift,37.5,37.5485,42.4841,42.5391,2515,0,0,0,12.3,36,staircase3,no_load,0.0
12.050585,0.811125,shoulder_lift,37.5,37.5485,42.4841,42.5391,2515,0,0,0,12.3,35,staircase3,no_load,0.0
12.061713,0.822253,shoulder_lift,37.5,37.5485,42.4841,42.5391,2515,0,0,0,12.3,35,staircase3,no_load,0.0
12.072725,0.833265,shoulder_lift,37.5,37.5485,42.4841,42.5391,2515,0,0,0,12.3,35,staircase3,no_load,0.0
12.083072,0.843612,shoulder_lift,37.5,37.5485,42.4841,42.5391,2515,0,0,0,12.3,35,staircase3,no_load,0.0
12.094109,0.854649,shoulder_lift,37.5,37.5485,42.4841,42.5391,2515,0,0,0,12.3,35,staircase3,no_load,0.0
12.105092,0.865633,shoulder_lift,37.5,37.5485,42.4841,42.5391,2515,0,0,0,12.3,36,staircase3,no_load,0.0
12.116025,0.876565,shoulder_lift,37.5,37.5485,42.4841,42.5391,2515,0,0,0,12.3,35,staircase3,no_load,0.0
12.12698,0.88752,shoulder_lift,37.5,37.5485,42.4841,42.5391,2515,0,0,0,12.3,35,staircase3,no_load,0.0
12.137643,0.898184,shoulder_lift,37.5,37.5485,42.4841,42.5391,2515,0,0,0,12.3,36,staircase3,no_load,0.0
12.148442,0.908982,shoulder_lift,37.5,37.5485,42.4841,42.5391,2515,0,0,0,12.3,35,staircase3,no_load,0.0
12.15911,0.91965,shoulder_lift,37.5,37.5485,42.4841,42.5391,2515,0,0,0,12.4,35,staircase3,no_load,0.0
12.169766,0.930307,shoulder_lift,37.5,37.5485,42.4841,42.5391,2515,0,0,0,12.3,36,staircase3,no_load,0.0
12.180583,0.941123,shoulder_lift,37.5,37.5485,42.4841,42.5391,2515,0,0,0,12.3,35,staircase3,no_load,0.0
12.191365,0.951905,shoulder_lift,37.5,37.5485,42.4841,42.5391,2515,0,0,0,12.3,36,staircase3,no_load,0.0
12.202332,0.962873,shoulder_lift,37.5,37.5485,42.4841,42.5391,2515,0,0,0,12.3,35,staircase3,no_load,0.0
12.213011,0.973551,shoulder_lift,37.5,37.5485,42.4841,42.5391,2515,0,0,0,12.3,35,staircase3,no_load,0.0
12.224203,0.984744,shoulder_lift,37.5,37.5485,42.4841,42.5391,2515,0,0,0,12.3,35,staircase3,no_load,0.0
12.234905,0.995445,shoulder_lift,37.5,37.5485,42.4841,42.5391,2515,0,0,0,12.3,35,staircase3,no_load,0.0
12.24578,1.00632,shoulder_lift,37.5,37.5485,42.4841,42.5391,2515,0,0,0,12.3,36,staircase3,no_load,0.0
12.256908,1.017448,shoulder_lift,37.5,37.5485,42.4841,42.5391,2515,0,0,0,12.3,35,staircase3,no_load,0.0
12.267225,1.027765,shoulder_lift,37.5,37.5485,42.4841,42.5391,2515,0,0,0,12.4,35,staircase3,no_load,0.0
12.277827,1.038367,shoulder_lift,37.5,37.5485,42.4841,42.5391,2515,0,0,0,12.4,35,staircase3,no_load,0.0
12.288643,1.049183,shoulder_lift,37.5,37.5485,42.4841,42.5391,2515,0,0,0,12.3,36,staircase3,no_load,0.0
12.299587,1.060127,shoulder_lift,37.5,37.5485,42.4841,42.5391,2515,0,0,0,12.3,36,staircase3,no_load,0.0
12.310417,1.070957,shoulder_lift,37.5,37.5485,42.4841,42.5391,2515,0,0,0,12.3,35,staircase3,no_load,0.0
12.321526,1.082067,shoulder_lift,37.5,37.5485,42.4841,42.5391,2515,0,0,0,12.3,36,staircase3,no_load,0.0
12.33262,1.09316,shoulder_lift,37.5,37.5485,42.4841,42.5391,2515,0,0,0,12.3,35,staircase3,no_load,0.0
12.343261,1.103801,shoulder_lift,37.5,37.5485,42.4841,42.5391,2515,0,0,0,12.3,35,staircase3,no_load,0.0
12.354425,1.114965,shoulder_lift,37.5,37.5485,42.4841,42.5391,2515,0,0,0,12.3,36,staircase3,no_load,0.0
12.365226,1.125766,shoulder_lift,37.5,37.5485,42.4841,42.5391,2515,0,0,0,12.3,35,staircase3,no_load,0.0
12.375378,1.135918,shoulder_lift,37.5,37.5485,42.4841,42.5391,2515,0,0,0,12.3,36,staircase3,no_load,0.0
12.386555,1.147095,shoulder_lift,37.5,37.5485,42.4841,42.5391,2515,0,0,0,12.3,35,staircase3,no_load,0.0
12.397791,1.158332,shoulder_lift,37.5,37.5485,42.4841,42.5391,2515,0,0,0,12.3,36,staircase3,no_load,0.0
12.40856,1.1691,shoulder_lift,37.5,37.5485,42.4841,42.5391,2515,0,0,0,12.3,35,staircase3,no_load,0.0
12.419019,1.179559,shoulder_lift,37.5,37.5485,42.4841,42.5391,2515,0,0,0,12.3,35,staircase3,no_load,0.0
12.429999,1.190539,shoulder_lift,37.5,37.5485,42.4841,42.5391,2515,0,0,0,12.3,36,staircase3,no_load,0.0
12.440439,1.200979,shoulder_lift,37.5,37.5485,42.4841,42.5391,2515,0,0,0,12.4,36,staircase3,no_load,0.0
12.450937,1.211477,shoulder_lift,37.5,37.5485,42.4841,42.5391,2515,0,0,0,12.3,35,staircase3,no_load,0.0
12.461667,1.222207,shoulder_lift,37.5,37.5485,42.4841,42.5391,2515,0,0,0,12.4,36,staircase3,no_load,0.0
12.472345,1.232885,shoulder_lift,37.5,37.5485,42.4841,42.5391,2515,0,0,0,12.3,36,staircase3,no_load,0.0
12.482938,1.243478,shoulder_lift,37.5,37.5485,42.4841,42.5391,2515,0,0,0,12.3,36,staircase3,no_load,0.0
12.493518,1.254058,shoulder_lift,37.5,37.5485,42.4841,42.5391,2515,0,0,0,12.3,35,staircase3,no_load,0.0
12.503979,1.264519,shoulder_lift,37.5,37.5485,42.4841,42.5391,2515,0,0,0,12.3,35,staircase3,no_load,0.0
12.514359,1.274899,shoulder_lift,37.5,37.5485,42.4841,42.5391,2515,0,0,0,12.3,35,staircase3,no_load,0.0
12.525001,1.285541,shoulder_lift,37.5,37.5485,42.4841,42.5391,2515,0,0,0,12.3,35,staircase3,no_load,0.0
12.535453,1.295993,shoulder_lift,37.5,37.5485,42.4841,42.5391,2515,0,0,0,12.3,35,staircase3,no_load,0.0
12.545733,1.306273,shoulder_lift,37.5,37.5485,42.4841,42.5391,2515,0,0,0,12.3,36,staircase3,no_load,0.0
12.55608,1.31662,shoulder_lift,37.5,37.5485,42.4841,42.5391,2515,0,0,0,12.3,35,staircase3,no_load,0.0
12.5665,1.32704,shoulder_lift,37.5,37.5485,42.4841,42.5391,2515,0,0,0,12.3,36,staircase3,no_load,0.0
12.576875,1.337415,shoulder_lift,37.5,37.5485,42.4841,42.5391,2515,0,0,0,12.3,36,staircase3,no_load,0.0
12.587503,1.348043,shoulder_lift,37.5,37.5485,42.4841,42.5391,2515,0,0,0,12.3,35,staircase3,no_load,0.0
12.597922,1.358462,shoulder_lift,37.5,37.5485,42.4841,42.5391,2515,0,0,0,12.3,35,staircase3,no_load,0.0
12.608603,1.369143,shoulder_lift,37.5,37.5485,42.4841,42.5391,2515,0,0,0,12.3,36,staircase3,no_load,0.0
12.618793,1.379333,shoulder_lift,37.5,37.5485,42.4841,42.5391,2515,0,0,0,12.3,36,staircase3,no_load,0.0
12.629165,1.389705,shoulder_lift,37.5,37.5485,42.4841,42.5391,2515,0,0,0,12.3,35,staircase3,no_load,0.0
12.639704,1.400244,shoulder_lift,37.5,37.5485,42.4841,42.5391,2515,0,0,0,12.3,36,staircase3,no_load,0.0
12.650449,1.410989,shoulder_lift,37.5,37.5485,42.4841,42.5391,2515,0,0,0,12.3,35,staircase3,no_load,0.0
12.661129,1.42167,shoulder_lift,37.5,37.5485,42.4841,42.5391,2515,0,0,0,12.3,35,staircase3,no_load,0.0
12.671593,1.432134,shoulder_lift,37.5,37.5485,42.4841,42.5391,2515,0,0,0,12.3,35,staircase3,no_load,0.0
12.681956,1.442496,shoulder_lift,37.5,37.5485,42.4841,42.5391,2515,0,0,0,12.3,36,staircase3,no_load,0.0
12.692679,1.453219,shoulder_lift,37.5,37.5485,42.4841,42.5391,2515,0,0,0,12.3,35,staircase3,no_load,0.0
12.703857,1.464397,shoulder_lift,37.5,37.5485,42.4841,42.5391,2515,0,0,0,12.3,35,staircase3,no_load,0.0
12.714809,1.475349,shoulder_lift,37.5,37.5485,42.4841,42.5391,2515,0,0,0,12.3,35,staircase3,no_load,0.0
12.725717,1.486257,shoulder_lift,37.5,37.5485,42.4841,42.5391,2515,0,0,0,12.3,36,staircase3,no_load,0.0
12.735936,1.496476,shoulder_lift,37.5,37.5485,42.4841,42.5391,2515,0,0,0,12.3,35,staircase3,no_load,0.0
12.746508,1.507048,shoulder_lift,37.5,37.5485,42.4841,42.5391,2515,0,0,0,12.3,36,staircase3,no_load,0.0
12.756733,1.517273,shoulder_lift,37.5,37.5485,42.4841,42.5391,2515,0,0,0,12.3,36,staircase3,no_load,0.0
12.767192,1.527732,shoulder_lift,37.5,37.5485,42.4841,42.5391,2515,0,0,0,12.3,35,staircase3,no_load,0.0
12.777809,1.538349,shoulder_lift,37.5,37.5485,42.4841,42.5391,2515,0,0,0,12.3,36,staircase3,no_load,0.0
12.788824,1.549364,shoulder_lift,37.5,37.5485,42.4841,42.5391,2515,0,0,0,12.3,36,staircase3,no_load,0.0
12.799879,1.560419,shoulder_lift,37.5,37.5485,42.4841,42.5391,2515,0,0,0,12.3,35,staircase3,no_load,0.0
12.810568,1.571108,shoulder_lift,37.5,37.5485,42.4841,42.5391,2515,0,0,0,12.3,36,staircase3,no_load,0.0
12.821703,1.582243,shoulder_lift,37.5,37.5485,42.4841,42.5391,2515,0,0,0,12.3,36,staircase3,no_load,0.0
12.832509,1.593049,shoulder_lift,37.5,37.5485,42.4841,42.5391,2515,0,0,0,12.3,35,staircase3,no_load,0.0
12.844409,4e-06,shoulder_lift,50.0,37.5485,56.6455,42.5391,2515,0,0,0,12.3,36,staircase3,no_load,0.0
12.854986,0.010581,shoulder_lift,50.0,37.5485,56.6455,42.5391,2515,0,0,0,12.3,36,staircase3,no_load,0.0
12.865749,0.021344,shoulder_lift,50.0,37.5485,56.6455,42.5391,2515,0,1056,1,12.3,36,staircase3,no_load,0.0
12.876522,0.032117,shoulder_lift,50.0,37.5485,56.6455,42.5391,2515,0,1132,4,12.3,36,staircase3,no_load,0.0
12.887504,0.043099,shoulder_lift,50.0,37.6261,56.6455,42.627,2516,0,1168,4,12.3,35,staircase3,no_load,8.004
12.898563,0.054158,shoulder_lift,50.0,37.8588,56.6455,42.8906,2519,100,1248,8,12.3,36,staircase3,no_load,23.836
12.909175,0.06477,shoulder_lift,50.0,38.1691,56.6455,43.2422,2523,100,1296,12,12.3,36,staircase3,no_load,33.132
12.920252,0.075847,shoulder_lift,50.0,38.6346,56.6455,43.7695,2529,350,1376,18,12.2,36,staircase3,no_load,47.603
12.931153,0.086748,shoulder_lift,50.0,39.1777,56.6455,44.3848,2536,600,1432,21,12.3,36,staircase3,no_load,56.444
12.941281,0.096877,shoulder_lift,50.0,39.6431,56.6455,44.9121,2542,600,1480,20,12.2,36,staircase3,no_load,52.064
12.952426,0.108021,shoulder_lift,50.0,40.6517,56.6455,46.0547,2555,900,1488,3,12.3,36,staircase3,no_load,102.521
12.963499,0.119094,shoulder_lift,50.0,41.7378,56.6455,47.2852,2569,900,1416,3,12.4,35,staircase3,no_load,111.126
12.974201,0.129796,shoulder_lift,50.0,42.7463,56.6455,48.4277,2582,1250,1344,0,12.3,36,staircase3,no_load,106.756
12.985257,0.140852,shoulder_lift,50.0,43.5997,56.6455,49.3945,2593,1250,1332,0,12.3,36,staircase3,no_load,87.446
12.996141,0.151736,shoulder_lift,50.0,44.3755,56.6455,50.2734,2603,900,1284,0,12.3,35,staircase3,no_load,80.752
13.007251,0.162846,shoulder_lift,50.0,45.0737,56.6455,51.0645,2612,900,1248,2,12.3,35,staircase3,no_load,71.206
13.018235,0.17383,shoulder_lift,50.0,45.6943,56.6455,51.7676,2620,900,1196,2,12.3,36,staircase3,no_load,64.011
13.029222,0.184817,shoulder_lift,50.0,46.1598,56.6455,52.2949,2626,900,1172,3,12.3,36,staircase3,no_load,47.993
13.040233,0.195828,shoulder_lift,50.0,46.5477,56.6455,52.7344,2631,600,1172,3,12.3,36,staircase3,no_load,39.915
13.051332,0.206927,shoulder_lift,50.0,46.7804,56.6455,52.998,2634,350,1160,4,12.3,35,staircase3,no_load,23.75
13.062453,0.218048,shoulder_lift,50.0,47.0132,56.6455,53.2617,2637,350,1168,4,12.3,36,staircase3,no_load,23.712
13.073488,0.229084,shoulder_lift,50.0,47.2459,56.6455,53.5254,2640,250,1160,4,12.3,36,staircase3,no_load,23.897
13.084426,0.240022,shoulder_lift,50.0,47.4011,56.6455,53.7012,2642,250,1152,4,12.3,36,staircase3,no_load,16.072
13.095272,0.250867,shoulder_lift,50.0,47.4787,56.6455,53.7891,2643,200,1152,7,12.3,36,staircase3,no_load,8.104
13.106028,0.261623,shoulder_lift,50.0,47.5562,56.6455,53.877,2644,200,1148,5,12.3,35,staircase3,no_load,8.172
13.117034,0.272629,shoulder_lift,50.0,47.6338,56.6455,53.9648,2645,100,1152,6,12.3,35,staircase3,no_load,7.977
13.127249,0.282844,shoulder_lift,50.0,47.7114,56.6455,54.0527,2646,100,1148,6,12.3,35,staircase3,no_load,8.605
13.138198,0.293793,shoulder_lift,50.0,47.789,56.6455,54.1406,2647,50,1144,7,12.3,35,staircase3,no_load,8.028
13.149199,0.304795,shoulder_lift,50.0,47.789,56.6455,54.1406,2647,50,1144,9,12.3,36,staircase3,no_load,0.0
13.159771,0.315366,shoulder_lift,50.0,47.789,56.6455,54.1406,2647,50,1152,7,12.3,36,staircase3,no_load,0.0
13.170423,0.326018,shoulder_lift,50.0,47.8666,56.6455,54.2285,2648,50,1148,4,12.3,36,staircase3,no_load,8.252
13.181706,0.337301,shoulder_lift,50.0,47.9441,56.6455,54.3164,2649,50,1140,5,12.3,35,staircase3,no_load,7.79
13.192837,0.348432,shoulder_lift,50.0,48.0217,56.6455,54.4043,2650,50,1132,4,12.3,43,staircase3,no_load,7.897
13.203655,0.35925,shoulder_lift,50.0,48.0993,56.6455,54.4922,2651,50,1128,3,12.3,35,staircase3,no_load,8.125
13.214572,0.370167,shoulder_lift,50.0,48.1769,56.6455,54.5801,2652,150,1120,3,12.3,36,staircase3,no_load,8.052
13.225589,0.381184,shoulder_lift,50.0,48.332,56.6455,54.7559,2654,150,1116,3,12.3,35,staircase3,no_load,15.957
13.236644,0.392239,shoulder_lift,50.0,48.4096,56.6455,54.8437,2655,100,1108,2,12.3,51,staircase3,no_load,7.942
13.247673,0.403268,shoulder_lift,50.0,48.4872,56.6455,54.9316,2656,100,1104,2,12.3,35,staircase3,no_load,7.97
13.258708,0.414303,shoulder_lift,50.0,48.5648,56.6455,55.0195,2657,100,1104,2,12.3,36,staircase3,no_load,7.966
13.269179,0.424774,shoulder_lift,50.0,48.6424,56.6455,55.1074,2658,100,1100,1,12.4,36,staircase3,no_load,8.395
13.279998,0.435593,shoulder_lift,50.0,48.7199,56.6455,55.1953,2659,100,1096,1,12.3,35,staircase3,no_load,8.125
13.291026,0.446621,shoulder_lift,50.0,48.7975,56.6455,55.2832,2660,100,1092,2,12.3,36,staircase3,no_load,7.971
13.30216,0.457755,shoulder_lift,50.0,48.7975,56.6455,55.2832,2660,100,1096,3,12.3,36,staircase3,no_load,0.0
13.313225,0.46882,shoulder_lift,50.0,48.8751,56.6455,55.3711,2661,0,1092,2,12.3,35,staircase3,no_load,7.944
13.324292,0.479887,shoulder_lift,50.0,48.8751,56.6455,55.3711,2661,0,1092,2,12.3,36,staircase3,no_load,0.0
13.33514,0.490735,shoulder_lift,50.0,48.8751,56.6455,55.3711,2661,50,1096,3,12.3,36,staircase3,no_load,0.0
13.346255,0.50185,shoulder_lift,50.0,48.8751,56.6455,55.3711,2661,50,1096,2,12.3,36,staircase3,no_load,0.0
13.357268,0.512863,shoulder_lift,50.0,48.8751,56.6455,55.3711,2661,0,1096,2,12.3,36,staircase3,no_load,0.0
13.367959,0.523554,shoulder_lift,50.0,48.8751,56.6455,55.3711,2661,0,1096,3,12.3,36,staircase3,no_load,0.0
13.379102,0.534697,shoulder_lift,50.0,48.8751,56.6455,55.3711,2661,0,1096,3,12.3,36,staircase3,no_load,0.0
13.390153,0.545748,shoulder_lift,50.0,48.8751,56.6455,55.3711,2661,0,1096,2,12.3,36,staircase3,no_load,0.0
13.40124,0.556835,shoulder_lift,50.0,48.8751,56.6455,55.3711,2661,0,1096,3,12.3,36,staircase3,no_load,0.0
13.412294,0.567889,shoulder_lift,50.0,48.8751,56.6455,55.3711,2661,0,1096,2,12.3,35,staircase3,no_load,0.0
13.42269,0.578285,shoulder_lift,50.0,48.8751,56.6455,55.3711,2661,0,1096,3,12.3,36,staircase3,no_load,0.0
13.433299,0.588894,shoulder_lift,50.0,48.8751,56.6455,55.3711,2661,0,1096,3,12.3,35,staircase3,no_load,0.0
13.444086,0.599681,shoulder_lift,50.0,48.8751,56.6455,55.3711,2661,0,1096,3,12.3,36,staircase3,no_load,0.0
13.454983,0.610578,shoulder_lift,50.0,48.8751,56.6455,55.3711,2661,0,1096,3,12.3,35,staircase3,no_load,0.0
13.465718,0.621313,shoulder_lift,50.0,48.8751,56.6455,55.3711,2661,0,1096,2,12.4,36,staircase3,no_load,0.0
13.476369,0.631964,shoulder_lift,50.0,48.8751,56.6455,55.3711,2661,0,1096,2,12.3,36,staircase3,no_load,0.0
13.48735,0.642945,shoulder_lift,50.0,48.8751,56.6455,55.3711,2661,0,1096,2,12.3,35,staircase3,no_load,0.0
13.498128,0.653723,shoulder_lift,50.0,48.8751,56.6455,55.3711,2661,0,1096,3,12.3,36,staircase3,no_load,0.0
13.509173,0.664768,shoulder_lift,50.0,48.8751,56.6455,55.3711,2661,0,1096,2,12.3,36,staircase3,no_load,0.0
13.520186,0.675781,shoulder_lift,50.0,48.8751,56.6455,55.3711,2661,0,1096,2,12.4,36,staircase3,no_load,0.0
13.530602,0.686197,shoulder_lift,50.0,48.8751,56.6455,55.3711,2661,0,1096,3,12.3,35,staircase3,no_load,0.0
13.541328,0.696923,shoulder_lift,50.0,48.8751,56.6455,55.3711,2661,0,1096,3,12.3,36,staircase3,no_load,0.0
13.552059,0.707654,shoulder_lift,50.0,48.8751,56.6455,55.3711,2661,0,1096,2,12.3,36,staircase3,no_load,0.0
13.562762,0.718357,shoulder_lift,50.0,48.8751,56.6455,55.3711,2661,0,1096,2,12.4,35,staircase3,no_load,0.0
13.572942,0.728537,shoulder_lift,50.0,48.8751,56.6455,55.3711,2661,0,1096,2,12.3,36,staircase3,no_load,0.0
13.583847,0.739442,shoulder_lift,50.0,48.8751,56.6455,55.3711,2661,0,1096,2,12.3,36,staircase3,no_load,0.0
13.594341,0.749937,shoulder_lift,50.0,48.8751,56.6455,55.3711,2661,0,1096,2,12.3,35,staircase3,no_load,0.0
13.605026,0.760621,shoulder_lift,50.0,48.8751,56.6455,55.3711,2661,0,1096,3,12.3,35,staircase3,no_load,0.0
13.616085,0.77168,shoulder_lift,50.0,48.8751,56.6455,55.3711,2661,0,1096,2,12.3,36,staircase3,no_load,0.0
13.626417,0.782012,shoulder_lift,50.0,48.8751,56.6455,55.3711,2661,0,1096,3,12.3,36,staircase3,no_load,0.0
13.636687,0.792282,shoulder_lift,50.0,48.8751,56.6455,55.3711,2661,0,1096,3,12.3,36,staircase3,no_load,0.0
13.647656,0.803251,shoulder_lift,50.0,48.8751,56.6455,55.3711,2661,0,1096,3,12.3,35,staircase3,no_load,0.0
13.658544,0.814139,shoulder_lift,50.0,48.8751,56.6455,55.3711,2661,0,1096,3,12.3,36,staircase3,no_load,0.0
13.669569,0.825164,shoulder_lift,50.0,48.8751,56.6455,55.3711,2661,0,1096,2,12.3,36,staircase3,no_load,0.0
13.680712,0.836307,shoulder_lift,50.0,48.8751,56.6455,55.3711,2661,0,1096,2,12.3,36,staircase3,no_load,0.0
13.691723,0.847318,shoulder_lift,50.0,48.8751,56.6455,55.3711,2661,0,1096,3,12.3,36,staircase3,no_load,0.0
13.702471,0.858066,shoulder_lift,50.0,48.8751,56.6455,55.3711,2661,0,1096,3,12.3,35,staircase3,no_load,0.0
13.713361,0.868956,shoulder_lift,50.0,48.8751,56.6455,55.3711,2661,0,1096,2,12.3,36,staircase3,no_load,0.0
13.72427,0.879865,shoulder_lift,50.0,48.8751,56.6455,55.3711,2661,0,1096,3,12.3,35,staircase3,no_load,0.0
13.734471,0.890066,shoulder_lift,50.0,48.8751,56.6455,55.3711,2661,0,1096,2,12.3,36,staircase3,no_load,0.0
13.745049,0.900644,shoulder_lift,50.0,48.8751,56.6455,55.3711,2661,0,1096,2,12.3,35,staircase3,no_load,0.0
13.755714,0.911309,shoulder_lift,50.0,48.8751,56.6455,55.3711,2661,0,1096,3,12.3,36,staircase3,no_load,0.0
13.76589,0.921485,shoulder_lift,50.0,48.8751,56.6455,55.3711,2661,0,1096,2,12.3,36,staircase3,no_load,0.0
13.776091,0.931686,shoulder_lift,50.0,48.8751,56.6455,55.3711,2661,0,1096,2,12.3,35,staircase3,no_load,0.0
13.78684,0.942435,shoulder_lift,50.0,48.8751,56.6455,55.3711,2661,0,1096,2,12.3,36,staircase3,no_load,0.0
13.797645,0.95324,shoulder_lift,50.0,48.8751,56.6455,55.3711,2661,0,1096,2,12.3,36,staircase3,no_load,0.0
13.80839,0.963985,shoulder_lift,50.0,48.8751,56.6455,55.3711,2661,0,1096,3,12.3,36,staircase3,no_load,0.0
13.819277,0.974872,shoulder_lift,50.0,48.8751,56.6455,55.3711,2661,0,1096,3,12.3,35,staircase3,no_load,0.0
13.830222,0.985817,shoulder_lift,50.0,48.8751,56.6455,55.3711,2661,0,1096,3,12.3,36,staircase3,no_load,0.0
13.841194,0.996789,shoulder_lift,50.0,48.8751,56.6455,55.3711,2661,0,1096,3,12.3,35,staircase3,no_load,0.0
13.851932,1.007527,shoulder_lift,50.0,48.8751,56.6455,55.3711,2661,0,1096,3,12.3,35,staircase3,no_load,0.0
13.862626,1.018221,shoulder_lift,50.0,48.8751,56.6455,55.3711,2661,0,1096,3,12.3,35,staircase3,no_load,0.0
13.873876,1.029471,shoulder_lift,50.0,48.8751,56.6455,55.3711,2661,0,1096,2,12.3,35,staircase3,no_load,0.0
13.884951,1.040546,shoulder_lift,50.0,48.8751,56.6455,55.3711,2661,0,1096,2,12.3,40,staircase3,no_load,0.0
13.896049,1.051644,shoulder_lift,50.0,48.8751,56.6455,55.3711,2661,0,1096,3,12.3,36,staircase3,no_load,0.0
13.906987,1.062582,shoulder_lift,50.0,48.8751,56.6455,55.3711,2661,0,1096,3,12.3,35,staircase3,no_load,0.0
13.917744,1.073339,shoulder_lift,50.0,48.8751,56.6455,55.3711,2661,0,1096,3,12.3,36,staircase3,no_load,0.0
13.928606,1.084201,shoulder_lift,50.0,48.8751,56.6455,55.3711,2661,0,1096,2,12.3,36,staircase3,no_load,0.0
13.9396,1.095195,shoulder_lift,50.0,48.8751,56.6455,55.3711,2661,0,1096,2,12.3,36,staircase3,no_load,0.0
13.950622,1.106217,shoulder_lift,50.0,48.8751,56.6455,55.3711,2661,0,1096,3,12.3,36,staircase3,no_load,0.0
13.961341,1.116936,shoulder_lift,50.0,48.8751,56.6455,55.3711,2661,0,1096,3,12.3,36,staircase3,no_load,0.0
13.972406,1.128001,shoulder_lift,50.0,48.8751,56.6455,55.3711,2661,0,1096,2,12.3,36,staircase3,no_load,0.0
13.983618,1.139213,shoulder_lift,50.0,48.8751,56.6455,55.3711,2661,0,1096,3,12.3,35,staircase3,no_load,0.0
13.994802,1.150397,shoulder_lift,50.0,48.8751,56.6455,55.3711,2661,0,1096,3,12.3,36,staircase3,no_load,0.0
14.0061,1.161695,shoulder_lift,50.0,48.8751,56.6455,55.3711,2661,0,1096,2,12.3,36,staircase3,no_load,0.0
14.017255,1.17285,shoulder_lift,50.0,48.8751,56.6455,55.3711,2661,0,1096,3,12.3,36,staircase3,no_load,0.0
14.028286,1.183881,shoulder_lift,50.0,48.8751,56.6455,55.3711,2661,0,1096,3,12.3,35,staircase3,no_load,0.0
14.039504,1.195099,shoulder_lift,50.0,48.8751,56.6455,55.3711,2661,0,1096,3,12.3,36,staircase3,no_load,0.0
14.050643,1.206238,shoulder_lift,50.0,48.8751,56.6455,55.3711,2661,0,1096,3,12.3,35,staircase3,no_load,0.0
14.06167,1.217265,shoulder_lift,50.0,48.8751,56.6455,55.3711,2661,0,1096,2,12.4,35,staircase3,no_load,0.0
14.072621,1.228216,shoulder_lift,50.0,48.8751,56.6455,55.3711,2661,0,1096,3,12.3,36,staircase3,no_load,0.0
14.082993,1.238588,shoulder_lift,50.0,48.8751,56.6455,55.3711,2661,0,1096,2,12.3,36,staircase3,no_load,0.0
14.093274,1.248869,shoulder_lift,50.0,48.8751,56.6455,55.3711,2661,0,1096,2,12.3,36,staircase3,no_load,0.0
14.103698,1.259293,shoulder_lift,50.0,48.8751,56.6455,55.3711,2661,0,1096,3,12.4,36,staircase3,no_load,0.0
14.114757,1.270352,shoulder_lift,50.0,48.8751,56.6455,55.3711,2661,0,1096,2,12.3,36,staircase3,no_load,0.0
14.125684,1.281279,shoulder_lift,50.0,48.8751,56.6455,55.3711,2661,0,1096,3,12.3,35,staircase3,no_load,0.0
14.136759,1.292354,shoulder_lift,50.0,48.8751,56.6455,55.3711,2661,0,1096,2,12.3,36,staircase3,no_load,0.0
14.14768,1.303275,shoulder_lift,50.0,48.8751,56.6455,55.3711,2661,0,1096,3,12.3,44,staircase3,no_load,0.0
14.157978,1.313573,shoulder_lift,50.0,48.8751,56.6455,55.3711,2661,0,1096,3,12.3,35,staircase3,no_load,0.0
14.168739,1.324334,shoulder_lift,50.0,48.8751,56.6455,55.3711,2661,0,1096,2,12.3,35,staircase3,no_load,0.0
14.179849,1.335444,shoulder_lift,50.0,48.8751,56.6455,55.3711,2661,0,1096,2,12.3,36,staircase3,no_load,0.0
14.190656,1.346251,shoulder_lift,50.0,48.8751,56.6455,55.3711,2661,0,1096,2,12.3,36,staircase3,no_load,0.0
14.201467,1.357062,shoulder_lift,50.0,48.8751,56.6455,55.3711,2661,0,1096,3,12.3,36,staircase3,no_load,0.0
14.212435,1.36803,shoulder_lift,50.0,48.8751,56.6455,55.3711,2661,0,1096,3,12.3,36,staircase3,no_load,0.0
14.223156,1.378751,shoulder_lift,50.0,48.8751,56.6455,55.3711,2661,0,1096,2,12.3,36,staircase3,no_load,0.0
14.233959,1.389554,shoulder_lift,50.0,48.8751,56.6455,55.3711,2661,0,1096,2,12.3,35,staircase3,no_load,0.0
14.244243,1.399838,shoulder_lift,50.0,48.8751,56.6455,55.3711,2661,0,1096,2,12.3,35,staircase3,no_load,0.0
14.255319,1.410915,shoulder_lift,50.0,48.8751,56.6455,55.3711,2661,0,1096,3,12.3,36,staircase3,no_load,0.0
14.266068,1.421663,shoulder_lift,50.0,48.8751,56.6455,55.3711,2661,0,1096,2,12.3,35,staircase3,no_load,0.0
14.276533,1.432128,shoulder_lift,50.0,48.8751,56.6455,55.3711,2661,0,1096,2,12.3,36,staircase3,no_load,0.0
14.287467,1.443062,shoulder_lift,50.0,48.8751,56.6455,55.3711,2661,0,1096,3,12.3,35,staircase3,no_load,0.0
14.298524,1.454119,shoulder_lift,50.0,48.8751,56.6455,55.3711,2661,0,1096,2,12.3,36,staircase3,no_load,0.0
14.309576,1.465172,shoulder_lift,50.0,48.8751,56.6455,55.3711,2661,0,1096,3,12.3,36,staircase3,no_load,0.0
14.320406,1.476001,shoulder_lift,50.0,48.8751,56.6455,55.3711,2661,0,1096,3,12.3,35,staircase3,no_load,0.0
14.331379,1.486974,shoulder_lift,50.0,48.8751,56.6455,55.3711,2661,0,1096,3,12.3,36,staircase3,no_load,0.0
14.342136,1.497731,shoulder_lift,50.0,48.8751,56.6455,55.3711,2661,0,1096,3,12.4,36,staircase3,no_load,0.0
14.352989,1.508584,shoulder_lift,50.0,48.8751,56.6455,55.3711,2661,0,1096,2,12.3,35,staircase3,no_load,0.0
14.36371,1.519305,shoulder_lift,50.0,48.8751,56.6455,55.3711,2661,0,1096,2,12.3,36,staircase3,no_load,0.0
14.374732,1.530327,shoulder_lift,50.0,48.8751,56.6455,55.3711,2661,0,1096,2,12.3,36,staircase3,no_load,0.0
14.385708,1.541303,shoulder_lift,50.0,48.8751,56.6455,55.3711,2661,0,1096,2,12.3,36,staircase3,no_load,0.0
14.396642,1.552237,shoulder_lift,50.0,48.8751,56.6455,55.3711,2661,0,1096,2,12.3,35,staircase3,no_load,0.0
14.407496,1.563091,shoulder_lift,50.0,48.8751,56.6455,55.3711,2661,0,1096,3,12.3,36,staircase3,no_load,0.0
14.418565,1.57416,shoulder_lift,50.0,48.8751,56.6455,55.3711,2661,0,1096,3,12.3,36,staircase3,no_load,0.0
14.42897,1.584565,shoulder_lift,50.0,48.8751,56.6455,55.3711,2661,0,1096,3,12.4,36,staircase3,no_load,0.0
14.439396,1.594991,shoulder_lift,50.0,48.8751,56.6455,55.3711,2661,0,1096,3,12.3,36,staircase3,no_load,0.0
14.451702,4e-06,shoulder_lift,37.5,48.8751,42.4841,55.3711,2661,0,1092,3,12.3,36,staircase3,no_load,0.0
14.462584,0.010886,shoulder_lift,37.5,48.8751,42.4841,55.3711,2661,0,1084,2,12.3,36,staircase3,no_load,0.0
14.473398,0.0217,shoulder_lift,37.5,48.8751,42.4841,55.3711,2661,0,0,0,12.3,35,staircase3,no_load,0.0
14.484364,0.032666,shoulder_lift,37.5,48.8751,42.4841,55.3711,2661,0,40,0,12.3,35,staircase3,no_load,0.0
14.494893,0.043195,shoulder_lift,37.5,48.8751,42.4841,55.3711,2661,0,112,3,12.3,36,staircase3,no_load,0.0
14.505969,0.054271,shoulder_lift,37.5,48.7975,42.4841,55.2832,2660,0,168,6,12.3,36,staircase3,no_load,-7.936
14.516424,0.064726,shoulder_lift,37.5,48.5648,42.4841,55.0195,2657,-100,260,14,12.3,36,staircase3,no_load,-25.222
14.527188,0.07549,shoulder_lift,37.5,48.4096,42.4841,54.8437,2655,-200,336,19,12.2,35,staircase3,no_load,-16.332
14.538281,0.086583,shoulder_lift,37.5,48.1769,42.4841,54.5801,2652,-200,440,26,12.2,35,staircase3,no_load,-23.763
14.549743,0.098045,shoulder_lift,37.5,47.2459,42.4841,53.5254,2640,-650,468,9,12.3,36,staircase3,no_load,-92.017
14.560766,0.109068,shoulder_lift,37.5,46.315,42.4841,52.4707,2628,-650,412,9,12.3,36,staircase3,no_load,-95.682
14.571925,0.120227,shoulder_lift,37.5,45.4616,42.4841,51.5039,2617,-1150,368,2,12.3,35,staircase3,no_load,-86.639
14.583044,0.131346,shoulder_lift,37.5,44.6082,42.4841,50.5371,2606,-1150,360,6,12.3,36,staircase3,no_load,-86.95
14.594095,0.142397,shoulder_lift,37.5,43.7548,42.4841,49.5703,2595,-900,300,4,12.3,35,staircase3,no_load,-87.485
14.605157,0.153459,shoulder_lift,37.5,42.9791,42.4841,48.6914,2585,-900,268,5,12.3,35,staircase3,no_load,-79.452
14.616127,0.164429,shoulder_lift,37.5,42.3584,42.4841,47.9883,2577,-900,204,3,12.3,36,staircase3,no_load,-64.093
14.626636,0.174937,shoulder_lift,37.5,41.9705,42.4841,47.5488,2572,-900,184,5,12.3,36,staircase3,no_load,-41.821
14.637381,0.185682,shoulder_lift,37.5,41.6602,42.4841,47.1973,2568,-600,180,7,12.3,36,staircase3,no_load,-32.713
14.648409,0.196711,shoulder_lift,37.5,41.3499,42.4841,46.8457,2564,-350,164,10,12.3,36,staircase3,no_load,-31.882
14.659256,0.207558,shoulder_lift,37.5,41.1171,42.4841,46.582,2561,-350,176,8,12.3,36,staircase3,no_load,-24.311
14.67044,0.218742,shoulder_lift,37.5,40.8844,42.4841,46.3184,2558,-250,168,7,12.3,35,staircase3,no_load,-23.569
14.681412,0.229714,shoulder_lift,37.5,40.7292,42.4841,46.1426,2556,-250,156,8,12.3,36,staircase3,no_load,-16.023
14.692609,0.240911,shoulder_lift,37.5,40.4965,42.4841,45.8789,2553,-250,148,5,12.3,36,staircase3,no_load,-23.551
14.703756,0.252057,shoulder_lift,37.5,40.3413,42.4841,45.7031,2551,-250,140,5,12.3,36,staircase3,no_load,-15.771
14.714436,0.262738,shoulder_lift,37.5,40.1862,42.4841,45.5273,2549,-200,140,5,12.3,36,staircase3,no_load,-16.461
14.725282,0.273584,shoulder_lift,37.5,40.1086,42.4841,45.4395,2548,-200,136,5,12.3,36,staircase3,no_load,-8.095
14.735654,0.283956,shoulder_lift,37.5,39.9535,42.4841,45.2637,2546,-150,128,5,12.3,35,staircase3,no_load,-16.949
14.746224,0.294526,shoulder_lift,37.5,39.8759,42.4841,45.1758,2545,-150,124,6,12.3,35,staircase3,no_load,-8.316
14.75653,0.304832,shoulder_lift,37.5,39.7983,42.4841,45.0879,2544,-100,124,2,12.3,37,staircase3,no_load,-8.529
14.766712,0.315014,shoulder_lift,37.5,39.7207,42.4841,45.0,2543,-100,120,5,12.3,36,staircase3,no_load,-8.633
14.7771,0.325402,shoulder_lift,37.5,39.7207,42.4841,45.0,2543,-100,120,6,12.3,35,staircase3,no_load,0.0
14.78744,0.335742,shoulder_lift,37.5,39.6431,42.4841,44.9121,2542,-50,116,7,12.3,36,staircase3,no_load,-8.501
14.797712,0.346014,shoulder_lift,37.5,39.6431,42.4841,44.9121,2542,-50,120,4,12.3,36,staircase3,no_load,0.0
14.808156,0.356457,shoulder_lift,37.5,39.5656,42.4841,44.8242,2541,-50,116,5,12.3,35,staircase3,no_load,-8.416
14.818548,0.36685,shoulder_lift,37.5,39.5656,42.4841,44.8242,2541,-50,116,6,12.3,36,staircase3,no_load,0.0
14.828984,0.377286,shoulder_lift,37.5,39.5656,42.4841,44.8242,2541,0,116,7,12.2,35,staircase3,no_load,0.0
14.83941,0.387712,shoulder_lift,37.5,39.5656,42.4841,44.8242,2541,0,120,6,12.3,36,staircase3,no_load,0.0
14.849722,0.398023,shoulder_lift,37.5,39.5656,42.4841,44.8242,2541,0,120,4,12.3,35,staircase3,no_load,0.0
14.86017,0.408472,shoulder_lift,37.5,39.5656,42.4841,44.8242,2541,0,120,6,12.3,36,staircase3,no_load,0.0
14.870463,0.418765,shoulder_lift,37.5,39.5656,42.4841,44.8242,2541,0,120,7,12.3,35,staircase3,no_load,0.0
14.881362,0.429664,shoulder_lift,37.5,39.5656,42.4841,44.8242,2541,0,120,7,12.3,36,staircase3,no_load,0.0
14.892411,0.440713,shoulder_lift,37.5,39.5656,42.4841,44.8242,2541,0,120,7,12.3,35,staircase3,no_load,0.0
14.90311,0.451412,shoulder_lift,37.5,39.5656,42.4841,44.8242,2541,0,120,7,12.3,36,staircase3,no_load,0.0
14.914234,0.462536,shoulder_lift,37.5,39.5656,42.4841,44.8242,2541,0,120,6,12.3,36,staircase3,no_load,0.0
14.925205,0.473507,shoulder_lift,37.5,39.5656,42.4841,44.8242,2541,0,120,6,12.3,36,staircase3,no_load,0.0
14.936403,0.484705,shoulder_lift,37.5,39.5656,42.4841,44.8242,2541,0,120,6,12.3,36,staircase3,no_load,0.0
14.947507,0.495809,shoulder_lift,37.5,39.5656,42.4841,44.8242,2541,0,120,6,12.3,35,staircase3,no_load,0.0
14.958534,0.506836,shoulder_lift,37.5,39.5656,42.4841,44.8242,2541,0,120,8,12.3,37,staircase3,no_load,0.0
14.969634,0.517936,shoulder_lift,37.5,39.5656,42.4841,44.8242,2541,0,120,6,12.4,35,staircase3,no_load,0.0
14.98062,0.528922,shoulder_lift,37.5,39.5656,42.4841,44.8242,2541,0,120,5,12.3,35,staircase3,no_load,0.0
14.991589,0.539891,shoulder_lift,37.5,39.5656,42.4841,44.8242,2541,0,120,6,12.3,36,staircase3,no_load,0.0
15.002629,0.550931,shoulder_lift,37.5,39.5656,42.4841,44.8242,2541,0,120,6,12.3,36,staircase3,no_load,0.0
15.013463,0.561765,shoulder_lift,37.5,39.5656,42.4841,44.8242,2541,0,120,6,12.3,35,staircase3,no_load,0.0
15.024494,0.572796,shoulder_lift,37.5,39.5656,42.4841,44.8242,2541,0,120,6,12.3,35,staircase3,no_load,0.0
15.035648,0.58395,shoulder_lift,37.5,39.5656,42.4841,44.8242,2541,0,120,7,12.3,36,staircase3,no_load,0.0
15.04651,0.594812,shoulder_lift,37.5,39.5656,42.4841,44.8242,2541,0,120,6,12.3,35,staircase3,no_load,0.0
15.056864,0.605166,shoulder_lift,37.5,39.5656,42.4841,44.8242,2541,0,120,6,12.3,36,staircase3,no_load,0.0
15.067031,0.615333,shoulder_lift,37.5,39.5656,42.4841,44.8242,2541,0,120,6,12.3,36,staircase3,no_load,0.0
15.077857,0.626159,shoulder_lift,37.5,39.5656,42.4841,44.8242,2541,0,120,6,12.3,36,staircase3,no_load,0.0
15.088967,0.637269,shoulder_lift,37.5,39.5656,42.4841,44.8242,2541,0,120,6,12.3,35,staircase3,no_load,0.0
15.099709,0.648011,shoulder_lift,37.5,39.5656,42.4841,44.8242,2541,0,120,8,12.3,36,staircase3,no_load,0.0
15.110661,0.658963,shoulder_lift,37.5,39.5656,42.4841,44.8242,2541,0,120,6,12.3,35,staircase3,no_load,0.0
15.121893,0.670195,shoulder_lift,37.5,39.5656,42.4841,44.8242,2541,0,120,7,12.3,36,staircase3,no_load,0.0
15.132913,0.681215,shoulder_lift,37.5,39.5656,42.4841,44.8242,2541,0,120,6,12.3,35,staircase3,no_load,0.0
15.144072,0.692374,shoulder_lift,37.5,39.5656,42.4841,44.8242,2541,0,120,7,12.3,35,staircase3,no_load,0.0
15.154971,0.703273,shoulder_lift,37.5,39.5656,42.4841,44.8242,2541,0,120,7,12.3,35,staircase3,no_load,0.0
15.165303,0.713605,shoulder_lift,37.5,39.5656,42.4841,44.8242,2541,0,120,7,12.2,36,staircase3,no_load,0.0
15.176338,0.72464,shoulder_lift,37.5,39.5656,42.4841,44.8242,2541,0,120,6,12.3,35,staircase3,no_load,0.0
15.187356,0.735658,shoulder_lift,37.5,39.5656,42.4841,44.8242,2541,0,120,6,12.3,36,staircase3,no_load,0.0
15.198141,0.746443,shoulder_lift,37.5,39.5656,42.4841,44.8242,2541,0,120,5,12.3,36,staircase3,no_load,0.0
15.209289,0.757591,shoulder_lift,37.5,39.5656,42.4841,44.8242,2541,0,120,7,12.3,35,staircase3,no_load,0.0
15.220331,0.768633,shoulder_lift,37.5,39.5656,42.4841,44.8242,2541,0,120,7,12.2,36,staircase3,no_load,0.0
15.231295,0.779597,shoulder_lift,37.5,39.5656,42.4841,44.8242,2541,0,120,6,12.3,36,staircase3,no_load,0.0
15.242331,0.790633,shoulder_lift,37.5,39.5656,42.4841,44.8242,2541,0,120,6,12.3,36,staircase3,no_load,0.0
15.253289,0.80159,shoulder_lift,37.5,39.5656,42.4841,44.8242,2541,0,120,6,12.3,36,staircase3,no_load,0.0
15.264279,0.812581,shoulder_lift,37.5,39.5656,42.4841,44.8242,2541,0,120,6,12.2,36,staircase3,no_load,0.0
15.275063,0.823365,shoulder_lift,37.5,39.5656,42.4841,44.8242,2541,0,120,7,12.3,36,staircase3,no_load,0.0
15.286156,0.834458,shoulder_lift,37.5,39.5656,42.4841,44.8242,2541,0,120,6,12.3,36,staircase3,no_load,0.0
15.297367,0.845669,shoulder_lift,37.5,39.5656,42.4841,44.8242,2541,0,120,6,12.3,35,staircase3,no_load,0.0
15.308163,0.856465,shoulder_lift,37.5,39.5656,42.4841,44.8242,2541,0,120,6,12.3,36,staircase3,no_load,0.0
15.319062,0.867364,shoulder_lift,37.5,39.5656,42.4841,44.8242,2541,0,120,7,12.3,36,staircase3,no_load,0.0
15.329501,0.877803,shoulder_lift,37.5,39.5656,42.4841,44.8242,2541,0,120,6,12.4,36,staircase3,no_load,0.0
15.339919,0.888221,shoulder_lift,37.5,39.5656,42.4841,44.8242,2541,0,120,6,12.3,36,staircase3,no_load,0.0
15.350317,0.898618,shoulder_lift,37.5,39.5656,42.4841,44.8242,2541,0,120,6,12.3,35,staircase3,no_load,0.0
15.36084,0.909142,shoulder_lift,37.5,39.5656,42.4841,44.8242,2541,0,120,7,12.3,36,staircase3,no_load,0.0
15.371555,0.919857,shoulder_lift,37.5,39.5656,42.4841,44.8242,2541,0,120,7,12.4,35,staircase3,no_load,0.0
15.382553,0.930854,shoulder_lift,37.5,39.5656,42.4841,44.8242,2541,0,120,6,12.3,36,staircase3,no_load,0.0
15.393664,0.941965,shoulder_lift,37.5,39.5656,42.4841,44.8242,2541,0,120,6,12.3,35,staircase3,no_load,0.0
15.404621,0.952923,shoulder_lift,37.5,39.5656,42.4841,44.8242,2541,0,120,7,12.3,36,staircase3,no_load,0.0
15.41565,0.963952,shoulder_lift,37.5,39.5656,42.4841,44.8242,2541,0,120,6,12.3,36,staircase3,no_load,0.0
15.426186,0.974488,shoulder_lift,37.5,39.5656,42.4841,44.8242,2541,0,120,6,12.3,36,staircase3,no_load,0.0
15.436494,0.984796,shoulder_lift,37.5,39.5656,42.4841,44.8242,2541,0,120,6,12.3,36,staircase3,no_load,0.0
15.44731,0.995612,shoulder_lift,37.5,39.5656,42.4841,44.8242,2541,0,120,6,12.3,36,staircase3,no_load,0.0
15.457541,1.005843,shoulder_lift,37.5,39.5656,42.4841,44.8242,2541,0,120,7,12.3,36,staircase3,no_load,0.0
15.46849,1.016792,shoulder_lift,37.5,39.5656,42.4841,44.8242,2541,0,120,6,12.3,36,staircase3,no_load,0.0
15.479583,1.027885,shoulder_lift,37.5,39.5656,42.4841,44.8242,2541,0,120,6,12.3,35,staircase3,no_load,0.0
15.490627,1.038929,shoulder_lift,37.5,39.5656,42.4841,44.8242,2541,0,120,6,12.3,35,staircase3,no_load,0.0
15.501325,1.049627,shoulder_lift,37.5,39.5656,42.4841,44.8242,2541,0,120,6,12.3,36,staircase3,no_load,0.0
15.512278,1.06058,shoulder_lift,37.5,39.5656,42.4841,44.8242,2541,0,120,6,12.3,35,staircase3,no_load,0.0
15.523163,1.071465,shoulder_lift,37.5,39.5656,42.4841,44.8242,2541,0,120,7,12.3,36,staircase3,no_load,0.0
15.5339,1.082202,shoulder_lift,37.5,39.5656,42.4841,44.8242,2541,0,120,6,12.3,36,staircase3,no_load,0.0
15.544846,1.093148,shoulder_lift,37.5,39.5656,42.4841,44.8242,2541,0,120,6,12.3,35,staircase3,no_load,0.0
15.555594,1.103896,shoulder_lift,37.5,39.5656,42.4841,44.8242,2541,0,120,6,12.4,36,staircase3,no_load,0.0
15.566307,1.114609,shoulder_lift,37.5,39.5656,42.4841,44.8242,2541,0,120,7,12.3,36,staircase3,no_load,0.0
15.577364,1.125666,shoulder_lift,37.5,39.5656,42.4841,44.8242,2541,0,120,6,12.3,36,staircase3,no_load,0.0
15.588347,1.136649,shoulder_lift,37.5,39.5656,42.4841,44.8242,2541,0,120,6,12.3,36,staircase3,no_load,0.0
15.599263,1.147565,shoulder_lift,37.5,39.5656,42.4841,44.8242,2541,0,120,6,12.3,35,staircase3,no_load,0.0
15.610322,1.158624,shoulder_lift,37.5,39.5656,42.4841,44.8242,2541,0,120,6,12.3,36,staircase3,no_load,0.0
15.622196,1.170498,shoulder_lift,37.5,39.5656,42.4841,44.8242,2541,0,120,7,12.3,36,staircase3,no_load,0.0
15.6324,1.180702,shoulder_lift,37.5,39.5656,42.4841,44.8242,2541,0,120,6,12.3,36,staircase3,no_load,0.0
15.642873,1.191175,shoulder_lift,37.5,39.5656,42.4841,44.8242,2541,0,120,6,12.3,36,staircase3,no_load,0.0
15.653536,1.201838,shoulder_lift,37.5,39.5656,42.4841,44.8242,2541,0,120,7,12.3,35,staircase3,no_load,0.0
15.664283,1.212585,shoulder_lift,37.5,39.5656,42.4841,44.8242,2541,0,120,6,12.3,35,staircase3,no_load,0.0
15.674617,1.222919,shoulder_lift,37.5,39.5656,42.4841,44.8242,2541,0,120,6,12.3,36,staircase3,no_load,0.0
15.684931,1.233233,shoulder_lift,37.5,39.5656,42.4841,44.8242,2541,0,120,6,12.3,35,staircase3,no_load,0.0
15.695329,1.243631,shoulder_lift,37.5,39.5656,42.4841,44.8242,2541,0,120,6,12.3,36,staircase3,no_load,0.0
15.706387,1.254689,shoulder_lift,37.5,39.5656,42.4841,44.8242,2541,0,120,7,12.3,35,staircase3,no_load,0.0
15.717505,1.265807,shoulder_lift,37.5,39.5656,42.4841,44.8242,2541,0,120,6,12.3,35,staircase3,no_load,0.0
15.728131,1.276433,shoulder_lift,37.5,39.5656,42.4841,44.8242,2541,0,120,6,12.3,36,staircase3,no_load,0.0
15.73885,1.287152,shoulder_lift,37.5,39.5656,42.4841,44.8242,2541,0,120,6,12.3,35,staircase3,no_load,0.0
15.7493,1.297602,shoulder_lift,37.5,39.5656,42.4841,44.8242,2541,0,120,8,12.3,36,staircase3,no_load,0.0
15.759777,1.308079,shoulder_lift,37.5,39.5656,42.4841,44.8242,2541,0,120,6,12.3,36,staircase3,no_load,0.0
15.770168,1.31847,shoulder_lift,37.5,39.5656,42.4841,44.8242,2541,0,120,6,12.3,36,staircase3,no_load,0.0
15.780541,1.328843,shoulder_lift,37.5,39.5656,42.4841,44.8242,2541,0,120,6,12.3,35,staircase3,no_load,0.0
15.791099,1.339401,shoulder_lift,37.5,39.5656,42.4841,44.8242,2541,0,120,6,12.3,35,staircase3,no_load,0.0
15.801353,1.349655,shoulder_lift,37.5,39.5656,42.4841,44.8242,2541,0,120,6,12.3,35,staircase3,no_load,0.0
15.811805,1.360106,shoulder_lift,37.5,39.5656,42.4841,44.8242,2541,0,120,8,12.3,35,staircase3,no_load,0.0
15.822037,1.370339,shoulder_lift,37.5,39.5656,42.4841,44.8242,2541,0,120,6,12.3,35,staircase3,no_load,0.0
15.833187,1.381489,shoulder_lift,37.5,39.5656,42.4841,44.8242,2541,0,120,7,12.3,36,staircase3,no_load,0.0
15.843756,1.392058,shoulder_lift,37.5,39.5656,42.4841,44.8242,2541,0,120,6,12.3,35,staircase3,no_load,0.0
15.854779,1.403081,shoulder_lift,37.5,39.5656,42.4841,44.8242,2541,0,120,7,12.3,36,staircase3,no_load,0.0
15.865977,1.414279,shoulder_lift,37.5,39.5656,42.4841,44.8242,2541,0,120,6,12.3,36,staircase3,no_load,0.0
15.876692,1.424994,shoulder_lift,37.5,39.5656,42.4841,44.8242,2541,0,120,7,12.3,36,staircase3,no_load,0.0
15.887806,1.436108,shoulder_lift,37.5,39.5656,42.4841,44.8242,2541,0,120,6,12.3,36,staircase3,no_load,0.0
15.898699,1.447001,shoulder_lift,37.5,39.5656,42.4841,44.8242,2541,0,120,7,12.3,35,staircase3,no_load,0.0
15.909367,1.457669,shoulder_lift,37.5,39.5656,42.4841,44.8242,2541,0,120,6,12.4,36,staircase3,no_load,0.0
15.920051,1.468353,shoulder_lift,37.5,39.5656,42.4841,44.8242,2541,0,120,6,12.3,36,staircase3,no_load,0.0
15.931118,1.47942,shoulder_lift,37.5,39.5656,42.4841,44.8242,2541,0,120,6,12.3,36,staircase3,no_load,0.0
15.941855,1.490157,shoulder_lift,37.5,39.5656,42.4841,44.8242,2541,0,120,7,12.3,36,staircase3,no_load,0.0
15.952527,1.500829,shoulder_lift,37.5,39.5656,42.4841,44.8242,2541,0,120,6,12.3,36,staircase3,no_load,0.0
15.963424,1.511726,shoulder_lift,37.5,39.5656,42.4841,44.8242,2541,0,120,6,12.3,36,staircase3,no_load,0.0
15.974321,1.522623,shoulder_lift,37.5,39.5656,42.4841,44.8242,2541,0,120,6,12.3,35,staircase3,no_load,0.0
15.985044,1.533346,shoulder_lift,37.5,39.5656,42.4841,44.8242,2541,0,120,6,12.4,36,staircase3,no_load,0.0
15.996081,1.544383,shoulder_lift,37.5,39.5656,42.4841,44.8242,2541,0,120,6,12.3,36,staircase3,no_load,0.0
16.006995,1.555297,shoulder_lift,37.5,39.5656,42.4841,44.8242,2541,0,120,6,12.3,36,staircase3,no_load,0.0
16.018145,1.566447,shoulder_lift,37.5,39.5656,42.4841,44.8242,2541,0,120,6,12.3,36,staircase3,no_load,0.0
16.029288,1.57759,shoulder_lift,37.5,39.5656,42.4841,44.8242,2541,0,120,6,12.3,35,staircase3,no_load,0.0
16.040351,1.588652,shoulder_lift,37.5,39.5656,42.4841,44.8242,2541,0,120,7,12.3,35,staircase3,no_load,0.0
16.051186,1.599487,shoulder_lift,37.5,39.5656,42.4841,44.8242,2541,0,120,7,12.3,35,staircase3,no_load,0.0
16.063413,4e-06,shoulder_lift,25.0,39.5656,28.3228,44.8242,2541,0,124,6,12.3,35,staircase3,no_load,0.0
16.073839,0.010431,shoulder_lift,25.0,39.5656,28.3228,44.8242,2541,0,136,10,12.3,36,staircase3,no_load,0.0
16.08399,0.020581,shoulder_lift,25.0,39.5656,28.3228,44.8242,2541,0,152,12,12.3,36,staircase3,no_load,0.0
16.094708,0.031299,shoulder_lift,25.0,39.5656,28.3228,44.8242,2541,0,216,17,12.2,36,staircase3,no_load,0.0
16.105415,0.042007,shoulder_lift,25.0,39.4104,28.3228,44.6484,2539,-100,256,24,12.3,36,staircase3,no_load,-16.419
16.116351,0.052943,shoulder_lift,25.0,39.1777,28.3228,44.3848,2536,-100,328,28,12.2,35,staircase3,no_load,-24.104
16.127443,0.064035,shoulder_lift,25.0,38.8673,28.3228,44.0332,2532,-300,400,44,12.2,36,staircase3,no_load,-31.699
16.138214,0.074805,shoulder_lift,25.0,38.4019,28.3228,43.5059,2526,-300,456,52,12.2,35,staircase3,no_load,-48.956
16.148653,0.085245,shoulder_lift,25.0,37.7036,28.3228,42.7148,2517,-650,500,51,12.2,36,staircase3,no_load,-75.783
16.159304,0.095896,shoulder_lift,25.0,36.9279,28.3228,41.8359,2507,-650,532,51,12.2,36,staircase3,no_load,-82.518
16.169814,0.106406,shoulder_lift,25.0,35.9969,28.3228,40.7812,2495,-1000,496,30,12.3,36,staircase3,no_load,-100.352
16.180842,0.117434,shoulder_lift,25.0,34.9884,28.3228,39.6387,2482,-1000,488,29,12.2,35,staircase3,no_load,-103.6
16.191961,0.128552,shoulder_lift,25.0,33.7471,28.3228,38.2324,2466,-1250,412,12,12.3,36,staircase3,no_load,-126.477
16.202663,0.139254,shoulder_lift,25.0,32.8161,28.3228,37.1777,2454,-1250,384,9,12.2,35,staircase3,no_load,-98.552
16.213536,0.150127,shoulder_lift,25.0,31.73,28.3228,35.9473,2440,-1250,296,2,12.3,36,staircase3,no_load,-113.161
16.224392,0.160984,shoulder_lift,25.0,30.7991,28.3228,34.8926,2428,-1100,252,1,12.3,36,staircase3,no_load,-97.154
16.235552,0.172144,shoulder_lift,25.0,30.1009,28.3228,34.1016,2419,-1100,184,0,12.4,36,staircase3,no_load,-70.878
16.246202,0.182794,shoulder_lift,25.0,29.4802,28.3228,33.3984,2411,-800,156,3,12.3,35,staircase3,no_load,-66.028
16.25734,0.193932,shoulder_lift,25.0,29.0923,28.3228,32.959,2406,-800,164,3,12.3,35,staircase3,no_load,-39.451
16.268043,0.204634,shoulder_lift,25.0,28.7044,28.3228,32.5195,2401,-500,168,5,12.3,35,staircase3,no_load,-41.063
16.279132,0.215724,shoulder_lift,25.0,28.4717,28.3228,32.2559,2398,-500,156,5,12.3,36,staircase3,no_load,-23.771
16.289806,0.226398,shoulder_lift,25.0,28.2389,28.3228,31.9922,2395,-250,160,6,12.3,36,staircase3,no_load,-24.705
16.300993,0.237585,shoulder_lift,25.0,28.0838,28.3228,31.8164,2393,-250,148,6,12.3,35,staircase3,no_load,-15.715
16.311677,0.248268,shoulder_lift,25.0,27.9286,28.3228,31.6406,2391,-250,148,7,12.3,35,staircase3,no_load,-16.455
16.322463,0.259054,shoulder_lift,25.0,27.851,28.3228,31.5527,2390,-250,140,7,12.3,35,staircase3,no_load,-8.149
16.333264,0.269856,shoulder_lift,25.0,27.7735,28.3228,31.4648,2389,-150,140,6,12.3,36,staircase3,no_load,-8.138
16.344385,0.280977,shoulder_lift,25.0,27.6183,28.3228,31.2891,2387,-100,136,6,12.3,35,staircase3,no_load,-15.799
16.355131,0.291723,shoulder_lift,25.0,27.5407,28.3228,31.2012,2386,-100,136,6,12.3,36,staircase3,no_load,-8.18
16.366201,0.302792,shoulder_lift,25.0,27.4631,28.3228,31.1133,2385,-100,132,5,12.4,36,staircase3,no_load,-7.94
16.377197,0.313789,shoulder_lift,25.0,27.3856,28.3228,31.0254,2384,-100,120,5,12.3,35,staircase3,no_load,-7.994
16.387654,0.324245,shoulder_lift,25.0,27.308,28.3228,30.9375,2383,-100,120,5,12.4,35,staircase3,no_load,-8.406
16.398769,0.335361,shoulder_lift,25.0,27.2304,28.3228,30.8496,2382,-100,116,5,12.3,36,staircase3,no_load,-7.908
16.409923,0.346515,shoulder_lift,25.0,27.1528,28.3228,30.7617,2381,-100,120,7,12.3,36,staircase3,no_load,-7.881
16.420472,0.357064,shoulder_lift,25.0,27.0753,28.3228,30.6738,2380,-100,116,5,12.4,36,staircase3,no_load,-8.333
16.430839,0.367431,shoulder_lift,25.0,27.0753,28.3228,30.6738,2380,-50,116,6,12.3,36,staircase3,no_load,0.0
16.441303,0.377895,shoulder_lift,25.0,26.9977,28.3228,30.5859,2379,-50,112,6,12.3,36,staircase3,no_load,-8.4
16.452328,0.38892,shoulder_lift,25.0,26.9977,28.3228,30.5859,2379,-50,112,5,12.4,35,staircase3,no_load,0.0
16.463141,0.399733,shoulder_lift,25.0,26.9977,28.3228,30.5859,2379,-50,112,5,12.3,36,staircase3,no_load,0.0
16.473395,0.409987,shoulder_lift,25.0,26.9977,28.3228,30.5859,2379,0,116,6,12.3,35,staircase3,no_load,0.0
16.484297,0.420888,shoulder_lift,25.0,26.9977,28.3228,30.5859,2379,0,116,6,12.3,36,staircase3,no_load,0.0
16.495412,0.432004,shoulder_lift,25.0,26.9977,28.3228,30.5859,2379,0,116,7,12.3,35,staircase3,no_load,0.0
16.506193,0.442785,shoulder_lift,25.0,26.9977,28.3228,30.5859,2379,0,116,6,12.3,35,staircase3,no_load,0.0
16.517251,0.453843,shoulder_lift,25.0,26.9977,28.3228,30.5859,2379,0,116,6,12.3,36,staircase3,no_load,0.0
16.528076,0.464668,shoulder_lift,25.0,26.9977,28.3228,30.5859,2379,0,116,6,12.3,35,staircase3,no_load,0.0
16.538896,0.475488,shoulder_lift,25.0,26.9977,28.3228,30.5859,2379,0,116,6,12.3,36,staircase3,no_load,0.0
16.549734,0.486326,shoulder_lift,25.0,26.9977,28.3228,30.5859,2379,0,116,6,12.3,35,staircase3,no_load,0.0
16.560839,0.49743,shoulder_lift,25.0,26.9977,28.3228,30.5859,2379,0,116,6,12.3,36,staircase3,no_load,0.0
16.571833,0.508424,shoulder_lift,25.0,26.9977,28.3228,30.5859,2379,0,116,6,12.3,35,staircase3,no_load,0.0
16.582565,0.519157,shoulder_lift,25.0,26.9977,28.3228,30.5859,2379,0,116,5,12.3,36,staircase3,no_load,0.0
16.593381,0.529973,shoulder_lift,25.0,26.9977,28.3228,30.5859,2379,0,116,6,12.3,35,staircase3,no_load,0.0
16.604497,0.541089,shoulder_lift,25.0,26.9977,28.3228,30.5859,2379,0,116,7,12.3,35,staircase3,no_load,0.0
16.615546,0.552137,shoulder_lift,25.0,26.9977,28.3228,30.5859,2379,0,116,6,12.3,35,staircase3,no_load,0.0
16.626164,0.562756,shoulder_lift,25.0,26.9977,28.3228,30.5859,2379,0,116,6,12.3,35,staircase3,no_load,0.0
16.636855,0.573446,shoulder_lift,25.0,26.9977,28.3228,30.5859,2379,0,116,7,12.3,35,staircase3,no_load,0.0
16.647857,0.584449,shoulder_lift,25.0,26.9977,28.3228,30.5859,2379,0,116,6,12.3,36,staircase3,no_load,0.0
16.658012,0.594604,shoulder_lift,25.0,26.9977,28.3228,30.5859,2379,0,116,6,12.3,36,staircase3,no_load,0.0
16.669043,0.605635,shoulder_lift,25.0,26.9977,28.3228,30.5859,2379,0,116,8,12.3,35,staircase3,no_load,0.0
16.67995,0.616542,shoulder_lift,25.0,26.9977,28.3228,30.5859,2379,0,116,6,12.3,35,staircase3,no_load,0.0
16.690697,0.627288,shoulder_lift,25.0,26.9977,28.3228,30.5859,2379,0,116,7,12.3,36,staircase3,no_load,0.0
16.701684,0.638275,shoulder_lift,25.0,26.9977,28.3228,30.5859,2379,0,116,6,12.3,36,staircase3,no_load,0.0
16.712668,0.64926,shoulder_lift,25.0,26.9977,28.3228,30.5859,2379,0,116,6,12.3,36,staircase3,no_load,0.0
16.722962,0.659553,shoulder_lift,25.0,26.9977,28.3228,30.5859,2379,0,116,6,12.3,36,staircase3,no_load,0.0
16.733589,0.67018,shoulder_lift,25.0,26.9977,28.3228,30.5859,2379,0,116,7,12.3,35,staircase3,no_load,0.0
16.744212,0.680804,shoulder_lift,25.0,26.9977,28.3228,30.5859,2379,0,116,7,12.3,36,staircase3,no_load,0.0
16.754781,0.691373,shoulder_lift,25.0,26.9977,28.3228,30.5859,2379,0,116,6,12.3,36,staircase3,no_load,0.0
16.765229,0.70182,shoulder_lift,25.0,26.9977,28.3228,30.5859,2379,0,116,6,12.3,35,staircase3,no_load,0.0
16.775543,0.712135,shoulder_lift,25.0,26.9977,28.3228,30.5859,2379,0,116,7,12.3,35,staircase3,no_load,0.0
16.786007,0.722599,shoulder_lift,25.0,26.9977,28.3228,30.5859,2379,0,116,6,12.3,35,staircase3,no_load,0.0
16.796343,0.732934,shoulder_lift,25.0,26.9977,28.3228,30.5859,2379,0,116,6,12.3,35,staircase3,no_load,0.0
16.807277,0.743869,shoulder_lift,25.0,26.9977,28.3228,30.5859,2379,0,116,8,12.3,35,staircase3,no_load,0.0
16.818206,0.754798,shoulder_lift,25.0,26.9977,28.3228,30.5859,2379,0,116,6,12.3,36,staircase3,no_load,0.0
16.829169,0.765761,shoulder_lift,25.0,26.9977,28.3228,30.5859,2379,0,116,6,12.3,36,staircase3,no_load,0.0
16.840136,0.776728,shoulder_lift,25.0,26.9977,28.3228,30.5859,2379,0,116,6,12.3,35,staircase3,no_load,0.0
16.851044,0.787635,shoulder_lift,25.0,26.9977,28.3228,30.5859,2379,0,116,6,12.3,35,staircase3,no_load,0.0
16.862128,0.79872,shoulder_lift,25.0,26.9977,28.3228,30.5859,2379,0,116,6,12.3,36,staircase3,no_load,0.0
16.873119,0.809711,shoulder_lift,25.0,26.9977,28.3228,30.5859,2379,0,116,6,12.3,35,staircase3,no_load,0.0
16.883785,0.820377,shoulder_lift,25.0,26.9977,28.3228,30.5859,2379,0,116,7,12.3,36,staircase3,no_load,0.0
16.894528,0.83112,shoulder_lift,25.0,26.9977,28.3228,30.5859,2379,0,116,7,12.3,36,staircase3,no_load,0.0
16.905192,0.841784,shoulder_lift,25.0,26.9977,28.3228,30.5859,2379,0,116,6,12.3,36,staircase3,no_load,0.0
16.916371,0.852962,shoulder_lift,25.0,26.9977,28.3228,30.5859,2379,0,116,6,12.3,36,staircase3,no_load,0.0
16.927185,0.863777,shoulder_lift,25.0,26.9977,28.3228,30.5859,2379,0,116,6,12.4,36,staircase3,no_load,0.0
16.938429,0.875021,shoulder_lift,25.0,26.9977,28.3228,30.5859,2379,0,116,7,12.3,36,staircase3,no_load,0.0
16.949487,0.886079,shoulder_lift,25.0,26.9977,28.3228,30.5859,2379,0,116,6,12.3,36,staircase3,no_load,0.0
16.960187,0.896779,shoulder_lift,25.0,26.9977,28.3228,30.5859,2379,0,116,6,12.2,36,staircase3,no_load,0.0
16.971111,0.907703,shoulder_lift,25.0,26.9977,28.3228,30.5859,2379,0,116,8,12.3,36,staircase3,no_load,0.0
16.982134,0.918725,shoulder_lift,25.0,26.9977,28.3228,30.5859,2379,0,116,7,12.3,36,staircase3,no_load,0.0
16.992789,0.929381,shoulder_lift,25.0,26.9977,28.3228,30.5859,2379,0,116,6,12.3,35,staircase3,no_load,0.0
17.003958,0.940549,shoulder_lift,25.0,26.9977,28.3228,30.5859,2379,0,116,6,12.3,35,staircase3,no_load,0.0
17.014654,0.951245,shoulder_lift,25.0,26.9977,28.3228,30.5859,2379,0,116,5,12.3,36,staircase3,no_load,0.0
17.025456,0.962048,shoulder_lift,25.0,26.9977,28.3228,30.5859,2379,0,116,6,12.3,35,staircase3,no_load,0.0
17.036268,0.972859,shoulder_lift,25.0,26.9977,28.3228,30.5859,2379,0,116,6,12.3,36,staircase3,no_load,0.0
17.04731,0.983902,shoulder_lift,25.0,26.9977,28.3228,30.5859,2379,0,116,6,12.3,36,staircase3,no_load,0.0
17.058107,0.994699,shoulder_lift,25.0,26.9977,28.3228,30.5859,2379,0,116,6,12.3,35,staircase3,no_load,0.0
17.068895,1.005487,shoulder_lift,25.0,26.9977,28.3228,30.5859,2379,0,116,6,12.3,35,staircase3,no_load,0.0
17.079166,1.015758,shoulder_lift,25.0,26.9977,28.3228,30.5859,2379,0,116,6,12.3,36,staircase3,no_load,0.0
17.090043,1.026634,shoulder_lift,25.0,26.9977,28.3228,30.5859,2379,0,116,6,12.3,36,staircase3,no_load,0.0
17.100693,1.037284,shoulder_lift,25.0,26.9977,28.3228,30.5859,2379,0,116,6,12.4,36,staircase3,no_load,0.0
17.111819,1.04841,shoulder_lift,25.0,26.9977,28.3228,30.5859,2379,0,116,6,12.2,37,staircase3,no_load,0.0
17.122177,1.058769,shoulder_lift,25.0,26.9977,28.3228,30.5859,2379,0,116,6,12.3,36,staircase3,no_load,0.0
17.133343,1.069935,shoulder_lift,25.0,26.9977,28.3228,30.5859,2379,0,116,6,12.3,36,staircase3,no_load,0.0
17.144013,1.080605,shoulder_lift,25.0,26.9977,28.3228,30.5859,2379,0,116,6,12.3,36,staircase3,no_load,0.0
17.155076,1.091668,shoulder_lift,25.0,26.9977,28.3228,30.5859,2379,0,116,7,12.3,35,staircase3,no_load,0.0
17.166161,1.102753,shoulder_lift,25.0,26.9977,28.3228,30.5859,2379,0,116,6,12.3,36,staircase3,no_load,0.0
17.177042,1.113633,shoulder_lift,25.0,26.9977,28.3228,30.5859,2379,0,116,6,12.3,36,staircase3,no_load,0.0
17.187825,1.124417,shoulder_lift,25.0,26.9977,28.3228,30.5859,2379,0,116,6,12.3,35,staircase3,no_load,0.0
17.198557,1.135149,shoulder_lift,25.0,26.9977,28.3228,30.5859,2379,0,116,6,12.3,35,staircase3,no_load,0.0
17.209553,1.146144,shoulder_lift,25.0,26.9977,28.3228,30.5859,2379,0,116,7,12.3,35,staircase3,no_load,0.0
17.220596,1.157188,shoulder_lift,25.0,26.9977,28.3228,30.5859,2379,0,116,6,12.3,36,staircase3,no_load,0.0
17.231658,1.16825,shoulder_lift,25.0,26.9977,28.3228,30.5859,2379,0,116,6,12.3,36,staircase3,no_load,0.0
17.242621,1.179212,shoulder_lift,25.0,26.9977,28.3228,30.5859,2379,0,116,5,12.3,35,staircase3,no_load,0.0
17.253452,1.190044,shoulder_lift,25.0,26.9977,28.3228,30.5859,2379,0,116,6,12.3,35,staircase3,no_load,0.0
17.264501,1.201093,shoulder_lift,25.0,26.9977,28.3228,30.5859,2379,0,116,6,12.3,35,staircase3,no_load,0.0
17.274996,1.211587,shoulder_lift,25.0,26.9977,28.3228,30.5859,2379,0,116,6,12.3,35,staircase3,no_load,0.0
17.286105,1.222697,shoulder_lift,25.0,26.9977,28.3228,30.5859,2379,0,116,7,12.3,35,staircase3,no_load,0.0
17.297198,1.23379,shoulder_lift,25.0,26.9977,28.3228,30.5859,2379,0,116,6,12.3,36,staircase3,no_load,0.0
17.308094,1.244685,shoulder_lift,25.0,26.9977,28.3228,30.5859,2379,0,116,6,12.3,36,staircase3,no_load,0.0
17.318623,1.255215,shoulder_lift,25.0,26.9977,28.3228,30.5859,2379,0,116,6,12.3,35,staircase3,no_load,0.0
17.32964,1.266231,shoulder_lift,25.0,26.9977,28.3228,30.5859,2379,0,116,6,12.4,37,staircase3,no_load,0.0
17.340714,1.277305,shoulder_lift,25.0,26.9977,28.3228,30.5859,2379,0,116,6,12.3,36,staircase3,no_load,0.0
17.351357,1.287948,shoulder_lift,25.0,26.9977,28.3228,30.5859,2379,0,116,6,12.4,36,staircase3,no_load,0.0
17.36204,1.298631,shoulder_lift,25.0,26.9977,28.3228,30.5859,2379,0,116,6,12.3,36,staircase3,no_load,0.0
17.372702,1.309294,shoulder_lift,25.0,26.9977,28.3228,30.5859,2379,0,116,6,12.3,35,staircase3,no_load,0.0
17.383665,1.320256,shoulder_lift,25.0,26.9977,28.3228,30.5859,2379,0,116,7,12.3,35,staircase3,no_load,0.0
17.394783,1.331375,shoulder_lift,25.0,26.9977,28.3228,30.5859,2379,0,116,7,12.3,35,staircase3,no_load,0.0
17.405929,1.34252,shoulder_lift,25.0,26.9977,28.3228,30.5859,2379,0,116,6,12.3,35,staircase3,no_load,0.0
17.416785,1.353377,shoulder_lift,25.0,26.9977,28.3228,30.5859,2379,0,116,6,12.3,36,staircase3,no_load,0.0
17.42729,1.363882,shoulder_lift,25.0,26.9977,28.3228,30.5859,2379,0,116,7,12.3,36,staircase3,no_load,0.0
17.43766,1.374252,shoulder_lift,25.0,26.9977,28.3228,30.5859,2379,0,116,6,12.3,36,staircase3,no_load,0.0
17.44805,1.384642,shoulder_lift,25.0,26.9977,28.3228,30.5859,2379,0,116,6,12.3,35,staircase3,no_load,0.0
17.458273,1.394865,shoulder_lift,25.0,26.9977,28.3228,30.5859,2379,0,116,6,12.3,35,staircase3,no_load,0.0
17.469341,1.405933,shoulder_lift,25.0,26.9977,28.3228,30.5859,2379,0,116,7,12.3,36,staircase3,no_load,0.0
17.479776,1.416368,shoulder_lift,25.0,26.9977,28.3228,30.5859,2379,0,116,6,12.3,35,staircase3,no_load,0.0
17.490892,1.427483,shoulder_lift,25.0,26.9977,28.3228,30.5859,2379,0,116,7,12.3,36,staircase3,no_load,0.0
17.501577,1.438169,shoulder_lift,25.0,26.9977,28.3228,30.5859,2379,0,116,6,12.3,36,staircase3,no_load,0.0
17.51238,1.448971,shoulder_lift,25.0,26.9977,28.3228,30.5859,2379,0,116,6,12.3,35,staircase3,no_load,0.0
17.523295,1.459886,shoulder_lift,25.0,26.9977,28.3228,30.5859,2379,0,116,7,12.3,36,staircase3,no_load,0.0
17.534177,1.470768,shoulder_lift,25.0,26.9977,28.3228,30.5859,2379,0,116,6,12.3,36,staircase3,no_load,0.0
17.545067,1.481659,shoulder_lift,25.0,26.9977,28.3228,30.5859,2379,0,116,7,12.3,35,staircase3,no_load,0.0
17.555951,1.492543,shoulder_lift,25.0,26.9977,28.3228,30.5859,2379,0,116,6,12.3,35,staircase3,no_load,0.0
17.567112,1.503703,shoulder_lift,25.0,26.9977,28.3228,30.5859,2379,0,116,7,12.3,35,staircase3,no_load,0.0
17.577957,1.514548,shoulder_lift,25.0,26.9977,28.3228,30.5859,2379,0,116,6,12.3,35,staircase3,no_load,0.0
17.588828,1.52542,shoulder_lift,25.0,26.9977,28.3228,30.5859,2379,0,116,7,12.4,35,staircase3,no_load,0.0
17.59985,1.536441,shoulder_lift,25.0,26.9977,28.3228,30.5859,2379,0,116,6,12.3,35,staircase3,no_load,0.0
17.61089,1.547482,shoulder_lift,25.0,26.9977,28.3228,30.5859,2379,0,116,6,12.3,36,staircase3,no_load,0.0
17.621148,1.55774,shoulder_lift,25.0,26.9977,28.3228,30.5859,2379,0,116,6,12.3,36,staircase3,no_load,0.0
17.631898,1.568489,shoulder_lift,25.0,26.9977,28.3228,30.5859,2379,0,116,7,12.4,35,staircase3,no_load,0.0
17.642706,1.579298,shoulder_lift,25.0,26.9977,28.3228,30.5859,2379,0,116,7,12.3,35,staircase3,no_load,0.0
17.653705,1.590297,shoulder_lift,25.0,26.9977,28.3228,30.5859,2379,0,116,6,12.3,35,staircase3,no_load,0.0
17.665707,4e-06,shoulder_lift,12.5,26.9977,14.1614,30.5859,2379,0,124,9,12.3,36,staircase3,no_load,0.0
17.676691,0.010988,shoulder_lift,12.5,26.9977,14.1614,30.5859,2379,0,132,8,12.3,35,staircase3,no_load,0.0
17.687607,0.021904,shoulder_lift,12.5,26.9977,14.1614,30.5859,2379,0,176,19,12.4,36,staircase3,no_load,0.0
17.69875,0.033047,shoulder_lift,12.5,26.9977,14.1614,30.5859,2379,0,208,19,12.2,36,staircase3,no_load,0.0
17.70905,0.043347,shoulder_lift,12.5,26.9201,14.1614,30.498,2378,0,284,24,12.2,35,staircase3,no_load,-8.534
17.720124,0.054421,shoulder_lift,12.5,26.6874,14.1614,30.2344,2375,0,324,29,12.2,36,staircase3,no_load,-23.804
17.731232,0.065529,shoulder_lift,12.5,26.2995,14.1614,29.7949,2370,-250,408,40,12.2,35,staircase3,no_load,-39.566
17.741661,0.075958,shoulder_lift,12.5,25.834,14.1614,29.2676,2364,-550,452,60,12.1,35,staircase3,no_load,-50.561
17.751864,0.086161,shoulder_lift,12.5,25.2133,14.1614,28.5645,2356,-550,512,58,12.2,35,staircase3,no_load,-68.911
17.762297,0.096594,shoulder_lift,12.5,24.4375,14.1614,27.6855,2346,-900,540,54,12.2,36,staircase3,no_load,-84.252
17.772876,0.107173,shoulder_lift,12.5,23.429,14.1614,26.543,2333,-900,508,34,12.2,36,staircase3,no_load,-107.997
17.783892,0.118189,shoulder_lift,12.5,22.3429,14.1614,25.3125,2319,-1250,500,23,12.3,36,staircase3,no_load,-111.701
17.79434,0.128637,shoulder_lift,12.5,21.2568,14.1614,24.082,2305,-1250,420,14,12.3,36,staircase3,no_load,-117.774
17.804729,0.139026,shoulder_lift,12.5,20.2483,14.1614,22.9395,2292,-1300,396,5,12.3,36,staircase3,no_load,-109.972
17.815162,0.149459,shoulder_lift,12.5,19.3173,14.1614,21.8848,2280,-1300,304,2,12.3,36,staircase3,no_load,-101.093
17.828307,0.162603,shoulder_lift,12.5,18.1536,14.1614,20.5664,2265,-1150,220,0,12.3,36,staircase3,no_load,-100.297
17.839179,0.173476,shoulder_lift,12.5,17.3778,14.1614,19.6875,2255,-1150,184,0,12.3,36,staircase3,no_load,-80.841
17.85038,0.184677,shoulder_lift,12.5,16.8348,14.1614,19.0723,2248,-900,168,2,12.4,36,staircase3,no_load,-54.924
17.861363,0.19566,shoulder_lift,12.5,16.4469,14.1614,18.6328,2243,-550,148,2,12.3,36,staircase3,no_load,-40.016
17.872308,0.206605,shoulder_lift,12.5,16.059,14.1614,18.1934,2238,-550,152,4,12.4,35,staircase3,no_load,-40.146
17.883483,0.21778,shoulder_lift,12.5,15.9038,14.1614,18.0176,2236,-300,140,7,12.3,36,staircase3,no_load,-15.732
17.894447,0.228744,shoulder_lift,12.5,15.6711,14.1614,17.7539,2233,-300,156,6,12.3,35,staircase3,no_load,-24.051
17.905218,0.239515,shoulder_lift,12.5,15.5935,14.1614,17.666,2232,-200,152,8,12.3,35,staircase3,no_load,-8.161
17.916382,0.250679,shoulder_lift,12.5,15.4383,14.1614,17.4902,2230,-200,148,10,12.2,35,staircase3,no_load,-15.747
17.927432,0.261729,shoulder_lift,12.5,15.3607,14.1614,17.4023,2229,-150,148,7,12.3,35,staircase3,no_load,-7.955
17.938381,0.272678,shoulder_lift,12.5,15.2056,14.1614,17.2266,2227,-150,144,7,12.3,36,staircase3,no_load,-16.047
17.949302,0.283599,shoulder_lift,12.5,15.0504,14.1614,17.0508,2225,-150,132,5,12.4,36,staircase3,no_load,-16.097
17.960019,0.294316,shoulder_lift,12.5,14.9728,14.1614,16.9629,2224,-150,128,6,12.3,35,staircase3,no_load,-8.202
17.970683,0.30498,shoulder_lift,12.5,14.8953,14.1614,16.875,2223,-100,120,5,12.3,35,staircase3,no_load,-8.243
17.981731,0.316028,shoulder_lift,12.5,14.8177,14.1614,16.7871,2222,-100,120,5,12.4,35,staircase3,no_load,-7.956
17.99206,0.326356,shoulder_lift,12.5,14.7401,14.1614,16.6992,2221,-100,120,6,12.3,36,staircase3,no_load,-8.51
18.002279,0.336575,shoulder_lift,12.5,14.7401,14.1614,16.6992,2221,-50,120,6,12.3,35,staircase3,no_load,0.0
18.013021,0.347318,shoulder_lift,12.5,14.6625,14.1614,16.6113,2220,-50,120,6,12.3,35,staircase3,no_load,-8.183
18.024101,0.358398,shoulder_lift,12.5,14.6625,14.1614,16.6113,2220,-50,124,7,12.3,36,staircase3,no_load,0.0
18.035123,0.36942,shoulder_lift,12.5,14.6625,14.1614,16.6113,2220,-50,124,7,12.3,35,staircase3,no_load,0.0
18.0462,0.380497,shoulder_lift,12.5,14.5849,14.1614,16.5234,2219,-50,116,6,12.3,36,staircase3,no_load,-7.935
18.057378,0.391675,shoulder_lift,12.5,14.5849,14.1614,16.5234,2219,-50,116,7,12.3,36,staircase3,no_load,0.0
18.068395,0.402692,shoulder_lift,12.5,14.5849,14.1614,16.5234,2219,0,120,7,12.3,36,staircase3,no_load,0.0
18.079459,0.413756,shoulder_lift,12.5,14.5849,14.1614,16.5234,2219,0,120,8,12.3,36,staircase3,no_load,0.0
18.090507,0.424804,shoulder_lift,12.5,14.5849,14.1614,16.5234,2219,0,120,7,12.3,36,staircase3,no_load,0.0
18.101515,0.435812,shoulder_lift,12.5,14.5849,14.1614,16.5234,2219,0,120,6,12.3,36,staircase3,no_load,0.0
18.112485,0.446782,shoulder_lift,12.5,14.5849,14.1614,16.5234,2219,0,120,7,12.3,36,staircase3,no_load,0.0
18.123575,0.457872,shoulder_lift,12.5,14.5849,14.1614,16.5234,2219,0,120,7,12.3,36,staircase3,no_load,0.0
18.134357,0.468654,shoulder_lift,12.5,14.5849,14.1614,16.5234,2219,0,120,5,12.3,35,staircase3,no_load,0.0
18.145495,0.479791,shoulder_lift,12.5,14.5849,14.1614,16.5234,2219,0,120,6,12.4,35,staircase3,no_load,0.0
18.156269,0.490565,shoulder_lift,12.5,14.5849,14.1614,16.5234,2219,0,120,8,12.3,35,staircase3,no_load,0.0
18.166411,0.500708,shoulder_lift,12.5,14.5849,14.1614,16.5234,2219,0,120,7,12.3,36,staircase3,no_load,0.0
18.177438,0.511735,shoulder_lift,12.5,14.5849,14.1614,16.5234,2219,0,120,8,12.3,36,staircase3,no_load,0.0
18.1884,0.522697,shoulder_lift,12.5,14.5849,14.1614,16.5234,2219,0,120,8,12.4,35,staircase3,no_load,0.0
18.199364,0.533661,shoulder_lift,12.5,14.5849,14.1614,16.5234,2219,0,120,6,12.3,36,staircase3,no_load,0.0
18.210287,0.544584,shoulder_lift,12.5,14.5849,14.1614,16.5234,2219,0,120,7,12.3,36,staircase3,no_load,0.0
18.221049,0.555346,shoulder_lift,12.5,14.5849,14.1614,16.5234,2219,0,120,7,12.3,35,staircase3,no_load,0.0
18.232288,0.566585,shoulder_lift,12.5,14.5849,14.1614,16.5234,2219,0,120,7,12.3,36,staircase3,no_load,0.0
18.243299,0.577596,shoulder_lift,12.5,14.5849,14.1614,16.5234,2219,0,120,6,12.3,35,staircase3,no_load,0.0
18.254287,0.588584,shoulder_lift,12.5,14.5849,14.1614,16.5234,2219,0,120,7,12.3,37,staircase3,no_load,0.0
18.265029,0.599326,shoulder_lift,12.5,14.5849,14.1614,16.5234,2219,0,120,6,12.3,36,staircase3,no_load,0.0
18.275947,0.610244,shoulder_lift,12.5,14.5849,14.1614,16.5234,2219,0,120,7,12.3,35,staircase3,no_load,0.0
18.28704,0.621337,shoulder_lift,12.5,14.5849,14.1614,16.5234,2219,0,120,7,12.4,35,staircase3,no_load,0.0
18.298225,0.632522,shoulder_lift,12.5,14.5849,14.1614,16.5234,2219,0,120,8,12.3,35,staircase3,no_load,0.0
18.309438,0.643735,shoulder_lift,12.5,14.5849,14.1614,16.5234,2219,0,120,6,12.3,36,staircase3,no_load,0.0
18.320577,0.654874,shoulder_lift,12.5,14.5849,14.1614,16.5234,2219,0,120,6,12.3,35,staircase3,no_load,0.0
18.331371,0.665668,shoulder_lift,12.5,14.5849,14.1614,16.5234,2219,0,120,6,12.3,35,staircase3,no_load,0.0
18.342435,0.676732,shoulder_lift,12.5,14.5849,14.1614,16.5234,2219,0,120,7,12.3,36,staircase3,no_load,0.0
18.353491,0.687788,shoulder_lift,12.5,14.5849,14.1614,16.5234,2219,0,120,6,12.3,36,staircase3,no_load,0.0
18.364532,0.698829,shoulder_lift,12.5,14.5849,14.1614,16.5234,2219,0,120,7,12.3,35,staircase3,no_load,0.0
18.37519,0.709486,shoulder_lift,12.5,14.5849,14.1614,16.5234,2219,0,120,7,12.3,36,staircase3,no_load,0.0
18.386255,0.720552,shoulder_lift,12.5,14.5849,14.1614,16.5234,2219,0,120,7,12.3,35,staircase3,no_load,0.0
18.397253,0.73155,shoulder_lift,12.5,14.5849,14.1614,16.5234,2219,0,120,7,12.3,35,staircase3,no_load,0.0
18.408401,0.742697,shoulder_lift,12.5,14.5849,14.1614,16.5234,2219,0,120,8,12.3,35,staircase3,no_load,0.0
18.419441,0.753737,shoulder_lift,12.5,14.5849,14.1614,16.5234,2219,0,120,7,12.3,35,staircase3,no_load,0.0
18.4299,0.764197,shoulder_lift,12.5,14.5849,14.1614,16.5234,2219,0,120,7,12.3,36,staircase3,no_load,0.0
18.44033,0.774627,shoulder_lift,12.5,14.5849,14.1614,16.5234,2219,0,120,6,12.3,35,staircase3,no_load,0.0
18.450654,0.784951,shoulder_lift,12.5,14.5849,14.1614,16.5234,2219,0,120,7,12.3,36,staircase3,no_load,0.0
18.461307,0.795603,shoulder_lift,12.5,14.5849,14.1614,16.5234,2219,0,120,5,12.3,35,staircase3,no_load,0.0
18.472381,0.806678,shoulder_lift,12.5,14.5849,14.1614,16.5234,2219,0,120,6,12.3,36,staircase3,no_load,0.0
18.48308,0.817377,shoulder_lift,12.5,14.5849,14.1614,16.5234,2219,0,120,7,12.3,36,staircase3,no_load,0.0
18.494056,0.828353,shoulder_lift,12.5,14.5849,14.1614,16.5234,2219,0,120,6,12.3,36,staircase3,no_load,0.0
18.504877,0.839173,shoulder_lift,12.5,14.5849,14.1614,16.5234,2219,0,120,6,12.3,35,staircase3,no_load,0.0
18.515791,0.850088,shoulder_lift,12.5,14.5849,14.1614,16.5234,2219,0,120,6,12.3,35,staircase3,no_load,0.0
18.526687,0.860984,shoulder_lift,12.5,14.5849,14.1614,16.5234,2219,0,120,7,12.3,35,staircase3,no_load,0.0
18.537843,0.87214,shoulder_lift,12.5,14.5849,14.1614,16.5234,2219,0,120,6,12.3,36,staircase3,no_load,0.0
18.548787,0.883084,shoulder_lift,12.5,14.5849,14.1614,16.5234,2219,0,120,6,12.3,36,staircase3,no_load,0.0
18.559638,0.893935,shoulder_lift,12.5,14.5849,14.1614,16.5234,2219,0,120,7,12.3,36,staircase3,no_load,0.0
18.570796,0.905093,shoulder_lift,12.5,14.5849,14.1614,16.5234,2219,0,120,8,12.3,36,staircase3,no_load,0.0
18.581922,0.916219,shoulder_lift,12.5,14.5849,14.1614,16.5234,2219,0,120,6,12.3,36,staircase3,no_load,0.0
18.592197,0.926494,shoulder_lift,12.5,14.5849,14.1614,16.5234,2219,0,120,8,12.3,36,staircase3,no_load,0.0
18.602995,0.937292,shoulder_lift,12.5,14.5849,14.1614,16.5234,2219,0,120,7,12.3,36,staircase3,no_load,0.0
18.614013,0.94831,shoulder_lift,12.5,14.5849,14.1614,16.5234,2219,0,120,8,12.3,35,staircase3,no_load,0.0
18.624498,0.958794,shoulder_lift,12.5,14.5849,14.1614,16.5234,2219,0,120,7,12.3,36,staircase3,no_load,0.0
18.635247,0.969544,shoulder_lift,12.5,14.5849,14.1614,16.5234,2219,0,120,6,12.3,36,staircase3,no_load,0.0
18.646307,0.980603,shoulder_lift,12.5,14.5849,14.1614,16.5234,2219,0,120,6,12.3,36,staircase3,no_load,0.0
18.657391,0.991688,shoulder_lift,12.5,14.5849,14.1614,16.5234,2219,0,120,6,12.4,35,staircase3,no_load,0.0
18.668278,1.002574,shoulder_lift,12.5,14.5849,14.1614,16.5234,2219,0,120,7,12.3,36,staircase3,no_load,0.0
18.679346,1.013643,shoulder_lift,12.5,14.5849,14.1614,16.5234,2219,0,120,9,12.4,35,staircase3,no_load,0.0
18.690295,1.024592,shoulder_lift,12.5,14.5849,14.1614,16.5234,2219,0,120,7,12.3,36,staircase3,no_load,0.0
18.701347,1.035644,shoulder_lift,12.5,14.5849,14.1614,16.5234,2219,0,120,8,12.3,37,staircase3,no_load,0.0
18.712317,1.046613,shoulder_lift,12.5,14.5849,14.1614,16.5234,2219,0,120,7,12.3,35,staircase3,no_load,0.0
18.722733,1.05703,shoulder_lift,12.5,14.5849,14.1614,16.5234,2219,0,120,7,12.3,36,staircase3,no_load,0.0
18.733109,1.067406,shoulder_lift,12.5,14.5849,14.1614,16.5234,2219,0,120,6,12.3,36,staircase3,no_load,0.0
18.74384,1.078137,shoulder_lift,12.5,14.5849,14.1614,16.5234,2219,0,120,7,12.3,36,staircase3,no_load,0.0
18.754418,1.088715,shoulder_lift,12.5,14.5849,14.1614,16.5234,2219,0,120,7,12.3,36,staircase3,no_load,0.0
18.76505,1.099347,shoulder_lift,12.5,14.5849,14.1614,16.5234,2219,0,120,7,12.3,35,staircase3,no_load,0.0
18.775956,1.110253,shoulder_lift,12.5,14.5849,14.1614,16.5234,2219,0,120,6,12.3,35,staircase3,no_load,0.0
18.788201,1.122498,shoulder_lift,12.5,14.5849,14.1614,16.5234,2219,0,120,6,12.3,36,staircase3,no_load,0.0
18.799065,1.133362,shoulder_lift,12.5,14.5849,14.1614,16.5234,2219,0,120,7,12.3,35,staircase3,no_load,0.0
18.80981,1.144107,shoulder_lift,12.5,14.5849,14.1614,16.5234,2219,0,120,6,12.3,36,staircase3,no_load,0.0
18.820703,1.155,shoulder_lift,12.5,14.5849,14.1614,16.5234,2219,0,120,7,12.3,38,staircase3,no_load,0.0
18.831867,1.166163,shoulder_lift,12.5,14.5849,14.1614,16.5234,2219,0,120,6,12.3,35,staircase3,no_load,0.0
18.842559,1.176856,shoulder_lift,12.5,14.5849,14.1614,16.5234,2219,0,120,7,12.3,35,staircase3,no_load,0.0
18.853504,1.187801,shoulder_lift,12.5,14.5849,14.1614,16.5234,2219,0,120,7,12.3,36,staircase3,no_load,0.0
18.864234,1.19853,shoulder_lift,12.5,14.5849,14.1614,16.5234,2219,0,120,7,12.3,35,staircase3,no_load,0.0
18.875416,1.209712,shoulder_lift,12.5,14.5849,14.1614,16.5234,2219,0,120,7,12.3,36,staircase3,no_load,0.0
18.886065,1.220362,shoulder_lift,12.5,14.5849,14.1614,16.5234,2219,0,120,9,12.3,36,staircase3,no_load,0.0
18.89687,1.231167,shoulder_lift,12.5,14.5849,14.1614,16.5234,2219,0,120,6,12.4,36,staircase3,no_load,0.0
18.90798,1.242277,shoulder_lift,12.5,14.5849,14.1614,16.5234,2219,0,120,6,12.3,36,staircase3,no_load,0.0
18.918654,1.25295,shoulder_lift,12.5,14.5849,14.1614,16.5234,2219,0,120,6,12.3,36,staircase3,no_load,0.0
18.929843,1.26414,shoulder_lift,12.5,14.5849,14.1614,16.5234,2219,0,120,7,12.4,35,staircase3,no_load,0.0
18.940951,1.275248,shoulder_lift,12.5,14.5849,14.1614,16.5234,2219,0,120,8,12.3,37,staircase3,no_load,0.0
18.952022,1.286319,shoulder_lift,12.5,14.5849,14.1614,16.5234,2219,0,120,7,12.3,36,staircase3,no_load,0.0
18.963036,1.297332,shoulder_lift,12.5,14.5849,14.1614,16.5234,2219,0,120,7,12.3,35,staircase3,no_load,0.0
18.973934,1.308231,shoulder_lift,12.5,14.5849,14.1614,16.5234,2219,0,120,7,12.4,36,staircase3,no_load,0.0
18.984703,1.319,shoulder_lift,12.5,14.5849,14.1614,16.5234,2219,0,120,6,12.3,36,staircase3,no_load,0.0
18.995365,1.329662,shoulder_lift,12.5,14.5849,14.1614,16.5234,2219,0,120,7,12.3,36,staircase3,no_load,0.0
19.006109,1.340406,shoulder_lift,12.5,14.5849,14.1614,16.5234,2219,0,120,6,12.3,35,staircase3,no_load,0.0
19.017218,1.351515,shoulder_lift,12.5,14.5849,14.1614,16.5234,2219,0,120,9,12.3,36,staircase3,no_load,0.0
19.028335,1.362632,shoulder_lift,12.5,14.5849,14.1614,16.5234,2219,0,120,6,12.3,36,staircase3,no_load,0.0
19.03936,1.373657,shoulder_lift,12.5,14.5849,14.1614,16.5234,2219,0,120,6,12.4,35,staircase3,no_load,0.0
19.050024,1.384321,shoulder_lift,12.5,14.5849,14.1614,16.5234,2219,0,120,6,12.3,36,staircase3,no_load,0.0
19.061144,1.395441,shoulder_lift,12.5,14.5849,14.1614,16.5234,2219,0,120,7,12.3,35,staircase3,no_load,0.0
19.072258,1.406555,shoulder_lift,12.5,14.5849,14.1614,16.5234,2219,0,120,6,12.3,36,staircase3,no_load,0.0
19.082511,1.416807,shoulder_lift,12.5,14.5849,14.1614,16.5234,2219,0,120,6,12.3,36,staircase3,no_load,0.0
19.093597,1.427894,shoulder_lift,12.5,14.5849,14.1614,16.5234,2219,0,120,7,12.4,35,staircase3,no_load,0.0
19.104506,1.438803,shoulder_lift,12.5,14.5849,14.1614,16.5234,2219,0,120,7,12.3,36,staircase3,no_load,0.0
19.115406,1.449703,shoulder_lift,12.5,14.5849,14.1614,16.5234,2219,0,120,7,12.3,36,staircase3,no_load,0.0
19.125841,1.460138,shoulder_lift,12.5,14.5849,14.1614,16.5234,2219,0,120,7,12.3,36,staircase3,no_load,0.0
19.136238,1.470535,shoulder_lift,12.5,14.5849,14.1614,16.5234,2219,0,120,7,12.3,35,staircase3,no_load,0.0
19.146775,1.481072,shoulder_lift,12.5,14.5849,14.1614,16.5234,2219,0,120,6,12.3,36,staircase3,no_load,0.0
19.157591,1.491888,shoulder_lift,12.5,14.5849,14.1614,16.5234,2219,0,120,6,12.3,36,staircase3,no_load,0.0
19.168159,1.502456,shoulder_lift,12.5,14.5849,14.1614,16.5234,2219,0,120,7,12.3,36,staircase3,no_load,0.0
19.178788,1.513084,shoulder_lift,12.5,14.5849,14.1614,16.5234,2219,0,120,7,12.3,36,staircase3,no_load,0.0
19.189393,1.52369,shoulder_lift,12.5,14.5849,14.1614,16.5234,2219,0,120,6,12.3,36,staircase3,no_load,0.0
19.199689,1.533986,shoulder_lift,12.5,14.5849,14.1614,16.5234,2219,0,120,6,12.3,36,staircase3,no_load,0.0
19.209972,1.544269,shoulder_lift,12.5,14.5849,14.1614,16.5234,2219,0,120,6,12.3,36,staircase3,no_load,0.0
19.220389,1.554686,shoulder_lift,12.5,14.5849,14.1614,16.5234,2219,0,120,9,12.3,36,staircase3,no_load,0.0
19.231312,1.565609,shoulder_lift,12.5,14.5849,14.1614,16.5234,2219,0,120,6,12.3,35,staircase3,no_load,0.0
19.242079,1.576375,shoulder_lift,12.5,14.5849,14.1614,16.5234,2219,0,120,7,12.3,35,staircase3,no_load,0.0
19.253126,1.587423,shoulder_lift,12.5,14.5849,14.1614,16.5234,2219,0,120,6,12.3,36,staircase3,no_load,0.0
19.264116,1.598413,shoulder_lift,12.5,14.5849,14.1614,16.5234,2219,0,120,7,12.3,36,staircase3,no_load,0.0
19.275485,4e-06,shoulder_lift,0.0,14.5849,0.0,16.5234,2219,0,124,7,12.3,35,staircase3,no_load,0.0
19.28632,0.010838,shoulder_lift,0.0,14.5849,0.0,16.5234,2219,0,140,9,12.3,36,staircase3,no_load,0.0
19.297163,0.021681,shoulder_lift,0.0,14.5849,0.0,16.5234,2219,0,160,12,12.3,36,staircase3,no_load,0.0
19.308274,0.032792,shoulder_lift,0.0,14.5849,0.0,16.5234,2219,0,224,21,12.2,36,staircase3,no_load,0.0
19.319288,0.043807,shoulder_lift,0.0,14.4298,0.0,16.3477,2217,-100,264,20,12.3,36,staircase3,no_load,-15.952
19.329989,0.054507,shoulder_lift,0.0,14.1971,0.0,16.084,2214,-100,336,29,12.2,36,staircase3,no_load,-24.643
19.340231,0.064749,shoulder_lift,0.0,13.8867,0.0,15.7324,2210,-350,380,40,12.2,36,staircase3,no_load,-34.329
19.351341,0.075859,shoulder_lift,0.0,13.3437,0.0,15.1172,2203,-350,456,48,12.2,36,staircase3,no_load,-55.374
19.361951,0.086469,shoulder_lift,0.0,12.723,0.0,14.4141,2195,-700,500,53,12.2,36,staircase3,no_load,-66.268
19.372765,0.097283,shoulder_lift,0.0,11.7921,0.0,13.3594,2183,-700,528,48,12.2,36,staircase3,no_load,-97.531
19.383838,0.108356,shoulder_lift,0.0,10.706,0.0,12.1289,2169,-1100,476,24,12.2,36,staircase3,no_load,-111.126
19.394783,0.119302,shoulder_lift,0.0,9.6199,0.0,10.8984,2155,-1100,468,25,12.2,36,staircase3,no_load,-112.426
19.405619,0.130138,shoulder_lift,0.0,8.5337,0.0,9.668,2141,-1250,388,10,12.3,36,staircase3,no_load,-113.547
19.416507,0.141025,shoulder_lift,0.0,7.4476,0.0,8.4375,2127,-1250,360,7,12.3,35,staircase3,no_load,-113.014
19.427023,0.151541,shoulder_lift,0.0,6.5167,0.0,7.3828,2115,-1300,280,0,12.3,36,staircase3,no_load,-100.295
19.437957,0.162476,shoulder_lift,0.0,5.6633,0.0,6.416,2104,-1300,236,0,12.3,36,staircase3,no_load,-88.421
19.448842,0.17336,shoulder_lift,0.0,4.8875,0.0,5.5371,2094,-1050,180,0,12.3,36,staircase3,no_load,-80.744
19.459195,0.183714,shoulder_lift,0.0,4.3445,0.0,4.9219,2087,-750,152,0,12.3,36,staircase3,no_load,-59.422
19.469383,0.193901,shoulder_lift,0.0,3.9566,0.0,4.4824,2082,-750,156,2,12.3,35,staircase3,no_load,-43.139
19.480316,0.204834,shoulder_lift,0.0,3.5687,0.0,4.043,2077,-450,140,3,12.3,35,staircase3,no_load,-40.19
19.490965,0.215483,shoulder_lift,0.0,3.4135,0.0,3.8672,2075,-450,156,5,12.3,37,staircase3,no_load,-16.509
19.501926,0.226445,shoulder_lift,0.0,3.1808,0.0,3.6035,2072,-250,160,8,12.3,36,staircase3,no_load,-24.058
19.51263,0.237148,shoulder_lift,0.0,3.0256,0.0,3.4277,2070,-250,152,7,12.3,36,staircase3,no_load,-16.424
19.523053,0.247571,shoulder_lift,0.0,2.948,0.0,3.3398,2069,-200,148,7,12.3,36,staircase3,no_load,-8.433
19.533288,0.257807,shoulder_lift,0.0,2.7929,0.0,3.1641,2067,-200,140,6,12.3,36,staircase3,no_load,-17.167
19.544048,0.268566,shoulder_lift,0.0,2.6377,0.0,2.9883,2065,-150,132,6,12.3,36,staircase3,no_load,-16.338
19.554842,0.27936,shoulder_lift,0.0,2.4825,0.0,2.8125,2063,-150,124,5,12.3,36,staircase3,no_load,-16.287
19.565854,0.290372,shoulder_lift,0.0,2.405,0.0,2.7246,2062,-150,124,4,12.3,35,staircase3,no_load,-7.982
19.576923,0.301441,shoulder_lift,0.0,2.3274,0.0,2.6367,2061,-150,116,4,12.3,36,staircase3,no_load,-7.941
19.587896,0.312414,shoulder_lift,0.0,2.1722,0.0,2.4609,2059,-150,116,5,12.4,36,staircase3,no_load,-16.021
19.598582,0.3231,shoulder_lift,0.0,2.0946,0.0,2.373,2058,-100,112,5,12.3,36,staircase3,no_load,-8.226
19.609237,0.333755,shoulder_lift,0.0,2.0946,0.0,2.373,2058,-100,112,5,12.3,35,staircase3,no_load,0.0
19.620258,0.344776,shoulder_lift,0.0,2.0946,0.0,2.373,2058,0,112,7,12.3,35,staircase3,no_load,0.0
19.630584,0.355103,shoulder_lift,0.0,2.0946,0.0,2.373,2058,0,120,6,12.3,35,staircase3,no_load,0.0
19.641442,0.36596,shoulder_lift,0.0,2.0946,0.0,2.373,2058,0,120,6,12.3,36,staircase3,no_load,0.0
19.652446,0.376964,shoulder_lift,0.0,2.0946,0.0,2.373,2058,0,120,6,12.4,35,staircase3,no_load,0.0
19.663442,0.38796,shoulder_lift,0.0,2.0946,0.0,2.373,2058,0,120,6,12.3,36,staircase3,no_load,0.0
19.674318,0.398836,shoulder_lift,0.0,2.0946,0.0,2.373,2058,0,120,7,12.3,36,staircase3,no_load,0.0
19.685338,0.409856,shoulder_lift,0.0,2.0946,0.0,2.373,2058,0,120,6,12.3,36,staircase3,no_load,0.0
19.696174,0.420692,shoulder_lift,0.0,2.0946,0.0,2.373,2058,0,120,7,12.3,36,staircase3,no_load,0.0
19.707259,0.431777,shoulder_lift,0.0,2.0946,0.0,2.373,2058,0,120,8,12.3,35,staircase3,no_load,0.0
19.71822,0.442738,shoulder_lift,0.0,2.0946,0.0,2.373,2058,0,120,6,12.3,35,staircase3,no_load,0.0
19.728443,0.452961,shoulder_lift,0.0,2.0946,0.0,2.373,2058,0,120,7,12.2,36,staircase3,no_load,0.0
19.738924,0.463442,shoulder_lift,0.0,2.0946,0.0,2.373,2058,0,120,7,12.3,36,staircase3,no_load,0.0
19.749186,0.473704,shoulder_lift,0.0,2.0946,0.0,2.373,2058,0,120,6,12.3,36,staircase3,no_load,0.0
19.759403,0.483921,shoulder_lift,0.0,2.0946,0.0,2.373,2058,0,120,6,12.3,35,staircase3,no_load,0.0
19.769857,0.494375,shoulder_lift,0.0,2.0946,0.0,2.373,2058,0,120,7,12.3,36,staircase3,no_load,0.0
19.780386,0.504904,shoulder_lift,0.0,2.0946,0.0,2.373,2058,0,120,6,12.3,36,staircase3,no_load,0.0
19.790855,0.515373,shoulder_lift,0.0,2.0946,0.0,2.373,2058,0,120,8,12.3,36,staircase3,no_load,0.0
19.801355,0.525873,shoulder_lift,0.0,2.0946,0.0,2.373,2058,0,120,6,12.3,36,staircase3,no_load,0.0
19.81217,0.536689,shoulder_lift,0.0,2.0946,0.0,2.373,2058,0,120,7,12.4,36,staircase3,no_load,0.0
19.822464,0.546983,shoulder_lift,0.0,2.0946,0.0,2.373,2058,0,120,8,12.3,36,staircase3,no_load,0.0
19.833237,0.557755,shoulder_lift,0.0,2.0946,0.0,2.373,2058,0,120,6,12.3,35,staircase3,no_load,0.0
19.844013,0.568531,shoulder_lift,0.0,2.0946,0.0,2.373,2058,0,120,7,12.3,36,staircase3,no_load,0.0
19.854743,0.579261,shoulder_lift,0.0,2.0946,0.0,2.373,2058,0,120,7,12.3,36,staircase3,no_load,0.0
19.86573,0.590248,shoulder_lift,0.0,2.0946,0.0,2.373,2058,0,120,6,12.3,36,staircase3,no_load,0.0
19.876567,0.601085,shoulder_lift,0.0,2.0946,0.0,2.373,2058,0,120,6,12.3,35,staircase3,no_load,0.0
19.887741,0.612259,shoulder_lift,0.0,2.0946,0.0,2.373,2058,0,120,6,12.3,36,staircase3,no_load,0.0
19.8985,0.623018,shoulder_lift,0.0,2.0946,0.0,2.373,2058,0,120,6,12.3,36,staircase3,no_load,0.0
19.909152,0.63367,shoulder_lift,0.0,2.0946,0.0,2.373,2058,0,120,6,12.3,36,staircase3,no_load,0.0
19.919903,0.644421,shoulder_lift,0.0,2.0946,0.0,2.373,2058,0,120,7,12.3,35,staircase3,no_load,0.0
19.931007,0.655525,shoulder_lift,0.0,2.0946,0.0,2.373,2058,0,120,6,12.3,36,staircase3,no_load,0.0
19.941633,0.666151,shoulder_lift,0.0,2.0946,0.0,2.373,2058,0,120,7,12.3,36,staircase3,no_load,0.0
19.952781,0.677299,shoulder_lift,0.0,2.0946,0.0,2.373,2058,0,120,7,12.3,36,staircase3,no_load,0.0
19.963757,0.688275,shoulder_lift,0.0,2.0946,0.0,2.373,2058,0,120,6,12.3,37,staircase3,no_load,0.0
19.974845,0.699363,shoulder_lift,0.0,2.0946,0.0,2.373,2058,0,120,8,12.3,35,staircase3,no_load,0.0
19.98569,0.710208,shoulder_lift,0.0,2.0946,0.0,2.373,2058,0,120,6,12.3,36,staircase3,no_load,0.0
19.996627,0.721145,shoulder_lift,0.0,2.0946,0.0,2.373,2058,0,120,6,12.3,35,staircase3,no_load,0.0
20.007466,0.731984,shoulder_lift,0.0,2.0946,0.0,2.373,2058,0,120,7,12.4,36,staircase3,no_load,0.0
20.018379,0.742897,shoulder_lift,0.0,2.0946,0.0,2.373,2058,0,120,7,12.3,36,staircase3,no_load,0.0
20.029302,0.753821,shoulder_lift,0.0,2.0946,0.0,2.373,2058,0,120,6,12.4,36,staircase3,no_load,0.0
20.040498,0.765017,shoulder_lift,0.0,2.0946,0.0,2.373,2058,0,120,6,12.2,36,staircase3,no_load,0.0
20.051263,0.775781,shoulder_lift,0.0,2.0946,0.0,2.373,2058,0,120,6,12.3,35,staircase3,no_load,0.0
20.062242,0.78676,shoulder_lift,0.0,2.0946,0.0,2.373,2058,0,120,7,12.3,36,staircase3,no_load,0.0
20.072969,0.797487,shoulder_lift,0.0,2.0946,0.0,2.373,2058,0,120,7,12.3,36,staircase3,no_load,0.0
20.083653,0.808171,shoulder_lift,0.0,2.0946,0.0,2.373,2058,0,120,6,12.3,36,staircase3,no_load,0.0
20.094814,0.819332,shoulder_lift,0.0,2.0946,0.0,2.373,2058,0,120,7,12.3,36,staircase3,no_load,0.0
20.105964,0.830482,shoulder_lift,0.0,2.0946,0.0,2.373,2058,0,120,7,12.3,35,staircase3,no_load,0.0
20.117095,0.841613,shoulder_lift,0.0,2.0946,0.0,2.373,2058,0,120,7,12.3,36,staircase3,no_load,0.0
20.128027,0.852545,shoulder_lift,0.0,2.0946,0.0,2.373,2058,0,120,6,12.3,36,staircase3,no_load,0.0
20.138759,0.863278,shoulder_lift,0.0,2.0946,0.0,2.373,2058,0,120,6,12.3,36,staircase3,no_load,0.0
20.14947,0.873988,shoulder_lift,0.0,2.0946,0.0,2.373,2058,0,120,7,12.3,36,staircase3,no_load,0.0
20.160301,0.884819,shoulder_lift,0.0,2.0946,0.0,2.373,2058,0,120,6,12.3,35,staircase3,no_load,0.0
20.170808,0.895326,shoulder_lift,0.0,2.0946,0.0,2.373,2058,0,120,7,12.3,35,staircase3,no_load,0.0
20.1815,0.906018,shoulder_lift,0.0,2.0946,0.0,2.373,2058,0,120,6,12.4,36,staircase3,no_load,0.0
20.192393,0.916911,shoulder_lift,0.0,2.0946,0.0,2.373,2058,0,120,6,12.3,35,staircase3,no_load,0.0
20.203387,0.927905,shoulder_lift,0.0,2.0946,0.0,2.373,2058,0,120,6,12.3,36,staircase3,no_load,0.0
20.214365,0.938883,shoulder_lift,0.0,2.0946,0.0,2.373,2058,0,120,6,12.3,35,staircase3,no_load,0.0
20.225242,0.94976,shoulder_lift,0.0,2.0946,0.0,2.373,2058,0,120,8,12.3,35,staircase3,no_load,0.0
20.23645,0.960968,shoulder_lift,0.0,2.0946,0.0,2.373,2058,0,120,6,12.3,36,staircase3,no_load,0.0
20.246756,0.971274,shoulder_lift,0.0,2.0946,0.0,2.373,2058,0,120,6,12.3,36,staircase3,no_load,0.0
20.257313,0.981831,shoulder_lift,0.0,2.0946,0.0,2.373,2058,0,120,6,12.3,36,staircase3,no_load,0.0
20.268146,0.992665,shoulder_lift,0.0,2.0946,0.0,2.373,2058,0,120,6,12.3,36,staircase3,no_load,0.0
20.278979,1.003497,shoulder_lift,0.0,2.0946,0.0,2.373,2058,0,120,6,12.3,36,staircase3,no_load,0.0
20.289995,1.014514,shoulder_lift,0.0,2.0946,0.0,2.373,2058,0,120,7,12.3,35,staircase3,no_load,0.0
20.30101,1.025528,shoulder_lift,0.0,2.0946,0.0,2.373,2058,0,120,6,12.3,36,staircase3,no_load,0.0
20.312189,1.036707,shoulder_lift,0.0,2.0946,0.0,2.373,2058,0,120,8,12.3,36,staircase3,no_load,0.0
20.323032,1.04755,shoulder_lift,0.0,2.0946,0.0,2.373,2058,0,120,6,12.3,36,staircase3,no_load,0.0
20.333625,1.058143,shoulder_lift,0.0,2.0946,0.0,2.373,2058,0,120,7,12.3,37,staircase3,no_load,0.0
20.344071,1.06859,shoulder_lift,0.0,2.0946,0.0,2.373,2058,0,120,7,12.4,36,staircase3,no_load,0.0
20.354873,1.079392,shoulder_lift,0.0,2.0946,0.0,2.373,2058,0,120,9,12.3,36,staircase3,no_load,0.0
20.365862,1.09038,shoulder_lift,0.0,2.0946,0.0,2.373,2058,0,120,6,12.3,36,staircase3,no_load,0.0
20.376841,1.101359,shoulder_lift,0.0,2.0946,0.0,2.373,2058,0,120,6,12.3,36,staircase3,no_load,0.0
20.387835,1.112353,shoulder_lift,0.0,2.0946,0.0,2.373,2058,0,120,6,12.3,36,staircase3,no_load,0.0
20.398779,1.123297,shoulder_lift,0.0,2.0946,0.0,2.373,2058,0,120,7,12.3,36,staircase3,no_load,0.0
20.409738,1.134256,shoulder_lift,0.0,2.0946,0.0,2.373,2058,0,120,6,12.3,36,staircase3,no_load,0.0
20.420773,1.145291,shoulder_lift,0.0,2.0946,0.0,2.373,2058,0,120,6,12.3,36,staircase3,no_load,0.0
20.431465,1.155983,shoulder_lift,0.0,2.0946,0.0,2.373,2058,0,120,6,12.4,36,staircase3,no_load,0.0
20.442613,1.167131,shoulder_lift,0.0,2.0946,0.0,2.373,2058,0,120,7,12.3,35,staircase3,no_load,0.0
20.453655,1.178173,shoulder_lift,0.0,2.0946,0.0,2.373,2058,0,120,6,12.3,36,staircase3,no_load,0.0
20.464096,1.188614,shoulder_lift,0.0,2.0946,0.0,2.373,2058,0,120,6,12.3,35,staircase3,no_load,0.0
20.474494,1.199013,shoulder_lift,0.0,2.0946,0.0,2.373,2058,0,120,7,12.3,36,staircase3,no_load,0.0
20.485338,1.209856,shoulder_lift,0.0,2.0946,0.0,2.373,2058,0,120,7,12.3,35,staircase3,no_load,0.0
20.495829,1.220347,shoulder_lift,0.0,2.0946,0.0,2.373,2058,0,120,6,12.3,36,staircase3,no_load,0.0
20.506768,1.231286,shoulder_lift,0.0,2.0946,0.0,2.373,2058,0,120,6,12.3,36,staircase3,no_load,0.0
20.517804,1.242322,shoulder_lift,0.0,2.0946,0.0,2.373,2058,0,120,7,12.3,36,staircase3,no_load,0.0
20.528874,1.253392,shoulder_lift,0.0,2.0946,0.0,2.373,2058,0,120,8,12.3,36,staircase3,no_load,0.0
20.539232,1.26375,shoulder_lift,0.0,2.0946,0.0,2.373,2058,0,120,6,12.4,36,staircase3,no_load,0.0
20.549999,1.274518,shoulder_lift,0.0,2.0946,0.0,2.373,2058,0,120,6,12.3,35,staircase3,no_load,0.0
20.560729,1.285247,shoulder_lift,0.0,2.0946,0.0,2.373,2058,0,120,5,12.3,35,staircase3,no_load,0.0
20.57194,1.296458,shoulder_lift,0.0,2.0946,0.0,2.373,2058,0,120,7,12.3,36,staircase3,no_load,0.0
20.58304,1.307559,shoulder_lift,0.0,2.0946,0.0,2.373,2058,0,120,6,12.3,36,staircase3,no_load,0.0
20.594114,1.318633,shoulder_lift,0.0,2.0946,0.0,2.373,2058,0,120,7,12.3,36,staircase3,no_load,0.0
20.605233,1.329751,shoulder_lift,0.0,2.0946,0.0,2.373,2058,0,120,6,12.3,36,staircase3,no_load,0.0
20.616221,1.340739,shoulder_lift,0.0,2.0946,0.0,2.373,2058,0,120,6,12.3,36,staircase3,no_load,0.0
20.626621,1.351139,shoulder_lift,0.0,2.0946,0.0,2.373,2058,0,120,6,12.3,36,staircase3,no_load,0.0
20.637686,1.362204,shoulder_lift,0.0,2.0946,0.0,2.373,2058,0,120,6,12.3,36,staircase3,no_load,0.0
20.648839,1.373358,shoulder_lift,0.0,2.0946,0.0,2.373,2058,0,120,6,12.3,36,staircase3,no_load,0.0
20.659842,1.38436,shoulder_lift,0.0,2.0946,0.0,2.373,2058,0,120,6,12.3,36,staircase3,no_load,0.0
20.670557,1.395075,shoulder_lift,0.0,2.0946,0.0,2.373,2058,0,120,7,12.3,36,staircase3,no_load,0.0
20.681353,1.405871,shoulder_lift,0.0,2.0946,0.0,2.373,2058,0,120,7,12.3,36,staircase3,no_load,0.0
20.692414,1.416932,shoulder_lift,0.0,2.0946,0.0,2.373,2058,0,120,7,12.3,36,staircase3,no_load,0.0
20.70312,1.427638,shoulder_lift,0.0,2.0946,0.0,2.373,2058,0,120,6,12.3,36,staircase3,no_load,0.0
20.71407,1.438588,shoulder_lift,0.0,2.0946,0.0,2.373,2058,0,120,7,12.3,36,staircase3,no_load,0.0
20.725239,1.449758,shoulder_lift,0.0,2.0946,0.0,2.373,2058,0,120,7,12.3,36,staircase3,no_load,0.0
20.735935,1.460453,shoulder_lift,0.0,2.0946,0.0,2.373,2058,0,120,7,12.3,36,staircase3,no_load,0.0
20.746544,1.471062,shoulder_lift,0.0,2.0946,0.0,2.373,2058,0,120,6,12.3,36,staircase3,no_load,0.0
20.757257,1.481776,shoulder_lift,0.0,2.0946,0.0,2.373,2058,0,120,8,12.4,36,staircase3,no_load,0.0
20.767648,1.492166,shoulder_lift,0.0,2.0946,0.0,2.373,2058,0,120,7,12.4,36,staircase3,no_load,0.0
20.77813,1.502648,shoulder_lift,0.0,2.0946,0.0,2.373,2058,0,120,6,12.3,36,staircase3,no_load,0.0
20.788826,1.513344,shoulder_lift,0.0,2.0946,0.0,2.373,2058,0,120,6,12.3,36,staircase3,no_load,0.0
20.799145,1.523663,shoulder_lift,0.0,2.0946,0.0,2.373,2058,0,120,7,12.3,36,staircase3,no_load,0.0
20.80954,1.534058,shoulder_lift,0.0,2.0946,0.0,2.373,2058,0,120,6,12.3,36,staircase3,no_load,0.0
20.81992,1.544439,shoulder_lift,0.0,2.0946,0.0,2.373,2058,0,120,6,12.3,36,staircase3,no_load,0.0
20.830383,1.554901,shoulder_lift,0.0,2.0946,0.0,2.373,2058,0,120,6,12.4,36,staircase3,no_load,0.0
20.841176,1.565694,shoulder_lift,0.0,2.0946,0.0,2.373,2058,0,120,6,12.4,36,staircase3,no_load,0.0
20.852201,1.576719,shoulder_lift,0.0,2.0946,0.0,2.373,2058,0,120,7,12.3,36,staircase3,no_load,0.0
20.862911,1.587429,shoulder_lift,0.0,2.0946,0.0,2.373,2058,0,120,6,12.3,36,staircase3,no_load,0.0
20.873488,1.598007,shoulder_lift,0.0,2.0946,0.0,2.373,2058,0,120,7,12.3,36,staircase3,no_load,0.0
20.885658,3e-06,shoulder_lift,-12.5,2.0946,-14.1614,2.373,2058,0,124,7,12.3,36,staircase3,no_load,0.0
20.89593,0.010275,shoulder_lift,-12.5,2.0946,-14.1614,2.373,2058,0,132,7,12.3,36,staircase3,no_load,0.0
20.906824,0.021169,shoulder_lift,-12.5,2.0946,-14.1614,2.373,2058,0,164,16,12.2,36,staircase3,no_load,0.0
20.917595,0.03194,shoulder_lift,-12.5,2.0946,-14.1614,2.373,2058,0,196,22,12.2,35,staircase3,no_load,0.0
20.928591,0.042936,shoulder_lift,-12.5,1.9395,-14.1614,2.1973,2056,0,264,26,12.3,35,staircase3,no_load,-15.979
20.939279,0.053624,shoulder_lift,-12.5,1.7067,-14.1614,1.9336,2053,-200,344,40,12.2,36,staircase3,no_load,-24.673
20.950384,0.064729,shoulder_lift,-12.5,1.3189,-14.1614,1.4941,2048,-200,388,38,12.2,36,staircase3,no_load,-39.577
20.961503,0.075848,shoulder_lift,-12.5,0.7758,-14.1614,0.8789,2041,-500,452,45,12.1,35,staircase3,no_load,-55.329
20.972203,0.086548,shoulder_lift,-12.5,0.1552,-14.1614,0.1758,2033,-500,500,55,12.2,36,staircase3,no_load,-65.71
20.983323,0.097668,shoulder_lift,-12.5,-0.7758,-14.1614,-0.8789,2021,-800,512,42,12.2,36,staircase3,no_load,-94.847
20.994177,0.108522,shoulder_lift,-12.5,-1.7843,-14.1614,-2.0215,2008,-800,520,39,12.2,35,staircase3,no_load,-105.27
21.005011,0.119356,shoulder_lift,-12.5,-2.948,-14.1614,-3.3398,1993,-1200,444,20,12.3,36,staircase3,no_load,-121.682
21.016256,0.130601,shoulder_lift,-12.5,-4.0341,-14.1614,-4.5703,1979,-1350,420,9,12.3,36,staircase3,no_load,-109.426
21.027035,0.14138,shoulder_lift,-12.5,-5.1978,-14.1614,-5.8887,1964,-1350,336,4,12.3,35,staircase3,no_load,-122.312
21.037699,0.152044,shoulder_lift,-12.5,-6.2064,-14.1614,-7.0313,1951,-1250,288,0,12.3,36,staircase3,no_load,-107.146
21.04839,0.162735,shoulder_lift,-12.5,-7.0597,-14.1614,-7.998,1940,-1250,204,0,12.3,36,staircase3,no_load,-90.422
21.059504,0.173849,shoulder_lift,-12.5,-7.8355,-14.1614,-8.877,1930,-1000,176,0,12.3,35,staircase3,no_load,-79.089
21.070381,0.184726,shoulder_lift,-12.5,-8.3786,-14.1614,-9.4922,1923,-1000,148,0,12.3,36,staircase3,no_load,-56.56
21.081583,0.195928,shoulder_lift,-12.5,-8.8441,-14.1614,-10.0195,1917,-650,148,2,12.3,36,staircase3,no_load,-47.072
21.092326,0.206671,shoulder_lift,-12.5,-9.1544,-14.1614,-10.3711,1913,-650,132,3,12.3,36,staircase3,no_load,-32.728
21.102963,0.217308,shoulder_lift,-12.5,-9.3871,-14.1614,-10.6348,1910,-400,148,4,12.3,36,staircase3,no_load,-24.791
21.113682,0.228027,shoulder_lift,-12.5,-9.5423,-14.1614,-10.8105,1908,-400,136,4,12.3,36,staircase3,no_load,-16.391
21.124751,0.239096,shoulder_lift,-12.5,-9.6974,-14.1614,-10.9863,1906,-200,136,6,12.3,36,staircase3,no_load,-15.882
21.135595,0.24994,shoulder_lift,-12.5,-9.8526,-14.1614,-11.1621,1904,-150,132,5,12.3,36,staircase3,no_load,-16.212
21.146515,0.26086,shoulder_lift,-12.5,-9.9302,-14.1614,-11.25,1903,-150,132,6,12.3,35,staircase3,no_load,-8.049
21.157303,0.271648,shoulder_lift,-12.5,-10.0853,-14.1614,-11.4258,1901,-150,124,5,12.3,36,staircase3,no_load,-16.296
21.167858,0.282203,shoulder_lift,-12.5,-10.2405,-14.1614,-11.6016,1899,-150,116,3,12.3,36,staircase3,no_load,-16.656
21.178684,0.293029,shoulder_lift,-12.5,-10.3181,-14.1614,-11.6895,1898,-150,104,3,12.3,35,staircase3,no_load,-8.119
21.189424,0.303769,shoulder_lift,-12.5,-10.4732,-14.1614,-11.8652,1896,-150,100,3,12.3,35,staircase3,no_load,-16.359
21.20056,0.314905,shoulder_lift,-12.5,-10.5508,-14.1614,-11.9531,1895,-150,104,4,12.3,36,staircase3,no_load,-7.893
21.211481,0.325826,shoulder_lift,-12.5,-10.6284,-14.1614,-12.041,1894,-150,100,4,12.4,36,staircase3,no_load,-8.049
21.222549,0.336894,shoulder_lift,-12.5,-10.6284,-14.1614,-12.041,1894,-50,100,4,12.3,36,staircase3,no_load,0.0
21.233685,0.34803,shoulder_lift,-12.5,-10.706,-14.1614,-12.1289,1893,-50,100,4,12.3,36,staircase3,no_load,-7.893
21.244722,0.359067,shoulder_lift,-12.5,-10.7836,-14.1614,-12.2168,1892,-50,96,5,12.3,36,staircase3,no_load,-7.964
21.255741,0.370086,shoulder_lift,-12.5,-10.7836,-14.1614,-12.2168,1892,-50,96,4,12.3,35,staircase3,no_load,0.0
21.266594,0.380939,shoulder_lift,-12.5,-10.7836,-14.1614,-12.2168,1892,-50,96,4,12.3,36,staircase3,no_load,0.0
21.27725,0.391595,shoulder_lift,-12.5,-10.7836,-14.1614,-12.2168,1892,0,96,5,12.3,36,staircase3,no_load,0.0
21.288311,0.402656,shoulder_lift,-12.5,-10.7836,-14.1614,-12.2168,1892,0,100,4,12.3,36,staircase3,no_load,0.0
21.299391,0.413736,shoulder_lift,-12.5,-10.7836,-14.1614,-12.2168,1892,0,100,5,12.4,36,staircase3,no_load,0.0
21.310728,0.425073,shoulder_lift,-12.5,-10.7836,-14.1614,-12.2168,1892,0,100,5,12.3,36,staircase3,no_load,0.0
21.321438,0.435783,shoulder_lift,-12.5,-10.7836,-14.1614,-12.2168,1892,0,100,5,12.3,36,staircase3,no_load,0.0
21.332298,0.446643,shoulder_lift,-12.5,-10.7836,-14.1614,-12.2168,1892,0,100,5,12.3,36,staircase3,no_load,0.0
21.343123,0.457468,shoulder_lift,-12.5,-10.7836,-14.1614,-12.2168,1892,0,100,5,12.3,36,staircase3,no_load,0.0
21.354246,0.468591,shoulder_lift,-12.5,-10.7836,-14.1614,-12.2168,1892,0,100,5,12.4,36,staircase3,no_load,0.0
21.365365,0.47971,shoulder_lift,-12.5,-10.7836,-14.1614,-12.2168,1892,0,100,6,12.3,36,staircase3,no_load,0.0
21.376051,0.490396,shoulder_lift,-12.5,-10.7836,-14.1614,-12.2168,1892,0,100,4,12.3,36,staircase3,no_load,0.0
21.387067,0.501412,shoulder_lift,-12.5,-10.7836,-14.1614,-12.2168,1892,0,96,4,12.3,36,staircase3,no_load,0.0
21.398117,0.512462,shoulder_lift,-12.5,-10.8611,-14.1614,-12.3047,1891,-50,92,4,12.3,36,staircase3,no_load,-7.955
21.409221,0.523566,shoulder_lift,-12.5,-10.8611,-14.1614,-12.3047,1891,-50,92,4,12.3,35,staircase3,no_load,0.0
21.420349,0.534694,shoulder_lift,-12.5,-10.8611,-14.1614,-12.3047,1891,0,96,4,12.3,36,staircase3,no_load,0.0
21.430831,0.545176,shoulder_lift,-12.5,-10.8611,-14.1614,-12.3047,1891,0,96,5,12.3,36,staircase3,no_load,0.0
21.441663,0.556008,shoulder_lift,-12.5,-10.8611,-14.1614,-12.3047,1891,0,96,4,12.3,36,staircase3,no_load,0.0
21.452107,0.566452,shoulder_lift,-12.5,-10.8611,-14.1614,-12.3047,1891,0,96,4,12.3,36,staircase3,no_load,0.0
21.462672,0.577017,shoulder_lift,-12.5,-10.8611,-14.1614,-12.3047,1891,0,96,4,12.3,36,staircase3,no_load,0.0
21.473377,0.587722,shoulder_lift,-12.5,-10.8611,-14.1614,-12.3047,1891,0,96,4,12.3,36,staircase3,no_load,0.0
21.483918,0.598263,shoulder_lift,-12.5,-10.8611,-14.1614,-12.3047,1891,0,96,4,12.3,36,staircase3,no_load,0.0
21.494743,0.609088,shoulder_lift,-12.5,-10.8611,-14.1614,-12.3047,1891,0,96,4,12.3,36,staircase3,no_load,0.0
21.505413,0.619758,shoulder_lift,-12.5,-10.8611,-14.1614,-12.3047,1891,0,96,4,12.3,36,staircase3,no_load,0.0
21.516362,0.630707,shoulder_lift,-12.5,-10.8611,-14.1614,-12.3047,1891,0,96,4,12.3,36,staircase3,no_load,0.0
21.527205,0.64155,shoulder_lift,-12.5,-10.8611,-14.1614,-12.3047,1891,0,96,4,12.3,36,staircase3,no_load,0.0
21.538172,0.652517,shoulder_lift,-12.5,-10.8611,-14.1614,-12.3047,1891,0,96,4,12.3,36,staircase3,no_load,0.0
21.548781,0.663126,shoulder_lift,-12.5,-10.8611,-14.1614,-12.3047,1891,0,96,4,12.3,35,staircase3,no_load,0.0
21.559719,0.674064,shoulder_lift,-12.5,-10.8611,-14.1614,-12.3047,1891,0,96,4,12.3,35,staircase3,no_load,0.0
21.570464,0.684809,shoulder_lift,-12.5,-10.8611,-14.1614,-12.3047,1891,0,96,4,12.4,35,staircase3,no_load,0.0
21.581127,0.695472,shoulder_lift,-12.5,-10.8611,-14.1614,-12.3047,1891,0,96,4,12.3,36,staircase3,no_load,0.0
21.592164,0.706509,shoulder_lift,-12.5,-10.8611,-14.1614,-12.3047,1891,0,96,4,12.3,36,staircase3,no_load,0.0
21.603282,0.717627,shoulder_lift,-12.5,-10.8611,-14.1614,-12.3047,1891,0,96,5,12.3,36,staircase3,no_load,0.0
21.614118,0.728463,shoulder_lift,-12.5,-10.8611,-14.1614,-12.3047,1891,0,96,4,12.3,36,staircase3,no_load,0.0
21.624792,0.739137,shoulder_lift,-12.5,-10.8611,-14.1614,-12.3047,1891,0,96,4,12.3,36,staircase3,no_load,0.0
21.635867,0.750212,shoulder_lift,-12.5,-10.8611,-14.1614,-12.3047,1891,0,96,4,12.3,36,staircase3,no_load,0.0
21.646522,0.760867,shoulder_lift,-12.5,-10.8611,-14.1614,-12.3047,1891,0,96,3,12.4,36,staircase3,no_load,0.0
21.657376,0.771721,shoulder_lift,-12.5,-10.8611,-14.1614,-12.3047,1891,0,96,3,12.3,36,staircase3,no_load,0.0
21.668142,0.782487,shoulder_lift,-12.5,-10.9387,-14.1614,-12.3926,1890,0,88,3,12.3,36,staircase3,no_load,-8.165
21.679099,0.793444,shoulder_lift,-12.5,-11.0163,-14.1614,-12.4805,1889,-50,84,3,12.3,36,staircase3,no_load,-8.022
21.689976,0.804321,shoulder_lift,-12.5,-11.0163,-14.1614,-12.4805,1889,-50,84,4,12.4,36,staircase3,no_load,0.0
21.700712,0.815057,shoulder_lift,-12.5,-11.0163,-14.1614,-12.4805,1889,-50,88,3,12.3,36,staircase3,no_load,0.0
21.711646,0.825991,shoulder_lift,-12.5,-11.0939,-14.1614,-12.5684,1888,-50,84,3,12.4,36,staircase3,no_load,-8.039
21.721878,0.836223,shoulder_lift,-12.5,-11.0939,-14.1614,-12.5684,1888,-50,80,3,12.3,36,staircase3,no_load,0.0
21.732457,0.846802,shoulder_lift,-12.5,-11.0939,-14.1614,-12.5684,1888,-50,80,3,12.3,35,staircase3,no_load,0.0
21.743103,0.857448,shoulder_lift,-12.5,-11.1715,-14.1614,-12.6562,1887,0,76,3,12.3,36,staircase3,no_load,-8.247
21.753421,0.867766,shoulder_lift,-12.5,-11.1715,-14.1614,-12.6562,1887,0,76,3,12.3,35,staircase3,no_load,0.0
21.763974,0.878319,shoulder_lift,-12.5,-11.1715,-14.1614,-12.6562,1887,-50,80,3,12.3,36,staircase3,no_load,0.0
21.774209,0.888554,shoulder_lift,-12.5,-11.1715,-14.1614,-12.6562,1887,-50,80,3,12.3,36,staircase3,no_load,0.0
21.784726,0.899071,shoulder_lift,-12.5,-11.1715,-14.1614,-12.6562,1887,0,80,3,12.3,36,staircase3,no_load,0.0
21.795429,0.909774,shoulder_lift,-12.5,-11.1715,-14.1614,-12.6562,1887,0,80,3,12.3,36,staircase3,no_load,0.0
21.806144,0.920489,shoulder_lift,-12.5,-11.1715,-14.1614,-12.6562,1887,0,80,3,12.3,37,staircase3,no_load,0.0
21.816858,0.931203,shoulder_lift,-12.5,-11.1715,-14.1614,-12.6562,1887,0,80,3,12.3,36,staircase3,no_load,0.0
21.827779,0.942124,shoulder_lift,-12.5,-11.1715,-14.1614,-12.6562,1887,0,80,3,12.3,35,staircase3,no_load,0.0
21.838466,0.952811,shoulder_lift,-12.5,-11.1715,-14.1614,-12.6562,1887,0,80,3,12.3,36,staircase3,no_load,0.0
21.84923,0.963575,shoulder_lift,-12.5,-11.1715,-14.1614,-12.6562,1887,0,80,3,12.3,36,staircase3,no_load,0.0
21.860388,0.974733,shoulder_lift,-12.5,-11.1715,-14.1614,-12.6562,1887,0,80,3,12.3,36,staircase3,no_load,0.0
21.871457,0.985802,shoulder_lift,-12.5,-11.249,-14.1614,-12.7441,1886,0,76,3,12.3,36,staircase3,no_load,-7.941
21.882354,0.996699,shoulder_lift,-12.5,-11.3266,-14.1614,-12.832,1885,-100,64,1,12.3,36,staircase3,no_load,-8.066
21.893359,1.007704,shoulder_lift,-12.5,-11.4042,-14.1614,-12.9199,1884,-100,60,1,12.3,35,staircase3,no_load,-7.987
21.904351,1.018696,shoulder_lift,-12.5,-11.4818,-14.1614,-13.0078,1883,-50,56,1,12.3,36,staircase3,no_load,-7.997
21.915395,1.02974,shoulder_lift,-12.5,-11.5593,-14.1614,-13.0957,1882,-100,52,0,12.3,36,staircase3,no_load,-7.959
21.926539,1.040884,shoulder_lift,-12.5,-11.6369,-14.1614,-13.1836,1881,-100,52,1,12.3,36,staircase3,no_load,-7.888
21.937487,1.051832,shoulder_lift,-12.5,-11.7145,-14.1614,-13.2715,1880,-100,44,1,12.3,36,staircase3,no_load,-8.029
21.948294,1.062639,shoulder_lift,-12.5,-11.7145,-14.1614,-13.2715,1880,-100,44,1,12.3,36,staircase3,no_load,0.0
21.959075,1.07342,shoulder_lift,-12.5,-11.7145,-14.1614,-13.2715,1880,0,52,2,12.3,35,staircase3,no_load,0.0
21.97018,1.084525,shoulder_lift,-12.5,-11.7145,-14.1614,-13.2715,1880,0,52,1,12.3,35,staircase3,no_load,0.0
21.981282,1.095627,shoulder_lift,-12.5,-11.7145,-14.1614,-13.2715,1880,0,52,1,12.3,36,staircase3,no_load,0.0
21.992141,1.106486,shoulder_lift,-12.5,-11.7145,-14.1614,-13.2715,1880,0,52,1,12.4,36,staircase3,no_load,0.0
22.003152,1.117497,shoulder_lift,-12.5,-11.7145,-14.1614,-13.2715,1880,0,48,1,12.3,36,staircase3,no_load,0.0
22.014097,1.128442,shoulder_lift,-12.5,-11.7921,-14.1614,-13.3594,1879,-50,48,1,12.3,35,staircase3,no_load,-8.031
22.025293,1.139638,shoulder_lift,-12.5,-11.8697,-14.1614,-13.4473,1878,-50,40,0,12.3,36,staircase3,no_load,-7.851
22.036078,1.150423,shoulder_lift,-12.5,-11.8697,-14.1614,-13.4473,1878,-50,40,0,12.3,36,staircase3,no_load,0.0
22.04677,1.161115,shoulder_lift,-12.5,-11.8697,-14.1614,-13.4473,1878,-50,40,0,12.3,36,staircase3,no_load,0.0
22.057891,1.172236,shoulder_lift,-12.5,-11.8697,-14.1614,-13.4473,1878,0,44,1,12.3,36,staircase3,no_load,0.0
22.06881,1.183155,shoulder_lift,-12.5,-11.8697,-14.1614,-13.4473,1878,0,40,0,12.3,36,staircase3,no_load,0.0
22.079504,1.193849,shoulder_lift,-12.5,-11.9472,-14.1614,-13.5352,1877,-50,36,1,12.3,36,staircase3,no_load,-8.22
22.090633,1.204978,shoulder_lift,-12.5,-11.9472,-14.1614,-13.5352,1877,-50,36,0,12.3,36,staircase3,no_load,0.0
22.101186,1.215531,shoulder_lift,-12.5,-11.9472,-14.1614,-13.5352,1877,0,40,1,12.3,36,staircase3,no_load,0.0
22.112269,1.226614,shoulder_lift,-12.5,-11.9472,-14.1614,-13.5352,1877,0,40,0,12.3,35,staircase3,no_load,0.0
22.123167,1.237512,shoulder_lift,-12.5,-11.9472,-14.1614,-13.5352,1877,0,40,1,12.3,36,staircase3,no_load,0.0
22.133799,1.248144,shoulder_lift,-12.5,-11.9472,-14.1614,-13.5352,1877,0,40,1,12.3,35,staircase3,no_load,0.0
22.144995,1.25934,shoulder_lift,-12.5,-11.9472,-14.1614,-13.5352,1877,0,40,0,12.3,36,staircase3,no_load,0.0
22.156067,1.270412,shoulder_lift,-12.5,-11.9472,-14.1614,-13.5352,1877,0,40,1,12.3,36,staircase3,no_load,0.0
22.166683,1.281028,shoulder_lift,-12.5,-11.9472,-14.1614,-13.5352,1877,0,40,0,12.3,36,staircase3,no_load,0.0
22.176981,1.291326,shoulder_lift,-12.5,-11.9472,-14.1614,-13.5352,1877,0,40,1,12.3,36,staircase3,no_load,0.0
22.187479,1.301824,shoulder_lift,-12.5,-11.9472,-14.1614,-13.5352,1877,0,40,1,12.4,36,staircase3,no_load,0.0
22.198647,1.312992,shoulder_lift,-12.5,-11.9472,-14.1614,-13.5352,1877,0,40,0,12.3,36,staircase3,no_load,0.0
22.209601,1.323946,shoulder_lift,-12.5,-11.9472,-14.1614,-13.5352,1877,0,40,1,12.3,36,staircase3,no_load,0.0
22.220633,1.334978,shoulder_lift,-12.5,-11.9472,-14.1614,-13.5352,1877,0,40,0,12.3,36,staircase3,no_load,0.0
22.231828,1.346173,shoulder_lift,-12.5,-11.9472,-14.1614,-13.5352,1877,0,40,1,12.3,35,staircase3,no_load,0.0
22.242798,1.357143,shoulder_lift,-12.5,-11.9472,-14.1614,-13.5352,1877,0,40,1,12.3,35,staircase3,no_load,0.0
22.253852,1.368197,shoulder_lift,-12.5,-11.9472,-14.1614,-13.5352,1877,0,40,1,12.3,36,staircase3,no_load,0.0
22.264842,1.379187,shoulder_lift,-12.5,-11.9472,-14.1614,-13.5352,1877,0,40,1,12.3,36,staircase3,no_load,0.0
22.275822,1.390167,shoulder_lift,-12.5,-11.9472,-14.1614,-13.5352,1877,0,40,1,12.3,35,staircase3,no_load,0.0
22.286832,1.401177,shoulder_lift,-12.5,-11.9472,-14.1614,-13.5352,1877,0,40,0,12.3,35,staircase3,no_load,0.0
22.297872,1.412217,shoulder_lift,-12.5,-11.9472,-14.1614,-13.5352,1877,0,40,1,12.3,35,staircase3,no_load,0.0
22.308937,1.423282,shoulder_lift,-12.5,-11.9472,-14.1614,-13.5352,1877,0,40,1,12.4,36,staircase3,no_load,0.0
22.319566,1.433911,shoulder_lift,-12.5,-11.9472,-14.1614,-13.5352,1877,0,40,1,12.3,36,staircase3,no_load,0.0
22.330116,1.444461,shoulder_lift,-12.5,-11.9472,-14.1614,-13.5352,1877,0,40,0,12.4,36,staircase3,no_load,0.0
22.340386,1.454731,shoulder_lift,-12.5,-11.9472,-14.1614,-13.5352,1877,0,40,1,12.3,36,staircase3,no_load,0.0
22.350851,1.465196,shoulder_lift,-12.5,-11.9472,-14.1614,-13.5352,1877,0,40,1,12.3,36,staircase3,no_load,0.0
22.361416,1.475761,shoulder_lift,-12.5,-11.9472,-14.1614,-13.5352,1877,0,40,1,12.3,36,staircase3,no_load,0.0
22.37159,1.485935,shoulder_lift,-12.5,-11.9472,-14.1614,-13.5352,1877,0,40,1,12.3,35,staircase3,no_load,0.0
22.381987,1.496332,shoulder_lift,-12.5,-11.9472,-14.1614,-13.5352,1877,0,40,0,12.4,36,staircase3,no_load,0.0
22.392526,1.506871,shoulder_lift,-12.5,-11.9472,-14.1614,-13.5352,1877,0,40,0,12.3,36,staircase3,no_load,0.0
22.403298,1.517643,shoulder_lift,-12.5,-11.9472,-14.1614,-13.5352,1877,0,40,1,12.3,36,staircase3,no_load,0.0
22.413913,1.528258,shoulder_lift,-12.5,-11.9472,-14.1614,-13.5352,1877,0,40,0,12.3,36,staircase3,no_load,0.0
22.424263,1.538608,shoulder_lift,-12.5,-11.9472,-14.1614,-13.5352,1877,0,40,1,12.3,36,staircase3,no_load,0.0
22.435314,1.549659,shoulder_lift,-12.5,-11.9472,-14.1614,-13.5352,1877,0,40,1,12.3,36,staircase3,no_load,0.0
22.446008,1.560353,shoulder_lift,-12.5,-11.9472,-14.1614,-13.5352,1877,0,40,0,12.3,36,staircase3,no_load,0.0
22.456215,1.57056,shoulder_lift,-12.5,-11.9472,-14.1614,-13.5352,1877,0,40,1,12.4,36,staircase3,no_load,0.0
22.466955,1.5813,shoulder_lift,-12.5,-11.9472,-14.1614,-13.5352,1877,0,40,0,12.3,36,staircase3,no_load,0.0
22.477866,1.592211,shoulder_lift,-12.5,-11.9472,-14.1614,-13.5352,1877,0,40,0,12.4,36,staircase3,no_load,0.0
22.488583,2e-06,shoulder_lift,-25.0,-11.9472,-28.3228,-13.5352,1877,0,40,1,12.3,36,staircase3,no_load,0.0
22.499632,0.01105,shoulder_lift,-25.0,-11.9472,-28.3228,-13.5352,1877,0,56,1,12.3,36,staircase3,no_load,0.0
22.510538,0.021957,shoulder_lift,-25.0,-11.9472,-28.3228,-13.5352,1877,0,76,3,12.3,36,staircase3,no_load,0.0
22.521388,0.032807,shoulder_lift,-25.0,-11.9472,-28.3228,-13.5352,1877,0,144,7,12.3,36,staircase3,no_load,0.0
22.532048,0.043467,shoulder_lift,-25.0,-12.0248,-28.3228,-13.623,1876,0,184,9,12.3,36,staircase3,no_load,-8.236
22.543144,0.054563,shoulder_lift,-25.0,-12.2576,-28.3228,-13.8867,1873,-100,264,17,12.2,36,staircase3,no_load,-23.765
22.554039,0.065458,shoulder_lift,-25.0,-12.6455,-28.3228,-14.3262,1868,-350,308,20,12.3,36,staircase3,no_load,-40.34
22.564679,0.076097,shoulder_lift,-25.0,-13.1109,-28.3228,-14.8535,1862,-350,376,25,12.3,36,staircase3,no_load,-49.558
22.575565,0.086984,shoulder_lift,-25.0,-13.8092,-28.3228,-15.6445,1853,-700,424,28,12.2,35,staircase3,no_load,-72.662
22.586455,0.097874,shoulder_lift,-25.0,-14.7401,-28.3228,-16.6992,1841,-700,448,21,12.2,36,staircase3,no_load,-96.85
22.597484,0.108903,shoulder_lift,-25.0,-15.7486,-28.3228,-17.8418,1828,-1100,396,7,12.3,36,staircase3,no_load,-103.6
22.608507,0.119926,shoulder_lift,-25.0,-16.8348,-28.3228,-19.0723,1814,-1100,388,8,12.3,36,staircase3,no_load,-111.63
22.61967,0.131089,shoulder_lift,-25.0,-17.8433,-28.3228,-20.2148,1801,-1250,320,1,12.3,36,staircase3,no_load,-102.347
22.630056,0.141475,shoulder_lift,-25.0,-18.8518,-28.3228,-21.3574,1788,-1250,296,2,12.3,36,staircase3,no_load,-110.013
22.640772,0.152191,shoulder_lift,-25.0,-19.7052,-28.3228,-22.3242,1777,-1150,224,0,12.3,36,staircase3,no_load,-90.22
22.651763,0.163182,shoulder_lift,-25.0,-20.481,-28.3228,-23.2031,1767,-1150,184,0,12.3,36,staircase3,no_load,-79.965
22.662792,0.174211,shoulder_lift,-25.0,-21.1016,-28.3228,-23.9063,1759,-950,140,0,12.3,36,staircase3,no_load,-63.759
22.673717,0.185136,shoulder_lift,-25.0,-21.6447,-28.3228,-24.5215,1752,-650,116,0,12.3,36,staircase3,no_load,-56.311
22.684843,0.196261,shoulder_lift,-25.0,-21.955,-28.3228,-24.873,1748,-650,116,1,12.3,36,staircase3,no_load,-31.593
22.695887,0.207306,shoulder_lift,-25.0,-22.2653,-28.3228,-25.2246,1744,-400,120,3,12.3,36,staircase3,no_load,-31.836
22.70626,0.217679,shoulder_lift,-25.0,-22.4205,-28.3228,-25.4004,1742,-400,112,2,12.3,36,staircase3,no_load,-16.948
22.717105,0.228523,shoulder_lift,-25.0,-22.6532,-28.3228,-25.6641,1739,-250,116,3,12.3,36,staircase3,no_load,-24.315
22.728267,0.239685,shoulder_lift,-25.0,-22.8084,-28.3228,-25.8398,1737,-250,108,3,12.3,36,staircase3,no_load,-15.741
22.738935,0.250354,shoulder_lift,-25.0,-22.9635,-28.3228,-26.0156,1735,-150,104,3,12.3,36,staircase3,no_load,-16.479
22.74929,0.260709,shoulder_lift,-25.0,-23.0411,-28.3228,-26.1035,1734,-150,96,3,12.3,36,staircase3,no_load,-8.489
22.759554,0.270973,shoulder_lift,-25.0,-23.1963,-28.3228,-26.2793,1732,-150,88,2,12.3,34,staircase3,no_load,-17.128
22.77005,0.281469,shoulder_lift,-25.0,-23.3514,-28.3228,-26.4551,1730,-150,80,1,12.3,36,staircase3,no_load,-16.749
22.780883,0.292302,shoulder_lift,-25.0,-23.5066,-28.3228,-26.6309,1728,-200,76,1,12.3,36,staircase3,no_load,-16.228
22.791657,0.303076,shoulder_lift,-25.0,-23.5842,-28.3228,-26.7188,1727,-200,72,1,12.3,36,staircase3,no_load,-8.159
22.802228,0.313647,shoulder_lift,-25.0,-23.5842,-28.3228,-26.7188,1727,-100,76,2,12.3,36,staircase3,no_load,0.0
22.813213,0.324632,shoulder_lift,-25.0,-23.6618,-28.3228,-26.8066,1726,-50,72,2,12.3,36,staircase3,no_load,-7.993
22.824154,0.335573,shoulder_lift,-25.0,-23.7393,-28.3228,-26.8945,1725,-50,72,1,12.3,36,staircase3,no_load,-8.034
22.834795,0.346214,shoulder_lift,-25.0,-23.7393,-28.3228,-26.8945,1725,-50,68,2,12.3,36,staircase3,no_load,0.0
22.845505,0.356924,shoulder_lift,-25.0,-23.8169,-28.3228,-26.9824,1724,-50,64,2,12.3,36,staircase3,no_load,-8.207
22.856338,0.367757,shoulder_lift,-25.0,-23.8945,-28.3228,-27.0703,1723,-100,64,2,12.3,36,staircase3,no_load,-8.114
22.867024,0.378443,shoulder_lift,-25.0,-23.8945,-28.3228,-27.0703,1723,-100,64,3,12.3,36,staircase3,no_load,0.0
22.877992,0.38941,shoulder_lift,-25.0,-23.8945,-28.3228,-27.0703,1723,0,68,2,12.3,36,staircase3,no_load,0.0
22.891186,0.402605,shoulder_lift,-25.0,-23.8945,-28.3228,-27.0703,1723,0,68,2,12.3,35,staircase3,no_load,0.0
22.901996,0.413414,shoulder_lift,-25.0,-23.8945,-28.3228,-27.0703,1723,0,68,2,12.3,36,staircase3,no_load,0.0
22.912648,0.424067,shoulder_lift,-25.0,-23.8945,-28.3228,-27.0703,1723,0,68,3,12.3,36,staircase3,no_load,0.0
22.923637,0.435056,shoulder_lift,-25.0,-23.8945,-28.3228,-27.0703,1723,0,68,3,12.3,36,staircase3,no_load,0.0
22.93437,0.445789,shoulder_lift,-25.0,-23.8945,-28.3228,-27.0703,1723,0,68,3,12.3,36,staircase3,no_load,0.0
22.945389,0.456808,shoulder_lift,-25.0,-23.8945,-28.3228,-27.0703,1723,0,68,3,12.3,36,staircase3,no_load,0.0
22.956379,0.467798,shoulder_lift,-25.0,-23.8945,-28.3228,-27.0703,1723,0,68,2,12.3,36,staircase3,no_load,0.0
22.967595,0.479014,shoulder_lift,-25.0,-23.8945,-28.3228,-27.0703,1723,0,68,2,12.3,36,staircase3,no_load,0.0
22.978619,0.490037,shoulder_lift,-25.0,-23.8945,-28.3228,-27.0703,1723,0,68,2,12.3,36,staircase3,no_load,0.0
22.988971,0.500389,shoulder_lift,-25.0,-23.8945,-28.3228,-27.0703,1723,0,68,3,12.4,36,staircase3,no_load,0.0
23.00005,0.511469,shoulder_lift,-25.0,-23.8945,-28.3228,-27.0703,1723,0,68,2,12.3,35,staircase3,no_load,0.0
23.010709,0.522128,shoulder_lift,-25.0,-23.8945,-28.3228,-27.0703,1723,0,68,2,12.3,36,staircase3,no_load,0.0
23.021092,0.532511,shoulder_lift,-25.0,-23.8945,-28.3228,-27.0703,1723,0,68,2,12.3,36,staircase3,no_load,0.0
23.031769,0.543188,shoulder_lift,-25.0,-23.8945,-28.3228,-27.0703,1723,0,68,2,12.3,36,staircase3,no_load,0.0
23.042427,0.553846,shoulder_lift,-25.0,-23.8945,-28.3228,-27.0703,1723,0,68,3,12.3,36,staircase3,no_load,0.0
23.053084,0.564503,shoulder_lift,-25.0,-23.8945,-28.3228,-27.0703,1723,0,68,2,12.3,36,staircase3,no_load,0.0
23.064204,0.575623,shoulder_lift,-25.0,-23.8945,-28.3228,-27.0703,1723,0,68,2,12.3,35,staircase3,no_load,0.0
23.075348,0.586766,shoulder_lift,-25.0,-23.8945,-28.3228,-27.0703,1723,0,68,2,12.3,36,staircase3,no_load,0.0
23.086279,0.597697,shoulder_lift,-25.0,-23.8945,-28.3228,-27.0703,1723,0,68,2,12.3,36,staircase3,no_load,0.0
23.097119,0.608538,shoulder_lift,-25.0,-23.8945,-28.3228,-27.0703,1723,0,68,2,12.3,36,staircase3,no_load,0.0
23.10797,0.619388,shoulder_lift,-25.0,-23.8945,-28.3228,-27.0703,1723,0,68,2,12.3,36,staircase3,no_load,0.0
23.118854,0.630273,shoulder_lift,-25.0,-23.8945,-28.3228,-27.0703,1723,0,68,2,12.3,36,staircase3,no_load,0.0
23.129903,0.641321,shoulder_lift,-25.0,-23.8945,-28.3228,-27.0703,1723,0,68,2,12.3,36,staircase3,no_load,0.0
23.140803,0.652221,shoulder_lift,-25.0,-23.8945,-28.3228,-27.0703,1723,0,68,3,12.3,36,staircase3,no_load,0.0
23.151471,0.66289,shoulder_lift,-25.0,-23.8945,-28.3228,-27.0703,1723,0,68,2,12.3,36,staircase3,no_load,0.0
23.162044,0.673463,shoulder_lift,-25.0,-23.8945,-28.3228,-27.0703,1723,0,68,2,12.3,36,staircase3,no_load,0.0
23.172298,0.683717,shoulder_lift,-25.0,-23.9721,-28.3228,-27.1582,1722,-50,64,2,12.3,36,staircase3,no_load,-8.572
23.183161,0.69458,shoulder_lift,-25.0,-23.9721,-28.3228,-27.1582,1722,-50,60,1,12.3,36,staircase3,no_load,0.0
23.194006,0.705425,shoulder_lift,-25.0,-23.9721,-28.3228,-27.1582,1722,0,60,2,12.3,36,staircase3,no_load,0.0
23.204668,0.716086,shoulder_lift,-25.0,-23.9721,-28.3228,-27.1582,1722,0,64,2,12.4,36,staircase3,no_load,0.0
23.215578,0.726996,shoulder_lift,-25.0,-23.9721,-28.3228,-27.1582,1722,0,64,3,12.3,36,staircase3,no_load,0.0
23.226304,0.737722,shoulder_lift,-25.0,-23.9721,-28.3228,-27.1582,1722,0,64,2,12.3,36,staircase3,no_load,0.0
23.237372,0.748791,shoulder_lift,-25.0,-23.9721,-28.3228,-27.1582,1722,0,64,2,12.3,36,staircase3,no_load,0.0
23.248132,0.759551,shoulder_lift,-25.0,-23.9721,-28.3228,-27.1582,1722,0,64,2,12.3,36,staircase3,no_load,0.0
23.259349,0.770768,shoulder_lift,-25.0,-23.9721,-28.3228,-27.1582,1722,0,64,2,12.3,36,staircase3,no_load,0.0
23.270436,0.781854,shoulder_lift,-25.0,-23.9721,-28.3228,-27.1582,1722,0,64,2,12.3,36,staircase3,no_load,0.0
23.280693,0.792112,shoulder_lift,-25.0,-23.9721,-28.3228,-27.1582,1722,0,64,2,12.3,36,staircase3,no_load,0.0
23.291635,0.803054,shoulder_lift,-25.0,-23.9721,-28.3228,-27.1582,1722,0,64,2,12.3,36,staircase3,no_load,0.0
23.302795,0.814214,shoulder_lift,-25.0,-23.9721,-28.3228,-27.1582,1722,0,64,2,12.3,36,staircase3,no_load,0.0
23.313847,0.825265,shoulder_lift,-25.0,-23.9721,-28.3228,-27.1582,1722,0,64,2,12.3,36,staircase3,no_load,0.0
23.324648,0.836067,shoulder_lift,-25.0,-23.9721,-28.3228,-27.1582,1722,0,64,2,12.3,36,staircase3,no_load,0.0
23.335621,0.847039,shoulder_lift,-25.0,-23.9721,-28.3228,-27.1582,1722,0,64,2,12.3,36,staircase3,no_load,0.0
23.346542,0.857961,shoulder_lift,-25.0,-23.9721,-28.3228,-27.1582,1722,0,64,2,12.3,35,staircase3,no_load,0.0
23.357541,0.86896,shoulder_lift,-25.0,-23.9721,-28.3228,-27.1582,1722,0,64,2,12.3,36,staircase3,no_load,0.0
23.368563,0.879981,shoulder_lift,-25.0,-23.9721,-28.3228,-27.1582,1722,0,64,2,12.4,36,staircase3,no_load,0.0
23.379631,0.89105,shoulder_lift,-25.0,-23.9721,-28.3228,-27.1582,1722,0,64,2,12.3,36,staircase3,no_load,0.0
23.390551,0.90197,shoulder_lift,-25.0,-23.9721,-28.3228,-27.1582,1722,0,64,2,12.3,36,staircase3,no_load,0.0
23.4013,0.912719,shoulder_lift,-25.0,-23.9721,-28.3228,-27.1582,1722,0,64,2,12.4,36,staircase3,no_load,0.0
23.412375,0.923794,shoulder_lift,-25.0,-23.9721,-28.3228,-27.1582,1722,0,64,2,12.3,36,staircase3,no_load,0.0
23.423413,0.934832,shoulder_lift,-25.0,-23.9721,-28.3228,-27.1582,1722,0,64,2,12.3,36,staircase3,no_load,0.0
23.433837,0.945255,shoulder_lift,-25.0,-23.9721,-28.3228,-27.1582,1722,0,64,2,12.3,36,staircase3,no_load,0.0
23.444907,0.956326,shoulder_lift,-25.0,-23.9721,-28.3228,-27.1582,1722,0,64,2,12.4,36,staircase3,no_load,0.0
23.455994,0.967413,shoulder_lift,-25.0,-23.9721,-28.3228,-27.1582,1722,0,64,1,12.3,36,staircase3,no_load,0.0
23.467061,0.978479,shoulder_lift,-25.0,-23.9721,-28.3228,-27.1582,1722,0,64,2,12.3,36,staircase3,no_load,0.0
23.477817,0.989236,shoulder_lift,-25.0,-23.9721,-28.3228,-27.1582,1722,0,64,2,12.3,36,staircase3,no_load,0.0
23.488987,1.000406,shoulder_lift,-25.0,-23.9721,-28.3228,-27.1582,1722,0,64,2,12.3,35,staircase3,no_load,0.0
23.49983,1.011249,shoulder_lift,-25.0,-23.9721,-28.3228,-27.1582,1722,0,64,2,12.3,36,staircase3,no_load,0.0
23.510133,1.021551,shoulder_lift,-25.0,-23.9721,-28.3228,-27.1582,1722,0,64,2,12.3,36,staircase3,no_load,0.0
23.520781,1.032199,shoulder_lift,-25.0,-23.9721,-28.3228,-27.1582,1722,0,64,2,12.3,36,staircase3,no_load,0.0
23.531447,1.042866,shoulder_lift,-25.0,-23.9721,-28.3228,-27.1582,1722,0,64,2,12.3,36,staircase3,no_load,0.0
23.54242,1.053839,shoulder_lift,-25.0,-23.9721,-28.3228,-27.1582,1722,0,64,2,12.3,36,staircase3,no_load,0.0
23.553276,1.064695,shoulder_lift,-25.0,-23.9721,-28.3228,-27.1582,1722,0,64,2,12.3,35,staircase3,no_load,0.0
23.564022,1.07544,shoulder_lift,-25.0,-23.9721,-28.3228,-27.1582,1722,0,64,3,12.3,36,staircase3,no_load,0.0
23.57508,1.086498,shoulder_lift,-25.0,-23.9721,-28.3228,-27.1582,1722,0,64,3,12.3,36,staircase3,no_load,0.0
23.585817,1.097236,shoulder_lift,-25.0,-23.9721,-28.3228,-27.1582,1722,0,64,2,12.3,36,staircase3,no_load,0.0
23.596614,1.108033,shoulder_lift,-25.0,-23.9721,-28.3228,-27.1582,1722,0,64,2,12.4,36,staircase3,no_load,0.0
23.60744,1.118859,shoulder_lift,-25.0,-23.9721,-28.3228,-27.1582,1722,0,64,3,12.3,36,staircase3,no_load,0.0
23.618005,1.129424,shoulder_lift,-25.0,-23.9721,-28.3228,-27.1582,1722,0,64,2,12.3,35,staircase3,no_load,0.0
23.628401,1.13982,shoulder_lift,-25.0,-23.9721,-28.3228,-27.1582,1722,0,64,2,12.3,36,staircase3,no_load,0.0
23.639178,1.150597,shoulder_lift,-25.0,-23.9721,-28.3228,-27.1582,1722,0,64,2,12.3,36,staircase3,no_load,0.0
23.650159,1.161578,shoulder_lift,-25.0,-23.9721,-28.3228,-27.1582,1722,0,64,2,12.3,35,staircase3,no_load,0.0
23.661239,1.172658,shoulder_lift,-25.0,-23.9721,-28.3228,-27.1582,1722,0,64,3,12.3,36,staircase3,no_load,0.0
23.672237,1.183655,shoulder_lift,-25.0,-23.9721,-28.3228,-27.1582,1722,0,64,2,12.3,36,staircase3,no_load,0.0
23.683241,1.194659,shoulder_lift,-25.0,-23.9721,-28.3228,-27.1582,1722,0,64,2,12.3,36,staircase3,no_load,0.0
23.693941,1.205359,shoulder_lift,-25.0,-23.9721,-28.3228,-27.1582,1722,0,64,2,12.3,36,staircase3,no_load,0.0
23.704913,1.216331,shoulder_lift,-25.0,-23.9721,-28.3228,-27.1582,1722,0,64,3,12.3,36,staircase3,no_load,0.0
23.715645,1.227063,shoulder_lift,-25.0,-23.9721,-28.3228,-27.1582,1722,0,64,2,12.3,36,staircase3,no_load,0.0
23.726248,1.237667,shoulder_lift,-25.0,-23.9721,-28.3228,-27.1582,1722,0,64,2,12.3,36,staircase3,no_load,0.0
23.736682,1.2481,shoulder_lift,-25.0,-23.9721,-28.3228,-27.1582,1722,0,64,2,12.3,36,staircase3,no_load,0.0
23.747221,1.25864,shoulder_lift,-25.0,-23.9721,-28.3228,-27.1582,1722,0,64,2,12.3,36,staircase3,no_load,0.0
23.757782,1.269201,shoulder_lift,-25.0,-23.9721,-28.3228,-27.1582,1722,0,64,2,12.3,36,staircase3,no_load,0.0
23.768112,1.279531,shoulder_lift,-25.0,-23.9721,-28.3228,-27.1582,1722,0,64,3,12.3,36,staircase3,no_load,0.0
23.779097,1.290516,shoulder_lift,-25.0,-23.9721,-28.3228,-27.1582,1722,0,64,3,12.3,36,staircase3,no_load,0.0
23.789837,1.301256,shoulder_lift,-25.0,-23.9721,-28.3228,-27.1582,1722,0,64,2,12.3,36,staircase3,no_load,0.0
23.800574,1.311993,shoulder_lift,-25.0,-23.9721,-28.3228,-27.1582,1722,0,64,2,12.3,36,staircase3,no_load,0.0
23.810906,1.322325,shoulder_lift,-25.0,-23.9721,-28.3228,-27.1582,1722,0,64,2,12.3,36,staircase3,no_load,0.0
23.821562,1.332981,shoulder_lift,-25.0,-23.9721,-28.3228,-27.1582,1722,0,64,2,12.3,36,staircase3,no_load,0.0
23.832063,1.343482,shoulder_lift,-25.0,-23.9721,-28.3228,-27.1582,1722,0,64,1,12.3,36,staircase3,no_load,0.0
23.842551,1.35397,shoulder_lift,-25.0,-23.9721,-28.3228,-27.1582,1722,0,64,2,12.3,36,staircase3,no_load,0.0
23.853665,1.365084,shoulder_lift,-25.0,-23.9721,-28.3228,-27.1582,1722,0,64,3,12.3,36,staircase3,no_load,0.0
23.864856,1.376275,shoulder_lift,-25.0,-23.9721,-28.3228,-27.1582,1722,0,64,3,12.3,35,staircase3,no_load,0.0
23.875702,1.387121,shoulder_lift,-25.0,-23.9721,-28.3228,-27.1582,1722,0,64,2,12.3,36,staircase3,no_load,0.0
23.886782,1.3982,shoulder_lift,-25.0,-23.9721,-28.3228,-27.1582,1722,0,64,2,12.3,36,staircase3,no_load,0.0
23.897892,1.409311,shoulder_lift,-25.0,-23.9721,-28.3228,-27.1582,1722,0,64,1,12.4,36,staircase3,no_load,0.0
23.909313,1.420732,shoulder_lift,-25.0,-23.9721,-28.3228,-27.1582,1722,0,64,2,12.3,36,staircase3,no_load,0.0
23.920186,1.431604,shoulder_lift,-25.0,-23.9721,-28.3228,-27.1582,1722,0,64,2,12.3,36,staircase3,no_load,0.0
23.931142,1.442561,shoulder_lift,-25.0,-23.9721,-28.3228,-27.1582,1722,0,64,2,12.4,36,staircase3,no_load,0.0
23.942074,1.453493,shoulder_lift,-25.0,-23.9721,-28.3228,-27.1582,1722,0,64,2,12.3,36,staircase3,no_load,0.0
23.953059,1.464478,shoulder_lift,-25.0,-23.9721,-28.3228,-27.1582,1722,0,64,2,12.4,35,staircase3,no_load,0.0
23.964191,1.475609,shoulder_lift,-25.0,-23.9721,-28.3228,-27.1582,1722,0,64,2,12.3,36,staircase3,no_load,0.0
23.975247,1.486666,shoulder_lift,-25.0,-23.9721,-28.3228,-27.1582,1722,0,64,2,12.4,36,staircase3,no_load,0.0
23.986313,1.497732,shoulder_lift,-25.0,-23.9721,-28.3228,-27.1582,1722,0,64,2,12.3,36,staircase3,no_load,0.0
23.997238,1.508657,shoulder_lift,-25.0,-23.9721,-28.3228,-27.1582,1722,0,64,2,12.3,36,staircase3,no_load,0.0
24.008306,1.519725,shoulder_lift,-25.0,-23.9721,-28.3228,-27.1582,1722,0,64,3,12.3,36,staircase3,no_load,0.0
24.019309,1.530728,shoulder_lift,-25.0,-23.9721,-28.3228,-27.1582,1722,0,64,2,12.3,36,staircase3,no_load,0.0
24.030474,1.541893,shoulder_lift,-25.0,-23.9721,-28.3228,-27.1582,1722,0,64,2,12.3,35,staircase3,no_load,0.0
24.041269,1.552687,shoulder_lift,-25.0,-23.9721,-28.3228,-27.1582,1722,0,64,2,12.4,36,staircase3,no_load,0.0
24.052347,1.563766,shoulder_lift,-25.0,-23.9721,-28.3228,-27.1582,1722,0,64,2,12.3,37,staircase3,no_load,0.0
24.06327,1.574689,shoulder_lift,-25.0,-23.9721,-28.3228,-27.1582,1722,0,64,2,12.3,36,staircase3,no_load,0.0
24.074376,1.585795,shoulder_lift,-25.0,-23.9721,-28.3228,-27.1582,1722,0,64,2,12.3,37,staircase3,no_load,0.0
24.084906,1.596325,shoulder_lift,-25.0,-23.9721,-28.3228,-27.1582,1722,0,64,2,12.3,36,staircase3,no_load,0.0
24.096819,4e-06,shoulder_lift,-37.5,-23.9721,-42.4841,-27.1582,1722,0,68,3,12.3,36,staircase3,no_load,0.0
24.107973,0.011158,shoulder_lift,-37.5,-23.9721,-42.4841,-27.1582,1722,0,76,3,12.3,36,staircase3,no_load,0.0
24.119194,0.022379,shoulder_lift,-37.5,-23.9721,-42.4841,-27.1582,1722,0,120,5,12.3,36,staircase3,no_load,0.0
24.130247,0.033432,shoulder_lift,-37.5,-24.0497,-42.4841,-27.2461,1721,-50,148,7,12.3,36,staircase3,no_load,-7.953
24.141352,0.044538,shoulder_lift,-37.5,-24.1272,-42.4841,-27.334,1720,-50,224,11,12.3,36,staircase3,no_load,-7.915
24.152428,0.055614,shoulder_lift,-37.5,-24.4375,-42.4841,-27.6855,1716,-250,268,19,12.2,36,staircase3,no_load,-31.735
24.162843,0.066028,shoulder_lift,-37.5,-24.8254,-42.4841,-28.125,1711,-250,332,19,12.3,36,staircase3,no_load,-42.199
24.173069,0.076255,shoulder_lift,-37.5,-25.3685,-42.4841,-28.7402,1704,-550,380,27,12.3,36,staircase3,no_load,-60.16
24.183864,0.08705,shoulder_lift,-37.5,-26.0667,-42.4841,-29.5312,1695,-550,436,34,12.2,36,staircase3,no_load,-73.275
24.194803,0.097989,shoulder_lift,-37.5,-26.9977,-42.4841,-30.5859,1683,-950,432,21,12.2,36,staircase3,no_load,-96.416
24.205555,0.10874,shoulder_lift,-37.5,-28.0062,-42.4841,-31.7285,1670,-950,440,17,12.3,36,staircase3,no_load,-106.269
24.216243,0.119428,shoulder_lift,-37.5,-29.0923,-42.4841,-32.959,1656,-1150,376,5,12.3,36,staircase3,no_load,-115.129
24.227352,0.130538,shoulder_lift,-37.5,-30.1009,-42.4841,-34.1016,1643,-1150,356,6,12.3,35,staircase3,no_load,-102.854
24.237586,0.140771,shoulder_lift,-37.5,-31.0318,-42.4841,-35.1562,1631,-1250,300,0,12.3,36,staircase3,no_load,-103.049
24.248448,0.151634,shoulder_lift,-37.5,-31.9628,-42.4841,-36.2109,1619,-1250,256,0,12.3,36,staircase3,no_load,-97.1
24.259298,0.162483,shoulder_lift,-37.5,-32.661,-42.4841,-37.002,1610,-1100,188,0,12.3,35,staircase3,no_load,-72.912
24.270421,0.173607,shoulder_lift,-37.5,-33.1265,-42.4841,-37.5293,1604,-650,164,0,12.3,36,staircase3,no_load,-47.406
24.281356,0.184542,shoulder_lift,-37.5,-33.5919,-42.4841,-38.0566,1598,-650,160,0,12.3,35,staircase3,no_load,-48.221
24.292274,0.195459,shoulder_lift,-37.5,-34.0574,-42.4841,-38.584,1592,-550,136,1,12.3,36,staircase3,no_load,-48.306
24.303414,0.206599,shoulder_lift,-37.5,-34.4453,-42.4841,-39.0234,1587,-550,120,2,12.3,36,staircase3,no_load,-39.443
24.31442,0.217605,shoulder_lift,-37.5,-34.7556,-42.4841,-39.375,1583,-400,120,3,12.3,36,staircase3,no_load,-31.946
24.325436,0.228622,shoulder_lift,-37.5,-34.9884,-42.4841,-39.6387,1580,-400,108,2,12.3,36,staircase3,no_load,-23.938
24.336558,0.239743,shoulder_lift,-37.5,-35.2987,-42.4841,-39.9902,1576,-300,100,2,12.3,36,staircase3,no_load,-31.604
24.347222,0.250407,shoulder_lift,-37.5,-35.5314,-42.4841,-40.2539,1573,-300,88,2,12.3,36,staircase3,no_load,-24.728
24.358383,0.261569,shoulder_lift,-37.5,-35.6866,-42.4841,-40.4297,1571,-250,80,2,12.3,35,staircase3,no_load,-15.751
24.369584,0.27277,shoulder_lift,-37.5,-35.9193,-42.4841,-40.6934,1568,-250,68,2,12.4,36,staircase3,no_load,-23.543
24.380559,0.283744,shoulder_lift,-37.5,-35.9969,-42.4841,-40.7812,1567,-250,76,2,12.3,36,staircase3,no_load,-8.0
24.391595,0.29478,shoulder_lift,-37.5,-36.0745,-42.4841,-40.8691,1566,-100,72,1,12.3,36,staircase3,no_load,-7.965
24.40242,0.305605,shoulder_lift,-37.5,-36.1521,-42.4841,-40.957,1565,-100,68,2,12.3,36,staircase3,no_load,-8.12
24.413573,0.316759,shoulder_lift,-37.5,-36.2296,-42.4841,-41.0449,1564,-50,72,2,12.3,36,staircase3,no_load,-7.881
24.424344,0.32753,shoulder_lift,-37.5,-36.2296,-42.4841,-41.0449,1564,-50,72,1,12.3,36,staircase3,no_load,0.0
24.434591,0.337777,shoulder_lift,-37.5,-36.3072,-42.4841,-41.1328,1563,-100,68,2,12.3,36,staircase3,no_load,-8.578
24.444871,0.348056,shoulder_lift,-37.5,-36.3848,-42.4841,-41.2207,1562,-100,64,2,12.3,36,staircase3,no_load,-8.551
24.45592,0.359106,shoulder_lift,-37.5,-36.4624,-42.4841,-41.3086,1561,-50,60,1,12.3,36,staircase3,no_load,-7.955
24.466717,0.369902,shoulder_lift,-37.5,-36.54,-42.4841,-41.3965,1560,-50,56,2,12.3,35,staircase3,no_load,-8.141
24.477878,0.381063,shoulder_lift,-37.5,-36.54,-42.4841,-41.3965,1560,-100,52,1,12.3,36,staircase3,no_load,0.0
24.488664,0.391849,shoulder_lift,-37.5,-36.54,-42.4841,-41.3965,1560,-100,52,1,12.3,36,staircase3,no_load,0.0
24.500354,0.403539,shoulder_lift,-37.5,-36.54,-42.4841,-41.3965,1560,0,60,2,12.3,36,staircase3,no_load,0.0
24.510785,0.413971,shoulder_lift,-37.5,-36.54,-42.4841,-41.3965,1560,0,60,2,12.3,36,staircase3,no_load,0.0
24.521236,0.424422,shoulder_lift,-37.5,-36.54,-42.4841,-41.3965,1560,0,60,1,12.3,36,staircase3,no_load,0.0
24.532318,0.435503,shoulder_lift,-37.5,-36.54,-42.4841,-41.3965,1560,0,60,2,12.3,36,staircase3,no_load,0.0
24.542807,0.445993,shoulder_lift,-37.5,-36.54,-42.4841,-41.3965,1560,0,60,2,12.3,36,staircase3,no_load,0.0
24.553597,0.456782,shoulder_lift,-37.5,-36.54,-42.4841,-41.3965,1560,0,60,2,12.3,36,staircase3,no_load,0.0
24.564361,0.467546,shoulder_lift,-37.5,-36.54,-42.4841,-41.3965,1560,0,60,2,12.3,36,staircase3,no_load,0.0
24.575185,0.47837,shoulder_lift,-37.5,-36.54,-42.4841,-41.3965,1560,0,60,2,12.3,36,staircase3,no_load,0.0
24.586343,0.489528,shoulder_lift,-37.5,-36.54,-42.4841,-41.3965,1560,0,60,1,12.3,36,staircase3,no_load,0.0
24.597072,0.500257,shoulder_lift,-37.5,-36.54,-42.4841,-41.3965,1560,0,60,2,12.3,36,staircase3,no_load,0.0
24.608036,0.511222,shoulder_lift,-37.5,-36.54,-42.4841,-41.3965,1560,0,60,2,12.4,36,staircase3,no_load,0.0
24.619061,0.522247,shoulder_lift,-37.5,-36.54,-42.4841,-41.3965,1560,0,60,2,12.3,35,staircase3,no_load,0.0
24.629339,0.532525,shoulder_lift,-37.5,-36.54,-42.4841,-41.3965,1560,0,60,2,12.3,36,staircase3,no_load,0.0
24.640548,0.543733,shoulder_lift,-37.5,-36.54,-42.4841,-41.3965,1560,0,60,2,12.3,36,staircase3,no_load,0.0
24.651392,0.554578,shoulder_lift,-37.5,-36.54,-42.4841,-41.3965,1560,0,60,2,12.3,36,staircase3,no_load,0.0
24.662457,0.565642,shoulder_lift,-37.5,-36.54,-42.4841,-41.3965,1560,0,60,2,12.3,35,staircase3,no_load,0.0
24.673648,0.576834,shoulder_lift,-37.5,-36.54,-42.4841,-41.3965,1560,0,60,1,12.3,36,staircase3,no_load,0.0
24.684723,0.587908,shoulder_lift,-37.5,-36.54,-42.4841,-41.3965,1560,0,60,2,12.3,36,staircase3,no_load,0.0
24.695595,0.598781,shoulder_lift,-37.5,-36.54,-42.4841,-41.3965,1560,0,60,2,12.3,36,staircase3,no_load,0.0
24.706258,0.609444,shoulder_lift,-37.5,-36.54,-42.4841,-41.3965,1560,0,60,2,12.3,36,staircase3,no_load,0.0
24.716488,0.619674,shoulder_lift,-37.5,-36.54,-42.4841,-41.3965,1560,0,60,2,12.3,36,staircase3,no_load,0.0
24.727,0.630186,shoulder_lift,-37.5,-36.54,-42.4841,-41.3965,1560,0,60,2,12.3,36,staircase3,no_load,0.0
24.737723,0.640908,shoulder_lift,-37.5,-36.54,-42.4841,-41.3965,1560,0,60,2,12.3,36,staircase3,no_load,0.0
24.747951,0.651137,shoulder_lift,-37.5,-36.54,-42.4841,-41.3965,1560,0,60,1,12.3,35,staircase3,no_load,0.0
24.758387,0.661573,shoulder_lift,-37.5,-36.54,-42.4841,-41.3965,1560,0,60,2,12.3,36,staircase3,no_load,0.0
24.769078,0.672264,shoulder_lift,-37.5,-36.54,-42.4841,-41.3965,1560,0,60,1,12.3,36,staircase3,no_load,0.0
24.780003,0.683189,shoulder_lift,-37.5,-36.54,-42.4841,-41.3965,1560,0,60,1,12.3,36,staircase3,no_load,0.0
24.79091,0.694096,shoulder_lift,-37.5,-36.54,-42.4841,-41.3965,1560,0,60,2,12.4,36,staircase3,no_load,0.0
24.801658,0.704844,shoulder_lift,-37.5,-36.54,-42.4841,-41.3965,1560,0,60,2,12.3,36,staircase3,no_load,0.0
24.812249,0.715435,shoulder_lift,-37.5,-36.54,-42.4841,-41.3965,1560,0,60,2,12.3,36,staircase3,no_load,0.0
24.823038,0.726224,shoulder_lift,-37.5,-36.54,-42.4841,-41.3965,1560,0,60,2,12.3,35,staircase3,no_load,0.0
24.834035,0.737221,shoulder_lift,-37.5,-36.54,-42.4841,-41.3965,1560,0,60,2,12.3,36,staircase3,no_load,0.0
24.845156,0.748341,shoulder_lift,-37.5,-36.54,-42.4841,-41.3965,1560,0,60,2,12.3,36,staircase3,no_load,0.0
24.85637,0.759555,shoulder_lift,-37.5,-36.54,-42.4841,-41.3965,1560,0,60,2,12.3,36,staircase3,no_load,0.0
24.867482,0.770668,shoulder_lift,-37.5,-36.54,-42.4841,-41.3965,1560,0,60,2,12.3,36,staircase3,no_load,0.0
24.87826,0.781445,shoulder_lift,-37.5,-36.54,-42.4841,-41.3965,1560,0,60,2,12.3,36,staircase3,no_load,0.0
24.890002,0.793187,shoulder_lift,-37.5,-36.54,-42.4841,-41.3965,1560,0,60,2,12.3,36,staircase3,no_load,0.0
24.901031,0.804216,shoulder_lift,-37.5,-36.54,-42.4841,-41.3965,1560,0,60,2,12.3,36,staircase3,no_load,0.0
24.912146,0.815332,shoulder_lift,-37.5,-36.54,-42.4841,-41.3965,1560,0,60,2,12.3,36,staircase3,no_load,0.0
24.923291,0.826477,shoulder_lift,-37.5,-36.54,-42.4841,-41.3965,1560,0,60,2,12.3,36,staircase3,no_load,0.0
24.934279,0.837464,shoulder_lift,-37.5,-36.54,-42.4841,-41.3965,1560,0,60,2,12.3,36,staircase3,no_load,0.0
24.944974,0.84816,shoulder_lift,-37.5,-36.54,-42.4841,-41.3965,1560,0,60,2,12.3,36,staircase3,no_load,0.0
24.955701,0.858887,shoulder_lift,-37.5,-36.54,-42.4841,-41.3965,1560,0,60,2,12.3,36,staircase3,no_load,0.0
24.966407,0.869593,shoulder_lift,-37.5,-36.54,-42.4841,-41.3965,1560,0,60,2,12.3,36,staircase3,no_load,0.0
24.977513,0.880699,shoulder_lift,-37.5,-36.54,-42.4841,-41.3965,1560,0,60,1,12.3,36,staircase3,no_load,0.0
24.988443,0.891629,shoulder_lift,-37.5,-36.54,-42.4841,-41.3965,1560,0,60,2,12.4,36,staircase3,no_load,0.0
24.999094,0.90228,shoulder_lift,-37.5,-36.54,-42.4841,-41.3965,1560,0,60,1,12.3,36,staircase3,no_load,0.0
25.009844,0.913029,shoulder_lift,-37.5,-36.54,-42.4841,-41.3965,1560,0,60,2,12.3,36,staircase3,no_load,0.0
25.021065,0.924251,shoulder_lift,-37.5,-36.54,-42.4841,-41.3965,1560,0,60,2,12.3,36,staircase3,no_load,0.0
25.032153,0.935338,shoulder_lift,-37.5,-36.54,-42.4841,-41.3965,1560,0,60,2,12.3,36,staircase3,no_load,0.0
25.042409,0.945595,shoulder_lift,-37.5,-36.54,-42.4841,-41.3965,1560,0,60,2,12.3,36,staircase3,no_load,0.0
25.053178,0.956364,shoulder_lift,-37.5,-36.54,-42.4841,-41.3965,1560,0,60,2,12.3,36,staircase3,no_load,0.0
25.064148,0.967334,shoulder_lift,-37.5,-36.54,-42.4841,-41.3965,1560,0,60,1,12.3,36,staircase3,no_load,0.0
25.074903,0.978089,shoulder_lift,-37.5,-36.54,-42.4841,-41.3965,1560,0,60,2,12.3,36,staircase3,no_load,0.0
25.085434,0.98862,shoulder_lift,-37.5,-36.54,-42.4841,-41.3965,1560,0,60,2,12.3,36,staircase3,no_load,0.0
25.096551,0.999736,shoulder_lift,-37.5,-36.54,-42.4841,-41.3965,1560,0,60,2,12.3,36,staircase3,no_load,0.0
25.107408,1.010594,shoulder_lift,-37.5,-36.54,-42.4841,-41.3965,1560,0,60,2,12.3,36,staircase3,no_load,0.0
25.11825,1.021436,shoulder_lift,-37.5,-36.54,-42.4841,-41.3965,1560,0,60,1,12.3,36,staircase3,no_load,0.0
25.129391,1.032577,shoulder_lift,-37.5,-36.54,-42.4841,-41.3965,1560,0,60,2,12.3,36,staircase3,no_load,0.0
25.14041,1.043595,shoulder_lift,-37.5,-36.54,-42.4841,-41.3965,1560,0,60,1,12.3,36,staircase3,no_load,0.0
25.151567,1.054752,shoulder_lift,-37.5,-36.54,-42.4841,-41.3965,1560,0,60,2,12.3,36,staircase3,no_load,0.0
25.162072,1.065257,shoulder_lift,-37.5,-36.54,-42.4841,-41.3965,1560,0,60,2,12.3,35,staircase3,no_load,0.0
25.172201,1.075387,shoulder_lift,-37.5,-36.54,-42.4841,-41.3965,1560,0,60,2,12.3,36,staircase3,no_load,0.0
25.182646,1.085832,shoulder_lift,-37.5,-36.54,-42.4841,-41.3965,1560,0,60,2,12.3,36,staircase3,no_load,0.0
25.193357,1.096542,shoulder_lift,-37.5,-36.54,-42.4841,-41.3965,1560,0,60,2,12.4,36,staircase3,no_load,0.0
25.204214,1.107399,shoulder_lift,-37.5,-36.54,-42.4841,-41.3965,1560,0,60,2,12.3,35,staircase3,no_load,0.0
25.215188,1.118374,shoulder_lift,-37.5,-36.54,-42.4841,-41.3965,1560,0,60,2,12.3,36,staircase3,no_load,0.0
25.225998,1.129183,shoulder_lift,-37.5,-36.54,-42.4841,-41.3965,1560,0,60,2,12.3,36,staircase3,no_load,0.0
25.236894,1.14008,shoulder_lift,-37.5,-36.54,-42.4841,-41.3965,1560,0,60,2,12.4,36,staircase3,no_load,0.0
25.247794,1.150979,shoulder_lift,-37.5,-36.54,-42.4841,-41.3965,1560,0,60,2,12.4,36,staircase3,no_load,0.0
25.258763,1.161949,shoulder_lift,-37.5,-36.54,-42.4841,-41.3965,1560,0,60,2,12.3,36,staircase3,no_load,0.0
25.269864,1.173049,shoulder_lift,-37.5,-36.54,-42.4841,-41.3965,1560,0,60,2,12.3,36,staircase3,no_load,0.0
25.281031,1.184216,shoulder_lift,-37.5,-36.54,-42.4841,-41.3965,1560,0,60,2,12.3,36,staircase3,no_load,0.0
25.291624,1.19481,shoulder_lift,-37.5,-36.54,-42.4841,-41.3965,1560,0,60,2,12.3,36,staircase3,no_load,0.0
25.30268,1.205866,shoulder_lift,-37.5,-36.54,-42.4841,-41.3965,1560,0,60,2,12.3,36,staircase3,no_load,0.0
25.31359,1.216776,shoulder_lift,-37.5,-36.54,-42.4841,-41.3965,1560,0,60,2,12.3,36,staircase3,no_load,0.0
25.324285,1.22747,shoulder_lift,-37.5,-36.54,-42.4841,-41.3965,1560,0,60,1,12.3,36,staircase3,no_load,0.0
25.334519,1.237705,shoulder_lift,-37.5,-36.54,-42.4841,-41.3965,1560,0,60,2,12.3,36,staircase3,no_load,0.0
25.345375,1.24856,shoulder_lift,-37.5,-36.54,-42.4841,-41.3965,1560,0,60,2,12.4,36,staircase3,no_load,0.0
25.356289,1.259475,shoulder_lift,-37.5,-36.54,-42.4841,-41.3965,1560,0,60,2,12.3,36,staircase3,no_load,0.0
25.367298,1.270483,shoulder_lift,-37.5,-36.54,-42.4841,-41.3965,1560,0,60,2,12.3,36,staircase3,no_load,0.0
25.378398,1.281583,shoulder_lift,-37.5,-36.54,-42.4841,-41.3965,1560,0,60,2,12.3,36,staircase3,no_load,0.0
25.38929,1.292476,shoulder_lift,-37.5,-36.54,-42.4841,-41.3965,1560,0,60,2,12.3,36,staircase3,no_load,0.0
25.400061,1.303247,shoulder_lift,-37.5,-36.54,-42.4841,-41.3965,1560,0,60,1,12.3,36,staircase3,no_load,0.0
25.411008,1.314194,shoulder_lift,-37.5,-36.54,-42.4841,-41.3965,1560,0,60,2,12.3,36,staircase3,no_load,0.0
25.421848,1.325033,shoulder_lift,-37.5,-36.54,-42.4841,-41.3965,1560,0,60,2,12.3,35,staircase3,no_load,0.0
25.432449,1.335634,shoulder_lift,-37.5,-36.54,-42.4841,-41.3965,1560,0,60,2,12.3,36,staircase3,no_load,0.0
25.443178,1.346363,shoulder_lift,-37.5,-36.54,-42.4841,-41.3965,1560,0,60,2,12.3,36,staircase3,no_load,0.0
25.454028,1.357213,shoulder_lift,-37.5,-36.54,-42.4841,-41.3965,1560,0,60,2,12.3,36,staircase3,no_load,0.0
25.464786,1.367971,shoulder_lift,-37.5,-36.54,-42.4841,-41.3965,1560,0,60,2,12.3,36,staircase3,no_load,0.0
25.475597,1.378783,shoulder_lift,-37.5,-36.54,-42.4841,-41.3965,1560,0,60,2,12.3,36,staircase3,no_load,0.0
25.486651,1.389836,shoulder_lift,-37.5,-36.54,-42.4841,-41.3965,1560,0,60,2,12.3,36,staircase3,no_load,0.0
25.497382,1.400567,shoulder_lift,-37.5,-36.54,-42.4841,-41.3965,1560,0,60,1,12.4,36,staircase3,no_load,0.0
25.508158,1.411344,shoulder_lift,-37.5,-36.54,-42.4841,-41.3965,1560,0,60,2,12.3,36,staircase3,no_load,0.0
25.518293,1.421479,shoulder_lift,-37.5,-36.54,-42.4841,-41.3965,1560,0,60,2,12.4,36,staircase3,no_load,0.0
25.529042,1.432227,shoulder_lift,-37.5,-36.54,-42.4841,-41.3965,1560,0,60,2,12.3,36,staircase3,no_load,0.0
25.539887,1.443072,shoulder_lift,-37.5,-36.54,-42.4841,-41.3965,1560,0,60,2,12.3,36,staircase3,no_load,0.0
25.550108,1.453294,shoulder_lift,-37.5,-36.54,-42.4841,-41.3965,1560,0,60,2,12.3,36,staircase3,no_load,0.0
25.560872,1.464057,shoulder_lift,-37.5,-36.54,-42.4841,-41.3965,1560,0,60,2,12.3,36,staircase3,no_load,0.0
25.571769,1.474954,shoulder_lift,-37.5,-36.54,-42.4841,-41.3965,1560,0,60,2,12.3,36,staircase3,no_load,0.0
25.582569,1.485755,shoulder_lift,-37.5,-36.54,-42.4841,-41.3965,1560,0,60,2,12.3,36,staircase3,no_load,0.0
25.593389,1.496574,shoulder_lift,-37.5,-36.54,-42.4841,-41.3965,1560,0,60,2,12.3,35,staircase3,no_load,0.0
25.604449,1.507634,shoulder_lift,-37.5,-36.54,-42.4841,-41.3965,1560,0,60,2,12.3,36,staircase3,no_load,0.0
25.61552,1.518705,shoulder_lift,-37.5,-36.54,-42.4841,-41.3965,1560,0,60,2,12.3,36,staircase3,no_load,0.0
25.626118,1.529304,shoulder_lift,-37.5,-36.54,-42.4841,-41.3965,1560,0,60,1,12.3,36,staircase3,no_load,0.0
25.636775,1.539961,shoulder_lift,-37.5,-36.54,-42.4841,-41.3965,1560,0,60,1,12.3,36,staircase3,no_load,0.0
25.647666,1.550852,shoulder_lift,-37.5,-36.54,-42.4841,-41.3965,1560,0,60,2,12.3,36,staircase3,no_load,0.0
25.658429,1.561614,shoulder_lift,-37.5,-36.54,-42.4841,-41.3965,1560,0,60,2,12.3,36,staircase3,no_load,0.0
25.669087,1.572273,shoulder_lift,-37.5,-36.54,-42.4841,-41.3965,1560,0,60,1,12.3,36,staircase3,no_load,0.0
25.680127,1.583313,shoulder_lift,-37.5,-36.54,-42.4841,-41.3965,1560,0,60,2,12.3,36,staircase3,no_load,0.0
25.691047,1.594233,shoulder_lift,-37.5,-36.54,-42.4841,-41.3965,1560,0,60,2,12.3,36,staircase3,no_load,0.0
25.7025,3e-06,shoulder_lift,-50.0,-36.54,-56.6455,-41.3965,1560,0,64,2,12.3,36,staircase3,no_load,0.0
25.713419,0.010922,shoulder_lift,-50.0,-36.54,-56.6455,-41.3965,1560,0,80,3,12.3,36,staircase3,no_load,0.0
25.724459,0.021962,shoulder_lift,-50.0,-36.54,-56.6455,-41.3965,1560,0,100,4,12.4,36,staircase3,no_load,0.0
25.734997,0.0325,shoulder_lift,-50.0,-36.6175,-56.6455,-41.4844,1559,-50,160,10,12.3,36,staircase3,no_load,-8.341
25.745564,0.043067,shoulder_lift,-50.0,-36.7727,-56.6455,-41.6602,1557,-50,200,9,12.3,36,staircase3,no_load,-16.637
25.755736,0.053239,shoulder_lift,-50.0,-37.0054,-56.6455,-41.9238,1554,-100,264,22,12.2,36,staircase3,no_load,-25.914
25.766149,0.063652,shoulder_lift,-50.0,-37.3157,-56.6455,-42.2754,1550,-100,308,18,12.3,36,staircase3,no_load,-33.765
25.776598,0.0741,shoulder_lift,-50.0,-37.8588,-56.6455,-42.8906,1543,-400,376,27,12.2,36,staircase3,no_load,-58.876
25.787469,0.084972,shoulder_lift,-50.0,-38.6346,-56.6455,-43.7695,1533,-400,420,30,12.2,36,staircase3,no_load,-80.848
25.79826,0.095763,shoulder_lift,-50.0,-39.488,-56.6455,-44.7363,1522,-850,440,21,12.2,36,staircase3,no_load,-89.593
25.809149,0.106652,shoulder_lift,-50.0,-40.4965,-56.6455,-45.8789,1509,-1150,448,20,12.3,36,staircase3,no_load,-104.932
25.820186,0.117689,shoulder_lift,-50.0,-41.5826,-56.6455,-47.1094,1495,-1150,384,5,12.3,36,staircase3,no_load,-111.489
25.831122,0.128625,shoulder_lift,-50.0,-42.8239,-56.6455,-48.5156,1479,-1350,312,0,12.3,36,staircase3,no_load,-128.584
25.841801,0.139304,shoulder_lift,-50.0,-43.8324,-56.6455,-49.6582,1466,-1350,284,0,12.3,36,staircase3,no_load,-106.995
25.852587,0.15009,shoulder_lift,-50.0,-44.841,-56.6455,-50.8008,1453,-1200,212,0,12.3,36,staircase3,no_load,-105.934
25.863837,0.16134,shoulder_lift,-50.0,-45.6943,-56.6455,-51.7676,1442,-1200,168,0,12.0,36,staircase3,no_load,-85.938
25.874609,0.172112,shoulder_lift,-50.0,-46.3926,-56.6455,-52.5586,1433,-1000,112,0,12.4,36,staircase3,no_load,-73.431
25.885755,0.183258,shoulder_lift,-50.0,-47.0908,-56.6455,-53.3496,1424,-1000,80,0,12.3,36,staircase3,no_load,-70.967
25.897111,0.194614,shoulder_lift,-50.0,-47.789,-56.6455,-54.1406,1415,-850,64,0,12.3,36,staircase3,no_load,-69.655
25.908009,0.205512,shoulder_lift,-50.0,-48.0993,-56.6455,-54.4922,1411,-500,44,0,12.4,36,staircase3,no_load,-32.263
25.918754,0.216257,shoulder_lift,-50.0,-48.4096,-56.6455,-54.8438,1407,-500,60,0,12.3,36,staircase3,no_load,-32.722
25.929497,0.227,shoulder_lift,-50.0,-48.5648,-56.6455,-55.0195,1405,-300,48,1,12.3,36,staircase3,no_load,-16.355
25.940507,0.23801,shoulder_lift,-50.0,-48.7199,-56.6455,-55.1953,1403,-300,56,0,12.3,36,staircase3,no_load,-15.967
25.951141,0.248644,shoulder_lift,-50.0,-48.8751,-56.6455,-55.3711,1401,-150,60,1,12.3,36,staircase3,no_load,-16.532
25.96222,0.259723,shoulder_lift,-50.0,-48.9527,-56.6455,-55.459,1400,-150,56,1,12.3,35,staircase3,no_load,-7.934
25.973407,0.27091,shoulder_lift,-50.0,-49.0303,-56.6455,-55.5469,1399,-150,52,1,12.3,36,staircase3,no_load,-7.857
25.984527,0.28203,shoulder_lift,-50.0,-49.1078,-56.6455,-55.6348,1398,-150,52,0,12.3,36,staircase3,no_load,-7.905
25.995623,0.293126,shoulder_lift,-50.0,-49.1854,-56.6455,-55.7227,1397,-100,48,0,12.3,36,staircase3,no_load,-7.922
26.0068,0.304303,shoulder_lift,-50.0,-49.1854,-56.6455,-55.7227,1397,-100,48,0,12.3,36,staircase3,no_load,0.0
26.017452,0.314955,shoulder_lift,-50.0,-49.1854,-56.6455,-55.7227,1397,0,56,0,12.3,36,staircase3,no_load,0.0
26.028654,0.326157,shoulder_lift,-50.0,-49.1854,-56.6455,-55.7227,1397,0,52,0,12.3,36,staircase3,no_load,0.0
26.039606,0.337109,shoulder_lift,-50.0,-49.3406,-56.6455,-55.8984,1395,0,44,0,12.3,36,staircase3,no_load,-16.043
26.050285,0.347788,shoulder_lift,-50.0,-49.4182,-56.6455,-55.9863,1394,-150,36,0,12.3,36,staircase3,no_load,-8.231
26.06139,0.358893,shoulder_lift,-50.0,-49.4957,-56.6455,-56.0742,1393,-150,28,0,12.3,36,staircase3,no_load,-7.915
26.072342,0.369845,shoulder_lift,-50.0,-49.8836,-56.6455,-56.5137,1388,-200,1064,0,12.3,36,staircase3,no_load,-40.13
26.082713,0.380216,shoulder_lift,-50.0,-49.9612,-56.6455,-56.6016,1387,-200,1064,0,12.3,36,staircase3,no_load,-8.476
26.093564,0.391067,shoulder_lift,-50.0,-50.0388,-56.6455,-56.6895,1386,-150,1044,0,12.3,36,staircase3,no_load,-8.101
26.104656,0.402159,shoulder_lift,-50.0,-50.1939,-56.6455,-56.8652,1384,-150,1052,0,12.3,36,staircase3,no_load,-15.84
26.115407,0.41291,shoulder_lift,-50.0,-50.3491,-56.6455,-57.041,1382,-200,1064,0,12.3,36,staircase3,no_load,-16.352
26.126346,0.423849,shoulder_lift,-50.0,-50.3491,-56.6455,-57.041,1382,-200,1064,1,12.3,36,staircase3,no_load,0.0
26.137134,0.434637,shoulder_lift,-50.0,-50.3491,-56.6455,-57.041,1382,-50,1052,1,12.3,36,staircase3,no_load,0.0
26.147769,0.445272,shoulder_lift,-50.0,-50.3491,-56.6455,-57.041,1382,0,1052,0,12.3,36,staircase3,no_load,0.0
26.158738,0.456241,shoulder_lift,-50.0,-50.3491,-56.6455,-57.041,1382,0,1052,0,12.3,36,staircase3,no_load,0.0
26.169856,0.467359,shoulder_lift,-50.0,-50.2715,-56.6455,-56.9531,1383,50,1044,0,12.3,36,staircase3,no_load,7.906
26.180139,0.477642,shoulder_lift,-50.0,-50.2715,-56.6455,-56.9531,1383,50,1044,0,12.3,36,staircase3,no_load,0.0
26.191339,0.488842,shoulder_lift,-50.0,-50.2715,-56.6455,-56.9531,1383,0,1048,0,12.3,36,staircase3,no_load,0.0
26.202383,0.499886,shoulder_lift,-50.0,-50.2715,-56.6455,-56.9531,1383,0,1048,0,12.3,36,staircase3,no_load,0.0
26.213272,0.510775,shoulder_lift,-50.0,-50.2715,-56.6455,-56.9531,1383,0,1048,0,12.4,36,staircase3,no_load,0.0
26.224079,0.521582,shoulder_lift,-50.0,-50.2715,-56.6455,-56.9531,1383,0,1048,0,12.3,36,staircase3,no_load,0.0
26.234893,0.532396,shoulder_lift,-50.0,-50.2715,-56.6455,-56.9531,1383,0,1048,0,12.3,36,staircase3,no_load,0.0
26.246012,0.543515,shoulder_lift,-50.0,-50.2715,-56.6455,-56.9531,1383,0,1048,0,12.3,36,staircase3,no_load,0.0
26.25713,0.554633,shoulder_lift,-50.0,-50.2715,-56.6455,-56.9531,1383,0,1048,0,12.3,36,staircase3,no_load,0.0
26.26825,0.565753,shoulder_lift,-50.0,-50.2715,-56.6455,-56.9531,1383,0,1048,0,12.3,36,staircase3,no_load,0.0
26.279238,0.576741,shoulder_lift,-50.0,-50.2715,-56.6455,-56.9531,1383,0,1048,0,12.3,36,staircase3,no_load,0.0
26.290038,0.587541,shoulder_lift,-50.0,-50.2715,-56.6455,-56.9531,1383,0,1048,0,12.3,35,staircase3,no_load,0.0
26.301103,0.598606,shoulder_lift,-50.0,-50.2715,-56.6455,-56.9531,1383,0,1048,0,12.3,36,staircase3,no_load,0.0
26.312213,0.609716,shoulder_lift,-50.0,-50.2715,-56.6455,-56.9531,1383,0,1048,0,12.3,36,staircase3,no_load,0.0
26.323078,0.620581,shoulder_lift,-50.0,-50.2715,-56.6455,-56.9531,1383,0,1048,0,12.3,36,staircase3,no_load,0.0
26.334085,0.631588,shoulder_lift,-50.0,-50.2715,-56.6455,-56.9531,1383,0,1048,0,12.3,36,staircase3,no_load,0.0
26.345265,0.642768,shoulder_lift,-50.0,-50.2715,-56.6455,-56.9531,1383,0,1048,0,12.3,36,staircase3,no_load,0.0
26.356272,0.653775,shoulder_lift,-50.0,-50.2715,-56.6455,-56.9531,1383,0,1048,0,12.4,35,staircase3,no_load,0.0
26.367376,0.664879,shoulder_lift,-50.0,-50.2715,-56.6455,-56.9531,1383,0,1048,0,12.3,36,staircase3,no_load,0.0
26.378237,0.67574,shoulder_lift,-50.0,-50.2715,-56.6455,-56.9531,1383,0,1048,0,12.3,36,staircase3,no_load,0.0
26.388893,0.686396,shoulder_lift,-50.0,-50.2715,-56.6455,-56.9531,1383,0,1048,0,12.3,36,staircase3,no_load,0.0
26.39951,0.697013,shoulder_lift,-50.0,-50.2715,-56.6455,-56.9531,1383,0,1048,0,12.3,36,staircase3,no_load,0.0
26.410416,0.707919,shoulder_lift,-50.0,-50.2715,-56.6455,-56.9531,1383,0,1048,0,12.3,36,staircase3,no_load,0.0
26.421478,0.718981,shoulder_lift,-50.0,-50.2715,-56.6455,-56.9531,1383,0,1048,0,12.3,36,staircase3,no_load,0.0
26.432548,0.730051,shoulder_lift,-50.0,-50.2715,-56.6455,-56.9531,1383,0,1048,1,12.3,36,staircase3,no_load,0.0
26.44298,0.740483,shoulder_lift,-50.0,-50.2715,-56.6455,-56.9531,1383,0,1048,0,12.3,36,staircase3,no_load,0.0
26.45411,0.751613,shoulder_lift,-50.0,-50.2715,-56.6455,-56.9531,1383,0,1048,0,12.3,36,staircase3,no_load,0.0
26.464929,0.762432,shoulder_lift,-50.0,-50.2715,-56.6455,-56.9531,1383,0,1048,0,12.3,36,staircase3,no_load,0.0
26.475967,0.773469,shoulder_lift,-50.0,-50.2715,-56.6455,-56.9531,1383,0,1048,0,12.3,36,staircase3,no_load,0.0
26.487113,0.784616,shoulder_lift,-50.0,-50.2715,-56.6455,-56.9531,1383,0,1048,0,12.3,36,staircase3,no_load,0.0
26.497905,0.795408,shoulder_lift,-50.0,-50.2715,-56.6455,-56.9531,1383,0,1048,0,12.3,36,staircase3,no_load,0.0
26.508866,0.806369,shoulder_lift,-50.0,-50.2715,-56.6455,-56.9531,1383,0,1048,0,12.4,35,staircase3,no_load,0.0
26.519252,0.816755,shoulder_lift,-50.0,-50.2715,-56.6455,-56.9531,1383,0,1048,0,12.3,36,staircase3,no_load,0.0
26.529551,0.827054,shoulder_lift,-50.0,-50.2715,-56.6455,-56.9531,1383,0,1048,0,12.3,36,staircase3,no_load,0.0
26.540352,0.837855,shoulder_lift,-50.0,-50.2715,-56.6455,-56.9531,1383,0,1048,0,12.3,36,staircase3,no_load,0.0
26.55136,0.848863,shoulder_lift,-50.0,-50.2715,-56.6455,-56.9531,1383,0,1048,0,12.4,36,staircase3,no_load,0.0
26.56211,0.859613,shoulder_lift,-50.0,-50.2715,-56.6455,-56.9531,1383,0,1048,0,12.4,36,staircase3,no_load,0.0
26.573016,0.870519,shoulder_lift,-50.0,-50.2715,-56.6455,-56.9531,1383,0,1048,0,12.3,36,staircase3,no_load,0.0
26.583727,0.88123,shoulder_lift,-50.0,-50.2715,-56.6455,-56.9531,1383,0,1048,0,12.3,36,staircase3,no_load,0.0
26.594699,0.892202,shoulder_lift,-50.0,-50.2715,-56.6455,-56.9531,1383,0,1048,0,12.4,36,staircase3,no_load,0.0
26.60574,0.903243,shoulder_lift,-50.0,-50.2715,-56.6455,-56.9531,1383,0,1048,0,12.3,36,staircase3,no_load,0.0
26.616938,0.914441,shoulder_lift,-50.0,-50.2715,-56.6455,-56.9531,1383,0,1048,0,12.3,36,staircase3,no_load,0.0
26.62717,0.924673,shoulder_lift,-50.0,-50.2715,-56.6455,-56.9531,1383,0,1048,0,12.3,36,staircase3,no_load,0.0
26.638311,0.935814,shoulder_lift,-50.0,-50.2715,-56.6455,-56.9531,1383,0,1048,0,12.3,35,staircase3,no_load,0.0
26.649474,0.946977,shoulder_lift,-50.0,-50.2715,-56.6455,-56.9531,1383,0,1048,0,12.4,36,staircase3,no_load,0.0
26.660459,0.957962,shoulder_lift,-50.0,-50.2715,-56.6455,-56.9531,1383,0,1048,0,12.3,36,staircase3,no_load,0.0
26.67155,0.969053,shoulder_lift,-50.0,-50.2715,-56.6455,-56.9531,1383,0,1048,0,12.3,36,staircase3,no_load,0.0
26.682552,0.980055,shoulder_lift,-50.0,-50.2715,-56.6455,-56.9531,1383,0,1048,0,12.3,36,staircase3,no_load,0.0
26.693381,0.990884,shoulder_lift,-50.0,-50.2715,-56.6455,-56.9531,1383,0,1048,0,12.3,36,staircase3,no_load,0.0
26.703954,1.001457,shoulder_lift,-50.0,-50.2715,-56.6455,-56.9531,1383,0,1048,0,12.3,36,staircase3,no_load,0.0
26.714723,1.012226,shoulder_lift,-50.0,-50.2715,-56.6455,-56.9531,1383,0,1048,0,12.3,36,staircase3,no_load,0.0
26.725578,1.023081,shoulder_lift,-50.0,-50.2715,-56.6455,-56.9531,1383,0,1048,0,12.3,36,staircase3,no_load,0.0
26.735876,1.033379,shoulder_lift,-50.0,-50.2715,-56.6455,-56.9531,1383,0,1048,0,12.3,36,staircase3,no_load,0.0
26.74649,1.043993,shoulder_lift,-50.0,-50.2715,-56.6455,-56.9531,1383,0,1048,0,12.3,36,staircase3,no_load,0.0
26.757049,1.054552,shoulder_lift,-50.0,-50.2715,-56.6455,-56.9531,1383,0,1048,0,12.3,36,staircase3,no_load,0.0
26.767582,1.065085,shoulder_lift,-50.0,-50.2715,-56.6455,-56.9531,1383,0,1048,0,12.4,36,staircase3,no_load,0.0
26.77809,1.075593,shoulder_lift,-50.0,-50.2715,-56.6455,-56.9531,1383,0,1048,0,12.3,36,staircase3,no_load,0.0
26.788857,1.08636,shoulder_lift,-50.0,-50.2715,-56.6455,-56.9531,1383,0,1048,0,12.3,36,staircase3,no_load,0.0
26.799578,1.097081,shoulder_lift,-50.0,-50.2715,-56.6455,-56.9531,1383,0,1048,0,12.3,36,staircase3,no_load,0.0
26.810337,1.10784,shoulder_lift,-50.0,-50.2715,-56.6455,-56.9531,1383,0,1048,0,12.3,36,staircase3,no_load,0.0
26.821442,1.118945,shoulder_lift,-50.0,-50.2715,-56.6455,-56.9531,1383,0,1048,1,12.4,36,staircase3,no_load,0.0
26.832509,1.130012,shoulder_lift,-50.0,-50.2715,-56.6455,-56.9531,1383,0,1048,0,12.3,36,staircase3,no_load,0.0
26.843445,1.140948,shoulder_lift,-50.0,-50.2715,-56.6455,-56.9531,1383,0,1048,1,12.3,36,staircase3,no_load,0.0
26.854218,1.151721,shoulder_lift,-50.0,-50.2715,-56.6455,-56.9531,1383,0,1048,0,12.3,36,staircase3,no_load,0.0
26.8652,1.162703,shoulder_lift,-50.0,-50.2715,-56.6455,-56.9531,1383,0,1048,1,12.3,36,staircase3,no_load,0.0
26.876225,1.173728,shoulder_lift,-50.0,-50.2715,-56.6455,-56.9531,1383,0,1048,0,12.3,36,staircase3,no_load,0.0
26.88732,1.184823,shoulder_lift,-50.0,-50.2715,-56.6455,-56.9531,1383,0,1048,0,12.3,36,staircase3,no_load,0.0
26.898034,1.195537,shoulder_lift,-50.0,-50.2715,-56.6455,-56.9531,1383,0,1048,0,12.3,36,staircase3,no_load,0.0
26.908751,1.206254,shoulder_lift,-50.0,-50.2715,-56.6455,-56.9531,1383,0,1048,0,12.3,36,staircase3,no_load,0.0
26.919758,1.217261,shoulder_lift,-50.0,-50.2715,-56.6455,-56.9531,1383,0,1048,0,12.3,36,staircase3,no_load,0.0
26.931007,1.22851,shoulder_lift,-50.0,-50.2715,-56.6455,-56.9531,1383,0,1048,0,12.3,36,staircase3,no_load,0.0
26.941745,1.239248,shoulder_lift,-50.0,-50.2715,-56.6455,-56.9531,1383,0,1048,0,12.4,36,staircase3,no_load,0.0
26.952175,1.249678,shoulder_lift,-50.0,-50.2715,-56.6455,-56.9531,1383,0,1048,0,12.3,36,staircase3,no_load,0.0
26.963256,1.260759,shoulder_lift,-50.0,-50.2715,-56.6455,-56.9531,1383,0,1048,0,12.3,36,staircase3,no_load,0.0
26.974273,1.271776,shoulder_lift,-50.0,-50.2715,-56.6455,-56.9531,1383,0,1048,0,12.3,36,staircase3,no_load,0.0
26.98533,1.282833,shoulder_lift,-50.0,-50.2715,-56.6455,-56.9531,1383,0,1048,0,12.3,36,staircase3,no_load,0.0
26.996357,1.29386,shoulder_lift,-50.0,-50.2715,-56.6455,-56.9531,1383,0,1048,0,12.3,36,staircase3,no_load,0.0
27.007194,1.304697,shoulder_lift,-50.0,-50.2715,-56.6455,-56.9531,1383,0,1048,0,12.3,36,staircase3,no_load,0.0
27.018159,1.315662,shoulder_lift,-50.0,-50.2715,-56.6455,-56.9531,1383,0,1048,0,12.3,36,staircase3,no_load,0.0
27.029137,1.32664,shoulder_lift,-50.0,-50.2715,-56.6455,-56.9531,1383,0,1048,1,12.3,35,staircase3,no_load,0.0
27.040253,1.337756,shoulder_lift,-50.0,-50.2715,-56.6455,-56.9531,1383,0,1048,0,12.3,36,staircase3,no_load,0.0
27.051326,1.348829,shoulder_lift,-50.0,-50.2715,-56.6455,-56.9531,1383,0,1048,0,12.3,36,staircase3,no_load,0.0
27.062221,1.359724,shoulder_lift,-50.0,-50.2715,-56.6455,-56.9531,1383,0,1048,0,12.3,36,staircase3,no_load,0.0
27.073264,1.370767,shoulder_lift,-50.0,-50.2715,-56.6455,-56.9531,1383,0,1048,1,12.3,35,staircase3,no_load,0.0
27.083803,1.381306,shoulder_lift,-50.0,-50.2715,-56.6455,-56.9531,1383,0,1048,0,12.3,36,staircase3,no_load,0.0
27.094584,1.392087,shoulder_lift,-50.0,-50.2715,-56.6455,-56.9531,1383,0,1048,0,12.3,36,staircase3,no_load,0.0
27.105354,1.402857,shoulder_lift,-50.0,-50.2715,-56.6455,-56.9531,1383,0,1048,0,12.4,36,staircase3,no_load,0.0
27.116286,1.413789,shoulder_lift,-50.0,-50.2715,-56.6455,-56.9531,1383,0,1048,0,12.3,36,staircase3,no_load,0.0
27.127265,1.424768,shoulder_lift,-50.0,-50.2715,-56.6455,-56.9531,1383,0,1048,0,12.3,36,staircase3,no_load,0.0
27.138345,1.435848,shoulder_lift,-50.0,-50.2715,-56.6455,-56.9531,1383,0,1048,0,12.3,36,staircase3,no_load,0.0
27.149413,1.446916,shoulder_lift,-50.0,-50.2715,-56.6455,-56.9531,1383,0,1048,0,12.3,36,staircase3,no_load,0.0
27.16043,1.457933,shoulder_lift,-50.0,-50.2715,-56.6455,-56.9531,1383,0,1048,1,12.3,36,staircase3,no_load,0.0
27.170748,1.468251,shoulder_lift,-50.0,-50.2715,-56.6455,-56.9531,1383,0,1048,0,12.3,36,staircase3,no_load,0.0
27.18097,1.478473,shoulder_lift,-50.0,-50.2715,-56.6455,-56.9531,1383,0,1048,0,12.3,36,staircase3,no_load,0.0
27.192083,1.489586,shoulder_lift,-50.0,-50.2715,-56.6455,-56.9531,1383,0,1048,0,12.3,36,staircase3,no_load,0.0
27.2032,1.500703,shoulder_lift,-50.0,-50.2715,-56.6455,-56.9531,1383,0,1048,0,12.3,36,staircase3,no_load,0.0
27.214343,1.511846,shoulder_lift,-50.0,-50.2715,-56.6455,-56.9531,1383,0,1048,0,12.3,36,staircase3,no_load,0.0
27.22532,1.522823,shoulder_lift,-50.0,-50.2715,-56.6455,-56.9531,1383,0,1048,0,12.3,36,staircase3,no_load,0.0
27.236432,1.533935,shoulder_lift,-50.0,-50.2715,-56.6455,-56.9531,1383,0,1048,0,12.3,36,staircase3,no_load,0.0
27.247602,1.545105,shoulder_lift,-50.0,-50.2715,-56.6455,-56.9531,1383,0,1048,0,12.3,36,staircase3,no_load,0.0
27.258675,1.556178,shoulder_lift,-50.0,-50.2715,-56.6455,-56.9531,1383,0,1048,0,12.3,36,staircase3,no_load,0.0
27.26969,1.567193,shoulder_lift,-50.0,-50.2715,-56.6455,-56.9531,1383,0,1048,0,12.3,36,staircase3,no_load,0.0
27.280426,1.577929,shoulder_lift,-50.0,-50.2715,-56.6455,-56.9531,1383,0,1048,0,12.3,36,staircase3,no_load,0.0
27.291241,1.588744,shoulder_lift,-50.0,-50.2715,-56.6455,-56.9531,1383,0,1048,0,12.3,36,staircase3,no_load,0.0
27.30226,1.599763,shoulder_lift,-50.0,-50.2715,-56.6455,-56.9531,1383,0,1048,0,12.3,36,staircase3,no_load,0.0
