time,time_since_command,joint_name,commanded_norm,actual_norm,commanded_deg,actual_deg,raw_ticks,speed_raw,load_raw,current_raw,voltage,temperature,experiment_id,load_condition,measured_vel_deg_s
0.000855,4e-06,shoulder_pan,0.0,0.1972,0.0,0.1758,2073,0,20,0,12.2,34,step_10,no_load,0.0
0.011249,0.010399,shoulder_pan,0.0,0.1972,0.0,0.1758,2073,0,20,0,12.2,34,step_10,no_load,0.0
0.021906,0.021055,shoulder_pan,0.0,0.1972,0.0,0.1758,2073,0,20,0,12.2,34,step_10,no_load,0.0
0.032241,0.03139,shoulder_pan,0.0,0.1972,0.0,0.1758,2073,0,20,0,12.2,34,step_10,no_load,0.0
0.042482,0.041631,shoulder_pan,0.0,0.1972,0.0,0.1758,2073,0,20,0,12.2,34,step_10,no_load,0.0
0.052765,0.051915,shoulder_pan,0.0,0.1972,0.0,0.1758,2073,0,20,0,12.2,34,step_10,no_load,0.0
0.063183,0.062332,shoulder_pan,0.0,0.1972,0.0,0.1758,2073,0,20,0,12.2,34,step_10,no_load,0.0
0.073609,0.072759,shoulder_pan,0.0,0.1972,0.0,0.1758,2073,0,20,0,12.2,33,step_10,no_load,0.0
0.083884,0.083034,shoulder_pan,0.0,0.1972,0.0,0.1758,2073,0,20,0,12.2,34,step_10,no_load,0.0
0.094097,0.093247,shoulder_pan,0.0,0.1972,0.0,0.1758,2073,0,20,0,12.2,34,step_10,no_load,0.0
0.104324,0.103473,shoulder_pan,0.0,0.1972,0.0,0.1758,2073,0,20,0,12.2,34,step_10,no_load,0.0
0.114689,0.113839,shoulder_pan,0.0,0.1972,0.0,0.1758,2073,0,20,0,12.2,34,step_10,no_load,0.0
0.12512,0.12427,shoulder_pan,0.0,0.1972,0.0,0.1758,2073,0,20,0,12.2,33,step_10,no_load,0.0
0.135534,0.134684,shoulder_pan,0.0,0.1972,0.0,0.1758,2073,0,20,1,12.2,34,step_10,no_load,0.0
0.146058,0.145207,shoulder_pan,0.0,0.1972,0.0,0.1758,2073,0,20,0,12.2,34,step_10,no_load,0.0
0.156276,0.155425,shoulder_pan,0.0,0.1972,0.0,0.1758,2073,0,20,0,12.2,34,step_10,no_load,0.0
0.166704,0.165854,shoulder_pan,0.0,0.1972,0.0,0.1758,2073,0,20,1,12.2,33,step_10,no_load,0.0
0.176931,0.176081,shoulder_pan,0.0,0.1972,0.0,0.1758,2073,0,20,0,12.2,34,step_10,no_load,0.0
0.187307,0.186456,shoulder_pan,0.0,0.1972,0.0,0.1758,2073,0,20,0,12.2,34,step_10,no_load,0.0
0.197526,0.196675,shoulder_pan,0.0,0.1972,0.0,0.1758,2073,0,20,0,12.2,34,step_10,no_load,0.0
0.208184,0.207334,shoulder_pan,0.0,0.1972,0.0,0.1758,2073,0,20,0,12.2,34,step_10,no_load,0.0
0.218637,0.217787,shoulder_pan,0.0,0.1972,0.0,0.1758,2073,0,20,0,12.2,34,step_10,no_load,0.0
0.228997,0.228147,shoulder_pan,0.0,0.1972,0.0,0.1758,2073,0,20,0,12.2,34,step_10,no_load,0.0
0.23958,0.23873,shoulder_pan,0.0,0.1972,0.0,0.1758,2073,0,20,0,12.2,34,step_10,no_load,0.0
0.250222,0.249371,shoulder_pan,0.0,0.1972,0.0,0.1758,2073,0,20,0,12.2,34,step_10,no_load,0.0
0.260433,0.259582,shoulder_pan,0.0,0.1972,0.0,0.1758,2073,0,20,0,12.2,34,step_10,no_load,0.0
0.270734,0.269883,shoulder_pan,0.0,0.1972,0.0,0.1758,2073,0,20,0,12.2,34,step_10,no_load,0.0
0.281146,0.280295,shoulder_pan,0.0,0.1972,0.0,0.1758,2073,0,20,0,12.2,34,step_10,no_load,0.0
0.291372,0.290521,shoulder_pan,0.0,0.1972,0.0,0.1758,2073,0,20,0,12.2,34,step_10,no_load,0.0
0.301987,0.301136,shoulder_pan,0.0,0.1972,0.0,0.1758,2073,0,20,0,12.2,33,step_10,no_load,0.0
0.312577,0.311726,shoulder_pan,0.0,0.1972,0.0,0.1758,2073,0,20,0,12.2,34,step_10,no_load,0.0
0.322818,0.321967,shoulder_pan,0.0,0.1972,0.0,0.1758,2073,0,20,0,12.2,34,step_10,no_load,0.0
0.333078,0.332228,shoulder_pan,0.0,0.1972,0.0,0.1758,2073,0,20,0,12.2,34,step_10,no_load,0.0
0.343541,0.34269,shoulder_pan,0.0,0.1972,0.0,0.1758,2073,0,20,0,12.2,33,step_10,no_load,0.0
0.353775,0.352925,shoulder_pan,0.0,0.1972,0.0,0.1758,2073,0,20,0,12.2,33,step_10,no_load,0.0
0.363999,0.363148,shoulder_pan,0.0,0.1972,0.0,0.1758,2073,0,20,0,12.2,33,step_10,no_load,0.0
0.374282,0.373431,shoulder_pan,0.0,0.1972,0.0,0.1758,2073,0,20,0,12.2,33,step_10,no_load,0.0
0.384522,0.383671,shoulder_pan,0.0,0.1972,0.0,0.1758,2073,0,20,0,12.2,34,step_10,no_load,0.0
0.394869,0.394019,shoulder_pan,0.0,0.1972,0.0,0.1758,2073,0,20,0,12.2,34,step_10,no_load,0.0
0.405293,0.404442,shoulder_pan,0.0,0.1972,0.0,0.1758,2073,0,20,0,12.2,33,step_10,no_load,0.0
0.415898,0.415047,shoulder_pan,0.0,0.1972,0.0,0.1758,2073,0,20,0,12.2,33,step_10,no_load,0.0
0.426146,0.425296,shoulder_pan,0.0,0.1972,0.0,0.1758,2073,0,20,0,12.2,34,step_10,no_load,0.0
0.436485,0.435634,shoulder_pan,0.0,0.1972,0.0,0.1758,2073,0,20,0,12.2,34,step_10,no_load,0.0
0.446681,0.445831,shoulder_pan,0.0,0.1972,0.0,0.1758,2073,0,20,0,12.2,34,step_10,no_load,0.0
0.45724,0.456389,shoulder_pan,0.0,0.1972,0.0,0.1758,2073,0,20,0,12.2,34,step_10,no_load,0.0
0.468448,0.467598,shoulder_pan,0.0,0.1972,0.0,0.1758,2073,0,20,0,12.2,34,step_10,no_load,0.0
0.479625,0.478775,shoulder_pan,0.0,0.1972,0.0,0.1758,2073,0,20,0,12.2,34,step_10,no_load,0.0
0.4901,0.489249,shoulder_pan,0.0,0.1972,0.0,0.1758,2073,0,20,0,12.2,34,step_10,no_load,0.0
0.500463,0.499612,shoulder_pan,0.0,0.1972,0.0,0.1758,2073,0,20,0,12.2,34,step_10,no_load,0.0
0.510724,0.509874,shoulder_pan,0.0,0.1972,0.0,0.1758,2073,0,20,0,12.2,34,step_10,no_load,0.0
0.521157,0.520307,shoulder_pan,0.0,0.1972,0.0,0.1758,2073,0,20,0,12.2,34,step_10,no_load,0.0
0.531417,0.530566,shoulder_pan,0.0,0.1972,0.0,0.1758,2073,0,20,0,12.2,34,step_10,no_load,0.0
0.541671,0.54082,shoulder_pan,0.0,0.1972,0.0,0.1758,2073,0,20,0,12.2,33,step_10,no_load,0.0
0.552099,0.551248,shoulder_pan,0.0,0.1972,0.0,0.1758,2073,0,20,0,12.2,34,step_10,no_load,0.0
0.562356,0.561506,shoulder_pan,0.0,0.1972,0.0,0.1758,2073,0,20,0,12.2,34,step_10,no_load,0.0
0.572954,0.572104,shoulder_pan,0.0,0.1972,0.0,0.1758,2073,0,20,0,12.2,33,step_10,no_load,0.0
0.583877,0.583027,shoulder_pan,0.0,0.1972,0.0,0.1758,2073,0,20,0,12.2,34,step_10,no_load,0.0
0.594244,0.593394,shoulder_pan,0.0,0.1972,0.0,0.1758,2073,0,20,0,12.2,33,step_10,no_load,0.0
0.605045,0.604195,shoulder_pan,0.0,0.1972,0.0,0.1758,2073,0,20,0,12.2,34,step_10,no_load,0.0
0.616179,0.615328,shoulder_pan,0.0,0.1972,0.0,0.1758,2073,0,20,1,12.2,33,step_10,no_load,0.0
0.626718,0.625867,shoulder_pan,0.0,0.1972,0.0,0.1758,2073,0,20,0,12.2,34,step_10,no_load,0.0
0.636913,0.636062,shoulder_pan,0.0,0.1972,0.0,0.1758,2073,0,20,0,12.2,34,step_10,no_load,0.0
0.647155,0.646304,shoulder_pan,0.0,0.1972,0.0,0.1758,2073,0,20,1,12.2,34,step_10,no_load,0.0
0.657623,0.656772,shoulder_pan,0.0,0.1972,0.0,0.1758,2073,0,20,0,12.2,34,step_10,no_load,0.0
0.668259,0.667409,shoulder_pan,0.0,0.1972,0.0,0.1758,2073,0,20,0,12.2,34,step_10,no_load,0.0
0.678454,0.677603,shoulder_pan,0.0,0.1972,0.0,0.1758,2073,0,20,0,12.2,33,step_10,no_load,0.0
0.688603,0.687753,shoulder_pan,0.0,0.1972,0.0,0.1758,2073,0,20,0,12.3,34,step_10,no_load,0.0
0.699118,0.698268,shoulder_pan,0.0,0.1972,0.0,0.1758,2073,0,20,0,12.2,33,step_10,no_load,0.0
0.709704,0.708854,shoulder_pan,0.0,0.1972,0.0,0.1758,2073,0,20,0,12.2,33,step_10,no_load,0.0
0.720366,0.719515,shoulder_pan,0.0,0.1972,0.0,0.1758,2073,0,20,0,12.2,33,step_10,no_load,0.0
0.731304,0.730454,shoulder_pan,0.0,0.1972,0.0,0.1758,2073,0,20,0,12.2,34,step_10,no_load,0.0
0.741592,0.740742,shoulder_pan,0.0,0.1972,0.0,0.1758,2073,0,20,0,12.2,34,step_10,no_load,0.0
0.752488,0.751637,shoulder_pan,0.0,0.1972,0.0,0.1758,2073,0,20,0,12.2,34,step_10,no_load,0.0
0.763263,0.762412,shoulder_pan,0.0,0.1972,0.0,0.1758,2073,0,20,0,12.2,34,step_10,no_load,0.0
0.773702,0.772851,shoulder_pan,0.0,0.1972,0.0,0.1758,2073,0,20,0,12.2,33,step_10,no_load,0.0
0.784236,0.783385,shoulder_pan,0.0,0.1972,0.0,0.1758,2073,0,20,0,12.2,33,step_10,no_load,0.0
0.795065,0.794215,shoulder_pan,0.0,0.1972,0.0,0.1758,2073,0,20,1,12.2,34,step_10,no_load,0.0
0.805211,0.80436,shoulder_pan,0.0,0.1972,0.0,0.1758,2073,0,20,1,12.2,34,step_10,no_load,0.0
0.815667,0.814816,shoulder_pan,0.0,0.1972,0.0,0.1758,2073,0,20,0,12.2,34,step_10,no_load,0.0
0.825737,0.824886,shoulder_pan,0.0,0.1972,0.0,0.1758,2073,0,20,0,12.2,34,step_10,no_load,0.0
0.836304,0.835453,shoulder_pan,0.0,0.1972,0.0,0.1758,2073,0,20,0,12.2,34,step_10,no_load,0.0
0.846437,0.845587,shoulder_pan,0.0,0.1972,0.0,0.1758,2073,0,20,0,12.2,34,step_10,no_load,0.0
0.856781,0.85593,shoulder_pan,0.0,0.1972,0.0,0.1758,2073,0,20,0,12.2,34,step_10,no_load,0.0
0.866897,0.866047,shoulder_pan,0.0,0.1972,0.0,0.1758,2073,0,20,0,12.2,34,step_10,no_load,0.0
0.877063,0.876212,shoulder_pan,0.0,0.1972,0.0,0.1758,2073,0,20,0,12.2,34,step_10,no_load,0.0
0.887636,0.886786,shoulder_pan,0.0,0.1972,0.0,0.1758,2073,0,20,0,12.2,34,step_10,no_load,0.0
0.897751,0.896901,shoulder_pan,0.0,0.1972,0.0,0.1758,2073,0,20,0,12.2,34,step_10,no_load,0.0
0.907875,0.907024,shoulder_pan,0.0,0.1972,0.0,0.1758,2073,0,20,0,12.2,34,step_10,no_load,0.0
0.918083,0.917232,shoulder_pan,0.0,0.1972,0.0,0.1758,2073,0,20,0,12.2,34,step_10,no_load,0.0
0.928289,0.927439,shoulder_pan,0.0,0.1972,0.0,0.1758,2073,0,20,0,12.2,33,step_10,no_load,0.0
0.938476,0.937625,shoulder_pan,0.0,0.1972,0.0,0.1758,2073,0,20,0,12.2,34,step_10,no_load,0.0
0.949174,0.948324,shoulder_pan,0.0,0.1972,0.0,0.1758,2073,0,20,0,12.2,34,step_10,no_load,0.0
0.959751,0.9589,shoulder_pan,0.0,0.1972,0.0,0.1758,2073,0,20,0,12.2,33,step_10,no_load,0.0
0.970111,0.969261,shoulder_pan,0.0,0.1972,0.0,0.1758,2073,0,20,0,12.2,33,step_10,no_load,0.0
0.980625,0.979775,shoulder_pan,0.0,0.1972,0.0,0.1758,2073,0,20,0,12.2,34,step_10,no_load,0.0
0.990736,0.989885,shoulder_pan,0.0,0.1972,0.0,0.1758,2073,0,20,0,12.2,34,step_10,no_load,0.0
1.001642,1.000792,shoulder_pan,0.0,0.1972,0.0,0.1758,2073,0,20,0,12.2,33,step_10,no_load,0.0
1.012348,1.011497,shoulder_pan,0.0,0.1972,0.0,0.1758,2073,0,20,0,12.2,34,step_10,no_load,0.0
1.022732,1.021882,shoulder_pan,0.0,0.1972,0.0,0.1758,2073,0,20,0,12.2,34,step_10,no_load,0.0
1.032894,1.032043,shoulder_pan,0.0,0.1972,0.0,0.1758,2073,0,20,0,12.2,33,step_10,no_load,0.0
1.043476,1.042626,shoulder_pan,0.0,0.1972,0.0,0.1758,2073,0,20,0,12.2,34,step_10,no_load,0.0
1.054045,1.053195,shoulder_pan,0.0,0.1972,0.0,0.1758,2073,0,20,0,12.2,34,step_10,no_load,0.0
1.065062,1.064211,shoulder_pan,0.0,0.1972,0.0,0.1758,2073,0,20,0,12.2,34,step_10,no_load,0.0
1.075765,1.074915,shoulder_pan,0.0,0.1972,0.0,0.1758,2073,0,20,1,12.2,34,step_10,no_load,0.0
1.086244,1.085394,shoulder_pan,0.0,0.1972,0.0,0.1758,2073,0,20,0,12.2,34,step_10,no_load,0.0
1.09658,1.095729,shoulder_pan,0.0,0.1972,0.0,0.1758,2073,0,20,0,12.2,34,step_10,no_load,0.0
1.106644,1.105794,shoulder_pan,0.0,0.1972,0.0,0.1758,2073,0,20,0,12.2,34,step_10,no_load,0.0
1.116775,1.115924,shoulder_pan,0.0,0.1972,0.0,0.1758,2073,0,20,0,12.2,34,step_10,no_load,0.0
1.127796,1.126945,shoulder_pan,0.0,0.1972,0.0,0.1758,2073,0,20,0,12.2,34,step_10,no_load,0.0
1.138473,1.137622,shoulder_pan,0.0,0.1972,0.0,0.1758,2073,0,20,0,12.2,34,step_10,no_load,0.0
1.149056,1.148206,shoulder_pan,0.0,0.1972,0.0,0.1758,2073,0,20,0,12.2,34,step_10,no_load,0.0
1.159444,1.158594,shoulder_pan,0.0,0.1972,0.0,0.1758,2073,0,20,1,12.2,33,step_10,no_load,0.0
1.170123,1.169273,shoulder_pan,0.0,0.1972,0.0,0.1758,2073,0,20,0,12.2,34,step_10,no_load,0.0
1.180503,1.179653,shoulder_pan,0.0,0.1972,0.0,0.1758,2073,0,20,0,12.2,34,step_10,no_load,0.0
1.1908,1.189949,shoulder_pan,0.0,0.1972,0.0,0.1758,2073,0,20,0,12.2,34,step_10,no_load,0.0
1.201645,1e-06,shoulder_pan,10.0,0.1972,8.9121,0.1758,2073,0,20,1,12.2,34,step_10,no_load,0.0
1.211842,0.010198,shoulder_pan,10.0,0.1972,8.9121,0.1758,2073,0,0,0,12.2,34,step_10,no_load,0.0
1.222032,0.020389,shoulder_pan,10.0,0.1972,8.9121,0.1758,2073,0,1056,1,12.2,34,step_10,no_load,0.0
1.232322,0.030678,shoulder_pan,10.0,0.1972,8.9121,0.1758,2073,0,1084,2,12.2,34,step_10,no_load,0.0
1.242636,0.040993,shoulder_pan,10.0,0.1972,8.9121,0.1758,2073,0,1180,9,12.2,34,step_10,no_load,0.0
1.252895,0.051251,shoulder_pan,10.0,0.1972,8.9121,0.1758,2073,0,1228,10,12.1,34,step_10,no_load,0.0
1.263463,0.061819,shoulder_pan,10.0,0.4931,8.9121,0.4395,2076,200,1312,19,12.2,34,step_10,no_load,24.953
1.27373,0.072086,shoulder_pan,10.0,0.8876,8.9121,0.791,2080,200,1352,22,12.1,34,step_10,no_load,34.236
1.284311,0.082668,shoulder_pan,10.0,1.5779,8.9121,1.4063,2087,500,1380,20,12.2,34,step_10,no_load,58.151
1.294628,0.092985,shoulder_pan,10.0,2.1696,8.9121,1.9336,2093,500,1388,26,12.1,34,step_10,no_load,51.11
1.304966,0.103322,shoulder_pan,10.0,2.86,8.9121,2.5488,2100,600,1332,17,12.2,33,step_10,no_load,59.509
1.31515,0.113506,shoulder_pan,10.0,3.4517,8.9121,3.0762,2106,600,1316,11,12.1,34,step_10,no_load,51.787
1.325882,0.124238,shoulder_pan,10.0,4.0434,8.9121,3.6035,2112,600,1256,11,12.2,34,step_10,no_load,49.133
1.336347,0.134703,shoulder_pan,10.0,4.5365,8.9121,4.043,2117,600,1236,7,12.2,33,step_10,no_load,41.997
1.346622,0.144979,shoulder_pan,10.0,5.0296,8.9121,4.4824,2122,500,1192,6,12.2,34,step_10,no_load,42.764
1.356791,0.155148,shoulder_pan,10.0,5.5227,8.9121,4.9219,2127,500,1176,4,12.2,34,step_10,no_load,43.22
1.368169,0.166525,shoulder_pan,10.0,5.9172,8.9121,5.2734,2131,400,1160,3,12.2,34,step_10,no_load,30.893
1.378386,0.176742,shoulder_pan,10.0,6.3116,8.9121,5.625,2135,400,1148,2,12.2,34,step_10,no_load,34.413
1.388786,0.187142,shoulder_pan,10.0,6.7061,8.9121,5.9766,2139,400,1136,1,12.2,34,step_10,no_load,33.808
1.399594,0.197951,shoulder_pan,10.0,7.002,8.9121,6.2402,2142,400,1128,1,12.2,33,step_10,no_load,24.389
1.410348,0.208704,shoulder_pan,10.0,7.1992,8.9121,6.416,2144,300,1120,2,12.2,33,step_10,no_load,16.347
1.42094,0.219297,shoulder_pan,10.0,7.3964,8.9121,6.5918,2146,300,1120,2,12.2,34,step_10,no_load,16.597
1.431065,0.229422,shoulder_pan,10.0,7.5937,8.9121,6.7676,2148,200,1116,1,12.2,34,step_10,no_load,17.363
1.44181,0.240167,shoulder_pan,10.0,7.7909,8.9121,6.9434,2150,200,1112,3,12.2,34,step_10,no_load,16.361
1.452868,0.251225,shoulder_pan,10.0,7.8895,8.9121,7.0312,2151,150,1108,2,12.2,33,step_10,no_load,7.94
1.463034,0.26139,shoulder_pan,10.0,7.9882,8.9121,7.1191,2152,100,1104,2,12.2,34,step_10,no_load,8.646
1.473285,0.271642,shoulder_pan,10.0,8.0868,8.9121,7.207,2153,100,1100,2,12.2,34,step_10,no_load,8.575
1.484128,0.282484,shoulder_pan,10.0,8.1854,8.9121,7.2949,2154,100,1104,4,12.2,34,step_10,no_load,8.107
1.495076,0.293433,shoulder_pan,10.0,8.1854,8.9121,7.2949,2154,100,1104,3,12.2,35,step_10,no_load,0.0
1.505384,0.303741,shoulder_pan,10.0,8.1854,8.9121,7.2949,2154,0,1104,2,12.2,34,step_10,no_load,0.0
1.515597,0.313954,shoulder_pan,10.0,8.1854,8.9121,7.2949,2154,0,1104,3,12.2,33,step_10,no_load,0.0
1.526606,0.324962,shoulder_pan,10.0,8.1854,8.9121,7.2949,2154,0,1108,3,12.2,34,step_10,no_load,0.0
1.537048,0.335404,shoulder_pan,10.0,8.1854,8.9121,7.2949,2154,0,1108,4,12.2,34,step_10,no_load,0.0
1.547203,0.34556,shoulder_pan,10.0,8.1854,8.9121,7.2949,2154,0,1108,4,12.2,34,step_10,no_load,0.0
1.557356,0.355713,shoulder_pan,10.0,8.1854,8.9121,7.2949,2154,0,1108,3,12.2,34,step_10,no_load,0.0
1.568248,0.366605,shoulder_pan,10.0,8.1854,8.9121,7.2949,2154,0,1108,3,12.2,34,step_10,no_load,0.0
1.578584,0.37694,shoulder_pan,10.0,8.1854,8.9121,7.2949,2154,0,1108,3,12.2,33,step_10,no_load,0.0
1.588858,0.387214,shoulder_pan,10.0,8.1854,8.9121,7.2949,2154,0,1108,3,12.2,34,step_10,no_load,0.0
1.598986,0.397342,shoulder_pan,10.0,8.1854,8.9121,7.2949,2154,0,1104,3,12.2,34,step_10,no_load,0.0
1.609127,0.407483,shoulder_pan,10.0,8.284,8.9121,7.3828,2155,50,1104,3,12.2,34,step_10,no_load,8.668
1.619338,0.417694,shoulder_pan,10.0,8.284,8.9121,7.3828,2155,50,1100,3,12.2,34,step_10,no_load,0.0
1.629489,0.427845,shoulder_pan,10.0,8.284,8.9121,7.3828,2155,0,1100,3,12.2,34,step_10,no_load,0.0
1.639651,0.438008,shoulder_pan,10.0,8.284,8.9121,7.3828,2155,0,1104,4,12.2,34,step_10,no_load,0.0
1.650411,0.448767,shoulder_pan,10.0,8.284,8.9121,7.3828,2155,0,1104,3,12.2,33,step_10,no_load,0.0
1.660637,0.458994,shoulder_pan,10.0,8.284,8.9121,7.3828,2155,0,1104,3,12.2,33,step_10,no_load,0.0
1.671616,0.469972,shoulder_pan,10.0,8.284,8.9121,7.3828,2155,0,1104,3,12.2,33,step_10,no_load,0.0
1.682244,0.4806,shoulder_pan,10.0,8.284,8.9121,7.3828,2155,0,1104,3,12.2,34,step_10,no_load,0.0
1.69256,0.490916,shoulder_pan,10.0,8.284,8.9121,7.3828,2155,0,1104,3,12.2,34,step_10,no_load,0.0
1.702728,0.501085,shoulder_pan,10.0,8.284,8.9121,7.3828,2155,0,1104,3,12.2,34,step_10,no_load,0.0
1.713427,0.511784,shoulder_pan,10.0,8.284,8.9121,7.3828,2155,0,1104,3,12.2,34,step_10,no_load,0.0
1.723697,0.522053,shoulder_pan,10.0,8.284,8.9121,7.3828,2155,0,1104,4,12.2,34,step_10,no_load,0.0
1.734017,0.532374,shoulder_pan,10.0,8.284,8.9121,7.3828,2155,0,1104,3,12.2,33,step_10,no_load,0.0
1.74445,0.542806,shoulder_pan,10.0,8.284,8.9121,7.3828,2155,0,1104,3,12.2,34,step_10,no_load,0.0
1.754901,0.553257,shoulder_pan,10.0,8.284,8.9121,7.3828,2155,0,1104,3,12.2,34,step_10,no_load,0.0
1.765306,0.563662,shoulder_pan,10.0,8.284,8.9121,7.3828,2155,0,1104,3,12.2,34,step_10,no_load,0.0
1.775657,0.574013,shoulder_pan,10.0,8.284,8.9121,7.3828,2155,0,1104,3,12.2,34,step_10,no_load,0.0
1.785938,0.584294,shoulder_pan,10.0,8.284,8.9121,7.3828,2155,0,1104,3,12.2,34,step_10,no_load,0.0
1.796755,0.595111,shoulder_pan,10.0,8.284,8.9121,7.3828,2155,0,1104,3,12.2,34,step_10,no_load,0.0
1.807125,0.605481,shoulder_pan,10.0,8.284,8.9121,7.3828,2155,0,1104,3,12.2,34,step_10,no_load,0.0
1.818751,0.617107,shoulder_pan,10.0,8.284,8.9121,7.3828,2155,0,1104,3,12.2,33,step_10,no_load,0.0
1.82912,0.627476,shoulder_pan,10.0,8.284,8.9121,7.3828,2155,0,1104,3,12.2,34,step_10,no_load,0.0
1.839647,0.638004,shoulder_pan,10.0,8.284,8.9121,7.3828,2155,0,1104,3,12.2,34,step_10,no_load,0.0
1.850161,0.648517,shoulder_pan,10.0,8.284,8.9121,7.3828,2155,0,1104,3,12.2,34,step_10,no_load,0.0
1.860325,0.658681,shoulder_pan,10.0,8.284,8.9121,7.3828,2155,0,1104,4,12.2,34,step_10,no_load,0.0
1.870593,0.66895,shoulder_pan,10.0,8.284,8.9121,7.3828,2155,0,1104,3,12.2,34,step_10,no_load,0.0
1.881224,0.67958,shoulder_pan,10.0,8.284,8.9121,7.3828,2155,0,1104,3,12.2,34,step_10,no_load,0.0
1.892213,0.690569,shoulder_pan,10.0,8.284,8.9121,7.3828,2155,0,1104,3,12.2,33,step_10,no_load,0.0
1.902754,0.70111,shoulder_pan,10.0,8.284,8.9121,7.3828,2155,0,1104,3,12.2,34,step_10,no_load,0.0
1.912946,0.711302,shoulder_pan,10.0,8.284,8.9121,7.3828,2155,0,1104,3,12.2,33,step_10,no_load,0.0
1.92326,0.721616,shoulder_pan,10.0,8.284,8.9121,7.3828,2155,0,1104,3,12.2,34,step_10,no_load,0.0
1.933409,0.731765,shoulder_pan,10.0,8.284,8.9121,7.3828,2155,0,1104,3,12.2,34,step_10,no_load,0.0
1.944105,0.742461,shoulder_pan,10.0,8.284,8.9121,7.3828,2155,0,1104,3,12.2,80,step_10,no_load,0.0
1.954651,0.753007,shoulder_pan,10.0,8.284,8.9121,7.3828,2155,0,1104,4,12.2,34,step_10,no_load,0.0
1.965257,0.763613,shoulder_pan,10.0,8.284,8.9121,7.3828,2155,0,1104,3,12.2,34,step_10,no_load,0.0
1.975645,0.774001,shoulder_pan,10.0,8.284,8.9121,7.3828,2155,0,1104,3,12.2,34,step_10,no_load,0.0
1.986092,0.784448,shoulder_pan,10.0,8.284,8.9121,7.3828,2155,0,1104,3,12.2,34,step_10,no_load,0.0
1.996472,0.794828,shoulder_pan,10.0,8.284,8.9121,7.3828,2155,0,1104,3,12.2,34,step_10,no_load,0.0
2.006577,0.804933,shoulder_pan,10.0,8.284,8.9121,7.3828,2155,0,1104,3,12.3,34,step_10,no_load,0.0
2.016901,0.815257,shoulder_pan,10.0,8.284,8.9121,7.3828,2155,0,1104,3,12.2,34,step_10,no_load,0.0
2.02796,0.826316,shoulder_pan,10.0,8.284,8.9121,7.3828,2155,0,1104,3,12.2,33,step_10,no_load,0.0
2.039273,0.837629,shoulder_pan,10.0,8.284,8.9121,7.3828,2155,0,1104,3,12.2,34,step_10,no_load,0.0
2.049719,0.848075,shoulder_pan,10.0,8.284,8.9121,7.3828,2155,0,1104,3,12.2,34,step_10,no_load,0.0
2.060115,0.858472,shoulder_pan,10.0,8.284,8.9121,7.3828,2155,0,1104,3,12.2,34,step_10,no_load,0.0
2.070639,0.868995,shoulder_pan,10.0,8.284,8.9121,7.3828,2155,0,1104,3,12.2,34,step_10,no_load,0.0
2.081165,0.879521,shoulder_pan,10.0,8.284,8.9121,7.3828,2155,0,1104,3,12.2,34,step_10,no_load,0.0
2.091537,0.889893,shoulder_pan,10.0,8.284,8.9121,7.3828,2155,0,1104,3,12.2,34,step_10,no_load,0.0
2.101674,0.90003,shoulder_pan,10.0,8.284,8.9121,7.3828,2155,0,1104,3,12.2,33,step_10,no_load,0.0
2.111986,0.910343,shoulder_pan,10.0,8.284,8.9121,7.3828,2155,0,1104,3,12.2,33,step_10,no_load,0.0
2.1229,0.921256,shoulder_pan,10.0,8.284,8.9121,7.3828,2155,0,1104,3,12.2,34,step_10,no_load,0.0
2.133617,0.931974,shoulder_pan,10.0,8.284,8.9121,7.3828,2155,0,1104,3,12.2,34,step_10,no_load,0.0
2.144449,0.942806,shoulder_pan,10.0,8.284,8.9121,7.3828,2155,0,1104,2,12.2,34,step_10,no_load,0.0
2.155188,0.953544,shoulder_pan,10.0,8.284,8.9121,7.3828,2155,0,1104,3,12.2,34,step_10,no_load,0.0
2.165365,0.963722,shoulder_pan,10.0,8.284,8.9121,7.3828,2155,0,1104,4,12.2,34,step_10,no_load,0.0
2.175568,0.973924,shoulder_pan,10.0,8.284,8.9121,7.3828,2155,0,1104,3,12.2,33,step_10,no_load,0.0
2.186274,0.98463,shoulder_pan,10.0,8.284,8.9121,7.3828,2155,0,1104,3,12.2,34,step_10,no_load,0.0
2.196512,0.994869,shoulder_pan,10.0,8.284,8.9121,7.3828,2155,0,1104,3,12.2,34,step_10,no_load,0.0
2.206864,1.005221,shoulder_pan,10.0,8.284,8.9121,7.3828,2155,0,1104,3,12.2,33,step_10,no_load,0.0
2.217087,1.015443,shoulder_pan,10.0,8.284,8.9121,7.3828,2155,0,1104,3,12.2,34,step_10,no_load,0.0
2.227649,1.026005,shoulder_pan,10.0,8.284,8.9121,7.3828,2155,0,1104,3,12.2,34,step_10,no_load,0.0
2.237857,1.036214,shoulder_pan,10.0,8.284,8.9121,7.3828,2155,0,1104,3,12.2,35,step_10,no_load,0.0
2.248853,1.04721,shoulder_pan,10.0,8.284,8.9121,7.3828,2155,0,1104,3,12.2,34,step_10,no_load,0.0
2.259053,1.057409,shoulder_pan,10.0,8.284,8.9121,7.3828,2155,0,1104,3,12.2,34,step_10,no_load,0.0
2.269695,1.068051,shoulder_pan,10.0,8.284,8.9121,7.3828,2155,0,1104,2,12.2,34,step_10,no_load,0.0
2.280162,1.078519,shoulder_pan,10.0,8.284,8.9121,7.3828,2155,0,1104,3,12.2,34,step_10,no_load,0.0
2.29037,1.088726,shoulder_pan,10.0,8.284,8.9121,7.3828,2155,0,1104,3,12.2,34,step_10,no_load,0.0
2.300486,1.098843,shoulder_pan,10.0,8.284,8.9121,7.3828,2155,0,1104,3,12.2,34,step_10,no_load,0.0
2.311246,1.109603,shoulder_pan,10.0,8.284,8.9121,7.3828,2155,0,1104,3,12.2,81,step_10,no_load,0.0
2.321507,1.119864,shoulder_pan,10.0,8.284,8.9121,7.3828,2155,0,1104,3,12.2,34,step_10,no_load,0.0
2.331844,1.1302,shoulder_pan,10.0,8.284,8.9121,7.3828,2155,0,1104,3,12.2,34,step_10,no_load,0.0
2.342329,1.140685,shoulder_pan,10.0,8.284,8.9121,7.3828,2155,0,1104,3,12.2,33,step_10,no_load,0.0
2.352734,1.15109,shoulder_pan,10.0,8.284,8.9121,7.3828,2155,0,1104,3,12.2,34,step_10,no_load,0.0
2.363054,1.16141,shoulder_pan,10.0,8.284,8.9121,7.3828,2155,0,1104,2,12.2,33,step_10,no_load,0.0
2.373825,1.172181,shoulder_pan,10.0,8.284,8.9121,7.3828,2155,0,1104,3,12.2,34,step_10,no_load,0.0
2.384753,1.183109,shoulder_pan,10.0,8.284,8.9121,7.3828,2155,0,1104,3,12.2,34,step_10,no_load,0.0
2.395049,1.193405,shoulder_pan,10.0,8.284,8.9121,7.3828,2155,0,1104,4,12.2,34,step_10,no_load,0.0
2.406424,5e-06,shoulder_pan,0.0,8.284,0.0,7.3828,2155,0,1100,3,12.2,34,step_10,no_load,0.0
2.416609,0.010189,shoulder_pan,0.0,8.284,0.0,7.3828,2155,0,1084,1,12.2,34,step_10,no_load,0.0
2.42684,0.02042,shoulder_pan,0.0,8.284,0.0,7.3828,2155,0,1068,1,12.2,34,step_10,no_load,0.0
2.437489,0.03107,shoulder_pan,0.0,8.284,0.0,7.3828,2155,0,60,1,12.2,34,step_10,no_load,0.0
2.447684,0.041264,shoulder_pan,0.0,8.284,0.0,7.3828,2155,0,92,3,12.2,34,step_10,no_load,0.0
2.458161,0.051742,shoulder_pan,0.0,8.1854,0.0,7.2949,2154,0,164,6,12.2,34,step_10,no_load,-8.39
2.468405,0.061986,shoulder_pan,0.0,7.9882,0.0,7.1191,2152,-100,212,8,12.2,34,step_10,no_load,-17.161
2.478992,0.072572,shoulder_pan,0.0,7.5937,0.0,6.7676,2148,-100,292,13,12.2,34,step_10,no_load,-33.201
2.489931,0.083512,shoulder_pan,0.0,7.2978,0.0,6.5039,2145,-250,332,13,12.2,34,step_10,no_load,-24.106
2.500762,0.094342,shoulder_pan,0.0,6.7061,0.0,5.9766,2139,-450,316,8,12.2,34,step_10,no_load,-48.684
2.510986,0.104566,shoulder_pan,0.0,5.8185,0.0,5.1855,2130,-450,304,6,12.2,34,step_10,no_load,-77.377
2.521213,0.114793,shoulder_pan,0.0,5.0296,0.0,4.4824,2122,-850,192,0,12.2,34,step_10,no_load,-68.749
2.531473,0.125053,shoulder_pan,0.0,4.142,0.0,3.6914,2113,-850,160,0,12.2,34,step_10,no_load,-77.096
2.541791,0.135372,shoulder_pan,0.0,3.5503,0.0,3.1641,2107,-700,92,0,12.2,34,step_10,no_load,-51.105
2.552841,0.146421,shoulder_pan,0.0,3.0572,0.0,2.7246,2102,-700,72,1,12.2,33,step_10,no_load,-39.774
2.563101,0.156681,shoulder_pan,0.0,2.6627,0.0,2.373,2098,-450,76,0,12.2,33,step_10,no_load,-34.269
2.573705,0.167286,shoulder_pan,0.0,2.071,0.0,1.8457,2092,-450,52,0,12.2,34,step_10,no_load,-49.727
2.583887,0.177467,shoulder_pan,0.0,1.5779,0.0,1.4063,2087,-500,40,0,12.2,34,step_10,no_load,-43.155
2.594297,0.187878,shoulder_pan,0.0,1.2821,0.0,1.1426,2084,-500,28,0,12.2,34,step_10,no_load,-25.331
2.604578,0.198158,shoulder_pan,0.0,1.1834,0.0,1.0547,2083,-300,32,0,12.2,34,step_10,no_load,-8.55
2.615137,0.208718,shoulder_pan,0.0,1.0848,0.0,0.9668,2082,-300,40,0,12.2,33,step_10,no_load,-8.325
2.62629,0.219871,shoulder_pan,0.0,0.8876,0.0,0.791,2080,-100,32,0,12.2,34,step_10,no_load,-15.763
2.637113,0.230694,shoulder_pan,0.0,0.6903,0.0,0.6152,2078,-100,28,0,12.2,34,step_10,no_load,-16.243
2.647455,0.241036,shoulder_pan,0.0,0.4931,0.0,0.4395,2076,-150,20,0,12.2,34,step_10,no_load,-16.989
2.658077,0.251658,shoulder_pan,0.0,0.3945,0.0,0.3516,2075,-150,0,0,12.2,33,step_10,no_load,-8.275
2.668231,0.261812,shoulder_pan,0.0,0.2959,0.0,0.2637,2074,-150,1044,0,12.3,34,step_10,no_load,-8.657
2.678968,0.272549,shoulder_pan,0.0,0.2959,0.0,0.2637,2074,-100,0,0,12.2,34,step_10,no_load,0.0
2.689521,0.283101,shoulder_pan,0.0,0.1972,0.0,0.1758,2073,-100,0,0,12.2,34,step_10,no_load,-8.329
2.699844,0.293425,shoulder_pan,0.0,0.1972,0.0,0.1758,2073,0,0,0,12.2,34,step_10,no_load,0.0
2.710095,0.303676,shoulder_pan,0.0,0.1972,0.0,0.1758,2073,0,0,0,12.2,34,step_10,no_load,0.0
2.721109,0.31469,shoulder_pan,0.0,0.1972,0.0,0.1758,2073,0,20,0,12.2,34,step_10,no_load,0.0
2.731261,0.324842,shoulder_pan,0.0,0.1972,0.0,0.1758,2073,0,20,0,12.2,34,step_10,no_load,0.0
2.741832,0.335412,shoulder_pan,0.0,0.1972,0.0,0.1758,2073,0,20,0,12.2,34,step_10,no_load,0.0
2.751983,0.345564,shoulder_pan,0.0,0.1972,0.0,0.1758,2073,0,20,0,12.2,34,step_10,no_load,0.0
2.762739,0.356319,shoulder_pan,0.0,0.1972,0.0,0.1758,2073,0,20,0,12.2,34,step_10,no_load,0.0
2.773373,0.366954,shoulder_pan,0.0,0.1972,0.0,0.1758,2073,0,20,0,12.2,34,step_10,no_load,0.0
2.784303,0.377884,shoulder_pan,0.0,0.1972,0.0,0.1758,2073,0,20,0,12.2,34,step_10,no_load,0.0
2.795009,0.38859,shoulder_pan,0.0,0.1972,0.0,0.1758,2073,0,20,0,12.2,34,step_10,no_load,0.0
2.806857,0.400437,shoulder_pan,0.0,0.1972,0.0,0.1758,2073,0,20,0,12.2,33,step_10,no_load,0.0
2.817183,0.410764,shoulder_pan,0.0,0.1972,0.0,0.1758,2073,0,20,0,12.2,34,step_10,no_load,0.0
2.827695,0.421276,shoulder_pan,0.0,0.1972,0.0,0.1758,2073,0,20,0,12.2,34,step_10,no_load,0.0
2.838206,0.431786,shoulder_pan,0.0,0.1972,0.0,0.1758,2073,0,20,0,12.2,34,step_10,no_load,0.0
2.848349,0.441929,shoulder_pan,0.0,0.1972,0.0,0.1758,2073,0,20,0,12.2,34,step_10,no_load,0.0
2.859005,0.452585,shoulder_pan,0.0,0.1972,0.0,0.1758,2073,0,20,0,12.2,34,step_10,no_load,0.0
2.869193,0.462773,shoulder_pan,0.0,0.1972,0.0,0.1758,2073,0,20,0,12.2,33,step_10,no_load,0.0
2.879884,0.473465,shoulder_pan,0.0,0.0986,0.0,0.0879,2072,-50,0,0,12.2,34,step_10,no_load,-8.222
2.890456,0.484037,shoulder_pan,0.0,0.0986,0.0,0.0879,2072,-50,0,0,12.2,33,step_10,no_load,0.0
2.901008,0.494589,shoulder_pan,0.0,0.0986,0.0,0.0879,2072,0,1044,0,12.2,34,step_10,no_load,0.0
2.912119,0.5057,shoulder_pan,0.0,0.0986,0.0,0.0879,2072,0,1044,0,12.2,34,step_10,no_load,0.0
2.922336,0.515916,shoulder_pan,0.0,0.0986,0.0,0.0879,2072,0,0,0,12.2,34,step_10,no_load,0.0
2.93296,0.526541,shoulder_pan,0.0,0.0986,0.0,0.0879,2072,0,0,0,12.2,34,step_10,no_load,0.0
2.943349,0.536929,shoulder_pan,0.0,0.0986,0.0,0.0879,2072,0,0,0,12.2,34,step_10,no_load,0.0
2.95354,0.547121,shoulder_pan,0.0,0.0986,0.0,0.0879,2072,0,0,0,12.2,34,step_10,no_load,0.0
2.964015,0.557595,shoulder_pan,0.0,0.0986,0.0,0.0879,2072,0,0,0,12.2,33,step_10,no_load,0.0
2.974214,0.567794,shoulder_pan,0.0,0.0986,0.0,0.0879,2072,0,0,0,12.2,34,step_10,no_load,0.0
2.984438,0.578018,shoulder_pan,0.0,0.0986,0.0,0.0879,2072,0,0,0,12.2,33,step_10,no_load,0.0
2.99471,0.58829,shoulder_pan,0.0,0.0986,0.0,0.0879,2072,0,0,0,12.2,34,step_10,no_load,0.0
3.005546,0.599127,shoulder_pan,0.0,0.0986,0.0,0.0879,2072,0,0,0,12.2,34,step_10,no_load,0.0
3.015933,0.609513,shoulder_pan,0.0,0.0986,0.0,0.0879,2072,0,0,0,12.3,33,step_10,no_load,0.0
3.026178,0.619759,shoulder_pan,0.0,0.0986,0.0,0.0879,2072,0,0,0,12.2,34,step_10,no_load,0.0
3.036809,0.63039,shoulder_pan,0.0,0.0986,0.0,0.0879,2072,0,0,0,12.2,34,step_10,no_load,0.0
3.047025,0.640605,shoulder_pan,0.0,0.0986,0.0,0.0879,2072,0,0,0,12.2,34,step_10,no_load,0.0
3.057592,0.651172,shoulder_pan,0.0,0.0986,0.0,0.0879,2072,0,0,0,12.2,34,step_10,no_load,0.0
3.067928,0.661508,shoulder_pan,0.0,0.0986,0.0,0.0879,2072,0,0,0,12.2,34,step_10,no_load,0.0
3.078441,0.672021,shoulder_pan,0.0,0.0986,0.0,0.0879,2072,0,0,0,12.2,34,step_10,no_load,0.0
3.089004,0.682585,shoulder_pan,0.0,0.0986,0.0,0.0879,2072,0,0,0,12.2,33,step_10,no_load,0.0
3.099574,0.693155,shoulder_pan,0.0,0.0986,0.0,0.0879,2072,0,0,0,12.2,34,step_10,no_load,0.0
3.110349,0.70393,shoulder_pan,0.0,0.0986,0.0,0.0879,2072,0,0,0,12.2,33,step_10,no_load,0.0
3.121116,0.714697,shoulder_pan,0.0,0.0986,0.0,0.0879,2072,0,0,0,12.2,34,step_10,no_load,0.0
3.131305,0.724885,shoulder_pan,0.0,0.0986,0.0,0.0879,2072,0,0,0,12.2,34,step_10,no_load,0.0
3.141638,0.735219,shoulder_pan,0.0,0.0986,0.0,0.0879,2072,0,0,0,12.2,34,step_10,no_load,0.0
3.151908,0.745488,shoulder_pan,0.0,0.0986,0.0,0.0879,2072,0,0,0,12.2,33,step_10,no_load,0.0
3.162483,0.756064,shoulder_pan,0.0,0.0986,0.0,0.0879,2072,0,0,0,12.2,34,step_10,no_load,0.0
3.172969,0.76655,shoulder_pan,0.0,0.0986,0.0,0.0879,2072,0,0,0,12.2,33,step_10,no_load,0.0
3.183147,0.776727,shoulder_pan,0.0,0.0986,0.0,0.0879,2072,0,0,0,12.2,34,step_10,no_load,0.0
3.193733,0.787314,shoulder_pan,0.0,0.0986,0.0,0.0879,2072,0,0,0,12.2,34,step_10,no_load,0.0
3.203975,0.797556,shoulder_pan,0.0,0.0986,0.0,0.0879,2072,0,0,0,12.2,34,step_10,no_load,0.0
3.21493,0.808511,shoulder_pan,0.0,0.1972,0.0,0.1758,2073,0,24,0,12.2,34,step_10,no_load,8.024
3.225323,0.818903,shoulder_pan,0.0,0.1972,0.0,0.1758,2073,50,24,0,12.2,33,step_10,no_load,0.0
3.235713,0.829294,shoulder_pan,0.0,0.1972,0.0,0.1758,2073,50,20,0,12.2,34,step_10,no_load,0.0
3.24606,0.83964,shoulder_pan,0.0,0.1972,0.0,0.1758,2073,0,20,0,12.2,34,step_10,no_load,0.0
3.257937,0.851518,shoulder_pan,0.0,0.1972,0.0,0.1758,2073,0,20,0,12.2,34,step_10,no_load,0.0
3.268211,0.861792,shoulder_pan,0.0,0.1972,0.0,0.1758,2073,0,20,0,12.2,34,step_10,no_load,0.0
3.278547,0.872128,shoulder_pan,0.0,0.1972,0.0,0.1758,2073,0,20,0,12.2,34,step_10,no_load,0.0
3.288986,0.882567,shoulder_pan,0.0,0.1972,0.0,0.1758,2073,0,20,1,12.2,34,step_10,no_load,0.0
3.299471,0.893052,shoulder_pan,0.0,0.1972,0.0,0.1758,2073,0,20,0,12.2,34,step_10,no_load,0.0
3.309914,0.903495,shoulder_pan,0.0,0.1972,0.0,0.1758,2073,0,20,0,12.2,33,step_10,no_load,0.0
3.320532,0.914113,shoulder_pan,0.0,0.1972,0.0,0.1758,2073,0,20,0,12.2,33,step_10,no_load,0.0
3.331106,0.924687,shoulder_pan,0.0,0.1972,0.0,0.1758,2073,0,20,0,12.2,34,step_10,no_load,0.0
3.341384,0.934965,shoulder_pan,0.0,0.1972,0.0,0.1758,2073,0,20,0,12.2,34,step_10,no_load,0.0
3.351748,0.945329,shoulder_pan,0.0,0.1972,0.0,0.1758,2073,0,20,0,12.2,34,step_10,no_load,0.0
3.362318,0.955898,shoulder_pan,0.0,0.1972,0.0,0.1758,2073,0,20,0,12.2,34,step_10,no_load,0.0
3.372748,0.966329,shoulder_pan,0.0,0.1972,0.0,0.1758,2073,0,20,0,12.2,33,step_10,no_load,0.0
3.383286,0.976867,shoulder_pan,0.0,0.1972,0.0,0.1758,2073,0,20,0,12.2,34,step_10,no_load,0.0
3.393901,0.987482,shoulder_pan,0.0,0.1972,0.0,0.1758,2073,0,20,0,12.2,34,step_10,no_load,0.0
3.404051,0.997632,shoulder_pan,0.0,0.1972,0.0,0.1758,2073,0,20,1,12.2,34,step_10,no_load,0.0
3.414397,1.007977,shoulder_pan,0.0,0.1972,0.0,0.1758,2073,0,20,0,12.2,33,step_10,no_load,0.0
3.425305,1.018885,shoulder_pan,0.0,0.1972,0.0,0.1758,2073,0,20,0,12.2,34,step_10,no_load,0.0
3.435853,1.029433,shoulder_pan,0.0,0.1972,0.0,0.1758,2073,0,20,0,12.2,34,step_10,no_load,0.0
3.446377,1.039957,shoulder_pan,0.0,0.1972,0.0,0.1758,2073,0,20,0,12.2,33,step_10,no_load,0.0
3.457118,1.050698,shoulder_pan,0.0,0.1972,0.0,0.1758,2073,0,20,0,12.2,34,step_10,no_load,0.0
3.468184,1.061765,shoulder_pan,0.0,0.1972,0.0,0.1758,2073,0,20,0,12.2,34,step_10,no_load,0.0
3.478672,1.072252,shoulder_pan,0.0,0.1972,0.0,0.1758,2073,0,20,0,12.2,34,step_10,no_load,0.0
3.488978,1.082558,shoulder_pan,0.0,0.1972,0.0,0.1758,2073,0,24,0,12.3,34,step_10,no_load,0.0
3.499499,1.09308,shoulder_pan,0.0,0.2959,0.0,0.2637,2074,50,28,1,12.2,34,step_10,no_load,8.355
3.510153,1.103734,shoulder_pan,0.0,0.2959,0.0,0.2637,2074,50,28,1,12.2,34,step_10,no_load,0.0
3.521695,1.115276,shoulder_pan,0.0,0.2959,0.0,0.2637,2074,0,24,0,12.2,34,step_10,no_load,0.0
3.53264,1.126221,shoulder_pan,0.0,0.3945,0.0,0.3516,2075,0,32,0,12.2,33,step_10,no_load,8.031
3.543242,1.136822,shoulder_pan,0.0,0.3945,0.0,0.3516,2075,50,32,1,12.2,34,step_10,no_load,0.0
3.553511,1.147092,shoulder_pan,0.0,0.4931,0.0,0.4395,2076,50,36,1,12.2,34,step_10,no_load,8.56
3.563753,1.157333,shoulder_pan,0.0,0.4931,0.0,0.4395,2076,50,36,0,12.2,34,step_10,no_load,0.0
3.574765,1.168346,shoulder_pan,0.0,0.4931,0.0,0.4395,2076,50,32,0,12.2,34,step_10,no_load,0.0
3.585757,1.179338,shoulder_pan,0.0,0.5917,0.0,0.5273,2077,50,36,0,12.2,34,step_10,no_load,7.988
3.595843,1.189423,shoulder_pan,0.0,0.5917,0.0,0.5273,2077,50,40,0,12.2,34,step_10,no_load,0.0
3.605926,1.199506,shoulder_pan,0.0,0.5917,0.0,0.5273,2077,0,40,1,12.2,33,step_10,no_load,0.0
3.616902,2e-06,shoulder_pan,10.0,0.6903,8.9121,0.6152,2078,50,44,1,12.2,34,step_10,no_load,8.008
3.627337,0.010436,shoulder_pan,10.0,0.6903,8.9121,0.6152,2078,50,40,1,12.2,34,step_10,no_load,0.0
3.638421,0.021521,shoulder_pan,10.0,0.6903,8.9121,0.6152,2078,0,1052,0,12.2,34,step_10,no_load,0.0
3.648638,0.031737,shoulder_pan,10.0,0.789,8.9121,0.7031,2079,0,1076,1,12.2,34,step_10,no_load,8.603
3.659057,0.042156,shoulder_pan,10.0,0.789,8.9121,0.7031,2079,50,1148,5,12.2,33,step_10,no_load,0.0
3.669214,0.052314,shoulder_pan,10.0,0.789,8.9121,0.7031,2079,50,1196,7,12.2,33,step_10,no_load,0.0
3.679869,0.062968,shoulder_pan,10.0,0.8876,8.9121,0.791,2080,50,1308,16,12.1,34,step_10,no_load,8.25
3.690133,0.073232,shoulder_pan,10.0,1.2821,8.9121,1.1426,2084,50,1348,18,12.2,33,step_10,no_load,34.256
3.700659,0.083758,shoulder_pan,10.0,1.8738,8.9121,1.6699,2090,400,1380,20,12.1,34,step_10,no_load,50.095
3.710954,0.094054,shoulder_pan,10.0,2.5641,8.9121,2.2852,2097,400,1388,14,12.2,34,step_10,no_load,59.767
3.722005,0.105104,shoulder_pan,10.0,3.2544,8.9121,2.9004,2104,650,1328,13,12.1,34,step_10,no_load,55.669
3.732623,0.115723,shoulder_pan,10.0,3.9448,8.9121,3.5156,2111,650,1264,8,12.1,33,step_10,no_load,57.939
3.74278,0.125879,shoulder_pan,10.0,4.5365,8.9121,4.043,2117,600,1240,9,12.1,34,step_10,no_load,51.925
3.753076,0.136175,shoulder_pan,10.0,5.0296,8.9121,4.4824,2122,600,1188,4,12.2,34,step_10,no_load,42.677
3.763465,0.146564,shoulder_pan,10.0,5.4241,8.9121,4.834,2126,500,1172,4,12.2,34,step_10,no_load,33.843
3.774194,0.157293,shoulder_pan,10.0,5.8185,8.9121,5.1855,2130,500,1164,4,12.2,34,step_10,no_load,32.762
3.784569,0.167668,shoulder_pan,10.0,6.3116,8.9121,5.625,2135,450,1148,2,12.2,34,step_10,no_load,42.361
3.795126,0.178226,shoulder_pan,10.0,6.7061,8.9121,5.9766,2139,450,1132,1,12.2,34,step_10,no_load,33.305
3.806162,0.189261,shoulder_pan,10.0,7.1006,8.9121,6.3281,2143,400,1116,1,12.2,34,step_10,no_load,31.85
3.816476,0.199575,shoulder_pan,10.0,7.4951,8.9121,6.6797,2147,300,1104,0,12.2,34,step_10,no_load,34.09
3.826939,0.210038,shoulder_pan,10.0,7.7909,8.9121,6.9434,2150,300,1096,0,12.2,34,step_10,no_load,25.203
3.838012,0.221111,shoulder_pan,10.0,7.9882,8.9121,7.1191,2152,250,1092,0,12.2,34,step_10,no_load,15.867
3.848276,0.231376,shoulder_pan,10.0,8.0868,8.9121,7.207,2153,250,1088,0,12.2,34,step_10,no_load,8.564
3.858626,0.241725,shoulder_pan,10.0,8.284,8.9121,7.3828,2155,200,1092,0,12.2,34,step_10,no_load,16.986
3.869044,0.252143,shoulder_pan,10.0,8.4813,8.9121,7.5586,2157,200,1084,0,12.2,34,step_10,no_load,16.875
3.879289,0.262388,shoulder_pan,10.0,8.5799,8.9121,7.6465,2158,150,1080,0,12.2,34,step_10,no_load,8.58
3.889624,0.272723,shoulder_pan,10.0,8.6785,8.9121,7.7344,2159,150,1080,0,12.2,34,step_10,no_load,8.505
3.900205,0.283305,shoulder_pan,10.0,8.7771,8.9121,7.8223,2160,100,1072,0,12.2,34,step_10,no_load,8.307
3.910716,0.293816,shoulder_pan,10.0,8.8757,8.9121,7.9102,2161,100,1072,1,12.2,34,step_10,no_load,8.363
3.921002,0.304102,shoulder_pan,10.0,8.8757,8.9121,7.9102,2161,50,1072,2,12.2,34,step_10,no_load,0.0
3.931491,0.314591,shoulder_pan,10.0,8.8757,8.9121,7.9102,2161,50,1080,2,12.2,34,step_10,no_load,0.0
3.942517,0.325616,shoulder_pan,10.0,8.8757,8.9121,7.9102,2161,0,1080,1,12.2,34,step_10,no_load,0.0
3.953042,0.336141,shoulder_pan,10.0,8.8757,8.9121,7.9102,2161,0,1080,2,12.2,34,step_10,no_load,0.0
3.963188,0.346287,shoulder_pan,10.0,8.8757,8.9121,7.9102,2161,0,1080,1,12.2,34,step_10,no_load,0.0
3.974165,0.357264,shoulder_pan,10.0,8.8757,8.9121,7.9102,2161,0,1080,1,12.2,34,step_10,no_load,0.0
3.984841,0.36794,shoulder_pan,10.0,8.7771,8.9121,7.8223,2160,0,1084,2,12.2,34,step_10,no_load,-8.233
3.995178,0.378277,shoulder_pan,10.0,8.7771,8.9121,7.8223,2160,0,1088,2,12.2,33,step_10,no_load,0.0
4.005984,0.389083,shoulder_pan,10.0,8.7771,8.9121,7.8223,2160,-50,1088,2,12.2,34,step_10,no_load,0.0
4.016543,0.399642,shoulder_pan,10.0,8.7771,8.9121,7.8223,2160,0,1084,1,12.2,34,step_10,no_load,0.0
4.026699,0.409799,shoulder_pan,10.0,8.7771,8.9121,7.8223,2160,0,1084,2,12.2,34,step_10,no_load,0.0
4.037238,0.420338,shoulder_pan,10.0,8.7771,8.9121,7.8223,2160,0,1084,1,12.2,34,step_10,no_load,0.0
4.047692,0.430791,shoulder_pan,10.0,8.7771,8.9121,7.8223,2160,0,1084,2,12.2,34,step_10,no_load,0.0
4.058304,0.441403,shoulder_pan,10.0,8.7771,8.9121,7.8223,2160,0,1084,1,12.2,34,step_10,no_load,0.0
4.068685,0.451785,shoulder_pan,10.0,8.7771,8.9121,7.8223,2160,0,1084,3,12.2,36,step_10,no_load,0.0
4.07897,0.462069,shoulder_pan,10.0,8.7771,8.9121,7.8223,2160,0,1084,2,12.2,34,step_10,no_load,0.0
4.089183,0.472283,shoulder_pan,10.0,8.7771,8.9121,7.8223,2160,0,1084,1,12.2,57,step_10,no_load,0.0
4.099476,0.482575,shoulder_pan,10.0,8.8757,8.9121,7.9102,2161,0,1080,1,12.2,34,step_10,no_load,8.54
4.110143,0.493243,shoulder_pan,10.0,8.8757,8.9121,7.9102,2161,0,1076,1,12.2,33,step_10,no_load,0.0
4.120655,0.503754,shoulder_pan,10.0,8.8757,8.9121,7.9102,2161,50,1076,1,12.2,34,step_10,no_load,0.0
4.1309,0.514,shoulder_pan,10.0,8.8757,8.9121,7.9102,2161,50,1080,1,12.2,34,step_10,no_load,0.0
4.141387,0.524487,shoulder_pan,10.0,8.8757,8.9121,7.9102,2161,0,1080,2,12.2,34,step_10,no_load,0.0
4.151555,0.534654,shoulder_pan,10.0,8.8757,8.9121,7.9102,2161,0,1080,2,12.2,34,step_10,no_load,0.0
4.162474,0.545574,shoulder_pan,10.0,8.8757,8.9121,7.9102,2161,0,1080,2,12.2,34,step_10,no_load,0.0
4.172767,0.555867,shoulder_pan,10.0,8.8757,8.9121,7.9102,2161,0,1080,2,12.2,34,step_10,no_load,0.0
4.183818,0.566917,shoulder_pan,10.0,8.8757,8.9121,7.9102,2161,0,1080,1,12.2,33,step_10,no_load,0.0
4.194341,0.577441,shoulder_pan,10.0,8.8757,8.9121,7.9102,2161,0,1080,2,12.2,34,step_10,no_load,0.0
4.204605,0.587704,shoulder_pan,10.0,8.8757,8.9121,7.9102,2161,0,1080,2,12.2,34,step_10,no_load,0.0
4.214745,0.597845,shoulder_pan,10.0,8.8757,8.9121,7.9102,2161,0,1080,1,12.2,34,step_10,no_load,0.0
4.224879,0.607979,shoulder_pan,10.0,8.8757,8.9121,7.9102,2161,0,1080,1,12.2,33,step_10,no_load,0.0
4.235339,0.618438,shoulder_pan,10.0,8.8757,8.9121,7.9102,2161,0,1080,2,12.2,34,step_10,no_load,0.0
4.245852,0.628952,shoulder_pan,10.0,8.8757,8.9121,7.9102,2161,0,1080,1,12.2,34,step_10,no_load,0.0
4.25617,0.639269,shoulder_pan,10.0,8.8757,8.9121,7.9102,2161,0,1080,1,12.2,34,step_10,no_load,0.0
4.266711,0.64981,shoulder_pan,10.0,8.8757,8.9121,7.9102,2161,0,1080,1,12.2,34,step_10,no_load,0.0
4.277154,0.660253,shoulder_pan,10.0,8.8757,8.9121,7.9102,2161,0,1080,2,12.2,34,step_10,no_load,0.0
4.287342,0.670442,shoulder_pan,10.0,8.8757,8.9121,7.9102,2161,0,1080,1,12.2,34,step_10,no_load,0.0
4.297664,0.680763,shoulder_pan,10.0,8.8757,8.9121,7.9102,2161,0,1080,1,12.2,34,step_10,no_load,0.0
4.308215,0.691314,shoulder_pan,10.0,8.8757,8.9121,7.9102,2161,0,1080,2,12.2,34,step_10,no_load,0.0
4.318433,0.701532,shoulder_pan,10.0,8.8757,8.9121,7.9102,2161,0,1080,1,12.2,34,step_10,no_load,0.0
4.329023,0.712123,shoulder_pan,10.0,8.8757,8.9121,7.9102,2161,0,1080,2,12.2,34,step_10,no_load,0.0
4.339623,0.722723,shoulder_pan,10.0,8.8757,8.9121,7.9102,2161,0,1080,1,12.2,34,step_10,no_load,0.0
4.350453,0.733552,shoulder_pan,10.0,8.8757,8.9121,7.9102,2161,0,1080,1,12.2,34,step_10,no_load,0.0
4.360684,0.743784,shoulder_pan,10.0,8.8757,8.9121,7.9102,2161,0,1080,1,12.2,34,step_10,no_load,0.0
4.371124,0.754223,shoulder_pan,10.0,8.8757,8.9121,7.9102,2161,0,1080,1,12.2,34,step_10,no_load,0.0
4.381547,0.764646,shoulder_pan,10.0,8.8757,8.9121,7.9102,2161,0,1080,1,12.2,37,step_10,no_load,0.0
4.392005,0.775105,shoulder_pan,10.0,8.8757,8.9121,7.9102,2161,0,1080,2,12.3,34,step_10,no_load,0.0
4.402647,0.785746,shoulder_pan,10.0,8.8757,8.9121,7.9102,2161,0,1080,2,12.2,34,step_10,no_load,0.0
4.413324,0.796423,shoulder_pan,10.0,8.8757,8.9121,7.9102,2161,0,1080,2,12.2,34,step_10,no_load,0.0
4.4236,0.806699,shoulder_pan,10.0,8.8757,8.9121,7.9102,2161,0,1080,2,12.2,34,step_10,no_load,0.0
4.434158,0.817257,shoulder_pan,10.0,8.8757,8.9121,7.9102,2161,0,1080,2,12.2,34,step_10,no_load,0.0
4.444323,0.827422,shoulder_pan,10.0,8.8757,8.9121,7.9102,2161,0,1080,1,12.2,34,step_10,no_load,0.0
4.45499,0.838089,shoulder_pan,10.0,8.8757,8.9121,7.9102,2161,0,1080,1,12.2,33,step_10,no_load,0.0
4.465249,0.848349,shoulder_pan,10.0,8.8757,8.9121,7.9102,2161,0,1080,2,12.2,34,step_10,no_load,0.0
4.475985,0.859084,shoulder_pan,10.0,8.8757,8.9121,7.9102,2161,0,1080,1,12.2,33,step_10,no_load,0.0
4.486419,0.869518,shoulder_pan,10.0,8.8757,8.9121,7.9102,2161,0,1080,2,12.2,34,step_10,no_load,0.0
4.496737,0.879837,shoulder_pan,10.0,8.8757,8.9121,7.9102,2161,0,1080,2,12.2,34,step_10,no_load,0.0
4.507257,0.890356,shoulder_pan,10.0,8.8757,8.9121,7.9102,2161,0,1080,1,12.2,34,step_10,no_load,0.0
4.517451,0.900551,shoulder_pan,10.0,8.8757,8.9121,7.9102,2161,0,1080,1,12.2,34,step_10,no_load,0.0
4.527908,0.911007,shoulder_pan,10.0,8.8757,8.9121,7.9102,2161,0,1080,2,12.2,34,step_10,no_load,0.0
4.538566,0.921665,shoulder_pan,10.0,8.8757,8.9121,7.9102,2161,0,1080,1,12.2,33,step_10,no_load,0.0
4.549159,0.932258,shoulder_pan,10.0,8.8757,8.9121,7.9102,2161,0,1080,2,12.2,33,step_10,no_load,0.0
4.559439,0.942539,shoulder_pan,10.0,8.8757,8.9121,7.9102,2161,0,1080,2,12.2,34,step_10,no_load,0.0
4.569682,0.952781,shoulder_pan,10.0,8.8757,8.9121,7.9102,2161,0,1080,2,12.2,34,step_10,no_load,0.0
4.579917,0.963016,shoulder_pan,10.0,8.8757,8.9121,7.9102,2161,0,1080,1,12.2,33,step_10,no_load,0.0
4.590506,0.973606,shoulder_pan,10.0,8.8757,8.9121,7.9102,2161,0,1080,2,12.2,34,step_10,no_load,0.0
4.601142,0.984241,shoulder_pan,10.0,8.8757,8.9121,7.9102,2161,0,1080,2,12.2,33,step_10,no_load,0.0
4.611596,0.994695,shoulder_pan,10.0,8.8757,8.9121,7.9102,2161,0,1080,2,12.2,34,step_10,no_load,0.0
4.622208,1.005307,shoulder_pan,10.0,8.8757,8.9121,7.9102,2161,0,1080,1,12.2,34,step_10,no_load,0.0
4.632433,1.015532,shoulder_pan,10.0,8.8757,8.9121,7.9102,2161,0,1080,1,12.2,34,step_10,no_load,0.0
4.642719,1.025819,shoulder_pan,10.0,8.8757,8.9121,7.9102,2161,0,1080,2,12.3,34,step_10,no_load,0.0
4.65299,1.03609,shoulder_pan,10.0,8.7771,8.9121,7.8223,2160,-50,1088,1,12.2,34,step_10,no_load,-8.558
4.663579,1.046678,shoulder_pan,10.0,8.7771,8.9121,7.8223,2160,-50,1088,2,12.2,34,step_10,no_load,0.0
4.673843,1.056942,shoulder_pan,10.0,8.7771,8.9121,7.8223,2160,0,1084,2,12.2,34,step_10,no_load,0.0
4.684085,1.067185,shoulder_pan,10.0,8.7771,8.9121,7.8223,2160,0,1084,2,12.2,34,step_10,no_load,0.0
4.69453,1.077629,shoulder_pan,10.0,8.7771,8.9121,7.8223,2160,0,1084,1,12.2,34,step_10,no_load,0.0
4.70521,1.088309,shoulder_pan,10.0,8.7771,8.9121,7.8223,2160,0,1084,1,12.2,34,step_10,no_load,0.0
4.715327,1.098427,shoulder_pan,10.0,8.7771,8.9121,7.8223,2160,0,1084,2,12.2,34,step_10,no_load,0.0
4.726196,1.109295,shoulder_pan,10.0,8.7771,8.9121,7.8223,2160,0,1084,2,12.2,34,step_10,no_load,0.0
4.736418,1.119517,shoulder_pan,10.0,8.7771,8.9121,7.8223,2160,0,1084,2,12.2,34,step_10,no_load,0.0
4.746723,1.129822,shoulder_pan,10.0,8.7771,8.9121,7.8223,2160,0,1084,2,12.2,34,step_10,no_load,0.0
4.75764,1.140739,shoulder_pan,10.0,8.7771,8.9121,7.8223,2160,0,1084,2,12.2,34,step_10,no_load,0.0
4.768019,1.151118,shoulder_pan,10.0,8.7771,8.9121,7.8223,2160,0,1084,2,12.2,34,step_10,no_load,0.0
4.778174,1.161273,shoulder_pan,10.0,8.7771,8.9121,7.8223,2160,0,1084,2,12.2,34,step_10,no_load,0.0
4.78856,1.171659,shoulder_pan,10.0,8.7771,8.9121,7.8223,2160,0,1084,2,12.2,34,step_10,no_load,0.0
4.798992,1.182091,shoulder_pan,10.0,8.7771,8.9121,7.8223,2160,0,1084,2,12.2,34,step_10,no_load,0.0
4.809279,1.192379,shoulder_pan,10.0,8.7771,8.9121,7.8223,2160,0,1084,2,12.2,33,step_10,no_load,0.0
4.820736,4e-06,shoulder_pan,0.0,8.7771,0.0,7.8223,2160,0,1080,1,12.2,34,step_10,no_load,0.0
4.831112,0.01038,shoulder_pan,0.0,8.7771,0.0,7.8223,2160,0,1068,1,12.2,33,step_10,no_load,0.0
4.841823,0.021091,shoulder_pan,0.0,8.7771,0.0,7.8223,2160,0,1048,0,12.2,34,step_10,no_load,0.0
4.852062,0.03133,shoulder_pan,0.0,8.7771,0.0,7.8223,2160,0,56,1,12.2,34,step_10,no_load,0.0
4.86254,0.041808,shoulder_pan,0.0,8.6785,0.0,7.7344,2159,-50,100,3,12.2,34,step_10,no_load,-8.389
4.872799,0.052067,shoulder_pan,0.0,8.4813,0.0,7.5586,2157,-100,172,7,12.1,34,step_10,no_load,-17.136
4.883094,0.062362,shoulder_pan,0.0,8.1854,0.0,7.2949,2154,-100,228,11,12.2,34,step_10,no_load,-25.614
4.893106,0.072374,shoulder_pan,0.0,7.8895,0.0,7.0312,2151,-300,288,13,12.2,34,step_10,no_load,-26.338
4.90328,0.082548,shoulder_pan,0.0,7.5937,0.0,6.7676,2148,-300,328,12,12.2,34,step_10,no_load,-25.909
4.913655,0.092923,shoulder_pan,0.0,7.1006,0.0,6.3281,2143,-400,328,8,12.1,34,step_10,no_load,-42.361
4.923893,0.103161,shoulder_pan,0.0,6.213,0.0,5.5371,2134,-400,320,7,12.2,34,step_10,no_load,-77.261
4.934969,0.114237,shoulder_pan,0.0,5.1282,0.0,4.5703,2123,-900,196,0,12.2,34,step_10,no_load,-87.288
4.945218,0.124486,shoulder_pan,0.0,4.3393,0.0,3.8672,2115,-900,168,0,12.2,33,step_10,no_load,-68.602
4.955462,0.13473,shoulder_pan,0.0,3.7475,0.0,3.3398,2109,-750,100,0,12.2,34,step_10,no_load,-51.484
4.965729,0.144997,shoulder_pan,0.0,3.2544,0.0,2.9004,2104,-750,100,0,12.2,34,step_10,no_load,-42.797
4.975918,0.155186,shoulder_pan,0.0,2.86,0.0,2.5488,2100,-450,80,1,12.2,34,step_10,no_load,-34.508
4.986151,0.165419,shoulder_pan,0.0,2.3669,0.0,2.1094,2095,-450,64,0,12.2,34,step_10,no_load,-42.94
4.99676,0.176028,shoulder_pan,0.0,1.7751,0.0,1.582,2089,-500,44,0,12.2,33,step_10,no_load,-49.713
5.008372,0.18764,shoulder_pan,0.0,1.3807,0.0,1.2305,2085,-500,28,0,12.2,34,step_10,no_load,-30.27
5.018673,0.197941,shoulder_pan,0.0,1.1834,0.0,1.0547,2083,-350,20,0,12.2,34,step_10,no_load,-17.066
5.029218,0.208485,shoulder_pan,0.0,1.0848,0.0,0.9668,2082,-350,44,1,12.2,34,step_10,no_load,-8.336
5.039745,0.219013,shoulder_pan,0.0,0.9862,0.0,0.8789,2081,-100,40,0,12.3,34,step_10,no_load,-8.35
5.050058,0.229326,shoulder_pan,0.0,0.789,0.0,0.7031,2079,-100,36,0,12.2,34,step_10,no_load,-17.046
5.060488,0.239756,shoulder_pan,0.0,0.5917,0.0,0.5273,2077,-150,28,0,12.2,34,step_10,no_load,-16.855
5.071205,0.250473,shoulder_pan,0.0,0.4931,0.0,0.4395,2076,-150,0,0,12.2,34,step_10,no_load,-8.193
5.081775,0.261043,shoulder_pan,0.0,0.3945,0.0,0.3516,2075,-150,1044,0,12.2,34,step_10,no_load,-8.316
5.092399,0.271667,shoulder_pan,0.0,0.2959,0.0,0.2637,2074,-100,20,0,12.2,34,step_10,no_load,-8.274
5.103276,0.282544,shoulder_pan,0.0,0.2959,0.0,0.2637,2074,-100,20,0,12.2,34,step_10,no_load,0.0
5.113397,0.292665,shoulder_pan,0.0,0.1972,0.0,0.1758,2073,-50,1044,0,12.2,34,step_10,no_load,-8.685
5.123546,0.302814,shoulder_pan,0.0,0.1972,0.0,0.1758,2073,-50,1044,0,12.2,34,step_10,no_load,0.0
5.13378,0.313047,shoulder_pan,0.0,0.1972,0.0,0.1758,2073,0,20,0,12.2,34,step_10,no_load,0.0
5.144697,0.323965,shoulder_pan,0.0,0.1972,0.0,0.1758,2073,0,20,0,12.2,34,step_10,no_load,0.0
5.155451,0.334719,shoulder_pan,0.0,0.1972,0.0,0.1758,2073,0,20,0,12.2,34,step_10,no_load,0.0
5.165886,0.345154,shoulder_pan,0.0,0.1972,0.0,0.1758,2073,0,20,0,12.2,34,step_10,no_load,0.0
5.17627,0.355538,shoulder_pan,0.0,0.1972,0.0,0.1758,2073,0,20,0,12.2,34,step_10,no_load,0.0
5.187569,0.366837,shoulder_pan,0.0,0.1972,0.0,0.1758,2073,0,20,0,12.2,34,step_10,no_load,0.0
5.19831,0.377578,shoulder_pan,0.0,0.1972,0.0,0.1758,2073,0,20,0,12.2,33,step_10,no_load,0.0
5.208952,0.38822,shoulder_pan,0.0,0.1972,0.0,0.1758,2073,0,20,0,12.2,33,step_10,no_load,0.0
5.219604,0.398872,shoulder_pan,0.0,0.1972,0.0,0.1758,2073,0,20,1,12.2,34,step_10,no_load,0.0
5.229993,0.409261,shoulder_pan,0.0,0.1972,0.0,0.1758,2073,0,20,0,12.3,33,step_10,no_load,0.0
5.240213,0.419481,shoulder_pan,0.0,0.1972,0.0,0.1758,2073,0,20,0,12.2,34,step_10,no_load,0.0
5.250796,0.430064,shoulder_pan,0.0,0.1972,0.0,0.1758,2073,0,20,0,12.2,34,step_10,no_load,0.0
5.260996,0.440264,shoulder_pan,0.0,0.1972,0.0,0.1758,2073,0,20,0,12.2,34,step_10,no_load,0.0
5.271764,0.451032,shoulder_pan,0.0,0.1972,0.0,0.1758,2073,0,20,0,12.2,34,step_10,no_load,0.0
5.282125,0.461393,shoulder_pan,0.0,0.1972,0.0,0.1758,2073,0,20,0,12.2,34,step_10,no_load,0.0
5.292445,0.471713,shoulder_pan,0.0,0.1972,0.0,0.1758,2073,0,20,0,12.2,34,step_10,no_load,0.0
5.302756,0.482024,shoulder_pan,0.0,0.1972,0.0,0.1758,2073,0,20,0,12.2,34,step_10,no_load,0.0
5.312983,0.492251,shoulder_pan,0.0,0.1972,0.0,0.1758,2073,0,20,0,12.2,34,step_10,no_load,0.0
5.323178,0.502446,shoulder_pan,0.0,0.1972,0.0,0.1758,2073,0,20,0,12.2,34,step_10,no_load,0.0
5.333425,0.512693,shoulder_pan,0.0,0.1972,0.0,0.1758,2073,0,20,0,12.2,34,step_10,no_load,0.0
5.343603,0.522871,shoulder_pan,0.0,0.1972,0.0,0.1758,2073,0,20,0,12.2,33,step_10,no_load,0.0
5.353773,0.533041,shoulder_pan,0.0,0.1972,0.0,0.1758,2073,0,20,0,12.2,34,step_10,no_load,0.0
5.364184,0.543452,shoulder_pan,0.0,0.1972,0.0,0.1758,2073,0,20,0,12.2,34,step_10,no_load,0.0
5.375185,0.554453,shoulder_pan,0.0,0.1972,0.0,0.1758,2073,0,20,1,12.2,34,step_10,no_load,0.0
5.385502,0.56477,shoulder_pan,0.0,0.1972,0.0,0.1758,2073,0,20,0,12.2,34,step_10,no_load,0.0
5.395734,0.575002,shoulder_pan,0.0,0.1972,0.0,0.1758,2073,0,20,0,12.2,34,step_10,no_load,0.0
5.406073,0.58534,shoulder_pan,0.0,0.1972,0.0,0.1758,2073,0,20,1,12.3,34,step_10,no_load,0.0
5.41655,0.595818,shoulder_pan,0.0,0.1972,0.0,0.1758,2073,0,20,0,12.2,33,step_10,no_load,0.0
5.426922,0.60619,shoulder_pan,0.0,0.1972,0.0,0.1758,2073,0,20,0,12.3,34,step_10,no_load,0.0
5.437213,0.61648,shoulder_pan,0.0,0.1972,0.0,0.1758,2073,0,20,0,12.2,34,step_10,no_load,0.0
5.448154,0.627421,shoulder_pan,0.0,0.1972,0.0,0.1758,2073,0,20,0,12.2,34,step_10,no_load,0.0
5.458816,0.638084,shoulder_pan,0.0,0.1972,0.0,0.1758,2073,0,20,0,12.2,34,step_10,no_load,0.0
5.469179,0.648447,shoulder_pan,0.0,0.1972,0.0,0.1758,2073,0,20,0,12.2,34,step_10,no_load,0.0
5.480001,0.659269,shoulder_pan,0.0,0.1972,0.0,0.1758,2073,0,20,0,12.2,33,step_10,no_load,0.0
5.490852,0.67012,shoulder_pan,0.0,0.1972,0.0,0.1758,2073,0,20,0,12.2,33,step_10,no_load,0.0
5.50112,0.680388,shoulder_pan,0.0,0.1972,0.0,0.1758,2073,0,20,0,12.2,34,step_10,no_load,0.0
5.512063,0.691331,shoulder_pan,0.0,0.1972,0.0,0.1758,2073,0,20,0,12.2,34,step_10,no_load,0.0
5.522704,0.701972,shoulder_pan,0.0,0.1972,0.0,0.1758,2073,0,20,0,12.2,34,step_10,no_load,0.0
5.53296,0.712228,shoulder_pan,0.0,0.1972,0.0,0.1758,2073,0,20,0,12.3,34,step_10,no_load,0.0
5.543636,0.722904,shoulder_pan,0.0,0.1972,0.0,0.1758,2073,0,20,0,12.2,34,step_10,no_load,0.0
5.553913,0.733181,shoulder_pan,0.0,0.1972,0.0,0.1758,2073,0,20,0,12.2,34,step_10,no_load,0.0
5.564991,0.744258,shoulder_pan,0.0,0.1972,0.0,0.1758,2073,0,20,0,12.2,33,step_10,no_load,0.0
5.576097,0.755365,shoulder_pan,0.0,0.1972,0.0,0.1758,2073,0,20,0,12.2,33,step_10,no_load,0.0
5.586576,0.765844,shoulder_pan,0.0,0.1972,0.0,0.1758,2073,0,20,0,12.2,34,step_10,no_load,0.0
5.597202,0.77647,shoulder_pan,0.0,0.1972,0.0,0.1758,2073,0,20,0,12.2,34,step_10,no_load,0.0
5.607425,0.786693,shoulder_pan,0.0,0.1972,0.0,0.1758,2073,0,20,0,12.2,34,step_10,no_load,0.0
5.617787,0.797055,shoulder_pan,0.0,0.1972,0.0,0.1758,2073,0,20,0,12.2,34,step_10,no_load,0.0
5.628399,0.807667,shoulder_pan,0.0,0.1972,0.0,0.1758,2073,0,20,1,12.2,34,step_10,no_load,0.0
5.639405,0.818673,shoulder_pan,0.0,0.1972,0.0,0.1758,2073,0,20,1,12.2,34,step_10,no_load,0.0
5.649848,0.829116,shoulder_pan,0.0,0.1972,0.0,0.1758,2073,0,20,0,12.2,33,step_10,no_load,0.0
5.660075,0.839343,shoulder_pan,0.0,0.1972,0.0,0.1758,2073,0,20,0,12.2,34,step_10,no_load,0.0
5.670118,0.849386,shoulder_pan,0.0,0.1972,0.0,0.1758,2073,0,20,0,12.2,34,step_10,no_load,0.0
5.680814,0.860082,shoulder_pan,0.0,0.1972,0.0,0.1758,2073,0,20,0,12.2,34,step_10,no_load,0.0
5.691063,0.870331,shoulder_pan,0.0,0.1972,0.0,0.1758,2073,0,20,0,12.2,33,step_10,no_load,0.0
5.701688,0.880956,shoulder_pan,0.0,0.1972,0.0,0.1758,2073,0,20,0,12.2,34,step_10,no_load,0.0
5.711961,0.891228,shoulder_pan,0.0,0.1972,0.0,0.1758,2073,0,20,0,12.2,33,step_10,no_load,0.0
5.722248,0.901516,shoulder_pan,0.0,0.1972,0.0,0.1758,2073,0,20,0,12.2,34,step_10,no_load,0.0
5.732505,0.911773,shoulder_pan,0.0,0.1972,0.0,0.1758,2073,0,20,0,12.2,34,step_10,no_load,0.0
5.742766,0.922033,shoulder_pan,0.0,0.1972,0.0,0.1758,2073,0,20,0,12.2,33,step_10,no_load,0.0
5.753523,0.932791,shoulder_pan,0.0,0.1972,0.0,0.1758,2073,0,20,0,12.2,34,step_10,no_load,0.0
5.764728,0.943996,shoulder_pan,0.0,0.1972,0.0,0.1758,2073,0,20,0,12.2,34,step_10,no_load,0.0
5.775433,0.954701,shoulder_pan,0.0,0.1972,0.0,0.1758,2073,0,20,0,12.2,34,step_10,no_load,0.0
5.786444,0.965712,shoulder_pan,0.0,0.1972,0.0,0.1758,2073,0,20,0,12.2,33,step_10,no_load,0.0
5.797103,0.976371,shoulder_pan,0.0,0.2959,0.0,0.2637,2074,50,24,0,12.2,34,step_10,no_load,8.247
5.80744,0.986708,shoulder_pan,0.0,0.2959,0.0,0.2637,2074,50,28,1,12.2,34,step_10,no_load,0.0
5.818354,0.997622,shoulder_pan,0.0,0.2959,0.0,0.2637,2074,0,32,0,12.2,34,step_10,no_load,0.0
5.82877,1.008038,shoulder_pan,0.0,0.3945,0.0,0.3516,2075,50,32,1,12.2,34,step_10,no_load,8.439
5.839496,1.018764,shoulder_pan,0.0,0.3945,0.0,0.3516,2075,50,32,1,12.2,34,step_10,no_load,0.0
5.850089,1.029357,shoulder_pan,0.0,0.4931,0.0,0.4395,2076,50,32,0,12.2,34,step_10,no_load,8.298
5.860358,1.039626,shoulder_pan,0.0,0.4931,0.0,0.4395,2076,50,32,1,12.2,34,step_10,no_load,0.0
5.871081,1.050349,shoulder_pan,0.0,0.5917,0.0,0.5273,2077,50,40,1,12.2,34,step_10,no_load,8.188
5.881637,1.060905,shoulder_pan,0.0,0.5917,0.0,0.5273,2077,50,40,0,12.2,34,step_10,no_load,0.0
5.892396,1.071664,shoulder_pan,0.0,0.6903,0.0,0.6152,2078,0,44,0,12.2,34,step_10,no_load,8.17
5.9032,1.082468,shoulder_pan,0.0,0.6903,0.0,0.6152,2078,0,44,1,12.2,34,step_10,no_load,0.0
5.914064,1.093332,shoulder_pan,0.0,0.6903,0.0,0.6152,2078,50,44,1,12.2,34,step_10,no_load,0.0
5.924684,1.103952,shoulder_pan,0.0,0.6903,0.0,0.6152,2078,50,48,1,12.2,34,step_10,no_load,0.0
5.9349,1.114168,shoulder_pan,0.0,0.789,0.0,0.7031,2079,50,48,1,12.2,34,step_10,no_load,8.604
5.945576,1.124844,shoulder_pan,0.0,0.789,0.0,0.7031,2079,50,44,0,12.2,34,step_10,no_load,0.0
5.956336,1.135604,shoulder_pan,0.0,0.789,0.0,0.7031,2079,0,44,1,12.2,34,step_10,no_load,0.0
5.966735,1.146003,shoulder_pan,0.0,0.789,0.0,0.7031,2079,0,44,1,12.2,34,step_10,no_load,0.0
5.977134,1.156402,shoulder_pan,0.0,0.789,0.0,0.7031,2079,0,44,1,12.2,34,step_10,no_load,0.0
5.987413,1.166681,shoulder_pan,0.0,0.789,0.0,0.7031,2079,0,44,1,12.2,34,step_10,no_load,0.0
5.99815,1.177418,shoulder_pan,0.0,0.789,0.0,0.7031,2079,0,44,1,12.2,34,step_10,no_load,0.0
6.008636,1.187904,shoulder_pan,0.0,0.789,0.0,0.7031,2079,0,44,1,12.2,34,step_10,no_load,0.0
6.018855,1.198123,shoulder_pan,0.0,0.789,0.0,0.7031,2079,0,44,1,12.2,34,step_10,no_load,0.0
6.030266,5e-06,shoulder_pan,10.0,0.789,8.9121,0.7031,2079,0,44,1,12.2,34,step_10,no_load,0.0
6.040949,0.010687,shoulder_pan,10.0,0.789,8.9121,0.7031,2079,0,36,0,12.2,34,step_10,no_load,0.0
6.051441,0.021179,shoulder_pan,10.0,0.789,8.9121,0.7031,2079,0,1052,0,12.2,34,step_10,no_load,0.0
6.061775,0.031514,shoulder_pan,10.0,0.789,8.9121,0.7031,2079,0,1072,2,12.2,34,step_10,no_load,0.0
6.072128,0.041866,shoulder_pan,10.0,0.8876,8.9121,0.791,2080,50,1144,4,12.2,34,step_10,no_load,8.49
6.082484,0.052223,shoulder_pan,10.0,0.8876,8.9121,0.791,2080,50,1196,12,12.2,34,step_10,no_load,0.0
6.093073,0.062811,shoulder_pan,10.0,0.8876,8.9121,0.791,2080,0,1308,18,12.2,34,step_10,no_load,0.0
6.103651,0.073389,shoulder_pan,10.0,1.2821,8.9121,1.1426,2084,0,1360,20,12.2,34,step_10,no_load,33.239
6.114418,0.084157,shoulder_pan,10.0,1.9724,8.9121,1.7578,2091,350,1380,20,12.2,34,step_10,no_load,57.138
6.124751,0.09449,shoulder_pan,10.0,2.6627,8.9121,2.373,2098,350,1324,9,12.2,34,step_10,no_load,59.537
6.134889,0.104628,shoulder_pan,10.0,3.2544,8.9121,2.9004,2104,700,1324,14,12.2,34,step_10,no_load,52.022
6.145937,0.115676,shoulder_pan,10.0,3.9448,8.9121,3.5156,2111,700,1264,8,12.2,34,step_10,no_load,55.684
6.156718,0.126457,shoulder_pan,10.0,4.5365,8.9121,4.043,2117,600,1236,9,12.2,34,step_10,no_load,48.919
6.167305,0.137043,shoulder_pan,10.0,5.1282,8.9121,4.5703,2123,600,1188,4,12.2,34,step_10,no_load,49.806
6.177481,0.147219,shoulder_pan,10.0,5.5227,8.9121,4.9219,2127,500,1168,4,12.2,34,step_10,no_load,34.552
6.187951,0.157689,shoulder_pan,10.0,5.9172,8.9121,5.2734,2131,450,1164,4,12.2,34,step_10,no_load,33.572
6.198406,0.168145,shoulder_pan,10.0,6.4103,8.9121,5.7129,2136,450,1148,3,12.2,34,step_10,no_load,42.037
6.208653,0.178392,shoulder_pan,10.0,6.7061,8.9121,5.9766,2139,400,1132,2,12.2,34,step_10,no_load,25.734
6.219302,0.189041,shoulder_pan,10.0,7.1006,8.9121,6.3281,2143,400,1116,0,12.2,34,step_10,no_load,33.008
6.229522,0.19926,shoulder_pan,10.0,7.3964,8.9121,6.5918,2146,300,1108,1,12.2,34,step_10,no_load,25.802
6.239913,0.209652,shoulder_pan,10.0,7.7909,8.9121,6.9434,2150,300,1096,0,12.2,34,step_10,no_load,33.837
6.250098,0.219837,shoulder_pan,10.0,8.0868,8.9121,7.207,2153,300,1088,0,12.2,34,step_10,no_load,25.881
6.260433,0.230171,shoulder_pan,10.0,8.284,8.9121,7.3828,2155,300,1080,0,12.2,34,step_10,no_load,17.01
6.270838,0.240576,shoulder_pan,10.0,8.4813,8.9121,7.5586,2157,250,1076,0,12.2,34,step_10,no_load,16.896
6.281157,0.250896,shoulder_pan,10.0,8.5799,8.9121,7.6465,2158,250,1072,0,12.2,34,step_10,no_load,8.518
6.291414,0.261153,shoulder_pan,10.0,8.6785,8.9121,7.7344,2159,100,1076,0,12.1,33,step_10,no_load,8.57
6.301832,0.27157,shoulder_pan,10.0,8.7771,8.9121,7.8223,2160,100,1072,1,12.2,34,step_10,no_load,8.437
6.312093,0.281832,shoulder_pan,10.0,8.7771,8.9121,7.8223,2160,50,1080,1,12.2,34,step_10,no_load,0.0
6.323118,0.292856,shoulder_pan,10.0,8.8757,8.9121,7.9102,2161,50,1076,0,12.2,34,step_10,no_load,7.973
6.333379,0.303118,shoulder_pan,10.0,8.9744,8.9121,7.998,2162,50,1072,1,12.2,34,step_10,no_load,8.557
6.343646,0.313384,shoulder_pan,10.0,8.9744,8.9121,7.998,2162,50,1072,1,12.2,34,step_10,no_load,0.0
6.354204,0.323943,shoulder_pan,10.0,8.9744,8.9121,7.998,2162,50,1072,1,12.2,34,step_10,no_load,0.0
6.365377,0.335116,shoulder_pan,10.0,8.9744,8.9121,7.998,2162,50,1076,1,12.2,34,step_10,no_load,0.0
6.375549,0.345287,shoulder_pan,10.0,8.8757,8.9121,7.9102,2161,0,1080,1,12.2,34,step_10,no_load,-8.632
6.386245,0.355983,shoulder_pan,10.0,8.8757,8.9121,7.9102,2161,0,1084,2,12.2,34,step_10,no_load,0.0
6.396419,0.366158,shoulder_pan,10.0,8.8757,8.9121,7.9102,2161,-50,1084,2,12.2,34,step_10,no_load,0.0
6.407062,0.3768,shoulder_pan,10.0,8.8757,8.9121,7.9102,2161,0,1080,2,12.3,34,step_10,no_load,0.0
6.417465,0.387204,shoulder_pan,10.0,8.7771,8.9121,7.8223,2160,0,1084,2,12.2,34,step_10,no_load,-8.449
6.428309,0.398048,shoulder_pan,10.0,8.7771,8.9121,7.8223,2160,-50,1088,0,12.2,33,step_10,no_load,0.0
6.438795,0.408534,shoulder_pan,10.0,8.7771,8.9121,7.8223,2160,-50,1088,2,12.2,33,step_10,no_load,0.0
6.449913,0.419652,shoulder_pan,10.0,8.7771,8.9121,7.8223,2160,0,1084,2,12.2,33,step_10,no_load,0.0
6.460675,0.430414,shoulder_pan,10.0,8.7771,8.9121,7.8223,2160,0,1084,2,12.2,34,step_10,no_load,0.0
6.471732,0.44147,shoulder_pan,10.0,8.7771,8.9121,7.8223,2160,0,1080,2,12.1,34,step_10,no_load,0.0
6.482356,0.452095,shoulder_pan,10.0,8.8757,8.9121,7.9102,2161,0,1080,2,12.2,34,step_10,no_load,8.274
6.492746,0.462484,shoulder_pan,10.0,8.8757,8.9121,7.9102,2161,50,1076,1,12.2,34,step_10,no_load,0.0
6.503304,0.473042,shoulder_pan,10.0,8.8757,8.9121,7.9102,2161,50,1080,1,12.2,34,step_10,no_load,0.0
6.513901,0.483639,shoulder_pan,10.0,8.8757,8.9121,7.9102,2161,0,1080,1,12.2,34,step_10,no_load,0.0
6.524849,0.494588,shoulder_pan,10.0,8.9744,8.9121,7.998,2162,0,1072,1,12.2,34,step_10,no_load,8.02
6.535038,0.504777,shoulder_pan,10.0,8.9744,8.9121,7.998,2162,50,1072,1,12.2,34,step_10,no_load,0.0
6.545168,0.514906,shoulder_pan,10.0,8.9744,8.9121,7.998,2162,50,1076,2,12.2,34,step_10,no_load,0.0
6.555808,0.525546,shoulder_pan,10.0,8.9744,8.9121,7.998,2162,0,1076,1,12.2,34,step_10,no_load,0.0
6.566273,0.536012,shoulder_pan,10.0,8.9744,8.9121,7.998,2162,0,1076,1,12.2,33,step_10,no_load,0.0
6.577006,0.546745,shoulder_pan,10.0,8.9744,8.9121,7.998,2162,0,1076,1,12.2,34,step_10,no_load,0.0
6.587464,0.557203,shoulder_pan,10.0,8.9744,8.9121,7.998,2162,0,1076,1,12.2,34,step_10,no_load,0.0
6.598395,0.568134,shoulder_pan,10.0,8.9744,8.9121,7.998,2162,0,1076,2,12.2,34,step_10,no_load,0.0
6.609504,0.579243,shoulder_pan,10.0,8.9744,8.9121,7.998,2162,0,1076,1,12.2,34,step_10,no_load,0.0
6.620143,0.589881,shoulder_pan,10.0,8.8757,8.9121,7.9102,2161,0,1080,1,12.2,34,step_10,no_load,-8.253
6.630862,0.6006,shoulder_pan,10.0,8.8757,8.9121,7.9102,2161,-50,1084,1,12.2,34,step_10,no_load,0.0
6.641033,0.610772,shoulder_pan,10.0,8.8757,8.9121,7.9102,2161,-50,1084,2,12.2,34,step_10,no_load,0.0
6.651443,0.621182,shoulder_pan,10.0,8.8757,8.9121,7.9102,2161,0,1080,1,12.2,34,step_10,no_load,0.0
6.661804,0.631543,shoulder_pan,10.0,8.8757,8.9121,7.9102,2161,0,1080,2,12.2,34,step_10,no_load,0.0
6.672551,0.642289,shoulder_pan,10.0,8.8757,8.9121,7.9102,2161,0,1080,2,12.2,34,step_10,no_load,0.0
6.683142,0.652881,shoulder_pan,10.0,8.8757,8.9121,7.9102,2161,0,1080,1,12.2,34,step_10,no_load,0.0
6.693361,0.6631,shoulder_pan,10.0,8.8757,8.9121,7.9102,2161,0,1080,1,12.2,34,step_10,no_load,0.0
6.703915,0.673654,shoulder_pan,10.0,8.8757,8.9121,7.9102,2161,0,1080,1,12.2,34,step_10,no_load,0.0
6.715049,0.684788,shoulder_pan,10.0,8.8757,8.9121,7.9102,2161,0,1080,1,12.2,34,step_10,no_load,0.0
6.725362,0.695101,shoulder_pan,10.0,8.8757,8.9121,7.9102,2161,0,1080,2,12.2,34,step_10,no_load,0.0
6.735997,0.705735,shoulder_pan,10.0,8.8757,8.9121,7.9102,2161,0,1080,1,12.2,34,step_10,no_load,0.0
6.74662,0.716359,shoulder_pan,10.0,8.8757,8.9121,7.9102,2161,0,1080,1,12.2,33,step_10,no_load,0.0
6.757037,0.726776,shoulder_pan,10.0,8.8757,8.9121,7.9102,2161,0,1080,2,12.2,34,step_10,no_load,0.0
6.767804,0.737543,shoulder_pan,10.0,8.8757,8.9121,7.9102,2161,0,1080,1,12.2,34,step_10,no_load,0.0
6.77801,0.747749,shoulder_pan,10.0,8.8757,8.9121,7.9102,2161,0,1080,1,12.2,34,step_10,no_load,0.0
6.788417,0.758156,shoulder_pan,10.0,8.8757,8.9121,7.9102,2161,0,1080,2,12.2,34,step_10,no_load,0.0
6.799212,0.768951,shoulder_pan,10.0,8.8757,8.9121,7.9102,2161,0,1080,2,12.2,34,step_10,no_load,0.0
6.811314,0.781053,shoulder_pan,10.0,8.8757,8.9121,7.9102,2161,0,1080,2,12.2,34,step_10,no_load,0.0
6.821571,0.79131,shoulder_pan,10.0,8.8757,8.9121,7.9102,2161,0,1080,1,12.2,34,step_10,no_load,0.0
6.83164,0.801379,shoulder_pan,10.0,8.8757,8.9121,7.9102,2161,0,1080,1,12.2,33,step_10,no_load,0.0
6.842344,0.812083,shoulder_pan,10.0,8.8757,8.9121,7.9102,2161,0,1080,2,12.2,34,step_10,no_load,0.0
6.852426,0.822164,shoulder_pan,10.0,8.8757,8.9121,7.9102,2161,0,1080,1,12.2,33,step_10,no_load,0.0
6.863189,0.832928,shoulder_pan,10.0,8.8757,8.9121,7.9102,2161,0,1080,2,12.2,34,step_10,no_load,0.0
6.873405,0.843144,shoulder_pan,10.0,8.8757,8.9121,7.9102,2161,0,1080,1,12.2,34,step_10,no_load,0.0
6.883685,0.853423,shoulder_pan,10.0,8.8757,8.9121,7.9102,2161,0,1080,1,12.2,34,step_10,no_load,0.0
6.893834,0.863572,shoulder_pan,10.0,8.8757,8.9121,7.9102,2161,0,1080,2,12.2,34,step_10,no_load,0.0
6.904226,0.873964,shoulder_pan,10.0,8.8757,8.9121,7.9102,2161,0,1080,1,12.2,34,step_10,no_load,0.0
6.91449,0.884229,shoulder_pan,10.0,8.8757,8.9121,7.9102,2161,0,1080,1,12.2,34,step_10,no_load,0.0
6.925115,0.894854,shoulder_pan,10.0,8.8757,8.9121,7.9102,2161,0,1080,2,12.2,34,step_10,no_load,0.0
6.935696,0.905435,shoulder_pan,10.0,8.8757,8.9121,7.9102,2161,0,1080,2,12.2,34,step_10,no_load,0.0
6.945872,0.915611,shoulder_pan,10.0,8.8757,8.9121,7.9102,2161,0,1080,1,12.2,34,step_10,no_load,0.0
6.956314,0.926053,shoulder_pan,10.0,8.8757,8.9121,7.9102,2161,0,1080,2,12.2,34,step_10,no_load,0.0
6.966775,0.936514,shoulder_pan,10.0,8.8757,8.9121,7.9102,2161,0,1080,1,12.2,34,step_10,no_load,0.0
6.977079,0.946818,shoulder_pan,10.0,8.8757,8.9121,7.9102,2161,0,1080,2,12.2,34,step_10,no_load,0.0
6.987305,0.957044,shoulder_pan,10.0,8.8757,8.9121,7.9102,2161,0,1080,2,12.2,34,step_10,no_load,0.0
6.998217,0.967956,shoulder_pan,10.0,8.8757,8.9121,7.9102,2161,0,1080,2,12.2,34,step_10,no_load,0.0
7.008398,0.978136,shoulder_pan,10.0,8.8757,8.9121,7.9102,2161,0,1080,2,12.2,34,step_10,no_load,0.0
7.018579,0.988317,shoulder_pan,10.0,8.8757,8.9121,7.9102,2161,0,1080,2,12.2,34,step_10,no_load,0.0
7.02881,0.998549,shoulder_pan,10.0,8.8757,8.9121,7.9102,2161,0,1080,2,12.2,34,step_10,no_load,0.0
7.039136,1.008874,shoulder_pan,10.0,8.8757,8.9121,7.9102,2161,0,1080,1,12.2,34,step_10,no_load,0.0
7.049669,1.019408,shoulder_pan,10.0,8.8757,8.9121,7.9102,2161,0,1080,1,12.2,34,step_10,no_load,0.0
7.060316,1.030055,shoulder_pan,10.0,8.8757,8.9121,7.9102,2161,0,1080,1,12.2,34,step_10,no_load,0.0
7.070843,1.040582,shoulder_pan,10.0,8.8757,8.9121,7.9102,2161,0,1080,2,12.2,34,step_10,no_load,0.0
7.081132,1.050871,shoulder_pan,10.0,8.8757,8.9121,7.9102,2161,0,1080,1,12.2,34,step_10,no_load,0.0
7.092293,1.062032,shoulder_pan,10.0,8.8757,8.9121,7.9102,2161,0,1080,1,12.2,33,step_10,no_load,0.0
7.102902,1.07264,shoulder_pan,10.0,8.8757,8.9121,7.9102,2161,0,1080,2,12.2,34,step_10,no_load,0.0
7.113347,1.083085,shoulder_pan,10.0,8.8757,8.9121,7.9102,2161,0,1080,2,12.2,34,step_10,no_load,0.0
7.123768,1.093507,shoulder_pan,10.0,8.8757,8.9121,7.9102,2161,0,1080,2,12.2,34,step_10,no_load,0.0
7.134771,1.10451,shoulder_pan,10.0,8.8757,8.9121,7.9102,2161,0,1080,2,12.2,33,step_10,no_load,0.0
7.145123,1.114861,shoulder_pan,10.0,8.8757,8.9121,7.9102,2161,0,1080,1,12.2,34,step_10,no_load,0.0
7.155248,1.124986,shoulder_pan,10.0,8.8757,8.9121,7.9102,2161,0,1080,2,12.2,34,step_10,no_load,0.0
7.165771,1.13551,shoulder_pan,10.0,8.8757,8.9121,7.9102,2161,0,1080,2,12.2,34,step_10,no_load,0.0
7.176041,1.14578,shoulder_pan,10.0,8.8757,8.9121,7.9102,2161,0,1080,1,12.2,34,step_10,no_load,0.0
7.186174,1.155913,shoulder_pan,10.0,8.8757,8.9121,7.9102,2161,0,1080,1,12.2,34,step_10,no_load,0.0
7.196366,1.166105,shoulder_pan,10.0,8.8757,8.9121,7.9102,2161,0,1080,1,12.2,33,step_10,no_load,0.0
7.206892,1.17663,shoulder_pan,10.0,8.8757,8.9121,7.9102,2161,0,1080,1,12.2,34,step_10,no_load,0.0
7.216959,1.186697,shoulder_pan,10.0,8.8757,8.9121,7.9102,2161,0,1080,1,12.2,34,step_10,no_load,0.0
7.227104,1.196842,shoulder_pan,10.0,8.8757,8.9121,7.9102,2161,0,1080,2,12.2,36,step_10,no_load,0.0
7.238059,2e-06,shoulder_pan,0.0,8.8757,0.0,7.9102,2161,0,1080,2,12.2,34,step_10,no_load,0.0
7.248382,0.010325,shoulder_pan,0.0,8.8757,0.0,7.9102,2161,0,1068,0,12.2,34,step_10,no_load,0.0
7.259116,0.02106,shoulder_pan,0.0,8.8757,0.0,7.9102,2161,0,1048,0,12.2,34,step_10,no_load,0.0
7.270019,0.031962,shoulder_pan,0.0,8.8757,0.0,7.9102,2161,0,60,1,12.2,34,step_10,no_load,0.0
7.280647,0.042591,shoulder_pan,0.0,8.7771,0.0,7.8223,2160,0,128,3,12.2,34,step_10,no_load,-8.271
7.290878,0.052821,shoulder_pan,0.0,8.6785,0.0,7.7344,2159,-100,168,6,12.2,34,step_10,no_load,-8.592
7.301342,0.063286,shoulder_pan,0.0,8.3826,0.0,7.4707,2156,-100,260,14,12.2,34,step_10,no_load,-25.201
7.312101,0.074044,shoulder_pan,0.0,8.1854,0.0,7.2949,2154,-200,308,14,12.2,34,step_10,no_load,-16.34
7.323018,0.084961,shoulder_pan,0.0,7.7909,0.0,6.9434,2150,-200,336,10,12.2,34,step_10,no_load,-32.197
7.33385,0.095794,shoulder_pan,0.0,6.9034,0.0,6.1523,2141,-400,340,9,12.2,34,step_10,no_load,-73.034
7.344451,0.106395,shoulder_pan,0.0,5.9172,0.0,5.2734,2131,-400,240,0,12.2,34,step_10,no_load,-82.907
7.355412,0.117356,shoulder_pan,0.0,5.0296,0.0,4.4824,2122,-900,212,0,12.2,34,step_10,no_load,-72.165
7.366442,0.128385,shoulder_pan,0.0,4.2406,0.0,3.7793,2114,-750,128,0,12.2,34,step_10,no_load,-63.744
7.376809,0.138752,shoulder_pan,0.0,3.6489,0.0,3.252,2108,-750,108,0,12.2,33,step_10,no_load,-50.863
7.387157,0.1491,shoulder_pan,0.0,3.2544,0.0,2.9004,2104,-500,96,1,12.2,34,step_10,no_load,-33.978
7.397348,0.159292,shoulder_pan,0.0,2.9586,0.0,2.6367,2101,-500,84,0,12.2,34,step_10,no_load,-25.876
7.407597,0.169541,shoulder_pan,0.0,2.5641,0.0,2.2852,2097,-350,80,1,12.2,34,step_10,no_load,-34.296
7.417924,0.179867,shoulder_pan,0.0,2.1696,0.0,1.9336,2093,-350,68,0,12.2,33,step_10,no_load,-34.047
7.428145,0.190089,shoulder_pan,0.0,1.7751,0.0,1.582,2089,-350,52,0,12.2,34,step_10,no_load,-34.4
7.438659,0.200603,shoulder_pan,0.0,1.3807,0.0,1.2305,2085,-350,40,0,12.2,34,step_10,no_load,-33.432
7.449083,0.211027,shoulder_pan,0.0,1.1834,0.0,1.0547,2083,-300,32,0,12.2,34,step_10,no_load,-16.865
7.459245,0.221188,shoulder_pan,0.0,1.0848,0.0,0.9668,2082,-300,28,0,12.2,34,step_10,no_load,-8.65
7.469882,0.231826,shoulder_pan,0.0,0.9862,0.0,0.8789,2081,-150,44,1,12.2,34,step_10,no_load,-8.264
7.480688,0.242631,shoulder_pan,0.0,0.8876,0.0,0.791,2080,-150,40,0,12.2,33,step_10,no_load,-8.134
7.490914,0.252857,shoulder_pan,0.0,0.6903,0.0,0.6152,2078,-100,32,0,12.2,34,step_10,no_load,-17.191
7.501204,0.263148,shoulder_pan,0.0,0.5917,0.0,0.5273,2077,-100,24,0,12.2,34,step_10,no_load,-8.542
7.511503,0.273447,shoulder_pan,0.0,0.4931,0.0,0.4395,2076,-150,0,0,12.2,34,step_10,no_load,-8.525
7.521763,0.283706,shoulder_pan,0.0,0.3945,0.0,0.3516,2075,-150,20,0,12.2,34,step_10,no_load,-8.567
7.531894,0.293837,shoulder_pan,0.0,0.2959,0.0,0.2637,2074,-50,0,0,12.2,34,step_10,no_load,-8.676
7.542147,0.304091,shoulder_pan,0.0,0.2959,0.0,0.2637,2074,-50,20,0,12.2,34,step_10,no_load,0.0
7.552284,0.314228,shoulder_pan,0.0,0.2959,0.0,0.2637,2074,-50,20,0,12.2,34,step_10,no_load,0.0
7.56336,0.325304,shoulder_pan,0.0,0.2959,0.0,0.2637,2074,-50,24,0,12.2,34,step_10,no_load,0.0
7.573862,0.335805,shoulder_pan,0.0,0.2959,0.0,0.2637,2074,0,24,0,12.2,34,step_10,no_load,0.0
7.58429,0.346233,shoulder_pan,0.0,0.2959,0.0,0.2637,2074,0,24,0,12.2,33,step_10,no_load,0.0
7.594504,0.356448,shoulder_pan,0.0,0.2959,0.0,0.2637,2074,0,24,0,12.2,34,step_10,no_load,0.0
7.605194,0.367137,shoulder_pan,0.0,0.2959,0.0,0.2637,2074,0,24,0,12.2,34,step_10,no_load,0.0
7.61529,0.377233,shoulder_pan,0.0,0.3945,0.0,0.3516,2075,0,28,0,12.2,33,step_10,no_load,8.706
7.626168,0.388112,shoulder_pan,0.0,0.3945,0.0,0.3516,2075,50,32,1,12.2,34,step_10,no_load,0.0
7.636307,0.39825,shoulder_pan,0.0,0.3945,0.0,0.3516,2075,50,36,0,12.2,34,step_10,no_load,0.0
7.64701,0.408954,shoulder_pan,0.0,0.4931,0.0,0.4395,2076,50,36,1,12.2,34,step_10,no_load,8.213
7.657225,0.419169,shoulder_pan,0.0,0.5917,0.0,0.5273,2077,50,40,1,12.2,34,step_10,no_load,8.595
7.667841,0.429785,shoulder_pan,0.0,0.5917,0.0,0.5273,2077,50,40,1,12.2,34,step_10,no_load,0.0
7.67865,0.440593,shoulder_pan,0.0,0.6903,0.0,0.6152,2078,50,44,1,12.2,34,step_10,no_load,8.132
7.6891,0.451044,shoulder_pan,0.0,0.6903,0.0,0.6152,2078,50,44,0,12.2,34,step_10,no_load,0.0
7.699374,0.461317,shoulder_pan,0.0,0.6903,0.0,0.6152,2078,50,40,1,12.2,34,step_10,no_load,0.0
7.710177,0.47212,shoulder_pan,0.0,0.789,0.0,0.7031,2079,0,44,1,12.2,34,step_10,no_load,8.137
7.720527,0.482471,shoulder_pan,0.0,0.789,0.0,0.7031,2079,0,48,0,12.2,33,step_10,no_load,0.0
7.730739,0.492682,shoulder_pan,0.0,0.789,0.0,0.7031,2079,50,48,1,12.2,34,step_10,no_load,0.0
7.741114,0.503057,shoulder_pan,0.0,0.789,0.0,0.7031,2079,50,44,1,12.2,34,step_10,no_load,0.0
7.751722,0.513666,shoulder_pan,0.0,0.789,0.0,0.7031,2079,0,44,1,12.2,34,step_10,no_load,0.0
7.76199,0.523934,shoulder_pan,0.0,0.789,0.0,0.7031,2079,0,44,1,12.2,34,step_10,no_load,0.0
7.772326,0.534269,shoulder_pan,0.0,0.6903,0.0,0.6152,2078,-50,40,1,12.2,34,step_10,no_load,-8.504
7.782982,0.544925,shoulder_pan,0.0,0.6903,0.0,0.6152,2078,-50,36,0,12.2,34,step_10,no_load,0.0
7.793148,0.555092,shoulder_pan,0.0,0.5917,0.0,0.5273,2077,0,32,0,12.2,34,step_10,no_load,-8.646
7.803629,0.565573,shoulder_pan,0.0,0.5917,0.0,0.5273,2077,0,28,0,12.2,34,step_10,no_load,0.0
7.81386,0.575803,shoulder_pan,0.0,0.4931,0.0,0.4395,2076,-100,28,1,12.2,33,step_10,no_load,-8.582
7.824587,0.586531,shoulder_pan,0.0,0.4931,0.0,0.4395,2076,0,28,0,12.2,34,step_10,no_load,0.0
7.834813,0.596756,shoulder_pan,0.0,0.4931,0.0,0.4395,2076,0,28,0,12.2,34,step_10,no_load,0.0
7.845924,0.607868,shoulder_pan,0.0,0.3945,0.0,0.3516,2075,-50,28,0,12.2,34,step_10,no_load,-7.911
7.856182,0.618126,shoulder_pan,0.0,0.3945,0.0,0.3516,2075,-50,28,0,12.2,34,step_10,no_load,0.0
7.86631,0.628253,shoulder_pan,0.0,0.3945,0.0,0.3516,2075,0,24,1,12.2,34,step_10,no_load,0.0
7.876433,0.638376,shoulder_pan,0.0,0.3945,0.0,0.3516,2075,0,24,1,12.2,34,step_10,no_load,0.0
7.886775,0.648718,shoulder_pan,0.0,0.3945,0.0,0.3516,2075,0,28,0,12.2,33,step_10,no_load,0.0
7.896935,0.658879,shoulder_pan,0.0,0.3945,0.0,0.3516,2075,0,28,1,12.2,33,step_10,no_load,0.0
7.906983,0.668926,shoulder_pan,0.0,0.3945,0.0,0.3516,2075,0,28,0,12.2,34,step_10,no_load,0.0
7.917226,0.679169,shoulder_pan,0.0,0.3945,0.0,0.3516,2075,0,28,0,12.2,34,step_10,no_load,0.0
7.92846,0.690403,shoulder_pan,0.0,0.3945,0.0,0.3516,2075,0,28,0,12.2,34,step_10,no_load,0.0
7.938934,0.700878,shoulder_pan,0.0,0.3945,0.0,0.3516,2075,0,28,1,12.2,34,step_10,no_load,0.0
7.949324,0.711268,shoulder_pan,0.0,0.3945,0.0,0.3516,2075,0,28,0,12.2,33,step_10,no_load,0.0
7.959688,0.721631,shoulder_pan,0.0,0.3945,0.0,0.3516,2075,0,28,0,12.2,34,step_10,no_load,0.0
7.970832,0.732776,shoulder_pan,0.0,0.3945,0.0,0.3516,2075,0,28,0,12.2,34,step_10,no_load,0.0
7.981694,0.743638,shoulder_pan,0.0,0.3945,0.0,0.3516,2075,0,28,0,12.2,33,step_10,no_load,0.0
7.992117,0.754061,shoulder_pan,0.0,0.3945,0.0,0.3516,2075,0,28,0,12.2,34,step_10,no_load,0.0
8.002475,0.764419,shoulder_pan,0.0,0.3945,0.0,0.3516,2075,0,28,0,12.2,34,step_10,no_load,0.0
8.012952,0.774895,shoulder_pan,0.0,0.3945,0.0,0.3516,2075,0,28,0,12.2,34,step_10,no_load,0.0
8.023292,0.785236,shoulder_pan,0.0,0.3945,0.0,0.3516,2075,0,28,1,12.2,34,step_10,no_load,0.0
8.033637,0.79558,shoulder_pan,0.0,0.3945,0.0,0.3516,2075,0,28,1,12.2,34,step_10,no_load,0.0
8.043834,0.805778,shoulder_pan,0.0,0.3945,0.0,0.3516,2075,0,28,1,12.2,34,step_10,no_load,0.0
8.054339,0.816282,shoulder_pan,0.0,0.3945,0.0,0.3516,2075,0,28,0,12.3,34,step_10,no_load,0.0
8.064686,0.82663,shoulder_pan,0.0,0.3945,0.0,0.3516,2075,0,28,0,12.2,34,step_10,no_load,0.0
8.075457,0.8374,shoulder_pan,0.0,0.3945,0.0,0.3516,2075,0,28,1,12.2,34,step_10,no_load,0.0
8.086245,0.848189,shoulder_pan,0.0,0.3945,0.0,0.3516,2075,0,28,1,12.2,34,step_10,no_load,0.0
8.096599,0.858543,shoulder_pan,0.0,0.3945,0.0,0.3516,2075,0,28,0,12.2,34,step_10,no_load,0.0
8.106713,0.868657,shoulder_pan,0.0,0.3945,0.0,0.3516,2075,0,28,0,12.2,34,step_10,no_load,0.0
8.117049,0.878993,shoulder_pan,0.0,0.3945,0.0,0.3516,2075,0,28,0,12.2,34,step_10,no_load,0.0
8.127483,0.889427,shoulder_pan,0.0,0.3945,0.0,0.3516,2075,0,28,1,12.2,34,step_10,no_load,0.0
8.138027,0.899971,shoulder_pan,0.0,0.3945,0.0,0.3516,2075,0,28,0,12.2,34,step_10,no_load,0.0
8.148177,0.910121,shoulder_pan,0.0,0.3945,0.0,0.3516,2075,0,28,1,12.2,34,step_10,no_load,0.0
8.158719,0.920663,shoulder_pan,0.0,0.3945,0.0,0.3516,2075,0,28,0,12.2,33,step_10,no_load,0.0
8.169475,0.931419,shoulder_pan,0.0,0.3945,0.0,0.3516,2075,0,28,1,12.2,34,step_10,no_load,0.0
8.180383,0.942326,shoulder_pan,0.0,0.3945,0.0,0.3516,2075,0,28,1,12.2,33,step_10,no_load,0.0
8.191211,0.953154,shoulder_pan,0.0,0.3945,0.0,0.3516,2075,0,28,1,12.2,34,step_10,no_load,0.0
8.202123,0.964066,shoulder_pan,0.0,0.3945,0.0,0.3516,2075,0,28,0,12.2,34,step_10,no_load,0.0
8.212637,0.97458,shoulder_pan,0.0,0.3945,0.0,0.3516,2075,0,28,0,12.2,33,step_10,no_load,0.0
8.223555,0.985499,shoulder_pan,0.0,0.3945,0.0,0.3516,2075,0,28,0,12.2,34,step_10,no_load,0.0
8.233907,0.995851,shoulder_pan,0.0,0.3945,0.0,0.3516,2075,0,28,0,12.2,34,step_10,no_load,0.0
8.24442,1.006364,shoulder_pan,0.0,0.3945,0.0,0.3516,2075,0,28,0,12.2,34,step_10,no_load,0.0
8.255014,1.016957,shoulder_pan,0.0,0.3945,0.0,0.3516,2075,0,28,0,12.2,34,step_10,no_load,0.0
8.265376,1.02732,shoulder_pan,0.0,0.3945,0.0,0.3516,2075,0,28,0,12.3,34,step_10,no_load,0.0
8.27564,1.037584,shoulder_pan,0.0,0.3945,0.0,0.3516,2075,0,28,0,12.2,34,step_10,no_load,0.0
8.286004,1.047947,shoulder_pan,0.0,0.3945,0.0,0.3516,2075,0,28,0,12.2,34,step_10,no_load,0.0
8.296549,1.058493,shoulder_pan,0.0,0.3945,0.0,0.3516,2075,0,28,0,12.2,34,step_10,no_load,0.0
8.306985,1.068929,shoulder_pan,0.0,0.3945,0.0,0.3516,2075,0,28,0,12.2,34,step_10,no_load,0.0
8.317118,1.079062,shoulder_pan,0.0,0.3945,0.0,0.3516,2075,0,28,0,12.2,34,step_10,no_load,0.0
8.32753,1.089473,shoulder_pan,0.0,0.3945,0.0,0.3516,2075,0,28,0,12.2,34,step_10,no_load,0.0
8.338606,1.100549,shoulder_pan,0.0,0.3945,0.0,0.3516,2075,0,28,0,12.2,34,step_10,no_load,0.0
8.349378,1.111322,shoulder_pan,0.0,0.3945,0.0,0.3516,2075,0,28,0,12.2,33,step_10,no_load,0.0
8.359948,1.121892,shoulder_pan,0.0,0.3945,0.0,0.3516,2075,0,28,0,12.2,33,step_10,no_load,0.0
8.370215,1.132159,shoulder_pan,0.0,0.3945,0.0,0.3516,2075,0,28,1,12.2,34,step_10,no_load,0.0
8.381417,1.143361,shoulder_pan,0.0,0.3945,0.0,0.3516,2075,0,28,0,12.2,34,step_10,no_load,0.0
8.391883,1.153827,shoulder_pan,0.0,0.3945,0.0,0.3516,2075,0,28,0,12.2,33,step_10,no_load,0.0
8.402398,1.164342,shoulder_pan,0.0,0.3945,0.0,0.3516,2075,0,28,0,12.2,34,step_10,no_load,0.0
8.413089,1.175033,shoulder_pan,0.0,0.3945,0.0,0.3516,2075,0,28,1,12.2,33,step_10,no_load,0.0
8.423293,1.185237,shoulder_pan,0.0,0.3945,0.0,0.3516,2075,0,28,0,12.2,34,step_10,no_load,0.0
8.434301,1.196245,shoulder_pan,0.0,0.3945,0.0,0.3516,2075,0,28,0,12.2,34,step_10,no_load,0.0
8.445631,2e-06,shoulder_pan,10.0,0.3945,8.9121,0.3516,2075,0,28,0,12.2,34,step_10,no_load,0.0
8.456036,0.010407,shoulder_pan,10.0,0.3945,8.9121,0.3516,2075,0,24,0,12.2,34,step_10,no_load,0.0
8.466218,0.020589,shoulder_pan,10.0,0.3945,8.9121,0.3516,2075,0,1052,0,12.2,34,step_10,no_load,0.0
8.476785,0.031156,shoulder_pan,10.0,0.3945,8.9121,0.3516,2075,0,1080,3,12.2,34,step_10,no_load,0.0
8.487258,0.041629,shoulder_pan,10.0,0.4931,8.9121,0.4395,2076,0,1156,4,12.2,34,step_10,no_load,8.393
8.497727,0.052098,shoulder_pan,10.0,0.5917,8.9121,0.5273,2077,0,1248,12,12.2,34,step_10,no_load,8.387
8.508426,0.062797,shoulder_pan,10.0,0.6903,8.9121,0.6152,2078,100,1296,14,12.1,34,step_10,no_load,8.216
8.519376,0.073747,shoulder_pan,10.0,1.1834,8.9121,1.0547,2083,100,1360,19,12.2,34,step_10,no_load,40.137
8.529949,0.08432,shoulder_pan,10.0,1.7751,8.9121,1.582,2089,350,1384,16,12.2,34,step_10,no_load,49.872
8.540863,0.095234,shoulder_pan,10.0,2.7613,8.9121,2.4609,2099,350,1312,4,12.2,33,step_10,no_load,80.53
8.551298,0.105669,shoulder_pan,10.0,3.5503,8.9121,3.1641,2107,800,1308,6,12.2,33,step_10,no_load,67.389
8.561855,0.116226,shoulder_pan,10.0,4.2406,8.9121,3.7793,2114,700,1260,5,12.2,34,step_10,no_load,58.274
8.572547,0.126918,shoulder_pan,10.0,4.8323,8.9121,4.3066,2120,700,1236,6,12.2,34,step_10,no_load,49.317
8.582633,0.137004,shoulder_pan,10.0,5.3254,8.9121,4.7461,2125,550,1180,4,12.2,34,step_10,no_load,43.575
8.592947,0.147317,shoulder_pan,10.0,5.7199,8.9121,5.0977,2129,550,1164,4,12.2,34,step_10,no_load,34.09
8.603412,0.157783,shoulder_pan,10.0,6.0158,8.9121,5.3613,2132,350,1160,4,12.1,34,step_10,no_load,25.189
8.614004,0.168375,shoulder_pan,10.0,6.5089,8.9121,5.8008,2137,350,1144,3,12.2,34,step_10,no_load,41.494
8.624174,0.178545,shoulder_pan,10.0,6.8047,8.9121,6.0645,2140,350,1136,2,12.2,45,step_10,no_load,25.929
8.634933,0.189304,shoulder_pan,10.0,7.1992,8.9121,6.416,2144,350,1120,2,12.2,34,step_10,no_load,32.67
8.645151,0.199521,shoulder_pan,10.0,7.4951,8.9121,6.6797,2147,350,1108,1,12.2,34,step_10,no_load,25.807
8.655336,0.209706,shoulder_pan,10.0,7.7909,8.9121,6.9434,2150,350,1092,0,12.2,34,step_10,no_load,25.891
8.665533,0.219904,shoulder_pan,10.0,8.0868,8.9121,7.207,2153,300,1084,0,12.2,34,step_10,no_load,25.851
8.675796,0.230167,shoulder_pan,10.0,8.4813,8.9121,7.5586,2157,300,1068,0,12.2,34,step_10,no_load,34.259
8.686092,0.240463,shoulder_pan,10.0,8.7771,8.9121,7.8223,2160,350,1052,0,12.2,34,step_10,no_load,25.612
8.696328,0.250699,shoulder_pan,10.0,9.073,8.9121,8.0859,2163,350,1052,0,12.2,34,step_10,no_load,25.752
8.707008,0.261379,shoulder_pan,10.0,9.2702,8.9121,8.2617,2165,250,1044,0,12.2,34,step_10,no_load,16.461
8.717405,0.271776,shoulder_pan,10.0,9.3688,8.9121,8.3496,2166,250,1048,1,12.2,34,step_10,no_load,8.454
8.72762,0.281991,shoulder_pan,10.0,9.3688,8.9121,8.3496,2166,100,1048,0,12.2,34,step_10,no_load,0.0
8.738018,0.292389,shoulder_pan,10.0,9.3688,8.9121,8.3496,2166,100,1060,0,12.2,34,step_10,no_load,0.0
8.748532,0.302903,shoulder_pan,10.0,9.4675,8.9121,8.4375,2167,0,1056,1,12.2,34,step_10,no_load,8.36
8.759262,0.313632,shoulder_pan,10.0,9.4675,8.9121,8.4375,2167,0,1052,0,12.2,34,step_10,no_load,0.0
8.769608,0.323979,shoulder_pan,10.0,9.4675,8.9121,8.4375,2167,50,1052,0,12.1,34,step_10,no_load,0.0
8.780067,0.334438,shoulder_pan,10.0,9.3688,8.9121,8.3496,2166,50,1064,1,12.2,34,step_10,no_load,-8.404
8.790455,0.344826,shoulder_pan,10.0,9.2702,8.9121,8.2617,2165,-50,1068,1,12.2,34,step_10,no_load,-8.462
8.800636,0.355007,shoulder_pan,10.0,9.1716,8.9121,8.1738,2164,-100,1076,1,12.2,34,step_10,no_load,-8.634
8.810996,0.365367,shoulder_pan,10.0,9.073,8.9121,8.0859,2163,-100,1084,1,12.2,33,step_10,no_load,-8.485
8.821101,0.375472,shoulder_pan,10.0,8.9744,8.9121,7.998,2162,-100,1084,1,12.2,33,step_10,no_load,-8.699
8.831775,0.386146,shoulder_pan,10.0,8.9744,8.9121,7.998,2162,-100,1084,1,12.2,34,step_10,no_load,0.0
8.842337,0.396708,shoulder_pan,10.0,8.9744,8.9121,7.998,2162,0,1076,0,12.2,34,step_10,no_load,0.0
8.85248,0.406851,shoulder_pan,10.0,8.9744,8.9121,7.998,2162,0,1076,1,12.2,34,step_10,no_load,0.0
8.863089,0.41746,shoulder_pan,10.0,8.9744,8.9121,7.998,2162,0,1076,1,12.2,33,step_10,no_load,0.0
8.873468,0.427839,shoulder_pan,10.0,8.9744,8.9121,7.998,2162,0,1076,1,12.2,34,step_10,no_load,0.0
8.883869,0.43824,shoulder_pan,10.0,8.9744,8.9121,7.998,2162,0,1076,1,12.2,34,step_10,no_load,0.0
8.894066,0.448437,shoulder_pan,10.0,8.9744,8.9121,7.998,2162,0,1076,1,12.2,34,step_10,no_load,0.0
8.904825,0.459195,shoulder_pan,10.0,8.9744,8.9121,7.998,2162,0,1076,2,12.2,34,step_10,no_load,0.0
8.915379,0.46975,shoulder_pan,10.0,8.9744,8.9121,7.998,2162,0,1076,1,12.2,34,step_10,no_load,0.0
8.926772,0.481143,shoulder_pan,10.0,9.073,8.9121,8.0859,2163,0,1072,1,12.2,34,step_10,no_load,7.715
8.937189,0.491559,shoulder_pan,10.0,9.073,8.9121,8.0859,2163,0,1068,1,12.2,33,step_10,no_load,0.0
8.947676,0.502046,shoulder_pan,10.0,9.073,8.9121,8.0859,2163,50,1068,1,12.2,34,step_10,no_load,0.0
8.958138,0.512509,shoulder_pan,10.0,9.073,8.9121,8.0859,2163,50,1072,1,12.2,34,step_10,no_load,0.0
8.969183,0.523554,shoulder_pan,10.0,9.1716,8.9121,8.1738,2164,0,1068,1,12.2,34,step_10,no_load,7.958
8.979661,0.534032,shoulder_pan,10.0,9.1716,8.9121,8.1738,2164,0,1064,0,12.2,34,step_10,no_load,0.0
8.989995,0.544366,shoulder_pan,10.0,9.1716,8.9121,8.1738,2164,50,1064,0,12.2,34,step_10,no_load,0.0
9.000424,0.554795,shoulder_pan,10.0,9.1716,8.9121,8.1738,2164,0,1068,1,12.2,33,step_10,no_load,0.0
9.011125,0.565496,shoulder_pan,10.0,9.2702,8.9121,8.2617,2165,0,1064,0,12.2,34,step_10,no_load,8.214
9.021697,0.576068,shoulder_pan,10.0,9.2702,8.9121,8.2617,2165,50,1060,1,12.2,33,step_10,no_load,0.0
9.032071,0.586442,shoulder_pan,10.0,9.2702,8.9121,8.2617,2165,50,1060,1,12.2,34,step_10,no_load,0.0
9.042948,0.597319,shoulder_pan,10.0,9.2702,8.9121,8.2617,2165,0,1060,1,12.2,34,step_10,no_load,0.0
9.053359,0.607729,shoulder_pan,10.0,9.3688,8.9121,8.3496,2166,0,1060,1,12.2,34,step_10,no_load,8.443
9.0637,0.618071,shoulder_pan,10.0,9.3688,8.9121,8.3496,2166,50,1056,0,12.2,34,step_10,no_load,0.0
9.074436,0.628806,shoulder_pan,10.0,9.3688,8.9121,8.3496,2166,50,1060,1,12.2,34,step_10,no_load,0.0
9.084807,0.639178,shoulder_pan,10.0,9.3688,8.9121,8.3496,2166,0,1060,1,12.2,33,step_10,no_load,0.0
9.096166,0.650537,shoulder_pan,10.0,9.3688,8.9121,8.3496,2166,0,1060,0,12.2,34,step_10,no_load,0.0
9.10675,0.661121,shoulder_pan,10.0,9.3688,8.9121,8.3496,2166,0,1060,1,12.2,34,step_10,no_load,0.0
9.117028,0.671399,shoulder_pan,10.0,9.3688,8.9121,8.3496,2166,0,1060,0,12.2,34,step_10,no_load,0.0
9.127751,0.682122,shoulder_pan,10.0,9.3688,8.9121,8.3496,2166,0,1060,1,12.2,34,step_10,no_load,0.0
9.137892,0.692263,shoulder_pan,10.0,9.3688,8.9121,8.3496,2166,0,1060,0,12.2,34,step_10,no_load,0.0
9.1485,0.70287,shoulder_pan,10.0,9.3688,8.9121,8.3496,2166,0,1060,0,12.2,34,step_10,no_load,0.0
9.158921,0.713292,shoulder_pan,10.0,9.3688,8.9121,8.3496,2166,0,1060,1,12.2,34,step_10,no_load,0.0
9.16945,0.723821,shoulder_pan,10.0,9.3688,8.9121,8.3496,2166,0,1060,1,12.2,34,step_10,no_load,0.0
9.179894,0.734265,shoulder_pan,10.0,9.3688,8.9121,8.3496,2166,0,1060,1,12.2,34,step_10,no_load,0.0
9.190542,0.744913,shoulder_pan,10.0,9.3688,8.9121,8.3496,2166,0,1060,1,12.2,34,step_10,no_load,0.0
9.200775,0.755146,shoulder_pan,10.0,9.3688,8.9121,8.3496,2166,0,1060,0,12.2,34,step_10,no_load,0.0
9.211168,0.765539,shoulder_pan,10.0,9.3688,8.9121,8.3496,2166,0,1060,1,12.2,34,step_10,no_load,0.0
9.221919,0.77629,shoulder_pan,10.0,9.3688,8.9121,8.3496,2166,0,1060,1,12.2,34,step_10,no_load,0.0
9.232324,0.786695,shoulder_pan,10.0,9.3688,8.9121,8.3496,2166,0,1060,1,12.2,34,step_10,no_load,0.0
9.243341,0.797711,shoulder_pan,10.0,9.3688,8.9121,8.3496,2166,0,1060,1,12.2,34,step_10,no_load,0.0
9.253757,0.808128,shoulder_pan,10.0,9.3688,8.9121,8.3496,2166,0,1060,0,12.2,34,step_10,no_load,0.0
9.264364,0.818735,shoulder_pan,10.0,9.3688,8.9121,8.3496,2166,0,1060,0,12.2,34,step_10,no_load,0.0
9.275188,0.829559,shoulder_pan,10.0,9.3688,8.9121,8.3496,2166,0,1060,1,12.2,34,step_10,no_load,0.0
9.286264,0.840635,shoulder_pan,10.0,9.3688,8.9121,8.3496,2166,0,1060,1,12.2,34,step_10,no_load,0.0
9.297155,0.851526,shoulder_pan,10.0,9.3688,8.9121,8.3496,2166,0,1060,1,12.2,33,step_10,no_load,0.0
9.307323,0.861694,shoulder_pan,10.0,9.3688,8.9121,8.3496,2166,0,1060,1,12.2,34,step_10,no_load,0.0
9.318359,0.87273,shoulder_pan,10.0,9.3688,8.9121,8.3496,2166,0,1060,1,12.2,34,step_10,no_load,0.0
9.328659,0.883029,shoulder_pan,10.0,9.3688,8.9121,8.3496,2166,0,1060,1,12.2,34,step_10,no_load,0.0
9.338967,0.893338,shoulder_pan,10.0,9.3688,8.9121,8.3496,2166,0,1060,0,12.2,34,step_10,no_load,0.0
9.349129,0.903499,shoulder_pan,10.0,9.3688,8.9121,8.3496,2166,0,1060,0,12.2,34,step_10,no_load,0.0
9.359914,0.914285,shoulder_pan,10.0,9.3688,8.9121,8.3496,2166,0,1060,1,12.2,34,step_10,no_load,0.0
9.370166,0.924537,shoulder_pan,10.0,9.3688,8.9121,8.3496,2166,0,1060,0,12.2,33,step_10,no_load,0.0
9.380579,0.93495,shoulder_pan,10.0,9.3688,8.9121,8.3496,2166,0,1060,1,12.2,34,step_10,no_load,0.0
9.391449,0.94582,shoulder_pan,10.0,9.3688,8.9121,8.3496,2166,0,1060,1,12.2,34,step_10,no_load,0.0
9.401767,0.956138,shoulder_pan,10.0,9.3688,8.9121,8.3496,2166,0,1060,0,12.2,34,step_10,no_load,0.0
9.412941,0.967311,shoulder_pan,10.0,9.3688,8.9121,8.3496,2166,0,1064,0,12.2,33,step_10,no_load,0.0
9.42366,0.978031,shoulder_pan,10.0,9.2702,8.9121,8.2617,2165,-50,1068,1,12.2,34,step_10,no_load,-8.2
9.434264,0.988634,shoulder_pan,10.0,9.2702,8.9121,8.2617,2165,-50,1064,0,12.2,34,step_10,no_load,0.0
9.444497,0.998868,shoulder_pan,10.0,9.2702,8.9121,8.2617,2165,0,1064,1,12.2,34,step_10,no_load,0.0
9.45481,1.009181,shoulder_pan,10.0,9.2702,8.9121,8.2617,2165,0,1064,0,12.2,34,step_10,no_load,0.0
9.465194,1.019565,shoulder_pan,10.0,9.2702,8.9121,8.2617,2165,0,1064,1,12.2,34,step_10,no_load,0.0
9.475972,1.030343,shoulder_pan,10.0,9.2702,8.9121,8.2617,2165,0,1064,0,12.2,34,step_10,no_load,0.0
9.486502,1.040873,shoulder_pan,10.0,9.2702,8.9121,8.2617,2165,0,1064,0,12.2,34,step_10,no_load,0.0
9.496633,1.051003,shoulder_pan,10.0,9.2702,8.9121,8.2617,2165,0,1064,1,12.2,34,step_10,no_load,0.0
9.506904,1.061275,shoulder_pan,10.0,9.2702,8.9121,8.2617,2165,0,1064,1,12.2,34,step_10,no_load,0.0
9.517413,1.071784,shoulder_pan,10.0,9.2702,8.9121,8.2617,2165,0,1064,1,12.2,34,step_10,no_load,0.0
9.527652,1.082023,shoulder_pan,10.0,9.2702,8.9121,8.2617,2165,0,1064,1,12.2,34,step_10,no_load,0.0
9.537834,1.092205,shoulder_pan,10.0,9.2702,8.9121,8.2617,2165,0,1064,1,12.2,34,step_10,no_load,0.0
9.548754,1.103125,shoulder_pan,10.0,9.2702,8.9121,8.2617,2165,0,1064,0,12.2,34,step_10,no_load,0.0
9.559382,1.113752,shoulder_pan,10.0,9.2702,8.9121,8.2617,2165,0,1064,1,12.2,34,step_10,no_load,0.0
9.570314,1.124685,shoulder_pan,10.0,9.2702,8.9121,8.2617,2165,0,1064,2,12.2,34,step_10,no_load,0.0
9.581081,1.135452,shoulder_pan,10.0,9.2702,8.9121,8.2617,2165,0,1064,1,12.2,34,step_10,no_load,0.0
9.591332,1.145703,shoulder_pan,10.0,9.2702,8.9121,8.2617,2165,0,1064,1,12.2,34,step_10,no_load,0.0
9.601661,1.156032,shoulder_pan,10.0,9.2702,8.9121,8.2617,2165,0,1064,1,12.2,34,step_10,no_load,0.0
9.611975,1.166346,shoulder_pan,10.0,9.2702,8.9121,8.2617,2165,0,1064,0,12.2,34,step_10,no_load,0.0
9.622525,1.176896,shoulder_pan,10.0,9.2702,8.9121,8.2617,2165,0,1064,0,12.2,34,step_10,no_load,0.0
9.632842,1.187213,shoulder_pan,10.0,9.2702,8.9121,8.2617,2165,0,1064,1,12.2,34,step_10,no_load,0.0
9.643902,1.198273,shoulder_pan,10.0,9.2702,8.9121,8.2617,2165,0,1064,1,12.3,34,step_10,no_load,0.0
9.655606,4e-06,shoulder_pan,0.0,9.2702,0.0,8.2617,2165,0,1060,1,12.2,34,step_10,no_load,0.0
9.665974,0.010372,shoulder_pan,0.0,9.2702,0.0,8.2617,2165,0,1052,0,12.2,34,step_10,no_load,0.0
9.676332,0.02073,shoulder_pan,0.0,9.2702,0.0,8.2617,2165,0,40,1,12.2,34,step_10,no_load,0.0
9.687726,0.032124,shoulder_pan,0.0,9.2702,0.0,8.2617,2165,0,72,3,12.2,34,step_10,no_load,0.0
9.698199,0.042597,shoulder_pan,0.0,9.1716,0.0,8.1738,2164,-50,140,4,12.2,34,step_10,no_load,-8.393
9.708559,0.052956,shoulder_pan,0.0,8.9744,0.0,7.998,2162,-50,184,6,12.2,34,step_10,no_load,-16.969
9.71906,0.063458,shoulder_pan,0.0,8.6785,0.0,7.7344,2159,-250,268,16,12.2,34,step_10,no_load,-25.102
9.729538,0.073936,shoulder_pan,0.0,8.5799,0.0,7.6465,2158,-250,324,16,12.2,34,step_10,no_load,-8.389
9.740395,0.084793,shoulder_pan,0.0,7.9882,0.0,7.1191,2152,-300,364,16,12.2,34,step_10,no_load,-48.577
9.751127,0.095524,shoulder_pan,0.0,7.1006,0.0,6.3281,2143,-300,360,4,12.1,34,step_10,no_load,-73.705
9.761821,0.106219,shoulder_pan,0.0,6.0158,0.0,5.3613,2132,-900,252,1,12.2,34,step_10,no_load,-90.406
9.772133,0.116531,shoulder_pan,0.0,5.1282,0.0,4.5703,2123,-900,224,0,12.1,34,step_10,no_load,-76.707
9.782456,0.126854,shoulder_pan,0.0,4.4379,0.0,3.9551,2116,-850,136,0,12.2,34,step_10,no_load,-59.595
9.793105,0.137503,shoulder_pan,0.0,3.8462,0.0,3.4277,2110,-850,116,0,12.2,34,step_10,no_load,-49.526
9.80334,0.147738,shoulder_pan,0.0,3.3531,0.0,2.9883,2105,-550,100,1,12.2,34,step_10,no_load,-42.931
9.813825,0.158223,shoulder_pan,0.0,3.0572,0.0,2.7246,2102,-550,108,2,12.2,34,step_10,no_load,-25.15
9.824084,0.168482,shoulder_pan,0.0,2.7613,0.0,2.4609,2099,-300,92,0,12.2,34,step_10,no_load,-25.704
9.83501,0.179408,shoulder_pan,0.0,2.4655,0.0,2.1973,2096,-300,84,1,12.2,34,step_10,no_load,-24.126
9.845526,0.189923,shoulder_pan,0.0,2.071,0.0,1.8457,2092,-300,72,0,12.2,34,step_10,no_load,-33.435
9.855803,0.200201,shoulder_pan,0.0,1.7751,0.0,1.582,2089,-300,52,0,12.2,34,step_10,no_load,-25.659
9.866287,0.210685,shoulder_pan,0.0,1.4793,0.0,1.3184,2086,-350,40,0,12.2,34,step_10,no_load,-25.143
9.876712,0.221109,shoulder_pan,0.0,1.1834,0.0,1.0547,2083,-300,32,0,12.2,34,step_10,no_load,-25.295
9.8873,0.231697,shoulder_pan,0.0,0.9862,0.0,0.8789,2081,-300,24,0,12.2,34,step_10,no_load,-16.604
9.897705,0.242103,shoulder_pan,0.0,0.789,0.0,0.7031,2079,-150,32,0,12.2,34,step_10,no_load,-16.896
9.908027,0.252425,shoulder_pan,0.0,0.6903,0.0,0.6152,2078,-150,28,0,12.2,34,step_10,no_load,-8.516
9.918949,0.263347,shoulder_pan,0.0,0.5917,0.0,0.5273,2077,-100,28,0,12.2,33,step_10,no_load,-8.048
9.929303,0.2737,shoulder_pan,0.0,0.4931,0.0,0.4395,2076,-100,24,0,12.2,33,step_10,no_load,-8.48
9.940211,0.284609,shoulder_pan,0.0,0.3945,0.0,0.3516,2075,-100,0,0,12.2,34,step_10,no_load,-8.058
9.951304,0.295702,shoulder_pan,0.0,0.2959,0.0,0.2637,2074,-100,1044,0,12.2,34,step_10,no_load,-7.924
9.961515,0.305912,shoulder_pan,0.0,0.2959,0.0,0.2637,2074,-50,20,0,12.2,34,step_10,no_load,0.0
9.971944,0.316342,shoulder_pan,0.0,0.2959,0.0,0.2637,2074,-50,24,0,12.2,34,step_10,no_load,0.0
9.982355,0.326753,shoulder_pan,0.0,0.2959,0.0,0.2637,2074,0,24,1,12.2,33,step_10,no_load,0.0
9.992702,0.3371,shoulder_pan,0.0,0.2959,0.0,0.2637,2074,0,24,1,12.2,34,step_10,no_load,0.0
10.003059,0.347457,shoulder_pan,0.0,0.2959,0.0,0.2637,2074,0,24,0,12.2,34,step_10,no_load,0.0
10.013452,0.35785,shoulder_pan,0.0,0.2959,0.0,0.2637,2074,0,24,0,12.2,34,step_10,no_load,0.0
10.023903,0.368301,shoulder_pan,0.0,0.2959,0.0,0.2637,2074,0,24,0,12.2,34,step_10,no_load,0.0
10.034181,0.378579,shoulder_pan,0.0,0.2959,0.0,0.2637,2074,0,24,0,12.2,34,step_10,no_load,0.0
10.044438,0.388835,shoulder_pan,0.0,0.2959,0.0,0.2637,2074,0,24,0,12.2,34,step_10,no_load,0.0
10.054573,0.398971,shoulder_pan,0.0,0.2959,0.0,0.2637,2074,0,24,0,12.2,34,step_10,no_load,0.0
10.064751,0.409149,shoulder_pan,0.0,0.2959,0.0,0.2637,2074,0,24,0,12.2,33,step_10,no_load,0.0
10.074913,0.419311,shoulder_pan,0.0,0.2959,0.0,0.2637,2074,0,24,0,12.2,33,step_10,no_load,0.0
10.085995,0.430393,shoulder_pan,0.0,0.2959,0.0,0.2637,2074,0,24,0,12.2,34,step_10,no_load,0.0
10.096433,0.440831,shoulder_pan,0.0,0.2959,0.0,0.2637,2074,0,24,0,12.2,34,step_10,no_load,0.0
10.107091,0.451489,shoulder_pan,0.0,0.2959,0.0,0.2637,2074,0,24,0,12.2,34,step_10,no_load,0.0
10.117417,0.461815,shoulder_pan,0.0,0.2959,0.0,0.2637,2074,0,24,0,12.2,34,step_10,no_load,0.0
10.128434,0.472832,shoulder_pan,0.0,0.2959,0.0,0.2637,2074,0,24,0,12.2,34,step_10,no_load,0.0
10.139079,0.483476,shoulder_pan,0.0,0.2959,0.0,0.2637,2074,0,24,0,12.2,34,step_10,no_load,0.0
10.149546,0.493944,shoulder_pan,0.0,0.2959,0.0,0.2637,2074,0,24,0,12.2,34,step_10,no_load,0.0
10.160329,0.504727,shoulder_pan,0.0,0.2959,0.0,0.2637,2074,0,24,0,12.2,34,step_10,no_load,0.0
10.170589,0.514987,shoulder_pan,0.0,0.2959,0.0,0.2637,2074,0,24,0,12.2,34,step_10,no_load,0.0
10.180849,0.525247,shoulder_pan,0.0,0.2959,0.0,0.2637,2074,0,24,1,12.2,34,step_10,no_load,0.0
10.191908,0.536305,shoulder_pan,0.0,0.2959,0.0,0.2637,2074,0,24,0,12.2,34,step_10,no_load,0.0
10.202128,0.546526,shoulder_pan,0.0,0.2959,0.0,0.2637,2074,0,24,1,12.2,34,step_10,no_load,0.0
10.212302,0.5567,shoulder_pan,0.0,0.2959,0.0,0.2637,2074,0,24,0,12.2,34,step_10,no_load,0.0
10.222738,0.567136,shoulder_pan,0.0,0.2959,0.0,0.2637,2074,0,24,1,12.2,34,step_10,no_load,0.0
10.233878,0.578276,shoulder_pan,0.0,0.2959,0.0,0.2637,2074,0,24,1,12.2,34,step_10,no_load,0.0
10.244186,0.588584,shoulder_pan,0.0,0.2959,0.0,0.2637,2074,0,24,0,12.2,34,step_10,no_load,0.0
10.25442,0.598818,shoulder_pan,0.0,0.2959,0.0,0.2637,2074,0,24,0,12.2,34,step_10,no_load,0.0
10.264647,0.609044,shoulder_pan,0.0,0.2959,0.0,0.2637,2074,0,24,0,12.2,34,step_10,no_load,0.0
10.27488,0.619278,shoulder_pan,0.0,0.2959,0.0,0.2637,2074,0,24,0,12.2,33,step_10,no_load,0.0
10.285114,0.629512,shoulder_pan,0.0,0.2959,0.0,0.2637,2074,0,24,0,12.2,34,step_10,no_load,0.0
10.296279,0.640677,shoulder_pan,0.0,0.2959,0.0,0.2637,2074,0,24,0,12.2,34,step_10,no_load,0.0
10.306509,0.650907,shoulder_pan,0.0,0.2959,0.0,0.2637,2074,0,24,0,12.2,34,step_10,no_load,0.0
10.317878,0.662275,shoulder_pan,0.0,0.2959,0.0,0.2637,2074,0,24,0,12.2,34,step_10,no_load,0.0
10.328048,0.672445,shoulder_pan,0.0,0.2959,0.0,0.2637,2074,0,24,0,12.2,33,step_10,no_load,0.0
10.338483,0.682881,shoulder_pan,0.0,0.2959,0.0,0.2637,2074,0,24,1,12.2,34,step_10,no_load,0.0
10.348799,0.693197,shoulder_pan,0.0,0.2959,0.0,0.2637,2074,0,24,0,12.2,34,step_10,no_load,0.0
10.359043,0.703441,shoulder_pan,0.0,0.2959,0.0,0.2637,2074,0,24,0,12.2,34,step_10,no_load,0.0
10.369194,0.713592,shoulder_pan,0.0,0.2959,0.0,0.2637,2074,0,24,1,12.2,34,step_10,no_load,0.0
10.380012,0.72441,shoulder_pan,0.0,0.2959,0.0,0.2637,2074,0,24,0,12.2,34,step_10,no_load,0.0
10.3905,0.734898,shoulder_pan,0.0,0.1972,0.0,0.1758,2073,0,20,0,12.2,34,step_10,no_load,-8.381
10.400652,0.74505,shoulder_pan,0.0,0.1972,0.0,0.1758,2073,-50,0,0,12.2,34,step_10,no_load,0.0
10.411443,0.755841,shoulder_pan,0.0,0.1972,0.0,0.1758,2073,-50,20,0,12.2,34,step_10,no_load,0.0
10.422282,0.766679,shoulder_pan,0.0,0.1972,0.0,0.1758,2073,0,20,0,12.2,34,step_10,no_load,0.0
10.432932,0.77733,shoulder_pan,0.0,0.1972,0.0,0.1758,2073,0,20,0,12.2,34,step_10,no_load,0.0
10.443471,0.787869,shoulder_pan,0.0,0.1972,0.0,0.1758,2073,0,20,0,12.2,34,step_10,no_load,0.0
10.453932,0.798329,shoulder_pan,0.0,0.1972,0.0,0.1758,2073,0,20,0,12.2,34,step_10,no_load,0.0
10.464164,0.808562,shoulder_pan,0.0,0.1972,0.0,0.1758,2073,0,20,0,12.2,34,step_10,no_load,0.0
10.474724,0.819122,shoulder_pan,0.0,0.1972,0.0,0.1758,2073,0,20,0,12.2,34,step_10,no_load,0.0
10.484939,0.829337,shoulder_pan,0.0,0.1972,0.0,0.1758,2073,0,20,0,12.2,34,step_10,no_load,0.0
10.495502,0.8399,shoulder_pan,0.0,0.1972,0.0,0.1758,2073,0,20,0,12.3,34,step_10,no_load,0.0
10.50656,0.850958,shoulder_pan,0.0,0.1972,0.0,0.1758,2073,0,20,0,12.2,34,step_10,no_load,0.0
10.517029,0.861427,shoulder_pan,0.0,0.1972,0.0,0.1758,2073,0,20,0,12.2,34,step_10,no_load,0.0
10.527596,0.871994,shoulder_pan,0.0,0.1972,0.0,0.1758,2073,0,20,0,12.2,34,step_10,no_load,0.0
10.538263,0.882661,shoulder_pan,0.0,0.1972,0.0,0.1758,2073,0,20,1,12.2,34,step_10,no_load,0.0
10.548525,0.892922,shoulder_pan,0.0,0.1972,0.0,0.1758,2073,0,20,0,12.2,33,step_10,no_load,0.0
10.558873,0.90327,shoulder_pan,0.0,0.1972,0.0,0.1758,2073,0,20,0,12.2,34,step_10,no_load,0.0
10.569773,0.914171,shoulder_pan,0.0,0.1972,0.0,0.1758,2073,0,20,0,12.2,34,step_10,no_load,0.0
10.580003,0.924401,shoulder_pan,0.0,0.1972,0.0,0.1758,2073,0,20,0,12.2,34,step_10,no_load,0.0
10.59029,0.934687,shoulder_pan,0.0,0.1972,0.0,0.1758,2073,0,20,0,12.2,34,step_10,no_load,0.0
10.600858,0.945255,shoulder_pan,0.0,0.1972,0.0,0.1758,2073,0,20,0,12.2,34,step_10,no_load,0.0
10.611279,0.955677,shoulder_pan,0.0,0.1972,0.0,0.1758,2073,0,20,0,12.2,34,step_10,no_load,0.0
10.621668,0.966066,shoulder_pan,0.0,0.1972,0.0,0.1758,2073,0,20,0,12.2,34,step_10,no_load,0.0
10.63202,0.976418,shoulder_pan,0.0,0.1972,0.0,0.1758,2073,0,20,0,12.2,34,step_10,no_load,0.0
10.642411,0.986809,shoulder_pan,0.0,0.1972,0.0,0.1758,2073,0,20,1,12.2,34,step_10,no_load,0.0
10.652958,0.997356,shoulder_pan,0.0,0.1972,0.0,0.1758,2073,0,20,0,12.2,33,step_10,no_load,0.0
10.663277,1.007675,shoulder_pan,0.0,0.1972,0.0,0.1758,2073,0,20,1,12.2,34,step_10,no_load,0.0
10.673879,1.018277,shoulder_pan,0.0,0.1972,0.0,0.1758,2073,0,20,0,12.2,34,step_10,no_load,0.0
10.684034,1.028432,shoulder_pan,0.0,0.1972,0.0,0.1758,2073,0,20,0,12.2,34,step_10,no_load,0.0
10.694979,1.039377,shoulder_pan,0.0,0.1972,0.0,0.1758,2073,0,20,0,12.2,34,step_10,no_load,0.0
10.7053,1.049697,shoulder_pan,0.0,0.1972,0.0,0.1758,2073,0,20,0,12.2,34,step_10,no_load,0.0
10.716375,1.060773,shoulder_pan,0.0,0.1972,0.0,0.1758,2073,0,20,0,12.2,34,step_10,no_load,0.0
10.726584,1.070982,shoulder_pan,0.0,0.1972,0.0,0.1758,2073,0,20,0,12.2,34,step_10,no_load,0.0
10.736846,1.081243,shoulder_pan,0.0,0.1972,0.0,0.1758,2073,0,20,0,12.2,34,step_10,no_load,0.0
10.747204,1.091602,shoulder_pan,0.0,0.1972,0.0,0.1758,2073,0,20,0,12.3,34,step_10,no_load,0.0
10.757315,1.101713,shoulder_pan,0.0,0.1972,0.0,0.1758,2073,0,20,0,12.2,34,step_10,no_load,0.0
10.768269,1.112666,shoulder_pan,0.0,0.1972,0.0,0.1758,2073,0,20,0,12.2,34,step_10,no_load,0.0
10.778501,1.122899,shoulder_pan,0.0,0.1972,0.0,0.1758,2073,0,20,1,12.2,34,step_10,no_load,0.0
10.788912,1.13331,shoulder_pan,0.0,0.1972,0.0,0.1758,2073,0,20,0,12.2,34,step_10,no_load,0.0
10.799721,1.144119,shoulder_pan,0.0,0.1972,0.0,0.1758,2073,0,20,0,12.2,34,step_10,no_load,0.0
10.809922,1.15432,shoulder_pan,0.0,0.1972,0.0,0.1758,2073,0,20,0,12.2,34,step_10,no_load,0.0
10.820416,1.164814,shoulder_pan,0.0,0.1972,0.0,0.1758,2073,0,20,0,12.2,34,step_10,no_load,0.0
10.831286,1.175684,shoulder_pan,0.0,0.1972,0.0,0.1758,2073,0,20,0,12.2,34,step_10,no_load,0.0
10.841767,1.186165,shoulder_pan,0.0,0.1972,0.0,0.1758,2073,0,20,0,12.2,34,step_10,no_load,0.0
10.852176,1.196574,shoulder_pan,0.0,0.1972,0.0,0.1758,2073,0,20,0,12.2,34,step_10,no_load,0.0
10.863166,1.3e-05,shoulder_pan,10.0,0.1972,8.9121,0.1758,2073,0,20,0,12.2,34,step_10,no_load,0.0
10.874102,0.010949,shoulder_pan,10.0,0.1972,8.9121,0.1758,2073,0,0,0,12.2,34,step_10,no_load,0.0
10.884711,0.021558,shoulder_pan,10.0,0.1972,8.9121,0.1758,2073,0,1052,0,12.2,34,step_10,no_load,0.0
10.895231,0.032078,shoulder_pan,10.0,0.1972,8.9121,0.1758,2073,0,1120,4,12.2,34,step_10,no_load,0.0
10.906332,0.043179,shoulder_pan,10.0,0.1972,8.9121,0.1758,2073,0,1168,12,12.2,34,step_10,no_load,0.0
10.916671,0.053517,shoulder_pan,10.0,0.4931,8.9121,0.4395,2076,100,1252,12,12.2,34,step_10,no_load,25.505
10.927062,0.063909,shoulder_pan,10.0,0.789,8.9121,0.7031,2079,100,1288,14,12.2,34,step_10,no_load,25.368
10.937813,0.07466,shoulder_pan,10.0,1.2821,8.9121,1.1426,2084,400,1348,19,12.1,34,step_10,no_load,40.88
10.948474,0.085321,shoulder_pan,10.0,1.9724,8.9121,1.7578,2091,400,1372,13,12.2,34,step_10,no_load,57.706
10.958785,0.095632,shoulder_pan,10.0,2.7613,8.9121,2.4609,2099,650,1344,12,12.1,34,step_10,no_load,68.189
10.969352,0.106199,shoulder_pan,10.0,3.2544,8.9121,2.9004,2104,650,1344,9,12.1,34,step_10,no_load,41.592
10.979486,0.116333,shoulder_pan,10.0,3.8462,8.9121,3.4277,2110,600,1288,11,12.2,34,step_10,no_load,52.033
10.989629,0.126476,shoulder_pan,10.0,4.4379,8.9121,3.9551,2116,600,1228,6,12.2,34,step_10,no_load,51.996
10.999861,0.136708,shoulder_pan,10.0,4.931,8.9121,4.3945,2121,550,1208,6,12.1,34,step_10,no_load,42.944
11.009995,0.146842,shoulder_pan,10.0,5.3254,8.9121,4.7461,2125,550,1180,5,12.2,34,step_10,no_load,34.695
11.020361,0.157208,shoulder_pan,10.0,5.8185,8.9121,5.1855,2130,400,1164,4,12.2,34,step_10,no_load,42.389
11.031,0.167847,shoulder_pan,10.0,6.213,8.9121,5.5371,2134,400,1152,3,12.2,34,step_10,no_load,33.048
11.041824,0.178671,shoulder_pan,10.0,6.7061,8.9121,5.9766,2139,450,1136,2,12.2,34,step_10,no_load,40.604
11.052303,0.18915,shoulder_pan,10.0,7.1006,8.9121,6.3281,2143,450,1120,1,12.3,34,step_10,no_load,33.543
11.063888,0.200735,shoulder_pan,10.0,7.4951,8.9121,6.6797,2147,350,1100,0,12.2,34,step_10,no_load,30.35
11.074251,0.211098,shoulder_pan,10.0,7.7909,8.9121,6.9434,2150,350,1092,0,12.2,34,step_10,no_load,25.446
11.084462,0.221309,shoulder_pan,10.0,7.9882,8.9121,7.1191,2152,350,1084,1,12.2,34,step_10,no_load,17.207
11.09557,0.232417,shoulder_pan,10.0,8.1854,8.9121,7.2949,2154,200,1084,1,12.2,34,step_10,no_load,15.826
11.111192,0.248039,shoulder_pan,10.0,8.4813,8.9121,7.5586,2157,200,1080,0,12.2,34,step_10,no_load,16.88
11.12142,0.258267,shoulder_pan,10.0,8.5799,8.9121,7.6465,2158,150,1076,0,12.2,34,step_10,no_load,8.594
11.131642,0.268489,shoulder_pan,10.0,8.6785,8.9121,7.7344,2159,150,1080,1,12.2,34,step_10,no_load,8.599
11.14239,0.279237,shoulder_pan,10.0,8.7771,8.9121,7.8223,2160,100,1076,0,12.2,34,step_10,no_load,8.178
11.152587,0.289434,shoulder_pan,10.0,8.8757,8.9121,7.9102,2161,100,1072,0,12.2,34,step_10,no_load,8.62
11.163465,0.300312,shoulder_pan,10.0,8.9744,8.9121,7.998,2162,100,1068,0,12.2,34,step_10,no_load,8.071
11.174039,0.310886,shoulder_pan,10.0,8.9744,8.9121,7.998,2162,50,1072,1,12.2,34,step_10,no_load,0.0
11.184538,0.321385,shoulder_pan,10.0,8.9744,8.9121,7.998,2162,50,1072,1,12.2,34,step_10,no_load,0.0
11.195415,0.332262,shoulder_pan,10.0,8.9744,8.9121,7.998,2162,0,1076,2,12.2,34,step_10,no_load,0.0
11.205696,0.342543,shoulder_pan,10.0,8.9744,8.9121,7.998,2162,0,1076,1,12.2,34,step_10,no_load,0.0
11.216329,0.353176,shoulder_pan,10.0,8.9744,8.9121,7.998,2162,0,1076,1,12.2,34,step_10,no_load,0.0
11.227477,0.364324,shoulder_pan,10.0,8.9744,8.9121,7.998,2162,0,1076,1,12.2,34,step_10,no_load,0.0
11.238184,0.375031,shoulder_pan,10.0,8.8757,8.9121,7.9102,2161,-50,1084,2,12.2,34,step_10,no_load,-8.2
11.248701,0.385548,shoulder_pan,10.0,8.8757,8.9121,7.9102,2161,-50,1080,1,12.2,34,step_10,no_load,0.0
11.259058,0.395905,shoulder_pan,10.0,8.8757,8.9121,7.9102,2161,0,1080,2,12.2,34,step_10,no_load,0.0
11.269413,0.40626,shoulder_pan,10.0,8.8757,8.9121,7.9102,2161,0,1080,2,12.2,34,step_10,no_load,0.0
11.279969,0.416816,shoulder_pan,10.0,8.8757,8.9121,7.9102,2161,0,1080,1,12.3,34,step_10,no_load,0.0
11.290235,0.427082,shoulder_pan,10.0,8.8757,8.9121,7.9102,2161,0,1080,0,12.2,34,step_10,no_load,0.0
11.300569,0.437416,shoulder_pan,10.0,8.8757,8.9121,7.9102,2161,0,1080,2,12.2,34,step_10,no_load,0.0
11.31193,0.448777,shoulder_pan,10.0,8.8757,8.9121,7.9102,2161,0,1080,2,12.2,34,step_10,no_load,0.0
11.322443,0.45929,shoulder_pan,10.0,8.8757,8.9121,7.9102,2161,0,1080,1,12.2,34,step_10,no_load,0.0
11.332777,0.469624,shoulder_pan,10.0,8.8757,8.9121,7.9102,2161,0,1080,1,12.2,33,step_10,no_load,0.0
11.342871,0.479718,shoulder_pan,10.0,8.8757,8.9121,7.9102,2161,0,1080,2,12.2,34,step_10,no_load,0.0
11.353827,0.490674,shoulder_pan,10.0,8.8757,8.9121,7.9102,2161,0,1080,1,12.2,34,step_10,no_load,0.0
11.364065,0.500912,shoulder_pan,10.0,8.8757,8.9121,7.9102,2161,0,1080,1,12.2,34,step_10,no_load,0.0
11.374511,0.511358,shoulder_pan,10.0,8.8757,8.9121,7.9102,2161,0,1080,2,12.2,34,step_10,no_load,0.0
11.384688,0.521535,shoulder_pan,10.0,8.8757,8.9121,7.9102,2161,0,1080,1,12.2,34,step_10,no_load,0.0
11.394789,0.531636,shoulder_pan,10.0,8.8757,8.9121,7.9102,2161,0,1080,2,12.2,34,step_10,no_load,0.0
11.405073,0.54192,shoulder_pan,10.0,8.8757,8.9121,7.9102,2161,0,1080,1,12.2,34,step_10,no_load,0.0
11.416107,0.552954,shoulder_pan,10.0,8.8757,8.9121,7.9102,2161,0,1080,2,12.2,34,step_10,no_load,0.0
11.427081,0.563928,shoulder_pan,10.0,8.8757,8.9121,7.9102,2161,0,1080,2,12.2,34,step_10,no_load,0.0
11.437329,0.574176,shoulder_pan,10.0,8.8757,8.9121,7.9102,2161,0,1080,2,12.2,34,step_10,no_load,0.0
11.447507,0.584354,shoulder_pan,10.0,8.8757,8.9121,7.9102,2161,0,1080,2,12.2,34,step_10,no_load,0.0
11.457776,0.594623,shoulder_pan,10.0,8.8757,8.9121,7.9102,2161,0,1080,1,12.2,34,step_10,no_load,0.0
11.468707,0.605554,shoulder_pan,10.0,8.8757,8.9121,7.9102,2161,0,1080,2,12.2,35,step_10,no_load,0.0
11.479285,0.616132,shoulder_pan,10.0,8.8757,8.9121,7.9102,2161,0,1080,1,12.2,34,step_10,no_load,0.0
11.489615,0.626462,shoulder_pan,10.0,8.8757,8.9121,7.9102,2161,0,1080,2,12.2,34,step_10,no_load,0.0
11.500812,0.637659,shoulder_pan,10.0,8.8757,8.9121,7.9102,2161,0,1080,1,12.2,34,step_10,no_load,0.0
11.511382,0.648229,shoulder_pan,10.0,8.8757,8.9121,7.9102,2161,0,1080,2,12.2,34,step_10,no_load,0.0
11.521896,0.658743,shoulder_pan,10.0,8.8757,8.9121,7.9102,2161,0,1080,1,12.2,34,step_10,no_load,0.0
11.53224,0.669087,shoulder_pan,10.0,8.8757,8.9121,7.9102,2161,0,1080,2,12.2,34,step_10,no_load,0.0
11.542899,0.679746,shoulder_pan,10.0,8.8757,8.9121,7.9102,2161,0,1080,2,12.2,34,step_10,no_load,0.0
11.553455,0.690302,shoulder_pan,10.0,8.8757,8.9121,7.9102,2161,0,1080,1,12.2,34,step_10,no_load,0.0
11.564532,0.701379,shoulder_pan,10.0,8.8757,8.9121,7.9102,2161,0,1080,1,12.2,34,step_10,no_load,0.0
11.575131,0.711978,shoulder_pan,10.0,8.8757,8.9121,7.9102,2161,0,1080,1,12.2,34,step_10,no_load,0.0
11.585302,0.722149,shoulder_pan,10.0,8.8757,8.9121,7.9102,2161,0,1080,1,12.2,34,step_10,no_load,0.0
11.595824,0.732671,shoulder_pan,10.0,8.8757,8.9121,7.9102,2161,0,1080,2,12.2,34,step_10,no_load,0.0
11.608865,0.745712,shoulder_pan,10.0,8.8757,8.9121,7.9102,2161,0,1080,2,12.2,34,step_10,no_load,0.0
11.619182,0.756029,shoulder_pan,10.0,8.8757,8.9121,7.9102,2161,0,1080,1,12.2,34,step_10,no_load,0.0
11.630199,0.767045,shoulder_pan,10.0,8.8757,8.9121,7.9102,2161,0,1080,1,12.2,34,step_10,no_load,0.0
11.640652,0.777499,shoulder_pan,10.0,8.8757,8.9121,7.9102,2161,0,1080,2,12.2,34,step_10,no_load,0.0
11.650994,0.787841,shoulder_pan,10.0,8.8757,8.9121,7.9102,2161,0,1080,2,12.2,34,step_10,no_load,0.0
11.66134,0.798187,shoulder_pan,10.0,8.8757,8.9121,7.9102,2161,0,1080,2,12.2,34,step_10,no_load,0.0
11.672692,0.809539,shoulder_pan,10.0,8.8757,8.9121,7.9102,2161,0,1080,2,12.2,34,step_10,no_load,0.0
11.682876,0.819723,shoulder_pan,10.0,8.8757,8.9121,7.9102,2161,0,1080,2,12.2,34,step_10,no_load,0.0
11.693276,0.830123,shoulder_pan,10.0,8.8757,8.9121,7.9102,2161,0,1080,1,12.2,34,step_10,no_load,0.0
11.703807,0.840654,shoulder_pan,10.0,8.8757,8.9121,7.9102,2161,0,1080,2,12.2,34,step_10,no_load,0.0
11.714294,0.851141,shoulder_pan,10.0,8.8757,8.9121,7.9102,2161,0,1080,1,12.2,34,step_10,no_load,0.0
11.724979,0.861826,shoulder_pan,10.0,8.8757,8.9121,7.9102,2161,0,1080,2,12.2,34,step_10,no_load,0.0
11.735553,0.8724,shoulder_pan,10.0,8.8757,8.9121,7.9102,2161,0,1080,2,12.2,34,step_10,no_load,0.0
11.745947,0.882794,shoulder_pan,10.0,8.8757,8.9121,7.9102,2161,0,1080,2,12.2,34,step_10,no_load,0.0
11.757181,0.894028,shoulder_pan,10.0,8.8757,8.9121,7.9102,2161,0,1080,2,12.2,34,step_10,no_load,0.0
11.767365,0.904212,shoulder_pan,10.0,8.8757,8.9121,7.9102,2161,0,1080,1,12.2,34,step_10,no_load,0.0
11.7783,0.915147,shoulder_pan,10.0,8.8757,8.9121,7.9102,2161,0,1080,2,12.2,34,step_10,no_load,0.0
11.789514,0.926361,shoulder_pan,10.0,8.8757,8.9121,7.9102,2161,0,1080,1,12.2,34,step_10,no_load,0.0
11.799963,0.93681,shoulder_pan,10.0,8.8757,8.9121,7.9102,2161,0,1080,1,12.2,34,step_10,no_load,0.0
11.810509,0.947356,shoulder_pan,10.0,8.8757,8.9121,7.9102,2161,0,1080,2,12.2,34,step_10,no_load,0.0
11.822149,0.958996,shoulder_pan,10.0,8.8757,8.9121,7.9102,2161,0,1080,1,12.2,34,step_10,no_load,0.0
11.832736,0.969582,shoulder_pan,10.0,8.8757,8.9121,7.9102,2161,0,1080,1,12.2,34,step_10,no_load,0.0
11.84342,0.980267,shoulder_pan,10.0,8.8757,8.9121,7.9102,2161,0,1080,2,12.2,34,step_10,no_load,0.0
11.854242,0.991089,shoulder_pan,10.0,8.8757,8.9121,7.9102,2161,0,1080,2,12.2,34,step_10,no_load,0.0
11.864593,1.00144,shoulder_pan,10.0,8.8757,8.9121,7.9102,2161,0,1080,2,12.2,34,step_10,no_load,0.0
11.874748,1.011595,shoulder_pan,10.0,8.8757,8.9121,7.9102,2161,0,1080,1,12.2,34,step_10,no_load,0.0
11.884905,1.021752,shoulder_pan,10.0,8.8757,8.9121,7.9102,2161,0,1080,2,12.2,34,step_10,no_load,0.0
11.895329,1.032176,shoulder_pan,10.0,8.8757,8.9121,7.9102,2161,0,1080,2,12.2,34,step_10,no_load,0.0
11.905876,1.042723,shoulder_pan,10.0,8.8757,8.9121,7.9102,2161,0,1080,1,12.2,34,step_10,no_load,0.0
11.916156,1.053003,shoulder_pan,10.0,8.8757,8.9121,7.9102,2161,0,1080,2,12.2,34,step_10,no_load,0.0
11.926527,1.063374,shoulder_pan,10.0,8.8757,8.9121,7.9102,2161,0,1080,1,12.2,34,step_10,no_load,0.0
11.936888,1.073735,shoulder_pan,10.0,8.8757,8.9121,7.9102,2161,0,1080,1,12.2,34,step_10,no_load,0.0
11.948565,1.085412,shoulder_pan,10.0,8.8757,8.9121,7.9102,2161,0,1080,2,12.2,34,step_10,no_load,0.0
11.959063,1.09591,shoulder_pan,10.0,8.8757,8.9121,7.9102,2161,0,1080,1,12.2,34,step_10,no_load,0.0
11.969847,1.106694,shoulder_pan,10.0,8.8757,8.9121,7.9102,2161,0,1080,2,12.2,34,step_10,no_load,0.0
11.980317,1.117164,shoulder_pan,10.0,8.8757,8.9121,7.9102,2161,0,1080,1,12.2,34,step_10,no_load,0.0
11.990827,1.127674,shoulder_pan,10.0,8.8757,8.9121,7.9102,2161,0,1080,1,12.2,34,step_10,no_load,0.0
12.001281,1.138128,shoulder_pan,10.0,8.8757,8.9121,7.9102,2161,0,1080,1,12.2,34,step_10,no_load,0.0
12.012002,1.148849,shoulder_pan,10.0,8.8757,8.9121,7.9102,2161,0,1080,1,12.2,34,step_10,no_load,0.0
12.022797,1.159644,shoulder_pan,10.0,8.8757,8.9121,7.9102,2161,0,1080,1,12.2,33,step_10,no_load,0.0
12.032998,1.169845,shoulder_pan,10.0,8.8757,8.9121,7.9102,2161,0,1080,1,12.2,34,step_10,no_load,0.0
12.043242,1.180089,shoulder_pan,10.0,8.8757,8.9121,7.9102,2161,0,1080,1,12.2,34,step_10,no_load,0.0
12.053531,1.190378,shoulder_pan,10.0,8.8757,8.9121,7.9102,2161,0,1080,1,12.2,34,step_10,no_load,0.0
12.064849,4e-06,shoulder_pan,0.0,8.8757,0.0,7.9102,2161,0,1072,1,12.2,34,step_10,no_load,0.0
12.075557,0.010712,shoulder_pan,0.0,8.8757,0.0,7.9102,2161,0,1068,1,12.2,34,step_10,no_load,0.0
12.085633,0.020788,shoulder_pan,0.0,8.8757,0.0,7.9102,2161,0,1048,0,12.2,34,step_10,no_load,0.0
12.095825,0.03098,shoulder_pan,0.0,8.8757,0.0,7.9102,2161,0,48,0,12.2,34,step_10,no_load,0.0
12.106337,0.041492,shoulder_pan,0.0,8.7771,0.0,7.8223,2160,0,80,5,12.2,34,step_10,no_load,-8.362
12.116577,0.051732,shoulder_pan,0.0,8.6785,0.0,7.7344,2159,-50,168,6,12.2,34,step_10,no_load,-8.584
12.127045,0.0622,shoulder_pan,0.0,8.4813,0.0,7.5586,2157,-50,252,12,12.1,34,step_10,no_load,-16.794
12.137129,0.072284,shoulder_pan,0.0,8.284,0.0,7.3828,2155,-200,308,18,12.2,34,step_10,no_load,-17.434
12.147801,0.082956,shoulder_pan,0.0,7.8895,0.0,7.0312,2151,-200,340,13,12.2,34,step_10,no_load,-32.946
12.157986,0.093141,shoulder_pan,0.0,7.1992,0.0,6.416,2144,-400,344,10,12.1,34,step_10,no_load,-60.403
12.168345,0.1035,shoulder_pan,0.0,6.1144,0.0,5.4492,2133,-400,248,0,12.2,34,step_10,no_load,-93.329
12.179358,0.114513,shoulder_pan,0.0,5.1282,0.0,4.5703,2123,-900,220,0,12.2,34,step_10,no_load,-79.806
12.189607,0.124762,shoulder_pan,0.0,4.4379,0.0,3.9551,2116,-900,136,0,12.2,34,step_10,no_load,-60.025
12.199706,0.134861,shoulder_pan,0.0,3.8462,0.0,3.4277,2110,-800,112,0,12.2,34,step_10,no_load,-52.223
12.210716,0.145871,shoulder_pan,0.0,3.3531,0.0,2.9883,2105,-450,104,1,12.2,34,step_10,no_load,-39.909
12.221066,0.156221,shoulder_pan,0.0,2.9586,0.0,2.6367,2101,-450,88,1,12.2,34,step_10,no_load,-33.971
12.231784,0.166939,shoulder_pan,0.0,2.6627,0.0,2.373,2098,-350,88,1,12.2,34,step_10,no_load,-24.603
12.242879,0.178034,shoulder_pan,0.0,2.3669,0.0,2.1094,2095,-350,80,0,12.2,34,step_10,no_load,-23.758
12.253101,0.188256,shoulder_pan,0.0,2.071,0.0,1.8457,2092,-300,76,1,12.2,34,step_10,no_load,-25.797
12.263617,0.198772,shoulder_pan,0.0,1.7751,0.0,1.582,2089,-300,60,0,12.2,34,step_10,no_load,-25.076
12.274247,0.209402,shoulder_pan,0.0,1.4793,0.0,1.3184,2086,-250,48,0,12.2,34,step_10,no_load,-24.798
12.284436,0.219592,shoulder_pan,0.0,1.2821,0.0,1.1426,2084,-250,40,0,12.2,34,step_10,no_load,-17.254
12.294935,0.23009,shoulder_pan,0.0,0.9862,0.0,0.8789,2081,-250,32,0,12.2,34,step_10,no_load,-25.117
12.305264,0.240419,shoulder_pan,0.0,0.8876,0.0,0.791,2080,-250,28,0,12.2,34,step_10,no_load,-8.51
12.31584,0.250995,shoulder_pan,0.0,0.6903,0.0,0.6152,2078,-200,20,0,12.2,34,step_10,no_load,-16.623
12.325968,0.261123,shoulder_pan,0.0,0.4931,0.0,0.4395,2076,-200,20,0,12.2,34,step_10,no_load,-17.348
12.336141,0.271296,shoulder_pan,0.0,0.4931,0.0,0.4395,2076,-100,20,0,12.3,33,step_10,no_load,0.0
12.347826,0.282981,shoulder_pan,0.0,0.4931,0.0,0.4395,2076,-100,28,0,12.2,34,step_10,no_load,0.0
12.358249,0.293404,shoulder_pan,0.0,0.3945,0.0,0.3516,2075,-50,28,0,12.2,34,step_10,no_load,-8.433
12.368699,0.303854,shoulder_pan,0.0,0.3945,0.0,0.3516,2075,-50,24,0,12.2,34,step_10,no_load,0.0
12.378905,0.31406,shoulder_pan,0.0,0.3945,0.0,0.3516,2075,0,24,0,12.2,34,step_10,no_load,0.0
12.389272,0.324427,shoulder_pan,0.0,0.3945,0.0,0.3516,2075,0,28,1,12.2,34,step_10,no_load,0.0
12.399649,0.334804,shoulder_pan,0.0,0.2959,0.0,0.2637,2074,0,24,0,12.2,34,step_10,no_load,-8.471
12.410182,0.345337,shoulder_pan,0.0,0.2959,0.0,0.2637,2074,-50,20,0,12.2,34,step_10,no_load,0.0
12.420288,0.355443,shoulder_pan,0.0,0.2959,0.0,0.2637,2074,-50,20,0,12.2,34,step_10,no_load,0.0
12.430892,0.366047,shoulder_pan,0.0,0.2959,0.0,0.2637,2074,0,24,0,12.2,34,step_10,no_load,0.0
12.441966,0.377121,shoulder_pan,0.0,0.2959,0.0,0.2637,2074,0,24,0,12.2,34,step_10,no_load,0.0
12.452138,0.387293,shoulder_pan,0.0,0.2959,0.0,0.2637,2074,0,24,1,12.2,34,step_10,no_load,0.0
12.462302,0.397457,shoulder_pan,0.0,0.2959,0.0,0.2637,2074,0,24,0,12.2,34,step_10,no_load,0.0
12.472479,0.407634,shoulder_pan,0.0,0.2959,0.0,0.2637,2074,0,24,0,12.2,34,step_10,no_load,0.0
12.483089,0.418244,shoulder_pan,0.0,0.2959,0.0,0.2637,2074,0,24,0,12.2,34,step_10,no_load,0.0
12.493291,0.428446,shoulder_pan,0.0,0.2959,0.0,0.2637,2074,0,24,0,12.2,34,step_10,no_load,0.0
12.503641,0.438796,shoulder_pan,0.0,0.2959,0.0,0.2637,2074,0,24,0,12.2,34,step_10,no_load,0.0
12.514363,0.449518,shoulder_pan,0.0,0.2959,0.0,0.2637,2074,0,24,0,12.2,34,step_10,no_load,0.0
12.52471,0.459865,shoulder_pan,0.0,0.2959,0.0,0.2637,2074,0,24,0,12.2,34,step_10,no_load,0.0
12.535117,0.470272,shoulder_pan,0.0,0.2959,0.0,0.2637,2074,0,24,0,12.2,34,step_10,no_load,0.0
12.546197,0.481352,shoulder_pan,0.0,0.2959,0.0,0.2637,2074,0,24,0,12.2,34,step_10,no_load,0.0
12.556367,0.491522,shoulder_pan,0.0,0.2959,0.0,0.2637,2074,0,24,0,12.2,34,step_10,no_load,0.0
12.56691,0.502065,shoulder_pan,0.0,0.2959,0.0,0.2637,2074,0,24,1,12.3,34,step_10,no_load,0.0
12.577146,0.512301,shoulder_pan,0.0,0.2959,0.0,0.2637,2074,0,24,1,12.2,34,step_10,no_load,0.0
12.587417,0.522572,shoulder_pan,0.0,0.2959,0.0,0.2637,2074,0,24,0,12.2,34,step_10,no_load,0.0
12.597774,0.532929,shoulder_pan,0.0,0.2959,0.0,0.2637,2074,0,24,0,12.2,34,step_10,no_load,0.0
12.608257,0.543412,shoulder_pan,0.0,0.2959,0.0,0.2637,2074,0,24,1,12.2,34,step_10,no_load,0.0
12.619187,0.554342,shoulder_pan,0.0,0.2959,0.0,0.2637,2074,0,24,0,12.2,34,step_10,no_load,0.0
12.629733,0.564888,shoulder_pan,0.0,0.2959,0.0,0.2637,2074,0,24,0,12.2,34,step_10,no_load,0.0
12.639885,0.57504,shoulder_pan,0.0,0.2959,0.0,0.2637,2074,0,24,0,12.2,34,step_10,no_load,0.0
12.650445,0.5856,shoulder_pan,0.0,0.2959,0.0,0.2637,2074,0,24,0,12.2,34,step_10,no_load,0.0
12.66075,0.595905,shoulder_pan,0.0,0.2959,0.0,0.2637,2074,0,24,0,12.2,34,step_10,no_load,0.0
12.670932,0.606087,shoulder_pan,0.0,0.2959,0.0,0.2637,2074,0,24,0,12.2,34,step_10,no_load,0.0
12.681446,0.616601,shoulder_pan,0.0,0.2959,0.0,0.2637,2074,0,24,0,12.2,34,step_10,no_load,0.0
12.691926,0.627081,shoulder_pan,0.0,0.2959,0.0,0.2637,2074,0,24,0,12.2,34,step_10,no_load,0.0
12.702725,0.63788,shoulder_pan,0.0,0.2959,0.0,0.2637,2074,0,24,0,12.2,33,step_10,no_load,0.0
12.713303,0.648458,shoulder_pan,0.0,0.2959,0.0,0.2637,2074,0,24,1,12.2,34,step_10,no_load,0.0
12.72368,0.658836,shoulder_pan,0.0,0.2959,0.0,0.2637,2074,0,24,0,12.2,34,step_10,no_load,0.0
12.734492,0.669647,shoulder_pan,0.0,0.2959,0.0,0.2637,2074,0,24,0,12.2,34,step_10,no_load,0.0
12.744666,0.679821,shoulder_pan,0.0,0.2959,0.0,0.2637,2074,0,24,0,12.2,34,step_10,no_load,0.0
12.754866,0.690021,shoulder_pan,0.0,0.2959,0.0,0.2637,2074,0,24,0,12.2,34,step_10,no_load,0.0
12.766003,0.701158,shoulder_pan,0.0,0.2959,0.0,0.2637,2074,0,24,0,12.2,34,step_10,no_load,0.0
12.776179,0.711334,shoulder_pan,0.0,0.2959,0.0,0.2637,2074,0,24,0,12.2,34,step_10,no_load,0.0
12.786794,0.721949,shoulder_pan,0.0,0.2959,0.0,0.2637,2074,0,24,1,12.2,34,step_10,no_load,0.0
12.796998,0.732153,shoulder_pan,0.0,0.2959,0.0,0.2637,2074,0,24,1,12.2,34,step_10,no_load,0.0
12.809092,0.744247,shoulder_pan,0.0,0.2959,0.0,0.2637,2074,0,24,1,12.2,34,step_10,no_load,0.0
12.820597,0.755752,shoulder_pan,0.0,0.2959,0.0,0.2637,2074,0,24,0,12.2,34,step_10,no_load,0.0
12.83078,0.765935,shoulder_pan,0.0,0.2959,0.0,0.2637,2074,0,24,0,12.2,34,step_10,no_load,0.0
12.841138,0.776293,shoulder_pan,0.0,0.2959,0.0,0.2637,2074,0,24,0,12.2,34,step_10,no_load,0.0
12.851734,0.786889,shoulder_pan,0.0,0.2959,0.0,0.2637,2074,0,24,0,12.2,34,step_10,no_load,0.0
12.862076,0.797231,shoulder_pan,0.0,0.2959,0.0,0.2637,2074,0,24,1,12.2,34,step_10,no_load,0.0
12.872833,0.807988,shoulder_pan,0.0,0.2959,0.0,0.2637,2074,0,24,0,12.2,34,step_10,no_load,0.0
12.883407,0.818562,shoulder_pan,0.0,0.2959,0.0,0.2637,2074,0,24,0,12.2,34,step_10,no_load,0.0
12.894046,0.829201,shoulder_pan,0.0,0.2959,0.0,0.2637,2074,0,24,0,12.2,34,step_10,no_load,0.0
12.904235,0.83939,shoulder_pan,0.0,0.2959,0.0,0.2637,2074,0,24,0,12.2,34,step_10,no_load,0.0
12.914977,0.850132,shoulder_pan,0.0,0.2959,0.0,0.2637,2074,0,24,0,12.2,34,step_10,no_load,0.0
12.925152,0.860307,shoulder_pan,0.0,0.2959,0.0,0.2637,2074,0,24,0,12.2,34,step_10,no_load,0.0
12.936214,0.871369,shoulder_pan,0.0,0.2959,0.0,0.2637,2074,0,24,0,12.2,34,step_10,no_load,0.0
12.946446,0.881601,shoulder_pan,0.0,0.2959,0.0,0.2637,2074,0,24,0,12.2,34,step_10,no_load,0.0
12.957036,0.892191,shoulder_pan,0.0,0.2959,0.0,0.2637,2074,0,24,0,12.2,34,step_10,no_load,0.0
12.967753,0.902908,shoulder_pan,0.0,0.2959,0.0,0.2637,2074,0,24,0,12.2,34,step_10,no_load,0.0
12.977951,0.913106,shoulder_pan,0.0,0.2959,0.0,0.2637,2074,0,24,0,12.2,34,step_10,no_load,0.0
12.988518,0.923673,shoulder_pan,0.0,0.2959,0.0,0.2637,2074,0,24,0,12.2,34,step_10,no_load,0.0
12.998923,0.934078,shoulder_pan,0.0,0.2959,0.0,0.2637,2074,0,24,0,12.2,34,step_10,no_load,0.0
13.009242,0.944397,shoulder_pan,0.0,0.2959,0.0,0.2637,2074,0,24,0,12.2,34,step_10,no_load,0.0
13.019656,0.954811,shoulder_pan,0.0,0.2959,0.0,0.2637,2074,0,24,1,12.2,34,step_10,no_load,0.0
13.029978,0.965133,shoulder_pan,0.0,0.2959,0.0,0.2637,2074,0,24,0,12.2,34,step_10,no_load,0.0
13.040452,0.975607,shoulder_pan,0.0,0.2959,0.0,0.2637,2074,0,24,0,12.2,34,step_10,no_load,0.0
13.05071,0.985865,shoulder_pan,0.0,0.2959,0.0,0.2637,2074,0,24,0,12.3,34,step_10,no_load,0.0
13.061194,0.996349,shoulder_pan,0.0,0.2959,0.0,0.2637,2074,0,24,0,12.2,34,step_10,no_load,0.0
13.071641,1.006796,shoulder_pan,0.0,0.2959,0.0,0.2637,2074,0,24,0,12.2,34,step_10,no_load,0.0
13.082519,1.017674,shoulder_pan,0.0,0.2959,0.0,0.2637,2074,0,24,0,12.2,34,step_10,no_load,0.0
13.093184,1.028339,shoulder_pan,0.0,0.2959,0.0,0.2637,2074,0,24,1,12.2,34,step_10,no_load,0.0
13.104141,1.039296,shoulder_pan,0.0,0.2959,0.0,0.2637,2074,0,24,0,12.2,34,step_10,no_load,0.0
13.114283,1.049438,shoulder_pan,0.0,0.2959,0.0,0.2637,2074,0,24,0,12.2,34,step_10,no_load,0.0
13.124698,1.059853,shoulder_pan,0.0,0.2959,0.0,0.2637,2074,0,24,1,12.2,34,step_10,no_load,0.0
13.13511,1.070265,shoulder_pan,0.0,0.2959,0.0,0.2637,2074,0,24,1,12.2,34,step_10,no_load,0.0
13.145358,1.080513,shoulder_pan,0.0,0.2959,0.0,0.2637,2074,0,24,0,12.2,34,step_10,no_load,0.0
13.156193,1.091348,shoulder_pan,0.0,0.2959,0.0,0.2637,2074,0,24,0,12.2,34,step_10,no_load,0.0
13.166687,1.101842,shoulder_pan,0.0,0.2959,0.0,0.2637,2074,0,24,1,12.2,34,step_10,no_load,0.0
13.177254,1.112409,shoulder_pan,0.0,0.2959,0.0,0.2637,2074,0,24,0,12.2,34,step_10,no_load,0.0
13.187763,1.122918,shoulder_pan,0.0,0.2959,0.0,0.2637,2074,0,24,0,12.2,34,step_10,no_load,0.0
13.198082,1.133237,shoulder_pan,0.0,0.2959,0.0,0.2637,2074,0,24,0,12.2,34,step_10,no_load,0.0
13.208675,1.14383,shoulder_pan,0.0,0.2959,0.0,0.2637,2074,0,24,1,12.2,34,step_10,no_load,0.0
13.219684,1.154839,shoulder_pan,0.0,0.2959,0.0,0.2637,2074,0,24,0,12.2,34,step_10,no_load,0.0
13.230072,1.165227,shoulder_pan,0.0,0.2959,0.0,0.2637,2074,0,24,1,12.2,33,step_10,no_load,0.0
13.240372,1.175527,shoulder_pan,0.0,0.2959,0.0,0.2637,2074,0,24,0,12.2,34,step_10,no_load,0.0
13.25066,1.185815,shoulder_pan,0.0,0.2959,0.0,0.2637,2074,0,24,0,12.2,34,step_10,no_load,0.0
13.260793,1.195948,shoulder_pan,0.0,0.2959,0.0,0.2637,2074,0,24,0,12.2,34,step_10,no_load,0.0
13.27268,1.6e-05,shoulder_pan,10.0,0.2959,8.9121,0.2637,2074,0,24,0,12.2,34,step_10,no_load,0.0
13.283632,0.010968,shoulder_pan,10.0,0.2959,8.9121,0.2637,2074,0,0,0,12.2,34,step_10,no_load,0.0
13.294392,0.021728,shoulder_pan,10.0,0.3945,8.9121,0.3516,2075,50,1052,1,12.2,34,step_10,no_load,8.169
13.305362,0.032697,shoulder_pan,10.0,0.3945,8.9121,0.3516,2075,50,1116,3,12.2,34,step_10,no_load,0.0
13.315936,0.043271,shoulder_pan,10.0,0.3945,8.9121,0.3516,2075,0,1176,8,12.2,34,step_10,no_load,0.0
13.326495,0.05383,shoulder_pan,10.0,0.5917,8.9121,0.5273,2077,100,1256,13,12.2,34,step_10,no_load,16.64
13.33706,0.064396,shoulder_pan,10.0,0.9862,8.9121,0.8789,2081,100,1304,13,12.1,34,step_10,no_load,33.28
13.347157,0.074493,shoulder_pan,10.0,1.5779,8.9121,1.4063,2087,500,1348,17,12.2,34,step_10,no_load,52.233
13.357909,0.085245,shoulder_pan,10.0,2.1696,8.9121,1.9336,2093,500,1368,16,12.2,34,step_10,no_load,49.042
13.368253,0.095588,shoulder_pan,10.0,2.9586,8.9121,2.6367,2101,700,1316,9,12.2,34,step_10,no_load,67.972
13.378623,0.105959,shoulder_pan,10.0,3.6489,8.9121,3.252,2108,700,1316,8,12.1,34,step_10,no_load,59.335
13.388955,0.116291,shoulder_pan,10.0,4.2406,8.9121,3.7793,2114,600,1264,7,12.2,34,step_10,no_load,51.036
13.399529,0.126864,shoulder_pan,10.0,4.8323,8.9121,4.3066,2120,600,1244,5,12.2,34,step_10,no_load,49.868
13.410323,0.137658,shoulder_pan,10.0,5.3254,8.9121,4.7461,2125,550,1180,4,12.2,34,step_10,no_load,40.717
13.42067,0.148006,shoulder_pan,10.0,5.7199,8.9121,5.0977,2129,550,1164,5,12.2,34,step_10,no_load,33.981
13.430962,0.158297,shoulder_pan,10.0,6.1144,8.9121,5.4492,2133,400,1156,3,12.2,34,step_10,no_load,34.153
13.441234,0.16857,shoulder_pan,10.0,6.6075,8.9121,5.8887,2138,400,1140,2,12.2,34,step_10,no_load,42.786
13.451618,0.178953,shoulder_pan,10.0,6.9034,8.9121,6.1523,2141,400,1124,1,12.2,34,step_10,no_load,25.385
13.46186,0.189196,shoulder_pan,10.0,7.2978,8.9121,6.5039,2145,400,1116,1,12.2,34,step_10,no_load,34.329
13.47224,0.199576,shoulder_pan,10.0,7.5937,8.9121,6.7676,2148,350,1104,0,12.2,34,step_10,no_load,25.405
13.482694,0.21003,shoulder_pan,10.0,7.8895,8.9121,7.0312,2151,350,1096,0,12.2,34,step_10,no_load,25.215
13.493156,0.220491,shoulder_pan,10.0,8.0868,8.9121,7.207,2153,250,1088,0,12.2,34,step_10,no_load,16.804
13.503901,0.231236,shoulder_pan,10.0,8.284,8.9121,7.3828,2155,250,1088,1,12.2,34,step_10,no_load,16.361
13.514562,0.241898,shoulder_pan,10.0,8.3826,8.9121,7.4707,2156,150,1080,0,12.2,34,step_10,no_load,8.245
13.525172,0.252507,shoulder_pan,10.0,8.4813,8.9121,7.5586,2157,150,1088,1,12.2,34,step_10,no_load,8.285
13.535711,0.263047,shoulder_pan,10.0,8.5799,8.9121,7.6465,2158,150,1084,0,12.2,34,step_10,no_load,8.34
13.547366,0.274702,shoulder_pan,10.0,8.6785,8.9121,7.7344,2159,50,1076,1,12.2,34,step_10,no_load,7.542
13.557907,0.285243,shoulder_pan,10.0,8.7771,8.9121,7.8223,2160,50,1076,1,12.2,34,step_10,no_load,8.339
13.568805,0.296141,shoulder_pan,10.0,8.8757,8.9121,7.9102,2161,100,1076,2,12.2,34,step_10,no_load,8.066
13.579233,0.306568,shoulder_pan,10.0,8.8757,8.9121,7.9102,2161,100,1076,1,12.2,34,step_10,no_load,0.0
13.589519,0.316855,shoulder_pan,10.0,8.8757,8.9121,7.9102,2161,0,1076,1,12.2,33,step_10,no_load,0.0
13.600427,0.327762,shoulder_pan,10.0,8.8757,8.9121,7.9102,2161,0,1076,1,12.2,34,step_10,no_load,0.0
13.610631,0.337967,shoulder_pan,10.0,8.8757,8.9121,7.9102,2161,0,1080,2,12.2,34,step_10,no_load,0.0
13.621189,0.348525,shoulder_pan,10.0,8.8757,8.9121,7.9102,2161,0,1080,2,12.2,34,step_10,no_load,0.0
13.632081,0.359417,shoulder_pan,10.0,8.8757,8.9121,7.9102,2161,0,1080,1,12.2,34,step_10,no_load,0.0
13.642542,0.369878,shoulder_pan,10.0,8.8757,8.9121,7.9102,2161,0,1080,2,12.2,34,step_10,no_load,0.0
13.65312,0.380456,shoulder_pan,10.0,8.8757,8.9121,7.9102,2161,0,1080,1,12.2,34,step_10,no_load,0.0
13.663855,0.39119,shoulder_pan,10.0,8.8757,8.9121,7.9102,2161,0,1080,2,12.2,34,step_10,no_load,0.0
13.674691,0.402026,shoulder_pan,10.0,8.8757,8.9121,7.9102,2161,0,1080,2,12.2,34,step_10,no_load,0.0
13.685022,0.412358,shoulder_pan,10.0,8.8757,8.9121,7.9102,2161,0,1080,2,12.2,34,step_10,no_load,0.0
13.695162,0.422497,shoulder_pan,10.0,8.8757,8.9121,7.9102,2161,0,1080,2,12.2,34,step_10,no_load,0.0
13.706108,0.433443,shoulder_pan,10.0,8.8757,8.9121,7.9102,2161,0,1080,2,12.2,34,step_10,no_load,0.0
13.716612,0.443947,shoulder_pan,10.0,8.8757,8.9121,7.9102,2161,0,1080,1,12.2,34,step_10,no_load,0.0
13.726826,0.454161,shoulder_pan,10.0,8.8757,8.9121,7.9102,2161,0,1080,2,12.2,34,step_10,no_load,0.0
13.737084,0.46442,shoulder_pan,10.0,8.8757,8.9121,7.9102,2161,0,1080,2,12.2,34,step_10,no_load,0.0
13.747338,0.474673,shoulder_pan,10.0,8.8757,8.9121,7.9102,2161,0,1080,1,12.2,36,step_10,no_load,0.0
13.757801,0.485136,shoulder_pan,10.0,8.8757,8.9121,7.9102,2161,0,1080,2,12.2,34,step_10,no_load,0.0
13.768092,0.495427,shoulder_pan,10.0,8.8757,8.9121,7.9102,2161,0,1080,2,12.2,34,step_10,no_load,0.0
13.778254,0.50559,shoulder_pan,10.0,8.8757,8.9121,7.9102,2161,0,1080,1,12.2,34,step_10,no_load,0.0
13.788804,0.516139,shoulder_pan,10.0,8.8757,8.9121,7.9102,2161,0,1080,1,12.2,34,step_10,no_load,0.0
13.799692,0.527028,shoulder_pan,10.0,8.8757,8.9121,7.9102,2161,0,1080,1,12.2,34,step_10,no_load,0.0
13.810206,0.537542,shoulder_pan,10.0,8.8757,8.9121,7.9102,2161,0,1080,2,12.2,34,step_10,no_load,0.0
13.820583,0.547918,shoulder_pan,10.0,8.8757,8.9121,7.9102,2161,0,1080,2,12.2,34,step_10,no_load,0.0
13.830801,0.558136,shoulder_pan,10.0,8.8757,8.9121,7.9102,2161,0,1080,2,12.2,34,step_10,no_load,0.0
13.841057,0.568393,shoulder_pan,10.0,8.8757,8.9121,7.9102,2161,0,1080,2,12.2,34,step_10,no_load,0.0
13.851289,0.578625,shoulder_pan,10.0,8.8757,8.9121,7.9102,2161,0,1080,1,12.2,34,step_10,no_load,0.0
13.861518,0.588854,shoulder_pan,10.0,8.8757,8.9121,7.9102,2161,0,1080,1,12.2,34,step_10,no_load,0.0
13.872109,0.599445,shoulder_pan,10.0,8.8757,8.9121,7.9102,2161,0,1080,2,12.2,34,step_10,no_load,0.0
13.882634,0.609969,shoulder_pan,10.0,8.8757,8.9121,7.9102,2161,0,1080,1,12.2,34,step_10,no_load,0.0
13.892864,0.6202,shoulder_pan,10.0,8.8757,8.9121,7.9102,2161,0,1080,2,12.2,34,step_10,no_load,0.0
13.903195,0.630531,shoulder_pan,10.0,8.8757,8.9121,7.9102,2161,0,1080,1,12.2,34,step_10,no_load,0.0
13.913808,0.641144,shoulder_pan,10.0,8.8757,8.9121,7.9102,2161,0,1080,3,12.2,34,step_10,no_load,0.0
13.923991,0.651327,shoulder_pan,10.0,8.8757,8.9121,7.9102,2161,0,1080,1,12.2,34,step_10,no_load,0.0
13.934302,0.661637,shoulder_pan,10.0,8.8757,8.9121,7.9102,2161,0,1080,1,12.2,34,step_10,no_load,0.0
13.94499,0.672325,shoulder_pan,10.0,8.8757,8.9121,7.9102,2161,0,1080,2,12.2,34,step_10,no_load,0.0
13.956108,0.683444,shoulder_pan,10.0,8.8757,8.9121,7.9102,2161,0,1080,1,12.2,34,step_10,no_load,0.0
13.96669,0.694026,shoulder_pan,10.0,8.8757,8.9121,7.9102,2161,0,1080,1,12.1,34,step_10,no_load,0.0
13.977688,0.705024,shoulder_pan,10.0,8.8757,8.9121,7.9102,2161,0,1080,1,12.2,33,step_10,no_load,0.0
13.988232,0.715568,shoulder_pan,10.0,8.8757,8.9121,7.9102,2161,0,1080,1,12.2,34,step_10,no_load,0.0
13.998641,0.725977,shoulder_pan,10.0,8.8757,8.9121,7.9102,2161,0,1080,2,12.2,34,step_10,no_load,0.0
14.0089,0.736236,shoulder_pan,10.0,8.8757,8.9121,7.9102,2161,0,1080,2,12.2,33,step_10,no_load,0.0
14.019452,0.746788,shoulder_pan,10.0,8.8757,8.9121,7.9102,2161,0,1080,2,12.2,34,step_10,no_load,0.0
14.029941,0.757276,shoulder_pan,10.0,8.8757,8.9121,7.9102,2161,0,1080,2,12.2,34,step_10,no_load,0.0
14.040429,0.767765,shoulder_pan,10.0,8.8757,8.9121,7.9102,2161,0,1080,2,12.2,34,step_10,no_load,0.0
14.050595,0.777931,shoulder_pan,10.0,8.8757,8.9121,7.9102,2161,0,1080,1,12.2,34,step_10,no_load,0.0
14.06129,0.788626,shoulder_pan,10.0,8.8757,8.9121,7.9102,2161,0,1080,1,12.2,34,step_10,no_load,0.0
14.071836,0.799171,shoulder_pan,10.0,8.8757,8.9121,7.9102,2161,0,1080,1,12.2,34,step_10,no_load,0.0
14.082397,0.809732,shoulder_pan,10.0,8.8757,8.9121,7.9102,2161,0,1080,1,12.2,34,step_10,no_load,0.0
14.09298,0.820316,shoulder_pan,10.0,8.8757,8.9121,7.9102,2161,0,1080,1,12.2,34,step_10,no_load,0.0
14.103166,0.830502,shoulder_pan,10.0,8.8757,8.9121,7.9102,2161,0,1080,2,12.2,34,step_10,no_load,0.0
14.114127,0.841462,shoulder_pan,10.0,8.8757,8.9121,7.9102,2161,0,1080,2,12.2,34,step_10,no_load,0.0
14.125182,0.852517,shoulder_pan,10.0,8.8757,8.9121,7.9102,2161,0,1080,1,12.2,34,step_10,no_load,0.0
14.135286,0.862622,shoulder_pan,10.0,8.8757,8.9121,7.9102,2161,0,1080,1,12.2,33,step_10,no_load,0.0
14.1454,0.872736,shoulder_pan,10.0,8.8757,8.9121,7.9102,2161,0,1080,2,12.2,34,step_10,no_load,0.0
14.155883,0.883219,shoulder_pan,10.0,8.8757,8.9121,7.9102,2161,0,1080,1,12.2,34,step_10,no_load,0.0
14.166318,0.893654,shoulder_pan,10.0,8.8757,8.9121,7.9102,2161,0,1080,2,12.2,34,step_10,no_load,0.0
14.176747,0.904082,shoulder_pan,10.0,8.8757,8.9121,7.9102,2161,0,1080,2,12.2,34,step_10,no_load,0.0
14.18734,0.914675,shoulder_pan,10.0,8.8757,8.9121,7.9102,2161,0,1080,2,12.2,34,step_10,no_load,0.0
14.197586,0.924921,shoulder_pan,10.0,8.8757,8.9121,7.9102,2161,0,1080,1,12.2,34,step_10,no_load,0.0
14.208363,0.935699,shoulder_pan,10.0,8.8757,8.9121,7.9102,2161,0,1080,2,12.2,34,step_10,no_load,0.0
14.218931,0.946267,shoulder_pan,10.0,8.8757,8.9121,7.9102,2161,0,1080,1,12.2,34,step_10,no_load,0.0
14.229949,0.957285,shoulder_pan,10.0,8.8757,8.9121,7.9102,2161,0,1080,1,12.2,34,step_10,no_load,0.0
14.240328,0.967663,shoulder_pan,10.0,8.8757,8.9121,7.9102,2161,0,1080,1,12.2,34,step_10,no_load,0.0
14.250684,0.97802,shoulder_pan,10.0,8.8757,8.9121,7.9102,2161,0,1080,1,12.2,34,step_10,no_load,0.0
14.260845,0.98818,shoulder_pan,10.0,8.8757,8.9121,7.9102,2161,0,1080,1,12.2,34,step_10,no_load,0.0
14.270971,0.998307,shoulder_pan,10.0,8.8757,8.9121,7.9102,2161,0,1080,1,12.2,34,step_10,no_load,0.0
14.281657,1.008993,shoulder_pan,10.0,8.8757,8.9121,7.9102,2161,0,1080,1,12.2,34,step_10,no_load,0.0
14.29272,1.020056,shoulder_pan,10.0,8.8757,8.9121,7.9102,2161,0,1080,2,12.2,34,step_10,no_load,0.0
14.302914,1.03025,shoulder_pan,10.0,8.8757,8.9121,7.9102,2161,0,1080,2,12.2,34,step_10,no_load,0.0
14.313425,1.04076,shoulder_pan,10.0,8.8757,8.9121,7.9102,2161,0,1080,1,12.2,34,step_10,no_load,0.0
14.324125,1.05146,shoulder_pan,10.0,8.8757,8.9121,7.9102,2161,0,1080,1,12.2,34,step_10,no_load,0.0
14.334742,1.062077,shoulder_pan,10.0,8.8757,8.9121,7.9102,2161,0,1080,2,12.2,34,step_10,no_load,0.0
14.345281,1.072616,shoulder_pan,10.0,8.8757,8.9121,7.9102,2161,0,1080,1,12.2,34,step_10,no_load,0.0
14.355837,1.083173,shoulder_pan,10.0,8.8757,8.9121,7.9102,2161,0,1080,1,12.2,34,step_10,no_load,0.0
14.366321,1.093657,shoulder_pan,10.0,8.8757,8.9121,7.9102,2161,0,1080,2,12.2,34,step_10,no_load,0.0
14.376422,1.103757,shoulder_pan,10.0,8.8757,8.9121,7.9102,2161,0,1080,2,12.2,34,step_10,no_load,0.0
14.38701,1.114346,shoulder_pan,10.0,8.8757,8.9121,7.9102,2161,0,1080,1,12.2,34,step_10,no_load,0.0
14.39749,1.124826,shoulder_pan,10.0,8.8757,8.9121,7.9102,2161,0,1080,2,12.2,34,step_10,no_load,0.0
14.407655,1.134991,shoulder_pan,10.0,8.8757,8.9121,7.9102,2161,0,1080,1,12.2,34,step_10,no_load,0.0
14.417865,1.1452,shoulder_pan,10.0,8.8757,8.9121,7.9102,2161,0,1080,1,12.2,34,step_10,no_load,0.0
14.428031,1.155366,shoulder_pan,10.0,8.8757,8.9121,7.9102,2161,0,1080,1,12.2,34,step_10,no_load,0.0
14.438178,1.165514,shoulder_pan,10.0,8.8757,8.9121,7.9102,2161,0,1080,1,12.2,34,step_10,no_load,0.0
14.448628,1.175964,shoulder_pan,10.0,8.8757,8.9121,7.9102,2161,0,1080,1,12.2,34,step_10,no_load,0.0
14.458767,1.186102,shoulder_pan,10.0,8.8757,8.9121,7.9102,2161,0,1080,2,12.2,34,step_10,no_load,0.0
14.468981,1.196317,shoulder_pan,10.0,8.8757,8.9121,7.9102,2161,0,1080,2,12.2,34,step_10,no_load,0.0
14.480195,3e-06,shoulder_pan,0.0,8.8757,0.0,7.9102,2161,0,1076,1,12.2,34,step_10,no_load,0.0
14.490612,0.010421,shoulder_pan,0.0,8.8757,0.0,7.9102,2161,0,1072,1,12.2,34,step_10,no_load,0.0
14.501216,0.021024,shoulder_pan,0.0,8.8757,0.0,7.9102,2161,0,28,1,12.2,34,step_10,no_load,0.0
14.511815,0.031623,shoulder_pan,0.0,8.8757,0.0,7.9102,2161,0,52,1,12.2,34,step_10,no_load,0.0
14.522203,0.042011,shoulder_pan,0.0,8.7771,0.0,7.8223,2160,0,112,4,12.2,34,step_10,no_load,-8.462
14.532811,0.052619,shoulder_pan,0.0,8.6785,0.0,7.7344,2159,-50,172,6,12.2,33,step_10,no_load,-8.286
14.543003,0.062811,shoulder_pan,0.0,8.4813,0.0,7.5586,2157,-150,252,18,12.1,34,step_10,no_load,-17.249
14.55353,0.073338,shoulder_pan,0.0,8.284,0.0,7.3828,2155,-150,312,16,12.1,34,step_10,no_load,-16.7
14.563712,0.083521,shoulder_pan,0.0,7.8895,0.0,7.0312,2151,-300,352,14,12.2,34,step_10,no_load,-34.532
14.574345,0.094153,shoulder_pan,0.0,7.1006,0.0,6.3281,2143,-300,356,11,12.2,34,step_10,no_load,-66.124
14.584897,0.104705,shoulder_pan,0.0,6.0158,0.0,5.3613,2132,-900,256,1,12.2,34,step_10,no_load,-91.622
14.59541,0.115218,shoulder_pan,0.0,5.0296,0.0,4.4824,2122,-900,148,0,12.3,34,step_10,no_load,-83.601
14.609758,0.129566,shoulder_pan,0.0,4.142,0.0,3.6914,2113,-800,128,0,12.2,34,step_10,no_load,-55.13
14.619976,0.139784,shoulder_pan,0.0,3.6489,0.0,3.252,2108,-800,112,1,12.2,34,step_10,no_load,-43.003
14.630291,0.150099,shoulder_pan,0.0,3.1558,0.0,2.8125,2103,-550,92,1,12.2,34,step_10,no_load,-42.608
14.641401,0.161209,shoulder_pan,0.0,2.7613,0.0,2.4609,2099,-550,92,1,12.2,34,step_10,no_load,-31.647
14.651747,0.171555,shoulder_pan,0.0,2.4655,0.0,2.1973,2096,-400,76,1,12.2,34,step_10,no_load,-25.478
14.662146,0.181954,shoulder_pan,0.0,2.071,0.0,1.8457,2092,-350,60,1,12.2,34,step_10,no_load,-33.811
14.672417,0.192225,shoulder_pan,0.0,1.6765,0.0,1.4941,2088,-350,52,0,12.2,34,step_10,no_load,-34.232
14.682944,0.202752,shoulder_pan,0.0,1.3807,0.0,1.2305,2085,-350,40,0,12.2,33,step_10,no_load,-25.04
14.693398,0.213207,shoulder_pan,0.0,1.1834,0.0,1.0547,2083,-300,28,0,12.2,34,step_10,no_load,-16.817
14.703904,0.223712,shoulder_pan,0.0,0.9862,0.0,0.8789,2081,-200,36,0,12.2,34,step_10,no_load,-16.733
14.714877,0.234685,shoulder_pan,0.0,0.9862,0.0,0.8789,2081,-200,32,1,12.2,34,step_10,no_load,0.0
14.725207,0.245015,shoulder_pan,0.0,0.8876,0.0,0.791,2080,-50,40,0,12.2,34,step_10,no_load,-8.509
14.73565,0.255459,shoulder_pan,0.0,0.789,0.0,0.7031,2079,-50,32,1,12.2,34,step_10,no_load,-8.417
14.745849,0.265657,shoulder_pan,0.0,0.6903,0.0,0.6152,2078,-100,28,0,12.2,34,step_10,no_load,-8.618
14.756306,0.276114,shoulder_pan,0.0,0.4931,0.0,0.4395,2076,-100,24,0,12.2,34,step_10,no_load,-16.802
14.766476,0.286284,shoulder_pan,0.0,0.4931,0.0,0.4395,2076,-100,24,0,12.2,34,step_10,no_load,0.0
14.777137,0.296945,shoulder_pan,0.0,0.3945,0.0,0.3516,2075,-100,24,0,12.2,34,step_10,no_load,-8.245
14.791318,0.311126,shoulder_pan,0.0,0.2959,0.0,0.2637,2074,-50,20,0,12.2,34,step_10,no_load,-6.198
14.801738,0.321546,shoulder_pan,0.0,0.2959,0.0,0.2637,2074,-50,20,0,12.2,34,step_10,no_load,0.0
14.811854,0.331663,shoulder_pan,0.0,0.2959,0.0,0.2637,2074,-50,20,0,12.2,34,step_10,no_load,0.0
14.821983,0.341791,shoulder_pan,0.0,0.2959,0.0,0.2637,2074,-50,24,0,12.2,34,step_10,no_load,0.0
14.832538,0.352347,shoulder_pan,0.0,0.2959,0.0,0.2637,2074,0,24,0,12.2,34,step_10,no_load,0.0
14.8427,0.362508,shoulder_pan,0.0,0.2959,0.0,0.2637,2074,0,24,0,12.2,34,step_10,no_load,0.0
14.853654,0.373463,shoulder_pan,0.0,0.2959,0.0,0.2637,2074,0,24,1,12.2,34,step_10,no_load,0.0
14.864691,0.384499,shoulder_pan,0.0,0.2959,0.0,0.2637,2074,0,24,0,12.2,34,step_10,no_load,0.0
14.875072,0.39488,shoulder_pan,0.0,0.2959,0.0,0.2637,2074,0,24,0,12.2,34,step_10,no_load,0.0
14.88561,0.405418,shoulder_pan,0.0,0.2959,0.0,0.2637,2074,0,24,0,12.2,34,step_10,no_load,0.0
14.895938,0.415746,shoulder_pan,0.0,0.2959,0.0,0.2637,2074,0,24,0,12.2,34,step_10,no_load,0.0
14.906336,0.426145,shoulder_pan,0.0,0.2959,0.0,0.2637,2074,0,24,0,12.2,34,step_10,no_load,0.0
14.916564,0.436372,shoulder_pan,0.0,0.2959,0.0,0.2637,2074,0,24,0,12.1,34,step_10,no_load,0.0
14.927326,0.447134,shoulder_pan,0.0,0.2959,0.0,0.2637,2074,0,24,0,12.2,34,step_10,no_load,0.0
14.938214,0.458022,shoulder_pan,0.0,0.2959,0.0,0.2637,2074,0,24,0,12.2,34,step_10,no_load,0.0
14.948506,0.468314,shoulder_pan,0.0,0.2959,0.0,0.2637,2074,0,24,0,12.2,34,step_10,no_load,0.0
14.95873,0.478538,shoulder_pan,0.0,0.2959,0.0,0.2637,2074,0,24,0,12.2,34,step_10,no_load,0.0
14.968887,0.488695,shoulder_pan,0.0,0.2959,0.0,0.2637,2074,0,24,0,12.2,33,step_10,no_load,0.0
14.979098,0.498906,shoulder_pan,0.0,0.2959,0.0,0.2637,2074,0,24,0,12.2,34,step_10,no_load,0.0
14.989657,0.509466,shoulder_pan,0.0,0.2959,0.0,0.2637,2074,0,24,0,12.2,34,step_10,no_load,0.0
15.000079,0.519887,shoulder_pan,0.0,0.2959,0.0,0.2637,2074,0,24,0,12.2,34,step_10,no_load,0.0
15.010636,0.530444,shoulder_pan,0.0,0.2959,0.0,0.2637,2074,0,24,1,12.2,34,step_10,no_load,0.0
15.020873,0.540681,shoulder_pan,0.0,0.2959,0.0,0.2637,2074,0,24,0,12.2,34,step_10,no_load,0.0
15.031276,0.551084,shoulder_pan,0.0,0.2959,0.0,0.2637,2074,0,24,0,12.2,34,step_10,no_load,0.0
15.041543,0.561351,shoulder_pan,0.0,0.2959,0.0,0.2637,2074,0,24,1,12.2,34,step_10,no_load,0.0
15.051992,0.5718,shoulder_pan,0.0,0.2959,0.0,0.2637,2074,0,24,0,12.2,34,step_10,no_load,0.0
15.062161,0.581969,shoulder_pan,0.0,0.2959,0.0,0.2637,2074,0,24,0,12.2,34,step_10,no_load,0.0
15.072316,0.592124,shoulder_pan,0.0,0.2959,0.0,0.2637,2074,0,24,1,12.2,34,step_10,no_load,0.0
15.082474,0.602282,shoulder_pan,0.0,0.2959,0.0,0.2637,2074,0,24,0,12.2,34,step_10,no_load,0.0
15.093507,0.613315,shoulder_pan,0.0,0.2959,0.0,0.2637,2074,0,24,0,12.2,33,step_10,no_load,0.0
15.103707,0.623515,shoulder_pan,0.0,0.2959,0.0,0.2637,2074,0,24,0,12.2,34,step_10,no_load,0.0
15.114449,0.634257,shoulder_pan,0.0,0.2959,0.0,0.2637,2074,0,24,0,12.2,34,step_10,no_load,0.0
15.124541,0.644349,shoulder_pan,0.0,0.2959,0.0,0.2637,2074,0,24,0,12.2,33,step_10,no_load,0.0
15.135312,0.65512,shoulder_pan,0.0,0.2959,0.0,0.2637,2074,0,24,0,12.2,34,step_10,no_load,0.0
15.145655,0.665463,shoulder_pan,0.0,0.2959,0.0,0.2637,2074,0,24,0,12.2,34,step_10,no_load,0.0
15.156106,0.675915,shoulder_pan,0.0,0.2959,0.0,0.2637,2074,0,24,0,12.2,34,step_10,no_load,0.0
15.166465,0.686274,shoulder_pan,0.0,0.2959,0.0,0.2637,2074,0,24,0,12.2,34,step_10,no_load,0.0
15.176949,0.696757,shoulder_pan,0.0,0.2959,0.0,0.2637,2074,0,24,0,12.2,34,step_10,no_load,0.0
15.187394,0.707203,shoulder_pan,0.0,0.2959,0.0,0.2637,2074,0,24,0,12.2,34,step_10,no_load,0.0
15.197684,0.717492,shoulder_pan,0.0,0.2959,0.0,0.2637,2074,0,24,0,12.3,34,step_10,no_load,0.0
15.208401,0.728209,shoulder_pan,0.0,0.2959,0.0,0.2637,2074,0,24,0,12.2,34,step_10,no_load,0.0
15.219058,0.738866,shoulder_pan,0.0,0.2959,0.0,0.2637,2074,0,24,0,12.2,34,step_10,no_load,0.0
15.22967,0.749478,shoulder_pan,0.0,0.2959,0.0,0.2637,2074,0,24,0,12.2,34,step_10,no_load,0.0
15.240053,0.759861,shoulder_pan,0.0,0.2959,0.0,0.2637,2074,0,24,0,12.2,34,step_10,no_load,0.0
15.250942,0.77075,shoulder_pan,0.0,0.2959,0.0,0.2637,2074,0,24,0,12.2,34,step_10,no_load,0.0
15.261592,0.7814,shoulder_pan,0.0,0.2959,0.0,0.2637,2074,0,24,0,12.2,34,step_10,no_load,0.0
15.272618,0.792426,shoulder_pan,0.0,0.2959,0.0,0.2637,2074,0,24,0,12.2,34,step_10,no_load,0.0
15.28324,0.803048,shoulder_pan,0.0,0.2959,0.0,0.2637,2074,0,24,0,12.1,34,step_10,no_load,0.0
15.294343,0.814151,shoulder_pan,0.0,0.2959,0.0,0.2637,2074,0,24,0,12.2,34,step_10,no_load,0.0
15.304798,0.824606,shoulder_pan,0.0,0.2959,0.0,0.2637,2074,0,24,1,12.2,34,step_10,no_load,0.0
15.315271,0.835079,shoulder_pan,0.0,0.2959,0.0,0.2637,2074,0,24,0,12.2,34,step_10,no_load,0.0
15.325502,0.84531,shoulder_pan,0.0,0.2959,0.0,0.2637,2074,0,24,0,12.2,34,step_10,no_load,0.0
15.335706,0.855514,shoulder_pan,0.0,0.2959,0.0,0.2637,2074,0,24,0,12.2,34,step_10,no_load,0.0
15.346396,0.866204,shoulder_pan,0.0,0.2959,0.0,0.2637,2074,0,24,0,12.2,34,step_10,no_load,0.0
15.356661,0.87647,shoulder_pan,0.0,0.2959,0.0,0.2637,2074,0,24,0,12.2,34,step_10,no_load,0.0
15.368228,0.888036,shoulder_pan,0.0,0.2959,0.0,0.2637,2074,0,24,0,12.2,34,step_10,no_load,0.0
15.378435,0.898243,shoulder_pan,0.0,0.2959,0.0,0.2637,2074,0,24,0,12.2,34,step_10,no_load,0.0
15.388801,0.908609,shoulder_pan,0.0,0.2959,0.0,0.2637,2074,0,24,0,12.2,34,step_10,no_load,0.0
15.399278,0.919086,shoulder_pan,0.0,0.2959,0.0,0.2637,2074,0,24,0,12.2,34,step_10,no_load,0.0
15.410151,0.92996,shoulder_pan,0.0,0.2959,0.0,0.2637,2074,0,24,1,12.2,34,step_10,no_load,0.0
15.421215,0.941023,shoulder_pan,0.0,0.2959,0.0,0.2637,2074,0,24,0,12.2,34,step_10,no_load,0.0
15.431794,0.951603,shoulder_pan,0.0,0.2959,0.0,0.2637,2074,0,24,0,12.3,34,step_10,no_load,0.0
15.442111,0.96192,shoulder_pan,0.0,0.2959,0.0,0.2637,2074,0,24,1,12.2,34,step_10,no_load,0.0
15.452491,0.972299,shoulder_pan,0.0,0.2959,0.0,0.2637,2074,0,24,0,12.2,34,step_10,no_load,0.0
15.463118,0.982926,shoulder_pan,0.0,0.2959,0.0,0.2637,2074,0,24,0,12.2,34,step_10,no_load,0.0
15.473285,0.993093,shoulder_pan,0.0,0.2959,0.0,0.2637,2074,0,24,0,12.2,34,step_10,no_load,0.0
15.48352,1.003328,shoulder_pan,0.0,0.2959,0.0,0.2637,2074,0,24,0,12.2,34,step_10,no_load,0.0
15.49368,1.013488,shoulder_pan,0.0,0.3945,0.0,0.3516,2075,0,28,0,12.2,34,step_10,no_load,8.652
15.50385,1.023658,shoulder_pan,0.0,0.3945,0.0,0.3516,2075,50,32,1,12.2,34,step_10,no_load,0.0
15.514012,1.03382,shoulder_pan,0.0,0.3945,0.0,0.3516,2075,50,32,1,12.2,34,step_10,no_load,0.0
15.524277,1.044085,shoulder_pan,0.0,0.3945,0.0,0.3516,2075,0,28,0,12.2,34,step_10,no_load,0.0
15.534504,1.054312,shoulder_pan,0.0,0.3945,0.0,0.3516,2075,0,28,0,12.2,34,step_10,no_load,0.0
15.544736,1.064544,shoulder_pan,0.0,0.4931,0.0,0.4395,2076,0,32,1,12.2,34,step_10,no_load,8.591
15.554973,1.074782,shoulder_pan,0.0,0.4931,0.0,0.4395,2076,0,36,1,12.2,34,step_10,no_load,0.0
15.565152,1.08496,shoulder_pan,0.0,0.4931,0.0,0.4395,2076,50,36,1,12.2,34,step_10,no_load,0.0
15.575333,1.095141,shoulder_pan,0.0,0.4931,0.0,0.4395,2076,50,40,1,12.2,34,step_10,no_load,0.0
15.585638,1.105446,shoulder_pan,0.0,0.5917,0.0,0.5273,2077,50,40,1,12.2,34,step_10,no_load,8.52
15.595889,1.115697,shoulder_pan,0.0,0.5917,0.0,0.5273,2077,50,36,0,12.2,34,step_10,no_load,0.0
15.606104,1.125912,shoulder_pan,0.0,0.5917,0.0,0.5273,2077,0,36,1,12.2,34,step_10,no_load,0.0
15.616492,1.1363,shoulder_pan,0.0,0.5917,0.0,0.5273,2077,0,36,1,12.2,34,step_10,no_load,0.0
15.626845,1.146653,shoulder_pan,0.0,0.5917,0.0,0.5273,2077,0,36,1,12.2,34,step_10,no_load,0.0
15.637157,1.156965,shoulder_pan,0.0,0.5917,0.0,0.5273,2077,0,36,0,12.2,34,step_10,no_load,0.0
15.647455,1.167263,shoulder_pan,0.0,0.5917,0.0,0.5273,2077,0,36,0,12.2,34,step_10,no_load,0.0
15.65765,1.177458,shoulder_pan,0.0,0.5917,0.0,0.5273,2077,0,36,0,12.2,34,step_10,no_load,0.0
15.668108,1.187916,shoulder_pan,0.0,0.5917,0.0,0.5273,2077,0,36,1,12.2,34,step_10,no_load,0.0
15.678302,1.19811,shoulder_pan,0.0,0.5917,0.0,0.5273,2077,0,36,0,12.2,34,step_10,no_load,0.0
15.689875,4e-06,shoulder_pan,10.0,0.5917,8.9121,0.5273,2077,0,36,1,12.2,34,step_10,no_load,0.0
15.700145,0.010274,shoulder_pan,10.0,0.5917,8.9121,0.5273,2077,0,32,0,12.2,34,step_10,no_load,0.0
15.711183,0.021312,shoulder_pan,10.0,0.5917,8.9121,0.5273,2077,0,0,0,12.2,34,step_10,no_load,0.0
15.722298,0.032427,shoulder_pan,10.0,0.5917,8.9121,0.5273,2077,0,1100,3,12.2,34,step_10,no_load,0.0
15.732515,0.042644,shoulder_pan,10.0,0.5917,8.9121,0.5273,2077,0,1144,7,12.2,33,step_10,no_load,0.0
15.743615,0.053743,shoulder_pan,10.0,0.6903,8.9121,0.6152,2078,50,1244,10,12.1,34,step_10,no_load,7.919
15.753753,0.063881,shoulder_pan,10.0,0.9862,8.9121,0.8789,2081,50,1292,16,12.2,34,step_10,no_load,26.011
15.764553,0.074681,shoulder_pan,10.0,1.4793,8.9121,1.3184,2086,300,1352,16,12.1,34,step_10,no_load,40.694
15.775167,0.085296,shoulder_pan,10.0,2.2682,8.9121,2.0215,2094,300,1324,8,12.2,34,step_10,no_load,66.243
15.785289,0.095418,shoulder_pan,10.0,3.0572,8.9121,2.7246,2102,700,1328,11,12.2,34,step_10,no_load,69.463
15.795975,0.106104,shoulder_pan,10.0,3.7475,8.9121,3.3398,2109,700,1280,6,12.2,34,step_10,no_load,57.571
15.80637,0.116499,shoulder_pan,10.0,4.2406,8.9121,3.7793,2114,650,1264,8,12.2,34,step_10,no_load,42.28
15.817185,0.127314,shoulder_pan,10.0,4.931,8.9121,4.3945,2121,550,1200,5,12.2,33,step_10,no_load,56.884
15.827804,0.137933,shoulder_pan,10.0,5.3254,8.9121,4.7461,2125,550,1188,5,12.2,34,step_10,no_load,33.11
15.837977,0.148105,shoulder_pan,10.0,5.8185,8.9121,5.1855,2130,550,1160,4,12.2,36,step_10,no_load,43.193
15.848388,0.158517,shoulder_pan,10.0,6.3116,8.9121,5.625,2135,450,1140,2,12.3,34,step_10,no_load,42.215
15.858643,0.168771,shoulder_pan,10.0,6.7061,8.9121,5.9766,2139,450,1128,2,12.2,44,step_10,no_load,34.286
15.869003,0.179132,shoulder_pan,10.0,7.1992,8.9121,6.416,2144,450,1108,0,12.2,34,step_10,no_load,42.413
15.879998,0.190127,shoulder_pan,10.0,7.7909,8.9121,6.9434,2150,500,1088,0,12.2,34,step_10,no_load,47.967
15.89113,0.201259,shoulder_pan,10.0,8.284,8.9121,7.3828,2155,500,1068,0,12.2,34,step_10,no_load,39.472
15.901364,0.211493,shoulder_pan,10.0,8.5799,8.9121,7.6465,2158,350,1060,0,12.1,34,step_10,no_load,25.767
15.911648,0.221777,shoulder_pan,10.0,8.7771,8.9121,7.8223,2160,350,1052,0,12.2,34,step_10,no_load,17.095
15.92243,0.232559,shoulder_pan,10.0,8.8757,8.9121,7.9102,2161,200,1064,0,12.2,34,step_10,no_load,8.152
15.933153,0.243282,shoulder_pan,10.0,9.073,8.9121,8.0859,2163,200,1056,0,12.2,34,step_10,no_load,16.385
15.943657,0.253786,shoulder_pan,10.0,9.1716,8.9121,8.1738,2164,100,1056,0,12.2,34,step_10,no_load,8.368
15.954389,0.264517,shoulder_pan,10.0,9.1716,8.9121,8.1738,2164,100,1064,0,12.2,34,step_10,no_load,0.0
15.965163,0.275292,shoulder_pan,10.0,9.1716,8.9121,8.1738,2164,50,1064,0,12.2,34,step_10,no_load,0.0
15.975584,0.285713,shoulder_pan,10.0,9.1716,8.9121,8.1738,2164,50,1068,1,12.2,34,step_10,no_load,0.0
15.986366,0.296495,shoulder_pan,10.0,9.073,8.9121,8.0859,2163,0,1072,0,12.2,34,step_10,no_load,-8.152
15.996718,0.306847,shoulder_pan,10.0,8.9744,8.9121,7.998,2162,0,1084,1,12.2,34,step_10,no_load,-8.491
16.00738,0.317509,shoulder_pan,10.0,8.8757,8.9121,7.9102,2161,-100,1088,1,12.2,34,step_10,no_load,-8.235
16.017655,0.327784,shoulder_pan,10.0,8.8757,8.9121,7.9102,2161,-100,1084,1,12.2,34,step_10,no_load,0.0
16.02788,0.338009,shoulder_pan,10.0,8.8757,8.9121,7.9102,2161,-50,1084,2,12.2,34,step_10,no_load,0.0
16.038217,0.348346,shoulder_pan,10.0,8.8757,8.9121,7.9102,2161,-50,1080,2,12.2,34,step_10,no_load,0.0
16.048532,0.358661,shoulder_pan,10.0,8.8757,8.9121,7.9102,2161,0,1080,1,12.2,34,step_10,no_load,0.0
16.058701,0.36883,shoulder_pan,10.0,8.8757,8.9121,7.9102,2161,0,1080,2,12.2,34,step_10,no_load,0.0
16.069243,0.379372,shoulder_pan,10.0,8.8757,8.9121,7.9102,2161,0,1080,2,12.2,34,step_10,no_load,0.0
16.079609,0.389738,shoulder_pan,10.0,8.8757,8.9121,7.9102,2161,0,1080,2,12.2,34,step_10,no_load,0.0
16.090362,0.40049,shoulder_pan,10.0,8.8757,8.9121,7.9102,2161,0,1080,1,12.2,34,step_10,no_load,0.0
16.10052,0.410649,shoulder_pan,10.0,8.9744,8.9121,7.998,2162,50,1072,1,12.2,34,step_10,no_load,8.643
16.110904,0.421033,shoulder_pan,10.0,8.9744,8.9121,7.998,2162,50,1072,1,12.2,34,step_10,no_load,0.0
16.121155,0.431284,shoulder_pan,10.0,8.9744,8.9121,7.998,2162,0,1076,1,12.2,34,step_10,no_load,0.0
16.131801,0.44193,shoulder_pan,10.0,8.9744,8.9121,7.998,2162,0,1076,0,12.2,34,step_10,no_load,0.0
16.142731,0.45286,shoulder_pan,10.0,8.9744,8.9121,7.998,2162,0,1076,2,12.2,34,step_10,no_load,0.0
16.152982,0.463111,shoulder_pan,10.0,8.9744,8.9121,7.998,2162,0,1076,1,12.2,34,step_10,no_load,0.0
16.163325,0.473454,shoulder_pan,10.0,8.9744,8.9121,7.998,2162,0,1076,1,12.2,34,step_10,no_load,0.0
16.173795,0.483924,shoulder_pan,10.0,8.9744,8.9121,7.998,2162,0,1076,1,12.2,34,step_10,no_load,0.0
16.184246,0.494375,shoulder_pan,10.0,8.9744,8.9121,7.998,2162,0,1076,1,12.2,34,step_10,no_load,0.0
16.194968,0.505097,shoulder_pan,10.0,8.9744,8.9121,7.998,2162,0,1076,2,12.2,34,step_10,no_load,0.0
16.205821,0.51595,shoulder_pan,10.0,8.9744,8.9121,7.998,2162,0,1076,1,12.2,34,step_10,no_load,0.0
16.216745,0.526874,shoulder_pan,10.0,8.9744,8.9121,7.998,2162,0,1076,1,12.2,34,step_10,no_load,0.0
16.227298,0.537427,shoulder_pan,10.0,8.9744,8.9121,7.998,2162,0,1076,2,12.2,34,step_10,no_load,0.0
16.237685,0.547814,shoulder_pan,10.0,8.9744,8.9121,7.998,2162,0,1076,1,12.2,34,step_10,no_load,0.0
16.248044,0.558173,shoulder_pan,10.0,8.9744,8.9121,7.998,2162,0,1076,1,12.2,34,step_10,no_load,0.0
16.258327,0.568456,shoulder_pan,10.0,8.9744,8.9121,7.998,2162,0,1076,1,12.2,34,step_10,no_load,0.0
16.268716,0.578844,shoulder_pan,10.0,8.9744,8.9121,7.998,2162,0,1076,1,12.2,34,step_10,no_load,0.0
16.279135,0.589264,shoulder_pan,10.0,8.9744,8.9121,7.998,2162,0,1076,1,12.2,34,step_10,no_load,0.0
16.289678,0.599807,shoulder_pan,10.0,8.9744,8.9121,7.998,2162,0,1076,1,12.2,34,step_10,no_load,0.0
16.300181,0.61031,shoulder_pan,10.0,8.9744,8.9121,7.998,2162,0,1076,1,12.2,34,step_10,no_load,0.0
16.310866,0.620995,shoulder_pan,10.0,8.9744,8.9121,7.998,2162,0,1076,1,12.2,34,step_10,no_load,0.0
16.321461,0.63159,shoulder_pan,10.0,8.9744,8.9121,7.998,2162,0,1076,1,12.2,34,step_10,no_load,0.0
16.332255,0.642384,shoulder_pan,10.0,8.9744,8.9121,7.998,2162,0,1076,1,12.2,34,step_10,no_load,0.0
16.343067,0.653196,shoulder_pan,10.0,8.9744,8.9121,7.998,2162,0,1076,1,12.2,34,step_10,no_load,0.0
16.353444,0.663573,shoulder_pan,10.0,8.9744,8.9121,7.998,2162,0,1076,1,12.2,34,step_10,no_load,0.0
16.363842,0.673971,shoulder_pan,10.0,8.9744,8.9121,7.998,2162,0,1076,2,12.2,34,step_10,no_load,0.0
16.374441,0.68457,shoulder_pan,10.0,8.9744,8.9121,7.998,2162,0,1076,1,12.2,34,step_10,no_load,0.0
16.385511,0.69564,shoulder_pan,10.0,8.9744,8.9121,7.998,2162,0,1076,1,12.2,34,step_10,no_load,0.0
16.396279,0.706408,shoulder_pan,10.0,8.9744,8.9121,7.998,2162,0,1076,1,12.2,34,step_10,no_load,0.0
16.406751,0.71688,shoulder_pan,10.0,8.9744,8.9121,7.998,2162,0,1076,1,12.2,34,step_10,no_load,0.0
16.416966,0.727095,shoulder_pan,10.0,8.9744,8.9121,7.998,2162,0,1076,1,12.2,34,step_10,no_load,0.0
16.427159,0.737288,shoulder_pan,10.0,8.9744,8.9121,7.998,2162,0,1076,1,12.2,34,step_10,no_load,0.0
16.437424,0.747553,shoulder_pan,10.0,8.9744,8.9121,7.998,2162,0,1076,2,12.2,34,step_10,no_load,0.0
16.448341,0.75847,shoulder_pan,10.0,8.9744,8.9121,7.998,2162,0,1076,1,12.2,34,step_10,no_load,0.0
16.458754,0.768883,shoulder_pan,10.0,8.9744,8.9121,7.998,2162,0,1076,1,12.2,34,step_10,no_load,0.0
16.468993,0.779122,shoulder_pan,10.0,8.9744,8.9121,7.998,2162,0,1076,2,12.2,34,step_10,no_load,0.0
16.479572,0.789701,shoulder_pan,10.0,8.9744,8.9121,7.998,2162,0,1076,1,12.2,34,step_10,no_load,0.0
16.490337,0.800466,shoulder_pan,10.0,8.9744,8.9121,7.998,2162,0,1076,1,12.2,34,step_10,no_load,0.0
16.500626,0.810755,shoulder_pan,10.0,8.9744,8.9121,7.998,2162,0,1076,1,12.2,34,step_10,no_load,0.0
16.511358,0.821487,shoulder_pan,10.0,8.9744,8.9121,7.998,2162,0,1076,1,12.2,34,step_10,no_load,0.0
16.521617,0.831745,shoulder_pan,10.0,8.9744,8.9121,7.998,2162,0,1076,1,12.2,34,step_10,no_load,0.0
16.531891,0.84202,shoulder_pan,10.0,8.9744,8.9121,7.998,2162,0,1076,1,12.2,34,step_10,no_load,0.0
16.542133,0.852262,shoulder_pan,10.0,8.9744,8.9121,7.998,2162,0,1076,1,12.2,34,step_10,no_load,0.0
16.552463,0.862592,shoulder_pan,10.0,8.9744,8.9121,7.998,2162,0,1076,1,12.2,34,step_10,no_load,0.0
16.563392,0.873521,shoulder_pan,10.0,8.9744,8.9121,7.998,2162,0,1076,1,12.2,34,step_10,no_load,0.0
16.573881,0.88401,shoulder_pan,10.0,8.9744,8.9121,7.998,2162,0,1076,1,12.2,34,step_10,no_load,0.0
16.584108,0.894236,shoulder_pan,10.0,8.9744,8.9121,7.998,2162,0,1076,1,12.2,34,step_10,no_load,0.0
16.595108,0.905237,shoulder_pan,10.0,8.9744,8.9121,7.998,2162,0,1076,1,12.2,34,step_10,no_load,0.0
16.605288,0.915417,shoulder_pan,10.0,8.9744,8.9121,7.998,2162,0,1076,2,12.2,34,step_10,no_load,0.0
16.616373,0.926502,shoulder_pan,10.0,8.9744,8.9121,7.998,2162,0,1076,1,12.2,34,step_10,no_load,0.0
16.627363,0.937492,shoulder_pan,10.0,8.9744,8.9121,7.998,2162,0,1076,1,12.2,34,step_10,no_load,0.0
16.637726,0.947855,shoulder_pan,10.0,8.9744,8.9121,7.998,2162,0,1076,1,12.2,34,step_10,no_load,0.0
16.648096,0.958225,shoulder_pan,10.0,8.9744,8.9121,7.998,2162,0,1076,1,12.2,33,step_10,no_load,0.0
16.658332,0.968461,shoulder_pan,10.0,8.9744,8.9121,7.998,2162,0,1076,1,12.2,34,step_10,no_load,0.0
16.668652,0.978781,shoulder_pan,10.0,8.9744,8.9121,7.998,2162,0,1076,1,12.2,34,step_10,no_load,0.0
16.679118,0.989247,shoulder_pan,10.0,8.9744,8.9121,7.998,2162,0,1076,1,12.2,34,step_10,no_load,0.0
16.6893,0.999428,shoulder_pan,10.0,8.9744,8.9121,7.998,2162,0,1076,1,12.2,34,step_10,no_load,0.0
16.70031,1.010439,shoulder_pan,10.0,8.9744,8.9121,7.998,2162,0,1076,1,12.2,33,step_10,no_load,0.0
16.71099,1.021118,shoulder_pan,10.0,8.9744,8.9121,7.998,2162,0,1076,2,12.2,34,step_10,no_load,0.0
16.7221,1.032229,shoulder_pan,10.0,8.9744,8.9121,7.998,2162,0,1076,2,12.2,34,step_10,no_load,0.0
16.732857,1.042986,shoulder_pan,10.0,8.9744,8.9121,7.998,2162,0,1076,1,12.2,34,step_10,no_load,0.0
16.743217,1.053346,shoulder_pan,10.0,8.9744,8.9121,7.998,2162,0,1076,2,12.2,34,step_10,no_load,0.0
16.754105,1.064234,shoulder_pan,10.0,8.9744,8.9121,7.998,2162,0,1076,1,12.2,34,step_10,no_load,0.0
16.764624,1.074753,shoulder_pan,10.0,8.9744,8.9121,7.998,2162,0,1076,2,12.2,34,step_10,no_load,0.0
16.775016,1.085144,shoulder_pan,10.0,8.9744,8.9121,7.998,2162,0,1076,1,12.2,34,step_10,no_load,0.0
16.785264,1.095393,shoulder_pan,10.0,8.9744,8.9121,7.998,2162,0,1076,1,12.2,34,step_10,no_load,0.0
16.795454,1.105583,shoulder_pan,10.0,8.9744,8.9121,7.998,2162,0,1076,1,12.2,34,step_10,no_load,0.0
16.806364,1.116493,shoulder_pan,10.0,8.9744,8.9121,7.998,2162,0,1076,1,12.2,34,step_10,no_load,0.0
16.817803,1.127932,shoulder_pan,10.0,8.9744,8.9121,7.998,2162,0,1076,2,12.2,34,step_10,no_load,0.0
16.82816,1.138289,shoulder_pan,10.0,8.9744,8.9121,7.998,2162,0,1076,1,12.2,34,step_10,no_load,0.0
16.838613,1.148742,shoulder_pan,10.0,8.9744,8.9121,7.998,2162,0,1076,1,12.2,34,step_10,no_load,0.0
16.848866,1.158995,shoulder_pan,10.0,8.9744,8.9121,7.998,2162,0,1076,2,12.2,34,step_10,no_load,0.0
16.859582,1.169711,shoulder_pan,10.0,8.9744,8.9121,7.998,2162,0,1076,1,12.2,34,step_10,no_load,0.0
16.870082,1.180211,shoulder_pan,10.0,8.9744,8.9121,7.998,2162,0,1076,1,12.2,34,step_10,no_load,0.0
16.880816,1.190945,shoulder_pan,10.0,8.9744,8.9121,7.998,2162,0,1076,1,12.2,34,step_10,no_load,0.0
16.891614,3e-06,shoulder_pan,0.0,8.9744,0.0,7.998,2162,0,1076,1,12.2,34,step_10,no_load,0.0
16.901756,0.010145,shoulder_pan,0.0,8.9744,0.0,7.998,2162,0,1068,1,12.2,34,step_10,no_load,0.0
16.911883,0.020272,shoulder_pan,0.0,8.9744,0.0,7.998,2162,0,28,0,12.2,34,step_10,no_load,0.0
16.922144,0.030533,shoulder_pan,0.0,8.9744,0.0,7.998,2162,0,52,1,12.2,34,step_10,no_load,0.0
16.932402,0.04079,shoulder_pan,0.0,8.8757,0.0,7.9102,2161,0,112,4,12.2,34,step_10,no_load,-8.559
16.942658,0.051047,shoulder_pan,0.0,8.7771,0.0,7.8223,2160,-50,152,6,12.2,34,step_10,no_load,-8.571
16.952869,0.061258,shoulder_pan,0.0,8.5799,0.0,7.6465,2158,-50,248,16,12.2,34,step_10,no_load,-17.217
16.963215,0.071604,shoulder_pan,0.0,8.3826,0.0,7.4707,2156,-150,308,13,12.2,34,step_10,no_load,-16.992
16.973473,0.081861,shoulder_pan,0.0,7.9882,0.0,7.1191,2152,-150,344,14,12.2,34,step_10,no_load,-34.276
16.984139,0.092528,shoulder_pan,0.0,7.2978,0.0,6.5039,2145,-350,352,11,12.2,34,step_10,no_load,-57.679
16.994788,0.103177,shoulder_pan,0.0,6.213,0.0,5.5371,2134,-350,252,0,12.2,34,step_10,no_load,-90.788
17.00496,0.113348,shoulder_pan,0.0,5.3254,0.0,4.7461,2125,-950,228,0,12.2,34,step_10,no_load,-77.762
17.015356,0.123745,shoulder_pan,0.0,4.5365,0.0,4.043,2117,-800,140,0,12.2,34,step_10,no_load,-67.632
17.025908,0.134297,shoulder_pan,0.0,3.8462,0.0,3.4277,2110,-800,116,0,12.2,34,step_10,no_load,-58.311
17.036356,0.144745,shoulder_pan,0.0,3.3531,0.0,2.9883,2105,-550,96,0,12.2,34,step_10,no_load,-42.056
17.046574,0.154963,shoulder_pan,0.0,2.86,0.0,2.5488,2100,-550,76,0,12.2,34,step_10,no_load,-43.012
17.057179,0.165567,shoulder_pan,0.0,2.2682,0.0,2.0215,2094,-550,60,0,12.2,34,step_10,no_load,-49.722
17.067373,0.175761,shoulder_pan,0.0,1.6765,0.0,1.4941,2088,-550,40,0,12.2,34,step_10,no_load,-51.736
17.077935,0.186324,shoulder_pan,0.0,1.4793,0.0,1.3184,2086,-400,28,0,12.2,34,step_10,no_load,-16.635
17.088073,0.196461,shoulder_pan,0.0,1.2821,0.0,1.1426,2084,-400,24,0,12.2,34,step_10,no_load,-17.341
17.098348,0.206736,shoulder_pan,0.0,1.1834,0.0,1.0547,2083,-150,40,0,12.2,34,step_10,no_load,-8.555
17.108528,0.216916,shoulder_pan,0.0,0.9862,0.0,0.8789,2081,-150,36,0,12.2,34,step_10,no_load,-17.269
17.118651,0.227039,shoulder_pan,0.0,0.6903,0.0,0.6152,2078,-200,28,0,12.2,34,step_10,no_load,-26.05
17.129217,0.237606,shoulder_pan,0.0,0.4931,0.0,0.4395,2076,-200,20,0,12.2,34,step_10,no_load,-16.629
17.139972,0.248361,shoulder_pan,0.0,0.2959,0.0,0.2637,2074,-200,1048,0,12.2,34,step_10,no_load,-16.346
17.150377,0.258765,shoulder_pan,0.0,0.1972,0.0,0.1758,2073,-200,1048,1,12.2,34,step_10,no_load,-8.448
17.160952,0.26934,shoulder_pan,0.0,0.1972,0.0,0.1758,2073,-100,1048,1,12.2,34,step_10,no_load,0.0
17.171194,0.279582,shoulder_pan,0.0,0.0986,0.0,0.0879,2072,-100,1044,1,12.2,34,step_10,no_load,-8.582
17.181619,0.290008,shoulder_pan,0.0,0.0986,0.0,0.0879,2072,-50,1044,0,12.2,34,step_10,no_load,0.0
17.192563,0.300951,shoulder_pan,0.0,0.0986,0.0,0.0879,2072,-50,0,0,12.2,34,step_10,no_load,0.0
17.203366,0.311754,shoulder_pan,0.0,0.0986,0.0,0.0879,2072,0,0,0,12.2,34,step_10,no_load,0.0
17.214175,0.322563,shoulder_pan,0.0,0.0986,0.0,0.0879,2072,0,0,0,12.2,34,step_10,no_load,0.0
17.224985,0.333373,shoulder_pan,0.0,0.0986,0.0,0.0879,2072,0,0,0,12.2,34,step_10,no_load,0.0
17.235268,0.343656,shoulder_pan,0.0,0.1972,0.0,0.1758,2073,50,20,0,12.2,34,step_10,no_load,8.548
17.245943,0.354332,shoulder_pan,0.0,0.1972,0.0,0.1758,2073,50,20,0,12.2,34,step_10,no_load,0.0
17.256364,0.364752,shoulder_pan,0.0,0.1972,0.0,0.1758,2073,0,24,1,12.2,34,step_10,no_load,0.0
17.26662,0.375008,shoulder_pan,0.0,0.1972,0.0,0.1758,2073,0,24,1,12.3,34,step_10,no_load,0.0
17.277287,0.385676,shoulder_pan,0.0,0.1972,0.0,0.1758,2073,0,20,0,12.2,34,step_10,no_load,0.0
17.287807,0.396195,shoulder_pan,0.0,0.1972,0.0,0.1758,2073,0,20,0,12.2,34,step_10,no_load,0.0
17.298159,0.406547,shoulder_pan,0.0,0.1972,0.0,0.1758,2073,0,20,0,12.2,34,step_10,no_load,0.0
17.308717,0.417106,shoulder_pan,0.0,0.1972,0.0,0.1758,2073,0,20,0,12.2,34,step_10,no_load,0.0
17.319219,0.427607,shoulder_pan,0.0,0.1972,0.0,0.1758,2073,0,20,0,12.2,34,step_10,no_load,0.0
17.329479,0.437868,shoulder_pan,0.0,0.1972,0.0,0.1758,2073,0,20,0,12.2,34,step_10,no_load,0.0
17.339736,0.448124,shoulder_pan,0.0,0.1972,0.0,0.1758,2073,0,20,0,12.2,34,step_10,no_load,0.0
17.350341,0.458729,shoulder_pan,0.0,0.1972,0.0,0.1758,2073,0,20,0,12.2,34,step_10,no_load,0.0
17.360726,0.469114,shoulder_pan,0.0,0.1972,0.0,0.1758,2073,0,20,0,12.2,34,step_10,no_load,0.0
17.370873,0.479261,shoulder_pan,0.0,0.0986,0.0,0.0879,2072,0,1044,0,12.2,34,step_10,no_load,-8.663
17.381104,0.489492,shoulder_pan,0.0,0.0986,0.0,0.0879,2072,-50,1044,0,12.2,34,step_10,no_load,0.0
17.39142,0.499808,shoulder_pan,0.0,0.0986,0.0,0.0879,2072,-50,0,0,12.2,34,step_10,no_load,0.0
17.401734,0.510122,shoulder_pan,0.0,0.0986,0.0,0.0879,2072,0,0,0,12.2,34,step_10,no_load,0.0
17.412491,0.52088,shoulder_pan,0.0,0.0986,0.0,0.0879,2072,0,0,0,12.2,34,step_10,no_load,0.0
17.423173,0.531561,shoulder_pan,0.0,0.0986,0.0,0.0879,2072,0,0,0,12.2,34,step_10,no_load,0.0
17.434179,0.542568,shoulder_pan,0.0,0.0986,0.0,0.0879,2072,0,0,0,12.2,34,step_10,no_load,0.0
17.445051,0.553439,shoulder_pan,0.0,0.0986,0.0,0.0879,2072,0,0,0,12.2,34,step_10,no_load,0.0
17.455273,0.563661,shoulder_pan,0.0,0.0986,0.0,0.0879,2072,0,0,0,12.2,34,step_10,no_load,0.0
17.465965,0.574353,shoulder_pan,0.0,0.0986,0.0,0.0879,2072,0,0,0,12.2,34,step_10,no_load,0.0
17.476538,0.584926,shoulder_pan,0.0,0.0986,0.0,0.0879,2072,0,0,0,12.2,34,step_10,no_load,0.0
17.487428,0.595817,shoulder_pan,0.0,0.0986,0.0,0.0879,2072,0,0,0,12.2,34,step_10,no_load,0.0
17.497674,0.606063,shoulder_pan,0.0,0.0986,0.0,0.0879,2072,0,0,0,12.2,34,step_10,no_load,0.0
17.507845,0.616233,shoulder_pan,0.0,0.0986,0.0,0.0879,2072,0,0,0,12.2,34,step_10,no_load,0.0
17.518298,0.626687,shoulder_pan,0.0,0.0986,0.0,0.0879,2072,0,0,0,12.2,34,step_10,no_load,0.0
17.528565,0.636953,shoulder_pan,0.0,0.0986,0.0,0.0879,2072,0,0,0,12.2,34,step_10,no_load,0.0
17.538811,0.647199,shoulder_pan,0.0,0.0986,0.0,0.0879,2072,0,0,0,12.2,34,step_10,no_load,0.0
17.549188,0.657577,shoulder_pan,0.0,0.0986,0.0,0.0879,2072,0,0,0,12.2,34,step_10,no_load,0.0
17.560138,0.668526,shoulder_pan,0.0,0.0986,0.0,0.0879,2072,0,0,0,12.2,34,step_10,no_load,0.0
17.57066,0.679049,shoulder_pan,0.0,0.0986,0.0,0.0879,2072,0,0,0,12.2,34,step_10,no_load,0.0
17.581355,0.689744,shoulder_pan,0.0,0.0986,0.0,0.0879,2072,0,0,0,12.2,34,step_10,no_load,0.0
17.591711,0.700099,shoulder_pan,0.0,0.0986,0.0,0.0879,2072,0,0,0,12.2,34,step_10,no_load,0.0
17.602284,0.710672,shoulder_pan,0.0,0.0986,0.0,0.0879,2072,0,0,0,12.2,34,step_10,no_load,0.0
17.612457,0.720846,shoulder_pan,0.0,0.0986,0.0,0.0879,2072,0,0,0,12.2,34,step_10,no_load,0.0
17.62272,0.731108,shoulder_pan,0.0,0.0986,0.0,0.0879,2072,0,0,0,12.2,34,step_10,no_load,0.0
17.633179,0.741568,shoulder_pan,0.0,0.0986,0.0,0.0879,2072,0,0,0,12.2,34,step_10,no_load,0.0
17.643436,0.751824,shoulder_pan,0.0,0.0986,0.0,0.0879,2072,0,0,0,12.2,33,step_10,no_load,0.0
17.653702,0.76209,shoulder_pan,0.0,0.0986,0.0,0.0879,2072,0,0,0,12.2,34,step_10,no_load,0.0
17.663978,0.772366,shoulder_pan,0.0,0.0986,0.0,0.0879,2072,0,0,0,12.2,34,step_10,no_load,0.0
17.674229,0.782617,shoulder_pan,0.0,0.0986,0.0,0.0879,2072,0,0,0,12.2,34,step_10,no_load,0.0
17.684579,0.792967,shoulder_pan,0.0,0.0986,0.0,0.0879,2072,0,0,0,12.2,34,step_10,no_load,0.0
17.694938,0.803327,shoulder_pan,0.0,0.0986,0.0,0.0879,2072,0,0,0,12.2,33,step_10,no_load,0.0
17.706145,0.814533,shoulder_pan,0.0,0.0986,0.0,0.0879,2072,0,0,0,12.2,34,step_10,no_load,0.0
17.716282,0.82467,shoulder_pan,0.0,0.0986,0.0,0.0879,2072,0,0,0,12.2,34,step_10,no_load,0.0
17.726474,0.834862,shoulder_pan,0.0,0.0986,0.0,0.0879,2072,0,0,0,12.2,34,step_10,no_load,0.0
17.736583,0.844972,shoulder_pan,0.0,0.0986,0.0,0.0879,2072,0,0,0,12.2,34,step_10,no_load,0.0
17.746711,0.855099,shoulder_pan,0.0,0.0986,0.0,0.0879,2072,0,0,0,12.2,34,step_10,no_load,0.0
17.757055,0.865443,shoulder_pan,0.0,0.0986,0.0,0.0879,2072,0,0,0,12.2,34,step_10,no_load,0.0
17.767731,0.87612,shoulder_pan,0.0,0.0986,0.0,0.0879,2072,0,0,0,12.2,33,step_10,no_load,0.0
17.777964,0.886352,shoulder_pan,0.0,0.0986,0.0,0.0879,2072,0,0,0,12.2,34,step_10,no_load,0.0
17.788508,0.896896,shoulder_pan,0.0,0.0986,0.0,0.0879,2072,0,0,0,12.2,34,step_10,no_load,0.0
17.798885,0.907273,shoulder_pan,0.0,0.0986,0.0,0.0879,2072,0,0,0,12.2,34,step_10,no_load,0.0
17.809407,0.917795,shoulder_pan,0.0,0.1972,0.0,0.1758,2073,0,24,0,12.2,34,step_10,no_load,8.354
17.820646,0.929034,shoulder_pan,0.0,0.1972,0.0,0.1758,2073,50,24,0,12.2,34,step_10,no_load,0.0
17.831384,0.939772,shoulder_pan,0.0,0.1972,0.0,0.1758,2073,50,20,0,12.2,34,step_10,no_load,0.0
17.841581,0.94997,shoulder_pan,0.0,0.1972,0.0,0.1758,2073,0,20,0,12.2,34,step_10,no_load,0.0
17.852147,0.960536,shoulder_pan,0.0,0.1972,0.0,0.1758,2073,0,20,0,12.2,34,step_10,no_load,0.0
17.862362,0.97075,shoulder_pan,0.0,0.1972,0.0,0.1758,2073,0,20,0,12.2,34,step_10,no_load,0.0
17.872806,0.981194,shoulder_pan,0.0,0.1972,0.0,0.1758,2073,0,20,0,12.2,34,step_10,no_load,0.0
17.882949,0.991337,shoulder_pan,0.0,0.1972,0.0,0.1758,2073,0,20,0,12.2,34,step_10,no_load,0.0
17.894099,1.002488,shoulder_pan,0.0,0.2959,0.0,0.2637,2074,50,28,0,12.2,34,step_10,no_load,7.883
17.904541,1.012929,shoulder_pan,0.0,0.2959,0.0,0.2637,2074,50,28,0,12.2,34,step_10,no_load,0.0
17.915316,1.023704,shoulder_pan,0.0,0.3945,0.0,0.3516,2075,50,32,1,12.2,34,step_10,no_load,8.158
17.926249,1.034638,shoulder_pan,0.0,0.3945,0.0,0.3516,2075,50,32,0,12.2,34,step_10,no_load,0.0
17.937259,1.045647,shoulder_pan,0.0,0.4931,0.0,0.4395,2076,50,32,1,12.2,34,step_10,no_load,7.984
17.94745,1.055838,shoulder_pan,0.0,0.4931,0.0,0.4395,2076,50,36,1,12.2,34,step_10,no_load,0.0
17.958103,1.066491,shoulder_pan,0.0,0.5917,0.0,0.5273,2077,50,44,1,12.2,34,step_10,no_load,8.242
17.968818,1.077206,shoulder_pan,0.0,0.6903,0.0,0.6152,2078,50,44,1,12.2,34,step_10,no_load,8.203
17.978932,1.08732,shoulder_pan,0.0,0.6903,0.0,0.6152,2078,50,44,1,12.2,34,step_10,no_load,0.0
17.989056,1.097445,shoulder_pan,0.0,0.789,0.0,0.7031,2079,50,48,1,12.2,34,step_10,no_load,8.682
18.000094,1.108482,shoulder_pan,0.0,0.789,0.0,0.7031,2079,50,48,1,12.2,34,step_10,no_load,0.0
18.010533,1.118921,shoulder_pan,0.0,0.789,0.0,0.7031,2079,50,44,1,12.2,34,step_10,no_load,0.0
18.020907,1.129296,shoulder_pan,0.0,0.8876,0.0,0.791,2080,0,48,1,12.2,34,step_10,no_load,8.473
18.031313,1.139701,shoulder_pan,0.0,0.8876,0.0,0.791,2080,0,52,1,12.2,34,step_10,no_load,0.0
18.041515,1.149904,shoulder_pan,0.0,0.8876,0.0,0.791,2080,50,52,2,12.2,34,step_10,no_load,0.0
18.051828,1.160216,shoulder_pan,0.0,0.8876,0.0,0.791,2080,50,48,1,12.2,34,step_10,no_load,0.0
18.062216,1.170604,shoulder_pan,0.0,0.8876,0.0,0.791,2080,0,48,1,12.2,34,step_10,no_load,0.0
18.07343,1.181818,shoulder_pan,0.0,0.8876,0.0,0.791,2080,0,48,1,12.2,34,step_10,no_load,0.0
18.083733,1.192122,shoulder_pan,0.0,0.8876,0.0,0.791,2080,0,48,2,12.2,34,step_10,no_load,0.0
18.094989,4e-06,shoulder_pan,10.0,0.8876,8.9121,0.791,2080,0,48,1,12.2,34,step_10,no_load,0.0
18.105272,0.010287,shoulder_pan,10.0,0.8876,8.9121,0.791,2080,0,40,0,12.2,34,step_10,no_load,0.0
18.115742,0.020758,shoulder_pan,10.0,0.8876,8.9121,0.791,2080,0,1048,0,12.2,34,step_10,no_load,0.0
18.126557,0.031573,shoulder_pan,10.0,0.8876,8.9121,0.791,2080,0,1100,3,12.2,59,step_10,no_load,0.0
18.136959,0.041975,shoulder_pan,10.0,0.8876,8.9121,0.791,2080,0,1144,3,12.3,34,step_10,no_load,0.0
18.147668,0.052683,shoulder_pan,10.0,0.8876,8.9121,0.791,2080,0,1256,14,12.2,34,step_10,no_load,0.0
18.157987,0.063003,shoulder_pan,10.0,0.8876,8.9121,0.791,2080,0,1316,18,12.2,34,step_10,no_load,0.0
18.168229,0.073245,shoulder_pan,10.0,1.1834,8.9121,1.0547,2083,0,1368,19,12.2,34,step_10,no_load,25.747
18.178551,0.083567,shoulder_pan,10.0,1.7751,8.9121,1.582,2089,250,1392,20,12.2,34,step_10,no_load,51.085
18.189123,0.094138,shoulder_pan,10.0,2.4655,8.9121,2.1973,2096,250,1332,8,12.2,34,step_10,no_load,58.201
18.199383,0.104398,shoulder_pan,10.0,3.1558,8.9121,2.8125,2103,700,1332,12,12.2,34,step_10,no_load,59.961
18.209507,0.114523,shoulder_pan,10.0,3.8462,8.9121,3.4277,2110,700,1268,7,12.2,34,step_10,no_load,60.766
18.220129,0.125144,shoulder_pan,10.0,4.5365,8.9121,4.043,2117,650,1244,6,12.2,34,step_10,no_load,57.927
18.230376,0.135391,shoulder_pan,10.0,5.1282,8.9121,4.5703,2123,650,1180,3,12.2,34,step_10,no_load,51.459
18.240606,0.145621,shoulder_pan,10.0,5.7199,8.9121,5.0977,2129,650,1156,1,12.2,34,step_10,no_load,51.554
18.250783,0.155798,shoulder_pan,10.0,6.3116,8.9121,5.625,2135,650,1132,0,12.2,34,step_10,no_load,51.813
18.261144,0.16616,shoulder_pan,10.0,7.1006,8.9121,6.3281,2143,550,1100,0,12.2,33,step_10,no_load,67.86
18.271896,0.176912,shoulder_pan,10.0,7.7909,8.9121,6.9434,2150,750,1060,0,12.2,34,step_10,no_load,57.227
18.282204,0.187219,shoulder_pan,10.0,8.1854,8.9121,7.2949,2154,750,1048,0,12.2,34,step_10,no_load,34.1
18.292506,0.197522,shoulder_pan,10.0,8.3826,8.9121,7.4707,2156,250,1076,0,12.2,34,step_10,no_load,17.065
18.303179,0.208194,shoulder_pan,10.0,8.4813,8.9121,7.5586,2157,250,1072,0,12.2,34,step_10,no_load,8.236
18.313478,0.218494,shoulder_pan,10.0,8.5799,8.9121,7.6465,2158,100,1080,0,12.2,33,step_10,no_load,8.535
18.323815,0.228831,shoulder_pan,10.0,8.7771,8.9121,7.8223,2160,100,1068,0,12.2,34,step_10,no_load,17.007
18.334127,0.239143,shoulder_pan,10.0,8.9744,8.9121,7.998,2162,200,1064,0,12.2,34,step_10,no_load,17.038
18.344501,0.249517,shoulder_pan,10.0,9.1716,8.9121,8.1738,2164,200,1056,0,12.2,34,step_10,no_load,16.946
18.354978,0.259994,shoulder_pan,10.0,9.2702,8.9121,8.2617,2165,100,1052,0,12.2,34,step_10,no_load,8.39
18.365259,0.270275,shoulder_pan,10.0,9.2702,8.9121,8.2617,2165,100,1052,0,12.2,34,step_10,no_load,0.0
18.375855,0.28087,shoulder_pan,10.0,9.3688,8.9121,8.3496,2166,100,1052,0,12.2,34,step_10,no_load,8.296
18.386318,0.291334,shoulder_pan,10.0,9.3688,8.9121,8.3496,2166,100,1060,0,12.2,34,step_10,no_load,0.0
18.396622,0.301637,shoulder_pan,10.0,9.3688,8.9121,8.3496,2166,0,1060,1,12.2,34,step_10,no_load,0.0
18.407149,0.312164,shoulder_pan,10.0,9.2702,8.9121,8.2617,2165,0,1072,1,12.2,34,step_10,no_load,-8.35
18.417491,0.322507,shoulder_pan,10.0,9.073,8.9121,8.0859,2163,-100,1076,1,12.2,34,step_10,no_load,-16.999
18.427771,0.332786,shoulder_pan,10.0,8.9744,8.9121,7.998,2162,-100,1088,1,12.2,34,step_10,no_load,-8.551
18.438068,0.343083,shoulder_pan,10.0,8.8757,8.9121,7.9102,2161,-150,1092,1,12.2,34,step_10,no_load,-8.527
18.448614,0.353629,shoulder_pan,10.0,8.8757,8.9121,7.9102,2161,-150,1084,0,12.2,34,step_10,no_load,0.0
18.459014,0.364029,shoulder_pan,10.0,8.8757,8.9121,7.9102,2161,0,1084,1,12.2,34,step_10,no_load,0.0
18.469658,0.374673,shoulder_pan,10.0,8.9744,8.9121,7.998,2162,0,1072,1,12.2,34,step_10,no_load,8.249
18.480295,0.38531,shoulder_pan,10.0,8.9744,8.9121,7.998,2162,50,1072,1,12.2,34,step_10,no_load,0.0
18.490597,0.395612,shoulder_pan,10.0,8.9744,8.9121,7.998,2162,0,1076,1,12.2,34,step_10,no_load,0.0
18.501259,0.406274,shoulder_pan,10.0,8.9744,8.9121,7.998,2162,0,1076,1,12.2,34,step_10,no_load,0.0
18.512249,0.417265,shoulder_pan,10.0,8.9744,8.9121,7.998,2162,0,1076,1,12.2,34,step_10,no_load,0.0
18.522843,0.427858,shoulder_pan,10.0,8.9744,8.9121,7.998,2162,0,1076,1,12.2,34,step_10,no_load,0.0
18.53306,0.438075,shoulder_pan,10.0,8.9744,8.9121,7.998,2162,0,1076,2,12.2,34,step_10,no_load,0.0
18.543731,0.448747,shoulder_pan,10.0,8.9744,8.9121,7.998,2162,0,1072,1,12.2,34,step_10,no_load,0.0
18.554423,0.459439,shoulder_pan,10.0,9.073,8.9121,8.0859,2163,50,1068,1,12.2,34,step_10,no_load,8.221
18.565607,0.470622,shoulder_pan,10.0,9.073,8.9121,8.0859,2163,50,1072,2,12.2,34,step_10,no_load,0.0
18.576209,0.481224,shoulder_pan,10.0,9.1716,8.9121,8.1738,2164,0,1068,0,12.2,34,step_10,no_load,8.291
18.586602,0.491617,shoulder_pan,10.0,9.1716,8.9121,8.1738,2164,0,1064,0,12.2,34,step_10,no_load,0.0
18.598701,0.503716,shoulder_pan,10.0,9.2702,8.9121,8.2617,2165,100,1060,0,12.2,34,step_10,no_load,7.265
18.609296,0.514312,shoulder_pan,10.0,9.2702,8.9121,8.2617,2165,100,1056,1,12.2,34,step_10,no_load,0.0
18.619854,0.524869,shoulder_pan,10.0,9.3688,8.9121,8.3496,2166,50,1056,0,12.2,34,step_10,no_load,8.325
18.63072,0.535735,shoulder_pan,10.0,9.4675,8.9121,8.4375,2167,50,1048,0,12.2,34,step_10,no_load,8.089
18.641873,0.546889,shoulder_pan,10.0,9.4675,8.9121,8.4375,2167,50,1048,0,12.2,34,step_10,no_load,0.0
18.652439,0.557455,shoulder_pan,10.0,9.4675,8.9121,8.4375,2167,0,1056,0,12.2,34,step_10,no_load,0.0
18.663018,0.568033,shoulder_pan,10.0,9.4675,8.9121,8.4375,2167,0,1056,1,12.2,34,step_10,no_load,0.0
18.673735,0.57875,shoulder_pan,10.0,9.4675,8.9121,8.4375,2167,0,1056,0,12.2,34,step_10,no_load,0.0
18.684293,0.589309,shoulder_pan,10.0,9.4675,8.9121,8.4375,2167,0,1056,0,12.2,34,step_10,no_load,0.0
18.694928,0.599944,shoulder_pan,10.0,9.4675,8.9121,8.4375,2167,0,1056,1,12.2,34,step_10,no_load,0.0
18.705533,0.610548,shoulder_pan,10.0,9.4675,8.9121,8.4375,2167,0,1056,1,12.2,34,step_10,no_load,0.0
18.716138,0.621154,shoulder_pan,10.0,9.4675,8.9121,8.4375,2167,0,1056,1,12.2,34,step_10,no_load,0.0
18.726487,0.631503,shoulder_pan,10.0,9.4675,8.9121,8.4375,2167,0,1056,0,12.2,34,step_10,no_load,0.0
18.73672,0.641735,shoulder_pan,10.0,9.4675,8.9121,8.4375,2167,0,1056,0,12.2,34,step_10,no_load,0.0
18.746986,0.652001,shoulder_pan,10.0,9.4675,8.9121,8.4375,2167,0,1056,0,12.2,34,step_10,no_load,0.0
18.757179,0.662194,shoulder_pan,10.0,9.4675,8.9121,8.4375,2167,0,1056,0,12.2,34,step_10,no_load,0.0
18.767482,0.672498,shoulder_pan,10.0,9.4675,8.9121,8.4375,2167,0,1056,0,12.2,34,step_10,no_load,0.0
18.777676,0.682691,shoulder_pan,10.0,9.4675,8.9121,8.4375,2167,0,1056,1,12.2,34,step_10,no_load,0.0
18.788149,0.693164,shoulder_pan,10.0,9.4675,8.9121,8.4375,2167,0,1056,1,12.2,34,step_10,no_load,0.0
18.798688,0.703704,shoulder_pan,10.0,9.4675,8.9121,8.4375,2167,0,1056,0,12.2,34,step_10,no_load,0.0
18.80891,0.713926,shoulder_pan,10.0,9.4675,8.9121,8.4375,2167,0,1056,0,12.2,34,step_10,no_load,0.0
18.819306,0.724322,shoulder_pan,10.0,9.4675,8.9121,8.4375,2167,0,1056,1,12.2,34,step_10,no_load,0.0
18.829915,0.73493,shoulder_pan,10.0,9.4675,8.9121,8.4375,2167,0,1056,1,12.2,34,step_10,no_load,0.0
18.840237,0.745252,shoulder_pan,10.0,9.4675,8.9121,8.4375,2167,0,1056,0,12.2,34,step_10,no_load,0.0
18.850358,0.755374,shoulder_pan,10.0,9.4675,8.9121,8.4375,2167,0,1056,0,12.2,34,step_10,no_load,0.0
18.86094,0.765955,shoulder_pan,10.0,9.4675,8.9121,8.4375,2167,0,1056,0,12.2,33,step_10,no_load,0.0
18.871553,0.776568,shoulder_pan,10.0,9.4675,8.9121,8.4375,2167,0,1056,1,12.2,34,step_10,no_load,0.0
18.881831,0.786847,shoulder_pan,10.0,9.4675,8.9121,8.4375,2167,0,1056,1,12.2,34,step_10,no_load,0.0
18.892086,0.797101,shoulder_pan,10.0,9.4675,8.9121,8.4375,2167,0,1056,1,12.2,34,step_10,no_load,0.0
18.902338,0.807353,shoulder_pan,10.0,9.4675,8.9121,8.4375,2167,0,1056,1,12.2,34,step_10,no_load,0.0
18.912514,0.81753,shoulder_pan,10.0,9.4675,8.9121,8.4375,2167,0,1056,1,12.2,34,step_10,no_load,0.0
18.922963,0.827978,shoulder_pan,10.0,9.4675,8.9121,8.4375,2167,0,1056,0,12.2,34,step_10,no_load,0.0
18.933268,0.838284,shoulder_pan,10.0,9.4675,8.9121,8.4375,2167,0,1056,1,12.2,34,step_10,no_load,0.0
18.94353,0.848546,shoulder_pan,10.0,9.4675,8.9121,8.4375,2167,0,1056,1,12.2,34,step_10,no_load,0.0
18.953805,0.85882,shoulder_pan,10.0,9.4675,8.9121,8.4375,2167,0,1056,0,12.2,34,step_10,no_load,0.0
18.964059,0.869075,shoulder_pan,10.0,9.4675,8.9121,8.4375,2167,0,1056,0,12.2,34,step_10,no_load,0.0
18.974312,0.879328,shoulder_pan,10.0,9.4675,8.9121,8.4375,2167,0,1056,0,12.2,34,step_10,no_load,0.0
18.984981,0.889996,shoulder_pan,10.0,9.4675,8.9121,8.4375,2167,0,1056,0,12.2,34,step_10,no_load,0.0
18.99586,0.900875,shoulder_pan,10.0,9.4675,8.9121,8.4375,2167,0,1056,1,12.2,34,step_10,no_load,0.0
19.006288,0.911304,shoulder_pan,10.0,9.4675,8.9121,8.4375,2167,0,1056,1,12.2,34,step_10,no_load,0.0
19.016962,0.921978,shoulder_pan,10.0,9.4675,8.9121,8.4375,2167,0,1056,0,12.2,34,step_10,no_load,0.0
19.027416,0.932432,shoulder_pan,10.0,9.4675,8.9121,8.4375,2167,0,1056,1,12.2,34,step_10,no_load,0.0
19.037923,0.942939,shoulder_pan,10.0,9.4675,8.9121,8.4375,2167,0,1056,1,12.2,34,step_10,no_load,0.0
19.04852,0.953535,shoulder_pan,10.0,9.4675,8.9121,8.4375,2167,0,1056,0,12.2,34,step_10,no_load,0.0
19.059376,0.964391,shoulder_pan,10.0,9.4675,8.9121,8.4375,2167,0,1056,1,12.2,34,step_10,no_load,0.0
19.06995,0.974965,shoulder_pan,10.0,9.4675,8.9121,8.4375,2167,0,1056,0,12.2,34,step_10,no_load,0.0
19.080165,0.98518,shoulder_pan,10.0,9.4675,8.9121,8.4375,2167,0,1056,0,12.2,34,step_10,no_load,0.0
19.091419,0.996434,shoulder_pan,10.0,9.4675,8.9121,8.4375,2167,0,1056,1,12.2,34,step_10,no_load,0.0
19.101708,1.006723,shoulder_pan,10.0,9.4675,8.9121,8.4375,2167,0,1056,0,12.2,34,step_10,no_load,0.0
19.112523,1.017539,shoulder_pan,10.0,9.4675,8.9121,8.4375,2167,0,1056,0,12.2,34,step_10,no_load,0.0
19.123209,1.028224,shoulder_pan,10.0,9.4675,8.9121,8.4375,2167,0,1056,1,12.2,34,step_10,no_load,0.0
19.13399,1.039005,shoulder_pan,10.0,9.4675,8.9121,8.4375,2167,0,1056,1,12.2,34,step_10,no_load,0.0
19.144409,1.049424,shoulder_pan,10.0,9.4675,8.9121,8.4375,2167,0,1056,1,12.2,34,step_10,no_load,0.0
19.154692,1.059708,shoulder_pan,10.0,9.4675,8.9121,8.4375,2167,0,1056,0,12.2,34,step_10,no_load,0.0
19.165215,1.07023,shoulder_pan,10.0,9.4675,8.9121,8.4375,2167,0,1056,0,12.2,34,step_10,no_load,0.0
19.175816,1.080832,shoulder_pan,10.0,9.4675,8.9121,8.4375,2167,0,1056,0,12.2,34,step_10,no_load,0.0
19.186155,1.09117,shoulder_pan,10.0,9.4675,8.9121,8.4375,2167,0,1056,0,12.2,34,step_10,no_load,0.0
19.196395,1.101411,shoulder_pan,10.0,9.4675,8.9121,8.4375,2167,0,1056,0,12.2,34,step_10,no_load,0.0
19.207072,1.112087,shoulder_pan,10.0,9.4675,8.9121,8.4375,2167,0,1056,0,12.2,34,step_10,no_load,0.0
19.217507,1.122523,shoulder_pan,10.0,9.4675,8.9121,8.4375,2167,0,1056,0,12.2,34,step_10,no_load,0.0
19.227749,1.132764,shoulder_pan,10.0,9.4675,8.9121,8.4375,2167,0,1056,1,12.2,34,step_10,no_load,0.0
19.238179,1.143195,shoulder_pan,10.0,9.4675,8.9121,8.4375,2167,0,1056,0,12.2,34,step_10,no_load,0.0
19.248551,1.153566,shoulder_pan,10.0,9.4675,8.9121,8.4375,2167,0,1056,0,12.2,34,step_10,no_load,0.0
19.258859,1.163875,shoulder_pan,10.0,9.4675,8.9121,8.4375,2167,0,1056,1,12.2,34,step_10,no_load,0.0
19.269118,1.174133,shoulder_pan,10.0,9.4675,8.9121,8.4375,2167,0,1056,0,12.2,34,step_10,no_load,0.0
19.279648,1.184663,shoulder_pan,10.0,9.4675,8.9121,8.4375,2167,0,1056,1,12.2,34,step_10,no_load,0.0
19.289987,1.195003,shoulder_pan,10.0,9.4675,8.9121,8.4375,2167,0,1056,1,12.2,33,step_10,no_load,0.0
19.301546,3e-06,shoulder_pan,0.0,9.4675,0.0,8.4375,2167,0,1056,1,12.2,34,step_10,no_load,0.0
19.312183,0.01064,shoulder_pan,0.0,9.4675,0.0,8.4375,2167,0,1044,0,12.2,34,step_10,no_load,0.0
19.322512,0.02097,shoulder_pan,0.0,9.4675,0.0,8.4375,2167,0,24,1,12.2,34,step_10,no_load,0.0
19.33279,0.031247,shoulder_pan,0.0,9.3688,0.0,8.3496,2166,0,64,2,12.2,34,step_10,no_load,-8.552
19.343022,0.041479,shoulder_pan,0.0,9.3688,0.0,8.3496,2166,0,104,6,12.3,34,step_10,no_load,0.0
19.353167,0.051624,shoulder_pan,0.0,9.1716,0.0,8.1738,2164,-100,192,8,12.2,34,step_10,no_load,-17.329
19.363376,0.061834,shoulder_pan,0.0,9.073,0.0,8.0859,2163,-100,288,17,12.1,34,step_10,no_load,-8.61
19.374298,0.072755,shoulder_pan,0.0,8.8757,0.0,7.9102,2161,-150,340,17,12.2,34,step_10,no_load,-16.087
19.384746,0.083203,shoulder_pan,0.0,8.284,0.0,7.3828,2155,-150,336,9,12.2,34,step_10,no_load,-50.479
19.39503,0.093487,shoulder_pan,0.0,7.2978,0.0,6.5039,2145,-600,336,9,12.2,34,step_10,no_load,-85.463
19.40534,0.103797,shoulder_pan,0.0,6.3116,0.0,5.625,2135,-600,244,0,12.2,34,step_10,no_load,-85.247
19.415945,0.114402,shoulder_pan,0.0,5.4241,0.0,4.834,2126,-950,216,1,12.2,34,step_10,no_load,-74.587
19.426297,0.124754,shoulder_pan,0.0,4.6351,0.0,4.1309,2118,-950,148,0,12.2,34,step_10,no_load,-67.919
19.436588,0.135045,shoulder_pan,0.0,4.142,0.0,3.6914,2113,-700,124,0,12.2,34,step_10,no_load,-42.707
19.446814,0.145271,shoulder_pan,0.0,3.5503,0.0,3.1641,2107,-700,108,1,12.2,34,step_10,no_load,-51.565
19.45702,0.155477,shoulder_pan,0.0,3.0572,0.0,2.7246,2102,-550,92,0,12.2,34,step_10,no_load,-43.063
19.467203,0.16566,shoulder_pan,0.0,2.5641,0.0,2.2852,2097,-550,72,0,12.2,34,step_10,no_load,-43.15
19.477483,0.17594,shoulder_pan,0.0,1.9724,0.0,1.7578,2091,-500,48,0,12.2,34,step_10,no_load,-51.304
19.487641,0.186098,shoulder_pan,0.0,1.6765,0.0,1.4941,2088,-400,40,0,12.2,34,step_10,no_load,-25.96
19.497787,0.196244,shoulder_pan,0.0,1.4793,0.0,1.3184,2086,-400,32,0,12.2,34,step_10,no_load,-17.317
19.508247,0.206704,shoulder_pan,0.0,1.3807,0.0,1.2305,2085,-200,52,1,12.2,34,step_10,no_load,-8.403
19.518685,0.217142,shoulder_pan,0.0,1.1834,0.0,1.0547,2083,-200,44,0,12.2,34,step_10,no_load,-16.842
19.529906,0.228363,shoulder_pan,0.0,0.9862,0.0,0.8789,2081,-150,36,0,12.2,34,step_10,no_load,-15.667
19.540483,0.23894,shoulder_pan,0.0,0.789,0.0,0.7031,2079,-150,32,0,12.2,34,step_10,no_load,-16.621
19.551082,0.249539,shoulder_pan,0.0,0.6903,0.0,0.6152,2078,-150,20,0,12.2,34,step_10,no_load,-8.293
19.561398,0.259855,shoulder_pan,0.0,0.4931,0.0,0.4395,2076,-150,0,0,12.2,34,step_10,no_load,-17.032
19.571794,0.270251,shoulder_pan,0.0,0.3945,0.0,0.3516,2075,-100,20,0,12.2,34,step_10,no_load,-8.455
19.58246,0.280917,shoulder_pan,0.0,0.2959,0.0,0.2637,2074,-100,0,0,12.2,34,step_10,no_load,-8.241
19.592763,0.29122,shoulder_pan,0.0,0.2959,0.0,0.2637,2074,-100,0,0,12.2,34,step_10,no_load,0.0
19.603033,0.30149,shoulder_pan,0.0,0.2959,0.0,0.2637,2074,-100,24,0,12.2,34,step_10,no_load,0.0
19.613387,0.311845,shoulder_pan,0.0,0.2959,0.0,0.2637,2074,0,24,0,12.2,34,step_10,no_load,0.0
19.623721,0.322178,shoulder_pan,0.0,0.2959,0.0,0.2637,2074,0,24,0,12.2,34,step_10,no_load,0.0
19.634085,0.332542,shoulder_pan,0.0,0.2959,0.0,0.2637,2074,0,24,0,12.2,34,step_10,no_load,0.0
19.644451,0.342908,shoulder_pan,0.0,0.2959,0.0,0.2637,2074,0,24,0,12.2,34,step_10,no_load,0.0
19.65481,0.353267,shoulder_pan,0.0,0.2959,0.0,0.2637,2074,0,24,0,12.2,34,step_10,no_load,0.0
19.665183,0.36364,shoulder_pan,0.0,0.2959,0.0,0.2637,2074,0,24,0,12.2,34,step_10,no_load,0.0
19.67635,0.374807,shoulder_pan,0.0,0.2959,0.0,0.2637,2074,0,24,0,12.2,34,step_10,no_load,0.0
19.687406,0.385863,shoulder_pan,0.0,0.1972,0.0,0.1758,2073,-50,0,0,12.2,34,step_10,no_load,-7.95
19.697902,0.396359,shoulder_pan,0.0,0.1972,0.0,0.1758,2073,-50,0,0,12.2,34,step_10,no_load,0.0
19.708297,0.406754,shoulder_pan,0.0,0.1972,0.0,0.1758,2073,0,20,0,12.2,34,step_10,no_load,0.0
19.718648,0.417105,shoulder_pan,0.0,0.1972,0.0,0.1758,2073,0,20,0,12.2,34,step_10,no_load,0.0
19.728931,0.427388,shoulder_pan,0.0,0.1972,0.0,0.1758,2073,0,20,0,12.2,34,step_10,no_load,0.0
19.739171,0.437629,shoulder_pan,0.0,0.1972,0.0,0.1758,2073,0,20,1,12.2,34,step_10,no_load,0.0
19.749394,0.447851,shoulder_pan,0.0,0.1972,0.0,0.1758,2073,0,20,0,12.2,34,step_10,no_load,0.0
19.759654,0.458111,shoulder_pan,0.0,0.1972,0.0,0.1758,2073,0,20,0,12.2,34,step_10,no_load,0.0
19.769955,0.468412,shoulder_pan,0.0,0.1972,0.0,0.1758,2073,0,20,0,12.2,34,step_10,no_load,0.0
19.781011,0.479468,shoulder_pan,0.0,0.1972,0.0,0.1758,2073,0,20,0,12.2,34,step_10,no_load,0.0
19.791813,0.49027,shoulder_pan,0.0,0.1972,0.0,0.1758,2073,0,20,0,12.2,34,step_10,no_load,0.0
19.802037,0.500494,shoulder_pan,0.0,0.1972,0.0,0.1758,2073,0,20,0,12.2,33,step_10,no_load,0.0
19.812648,0.511105,shoulder_pan,0.0,0.1972,0.0,0.1758,2073,0,20,0,12.2,34,step_10,no_load,0.0
19.82328,0.521737,shoulder_pan,0.0,0.1972,0.0,0.1758,2073,0,20,0,12.2,34,step_10,no_load,0.0
19.834031,0.532488,shoulder_pan,0.0,0.1972,0.0,0.1758,2073,0,20,0,12.2,34,step_10,no_load,0.0
19.844203,0.54266,shoulder_pan,0.0,0.1972,0.0,0.1758,2073,0,20,0,12.2,34,step_10,no_load,0.0
19.854928,0.553385,shoulder_pan,0.0,0.1972,0.0,0.1758,2073,0,20,0,12.2,34,step_10,no_load,0.0
19.865143,0.5636,shoulder_pan,0.0,0.1972,0.0,0.1758,2073,0,20,0,12.2,34,step_10,no_load,0.0
19.876295,0.574752,shoulder_pan,0.0,0.1972,0.0,0.1758,2073,0,20,0,12.2,34,step_10,no_load,0.0
19.886763,0.58522,shoulder_pan,0.0,0.1972,0.0,0.1758,2073,0,20,0,12.2,34,step_10,no_load,0.0
19.897357,0.595815,shoulder_pan,0.0,0.1972,0.0,0.1758,2073,0,20,0,12.2,34,step_10,no_load,0.0
19.908493,0.60695,shoulder_pan,0.0,0.1972,0.0,0.1758,2073,0,20,0,12.2,34,step_10,no_load,0.0
19.919237,0.617694,shoulder_pan,0.0,0.1972,0.0,0.1758,2073,0,20,0,12.2,34,step_10,no_load,0.0
19.929346,0.627803,shoulder_pan,0.0,0.1972,0.0,0.1758,2073,0,20,0,12.2,34,step_10,no_load,0.0
19.939901,0.638358,shoulder_pan,0.0,0.1972,0.0,0.1758,2073,0,20,0,12.2,34,step_10,no_load,0.0
19.950744,0.649201,shoulder_pan,0.0,0.1972,0.0,0.1758,2073,0,20,0,12.2,34,step_10,no_load,0.0
19.961106,0.659563,shoulder_pan,0.0,0.1972,0.0,0.1758,2073,0,20,0,12.2,34,step_10,no_load,0.0
19.971664,0.670122,shoulder_pan,0.0,0.1972,0.0,0.1758,2073,0,20,0,12.2,34,step_10,no_load,0.0
19.981992,0.680449,shoulder_pan,0.0,0.1972,0.0,0.1758,2073,0,20,0,12.2,34,step_10,no_load,0.0
19.992692,0.691149,shoulder_pan,0.0,0.1972,0.0,0.1758,2073,0,20,0,12.2,34,step_10,no_load,0.0
20.003458,0.701915,shoulder_pan,0.0,0.1972,0.0,0.1758,2073,0,20,0,12.2,34,step_10,no_load,0.0
20.014071,0.712529,shoulder_pan,0.0,0.1972,0.0,0.1758,2073,0,20,0,12.2,34,step_10,no_load,0.0
20.024503,0.72296,shoulder_pan,0.0,0.1972,0.0,0.1758,2073,0,20,0,12.2,34,step_10,no_load,0.0
20.035213,0.73367,shoulder_pan,0.0,0.1972,0.0,0.1758,2073,0,20,0,12.2,34,step_10,no_load,0.0
20.046091,0.744548,shoulder_pan,0.0,0.1972,0.0,0.1758,2073,0,20,0,12.2,34,step_10,no_load,0.0
20.0571,0.755557,shoulder_pan,0.0,0.1972,0.0,0.1758,2073,0,20,0,12.2,34,step_10,no_load,0.0
20.067471,0.765928,shoulder_pan,0.0,0.1972,0.0,0.1758,2073,0,20,0,12.2,34,step_10,no_load,0.0
20.078428,0.776885,shoulder_pan,0.0,0.1972,0.0,0.1758,2073,0,20,0,12.2,34,step_10,no_load,0.0
20.088907,0.787364,shoulder_pan,0.0,0.1972,0.0,0.1758,2073,0,20,0,12.2,34,step_10,no_load,0.0
20.099744,0.798201,shoulder_pan,0.0,0.1972,0.0,0.1758,2073,0,20,0,12.2,34,step_10,no_load,0.0
20.110345,0.808802,shoulder_pan,0.0,0.1972,0.0,0.1758,2073,0,20,0,12.2,34,step_10,no_load,0.0
20.120741,0.819198,shoulder_pan,0.0,0.1972,0.0,0.1758,2073,0,20,0,12.2,34,step_10,no_load,0.0
20.130947,0.829404,shoulder_pan,0.0,0.1972,0.0,0.1758,2073,0,20,0,12.3,34,step_10,no_load,0.0
20.14165,0.840107,shoulder_pan,0.0,0.1972,0.0,0.1758,2073,0,20,0,12.2,34,step_10,no_load,0.0
20.152142,0.850599,shoulder_pan,0.0,0.1972,0.0,0.1758,2073,0,20,0,12.2,34,step_10,no_load,0.0
20.162429,0.860886,shoulder_pan,0.0,0.1972,0.0,0.1758,2073,0,20,0,12.2,34,step_10,no_load,0.0
20.173115,0.871572,shoulder_pan,0.0,0.1972,0.0,0.1758,2073,0,20,0,12.2,34,step_10,no_load,0.0
20.183629,0.882086,shoulder_pan,0.0,0.1972,0.0,0.1758,2073,0,20,0,12.2,34,step_10,no_load,0.0
20.194403,0.89286,shoulder_pan,0.0,0.1972,0.0,0.1758,2073,0,20,1,12.2,34,step_10,no_load,0.0
20.204913,0.90337,shoulder_pan,0.0,0.1972,0.0,0.1758,2073,0,20,0,12.2,34,step_10,no_load,0.0
20.21555,0.914007,shoulder_pan,0.0,0.1972,0.0,0.1758,2073,0,20,0,12.2,34,step_10,no_load,0.0
20.22612,0.924577,shoulder_pan,0.0,0.1972,0.0,0.1758,2073,0,20,0,12.2,34,step_10,no_load,0.0
20.236238,0.934695,shoulder_pan,0.0,0.1972,0.0,0.1758,2073,0,20,0,12.2,34,step_10,no_load,0.0
20.246664,0.945122,shoulder_pan,0.0,0.1972,0.0,0.1758,2073,0,20,0,12.2,34,step_10,no_load,0.0
20.256945,0.955402,shoulder_pan,0.0,0.1972,0.0,0.1758,2073,0,20,0,12.2,34,step_10,no_load,0.0
20.267167,0.965624,shoulder_pan,0.0,0.1972,0.0,0.1758,2073,0,20,0,12.2,34,step_10,no_load,0.0
20.277364,0.975822,shoulder_pan,0.0,0.1972,0.0,0.1758,2073,0,20,0,12.2,34,step_10,no_load,0.0
20.287602,0.986059,shoulder_pan,0.0,0.1972,0.0,0.1758,2073,0,20,0,12.2,34,step_10,no_load,0.0
20.297898,0.996355,shoulder_pan,0.0,0.1972,0.0,0.1758,2073,0,20,0,12.2,34,step_10,no_load,0.0
20.308269,1.006726,shoulder_pan,0.0,0.1972,0.0,0.1758,2073,0,20,0,12.2,34,step_10,no_load,0.0
20.318816,1.017273,shoulder_pan,0.0,0.1972,0.0,0.1758,2073,0,20,0,12.2,34,step_10,no_load,0.0
20.329096,1.027554,shoulder_pan,0.0,0.1972,0.0,0.1758,2073,0,20,0,12.2,34,step_10,no_load,0.0
20.339647,1.038104,shoulder_pan,0.0,0.1972,0.0,0.1758,2073,0,20,0,12.2,34,step_10,no_load,0.0
20.34988,1.048337,shoulder_pan,0.0,0.1972,0.0,0.1758,2073,0,20,0,12.2,34,step_10,no_load,0.0
20.360464,1.058921,shoulder_pan,0.0,0.1972,0.0,0.1758,2073,0,20,0,12.2,34,step_10,no_load,0.0
20.371424,1.069881,shoulder_pan,0.0,0.1972,0.0,0.1758,2073,0,20,0,12.2,34,step_10,no_load,0.0
20.381789,1.080246,shoulder_pan,0.0,0.1972,0.0,0.1758,2073,0,20,0,12.2,34,step_10,no_load,0.0
20.392199,1.090656,shoulder_pan,0.0,0.1972,0.0,0.1758,2073,0,20,0,12.2,34,step_10,no_load,0.0
20.402785,1.101243,shoulder_pan,0.0,0.1972,0.0,0.1758,2073,0,20,0,12.2,34,step_10,no_load,0.0
20.413597,1.112054,shoulder_pan,0.0,0.1972,0.0,0.1758,2073,0,20,0,12.2,34,step_10,no_load,0.0
20.423935,1.122392,shoulder_pan,0.0,0.1972,0.0,0.1758,2073,0,20,0,12.2,34,step_10,no_load,0.0
20.434244,1.132701,shoulder_pan,0.0,0.1972,0.0,0.1758,2073,0,20,0,12.2,34,step_10,no_load,0.0
20.445031,1.143488,shoulder_pan,0.0,0.1972,0.0,0.1758,2073,0,20,0,12.2,34,step_10,no_load,0.0
20.455484,1.153941,shoulder_pan,0.0,0.1972,0.0,0.1758,2073,0,20,0,12.2,34,step_10,no_load,0.0
20.465918,1.164375,shoulder_pan,0.0,0.1972,0.0,0.1758,2073,0,20,0,12.2,33,step_10,no_load,0.0
20.476495,1.174952,shoulder_pan,0.0,0.1972,0.0,0.1758,2073,0,20,0,12.1,34,step_10,no_load,0.0
20.486952,1.185409,shoulder_pan,0.0,0.1972,0.0,0.1758,2073,0,20,0,12.2,34,step_10,no_load,0.0
20.497113,1.19557,shoulder_pan,0.0,0.1972,0.0,0.1758,2073,0,20,0,12.2,34,step_10,no_load,0.0
20.50877,1.2e-05,shoulder_pan,10.0,0.1972,8.9121,0.1758,2073,0,20,0,12.2,34,step_10,no_load,0.0
20.519196,0.010438,shoulder_pan,10.0,0.1972,8.9121,0.1758,2073,0,0,0,12.2,34,step_10,no_load,0.0
20.530364,0.021605,shoulder_pan,10.0,0.1972,8.9121,0.1758,2073,0,1060,1,12.2,34,step_10,no_load,0.0
20.540727,0.031968,shoulder_pan,10.0,0.1972,8.9121,0.1758,2073,0,1136,6,12.2,34,step_10,no_load,0.0
20.551229,0.04247,shoulder_pan,10.0,0.1972,8.9121,0.1758,2073,0,1176,6,12.3,34,step_10,no_load,0.0
20.562305,0.053546,shoulder_pan,10.0,0.3945,8.9121,0.3516,2075,0,1256,14,12.2,34,step_10,no_load,15.872
20.57326,0.064501,shoulder_pan,10.0,0.789,8.9121,0.7031,2079,150,1308,17,12.2,34,step_10,no_load,32.086
20.583553,0.074795,shoulder_pan,10.0,1.3807,8.9121,1.2305,2085,150,1348,18,12.2,34,step_10,no_load,51.239
20.594412,0.085654,shoulder_pan,10.0,2.071,8.9121,1.8457,2092,500,1372,18,12.2,34,step_10,no_load,56.653
20.604698,0.09594,shoulder_pan,10.0,2.7613,8.9121,2.4609,2099,650,1332,12,12.2,34,step_10,no_load,59.809
20.615006,0.106247,shoulder_pan,10.0,3.3531,8.9121,2.9883,2105,650,1332,13,12.2,34,step_10,no_load,51.164
20.625139,0.11638,shoulder_pan,10.0,3.9448,8.9121,3.5156,2111,650,1272,9,12.2,34,step_10,no_load,52.038
20.635749,0.126991,shoulder_pan,10.0,4.6351,8.9121,4.1309,2118,650,1244,7,12.2,34,step_10,no_load,57.992
20.646329,0.13757,shoulder_pan,10.0,5.2268,8.9121,4.6582,2124,550,1176,3,12.2,34,step_10,no_load,49.839
20.656997,0.148238,shoulder_pan,10.0,5.8185,8.9121,5.1855,2130,550,1156,2,12.2,34,step_10,no_load,49.428
20.667264,0.158505,shoulder_pan,10.0,6.3116,8.9121,5.625,2135,550,1136,1,12.2,34,step_10,no_load,42.807
20.677443,0.168684,shoulder_pan,10.0,6.9034,8.9121,6.1523,2141,550,1112,0,12.2,34,step_10,no_load,51.803
20.687595,0.178837,shoulder_pan,10.0,7.4951,8.9121,6.6797,2147,600,1084,0,12.2,34,step_10,no_load,51.95
20.697853,0.189095,shoulder_pan,10.0,7.9882,8.9121,7.1191,2152,600,1064,0,12.2,34,step_10,no_load,42.835
20.708349,0.199591,shoulder_pan,10.0,8.284,8.9121,7.3828,2155,450,1064,0,12.2,34,step_10,no_load,25.124
20.718729,0.20997,shoulder_pan,10.0,8.4813,8.9121,7.5586,2157,450,1056,1,12.2,34,step_10,no_load,16.936
20.728949,0.22019,shoulder_pan,10.0,8.5799,8.9121,7.6465,2158,150,1076,0,12.2,34,step_10,no_load,8.601
20.739681,0.230922,shoulder_pan,10.0,8.7771,8.9121,7.8223,2160,150,1064,0,12.2,34,step_10,no_load,16.381
20.750054,0.241296,shoulder_pan,10.0,8.9744,8.9121,7.998,2162,150,1060,0,12.2,34,step_10,no_load,16.938
20.760229,0.251471,shoulder_pan,10.0,9.073,8.9121,8.0859,2163,150,1064,0,12.2,34,step_10,no_load,8.639
20.77051,0.261752,shoulder_pan,10.0,9.1716,8.9121,8.1738,2164,150,1060,1,12.2,34,step_10,no_load,8.55
20.780847,0.272088,shoulder_pan,10.0,9.1716,8.9121,8.1738,2164,150,1064,0,12.2,34,step_10,no_load,0.0
20.791133,0.282375,shoulder_pan,10.0,9.1716,8.9121,8.1738,2164,0,1064,0,12.2,34,step_10,no_load,0.0
20.80129,0.292532,shoulder_pan,10.0,9.073,8.9121,8.0859,2163,0,1076,1,12.2,34,step_10,no_load,-8.654
20.811656,0.302898,shoulder_pan,10.0,8.8757,8.9121,7.9102,2161,-100,1084,1,12.2,34,step_10,no_load,-16.95
20.821888,0.31313,shoulder_pan,10.0,8.8757,8.9121,7.9102,2161,-100,1088,1,12.2,34,step_10,no_load,0.0
20.832229,0.323471,shoulder_pan,10.0,8.7771,8.9121,7.8223,2160,-100,1092,1,12.2,49,step_10,no_load,-8.5
20.842525,0.333767,shoulder_pan,10.0,8.7771,8.9121,7.8223,2160,-100,1088,1,12.2,34,step_10,no_load,0.0
20.853208,0.34445,shoulder_pan,10.0,8.8757,8.9121,7.9102,2161,0,1084,2,12.2,34,step_10,no_load,8.228
20.863981,0.355223,shoulder_pan,10.0,8.8757,8.9121,7.9102,2161,50,1076,1,12.2,34,step_10,no_load,0.0
20.874215,0.365457,shoulder_pan,10.0,8.9744,8.9121,7.998,2162,50,1072,1,12.2,34,step_10,no_load,8.579
20.884433,0.375675,shoulder_pan,10.0,8.9744,8.9121,7.998,2162,50,1072,1,12.2,34,step_10,no_load,0.0
20.894758,0.386,shoulder_pan,10.0,8.9744,8.9121,7.998,2162,50,1072,1,12.2,34,step_10,no_load,0.0
20.905022,0.396263,shoulder_pan,10.0,8.9744,8.9121,7.998,2162,0,1076,1,12.2,34,step_10,no_load,0.0
20.915234,0.406476,shoulder_pan,10.0,8.9744,8.9121,7.998,2162,0,1076,1,12.2,34,step_10,no_load,0.0
20.925925,0.417167,shoulder_pan,10.0,9.073,8.9121,8.0859,2163,50,1072,1,12.2,34,step_10,no_load,8.222
20.936692,0.427933,shoulder_pan,10.0,9.073,8.9121,8.0859,2163,50,1068,0,12.2,34,step_10,no_load,0.0
20.946863,0.438105,shoulder_pan,10.0,9.1716,8.9121,8.1738,2164,50,1060,1,12.2,34,step_10,no_load,8.642
20.957057,0.448299,shoulder_pan,10.0,9.1716,8.9121,8.1738,2164,50,1060,1,12.2,34,step_10,no_load,0.0
20.96726,0.458502,shoulder_pan,10.0,9.1716,8.9121,8.1738,2164,0,1068,1,12.2,34,step_10,no_load,0.0
20.977685,0.468927,shoulder_pan,10.0,9.1716,8.9121,8.1738,2164,0,1068,1,12.2,34,step_10,no_load,0.0
20.987993,0.479234,shoulder_pan,10.0,9.1716,8.9121,8.1738,2164,0,1068,1,12.2,34,step_10,no_load,0.0
20.998411,0.489652,shoulder_pan,10.0,9.1716,8.9121,8.1738,2164,0,1068,1,12.2,34,step_10,no_load,0.0
21.008974,0.500216,shoulder_pan,10.0,9.1716,8.9121,8.1738,2164,0,1068,1,12.2,34,step_10,no_load,0.0
21.019939,0.51118,shoulder_pan,10.0,9.1716,8.9121,8.1738,2164,0,1068,1,12.2,34,step_10,no_load,0.0
21.030262,0.521504,shoulder_pan,10.0,9.1716,8.9121,8.1738,2164,0,1068,1,12.2,34,step_10,no_load,0.0
21.040489,0.531731,shoulder_pan,10.0,9.1716,8.9121,8.1738,2164,0,1068,0,12.2,34,step_10,no_load,0.0
21.051059,0.542301,shoulder_pan,10.0,9.1716,8.9121,8.1738,2164,0,1068,1,12.2,34,step_10,no_load,0.0
21.061692,0.552934,shoulder_pan,10.0,9.2702,8.9121,8.2617,2165,0,1060,0,12.2,34,step_10,no_load,8.267
21.071949,0.56319,shoulder_pan,10.0,9.2702,8.9121,8.2617,2165,50,1060,0,12.2,34,step_10,no_load,0.0
21.082323,0.573564,shoulder_pan,10.0,9.2702,8.9121,8.2617,2165,50,1064,0,12.2,34,step_10,no_load,0.0
21.092674,0.583916,shoulder_pan,10.0,9.3688,8.9121,8.3496,2166,0,1060,0,12.2,34,step_10,no_load,8.492
21.103878,0.595119,shoulder_pan,10.0,9.3688,8.9121,8.3496,2166,50,1056,1,12.2,34,step_10,no_load,0.0
21.114496,0.605738,shoulder_pan,10.0,9.3688,8.9121,8.3496,2166,50,1056,0,12.2,34,step_10,no_load,0.0
21.124988,0.61623,shoulder_pan,10.0,9.3688,8.9121,8.3496,2166,0,1060,0,12.2,34,step_10,no_load,0.0
21.135638,0.626879,shoulder_pan,10.0,9.4675,8.9121,8.4375,2167,0,1056,0,12.2,34,step_10,no_load,8.254
21.14587,0.637112,shoulder_pan,10.0,9.4675,8.9121,8.4375,2167,50,1052,0,12.2,33,step_10,no_load,0.0
21.156143,0.647384,shoulder_pan,10.0,9.4675,8.9121,8.4375,2167,50,1052,0,12.2,34,step_10,no_load,0.0
21.16688,0.658122,shoulder_pan,10.0,9.4675,8.9121,8.4375,2167,0,1056,0,12.2,34,step_10,no_load,0.0
21.177081,0.668323,shoulder_pan,10.0,9.4675,8.9121,8.4375,2167,0,1056,1,12.2,34,step_10,no_load,0.0
21.187496,0.678738,shoulder_pan,10.0,9.4675,8.9121,8.4375,2167,0,1056,0,12.2,34,step_10,no_load,0.0
21.19764,0.688882,shoulder_pan,10.0,9.4675,8.9121,8.4375,2167,0,1056,0,12.2,34,step_10,no_load,0.0
21.208072,0.699313,shoulder_pan,10.0,9.4675,8.9121,8.4375,2167,0,1056,0,12.2,34,step_10,no_load,0.0
21.21864,0.709881,shoulder_pan,10.0,9.4675,8.9121,8.4375,2167,0,1056,0,12.2,34,step_10,no_load,0.0
21.22974,0.720982,shoulder_pan,10.0,9.4675,8.9121,8.4375,2167,0,1056,1,12.2,34,step_10,no_load,0.0
21.240397,0.731638,shoulder_pan,10.0,9.4675,8.9121,8.4375,2167,0,1056,1,12.2,34,step_10,no_load,0.0
21.250929,0.74217,shoulder_pan,10.0,9.4675,8.9121,8.4375,2167,0,1056,0,12.2,34,step_10,no_load,0.0
21.261349,0.752591,shoulder_pan,10.0,9.4675,8.9121,8.4375,2167,0,1056,0,12.2,34,step_10,no_load,0.0
21.27152,0.762761,shoulder_pan,10.0,9.4675,8.9121,8.4375,2167,0,1056,1,12.2,34,step_10,no_load,0.0
21.281886,0.773128,shoulder_pan,10.0,9.4675,8.9121,8.4375,2167,0,1056,0,12.2,34,step_10,no_load,0.0
21.292397,0.783639,shoulder_pan,10.0,9.4675,8.9121,8.4375,2167,0,1056,1,12.2,34,step_10,no_load,0.0
21.302564,0.793806,shoulder_pan,10.0,9.4675,8.9121,8.4375,2167,0,1056,1,12.2,34,step_10,no_load,0.0
21.312795,0.804037,shoulder_pan,10.0,9.4675,8.9121,8.4375,2167,0,1056,0,12.2,34,step_10,no_load,0.0
21.323064,0.814305,shoulder_pan,10.0,9.4675,8.9121,8.4375,2167,0,1056,1,12.2,34,step_10,no_load,0.0
21.333325,0.824566,shoulder_pan,10.0,9.4675,8.9121,8.4375,2167,0,1056,0,12.2,34,step_10,no_load,0.0
21.343584,0.834826,shoulder_pan,10.0,9.4675,8.9121,8.4375,2167,0,1056,1,12.2,34,step_10,no_load,0.0
21.354344,0.845586,shoulder_pan,10.0,9.4675,8.9121,8.4375,2167,0,1056,0,12.2,34,step_10,no_load,0.0
21.364745,0.855986,shoulder_pan,10.0,9.4675,8.9121,8.4375,2167,0,1056,0,12.2,34,step_10,no_load,0.0
21.374944,0.866186,shoulder_pan,10.0,9.4675,8.9121,8.4375,2167,0,1056,0,12.2,34,step_10,no_load,0.0
21.385136,0.876378,shoulder_pan,10.0,9.4675,8.9121,8.4375,2167,0,1056,0,12.2,34,step_10,no_load,0.0
21.395459,0.8867,shoulder_pan,10.0,9.4675,8.9121,8.4375,2167,0,1056,0,12.2,34,step_10,no_load,0.0
21.405818,0.89706,shoulder_pan,10.0,9.4675,8.9121,8.4375,2167,0,1056,1,12.2,34,step_10,no_load,0.0
21.416263,0.907504,shoulder_pan,10.0,9.4675,8.9121,8.4375,2167,0,1056,0,12.2,34,step_10,no_load,0.0
21.42646,0.917701,shoulder_pan,10.0,9.4675,8.9121,8.4375,2167,0,1056,1,12.2,34,step_10,no_load,0.0
21.436823,0.928065,shoulder_pan,10.0,9.4675,8.9121,8.4375,2167,0,1056,1,12.2,34,step_10,no_load,0.0
21.446994,0.938236,shoulder_pan,10.0,9.4675,8.9121,8.4375,2167,0,1056,1,12.2,34,step_10,no_load,0.0
21.457201,0.948442,shoulder_pan,10.0,9.4675,8.9121,8.4375,2167,0,1056,0,12.2,34,step_10,no_load,0.0
21.467301,0.958542,shoulder_pan,10.0,9.4675,8.9121,8.4375,2167,0,1056,1,12.2,34,step_10,no_load,0.0
21.47774,0.968982,shoulder_pan,10.0,9.4675,8.9121,8.4375,2167,0,1056,0,12.2,34,step_10,no_load,0.0
21.488373,0.979615,shoulder_pan,10.0,9.4675,8.9121,8.4375,2167,0,1056,0,12.2,34,step_10,no_load,0.0
21.498728,0.989969,shoulder_pan,10.0,9.4675,8.9121,8.4375,2167,0,1056,0,12.2,34,step_10,no_load,0.0
21.50945,1.000691,shoulder_pan,10.0,9.4675,8.9121,8.4375,2167,0,1056,0,12.2,34,step_10,no_load,0.0
21.519853,1.011094,shoulder_pan,10.0,9.4675,8.9121,8.4375,2167,0,1056,0,12.2,34,step_10,no_load,0.0
21.530323,1.021564,shoulder_pan,10.0,9.4675,8.9121,8.4375,2167,0,1056,0,12.2,34,step_10,no_load,0.0
21.540634,1.031876,shoulder_pan,10.0,9.4675,8.9121,8.4375,2167,0,1056,1,12.2,34,step_10,no_load,0.0
21.550997,1.042239,shoulder_pan,10.0,9.4675,8.9121,8.4375,2167,0,1056,1,12.2,34,step_10,no_load,0.0
21.561363,1.052605,shoulder_pan,10.0,9.4675,8.9121,8.4375,2167,0,1056,1,12.2,34,step_10,no_load,0.0
21.571716,1.062958,shoulder_pan,10.0,9.4675,8.9121,8.4375,2167,0,1056,1,12.2,34,step_10,no_load,0.0
21.582482,1.073723,shoulder_pan,10.0,9.4675,8.9121,8.4375,2167,0,1056,0,12.2,34,step_10,no_load,0.0
21.592894,1.084135,shoulder_pan,10.0,9.4675,8.9121,8.4375,2167,0,1056,0,12.2,34,step_10,no_load,0.0
21.603079,1.094321,shoulder_pan,10.0,9.4675,8.9121,8.4375,2167,0,1056,0,12.2,34,step_10,no_load,0.0
21.613471,1.104713,shoulder_pan,10.0,9.4675,8.9121,8.4375,2167,0,1056,0,12.2,34,step_10,no_load,0.0
21.623843,1.115084,shoulder_pan,10.0,9.4675,8.9121,8.4375,2167,0,1056,0,12.2,34,step_10,no_load,0.0
21.634162,1.125403,shoulder_pan,10.0,9.4675,8.9121,8.4375,2167,0,1056,0,12.2,34,step_10,no_load,0.0
21.644545,1.135787,shoulder_pan,10.0,9.4675,8.9121,8.4375,2167,0,1056,0,12.2,34,step_10,no_load,0.0
21.654879,1.146121,shoulder_pan,10.0,9.4675,8.9121,8.4375,2167,0,1056,1,12.3,34,step_10,no_load,0.0
21.665044,1.156285,shoulder_pan,10.0,9.4675,8.9121,8.4375,2167,0,1056,1,12.2,34,step_10,no_load,0.0
21.675827,1.167069,shoulder_pan,10.0,9.4675,8.9121,8.4375,2167,0,1056,1,12.2,34,step_10,no_load,0.0
21.686085,1.177326,shoulder_pan,10.0,9.4675,8.9121,8.4375,2167,0,1056,0,12.2,34,step_10,no_load,0.0
21.696399,1.187641,shoulder_pan,10.0,9.4675,8.9121,8.4375,2167,0,1056,1,12.2,34,step_10,no_load,0.0
21.707142,1.198383,shoulder_pan,10.0,9.4675,8.9121,8.4375,2167,0,1056,1,12.2,34,step_10,no_load,0.0
21.71848,1.1e-05,shoulder_pan,0.0,9.4675,0.0,8.4375,2167,0,1052,1,12.2,34,step_10,no_load,0.0
21.728811,0.010343,shoulder_pan,0.0,9.4675,0.0,8.4375,2167,0,1048,0,12.2,34,step_10,no_load,0.0
21.739185,0.020717,shoulder_pan,0.0,9.4675,0.0,8.4375,2167,0,36,1,12.2,34,step_10,no_load,0.0
21.750329,0.031861,shoulder_pan,0.0,9.3688,0.0,8.3496,2166,0,68,1,12.2,34,step_10,no_load,-7.888
21.760925,0.042457,shoulder_pan,0.0,9.3688,0.0,8.3496,2166,-100,144,6,12.2,34,step_10,no_load,0.0
21.77124,0.052771,shoulder_pan,0.0,9.1716,0.0,8.1738,2164,-100,196,8,12.1,34,step_10,no_load,-17.043
21.781827,0.063359,shoulder_pan,0.0,9.073,0.0,8.0859,2163,-100,292,16,12.2,34,step_10,no_load,-8.303
21.792043,0.073574,shoulder_pan,0.0,8.8757,0.0,7.9102,2161,-100,332,16,12.2,34,step_10,no_load,-17.199
21.802402,0.083933,shoulder_pan,0.0,8.1854,0.0,7.2949,2154,-450,356,13,12.2,34,step_10,no_load,-59.398
21.812717,0.094249,shoulder_pan,0.0,7.1992,0.0,6.416,2144,-450,356,0,12.2,34,step_10,no_load,-85.206
21.823757,0.105288,shoulder_pan,0.0,6.1144,0.0,5.4492,2133,-950,252,0,12.2,34,step_10,no_load,-87.572
21.834342,0.115874,shoulder_pan,0.0,5.3254,0.0,4.7461,2125,-950,224,0,12.2,34,step_10,no_load,-66.424
21.844686,0.126217,shoulder_pan,0.0,4.5365,0.0,4.043,2117,-800,148,0,12.2,34,step_10,no_load,-67.972
21.854958,0.136489,shoulder_pan,0.0,3.9448,0.0,3.5156,2111,-800,124,0,12.2,34,step_10,no_load,-51.343
21.865488,0.147019,shoulder_pan,0.0,3.4517,0.0,3.0762,2106,-550,100,0,12.2,34,step_10,no_load,-41.728
21.8759,0.157432,shoulder_pan,0.0,2.9586,0.0,2.6367,2101,-550,88,0,12.2,34,step_10,no_load,-42.211
21.886279,0.16781,shoulder_pan,0.0,2.2682,0.0,2.0215,2094,-500,60,0,12.2,34,step_10,no_load,-59.274
21.896444,0.177976,shoulder_pan,0.0,1.7751,0.0,1.582,2089,-500,40,0,12.2,34,step_10,no_load,-43.237
21.907171,0.188703,shoulder_pan,0.0,1.5779,0.0,1.4063,2087,-500,28,0,12.2,34,step_10,no_load,-16.379
21.917399,0.198931,shoulder_pan,0.0,1.3807,0.0,1.2305,2085,-500,48,0,12.2,34,step_10,no_load,-17.188
21.927622,0.209154,shoulder_pan,0.0,1.1834,0.0,1.0547,2083,-200,44,0,12.2,34,step_10,no_load,-17.197
21.938205,0.219737,shoulder_pan,0.0,1.0848,0.0,0.9668,2082,-200,40,0,12.2,34,step_10,no_load,-8.306
21.948811,0.230343,shoulder_pan,0.0,0.8876,0.0,0.791,2080,-150,36,0,12.2,34,step_10,no_load,-16.576
21.959662,0.241193,shoulder_pan,0.0,0.6903,0.0,0.6152,2078,-150,24,0,12.2,34,step_10,no_load,-16.201
21.969968,0.2515,shoulder_pan,0.0,0.5917,0.0,0.5273,2077,-150,20,0,12.2,33,step_10,no_load,-8.529
21.980787,0.262319,shoulder_pan,0.0,0.4931,0.0,0.4395,2076,-100,24,0,12.2,34,step_10,no_load,-8.115
21.991228,0.27276,shoulder_pan,0.0,0.3945,0.0,0.3516,2075,-100,20,1,12.2,34,step_10,no_load,-8.419
22.002158,0.28369,shoulder_pan,0.0,0.3945,0.0,0.3516,2075,-50,24,0,12.2,34,step_10,no_load,0.0
22.012686,0.294218,shoulder_pan,0.0,0.3945,0.0,0.3516,2075,-50,24,0,12.2,34,step_10,no_load,0.0
22.023325,0.304857,shoulder_pan,0.0,0.3945,0.0,0.3516,2075,0,28,0,12.2,34,step_10,no_load,0.0
22.033668,0.315199,shoulder_pan,0.0,0.3945,0.0,0.3516,2075,0,32,1,12.2,34,step_10,no_load,0.0
22.044157,0.325689,shoulder_pan,0.0,0.4931,0.0,0.4395,2076,50,36,0,12.2,34,step_10,no_load,8.38
22.054355,0.335886,shoulder_pan,0.0,0.4931,0.0,0.4395,2076,50,40,1,12.2,34,step_10,no_load,0.0
22.064681,0.346213,shoulder_pan,0.0,0.5917,0.0,0.5273,2077,50,40,1,12.2,34,step_10,no_load,8.503
22.074987,0.356518,shoulder_pan,0.0,0.5917,0.0,0.5273,2077,50,36,0,12.2,34,step_10,no_load,0.0
22.085831,0.367362,shoulder_pan,0.0,0.6903,0.0,0.6152,2078,0,40,1,12.2,34,step_10,no_load,8.106
22.096339,0.377871,shoulder_pan,0.0,0.6903,0.0,0.6152,2078,0,44,1,12.2,34,step_10,no_load,0.0
22.106525,0.388057,shoulder_pan,0.0,0.6903,0.0,0.6152,2078,50,44,1,12.2,34,step_10,no_load,0.0
22.116999,0.398531,shoulder_pan,0.0,0.6903,0.0,0.6152,2078,50,40,1,12.2,34,step_10,no_load,0.0
22.127205,0.408737,shoulder_pan,0.0,0.6903,0.0,0.6152,2078,0,40,1,12.2,34,step_10,no_load,0.0
22.137576,0.419108,shoulder_pan,0.0,0.6903,0.0,0.6152,2078,0,40,2,12.2,34,step_10,no_load,0.0
22.148245,0.429777,shoulder_pan,0.0,0.6903,0.0,0.6152,2078,0,40,1,12.2,34,step_10,no_load,0.0
22.158868,0.4404,shoulder_pan,0.0,0.5917,0.0,0.5273,2077,0,32,0,12.2,34,step_10,no_load,-8.274
22.169431,0.450963,shoulder_pan,0.0,0.5917,0.0,0.5273,2077,-50,32,1,12.2,34,step_10,no_load,0.0
22.180136,0.461668,shoulder_pan,0.0,0.4931,0.0,0.4395,2076,-50,28,0,12.2,34,step_10,no_load,-8.202
22.190578,0.47211,shoulder_pan,0.0,0.4931,0.0,0.4395,2076,-50,28,1,12.2,34,step_10,no_load,0.0
22.201691,0.483223,shoulder_pan,0.0,0.3945,0.0,0.3516,2075,-50,28,0,12.2,34,step_10,no_load,-7.91
22.212151,0.493683,shoulder_pan,0.0,0.3945,0.0,0.3516,2075,-50,28,1,12.2,34,step_10,no_load,0.0
22.222795,0.504326,shoulder_pan,0.0,0.3945,0.0,0.3516,2075,0,24,0,12.2,34,step_10,no_load,0.0
22.233676,0.515207,shoulder_pan,0.0,0.2959,0.0,0.2637,2074,0,20,0,12.2,34,step_10,no_load,-8.078
22.244282,0.525814,shoulder_pan,0.0,0.2959,0.0,0.2637,2074,-50,20,0,12.2,34,step_10,no_load,0.0
22.254568,0.5361,shoulder_pan,0.0,0.2959,0.0,0.2637,2074,-50,24,0,12.2,34,step_10,no_load,0.0
22.264736,0.546268,shoulder_pan,0.0,0.2959,0.0,0.2637,2074,0,24,0,12.2,34,step_10,no_load,0.0
22.275047,0.556579,shoulder_pan,0.0,0.2959,0.0,0.2637,2074,0,24,0,12.2,34,step_10,no_load,0.0
22.285842,0.567374,shoulder_pan,0.0,0.2959,0.0,0.2637,2074,0,24,0,12.2,34,step_10,no_load,0.0
22.296126,0.577658,shoulder_pan,0.0,0.2959,0.0,0.2637,2074,0,24,0,12.2,34,step_10,no_load,0.0
22.306314,0.587846,shoulder_pan,0.0,0.2959,0.0,0.2637,2074,0,24,0,12.2,34,step_10,no_load,0.0
22.316444,0.597976,shoulder_pan,0.0,0.2959,0.0,0.2637,2074,0,24,0,12.2,34,step_10,no_load,0.0
22.32654,0.608072,shoulder_pan,0.0,0.3945,0.0,0.3516,2075,50,28,0,12.2,34,step_10,no_load,8.706
22.336812,0.618343,shoulder_pan,0.0,0.3945,0.0,0.3516,2075,50,32,0,12.2,34,step_10,no_load,0.0
22.346886,0.628418,shoulder_pan,0.0,0.3945,0.0,0.3516,2075,0,32,0,12.2,34,step_10,no_load,0.0
22.357388,0.63892,shoulder_pan,0.0,0.3945,0.0,0.3516,2075,0,28,1,12.2,34,step_10,no_load,0.0
22.367512,0.649044,shoulder_pan,0.0,0.3945,0.0,0.3516,2075,0,28,0,12.2,34,step_10,no_load,0.0
22.378004,0.659535,shoulder_pan,0.0,0.3945,0.0,0.3516,2075,0,28,0,12.2,34,step_10,no_load,0.0
22.38862,0.670151,shoulder_pan,0.0,0.3945,0.0,0.3516,2075,0,28,0,12.2,34,step_10,no_load,0.0
22.3994,0.680931,shoulder_pan,0.0,0.3945,0.0,0.3516,2075,0,28,1,12.2,34,step_10,no_load,0.0
22.409995,0.691527,shoulder_pan,0.0,0.2959,0.0,0.2637,2074,0,24,0,12.2,34,step_10,no_load,-8.296
22.420732,0.702264,shoulder_pan,0.0,0.2959,0.0,0.2637,2074,-50,20,0,12.2,34,step_10,no_load,0.0
22.430828,0.71236,shoulder_pan,0.0,0.2959,0.0,0.2637,2074,-50,20,0,12.2,34,step_10,no_load,0.0
22.441354,0.722886,shoulder_pan,0.0,0.2959,0.0,0.2637,2074,0,24,1,12.2,34,step_10,no_load,0.0
22.451454,0.732986,shoulder_pan,0.0,0.2959,0.0,0.2637,2074,0,24,0,12.2,33,step_10,no_load,0.0
22.462458,0.74399,shoulder_pan,0.0,0.2959,0.0,0.2637,2074,0,24,0,12.2,34,step_10,no_load,0.0
22.472642,0.754174,shoulder_pan,0.0,0.2959,0.0,0.2637,2074,0,24,0,12.2,34,step_10,no_load,0.0
22.482936,0.764468,shoulder_pan,0.0,0.2959,0.0,0.2637,2074,0,24,1,12.3,34,step_10,no_load,0.0
22.493946,0.775478,shoulder_pan,0.0,0.2959,0.0,0.2637,2074,0,24,0,12.2,34,step_10,no_load,0.0
22.504492,0.786023,shoulder_pan,0.0,0.2959,0.0,0.2637,2074,0,24,0,12.2,34,step_10,no_load,0.0
22.51539,0.796922,shoulder_pan,0.0,0.2959,0.0,0.2637,2074,0,24,0,12.2,34,step_10,no_load,0.0
22.526322,0.807853,shoulder_pan,0.0,0.2959,0.0,0.2637,2074,0,24,0,12.2,34,step_10,no_load,0.0
22.536871,0.818403,shoulder_pan,0.0,0.2959,0.0,0.2637,2074,0,24,1,12.2,34,step_10,no_load,0.0
22.546946,0.828478,shoulder_pan,0.0,0.2959,0.0,0.2637,2074,0,24,0,12.2,34,step_10,no_load,0.0
22.55715,0.838682,shoulder_pan,0.0,0.2959,0.0,0.2637,2074,0,24,0,12.2,34,step_10,no_load,0.0
22.567433,0.848965,shoulder_pan,0.0,0.2959,0.0,0.2637,2074,0,24,1,12.2,34,step_10,no_load,0.0
22.577701,0.859232,shoulder_pan,0.0,0.2959,0.0,0.2637,2074,0,24,0,12.2,34,step_10,no_load,0.0
22.588474,0.870006,shoulder_pan,0.0,0.2959,0.0,0.2637,2074,0,24,0,12.2,34,step_10,no_load,0.0
22.598537,0.880069,shoulder_pan,0.0,0.2959,0.0,0.2637,2074,0,24,0,12.2,34,step_10,no_load,0.0
22.609388,0.89092,shoulder_pan,0.0,0.2959,0.0,0.2637,2074,0,24,0,12.2,34,step_10,no_load,0.0
22.61996,0.901492,shoulder_pan,0.0,0.2959,0.0,0.2637,2074,0,24,0,12.2,34,step_10,no_load,0.0
22.63004,0.911571,shoulder_pan,0.0,0.2959,0.0,0.2637,2074,0,24,0,12.2,34,step_10,no_load,0.0
22.640602,0.922134,shoulder_pan,0.0,0.3945,0.0,0.3516,2075,50,32,1,12.2,34,step_10,no_load,8.322
22.650812,0.932344,shoulder_pan,0.0,0.3945,0.0,0.3516,2075,50,32,0,12.2,34,step_10,no_load,0.0
22.661177,0.942708,shoulder_pan,0.0,0.3945,0.0,0.3516,2075,0,28,0,12.2,34,step_10,no_load,0.0
22.671308,0.95284,shoulder_pan,0.0,0.3945,0.0,0.3516,2075,0,28,0,12.2,34,step_10,no_load,0.0
22.681675,0.963207,shoulder_pan,0.0,0.3945,0.0,0.3516,2075,0,28,1,12.2,34,step_10,no_load,0.0
22.691821,0.973353,shoulder_pan,0.0,0.3945,0.0,0.3516,2075,0,28,1,12.2,34,step_10,no_load,0.0
22.702152,0.983684,shoulder_pan,0.0,0.3945,0.0,0.3516,2075,0,28,0,12.2,34,step_10,no_load,0.0
22.712362,0.993894,shoulder_pan,0.0,0.3945,0.0,0.3516,2075,0,28,1,12.2,34,step_10,no_load,0.0
22.722599,1.004131,shoulder_pan,0.0,0.3945,0.0,0.3516,2075,0,28,0,12.2,34,step_10,no_load,0.0
22.733266,1.014797,shoulder_pan,0.0,0.3945,0.0,0.3516,2075,0,28,0,12.2,34,step_10,no_load,0.0
22.743704,1.025235,shoulder_pan,0.0,0.3945,0.0,0.3516,2075,0,28,0,12.2,34,step_10,no_load,0.0
22.753829,1.035361,shoulder_pan,0.0,0.3945,0.0,0.3516,2075,0,28,1,12.2,34,step_10,no_load,0.0
22.764111,1.045643,shoulder_pan,0.0,0.3945,0.0,0.3516,2075,0,28,0,12.2,34,step_10,no_load,0.0
22.774861,1.056392,shoulder_pan,0.0,0.3945,0.0,0.3516,2075,0,28,1,12.2,34,step_10,no_load,0.0
22.78526,1.066792,shoulder_pan,0.0,0.3945,0.0,0.3516,2075,0,28,0,12.2,34,step_10,no_load,0.0
22.795839,1.077371,shoulder_pan,0.0,0.3945,0.0,0.3516,2075,0,28,0,12.2,34,step_10,no_load,0.0
22.806604,1.088135,shoulder_pan,0.0,0.3945,0.0,0.3516,2075,0,28,0,12.2,34,step_10,no_load,0.0
22.817254,1.098785,shoulder_pan,0.0,0.3945,0.0,0.3516,2075,0,28,0,12.2,34,step_10,no_load,0.0
22.827418,1.108949,shoulder_pan,0.0,0.3945,0.0,0.3516,2075,0,28,0,12.2,34,step_10,no_load,0.0
22.837646,1.119178,shoulder_pan,0.0,0.3945,0.0,0.3516,2075,0,28,0,12.2,34,step_10,no_load,0.0
22.847908,1.12944,shoulder_pan,0.0,0.2959,0.0,0.2637,2074,0,24,0,12.2,34,step_10,no_load,-8.566
22.858489,1.140021,shoulder_pan,0.0,0.2959,0.0,0.2637,2074,-50,20,0,12.2,34,step_10,no_load,0.0
22.868917,1.150449,shoulder_pan,0.0,0.2959,0.0,0.2637,2074,-50,20,1,12.2,34,step_10,no_load,0.0
22.879042,1.160574,shoulder_pan,0.0,0.2959,0.0,0.2637,2074,0,24,0,12.3,34,step_10,no_load,0.0
22.890091,1.171623,shoulder_pan,0.0,0.2959,0.0,0.2637,2074,0,24,0,12.2,34,step_10,no_load,0.0
22.90027,1.181802,shoulder_pan,0.0,0.2959,0.0,0.2637,2074,0,24,0,12.2,34,step_10,no_load,0.0
22.910617,1.192149,shoulder_pan,0.0,0.2959,0.0,0.2637,2074,0,24,0,12.2,34,step_10,no_load,0.0
22.921991,4e-06,shoulder_pan,10.0,0.2959,8.9121,0.2637,2074,0,24,0,12.2,34,step_10,no_load,0.0
22.932714,0.010727,shoulder_pan,10.0,0.2959,8.9121,0.2637,2074,0,1048,0,12.2,34,step_10,no_load,0.0
22.943237,0.021251,shoulder_pan,10.0,0.2959,8.9121,0.2637,2074,0,1056,0,12.2,34,step_10,no_load,0.0
22.953505,0.031518,shoulder_pan,10.0,0.2959,8.9121,0.2637,2074,0,1124,5,12.2,34,step_10,no_load,0.0
22.963854,0.041867,shoulder_pan,10.0,0.2959,8.9121,0.2637,2074,0,1164,5,12.2,34,step_10,no_load,0.0
22.974383,0.052397,shoulder_pan,10.0,0.4931,8.9121,0.4395,2076,0,1252,13,12.2,34,step_10,no_load,16.697
22.985037,0.06305,shoulder_pan,10.0,0.789,8.9121,0.7031,2079,150,1296,17,12.1,34,step_10,no_load,24.742
22.995239,0.073252,shoulder_pan,10.0,1.2821,8.9121,1.1426,2084,150,1340,17,12.2,34,step_10,no_load,43.08
23.006073,0.084087,shoulder_pan,10.0,1.9724,8.9121,1.7578,2091,450,1372,21,12.1,34,step_10,no_load,56.784
23.016453,0.094466,shoulder_pan,10.0,2.6627,8.9121,2.373,2098,450,1328,11,12.2,34,step_10,no_load,59.268
23.026888,0.104901,shoulder_pan,10.0,3.3531,8.9121,2.9883,2105,650,1324,12,12.2,34,step_10,no_load,58.965
23.037348,0.115362,shoulder_pan,10.0,3.9448,8.9121,3.5156,2111,650,1280,8,12.2,34,step_10,no_load,50.411
23.047737,0.125751,shoulder_pan,10.0,4.5365,8.9121,4.043,2117,650,1256,8,12.2,34,step_10,no_load,50.765
23.058063,0.136076,shoulder_pan,10.0,5.2268,8.9121,4.6582,2124,600,1176,2,12.2,34,step_10,no_load,59.578
23.068231,0.146244,shoulder_pan,10.0,5.7199,8.9121,5.0977,2129,600,1152,3,12.2,34,step_10,no_load,43.224
23.078757,0.15677,shoulder_pan,10.0,6.3116,8.9121,5.625,2135,500,1144,2,12.2,34,step_10,no_load,50.095
23.089048,0.167062,shoulder_pan,10.0,6.7061,8.9121,5.9766,2139,500,1124,1,12.2,34,step_10,no_load,34.166
23.099515,0.177528,shoulder_pan,10.0,7.3964,8.9121,6.5918,2146,550,1092,0,12.2,34,step_10,no_load,58.775
23.11016,0.188173,shoulder_pan,10.0,7.8895,8.9121,7.0312,2151,550,1072,0,12.2,34,step_10,no_load,41.278
23.120626,0.198639,shoulder_pan,10.0,8.284,8.9121,7.3828,2155,500,1060,0,12.2,34,step_10,no_load,33.594
23.130911,0.208924,shoulder_pan,10.0,8.4813,8.9121,7.5586,2157,500,1052,0,12.2,34,step_10,no_load,17.093
23.141074,0.219088,shoulder_pan,10.0,8.6785,8.9121,7.7344,2159,150,1068,0,12.2,34,step_10,no_load,17.298
23.152116,0.230129,shoulder_pan,10.0,8.7771,8.9121,7.8223,2160,150,1068,0,12.2,34,step_10,no_load,7.961
23.162298,0.240311,shoulder_pan,10.0,8.9744,8.9121,7.998,2162,150,1064,0,12.2,34,step_10,no_load,17.256
23.17247,0.250483,shoulder_pan,10.0,9.073,8.9121,8.0859,2163,150,1064,0,12.2,34,step_10,no_load,8.641
23.182618,0.260631,shoulder_pan,10.0,9.073,8.9121,8.0859,2163,100,1064,0,12.2,34,step_10,no_load,0.0
23.192857,0.27087,shoulder_pan,10.0,9.073,8.9121,8.0859,2163,100,1072,0,12.2,34,step_10,no_load,0.0
23.2031,0.281114,shoulder_pan,10.0,9.073,8.9121,8.0859,2163,0,1072,0,12.2,34,step_10,no_load,0.0
23.213511,0.291525,shoulder_pan,10.0,8.8757,8.9121,7.9102,2161,0,1088,1,12.2,34,step_10,no_load,-16.876
23.224211,0.302225,shoulder_pan,10.0,8.7771,8.9121,7.8223,2160,-100,1092,1,12.2,34,step_10,no_load,-8.215
23.234449,0.312463,shoulder_pan,10.0,8.7771,8.9121,7.8223,2160,-100,1088,1,12.2,34,step_10,no_load,0.0
23.245512,0.323525,shoulder_pan,10.0,8.7771,8.9121,7.8223,2160,-50,1088,0,12.2,34,step_10,no_load,0.0
23.255765,0.333778,shoulder_pan,10.0,8.7771,8.9121,7.8223,2160,-50,1084,2,12.2,34,step_10,no_load,0.0
23.266241,0.344254,shoulder_pan,10.0,8.7771,8.9121,7.8223,2160,0,1084,2,12.2,34,step_10,no_load,0.0
23.276783,0.354796,shoulder_pan,10.0,8.7771,8.9121,7.8223,2160,0,1084,2,12.2,34,step_10,no_load,0.0
23.287264,0.365278,shoulder_pan,10.0,8.7771,8.9121,7.8223,2160,0,1084,2,12.2,34,step_10,no_load,0.0
23.29745,0.375463,shoulder_pan,10.0,8.7771,8.9121,7.8223,2160,0,1080,2,12.2,34,step_10,no_load,0.0
23.307596,0.385609,shoulder_pan,10.0,8.8757,8.9121,7.9102,2161,0,1080,1,12.2,34,step_10,no_load,8.664
23.318417,0.396431,shoulder_pan,10.0,8.8757,8.9121,7.9102,2161,50,1076,1,12.2,34,step_10,no_load,0.0
23.329261,0.407274,shoulder_pan,10.0,8.9744,8.9121,7.998,2162,50,1072,1,12.2,34,step_10,no_load,8.097
23.340414,0.418427,shoulder_pan,10.0,8.9744,8.9121,7.998,2162,50,1072,1,12.2,34,step_10,no_load,0.0
23.351454,0.429468,shoulder_pan,10.0,8.9744,8.9121,7.998,2162,50,1076,1,12.2,34,step_10,no_load,0.0
23.361807,0.439821,shoulder_pan,10.0,8.9744,8.9121,7.998,2162,0,1076,1,12.2,34,step_10,no_load,0.0
23.372745,0.450758,shoulder_pan,10.0,9.073,8.9121,8.0859,2163,0,1068,0,12.2,34,step_10,no_load,8.036
23.383081,0.461094,shoulder_pan,10.0,9.073,8.9121,8.0859,2163,50,1068,1,12.2,34,step_10,no_load,0.0
23.393401,0.471414,shoulder_pan,10.0,9.073,8.9121,8.0859,2163,50,1072,1,12.2,34,step_10,no_load,0.0
23.403743,0.481756,shoulder_pan,10.0,9.073,8.9121,8.0859,2163,0,1072,1,12.2,34,step_10,no_load,0.0
23.414039,0.492052,shoulder_pan,10.0,9.073,8.9121,8.0859,2163,0,1072,1,12.2,34,step_10,no_load,0.0
23.424349,0.502363,shoulder_pan,10.0,9.073,8.9121,8.0859,2163,0,1072,0,12.2,34,step_10,no_load,0.0
23.434666,0.512679,shoulder_pan,10.0,9.073,8.9121,8.0859,2163,0,1072,1,12.2,34,step_10,no_load,0.0
23.44579,0.523804,shoulder_pan,10.0,9.073,8.9121,8.0859,2163,0,1072,0,12.2,34,step_10,no_load,0.0
23.456361,0.534374,shoulder_pan,10.0,9.073,8.9121,8.0859,2163,0,1072,1,12.2,34,step_10,no_load,0.0
23.466931,0.544944,shoulder_pan,10.0,9.073,8.9121,8.0859,2163,0,1072,1,12.2,34,step_10,no_load,0.0
23.477329,0.555342,shoulder_pan,10.0,9.073,8.9121,8.0859,2163,0,1072,0,12.2,34,step_10,no_load,0.0
23.487537,0.56555,shoulder_pan,10.0,9.073,8.9121,8.0859,2163,0,1072,1,12.2,34,step_10,no_load,0.0
23.497886,0.575899,shoulder_pan,10.0,9.073,8.9121,8.0859,2163,0,1072,1,12.2,33,step_10,no_load,0.0
23.508039,0.586052,shoulder_pan,10.0,9.073,8.9121,8.0859,2163,0,1072,1,12.2,34,step_10,no_load,0.0
23.518786,0.5968,shoulder_pan,10.0,9.073,8.9121,8.0859,2163,0,1072,2,12.2,34,step_10,no_load,0.0
23.529502,0.607516,shoulder_pan,10.0,9.073,8.9121,8.0859,2163,0,1072,1,12.2,34,step_10,no_load,0.0
23.540108,0.618122,shoulder_pan,10.0,9.073,8.9121,8.0859,2163,0,1072,1,12.2,34,step_10,no_load,0.0
23.550859,0.628873,shoulder_pan,10.0,9.073,8.9121,8.0859,2163,0,1072,1,12.2,34,step_10,no_load,0.0
23.561265,0.639279,shoulder_pan,10.0,9.073,8.9121,8.0859,2163,0,1072,1,12.2,34,step_10,no_load,0.0
23.571627,0.64964,shoulder_pan,10.0,9.073,8.9121,8.0859,2163,0,1072,1,12.2,34,step_10,no_load,0.0
23.582216,0.660229,shoulder_pan,10.0,9.073,8.9121,8.0859,2163,0,1072,1,12.2,34,step_10,no_load,0.0
23.592563,0.670576,shoulder_pan,10.0,9.073,8.9121,8.0859,2163,0,1072,1,12.2,34,step_10,no_load,0.0
23.602859,0.680873,shoulder_pan,10.0,9.073,8.9121,8.0859,2163,0,1072,0,12.2,34,step_10,no_load,0.0
23.613904,0.691918,shoulder_pan,10.0,9.073,8.9121,8.0859,2163,0,1072,1,12.2,34,step_10,no_load,0.0
23.624451,0.702464,shoulder_pan,10.0,9.073,8.9121,8.0859,2163,0,1072,1,12.2,34,step_10,no_load,0.0
23.634731,0.712745,shoulder_pan,10.0,9.073,8.9121,8.0859,2163,0,1072,1,12.2,34,step_10,no_load,0.0
23.645104,0.723118,shoulder_pan,10.0,9.073,8.9121,8.0859,2163,0,1072,1,12.2,34,step_10,no_load,0.0
23.655308,0.733321,shoulder_pan,10.0,9.073,8.9121,8.0859,2163,0,1072,1,12.2,34,step_10,no_load,0.0
23.666183,0.744197,shoulder_pan,10.0,9.073,8.9121,8.0859,2163,0,1072,1,12.2,34,step_10,no_load,0.0
23.676636,0.75465,shoulder_pan,10.0,9.073,8.9121,8.0859,2163,0,1072,1,12.2,34,step_10,no_load,0.0
23.687142,0.765155,shoulder_pan,10.0,9.073,8.9121,8.0859,2163,0,1072,1,12.2,34,step_10,no_load,0.0
23.697364,0.775378,shoulder_pan,10.0,9.073,8.9121,8.0859,2163,0,1072,1,12.2,34,step_10,no_load,0.0
23.707672,0.785685,shoulder_pan,10.0,9.073,8.9121,8.0859,2163,0,1072,1,12.2,34,step_10,no_load,0.0
23.717912,0.795926,shoulder_pan,10.0,9.073,8.9121,8.0859,2163,0,1072,1,12.2,34,step_10,no_load,0.0
23.728285,0.806299,shoulder_pan,10.0,9.073,8.9121,8.0859,2163,0,1072,2,12.2,34,step_10,no_load,0.0
23.738612,0.816626,shoulder_pan,10.0,9.073,8.9121,8.0859,2163,0,1072,1,12.2,34,step_10,no_load,0.0
23.749078,0.827092,shoulder_pan,10.0,9.073,8.9121,8.0859,2163,0,1072,1,12.2,34,step_10,no_load,0.0
23.760046,0.838059,shoulder_pan,10.0,9.073,8.9121,8.0859,2163,0,1072,1,12.2,34,step_10,no_load,0.0
23.770343,0.848356,shoulder_pan,10.0,9.073,8.9121,8.0859,2163,0,1072,1,12.2,34,step_10,no_load,0.0
23.78096,0.858974,shoulder_pan,10.0,9.073,8.9121,8.0859,2163,0,1072,1,12.3,34,step_10,no_load,0.0
23.791192,0.869206,shoulder_pan,10.0,9.073,8.9121,8.0859,2163,0,1072,1,12.2,34,step_10,no_load,0.0
23.801307,0.879321,shoulder_pan,10.0,9.073,8.9121,8.0859,2163,0,1072,1,12.2,34,step_10,no_load,0.0
23.811601,0.889615,shoulder_pan,10.0,9.073,8.9121,8.0859,2163,0,1072,1,12.2,34,step_10,no_load,0.0
23.822139,0.900152,shoulder_pan,10.0,9.073,8.9121,8.0859,2163,0,1072,2,12.2,34,step_10,no_load,0.0
23.832479,0.910492,shoulder_pan,10.0,8.9744,8.9121,7.998,2162,0,1080,1,12.2,34,step_10,no_load,-8.501
23.843147,0.92116,shoulder_pan,10.0,8.9744,8.9121,7.998,2162,-50,1080,2,12.2,34,step_10,no_load,0.0
23.853493,0.931507,shoulder_pan,10.0,8.9744,8.9121,7.998,2162,-50,1076,1,12.2,34,step_10,no_load,0.0
23.864151,0.942164,shoulder_pan,10.0,8.9744,8.9121,7.998,2162,0,1076,1,12.2,34,step_10,no_load,0.0
23.874961,0.952974,shoulder_pan,10.0,8.9744,8.9121,7.998,2162,0,1076,1,12.2,34,step_10,no_load,0.0
23.885215,0.963228,shoulder_pan,10.0,8.9744,8.9121,7.998,2162,0,1076,1,12.2,34,step_10,no_load,0.0
23.896286,0.9743,shoulder_pan,10.0,8.9744,8.9121,7.998,2162,0,1076,1,12.2,34,step_10,no_load,0.0
23.906924,0.984937,shoulder_pan,10.0,8.9744,8.9121,7.998,2162,0,1076,1,12.2,34,step_10,no_load,0.0
23.91723,0.995243,shoulder_pan,10.0,8.9744,8.9121,7.998,2162,0,1076,1,12.2,34,step_10,no_load,0.0
23.927794,1.005807,shoulder_pan,10.0,8.9744,8.9121,7.998,2162,0,1076,2,12.2,34,step_10,no_load,0.0
23.938112,1.016126,shoulder_pan,10.0,8.9744,8.9121,7.998,2162,0,1076,2,12.2,34,step_10,no_load,0.0
23.948342,1.026356,shoulder_pan,10.0,8.9744,8.9121,7.998,2162,0,1076,1,12.2,34,step_10,no_load,0.0
23.958575,1.036588,shoulder_pan,10.0,8.9744,8.9121,7.998,2162,0,1076,2,12.2,34,step_10,no_load,0.0
23.969138,1.047151,shoulder_pan,10.0,8.9744,8.9121,7.998,2162,0,1076,1,12.2,34,step_10,no_load,0.0
23.979994,1.058008,shoulder_pan,10.0,8.9744,8.9121,7.998,2162,0,1076,2,12.2,34,step_10,no_load,0.0
23.990452,1.068466,shoulder_pan,10.0,8.9744,8.9121,7.998,2162,0,1076,1,12.2,34,step_10,no_load,0.0
24.001106,1.07912,shoulder_pan,10.0,8.9744,8.9121,7.998,2162,0,1076,1,12.2,34,step_10,no_load,0.0
24.011419,1.089433,shoulder_pan,10.0,8.9744,8.9121,7.998,2162,0,1076,1,12.2,34,step_10,no_load,0.0
24.02197,1.099983,shoulder_pan,10.0,8.9744,8.9121,7.998,2162,0,1076,2,12.2,34,step_10,no_load,0.0
24.032288,1.110301,shoulder_pan,10.0,8.9744,8.9121,7.998,2162,0,1076,1,12.2,34,step_10,no_load,0.0
24.042592,1.120605,shoulder_pan,10.0,8.9744,8.9121,7.998,2162,0,1076,1,12.2,34,step_10,no_load,0.0
24.053103,1.131116,shoulder_pan,10.0,8.9744,8.9121,7.998,2162,0,1076,1,12.2,34,step_10,no_load,0.0
24.06344,1.141454,shoulder_pan,10.0,8.9744,8.9121,7.998,2162,0,1076,1,12.2,34,step_10,no_load,0.0
24.074035,1.152049,shoulder_pan,10.0,8.9744,8.9121,7.998,2162,0,1076,1,12.2,34,step_10,no_load,0.0
24.084333,1.162346,shoulder_pan,10.0,8.9744,8.9121,7.998,2162,0,1076,1,12.2,34,step_10,no_load,0.0
24.094699,1.172713,shoulder_pan,10.0,8.9744,8.9121,7.998,2162,0,1076,1,12.2,34,step_10,no_load,0.0
24.105289,1.183302,shoulder_pan,10.0,8.9744,8.9121,7.998,2162,0,1076,2,12.2,34,step_10,no_load,0.0
24.116183,1.194197,shoulder_pan,10.0,8.9744,8.9121,7.998,2162,0,1076,1,12.2,34,step_10,no_load,0.0
