time,time_since_command,joint_name,commanded_norm,actual_norm,commanded_deg,actual_deg,raw_ticks,speed_raw,load_raw,current_raw,voltage,temperature,experiment_id,load_condition,measured_vel_deg_s
0.001083,4e-06,shoulder_lift,-30.0,-28.7044,-33.9873,-32.5195,1661,0,80,4,12.3,36,staircase2,loaded,0.0
0.012072,0.010993,shoulder_lift,-30.0,-28.7044,-33.9873,-32.5195,1661,0,80,3,12.3,36,staircase2,loaded,0.0
0.023141,0.022062,shoulder_lift,-30.0,-28.7044,-33.9873,-32.5195,1661,0,80,4,12.3,36,staircase2,loaded,0.0
0.034288,0.033209,shoulder_lift,-30.0,-28.7044,-33.9873,-32.5195,1661,0,80,3,12.3,36,staircase2,loaded,0.0
0.045041,0.043962,shoulder_lift,-30.0,-28.7044,-33.9873,-32.5195,1661,0,80,3,12.3,35,staircase2,loaded,0.0
0.056011,0.054932,shoulder_lift,-30.0,-28.7044,-33.9873,-32.5195,1661,0,80,4,12.3,36,staircase2,loaded,0.0
0.066775,0.065696,shoulder_lift,-30.0,-28.7044,-33.9873,-32.5195,1661,0,80,3,12.4,36,staircase2,loaded,0.0
0.077687,0.076608,shoulder_lift,-30.0,-28.7044,-33.9873,-32.5195,1661,0,80,4,12.3,36,staircase2,loaded,0.0
0.088755,0.087676,shoulder_lift,-30.0,-28.7044,-33.9873,-32.5195,1661,0,80,3,12.3,36,staircase2,loaded,0.0
0.099912,0.098833,shoulder_lift,-30.0,-28.7044,-33.9873,-32.5195,1661,0,80,3,12.3,36,staircase2,loaded,0.0
0.111029,0.109949,shoulder_lift,-30.0,-28.7044,-33.9873,-32.5195,1661,0,80,3,12.3,36,staircase2,loaded,0.0
0.121886,0.120807,shoulder_lift,-30.0,-28.7044,-33.9873,-32.5195,1661,0,80,3,12.3,36,staircase2,loaded,0.0
0.132616,0.131537,shoulder_lift,-30.0,-28.7044,-33.9873,-32.5195,1661,0,80,3,12.3,36,staircase2,loaded,0.0
0.143594,0.142515,shoulder_lift,-30.0,-28.7044,-33.9873,-32.5195,1661,0,80,3,12.3,36,staircase2,loaded,0.0
0.154719,0.15364,shoulder_lift,-30.0,-28.7044,-33.9873,-32.5195,1661,0,80,3,12.3,36,staircase2,loaded,0.0
0.165682,0.164603,shoulder_lift,-30.0,-28.7044,-33.9873,-32.5195,1661,0,80,3,12.3,36,staircase2,loaded,0.0
0.175962,0.174883,shoulder_lift,-30.0,-28.7044,-33.9873,-32.5195,1661,0,80,3,12.3,36,staircase2,loaded,0.0
0.186782,0.185702,shoulder_lift,-30.0,-28.7044,-33.9873,-32.5195,1661,0,80,3,12.4,36,staircase2,loaded,0.0
0.197999,0.19692,shoulder_lift,-30.0,-28.7044,-33.9873,-32.5195,1661,0,80,3,12.3,36,staircase2,loaded,0.0
0.208618,0.207539,shoulder_lift,-30.0,-28.7044,-33.9873,-32.5195,1661,0,80,3,12.3,36,staircase2,loaded,0.0
0.219665,0.218586,shoulder_lift,-30.0,-28.7044,-33.9873,-32.5195,1661,0,80,3,12.3,36,staircase2,loaded,0.0
0.230774,0.229695,shoulder_lift,-30.0,-28.7044,-33.9873,-32.5195,1661,0,80,3,12.4,36,staircase2,loaded,0.0
0.241513,0.240434,shoulder_lift,-30.0,-28.7044,-33.9873,-32.5195,1661,0,80,3,12.3,36,staircase2,loaded,0.0
0.252599,0.25152,shoulder_lift,-30.0,-28.7044,-33.9873,-32.5195,1661,0,80,3,12.3,36,staircase2,loaded,0.0
0.26341,0.262331,shoulder_lift,-30.0,-28.7044,-33.9873,-32.5195,1661,0,80,3,12.3,35,staircase2,loaded,0.0
0.274656,0.273577,shoulder_lift,-30.0,-28.7044,-33.9873,-32.5195,1661,0,80,3,12.3,36,staircase2,loaded,0.0
0.285378,0.284299,shoulder_lift,-30.0,-28.7044,-33.9873,-32.5195,1661,0,80,3,12.3,36,staircase2,loaded,0.0
0.296216,0.295137,shoulder_lift,-30.0,-28.7044,-33.9873,-32.5195,1661,0,80,3,12.3,35,staircase2,loaded,0.0
0.3069,0.305821,shoulder_lift,-30.0,-28.7044,-33.9873,-32.5195,1661,0,80,4,12.3,36,staircase2,loaded,0.0
0.317703,0.316624,shoulder_lift,-30.0,-28.7044,-33.9873,-32.5195,1661,0,80,3,12.3,36,staircase2,loaded,0.0
0.328661,0.327582,shoulder_lift,-30.0,-28.7044,-33.9873,-32.5195,1661,0,80,3,12.3,35,staircase2,loaded,0.0
0.339339,0.338259,shoulder_lift,-30.0,-28.7044,-33.9873,-32.5195,1661,0,80,3,12.3,36,staircase2,loaded,0.0
0.34986,0.348781,shoulder_lift,-30.0,-28.7044,-33.9873,-32.5195,1661,0,80,3,12.3,35,staircase2,loaded,0.0
0.360811,0.359732,shoulder_lift,-30.0,-28.7044,-33.9873,-32.5195,1661,0,80,3,12.3,36,staircase2,loaded,0.0
0.371843,0.370763,shoulder_lift,-30.0,-28.7044,-33.9873,-32.5195,1661,0,80,3,12.3,35,staircase2,loaded,0.0
0.382539,0.38146,shoulder_lift,-30.0,-28.7044,-33.9873,-32.5195,1661,0,80,3,12.3,36,staircase2,loaded,0.0
0.392839,0.39176,shoulder_lift,-30.0,-28.7044,-33.9873,-32.5195,1661,0,80,3,12.3,36,staircase2,loaded,0.0
0.40324,0.402161,shoulder_lift,-30.0,-28.7044,-33.9873,-32.5195,1661,0,80,3,12.4,36,staircase2,loaded,0.0
0.413914,0.412835,shoulder_lift,-30.0,-28.7044,-33.9873,-32.5195,1661,0,80,3,12.3,36,staircase2,loaded,0.0
0.424131,0.423051,shoulder_lift,-30.0,-28.7044,-33.9873,-32.5195,1661,0,80,3,12.3,36,staircase2,loaded,0.0
0.43449,0.433411,shoulder_lift,-30.0,-28.7044,-33.9873,-32.5195,1661,0,80,3,12.3,36,staircase2,loaded,0.0
0.445106,0.444027,shoulder_lift,-30.0,-28.7044,-33.9873,-32.5195,1661,0,80,3,12.3,35,staircase2,loaded,0.0
0.455687,0.454608,shoulder_lift,-30.0,-28.7044,-33.9873,-32.5195,1661,0,80,3,12.3,35,staircase2,loaded,0.0
0.46606,0.464981,shoulder_lift,-30.0,-28.7044,-33.9873,-32.5195,1661,0,80,3,12.3,35,staircase2,loaded,0.0
0.476581,0.475502,shoulder_lift,-30.0,-28.7044,-33.9873,-32.5195,1661,0,80,3,12.3,35,staircase2,loaded,0.0
0.487056,0.485976,shoulder_lift,-30.0,-28.7044,-33.9873,-32.5195,1661,0,80,3,12.3,36,staircase2,loaded,0.0
0.497425,0.496346,shoulder_lift,-30.0,-28.7044,-33.9873,-32.5195,1661,0,80,3,12.3,36,staircase2,loaded,0.0
0.507723,0.506644,shoulder_lift,-30.0,-28.7044,-33.9873,-32.5195,1661,0,80,3,12.3,36,staircase2,loaded,0.0
0.518331,0.517251,shoulder_lift,-30.0,-28.7044,-33.9873,-32.5195,1661,0,80,3,12.3,36,staircase2,loaded,0.0
0.52891,0.527831,shoulder_lift,-30.0,-28.7044,-33.9873,-32.5195,1661,0,80,3,12.3,36,staircase2,loaded,0.0
0.539267,0.538188,shoulder_lift,-30.0,-28.7044,-33.9873,-32.5195,1661,0,80,3,12.3,36,staircase2,loaded,0.0
0.549935,0.548855,shoulder_lift,-30.0,-28.7044,-33.9873,-32.5195,1661,0,80,3,12.3,36,staircase2,loaded,0.0
0.560604,0.559525,shoulder_lift,-30.0,-28.7044,-33.9873,-32.5195,1661,0,80,3,12.3,36,staircase2,loaded,0.0
0.571571,0.570492,shoulder_lift,-30.0,-28.7044,-33.9873,-32.5195,1661,0,80,4,12.3,36,staircase2,loaded,0.0
0.58214,0.581061,shoulder_lift,-30.0,-28.7044,-33.9873,-32.5195,1661,0,80,3,12.3,35,staircase2,loaded,0.0
0.592532,0.591453,shoulder_lift,-30.0,-28.7044,-33.9873,-32.5195,1661,0,80,3,12.3,36,staircase2,loaded,0.0
0.603007,0.601927,shoulder_lift,-30.0,-28.7044,-33.9873,-32.5195,1661,0,80,3,12.3,36,staircase2,loaded,0.0
0.613335,0.612255,shoulder_lift,-30.0,-28.7044,-33.9873,-32.5195,1661,0,80,3,12.3,36,staircase2,loaded,0.0
0.624039,0.622959,shoulder_lift,-30.0,-28.7044,-33.9873,-32.5195,1661,0,80,3,12.3,36,staircase2,loaded,0.0
0.634861,0.633781,shoulder_lift,-30.0,-28.7044,-33.9873,-32.5195,1661,0,80,3,12.3,35,staircase2,loaded,0.0
0.645712,0.644633,shoulder_lift,-30.0,-28.7044,-33.9873,-32.5195,1661,0,80,3,12.3,36,staircase2,loaded,0.0
0.656605,0.655525,shoulder_lift,-30.0,-28.7044,-33.9873,-32.5195,1661,0,80,3,12.3,36,staircase2,loaded,0.0
0.667396,0.666316,shoulder_lift,-30.0,-28.7044,-33.9873,-32.5195,1661,0,80,3,12.2,35,staircase2,loaded,0.0
0.678569,0.67749,shoulder_lift,-30.0,-28.7044,-33.9873,-32.5195,1661,0,80,3,12.3,36,staircase2,loaded,0.0
0.689503,0.688424,shoulder_lift,-30.0,-28.7044,-33.9873,-32.5195,1661,0,80,3,12.3,36,staircase2,loaded,0.0
0.700428,0.699349,shoulder_lift,-30.0,-28.7044,-33.9873,-32.5195,1661,0,80,3,12.3,36,staircase2,loaded,0.0
0.71135,0.710271,shoulder_lift,-30.0,-28.7044,-33.9873,-32.5195,1661,0,80,3,12.3,36,staircase2,loaded,0.0
0.722095,0.721016,shoulder_lift,-30.0,-28.7044,-33.9873,-32.5195,1661,0,80,3,12.3,36,staircase2,loaded,0.0
0.732724,0.731645,shoulder_lift,-30.0,-28.7044,-33.9873,-32.5195,1661,0,80,3,12.3,36,staircase2,loaded,0.0
0.743537,0.742457,shoulder_lift,-30.0,-28.7044,-33.9873,-32.5195,1661,0,80,3,12.3,36,staircase2,loaded,0.0
0.754156,0.753077,shoulder_lift,-30.0,-28.7044,-33.9873,-32.5195,1661,0,80,3,12.4,36,staircase2,loaded,0.0
0.765382,0.764303,shoulder_lift,-30.0,-28.7044,-33.9873,-32.5195,1661,0,80,3,12.3,36,staircase2,loaded,0.0
0.776281,0.775202,shoulder_lift,-30.0,-28.7044,-33.9873,-32.5195,1661,0,80,4,12.3,36,staircase2,loaded,0.0
0.787364,0.786285,shoulder_lift,-30.0,-28.7044,-33.9873,-32.5195,1661,0,80,3,12.3,36,staircase2,loaded,0.0
0.798396,0.797317,shoulder_lift,-30.0,-28.7044,-33.9873,-32.5195,1661,0,80,4,12.3,36,staircase2,loaded,0.0
0.808984,0.807904,shoulder_lift,-30.0,-28.7044,-33.9873,-32.5195,1661,0,80,3,12.3,35,staircase2,loaded,0.0
0.819846,0.818766,shoulder_lift,-30.0,-28.7044,-33.9873,-32.5195,1661,0,80,3,12.3,36,staircase2,loaded,0.0
0.830677,0.829598,shoulder_lift,-30.0,-28.7044,-33.9873,-32.5195,1661,0,80,3,12.3,35,staircase2,loaded,0.0
0.841292,0.840212,shoulder_lift,-30.0,-28.7044,-33.9873,-32.5195,1661,0,80,3,12.3,36,staircase2,loaded,0.0
0.852346,0.851267,shoulder_lift,-30.0,-28.7044,-33.9873,-32.5195,1661,0,80,3,12.3,36,staircase2,loaded,0.0
0.863541,0.862462,shoulder_lift,-30.0,-28.7044,-33.9873,-32.5195,1661,0,80,3,12.3,35,staircase2,loaded,0.0
0.87429,0.87321,shoulder_lift,-30.0,-28.7044,-33.9873,-32.5195,1661,0,80,2,12.3,36,staircase2,loaded,0.0
0.885469,0.88439,shoulder_lift,-30.0,-28.7044,-33.9873,-32.5195,1661,0,80,3,12.3,35,staircase2,loaded,0.0
0.895712,0.894633,shoulder_lift,-30.0,-28.7044,-33.9873,-32.5195,1661,0,80,4,12.3,36,staircase2,loaded,0.0
0.905858,0.904779,shoulder_lift,-30.0,-28.7044,-33.9873,-32.5195,1661,0,80,3,12.3,36,staircase2,loaded,0.0
0.91687,0.915791,shoulder_lift,-30.0,-28.7044,-33.9873,-32.5195,1661,0,80,3,12.3,36,staircase2,loaded,0.0
0.927746,0.926666,shoulder_lift,-30.0,-28.7044,-33.9873,-32.5195,1661,0,80,3,12.3,36,staircase2,loaded,0.0
0.938319,0.93724,shoulder_lift,-30.0,-28.7044,-33.9873,-32.5195,1661,0,80,4,12.3,36,staircase2,loaded,0.0
0.949333,0.948254,shoulder_lift,-30.0,-28.7044,-33.9873,-32.5195,1661,0,80,3,12.3,36,staircase2,loaded,0.0
0.960373,0.959294,shoulder_lift,-30.0,-28.7044,-33.9873,-32.5195,1661,0,80,3,12.3,36,staircase2,loaded,0.0
0.971104,0.970025,shoulder_lift,-30.0,-28.7044,-33.9873,-32.5195,1661,0,80,3,12.3,36,staircase2,loaded,0.0
0.982277,0.981198,shoulder_lift,-30.0,-28.7044,-33.9873,-32.5195,1661,0,80,3,12.3,35,staircase2,loaded,0.0
0.993024,0.991945,shoulder_lift,-30.0,-28.7044,-33.9873,-32.5195,1661,0,80,3,12.3,36,staircase2,loaded,0.0
1.004155,1.003076,shoulder_lift,-30.0,-28.7044,-33.9873,-32.5195,1661,0,80,2,12.3,36,staircase2,loaded,0.0
1.015188,1.014109,shoulder_lift,-30.0,-28.7044,-33.9873,-32.5195,1661,0,80,3,12.3,35,staircase2,loaded,0.0
1.025799,1.02472,shoulder_lift,-30.0,-28.7044,-33.9873,-32.5195,1661,0,80,2,12.4,36,staircase2,loaded,0.0
1.036779,1.0357,shoulder_lift,-30.0,-28.7044,-33.9873,-32.5195,1661,0,80,3,12.3,35,staircase2,loaded,0.0
1.047763,1.046684,shoulder_lift,-30.0,-28.7044,-33.9873,-32.5195,1661,0,80,3,12.3,35,staircase2,loaded,0.0
1.058464,1.057385,shoulder_lift,-30.0,-28.7044,-33.9873,-32.5195,1661,0,80,3,12.3,36,staircase2,loaded,0.0
1.069553,1.068473,shoulder_lift,-30.0,-28.7044,-33.9873,-32.5195,1661,0,80,3,12.3,36,staircase2,loaded,0.0
1.080473,1.079393,shoulder_lift,-30.0,-28.7044,-33.9873,-32.5195,1661,0,80,3,12.3,36,staircase2,loaded,0.0
1.091199,1.09012,shoulder_lift,-30.0,-28.7044,-33.9873,-32.5195,1661,0,80,3,12.3,36,staircase2,loaded,0.0
1.102158,1.101079,shoulder_lift,-30.0,-28.7044,-33.9873,-32.5195,1661,0,80,3,12.3,36,staircase2,loaded,0.0
1.113259,1.11218,shoulder_lift,-30.0,-28.7044,-33.9873,-32.5195,1661,0,80,4,12.3,36,staircase2,loaded,0.0
1.124084,1.123005,shoulder_lift,-30.0,-28.7044,-33.9873,-32.5195,1661,0,80,3,12.3,35,staircase2,loaded,0.0
1.135263,1.134184,shoulder_lift,-30.0,-28.7044,-33.9873,-32.5195,1661,0,80,3,12.3,36,staircase2,loaded,0.0
1.146201,1.145122,shoulder_lift,-30.0,-28.7044,-33.9873,-32.5195,1661,0,80,3,12.3,36,staircase2,loaded,0.0
1.156394,1.155314,shoulder_lift,-30.0,-28.7044,-33.9873,-32.5195,1661,0,80,3,12.3,37,staircase2,loaded,0.0
1.167322,1.166242,shoulder_lift,-30.0,-28.7044,-33.9873,-32.5195,1661,0,80,3,12.3,35,staircase2,loaded,0.0
1.178283,1.177204,shoulder_lift,-30.0,-28.7044,-33.9873,-32.5195,1661,0,80,3,12.3,35,staircase2,loaded,0.0
1.189004,1.187925,shoulder_lift,-30.0,-28.7044,-33.9873,-32.5195,1661,0,80,3,12.3,36,staircase2,loaded,0.0
1.200194,1.199115,shoulder_lift,-30.0,-28.7044,-33.9873,-32.5195,1661,0,80,4,12.3,36,staircase2,loaded,0.0
1.210967,1.209888,shoulder_lift,-30.0,-28.7044,-33.9873,-32.5195,1661,0,80,3,12.3,36,staircase2,loaded,0.0
1.22168,1.2206,shoulder_lift,-30.0,-28.7044,-33.9873,-32.5195,1661,0,80,4,12.3,36,staircase2,loaded,0.0
1.232519,1.231439,shoulder_lift,-30.0,-28.7044,-33.9873,-32.5195,1661,0,80,3,12.3,36,staircase2,loaded,0.0
1.243115,1.242035,shoulder_lift,-30.0,-28.7044,-33.9873,-32.5195,1661,0,80,3,12.3,35,staircase2,loaded,0.0
1.253978,1.252899,shoulder_lift,-30.0,-28.7044,-33.9873,-32.5195,1661,0,80,3,12.3,36,staircase2,loaded,0.0
1.264647,1.263568,shoulder_lift,-30.0,-28.7044,-33.9873,-32.5195,1661,0,80,3,12.4,36,staircase2,loaded,0.0
1.275338,1.274259,shoulder_lift,-30.0,-28.7044,-33.9873,-32.5195,1661,0,80,3,12.3,36,staircase2,loaded,0.0
1.286144,1.285065,shoulder_lift,-30.0,-28.7044,-33.9873,-32.5195,1661,0,80,3,12.3,36,staircase2,loaded,0.0
1.297252,1.296172,shoulder_lift,-30.0,-28.7044,-33.9873,-32.5195,1661,0,80,3,12.4,36,staircase2,loaded,0.0
1.307889,1.306809,shoulder_lift,-30.0,-28.7044,-33.9873,-32.5195,1661,0,80,3,12.3,35,staircase2,loaded,0.0
1.318864,1.317785,shoulder_lift,-30.0,-28.7044,-33.9873,-32.5195,1661,0,80,3,12.3,35,staircase2,loaded,0.0
1.329874,1.328794,shoulder_lift,-30.0,-28.7044,-33.9873,-32.5195,1661,0,80,3,12.3,36,staircase2,loaded,0.0
1.340697,1.339617,shoulder_lift,-30.0,-28.7044,-33.9873,-32.5195,1661,0,80,3,12.3,36,staircase2,loaded,0.0
1.351391,1.350312,shoulder_lift,-30.0,-28.7044,-33.9873,-32.5195,1661,0,80,3,12.3,36,staircase2,loaded,0.0
1.362268,1.361188,shoulder_lift,-30.0,-28.7044,-33.9873,-32.5195,1661,0,80,3,12.3,36,staircase2,loaded,0.0
1.373376,1.372296,shoulder_lift,-30.0,-28.7044,-33.9873,-32.5195,1661,0,80,3,12.3,35,staircase2,loaded,0.0
1.383502,1.382423,shoulder_lift,-30.0,-28.7044,-33.9873,-32.5195,1661,0,80,3,12.3,36,staircase2,loaded,0.0
1.394044,1.392964,shoulder_lift,-30.0,-28.7044,-33.9873,-32.5195,1661,0,80,4,12.4,36,staircase2,loaded,0.0
1.404662,1.403583,shoulder_lift,-30.0,-28.7044,-33.9873,-32.5195,1661,0,80,3,12.3,36,staircase2,loaded,0.0
1.415499,1.41442,shoulder_lift,-30.0,-28.7044,-33.9873,-32.5195,1661,0,80,3,12.4,36,staircase2,loaded,0.0
1.426165,1.425086,shoulder_lift,-30.0,-28.7044,-33.9873,-32.5195,1661,0,80,3,12.3,36,staircase2,loaded,0.0
1.436671,1.435591,shoulder_lift,-30.0,-28.7044,-33.9873,-32.5195,1661,0,80,4,12.3,36,staircase2,loaded,0.0
1.447597,1.446518,shoulder_lift,-30.0,-28.7044,-33.9873,-32.5195,1661,0,80,3,12.3,36,staircase2,loaded,0.0
1.458089,1.45701,shoulder_lift,-30.0,-28.7044,-33.9873,-32.5195,1661,0,80,3,12.3,36,staircase2,loaded,0.0
1.469037,1.467958,shoulder_lift,-30.0,-28.7044,-33.9873,-32.5195,1661,0,80,4,12.3,36,staircase2,loaded,0.0
1.479535,1.478455,shoulder_lift,-30.0,-28.7044,-33.9873,-32.5195,1661,0,80,3,12.3,36,staircase2,loaded,0.0
1.490067,1.488988,shoulder_lift,-30.0,-28.7044,-33.9873,-32.5195,1661,0,80,2,12.3,36,staircase2,loaded,0.0
1.500688,1.499609,shoulder_lift,-30.0,-28.7044,-33.9873,-32.5195,1661,0,80,3,12.3,36,staircase2,loaded,0.0
1.511107,1.510028,shoulder_lift,-30.0,-28.7044,-33.9873,-32.5195,1661,0,80,3,12.3,36,staircase2,loaded,0.0
1.521613,1.520533,shoulder_lift,-30.0,-28.7044,-33.9873,-32.5195,1661,0,80,3,12.3,36,staircase2,loaded,0.0
1.531932,1.530853,shoulder_lift,-30.0,-28.7044,-33.9873,-32.5195,1661,0,80,3,12.3,36,staircase2,loaded,0.0
1.542367,1.541288,shoulder_lift,-30.0,-28.7044,-33.9873,-32.5195,1661,0,80,3,12.3,36,staircase2,loaded,0.0
1.553187,1.552108,shoulder_lift,-30.0,-28.7044,-33.9873,-32.5195,1661,0,80,2,12.3,36,staircase2,loaded,0.0
1.564012,1.562933,shoulder_lift,-30.0,-28.7044,-33.9873,-32.5195,1661,0,80,3,12.3,36,staircase2,loaded,0.0
1.574578,1.573499,shoulder_lift,-30.0,-28.7044,-33.9873,-32.5195,1661,0,80,3,12.3,36,staircase2,loaded,0.0
1.585511,1.584432,shoulder_lift,-30.0,-28.7044,-33.9873,-32.5195,1661,0,80,3,12.3,36,staircase2,loaded,0.0
1.596306,1.595227,shoulder_lift,-30.0,-28.7044,-33.9873,-32.5195,1661,0,80,3,12.3,36,staircase2,loaded,0.0
1.607704,2e-06,shoulder_lift,-20.0,-28.7044,-22.6582,-32.5195,1661,0,80,3,12.3,36,staircase2,loaded,0.0
1.618655,0.010954,shoulder_lift,-20.0,-28.7044,-22.6582,-32.5195,1661,0,72,3,12.3,36,staircase2,loaded,0.0
1.629499,0.021797,shoulder_lift,-20.0,-28.7044,-22.6582,-32.5195,1661,0,52,1,12.3,35,staircase2,loaded,0.0
1.640174,0.032473,shoulder_lift,-20.0,-28.7044,-22.6582,-32.5195,1661,0,1076,0,12.3,36,staircase2,loaded,0.0
1.652336,0.044635,shoulder_lift,-20.0,-28.7044,-22.6582,-32.5195,1661,0,1116,3,12.3,36,staircase2,loaded,0.0
1.663178,0.055476,shoulder_lift,-20.0,-28.5493,-22.6582,-32.3437,1663,50,1188,6,12.3,36,staircase2,loaded,16.215
1.674043,0.066341,shoulder_lift,-20.0,-28.3165,-22.6582,-32.0801,1666,50,1288,14,12.3,36,staircase2,loaded,24.261
1.685065,0.077364,shoulder_lift,-20.0,-27.9286,-22.6582,-31.6406,1671,350,1344,16,12.2,36,staircase2,loaded,39.875
1.695956,0.088255,shoulder_lift,-20.0,-27.3856,-22.6582,-31.0254,1678,350,1364,12,12.3,36,staircase2,loaded,56.487
1.706691,0.098989,shoulder_lift,-20.0,-26.7649,-22.6582,-30.3223,1686,650,1380,8,12.3,36,staircase2,loaded,65.496
1.717887,0.110186,shoulder_lift,-20.0,-25.834,-22.6582,-29.2676,1698,650,1308,1,12.3,36,staircase2,loaded,94.203
1.728567,0.120865,shoulder_lift,-20.0,-24.9806,-22.6582,-28.3008,1709,950,1292,0,12.2,36,staircase2,loaded,90.524
1.73921,0.131508,shoulder_lift,-20.0,-24.0497,-22.6582,-27.2461,1721,950,1196,0,12.3,36,staircase2,loaded,99.098
1.750305,0.142603,shoulder_lift,-20.0,-23.1187,-22.6582,-26.1914,1733,1150,1152,0,12.3,36,staircase2,loaded,95.061
1.760987,0.153285,shoulder_lift,-20.0,-22.3429,-22.6582,-25.3125,1743,950,1072,0,12.3,36,staircase2,loaded,82.279
1.771847,0.164145,shoulder_lift,-20.0,-21.7998,-22.6582,-24.6973,1750,950,1044,0,12.3,36,staircase2,loaded,56.648
1.782707,0.175006,shoulder_lift,-20.0,-21.4119,-22.6582,-24.2578,1755,600,1048,0,12.3,36,staircase2,loaded,40.47
1.793503,0.185801,shoulder_lift,-20.0,-21.1016,-22.6582,-23.9063,1759,600,1056,0,12.3,36,staircase2,loaded,32.558
1.803697,0.195996,shoulder_lift,-20.0,-20.9465,-22.6582,-23.7305,1761,300,1052,0,12.3,36,staircase2,loaded,17.245
1.814497,0.206796,shoulder_lift,-20.0,-20.8689,-22.6582,-23.6426,1762,300,1072,0,12.3,36,staircase2,loaded,8.139
1.825092,0.21739,shoulder_lift,-20.0,-20.8689,-22.6582,-23.6426,1762,50,1072,0,12.4,36,staircase2,loaded,0.0
1.836042,0.228341,shoulder_lift,-20.0,-20.8689,-22.6582,-23.6426,1762,50,1080,0,12.3,36,staircase2,loaded,0.0
1.847062,0.239361,shoulder_lift,-20.0,-20.7913,-22.6582,-23.5547,1763,50,1076,0,12.3,36,staircase2,loaded,7.976
1.857594,0.249892,shoulder_lift,-20.0,-20.6362,-22.6582,-23.3789,1765,50,1060,0,12.3,36,staircase2,loaded,16.692
1.868514,0.260813,shoulder_lift,-20.0,-20.481,-22.6582,-23.2031,1767,100,1052,0,12.3,36,staircase2,loaded,16.099
1.879293,0.271592,shoulder_lift,-20.0,-20.3258,-22.6582,-23.0273,1769,200,20,0,12.3,36,staircase2,loaded,16.309
1.890372,0.282671,shoulder_lift,-20.0,-20.1707,-22.6582,-22.8516,1771,200,28,0,12.3,36,staircase2,loaded,15.859
1.900639,0.292938,shoulder_lift,-20.0,-20.0931,-22.6582,-22.7637,1772,150,32,0,12.3,36,staircase2,loaded,8.561
1.91096,0.303258,shoulder_lift,-20.0,-20.0155,-22.6582,-22.6758,1773,150,32,0,12.3,36,staircase2,loaded,8.517
1.922063,0.314361,shoulder_lift,-20.0,-20.0155,-22.6582,-22.6758,1773,50,0,0,12.3,36,staircase2,loaded,0.0
1.932852,0.325151,shoulder_lift,-20.0,-20.0155,-22.6582,-22.6758,1773,50,0,0,12.3,36,staircase2,loaded,0.0
1.943837,0.336136,shoulder_lift,-20.0,-20.1707,-22.6582,-22.8516,1771,-50,1044,1,12.3,36,staircase2,loaded,-16.004
1.954691,0.346989,shoulder_lift,-20.0,-20.2483,-22.6582,-22.9395,1770,-50,1056,1,12.3,36,staircase2,loaded,-8.098
1.965617,0.357916,shoulder_lift,-20.0,-20.3258,-22.6582,-23.0273,1769,-150,1060,0,12.3,36,staircase2,loaded,-8.036
1.976556,0.368854,shoulder_lift,-20.0,-20.3258,-22.6582,-23.0273,1769,-150,1056,0,12.3,36,staircase2,loaded,0.0
1.987701,0.379999,shoulder_lift,-20.0,-20.2483,-22.6582,-22.9395,1770,0,1052,0,12.3,36,staircase2,loaded,7.878
1.999239,0.391537,shoulder_lift,-20.0,-20.0931,-22.6582,-22.7637,1772,0,24,0,12.3,36,staircase2,loaded,15.237
2.009679,0.401977,shoulder_lift,-20.0,-20.0155,-22.6582,-22.6758,1773,150,24,0,12.3,36,staircase2,loaded,8.42
2.020621,0.412919,shoulder_lift,-20.0,-19.9379,-22.6582,-22.5879,1774,100,20,0,12.3,36,staircase2,loaded,8.033
2.031353,0.423651,shoulder_lift,-20.0,-19.9379,-22.6582,-22.5879,1774,100,20,0,12.3,36,staircase2,loaded,0.0
2.041802,0.434101,shoulder_lift,-20.0,-19.9379,-22.6582,-22.5879,1774,0,0,0,12.3,35,staircase2,loaded,0.0
2.052969,0.445268,shoulder_lift,-20.0,-20.0155,-22.6582,-22.6758,1773,0,0,0,12.3,35,staircase2,loaded,-7.871
2.063784,0.456082,shoulder_lift,-20.0,-20.0931,-22.6582,-22.7637,1772,-50,0,0,12.3,36,staircase2,loaded,-8.128
2.074804,0.467102,shoulder_lift,-20.0,-20.0931,-22.6582,-22.7637,1772,-50,0,0,12.4,35,staircase2,loaded,0.0
2.085605,0.477903,shoulder_lift,-20.0,-20.0931,-22.6582,-22.7637,1772,-50,0,0,12.3,36,staircase2,loaded,0.0
2.096284,0.488583,shoulder_lift,-20.0,-20.0931,-22.6582,-22.7637,1772,-50,0,0,12.3,36,staircase2,loaded,0.0
2.107277,0.499575,shoulder_lift,-20.0,-20.0931,-22.6582,-22.7637,1772,0,0,0,12.3,35,staircase2,loaded,0.0
2.118205,0.510503,shoulder_lift,-20.0,-20.0155,-22.6582,-22.6758,1773,0,0,0,12.3,36,staircase2,loaded,8.044
2.129312,0.521611,shoulder_lift,-20.0,-20.0155,-22.6582,-22.6758,1773,50,0,0,12.3,36,staircase2,loaded,0.0
2.139994,0.532293,shoulder_lift,-20.0,-20.0155,-22.6582,-22.6758,1773,0,0,0,12.3,36,staircase2,loaded,0.0
2.150999,0.543298,shoulder_lift,-20.0,-20.0155,-22.6582,-22.6758,1773,0,0,0,12.3,36,staircase2,loaded,0.0
2.161138,0.553436,shoulder_lift,-20.0,-20.0931,-22.6582,-22.7637,1772,-50,0,0,12.3,36,staircase2,loaded,-8.669
2.171879,0.564177,shoulder_lift,-20.0,-20.0931,-22.6582,-22.7637,1772,-50,0,0,12.3,36,staircase2,loaded,0.0
2.182089,0.574388,shoulder_lift,-20.0,-20.0931,-22.6582,-22.7637,1772,0,0,0,12.3,36,staircase2,loaded,0.0
2.192587,0.584885,shoulder_lift,-20.0,-20.0931,-22.6582,-22.7637,1772,0,0,0,12.3,36,staircase2,loaded,0.0
2.203439,0.595738,shoulder_lift,-20.0,-20.0931,-22.6582,-22.7637,1772,0,0,0,12.3,35,staircase2,loaded,0.0
2.214362,0.60666,shoulder_lift,-20.0,-20.0931,-22.6582,-22.7637,1772,0,0,0,12.3,35,staircase2,loaded,0.0
2.224636,0.616935,shoulder_lift,-20.0,-20.1707,-22.6582,-22.8516,1771,0,1048,0,12.3,36,staircase2,loaded,-8.556
2.235102,0.627401,shoulder_lift,-20.0,-20.2483,-22.6582,-22.9395,1770,0,1056,1,12.3,36,staircase2,loaded,-8.399
2.246079,0.638378,shoulder_lift,-20.0,-20.3258,-22.6582,-23.0273,1769,-150,1060,1,12.3,36,staircase2,loaded,-7.999
2.257234,0.649532,shoulder_lift,-20.0,-20.4034,-22.6582,-23.1152,1768,-150,1068,0,12.3,36,staircase2,loaded,-7.88
2.26824,0.660538,shoulder_lift,-20.0,-20.7137,-22.6582,-23.4668,1764,-100,1080,2,12.3,36,staircase2,loaded,-31.946
2.279384,0.671682,shoulder_lift,-20.0,-20.8689,-22.6582,-23.6426,1762,-250,1100,2,12.3,36,staircase2,loaded,-15.775
2.290484,0.682783,shoulder_lift,-20.0,-20.8689,-22.6582,-23.6426,1762,-250,1100,1,12.4,36,staircase2,loaded,0.0
2.301375,0.693674,shoulder_lift,-20.0,-20.8689,-22.6582,-23.6426,1762,0,1084,0,12.3,36,staircase2,loaded,0.0
2.3123,0.704598,shoulder_lift,-20.0,-20.8689,-22.6582,-23.6426,1762,0,1080,0,12.3,36,staircase2,loaded,0.0
2.3233,0.715598,shoulder_lift,-20.0,-20.8689,-22.6582,-23.6426,1762,0,1080,1,12.3,36,staircase2,loaded,0.0
2.334047,0.726345,shoulder_lift,-20.0,-20.8689,-22.6582,-23.6426,1762,0,1080,1,12.3,36,staircase2,loaded,0.0
2.345031,0.737329,shoulder_lift,-20.0,-20.8689,-22.6582,-23.6426,1762,0,1080,1,12.3,36,staircase2,loaded,0.0
2.356032,0.74833,shoulder_lift,-20.0,-20.8689,-22.6582,-23.6426,1762,0,1076,1,12.3,36,staircase2,loaded,0.0
2.366938,0.759236,shoulder_lift,-20.0,-20.6362,-22.6582,-23.3789,1765,50,1064,0,12.3,36,staircase2,loaded,24.179
2.378059,0.770358,shoulder_lift,-20.0,-20.1707,-22.6582,-22.8516,1771,50,40,0,12.3,36,staircase2,loaded,47.415
2.388385,0.780683,shoulder_lift,-20.0,-20.0931,-22.6582,-22.7637,1772,450,44,0,12.3,35,staircase2,loaded,8.512
2.399369,0.791667,shoulder_lift,-20.0,-20.0931,-22.6582,-22.7637,1772,0,28,1,12.3,36,staircase2,loaded,0.0
2.410042,0.802341,shoulder_lift,-20.0,-20.0931,-22.6582,-22.7637,1772,0,28,0,12.3,36,staircase2,loaded,0.0
2.420742,0.81304,shoulder_lift,-20.0,-20.0931,-22.6582,-22.7637,1772,0,0,0,12.3,35,staircase2,loaded,0.0
2.431315,0.823613,shoulder_lift,-20.0,-20.0931,-22.6582,-22.7637,1772,0,0,0,12.3,36,staircase2,loaded,0.0
2.441933,0.834231,shoulder_lift,-20.0,-19.9379,-22.6582,-22.5879,1774,50,20,0,12.3,36,staircase2,loaded,16.557
2.452905,0.845203,shoulder_lift,-20.0,-19.6276,-22.6582,-22.2363,1778,50,56,1,12.3,36,staircase2,loaded,32.045
2.463362,0.85566,shoulder_lift,-20.0,-19.4725,-22.6582,-22.0605,1780,350,64,2,12.3,36,staircase2,loaded,16.812
2.473817,0.866116,shoulder_lift,-20.0,-19.3949,-22.6582,-21.9727,1781,350,52,2,12.3,36,staircase2,loaded,8.398
2.4841,0.876399,shoulder_lift,-20.0,-19.3949,-22.6582,-21.9727,1781,50,52,1,12.3,35,staircase2,loaded,0.0
2.494386,0.886684,shoulder_lift,-20.0,-19.55,-22.6582,-22.1484,1779,50,24,0,12.3,36,staircase2,loaded,-17.081
2.504854,0.897153,shoulder_lift,-20.0,-19.7052,-22.6582,-22.3242,1777,-150,20,0,12.3,36,staircase2,loaded,-16.794
2.514934,0.907232,shoulder_lift,-20.0,-19.7828,-22.6582,-22.4121,1776,-150,1044,0,12.3,36,staircase2,loaded,-8.72
2.525393,0.917691,shoulder_lift,-20.0,-19.7828,-22.6582,-22.4121,1776,-100,1044,0,12.3,35,staircase2,loaded,0.0
2.536143,0.928441,shoulder_lift,-20.0,-19.7828,-22.6582,-22.4121,1776,-100,24,0,12.3,36,staircase2,loaded,0.0
2.546899,0.939198,shoulder_lift,-20.0,-19.7828,-22.6582,-22.4121,1776,0,24,0,12.3,36,staircase2,loaded,0.0
2.557281,0.94958,shoulder_lift,-20.0,-19.7828,-22.6582,-22.4121,1776,0,24,1,12.3,35,staircase2,loaded,0.0
2.56807,0.960369,shoulder_lift,-20.0,-19.7052,-22.6582,-22.3242,1777,50,28,0,12.3,36,staircase2,loaded,8.147
2.57903,0.971328,shoulder_lift,-20.0,-19.7052,-22.6582,-22.3242,1777,0,32,0,12.3,36,staircase2,loaded,0.0
2.589792,0.98209,shoulder_lift,-20.0,-19.7052,-22.6582,-22.3242,1777,0,32,1,12.3,36,staircase2,loaded,0.0
2.600471,0.992769,shoulder_lift,-20.0,-19.7052,-22.6582,-22.3242,1777,0,28,0,12.3,36,staircase2,loaded,0.0
2.611333,1.003631,shoulder_lift,-20.0,-19.7052,-22.6582,-22.3242,1777,0,28,1,12.3,36,staircase2,loaded,0.0
2.622193,1.014492,shoulder_lift,-20.0,-19.7052,-22.6582,-22.3242,1777,0,28,0,12.3,36,staircase2,loaded,0.0
2.633214,1.025513,shoulder_lift,-20.0,-19.7052,-22.6582,-22.3242,1777,0,28,0,12.3,36,staircase2,loaded,0.0
2.6443,1.036598,shoulder_lift,-20.0,-19.7052,-22.6582,-22.3242,1777,0,28,0,12.3,36,staircase2,loaded,0.0
2.655319,1.047618,shoulder_lift,-20.0,-19.7052,-22.6582,-22.3242,1777,0,28,0,12.3,35,staircase2,loaded,0.0
2.666299,1.058598,shoulder_lift,-20.0,-19.7052,-22.6582,-22.3242,1777,0,28,0,12.3,35,staircase2,loaded,0.0
2.677252,1.069551,shoulder_lift,-20.0,-19.7052,-22.6582,-22.3242,1777,0,28,0,12.3,36,staircase2,loaded,0.0
2.688225,1.080523,shoulder_lift,-20.0,-19.7052,-22.6582,-22.3242,1777,0,28,0,12.4,35,staircase2,loaded,0.0
2.699028,1.091326,shoulder_lift,-20.0,-19.7052,-22.6582,-22.3242,1777,0,28,0,12.3,36,staircase2,loaded,0.0
2.709724,1.102022,shoulder_lift,-20.0,-19.7052,-22.6582,-22.3242,1777,0,28,0,12.3,35,staircase2,loaded,0.0
2.720524,1.112822,shoulder_lift,-20.0,-19.7052,-22.6582,-22.3242,1777,0,28,0,12.4,36,staircase2,loaded,0.0
2.731336,1.123634,shoulder_lift,-20.0,-19.7052,-22.6582,-22.3242,1777,0,28,1,12.3,36,staircase2,loaded,0.0
2.742017,1.134316,shoulder_lift,-20.0,-19.7052,-22.6582,-22.3242,1777,0,28,1,12.4,36,staircase2,loaded,0.0
2.753098,1.145397,shoulder_lift,-20.0,-19.7052,-22.6582,-22.3242,1777,0,28,0,12.3,36,staircase2,loaded,0.0
2.763715,1.156014,shoulder_lift,-20.0,-19.7052,-22.6582,-22.3242,1777,0,28,0,12.3,36,staircase2,loaded,0.0
2.77415,1.166448,shoulder_lift,-20.0,-19.7052,-22.6582,-22.3242,1777,0,28,0,12.3,36,staircase2,loaded,0.0
2.784899,1.177197,shoulder_lift,-20.0,-19.7052,-22.6582,-22.3242,1777,0,28,0,12.3,36,staircase2,loaded,0.0
2.795688,1.187986,shoulder_lift,-20.0,-19.7052,-22.6582,-22.3242,1777,0,28,1,12.3,35,staircase2,loaded,0.0
2.806779,1.199078,shoulder_lift,-20.0,-19.7052,-22.6582,-22.3242,1777,0,28,0,12.3,36,staircase2,loaded,0.0
2.817446,1.209744,shoulder_lift,-20.0,-19.7052,-22.6582,-22.3242,1777,0,28,0,12.3,36,staircase2,loaded,0.0
2.828573,1.220872,shoulder_lift,-20.0,-19.7052,-22.6582,-22.3242,1777,0,28,0,12.3,36,staircase2,loaded,0.0
2.839627,1.231926,shoulder_lift,-20.0,-19.7052,-22.6582,-22.3242,1777,0,28,0,12.3,36,staircase2,loaded,0.0
2.850068,1.242366,shoulder_lift,-20.0,-19.7052,-22.6582,-22.3242,1777,0,28,0,12.3,36,staircase2,loaded,0.0
2.860932,1.253231,shoulder_lift,-20.0,-19.7052,-22.6582,-22.3242,1777,0,28,0,12.3,36,staircase2,loaded,0.0
2.871947,1.264245,shoulder_lift,-20.0,-19.7052,-22.6582,-22.3242,1777,0,28,0,12.3,36,staircase2,loaded,0.0
2.882902,1.2752,shoulder_lift,-20.0,-19.7052,-22.6582,-22.3242,1777,0,28,0,12.3,36,staircase2,loaded,0.0
2.893817,1.286115,shoulder_lift,-20.0,-19.7052,-22.6582,-22.3242,1777,0,28,0,12.3,36,staircase2,loaded,0.0
2.90461,1.296909,shoulder_lift,-20.0,-19.7052,-22.6582,-22.3242,1777,0,28,0,12.3,36,staircase2,loaded,0.0
2.915154,1.307453,shoulder_lift,-20.0,-19.7052,-22.6582,-22.3242,1777,0,28,0,12.3,36,staircase2,loaded,0.0
2.925922,1.31822,shoulder_lift,-20.0,-19.7052,-22.6582,-22.3242,1777,0,28,0,12.3,36,staircase2,loaded,0.0
2.936819,1.329118,shoulder_lift,-20.0,-19.7052,-22.6582,-22.3242,1777,0,28,0,12.3,36,staircase2,loaded,0.0
2.947975,1.340273,shoulder_lift,-20.0,-19.7052,-22.6582,-22.3242,1777,0,28,0,12.3,36,staircase2,loaded,0.0
2.958139,1.350437,shoulder_lift,-20.0,-19.7052,-22.6582,-22.3242,1777,0,28,0,12.3,36,staircase2,loaded,0.0
2.969091,1.361389,shoulder_lift,-20.0,-19.7052,-22.6582,-22.3242,1777,0,28,0,12.3,36,staircase2,loaded,0.0
2.979957,1.372255,shoulder_lift,-20.0,-19.7052,-22.6582,-22.3242,1777,0,28,0,12.3,36,staircase2,loaded,0.0
2.990736,1.383034,shoulder_lift,-20.0,-19.7052,-22.6582,-22.3242,1777,0,28,1,12.3,36,staircase2,loaded,0.0
3.001861,1.39416,shoulder_lift,-20.0,-19.7052,-22.6582,-22.3242,1777,0,28,1,12.3,36,staircase2,loaded,0.0
3.012573,1.404872,shoulder_lift,-20.0,-19.7052,-22.6582,-22.3242,1777,0,28,0,12.3,36,staircase2,loaded,0.0
3.023632,1.415931,shoulder_lift,-20.0,-19.7052,-22.6582,-22.3242,1777,0,28,0,12.3,35,staircase2,loaded,0.0
3.034727,1.427026,shoulder_lift,-20.0,-19.7052,-22.6582,-22.3242,1777,0,28,0,12.3,36,staircase2,loaded,0.0
3.045752,1.43805,shoulder_lift,-20.0,-19.7052,-22.6582,-22.3242,1777,0,28,1,12.3,36,staircase2,loaded,0.0
3.056588,1.448886,shoulder_lift,-20.0,-19.7052,-22.6582,-22.3242,1777,0,28,0,12.3,35,staircase2,loaded,0.0
3.067624,1.459923,shoulder_lift,-20.0,-19.7052,-22.6582,-22.3242,1777,0,28,1,12.3,35,staircase2,loaded,0.0
3.078585,1.470883,shoulder_lift,-20.0,-19.7052,-22.6582,-22.3242,1777,0,28,0,12.4,36,staircase2,loaded,0.0
3.089365,1.481664,shoulder_lift,-20.0,-19.7052,-22.6582,-22.3242,1777,0,28,0,12.3,36,staircase2,loaded,0.0
3.100438,1.492737,shoulder_lift,-20.0,-19.7052,-22.6582,-22.3242,1777,0,28,0,12.4,36,staircase2,loaded,0.0
3.111277,1.503575,shoulder_lift,-20.0,-19.7052,-22.6582,-22.3242,1777,0,28,1,12.4,36,staircase2,loaded,0.0
3.12236,1.514658,shoulder_lift,-20.0,-19.7052,-22.6582,-22.3242,1777,0,28,0,12.3,36,staircase2,loaded,0.0
3.133352,1.525651,shoulder_lift,-20.0,-19.7052,-22.6582,-22.3242,1777,0,28,0,12.3,36,staircase2,loaded,0.0
3.144031,1.53633,shoulder_lift,-20.0,-19.7052,-22.6582,-22.3242,1777,0,28,1,12.3,36,staircase2,loaded,0.0
3.154864,1.547162,shoulder_lift,-20.0,-19.7052,-22.6582,-22.3242,1777,0,28,0,12.3,36,staircase2,loaded,0.0
3.165721,1.55802,shoulder_lift,-20.0,-19.7052,-22.6582,-22.3242,1777,0,28,0,12.3,36,staircase2,loaded,0.0
3.176416,1.568714,shoulder_lift,-20.0,-19.7052,-22.6582,-22.3242,1777,0,28,0,12.3,36,staircase2,loaded,0.0
3.187196,1.579494,shoulder_lift,-20.0,-19.7052,-22.6582,-22.3242,1777,0,28,0,12.3,36,staircase2,loaded,0.0
3.198334,1.590632,shoulder_lift,-20.0,-19.7052,-22.6582,-22.3242,1777,0,28,0,12.4,36,staircase2,loaded,0.0
3.20989,3e-06,shoulder_lift,-10.0,-19.7052,-11.3291,-22.3242,1777,0,28,0,12.3,36,staircase2,loaded,0.0
3.220734,0.010846,shoulder_lift,-10.0,-19.7052,-11.3291,-22.3242,1777,0,20,0,12.3,36,staircase2,loaded,0.0
3.2316,0.021713,shoulder_lift,-10.0,-19.7052,-11.3291,-22.3242,1777,0,1060,1,12.3,36,staircase2,loaded,0.0
3.242129,0.032241,shoulder_lift,-10.0,-19.7052,-11.3291,-22.3242,1777,0,1096,2,12.3,36,staircase2,loaded,0.0
3.253224,0.043337,shoulder_lift,-10.0,-19.7052,-11.3291,-22.3242,1777,0,1192,7,12.3,36,staircase2,loaded,0.0
3.263947,0.05406,shoulder_lift,-10.0,-19.6276,-11.3291,-22.2363,1778,0,1244,12,12.3,36,staircase2,loaded,8.197
3.274641,0.064754,shoulder_lift,-10.0,-19.55,-11.3291,-22.1484,1779,0,1340,20,12.2,36,staircase2,loaded,8.22
3.285336,0.075449,shoulder_lift,-10.0,-19.0846,-11.3291,-21.6211,1785,150,1392,19,12.2,36,staircase2,loaded,49.303
3.296393,0.086506,shoulder_lift,-10.0,-18.3863,-11.3291,-20.8301,1794,150,1408,12,12.2,36,staircase2,loaded,71.538
3.307211,0.097324,shoulder_lift,-10.0,-17.533,-11.3291,-19.8633,1805,800,1420,10,12.2,36,staircase2,loaded,89.37
3.317869,0.107982,shoulder_lift,-10.0,-16.7572,-11.3291,-18.9844,1815,1000,1348,2,12.3,36,staircase2,loaded,82.464
3.328841,0.118954,shoulder_lift,-10.0,-15.9038,-11.3291,-18.0176,1826,1000,1336,0,12.3,36,staircase2,loaded,88.115
3.339664,0.129777,shoulder_lift,-10.0,-15.2056,-11.3291,-17.2266,1835,900,1284,0,12.3,36,staircase2,loaded,73.085
3.350775,0.140887,shoulder_lift,-10.0,-14.4298,-11.3291,-16.3477,1845,900,1196,0,12.3,35,staircase2,loaded,79.102
3.36139,0.151503,shoulder_lift,-10.0,-13.8092,-11.3291,-15.6445,1853,850,1168,0,12.3,36,staircase2,loaded,66.246
3.372422,0.162535,shoulder_lift,-10.0,-13.1885,-11.3291,-14.9414,1861,850,1144,0,12.3,36,staircase2,loaded,63.733
3.383361,0.173474,shoulder_lift,-10.0,-12.8006,-11.3291,-14.502,1866,600,1124,0,12.3,36,staircase2,loaded,40.168
3.393561,0.183674,shoulder_lift,-10.0,-12.5679,-11.3291,-14.2383,1869,600,1140,1,12.3,36,staircase2,loaded,25.853
3.404437,0.19455,shoulder_lift,-10.0,-12.4127,-11.3291,-14.0625,1871,350,1132,2,12.3,36,staircase2,loaded,16.164
3.415086,0.205198,shoulder_lift,-10.0,-12.2576,-11.3291,-13.8867,1873,350,1136,2,12.3,36,staircase2,loaded,16.509
3.426049,0.216162,shoulder_lift,-10.0,-12.1024,-11.3291,-13.7109,1875,200,1124,2,12.3,36,staircase2,loaded,16.036
3.436341,0.226454,shoulder_lift,-10.0,-11.9472,-11.3291,-13.5352,1877,200,1116,1,12.3,36,staircase2,loaded,17.072
3.447209,0.237322,shoulder_lift,-10.0,-11.6369,-11.3291,-13.1836,1881,200,1104,1,12.3,36,staircase2,loaded,32.352
3.457488,0.2476,shoulder_lift,-10.0,-11.4818,-11.3291,-13.0078,1883,250,1084,0,12.3,36,staircase2,loaded,17.103
3.467926,0.258039,shoulder_lift,-10.0,-11.249,-11.3291,-12.7441,1886,250,1076,0,12.3,36,staircase2,loaded,25.263
3.478534,0.268647,shoulder_lift,-10.0,-11.0939,-11.3291,-12.5684,1888,250,1072,0,12.3,36,staircase2,loaded,16.563
3.489125,0.279238,shoulder_lift,-10.0,-11.0163,-11.3291,-12.4805,1889,250,1068,0,12.3,35,staircase2,loaded,8.299
3.499297,0.28941,shoulder_lift,-10.0,-10.9387,-11.3291,-12.3926,1890,100,1072,0,12.3,36,staircase2,loaded,8.641
3.509882,0.299995,shoulder_lift,-10.0,-10.7836,-11.3291,-12.2168,1892,100,1068,1,12.3,36,staircase2,loaded,16.608
3.52037,0.310482,shoulder_lift,-10.0,-10.706,-11.3291,-12.1289,1893,150,1060,1,12.3,36,staircase2,loaded,8.381
3.530819,0.320932,shoulder_lift,-10.0,-10.5508,-11.3291,-11.9531,1895,150,1052,0,12.3,36,staircase2,loaded,16.825
3.541405,0.331517,shoulder_lift,-10.0,-10.5508,-11.3291,-11.9531,1895,100,1052,0,12.3,36,staircase2,loaded,0.0
3.551865,0.341978,shoulder_lift,-10.0,-10.4732,-11.3291,-11.8652,1896,100,1056,0,12.3,36,staircase2,loaded,8.403
3.562551,0.352664,shoulder_lift,-10.0,-10.4732,-11.3291,-11.8652,1896,50,1056,0,12.3,36,staircase2,loaded,0.0
3.573193,0.363306,shoulder_lift,-10.0,-10.4732,-11.3291,-11.8652,1896,50,1060,1,12.3,36,staircase2,loaded,0.0
3.583468,0.373581,shoulder_lift,-10.0,-10.4732,-11.3291,-11.8652,1896,0,1060,0,12.3,35,staircase2,loaded,0.0
3.593964,0.384077,shoulder_lift,-10.0,-10.4732,-11.3291,-11.8652,1896,0,1060,0,12.3,36,staircase2,loaded,0.0
3.60485,0.394962,shoulder_lift,-10.0,-10.4732,-11.3291,-11.8652,1896,0,1060,0,12.3,36,staircase2,loaded,0.0
3.615456,0.405569,shoulder_lift,-10.0,-10.3957,-11.3291,-11.7773,1897,0,1052,0,12.3,36,staircase2,loaded,8.288
3.626041,0.416154,shoulder_lift,-10.0,-10.3957,-11.3291,-11.7773,1897,50,1052,0,12.3,36,staircase2,loaded,0.0
3.63665,0.426763,shoulder_lift,-10.0,-10.3957,-11.3291,-11.7773,1897,50,1056,0,12.3,36,staircase2,loaded,0.0
3.647311,0.437423,shoulder_lift,-10.0,-10.3957,-11.3291,-11.7773,1897,0,1056,0,12.3,36,staircase2,loaded,0.0
3.657977,0.44809,shoulder_lift,-10.0,-10.3957,-11.3291,-11.7773,1897,0,1056,1,12.3,36,staircase2,loaded,0.0
3.668853,0.458966,shoulder_lift,-10.0,-10.3957,-11.3291,-11.7773,1897,0,1056,0,12.3,36,staircase2,loaded,0.0
3.679842,0.469955,shoulder_lift,-10.0,-10.3957,-11.3291,-11.7773,1897,0,1056,1,12.3,35,staircase2,loaded,0.0
3.690553,0.480666,shoulder_lift,-10.0,-10.3957,-11.3291,-11.7773,1897,0,1056,1,12.3,36,staircase2,loaded,0.0
3.701571,0.491684,shoulder_lift,-10.0,-10.3957,-11.3291,-11.7773,1897,0,1056,1,12.3,35,staircase2,loaded,0.0
3.712506,0.502619,shoulder_lift,-10.0,-10.3957,-11.3291,-11.7773,1897,0,1056,0,12.3,36,staircase2,loaded,0.0
3.723327,0.51344,shoulder_lift,-10.0,-10.3957,-11.3291,-11.7773,1897,0,1056,0,12.4,36,staircase2,loaded,0.0
3.73399,0.524103,shoulder_lift,-10.0,-10.3957,-11.3291,-11.7773,1897,0,1056,1,12.3,36,staircase2,loaded,0.0
3.744808,0.534921,shoulder_lift,-10.0,-10.3957,-11.3291,-11.7773,1897,0,1056,0,12.3,36,staircase2,loaded,0.0
3.75556,0.545673,shoulder_lift,-10.0,-10.3957,-11.3291,-11.7773,1897,0,1056,0,12.3,36,staircase2,loaded,0.0
3.766696,0.556809,shoulder_lift,-10.0,-10.3957,-11.3291,-11.7773,1897,0,1056,0,12.3,36,staircase2,loaded,0.0
3.777288,0.567401,shoulder_lift,-10.0,-10.3957,-11.3291,-11.7773,1897,0,1056,0,12.3,36,staircase2,loaded,0.0
3.787908,0.578021,shoulder_lift,-10.0,-10.3957,-11.3291,-11.7773,1897,0,1056,0,12.4,36,staircase2,loaded,0.0
3.798623,0.588736,shoulder_lift,-10.0,-10.3957,-11.3291,-11.7773,1897,0,1056,1,12.3,36,staircase2,loaded,0.0
3.809326,0.599438,shoulder_lift,-10.0,-10.3957,-11.3291,-11.7773,1897,0,1056,0,12.3,36,staircase2,loaded,0.0
3.81997,0.610083,shoulder_lift,-10.0,-10.3957,-11.3291,-11.7773,1897,0,1056,0,12.3,36,staircase2,loaded,0.0
3.831074,0.621187,shoulder_lift,-10.0,-10.3957,-11.3291,-11.7773,1897,0,1056,0,12.3,36,staircase2,loaded,0.0
3.841726,0.631839,shoulder_lift,-10.0,-10.3957,-11.3291,-11.7773,1897,0,1056,0,12.3,36,staircase2,loaded,0.0
3.852536,0.642649,shoulder_lift,-10.0,-10.3957,-11.3291,-11.7773,1897,0,1056,0,12.3,36,staircase2,loaded,0.0
3.863441,0.653554,shoulder_lift,-10.0,-10.3957,-11.3291,-11.7773,1897,0,1056,0,12.3,36,staircase2,loaded,0.0
3.874109,0.664222,shoulder_lift,-10.0,-10.3957,-11.3291,-11.7773,1897,0,1056,0,12.3,36,staircase2,loaded,0.0
3.885154,0.675267,shoulder_lift,-10.0,-10.3957,-11.3291,-11.7773,1897,0,1056,1,12.3,36,staircase2,loaded,0.0
3.895892,0.686005,shoulder_lift,-10.0,-10.3957,-11.3291,-11.7773,1897,0,1056,1,12.3,36,staircase2,loaded,0.0
3.906009,0.696122,shoulder_lift,-10.0,-10.3957,-11.3291,-11.7773,1897,0,1056,1,12.3,36,staircase2,loaded,0.0
3.916565,0.706678,shoulder_lift,-10.0,-10.3957,-11.3291,-11.7773,1897,0,1056,0,12.3,36,staircase2,loaded,0.0
3.927593,0.717706,shoulder_lift,-10.0,-10.3957,-11.3291,-11.7773,1897,0,1056,0,12.3,36,staircase2,loaded,0.0
3.938501,0.728614,shoulder_lift,-10.0,-10.3957,-11.3291,-11.7773,1897,0,1056,0,12.3,36,staircase2,loaded,0.0
3.949539,0.739652,shoulder_lift,-10.0,-10.3957,-11.3291,-11.7773,1897,0,1056,1,12.3,36,staircase2,loaded,0.0
3.960533,0.750646,shoulder_lift,-10.0,-10.3957,-11.3291,-11.7773,1897,0,1056,0,12.3,36,staircase2,loaded,0.0
3.971169,0.761282,shoulder_lift,-10.0,-10.3957,-11.3291,-11.7773,1897,0,1056,0,12.3,35,staircase2,loaded,0.0
3.981703,0.771816,shoulder_lift,-10.0,-10.3957,-11.3291,-11.7773,1897,0,1056,1,12.3,36,staircase2,loaded,0.0
3.992305,0.782418,shoulder_lift,-10.0,-10.3957,-11.3291,-11.7773,1897,0,1056,0,12.3,36,staircase2,loaded,0.0
4.003228,0.793341,shoulder_lift,-10.0,-10.3957,-11.3291,-11.7773,1897,0,1056,1,12.3,36,staircase2,loaded,0.0
4.01412,0.804232,shoulder_lift,-10.0,-10.3957,-11.3291,-11.7773,1897,0,1056,0,12.3,35,staircase2,loaded,0.0
4.024572,0.814685,shoulder_lift,-10.0,-10.3957,-11.3291,-11.7773,1897,0,1056,0,12.4,36,staircase2,loaded,0.0
4.035696,0.825809,shoulder_lift,-10.0,-10.3957,-11.3291,-11.7773,1897,0,1056,1,12.3,35,staircase2,loaded,0.0
4.046569,0.836682,shoulder_lift,-10.0,-10.3957,-11.3291,-11.7773,1897,0,1056,0,12.3,36,staircase2,loaded,0.0
4.057176,0.847289,shoulder_lift,-10.0,-10.3957,-11.3291,-11.7773,1897,0,1056,0,12.3,36,staircase2,loaded,0.0
4.068375,0.858488,shoulder_lift,-10.0,-10.3957,-11.3291,-11.7773,1897,0,1056,1,12.3,36,staircase2,loaded,0.0
4.079103,0.869216,shoulder_lift,-10.0,-10.3957,-11.3291,-11.7773,1897,0,1056,1,12.3,36,staircase2,loaded,0.0
4.090223,0.880336,shoulder_lift,-10.0,-10.3957,-11.3291,-11.7773,1897,0,1056,0,12.3,36,staircase2,loaded,0.0
4.1013,0.891413,shoulder_lift,-10.0,-10.3957,-11.3291,-11.7773,1897,0,1056,0,12.3,36,staircase2,loaded,0.0
4.112304,0.902417,shoulder_lift,-10.0,-10.3957,-11.3291,-11.7773,1897,0,1056,0,12.3,36,staircase2,loaded,0.0
4.123393,0.913506,shoulder_lift,-10.0,-10.3957,-11.3291,-11.7773,1897,0,1056,0,12.3,36,staircase2,loaded,0.0
4.134111,0.924224,shoulder_lift,-10.0,-10.3957,-11.3291,-11.7773,1897,0,1056,0,12.3,36,staircase2,loaded,0.0
4.144484,0.934597,shoulder_lift,-10.0,-10.3957,-11.3291,-11.7773,1897,0,1056,1,12.3,36,staircase2,loaded,0.0
4.15505,0.945163,shoulder_lift,-10.0,-10.3957,-11.3291,-11.7773,1897,0,1056,0,12.3,36,staircase2,loaded,0.0
4.165807,0.95592,shoulder_lift,-10.0,-10.3957,-11.3291,-11.7773,1897,0,1056,0,12.3,36,staircase2,loaded,0.0
4.176958,0.967071,shoulder_lift,-10.0,-10.3957,-11.3291,-11.7773,1897,0,1056,0,12.3,36,staircase2,loaded,0.0
4.18805,0.978163,shoulder_lift,-10.0,-10.3957,-11.3291,-11.7773,1897,0,1056,0,12.3,35,staircase2,loaded,0.0
4.198769,0.988882,shoulder_lift,-10.0,-10.3957,-11.3291,-11.7773,1897,0,1056,1,12.3,36,staircase2,loaded,0.0
4.209456,0.999569,shoulder_lift,-10.0,-10.3957,-11.3291,-11.7773,1897,0,1056,1,12.3,36,staircase2,loaded,0.0
4.220411,1.010524,shoulder_lift,-10.0,-10.3957,-11.3291,-11.7773,1897,0,1056,1,12.4,36,staircase2,loaded,0.0
4.231132,1.021245,shoulder_lift,-10.0,-10.3957,-11.3291,-11.7773,1897,0,1056,0,12.3,36,staircase2,loaded,0.0
4.241882,1.031995,shoulder_lift,-10.0,-10.3957,-11.3291,-11.7773,1897,0,1056,0,12.3,36,staircase2,loaded,0.0
4.252993,1.043106,shoulder_lift,-10.0,-10.3957,-11.3291,-11.7773,1897,0,1056,0,12.3,36,staircase2,loaded,0.0
4.263804,1.053917,shoulder_lift,-10.0,-10.3957,-11.3291,-11.7773,1897,0,1056,1,12.4,35,staircase2,loaded,0.0
4.274274,1.064387,shoulder_lift,-10.0,-10.3957,-11.3291,-11.7773,1897,0,1056,0,12.3,36,staircase2,loaded,0.0
4.284967,1.07508,shoulder_lift,-10.0,-10.3957,-11.3291,-11.7773,1897,0,1056,1,12.3,36,staircase2,loaded,0.0
4.296126,1.086239,shoulder_lift,-10.0,-10.3957,-11.3291,-11.7773,1897,0,1056,1,12.3,36,staircase2,loaded,0.0
4.307089,1.097201,shoulder_lift,-10.0,-10.3957,-11.3291,-11.7773,1897,0,1056,0,12.3,36,staircase2,loaded,0.0
4.317786,1.107899,shoulder_lift,-10.0,-10.3957,-11.3291,-11.7773,1897,0,1056,0,12.3,36,staircase2,loaded,0.0
4.328712,1.118824,shoulder_lift,-10.0,-10.3957,-11.3291,-11.7773,1897,0,1056,0,12.3,36,staircase2,loaded,0.0
4.339524,1.129637,shoulder_lift,-10.0,-10.3957,-11.3291,-11.7773,1897,0,1056,1,12.3,36,staircase2,loaded,0.0
4.350329,1.140442,shoulder_lift,-10.0,-10.3957,-11.3291,-11.7773,1897,0,1056,1,12.3,36,staircase2,loaded,0.0
4.361276,1.151389,shoulder_lift,-10.0,-10.3957,-11.3291,-11.7773,1897,0,1056,0,12.3,36,staircase2,loaded,0.0
4.371927,1.16204,shoulder_lift,-10.0,-10.3957,-11.3291,-11.7773,1897,0,1056,0,12.3,36,staircase2,loaded,0.0
4.38282,1.172933,shoulder_lift,-10.0,-10.3957,-11.3291,-11.7773,1897,0,1056,0,12.3,36,staircase2,loaded,0.0
4.393269,1.183382,shoulder_lift,-10.0,-10.3957,-11.3291,-11.7773,1897,0,1056,0,12.3,36,staircase2,loaded,0.0
4.404226,1.194339,shoulder_lift,-10.0,-10.3957,-11.3291,-11.7773,1897,0,1056,0,12.3,36,staircase2,loaded,0.0
4.414654,1.204767,shoulder_lift,-10.0,-10.3957,-11.3291,-11.7773,1897,0,1056,0,12.4,36,staircase2,loaded,0.0
4.425094,1.215207,shoulder_lift,-10.0,-10.3957,-11.3291,-11.7773,1897,0,1056,1,12.4,35,staircase2,loaded,0.0
4.435343,1.225456,shoulder_lift,-10.0,-10.3957,-11.3291,-11.7773,1897,0,1056,0,12.3,36,staircase2,loaded,0.0
4.446202,1.236315,shoulder_lift,-10.0,-10.3957,-11.3291,-11.7773,1897,0,1056,1,12.3,36,staircase2,loaded,0.0
4.457105,1.247218,shoulder_lift,-10.0,-10.3957,-11.3291,-11.7773,1897,0,1056,1,12.3,36,staircase2,loaded,0.0
4.467676,1.257788,shoulder_lift,-10.0,-10.3957,-11.3291,-11.7773,1897,0,1056,1,12.3,35,staircase2,loaded,0.0
4.47808,1.268192,shoulder_lift,-10.0,-10.3957,-11.3291,-11.7773,1897,0,1056,1,12.4,36,staircase2,loaded,0.0
4.488612,1.278725,shoulder_lift,-10.0,-10.3957,-11.3291,-11.7773,1897,0,1056,0,12.3,36,staircase2,loaded,0.0
4.498857,1.28897,shoulder_lift,-10.0,-10.3957,-11.3291,-11.7773,1897,0,1056,0,12.3,36,staircase2,loaded,0.0
4.509219,1.299332,shoulder_lift,-10.0,-10.3957,-11.3291,-11.7773,1897,0,1056,0,12.3,36,staircase2,loaded,0.0
4.519707,1.30982,shoulder_lift,-10.0,-10.3957,-11.3291,-11.7773,1897,0,1056,0,12.3,36,staircase2,loaded,0.0
4.530109,1.320222,shoulder_lift,-10.0,-10.3957,-11.3291,-11.7773,1897,0,1056,1,12.3,35,staircase2,loaded,0.0
4.54025,1.330363,shoulder_lift,-10.0,-10.3957,-11.3291,-11.7773,1897,0,1056,0,12.3,36,staircase2,loaded,0.0
4.55057,1.340683,shoulder_lift,-10.0,-10.3957,-11.3291,-11.7773,1897,0,1056,0,12.3,36,staircase2,loaded,0.0
4.561188,1.351301,shoulder_lift,-10.0,-10.3957,-11.3291,-11.7773,1897,0,1056,0,12.3,36,staircase2,loaded,0.0
4.571592,1.361704,shoulder_lift,-10.0,-10.3957,-11.3291,-11.7773,1897,0,1056,1,12.3,36,staircase2,loaded,0.0
4.581989,1.372102,shoulder_lift,-10.0,-10.3957,-11.3291,-11.7773,1897,0,1056,0,12.4,36,staircase2,loaded,0.0
4.592478,1.382591,shoulder_lift,-10.0,-10.3957,-11.3291,-11.7773,1897,0,1056,0,12.3,36,staircase2,loaded,0.0
4.603009,1.393122,shoulder_lift,-10.0,-10.3957,-11.3291,-11.7773,1897,0,1056,1,12.3,36,staircase2,loaded,0.0
4.613258,1.403371,shoulder_lift,-10.0,-10.3957,-11.3291,-11.7773,1897,0,1056,0,12.3,36,staircase2,loaded,0.0
4.623647,1.41376,shoulder_lift,-10.0,-10.3957,-11.3291,-11.7773,1897,0,1056,1,12.3,36,staircase2,loaded,0.0
4.633875,1.423988,shoulder_lift,-10.0,-10.3957,-11.3291,-11.7773,1897,0,1056,0,12.3,35,staircase2,loaded,0.0
4.644523,1.434636,shoulder_lift,-10.0,-10.3957,-11.3291,-11.7773,1897,0,1056,0,12.3,36,staircase2,loaded,0.0
4.65512,1.445233,shoulder_lift,-10.0,-10.3957,-11.3291,-11.7773,1897,0,1056,0,12.3,36,staircase2,loaded,0.0
4.665606,1.455719,shoulder_lift,-10.0,-10.3957,-11.3291,-11.7773,1897,0,1056,0,12.3,36,staircase2,loaded,0.0
4.675954,1.466067,shoulder_lift,-10.0,-10.3957,-11.3291,-11.7773,1897,0,1056,1,12.3,36,staircase2,loaded,0.0
4.686426,1.476539,shoulder_lift,-10.0,-10.3957,-11.3291,-11.7773,1897,0,1056,1,12.3,36,staircase2,loaded,0.0
4.697089,1.487202,shoulder_lift,-10.0,-10.3957,-11.3291,-11.7773,1897,0,1056,1,12.3,36,staircase2,loaded,0.0
4.707699,1.497812,shoulder_lift,-10.0,-10.3957,-11.3291,-11.7773,1897,0,1056,0,12.3,36,staircase2,loaded,0.0
4.71864,1.508753,shoulder_lift,-10.0,-10.3957,-11.3291,-11.7773,1897,0,1056,0,12.3,36,staircase2,loaded,0.0
4.729416,1.519529,shoulder_lift,-10.0,-10.3957,-11.3291,-11.7773,1897,0,1056,0,12.3,36,staircase2,loaded,0.0
4.74032,1.530433,shoulder_lift,-10.0,-10.3957,-11.3291,-11.7773,1897,0,1056,0,12.3,36,staircase2,loaded,0.0
4.751423,1.541536,shoulder_lift,-10.0,-10.3957,-11.3291,-11.7773,1897,0,1056,0,12.3,36,staircase2,loaded,0.0
4.762105,1.552218,shoulder_lift,-10.0,-10.3957,-11.3291,-11.7773,1897,0,1056,0,12.3,36,staircase2,loaded,0.0
4.772601,1.562714,shoulder_lift,-10.0,-10.3957,-11.3291,-11.7773,1897,0,1056,1,12.3,36,staircase2,loaded,0.0
4.782914,1.573027,shoulder_lift,-10.0,-10.3957,-11.3291,-11.7773,1897,0,1056,0,12.3,36,staircase2,loaded,0.0
4.79398,1.584093,shoulder_lift,-10.0,-10.3957,-11.3291,-11.7773,1897,0,1056,1,12.3,36,staircase2,loaded,0.0
4.804897,1.59501,shoulder_lift,-10.0,-10.3957,-11.3291,-11.7773,1897,0,1056,0,12.3,36,staircase2,loaded,0.0
4.816335,2e-06,shoulder_lift,0.0,-10.3957,0.0,-11.7773,1897,0,1056,0,12.3,36,staircase2,loaded,0.0
4.82733,0.010997,shoulder_lift,0.0,-10.3957,0.0,-11.7773,1897,0,1064,0,12.3,36,staircase2,loaded,0.0
4.838291,0.021958,shoulder_lift,0.0,-10.3957,0.0,-11.7773,1897,0,1088,2,12.3,36,staircase2,loaded,0.0
4.849382,0.033049,shoulder_lift,0.0,-10.3957,0.0,-11.7773,1897,0,1168,8,12.3,36,staircase2,loaded,0.0
4.860137,0.043804,shoulder_lift,0.0,-10.3957,0.0,-11.7773,1897,0,1212,9,12.2,36,staircase2,loaded,0.0
4.87049,0.054157,shoulder_lift,0.0,-10.1629,0.0,-11.5137,1900,0,1280,14,12.3,36,staircase2,loaded,25.461
4.88115,0.064817,shoulder_lift,0.0,-9.8526,0.0,-11.1621,1904,250,1328,16,12.2,36,staircase2,loaded,32.983
4.892002,0.075669,shoulder_lift,0.0,-9.3871,0.0,-10.6348,1910,250,1396,24,12.2,36,staircase2,loaded,48.59
4.902817,0.086484,shoulder_lift,0.0,-8.7665,0.0,-9.9316,1918,550,1432,26,12.2,36,staircase2,loaded,65.021
4.913672,0.097339,shoulder_lift,0.0,-7.9131,0.0,-8.9648,1929,550,1404,14,12.3,36,staircase2,loaded,89.065
4.92392,0.107587,shoulder_lift,0.0,-7.1373,0.0,-8.0859,1939,900,1404,14,12.3,36,staircase2,loaded,85.763
4.934913,0.11858,shoulder_lift,0.0,-6.2839,0.0,-7.1191,1950,1000,1336,8,12.3,35,staircase2,loaded,87.947
4.946025,0.129692,shoulder_lift,0.0,-5.5081,0.0,-6.2402,1960,1000,1316,7,12.3,36,staircase2,loaded,79.095
4.956892,0.140559,shoulder_lift,0.0,-4.8099,0.0,-5.4492,1969,900,1240,3,12.3,36,staircase2,loaded,72.789
4.967608,0.151275,shoulder_lift,0.0,-4.1117,0.0,-4.6582,1978,900,1204,1,12.3,36,staircase2,loaded,73.815
4.978366,0.162033,shoulder_lift,0.0,-3.5687,0.0,-4.043,1985,700,1156,0,12.3,36,staircase2,loaded,57.185
4.989083,0.17275,shoulder_lift,0.0,-3.0256,0.0,-3.4277,1992,700,1132,0,12.3,36,staircase2,loaded,57.413
4.999726,0.183393,shoulder_lift,0.0,-2.3274,0.0,-2.6367,2001,700,1100,0,12.3,36,staircase2,loaded,74.321
5.01078,0.194448,shoulder_lift,0.0,-2.0171,0.0,-2.2852,2005,700,1088,0,12.3,36,staircase2,loaded,31.798
5.021738,0.205405,shoulder_lift,0.0,-1.7843,0.0,-2.0215,2008,450,1080,0,12.3,36,staircase2,loaded,24.065
5.033243,0.21691,shoulder_lift,0.0,-1.5516,0.0,-1.7578,2011,450,1100,1,12.3,35,staircase2,loaded,22.92
5.044058,0.227725,shoulder_lift,0.0,-0.931,0.0,-1.0547,2019,300,1064,0,12.3,36,staircase2,loaded,65.012
5.055095,0.238762,shoulder_lift,0.0,-0.4655,0.0,-0.5273,2025,650,52,2,12.4,36,staircase2,loaded,47.785
5.066094,0.249761,shoulder_lift,0.0,-0.3103,0.0,-0.3516,2027,650,60,0,12.3,36,staircase2,loaded,15.974
5.076702,0.260369,shoulder_lift,0.0,-0.3103,0.0,-0.3516,2027,100,20,0,12.3,36,staircase2,loaded,0.0
5.087271,0.270938,shoulder_lift,0.0,-0.3103,0.0,-0.3516,2027,100,20,0,12.3,36,staircase2,loaded,0.0
5.098221,0.281888,shoulder_lift,0.0,-0.3879,0.0,-0.4395,2026,0,1056,0,12.3,36,staircase2,loaded,-8.027
5.109119,0.292787,shoulder_lift,0.0,-0.3879,0.0,-0.4395,2026,0,1060,0,12.3,36,staircase2,loaded,0.0
5.120075,0.303742,shoulder_lift,0.0,-0.3879,0.0,-0.4395,2026,-50,1060,0,12.3,36,staircase2,loaded,0.0
5.13101,0.314677,shoulder_lift,0.0,-0.3879,0.0,-0.4395,2026,-50,1056,0,12.3,36,staircase2,loaded,0.0
5.141626,0.325293,shoulder_lift,0.0,-0.3103,0.0,-0.3516,2027,0,1052,0,12.3,36,staircase2,loaded,8.28
5.152494,0.336161,shoulder_lift,0.0,-0.1552,0.0,-0.1758,2029,0,20,0,12.3,36,staircase2,loaded,16.176
5.163269,0.346936,shoulder_lift,0.0,-0.1552,0.0,-0.1758,2029,150,20,0,12.3,36,staircase2,loaded,0.0
5.174062,0.357729,shoulder_lift,0.0,-0.1552,0.0,-0.1758,2029,0,0,0,12.3,36,staircase2,loaded,0.0
5.184851,0.368518,shoulder_lift,0.0,-0.1552,0.0,-0.1758,2029,0,0,0,12.3,36,staircase2,loaded,0.0
5.195781,0.379448,shoulder_lift,0.0,-0.1552,0.0,-0.1758,2029,0,1044,0,12.3,36,staircase2,loaded,0.0
5.206717,0.390384,shoulder_lift,0.0,-0.2327,0.0,-0.2637,2028,0,1048,0,12.3,36,staircase2,loaded,-8.038
5.217897,0.401564,shoulder_lift,0.0,-0.2327,0.0,-0.2637,2028,-50,1052,0,12.3,36,staircase2,loaded,0.0
5.228781,0.412448,shoulder_lift,0.0,-0.1552,0.0,-0.1758,2029,-50,0,0,12.3,36,staircase2,loaded,8.076
5.239899,0.423566,shoulder_lift,0.0,-0.1552,0.0,-0.1758,2029,50,0,0,12.3,36,staircase2,loaded,0.0
5.25069,0.434357,shoulder_lift,0.0,-0.1552,0.0,-0.1758,2029,50,1044,0,12.4,36,staircase2,loaded,0.0
5.261594,0.445261,shoulder_lift,0.0,-0.1552,0.0,-0.1758,2029,0,1044,0,12.4,36,staircase2,loaded,0.0
5.272602,0.456269,shoulder_lift,0.0,-0.1552,0.0,-0.1758,2029,0,1044,0,12.3,36,staircase2,loaded,0.0
5.283286,0.466953,shoulder_lift,0.0,-0.1552,0.0,-0.1758,2029,0,1044,0,12.3,36,staircase2,loaded,0.0
5.294438,0.478105,shoulder_lift,0.0,-0.1552,0.0,-0.1758,2029,0,1044,0,12.4,36,staircase2,loaded,0.0
5.305555,0.489222,shoulder_lift,0.0,-0.1552,0.0,-0.1758,2029,0,1044,0,12.4,36,staircase2,loaded,0.0
5.316396,0.500063,shoulder_lift,0.0,-0.1552,0.0,-0.1758,2029,0,1044,0,12.3,36,staircase2,loaded,0.0
5.327342,0.511009,shoulder_lift,0.0,-0.1552,0.0,-0.1758,2029,0,1044,0,12.3,36,staircase2,loaded,0.0
5.338109,0.521776,shoulder_lift,0.0,-0.1552,0.0,-0.1758,2029,0,1044,0,12.4,36,staircase2,loaded,0.0
5.348784,0.532451,shoulder_lift,0.0,-0.1552,0.0,-0.1758,2029,0,1044,0,12.3,36,staircase2,loaded,0.0
5.359911,0.543578,shoulder_lift,0.0,-0.1552,0.0,-0.1758,2029,0,1044,0,12.3,36,staircase2,loaded,0.0
5.370851,0.554518,shoulder_lift,0.0,-0.1552,0.0,-0.1758,2029,0,1044,0,12.3,36,staircase2,loaded,0.0
5.381532,0.565199,shoulder_lift,0.0,-0.1552,0.0,-0.1758,2029,0,1044,0,12.3,36,staircase2,loaded,0.0
5.392233,0.5759,shoulder_lift,0.0,-0.1552,0.0,-0.1758,2029,0,1044,0,12.3,36,staircase2,loaded,0.0
5.40244,0.586107,shoulder_lift,0.0,-0.1552,0.0,-0.1758,2029,0,1044,0,12.3,36,staircase2,loaded,0.0
5.413037,0.596704,shoulder_lift,0.0,-0.1552,0.0,-0.1758,2029,0,1044,0,12.3,36,staircase2,loaded,0.0
5.423433,0.6071,shoulder_lift,0.0,-0.1552,0.0,-0.1758,2029,0,1044,0,12.3,36,staircase2,loaded,0.0
5.433762,0.61743,shoulder_lift,0.0,-0.1552,0.0,-0.1758,2029,0,1044,0,12.3,36,staircase2,loaded,0.0
5.444492,0.62816,shoulder_lift,0.0,-0.1552,0.0,-0.1758,2029,0,1044,0,12.3,36,staircase2,loaded,0.0
5.455353,0.63902,shoulder_lift,0.0,-0.1552,0.0,-0.1758,2029,0,1044,0,12.3,36,staircase2,loaded,0.0
5.466165,0.649832,shoulder_lift,0.0,-0.1552,0.0,-0.1758,2029,0,1044,0,12.3,36,staircase2,loaded,0.0
5.476656,0.660323,shoulder_lift,0.0,-0.1552,0.0,-0.1758,2029,0,1044,0,12.3,36,staircase2,loaded,0.0
5.487242,0.670909,shoulder_lift,0.0,-0.1552,0.0,-0.1758,2029,0,1044,0,12.3,36,staircase2,loaded,0.0
5.49778,0.681447,shoulder_lift,0.0,-0.1552,0.0,-0.1758,2029,0,1044,0,12.4,36,staircase2,loaded,0.0
5.507992,0.691659,shoulder_lift,0.0,-0.1552,0.0,-0.1758,2029,0,1044,0,12.3,35,staircase2,loaded,0.0
5.518346,0.702013,shoulder_lift,0.0,-0.1552,0.0,-0.1758,2029,0,1044,0,12.3,36,staircase2,loaded,0.0
5.528539,0.712206,shoulder_lift,0.0,-0.1552,0.0,-0.1758,2029,0,1044,0,12.3,35,staircase2,loaded,0.0
5.539007,0.722674,shoulder_lift,0.0,-0.1552,0.0,-0.1758,2029,0,1044,0,12.3,36,staircase2,loaded,0.0
5.549393,0.73306,shoulder_lift,0.0,-0.1552,0.0,-0.1758,2029,0,1044,0,12.3,36,staircase2,loaded,0.0
5.55977,0.743437,shoulder_lift,0.0,-0.1552,0.0,-0.1758,2029,0,1044,0,12.3,36,staircase2,loaded,0.0
5.570522,0.754189,shoulder_lift,0.0,-0.1552,0.0,-0.1758,2029,0,1044,0,12.3,36,staircase2,loaded,0.0
5.581122,0.764789,shoulder_lift,0.0,-0.1552,0.0,-0.1758,2029,0,1044,0,12.3,36,staircase2,loaded,0.0
5.591696,0.775363,shoulder_lift,0.0,-0.1552,0.0,-0.1758,2029,0,1044,0,12.3,35,staircase2,loaded,0.0
5.602095,0.785762,shoulder_lift,0.0,-0.1552,0.0,-0.1758,2029,0,1044,0,12.3,36,staircase2,loaded,0.0
5.613114,0.796781,shoulder_lift,0.0,-0.1552,0.0,-0.1758,2029,0,1044,0,12.3,36,staircase2,loaded,0.0
5.623659,0.807326,shoulder_lift,0.0,-0.1552,0.0,-0.1758,2029,0,1044,0,12.3,35,staircase2,loaded,0.0
5.634158,0.817825,shoulder_lift,0.0,-0.1552,0.0,-0.1758,2029,0,1044,0,12.3,36,staircase2,loaded,0.0
5.645102,0.828769,shoulder_lift,0.0,-0.1552,0.0,-0.1758,2029,0,1044,0,12.3,36,staircase2,loaded,0.0
5.655785,0.839453,shoulder_lift,0.0,-0.1552,0.0,-0.1758,2029,0,1044,0,12.3,35,staircase2,loaded,0.0
5.666532,0.850199,shoulder_lift,0.0,-0.1552,0.0,-0.1758,2029,0,1044,0,12.3,36,staircase2,loaded,0.0
5.677425,0.861092,shoulder_lift,0.0,-0.1552,0.0,-0.1758,2029,0,1044,0,12.3,36,staircase2,loaded,0.0
5.688559,0.872226,shoulder_lift,0.0,-0.1552,0.0,-0.1758,2029,0,1044,0,12.3,36,staircase2,loaded,0.0
5.699401,0.883068,shoulder_lift,0.0,-0.1552,0.0,-0.1758,2029,0,1044,0,12.3,36,staircase2,loaded,0.0
5.710379,0.894046,shoulder_lift,0.0,-0.1552,0.0,-0.1758,2029,0,1044,1,12.3,36,staircase2,loaded,0.0
5.721171,0.904838,shoulder_lift,0.0,-0.1552,0.0,-0.1758,2029,0,1044,0,12.3,36,staircase2,loaded,0.0
5.731914,0.915581,shoulder_lift,0.0,-0.1552,0.0,-0.1758,2029,0,1044,0,12.3,36,staircase2,loaded,0.0
5.742614,0.926281,shoulder_lift,0.0,-0.1552,0.0,-0.1758,2029,0,1044,0,12.3,36,staircase2,loaded,0.0
5.753362,0.937029,shoulder_lift,0.0,-0.1552,0.0,-0.1758,2029,0,1044,0,12.4,36,staircase2,loaded,0.0
5.764131,0.947798,shoulder_lift,0.0,-0.1552,0.0,-0.1758,2029,0,1044,0,12.3,36,staircase2,loaded,0.0
5.774888,0.958555,shoulder_lift,0.0,-0.1552,0.0,-0.1758,2029,0,1044,0,12.3,36,staircase2,loaded,0.0
5.786116,0.969783,shoulder_lift,0.0,-0.1552,0.0,-0.1758,2029,0,1044,0,12.3,36,staircase2,loaded,0.0
5.797306,0.980973,shoulder_lift,0.0,-0.1552,0.0,-0.1758,2029,0,1044,0,12.3,36,staircase2,loaded,0.0
5.807842,0.991509,shoulder_lift,0.0,-0.1552,0.0,-0.1758,2029,0,1044,0,12.3,36,staircase2,loaded,0.0
5.818896,1.002563,shoulder_lift,0.0,-0.1552,0.0,-0.1758,2029,0,1044,0,12.3,36,staircase2,loaded,0.0
5.829728,1.013395,shoulder_lift,0.0,-0.1552,0.0,-0.1758,2029,0,1044,0,12.4,36,staircase2,loaded,0.0
5.840511,1.024178,shoulder_lift,0.0,-0.1552,0.0,-0.1758,2029,0,1044,0,12.3,36,staircase2,loaded,0.0
5.851289,1.034956,shoulder_lift,0.0,-0.1552,0.0,-0.1758,2029,0,1044,0,12.3,36,staircase2,loaded,0.0
5.861598,1.045265,shoulder_lift,0.0,-0.1552,0.0,-0.1758,2029,0,1044,0,12.3,36,staircase2,loaded,0.0
5.87258,1.056247,shoulder_lift,0.0,-0.1552,0.0,-0.1758,2029,0,1044,0,12.3,35,staircase2,loaded,0.0
5.883354,1.067021,shoulder_lift,0.0,-0.1552,0.0,-0.1758,2029,0,1044,0,12.3,36,staircase2,loaded,0.0
5.894284,1.077951,shoulder_lift,0.0,-0.1552,0.0,-0.1758,2029,0,1044,0,12.3,36,staircase2,loaded,0.0
5.905046,1.088713,shoulder_lift,0.0,-0.1552,0.0,-0.1758,2029,0,1044,0,12.4,36,staircase2,loaded,0.0
5.915889,1.099556,shoulder_lift,0.0,-0.1552,0.0,-0.1758,2029,0,1044,0,12.3,36,staircase2,loaded,0.0
5.926509,1.110176,shoulder_lift,0.0,-0.1552,0.0,-0.1758,2029,0,1044,0,12.3,36,staircase2,loaded,0.0
5.936974,1.120641,shoulder_lift,0.0,-0.1552,0.0,-0.1758,2029,0,1044,0,12.3,36,staircase2,loaded,0.0
5.947959,1.131626,shoulder_lift,0.0,-0.1552,0.0,-0.1758,2029,0,1044,0,12.3,35,staircase2,loaded,0.0
5.95885,1.142517,shoulder_lift,0.0,-0.1552,0.0,-0.1758,2029,0,1044,0,12.3,36,staircase2,loaded,0.0
5.969766,1.153433,shoulder_lift,0.0,-0.1552,0.0,-0.1758,2029,0,1044,0,12.3,36,staircase2,loaded,0.0
5.980613,1.16428,shoulder_lift,0.0,-0.1552,0.0,-0.1758,2029,0,1044,0,12.3,36,staircase2,loaded,0.0
5.990956,1.174623,shoulder_lift,0.0,-0.1552,0.0,-0.1758,2029,0,1044,0,12.3,36,staircase2,loaded,0.0
6.001949,1.185616,shoulder_lift,0.0,-0.1552,0.0,-0.1758,2029,0,1044,0,12.3,36,staircase2,loaded,0.0
6.012836,1.196503,shoulder_lift,0.0,-0.1552,0.0,-0.1758,2029,0,1044,0,12.3,35,staircase2,loaded,0.0
6.023517,1.207184,shoulder_lift,0.0,-0.1552,0.0,-0.1758,2029,0,1044,0,12.3,36,staircase2,loaded,0.0
6.033813,1.21748,shoulder_lift,0.0,-0.1552,0.0,-0.1758,2029,0,1044,0,12.3,36,staircase2,loaded,0.0
6.044404,1.228071,shoulder_lift,0.0,-0.1552,0.0,-0.1758,2029,0,1044,0,12.3,36,staircase2,loaded,0.0
6.054725,1.238392,shoulder_lift,0.0,-0.1552,0.0,-0.1758,2029,0,1044,0,12.4,36,staircase2,loaded,0.0
6.065595,1.249262,shoulder_lift,0.0,-0.1552,0.0,-0.1758,2029,0,1044,0,12.3,36,staircase2,loaded,0.0
6.076465,1.260132,shoulder_lift,0.0,-0.1552,0.0,-0.1758,2029,0,1044,0,12.3,36,staircase2,loaded,0.0
6.087351,1.271018,shoulder_lift,0.0,-0.1552,0.0,-0.1758,2029,0,1044,0,12.4,36,staircase2,loaded,0.0
6.098032,1.281699,shoulder_lift,0.0,-0.1552,0.0,-0.1758,2029,0,1044,0,12.3,36,staircase2,loaded,0.0
6.108998,1.292665,shoulder_lift,0.0,-0.1552,0.0,-0.1758,2029,0,1044,0,12.3,36,staircase2,loaded,0.0
6.120076,1.303743,shoulder_lift,0.0,-0.1552,0.0,-0.1758,2029,0,1044,0,12.4,36,staircase2,loaded,0.0
6.130215,1.313882,shoulder_lift,0.0,-0.1552,0.0,-0.1758,2029,0,1044,0,12.3,36,staircase2,loaded,0.0
6.140478,1.324146,shoulder_lift,0.0,-0.1552,0.0,-0.1758,2029,0,1044,0,12.3,36,staircase2,loaded,0.0
6.151529,1.335197,shoulder_lift,0.0,-0.1552,0.0,-0.1758,2029,0,1044,0,12.3,36,staircase2,loaded,0.0
6.162665,1.346332,shoulder_lift,0.0,-0.1552,0.0,-0.1758,2029,0,1044,0,12.3,36,staircase2,loaded,0.0
6.173316,1.356983,shoulder_lift,0.0,-0.1552,0.0,-0.1758,2029,0,1044,0,12.3,36,staircase2,loaded,0.0
6.184102,1.367769,shoulder_lift,0.0,-0.1552,0.0,-0.1758,2029,0,1044,0,12.4,36,staircase2,loaded,0.0
6.194371,1.378038,shoulder_lift,0.0,-0.1552,0.0,-0.1758,2029,0,1044,0,12.3,36,staircase2,loaded,0.0
6.205454,1.389122,shoulder_lift,0.0,-0.1552,0.0,-0.1758,2029,0,1044,0,12.3,35,staircase2,loaded,0.0
6.216408,1.400076,shoulder_lift,0.0,-0.1552,0.0,-0.1758,2029,0,1044,0,12.3,36,staircase2,loaded,0.0
6.227495,1.411162,shoulder_lift,0.0,-0.1552,0.0,-0.1758,2029,0,1044,0,12.3,36,staircase2,loaded,0.0
6.238264,1.421931,shoulder_lift,0.0,-0.1552,0.0,-0.1758,2029,0,1044,0,12.3,36,staircase2,loaded,0.0
6.249065,1.432732,shoulder_lift,0.0,-0.1552,0.0,-0.1758,2029,0,1044,0,12.3,36,staircase2,loaded,0.0
6.260276,1.443943,shoulder_lift,0.0,-0.1552,0.0,-0.1758,2029,0,1044,0,12.3,36,staircase2,loaded,0.0
6.271349,1.455017,shoulder_lift,0.0,-0.1552,0.0,-0.1758,2029,0,1044,0,12.3,36,staircase2,loaded,0.0
6.282444,1.466111,shoulder_lift,0.0,-0.1552,0.0,-0.1758,2029,0,1044,0,12.3,36,staircase2,loaded,0.0
6.29343,1.477097,shoulder_lift,0.0,-0.1552,0.0,-0.1758,2029,0,1044,0,12.3,36,staircase2,loaded,0.0
6.30438,1.488047,shoulder_lift,0.0,-0.1552,0.0,-0.1758,2029,0,1044,0,12.3,36,staircase2,loaded,0.0
6.315288,1.498955,shoulder_lift,0.0,-0.1552,0.0,-0.1758,2029,0,1044,0,12.3,36,staircase2,loaded,0.0
6.326107,1.509774,shoulder_lift,0.0,-0.1552,0.0,-0.1758,2029,0,1044,0,12.3,36,staircase2,loaded,0.0
6.33694,1.520607,shoulder_lift,0.0,-0.1552,0.0,-0.1758,2029,0,1044,0,12.3,36,staircase2,loaded,0.0
6.347946,1.531613,shoulder_lift,0.0,-0.1552,0.0,-0.1758,2029,0,1044,0,12.3,36,staircase2,loaded,0.0
6.358867,1.542534,shoulder_lift,0.0,-0.1552,0.0,-0.1758,2029,0,1044,0,12.3,36,staircase2,loaded,0.0
6.369844,1.553511,shoulder_lift,0.0,-0.1552,0.0,-0.1758,2029,0,1044,0,12.3,35,staircase2,loaded,0.0
6.38041,1.564077,shoulder_lift,0.0,-0.1552,0.0,-0.1758,2029,0,1044,0,12.3,36,staircase2,loaded,0.0
6.391016,1.574683,shoulder_lift,0.0,-0.1552,0.0,-0.1758,2029,0,1044,0,12.3,35,staircase2,loaded,0.0
6.401717,1.585384,shoulder_lift,0.0,-0.1552,0.0,-0.1758,2029,0,1044,0,12.3,36,staircase2,loaded,0.0
6.412403,1.59607,shoulder_lift,0.0,-0.1552,0.0,-0.1758,2029,0,1044,0,12.3,35,staircase2,loaded,0.0
6.424285,3e-06,shoulder_lift,10.0,-0.1552,11.3291,-0.1758,2029,0,1044,1,12.3,36,staircase2,loaded,0.0
6.434754,0.010473,shoulder_lift,10.0,-0.1552,11.3291,-0.1758,2029,0,1048,0,12.3,36,staircase2,loaded,0.0
6.445642,0.021361,shoulder_lift,10.0,-0.1552,11.3291,-0.1758,2029,0,1092,3,12.3,43,staircase2,loaded,0.0
6.456609,0.032327,shoulder_lift,10.0,-0.1552,11.3291,-0.1758,2029,0,1128,4,12.3,36,staircase2,loaded,0.0
6.467327,0.043046,shoulder_lift,10.0,-0.0776,11.3291,-0.0879,2030,0,1208,7,12.3,36,staircase2,loaded,8.201
6.477786,0.053504,shoulder_lift,10.0,0.0776,11.3291,0.0879,2032,100,1248,10,12.3,36,staircase2,loaded,16.808
6.488069,0.063787,shoulder_lift,10.0,0.4655,11.3291,0.5273,2037,100,1316,12,12.3,36,staircase2,loaded,42.731
6.498684,0.074403,shoulder_lift,10.0,0.931,11.3291,1.0547,2043,400,1364,14,12.3,36,staircase2,loaded,49.684
6.508899,0.084618,shoulder_lift,10.0,1.5516,11.3291,1.7578,2051,400,1392,12,12.2,36,staircase2,loaded,68.83
6.519402,0.09512,shoulder_lift,10.0,2.2498,11.3291,2.5488,2060,750,1408,10,12.3,36,staircase2,loaded,75.312
6.529875,0.105593,shoulder_lift,10.0,3.0256,11.3291,3.4277,2070,750,1360,3,12.3,36,staircase2,loaded,83.921
6.540382,0.1161,shoulder_lift,10.0,3.879,11.3291,4.3945,2081,1000,1352,1,12.3,36,staircase2,loaded,92.015
6.551264,0.126983,shoulder_lift,10.0,4.7324,11.3291,5.3613,2092,1000,1280,0,12.3,36,staircase2,loaded,88.844
6.561798,0.137517,shoulder_lift,10.0,5.5857,11.3291,6.3281,2103,1000,1244,0,12.3,36,staircase2,loaded,91.779
6.572578,0.148296,shoulder_lift,10.0,6.2064,11.3291,7.0313,2111,900,1160,0,12.3,35,staircase2,loaded,65.232
6.583112,0.15883,shoulder_lift,10.0,6.7494,11.3291,7.6465,2118,900,1136,0,12.3,36,staircase2,loaded,58.401
6.594015,0.169734,shoulder_lift,10.0,7.2149,11.3291,8.1738,2124,550,1124,0,12.3,36,staircase2,loaded,48.363
6.605022,0.18074,shoulder_lift,10.0,7.4476,11.3291,8.4375,2127,550,1144,1,12.3,36,staircase2,loaded,23.957
6.615671,0.19139,shoulder_lift,10.0,7.6804,11.3291,8.7012,2130,350,1128,0,12.3,36,staircase2,loaded,24.763
6.626355,0.202074,shoulder_lift,10.0,7.9131,11.3291,8.9648,2133,350,1112,0,12.3,36,staircase2,loaded,24.672
6.637079,0.212797,shoulder_lift,10.0,8.2234,11.3291,9.3164,2137,300,1092,0,12.3,36,staircase2,loaded,32.786
6.648133,0.223851,shoulder_lift,10.0,8.6113,11.3291,9.7559,2142,300,1072,0,12.3,36,staircase2,loaded,39.759
6.658768,0.234486,shoulder_lift,10.0,8.8441,11.3291,10.0195,2145,400,1060,0,12.3,36,staircase2,loaded,24.786
6.669737,0.245456,shoulder_lift,10.0,9.0768,11.3291,10.2832,2148,400,1056,0,12.3,36,staircase2,loaded,24.04
6.680726,0.256445,shoulder_lift,10.0,9.232,11.3291,10.459,2150,250,1052,0,12.3,36,staircase2,loaded,15.998
6.691744,0.267463,shoulder_lift,10.0,9.232,11.3291,10.459,2150,50,1068,0,12.3,36,staircase2,loaded,0.0
6.702377,0.278096,shoulder_lift,10.0,9.3095,11.3291,10.5469,2151,50,1064,0,12.3,36,staircase2,loaded,8.267
6.712543,0.288262,shoulder_lift,10.0,9.3871,11.3291,10.6348,2152,100,1064,0,12.3,36,staircase2,loaded,8.646
6.72282,0.298539,shoulder_lift,10.0,9.3871,11.3291,10.6348,2152,100,1064,0,12.3,36,staircase2,loaded,0.0
6.733761,0.30948,shoulder_lift,10.0,9.4647,11.3291,10.7227,2153,50,1060,0,12.3,36,staircase2,loaded,8.034
6.744488,0.320207,shoulder_lift,10.0,9.5423,11.3291,10.8105,2154,50,1044,0,12.4,36,staircase2,loaded,8.185
6.755266,0.330984,shoulder_lift,10.0,9.6199,11.3291,10.8984,2155,100,1044,0,12.3,36,staircase2,loaded,8.156
6.766004,0.341723,shoulder_lift,10.0,9.6974,11.3291,10.9863,2156,100,1048,0,12.3,36,staircase2,loaded,8.186
6.777147,0.352866,shoulder_lift,10.0,9.8526,11.3291,11.1621,2158,100,0,0,12.3,35,staircase2,loaded,15.777
6.787899,0.363618,shoulder_lift,10.0,10.0078,11.3291,11.3379,2160,100,28,1,12.3,36,staircase2,loaded,16.35
6.798948,0.374667,shoulder_lift,10.0,10.0853,11.3291,11.4258,2161,150,32,0,12.4,36,staircase2,loaded,7.955
6.80932,0.385039,shoulder_lift,10.0,10.1629,11.3291,11.5137,2162,150,24,0,12.3,35,staircase2,loaded,8.475
6.819829,0.395548,shoulder_lift,10.0,10.2405,11.3291,11.6016,2163,100,28,0,12.3,36,staircase2,loaded,8.364
6.830457,0.406176,shoulder_lift,10.0,10.2405,11.3291,11.6016,2163,100,28,0,12.3,35,staircase2,loaded,0.0
6.841035,0.416754,shoulder_lift,10.0,10.2405,11.3291,11.6016,2163,50,28,0,12.3,36,staircase2,loaded,0.0
6.851686,0.427405,shoulder_lift,10.0,10.2405,11.3291,11.6016,2163,0,24,0,12.3,36,staircase2,loaded,0.0
6.862556,0.438275,shoulder_lift,10.0,10.2405,11.3291,11.6016,2163,0,24,0,12.3,36,staircase2,loaded,0.0
6.873233,0.448952,shoulder_lift,10.0,10.2405,11.3291,11.6016,2163,0,24,0,12.3,36,staircase2,loaded,0.0
6.884201,0.459919,shoulder_lift,10.0,10.2405,11.3291,11.6016,2163,0,24,0,12.3,36,staircase2,loaded,0.0
6.894933,0.470652,shoulder_lift,10.0,10.2405,11.3291,11.6016,2163,0,24,0,12.3,36,staircase2,loaded,0.0
6.906194,0.481912,shoulder_lift,10.0,10.2405,11.3291,11.6016,2163,0,24,0,12.4,36,staircase2,loaded,0.0
6.917288,0.493007,shoulder_lift,10.0,10.2405,11.3291,11.6016,2163,0,24,0,12.3,35,staircase2,loaded,0.0
6.928387,0.504106,shoulder_lift,10.0,10.2405,11.3291,11.6016,2163,0,24,0,12.3,36,staircase2,loaded,0.0
6.93886,0.514578,shoulder_lift,10.0,10.2405,11.3291,11.6016,2163,0,24,0,12.3,36,staircase2,loaded,0.0
6.949136,0.524855,shoulder_lift,10.0,10.2405,11.3291,11.6016,2163,0,24,0,12.3,35,staircase2,loaded,0.0
6.960321,0.536039,shoulder_lift,10.0,10.2405,11.3291,11.6016,2163,0,24,0,12.3,36,staircase2,loaded,0.0
6.971366,0.547085,shoulder_lift,10.0,10.2405,11.3291,11.6016,2163,0,24,0,12.3,36,staircase2,loaded,0.0
6.982315,0.558033,shoulder_lift,10.0,10.2405,11.3291,11.6016,2163,0,24,0,12.3,36,staircase2,loaded,0.0
6.993129,0.568847,shoulder_lift,10.0,10.2405,11.3291,11.6016,2163,0,24,0,12.3,36,staircase2,loaded,0.0
7.003832,0.579551,shoulder_lift,10.0,10.2405,11.3291,11.6016,2163,0,24,0,12.3,36,staircase2,loaded,0.0
7.014895,0.590614,shoulder_lift,10.0,10.2405,11.3291,11.6016,2163,0,24,0,12.3,36,staircase2,loaded,0.0
7.025678,0.601397,shoulder_lift,10.0,10.2405,11.3291,11.6016,2163,0,24,0,12.3,36,staircase2,loaded,0.0
7.036861,0.61258,shoulder_lift,10.0,10.2405,11.3291,11.6016,2163,0,24,0,12.3,36,staircase2,loaded,0.0
7.048012,0.623731,shoulder_lift,10.0,10.2405,11.3291,11.6016,2163,0,24,0,12.3,36,staircase2,loaded,0.0
7.05864,0.634358,shoulder_lift,10.0,10.2405,11.3291,11.6016,2163,0,24,0,12.3,36,staircase2,loaded,0.0
7.069639,0.645358,shoulder_lift,10.0,10.2405,11.3291,11.6016,2163,0,24,0,12.3,36,staircase2,loaded,0.0
7.080838,0.656557,shoulder_lift,10.0,10.2405,11.3291,11.6016,2163,0,24,1,12.3,36,staircase2,loaded,0.0
7.091248,0.666967,shoulder_lift,10.0,10.2405,11.3291,11.6016,2163,0,24,0,12.3,36,staircase2,loaded,0.0
7.102001,0.67772,shoulder_lift,10.0,10.2405,11.3291,11.6016,2163,0,24,0,12.3,36,staircase2,loaded,0.0
7.112989,0.688708,shoulder_lift,10.0,10.2405,11.3291,11.6016,2163,0,24,0,12.3,35,staircase2,loaded,0.0
7.12362,0.699339,shoulder_lift,10.0,10.2405,11.3291,11.6016,2163,0,24,1,12.3,36,staircase2,loaded,0.0
7.134474,0.710193,shoulder_lift,10.0,10.2405,11.3291,11.6016,2163,0,24,0,12.3,36,staircase2,loaded,0.0
7.1453,0.721019,shoulder_lift,10.0,10.2405,11.3291,11.6016,2163,0,24,0,12.3,36,staircase2,loaded,0.0
7.156291,0.732009,shoulder_lift,10.0,10.2405,11.3291,11.6016,2163,0,24,0,12.4,36,staircase2,loaded,0.0
7.167018,0.742737,shoulder_lift,10.0,10.2405,11.3291,11.6016,2163,0,24,0,12.3,35,staircase2,loaded,0.0
7.178123,0.753842,shoulder_lift,10.0,10.2405,11.3291,11.6016,2163,0,24,0,12.3,35,staircase2,loaded,0.0
7.188622,0.76434,shoulder_lift,10.0,10.2405,11.3291,11.6016,2163,0,24,0,12.3,36,staircase2,loaded,0.0
7.199468,0.775187,shoulder_lift,10.0,10.2405,11.3291,11.6016,2163,0,24,0,12.4,36,staircase2,loaded,0.0
7.209702,0.785421,shoulder_lift,10.0,10.2405,11.3291,11.6016,2163,0,24,0,12.3,36,staircase2,loaded,0.0
7.220562,0.796281,shoulder_lift,10.0,10.2405,11.3291,11.6016,2163,0,24,0,12.3,36,staircase2,loaded,0.0
7.231393,0.807111,shoulder_lift,10.0,10.2405,11.3291,11.6016,2163,0,24,0,12.3,36,staircase2,loaded,0.0
7.242513,0.818231,shoulder_lift,10.0,10.2405,11.3291,11.6016,2163,0,24,0,12.3,36,staircase2,loaded,0.0
7.253415,0.829134,shoulder_lift,10.0,10.2405,11.3291,11.6016,2163,0,24,0,12.3,36,staircase2,loaded,0.0
7.264299,0.840018,shoulder_lift,10.0,10.2405,11.3291,11.6016,2163,0,24,1,12.3,36,staircase2,loaded,0.0
7.275148,0.850867,shoulder_lift,10.0,10.2405,11.3291,11.6016,2163,0,24,0,12.3,36,staircase2,loaded,0.0
7.285876,0.861595,shoulder_lift,10.0,10.2405,11.3291,11.6016,2163,0,24,0,12.3,36,staircase2,loaded,0.0
7.296981,0.8727,shoulder_lift,10.0,10.2405,11.3291,11.6016,2163,0,24,0,12.3,35,staircase2,loaded,0.0
7.307799,0.883518,shoulder_lift,10.0,10.2405,11.3291,11.6016,2163,0,24,0,12.3,36,staircase2,loaded,0.0
7.31868,0.894398,shoulder_lift,10.0,10.2405,11.3291,11.6016,2163,0,24,0,12.3,36,staircase2,loaded,0.0
7.329786,0.905504,shoulder_lift,10.0,10.2405,11.3291,11.6016,2163,0,24,0,12.3,36,staircase2,loaded,0.0
7.340257,0.915976,shoulder_lift,10.0,10.2405,11.3291,11.6016,2163,0,24,0,12.3,36,staircase2,loaded,0.0
7.351357,0.927076,shoulder_lift,10.0,10.2405,11.3291,11.6016,2163,0,24,0,12.3,36,staircase2,loaded,0.0
7.362452,0.93817,shoulder_lift,10.0,10.2405,11.3291,11.6016,2163,0,24,1,12.3,36,staircase2,loaded,0.0
7.373095,0.948814,shoulder_lift,10.0,10.2405,11.3291,11.6016,2163,0,24,0,12.3,36,staircase2,loaded,0.0
7.383889,0.959607,shoulder_lift,10.0,10.2405,11.3291,11.6016,2163,0,24,0,12.3,36,staircase2,loaded,0.0
7.394224,0.969942,shoulder_lift,10.0,10.2405,11.3291,11.6016,2163,0,24,0,12.3,35,staircase2,loaded,0.0
7.404821,0.98054,shoulder_lift,10.0,10.2405,11.3291,11.6016,2163,0,24,0,12.4,36,staircase2,loaded,0.0
7.415774,0.991493,shoulder_lift,10.0,10.2405,11.3291,11.6016,2163,0,24,0,12.4,35,staircase2,loaded,0.0
7.426853,1.002572,shoulder_lift,10.0,10.2405,11.3291,11.6016,2163,0,24,0,12.3,36,staircase2,loaded,0.0
7.437052,1.012771,shoulder_lift,10.0,10.2405,11.3291,11.6016,2163,0,24,0,12.3,36,staircase2,loaded,0.0
7.4481,1.023818,shoulder_lift,10.0,10.2405,11.3291,11.6016,2163,0,24,0,12.4,36,staircase2,loaded,0.0
7.4589,1.034619,shoulder_lift,10.0,10.2405,11.3291,11.6016,2163,0,24,0,12.3,36,staircase2,loaded,0.0
7.469162,1.044881,shoulder_lift,10.0,10.2405,11.3291,11.6016,2163,0,24,1,12.4,36,staircase2,loaded,0.0
7.479531,1.05525,shoulder_lift,10.0,10.2405,11.3291,11.6016,2163,0,24,0,12.3,36,staircase2,loaded,0.0
7.490107,1.065826,shoulder_lift,10.0,10.2405,11.3291,11.6016,2163,0,24,0,12.3,35,staircase2,loaded,0.0
7.50067,1.076389,shoulder_lift,10.0,10.2405,11.3291,11.6016,2163,0,24,0,12.3,36,staircase2,loaded,0.0
7.511097,1.086816,shoulder_lift,10.0,10.2405,11.3291,11.6016,2163,0,24,0,12.3,36,staircase2,loaded,0.0
7.521481,1.0972,shoulder_lift,10.0,10.2405,11.3291,11.6016,2163,0,24,0,12.3,36,staircase2,loaded,0.0
7.532104,1.107823,shoulder_lift,10.0,10.2405,11.3291,11.6016,2163,0,24,0,12.3,35,staircase2,loaded,0.0
7.542608,1.118327,shoulder_lift,10.0,10.2405,11.3291,11.6016,2163,0,24,0,12.3,36,staircase2,loaded,0.0
7.553041,1.12876,shoulder_lift,10.0,10.2405,11.3291,11.6016,2163,0,24,0,12.3,36,staircase2,loaded,0.0
7.563166,1.138885,shoulder_lift,10.0,10.2405,11.3291,11.6016,2163,0,24,0,12.3,36,staircase2,loaded,0.0
7.573548,1.149267,shoulder_lift,10.0,10.2405,11.3291,11.6016,2163,0,24,0,12.3,36,staircase2,loaded,0.0
7.58442,1.160139,shoulder_lift,10.0,10.2405,11.3291,11.6016,2163,0,24,0,12.3,36,staircase2,loaded,0.0
7.595322,1.17104,shoulder_lift,10.0,10.2405,11.3291,11.6016,2163,0,24,0,12.3,36,staircase2,loaded,0.0
7.606062,1.18178,shoulder_lift,10.0,10.2405,11.3291,11.6016,2163,0,24,0,12.3,36,staircase2,loaded,0.0
7.616955,1.192673,shoulder_lift,10.0,10.2405,11.3291,11.6016,2163,0,24,0,12.3,35,staircase2,loaded,0.0
7.62775,1.203469,shoulder_lift,10.0,10.2405,11.3291,11.6016,2163,0,24,0,12.3,36,staircase2,loaded,0.0
7.63888,1.214598,shoulder_lift,10.0,10.2405,11.3291,11.6016,2163,0,24,0,12.3,36,staircase2,loaded,0.0
7.649791,1.22551,shoulder_lift,10.0,10.2405,11.3291,11.6016,2163,0,24,0,12.3,36,staircase2,loaded,0.0
7.660863,1.236582,shoulder_lift,10.0,10.2405,11.3291,11.6016,2163,0,24,0,12.3,36,staircase2,loaded,0.0
7.671859,1.247578,shoulder_lift,10.0,10.2405,11.3291,11.6016,2163,0,24,0,12.4,36,staircase2,loaded,0.0
7.683041,1.258759,shoulder_lift,10.0,10.2405,11.3291,11.6016,2163,0,24,0,12.3,36,staircase2,loaded,0.0
7.693863,1.269582,shoulder_lift,10.0,10.2405,11.3291,11.6016,2163,0,24,0,12.3,36,staircase2,loaded,0.0
7.704934,1.280653,shoulder_lift,10.0,10.2405,11.3291,11.6016,2163,0,24,0,12.3,36,staircase2,loaded,0.0
7.715276,1.290994,shoulder_lift,10.0,10.2405,11.3291,11.6016,2163,0,24,1,12.3,36,staircase2,loaded,0.0
7.725881,1.301599,shoulder_lift,10.0,10.2405,11.3291,11.6016,2163,0,24,0,12.3,36,staircase2,loaded,0.0
7.736819,1.312538,shoulder_lift,10.0,10.2405,11.3291,11.6016,2163,0,24,0,12.3,36,staircase2,loaded,0.0
7.747803,1.323521,shoulder_lift,10.0,10.2405,11.3291,11.6016,2163,0,24,0,12.3,36,staircase2,loaded,0.0
7.758601,1.334319,shoulder_lift,10.0,10.2405,11.3291,11.6016,2163,0,24,0,12.3,36,staircase2,loaded,0.0
7.769548,1.345266,shoulder_lift,10.0,10.2405,11.3291,11.6016,2163,0,24,1,12.3,36,staircase2,loaded,0.0
7.780269,1.355988,shoulder_lift,10.0,10.2405,11.3291,11.6016,2163,0,24,0,12.3,36,staircase2,loaded,0.0
7.790692,1.366411,shoulder_lift,10.0,10.2405,11.3291,11.6016,2163,0,24,0,12.3,36,staircase2,loaded,0.0
7.801816,1.377535,shoulder_lift,10.0,10.2405,11.3291,11.6016,2163,0,24,0,12.3,36,staircase2,loaded,0.0
7.812621,1.388339,shoulder_lift,10.0,10.2405,11.3291,11.6016,2163,0,24,0,12.3,36,staircase2,loaded,0.0
7.822969,1.398688,shoulder_lift,10.0,10.2405,11.3291,11.6016,2163,0,24,1,12.3,36,staircase2,loaded,0.0
7.833857,1.409576,shoulder_lift,10.0,10.2405,11.3291,11.6016,2163,0,24,0,12.3,36,staircase2,loaded,0.0
7.844627,1.420346,shoulder_lift,10.0,10.2405,11.3291,11.6016,2163,0,24,0,12.3,36,staircase2,loaded,0.0
7.855357,1.431075,shoulder_lift,10.0,10.2405,11.3291,11.6016,2163,0,24,0,12.3,36,staircase2,loaded,0.0
7.86625,1.441969,shoulder_lift,10.0,10.2405,11.3291,11.6016,2163,0,24,0,12.3,36,staircase2,loaded,0.0
7.876885,1.452604,shoulder_lift,10.0,10.2405,11.3291,11.6016,2163,0,24,0,12.3,35,staircase2,loaded,0.0
7.88796,1.463679,shoulder_lift,10.0,10.2405,11.3291,11.6016,2163,0,24,0,12.3,36,staircase2,loaded,0.0
7.898957,1.474675,shoulder_lift,10.0,10.2405,11.3291,11.6016,2163,0,24,0,12.3,36,staircase2,loaded,0.0
7.9097,1.485419,shoulder_lift,10.0,10.2405,11.3291,11.6016,2163,0,24,0,12.3,36,staircase2,loaded,0.0
7.920824,1.496543,shoulder_lift,10.0,10.2405,11.3291,11.6016,2163,0,24,0,12.4,36,staircase2,loaded,0.0
7.931452,1.50717,shoulder_lift,10.0,10.2405,11.3291,11.6016,2163,0,24,0,12.3,36,staircase2,loaded,0.0
7.942244,1.517963,shoulder_lift,10.0,10.2405,11.3291,11.6016,2163,0,24,0,12.3,36,staircase2,loaded,0.0
7.952478,1.528196,shoulder_lift,10.0,10.2405,11.3291,11.6016,2163,0,24,0,12.3,36,staircase2,loaded,0.0
7.962756,1.538475,shoulder_lift,10.0,10.2405,11.3291,11.6016,2163,0,24,0,12.3,36,staircase2,loaded,0.0
7.973503,1.549222,shoulder_lift,10.0,10.2405,11.3291,11.6016,2163,0,24,0,12.3,36,staircase2,loaded,0.0
7.984535,1.560254,shoulder_lift,10.0,10.2405,11.3291,11.6016,2163,0,24,0,12.3,36,staircase2,loaded,0.0
7.995418,1.571136,shoulder_lift,10.0,10.2405,11.3291,11.6016,2163,0,24,0,12.3,36,staircase2,loaded,0.0
8.00609,1.581809,shoulder_lift,10.0,10.2405,11.3291,11.6016,2163,0,24,0,12.3,35,staircase2,loaded,0.0
8.016907,1.592626,shoulder_lift,10.0,10.2405,11.3291,11.6016,2163,0,24,0,12.3,36,staircase2,loaded,0.0
8.029064,4e-06,shoulder_lift,20.0,10.2405,22.6582,11.6016,2163,0,24,0,12.4,36,staircase2,loaded,0.0
8.039613,0.010553,shoulder_lift,20.0,10.2405,22.6582,11.6016,2163,0,0,0,12.3,36,staircase2,loaded,0.0
8.050531,0.021471,shoulder_lift,20.0,10.2405,22.6582,11.6016,2163,0,1060,0,12.3,36,staircase2,loaded,0.0
8.061635,0.032575,shoulder_lift,20.0,10.2405,22.6582,11.6016,2163,0,1136,5,12.3,36,staircase2,loaded,0.0
8.072358,0.043298,shoulder_lift,20.0,10.2405,22.6582,11.6016,2163,0,1180,6,12.4,36,staircase2,loaded,0.0
8.083321,0.05426,shoulder_lift,20.0,10.3957,22.6582,11.7773,2165,0,1268,12,12.3,36,staircase2,loaded,16.027
8.094077,0.065017,shoulder_lift,20.0,10.706,22.6582,12.1289,2169,200,1324,14,12.3,36,staircase2,loaded,32.689
8.105036,0.075975,shoulder_lift,20.0,10.9387,22.6582,12.3926,2172,200,1400,20,12.3,35,staircase2,loaded,24.062
8.115797,0.086737,shoulder_lift,20.0,11.6369,22.6582,13.1836,2181,350,1424,13,12.3,36,staircase2,loaded,73.506
8.126597,0.097536,shoulder_lift,20.0,12.4903,22.6582,14.1504,2192,350,1372,4,12.3,36,staircase2,loaded,89.519
8.137313,0.108252,shoulder_lift,20.0,13.3437,22.6582,15.1172,2203,1100,1372,4,12.3,36,staircase2,loaded,90.22
8.148357,0.119296,shoulder_lift,20.0,14.1195,22.6582,15.9961,2213,1100,1312,0,12.3,36,staircase2,loaded,79.582
8.159401,0.13034,shoulder_lift,20.0,14.8177,22.6582,16.7871,2222,950,1296,0,12.3,36,staircase2,loaded,71.623
8.17019,0.141129,shoulder_lift,20.0,15.4383,22.6582,17.4902,2230,750,1240,1,12.4,36,staircase2,loaded,65.168
8.180967,0.151906,shoulder_lift,20.0,16.059,22.6582,18.1934,2238,750,1208,0,12.3,36,staircase2,loaded,65.25
8.191072,0.162012,shoulder_lift,20.0,16.5244,22.6582,18.7207,2244,650,1156,1,12.3,36,staircase2,loaded,52.182
8.201488,0.172427,shoulder_lift,20.0,16.8348,22.6582,19.0723,2248,650,1140,2,12.3,36,staircase2,loaded,33.756
8.212445,0.183384,shoulder_lift,20.0,17.1451,22.6582,19.4238,2252,450,1136,2,12.3,36,staircase2,loaded,32.08
8.223022,0.193961,shoulder_lift,20.0,17.4554,22.6582,19.7754,2256,450,1136,2,12.3,36,staircase2,loaded,33.242
8.234241,0.20518,shoulder_lift,20.0,17.6881,22.6582,20.0391,2259,300,1124,2,12.3,36,staircase2,loaded,23.505
8.245183,0.216122,shoulder_lift,20.0,17.9209,22.6582,20.3027,2262,300,1120,1,12.3,36,staircase2,loaded,24.091
8.256183,0.227123,shoulder_lift,20.0,18.2312,22.6582,20.6543,2266,300,1104,1,12.3,36,staircase2,loaded,31.964
8.267078,0.238018,shoulder_lift,20.0,18.5415,22.6582,21.0059,2270,300,1080,0,12.3,36,staircase2,loaded,32.272
8.277867,0.248806,shoulder_lift,20.0,18.9294,22.6582,21.4453,2275,350,1064,0,12.3,36,staircase2,loaded,40.727
8.288914,0.259854,shoulder_lift,20.0,19.007,22.6582,21.5332,2276,250,1056,0,12.3,36,staircase2,loaded,7.957
8.299838,0.270777,shoulder_lift,20.0,19.0846,22.6582,21.6211,2277,250,1052,1,12.3,36,staircase2,loaded,8.047
8.310948,0.281888,shoulder_lift,20.0,19.1621,22.6582,21.709,2278,100,1072,0,12.3,36,staircase2,loaded,7.912
8.321898,0.292838,shoulder_lift,20.0,19.2397,22.6582,21.7969,2279,100,1072,0,12.3,36,staircase2,loaded,8.027
8.333097,0.304037,shoulder_lift,20.0,19.3173,22.6582,21.8848,2280,50,1068,0,12.3,36,staircase2,loaded,7.849
8.344152,0.315091,shoulder_lift,20.0,19.3949,22.6582,21.9727,2281,50,1060,0,12.3,36,staircase2,loaded,7.951
8.355177,0.326116,shoulder_lift,20.0,19.55,22.6582,22.1484,2283,150,1052,0,12.3,36,staircase2,loaded,15.937
8.366304,0.337244,shoulder_lift,20.0,19.7052,22.6582,22.3242,2285,150,24,0,12.3,36,staircase2,loaded,15.799
8.377049,0.347989,shoulder_lift,20.0,19.8604,22.6582,22.5,2287,200,28,0,12.3,36,staircase2,loaded,16.361
8.388077,0.359016,shoulder_lift,20.0,20.0155,22.6582,22.6758,2289,200,28,0,12.3,36,staircase2,loaded,15.941
8.398513,0.369453,shoulder_lift,20.0,20.1707,22.6582,22.8516,2291,200,36,1,12.3,35,staircase2,loaded,16.846
8.409233,0.380173,shoulder_lift,20.0,20.3258,22.6582,23.0273,2293,150,36,0,12.3,36,staircase2,loaded,16.39
8.419577,0.390517,shoulder_lift,20.0,20.3258,22.6582,23.0273,2293,150,36,0,12.3,36,staircase2,loaded,0.0
8.43022,0.40116,shoulder_lift,20.0,20.4034,22.6582,23.1152,2294,50,36,0,12.4,36,staircase2,loaded,8.259
8.440658,0.411597,shoulder_lift,20.0,20.4034,22.6582,23.1152,2294,50,36,1,12.3,36,staircase2,loaded,0.0
8.451297,0.422237,shoulder_lift,20.0,20.4034,22.6582,23.1152,2294,0,36,1,12.3,36,staircase2,loaded,0.0
8.461715,0.432655,shoulder_lift,20.0,20.4034,22.6582,23.1152,2294,0,32,1,12.3,36,staircase2,loaded,0.0
8.472349,0.443288,shoulder_lift,20.0,20.4034,22.6582,23.1152,2294,0,32,0,12.3,36,staircase2,loaded,0.0
8.482673,0.453613,shoulder_lift,20.0,20.4034,22.6582,23.1152,2294,0,32,1,12.3,36,staircase2,loaded,0.0
8.493065,0.464004,shoulder_lift,20.0,20.4034,22.6582,23.1152,2294,0,32,0,12.4,35,staircase2,loaded,0.0
8.503516,0.474456,shoulder_lift,20.0,20.4034,22.6582,23.1152,2294,0,32,0,12.3,36,staircase2,loaded,0.0
8.513789,0.484729,shoulder_lift,20.0,20.4034,22.6582,23.1152,2294,0,32,0,12.3,35,staircase2,loaded,0.0
8.524209,0.495148,shoulder_lift,20.0,20.4034,22.6582,23.1152,2294,0,32,1,12.3,35,staircase2,loaded,0.0
8.534606,0.505545,shoulder_lift,20.0,20.4034,22.6582,23.1152,2294,0,32,1,12.3,36,staircase2,loaded,0.0
8.545001,0.51594,shoulder_lift,20.0,20.4034,22.6582,23.1152,2294,0,32,0,12.3,36,staircase2,loaded,0.0
8.555438,0.526377,shoulder_lift,20.0,20.4034,22.6582,23.1152,2294,0,32,0,12.3,36,staircase2,loaded,0.0
8.565871,0.536811,shoulder_lift,20.0,20.4034,22.6582,23.1152,2294,0,32,1,12.3,36,staircase2,loaded,0.0
8.576585,0.547524,shoulder_lift,20.0,20.4034,22.6582,23.1152,2294,0,32,1,12.3,36,staircase2,loaded,0.0
8.586982,0.557921,shoulder_lift,20.0,20.4034,22.6582,23.1152,2294,0,32,1,12.3,36,staircase2,loaded,0.0
8.597945,0.568885,shoulder_lift,20.0,20.4034,22.6582,23.1152,2294,0,32,0,12.3,36,staircase2,loaded,0.0
8.608219,0.579159,shoulder_lift,20.0,20.4034,22.6582,23.1152,2294,0,32,0,12.3,36,staircase2,loaded,0.0
8.619011,0.58995,shoulder_lift,20.0,20.4034,22.6582,23.1152,2294,0,32,0,12.3,36,staircase2,loaded,0.0
8.630201,0.60114,shoulder_lift,20.0,20.4034,22.6582,23.1152,2294,0,32,1,12.3,36,staircase2,loaded,0.0
8.640482,0.611421,shoulder_lift,20.0,20.4034,22.6582,23.1152,2294,0,32,1,12.3,36,staircase2,loaded,0.0
8.651308,0.622247,shoulder_lift,20.0,20.4034,22.6582,23.1152,2294,0,32,0,12.3,36,staircase2,loaded,0.0
8.662138,0.633078,shoulder_lift,20.0,20.4034,22.6582,23.1152,2294,0,32,1,12.3,35,staircase2,loaded,0.0
8.672803,0.643742,shoulder_lift,20.0,20.4034,22.6582,23.1152,2294,0,32,0,12.3,36,staircase2,loaded,0.0
8.683878,0.654818,shoulder_lift,20.0,20.4034,22.6582,23.1152,2294,0,32,1,12.3,36,staircase2,loaded,0.0
8.694884,0.665823,shoulder_lift,20.0,20.4034,22.6582,23.1152,2294,0,32,0,12.3,36,staircase2,loaded,0.0
8.705996,0.676936,shoulder_lift,20.0,20.4034,22.6582,23.1152,2294,0,32,1,12.3,36,staircase2,loaded,0.0
8.716907,0.687846,shoulder_lift,20.0,20.4034,22.6582,23.1152,2294,0,32,0,12.3,36,staircase2,loaded,0.0
8.728005,0.698944,shoulder_lift,20.0,20.4034,22.6582,23.1152,2294,0,32,1,12.3,36,staircase2,loaded,0.0
8.739207,0.710146,shoulder_lift,20.0,20.4034,22.6582,23.1152,2294,0,32,0,12.3,36,staircase2,loaded,0.0
8.750061,0.721,shoulder_lift,20.0,20.4034,22.6582,23.1152,2294,0,32,0,12.3,36,staircase2,loaded,0.0
8.761073,0.732013,shoulder_lift,20.0,20.4034,22.6582,23.1152,2294,0,32,0,12.3,36,staircase2,loaded,0.0
8.772187,0.743126,shoulder_lift,20.0,20.4034,22.6582,23.1152,2294,0,32,1,12.3,35,staircase2,loaded,0.0
8.783094,0.754033,shoulder_lift,20.0,20.4034,22.6582,23.1152,2294,0,32,0,12.3,36,staircase2,loaded,0.0
8.794359,0.765299,shoulder_lift,20.0,20.4034,22.6582,23.1152,2294,0,32,1,12.3,36,staircase2,loaded,0.0
8.805678,0.776617,shoulder_lift,20.0,20.4034,22.6582,23.1152,2294,0,32,0,12.3,36,staircase2,loaded,0.0
8.816616,0.787556,shoulder_lift,20.0,20.4034,22.6582,23.1152,2294,0,32,0,12.3,36,staircase2,loaded,0.0
8.827578,0.798518,shoulder_lift,20.0,20.4034,22.6582,23.1152,2294,0,32,1,12.3,36,staircase2,loaded,0.0
8.839009,0.809948,shoulder_lift,20.0,20.4034,22.6582,23.1152,2294,0,32,0,12.3,36,staircase2,loaded,0.0
8.849932,0.820871,shoulder_lift,20.0,20.4034,22.6582,23.1152,2294,0,32,0,12.3,36,staircase2,loaded,0.0
8.861057,0.831997,shoulder_lift,20.0,20.4034,22.6582,23.1152,2294,0,32,0,12.3,36,staircase2,loaded,0.0
8.872089,0.843028,shoulder_lift,20.0,20.4034,22.6582,23.1152,2294,0,32,0,12.3,35,staircase2,loaded,0.0
8.883196,0.854135,shoulder_lift,20.0,20.4034,22.6582,23.1152,2294,0,32,0,12.3,36,staircase2,loaded,0.0
8.894222,0.865162,shoulder_lift,20.0,20.4034,22.6582,23.1152,2294,0,32,0,12.3,36,staircase2,loaded,0.0
8.905275,0.876214,shoulder_lift,20.0,20.4034,22.6582,23.1152,2294,0,32,1,12.3,36,staircase2,loaded,0.0
8.916388,0.887327,shoulder_lift,20.0,20.4034,22.6582,23.1152,2294,0,32,0,12.3,36,staircase2,loaded,0.0
8.927534,0.898473,shoulder_lift,20.0,20.4034,22.6582,23.1152,2294,0,32,1,12.3,36,staircase2,loaded,0.0
8.938365,0.909304,shoulder_lift,20.0,20.4034,22.6582,23.1152,2294,0,32,0,12.3,36,staircase2,loaded,0.0
8.949122,0.920061,shoulder_lift,20.0,20.4034,22.6582,23.1152,2294,0,32,0,12.3,35,staircase2,loaded,0.0
8.959426,0.930365,shoulder_lift,20.0,20.4034,22.6582,23.1152,2294,0,32,0,12.3,36,staircase2,loaded,0.0
8.969982,0.940921,shoulder_lift,20.0,20.4034,22.6582,23.1152,2294,0,32,0,12.3,36,staircase2,loaded,0.0
8.98092,0.951859,shoulder_lift,20.0,20.4034,22.6582,23.1152,2294,0,32,1,12.3,36,staircase2,loaded,0.0
8.991929,0.962869,shoulder_lift,20.0,20.4034,22.6582,23.1152,2294,0,32,0,12.3,36,staircase2,loaded,0.0
9.002578,0.973518,shoulder_lift,20.0,20.4034,22.6582,23.1152,2294,0,32,1,12.3,35,staircase2,loaded,0.0
9.013222,0.984161,shoulder_lift,20.0,20.4034,22.6582,23.1152,2294,0,32,0,12.3,36,staircase2,loaded,0.0
9.024017,0.994956,shoulder_lift,20.0,20.4034,22.6582,23.1152,2294,0,32,0,12.3,36,staircase2,loaded,0.0
9.034683,1.005623,shoulder_lift,20.0,20.4034,22.6582,23.1152,2294,0,32,0,12.3,36,staircase2,loaded,0.0
9.045447,1.016386,shoulder_lift,20.0,20.4034,22.6582,23.1152,2294,0,32,1,12.3,35,staircase2,loaded,0.0
9.056067,1.027006,shoulder_lift,20.0,20.4034,22.6582,23.1152,2294,0,32,1,12.3,36,staircase2,loaded,0.0
9.067139,1.038078,shoulder_lift,20.0,20.4034,22.6582,23.1152,2294,0,32,0,12.3,35,staircase2,loaded,0.0
9.077805,1.048744,shoulder_lift,20.0,20.4034,22.6582,23.1152,2294,0,32,1,12.3,36,staircase2,loaded,0.0
9.088611,1.05955,shoulder_lift,20.0,20.4034,22.6582,23.1152,2294,0,32,0,12.3,36,staircase2,loaded,0.0
9.099256,1.070195,shoulder_lift,20.0,20.4034,22.6582,23.1152,2294,0,32,0,12.3,36,staircase2,loaded,0.0
9.109918,1.080857,shoulder_lift,20.0,20.4034,22.6582,23.1152,2294,0,32,0,12.3,36,staircase2,loaded,0.0
9.120718,1.091658,shoulder_lift,20.0,20.4034,22.6582,23.1152,2294,0,32,0,12.3,36,staircase2,loaded,0.0
9.131335,1.102274,shoulder_lift,20.0,20.4034,22.6582,23.1152,2294,0,32,0,12.3,36,staircase2,loaded,0.0
9.141948,1.112888,shoulder_lift,20.0,20.4034,22.6582,23.1152,2294,0,32,1,12.3,36,staircase2,loaded,0.0
9.152771,1.123711,shoulder_lift,20.0,20.4034,22.6582,23.1152,2294,0,32,0,12.3,36,staircase2,loaded,0.0
9.16374,1.134679,shoulder_lift,20.0,20.4034,22.6582,23.1152,2294,0,32,1,12.3,36,staircase2,loaded,0.0
9.174483,1.145422,shoulder_lift,20.0,20.4034,22.6582,23.1152,2294,0,32,1,12.3,36,staircase2,loaded,0.0
9.185242,1.156182,shoulder_lift,20.0,20.4034,22.6582,23.1152,2294,0,32,1,12.3,36,staircase2,loaded,0.0
9.195922,1.166861,shoulder_lift,20.0,20.4034,22.6582,23.1152,2294,0,32,0,12.3,35,staircase2,loaded,0.0
9.206522,1.177461,shoulder_lift,20.0,20.4034,22.6582,23.1152,2294,0,32,1,12.3,36,staircase2,loaded,0.0
9.217287,1.188227,shoulder_lift,20.0,20.4034,22.6582,23.1152,2294,0,32,1,12.3,36,staircase2,loaded,0.0
9.228326,1.199265,shoulder_lift,20.0,20.4034,22.6582,23.1152,2294,0,32,0,12.3,36,staircase2,loaded,0.0
9.239175,1.210114,shoulder_lift,20.0,20.4034,22.6582,23.1152,2294,0,32,0,12.4,36,staircase2,loaded,0.0
9.250252,1.221192,shoulder_lift,20.0,20.4034,22.6582,23.1152,2294,0,32,0,12.3,36,staircase2,loaded,0.0
9.261189,1.232128,shoulder_lift,20.0,20.4034,22.6582,23.1152,2294,0,32,0,12.3,36,staircase2,loaded,0.0
9.271651,1.242591,shoulder_lift,20.0,20.4034,22.6582,23.1152,2294,0,32,1,12.4,36,staircase2,loaded,0.0
9.28236,1.2533,shoulder_lift,20.0,20.4034,22.6582,23.1152,2294,0,32,0,12.3,36,staircase2,loaded,0.0
9.293361,1.2643,shoulder_lift,20.0,20.4034,22.6582,23.1152,2294,0,32,0,12.4,36,staircase2,loaded,0.0
9.303775,1.274715,shoulder_lift,20.0,20.4034,22.6582,23.1152,2294,0,32,0,12.3,36,staircase2,loaded,0.0
9.314881,1.28582,shoulder_lift,20.0,20.4034,22.6582,23.1152,2294,0,32,0,12.3,36,staircase2,loaded,0.0
9.325212,1.296151,shoulder_lift,20.0,20.4034,22.6582,23.1152,2294,0,32,0,12.3,36,staircase2,loaded,0.0
9.336299,1.307238,shoulder_lift,20.0,20.4034,22.6582,23.1152,2294,0,32,1,12.4,36,staircase2,loaded,0.0
9.346966,1.317905,shoulder_lift,20.0,20.4034,22.6582,23.1152,2294,0,32,0,12.3,36,staircase2,loaded,0.0
9.35797,1.32891,shoulder_lift,20.0,20.4034,22.6582,23.1152,2294,0,32,0,12.3,36,staircase2,loaded,0.0
9.368849,1.339788,shoulder_lift,20.0,20.4034,22.6582,23.1152,2294,0,32,0,12.3,36,staircase2,loaded,0.0
9.379906,1.350846,shoulder_lift,20.0,20.4034,22.6582,23.1152,2294,0,32,0,12.3,36,staircase2,loaded,0.0
9.390313,1.361252,shoulder_lift,20.0,20.4034,22.6582,23.1152,2294,0,32,1,12.3,36,staircase2,loaded,0.0
9.400848,1.371787,shoulder_lift,20.0,20.4034,22.6582,23.1152,2294,0,32,0,12.3,36,staircase2,loaded,0.0
9.411261,1.3822,shoulder_lift,20.0,20.4034,22.6582,23.1152,2294,0,32,0,12.3,35,staircase2,loaded,0.0
9.422143,1.393083,shoulder_lift,20.0,20.4034,22.6582,23.1152,2294,0,32,1,12.3,36,staircase2,loaded,0.0
9.433011,1.40395,shoulder_lift,20.0,20.4034,22.6582,23.1152,2294,0,32,0,12.3,36,staircase2,loaded,0.0
9.443284,1.414223,shoulder_lift,20.0,20.4034,22.6582,23.1152,2294,0,32,0,12.4,36,staircase2,loaded,0.0
9.454311,1.42525,shoulder_lift,20.0,20.4034,22.6582,23.1152,2294,0,32,0,12.3,36,staircase2,loaded,0.0
9.464922,1.435862,shoulder_lift,20.0,20.4034,22.6582,23.1152,2294,0,32,0,12.3,36,staircase2,loaded,0.0
9.475287,1.446226,shoulder_lift,20.0,20.4034,22.6582,23.1152,2294,0,32,1,12.3,36,staircase2,loaded,0.0
9.485561,1.456501,shoulder_lift,20.0,20.4034,22.6582,23.1152,2294,0,32,0,12.3,36,staircase2,loaded,0.0
9.495995,1.466935,shoulder_lift,20.0,20.4034,22.6582,23.1152,2294,0,32,0,12.3,36,staircase2,loaded,0.0
9.506708,1.477647,shoulder_lift,20.0,20.4034,22.6582,23.1152,2294,0,32,0,12.4,36,staircase2,loaded,0.0
9.517113,1.488052,shoulder_lift,20.0,20.4034,22.6582,23.1152,2294,0,32,0,12.3,36,staircase2,loaded,0.0
9.527614,1.498554,shoulder_lift,20.0,20.4034,22.6582,23.1152,2294,0,32,0,12.3,36,staircase2,loaded,0.0
9.538424,1.509364,shoulder_lift,20.0,20.4034,22.6582,23.1152,2294,0,32,0,12.3,36,staircase2,loaded,0.0
9.548972,1.519911,shoulder_lift,20.0,20.4034,22.6582,23.1152,2294,0,32,0,12.3,36,staircase2,loaded,0.0
9.559305,1.530244,shoulder_lift,20.0,20.4034,22.6582,23.1152,2294,0,32,0,12.3,36,staircase2,loaded,0.0
9.569727,1.540666,shoulder_lift,20.0,20.4034,22.6582,23.1152,2294,0,32,0,12.3,36,staircase2,loaded,0.0
9.579956,1.550896,shoulder_lift,20.0,20.4034,22.6582,23.1152,2294,0,32,0,12.3,36,staircase2,loaded,0.0
9.590652,1.561591,shoulder_lift,20.0,20.4034,22.6582,23.1152,2294,0,32,0,12.3,36,staircase2,loaded,0.0
9.601578,1.572518,shoulder_lift,20.0,20.4034,22.6582,23.1152,2294,0,32,0,12.3,36,staircase2,loaded,0.0
9.612225,1.583164,shoulder_lift,20.0,20.4034,22.6582,23.1152,2294,0,32,1,12.3,36,staircase2,loaded,0.0
9.622864,1.593803,shoulder_lift,20.0,20.4034,22.6582,23.1152,2294,0,32,0,12.3,36,staircase2,loaded,0.0
9.633667,2e-06,shoulder_lift,30.0,20.4034,33.9873,23.1152,2294,0,32,1,12.3,36,staircase2,loaded,0.0
9.644245,0.01058,shoulder_lift,30.0,20.4034,33.9873,23.1152,2294,0,28,0,12.3,36,staircase2,loaded,0.0
9.65517,0.021505,shoulder_lift,30.0,20.4034,33.9873,23.1152,2294,0,0,0,12.3,36,staircase2,loaded,0.0
9.665771,0.032106,shoulder_lift,30.0,20.4034,33.9873,23.1152,2294,0,1108,3,12.3,36,staircase2,loaded,0.0
9.676599,0.042934,shoulder_lift,30.0,20.481,33.9873,23.2031,2295,0,1148,4,12.3,36,staircase2,loaded,8.118
9.687546,0.053881,shoulder_lift,30.0,20.6362,33.9873,23.3789,2297,150,1228,8,12.3,36,staircase2,loaded,16.059
9.698343,0.064678,shoulder_lift,30.0,20.8689,33.9873,23.6426,2300,150,1284,16,12.3,36,staircase2,loaded,24.423
9.709075,0.07541,shoulder_lift,30.0,21.2568,33.9873,24.082,2305,350,1372,19,12.2,36,staircase2,loaded,40.943
9.719944,0.086279,shoulder_lift,30.0,21.6447,33.9873,24.5215,2310,350,1412,16,12.3,36,staircase2,loaded,40.436
9.730796,0.097131,shoulder_lift,30.0,22.4205,33.9873,25.4004,2320,600,1428,10,12.2,36,staircase2,loaded,80.99
9.741183,0.107518,shoulder_lift,30.0,23.2739,33.9873,26.3672,2331,600,1340,0,12.4,36,staircase2,loaded,93.078
9.752186,0.118521,shoulder_lift,30.0,24.2048,33.9873,27.4219,2343,1050,1324,0,12.3,36,staircase2,loaded,95.856
9.762832,0.129167,shoulder_lift,30.0,24.9806,33.9873,28.3008,2353,1050,1260,0,12.3,36,staircase2,loaded,82.557
9.773438,0.139773,shoulder_lift,30.0,25.6788,33.9873,29.0918,2362,1000,1220,0,12.3,36,staircase2,loaded,74.58
9.784333,0.150668,shoulder_lift,30.0,26.2995,33.9873,29.7949,2370,1000,1164,0,12.3,36,staircase2,loaded,64.534
9.795385,0.16172,shoulder_lift,30.0,26.8425,33.9873,30.4102,2377,750,1136,0,12.4,36,staircase2,loaded,55.673
9.805921,0.172256,shoulder_lift,30.0,27.308,33.9873,30.9375,2383,550,1124,0,12.3,36,staircase2,loaded,50.047
9.817132,0.183467,shoulder_lift,30.0,27.6959,33.9873,31.377,2388,550,1104,0,12.3,36,staircase2,loaded,39.203
9.828161,0.194496,shoulder_lift,30.0,28.0838,33.9873,31.8164,2393,450,1096,0,12.3,36,staircase2,loaded,39.84
9.83898,0.205315,shoulder_lift,30.0,28.3941,33.9873,32.168,2397,450,1084,0,12.3,35,staircase2,loaded,32.498
9.850056,0.216391,shoulder_lift,30.0,28.6268,33.9873,32.4316,2400,400,1072,0,12.3,36,staircase2,loaded,23.799
9.860873,0.227208,shoulder_lift,30.0,28.782,33.9873,32.6074,2402,400,1080,1,12.3,36,staircase2,loaded,16.252
9.871595,0.23793,shoulder_lift,30.0,28.8596,33.9873,32.6953,2403,150,1080,1,12.3,36,staircase2,loaded,8.198
9.882318,0.248653,shoulder_lift,30.0,29.0147,33.9873,32.8711,2405,150,1076,0,12.4,36,staircase2,loaded,16.395
9.893333,0.259668,shoulder_lift,30.0,29.1699,33.9873,33.0469,2407,150,1068,0,12.3,36,staircase2,loaded,15.96
9.903944,0.270279,shoulder_lift,30.0,29.2475,33.9873,33.1348,2408,150,1064,0,12.3,36,staircase2,loaded,8.284
9.914937,0.281272,shoulder_lift,30.0,29.3251,33.9873,33.2227,2409,150,1060,0,12.3,36,staircase2,loaded,7.996
9.925286,0.291621,shoulder_lift,30.0,29.4026,33.9873,33.3105,2410,150,1064,0,12.3,36,staircase2,loaded,8.484
9.936029,0.302364,shoulder_lift,30.0,29.4802,33.9873,33.3984,2411,50,1060,0,12.3,35,staircase2,loaded,8.182
9.946851,0.313186,shoulder_lift,30.0,29.5578,33.9873,33.4863,2412,100,1052,0,12.3,36,staircase2,loaded,8.122
9.9577,0.324035,shoulder_lift,30.0,29.6354,33.9873,33.5742,2413,100,1044,0,12.3,36,staircase2,loaded,8.102
9.967885,0.33422,shoulder_lift,30.0,29.8681,33.9873,33.8379,2416,200,28,0,12.3,36,staircase2,loaded,25.891
9.978045,0.34438,shoulder_lift,30.0,30.1009,33.9873,34.1016,2419,200,28,0,12.3,36,staircase2,loaded,25.955
9.988968,0.355303,shoulder_lift,30.0,30.256,33.9873,34.2773,2421,200,36,0,12.3,36,staircase2,loaded,16.085
9.999857,0.366192,shoulder_lift,30.0,30.3336,33.9873,34.3652,2422,200,40,1,12.3,36,staircase2,loaded,8.072
10.010618,0.376953,shoulder_lift,30.0,30.4112,33.9873,34.4531,2423,150,44,1,12.3,36,staircase2,loaded,8.168
10.02165,0.387985,shoulder_lift,30.0,30.4888,33.9873,34.541,2424,150,40,1,12.3,36,staircase2,loaded,7.968
10.032416,0.398751,shoulder_lift,30.0,30.4888,33.9873,34.541,2424,50,40,1,12.3,36,staircase2,loaded,0.0
10.043505,0.40984,shoulder_lift,30.0,30.4888,33.9873,34.541,2424,50,40,0,12.3,36,staircase2,loaded,0.0
10.054296,0.420631,shoulder_lift,30.0,30.4888,33.9873,34.541,2424,0,40,1,12.3,36,staircase2,loaded,0.0
10.065116,0.431451,shoulder_lift,30.0,30.4888,33.9873,34.541,2424,0,36,1,12.3,36,staircase2,loaded,0.0
10.07598,0.442315,shoulder_lift,30.0,30.4888,33.9873,34.541,2424,0,36,1,12.3,36,staircase2,loaded,0.0
10.086891,0.453226,shoulder_lift,30.0,30.4888,33.9873,34.541,2424,0,36,1,12.3,36,staircase2,loaded,0.0
10.097896,0.464231,shoulder_lift,30.0,30.4888,33.9873,34.541,2424,0,36,1,12.3,36,staircase2,loaded,0.0
10.108985,0.47532,shoulder_lift,30.0,30.4888,33.9873,34.541,2424,0,36,1,12.3,36,staircase2,loaded,0.0
10.119847,0.486182,shoulder_lift,30.0,30.4888,33.9873,34.541,2424,0,36,1,12.3,36,staircase2,loaded,0.0
10.13087,0.497205,shoulder_lift,30.0,30.4888,33.9873,34.541,2424,0,36,0,12.4,36,staircase2,loaded,0.0
10.141788,0.508123,shoulder_lift,30.0,30.4888,33.9873,34.541,2424,0,36,1,12.3,36,staircase2,loaded,0.0
10.152783,0.519118,shoulder_lift,30.0,30.4888,33.9873,34.541,2424,0,36,1,12.3,36,staircase2,loaded,0.0
10.163777,0.530112,shoulder_lift,30.0,30.4888,33.9873,34.541,2424,0,36,1,12.4,36,staircase2,loaded,0.0
10.174622,0.540957,shoulder_lift,30.0,30.4888,33.9873,34.541,2424,0,36,1,12.3,36,staircase2,loaded,0.0
10.185458,0.551793,shoulder_lift,30.0,30.4888,33.9873,34.541,2424,0,36,1,12.2,36,staircase2,loaded,0.0
10.196029,0.562364,shoulder_lift,30.0,30.4888,33.9873,34.541,2424,0,36,1,12.3,36,staircase2,loaded,0.0
10.206319,0.572654,shoulder_lift,30.0,30.4888,33.9873,34.541,2424,0,36,1,12.3,36,staircase2,loaded,0.0
10.21705,0.583385,shoulder_lift,30.0,30.4888,33.9873,34.541,2424,0,36,1,12.3,36,staircase2,loaded,0.0
10.227828,0.594163,shoulder_lift,30.0,30.4888,33.9873,34.541,2424,0,36,1,12.3,36,staircase2,loaded,0.0
10.238857,0.605192,shoulder_lift,30.0,30.4888,33.9873,34.541,2424,0,36,1,12.3,36,staircase2,loaded,0.0
10.249875,0.61621,shoulder_lift,30.0,30.4888,33.9873,34.541,2424,0,36,1,12.3,36,staircase2,loaded,0.0
10.260564,0.626899,shoulder_lift,30.0,30.4888,33.9873,34.541,2424,0,36,1,12.3,36,staircase2,loaded,0.0
10.27162,0.637955,shoulder_lift,30.0,30.4888,33.9873,34.541,2424,0,36,1,12.3,36,staircase2,loaded,0.0
10.28238,0.648715,shoulder_lift,30.0,30.4888,33.9873,34.541,2424,0,36,0,12.3,36,staircase2,loaded,0.0
10.293483,0.659818,shoulder_lift,30.0,30.4888,33.9873,34.541,2424,0,36,0,12.3,36,staircase2,loaded,0.0
10.304439,0.670774,shoulder_lift,30.0,30.4888,33.9873,34.541,2424,0,36,0,12.3,36,staircase2,loaded,0.0
10.31561,0.681945,shoulder_lift,30.0,30.4888,33.9873,34.541,2424,0,36,0,12.3,36,staircase2,loaded,0.0
10.326194,0.692529,shoulder_lift,30.0,30.4888,33.9873,34.541,2424,0,36,0,12.3,36,staircase2,loaded,0.0
10.337248,0.703583,shoulder_lift,30.0,30.4888,33.9873,34.541,2424,0,36,0,12.3,36,staircase2,loaded,0.0
10.34842,0.714755,shoulder_lift,30.0,30.4888,33.9873,34.541,2424,0,36,0,12.3,36,staircase2,loaded,0.0
10.359539,0.725874,shoulder_lift,30.0,30.4888,33.9873,34.541,2424,0,36,0,12.3,36,staircase2,loaded,0.0
10.37038,0.736715,shoulder_lift,30.0,30.4888,33.9873,34.541,2424,0,36,1,12.3,36,staircase2,loaded,0.0
10.38114,0.747475,shoulder_lift,30.0,30.4888,33.9873,34.541,2424,0,36,0,12.3,35,staircase2,loaded,0.0
10.392201,0.758536,shoulder_lift,30.0,30.4888,33.9873,34.541,2424,0,36,1,12.3,35,staircase2,loaded,0.0
10.402592,0.768927,shoulder_lift,30.0,30.4888,33.9873,34.541,2424,0,36,0,12.3,36,staircase2,loaded,0.0
10.413688,0.780023,shoulder_lift,30.0,30.4888,33.9873,34.541,2424,0,36,0,12.3,36,staircase2,loaded,0.0
10.42503,0.791365,shoulder_lift,30.0,30.4888,33.9873,34.541,2424,0,36,1,12.3,36,staircase2,loaded,0.0
10.435694,0.802029,shoulder_lift,30.0,30.4888,33.9873,34.541,2424,0,36,1,12.3,36,staircase2,loaded,0.0
10.446255,0.81259,shoulder_lift,30.0,30.4888,33.9873,34.541,2424,0,36,1,12.3,36,staircase2,loaded,0.0
10.457067,0.823402,shoulder_lift,30.0,30.4888,33.9873,34.541,2424,0,36,0,12.3,36,staircase2,loaded,0.0
10.467452,0.833787,shoulder_lift,30.0,30.4888,33.9873,34.541,2424,0,36,1,12.3,36,staircase2,loaded,0.0
10.478086,0.844421,shoulder_lift,30.0,30.4888,33.9873,34.541,2424,0,36,1,12.3,36,staircase2,loaded,0.0
10.488382,0.854717,shoulder_lift,30.0,30.4888,33.9873,34.541,2424,0,36,0,12.4,36,staircase2,loaded,0.0
10.498705,0.86504,shoulder_lift,30.0,30.4888,33.9873,34.541,2424,0,36,1,12.3,36,staircase2,loaded,0.0
10.509003,0.875338,shoulder_lift,30.0,30.4888,33.9873,34.541,2424,0,36,0,12.4,36,staircase2,loaded,0.0
10.519325,0.88566,shoulder_lift,30.0,30.4888,33.9873,34.541,2424,0,36,0,12.3,36,staircase2,loaded,0.0
10.529853,0.896188,shoulder_lift,30.0,30.4888,33.9873,34.541,2424,0,36,1,12.3,36,staircase2,loaded,0.0
10.540386,0.906721,shoulder_lift,30.0,30.4888,33.9873,34.541,2424,0,36,0,12.3,36,staircase2,loaded,0.0
10.55067,0.917005,shoulder_lift,30.0,30.4888,33.9873,34.541,2424,0,36,0,12.3,36,staircase2,loaded,0.0
10.561145,0.92748,shoulder_lift,30.0,30.4888,33.9873,34.541,2424,0,36,1,12.4,36,staircase2,loaded,0.0
10.571877,0.938212,shoulder_lift,30.0,30.4888,33.9873,34.541,2424,0,36,1,12.3,36,staircase2,loaded,0.0
10.582164,0.948499,shoulder_lift,30.0,30.4888,33.9873,34.541,2424,0,36,1,12.3,36,staircase2,loaded,0.0
10.592865,0.9592,shoulder_lift,30.0,30.4888,33.9873,34.541,2424,0,36,1,12.3,36,staircase2,loaded,0.0
10.60377,0.970105,shoulder_lift,30.0,30.4888,33.9873,34.541,2424,0,36,0,12.3,36,staircase2,loaded,0.0
10.614632,0.980967,shoulder_lift,30.0,30.4888,33.9873,34.541,2424,0,36,1,12.3,36,staircase2,loaded,0.0
10.625563,0.991898,shoulder_lift,30.0,30.4888,33.9873,34.541,2424,0,36,1,12.3,36,staircase2,loaded,0.0
10.636675,1.00301,shoulder_lift,30.0,30.4888,33.9873,34.541,2424,0,36,1,12.3,36,staircase2,loaded,0.0
10.647657,1.013992,shoulder_lift,30.0,30.4888,33.9873,34.541,2424,0,36,0,12.3,36,staircase2,loaded,0.0
10.658414,1.024749,shoulder_lift,30.0,30.4888,33.9873,34.541,2424,0,36,0,12.3,36,staircase2,loaded,0.0
10.669321,1.035656,shoulder_lift,30.0,30.4888,33.9873,34.541,2424,0,36,0,12.3,36,staircase2,loaded,0.0
10.680225,1.04656,shoulder_lift,30.0,30.4888,33.9873,34.541,2424,0,36,0,12.3,36,staircase2,loaded,0.0
10.691059,1.057394,shoulder_lift,30.0,30.4888,33.9873,34.541,2424,0,36,0,12.3,36,staircase2,loaded,0.0
10.702137,1.068472,shoulder_lift,30.0,30.4888,33.9873,34.541,2424,0,36,1,12.3,35,staircase2,loaded,0.0
10.71284,1.079175,shoulder_lift,30.0,30.4888,33.9873,34.541,2424,0,36,1,12.3,36,staircase2,loaded,0.0
10.723458,1.089793,shoulder_lift,30.0,30.4888,33.9873,34.541,2424,0,36,0,12.3,36,staircase2,loaded,0.0
10.734403,1.100738,shoulder_lift,30.0,30.4888,33.9873,34.541,2424,0,36,0,12.3,36,staircase2,loaded,0.0
10.745421,1.111756,shoulder_lift,30.0,30.4888,33.9873,34.541,2424,0,36,1,12.3,36,staircase2,loaded,0.0
10.755792,1.122127,shoulder_lift,30.0,30.4888,33.9873,34.541,2424,0,36,0,12.3,36,staircase2,loaded,0.0
10.766543,1.132878,shoulder_lift,30.0,30.4888,33.9873,34.541,2424,0,36,0,12.3,36,staircase2,loaded,0.0
10.780201,1.146536,shoulder_lift,30.0,30.4888,33.9873,34.541,2424,0,36,1,12.3,36,staircase2,loaded,0.0
10.79101,1.157345,shoulder_lift,30.0,30.4888,33.9873,34.541,2424,0,36,0,12.4,36,staircase2,loaded,0.0
10.801937,1.168272,shoulder_lift,30.0,30.4888,33.9873,34.541,2424,0,36,0,12.3,36,staircase2,loaded,0.0
10.813106,1.179441,shoulder_lift,30.0,30.4888,33.9873,34.541,2424,0,36,1,12.3,36,staircase2,loaded,0.0
10.823821,1.190156,shoulder_lift,30.0,30.4888,33.9873,34.541,2424,0,36,1,12.3,36,staircase2,loaded,0.0
10.83407,1.200405,shoulder_lift,30.0,30.4888,33.9873,34.541,2424,0,36,1,12.3,35,staircase2,loaded,0.0
10.845122,1.211457,shoulder_lift,30.0,30.4888,33.9873,34.541,2424,0,36,1,12.3,36,staircase2,loaded,0.0
10.855614,1.221949,shoulder_lift,30.0,30.4888,33.9873,34.541,2424,0,36,0,12.3,36,staircase2,loaded,0.0
10.866634,1.232969,shoulder_lift,30.0,30.4888,33.9873,34.541,2424,0,36,0,12.3,36,staircase2,loaded,0.0
10.877032,1.243367,shoulder_lift,30.0,30.4888,33.9873,34.541,2424,0,36,0,12.3,36,staircase2,loaded,0.0
10.887924,1.254259,shoulder_lift,30.0,30.4888,33.9873,34.541,2424,0,36,0,12.3,36,staircase2,loaded,0.0
10.898872,1.265207,shoulder_lift,30.0,30.4888,33.9873,34.541,2424,0,36,1,12.3,36,staircase2,loaded,0.0
10.909743,1.276078,shoulder_lift,30.0,30.4888,33.9873,34.541,2424,0,36,0,12.3,36,staircase2,loaded,0.0
10.920815,1.28715,shoulder_lift,30.0,30.4888,33.9873,34.541,2424,0,36,1,12.3,36,staircase2,loaded,0.0
10.931985,1.29832,shoulder_lift,30.0,30.4888,33.9873,34.541,2424,0,36,0,12.3,36,staircase2,loaded,0.0
10.943047,1.309382,shoulder_lift,30.0,30.4888,33.9873,34.541,2424,0,36,0,12.3,36,staircase2,loaded,0.0
10.953888,1.320223,shoulder_lift,30.0,30.4888,33.9873,34.541,2424,0,36,0,12.3,36,staircase2,loaded,0.0
10.964965,1.3313,shoulder_lift,30.0,30.4888,33.9873,34.541,2424,0,36,0,12.3,36,staircase2,loaded,0.0
10.975202,1.341537,shoulder_lift,30.0,30.4888,33.9873,34.541,2424,0,36,1,12.3,35,staircase2,loaded,0.0
10.985571,1.351906,shoulder_lift,30.0,30.4888,33.9873,34.541,2424,0,36,0,12.3,36,staircase2,loaded,0.0
10.996541,1.362876,shoulder_lift,30.0,30.4888,33.9873,34.541,2424,0,36,1,12.3,36,staircase2,loaded,0.0
11.007154,1.373489,shoulder_lift,30.0,30.4888,33.9873,34.541,2424,0,36,0,12.3,36,staircase2,loaded,0.0
11.017994,1.384329,shoulder_lift,30.0,30.4888,33.9873,34.541,2424,0,36,0,12.3,36,staircase2,loaded,0.0
11.028853,1.395188,shoulder_lift,30.0,30.4888,33.9873,34.541,2424,0,36,0,12.3,36,staircase2,loaded,0.0
11.039445,1.40578,shoulder_lift,30.0,30.4888,33.9873,34.541,2424,0,36,1,12.3,36,staircase2,loaded,0.0
11.050598,1.416934,shoulder_lift,30.0,30.4888,33.9873,34.541,2424,0,36,1,12.3,36,staircase2,loaded,0.0
11.06124,1.427575,shoulder_lift,30.0,30.4888,33.9873,34.541,2424,0,36,0,12.3,36,staircase2,loaded,0.0
11.072013,1.438348,shoulder_lift,30.0,30.4888,33.9873,34.541,2424,0,36,0,12.4,36,staircase2,loaded,0.0
11.082679,1.449014,shoulder_lift,30.0,30.4888,33.9873,34.541,2424,0,36,1,12.3,36,staircase2,loaded,0.0
11.093821,1.460156,shoulder_lift,30.0,30.4888,33.9873,34.541,2424,0,36,0,12.3,35,staircase2,loaded,0.0
11.104948,1.471283,shoulder_lift,30.0,30.4888,33.9873,34.541,2424,0,36,1,12.3,36,staircase2,loaded,0.0
11.115937,1.482272,shoulder_lift,30.0,30.4888,33.9873,34.541,2424,0,36,1,12.3,36,staircase2,loaded,0.0
11.126973,1.493308,shoulder_lift,30.0,30.4888,33.9873,34.541,2424,0,36,1,12.3,36,staircase2,loaded,0.0
11.137836,1.504171,shoulder_lift,30.0,30.4888,33.9873,34.541,2424,0,36,1,12.3,36,staircase2,loaded,0.0
11.148828,1.515163,shoulder_lift,30.0,30.4888,33.9873,34.541,2424,0,36,1,12.3,36,staircase2,loaded,0.0
11.15981,1.526145,shoulder_lift,30.0,30.4888,33.9873,34.541,2424,0,36,1,12.3,36,staircase2,loaded,0.0
11.170441,1.536776,shoulder_lift,30.0,30.4888,33.9873,34.541,2424,0,36,1,12.3,36,staircase2,loaded,0.0
11.181611,1.547946,shoulder_lift,30.0,30.4888,33.9873,34.541,2424,0,36,0,12.3,36,staircase2,loaded,0.0
11.192406,1.558741,shoulder_lift,30.0,30.4888,33.9873,34.541,2424,0,36,0,12.3,36,staircase2,loaded,0.0
11.203134,1.56947,shoulder_lift,30.0,30.4888,33.9873,34.541,2424,0,36,1,12.3,36,staircase2,loaded,0.0
11.21428,1.580615,shoulder_lift,30.0,30.4888,33.9873,34.541,2424,0,36,0,12.3,36,staircase2,loaded,0.0
11.225259,1.591594,shoulder_lift,30.0,30.4888,33.9873,34.541,2424,0,36,0,12.3,36,staircase2,loaded,0.0
11.237366,4e-06,shoulder_lift,20.0,30.4888,22.6582,34.541,2424,0,40,0,12.3,36,staircase2,loaded,0.0
11.248132,0.010771,shoulder_lift,20.0,30.4888,22.6582,34.541,2424,0,48,1,12.3,36,staircase2,loaded,0.0
11.259211,0.021849,shoulder_lift,20.0,30.4888,22.6582,34.541,2424,0,92,3,12.3,37,staircase2,loaded,0.0
11.27011,0.032748,shoulder_lift,20.0,30.4888,22.6582,34.541,2424,0,124,9,12.2,36,staircase2,loaded,0.0
11.281043,0.043681,shoulder_lift,20.0,30.4888,22.6582,34.541,2424,0,212,18,12.3,36,staircase2,loaded,0.0
11.291649,0.054287,shoulder_lift,20.0,30.4112,22.6582,34.4531,2423,0,260,18,12.2,36,staircase2,loaded,-8.288
11.302441,0.065079,shoulder_lift,20.0,30.1784,22.6582,34.1895,2420,0,344,28,12.2,36,staircase2,loaded,-24.426
11.313397,0.076036,shoulder_lift,20.0,29.7905,22.6582,33.75,2415,-250,400,37,12.2,36,staircase2,loaded,-40.115
11.323884,0.086522,shoulder_lift,20.0,29.2475,22.6582,33.1348,2408,-550,440,31,12.2,36,staircase2,loaded,-58.663
11.335104,0.097742,shoulder_lift,20.0,28.4717,22.6582,32.2559,2398,-550,452,22,12.3,36,staircase2,loaded,-78.333
11.346054,0.108692,shoulder_lift,20.0,27.6959,22.6582,31.377,2388,-950,400,21,12.3,36,staircase2,loaded,-80.265
11.356646,0.119284,shoulder_lift,20.0,26.8425,22.6582,30.4102,2377,-950,332,8,12.3,36,staircase2,loaded,-91.276
11.367677,0.130315,shoulder_lift,20.0,25.9891,22.6582,29.4434,2366,-950,300,8,12.2,36,staircase2,loaded,-87.644
11.378417,0.141055,shoulder_lift,20.0,25.3685,22.6582,28.7402,2358,-950,224,2,12.3,36,staircase2,loaded,-65.475
11.38881,0.151449,shoulder_lift,20.0,24.6703,22.6582,27.9492,2349,-850,192,3,12.3,36,staircase2,loaded,-76.109
11.399464,0.162102,shoulder_lift,20.0,24.1272,22.6582,27.334,2342,-850,168,3,12.3,36,staircase2,loaded,-57.744
11.409838,0.172476,shoulder_lift,20.0,23.8169,22.6582,26.9824,2338,-600,148,3,12.3,36,staircase2,loaded,-33.892
11.420702,0.183341,shoulder_lift,20.0,23.5066,22.6582,26.6309,2334,-600,152,4,12.3,36,staircase2,loaded,-32.355
11.431481,0.194119,shoulder_lift,20.0,23.1963,22.6582,26.2793,2330,-450,140,4,12.4,36,staircase2,loaded,-32.619
11.442065,0.204703,shoulder_lift,20.0,23.0411,22.6582,26.1035,2328,-450,140,5,12.3,36,staircase2,loaded,-16.61
11.452818,0.215456,shoulder_lift,20.0,22.886,22.6582,25.9277,2326,-250,132,5,12.3,36,staircase2,loaded,-16.349
11.463392,0.22603,shoulder_lift,20.0,22.7308,22.6582,25.752,2324,-150,136,5,12.3,36,staircase2,loaded,-16.616
11.473913,0.236551,shoulder_lift,20.0,22.6532,22.6582,25.6641,2323,-150,132,7,12.3,36,staircase2,loaded,-8.355
11.48414,0.246778,shoulder_lift,20.0,22.5756,22.6582,25.5762,2322,-100,132,6,12.3,36,staircase2,loaded,-8.595
11.494773,0.257411,shoulder_lift,20.0,22.4205,22.6582,25.4004,2320,-100,128,6,12.3,36,staircase2,loaded,-16.533
11.505402,0.26804,shoulder_lift,20.0,22.3429,22.6582,25.3125,2319,-150,120,5,12.3,36,staircase2,loaded,-8.27
11.515693,0.278331,shoulder_lift,20.0,22.2653,22.6582,25.2246,2318,-150,116,5,12.3,36,staircase2,loaded,-8.541
11.525933,0.288572,shoulder_lift,20.0,22.1877,22.6582,25.1367,2317,-100,116,5,12.3,36,staircase2,loaded,-8.584
11.536366,0.299004,shoulder_lift,20.0,22.1102,22.6582,25.0488,2316,-100,112,4,12.3,37,staircase2,loaded,-8.425
11.546853,0.309491,shoulder_lift,20.0,22.0326,22.6582,24.9609,2315,-50,108,5,12.3,36,staircase2,loaded,-8.382
11.557528,0.320166,shoulder_lift,20.0,22.0326,22.6582,24.9609,2315,-50,112,5,12.3,35,staircase2,loaded,0.0
11.568098,0.330736,shoulder_lift,20.0,22.0326,22.6582,24.9609,2315,-50,112,6,12.3,36,staircase2,loaded,0.0
11.578855,0.341493,shoulder_lift,20.0,21.955,22.6582,24.873,2314,-50,108,6,12.3,36,staircase2,loaded,-8.171
11.589023,0.351661,shoulder_lift,20.0,21.955,22.6582,24.873,2314,-50,108,5,12.3,36,staircase2,loaded,0.0
11.599418,0.362056,shoulder_lift,20.0,21.955,22.6582,24.873,2314,-50,112,6,12.3,36,staircase2,loaded,0.0
11.610255,0.372893,shoulder_lift,20.0,21.955,22.6582,24.873,2314,0,112,6,12.3,36,staircase2,loaded,0.0
11.621107,0.383745,shoulder_lift,20.0,21.955,22.6582,24.873,2314,0,112,6,12.2,36,staircase2,loaded,0.0
11.632035,0.394674,shoulder_lift,20.0,21.955,22.6582,24.873,2314,0,112,6,12.3,36,staircase2,loaded,0.0
11.643142,0.40578,shoulder_lift,20.0,21.955,22.6582,24.873,2314,0,112,5,12.3,36,staircase2,loaded,0.0
11.654254,0.416892,shoulder_lift,20.0,21.955,22.6582,24.873,2314,0,112,7,12.3,36,staircase2,loaded,0.0
11.665155,0.427793,shoulder_lift,20.0,21.955,22.6582,24.873,2314,0,112,6,12.3,36,staircase2,loaded,0.0
11.675993,0.438631,shoulder_lift,20.0,21.955,22.6582,24.873,2314,0,112,6,12.3,36,staircase2,loaded,0.0
11.686983,0.449621,shoulder_lift,20.0,21.955,22.6582,24.873,2314,0,112,5,12.4,36,staircase2,loaded,0.0
11.697808,0.460447,shoulder_lift,20.0,21.955,22.6582,24.873,2314,0,112,5,12.3,36,staircase2,loaded,0.0
11.708835,0.471473,shoulder_lift,20.0,21.955,22.6582,24.873,2314,0,112,6,12.3,36,staircase2,loaded,0.0
11.719989,0.482627,shoulder_lift,20.0,21.955,22.6582,24.873,2314,0,112,7,12.3,36,staircase2,loaded,0.0
11.73104,0.493679,shoulder_lift,20.0,21.955,22.6582,24.873,2314,0,112,6,12.3,36,staircase2,loaded,0.0
11.742152,0.50479,shoulder_lift,20.0,21.955,22.6582,24.873,2314,0,112,6,12.4,36,staircase2,loaded,0.0
11.753193,0.515831,shoulder_lift,20.0,21.955,22.6582,24.873,2314,0,112,5,12.3,36,staircase2,loaded,0.0
11.763978,0.526616,shoulder_lift,20.0,21.955,22.6582,24.873,2314,0,112,6,12.3,36,staircase2,loaded,0.0
11.775047,0.537686,shoulder_lift,20.0,21.955,22.6582,24.873,2314,0,112,5,12.3,36,staircase2,loaded,0.0
11.786135,0.548773,shoulder_lift,20.0,21.955,22.6582,24.873,2314,0,112,5,12.3,36,staircase2,loaded,0.0
11.796989,0.559627,shoulder_lift,20.0,21.955,22.6582,24.873,2314,0,112,6,12.3,36,staircase2,loaded,0.0
11.807771,0.570409,shoulder_lift,20.0,21.955,22.6582,24.873,2314,0,112,6,12.3,36,staircase2,loaded,0.0
11.81838,0.581018,shoulder_lift,20.0,21.955,22.6582,24.873,2314,0,112,6,12.3,36,staircase2,loaded,0.0
11.829143,0.591781,shoulder_lift,20.0,21.955,22.6582,24.873,2314,0,112,5,12.3,36,staircase2,loaded,0.0
11.839628,0.602266,shoulder_lift,20.0,21.955,22.6582,24.873,2314,0,112,6,12.3,36,staircase2,loaded,0.0
11.850566,0.613204,shoulder_lift,20.0,21.955,22.6582,24.873,2314,0,112,6,12.3,36,staircase2,loaded,0.0
11.861358,0.623996,shoulder_lift,20.0,21.955,22.6582,24.873,2314,0,112,6,12.3,37,staircase2,loaded,0.0
11.872009,0.634647,shoulder_lift,20.0,21.955,22.6582,24.873,2314,0,112,7,12.3,36,staircase2,loaded,0.0
11.882873,0.645511,shoulder_lift,20.0,21.955,22.6582,24.873,2314,0,112,6,12.3,36,staircase2,loaded,0.0
11.893672,0.656311,shoulder_lift,20.0,21.955,22.6582,24.873,2314,0,112,6,12.4,36,staircase2,loaded,0.0
11.904512,0.66715,shoulder_lift,20.0,21.955,22.6582,24.873,2314,0,112,7,12.3,36,staircase2,loaded,0.0
11.915338,0.677976,shoulder_lift,20.0,21.955,22.6582,24.873,2314,0,112,6,12.3,36,staircase2,loaded,0.0
11.925672,0.68831,shoulder_lift,20.0,21.955,22.6582,24.873,2314,0,112,6,12.3,36,staircase2,loaded,0.0
11.936696,0.699335,shoulder_lift,20.0,21.955,22.6582,24.873,2314,0,112,6,12.3,36,staircase2,loaded,0.0
11.947738,0.710377,shoulder_lift,20.0,21.955,22.6582,24.873,2314,0,112,6,12.3,36,staircase2,loaded,0.0
11.958459,0.721097,shoulder_lift,20.0,21.955,22.6582,24.873,2314,0,112,5,12.3,36,staircase2,loaded,0.0
11.969256,0.731895,shoulder_lift,20.0,21.955,22.6582,24.873,2314,0,112,5,12.3,36,staircase2,loaded,0.0
11.979916,0.742554,shoulder_lift,20.0,21.955,22.6582,24.873,2314,0,112,6,12.3,36,staircase2,loaded,0.0
11.991043,0.753681,shoulder_lift,20.0,21.955,22.6582,24.873,2314,0,112,6,12.3,36,staircase2,loaded,0.0
12.002076,0.764714,shoulder_lift,20.0,21.955,22.6582,24.873,2314,0,112,7,12.3,36,staircase2,loaded,0.0
12.013138,0.775777,shoulder_lift,20.0,21.955,22.6582,24.873,2314,0,112,6,12.3,36,staircase2,loaded,0.0
12.024123,0.786761,shoulder_lift,20.0,21.955,22.6582,24.873,2314,0,112,6,12.3,36,staircase2,loaded,0.0
12.034938,0.797576,shoulder_lift,20.0,21.955,22.6582,24.873,2314,0,112,6,12.3,36,staircase2,loaded,0.0
12.045993,0.808631,shoulder_lift,20.0,21.955,22.6582,24.873,2314,0,112,6,12.3,37,staircase2,loaded,0.0
12.056303,0.818941,shoulder_lift,20.0,21.955,22.6582,24.873,2314,0,112,5,12.4,36,staircase2,loaded,0.0
12.067058,0.829696,shoulder_lift,20.0,21.955,22.6582,24.873,2314,0,112,6,12.3,36,staircase2,loaded,0.0
12.077941,0.840579,shoulder_lift,20.0,21.955,22.6582,24.873,2314,0,112,6,12.3,36,staircase2,loaded,0.0
12.088226,0.850864,shoulder_lift,20.0,21.955,22.6582,24.873,2314,0,112,6,12.3,36,staircase2,loaded,0.0
12.099239,0.861877,shoulder_lift,20.0,21.955,22.6582,24.873,2314,0,112,6,12.3,36,staircase2,loaded,0.0
12.110257,0.872895,shoulder_lift,20.0,21.955,22.6582,24.873,2314,0,112,6,12.3,36,staircase2,loaded,0.0
12.121131,0.883769,shoulder_lift,20.0,21.955,22.6582,24.873,2314,0,112,5,12.3,36,staircase2,loaded,0.0
12.131802,0.89444,shoulder_lift,20.0,21.955,22.6582,24.873,2314,0,112,6,12.3,36,staircase2,loaded,0.0
12.142823,0.905461,shoulder_lift,20.0,21.955,22.6582,24.873,2314,0,112,6,12.3,36,staircase2,loaded,0.0
12.153879,0.916517,shoulder_lift,20.0,21.955,22.6582,24.873,2314,0,112,6,12.4,35,staircase2,loaded,0.0
12.16463,0.927268,shoulder_lift,20.0,21.955,22.6582,24.873,2314,0,112,6,12.3,36,staircase2,loaded,0.0
12.175594,0.938232,shoulder_lift,20.0,21.955,22.6582,24.873,2314,0,112,7,12.3,36,staircase2,loaded,0.0
12.186572,0.94921,shoulder_lift,20.0,21.955,22.6582,24.873,2314,0,112,6,12.3,35,staircase2,loaded,0.0
12.197028,0.959666,shoulder_lift,20.0,21.955,22.6582,24.873,2314,0,112,5,12.3,36,staircase2,loaded,0.0
12.207223,0.969861,shoulder_lift,20.0,21.955,22.6582,24.873,2314,0,112,6,12.3,36,staircase2,loaded,0.0
12.217483,0.980121,shoulder_lift,20.0,21.955,22.6582,24.873,2314,0,112,6,12.3,36,staircase2,loaded,0.0
12.227849,0.990487,shoulder_lift,20.0,21.955,22.6582,24.873,2314,0,112,6,12.3,37,staircase2,loaded,0.0
12.238029,1.000667,shoulder_lift,20.0,21.955,22.6582,24.873,2314,0,112,5,12.3,36,staircase2,loaded,0.0
12.248327,1.010966,shoulder_lift,20.0,21.955,22.6582,24.873,2314,0,112,6,12.3,36,staircase2,loaded,0.0
12.259095,1.021733,shoulder_lift,20.0,21.955,22.6582,24.873,2314,0,112,6,12.3,36,staircase2,loaded,0.0
12.269672,1.03231,shoulder_lift,20.0,21.955,22.6582,24.873,2314,0,112,5,12.4,36,staircase2,loaded,0.0
12.280639,1.043277,shoulder_lift,20.0,21.955,22.6582,24.873,2314,0,112,5,12.3,36,staircase2,loaded,0.0
12.291236,1.053874,shoulder_lift,20.0,21.955,22.6582,24.873,2314,0,112,5,12.3,36,staircase2,loaded,0.0
12.302125,1.064763,shoulder_lift,20.0,21.955,22.6582,24.873,2314,0,112,6,12.3,36,staircase2,loaded,0.0
12.312896,1.075534,shoulder_lift,20.0,21.955,22.6582,24.873,2314,0,112,5,12.3,36,staircase2,loaded,0.0
12.323401,1.086039,shoulder_lift,20.0,21.955,22.6582,24.873,2314,0,112,6,12.3,36,staircase2,loaded,0.0
12.33411,1.096748,shoulder_lift,20.0,21.955,22.6582,24.873,2314,0,112,6,12.3,36,staircase2,loaded,0.0
12.344961,1.107599,shoulder_lift,20.0,21.955,22.6582,24.873,2314,0,112,6,12.3,36,staircase2,loaded,0.0
12.35535,1.117989,shoulder_lift,20.0,21.955,22.6582,24.873,2314,0,112,7,12.3,36,staircase2,loaded,0.0
12.366125,1.128763,shoulder_lift,20.0,21.955,22.6582,24.873,2314,0,112,5,12.3,36,staircase2,loaded,0.0
12.377053,1.139691,shoulder_lift,20.0,21.955,22.6582,24.873,2314,0,112,6,12.3,36,staircase2,loaded,0.0
12.388123,1.150761,shoulder_lift,20.0,21.955,22.6582,24.873,2314,0,112,6,12.3,36,staircase2,loaded,0.0
12.39864,1.161278,shoulder_lift,20.0,21.955,22.6582,24.873,2314,0,112,6,12.3,35,staircase2,loaded,0.0
12.409144,1.171782,shoulder_lift,20.0,21.955,22.6582,24.873,2314,0,112,6,12.3,36,staircase2,loaded,0.0
12.420225,1.182863,shoulder_lift,20.0,21.955,22.6582,24.873,2314,0,112,8,12.2,37,staircase2,loaded,0.0
12.43121,1.193848,shoulder_lift,20.0,21.955,22.6582,24.873,2314,0,112,7,12.3,36,staircase2,loaded,0.0
12.441821,1.20446,shoulder_lift,20.0,21.955,22.6582,24.873,2314,0,112,6,12.3,36,staircase2,loaded,0.0
12.452693,1.215331,shoulder_lift,20.0,21.955,22.6582,24.873,2314,0,112,6,12.3,36,staircase2,loaded,0.0
12.462994,1.225632,shoulder_lift,20.0,21.955,22.6582,24.873,2314,0,112,8,12.3,36,staircase2,loaded,0.0
12.473895,1.236533,shoulder_lift,20.0,21.955,22.6582,24.873,2314,0,112,6,12.3,36,staircase2,loaded,0.0
12.484387,1.247025,shoulder_lift,20.0,21.955,22.6582,24.873,2314,0,112,6,12.3,36,staircase2,loaded,0.0
12.494817,1.257455,shoulder_lift,20.0,21.955,22.6582,24.873,2314,0,112,6,12.3,36,staircase2,loaded,0.0
12.505179,1.267817,shoulder_lift,20.0,21.955,22.6582,24.873,2314,0,112,6,12.3,36,staircase2,loaded,0.0
12.515416,1.278054,shoulder_lift,20.0,21.955,22.6582,24.873,2314,0,112,5,12.3,36,staircase2,loaded,0.0
12.525976,1.288614,shoulder_lift,20.0,21.955,22.6582,24.873,2314,0,112,8,12.3,36,staircase2,loaded,0.0
12.536555,1.299193,shoulder_lift,20.0,21.955,22.6582,24.873,2314,0,112,6,12.3,36,staircase2,loaded,0.0
12.546981,1.309619,shoulder_lift,20.0,21.955,22.6582,24.873,2314,0,112,6,12.3,36,staircase2,loaded,0.0
12.557348,1.319986,shoulder_lift,20.0,21.955,22.6582,24.873,2314,0,112,6,12.3,36,staircase2,loaded,0.0
12.567664,1.330303,shoulder_lift,20.0,21.955,22.6582,24.873,2314,0,112,5,12.3,36,staircase2,loaded,0.0
12.578,1.340638,shoulder_lift,20.0,21.955,22.6582,24.873,2314,0,112,6,12.3,35,staircase2,loaded,0.0
12.588455,1.351094,shoulder_lift,20.0,21.955,22.6582,24.873,2314,0,112,5,12.3,36,staircase2,loaded,0.0
12.599366,1.362004,shoulder_lift,20.0,21.955,22.6582,24.873,2314,0,112,6,12.4,36,staircase2,loaded,0.0
12.609933,1.372571,shoulder_lift,20.0,21.955,22.6582,24.873,2314,0,112,6,12.3,36,staircase2,loaded,0.0
12.620856,1.383494,shoulder_lift,20.0,21.955,22.6582,24.873,2314,0,112,6,12.3,36,staircase2,loaded,0.0
12.631216,1.393854,shoulder_lift,20.0,21.955,22.6582,24.873,2314,0,112,5,12.3,36,staircase2,loaded,0.0
12.641887,1.404525,shoulder_lift,20.0,21.955,22.6582,24.873,2314,0,112,6,12.3,36,staircase2,loaded,0.0
12.652863,1.415502,shoulder_lift,20.0,21.955,22.6582,24.873,2314,0,112,6,12.3,36,staircase2,loaded,0.0
12.664042,1.42668,shoulder_lift,20.0,21.955,22.6582,24.873,2314,0,112,5,12.3,36,staircase2,loaded,0.0
12.674654,1.437292,shoulder_lift,20.0,21.955,22.6582,24.873,2314,0,112,6,12.3,36,staircase2,loaded,0.0
12.685466,1.448105,shoulder_lift,20.0,21.955,22.6582,24.873,2314,0,112,6,12.3,36,staircase2,loaded,0.0
12.69619,1.458828,shoulder_lift,20.0,21.955,22.6582,24.873,2314,0,112,6,12.3,36,staircase2,loaded,0.0
12.706915,1.469553,shoulder_lift,20.0,21.955,22.6582,24.873,2314,0,112,6,12.3,36,staircase2,loaded,0.0
12.717547,1.480185,shoulder_lift,20.0,21.955,22.6582,24.873,2314,0,112,6,12.3,36,staircase2,loaded,0.0
12.728324,1.490963,shoulder_lift,20.0,21.955,22.6582,24.873,2314,0,112,6,12.3,36,staircase2,loaded,0.0
12.738935,1.501573,shoulder_lift,20.0,21.955,22.6582,24.873,2314,0,112,5,12.3,36,staircase2,loaded,0.0
12.749789,1.512427,shoulder_lift,20.0,21.955,22.6582,24.873,2314,0,112,6,12.3,36,staircase2,loaded,0.0
12.760737,1.523375,shoulder_lift,20.0,21.955,22.6582,24.873,2314,0,112,6,12.3,36,staircase2,loaded,0.0
12.771644,1.534283,shoulder_lift,20.0,21.955,22.6582,24.873,2314,0,112,6,12.3,36,staircase2,loaded,0.0
12.78223,1.544869,shoulder_lift,20.0,21.955,22.6582,24.873,2314,0,112,6,12.3,36,staircase2,loaded,0.0
12.793296,1.555934,shoulder_lift,20.0,21.955,22.6582,24.873,2314,0,112,6,12.3,36,staircase2,loaded,0.0
12.804403,1.567041,shoulder_lift,20.0,21.955,22.6582,24.873,2314,0,112,6,12.3,36,staircase2,loaded,0.0
12.815195,1.577833,shoulder_lift,20.0,21.955,22.6582,24.873,2314,0,112,7,12.3,36,staircase2,loaded,0.0
12.82579,1.588428,shoulder_lift,20.0,21.955,22.6582,24.873,2314,0,112,6,12.3,36,staircase2,loaded,0.0
12.836738,1.599376,shoulder_lift,20.0,21.955,22.6582,24.873,2314,0,112,6,12.3,36,staircase2,loaded,0.0
12.848372,4e-06,shoulder_lift,10.0,21.955,11.3291,24.873,2314,0,112,7,12.3,36,staircase2,loaded,0.0
12.859595,0.011226,shoulder_lift,10.0,21.955,11.3291,24.873,2314,0,128,7,12.3,36,staircase2,loaded,0.0
12.870455,0.022087,shoulder_lift,10.0,21.955,11.3291,24.873,2314,0,148,9,12.3,36,staircase2,loaded,0.0
12.881216,0.032848,shoulder_lift,10.0,21.955,11.3291,24.873,2314,0,212,18,12.3,36,staircase2,loaded,0.0
12.892086,0.043718,shoulder_lift,10.0,21.7998,11.3291,24.6973,2312,0,288,26,12.3,36,staircase2,loaded,-16.164
12.902824,0.054456,shoulder_lift,10.0,21.5671,11.3291,24.4336,2309,-200,320,32,12.2,36,staircase2,loaded,-24.558
12.913937,0.065569,shoulder_lift,10.0,21.1792,11.3291,23.9941,2304,-200,380,32,12.2,36,staircase2,loaded,-39.548
12.924727,0.076359,shoulder_lift,10.0,20.6362,11.3291,23.3789,2297,-500,432,41,12.2,36,staircase2,loaded,-57.016
12.935535,0.087166,shoulder_lift,10.0,20.0155,11.3291,22.6758,2289,-500,460,40,12.2,36,staircase2,loaded,-65.054
12.946568,0.0982,shoulder_lift,10.0,19.1621,11.3291,21.709,2278,-850,468,34,12.2,36,staircase2,loaded,-87.628
12.957591,0.109222,shoulder_lift,10.0,18.1536,11.3291,20.5664,2265,-850,392,13,12.3,36,staircase2,loaded,-103.656
12.968768,0.1204,shoulder_lift,10.0,17.0675,11.3291,19.3359,2251,-1150,368,12,12.2,36,staircase2,loaded,-110.092
12.979295,0.130927,shoulder_lift,10.0,16.2141,11.3291,18.3691,2240,-1150,280,3,12.3,36,staircase2,loaded,-91.84
12.98962,0.141252,shoulder_lift,10.0,15.3607,11.3291,17.4023,2229,-1150,244,2,12.3,36,staircase2,loaded,-93.637
13.000776,0.152408,shoulder_lift,10.0,14.5849,11.3291,16.5234,2219,-900,168,0,12.3,36,staircase2,loaded,-78.783
13.011615,0.163247,shoulder_lift,10.0,14.1195,11.3291,15.9961,2213,-900,140,1,12.3,36,staircase2,loaded,-48.648
13.022148,0.17378,shoulder_lift,10.0,13.7316,11.3291,15.5566,2208,-550,148,3,12.3,35,staircase2,loaded,-41.726
13.033076,0.184708,shoulder_lift,10.0,13.4213,11.3291,15.2051,2204,-550,152,4,12.3,36,staircase2,loaded,-32.165
13.044055,0.195687,shoulder_lift,10.0,13.1885,11.3291,14.9414,2201,-300,144,4,12.3,36,staircase2,loaded,-24.019
13.055005,0.206637,shoulder_lift,10.0,13.0334,11.3291,14.7656,2199,-300,148,6,12.3,36,staircase2,loaded,-16.055
13.065804,0.217436,shoulder_lift,10.0,12.8782,11.3291,14.5898,2197,-200,144,6,12.3,36,staircase2,loaded,-16.279
13.076561,0.228193,shoulder_lift,10.0,12.723,11.3291,14.4141,2195,-200,140,5,12.3,36,staircase2,loaded,-16.334
13.087392,0.239024,shoulder_lift,10.0,12.6455,11.3291,14.3262,2194,-150,132,5,12.3,36,staircase2,loaded,-8.116
13.098256,0.249888,shoulder_lift,10.0,12.4127,11.3291,14.0625,2191,-150,120,4,12.4,36,staircase2,loaded,-24.273
13.109187,0.260819,shoulder_lift,10.0,12.3351,11.3291,13.9746,2190,-200,112,4,12.3,36,staircase2,loaded,-8.041
13.120287,0.271919,shoulder_lift,10.0,12.18,11.3291,13.7988,2188,-150,112,4,12.3,36,staircase2,loaded,-15.838
13.13109,0.282722,shoulder_lift,10.0,12.1024,11.3291,13.7109,2187,-150,104,3,12.3,36,staircase2,loaded,-8.137
13.142177,0.293809,shoulder_lift,10.0,12.0248,11.3291,13.623,2186,-100,104,4,12.3,36,staircase2,loaded,-7.928
13.153185,0.304816,shoulder_lift,10.0,11.9472,11.3291,13.5352,2185,-100,108,5,12.3,36,staircase2,loaded,-7.976
13.163939,0.315571,shoulder_lift,10.0,11.9472,11.3291,13.5352,2185,-50,108,5,12.3,36,staircase2,loaded,0.0
13.175003,0.326635,shoulder_lift,10.0,11.9472,11.3291,13.5352,2185,-50,112,6,12.3,36,staircase2,loaded,0.0
13.186128,0.33776,shoulder_lift,10.0,11.9472,11.3291,13.5352,2185,0,112,5,12.3,36,staircase2,loaded,0.0
13.197152,0.348784,shoulder_lift,10.0,11.9472,11.3291,13.5352,2185,0,112,5,12.3,36,staircase2,loaded,0.0
13.207956,0.359588,shoulder_lift,10.0,11.9472,11.3291,13.5352,2185,0,112,5,12.3,36,staircase2,loaded,0.0
13.218946,0.370578,shoulder_lift,10.0,11.9472,11.3291,13.5352,2185,0,112,5,12.3,36,staircase2,loaded,0.0
13.22985,0.381482,shoulder_lift,10.0,11.9472,11.3291,13.5352,2185,0,112,5,12.3,36,staircase2,loaded,0.0
13.24085,0.392482,shoulder_lift,10.0,11.9472,11.3291,13.5352,2185,0,112,6,12.3,36,staircase2,loaded,0.0
13.251792,0.403424,shoulder_lift,10.0,11.9472,11.3291,13.5352,2185,0,112,5,12.3,36,staircase2,loaded,0.0
13.263026,0.414658,shoulder_lift,10.0,11.9472,11.3291,13.5352,2185,0,112,5,12.3,36,staircase2,loaded,0.0
13.273903,0.425535,shoulder_lift,10.0,11.9472,11.3291,13.5352,2185,0,112,5,12.3,36,staircase2,loaded,0.0
13.284861,0.436493,shoulder_lift,10.0,11.9472,11.3291,13.5352,2185,0,112,7,12.3,35,staircase2,loaded,0.0
13.295272,0.446904,shoulder_lift,10.0,11.9472,11.3291,13.5352,2185,0,112,6,12.3,36,staircase2,loaded,0.0
13.30592,0.457551,shoulder_lift,10.0,11.9472,11.3291,13.5352,2185,0,112,5,12.3,36,staircase2,loaded,0.0
13.316847,0.468479,shoulder_lift,10.0,11.9472,11.3291,13.5352,2185,0,112,5,12.3,36,staircase2,loaded,0.0
13.327782,0.479413,shoulder_lift,10.0,11.9472,11.3291,13.5352,2185,0,112,6,12.3,36,staircase2,loaded,0.0
13.338324,0.489955,shoulder_lift,10.0,11.9472,11.3291,13.5352,2185,0,112,6,12.3,37,staircase2,loaded,0.0
13.349174,0.500806,shoulder_lift,10.0,11.9472,11.3291,13.5352,2185,0,112,6,12.3,36,staircase2,loaded,0.0
13.360211,0.511842,shoulder_lift,10.0,11.9472,11.3291,13.5352,2185,0,112,5,12.3,36,staircase2,loaded,0.0
13.371294,0.522925,shoulder_lift,10.0,11.9472,11.3291,13.5352,2185,0,112,6,12.3,36,staircase2,loaded,0.0
13.38218,0.533812,shoulder_lift,10.0,11.9472,11.3291,13.5352,2185,0,112,5,12.3,36,staircase2,loaded,0.0
13.3931,0.544732,shoulder_lift,10.0,11.9472,11.3291,13.5352,2185,0,112,6,12.3,36,staircase2,loaded,0.0
13.403553,0.555185,shoulder_lift,10.0,11.9472,11.3291,13.5352,2185,0,112,5,12.3,36,staircase2,loaded,0.0
13.414142,0.565774,shoulder_lift,10.0,11.9472,11.3291,13.5352,2185,0,112,5,12.3,36,staircase2,loaded,0.0
13.425133,0.576765,shoulder_lift,10.0,11.9472,11.3291,13.5352,2185,0,112,6,12.4,36,staircase2,loaded,0.0
13.436296,0.587928,shoulder_lift,10.0,11.9472,11.3291,13.5352,2185,0,112,5,12.3,36,staircase2,loaded,0.0
13.446754,0.598386,shoulder_lift,10.0,11.9472,11.3291,13.5352,2185,0,112,5,12.3,36,staircase2,loaded,0.0
13.457302,0.608933,shoulder_lift,10.0,11.9472,11.3291,13.5352,2185,0,112,5,12.3,36,staircase2,loaded,0.0
13.467961,0.619593,shoulder_lift,10.0,11.9472,11.3291,13.5352,2185,0,112,5,12.3,36,staircase2,loaded,0.0
13.478116,0.629748,shoulder_lift,10.0,11.9472,11.3291,13.5352,2185,0,112,5,12.3,36,staircase2,loaded,0.0
13.488305,0.639936,shoulder_lift,10.0,11.9472,11.3291,13.5352,2185,0,112,6,12.3,35,staircase2,loaded,0.0
13.498748,0.65038,shoulder_lift,10.0,11.9472,11.3291,13.5352,2185,0,112,6,12.3,36,staircase2,loaded,0.0
13.508977,0.660609,shoulder_lift,10.0,11.9472,11.3291,13.5352,2185,0,112,5,12.3,36,staircase2,loaded,0.0
13.519533,0.671164,shoulder_lift,10.0,11.9472,11.3291,13.5352,2185,0,112,5,12.3,36,staircase2,loaded,0.0
13.530012,0.681644,shoulder_lift,10.0,11.9472,11.3291,13.5352,2185,0,112,6,12.3,36,staircase2,loaded,0.0
13.540359,0.69199,shoulder_lift,10.0,11.9472,11.3291,13.5352,2185,0,112,5,12.3,36,staircase2,loaded,0.0
13.551035,0.702667,shoulder_lift,10.0,11.9472,11.3291,13.5352,2185,0,112,6,12.3,36,staircase2,loaded,0.0
13.56148,0.713111,shoulder_lift,10.0,11.9472,11.3291,13.5352,2185,0,112,5,12.2,36,staircase2,loaded,0.0
13.57195,0.723582,shoulder_lift,10.0,11.9472,11.3291,13.5352,2185,0,112,5,12.3,36,staircase2,loaded,0.0
13.582709,0.73434,shoulder_lift,10.0,11.9472,11.3291,13.5352,2185,0,112,5,12.3,36,staircase2,loaded,0.0
13.593263,0.744895,shoulder_lift,10.0,11.9472,11.3291,13.5352,2185,0,112,6,12.3,35,staircase2,loaded,0.0
13.603965,0.755596,shoulder_lift,10.0,11.9472,11.3291,13.5352,2185,0,112,6,12.3,36,staircase2,loaded,0.0
13.61511,0.766741,shoulder_lift,10.0,11.9472,11.3291,13.5352,2185,0,112,6,12.3,36,staircase2,loaded,0.0
13.626069,0.777701,shoulder_lift,10.0,11.9472,11.3291,13.5352,2185,0,112,5,12.3,36,staircase2,loaded,0.0
13.637172,0.788804,shoulder_lift,10.0,11.9472,11.3291,13.5352,2185,0,112,5,12.3,36,staircase2,loaded,0.0
13.648269,0.799901,shoulder_lift,10.0,11.9472,11.3291,13.5352,2185,0,112,7,12.3,36,staircase2,loaded,0.0
13.658905,0.810536,shoulder_lift,10.0,11.9472,11.3291,13.5352,2185,0,112,5,12.3,36,staircase2,loaded,0.0
13.669684,0.821316,shoulder_lift,10.0,11.9472,11.3291,13.5352,2185,0,112,5,12.3,36,staircase2,loaded,0.0
13.680634,0.832265,shoulder_lift,10.0,11.9472,11.3291,13.5352,2185,0,112,6,12.3,36,staircase2,loaded,0.0
13.691443,0.843074,shoulder_lift,10.0,11.9472,11.3291,13.5352,2185,0,112,5,12.3,36,staircase2,loaded,0.0
13.702258,0.853889,shoulder_lift,10.0,11.9472,11.3291,13.5352,2185,0,112,6,12.3,36,staircase2,loaded,0.0
13.713224,0.864855,shoulder_lift,10.0,11.9472,11.3291,13.5352,2185,0,112,7,12.4,36,staircase2,loaded,0.0
13.724217,0.875849,shoulder_lift,10.0,11.9472,11.3291,13.5352,2185,0,112,5,12.3,36,staircase2,loaded,0.0
13.734971,0.886602,shoulder_lift,10.0,11.9472,11.3291,13.5352,2185,0,112,6,12.3,36,staircase2,loaded,0.0
13.745913,0.897545,shoulder_lift,10.0,11.9472,11.3291,13.5352,2185,0,112,6,12.3,36,staircase2,loaded,0.0
13.756651,0.908283,shoulder_lift,10.0,11.9472,11.3291,13.5352,2185,0,112,5,12.3,36,staircase2,loaded,0.0
13.767701,0.919333,shoulder_lift,10.0,11.9472,11.3291,13.5352,2185,0,112,5,12.3,36,staircase2,loaded,0.0
13.778694,0.930325,shoulder_lift,10.0,11.9472,11.3291,13.5352,2185,0,112,5,12.3,36,staircase2,loaded,0.0
13.789345,0.940977,shoulder_lift,10.0,11.9472,11.3291,13.5352,2185,0,112,6,12.3,36,staircase2,loaded,0.0
13.800275,0.951907,shoulder_lift,10.0,11.9472,11.3291,13.5352,2185,0,112,6,12.3,35,staircase2,loaded,0.0
13.811345,0.962976,shoulder_lift,10.0,11.9472,11.3291,13.5352,2185,0,112,5,12.3,36,staircase2,loaded,0.0
13.821764,0.973396,shoulder_lift,10.0,11.9472,11.3291,13.5352,2185,0,112,6,12.3,36,staircase2,loaded,0.0
13.835016,0.986648,shoulder_lift,10.0,11.9472,11.3291,13.5352,2185,0,112,6,12.3,36,staircase2,loaded,0.0
13.84579,0.997421,shoulder_lift,10.0,11.9472,11.3291,13.5352,2185,0,112,6,12.3,36,staircase2,loaded,0.0
13.856333,1.007965,shoulder_lift,10.0,11.9472,11.3291,13.5352,2185,0,112,5,12.4,36,staircase2,loaded,0.0
13.867303,1.018935,shoulder_lift,10.0,11.9472,11.3291,13.5352,2185,0,112,6,12.3,36,staircase2,loaded,0.0
13.877923,1.029555,shoulder_lift,10.0,11.9472,11.3291,13.5352,2185,0,112,6,12.3,36,staircase2,loaded,0.0
13.888463,1.040095,shoulder_lift,10.0,11.9472,11.3291,13.5352,2185,0,112,5,12.3,36,staircase2,loaded,0.0
13.899352,1.050984,shoulder_lift,10.0,11.9472,11.3291,13.5352,2185,0,112,6,12.3,36,staircase2,loaded,0.0
13.910249,1.06188,shoulder_lift,10.0,11.9472,11.3291,13.5352,2185,0,112,6,12.3,36,staircase2,loaded,0.0
13.921339,1.072971,shoulder_lift,10.0,11.9472,11.3291,13.5352,2185,0,112,6,12.3,36,staircase2,loaded,0.0
13.932358,1.08399,shoulder_lift,10.0,11.9472,11.3291,13.5352,2185,0,112,6,12.3,36,staircase2,loaded,0.0
13.943514,1.095145,shoulder_lift,10.0,11.9472,11.3291,13.5352,2185,0,112,6,12.3,36,staircase2,loaded,0.0
13.95444,1.106072,shoulder_lift,10.0,11.9472,11.3291,13.5352,2185,0,112,6,12.3,36,staircase2,loaded,0.0
13.965412,1.117044,shoulder_lift,10.0,11.9472,11.3291,13.5352,2185,0,112,5,12.3,36,staircase2,loaded,0.0
13.976431,1.128062,shoulder_lift,10.0,11.9472,11.3291,13.5352,2185,0,112,6,12.3,36,staircase2,loaded,0.0
13.986607,1.138239,shoulder_lift,10.0,11.9472,11.3291,13.5352,2185,0,112,6,12.3,36,staircase2,loaded,0.0
13.997254,1.148886,shoulder_lift,10.0,11.9472,11.3291,13.5352,2185,0,112,6,12.3,36,staircase2,loaded,0.0
14.00797,1.159601,shoulder_lift,10.0,11.9472,11.3291,13.5352,2185,0,112,5,12.2,36,staircase2,loaded,0.0
14.018807,1.170439,shoulder_lift,10.0,11.9472,11.3291,13.5352,2185,0,112,6,12.3,36,staircase2,loaded,0.0
14.030008,1.18164,shoulder_lift,10.0,11.9472,11.3291,13.5352,2185,0,112,5,12.3,36,staircase2,loaded,0.0
14.040935,1.192566,shoulder_lift,10.0,11.9472,11.3291,13.5352,2185,0,112,6,12.3,36,staircase2,loaded,0.0
14.051825,1.203457,shoulder_lift,10.0,11.9472,11.3291,13.5352,2185,0,112,6,12.3,36,staircase2,loaded,0.0
14.062931,1.214563,shoulder_lift,10.0,11.9472,11.3291,13.5352,2185,0,112,5,12.4,36,staircase2,loaded,0.0
14.073452,1.225083,shoulder_lift,10.0,11.9472,11.3291,13.5352,2185,0,112,6,12.3,36,staircase2,loaded,0.0
14.084344,1.235976,shoulder_lift,10.0,11.9472,11.3291,13.5352,2185,0,112,6,12.3,36,staircase2,loaded,0.0
14.095141,1.246772,shoulder_lift,10.0,11.9472,11.3291,13.5352,2185,0,112,6,12.3,36,staircase2,loaded,0.0
14.105293,1.256925,shoulder_lift,10.0,11.9472,11.3291,13.5352,2185,0,112,5,12.3,36,staircase2,loaded,0.0
14.116095,1.267727,shoulder_lift,10.0,11.9472,11.3291,13.5352,2185,0,112,5,12.3,36,staircase2,loaded,0.0
14.126702,1.278334,shoulder_lift,10.0,11.9472,11.3291,13.5352,2185,0,112,6,12.3,36,staircase2,loaded,0.0
14.137639,1.289271,shoulder_lift,10.0,11.9472,11.3291,13.5352,2185,0,112,6,12.3,36,staircase2,loaded,0.0
14.148668,1.300299,shoulder_lift,10.0,11.9472,11.3291,13.5352,2185,0,112,5,12.3,36,staircase2,loaded,0.0
14.15962,1.311252,shoulder_lift,10.0,11.9472,11.3291,13.5352,2185,0,112,5,12.3,36,staircase2,loaded,0.0
14.170353,1.321985,shoulder_lift,10.0,11.9472,11.3291,13.5352,2185,0,112,5,12.3,36,staircase2,loaded,0.0
14.1812,1.332831,shoulder_lift,10.0,11.9472,11.3291,13.5352,2185,0,112,5,12.3,35,staircase2,loaded,0.0
14.191923,1.343555,shoulder_lift,10.0,11.9472,11.3291,13.5352,2185,0,112,5,12.3,36,staircase2,loaded,0.0
14.202828,1.354459,shoulder_lift,10.0,11.9472,11.3291,13.5352,2185,0,112,6,12.3,36,staircase2,loaded,0.0
14.213997,1.365629,shoulder_lift,10.0,11.9472,11.3291,13.5352,2185,0,112,5,12.3,36,staircase2,loaded,0.0
14.225077,1.376709,shoulder_lift,10.0,11.9472,11.3291,13.5352,2185,0,112,5,12.3,36,staircase2,loaded,0.0
14.23587,1.387502,shoulder_lift,10.0,11.9472,11.3291,13.5352,2185,0,112,5,12.4,36,staircase2,loaded,0.0
14.24674,1.398372,shoulder_lift,10.0,11.9472,11.3291,13.5352,2185,0,112,6,12.3,36,staircase2,loaded,0.0
14.257678,1.40931,shoulder_lift,10.0,11.9472,11.3291,13.5352,2185,0,112,7,12.3,36,staircase2,loaded,0.0
14.268317,1.419949,shoulder_lift,10.0,11.9472,11.3291,13.5352,2185,0,112,7,12.3,36,staircase2,loaded,0.0
14.279241,1.430872,shoulder_lift,10.0,11.9472,11.3291,13.5352,2185,0,112,5,12.3,36,staircase2,loaded,0.0
14.289959,1.44159,shoulder_lift,10.0,11.9472,11.3291,13.5352,2185,0,112,6,12.3,36,staircase2,loaded,0.0
14.300752,1.452383,shoulder_lift,10.0,11.9472,11.3291,13.5352,2185,0,112,5,12.3,36,staircase2,loaded,0.0
14.31159,1.463222,shoulder_lift,10.0,11.9472,11.3291,13.5352,2185,0,112,5,12.3,36,staircase2,loaded,0.0
14.322155,1.473787,shoulder_lift,10.0,11.9472,11.3291,13.5352,2185,0,112,6,12.4,36,staircase2,loaded,0.0
14.333016,1.484648,shoulder_lift,10.0,11.9472,11.3291,13.5352,2185,0,112,5,12.3,36,staircase2,loaded,0.0
14.344077,1.495709,shoulder_lift,10.0,11.9472,11.3291,13.5352,2185,0,112,5,12.3,36,staircase2,loaded,0.0
14.354778,1.50641,shoulder_lift,10.0,11.9472,11.3291,13.5352,2185,0,112,5,12.3,36,staircase2,loaded,0.0
14.365587,1.517219,shoulder_lift,10.0,11.9472,11.3291,13.5352,2185,0,112,6,12.3,36,staircase2,loaded,0.0
14.376645,1.528277,shoulder_lift,10.0,11.9472,11.3291,13.5352,2185,0,112,6,12.3,36,staircase2,loaded,0.0
14.387676,1.539307,shoulder_lift,10.0,11.9472,11.3291,13.5352,2185,0,112,6,12.3,36,staircase2,loaded,0.0
14.398576,1.550208,shoulder_lift,10.0,11.9472,11.3291,13.5352,2185,0,112,5,12.3,36,staircase2,loaded,0.0
14.40922,1.560852,shoulder_lift,10.0,11.9472,11.3291,13.5352,2185,0,112,6,12.4,36,staircase2,loaded,0.0
14.420027,1.571659,shoulder_lift,10.0,11.9472,11.3291,13.5352,2185,0,112,5,12.3,36,staircase2,loaded,0.0
14.430584,1.582215,shoulder_lift,10.0,11.9472,11.3291,13.5352,2185,0,112,6,12.3,36,staircase2,loaded,0.0
14.441114,1.592746,shoulder_lift,10.0,11.9472,11.3291,13.5352,2185,0,112,5,12.3,36,staircase2,loaded,0.0
14.452958,3e-06,shoulder_lift,0.0,11.9472,0.0,13.5352,2185,0,116,6,12.3,36,staircase2,loaded,0.0
14.463566,0.010611,shoulder_lift,0.0,11.9472,0.0,13.5352,2185,0,120,6,12.3,35,staircase2,loaded,0.0
14.473891,0.020936,shoulder_lift,0.0,11.9472,0.0,13.5352,2185,0,164,13,12.3,36,staircase2,loaded,0.0
14.484174,0.031219,shoulder_lift,0.0,11.8697,0.0,13.4473,2184,0,192,13,12.3,36,staircase2,loaded,-8.548
14.494637,0.041682,shoulder_lift,0.0,11.7921,0.0,13.3594,2183,0,252,23,12.2,36,staircase2,loaded,-8.401
14.505129,0.052174,shoulder_lift,0.0,11.5593,0.0,13.0957,2180,-150,296,24,12.2,36,staircase2,loaded,-25.133
14.515603,0.062649,shoulder_lift,0.0,11.249,0.0,12.7441,2176,-150,364,37,12.2,36,staircase2,loaded,-33.569
14.526055,0.0731,shoulder_lift,0.0,10.7836,0.0,12.2168,2170,-400,420,43,12.1,36,staircase2,loaded,-50.45
14.536532,0.083577,shoulder_lift,0.0,10.1629,0.0,11.5137,2162,-400,460,44,12.2,36,staircase2,loaded,-67.109
14.546785,0.09383,shoulder_lift,0.0,9.3871,0.0,10.6348,2152,-700,472,36,12.2,36,staircase2,loaded,-85.721
14.557256,0.104301,shoulder_lift,0.0,8.4562,0.0,9.5801,2140,-700,416,19,12.2,36,staircase2,loaded,-100.726
14.56759,0.114635,shoulder_lift,0.0,7.6028,0.0,8.6133,2129,-1050,404,18,12.3,36,staircase2,loaded,-93.555
14.577801,0.124846,shoulder_lift,0.0,6.7494,0.0,7.6465,2118,-1150,324,6,12.2,36,staircase2,loaded,-94.682
14.588223,0.135268,shoulder_lift,0.0,5.8185,0.0,6.5918,2106,-1150,280,2,12.3,36,staircase2,loaded,-101.199
14.598798,0.145843,shoulder_lift,0.0,5.0427,0.0,5.7129,2096,-1000,196,0,12.3,36,staircase2,loaded,-83.111
14.609678,0.156723,shoulder_lift,0.0,4.3445,0.0,4.9219,2087,-1000,168,0,12.3,36,staircase2,loaded,-72.702
14.620576,0.167621,shoulder_lift,0.0,3.8014,0.0,4.3066,2080,-700,136,0,12.3,36,staircase2,loaded,-56.46
14.631402,0.178447,shoulder_lift,0.0,3.4911,0.0,3.9551,2076,-700,148,2,12.3,36,staircase2,loaded,-32.468
14.641826,0.188871,shoulder_lift,0.0,3.1808,0.0,3.6035,2072,-450,136,3,12.3,36,staircase2,loaded,-33.73
14.652821,0.199866,shoulder_lift,0.0,3.0256,0.0,3.4277,2070,-450,144,5,12.3,36,staircase2,loaded,-15.989
14.663175,0.210221,shoulder_lift,0.0,2.8704,0.0,3.252,2068,-200,140,7,12.3,36,staircase2,loaded,-16.969
14.673551,0.220596,shoulder_lift,0.0,2.7153,0.0,3.0762,2066,-200,140,3,12.3,36,staircase2,loaded,-16.943
14.684553,0.231598,shoulder_lift,0.0,2.5601,0.0,2.9004,2064,-150,132,7,12.4,36,staircase2,loaded,-15.979
14.695292,0.242338,shoulder_lift,0.0,2.4825,0.0,2.8125,2063,-150,124,5,12.3,36,staircase2,loaded,-8.185
14.70595,0.252995,shoulder_lift,0.0,2.3274,0.0,2.6367,2061,-150,116,4,12.3,36,staircase2,loaded,-16.495
14.716922,0.263967,shoulder_lift,0.0,2.2498,0.0,2.5488,2060,-150,116,5,12.3,36,staircase2,loaded,-8.011
14.727746,0.274791,shoulder_lift,0.0,2.0946,0.0,2.373,2058,-200,112,4,12.3,36,staircase2,loaded,-16.242
14.738051,0.285096,shoulder_lift,0.0,2.0171,0.0,2.2852,2057,-100,104,4,12.3,36,staircase2,loaded,-8.52
14.749169,0.296215,shoulder_lift,0.0,1.9395,0.0,2.1973,2056,-100,100,4,12.3,36,staircase2,loaded,-7.906
14.760019,0.307064,shoulder_lift,0.0,1.8619,0.0,2.1094,2055,-50,100,4,12.3,36,staircase2,loaded,-8.101
14.77125,0.318295,shoulder_lift,0.0,1.8619,0.0,2.1094,2055,-50,104,5,12.3,36,staircase2,loaded,0.0
14.781886,0.328931,shoulder_lift,0.0,1.8619,0.0,2.1094,2055,-50,104,5,12.3,36,staircase2,loaded,0.0
14.792918,0.339963,shoulder_lift,0.0,1.8619,0.0,2.1094,2055,-50,108,6,12.3,36,staircase2,loaded,0.0
14.804148,0.351193,shoulder_lift,0.0,1.8619,0.0,2.1094,2055,0,108,7,12.3,36,staircase2,loaded,0.0
14.815212,0.362257,shoulder_lift,0.0,1.8619,0.0,2.1094,2055,0,108,6,12.3,36,staircase2,loaded,0.0
14.82615,0.373195,shoulder_lift,0.0,1.8619,0.0,2.1094,2055,0,108,5,12.3,36,staircase2,loaded,0.0
14.837153,0.384198,shoulder_lift,0.0,1.8619,0.0,2.1094,2055,0,108,5,12.3,36,staircase2,loaded,0.0
14.847792,0.394837,shoulder_lift,0.0,1.8619,0.0,2.1094,2055,0,108,6,12.3,36,staircase2,loaded,0.0
14.858639,0.405684,shoulder_lift,0.0,1.8619,0.0,2.1094,2055,0,108,4,12.3,36,staircase2,loaded,0.0
14.869802,0.416847,shoulder_lift,0.0,1.7843,0.0,2.0215,2054,0,100,4,12.3,36,staircase2,loaded,-7.874
14.880385,0.427431,shoulder_lift,0.0,1.7843,0.0,2.0215,2054,-50,100,5,12.3,36,staircase2,loaded,0.0
14.891285,0.438331,shoulder_lift,0.0,1.7843,0.0,2.0215,2054,-50,104,5,12.3,36,staircase2,loaded,0.0
14.902384,0.449429,shoulder_lift,0.0,1.7843,0.0,2.0215,2054,0,104,5,12.3,36,staircase2,loaded,0.0
14.913287,0.460332,shoulder_lift,0.0,1.7843,0.0,2.0215,2054,0,104,5,12.3,36,staircase2,loaded,0.0
14.923883,0.470928,shoulder_lift,0.0,1.7067,0.0,1.9336,2053,-50,100,4,12.3,36,staircase2,loaded,-8.296
14.934736,0.481782,shoulder_lift,0.0,1.7067,0.0,1.9336,2053,-50,96,4,12.3,36,staircase2,loaded,0.0
14.945553,0.492598,shoulder_lift,0.0,1.7067,0.0,1.9336,2053,0,96,4,12.3,36,staircase2,loaded,0.0
14.955935,0.50298,shoulder_lift,0.0,1.7067,0.0,1.9336,2053,0,100,4,12.3,36,staircase2,loaded,0.0
14.966621,0.513667,shoulder_lift,0.0,1.7067,0.0,1.9336,2053,0,100,4,12.3,36,staircase2,loaded,0.0
14.9777,0.524745,shoulder_lift,0.0,1.7067,0.0,1.9336,2053,0,100,5,12.3,36,staircase2,loaded,0.0
14.988238,0.535283,shoulder_lift,0.0,1.7067,0.0,1.9336,2053,0,100,5,12.3,36,staircase2,loaded,0.0
14.998412,0.545457,shoulder_lift,0.0,1.7067,0.0,1.9336,2053,0,100,5,12.3,36,staircase2,loaded,0.0
15.009439,0.556484,shoulder_lift,0.0,1.7067,0.0,1.9336,2053,0,100,4,12.3,36,staircase2,loaded,0.0
15.019985,0.567031,shoulder_lift,0.0,1.7067,0.0,1.9336,2053,0,100,4,12.4,36,staircase2,loaded,0.0
15.031086,0.578131,shoulder_lift,0.0,1.7067,0.0,1.9336,2053,0,100,5,12.3,36,staircase2,loaded,0.0
15.041715,0.58876,shoulder_lift,0.0,1.7067,0.0,1.9336,2053,0,100,4,12.3,36,staircase2,loaded,0.0
15.052394,0.59944,shoulder_lift,0.0,1.7067,0.0,1.9336,2053,0,100,5,12.3,36,staircase2,loaded,0.0
15.063353,0.610398,shoulder_lift,0.0,1.7067,0.0,1.9336,2053,0,100,4,12.3,36,staircase2,loaded,0.0
15.074347,0.621392,shoulder_lift,0.0,1.7067,0.0,1.9336,2053,0,100,4,12.3,36,staircase2,loaded,0.0
15.085397,0.632442,shoulder_lift,0.0,1.7067,0.0,1.9336,2053,0,100,5,12.3,36,staircase2,loaded,0.0
15.096236,0.643281,shoulder_lift,0.0,1.7067,0.0,1.9336,2053,0,100,4,12.3,36,staircase2,loaded,0.0
15.106983,0.654028,shoulder_lift,0.0,1.7067,0.0,1.9336,2053,0,100,4,12.3,36,staircase2,loaded,0.0
15.117828,0.664873,shoulder_lift,0.0,1.7067,0.0,1.9336,2053,0,100,4,12.3,36,staircase2,loaded,0.0
15.128897,0.675942,shoulder_lift,0.0,1.7067,0.0,1.9336,2053,0,100,5,12.3,36,staircase2,loaded,0.0
15.139105,0.68615,shoulder_lift,0.0,1.7067,0.0,1.9336,2053,0,100,4,12.3,36,staircase2,loaded,0.0
15.149428,0.696473,shoulder_lift,0.0,1.7067,0.0,1.9336,2053,0,100,4,12.3,36,staircase2,loaded,0.0
15.160446,0.707491,shoulder_lift,0.0,1.7067,0.0,1.9336,2053,0,100,4,12.3,36,staircase2,loaded,0.0
15.171091,0.718136,shoulder_lift,0.0,1.7067,0.0,1.9336,2053,0,100,5,12.3,36,staircase2,loaded,0.0
15.181756,0.728801,shoulder_lift,0.0,1.7067,0.0,1.9336,2053,0,100,5,12.3,36,staircase2,loaded,0.0
15.192321,0.739366,shoulder_lift,0.0,1.7067,0.0,1.9336,2053,0,100,5,12.3,36,staircase2,loaded,0.0
15.203404,0.750449,shoulder_lift,0.0,1.7067,0.0,1.9336,2053,0,100,4,12.3,36,staircase2,loaded,0.0
15.214084,0.761129,shoulder_lift,0.0,1.7067,0.0,1.9336,2053,0,100,4,12.3,36,staircase2,loaded,0.0
15.224845,0.77189,shoulder_lift,0.0,1.7067,0.0,1.9336,2053,0,100,5,12.3,36,staircase2,loaded,0.0
15.235854,0.782899,shoulder_lift,0.0,1.7067,0.0,1.9336,2053,0,100,5,12.3,36,staircase2,loaded,0.0
15.246778,0.793823,shoulder_lift,0.0,1.7067,0.0,1.9336,2053,0,100,5,12.3,36,staircase2,loaded,0.0
15.257645,0.80469,shoulder_lift,0.0,1.7067,0.0,1.9336,2053,0,100,4,12.3,36,staircase2,loaded,0.0
15.268641,0.815686,shoulder_lift,0.0,1.7067,0.0,1.9336,2053,0,100,5,12.3,36,staircase2,loaded,0.0
15.279481,0.826527,shoulder_lift,0.0,1.7067,0.0,1.9336,2053,0,100,4,12.3,36,staircase2,loaded,0.0
15.290356,0.837401,shoulder_lift,0.0,1.7067,0.0,1.9336,2053,0,100,4,12.3,36,staircase2,loaded,0.0
15.301037,0.848082,shoulder_lift,0.0,1.7067,0.0,1.9336,2053,0,100,5,12.3,36,staircase2,loaded,0.0
15.311888,0.858934,shoulder_lift,0.0,1.7067,0.0,1.9336,2053,0,100,5,12.3,36,staircase2,loaded,0.0
15.32268,0.869726,shoulder_lift,0.0,1.7067,0.0,1.9336,2053,0,100,5,12.3,36,staircase2,loaded,0.0
15.333412,0.880457,shoulder_lift,0.0,1.7067,0.0,1.9336,2053,0,100,4,12.3,36,staircase2,loaded,0.0
15.344173,0.891218,shoulder_lift,0.0,1.7067,0.0,1.9336,2053,0,100,5,12.3,36,staircase2,loaded,0.0
15.354424,0.901469,shoulder_lift,0.0,1.7067,0.0,1.9336,2053,0,100,4,12.4,36,staircase2,loaded,0.0
15.365177,0.912222,shoulder_lift,0.0,1.7067,0.0,1.9336,2053,0,100,5,12.3,36,staircase2,loaded,0.0
15.375867,0.922912,shoulder_lift,0.0,1.7067,0.0,1.9336,2053,0,100,4,12.3,36,staircase2,loaded,0.0
15.386757,0.933802,shoulder_lift,0.0,1.7067,0.0,1.9336,2053,0,100,5,12.3,36,staircase2,loaded,0.0
15.397747,0.944792,shoulder_lift,0.0,1.7067,0.0,1.9336,2053,0,100,4,12.3,36,staircase2,loaded,0.0
15.408459,0.955504,shoulder_lift,0.0,1.7067,0.0,1.9336,2053,0,100,4,12.3,36,staircase2,loaded,0.0
15.419211,0.966256,shoulder_lift,0.0,1.7067,0.0,1.9336,2053,0,100,5,12.3,36,staircase2,loaded,0.0
15.429593,0.976638,shoulder_lift,0.0,1.7067,0.0,1.9336,2053,0,100,4,12.3,36,staircase2,loaded,0.0
15.440277,0.987322,shoulder_lift,0.0,1.7067,0.0,1.9336,2053,0,100,4,12.4,36,staircase2,loaded,0.0
15.450889,0.997934,shoulder_lift,0.0,1.7067,0.0,1.9336,2053,0,100,4,12.3,36,staircase2,loaded,0.0
15.461502,1.008547,shoulder_lift,0.0,1.7067,0.0,1.9336,2053,0,100,4,12.3,36,staircase2,loaded,0.0
15.471967,1.019012,shoulder_lift,0.0,1.7067,0.0,1.9336,2053,0,100,5,12.3,36,staircase2,loaded,0.0
15.482418,1.029463,shoulder_lift,0.0,1.7067,0.0,1.9336,2053,0,100,4,12.3,36,staircase2,loaded,0.0
15.492815,1.039861,shoulder_lift,0.0,1.7067,0.0,1.9336,2053,0,100,5,12.3,36,staircase2,loaded,0.0
15.503179,1.050224,shoulder_lift,0.0,1.7067,0.0,1.9336,2053,0,100,5,12.3,36,staircase2,loaded,0.0
15.513776,1.060821,shoulder_lift,0.0,1.7067,0.0,1.9336,2053,0,100,5,12.3,36,staircase2,loaded,0.0
15.524226,1.071271,shoulder_lift,0.0,1.7067,0.0,1.9336,2053,0,100,4,12.3,36,staircase2,loaded,0.0
15.535143,1.082188,shoulder_lift,0.0,1.7067,0.0,1.9336,2053,0,100,4,12.3,36,staircase2,loaded,0.0
15.545884,1.092929,shoulder_lift,0.0,1.7067,0.0,1.9336,2053,0,100,4,12.3,36,staircase2,loaded,0.0
15.556511,1.103556,shoulder_lift,0.0,1.7067,0.0,1.9336,2053,0,100,5,12.3,36,staircase2,loaded,0.0
15.56708,1.114125,shoulder_lift,0.0,1.7067,0.0,1.9336,2053,0,100,5,12.3,36,staircase2,loaded,0.0
15.577351,1.124396,shoulder_lift,0.0,1.7067,0.0,1.9336,2053,0,100,5,12.3,36,staircase2,loaded,0.0
15.587912,1.134958,shoulder_lift,0.0,1.7067,0.0,1.9336,2053,0,100,4,12.3,36,staircase2,loaded,0.0
15.59906,1.146105,shoulder_lift,0.0,1.7067,0.0,1.9336,2053,0,100,4,12.3,36,staircase2,loaded,0.0
15.609856,1.156901,shoulder_lift,0.0,1.7067,0.0,1.9336,2053,0,100,4,12.3,35,staircase2,loaded,0.0
15.620956,1.168001,shoulder_lift,0.0,1.7067,0.0,1.9336,2053,0,100,4,12.3,36,staircase2,loaded,0.0
15.632012,1.179057,shoulder_lift,0.0,1.7067,0.0,1.9336,2053,0,100,4,12.3,36,staircase2,loaded,0.0
15.642678,1.189723,shoulder_lift,0.0,1.7067,0.0,1.9336,2053,0,100,4,12.3,36,staircase2,loaded,0.0
15.653173,1.200218,shoulder_lift,0.0,1.7067,0.0,1.9336,2053,0,100,4,12.3,36,staircase2,loaded,0.0
15.664068,1.211113,shoulder_lift,0.0,1.7067,0.0,1.9336,2053,0,100,5,12.3,36,staircase2,loaded,0.0
15.67485,1.221895,shoulder_lift,0.0,1.7067,0.0,1.9336,2053,0,100,4,12.3,36,staircase2,loaded,0.0
15.685756,1.232802,shoulder_lift,0.0,1.7067,0.0,1.9336,2053,0,100,4,12.3,36,staircase2,loaded,0.0
15.69642,1.243465,shoulder_lift,0.0,1.7067,0.0,1.9336,2053,0,100,4,12.3,36,staircase2,loaded,0.0
15.706676,1.253721,shoulder_lift,0.0,1.7067,0.0,1.9336,2053,0,100,4,12.3,36,staircase2,loaded,0.0
15.717792,1.264837,shoulder_lift,0.0,1.7067,0.0,1.9336,2053,0,100,4,12.3,36,staircase2,loaded,0.0
15.728641,1.275686,shoulder_lift,0.0,1.7067,0.0,1.9336,2053,0,100,4,12.3,36,staircase2,loaded,0.0
15.739351,1.286396,shoulder_lift,0.0,1.7067,0.0,1.9336,2053,0,100,4,12.3,36,staircase2,loaded,0.0
15.750037,1.297082,shoulder_lift,0.0,1.7067,0.0,1.9336,2053,0,100,4,12.3,36,staircase2,loaded,0.0
15.760685,1.30773,shoulder_lift,0.0,1.7067,0.0,1.9336,2053,0,100,4,12.3,36,staircase2,loaded,0.0
15.771254,1.318299,shoulder_lift,0.0,1.7067,0.0,1.9336,2053,0,100,4,12.3,36,staircase2,loaded,0.0
15.782106,1.329151,shoulder_lift,0.0,1.7067,0.0,1.9336,2053,0,100,4,12.3,36,staircase2,loaded,0.0
15.792729,1.339774,shoulder_lift,0.0,1.7067,0.0,1.9336,2053,0,100,5,12.3,36,staircase2,loaded,0.0
15.803443,1.350488,shoulder_lift,0.0,1.7067,0.0,1.9336,2053,0,100,5,12.3,36,staircase2,loaded,0.0
15.814114,1.36116,shoulder_lift,0.0,1.7067,0.0,1.9336,2053,0,100,5,12.4,36,staircase2,loaded,0.0
15.825171,1.372217,shoulder_lift,0.0,1.7067,0.0,1.9336,2053,0,100,5,12.3,36,staircase2,loaded,0.0
15.836248,1.383293,shoulder_lift,0.0,1.7067,0.0,1.9336,2053,0,100,5,12.3,36,staircase2,loaded,0.0
15.846896,1.393941,shoulder_lift,0.0,1.7067,0.0,1.9336,2053,0,100,3,12.3,36,staircase2,loaded,0.0
15.857864,1.404909,shoulder_lift,0.0,1.7067,0.0,1.9336,2053,0,100,5,12.3,35,staircase2,loaded,0.0
15.868707,1.415753,shoulder_lift,0.0,1.7067,0.0,1.9336,2053,0,100,4,12.3,36,staircase2,loaded,0.0
15.879441,1.426486,shoulder_lift,0.0,1.7067,0.0,1.9336,2053,0,100,5,12.3,36,staircase2,loaded,0.0
15.890233,1.437278,shoulder_lift,0.0,1.7067,0.0,1.9336,2053,0,100,5,12.3,36,staircase2,loaded,0.0
15.90116,1.448206,shoulder_lift,0.0,1.7067,0.0,1.9336,2053,0,100,5,12.3,36,staircase2,loaded,0.0
15.912246,1.459291,shoulder_lift,0.0,1.7067,0.0,1.9336,2053,0,100,4,12.3,36,staircase2,loaded,0.0
15.923065,1.470111,shoulder_lift,0.0,1.7067,0.0,1.9336,2053,0,100,4,12.4,36,staircase2,loaded,0.0
15.933466,1.480511,shoulder_lift,0.0,1.7067,0.0,1.9336,2053,0,100,5,12.3,36,staircase2,loaded,0.0
15.944105,1.49115,shoulder_lift,0.0,1.7067,0.0,1.9336,2053,0,100,5,12.3,36,staircase2,loaded,0.0
15.954696,1.501741,shoulder_lift,0.0,1.7067,0.0,1.9336,2053,0,100,4,12.3,36,staircase2,loaded,0.0
15.965418,1.512463,shoulder_lift,0.0,1.7067,0.0,1.9336,2053,0,100,4,12.3,36,staircase2,loaded,0.0
15.976167,1.523212,shoulder_lift,0.0,1.7067,0.0,1.9336,2053,0,100,4,12.3,37,staircase2,loaded,0.0
15.987269,1.534314,shoulder_lift,0.0,1.7067,0.0,1.9336,2053,0,100,4,12.3,36,staircase2,loaded,0.0
15.997427,1.544473,shoulder_lift,0.0,1.7067,0.0,1.9336,2053,0,100,5,12.3,36,staircase2,loaded,0.0
16.007643,1.554688,shoulder_lift,0.0,1.7067,0.0,1.9336,2053,0,100,4,12.3,36,staircase2,loaded,0.0
16.018392,1.565437,shoulder_lift,0.0,1.7067,0.0,1.9336,2053,0,100,4,12.3,36,staircase2,loaded,0.0
16.029495,1.57654,shoulder_lift,0.0,1.7067,0.0,1.9336,2053,0,100,4,12.3,36,staircase2,loaded,0.0
16.040581,1.587626,shoulder_lift,0.0,1.7067,0.0,1.9336,2053,0,100,5,12.3,36,staircase2,loaded,0.0
16.051005,1.59805,shoulder_lift,0.0,1.7067,0.0,1.9336,2053,0,100,4,12.3,36,staircase2,loaded,0.0
16.063048,3e-06,shoulder_lift,-10.0,1.7067,-11.3291,1.9336,2053,0,104,5,12.4,36,staircase2,loaded,0.0
16.073785,0.01074,shoulder_lift,-10.0,1.7067,-11.3291,1.9336,2053,0,116,6,12.3,37,staircase2,loaded,0.0
16.084924,0.021879,shoulder_lift,-10.0,1.7067,-11.3291,1.9336,2053,0,136,8,12.3,36,staircase2,loaded,0.0
16.095951,0.032906,shoulder_lift,-10.0,1.7067,-11.3291,1.9336,2053,0,200,14,12.3,36,staircase2,loaded,0.0
16.10694,0.043895,shoulder_lift,-10.0,1.6292,-11.3291,1.8457,2052,0,240,24,12.2,36,staircase2,loaded,-7.999
16.117915,0.05487,shoulder_lift,-10.0,1.3964,-11.3291,1.582,2049,-200,316,26,12.2,36,staircase2,loaded,-24.027
16.128995,0.06595,shoulder_lift,-10.0,1.0085,-11.3291,1.1426,2044,-200,384,42,12.2,36,staircase2,loaded,-39.657
16.139871,0.076826,shoulder_lift,-10.0,0.4655,-11.3291,0.5273,2037,-450,428,43,12.2,36,staircase2,loaded,-56.574
16.150841,0.087796,shoulder_lift,-10.0,-0.2327,-11.3291,-0.2637,2028,-450,456,37,12.3,36,staircase2,loaded,-72.106
16.161399,0.098353,shoulder_lift,-10.0,-1.0861,-11.3291,-1.2305,2017,-850,464,32,12.2,36,staircase2,loaded,-91.57
16.171848,0.108802,shoulder_lift,-10.0,-2.0171,-11.3291,-2.2852,2005,-850,384,11,12.2,36,staircase2,loaded,-100.938
16.182723,0.119678,shoulder_lift,-10.0,-3.0256,-11.3291,-3.4277,1992,-1100,360,11,12.3,36,staircase2,loaded,-105.057
16.193615,0.130569,shoulder_lift,-10.0,-4.0341,-11.3291,-4.5703,1979,-1100,272,2,12.3,36,staircase2,loaded,-104.903
16.204231,0.141186,shoulder_lift,-10.0,-4.8875,-11.3291,-5.5371,1968,-1200,228,1,12.3,36,staircase2,loaded,-91.07
16.215348,0.152302,shoulder_lift,-10.0,-5.5857,-11.3291,-6.3281,1959,-900,148,0,12.3,36,staircase2,loaded,-71.152
16.226352,0.163307,shoulder_lift,-10.0,-6.2064,-11.3291,-7.0313,1951,-900,120,0,12.3,36,staircase2,loaded,-63.904
16.237342,0.174297,shoulder_lift,-10.0,-6.5943,-11.3291,-7.4707,1946,-600,128,0,12.3,36,staircase2,loaded,-39.982
16.248435,0.18539,shoulder_lift,-10.0,-6.9046,-11.3291,-7.8223,1942,-600,140,4,12.3,36,staircase2,loaded,-31.696
16.258943,0.195897,shoulder_lift,-10.0,-7.1373,-11.3291,-8.0859,1939,-350,132,4,12.3,36,staircase2,loaded,-25.086
16.269865,0.206819,shoulder_lift,-10.0,-7.2925,-11.3291,-8.2617,1937,-350,132,5,12.3,36,staircase2,loaded,-16.096
16.280888,0.217843,shoulder_lift,-10.0,-7.3701,-11.3291,-8.3496,1936,-200,128,4,12.3,36,staircase2,loaded,-7.974
16.291935,0.228889,shoulder_lift,-10.0,-7.5252,-11.3291,-8.5254,1934,-200,132,6,12.3,36,staircase2,loaded,-15.914
16.302973,0.239928,shoulder_lift,-10.0,-7.6028,-11.3291,-8.6133,1933,-100,128,6,12.3,36,staircase2,loaded,-7.963
16.313986,0.250941,shoulder_lift,-10.0,-7.6804,-11.3291,-8.7012,1932,-100,120,6,12.3,36,staircase2,loaded,-7.981
16.324879,0.261833,shoulder_lift,-10.0,-7.8355,-11.3291,-8.877,1930,-100,112,4,12.3,36,staircase2,loaded,-16.139
16.336045,0.272999,shoulder_lift,-10.0,-7.9131,-11.3291,-8.9648,1929,-150,108,4,12.3,36,staircase2,loaded,-7.863
16.346842,0.283797,shoulder_lift,-10.0,-8.0683,-11.3291,-9.1406,1927,-150,104,3,12.3,36,staircase2,loaded,-16.282
16.357529,0.294484,shoulder_lift,-10.0,-8.1458,-11.3291,-9.2285,1926,-150,96,3,12.3,36,staircase2,loaded,-8.225
16.368433,0.305387,shoulder_lift,-10.0,-8.2234,-11.3291,-9.3164,1925,-150,96,4,12.3,36,staircase2,loaded,-8.061
16.379241,0.316195,shoulder_lift,-10.0,-8.2234,-11.3291,-9.3164,1925,-50,96,4,12.3,36,staircase2,loaded,0.0
16.389998,0.326952,shoulder_lift,-10.0,-8.2234,-11.3291,-9.3164,1925,-50,104,4,12.3,36,staircase2,loaded,0.0
16.400312,0.337267,shoulder_lift,-10.0,-8.2234,-11.3291,-9.3164,1925,0,100,4,12.3,36,staircase2,loaded,0.0
16.410617,0.347571,shoulder_lift,-10.0,-8.301,-11.3291,-9.4043,1924,0,96,4,12.3,36,staircase2,loaded,-8.53
16.421063,0.358018,shoulder_lift,-10.0,-8.301,-11.3291,-9.4043,1924,-50,96,5,12.3,36,staircase2,loaded,0.0
16.431831,0.368786,shoulder_lift,-10.0,-8.3786,-11.3291,-9.4922,1923,-50,96,4,12.3,36,staircase2,loaded,-8.163
16.442676,0.379631,shoulder_lift,-10.0,-8.3786,-11.3291,-9.4922,1923,-50,96,4,12.3,36,staircase2,loaded,0.0
16.453515,0.390469,shoulder_lift,-10.0,-8.3786,-11.3291,-9.4922,1923,-50,92,3,12.3,36,staircase2,loaded,0.0
16.464092,0.401047,shoulder_lift,-10.0,-8.3786,-11.3291,-9.4922,1923,0,92,4,12.3,36,staircase2,loaded,0.0
16.474342,0.411297,shoulder_lift,-10.0,-8.3786,-11.3291,-9.4922,1923,0,96,5,12.3,36,staircase2,loaded,0.0
16.484791,0.421745,shoulder_lift,-10.0,-8.3786,-11.3291,-9.4922,1923,0,96,5,12.3,36,staircase2,loaded,0.0
16.495212,0.432167,shoulder_lift,-10.0,-8.3786,-11.3291,-9.4922,1923,0,96,4,12.3,36,staircase2,loaded,0.0
16.505491,0.442446,shoulder_lift,-10.0,-8.3786,-11.3291,-9.4922,1923,0,96,6,12.3,36,staircase2,loaded,0.0
16.515901,0.452856,shoulder_lift,-10.0,-8.3786,-11.3291,-9.4922,1923,0,96,4,12.4,36,staircase2,loaded,0.0
16.526475,0.46343,shoulder_lift,-10.0,-8.3786,-11.3291,-9.4922,1923,0,96,4,12.3,36,staircase2,loaded,0.0
16.537073,0.474027,shoulder_lift,-10.0,-8.3786,-11.3291,-9.4922,1923,0,96,4,12.3,36,staircase2,loaded,0.0
16.547671,0.484626,shoulder_lift,-10.0,-8.3786,-11.3291,-9.4922,1923,0,96,4,12.3,36,staircase2,loaded,0.0
16.558349,0.495303,shoulder_lift,-10.0,-8.3786,-11.3291,-9.4922,1923,0,96,4,12.3,36,staircase2,loaded,0.0
16.56904,0.505994,shoulder_lift,-10.0,-8.3786,-11.3291,-9.4922,1923,0,96,4,12.3,36,staircase2,loaded,0.0
16.579526,0.51648,shoulder_lift,-10.0,-8.3786,-11.3291,-9.4922,1923,0,96,4,12.3,36,staircase2,loaded,0.0
16.590034,0.526989,shoulder_lift,-10.0,-8.3786,-11.3291,-9.4922,1923,0,96,4,12.3,36,staircase2,loaded,0.0
16.600713,0.537667,shoulder_lift,-10.0,-8.3786,-11.3291,-9.4922,1923,0,96,4,12.3,36,staircase2,loaded,0.0
16.611228,0.548183,shoulder_lift,-10.0,-8.3786,-11.3291,-9.4922,1923,0,96,5,12.3,36,staircase2,loaded,0.0
16.621901,0.558855,shoulder_lift,-10.0,-8.3786,-11.3291,-9.4922,1923,0,96,3,12.3,36,staircase2,loaded,0.0
16.632539,0.569494,shoulder_lift,-10.0,-8.4562,-11.3291,-9.5801,1922,0,88,3,12.3,36,staircase2,loaded,-8.263
16.643009,0.579964,shoulder_lift,-10.0,-8.4562,-11.3291,-9.5801,1922,-50,88,4,12.3,36,staircase2,loaded,0.0
16.653814,0.590769,shoulder_lift,-10.0,-8.4562,-11.3291,-9.5801,1922,0,92,4,12.3,36,staircase2,loaded,0.0
16.664729,0.601683,shoulder_lift,-10.0,-8.5337,-11.3291,-9.668,1921,0,88,4,12.3,36,staircase2,loaded,-8.053
16.675551,0.612506,shoulder_lift,-10.0,-8.5337,-11.3291,-9.668,1921,-50,84,4,12.3,36,staircase2,loaded,0.0
16.68662,0.623575,shoulder_lift,-10.0,-8.5337,-11.3291,-9.668,1921,-50,88,3,12.3,36,staircase2,loaded,0.0
16.697296,0.634251,shoulder_lift,-10.0,-8.5337,-11.3291,-9.668,1921,0,88,4,12.3,36,staircase2,loaded,0.0
16.70804,0.644995,shoulder_lift,-10.0,-8.5337,-11.3291,-9.668,1921,0,88,4,12.3,36,staircase2,loaded,0.0
16.719143,0.656098,shoulder_lift,-10.0,-8.5337,-11.3291,-9.668,1921,0,88,4,12.3,36,staircase2,loaded,0.0
16.729831,0.666786,shoulder_lift,-10.0,-8.5337,-11.3291,-9.668,1921,0,88,4,12.3,36,staircase2,loaded,0.0
16.740986,0.677941,shoulder_lift,-10.0,-8.5337,-11.3291,-9.668,1921,0,88,4,12.3,36,staircase2,loaded,0.0
16.752021,0.688976,shoulder_lift,-10.0,-8.5337,-11.3291,-9.668,1921,0,88,3,12.3,36,staircase2,loaded,0.0
16.762896,0.699851,shoulder_lift,-10.0,-8.5337,-11.3291,-9.668,1921,0,88,4,12.3,36,staircase2,loaded,0.0
16.773418,0.710372,shoulder_lift,-10.0,-8.5337,-11.3291,-9.668,1921,0,88,4,12.3,36,staircase2,loaded,0.0
16.78441,0.721365,shoulder_lift,-10.0,-8.5337,-11.3291,-9.668,1921,0,88,4,12.3,36,staircase2,loaded,0.0
16.795271,0.732226,shoulder_lift,-10.0,-8.5337,-11.3291,-9.668,1921,0,88,4,12.3,36,staircase2,loaded,0.0
16.806027,0.742982,shoulder_lift,-10.0,-8.5337,-11.3291,-9.668,1921,0,88,2,12.3,36,staircase2,loaded,0.0
16.817096,0.75405,shoulder_lift,-10.0,-8.5337,-11.3291,-9.668,1921,0,88,4,12.3,36,staircase2,loaded,0.0
16.827769,0.764723,shoulder_lift,-10.0,-8.5337,-11.3291,-9.668,1921,0,88,4,12.3,36,staircase2,loaded,0.0
16.83831,0.775265,shoulder_lift,-10.0,-8.5337,-11.3291,-9.668,1921,0,88,4,12.3,36,staircase2,loaded,0.0
16.849221,0.786175,shoulder_lift,-10.0,-8.5337,-11.3291,-9.668,1921,0,88,4,12.3,36,staircase2,loaded,0.0
16.859871,0.796826,shoulder_lift,-10.0,-8.5337,-11.3291,-9.668,1921,0,88,4,12.3,36,staircase2,loaded,0.0
16.870677,0.807632,shoulder_lift,-10.0,-8.5337,-11.3291,-9.668,1921,0,88,4,12.3,36,staircase2,loaded,0.0
16.881785,0.81874,shoulder_lift,-10.0,-8.5337,-11.3291,-9.668,1921,0,88,4,12.3,36,staircase2,loaded,0.0
16.892549,0.829504,shoulder_lift,-10.0,-8.5337,-11.3291,-9.668,1921,0,88,4,12.3,36,staircase2,loaded,0.0
16.903369,0.840323,shoulder_lift,-10.0,-8.5337,-11.3291,-9.668,1921,0,88,3,12.3,36,staircase2,loaded,0.0
16.914341,0.851296,shoulder_lift,-10.0,-8.5337,-11.3291,-9.668,1921,0,88,4,12.3,36,staircase2,loaded,0.0
16.925362,0.862317,shoulder_lift,-10.0,-8.5337,-11.3291,-9.668,1921,0,88,4,12.3,36,staircase2,loaded,0.0
16.935942,0.872897,shoulder_lift,-10.0,-8.5337,-11.3291,-9.668,1921,0,88,4,12.3,36,staircase2,loaded,0.0
16.947066,0.884021,shoulder_lift,-10.0,-8.5337,-11.3291,-9.668,1921,0,88,4,12.3,36,staircase2,loaded,0.0
16.957864,0.894819,shoulder_lift,-10.0,-8.5337,-11.3291,-9.668,1921,0,88,4,12.3,36,staircase2,loaded,0.0
16.968946,0.9059,shoulder_lift,-10.0,-8.5337,-11.3291,-9.668,1921,0,88,4,12.3,36,staircase2,loaded,0.0
16.979651,0.916606,shoulder_lift,-10.0,-8.5337,-11.3291,-9.668,1921,0,88,3,12.3,36,staircase2,loaded,0.0
16.990448,0.927403,shoulder_lift,-10.0,-8.5337,-11.3291,-9.668,1921,0,88,3,12.3,36,staircase2,loaded,0.0
17.001046,0.938001,shoulder_lift,-10.0,-8.5337,-11.3291,-9.668,1921,0,88,3,12.3,36,staircase2,loaded,0.0
17.011335,0.94829,shoulder_lift,-10.0,-8.5337,-11.3291,-9.668,1921,0,88,3,12.3,36,staircase2,loaded,0.0
17.022245,0.9592,shoulder_lift,-10.0,-8.5337,-11.3291,-9.668,1921,0,88,4,12.3,36,staircase2,loaded,0.0
17.032877,0.969832,shoulder_lift,-10.0,-8.5337,-11.3291,-9.668,1921,0,88,4,12.3,36,staircase2,loaded,0.0
17.043709,0.980664,shoulder_lift,-10.0,-8.5337,-11.3291,-9.668,1921,0,88,4,12.3,36,staircase2,loaded,0.0
17.054112,0.991067,shoulder_lift,-10.0,-8.5337,-11.3291,-9.668,1921,0,88,4,12.3,36,staircase2,loaded,0.0
17.064876,1.001831,shoulder_lift,-10.0,-8.5337,-11.3291,-9.668,1921,0,88,4,12.3,36,staircase2,loaded,0.0
17.075627,1.012581,shoulder_lift,-10.0,-8.5337,-11.3291,-9.668,1921,0,88,4,12.3,36,staircase2,loaded,0.0
17.086784,1.023739,shoulder_lift,-10.0,-8.5337,-11.3291,-9.668,1921,0,88,3,12.3,36,staircase2,loaded,0.0
17.097012,1.033967,shoulder_lift,-10.0,-8.5337,-11.3291,-9.668,1921,0,88,4,12.3,36,staircase2,loaded,0.0
17.107884,1.044839,shoulder_lift,-10.0,-8.5337,-11.3291,-9.668,1921,0,88,3,12.3,36,staircase2,loaded,0.0
17.118883,1.055838,shoulder_lift,-10.0,-8.5337,-11.3291,-9.668,1921,0,88,4,12.3,36,staircase2,loaded,0.0
17.129842,1.066796,shoulder_lift,-10.0,-8.5337,-11.3291,-9.668,1921,0,88,4,12.3,36,staircase2,loaded,0.0
17.140731,1.077686,shoulder_lift,-10.0,-8.5337,-11.3291,-9.668,1921,0,88,3,12.3,36,staircase2,loaded,0.0
17.151696,1.088651,shoulder_lift,-10.0,-8.5337,-11.3291,-9.668,1921,0,88,3,12.3,36,staircase2,loaded,0.0
17.162449,1.099404,shoulder_lift,-10.0,-8.5337,-11.3291,-9.668,1921,0,88,4,12.3,36,staircase2,loaded,0.0
17.173332,1.110286,shoulder_lift,-10.0,-8.5337,-11.3291,-9.668,1921,0,88,3,12.3,36,staircase2,loaded,0.0
17.184272,1.121226,shoulder_lift,-10.0,-8.5337,-11.3291,-9.668,1921,0,88,4,12.3,36,staircase2,loaded,0.0
17.19492,1.131875,shoulder_lift,-10.0,-8.5337,-11.3291,-9.668,1921,0,88,3,12.3,36,staircase2,loaded,0.0
17.205484,1.142439,shoulder_lift,-10.0,-8.5337,-11.3291,-9.668,1921,0,88,4,12.3,36,staircase2,loaded,0.0
17.216525,1.15348,shoulder_lift,-10.0,-8.5337,-11.3291,-9.668,1921,0,88,4,12.3,36,staircase2,loaded,0.0
17.227178,1.164133,shoulder_lift,-10.0,-8.5337,-11.3291,-9.668,1921,0,88,4,12.3,36,staircase2,loaded,0.0
17.237793,1.174748,shoulder_lift,-10.0,-8.5337,-11.3291,-9.668,1921,0,88,4,12.3,36,staircase2,loaded,0.0
17.248462,1.185416,shoulder_lift,-10.0,-8.5337,-11.3291,-9.668,1921,0,88,3,12.3,36,staircase2,loaded,0.0
17.259287,1.196241,shoulder_lift,-10.0,-8.5337,-11.3291,-9.668,1921,0,88,3,12.3,36,staircase2,loaded,0.0
17.270041,1.206996,shoulder_lift,-10.0,-8.5337,-11.3291,-9.668,1921,0,88,4,12.3,36,staircase2,loaded,0.0
17.280801,1.217756,shoulder_lift,-10.0,-8.5337,-11.3291,-9.668,1921,0,88,3,12.3,37,staircase2,loaded,0.0
17.2916,1.228555,shoulder_lift,-10.0,-8.5337,-11.3291,-9.668,1921,0,88,3,12.3,36,staircase2,loaded,0.0
17.302225,1.23918,shoulder_lift,-10.0,-8.5337,-11.3291,-9.668,1921,0,88,4,12.3,36,staircase2,loaded,0.0
17.313019,1.249974,shoulder_lift,-10.0,-8.5337,-11.3291,-9.668,1921,0,88,4,12.3,36,staircase2,loaded,0.0
17.32374,1.260695,shoulder_lift,-10.0,-8.5337,-11.3291,-9.668,1921,0,88,3,12.3,36,staircase2,loaded,0.0
17.334881,1.271835,shoulder_lift,-10.0,-8.5337,-11.3291,-9.668,1921,0,88,3,12.3,36,staircase2,loaded,0.0
17.345916,1.282871,shoulder_lift,-10.0,-8.5337,-11.3291,-9.668,1921,0,88,3,12.3,35,staircase2,loaded,0.0
17.356771,1.293726,shoulder_lift,-10.0,-8.5337,-11.3291,-9.668,1921,0,88,3,12.3,36,staircase2,loaded,0.0
17.36759,1.304545,shoulder_lift,-10.0,-8.5337,-11.3291,-9.668,1921,0,88,3,12.3,36,staircase2,loaded,0.0
17.378719,1.315674,shoulder_lift,-10.0,-8.5337,-11.3291,-9.668,1921,0,88,4,12.3,36,staircase2,loaded,0.0
17.389675,1.326629,shoulder_lift,-10.0,-8.5337,-11.3291,-9.668,1921,0,88,3,12.4,36,staircase2,loaded,0.0
17.400085,1.337039,shoulder_lift,-10.0,-8.5337,-11.3291,-9.668,1921,0,88,3,12.3,36,staircase2,loaded,0.0
17.410278,1.347233,shoulder_lift,-10.0,-8.5337,-11.3291,-9.668,1921,0,88,3,12.3,36,staircase2,loaded,0.0
17.420637,1.357592,shoulder_lift,-10.0,-8.5337,-11.3291,-9.668,1921,0,88,3,12.3,36,staircase2,loaded,0.0
17.431684,1.368639,shoulder_lift,-10.0,-8.5337,-11.3291,-9.668,1921,0,88,4,12.3,36,staircase2,loaded,0.0
17.442203,1.379158,shoulder_lift,-10.0,-8.5337,-11.3291,-9.668,1921,0,88,4,12.3,36,staircase2,loaded,0.0
17.452701,1.389655,shoulder_lift,-10.0,-8.5337,-11.3291,-9.668,1921,0,88,4,12.3,36,staircase2,loaded,0.0
17.46333,1.400285,shoulder_lift,-10.0,-8.5337,-11.3291,-9.668,1921,0,88,4,12.3,36,staircase2,loaded,0.0
17.474023,1.410978,shoulder_lift,-10.0,-8.5337,-11.3291,-9.668,1921,0,88,3,12.3,36,staircase2,loaded,0.0
17.484361,1.421315,shoulder_lift,-10.0,-8.5337,-11.3291,-9.668,1921,0,88,3,12.3,37,staircase2,loaded,0.0
17.494842,1.431797,shoulder_lift,-10.0,-8.5337,-11.3291,-9.668,1921,0,88,4,12.3,36,staircase2,loaded,0.0
17.505083,1.442038,shoulder_lift,-10.0,-8.5337,-11.3291,-9.668,1921,0,88,4,12.4,36,staircase2,loaded,0.0
17.515433,1.452388,shoulder_lift,-10.0,-8.5337,-11.3291,-9.668,1921,0,88,4,12.3,36,staircase2,loaded,0.0
17.525673,1.462627,shoulder_lift,-10.0,-8.5337,-11.3291,-9.668,1921,0,88,4,12.3,36,staircase2,loaded,0.0
17.536324,1.473279,shoulder_lift,-10.0,-8.5337,-11.3291,-9.668,1921,0,88,3,12.3,36,staircase2,loaded,0.0
17.54689,1.483845,shoulder_lift,-10.0,-8.5337,-11.3291,-9.668,1921,0,88,4,12.3,36,staircase2,loaded,0.0
17.557255,1.49421,shoulder_lift,-10.0,-8.5337,-11.3291,-9.668,1921,0,88,3,12.3,36,staircase2,loaded,0.0
17.568038,1.504993,shoulder_lift,-10.0,-8.5337,-11.3291,-9.668,1921,0,88,4,12.3,36,staircase2,loaded,0.0
17.578625,1.51558,shoulder_lift,-10.0,-8.5337,-11.3291,-9.668,1921,0,88,4,12.3,36,staircase2,loaded,0.0
17.589085,1.526039,shoulder_lift,-10.0,-8.5337,-11.3291,-9.668,1921,0,88,3,12.3,36,staircase2,loaded,0.0
17.5995,1.536455,shoulder_lift,-10.0,-8.5337,-11.3291,-9.668,1921,0,88,3,12.3,36,staircase2,loaded,0.0
17.610152,1.547106,shoulder_lift,-10.0,-8.5337,-11.3291,-9.668,1921,0,88,3,12.3,36,staircase2,loaded,0.0
17.620403,1.557357,shoulder_lift,-10.0,-8.5337,-11.3291,-9.668,1921,0,88,4,12.3,36,staircase2,loaded,0.0
17.6311,1.568055,shoulder_lift,-10.0,-8.5337,-11.3291,-9.668,1921,0,88,4,12.3,36,staircase2,loaded,0.0
17.64186,1.578815,shoulder_lift,-10.0,-8.5337,-11.3291,-9.668,1921,0,88,4,12.3,36,staircase2,loaded,0.0
17.652287,1.589241,shoulder_lift,-10.0,-8.5337,-11.3291,-9.668,1921,0,88,3,12.3,36,staircase2,loaded,0.0
17.664264,4e-06,shoulder_lift,-20.0,-8.5337,-22.6582,-9.668,1921,0,92,4,12.3,36,staircase2,loaded,0.0
17.67488,0.01062,shoulder_lift,-20.0,-8.5337,-22.6582,-9.668,1921,0,104,5,12.3,36,staircase2,loaded,0.0
17.685646,0.021386,shoulder_lift,-20.0,-8.5337,-22.6582,-9.668,1921,0,144,11,12.3,36,staircase2,loaded,0.0
17.696072,0.031812,shoulder_lift,-20.0,-8.5337,-22.6582,-9.668,1921,0,176,12,12.3,36,staircase2,loaded,0.0
17.706439,0.042179,shoulder_lift,-20.0,-8.6113,-22.6582,-9.7559,1920,0,256,24,12.3,36,staircase2,loaded,-8.479
17.717089,0.052829,shoulder_lift,-20.0,-8.7665,-22.6582,-9.9316,1918,-100,300,27,12.2,36,staircase2,loaded,-16.498
17.727341,0.063081,shoulder_lift,-20.0,-9.0768,-22.6582,-10.2832,1914,-100,372,34,12.2,36,staircase2,loaded,-34.296
17.737909,0.07365,shoulder_lift,-20.0,-9.5423,-22.6582,-10.8105,1908,-400,412,37,12.2,36,staircase2,loaded,-49.896
17.748437,0.084177,shoulder_lift,-20.0,-10.2405,-22.6582,-11.6016,1899,-400,440,38,12.2,36,staircase2,loaded,-75.142
17.75898,0.09472,shoulder_lift,-20.0,-11.0163,-22.6582,-12.4805,1889,-750,452,36,12.2,36,staircase2,loaded,-83.363
17.769647,0.105387,shoulder_lift,-20.0,-11.8697,-22.6582,-13.4473,1878,-750,392,16,12.3,36,staircase2,loaded,-90.635
17.780485,0.116225,shoulder_lift,-20.0,-12.8782,-22.6582,-14.5898,1865,-1100,376,12,12.3,36,staircase2,loaded,-105.416
17.791592,0.127333,shoulder_lift,-20.0,-13.8867,-22.6582,-15.7324,1852,-1150,296,4,12.3,36,staircase2,loaded,-102.872
17.802381,0.138121,shoulder_lift,-20.0,-14.8177,-22.6582,-16.7871,1840,-1150,248,0,12.3,36,staircase2,loaded,-97.757
17.813031,0.148772,shoulder_lift,-20.0,-15.4383,-22.6582,-17.4902,1832,-950,164,0,12.3,36,staircase2,loaded,-66.019
17.823711,0.159451,shoulder_lift,-20.0,-16.059,-22.6582,-18.1934,1824,-950,132,0,12.3,36,staircase2,loaded,-65.843
17.834213,0.169953,shoulder_lift,-20.0,-16.602,-22.6582,-18.8086,1817,-700,128,0,12.3,36,staircase2,loaded,-58.579
17.844845,0.180585,shoulder_lift,-20.0,-16.9123,-22.6582,-19.1602,1813,-700,128,1,12.3,36,staircase2,loaded,-33.07
17.855341,0.191081,shoulder_lift,-20.0,-17.1451,-22.6582,-19.4238,1810,-350,116,2,12.3,36,staircase2,loaded,-25.114
17.86593,0.20167,shoulder_lift,-20.0,-17.3778,-22.6582,-19.6875,1807,-350,128,3,12.3,36,staircase2,loaded,-24.903
17.876491,0.212231,shoulder_lift,-20.0,-17.4554,-22.6582,-19.7754,1806,-250,120,5,12.3,36,staircase2,loaded,-8.323
17.886889,0.22263,shoulder_lift,-20.0,-17.6106,-22.6582,-19.9512,1804,-250,124,5,12.2,36,staircase2,loaded,-16.907
17.897761,0.233501,shoulder_lift,-20.0,-17.6881,-22.6582,-20.0391,1803,-100,116,4,12.3,36,staircase2,loaded,-8.085
17.908338,0.244078,shoulder_lift,-20.0,-17.8433,-22.6582,-20.2148,1801,-100,116,5,12.3,36,staircase2,loaded,-16.612
17.919132,0.254872,shoulder_lift,-20.0,-17.9209,-22.6582,-20.3027,1800,-150,108,3,12.3,36,staircase2,loaded,-8.143
17.92948,0.26522,shoulder_lift,-20.0,-18.076,-22.6582,-20.4785,1798,-150,100,3,12.3,36,staircase2,loaded,-16.989
17.939688,0.275428,shoulder_lift,-20.0,-18.1536,-22.6582,-20.5664,1797,-150,92,3,12.3,36,staircase2,loaded,-8.611
17.950361,0.286101,shoulder_lift,-20.0,-18.3088,-22.6582,-20.7422,1795,-150,88,2,12.3,36,staircase2,loaded,-16.471
17.960653,0.296394,shoulder_lift,-20.0,-18.3863,-22.6582,-20.8301,1794,-150,84,3,12.3,36,staircase2,loaded,-8.541
17.971121,0.306861,shoulder_lift,-20.0,-18.4639,-22.6582,-20.918,1793,-100,84,3,12.3,36,staircase2,loaded,-8.397
17.981787,0.317527,shoulder_lift,-20.0,-18.4639,-22.6582,-20.918,1793,-100,84,4,12.3,36,staircase2,loaded,0.0
17.992403,0.328144,shoulder_lift,-20.0,-18.4639,-22.6582,-20.918,1793,0,88,4,12.3,36,staircase2,loaded,0.0
18.002924,0.338664,shoulder_lift,-20.0,-18.4639,-22.6582,-20.918,1793,0,88,4,12.3,36,staircase2,loaded,0.0
18.013093,0.348833,shoulder_lift,-20.0,-18.4639,-22.6582,-20.918,1793,0,92,4,12.3,36,staircase2,loaded,0.0
18.023695,0.359435,shoulder_lift,-20.0,-18.4639,-22.6582,-20.918,1793,0,92,4,12.3,36,staircase2,loaded,0.0
18.034519,0.370259,shoulder_lift,-20.0,-18.4639,-22.6582,-20.918,1793,0,92,4,12.4,36,staircase2,loaded,0.0
18.044948,0.380688,shoulder_lift,-20.0,-18.4639,-22.6582,-20.918,1793,0,92,4,12.3,36,staircase2,loaded,0.0
18.055451,0.391191,shoulder_lift,-20.0,-18.5415,-22.6582,-21.0059,1792,0,88,4,12.3,36,staircase2,loaded,-8.369
18.065644,0.401384,shoulder_lift,-20.0,-18.5415,-22.6582,-21.0059,1792,0,84,3,12.3,36,staircase2,loaded,0.0
18.076287,0.412027,shoulder_lift,-20.0,-18.5415,-22.6582,-21.0059,1792,-50,84,4,12.3,36,staircase2,loaded,0.0
18.086925,0.422665,shoulder_lift,-20.0,-18.5415,-22.6582,-21.0059,1792,-50,88,4,12.4,36,staircase2,loaded,0.0
18.097791,0.433532,shoulder_lift,-20.0,-18.5415,-22.6582,-21.0059,1792,0,88,3,12.3,36,staircase2,loaded,0.0
18.108581,0.444321,shoulder_lift,-20.0,-18.5415,-22.6582,-21.0059,1792,0,88,4,12.3,36,staircase2,loaded,0.0
18.119104,0.454844,shoulder_lift,-20.0,-18.5415,-22.6582,-21.0059,1792,0,88,4,12.3,36,staircase2,loaded,0.0
18.129917,0.465657,shoulder_lift,-20.0,-18.5415,-22.6582,-21.0059,1792,0,88,4,12.3,36,staircase2,loaded,0.0
18.140204,0.475944,shoulder_lift,-20.0,-18.5415,-22.6582,-21.0059,1792,0,88,3,12.3,36,staircase2,loaded,0.0
18.150635,0.486375,shoulder_lift,-20.0,-18.5415,-22.6582,-21.0059,1792,0,88,4,12.3,36,staircase2,loaded,0.0
18.161247,0.496988,shoulder_lift,-20.0,-18.5415,-22.6582,-21.0059,1792,0,88,4,12.3,36,staircase2,loaded,0.0
18.171605,0.507345,shoulder_lift,-20.0,-18.5415,-22.6582,-21.0059,1792,0,88,4,12.3,36,staircase2,loaded,0.0
18.182423,0.518163,shoulder_lift,-20.0,-18.5415,-22.6582,-21.0059,1792,0,88,4,12.3,36,staircase2,loaded,0.0
18.192887,0.528627,shoulder_lift,-20.0,-18.5415,-22.6582,-21.0059,1792,0,88,4,12.3,36,staircase2,loaded,0.0
18.203523,0.539264,shoulder_lift,-20.0,-18.5415,-22.6582,-21.0059,1792,0,88,4,12.3,36,staircase2,loaded,0.0
18.213932,0.549672,shoulder_lift,-20.0,-18.5415,-22.6582,-21.0059,1792,0,88,4,12.3,36,staircase2,loaded,0.0
18.224444,0.560184,shoulder_lift,-20.0,-18.5415,-22.6582,-21.0059,1792,0,88,3,12.3,36,staircase2,loaded,0.0
18.235097,0.570838,shoulder_lift,-20.0,-18.5415,-22.6582,-21.0059,1792,0,88,3,12.3,36,staircase2,loaded,0.0
18.245567,0.581308,shoulder_lift,-20.0,-18.5415,-22.6582,-21.0059,1792,0,88,4,12.3,36,staircase2,loaded,0.0
18.256003,0.591743,shoulder_lift,-20.0,-18.5415,-22.6582,-21.0059,1792,0,88,4,12.3,35,staircase2,loaded,0.0
18.266614,0.602354,shoulder_lift,-20.0,-18.5415,-22.6582,-21.0059,1792,0,88,3,12.4,36,staircase2,loaded,0.0
18.277619,0.613359,shoulder_lift,-20.0,-18.5415,-22.6582,-21.0059,1792,0,88,3,12.3,36,staircase2,loaded,0.0
18.288201,0.623941,shoulder_lift,-20.0,-18.5415,-22.6582,-21.0059,1792,0,88,3,12.3,36,staircase2,loaded,0.0
18.299136,0.634877,shoulder_lift,-20.0,-18.5415,-22.6582,-21.0059,1792,0,88,4,12.3,36,staircase2,loaded,0.0
18.309873,0.645613,shoulder_lift,-20.0,-18.5415,-22.6582,-21.0059,1792,0,88,3,12.3,36,staircase2,loaded,0.0
18.320438,0.656178,shoulder_lift,-20.0,-18.5415,-22.6582,-21.0059,1792,0,88,4,12.3,36,staircase2,loaded,0.0
18.331136,0.666877,shoulder_lift,-20.0,-18.5415,-22.6582,-21.0059,1792,0,88,3,12.3,36,staircase2,loaded,0.0
18.342218,0.677958,shoulder_lift,-20.0,-18.5415,-22.6582,-21.0059,1792,0,88,4,12.3,36,staircase2,loaded,0.0
18.353294,0.689034,shoulder_lift,-20.0,-18.5415,-22.6582,-21.0059,1792,0,88,3,12.2,36,staircase2,loaded,0.0
18.36412,0.69986,shoulder_lift,-20.0,-18.5415,-22.6582,-21.0059,1792,0,88,3,12.3,36,staircase2,loaded,0.0
18.374853,0.710593,shoulder_lift,-20.0,-18.5415,-22.6582,-21.0059,1792,0,88,4,12.3,36,staircase2,loaded,0.0
18.385649,0.721389,shoulder_lift,-20.0,-18.5415,-22.6582,-21.0059,1792,0,88,4,12.3,37,staircase2,loaded,0.0
18.39689,0.73263,shoulder_lift,-20.0,-18.5415,-22.6582,-21.0059,1792,0,88,4,12.3,36,staircase2,loaded,0.0
18.407192,0.742933,shoulder_lift,-20.0,-18.5415,-22.6582,-21.0059,1792,0,88,3,12.3,36,staircase2,loaded,0.0
18.418168,0.753908,shoulder_lift,-20.0,-18.5415,-22.6582,-21.0059,1792,0,88,4,12.3,36,staircase2,loaded,0.0
18.429238,0.764978,shoulder_lift,-20.0,-18.5415,-22.6582,-21.0059,1792,0,88,4,12.3,36,staircase2,loaded,0.0
18.439611,0.775351,shoulder_lift,-20.0,-18.5415,-22.6582,-21.0059,1792,0,88,3,12.3,36,staircase2,loaded,0.0
18.450077,0.785817,shoulder_lift,-20.0,-18.5415,-22.6582,-21.0059,1792,0,88,4,12.3,36,staircase2,loaded,0.0
18.460829,0.796569,shoulder_lift,-20.0,-18.5415,-22.6582,-21.0059,1792,0,88,4,12.4,36,staircase2,loaded,0.0
18.471275,0.807016,shoulder_lift,-20.0,-18.5415,-22.6582,-21.0059,1792,0,88,4,12.3,36,staircase2,loaded,0.0
18.481717,0.817457,shoulder_lift,-20.0,-18.5415,-22.6582,-21.0059,1792,0,88,4,12.3,36,staircase2,loaded,0.0
18.491953,0.827693,shoulder_lift,-20.0,-18.5415,-22.6582,-21.0059,1792,0,88,3,12.3,36,staircase2,loaded,0.0
18.502668,0.838408,shoulder_lift,-20.0,-18.5415,-22.6582,-21.0059,1792,0,88,3,12.3,36,staircase2,loaded,0.0
18.513283,0.849023,shoulder_lift,-20.0,-18.5415,-22.6582,-21.0059,1792,0,88,4,12.3,36,staircase2,loaded,0.0
18.523944,0.859684,shoulder_lift,-20.0,-18.5415,-22.6582,-21.0059,1792,0,88,3,12.4,36,staircase2,loaded,0.0
18.534343,0.870083,shoulder_lift,-20.0,-18.5415,-22.6582,-21.0059,1792,0,88,4,12.3,36,staircase2,loaded,0.0
18.544811,0.880551,shoulder_lift,-20.0,-18.5415,-22.6582,-21.0059,1792,0,88,4,12.3,36,staircase2,loaded,0.0
18.555203,0.890943,shoulder_lift,-20.0,-18.5415,-22.6582,-21.0059,1792,0,88,3,12.3,36,staircase2,loaded,0.0
18.565454,0.901194,shoulder_lift,-20.0,-18.5415,-22.6582,-21.0059,1792,0,88,3,12.3,36,staircase2,loaded,0.0
18.575824,0.911564,shoulder_lift,-20.0,-18.5415,-22.6582,-21.0059,1792,0,88,4,12.3,36,staircase2,loaded,0.0
18.586142,0.921882,shoulder_lift,-20.0,-18.5415,-22.6582,-21.0059,1792,0,88,4,12.3,36,staircase2,loaded,0.0
18.596811,0.932552,shoulder_lift,-20.0,-18.5415,-22.6582,-21.0059,1792,0,88,4,12.3,36,staircase2,loaded,0.0
18.607234,0.942974,shoulder_lift,-20.0,-18.5415,-22.6582,-21.0059,1792,0,88,3,12.3,36,staircase2,loaded,0.0
18.617742,0.953483,shoulder_lift,-20.0,-18.5415,-22.6582,-21.0059,1792,0,88,4,12.3,36,staircase2,loaded,0.0
18.628358,0.964098,shoulder_lift,-20.0,-18.5415,-22.6582,-21.0059,1792,0,88,4,12.3,36,staircase2,loaded,0.0
18.638624,0.974365,shoulder_lift,-20.0,-18.5415,-22.6582,-21.0059,1792,0,88,4,12.3,36,staircase2,loaded,0.0
18.649028,0.984769,shoulder_lift,-20.0,-18.5415,-22.6582,-21.0059,1792,0,88,4,12.3,36,staircase2,loaded,0.0
18.659608,0.995348,shoulder_lift,-20.0,-18.5415,-22.6582,-21.0059,1792,0,88,4,12.3,36,staircase2,loaded,0.0
18.670102,1.005842,shoulder_lift,-20.0,-18.5415,-22.6582,-21.0059,1792,0,88,4,12.3,36,staircase2,loaded,0.0
18.680529,1.016269,shoulder_lift,-20.0,-18.5415,-22.6582,-21.0059,1792,0,88,4,12.3,36,staircase2,loaded,0.0
18.691222,1.026962,shoulder_lift,-20.0,-18.5415,-22.6582,-21.0059,1792,0,88,4,12.3,36,staircase2,loaded,0.0
18.701702,1.037442,shoulder_lift,-20.0,-18.5415,-22.6582,-21.0059,1792,0,88,4,12.3,36,staircase2,loaded,0.0
18.712227,1.047967,shoulder_lift,-20.0,-18.5415,-22.6582,-21.0059,1792,0,88,4,12.3,36,staircase2,loaded,0.0
18.722865,1.058605,shoulder_lift,-20.0,-18.5415,-22.6582,-21.0059,1792,0,88,3,12.3,36,staircase2,loaded,0.0
18.733343,1.069083,shoulder_lift,-20.0,-18.5415,-22.6582,-21.0059,1792,0,88,4,12.3,37,staircase2,loaded,0.0
18.744135,1.079875,shoulder_lift,-20.0,-18.5415,-22.6582,-21.0059,1792,0,88,4,12.3,36,staircase2,loaded,0.0
18.754755,1.090495,shoulder_lift,-20.0,-18.5415,-22.6582,-21.0059,1792,0,88,4,12.3,36,staircase2,loaded,0.0
18.765901,1.101642,shoulder_lift,-20.0,-18.5415,-22.6582,-21.0059,1792,0,88,3,12.3,36,staircase2,loaded,0.0
18.776959,1.112699,shoulder_lift,-20.0,-18.5415,-22.6582,-21.0059,1792,0,88,5,12.3,36,staircase2,loaded,0.0
18.787506,1.123246,shoulder_lift,-20.0,-18.5415,-22.6582,-21.0059,1792,0,88,3,12.3,36,staircase2,loaded,0.0
18.798301,1.134041,shoulder_lift,-20.0,-18.5415,-22.6582,-21.0059,1792,0,88,4,12.3,36,staircase2,loaded,0.0
18.809212,1.144952,shoulder_lift,-20.0,-18.5415,-22.6582,-21.0059,1792,0,88,4,12.3,36,staircase2,loaded,0.0
18.819523,1.155263,shoulder_lift,-20.0,-18.5415,-22.6582,-21.0059,1792,0,88,4,12.3,36,staircase2,loaded,0.0
18.830712,1.166452,shoulder_lift,-20.0,-18.5415,-22.6582,-21.0059,1792,0,88,4,12.3,36,staircase2,loaded,0.0
18.841893,1.177634,shoulder_lift,-20.0,-18.5415,-22.6582,-21.0059,1792,0,88,4,12.3,36,staircase2,loaded,0.0
18.852347,1.188087,shoulder_lift,-20.0,-18.5415,-22.6582,-21.0059,1792,0,88,3,12.3,36,staircase2,loaded,0.0
18.863259,1.198999,shoulder_lift,-20.0,-18.5415,-22.6582,-21.0059,1792,0,88,3,12.4,36,staircase2,loaded,0.0
18.874218,1.209958,shoulder_lift,-20.0,-18.5415,-22.6582,-21.0059,1792,0,88,4,12.3,36,staircase2,loaded,0.0
18.885191,1.220931,shoulder_lift,-20.0,-18.5415,-22.6582,-21.0059,1792,0,88,4,12.3,36,staircase2,loaded,0.0
18.896196,1.231936,shoulder_lift,-20.0,-18.5415,-22.6582,-21.0059,1792,0,88,4,12.3,36,staircase2,loaded,0.0
18.907231,1.242971,shoulder_lift,-20.0,-18.5415,-22.6582,-21.0059,1792,0,88,4,12.3,36,staircase2,loaded,0.0
18.918331,1.254072,shoulder_lift,-20.0,-18.5415,-22.6582,-21.0059,1792,0,88,4,12.3,36,staircase2,loaded,0.0
18.929307,1.265047,shoulder_lift,-20.0,-18.5415,-22.6582,-21.0059,1792,0,88,4,12.3,36,staircase2,loaded,0.0
18.940385,1.276125,shoulder_lift,-20.0,-18.5415,-22.6582,-21.0059,1792,0,88,4,12.3,36,staircase2,loaded,0.0
18.951285,1.287025,shoulder_lift,-20.0,-18.5415,-22.6582,-21.0059,1792,0,88,4,12.4,36,staircase2,loaded,0.0
18.962407,1.298147,shoulder_lift,-20.0,-18.5415,-22.6582,-21.0059,1792,0,88,4,12.3,36,staircase2,loaded,0.0
18.973495,1.309235,shoulder_lift,-20.0,-18.5415,-22.6582,-21.0059,1792,0,88,3,12.3,36,staircase2,loaded,0.0
18.984584,1.320324,shoulder_lift,-20.0,-18.5415,-22.6582,-21.0059,1792,0,88,4,12.3,36,staircase2,loaded,0.0
18.995217,1.330958,shoulder_lift,-20.0,-18.5415,-22.6582,-21.0059,1792,0,88,4,12.3,36,staircase2,loaded,0.0
19.006289,1.342029,shoulder_lift,-20.0,-18.5415,-22.6582,-21.0059,1792,0,88,3,12.3,36,staircase2,loaded,0.0
19.017476,1.353216,shoulder_lift,-20.0,-18.5415,-22.6582,-21.0059,1792,0,88,3,12.3,36,staircase2,loaded,0.0
19.027991,1.363732,shoulder_lift,-20.0,-18.5415,-22.6582,-21.0059,1792,0,88,4,12.3,36,staircase2,loaded,0.0
19.038448,1.374188,shoulder_lift,-20.0,-18.5415,-22.6582,-21.0059,1792,0,88,4,12.3,36,staircase2,loaded,0.0
19.049398,1.385138,shoulder_lift,-20.0,-18.5415,-22.6582,-21.0059,1792,0,88,4,12.3,36,staircase2,loaded,0.0
19.060481,1.396221,shoulder_lift,-20.0,-18.5415,-22.6582,-21.0059,1792,0,88,4,12.3,36,staircase2,loaded,0.0
19.071634,1.407374,shoulder_lift,-20.0,-18.5415,-22.6582,-21.0059,1792,0,88,3,12.4,36,staircase2,loaded,0.0
19.082668,1.418408,shoulder_lift,-20.0,-18.5415,-22.6582,-21.0059,1792,0,88,4,12.3,36,staircase2,loaded,0.0
19.093623,1.429363,shoulder_lift,-20.0,-18.5415,-22.6582,-21.0059,1792,0,88,3,12.3,36,staircase2,loaded,0.0
19.104219,1.439959,shoulder_lift,-20.0,-18.5415,-22.6582,-21.0059,1792,0,88,4,12.3,36,staircase2,loaded,0.0
19.115157,1.450897,shoulder_lift,-20.0,-18.5415,-22.6582,-21.0059,1792,0,88,4,12.3,36,staircase2,loaded,0.0
19.125961,1.461701,shoulder_lift,-20.0,-18.5415,-22.6582,-21.0059,1792,0,88,4,12.3,36,staircase2,loaded,0.0
19.136689,1.472429,shoulder_lift,-20.0,-18.5415,-22.6582,-21.0059,1792,0,88,4,12.3,36,staircase2,loaded,0.0
19.147475,1.483215,shoulder_lift,-20.0,-18.5415,-22.6582,-21.0059,1792,0,88,4,12.3,36,staircase2,loaded,0.0
19.158501,1.494241,shoulder_lift,-20.0,-18.5415,-22.6582,-21.0059,1792,0,88,4,12.3,36,staircase2,loaded,0.0
19.168697,1.504437,shoulder_lift,-20.0,-18.5415,-22.6582,-21.0059,1792,0,88,3,12.3,36,staircase2,loaded,0.0
19.179165,1.514906,shoulder_lift,-20.0,-18.5415,-22.6582,-21.0059,1792,0,88,4,12.3,36,staircase2,loaded,0.0
19.189779,1.525519,shoulder_lift,-20.0,-18.5415,-22.6582,-21.0059,1792,0,88,4,12.3,36,staircase2,loaded,0.0
19.200058,1.535798,shoulder_lift,-20.0,-18.5415,-22.6582,-21.0059,1792,0,88,4,12.3,36,staircase2,loaded,0.0
19.210683,1.546423,shoulder_lift,-20.0,-18.5415,-22.6582,-21.0059,1792,0,88,4,12.3,36,staircase2,loaded,0.0
19.221269,1.557009,shoulder_lift,-20.0,-18.5415,-22.6582,-21.0059,1792,0,88,4,12.3,36,staircase2,loaded,0.0
19.231803,1.567543,shoulder_lift,-20.0,-18.5415,-22.6582,-21.0059,1792,0,88,3,12.3,36,staircase2,loaded,0.0
19.242072,1.577812,shoulder_lift,-20.0,-18.5415,-22.6582,-21.0059,1792,0,88,4,12.3,36,staircase2,loaded,0.0
19.252455,1.588196,shoulder_lift,-20.0,-18.5415,-22.6582,-21.0059,1792,0,88,4,12.3,36,staircase2,loaded,0.0
19.262964,1.598704,shoulder_lift,-20.0,-18.5415,-22.6582,-21.0059,1792,0,88,4,12.3,36,staircase2,loaded,0.0
19.273757,2e-06,shoulder_lift,-30.0,-18.5415,-33.9873,-21.0059,1792,0,88,3,12.3,36,staircase2,loaded,0.0
19.284193,0.010437,shoulder_lift,-30.0,-18.5415,-33.9873,-21.0059,1792,0,104,6,12.3,36,staircase2,loaded,0.0
19.29478,0.021024,shoulder_lift,-30.0,-18.5415,-33.9873,-21.0059,1792,0,124,8,12.3,36,staircase2,loaded,0.0
19.305475,0.031719,shoulder_lift,-30.0,-18.5415,-33.9873,-21.0059,1792,0,188,12,12.4,36,staircase2,loaded,0.0
19.31621,0.042454,shoulder_lift,-30.0,-18.6191,-33.9873,-21.0938,1791,0,220,18,12.3,36,staircase2,loaded,-8.188
19.326637,0.052882,shoulder_lift,-30.0,-18.8518,-33.9873,-21.3574,1788,0,296,28,12.3,36,staircase2,loaded,-25.281
19.336977,0.063222,shoulder_lift,-30.0,-19.1621,-33.9873,-21.709,1784,-250,336,28,12.3,36,staircase2,loaded,-34.004
19.347246,0.073491,shoulder_lift,-30.0,-19.6276,-33.9873,-22.2363,1778,-250,404,37,12.2,36,staircase2,loaded,-51.349
19.357957,0.084202,shoulder_lift,-30.0,-20.3258,-33.9873,-23.0273,1769,-600,436,36,12.2,36,staircase2,loaded,-73.849
19.368265,0.09451,shoulder_lift,-30.0,-21.024,-33.9873,-23.8184,1760,-600,420,28,12.2,36,staircase2,loaded,-76.746
19.378736,0.104981,shoulder_lift,-30.0,-21.955,-33.9873,-24.873,1748,-900,424,23,12.3,36,staircase2,loaded,-100.716
19.389713,0.115958,shoulder_lift,-30.0,-22.9635,-33.9873,-26.0156,1735,-1100,352,10,12.2,36,staircase2,loaded,-104.09
19.400591,0.126836,shoulder_lift,-30.0,-23.8945,-33.9873,-27.0703,1723,-1100,324,0,12.3,36,staircase2,loaded,-96.957
19.411331,0.137576,shoulder_lift,-30.0,-24.7479,-33.9873,-28.0371,1712,-1100,228,0,12.3,36,staircase2,loaded,-90.019
19.421784,0.148029,shoulder_lift,-30.0,-25.5237,-33.9873,-28.916,1702,-1100,192,0,12.3,36,staircase2,loaded,-84.081
19.432797,0.159042,shoulder_lift,-30.0,-26.2219,-33.9873,-29.707,1693,-900,128,0,12.3,36,staircase2,loaded,-71.824
19.443071,0.169316,shoulder_lift,-30.0,-26.6874,-33.9873,-30.2344,1687,-900,124,0,12.3,36,staircase2,loaded,-51.333
19.453873,0.180117,shoulder_lift,-30.0,-27.0753,-33.9873,-30.6738,1682,-550,104,0,12.3,36,staircase2,loaded,-40.678
19.464541,0.190786,shoulder_lift,-30.0,-27.3856,-33.9873,-31.0254,1678,-550,120,3,12.3,36,staircase2,loaded,-32.958
19.474939,0.201183,shoulder_lift,-30.0,-27.5407,-33.9873,-31.2012,1676,-350,112,1,12.3,36,staircase2,loaded,-16.907
19.485476,0.21172,shoulder_lift,-30.0,-27.6959,-33.9873,-31.377,1674,-350,112,2,12.3,36,staircase2,loaded,-16.684
19.496059,0.222303,shoulder_lift,-30.0,-27.7735,-33.9873,-31.4648,1673,-150,108,3,12.3,36,staircase2,loaded,-8.296
19.506621,0.232866,shoulder_lift,-30.0,-27.851,-33.9873,-31.5527,1672,-150,116,5,12.3,36,staircase2,loaded,-8.322
19.517009,0.243254,shoulder_lift,-30.0,-27.9286,-33.9873,-31.6406,1671,-100,112,4,12.3,36,staircase2,loaded,-8.462
19.527669,0.253914,shoulder_lift,-30.0,-28.0062,-33.9873,-31.7285,1670,-100,108,6,12.3,36,staircase2,loaded,-8.246
19.538164,0.264408,shoulder_lift,-30.0,-28.0838,-33.9873,-31.8164,1669,-100,100,3,12.3,36,staircase2,loaded,-8.375
19.548593,0.274838,shoulder_lift,-30.0,-28.2389,-33.9873,-31.9922,1667,-100,96,3,12.3,36,staircase2,loaded,-16.857
19.559027,0.285272,shoulder_lift,-30.0,-28.3941,-33.9873,-32.168,1665,-150,88,2,12.4,36,staircase2,loaded,-16.849
19.569412,0.295657,shoulder_lift,-30.0,-28.4717,-33.9873,-32.2559,1664,-150,80,2,12.3,36,staircase2,loaded,-8.464
19.57977,0.306014,shoulder_lift,-30.0,-28.5493,-33.9873,-32.3437,1663,-150,76,2,12.3,36,staircase2,loaded,-8.477
19.590346,0.31659,shoulder_lift,-30.0,-28.5493,-33.9873,-32.3437,1663,-50,80,3,12.3,36,staircase2,loaded,0.0
19.601194,0.327439,shoulder_lift,-30.0,-28.5493,-33.9873,-32.3437,1663,-50,80,3,12.3,36,staircase2,loaded,0.0
19.611566,0.33781,shoulder_lift,-30.0,-28.6268,-33.9873,-32.4316,1662,0,84,3,12.3,36,staircase2,loaded,-8.475
19.622288,0.348532,shoulder_lift,-30.0,-28.6268,-33.9873,-32.4316,1662,0,80,3,12.4,36,staircase2,loaded,0.0
19.633019,0.359264,shoulder_lift,-30.0,-28.6268,-33.9873,-32.4316,1662,-50,80,3,12.3,36,staircase2,loaded,0.0
19.643783,0.370027,shoulder_lift,-30.0,-28.6268,-33.9873,-32.4316,1662,-50,84,4,12.3,36,staircase2,loaded,0.0
19.654217,0.380462,shoulder_lift,-30.0,-28.6268,-33.9873,-32.4316,1662,0,84,3,12.3,36,staircase2,loaded,0.0
19.665144,0.391389,shoulder_lift,-30.0,-28.7044,-33.9873,-32.5195,1661,0,76,3,12.3,36,staircase2,loaded,-8.044
19.676129,0.402374,shoulder_lift,-30.0,-28.7044,-33.9873,-32.5195,1661,-50,76,3,12.3,37,staircase2,loaded,0.0
19.686825,0.41307,shoulder_lift,-30.0,-28.7044,-33.9873,-32.5195,1661,-50,80,3,12.3,36,staircase2,loaded,0.0
19.69749,0.423735,shoulder_lift,-30.0,-28.7044,-33.9873,-32.5195,1661,0,80,4,12.3,36,staircase2,loaded,0.0
19.70809,0.434334,shoulder_lift,-30.0,-28.7044,-33.9873,-32.5195,1661,0,80,3,12.3,36,staircase2,loaded,0.0
19.719053,0.445298,shoulder_lift,-30.0,-28.7044,-33.9873,-32.5195,1661,0,80,3,12.3,36,staircase2,loaded,0.0
19.729869,0.456113,shoulder_lift,-30.0,-28.7044,-33.9873,-32.5195,1661,0,80,3,12.3,36,staircase2,loaded,0.0
19.740668,0.466912,shoulder_lift,-30.0,-28.7044,-33.9873,-32.5195,1661,0,80,3,12.3,36,staircase2,loaded,0.0
19.751315,0.47756,shoulder_lift,-30.0,-28.7044,-33.9873,-32.5195,1661,0,80,3,12.3,36,staircase2,loaded,0.0
19.76209,0.488335,shoulder_lift,-30.0,-28.7044,-33.9873,-32.5195,1661,0,80,3,12.4,36,staircase2,loaded,0.0
19.772862,0.499107,shoulder_lift,-30.0,-28.7044,-33.9873,-32.5195,1661,0,80,3,12.3,36,staircase2,loaded,0.0
19.783889,0.510133,shoulder_lift,-30.0,-28.7044,-33.9873,-32.5195,1661,0,80,3,12.3,36,staircase2,loaded,0.0
19.794976,0.521221,shoulder_lift,-30.0,-28.7044,-33.9873,-32.5195,1661,0,80,3,12.3,36,staircase2,loaded,0.0
19.805933,0.532177,shoulder_lift,-30.0,-28.7044,-33.9873,-32.5195,1661,0,80,3,12.3,36,staircase2,loaded,0.0
19.817045,0.54329,shoulder_lift,-30.0,-28.7044,-33.9873,-32.5195,1661,0,80,3,12.3,36,staircase2,loaded,0.0
19.82801,0.554254,shoulder_lift,-30.0,-28.7044,-33.9873,-32.5195,1661,0,80,3,12.3,36,staircase2,loaded,0.0
19.838593,0.564838,shoulder_lift,-30.0,-28.7044,-33.9873,-32.5195,1661,0,80,3,12.3,36,staircase2,loaded,0.0
19.849418,0.575663,shoulder_lift,-30.0,-28.7044,-33.9873,-32.5195,1661,0,80,3,12.3,36,staircase2,loaded,0.0
19.860346,0.58659,shoulder_lift,-30.0,-28.7044,-33.9873,-32.5195,1661,0,80,3,12.3,36,staircase2,loaded,0.0
19.871004,0.597249,shoulder_lift,-30.0,-28.7044,-33.9873,-32.5195,1661,0,80,3,12.3,36,staircase2,loaded,0.0
19.881742,0.607987,shoulder_lift,-30.0,-28.7044,-33.9873,-32.5195,1661,0,80,3,12.3,36,staircase2,loaded,0.0
19.89272,0.618965,shoulder_lift,-30.0,-28.7044,-33.9873,-32.5195,1661,0,80,3,12.3,36,staircase2,loaded,0.0
19.903962,0.630207,shoulder_lift,-30.0,-28.7044,-33.9873,-32.5195,1661,0,80,3,12.3,36,staircase2,loaded,0.0
19.914922,0.641167,shoulder_lift,-30.0,-28.7044,-33.9873,-32.5195,1661,0,80,3,12.3,36,staircase2,loaded,0.0
19.925768,0.652013,shoulder_lift,-30.0,-28.7044,-33.9873,-32.5195,1661,0,80,3,12.3,36,staircase2,loaded,0.0
19.936831,0.663076,shoulder_lift,-30.0,-28.7044,-33.9873,-32.5195,1661,0,80,3,12.3,36,staircase2,loaded,0.0
19.948023,0.674268,shoulder_lift,-30.0,-28.7044,-33.9873,-32.5195,1661,0,80,3,12.3,36,staircase2,loaded,0.0
19.959024,0.685269,shoulder_lift,-30.0,-28.7044,-33.9873,-32.5195,1661,0,80,3,12.3,36,staircase2,loaded,0.0
19.970007,0.696251,shoulder_lift,-30.0,-28.7044,-33.9873,-32.5195,1661,0,80,3,12.3,36,staircase2,loaded,0.0
19.980748,0.706992,shoulder_lift,-30.0,-28.7044,-33.9873,-32.5195,1661,0,80,3,12.3,36,staircase2,loaded,0.0
19.99152,0.717765,shoulder_lift,-30.0,-28.7044,-33.9873,-32.5195,1661,0,80,3,12.3,36,staircase2,loaded,0.0
20.002548,0.728792,shoulder_lift,-30.0,-28.7044,-33.9873,-32.5195,1661,0,80,3,12.3,36,staircase2,loaded,0.0
20.013311,0.739555,shoulder_lift,-30.0,-28.7044,-33.9873,-32.5195,1661,0,80,3,12.3,36,staircase2,loaded,0.0
20.02383,0.750074,shoulder_lift,-30.0,-28.7044,-33.9873,-32.5195,1661,0,80,3,12.3,36,staircase2,loaded,0.0
20.03431,0.760555,shoulder_lift,-30.0,-28.7044,-33.9873,-32.5195,1661,0,80,3,12.3,36,staircase2,loaded,0.0
20.045013,0.771258,shoulder_lift,-30.0,-28.7044,-33.9873,-32.5195,1661,0,80,4,12.3,36,staircase2,loaded,0.0
20.056091,0.782335,shoulder_lift,-30.0,-28.7044,-33.9873,-32.5195,1661,0,80,3,12.3,36,staircase2,loaded,0.0
20.067161,0.793405,shoulder_lift,-30.0,-28.7044,-33.9873,-32.5195,1661,0,80,3,12.3,36,staircase2,loaded,0.0
20.077757,0.804002,shoulder_lift,-30.0,-28.7044,-33.9873,-32.5195,1661,0,80,3,12.3,36,staircase2,loaded,0.0
20.088649,0.814893,shoulder_lift,-30.0,-28.7044,-33.9873,-32.5195,1661,0,80,4,12.3,36,staircase2,loaded,0.0
20.099614,0.825859,shoulder_lift,-30.0,-28.7044,-33.9873,-32.5195,1661,0,80,3,12.3,36,staircase2,loaded,0.0
20.110569,0.836813,shoulder_lift,-30.0,-28.7044,-33.9873,-32.5195,1661,0,80,3,12.3,36,staircase2,loaded,0.0
20.121283,0.847527,shoulder_lift,-30.0,-28.7044,-33.9873,-32.5195,1661,0,80,3,12.3,36,staircase2,loaded,0.0
20.132158,0.858402,shoulder_lift,-30.0,-28.7044,-33.9873,-32.5195,1661,0,80,4,12.3,36,staircase2,loaded,0.0
20.143145,0.86939,shoulder_lift,-30.0,-28.7044,-33.9873,-32.5195,1661,0,80,3,12.3,36,staircase2,loaded,0.0
20.153457,0.879702,shoulder_lift,-30.0,-28.7044,-33.9873,-32.5195,1661,0,80,3,12.3,36,staircase2,loaded,0.0
20.164566,0.89081,shoulder_lift,-30.0,-28.7044,-33.9873,-32.5195,1661,0,80,3,12.3,36,staircase2,loaded,0.0
20.175328,0.901573,shoulder_lift,-30.0,-28.7044,-33.9873,-32.5195,1661,0,80,3,12.3,36,staircase2,loaded,0.0
20.186533,0.912777,shoulder_lift,-30.0,-28.7044,-33.9873,-32.5195,1661,0,80,3,12.3,36,staircase2,loaded,0.0
20.197239,0.923483,shoulder_lift,-30.0,-28.7044,-33.9873,-32.5195,1661,0,80,3,12.3,37,staircase2,loaded,0.0
20.208339,0.934584,shoulder_lift,-30.0,-28.7044,-33.9873,-32.5195,1661,0,80,3,12.3,36,staircase2,loaded,0.0
20.219233,0.945478,shoulder_lift,-30.0,-28.7044,-33.9873,-32.5195,1661,0,80,3,12.3,36,staircase2,loaded,0.0
20.230342,0.956587,shoulder_lift,-30.0,-28.7044,-33.9873,-32.5195,1661,0,80,3,12.3,36,staircase2,loaded,0.0
20.241548,0.967793,shoulder_lift,-30.0,-28.7044,-33.9873,-32.5195,1661,0,80,4,12.4,36,staircase2,loaded,0.0
20.252673,0.978917,shoulder_lift,-30.0,-28.7044,-33.9873,-32.5195,1661,0,80,3,12.3,36,staircase2,loaded,0.0
20.263806,0.990051,shoulder_lift,-30.0,-28.7044,-33.9873,-32.5195,1661,0,80,3,12.3,36,staircase2,loaded,0.0
20.274669,1.000914,shoulder_lift,-30.0,-28.7044,-33.9873,-32.5195,1661,0,80,3,12.3,36,staircase2,loaded,0.0
20.285783,1.012027,shoulder_lift,-30.0,-28.7044,-33.9873,-32.5195,1661,0,80,4,12.3,36,staircase2,loaded,0.0
20.296893,1.023137,shoulder_lift,-30.0,-28.7044,-33.9873,-32.5195,1661,0,80,3,12.3,36,staircase2,loaded,0.0
20.307719,1.033963,shoulder_lift,-30.0,-28.7044,-33.9873,-32.5195,1661,0,80,3,12.3,36,staircase2,loaded,0.0
20.318823,1.045067,shoulder_lift,-30.0,-28.7044,-33.9873,-32.5195,1661,0,80,4,12.3,36,staircase2,loaded,0.0
20.329775,1.056019,shoulder_lift,-30.0,-28.7044,-33.9873,-32.5195,1661,0,80,3,12.3,36,staircase2,loaded,0.0
20.340535,1.06678,shoulder_lift,-30.0,-28.7044,-33.9873,-32.5195,1661,0,80,3,12.3,36,staircase2,loaded,0.0
20.351299,1.077544,shoulder_lift,-30.0,-28.7044,-33.9873,-32.5195,1661,0,80,3,12.3,36,staircase2,loaded,0.0
20.362454,1.088699,shoulder_lift,-30.0,-28.7044,-33.9873,-32.5195,1661,0,80,3,12.3,36,staircase2,loaded,0.0
20.373194,1.099438,shoulder_lift,-30.0,-28.7044,-33.9873,-32.5195,1661,0,80,3,12.3,36,staircase2,loaded,0.0
20.384134,1.110379,shoulder_lift,-30.0,-28.7044,-33.9873,-32.5195,1661,0,80,3,12.3,36,staircase2,loaded,0.0
20.395186,1.121431,shoulder_lift,-30.0,-28.7044,-33.9873,-32.5195,1661,0,80,3,12.3,36,staircase2,loaded,0.0
20.405432,1.131677,shoulder_lift,-30.0,-28.7044,-33.9873,-32.5195,1661,0,80,4,12.3,36,staircase2,loaded,0.0
20.416157,1.142401,shoulder_lift,-30.0,-28.7044,-33.9873,-32.5195,1661,0,80,3,12.3,36,staircase2,loaded,0.0
20.426846,1.15309,shoulder_lift,-30.0,-28.7044,-33.9873,-32.5195,1661,0,80,3,12.3,36,staircase2,loaded,0.0
20.437175,1.163419,shoulder_lift,-30.0,-28.7044,-33.9873,-32.5195,1661,0,80,3,12.3,36,staircase2,loaded,0.0
20.447635,1.173879,shoulder_lift,-30.0,-28.7044,-33.9873,-32.5195,1661,0,80,3,12.3,36,staircase2,loaded,0.0
20.458128,1.184372,shoulder_lift,-30.0,-28.7044,-33.9873,-32.5195,1661,0,80,4,12.3,37,staircase2,loaded,0.0
20.468402,1.194646,shoulder_lift,-30.0,-28.7044,-33.9873,-32.5195,1661,0,80,3,12.3,36,staircase2,loaded,0.0
20.478475,1.204719,shoulder_lift,-30.0,-28.7044,-33.9873,-32.5195,1661,0,80,3,12.4,36,staircase2,loaded,0.0
20.488608,1.214853,shoulder_lift,-30.0,-28.7044,-33.9873,-32.5195,1661,0,80,3,12.3,36,staircase2,loaded,0.0
20.499132,1.225377,shoulder_lift,-30.0,-28.7044,-33.9873,-32.5195,1661,0,80,4,12.3,36,staircase2,loaded,0.0
20.50967,1.235915,shoulder_lift,-30.0,-28.7044,-33.9873,-32.5195,1661,0,80,3,12.3,36,staircase2,loaded,0.0
20.519779,1.246024,shoulder_lift,-30.0,-28.7044,-33.9873,-32.5195,1661,0,80,3,12.3,36,staircase2,loaded,0.0
20.530256,1.2565,shoulder_lift,-30.0,-28.7044,-33.9873,-32.5195,1661,0,80,3,12.3,36,staircase2,loaded,0.0
20.540838,1.267083,shoulder_lift,-30.0,-28.7044,-33.9873,-32.5195,1661,0,80,4,12.3,36,staircase2,loaded,0.0
20.551721,1.277966,shoulder_lift,-30.0,-28.7044,-33.9873,-32.5195,1661,0,80,3,12.2,36,staircase2,loaded,0.0
20.562426,1.288671,shoulder_lift,-30.0,-28.7044,-33.9873,-32.5195,1661,0,80,3,12.3,36,staircase2,loaded,0.0
20.572989,1.299234,shoulder_lift,-30.0,-28.7044,-33.9873,-32.5195,1661,0,80,3,12.3,36,staircase2,loaded,0.0
20.583353,1.309597,shoulder_lift,-30.0,-28.7044,-33.9873,-32.5195,1661,0,80,3,12.4,36,staircase2,loaded,0.0
20.593908,1.320152,shoulder_lift,-30.0,-28.7044,-33.9873,-32.5195,1661,0,80,3,12.3,36,staircase2,loaded,0.0
20.604718,1.330962,shoulder_lift,-30.0,-28.7044,-33.9873,-32.5195,1661,0,80,3,12.3,36,staircase2,loaded,0.0
20.615264,1.341508,shoulder_lift,-30.0,-28.7044,-33.9873,-32.5195,1661,0,80,3,12.3,36,staircase2,loaded,0.0
20.625461,1.351705,shoulder_lift,-30.0,-28.7044,-33.9873,-32.5195,1661,0,80,3,12.3,36,staircase2,loaded,0.0
20.636431,1.362675,shoulder_lift,-30.0,-28.7044,-33.9873,-32.5195,1661,0,80,1,12.3,36,staircase2,loaded,0.0
20.647098,1.373343,shoulder_lift,-30.0,-28.7044,-33.9873,-32.5195,1661,0,80,3,12.3,36,staircase2,loaded,0.0
20.657867,1.384111,shoulder_lift,-30.0,-28.7044,-33.9873,-32.5195,1661,0,80,3,12.3,36,staircase2,loaded,0.0
20.66882,1.395065,shoulder_lift,-30.0,-28.7044,-33.9873,-32.5195,1661,0,80,3,12.3,36,staircase2,loaded,0.0
20.679893,1.406138,shoulder_lift,-30.0,-28.7044,-33.9873,-32.5195,1661,0,80,3,12.4,36,staircase2,loaded,0.0
20.691019,1.417264,shoulder_lift,-30.0,-28.7044,-33.9873,-32.5195,1661,0,80,3,12.3,36,staircase2,loaded,0.0
20.701732,1.427977,shoulder_lift,-30.0,-28.7044,-33.9873,-32.5195,1661,0,80,3,12.3,36,staircase2,loaded,0.0
20.712795,1.43904,shoulder_lift,-30.0,-28.7044,-33.9873,-32.5195,1661,0,80,3,12.3,36,staircase2,loaded,0.0
20.723405,1.449649,shoulder_lift,-30.0,-28.7044,-33.9873,-32.5195,1661,0,80,3,12.3,36,staircase2,loaded,0.0
20.734567,1.460811,shoulder_lift,-30.0,-28.7044,-33.9873,-32.5195,1661,0,80,3,12.3,36,staircase2,loaded,0.0
20.745362,1.471607,shoulder_lift,-30.0,-28.7044,-33.9873,-32.5195,1661,0,80,3,12.3,36,staircase2,loaded,0.0
20.75564,1.481885,shoulder_lift,-30.0,-28.7044,-33.9873,-32.5195,1661,0,80,3,12.3,36,staircase2,loaded,0.0
20.766028,1.492273,shoulder_lift,-30.0,-28.7044,-33.9873,-32.5195,1661,0,80,4,12.3,36,staircase2,loaded,0.0
20.776304,1.502549,shoulder_lift,-30.0,-28.7044,-33.9873,-32.5195,1661,0,80,3,12.3,36,staircase2,loaded,0.0
20.786872,1.513117,shoulder_lift,-30.0,-28.7044,-33.9873,-32.5195,1661,0,80,3,12.3,36,staircase2,loaded,0.0
20.797344,1.523589,shoulder_lift,-30.0,-28.7044,-33.9873,-32.5195,1661,0,80,3,12.3,36,staircase2,loaded,0.0
20.807804,1.534049,shoulder_lift,-30.0,-28.7044,-33.9873,-32.5195,1661,0,80,3,12.3,36,staircase2,loaded,0.0
20.817931,1.544175,shoulder_lift,-30.0,-28.7044,-33.9873,-32.5195,1661,0,80,4,12.3,36,staircase2,loaded,0.0
20.828675,1.554919,shoulder_lift,-30.0,-28.7044,-33.9873,-32.5195,1661,0,80,3,12.3,36,staircase2,loaded,0.0
20.838826,1.565071,shoulder_lift,-30.0,-28.7044,-33.9873,-32.5195,1661,0,80,4,12.3,36,staircase2,loaded,0.0
20.84942,1.575665,shoulder_lift,-30.0,-28.7044,-33.9873,-32.5195,1661,0,80,3,12.3,36,staircase2,loaded,0.0
20.860245,1.58649,shoulder_lift,-30.0,-28.7044,-33.9873,-32.5195,1661,0,80,4,12.3,36,staircase2,loaded,0.0
20.870602,1.596847,shoulder_lift,-30.0,-28.7044,-33.9873,-32.5195,1661,0,80,3,12.3,36,staircase2,loaded,0.0
