time,time_since_command,joint_name,commanded_norm,actual_norm,commanded_deg,actual_deg,raw_ticks,speed_raw,load_raw,current_raw,voltage,temperature,experiment_id,load_condition,measured_vel_deg_s
0.000928,4e-06,wrist_flex,-50.0,-49.3023,-47.2412,-46.582,1366,0,44,2,12.2,37,staircase1,no_load,0.0
0.011421,0.010498,wrist_flex,-50.0,-49.3023,-47.2412,-46.582,1366,0,44,1,12.2,37,staircase1,no_load,0.0
0.021748,0.020825,wrist_flex,-50.0,-49.3023,-47.2412,-46.582,1366,0,44,0,12.2,37,staircase1,no_load,0.0
0.032449,0.031526,wrist_flex,-50.0,-49.3023,-47.2412,-46.582,1366,0,44,1,12.2,37,staircase1,no_load,0.0
0.042825,0.041902,wrist_flex,-50.0,-49.3023,-47.2412,-46.582,1366,0,44,1,12.3,37,staircase1,no_load,0.0
0.053121,0.052198,wrist_flex,-50.0,-49.3023,-47.2412,-46.582,1366,0,44,1,12.2,37,staircase1,no_load,0.0
0.063851,0.062927,wrist_flex,-50.0,-49.3023,-47.2412,-46.582,1366,0,44,0,12.3,37,staircase1,no_load,0.0
0.074098,0.073174,wrist_flex,-50.0,-49.3023,-47.2412,-46.582,1366,0,44,1,12.2,37,staircase1,no_load,0.0
0.084751,0.083828,wrist_flex,-50.0,-49.3023,-47.2412,-46.582,1366,0,44,1,12.2,37,staircase1,no_load,0.0
0.094965,0.094042,wrist_flex,-50.0,-49.3023,-47.2412,-46.582,1366,0,44,1,12.3,37,staircase1,no_load,0.0
0.105768,0.104845,wrist_flex,-50.0,-49.3023,-47.2412,-46.582,1366,0,44,1,12.3,37,staircase1,no_load,0.0
0.116187,0.115263,wrist_flex,-50.0,-49.3023,-47.2412,-46.582,1366,0,44,1,12.2,37,staircase1,no_load,0.0
0.126799,0.125875,wrist_flex,-50.0,-49.3023,-47.2412,-46.582,1366,0,44,1,12.2,37,staircase1,no_load,0.0
0.137241,0.136317,wrist_flex,-50.0,-49.3023,-47.2412,-46.582,1366,0,44,0,12.2,37,staircase1,no_load,0.0
0.148491,0.147567,wrist_flex,-50.0,-49.3023,-47.2412,-46.582,1366,0,44,2,12.2,37,staircase1,no_load,0.0
0.159035,0.158111,wrist_flex,-50.0,-49.3023,-47.2412,-46.582,1366,0,44,1,12.2,37,staircase1,no_load,0.0
0.169184,0.168261,wrist_flex,-50.0,-49.3023,-47.2412,-46.582,1366,0,44,1,12.2,37,staircase1,no_load,0.0
0.179685,0.178761,wrist_flex,-50.0,-49.3023,-47.2412,-46.582,1366,0,44,1,12.2,37,staircase1,no_load,0.0
0.190342,0.189419,wrist_flex,-50.0,-49.3023,-47.2412,-46.582,1366,0,44,1,12.2,37,staircase1,no_load,0.0
0.200743,0.19982,wrist_flex,-50.0,-49.3023,-47.2412,-46.582,1366,0,44,1,12.3,37,staircase1,no_load,0.0
0.210977,0.210054,wrist_flex,-50.0,-49.3023,-47.2412,-46.582,1366,0,44,1,12.2,37,staircase1,no_load,0.0
0.22158,0.220657,wrist_flex,-50.0,-49.3023,-47.2412,-46.582,1366,0,44,1,12.2,37,staircase1,no_load,0.0
0.232299,0.231375,wrist_flex,-50.0,-49.3023,-47.2412,-46.582,1366,0,44,1,12.3,37,staircase1,no_load,0.0
0.242967,0.242044,wrist_flex,-50.0,-49.3023,-47.2412,-46.582,1366,0,44,1,12.3,37,staircase1,no_load,0.0
0.253975,0.253051,wrist_flex,-50.0,-49.3023,-47.2412,-46.582,1366,0,44,0,12.3,37,staircase1,no_load,0.0
0.264668,0.263744,wrist_flex,-50.0,-49.3023,-47.2412,-46.582,1366,0,44,0,12.2,37,staircase1,no_load,0.0
0.275005,0.274082,wrist_flex,-50.0,-49.3023,-47.2412,-46.582,1366,0,44,1,12.2,37,staircase1,no_load,0.0
0.285384,0.284461,wrist_flex,-50.0,-49.3023,-47.2412,-46.582,1366,0,44,1,12.2,37,staircase1,no_load,0.0
0.2959,0.294976,wrist_flex,-50.0,-49.3023,-47.2412,-46.582,1366,0,44,0,12.3,37,staircase1,no_load,0.0
0.306308,0.305385,wrist_flex,-50.0,-49.3023,-47.2412,-46.582,1366,0,44,0,12.3,37,staircase1,no_load,0.0
0.31746,0.316537,wrist_flex,-50.0,-49.3023,-47.2412,-46.582,1366,0,44,1,12.2,37,staircase1,no_load,0.0
0.328089,0.327165,wrist_flex,-50.0,-49.3023,-47.2412,-46.582,1366,0,44,1,12.3,37,staircase1,no_load,0.0
0.338784,0.33786,wrist_flex,-50.0,-49.3023,-47.2412,-46.582,1366,0,44,1,12.2,37,staircase1,no_load,0.0
0.349405,0.348481,wrist_flex,-50.0,-49.3023,-47.2412,-46.582,1366,0,44,1,12.2,37,staircase1,no_load,0.0
0.35968,0.358757,wrist_flex,-50.0,-49.3023,-47.2412,-46.582,1366,0,44,1,12.3,37,staircase1,no_load,0.0
0.370773,0.36985,wrist_flex,-50.0,-49.3023,-47.2412,-46.582,1366,0,44,1,12.3,37,staircase1,no_load,0.0
0.381013,0.380089,wrist_flex,-50.0,-49.3023,-47.2412,-46.582,1366,0,44,1,12.2,37,staircase1,no_load,0.0
0.391584,0.390661,wrist_flex,-50.0,-49.3023,-47.2412,-46.582,1366,0,44,1,12.2,37,staircase1,no_load,0.0
0.401907,0.400983,wrist_flex,-50.0,-49.3023,-47.2412,-46.582,1366,0,44,1,12.2,37,staircase1,no_load,0.0
0.412467,0.411543,wrist_flex,-50.0,-49.3023,-47.2412,-46.582,1366,0,44,1,12.3,37,staircase1,no_load,0.0
0.42286,0.421936,wrist_flex,-50.0,-49.3023,-47.2412,-46.582,1366,0,44,1,12.2,37,staircase1,no_load,0.0
0.433724,0.4328,wrist_flex,-50.0,-49.3023,-47.2412,-46.582,1366,0,44,1,12.1,37,staircase1,no_load,0.0
0.444803,0.44388,wrist_flex,-50.0,-49.3023,-47.2412,-46.582,1366,0,44,1,12.2,37,staircase1,no_load,0.0
0.455533,0.454609,wrist_flex,-50.0,-49.3023,-47.2412,-46.582,1366,0,44,1,12.2,37,staircase1,no_load,0.0
0.466279,0.465356,wrist_flex,-50.0,-49.3023,-47.2412,-46.582,1366,0,44,1,12.2,37,staircase1,no_load,0.0
0.476893,0.47597,wrist_flex,-50.0,-49.3023,-47.2412,-46.582,1366,0,44,1,12.2,37,staircase1,no_load,0.0
0.487324,0.486401,wrist_flex,-50.0,-49.3023,-47.2412,-46.582,1366,0,44,2,12.3,37,staircase1,no_load,0.0
0.497968,0.497044,wrist_flex,-50.0,-49.3023,-47.2412,-46.582,1366,0,44,1,12.2,37,staircase1,no_load,0.0
0.508707,0.507784,wrist_flex,-50.0,-49.3023,-47.2412,-46.582,1366,0,44,1,12.2,37,staircase1,no_load,0.0
0.51973,0.518807,wrist_flex,-50.0,-49.3023,-47.2412,-46.582,1366,0,44,0,12.2,37,staircase1,no_load,0.0
0.530377,0.529453,wrist_flex,-50.0,-49.3023,-47.2412,-46.582,1366,0,44,1,12.3,37,staircase1,no_load,0.0
0.540642,0.539719,wrist_flex,-50.0,-49.3023,-47.2412,-46.582,1366,0,44,2,12.2,37,staircase1,no_load,0.0
0.551094,0.550171,wrist_flex,-50.0,-49.3023,-47.2412,-46.582,1366,0,44,1,12.2,37,staircase1,no_load,0.0
0.561289,0.560365,wrist_flex,-50.0,-49.3023,-47.2412,-46.582,1366,0,44,1,12.2,37,staircase1,no_load,0.0
0.571823,0.5709,wrist_flex,-50.0,-49.3023,-47.2412,-46.582,1366,0,44,1,12.2,37,staircase1,no_load,0.0
0.582761,0.581837,wrist_flex,-50.0,-49.3023,-47.2412,-46.582,1366,0,44,0,12.2,37,staircase1,no_load,0.0
0.593422,0.592498,wrist_flex,-50.0,-49.3023,-47.2412,-46.582,1366,0,44,1,12.2,37,staircase1,no_load,0.0
0.603962,0.603038,wrist_flex,-50.0,-49.3023,-47.2412,-46.582,1366,0,44,1,12.2,37,staircase1,no_load,0.0
0.614286,0.613363,wrist_flex,-50.0,-49.3023,-47.2412,-46.582,1366,0,44,1,12.3,37,staircase1,no_load,0.0
0.624791,0.623867,wrist_flex,-50.0,-49.3023,-47.2412,-46.582,1366,0,44,0,12.2,37,staircase1,no_load,0.0
0.635378,0.634455,wrist_flex,-50.0,-49.3023,-47.2412,-46.582,1366,0,44,1,12.2,37,staircase1,no_load,0.0
0.646142,0.645218,wrist_flex,-50.0,-49.3023,-47.2412,-46.582,1366,0,44,0,12.2,37,staircase1,no_load,0.0
0.656434,0.655511,wrist_flex,-50.0,-49.3023,-47.2412,-46.582,1366,0,44,1,12.2,37,staircase1,no_load,0.0
0.667077,0.666154,wrist_flex,-50.0,-49.3023,-47.2412,-46.582,1366,0,44,1,12.3,37,staircase1,no_load,0.0
0.677245,0.676322,wrist_flex,-50.0,-49.3023,-47.2412,-46.582,1366,0,44,1,12.2,37,staircase1,no_load,0.0
0.688365,0.687442,wrist_flex,-50.0,-49.3023,-47.2412,-46.582,1366,0,44,1,12.2,37,staircase1,no_load,0.0
0.698528,0.697604,wrist_flex,-50.0,-49.3023,-47.2412,-46.582,1366,0,44,1,12.3,37,staircase1,no_load,0.0
0.708763,0.707839,wrist_flex,-50.0,-49.3023,-47.2412,-46.582,1366,0,44,1,12.2,37,staircase1,no_load,0.0
0.719498,0.718575,wrist_flex,-50.0,-49.3023,-47.2412,-46.582,1366,0,44,1,12.2,37,staircase1,no_load,0.0
0.730047,0.729123,wrist_flex,-50.0,-49.3023,-47.2412,-46.582,1366,0,44,1,12.2,37,staircase1,no_load,0.0
0.740615,0.739691,wrist_flex,-50.0,-49.3023,-47.2412,-46.582,1366,0,44,1,12.2,37,staircase1,no_load,0.0
0.751219,0.750295,wrist_flex,-50.0,-49.3023,-47.2412,-46.582,1366,0,44,1,12.2,37,staircase1,no_load,0.0
0.762803,0.76188,wrist_flex,-50.0,-49.3023,-47.2412,-46.582,1366,0,44,1,12.2,37,staircase1,no_load,0.0
0.773594,0.77267,wrist_flex,-50.0,-49.3023,-47.2412,-46.582,1366,0,44,1,12.3,37,staircase1,no_load,0.0
0.784642,0.783719,wrist_flex,-50.0,-49.3023,-47.2412,-46.582,1366,0,44,0,12.2,37,staircase1,no_load,0.0
0.795605,0.794682,wrist_flex,-50.0,-49.3023,-47.2412,-46.582,1366,0,44,1,12.2,37,staircase1,no_load,0.0
0.805831,0.804907,wrist_flex,-50.0,-49.3023,-47.2412,-46.582,1366,0,44,1,12.3,37,staircase1,no_load,0.0
0.816946,0.816022,wrist_flex,-50.0,-49.3023,-47.2412,-46.582,1366,0,44,0,12.2,37,staircase1,no_load,0.0
0.827358,0.826434,wrist_flex,-50.0,-49.3023,-47.2412,-46.582,1366,0,44,1,12.2,37,staircase1,no_load,0.0
0.837656,0.836732,wrist_flex,-50.0,-49.3023,-47.2412,-46.582,1366,0,44,1,12.2,39,staircase1,no_load,0.0
0.848362,0.847438,wrist_flex,-50.0,-49.3023,-47.2412,-46.582,1366,0,44,1,12.3,37,staircase1,no_load,0.0
0.859033,0.858109,wrist_flex,-50.0,-49.3023,-47.2412,-46.582,1366,0,44,0,12.2,37,staircase1,no_load,0.0
0.869544,0.86862,wrist_flex,-50.0,-49.3023,-47.2412,-46.582,1366,0,44,1,12.3,37,staircase1,no_load,0.0
0.879988,0.879065,wrist_flex,-50.0,-49.3023,-47.2412,-46.582,1366,0,44,1,12.2,37,staircase1,no_load,0.0
0.891561,0.890637,wrist_flex,-50.0,-49.3023,-47.2412,-46.582,1366,0,44,0,12.3,37,staircase1,no_load,0.0
0.901746,0.900822,wrist_flex,-50.0,-49.3023,-47.2412,-46.582,1366,0,44,1,12.3,37,staircase1,no_load,0.0
0.911974,0.91105,wrist_flex,-50.0,-49.3023,-47.2412,-46.582,1366,0,44,1,12.2,37,staircase1,no_load,0.0
0.922553,0.921629,wrist_flex,-50.0,-49.3023,-47.2412,-46.582,1366,0,44,1,12.2,37,staircase1,no_load,0.0
0.932771,0.931848,wrist_flex,-50.0,-49.3023,-47.2412,-46.582,1366,0,44,1,12.3,37,staircase1,no_load,0.0
0.94348,0.942557,wrist_flex,-50.0,-49.3023,-47.2412,-46.582,1366,0,44,1,12.2,37,staircase1,no_load,0.0
0.954028,0.953104,wrist_flex,-50.0,-49.3023,-47.2412,-46.582,1366,0,44,1,12.3,37,staircase1,no_load,0.0
0.964972,0.964048,wrist_flex,-50.0,-49.3023,-47.2412,-46.582,1366,0,44,1,12.3,37,staircase1,no_load,0.0
0.975267,0.974344,wrist_flex,-50.0,-49.3023,-47.2412,-46.582,1366,0,44,1,12.2,37,staircase1,no_load,0.0
0.985445,0.984522,wrist_flex,-50.0,-49.3023,-47.2412,-46.582,1366,0,44,1,12.3,37,staircase1,no_load,0.0
0.996355,0.995432,wrist_flex,-50.0,-49.3023,-47.2412,-46.582,1366,0,44,1,12.3,37,staircase1,no_load,0.0
1.006689,1.005766,wrist_flex,-50.0,-49.3023,-47.2412,-46.582,1366,0,44,1,12.2,37,staircase1,no_load,0.0
1.017655,1.016732,wrist_flex,-50.0,-49.3023,-47.2412,-46.582,1366,0,44,1,12.2,37,staircase1,no_load,0.0
1.028079,1.027156,wrist_flex,-50.0,-49.3023,-47.2412,-46.582,1366,0,44,1,12.2,37,staircase1,no_load,0.0
1.039035,1.038112,wrist_flex,-50.0,-49.3023,-47.2412,-46.582,1366,0,44,1,12.3,37,staircase1,no_load,0.0
1.04938,1.048457,wrist_flex,-50.0,-49.3023,-47.2412,-46.582,1366,0,44,1,12.2,37,staircase1,no_load,0.0
1.060114,1.05919,wrist_flex,-50.0,-49.3023,-47.2412,-46.582,1366,0,44,1,12.2,37,staircase1,no_load,0.0
1.070416,1.069492,wrist_flex,-50.0,-49.3023,-47.2412,-46.582,1366,0,44,1,12.2,37,staircase1,no_load,0.0
1.080739,1.079815,wrist_flex,-50.0,-49.3023,-47.2412,-46.582,1366,0,44,1,12.3,37,staircase1,no_load,0.0
1.091357,1.090434,wrist_flex,-50.0,-49.3023,-47.2412,-46.582,1366,0,44,1,12.2,37,staircase1,no_load,0.0
1.101705,1.100781,wrist_flex,-50.0,-49.3023,-47.2412,-46.582,1366,0,44,1,12.2,37,staircase1,no_load,0.0
1.11185,1.110927,wrist_flex,-50.0,-49.3023,-47.2412,-46.582,1366,0,44,1,12.3,37,staircase1,no_load,0.0
1.122411,1.121488,wrist_flex,-50.0,-49.3023,-47.2412,-46.582,1366,0,44,1,12.2,37,staircase1,no_load,0.0
1.132955,1.132031,wrist_flex,-50.0,-49.3023,-47.2412,-46.582,1366,0,44,1,12.2,37,staircase1,no_load,0.0
1.143262,1.142339,wrist_flex,-50.0,-49.3023,-47.2412,-46.582,1366,0,44,1,12.2,37,staircase1,no_load,0.0
1.153382,1.152458,wrist_flex,-50.0,-49.3023,-47.2412,-46.582,1366,0,44,0,12.3,37,staircase1,no_load,0.0
1.164072,1.163149,wrist_flex,-50.0,-49.3023,-47.2412,-46.582,1366,0,44,1,12.2,37,staircase1,no_load,0.0
1.174681,1.173757,wrist_flex,-50.0,-49.3023,-47.2412,-46.582,1366,0,44,1,12.2,37,staircase1,no_load,0.0
1.185064,1.184141,wrist_flex,-50.0,-49.3023,-47.2412,-46.582,1366,0,44,1,12.2,37,staircase1,no_load,0.0
1.195911,1.194988,wrist_flex,-50.0,-49.3023,-47.2412,-46.582,1366,0,44,1,12.2,37,staircase1,no_load,0.0
1.206221,1.205298,wrist_flex,-50.0,-49.3023,-47.2412,-46.582,1366,0,44,1,12.2,37,staircase1,no_load,0.0
1.216506,1.215582,wrist_flex,-50.0,-49.3023,-47.2412,-46.582,1366,0,44,1,12.2,37,staircase1,no_load,0.0
1.226808,1.225885,wrist_flex,-50.0,-49.3023,-47.2412,-46.582,1366,0,44,0,12.2,37,staircase1,no_load,0.0
1.236956,1.236032,wrist_flex,-50.0,-49.3023,-47.2412,-46.582,1366,0,44,0,12.2,37,staircase1,no_load,0.0
1.247521,1.246597,wrist_flex,-50.0,-49.3023,-47.2412,-46.582,1366,0,44,0,12.3,37,staircase1,no_load,0.0
1.257727,1.256804,wrist_flex,-50.0,-49.3023,-47.2412,-46.582,1366,0,44,0,12.2,37,staircase1,no_load,0.0
1.268045,1.267122,wrist_flex,-50.0,-49.3023,-47.2412,-46.582,1366,0,44,0,12.2,37,staircase1,no_load,0.0
1.278944,1.27802,wrist_flex,-50.0,-49.3023,-47.2412,-46.582,1366,0,44,1,12.3,37,staircase1,no_load,0.0
1.2896,1.288676,wrist_flex,-50.0,-49.3023,-47.2412,-46.582,1366,0,44,1,12.2,37,staircase1,no_load,0.0
1.300052,1.299129,wrist_flex,-50.0,-49.3023,-47.2412,-46.582,1366,0,44,1,12.2,37,staircase1,no_load,0.0
1.310658,1.309735,wrist_flex,-50.0,-49.3023,-47.2412,-46.582,1366,0,44,1,12.2,37,staircase1,no_load,0.0
1.321616,1.320693,wrist_flex,-50.0,-49.3023,-47.2412,-46.582,1366,0,44,1,12.2,37,staircase1,no_load,0.0
1.332267,1.331343,wrist_flex,-50.0,-49.3023,-47.2412,-46.582,1366,0,44,1,12.2,37,staircase1,no_load,0.0
1.342616,1.341692,wrist_flex,-50.0,-49.3023,-47.2412,-46.582,1366,0,44,1,12.2,37,staircase1,no_load,0.0
1.352912,1.351988,wrist_flex,-50.0,-49.3023,-47.2412,-46.582,1366,0,44,1,12.2,37,staircase1,no_load,0.0
1.363535,1.362612,wrist_flex,-50.0,-49.3023,-47.2412,-46.582,1366,0,44,1,12.2,37,staircase1,no_load,0.0
1.373711,1.372787,wrist_flex,-50.0,-49.3023,-47.2412,-46.582,1366,0,44,1,12.3,37,staircase1,no_load,0.0
1.384432,1.383508,wrist_flex,-50.0,-49.3023,-47.2412,-46.582,1366,0,44,1,12.2,37,staircase1,no_load,0.0
1.394686,1.393763,wrist_flex,-50.0,-49.3023,-47.2412,-46.582,1366,0,44,2,12.2,37,staircase1,no_load,0.0
1.405095,1.404171,wrist_flex,-50.0,-49.3023,-47.2412,-46.582,1366,0,44,1,12.2,37,staircase1,no_load,0.0
1.415468,1.414544,wrist_flex,-50.0,-49.3023,-47.2412,-46.582,1366,0,44,1,12.2,37,staircase1,no_load,0.0
1.426203,1.42528,wrist_flex,-50.0,-49.3023,-47.2412,-46.582,1366,0,44,1,12.2,37,staircase1,no_load,0.0
1.436644,1.43572,wrist_flex,-50.0,-49.3023,-47.2412,-46.582,1366,0,44,1,12.2,37,staircase1,no_load,0.0
1.447375,1.446452,wrist_flex,-50.0,-49.3023,-47.2412,-46.582,1366,0,44,1,12.2,37,staircase1,no_load,0.0
1.458095,1.457171,wrist_flex,-50.0,-49.3023,-47.2412,-46.582,1366,0,44,1,12.3,37,staircase1,no_load,0.0
1.46859,1.467667,wrist_flex,-50.0,-49.3023,-47.2412,-46.582,1366,0,44,1,12.3,37,staircase1,no_load,0.0
1.479112,1.478188,wrist_flex,-50.0,-49.3023,-47.2412,-46.582,1366,0,44,1,12.2,37,staircase1,no_load,0.0
1.489896,1.488972,wrist_flex,-50.0,-49.3023,-47.2412,-46.582,1366,0,44,1,12.2,37,staircase1,no_load,0.0
1.500195,1.499272,wrist_flex,-50.0,-49.3023,-47.2412,-46.582,1366,0,44,1,12.3,37,staircase1,no_load,0.0
1.510623,1.509699,wrist_flex,-50.0,-49.3023,-47.2412,-46.582,1366,0,44,1,12.3,37,staircase1,no_load,0.0
1.521508,1.520585,wrist_flex,-50.0,-49.3023,-47.2412,-46.582,1366,0,44,1,12.2,37,staircase1,no_load,0.0
1.532007,1.531084,wrist_flex,-50.0,-49.3023,-47.2412,-46.582,1366,0,44,1,12.2,37,staircase1,no_load,0.0
1.542277,1.541354,wrist_flex,-50.0,-49.3023,-47.2412,-46.582,1366,0,44,0,12.2,37,staircase1,no_load,0.0
1.552677,1.551754,wrist_flex,-50.0,-49.3023,-47.2412,-46.582,1366,0,44,1,12.2,37,staircase1,no_load,0.0
1.563211,1.562288,wrist_flex,-50.0,-49.3023,-47.2412,-46.582,1366,0,44,0,12.2,37,staircase1,no_load,0.0
1.573656,1.572732,wrist_flex,-50.0,-49.3023,-47.2412,-46.582,1366,0,44,0,12.2,37,staircase1,no_load,0.0
1.584104,1.583181,wrist_flex,-50.0,-49.3023,-47.2412,-46.582,1366,0,44,1,12.2,37,staircase1,no_load,0.0
1.594828,1.593904,wrist_flex,-50.0,-49.3023,-47.2412,-46.582,1366,0,44,1,12.3,37,staircase1,no_load,0.0
1.606575,4e-06,wrist_flex,-37.5,-49.3023,-35.4309,-46.582,1366,0,44,1,12.2,37,staircase1,no_load,0.0
1.617517,0.010946,wrist_flex,-37.5,-49.3023,-35.4309,-46.582,1366,0,36,0,12.2,37,staircase1,no_load,0.0
1.628111,0.021539,wrist_flex,-37.5,-49.3023,-35.4309,-46.582,1366,0,1048,0,12.3,37,staircase1,no_load,0.0
1.638788,0.032216,wrist_flex,-37.5,-49.3023,-35.4309,-46.582,1366,0,1108,2,12.2,37,staircase1,no_load,0.0
1.649397,0.042825,wrist_flex,-37.5,-49.2093,-35.4309,-46.4941,1367,0,1152,4,12.3,37,staircase1,no_load,8.285
1.659724,0.053152,wrist_flex,-37.5,-49.0233,-35.4309,-46.3184,1369,50,1228,8,12.2,37,staircase1,no_load,17.014
1.670553,0.063981,wrist_flex,-37.5,-48.6512,-35.4309,-45.9668,1373,50,1276,10,12.2,37,staircase1,no_load,32.468
1.680688,0.074117,wrist_flex,-37.5,-48.186,-35.4309,-45.5273,1378,350,1344,16,12.2,37,staircase1,no_load,43.365
1.691878,0.085306,wrist_flex,-37.5,-47.2558,-35.4309,-44.6484,1388,700,1384,12,12.2,37,staircase1,no_load,78.543
1.702309,0.095737,wrist_flex,-37.5,-46.4186,-35.4309,-43.8574,1397,700,1352,5,12.2,37,staircase1,no_load,75.832
1.712698,0.106126,wrist_flex,-37.5,-45.3023,-35.4309,-42.8027,1409,1050,1356,4,12.2,37,staircase1,no_load,101.521
1.722954,0.116382,wrist_flex,-37.5,-44.2791,-35.4309,-41.8359,1420,1050,1284,0,12.2,37,staircase1,no_load,94.267
1.733387,0.126815,wrist_flex,-37.5,-43.1628,-35.4309,-40.7812,1432,1100,1264,0,12.2,37,staircase1,no_load,101.093
1.743587,0.137015,wrist_flex,-37.5,-42.2326,-35.4309,-39.9023,1442,1100,1192,0,12.3,37,staircase1,no_load,86.167
1.753852,0.147281,wrist_flex,-37.5,-41.4884,-35.4309,-39.1992,1450,900,1164,0,12.2,37,staircase1,no_load,68.495
1.764395,0.157823,wrist_flex,-37.5,-40.8372,-35.4309,-38.584,1457,900,1120,0,12.2,37,staircase1,no_load,58.352
1.775344,0.168772,wrist_flex,-37.5,-40.2791,-35.4309,-38.0566,1463,650,1096,0,12.3,38,staircase1,no_load,48.169
1.785528,0.178956,wrist_flex,-37.5,-39.907,-35.4309,-37.7051,1467,650,1088,0,12.2,37,staircase1,no_load,34.515
1.795722,0.18915,wrist_flex,-37.5,-39.5349,-35.4309,-37.3535,1471,400,1076,0,12.2,37,staircase1,no_load,34.491
1.806484,0.199913,wrist_flex,-37.5,-39.3488,-35.4309,-37.1777,1473,400,1092,0,12.2,37,staircase1,no_load,16.335
1.817428,0.210856,wrist_flex,-37.5,-39.0698,-35.4309,-36.9141,1476,250,1080,0,12.2,37,staircase1,no_load,24.086
1.827614,0.221042,wrist_flex,-37.5,-38.8837,-35.4309,-36.7383,1478,250,1072,0,12.2,37,staircase1,no_load,17.259
1.837969,0.231397,wrist_flex,-37.5,-38.6977,-35.4309,-36.5625,1480,200,1068,0,12.2,37,staircase1,no_load,16.977
1.848234,0.241662,wrist_flex,-37.5,-38.5116,-35.4309,-36.3867,1482,200,1060,0,12.3,37,staircase1,no_load,17.126
1.858352,0.25178,wrist_flex,-37.5,-38.3256,-35.4309,-36.2109,1484,200,1056,0,12.2,37,staircase1,no_load,17.375
1.868478,0.261906,wrist_flex,-37.5,-38.1395,-35.4309,-36.0352,1486,200,1048,0,12.2,37,staircase1,no_load,17.351
1.878719,0.272147,wrist_flex,-37.5,-38.1395,-35.4309,-36.0352,1486,150,1056,0,12.2,37,staircase1,no_load,0.0
1.88914,0.282569,wrist_flex,-37.5,-38.0465,-35.4309,-35.9473,1487,150,1052,0,12.3,37,staircase1,no_load,8.435
1.899383,0.292811,wrist_flex,-37.5,-37.9535,-35.4309,-35.8594,1488,50,1048,0,12.3,37,staircase1,no_load,8.581
1.909613,0.303041,wrist_flex,-37.5,-37.8605,-35.4309,-35.7715,1489,50,1044,0,12.2,37,staircase1,no_load,8.592
1.920229,0.313657,wrist_flex,-37.5,-37.7674,-35.4309,-35.6836,1490,100,0,0,12.2,37,staircase1,no_load,8.28
1.930419,0.323847,wrist_flex,-37.5,-37.7674,-35.4309,-35.6836,1490,50,0,0,12.2,37,staircase1,no_load,0.0
1.940997,0.334425,wrist_flex,-37.5,-37.7674,-35.4309,-35.6836,1490,50,1048,0,12.2,37,staircase1,no_load,0.0
1.95166,0.345089,wrist_flex,-37.5,-37.6744,-35.4309,-35.5957,1491,50,1044,0,12.2,37,staircase1,no_load,8.243
1.962775,0.356203,wrist_flex,-37.5,-37.6744,-35.4309,-35.5957,1491,50,0,0,12.1,37,staircase1,no_load,0.0
1.973952,0.36738,wrist_flex,-37.5,-37.6744,-35.4309,-35.5957,1491,0,0,0,12.2,37,staircase1,no_load,0.0
1.984763,0.378192,wrist_flex,-37.5,-37.6744,-35.4309,-35.5957,1491,0,1044,0,12.3,37,staircase1,no_load,0.0
1.99541,0.388838,wrist_flex,-37.5,-37.6744,-35.4309,-35.5957,1491,0,1044,0,12.3,37,staircase1,no_load,0.0
2.00613,0.399558,wrist_flex,-37.5,-37.6744,-35.4309,-35.5957,1491,0,1044,1,12.2,37,staircase1,no_load,0.0
2.016364,0.409792,wrist_flex,-37.5,-37.6744,-35.4309,-35.5957,1491,0,1044,0,12.2,37,staircase1,no_load,0.0
2.027088,0.420516,wrist_flex,-37.5,-37.6744,-35.4309,-35.5957,1491,0,1044,0,12.3,37,staircase1,no_load,0.0
2.037763,0.431191,wrist_flex,-37.5,-37.6744,-35.4309,-35.5957,1491,0,1044,0,12.2,37,staircase1,no_load,0.0
2.048403,0.441832,wrist_flex,-37.5,-37.6744,-35.4309,-35.5957,1491,0,1044,1,12.2,37,staircase1,no_load,0.0
2.058738,0.452166,wrist_flex,-37.5,-37.6744,-35.4309,-35.5957,1491,0,1044,0,12.3,37,staircase1,no_load,0.0
2.069051,0.462479,wrist_flex,-37.5,-37.6744,-35.4309,-35.5957,1491,0,1044,0,12.2,37,staircase1,no_load,0.0
2.079951,0.473379,wrist_flex,-37.5,-37.6744,-35.4309,-35.5957,1491,0,1044,0,12.3,37,staircase1,no_load,0.0
2.09116,0.484589,wrist_flex,-37.5,-37.6744,-35.4309,-35.5957,1491,0,1044,0,12.2,37,staircase1,no_load,0.0
2.101415,0.494843,wrist_flex,-37.5,-37.6744,-35.4309,-35.5957,1491,0,1044,0,12.3,37,staircase1,no_load,0.0
2.111855,0.505283,wrist_flex,-37.5,-37.6744,-35.4309,-35.5957,1491,0,1044,0,12.3,37,staircase1,no_load,0.0
2.122491,0.51592,wrist_flex,-37.5,-37.6744,-35.4309,-35.5957,1491,0,1044,0,12.2,37,staircase1,no_load,0.0
2.132878,0.526306,wrist_flex,-37.5,-37.6744,-35.4309,-35.5957,1491,0,1044,1,12.2,37,staircase1,no_load,0.0
2.143214,0.536643,wrist_flex,-37.5,-37.6744,-35.4309,-35.5957,1491,0,1044,0,12.2,37,staircase1,no_load,0.0
2.154388,0.547817,wrist_flex,-37.5,-37.6744,-35.4309,-35.5957,1491,0,1044,0,12.3,37,staircase1,no_load,0.0
2.164723,0.558152,wrist_flex,-37.5,-37.6744,-35.4309,-35.5957,1491,0,1044,0,12.2,37,staircase1,no_load,0.0
2.175454,0.568882,wrist_flex,-37.5,-37.6744,-35.4309,-35.5957,1491,0,1044,0,12.3,37,staircase1,no_load,0.0
2.185803,0.579231,wrist_flex,-37.5,-37.6744,-35.4309,-35.5957,1491,0,1044,0,12.3,37,staircase1,no_load,0.0
2.196112,0.58954,wrist_flex,-37.5,-37.6744,-35.4309,-35.5957,1491,0,1044,0,12.2,37,staircase1,no_load,0.0
2.206881,0.60031,wrist_flex,-37.5,-37.6744,-35.4309,-35.5957,1491,0,1044,0,12.3,37,staircase1,no_load,0.0
2.217898,0.611327,wrist_flex,-37.5,-37.6744,-35.4309,-35.5957,1491,0,1044,0,12.3,37,staircase1,no_load,0.0
2.228207,0.621635,wrist_flex,-37.5,-37.6744,-35.4309,-35.5957,1491,0,1044,0,12.2,37,staircase1,no_load,0.0
2.23871,0.632138,wrist_flex,-37.5,-37.6744,-35.4309,-35.5957,1491,0,1044,0,12.2,37,staircase1,no_load,0.0
2.248827,0.642255,wrist_flex,-37.5,-37.6744,-35.4309,-35.5957,1491,0,1044,0,12.2,37,staircase1,no_load,0.0
2.259272,0.6527,wrist_flex,-37.5,-37.6744,-35.4309,-35.5957,1491,0,1044,0,12.3,37,staircase1,no_load,0.0
2.269788,0.663216,wrist_flex,-37.5,-37.6744,-35.4309,-35.5957,1491,0,1044,0,12.2,37,staircase1,no_load,0.0
2.280125,0.673553,wrist_flex,-37.5,-37.6744,-35.4309,-35.5957,1491,0,1044,0,12.2,37,staircase1,no_load,0.0
2.290618,0.684046,wrist_flex,-37.5,-37.6744,-35.4309,-35.5957,1491,0,1044,0,12.3,37,staircase1,no_load,0.0
2.300929,0.694357,wrist_flex,-37.5,-37.6744,-35.4309,-35.5957,1491,0,1044,0,12.2,37,staircase1,no_load,0.0
2.312015,0.705443,wrist_flex,-37.5,-37.6744,-35.4309,-35.5957,1491,0,1044,0,12.2,37,staircase1,no_load,0.0
2.322147,0.715575,wrist_flex,-37.5,-37.6744,-35.4309,-35.5957,1491,0,1044,0,12.2,37,staircase1,no_load,0.0
2.333019,0.726448,wrist_flex,-37.5,-37.6744,-35.4309,-35.5957,1491,0,1044,0,12.3,37,staircase1,no_load,0.0
2.343167,0.736595,wrist_flex,-37.5,-37.6744,-35.4309,-35.5957,1491,0,1044,0,12.2,37,staircase1,no_load,0.0
2.353329,0.746757,wrist_flex,-37.5,-37.6744,-35.4309,-35.5957,1491,0,1044,1,12.2,37,staircase1,no_load,0.0
2.363884,0.757313,wrist_flex,-37.5,-37.6744,-35.4309,-35.5957,1491,0,1044,0,12.3,37,staircase1,no_load,0.0
2.374498,0.767926,wrist_flex,-37.5,-37.6744,-35.4309,-35.5957,1491,0,1044,0,12.2,37,staircase1,no_load,0.0
2.385645,0.779073,wrist_flex,-37.5,-37.6744,-35.4309,-35.5957,1491,0,1044,0,12.2,37,staircase1,no_load,0.0
2.396311,0.78974,wrist_flex,-37.5,-37.6744,-35.4309,-35.5957,1491,0,1044,0,12.2,37,staircase1,no_load,0.0
2.407302,0.80073,wrist_flex,-37.5,-37.6744,-35.4309,-35.5957,1491,0,1044,0,12.2,37,staircase1,no_load,0.0
2.418351,0.81178,wrist_flex,-37.5,-37.6744,-35.4309,-35.5957,1491,0,1044,0,12.3,37,staircase1,no_load,0.0
2.428787,0.822215,wrist_flex,-37.5,-37.6744,-35.4309,-35.5957,1491,0,1044,0,12.2,37,staircase1,no_load,0.0
2.439174,0.832602,wrist_flex,-37.5,-37.6744,-35.4309,-35.5957,1491,0,1044,0,12.2,37,staircase1,no_load,0.0
2.449712,0.84314,wrist_flex,-37.5,-37.6744,-35.4309,-35.5957,1491,0,1044,0,12.2,37,staircase1,no_load,0.0
2.461011,0.85444,wrist_flex,-37.5,-37.6744,-35.4309,-35.5957,1491,0,1044,0,12.3,37,staircase1,no_load,0.0
2.471654,0.865082,wrist_flex,-37.5,-37.6744,-35.4309,-35.5957,1491,0,1044,0,12.2,37,staircase1,no_load,0.0
2.482096,0.875524,wrist_flex,-37.5,-37.6744,-35.4309,-35.5957,1491,0,1044,0,12.2,37,staircase1,no_load,0.0
2.493098,0.886526,wrist_flex,-37.5,-37.6744,-35.4309,-35.5957,1491,0,1044,0,12.3,37,staircase1,no_load,0.0
2.503814,0.897242,wrist_flex,-37.5,-37.6744,-35.4309,-35.5957,1491,0,1044,0,12.2,37,staircase1,no_load,0.0
2.514804,0.908232,wrist_flex,-37.5,-37.6744,-35.4309,-35.5957,1491,0,1044,0,12.3,37,staircase1,no_load,0.0
2.525757,0.919186,wrist_flex,-37.5,-37.6744,-35.4309,-35.5957,1491,0,1044,0,12.2,37,staircase1,no_load,0.0
2.536428,0.929856,wrist_flex,-37.5,-37.6744,-35.4309,-35.5957,1491,0,1044,0,12.3,37,staircase1,no_load,0.0
2.547161,0.940589,wrist_flex,-37.5,-37.6744,-35.4309,-35.5957,1491,0,1044,0,12.2,37,staircase1,no_load,0.0
2.55793,0.951358,wrist_flex,-37.5,-37.6744,-35.4309,-35.5957,1491,0,1044,0,12.2,37,staircase1,no_load,0.0
2.569055,0.962483,wrist_flex,-37.5,-37.6744,-35.4309,-35.5957,1491,0,1044,1,12.2,37,staircase1,no_load,0.0
2.579874,0.973302,wrist_flex,-37.5,-37.6744,-35.4309,-35.5957,1491,0,1044,0,12.3,37,staircase1,no_load,0.0
2.590739,0.984167,wrist_flex,-37.5,-37.6744,-35.4309,-35.5957,1491,0,1044,1,12.3,37,staircase1,no_load,0.0
2.600967,0.994395,wrist_flex,-37.5,-37.6744,-35.4309,-35.5957,1491,0,1044,0,12.2,37,staircase1,no_load,0.0
2.611253,1.004682,wrist_flex,-37.5,-37.6744,-35.4309,-35.5957,1491,0,1044,0,12.2,37,staircase1,no_load,0.0
2.622111,1.015539,wrist_flex,-37.5,-37.6744,-35.4309,-35.5957,1491,0,1044,0,12.2,37,staircase1,no_load,0.0
2.632319,1.025747,wrist_flex,-37.5,-37.6744,-35.4309,-35.5957,1491,0,1044,0,12.2,37,staircase1,no_load,0.0
2.643036,1.036464,wrist_flex,-37.5,-37.6744,-35.4309,-35.5957,1491,0,1044,0,12.2,37,staircase1,no_load,0.0
2.653546,1.046974,wrist_flex,-37.5,-37.6744,-35.4309,-35.5957,1491,0,1044,0,12.2,37,staircase1,no_load,0.0
2.66442,1.057848,wrist_flex,-37.5,-37.6744,-35.4309,-35.5957,1491,0,1044,0,12.2,37,staircase1,no_load,0.0
2.674956,1.068384,wrist_flex,-37.5,-37.6744,-35.4309,-35.5957,1491,0,1044,0,12.2,37,staircase1,no_load,0.0
2.685609,1.079038,wrist_flex,-37.5,-37.6744,-35.4309,-35.5957,1491,0,1044,0,12.3,37,staircase1,no_load,0.0
2.696245,1.089673,wrist_flex,-37.5,-37.6744,-35.4309,-35.5957,1491,0,1044,0,12.2,37,staircase1,no_load,0.0
2.706846,1.100274,wrist_flex,-37.5,-37.6744,-35.4309,-35.5957,1491,0,1044,0,12.2,37,staircase1,no_load,0.0
2.717565,1.110993,wrist_flex,-37.5,-37.6744,-35.4309,-35.5957,1491,0,1044,0,12.2,37,staircase1,no_load,0.0
2.72816,1.121588,wrist_flex,-37.5,-37.6744,-35.4309,-35.5957,1491,0,1044,0,12.2,37,staircase1,no_load,0.0
2.73904,1.132469,wrist_flex,-37.5,-37.6744,-35.4309,-35.5957,1491,0,1044,0,12.2,37,staircase1,no_load,0.0
2.749687,1.143115,wrist_flex,-37.5,-37.6744,-35.4309,-35.5957,1491,0,1044,0,12.2,37,staircase1,no_load,0.0
2.760522,1.15395,wrist_flex,-37.5,-37.6744,-35.4309,-35.5957,1491,0,1044,0,12.3,37,staircase1,no_load,0.0
2.770889,1.164318,wrist_flex,-37.5,-37.6744,-35.4309,-35.5957,1491,0,1044,0,12.2,37,staircase1,no_load,0.0
2.781086,1.174515,wrist_flex,-37.5,-37.6744,-35.4309,-35.5957,1491,0,1044,0,12.3,37,staircase1,no_load,0.0
2.79145,1.184879,wrist_flex,-37.5,-37.6744,-35.4309,-35.5957,1491,0,1044,0,12.2,37,staircase1,no_load,0.0
2.801949,1.195378,wrist_flex,-37.5,-37.6744,-35.4309,-35.5957,1491,0,1044,0,12.2,37,staircase1,no_load,0.0
2.812447,1.205875,wrist_flex,-37.5,-37.6744,-35.4309,-35.5957,1491,0,1044,0,12.3,37,staircase1,no_load,0.0
2.822655,1.216083,wrist_flex,-37.5,-37.6744,-35.4309,-35.5957,1491,0,1044,0,12.2,37,staircase1,no_load,0.0
2.833696,1.227124,wrist_flex,-37.5,-37.6744,-35.4309,-35.5957,1491,0,1044,0,12.2,37,staircase1,no_load,0.0
2.84392,1.237348,wrist_flex,-37.5,-37.6744,-35.4309,-35.5957,1491,0,1044,0,12.2,37,staircase1,no_load,0.0
2.854459,1.247887,wrist_flex,-37.5,-37.6744,-35.4309,-35.5957,1491,0,1044,0,12.3,37,staircase1,no_load,0.0
2.864849,1.258277,wrist_flex,-37.5,-37.6744,-35.4309,-35.5957,1491,0,1044,0,12.2,37,staircase1,no_load,0.0
2.875826,1.269254,wrist_flex,-37.5,-37.6744,-35.4309,-35.5957,1491,0,1044,0,12.2,37,staircase1,no_load,0.0
2.885983,1.279411,wrist_flex,-37.5,-37.6744,-35.4309,-35.5957,1491,0,1044,0,12.3,37,staircase1,no_load,0.0
2.897007,1.290435,wrist_flex,-37.5,-37.6744,-35.4309,-35.5957,1491,0,1044,0,12.2,37,staircase1,no_load,0.0
2.907965,1.301394,wrist_flex,-37.5,-37.6744,-35.4309,-35.5957,1491,0,1044,0,12.2,37,staircase1,no_load,0.0
2.918338,1.311766,wrist_flex,-37.5,-37.6744,-35.4309,-35.5957,1491,0,1044,0,12.2,37,staircase1,no_load,0.0
2.928846,1.322275,wrist_flex,-37.5,-37.6744,-35.4309,-35.5957,1491,0,1044,0,12.2,37,staircase1,no_load,0.0
2.939282,1.33271,wrist_flex,-37.5,-37.6744,-35.4309,-35.5957,1491,0,1044,0,12.3,37,staircase1,no_load,0.0
2.949835,1.343264,wrist_flex,-37.5,-37.6744,-35.4309,-35.5957,1491,0,1044,0,12.3,37,staircase1,no_load,0.0
2.96025,1.353678,wrist_flex,-37.5,-37.6744,-35.4309,-35.5957,1491,0,1044,0,12.2,37,staircase1,no_load,0.0
2.970513,1.363941,wrist_flex,-37.5,-37.6744,-35.4309,-35.5957,1491,0,1044,0,12.2,37,staircase1,no_load,0.0
2.980732,1.374161,wrist_flex,-37.5,-37.6744,-35.4309,-35.5957,1491,0,1044,0,12.2,37,staircase1,no_load,0.0
2.99118,1.384608,wrist_flex,-37.5,-37.6744,-35.4309,-35.5957,1491,0,1044,0,12.2,37,staircase1,no_load,0.0
3.001577,1.395005,wrist_flex,-37.5,-37.6744,-35.4309,-35.5957,1491,0,1044,0,12.2,37,staircase1,no_load,0.0
3.01234,1.405769,wrist_flex,-37.5,-37.6744,-35.4309,-35.5957,1491,0,1044,0,12.2,37,staircase1,no_load,0.0
3.022898,1.416326,wrist_flex,-37.5,-37.6744,-35.4309,-35.5957,1491,0,1044,1,12.3,37,staircase1,no_load,0.0
3.033407,1.426835,wrist_flex,-37.5,-37.6744,-35.4309,-35.5957,1491,0,1044,0,12.2,37,staircase1,no_load,0.0
3.043996,1.437424,wrist_flex,-37.5,-37.6744,-35.4309,-35.5957,1491,0,1044,0,12.2,37,staircase1,no_load,0.0
3.054589,1.448017,wrist_flex,-37.5,-37.6744,-35.4309,-35.5957,1491,0,1044,0,12.2,37,staircase1,no_load,0.0
3.065849,1.459277,wrist_flex,-37.5,-37.6744,-35.4309,-35.5957,1491,0,1044,0,12.2,37,staircase1,no_load,0.0
3.076236,1.469665,wrist_flex,-37.5,-37.6744,-35.4309,-35.5957,1491,0,1044,0,12.2,37,staircase1,no_load,0.0
3.086584,1.480012,wrist_flex,-37.5,-37.6744,-35.4309,-35.5957,1491,0,1044,0,12.3,37,staircase1,no_load,0.0
3.096983,1.490411,wrist_flex,-37.5,-37.6744,-35.4309,-35.5957,1491,0,1044,0,12.2,37,staircase1,no_load,0.0
3.107392,1.500821,wrist_flex,-37.5,-37.6744,-35.4309,-35.5957,1491,0,1044,0,12.3,37,staircase1,no_load,0.0
3.11811,1.511538,wrist_flex,-37.5,-37.6744,-35.4309,-35.5957,1491,0,1044,0,12.2,37,staircase1,no_load,0.0
3.129149,1.522577,wrist_flex,-37.5,-37.6744,-35.4309,-35.5957,1491,0,1044,0,12.2,37,staircase1,no_load,0.0
3.139669,1.533097,wrist_flex,-37.5,-37.6744,-35.4309,-35.5957,1491,0,1044,0,12.2,37,staircase1,no_load,0.0
3.150766,1.544195,wrist_flex,-37.5,-37.6744,-35.4309,-35.5957,1491,0,1044,1,12.3,37,staircase1,no_load,0.0
3.161194,1.554623,wrist_flex,-37.5,-37.6744,-35.4309,-35.5957,1491,0,1044,0,12.3,37,staircase1,no_load,0.0
3.172064,1.565492,wrist_flex,-37.5,-37.6744,-35.4309,-35.5957,1491,0,1044,0,12.2,37,staircase1,no_load,0.0
3.182756,1.576185,wrist_flex,-37.5,-37.6744,-35.4309,-35.5957,1491,0,1044,0,12.2,37,staircase1,no_load,0.0
3.193608,1.587036,wrist_flex,-37.5,-37.6744,-35.4309,-35.5957,1491,0,1044,0,12.2,37,staircase1,no_load,0.0
3.203971,1.597399,wrist_flex,-37.5,-37.6744,-35.4309,-35.5957,1491,0,1044,0,12.2,37,staircase1,no_load,0.0
3.215491,4e-06,wrist_flex,-25.0,-37.6744,-23.6206,-35.5957,1491,0,1044,0,12.2,37,staircase1,no_load,0.0
3.226119,0.010633,wrist_flex,-25.0,-37.6744,-23.6206,-35.5957,1491,0,1056,0,12.3,37,staircase1,no_load,0.0
3.23694,0.021453,wrist_flex,-25.0,-37.6744,-23.6206,-35.5957,1491,0,1076,2,12.2,37,staircase1,no_load,0.0
3.247146,0.031659,wrist_flex,-25.0,-37.6744,-23.6206,-35.5957,1491,0,1144,5,12.2,37,staircase1,no_load,0.0
3.257618,0.042132,wrist_flex,-25.0,-37.5814,-23.6206,-35.5078,1492,50,1184,5,12.3,37,staircase1,no_load,8.394
3.268395,0.052909,wrist_flex,-25.0,-37.2093,-23.6206,-35.1562,1496,50,1256,10,12.2,37,staircase1,no_load,32.625
3.279097,0.06361,wrist_flex,-25.0,-36.7442,-23.6206,-34.7168,1501,400,1300,10,12.2,37,staircase1,no_load,41.058
3.289322,0.073836,wrist_flex,-25.0,-36.093,-23.6206,-34.1016,1508,400,1356,11,12.2,37,staircase1,no_load,60.166
3.299544,0.084057,wrist_flex,-25.0,-35.1628,-23.6206,-33.2227,1518,800,1380,10,12.2,37,staircase1,no_load,85.981
3.309783,0.094297,wrist_flex,-25.0,-34.2326,-23.6206,-32.3438,1528,800,1372,5,12.2,37,staircase1,no_load,85.838
3.320066,0.104579,wrist_flex,-25.0,-33.2093,-23.6206,-31.377,1539,1050,1368,1,12.2,37,staircase1,no_load,94.019
3.330657,0.11517,wrist_flex,-25.0,-32.0,-23.6206,-30.2344,1552,1050,1300,0,12.2,37,staircase1,no_load,107.884
3.340844,0.125358,wrist_flex,-25.0,-30.9767,-23.6206,-29.2676,1563,1150,1276,0,12.3,37,staircase1,no_load,94.905
3.351371,0.135884,wrist_flex,-25.0,-29.9535,-23.6206,-28.3008,1574,1150,1204,0,12.2,37,staircase1,no_load,91.84
3.362389,0.146903,wrist_flex,-25.0,-29.1163,-23.6206,-27.5098,1583,950,1140,0,12.2,37,staircase1,no_load,71.792
3.372708,0.157222,wrist_flex,-25.0,-28.4651,-23.6206,-26.8945,1590,950,1112,0,12.3,37,staircase1,no_load,59.628
3.383063,0.167576,wrist_flex,-25.0,-27.907,-23.6206,-26.3672,1596,700,1108,0,12.2,80,staircase1,no_load,50.922
3.393876,0.17839,wrist_flex,-25.0,-27.4419,-23.6206,-25.9277,1601,700,1092,0,12.2,36,staircase1,no_load,40.646
3.404748,0.189261,wrist_flex,-25.0,-27.1628,-23.6206,-25.6641,1604,400,1096,0,12.2,37,staircase1,no_load,24.246
3.415122,0.199636,wrist_flex,-25.0,-26.8837,-23.6206,-25.4004,1607,400,1088,0,12.2,37,staircase1,no_load,25.419
3.42566,0.210173,wrist_flex,-25.0,-26.6047,-23.6206,-25.1367,1610,300,1080,0,12.2,37,staircase1,no_load,25.024
3.43629,0.220803,wrist_flex,-25.0,-26.3256,-23.6206,-24.873,1613,300,1068,0,12.2,37,staircase1,no_load,24.807
3.446481,0.230994,wrist_flex,-25.0,-26.1395,-23.6206,-24.6973,1615,300,1064,0,12.2,38,staircase1,no_load,17.241
3.456721,0.241235,wrist_flex,-25.0,-26.0465,-23.6206,-24.6094,1616,150,1060,0,12.2,37,staircase1,no_load,8.584
3.467103,0.251616,wrist_flex,-25.0,-25.8605,-23.6206,-24.4336,1618,150,1060,0,12.3,37,staircase1,no_load,16.933
3.47833,0.262844,wrist_flex,-25.0,-25.7674,-23.6206,-24.3457,1619,150,1056,0,12.2,37,staircase1,no_load,7.829
3.488566,0.273079,wrist_flex,-25.0,-25.6744,-23.6206,-24.2578,1620,150,1048,0,12.2,37,staircase1,no_load,8.587
3.499031,0.283545,wrist_flex,-25.0,-25.4884,-23.6206,-24.082,1622,100,1044,1,12.2,37,staircase1,no_load,16.799
3.509706,0.29422,wrist_flex,-25.0,-25.4884,-23.6206,-24.082,1622,100,1048,0,12.2,37,staircase1,no_load,0.0
3.520747,0.305261,wrist_flex,-25.0,-25.3953,-23.6206,-23.9941,1623,50,1048,0,12.2,37,staircase1,no_load,7.961
3.531537,0.316051,wrist_flex,-25.0,-25.3953,-23.6206,-23.9941,1623,50,1048,0,12.2,37,staircase1,no_load,0.0
3.54246,0.326974,wrist_flex,-25.0,-25.3953,-23.6206,-23.9941,1623,50,1048,0,12.2,37,staircase1,no_load,0.0
3.553167,0.33768,wrist_flex,-25.0,-25.3023,-23.6206,-23.9063,1624,50,1044,0,12.3,37,staircase1,no_load,8.2
3.563423,0.347937,wrist_flex,-25.0,-25.2093,-23.6206,-23.8184,1625,100,24,0,12.2,37,staircase1,no_load,8.571
3.573825,0.358339,wrist_flex,-25.0,-25.1163,-23.6206,-23.7305,1626,100,24,0,12.3,37,staircase1,no_load,8.45
3.584015,0.368529,wrist_flex,-25.0,-25.1163,-23.6206,-23.7305,1626,50,20,0,12.3,37,staircase1,no_load,0.0
3.595328,0.379842,wrist_flex,-25.0,-25.1163,-23.6206,-23.7305,1626,0,20,0,12.2,37,staircase1,no_load,0.0
3.605801,0.390315,wrist_flex,-25.0,-25.1163,-23.6206,-23.7305,1626,0,0,0,12.3,37,staircase1,no_load,0.0
3.61684,0.401354,wrist_flex,-25.0,-25.1163,-23.6206,-23.7305,1626,0,0,0,12.2,37,staircase1,no_load,0.0
3.627287,0.411801,wrist_flex,-25.0,-25.1163,-23.6206,-23.7305,1626,0,0,0,12.3,37,staircase1,no_load,0.0
3.637607,0.422121,wrist_flex,-25.0,-25.1163,-23.6206,-23.7305,1626,0,0,0,12.2,39,staircase1,no_load,0.0
3.647948,0.432462,wrist_flex,-25.0,-25.1163,-23.6206,-23.7305,1626,0,0,0,12.2,37,staircase1,no_load,0.0
3.658297,0.442811,wrist_flex,-25.0,-25.1163,-23.6206,-23.7305,1626,0,0,0,12.3,37,staircase1,no_load,0.0
3.668471,0.452984,wrist_flex,-25.0,-25.1163,-23.6206,-23.7305,1626,0,0,0,12.2,37,staircase1,no_load,0.0
3.678994,0.463507,wrist_flex,-25.0,-25.0233,-23.6206,-23.6426,1627,50,0,0,12.2,37,staircase1,no_load,8.353
3.689266,0.47378,wrist_flex,-25.0,-25.0233,-23.6206,-23.6426,1627,50,0,0,12.2,37,staircase1,no_load,0.0
3.699806,0.48432,wrist_flex,-25.0,-25.0233,-23.6206,-23.6426,1627,0,0,0,12.2,37,staircase1,no_load,0.0
3.710299,0.494813,wrist_flex,-25.0,-25.0233,-23.6206,-23.6426,1627,0,0,0,12.2,37,staircase1,no_load,0.0
3.720711,0.505225,wrist_flex,-25.0,-25.0233,-23.6206,-23.6426,1627,0,0,0,12.2,37,staircase1,no_load,0.0
3.731138,0.515652,wrist_flex,-25.0,-25.0233,-23.6206,-23.6426,1627,0,0,0,12.2,37,staircase1,no_load,0.0
3.741336,0.52585,wrist_flex,-25.0,-25.0233,-23.6206,-23.6426,1627,0,0,0,12.3,37,staircase1,no_load,0.0
3.7517,0.536214,wrist_flex,-25.0,-25.0233,-23.6206,-23.6426,1627,0,0,0,12.2,37,staircase1,no_load,0.0
3.762423,0.546936,wrist_flex,-25.0,-25.0233,-23.6206,-23.6426,1627,0,0,0,12.2,37,staircase1,no_load,0.0
3.77268,0.557193,wrist_flex,-25.0,-25.0233,-23.6206,-23.6426,1627,0,0,0,12.2,37,staircase1,no_load,0.0
3.782823,0.567336,wrist_flex,-25.0,-25.0233,-23.6206,-23.6426,1627,0,0,0,12.2,37,staircase1,no_load,0.0
3.793459,0.577972,wrist_flex,-25.0,-25.0233,-23.6206,-23.6426,1627,0,0,0,12.2,37,staircase1,no_load,0.0
3.803688,0.588201,wrist_flex,-25.0,-25.0233,-23.6206,-23.6426,1627,0,0,0,12.2,37,staircase1,no_load,0.0
3.813924,0.598438,wrist_flex,-25.0,-25.0233,-23.6206,-23.6426,1627,0,0,0,12.2,37,staircase1,no_load,0.0
3.824141,0.608655,wrist_flex,-25.0,-25.0233,-23.6206,-23.6426,1627,0,0,0,12.3,37,staircase1,no_load,0.0
3.834638,0.619151,wrist_flex,-25.0,-25.0233,-23.6206,-23.6426,1627,0,0,0,12.2,37,staircase1,no_load,0.0
3.844813,0.629327,wrist_flex,-25.0,-25.0233,-23.6206,-23.6426,1627,0,0,0,12.2,37,staircase1,no_load,0.0
3.855711,0.640224,wrist_flex,-25.0,-25.0233,-23.6206,-23.6426,1627,0,0,0,12.2,37,staircase1,no_load,0.0
3.865876,0.65039,wrist_flex,-25.0,-25.0233,-23.6206,-23.6426,1627,0,0,0,12.2,37,staircase1,no_load,0.0
3.876044,0.660558,wrist_flex,-25.0,-25.0233,-23.6206,-23.6426,1627,0,0,0,12.2,37,staircase1,no_load,0.0
3.886592,0.671106,wrist_flex,-25.0,-25.0233,-23.6206,-23.6426,1627,0,0,0,12.2,37,staircase1,no_load,0.0
3.896853,0.681366,wrist_flex,-25.0,-25.0233,-23.6206,-23.6426,1627,0,0,0,12.2,37,staircase1,no_load,0.0
3.907296,0.69181,wrist_flex,-25.0,-25.0233,-23.6206,-23.6426,1627,0,0,0,12.2,37,staircase1,no_load,0.0
3.918669,0.703183,wrist_flex,-25.0,-25.0233,-23.6206,-23.6426,1627,0,0,0,12.3,37,staircase1,no_load,0.0
3.92967,0.714184,wrist_flex,-25.0,-25.0233,-23.6206,-23.6426,1627,0,0,0,12.3,37,staircase1,no_load,0.0
3.940115,0.724629,wrist_flex,-25.0,-25.0233,-23.6206,-23.6426,1627,0,0,0,12.2,37,staircase1,no_load,0.0
3.950313,0.734827,wrist_flex,-25.0,-25.0233,-23.6206,-23.6426,1627,0,0,0,12.3,37,staircase1,no_load,0.0
3.960809,0.745323,wrist_flex,-25.0,-25.0233,-23.6206,-23.6426,1627,0,0,0,12.2,37,staircase1,no_load,0.0
3.971453,0.755966,wrist_flex,-25.0,-25.0233,-23.6206,-23.6426,1627,0,0,0,12.2,37,staircase1,no_load,0.0
3.982058,0.766572,wrist_flex,-25.0,-25.0233,-23.6206,-23.6426,1627,0,0,0,12.2,37,staircase1,no_load,0.0
3.992191,0.776705,wrist_flex,-25.0,-25.0233,-23.6206,-23.6426,1627,0,0,0,12.2,37,staircase1,no_load,0.0
4.00294,0.787454,wrist_flex,-25.0,-25.0233,-23.6206,-23.6426,1627,0,0,0,12.2,37,staircase1,no_load,0.0
4.013899,0.798412,wrist_flex,-25.0,-25.0233,-23.6206,-23.6426,1627,0,0,0,12.2,37,staircase1,no_load,0.0
4.024891,0.809405,wrist_flex,-25.0,-25.0233,-23.6206,-23.6426,1627,0,0,0,12.2,37,staircase1,no_load,0.0
4.03597,0.820484,wrist_flex,-25.0,-25.0233,-23.6206,-23.6426,1627,0,0,0,12.2,37,staircase1,no_load,0.0
4.046173,0.830686,wrist_flex,-25.0,-25.0233,-23.6206,-23.6426,1627,0,0,0,12.2,37,staircase1,no_load,0.0
4.056375,0.840889,wrist_flex,-25.0,-25.0233,-23.6206,-23.6426,1627,0,0,0,12.2,37,staircase1,no_load,0.0
4.066637,0.851151,wrist_flex,-25.0,-25.0233,-23.6206,-23.6426,1627,0,0,0,12.3,37,staircase1,no_load,0.0
4.077006,0.86152,wrist_flex,-25.0,-25.0233,-23.6206,-23.6426,1627,0,0,0,12.2,37,staircase1,no_load,0.0
4.087238,0.871752,wrist_flex,-25.0,-25.0233,-23.6206,-23.6426,1627,0,0,0,12.2,37,staircase1,no_load,0.0
4.097502,0.882016,wrist_flex,-25.0,-25.0233,-23.6206,-23.6426,1627,0,0,0,12.2,37,staircase1,no_load,0.0
4.10826,0.892774,wrist_flex,-25.0,-25.0233,-23.6206,-23.6426,1627,0,0,0,12.2,37,staircase1,no_load,0.0
4.119577,0.90409,wrist_flex,-25.0,-25.0233,-23.6206,-23.6426,1627,0,0,0,12.2,37,staircase1,no_load,0.0
4.1301,0.914613,wrist_flex,-25.0,-25.0233,-23.6206,-23.6426,1627,0,0,0,12.3,37,staircase1,no_load,0.0
4.140809,0.925322,wrist_flex,-25.0,-25.0233,-23.6206,-23.6426,1627,0,0,0,12.2,37,staircase1,no_load,0.0
4.151194,0.935707,wrist_flex,-25.0,-25.0233,-23.6206,-23.6426,1627,0,0,0,12.2,37,staircase1,no_load,0.0
4.161532,0.946045,wrist_flex,-25.0,-25.0233,-23.6206,-23.6426,1627,0,0,0,12.2,37,staircase1,no_load,0.0
4.171941,0.956454,wrist_flex,-25.0,-25.0233,-23.6206,-23.6426,1627,0,0,0,12.2,37,staircase1,no_load,0.0
4.182269,0.966783,wrist_flex,-25.0,-25.0233,-23.6206,-23.6426,1627,0,0,0,12.2,37,staircase1,no_load,0.0
4.193136,0.977649,wrist_flex,-25.0,-25.0233,-23.6206,-23.6426,1627,0,0,0,12.2,37,staircase1,no_load,0.0
4.204088,0.988602,wrist_flex,-25.0,-25.0233,-23.6206,-23.6426,1627,0,0,0,12.2,37,staircase1,no_load,0.0
4.215162,0.999675,wrist_flex,-25.0,-25.0233,-23.6206,-23.6426,1627,0,0,0,12.2,37,staircase1,no_load,0.0
4.225538,1.010052,wrist_flex,-25.0,-25.0233,-23.6206,-23.6426,1627,0,0,0,12.2,37,staircase1,no_load,0.0
4.23622,1.020734,wrist_flex,-25.0,-25.0233,-23.6206,-23.6426,1627,0,0,0,12.3,37,staircase1,no_load,0.0
4.247294,1.031807,wrist_flex,-25.0,-25.0233,-23.6206,-23.6426,1627,0,0,0,12.2,37,staircase1,no_load,0.0
4.257983,1.042497,wrist_flex,-25.0,-25.0233,-23.6206,-23.6426,1627,0,0,0,12.3,37,staircase1,no_load,0.0
4.268792,1.053306,wrist_flex,-25.0,-25.0233,-23.6206,-23.6426,1627,0,0,0,12.2,37,staircase1,no_load,0.0
4.279737,1.064251,wrist_flex,-25.0,-25.0233,-23.6206,-23.6426,1627,0,0,0,12.2,37,staircase1,no_load,0.0
4.29006,1.074574,wrist_flex,-25.0,-25.0233,-23.6206,-23.6426,1627,0,0,0,12.2,37,staircase1,no_load,0.0
4.300548,1.085061,wrist_flex,-25.0,-25.0233,-23.6206,-23.6426,1627,0,0,0,12.3,37,staircase1,no_load,0.0
4.311762,1.096276,wrist_flex,-25.0,-25.0233,-23.6206,-23.6426,1627,0,0,0,12.2,37,staircase1,no_load,0.0
4.322983,1.107497,wrist_flex,-25.0,-25.0233,-23.6206,-23.6426,1627,0,0,0,12.2,37,staircase1,no_load,0.0
4.333626,1.118139,wrist_flex,-25.0,-25.0233,-23.6206,-23.6426,1627,0,0,0,12.2,37,staircase1,no_load,0.0
4.344021,1.128535,wrist_flex,-25.0,-25.0233,-23.6206,-23.6426,1627,0,0,0,12.3,37,staircase1,no_load,0.0
4.354536,1.139049,wrist_flex,-25.0,-25.0233,-23.6206,-23.6426,1627,0,0,0,12.2,37,staircase1,no_load,0.0
4.364748,1.149261,wrist_flex,-25.0,-25.0233,-23.6206,-23.6426,1627,0,0,0,12.2,37,staircase1,no_load,0.0
4.375719,1.160232,wrist_flex,-25.0,-25.0233,-23.6206,-23.6426,1627,0,0,0,12.2,37,staircase1,no_load,0.0
4.386549,1.171062,wrist_flex,-25.0,-25.0233,-23.6206,-23.6426,1627,0,0,0,12.2,37,staircase1,no_load,0.0
4.397038,1.181552,wrist_flex,-25.0,-25.0233,-23.6206,-23.6426,1627,0,0,0,12.2,37,staircase1,no_load,0.0
4.407943,1.192457,wrist_flex,-25.0,-25.0233,-23.6206,-23.6426,1627,0,0,0,12.2,37,staircase1,no_load,0.0
4.418303,1.202817,wrist_flex,-25.0,-25.0233,-23.6206,-23.6426,1627,0,0,0,12.2,37,staircase1,no_load,0.0
4.428784,1.213298,wrist_flex,-25.0,-25.0233,-23.6206,-23.6426,1627,0,0,0,12.2,37,staircase1,no_load,0.0
4.439618,1.224132,wrist_flex,-25.0,-25.0233,-23.6206,-23.6426,1627,0,0,0,12.2,37,staircase1,no_load,0.0
4.449932,1.234445,wrist_flex,-25.0,-25.0233,-23.6206,-23.6426,1627,0,0,0,12.2,37,staircase1,no_load,0.0
4.46043,1.244944,wrist_flex,-25.0,-25.0233,-23.6206,-23.6426,1627,0,0,0,12.2,37,staircase1,no_load,0.0
4.471085,1.255598,wrist_flex,-25.0,-25.0233,-23.6206,-23.6426,1627,0,0,0,12.3,37,staircase1,no_load,0.0
4.481382,1.265896,wrist_flex,-25.0,-25.0233,-23.6206,-23.6426,1627,0,0,0,11.8,37,staircase1,no_load,0.0
4.491922,1.276436,wrist_flex,-25.0,-25.0233,-23.6206,-23.6426,1627,0,0,0,12.2,37,staircase1,no_load,0.0
4.502196,1.286709,wrist_flex,-25.0,-25.0233,-23.6206,-23.6426,1627,0,0,0,12.2,37,staircase1,no_load,0.0
4.513276,1.29779,wrist_flex,-25.0,-25.0233,-23.6206,-23.6426,1627,0,0,0,12.2,37,staircase1,no_load,0.0
4.523548,1.308061,wrist_flex,-25.0,-25.0233,-23.6206,-23.6426,1627,0,0,0,12.3,37,staircase1,no_load,0.0
4.533834,1.318348,wrist_flex,-25.0,-25.0233,-23.6206,-23.6426,1627,0,0,0,12.2,37,staircase1,no_load,0.0
4.544279,1.328793,wrist_flex,-25.0,-25.0233,-23.6206,-23.6426,1627,0,0,0,12.3,37,staircase1,no_load,0.0
4.555304,1.339818,wrist_flex,-25.0,-25.0233,-23.6206,-23.6426,1627,0,0,0,12.2,37,staircase1,no_load,0.0
4.565894,1.350407,wrist_flex,-25.0,-25.0233,-23.6206,-23.6426,1627,0,0,0,12.2,37,staircase1,no_load,0.0
4.576878,1.361392,wrist_flex,-25.0,-25.0233,-23.6206,-23.6426,1627,0,0,0,12.3,37,staircase1,no_load,0.0
4.587733,1.372247,wrist_flex,-25.0,-25.0233,-23.6206,-23.6426,1627,0,0,0,12.2,37,staircase1,no_load,0.0
4.598247,1.382761,wrist_flex,-25.0,-25.0233,-23.6206,-23.6426,1627,0,0,0,12.2,37,staircase1,no_load,0.0
4.608507,1.393021,wrist_flex,-25.0,-25.0233,-23.6206,-23.6426,1627,0,0,0,12.2,37,staircase1,no_load,0.0
4.618635,1.403149,wrist_flex,-25.0,-25.0233,-23.6206,-23.6426,1627,0,0,0,12.2,37,staircase1,no_load,0.0
4.629294,1.413808,wrist_flex,-25.0,-25.0233,-23.6206,-23.6426,1627,0,0,0,12.2,37,staircase1,no_load,0.0
4.639896,1.424409,wrist_flex,-25.0,-25.0233,-23.6206,-23.6426,1627,0,0,0,12.2,37,staircase1,no_load,0.0
4.651122,1.435635,wrist_flex,-25.0,-25.0233,-23.6206,-23.6426,1627,0,0,0,12.3,37,staircase1,no_load,0.0
4.661586,1.446099,wrist_flex,-25.0,-25.0233,-23.6206,-23.6426,1627,0,0,0,12.2,37,staircase1,no_load,0.0
4.672147,1.456661,wrist_flex,-25.0,-25.0233,-23.6206,-23.6426,1627,0,0,0,12.2,37,staircase1,no_load,0.0
4.682714,1.467228,wrist_flex,-25.0,-25.0233,-23.6206,-23.6426,1627,0,0,0,12.3,37,staircase1,no_load,0.0
4.693344,1.477858,wrist_flex,-25.0,-25.0233,-23.6206,-23.6426,1627,0,0,0,12.2,37,staircase1,no_load,0.0
4.703785,1.488299,wrist_flex,-25.0,-25.0233,-23.6206,-23.6426,1627,0,0,0,12.3,37,staircase1,no_load,0.0
4.713983,1.498496,wrist_flex,-25.0,-25.0233,-23.6206,-23.6426,1627,0,0,0,12.3,37,staircase1,no_load,0.0
4.724792,1.509306,wrist_flex,-25.0,-25.0233,-23.6206,-23.6426,1627,0,0,0,12.2,37,staircase1,no_load,0.0
4.735433,1.519947,wrist_flex,-25.0,-25.0233,-23.6206,-23.6426,1627,0,0,0,12.2,37,staircase1,no_load,0.0
4.745702,1.530216,wrist_flex,-25.0,-25.0233,-23.6206,-23.6426,1627,0,0,0,12.2,37,staircase1,no_load,0.0
4.756406,1.54092,wrist_flex,-25.0,-25.0233,-23.6206,-23.6426,1627,0,0,0,12.2,37,staircase1,no_load,0.0
4.767268,1.551781,wrist_flex,-25.0,-25.0233,-23.6206,-23.6426,1627,0,0,0,12.2,37,staircase1,no_load,0.0
4.778308,1.562821,wrist_flex,-25.0,-25.0233,-23.6206,-23.6426,1627,0,0,0,12.1,37,staircase1,no_load,0.0
4.788505,1.573019,wrist_flex,-25.0,-25.0233,-23.6206,-23.6426,1627,0,0,0,12.2,37,staircase1,no_load,0.0
4.798961,1.583475,wrist_flex,-25.0,-25.0233,-23.6206,-23.6426,1627,0,0,0,12.2,37,staircase1,no_load,0.0
4.809264,1.593778,wrist_flex,-25.0,-25.0233,-23.6206,-23.6426,1627,0,0,0,12.3,37,staircase1,no_load,0.0
4.820773,7e-06,wrist_flex,-12.5,-25.0233,-11.8103,-23.6426,1627,0,0,0,12.2,37,staircase1,no_load,0.0
4.831004,0.010238,wrist_flex,-12.5,-25.0233,-11.8103,-23.6426,1627,0,0,0,12.2,37,staircase1,no_load,0.0
4.841319,0.020552,wrist_flex,-12.5,-25.0233,-11.8103,-23.6426,1627,0,1060,0,12.2,37,staircase1,no_load,0.0
4.851658,0.030892,wrist_flex,-12.5,-25.0233,-11.8103,-23.6426,1627,0,1132,5,12.2,37,staircase1,no_load,0.0
4.861952,0.041185,wrist_flex,-12.5,-24.9302,-11.8103,-23.5547,1628,50,1172,6,12.3,37,staircase1,no_load,8.539
4.87242,0.051653,wrist_flex,-12.5,-24.7442,-11.8103,-23.3789,1630,50,1240,9,12.2,37,staircase1,no_load,16.794
4.883182,0.062415,wrist_flex,-12.5,-24.186,-11.8103,-22.8516,1636,400,1284,9,12.2,37,staircase1,no_load,48.996
4.893698,0.072931,wrist_flex,-12.5,-23.5349,-11.8103,-22.2363,1643,400,1340,11,12.2,37,staircase1,no_load,58.511
4.904096,0.083329,wrist_flex,-12.5,-22.7907,-11.8103,-21.5332,1651,700,1372,11,12.2,37,staircase1,no_load,67.619
4.914729,0.093963,wrist_flex,-12.5,-21.7674,-11.8103,-20.5664,1662,700,1372,7,12.2,37,staircase1,no_load,90.924
4.925884,0.105117,wrist_flex,-12.5,-20.6512,-11.8103,-19.5117,1674,1050,1372,0,12.2,37,staircase1,no_load,94.55
4.936307,0.11554,wrist_flex,-12.5,-19.5349,-11.8103,-18.457,1686,1050,1304,0,12.2,37,staircase1,no_load,101.19
4.946486,0.12572,wrist_flex,-12.5,-18.5116,-11.8103,-17.4902,1697,1100,1288,0,12.3,37,staircase1,no_load,94.98
4.957662,0.136895,wrist_flex,-12.5,-17.4884,-11.8103,-16.5234,1708,1100,1204,0,12.2,37,staircase1,no_load,86.507
4.967979,0.147213,wrist_flex,-12.5,-16.5581,-11.8103,-15.6445,1718,1000,1148,0,12.2,36,staircase1,no_load,85.189
4.978307,0.157541,wrist_flex,-12.5,-15.907,-11.8103,-15.0293,1725,1000,1120,0,12.2,37,staircase1,no_load,59.566
4.98849,0.167724,wrist_flex,-12.5,-15.3488,-11.8103,-14.502,1731,750,1104,0,12.2,37,staircase1,no_load,51.782
4.999388,0.178621,wrist_flex,-12.5,-14.8837,-11.8103,-14.0625,1736,750,1088,0,12.2,37,staircase1,no_load,40.329
5.010038,0.189271,wrist_flex,-12.5,-14.6047,-11.8103,-13.7988,1739,450,1092,0,12.2,37,staircase1,no_load,24.761
5.020386,0.199619,wrist_flex,-12.5,-14.3256,-11.8103,-13.5352,1742,450,1080,0,12.2,37,staircase1,no_load,25.474
5.030642,0.209876,wrist_flex,-12.5,-14.0465,-11.8103,-13.2715,1745,300,1084,0,12.2,54,staircase1,no_load,25.712
5.041687,0.220921,wrist_flex,-12.5,-13.7674,-11.8103,-13.0078,1748,250,1072,0,12.2,37,staircase1,no_load,23.875
5.052635,0.231869,wrist_flex,-12.5,-13.5814,-11.8103,-12.832,1750,250,1064,0,12.2,37,staircase1,no_load,16.058
5.063318,0.242552,wrist_flex,-12.5,-13.3953,-11.8103,-12.6562,1752,200,1056,0,12.2,37,staircase1,no_load,16.456
5.073773,0.253007,wrist_flex,-12.5,-13.2093,-11.8103,-12.4805,1754,200,1052,0,12.3,37,staircase1,no_load,16.805
5.084382,0.263615,wrist_flex,-12.5,-13.1163,-11.8103,-12.3926,1755,150,1048,0,12.2,37,staircase1,no_load,8.285
5.09478,0.274013,wrist_flex,-12.5,-13.0233,-11.8103,-12.3047,1756,150,1052,0,12.2,37,staircase1,no_load,8.454
5.10581,0.285044,wrist_flex,-12.5,-12.9302,-11.8103,-12.2168,1757,100,1048,0,12.2,37,staircase1,no_load,7.969
5.116536,0.295769,wrist_flex,-12.5,-12.8372,-11.8103,-12.1289,1758,100,1044,0,12.2,37,staircase1,no_load,8.195
5.127285,0.306519,wrist_flex,-12.5,-12.8372,-11.8103,-12.1289,1758,50,1048,0,12.2,37,staircase1,no_load,0.0
5.137978,0.317211,wrist_flex,-12.5,-12.8372,-11.8103,-12.1289,1758,50,1048,0,12.2,37,staircase1,no_load,0.0
5.148416,0.327649,wrist_flex,-12.5,-12.7442,-11.8103,-12.041,1759,0,1044,0,12.2,37,staircase1,no_load,8.421
5.158794,0.338028,wrist_flex,-12.5,-12.7442,-11.8103,-12.041,1759,0,0,0,12.2,37,staircase1,no_load,0.0
5.170009,0.349243,wrist_flex,-12.5,-12.6512,-11.8103,-11.9531,1760,100,0,0,12.2,37,staircase1,no_load,7.838
5.180852,0.360086,wrist_flex,-12.5,-12.5581,-11.8103,-11.8652,1761,0,20,0,12.3,37,staircase1,no_load,8.107
5.191116,0.37035,wrist_flex,-12.5,-12.5581,-11.8103,-11.8652,1761,0,20,0,12.2,37,staircase1,no_load,0.0
5.20155,0.380784,wrist_flex,-12.5,-12.5581,-11.8103,-11.8652,1761,50,20,0,12.3,37,staircase1,no_load,0.0
5.212403,0.391636,wrist_flex,-12.5,-12.5581,-11.8103,-11.8652,1761,50,0,0,12.2,37,staircase1,no_load,0.0
5.222795,0.402029,wrist_flex,-12.5,-12.5581,-11.8103,-11.8652,1761,0,0,0,12.3,37,staircase1,no_load,0.0
5.233477,0.41271,wrist_flex,-12.5,-12.5581,-11.8103,-11.8652,1761,0,0,0,12.2,37,staircase1,no_load,0.0
5.244075,0.423308,wrist_flex,-12.5,-12.5581,-11.8103,-11.8652,1761,0,0,0,12.2,37,staircase1,no_load,0.0
5.255536,0.434769,wrist_flex,-12.5,-12.5581,-11.8103,-11.8652,1761,0,0,0,12.2,37,staircase1,no_load,0.0
5.266261,0.445494,wrist_flex,-12.5,-12.5581,-11.8103,-11.8652,1761,0,0,0,12.2,37,staircase1,no_load,0.0
5.276952,0.456185,wrist_flex,-12.5,-12.5581,-11.8103,-11.8652,1761,0,0,0,12.3,37,staircase1,no_load,0.0
5.287566,0.4668,wrist_flex,-12.5,-12.5581,-11.8103,-11.8652,1761,0,0,0,12.2,37,staircase1,no_load,0.0
5.298407,0.47764,wrist_flex,-12.5,-12.5581,-11.8103,-11.8652,1761,0,0,0,12.2,37,staircase1,no_load,0.0
5.308722,0.487955,wrist_flex,-12.5,-12.5581,-11.8103,-11.8652,1761,0,0,0,12.3,37,staircase1,no_load,0.0
5.319096,0.49833,wrist_flex,-12.5,-12.5581,-11.8103,-11.8652,1761,0,0,0,12.2,37,staircase1,no_load,0.0
5.329424,0.508657,wrist_flex,-12.5,-12.5581,-11.8103,-11.8652,1761,0,0,0,12.2,37,staircase1,no_load,0.0
5.339633,0.518866,wrist_flex,-12.5,-12.5581,-11.8103,-11.8652,1761,0,0,0,12.3,37,staircase1,no_load,0.0
5.35011,0.529343,wrist_flex,-12.5,-12.5581,-11.8103,-11.8652,1761,0,0,0,12.3,37,staircase1,no_load,0.0
5.361254,0.540488,wrist_flex,-12.5,-12.5581,-11.8103,-11.8652,1761,0,0,0,12.2,37,staircase1,no_load,0.0
5.372027,0.55126,wrist_flex,-12.5,-12.5581,-11.8103,-11.8652,1761,0,0,0,12.2,37,staircase1,no_load,0.0
5.382991,0.562225,wrist_flex,-12.5,-12.5581,-11.8103,-11.8652,1761,0,0,0,12.2,37,staircase1,no_load,0.0
5.393658,0.572892,wrist_flex,-12.5,-12.5581,-11.8103,-11.8652,1761,0,0,0,12.2,37,staircase1,no_load,0.0
5.403885,0.583118,wrist_flex,-12.5,-12.5581,-11.8103,-11.8652,1761,0,0,0,12.2,37,staircase1,no_load,0.0
5.414167,0.593401,wrist_flex,-12.5,-12.5581,-11.8103,-11.8652,1761,0,0,0,12.2,37,staircase1,no_load,0.0
5.425321,0.604554,wrist_flex,-12.5,-12.5581,-11.8103,-11.8652,1761,0,0,0,12.3,37,staircase1,no_load,0.0
5.435777,0.61501,wrist_flex,-12.5,-12.5581,-11.8103,-11.8652,1761,0,0,0,12.2,37,staircase1,no_load,0.0
5.446546,0.625779,wrist_flex,-12.5,-12.5581,-11.8103,-11.8652,1761,0,0,0,12.2,37,staircase1,no_load,0.0
5.45692,0.636154,wrist_flex,-12.5,-12.5581,-11.8103,-11.8652,1761,0,0,0,12.2,37,staircase1,no_load,0.0
5.467598,0.646831,wrist_flex,-12.5,-12.5581,-11.8103,-11.8652,1761,0,0,0,12.2,37,staircase1,no_load,0.0
5.478307,0.657541,wrist_flex,-12.5,-12.5581,-11.8103,-11.8652,1761,0,0,0,12.3,37,staircase1,no_load,0.0
5.488923,0.668156,wrist_flex,-12.5,-12.5581,-11.8103,-11.8652,1761,0,0,0,12.3,37,staircase1,no_load,0.0
5.500217,0.67945,wrist_flex,-12.5,-12.5581,-11.8103,-11.8652,1761,0,0,0,12.2,37,staircase1,no_load,0.0
5.510381,0.689615,wrist_flex,-12.5,-12.5581,-11.8103,-11.8652,1761,0,0,0,12.2,37,staircase1,no_load,0.0
5.520777,0.700011,wrist_flex,-12.5,-12.5581,-11.8103,-11.8652,1761,0,0,0,12.2,37,staircase1,no_load,0.0
5.531817,0.71105,wrist_flex,-12.5,-12.5581,-11.8103,-11.8652,1761,0,0,0,12.2,37,staircase1,no_load,0.0
5.542602,0.721835,wrist_flex,-12.5,-12.5581,-11.8103,-11.8652,1761,0,0,0,12.3,37,staircase1,no_load,0.0
5.552994,0.732228,wrist_flex,-12.5,-12.5581,-11.8103,-11.8652,1761,0,0,0,12.3,37,staircase1,no_load,0.0
5.563583,0.742816,wrist_flex,-12.5,-12.5581,-11.8103,-11.8652,1761,0,0,0,12.3,37,staircase1,no_load,0.0
5.574062,0.753295,wrist_flex,-12.5,-12.5581,-11.8103,-11.8652,1761,0,0,0,12.3,37,staircase1,no_load,0.0
5.58481,0.764043,wrist_flex,-12.5,-12.5581,-11.8103,-11.8652,1761,0,0,0,12.3,37,staircase1,no_load,0.0
5.595534,0.774767,wrist_flex,-12.5,-12.5581,-11.8103,-11.8652,1761,0,0,0,12.2,37,staircase1,no_load,0.0
5.60679,0.786024,wrist_flex,-12.5,-12.5581,-11.8103,-11.8652,1761,0,0,0,12.2,37,staircase1,no_load,0.0
5.617463,0.796697,wrist_flex,-12.5,-12.5581,-11.8103,-11.8652,1761,0,0,0,12.2,37,staircase1,no_load,0.0
5.62822,0.807453,wrist_flex,-12.5,-12.5581,-11.8103,-11.8652,1761,0,0,0,12.2,37,staircase1,no_load,0.0
5.638599,0.817833,wrist_flex,-12.5,-12.5581,-11.8103,-11.8652,1761,0,0,0,12.3,37,staircase1,no_load,0.0
5.649688,0.828922,wrist_flex,-12.5,-12.5581,-11.8103,-11.8652,1761,0,0,0,12.2,37,staircase1,no_load,0.0
5.660193,0.839426,wrist_flex,-12.5,-12.5581,-11.8103,-11.8652,1761,0,0,0,12.2,37,staircase1,no_load,0.0
5.670552,0.849785,wrist_flex,-12.5,-12.5581,-11.8103,-11.8652,1761,0,0,0,12.2,37,staircase1,no_load,0.0
5.681055,0.860289,wrist_flex,-12.5,-12.5581,-11.8103,-11.8652,1761,0,0,0,12.3,37,staircase1,no_load,0.0
5.691719,0.870953,wrist_flex,-12.5,-12.5581,-11.8103,-11.8652,1761,0,0,0,12.2,37,staircase1,no_load,0.0
5.702068,0.881302,wrist_flex,-12.5,-12.5581,-11.8103,-11.8652,1761,0,0,0,12.2,37,staircase1,no_load,0.0
5.712289,0.891523,wrist_flex,-12.5,-12.5581,-11.8103,-11.8652,1761,0,0,0,12.2,37,staircase1,no_load,0.0
5.72273,0.901964,wrist_flex,-12.5,-12.5581,-11.8103,-11.8652,1761,0,0,0,12.3,37,staircase1,no_load,0.0
5.733144,0.912378,wrist_flex,-12.5,-12.5581,-11.8103,-11.8652,1761,0,0,0,12.3,37,staircase1,no_load,0.0
5.743324,0.922558,wrist_flex,-12.5,-12.5581,-11.8103,-11.8652,1761,0,0,0,12.2,37,staircase1,no_load,0.0
5.753701,0.932934,wrist_flex,-12.5,-12.5581,-11.8103,-11.8652,1761,0,0,0,12.2,37,staircase1,no_load,0.0
5.763949,0.943182,wrist_flex,-12.5,-12.5581,-11.8103,-11.8652,1761,0,0,0,12.3,37,staircase1,no_load,0.0
5.774659,0.953892,wrist_flex,-12.5,-12.5581,-11.8103,-11.8652,1761,0,0,0,12.3,37,staircase1,no_load,0.0
5.785407,0.96464,wrist_flex,-12.5,-12.5581,-11.8103,-11.8652,1761,0,0,0,12.3,37,staircase1,no_load,0.0
5.796128,0.975361,wrist_flex,-12.5,-12.5581,-11.8103,-11.8652,1761,0,0,0,12.2,37,staircase1,no_load,0.0
5.807076,0.98631,wrist_flex,-12.5,-12.5581,-11.8103,-11.8652,1761,0,0,0,12.2,37,staircase1,no_load,0.0
5.817681,0.996914,wrist_flex,-12.5,-12.5581,-11.8103,-11.8652,1761,0,0,0,12.2,37,staircase1,no_load,0.0
5.827907,1.00714,wrist_flex,-12.5,-12.5581,-11.8103,-11.8652,1761,0,0,0,12.2,37,staircase1,no_load,0.0
5.838794,1.018027,wrist_flex,-12.5,-12.5581,-11.8103,-11.8652,1761,0,0,6,12.3,37,staircase1,no_load,0.0
5.848968,1.028201,wrist_flex,-12.5,-12.5581,-11.8103,-11.8652,1761,0,0,0,12.3,37,staircase1,no_load,0.0
5.859338,1.038571,wrist_flex,-12.5,-12.5581,-11.8103,-11.8652,1761,0,0,0,12.2,37,staircase1,no_load,0.0
5.869729,1.048962,wrist_flex,-12.5,-12.5581,-11.8103,-11.8652,1761,0,0,0,12.2,37,staircase1,no_load,0.0
5.879922,1.059155,wrist_flex,-12.5,-12.5581,-11.8103,-11.8652,1761,0,0,0,12.2,37,staircase1,no_load,0.0
5.890134,1.069367,wrist_flex,-12.5,-12.5581,-11.8103,-11.8652,1761,0,0,0,12.2,37,staircase1,no_load,0.0
5.901031,1.080265,wrist_flex,-12.5,-12.5581,-11.8103,-11.8652,1761,0,0,0,12.3,37,staircase1,no_load,0.0
5.911447,1.09068,wrist_flex,-12.5,-12.5581,-11.8103,-11.8652,1761,0,0,0,12.2,37,staircase1,no_load,0.0
5.921763,1.100996,wrist_flex,-12.5,-12.5581,-11.8103,-11.8652,1761,0,0,0,12.3,37,staircase1,no_load,0.0
5.932291,1.111525,wrist_flex,-12.5,-12.5581,-11.8103,-11.8652,1761,0,0,0,12.2,37,staircase1,no_load,0.0
5.942573,1.121807,wrist_flex,-12.5,-12.5581,-11.8103,-11.8652,1761,0,0,0,12.2,37,staircase1,no_load,0.0
5.953736,1.132969,wrist_flex,-12.5,-12.5581,-11.8103,-11.8652,1761,0,0,0,12.3,38,staircase1,no_load,0.0
5.964044,1.143278,wrist_flex,-12.5,-12.5581,-11.8103,-11.8652,1761,0,0,0,12.2,37,staircase1,no_load,0.0
5.97431,1.153544,wrist_flex,-12.5,-12.5581,-11.8103,-11.8652,1761,0,0,0,12.2,37,staircase1,no_load,0.0
5.984803,1.164036,wrist_flex,-12.5,-12.5581,-11.8103,-11.8652,1761,0,0,0,12.3,37,staircase1,no_load,0.0
5.995121,1.174355,wrist_flex,-12.5,-12.5581,-11.8103,-11.8652,1761,0,0,0,12.2,37,staircase1,no_load,0.0
6.005424,1.184658,wrist_flex,-12.5,-12.5581,-11.8103,-11.8652,1761,0,0,0,12.3,37,staircase1,no_load,0.0
6.015749,1.194982,wrist_flex,-12.5,-12.5581,-11.8103,-11.8652,1761,0,0,0,12.3,37,staircase1,no_load,0.0
6.026676,1.205909,wrist_flex,-12.5,-12.5581,-11.8103,-11.8652,1761,0,0,0,12.3,37,staircase1,no_load,0.0
6.037677,1.216911,wrist_flex,-12.5,-12.5581,-11.8103,-11.8652,1761,0,0,0,12.2,37,staircase1,no_load,0.0
6.048405,1.227638,wrist_flex,-12.5,-12.5581,-11.8103,-11.8652,1761,0,0,0,12.2,37,staircase1,no_load,0.0
6.058936,1.238169,wrist_flex,-12.5,-12.5581,-11.8103,-11.8652,1761,0,0,0,12.2,37,staircase1,no_load,0.0
6.069712,1.248945,wrist_flex,-12.5,-12.5581,-11.8103,-11.8652,1761,0,0,0,12.2,37,staircase1,no_load,0.0
6.079977,1.25921,wrist_flex,-12.5,-12.5581,-11.8103,-11.8652,1761,0,0,0,12.3,37,staircase1,no_load,0.0
6.090189,1.269422,wrist_flex,-12.5,-12.5581,-11.8103,-11.8652,1761,0,0,0,12.2,37,staircase1,no_load,0.0
6.100527,1.279761,wrist_flex,-12.5,-12.5581,-11.8103,-11.8652,1761,0,0,0,12.2,37,staircase1,no_load,0.0
6.110842,1.290075,wrist_flex,-12.5,-12.5581,-11.8103,-11.8652,1761,0,0,0,12.2,37,staircase1,no_load,0.0
6.121077,1.30031,wrist_flex,-12.5,-12.5581,-11.8103,-11.8652,1761,0,0,0,12.2,37,staircase1,no_load,0.0
6.131879,1.311112,wrist_flex,-12.5,-12.5581,-11.8103,-11.8652,1761,0,0,0,12.2,37,staircase1,no_load,0.0
6.142397,1.32163,wrist_flex,-12.5,-12.5581,-11.8103,-11.8652,1761,0,0,0,12.3,37,staircase1,no_load,0.0
6.153089,1.332323,wrist_flex,-12.5,-12.5581,-11.8103,-11.8652,1761,0,0,0,12.2,37,staircase1,no_load,0.0
6.163757,1.342991,wrist_flex,-12.5,-12.5581,-11.8103,-11.8652,1761,0,0,0,12.2,37,staircase1,no_load,0.0
6.174546,1.35378,wrist_flex,-12.5,-12.5581,-11.8103,-11.8652,1761,0,0,0,12.3,37,staircase1,no_load,0.0
6.184999,1.364233,wrist_flex,-12.5,-12.5581,-11.8103,-11.8652,1761,0,0,0,12.2,37,staircase1,no_load,0.0
6.195857,1.37509,wrist_flex,-12.5,-12.5581,-11.8103,-11.8652,1761,0,0,0,12.2,37,staircase1,no_load,0.0
6.2066,1.385834,wrist_flex,-12.5,-12.5581,-11.8103,-11.8652,1761,0,0,0,12.2,37,staircase1,no_load,0.0
6.21679,1.396024,wrist_flex,-12.5,-12.5581,-11.8103,-11.8652,1761,0,0,0,12.2,37,staircase1,no_load,0.0
6.22771,1.406944,wrist_flex,-12.5,-12.5581,-11.8103,-11.8652,1761,0,0,0,12.2,37,staircase1,no_load,0.0
6.238052,1.417286,wrist_flex,-12.5,-12.5581,-11.8103,-11.8652,1761,0,0,0,12.2,37,staircase1,no_load,0.0
6.248961,1.428194,wrist_flex,-12.5,-12.5581,-11.8103,-11.8652,1761,0,0,0,12.2,37,staircase1,no_load,0.0
6.259304,1.438538,wrist_flex,-12.5,-12.5581,-11.8103,-11.8652,1761,0,0,0,12.2,37,staircase1,no_load,0.0
6.269589,1.448822,wrist_flex,-12.5,-12.5581,-11.8103,-11.8652,1761,0,0,0,12.2,37,staircase1,no_load,0.0
6.280373,1.459606,wrist_flex,-12.5,-12.5581,-11.8103,-11.8652,1761,0,0,0,12.2,37,staircase1,no_load,0.0
6.291302,1.470535,wrist_flex,-12.5,-12.5581,-11.8103,-11.8652,1761,0,0,0,12.3,37,staircase1,no_load,0.0
6.301667,1.4809,wrist_flex,-12.5,-12.5581,-11.8103,-11.8652,1761,0,0,0,12.2,37,staircase1,no_load,0.0
6.312722,1.491956,wrist_flex,-12.5,-12.5581,-11.8103,-11.8652,1761,0,0,0,12.2,37,staircase1,no_load,0.0
6.323864,1.503097,wrist_flex,-12.5,-12.5581,-11.8103,-11.8652,1761,0,0,0,12.2,37,staircase1,no_load,0.0
6.334462,1.513695,wrist_flex,-12.5,-12.5581,-11.8103,-11.8652,1761,0,0,0,12.2,37,staircase1,no_load,0.0
6.344649,1.523883,wrist_flex,-12.5,-12.5581,-11.8103,-11.8652,1761,0,0,0,12.2,37,staircase1,no_load,0.0
6.354825,1.534058,wrist_flex,-12.5,-12.5581,-11.8103,-11.8652,1761,0,0,0,12.2,37,staircase1,no_load,0.0
6.365661,1.544894,wrist_flex,-12.5,-12.5581,-11.8103,-11.8652,1761,0,0,0,12.2,37,staircase1,no_load,0.0
6.375984,1.555218,wrist_flex,-12.5,-12.5581,-11.8103,-11.8652,1761,0,0,0,12.2,37,staircase1,no_load,0.0
6.386923,1.566156,wrist_flex,-12.5,-12.5581,-11.8103,-11.8652,1761,0,0,0,12.2,37,staircase1,no_load,0.0
6.397245,1.576478,wrist_flex,-12.5,-12.5581,-11.8103,-11.8652,1761,0,0,0,12.3,37,staircase1,no_load,0.0
6.407585,1.586819,wrist_flex,-12.5,-12.5581,-11.8103,-11.8652,1761,0,0,0,12.2,37,staircase1,no_load,0.0
6.417841,1.597074,wrist_flex,-12.5,-12.5581,-11.8103,-11.8652,1761,0,0,0,12.2,37,staircase1,no_load,0.0
6.429537,7e-06,wrist_flex,0.0,-12.5581,0.0,-11.8652,1761,0,0,0,12.2,37,staircase1,no_load,0.0
6.439881,0.010351,wrist_flex,0.0,-12.5581,0.0,-11.8652,1761,0,1048,0,12.2,37,staircase1,no_load,0.0
6.450238,0.020708,wrist_flex,0.0,-12.5581,0.0,-11.8652,1761,0,1064,2,12.2,37,staircase1,no_load,0.0
6.460715,0.031184,wrist_flex,0.0,-12.4651,0.0,-11.7773,1762,0,1128,2,12.2,37,staircase1,no_load,8.39
6.470983,0.041452,wrist_flex,0.0,-12.3721,0.0,-11.6895,1763,100,1168,7,12.3,37,staircase1,no_load,8.551
6.481429,0.051898,wrist_flex,0.0,-12.0,0.0,-11.3379,1767,100,1236,7,12.2,37,staircase1,no_load,33.659
6.492,0.06247,wrist_flex,0.0,-11.5349,0.0,-10.8984,1772,350,1296,10,12.2,37,staircase1,no_load,41.576
6.50267,0.073139,wrist_flex,0.0,-10.8837,0.0,-10.2832,1779,350,1340,11,12.2,37,staircase1,no_load,57.657
6.513448,0.083917,wrist_flex,0.0,-10.0465,0.0,-9.4922,1788,650,1372,9,12.2,37,staircase1,no_load,73.39
6.523707,0.094176,wrist_flex,0.0,-9.0233,0.0,-8.5254,1799,650,1380,6,12.2,37,staircase1,no_load,94.239
6.534467,0.104937,wrist_flex,0.0,-7.814,0.0,-7.3828,1812,1050,1312,0,12.2,37,staircase1,no_load,106.19
6.544826,0.115296,wrist_flex,0.0,-6.7907,0.0,-6.416,1823,1050,1296,0,12.2,37,staircase1,no_load,93.329
6.555156,0.125626,wrist_flex,0.0,-5.6744,0.0,-5.3613,1835,1150,1232,0,12.3,37,staircase1,no_load,102.101
6.565485,0.135954,wrist_flex,0.0,-4.7442,0.0,-4.4824,1845,1150,1200,0,12.3,37,staircase1,no_load,85.091
6.575878,0.146348,wrist_flex,0.0,-3.907,0.0,-3.6914,1854,1000,1144,0,12.2,36,staircase1,no_load,76.109
6.586128,0.156598,wrist_flex,0.0,-3.3488,0.0,-3.1641,1860,700,1116,0,12.2,37,staircase1,no_load,51.444
6.596776,0.167246,wrist_flex,0.0,-2.7907,0.0,-2.6367,1866,700,1100,0,12.3,37,staircase1,no_load,49.53
6.607454,0.177923,wrist_flex,0.0,-2.3256,0.0,-2.1973,1871,500,1084,0,12.2,37,staircase1,no_load,41.15
6.617657,0.188126,wrist_flex,0.0,-2.0465,0.0,-1.9336,1874,500,1084,0,12.2,37,staircase1,no_load,25.845
6.627923,0.198393,wrist_flex,0.0,-1.7674,0.0,-1.6699,1877,300,1076,0,12.2,37,staircase1,no_load,25.687
6.638665,0.209135,wrist_flex,0.0,-1.5814,0.0,-1.4941,1879,300,1080,0,12.2,37,staircase1,no_load,16.366
6.649319,0.219789,wrist_flex,0.0,-1.3023,0.0,-1.2305,1882,200,1072,0,12.2,37,staircase1,no_load,24.742
6.659545,0.230014,wrist_flex,0.0,-1.1163,0.0,-1.0547,1884,200,1064,0,12.2,37,staircase1,no_load,17.191
6.669783,0.240252,wrist_flex,0.0,-0.9302,0.0,-0.8789,1886,200,1056,0,12.2,37,staircase1,no_load,17.171
6.681132,0.251601,wrist_flex,0.0,-0.7442,0.0,-0.7031,1888,200,1056,0,12.3,37,staircase1,no_load,15.49
6.691275,0.261745,wrist_flex,0.0,-0.6512,0.0,-0.6152,1889,150,1052,0,12.3,37,staircase1,no_load,8.666
6.702228,0.272698,wrist_flex,0.0,-0.5581,0.0,-0.5273,1890,150,1048,0,12.2,37,staircase1,no_load,8.025
6.712907,0.283377,wrist_flex,0.0,-0.5581,0.0,-0.5273,1890,100,1052,0,12.2,37,staircase1,no_load,0.0
6.723145,0.293614,wrist_flex,0.0,-0.3721,0.0,-0.3516,1892,100,1048,0,12.2,37,staircase1,no_load,17.162
6.73333,0.3038,wrist_flex,0.0,-0.2791,0.0,-0.2637,1893,100,20,0,12.2,37,staircase1,no_load,8.63
6.743508,0.313978,wrist_flex,0.0,-0.2791,0.0,-0.2637,1893,100,20,0,12.2,37,staircase1,no_load,0.0
6.754034,0.324503,wrist_flex,0.0,-0.2791,0.0,-0.2637,1893,50,1048,1,12.2,37,staircase1,no_load,0.0
6.764354,0.334824,wrist_flex,0.0,-0.2791,0.0,-0.2637,1893,0,1048,0,12.2,37,staircase1,no_load,0.0
6.774844,0.345314,wrist_flex,0.0,-0.2791,0.0,-0.2637,1893,0,1048,0,12.3,37,staircase1,no_load,0.0
6.785217,0.355687,wrist_flex,0.0,-0.2791,0.0,-0.2637,1893,0,1048,0,12.2,37,staircase1,no_load,0.0
6.795639,0.366109,wrist_flex,0.0,-0.2791,0.0,-0.2637,1893,0,1048,0,12.2,41,staircase1,no_load,0.0
6.806105,0.376575,wrist_flex,0.0,-0.2791,0.0,-0.2637,1893,0,1048,0,12.3,37,staircase1,no_load,0.0
6.816821,0.387291,wrist_flex,0.0,-0.2791,0.0,-0.2637,1893,0,1048,0,12.2,37,staircase1,no_load,0.0
6.827459,0.397929,wrist_flex,0.0,-0.2791,0.0,-0.2637,1893,0,1048,0,11.8,37,staircase1,no_load,0.0
6.837988,0.408457,wrist_flex,0.0,-0.2791,0.0,-0.2637,1893,0,1048,0,12.2,37,staircase1,no_load,0.0
6.848209,0.418678,wrist_flex,0.0,-0.2791,0.0,-0.2637,1893,0,1048,0,12.3,37,staircase1,no_load,0.0
6.85898,0.42945,wrist_flex,0.0,-0.2791,0.0,-0.2637,1893,0,1048,0,12.2,37,staircase1,no_load,0.0
6.869263,0.439733,wrist_flex,0.0,-0.2791,0.0,-0.2637,1893,0,1048,0,12.2,37,staircase1,no_load,0.0
6.879616,0.450086,wrist_flex,0.0,-0.2791,0.0,-0.2637,1893,0,1048,0,12.3,37,staircase1,no_load,0.0
6.890175,0.460645,wrist_flex,0.0,-0.2791,0.0,-0.2637,1893,0,1048,0,12.3,37,staircase1,no_load,0.0
6.900288,0.470757,wrist_flex,0.0,-0.2791,0.0,-0.2637,1893,0,1048,0,12.2,37,staircase1,no_load,0.0
6.911351,0.481821,wrist_flex,0.0,-0.2791,0.0,-0.2637,1893,0,1048,0,12.2,37,staircase1,no_load,0.0
6.921732,0.492201,wrist_flex,0.0,-0.2791,0.0,-0.2637,1893,0,1048,1,12.3,37,staircase1,no_load,0.0
6.9328,0.503269,wrist_flex,0.0,-0.2791,0.0,-0.2637,1893,0,1048,0,12.2,37,staircase1,no_load,0.0
6.942915,0.513384,wrist_flex,0.0,-0.186,0.0,-0.1758,1894,50,1044,0,12.2,37,staircase1,no_load,8.69
6.953576,0.524045,wrist_flex,0.0,-0.186,0.0,-0.1758,1894,50,0,0,12.2,37,staircase1,no_load,0.0
6.963709,0.534179,wrist_flex,0.0,-0.186,0.0,-0.1758,1894,0,0,0,12.2,37,staircase1,no_load,0.0
6.974606,0.545076,wrist_flex,0.0,-0.186,0.0,-0.1758,1894,0,1044,0,12.2,37,staircase1,no_load,0.0
6.985197,0.555667,wrist_flex,0.0,-0.186,0.0,-0.1758,1894,0,1044,0,12.2,37,staircase1,no_load,0.0
6.99573,0.566199,wrist_flex,0.0,-0.186,0.0,-0.1758,1894,0,1044,0,12.2,37,staircase1,no_load,0.0
7.006345,0.576814,wrist_flex,0.0,-0.186,0.0,-0.1758,1894,0,1044,0,12.2,37,staircase1,no_load,0.0
7.016891,0.587361,wrist_flex,0.0,-0.186,0.0,-0.1758,1894,0,1044,0,12.2,37,staircase1,no_load,0.0
7.027461,0.597931,wrist_flex,0.0,-0.186,0.0,-0.1758,1894,0,1044,0,12.2,37,staircase1,no_load,0.0
7.038353,0.608822,wrist_flex,0.0,-0.186,0.0,-0.1758,1894,0,1044,0,12.2,37,staircase1,no_load,0.0
7.048624,0.619094,wrist_flex,0.0,-0.186,0.0,-0.1758,1894,0,1044,0,12.2,37,staircase1,no_load,0.0
7.059506,0.629976,wrist_flex,0.0,-0.186,0.0,-0.1758,1894,0,1044,0,12.2,37,staircase1,no_load,0.0
7.070176,0.640646,wrist_flex,0.0,-0.186,0.0,-0.1758,1894,0,1044,0,12.2,37,staircase1,no_load,0.0
7.080667,0.651137,wrist_flex,0.0,-0.186,0.0,-0.1758,1894,0,1044,0,12.2,37,staircase1,no_load,0.0
7.090955,0.661425,wrist_flex,0.0,-0.186,0.0,-0.1758,1894,0,1044,0,12.2,37,staircase1,no_load,0.0
7.101156,0.671626,wrist_flex,0.0,-0.186,0.0,-0.1758,1894,0,1044,0,12.2,37,staircase1,no_load,0.0
7.111625,0.682094,wrist_flex,0.0,-0.186,0.0,-0.1758,1894,0,1044,0,12.2,37,staircase1,no_load,0.0
7.122131,0.692601,wrist_flex,0.0,-0.186,0.0,-0.1758,1894,0,1044,0,12.2,37,staircase1,no_load,0.0
7.132554,0.703024,wrist_flex,0.0,-0.186,0.0,-0.1758,1894,0,1044,0,12.2,37,staircase1,no_load,0.0
7.142935,0.713405,wrist_flex,0.0,-0.186,0.0,-0.1758,1894,0,1044,0,12.0,37,staircase1,no_load,0.0
7.153207,0.723677,wrist_flex,0.0,-0.186,0.0,-0.1758,1894,0,1044,0,12.2,37,staircase1,no_load,0.0
7.163897,0.734367,wrist_flex,0.0,-0.186,0.0,-0.1758,1894,0,1044,0,12.3,37,staircase1,no_load,0.0
7.174391,0.744861,wrist_flex,0.0,-0.186,0.0,-0.1758,1894,0,1044,0,12.2,37,staircase1,no_load,0.0
7.185146,0.755616,wrist_flex,0.0,-0.186,0.0,-0.1758,1894,0,1044,0,12.2,37,staircase1,no_load,0.0
7.196218,0.766687,wrist_flex,0.0,-0.186,0.0,-0.1758,1894,0,1044,0,12.2,37,staircase1,no_load,0.0
7.206837,0.777306,wrist_flex,0.0,-0.186,0.0,-0.1758,1894,0,1044,0,12.2,37,staircase1,no_load,0.0
7.217526,0.787995,wrist_flex,0.0,-0.186,0.0,-0.1758,1894,0,1044,0,12.2,37,staircase1,no_load,0.0
7.22819,0.798659,wrist_flex,0.0,-0.186,0.0,-0.1758,1894,0,1044,1,12.2,37,staircase1,no_load,0.0
7.238915,0.809384,wrist_flex,0.0,-0.186,0.0,-0.1758,1894,0,1044,0,12.2,37,staircase1,no_load,0.0
7.249608,0.820078,wrist_flex,0.0,-0.186,0.0,-0.1758,1894,0,1044,1,12.2,37,staircase1,no_load,0.0
7.260175,0.830645,wrist_flex,0.0,-0.186,0.0,-0.1758,1894,0,1044,1,12.2,37,staircase1,no_load,0.0
7.270747,0.841217,wrist_flex,0.0,-0.186,0.0,-0.1758,1894,0,1044,0,12.2,37,staircase1,no_load,0.0
7.280941,0.85141,wrist_flex,0.0,-0.186,0.0,-0.1758,1894,0,1044,0,12.2,37,staircase1,no_load,0.0
7.291297,0.861766,wrist_flex,0.0,-0.186,0.0,-0.1758,1894,0,1044,0,12.3,37,staircase1,no_load,0.0
7.30183,0.8723,wrist_flex,0.0,-0.186,0.0,-0.1758,1894,0,1044,0,12.3,37,staircase1,no_load,0.0
7.312554,0.883023,wrist_flex,0.0,-0.186,0.0,-0.1758,1894,0,1044,0,12.3,37,staircase1,no_load,0.0
7.32329,0.89376,wrist_flex,0.0,-0.186,0.0,-0.1758,1894,0,1044,0,12.3,37,staircase1,no_load,0.0
7.333522,0.903992,wrist_flex,0.0,-0.186,0.0,-0.1758,1894,0,1044,0,12.2,37,staircase1,no_load,0.0
7.344444,0.914913,wrist_flex,0.0,-0.186,0.0,-0.1758,1894,0,1044,0,12.3,37,staircase1,no_load,0.0
7.354624,0.925094,wrist_flex,0.0,-0.186,0.0,-0.1758,1894,0,1044,0,12.2,37,staircase1,no_load,0.0
7.365057,0.935526,wrist_flex,0.0,-0.186,0.0,-0.1758,1894,0,1044,0,12.3,37,staircase1,no_load,0.0
7.375797,0.946266,wrist_flex,0.0,-0.186,0.0,-0.1758,1894,0,1044,0,12.3,37,staircase1,no_load,0.0
7.38635,0.95682,wrist_flex,0.0,-0.186,0.0,-0.1758,1894,0,1044,0,12.2,37,staircase1,no_load,0.0
7.39684,0.967309,wrist_flex,0.0,-0.186,0.0,-0.1758,1894,0,1044,0,12.3,37,staircase1,no_load,0.0
7.407102,0.977572,wrist_flex,0.0,-0.186,0.0,-0.1758,1894,0,1044,0,12.2,37,staircase1,no_load,0.0
7.417607,0.988077,wrist_flex,0.0,-0.186,0.0,-0.1758,1894,0,1044,0,12.2,37,staircase1,no_load,0.0
7.427987,0.998456,wrist_flex,0.0,-0.186,0.0,-0.1758,1894,0,1044,0,12.2,37,staircase1,no_load,0.0
7.439363,1.009832,wrist_flex,0.0,-0.186,0.0,-0.1758,1894,0,1044,0,12.2,37,staircase1,no_load,0.0
7.449558,1.020028,wrist_flex,0.0,-0.186,0.0,-0.1758,1894,0,1044,0,12.2,37,staircase1,no_load,0.0
7.460317,1.030787,wrist_flex,0.0,-0.186,0.0,-0.1758,1894,0,1044,0,12.2,37,staircase1,no_load,0.0
7.47079,1.04126,wrist_flex,0.0,-0.186,0.0,-0.1758,1894,0,1044,0,12.3,37,staircase1,no_load,0.0
7.481506,1.051975,wrist_flex,0.0,-0.186,0.0,-0.1758,1894,0,1044,0,11.9,37,staircase1,no_load,0.0
7.492035,1.062505,wrist_flex,0.0,-0.186,0.0,-0.1758,1894,0,1044,0,12.2,37,staircase1,no_load,0.0
7.502757,1.073227,wrist_flex,0.0,-0.186,0.0,-0.1758,1894,0,1044,0,12.2,37,staircase1,no_load,0.0
7.51309,1.083559,wrist_flex,0.0,-0.186,0.0,-0.1758,1894,0,1044,0,12.2,37,staircase1,no_load,0.0
7.523627,1.094097,wrist_flex,0.0,-0.186,0.0,-0.1758,1894,0,1044,0,12.2,37,staircase1,no_load,0.0
7.533805,1.104274,wrist_flex,0.0,-0.186,0.0,-0.1758,1894,0,1044,0,12.3,37,staircase1,no_load,0.0
7.54397,1.11444,wrist_flex,0.0,-0.186,0.0,-0.1758,1894,0,1044,0,12.2,37,staircase1,no_load,0.0
7.554283,1.124753,wrist_flex,0.0,-0.186,0.0,-0.1758,1894,0,1044,0,12.3,37,staircase1,no_load,0.0
7.564763,1.135233,wrist_flex,0.0,-0.186,0.0,-0.1758,1894,0,1044,0,12.2,37,staircase1,no_load,0.0
7.575395,1.145865,wrist_flex,0.0,-0.186,0.0,-0.1758,1894,0,1044,0,12.2,37,staircase1,no_load,0.0
7.585743,1.156213,wrist_flex,0.0,-0.186,0.0,-0.1758,1894,0,1044,0,12.2,37,staircase1,no_load,0.0
7.596209,1.166679,wrist_flex,0.0,-0.186,0.0,-0.1758,1894,0,1044,0,12.2,37,staircase1,no_load,0.0
7.606819,1.177288,wrist_flex,0.0,-0.186,0.0,-0.1758,1894,0,1044,0,12.3,37,staircase1,no_load,0.0
7.617052,1.187522,wrist_flex,0.0,-0.186,0.0,-0.1758,1894,0,1044,1,12.2,37,staircase1,no_load,0.0
7.62773,1.198199,wrist_flex,0.0,-0.186,0.0,-0.1758,1894,0,1044,0,12.2,37,staircase1,no_load,0.0
7.638026,1.208495,wrist_flex,0.0,-0.186,0.0,-0.1758,1894,0,1044,0,12.2,37,staircase1,no_load,0.0
7.648485,1.218954,wrist_flex,0.0,-0.186,0.0,-0.1758,1894,0,1044,0,12.2,37,staircase1,no_load,0.0
7.659206,1.229676,wrist_flex,0.0,-0.186,0.0,-0.1758,1894,0,1044,0,12.2,37,staircase1,no_load,0.0
7.66944,1.239909,wrist_flex,0.0,-0.186,0.0,-0.1758,1894,0,1044,1,12.2,37,staircase1,no_load,0.0
7.679778,1.250247,wrist_flex,0.0,-0.186,0.0,-0.1758,1894,0,1044,0,12.3,37,staircase1,no_load,0.0
7.690006,1.260476,wrist_flex,0.0,-0.186,0.0,-0.1758,1894,0,1044,0,12.2,37,staircase1,no_load,0.0
7.700969,1.271439,wrist_flex,0.0,-0.186,0.0,-0.1758,1894,0,1044,0,12.2,38,staircase1,no_load,0.0
7.71187,1.28234,wrist_flex,0.0,-0.186,0.0,-0.1758,1894,0,1044,0,12.2,37,staircase1,no_load,0.0
7.722355,1.292824,wrist_flex,0.0,-0.186,0.0,-0.1758,1894,0,1044,1,12.2,37,staircase1,no_load,0.0
7.732535,1.303005,wrist_flex,0.0,-0.186,0.0,-0.1758,1894,0,1044,0,12.2,37,staircase1,no_load,0.0
7.742855,1.313325,wrist_flex,0.0,-0.186,0.0,-0.1758,1894,0,1044,0,12.2,37,staircase1,no_load,0.0
7.754172,1.324641,wrist_flex,0.0,-0.186,0.0,-0.1758,1894,0,1044,0,12.2,37,staircase1,no_load,0.0
7.765129,1.335598,wrist_flex,0.0,-0.186,0.0,-0.1758,1894,0,1044,1,12.2,37,staircase1,no_load,0.0
7.776037,1.346507,wrist_flex,0.0,-0.186,0.0,-0.1758,1894,0,1044,0,12.3,37,staircase1,no_load,0.0
7.787004,1.357474,wrist_flex,0.0,-0.186,0.0,-0.1758,1894,0,1044,0,12.2,37,staircase1,no_load,0.0
7.79722,1.36769,wrist_flex,0.0,-0.186,0.0,-0.1758,1894,0,1044,0,12.3,37,staircase1,no_load,0.0
7.80832,1.378789,wrist_flex,0.0,-0.186,0.0,-0.1758,1894,0,1044,0,12.3,37,staircase1,no_load,0.0
7.818938,1.389408,wrist_flex,0.0,-0.186,0.0,-0.1758,1894,0,1044,0,12.2,37,staircase1,no_load,0.0
7.829259,1.399729,wrist_flex,0.0,-0.186,0.0,-0.1758,1894,0,1044,0,12.3,37,staircase1,no_load,0.0
7.839397,1.409867,wrist_flex,0.0,-0.186,0.0,-0.1758,1894,0,1044,0,12.2,37,staircase1,no_load,0.0
7.850103,1.420573,wrist_flex,0.0,-0.186,0.0,-0.1758,1894,0,1044,0,12.2,37,staircase1,no_load,0.0
7.86031,1.43078,wrist_flex,0.0,-0.186,0.0,-0.1758,1894,0,1044,0,12.2,37,staircase1,no_load,0.0
7.870406,1.440876,wrist_flex,0.0,-0.186,0.0,-0.1758,1894,0,1044,0,12.3,37,staircase1,no_load,0.0
7.880981,1.45145,wrist_flex,0.0,-0.186,0.0,-0.1758,1894,0,1044,0,12.2,37,staircase1,no_load,0.0
7.891387,1.461857,wrist_flex,0.0,-0.186,0.0,-0.1758,1894,0,1044,0,12.2,37,staircase1,no_load,0.0
7.901646,1.472116,wrist_flex,0.0,-0.186,0.0,-0.1758,1894,0,1044,0,12.3,37,staircase1,no_load,0.0
7.912321,1.482791,wrist_flex,0.0,-0.186,0.0,-0.1758,1894,0,1044,1,12.2,37,staircase1,no_load,0.0
7.923052,1.493522,wrist_flex,0.0,-0.186,0.0,-0.1758,1894,0,1044,0,12.3,37,staircase1,no_load,0.0
7.933531,1.504,wrist_flex,0.0,-0.186,0.0,-0.1758,1894,0,1044,0,12.2,37,staircase1,no_load,0.0
7.943797,1.514267,wrist_flex,0.0,-0.186,0.0,-0.1758,1894,0,1044,0,12.2,37,staircase1,no_load,0.0
7.954495,1.524965,wrist_flex,0.0,-0.186,0.0,-0.1758,1894,0,1044,0,12.3,37,staircase1,no_load,0.0
7.964763,1.535233,wrist_flex,0.0,-0.186,0.0,-0.1758,1894,0,1044,1,12.2,37,staircase1,no_load,0.0
7.97496,1.54543,wrist_flex,0.0,-0.186,0.0,-0.1758,1894,0,1044,0,12.2,38,staircase1,no_load,0.0
7.985458,1.555928,wrist_flex,0.0,-0.186,0.0,-0.1758,1894,0,1044,0,12.2,37,staircase1,no_load,0.0
7.995685,1.566154,wrist_flex,0.0,-0.186,0.0,-0.1758,1894,0,1044,0,12.2,37,staircase1,no_load,0.0
8.005947,1.576416,wrist_flex,0.0,-0.186,0.0,-0.1758,1894,0,1044,0,12.2,37,staircase1,no_load,0.0
8.016221,1.586691,wrist_flex,0.0,-0.186,0.0,-0.1758,1894,0,1044,0,12.2,37,staircase1,no_load,0.0
8.026485,1.596954,wrist_flex,0.0,-0.186,0.0,-0.1758,1894,0,1044,0,12.3,37,staircase1,no_load,0.0
8.037862,4e-06,wrist_flex,12.5,-0.186,11.8103,-0.1758,1894,0,1044,0,12.2,37,staircase1,no_load,0.0
8.04822,0.010362,wrist_flex,12.5,-0.186,11.8103,-0.1758,1894,0,1048,0,12.2,37,staircase1,no_load,0.0
8.058612,0.020754,wrist_flex,12.5,-0.186,11.8103,-0.1758,1894,0,1096,2,12.2,37,staircase1,no_load,0.0
8.069153,0.031294,wrist_flex,12.5,-0.186,11.8103,-0.1758,1894,0,1128,4,12.2,37,staircase1,no_load,0.0
8.079485,0.041627,wrist_flex,12.5,-0.093,11.8103,-0.0879,1895,0,1200,8,12.2,37,staircase1,no_load,8.508
8.089863,0.052005,wrist_flex,12.5,0.186,11.8103,0.1758,1898,0,1240,8,12.2,37,staircase1,no_load,25.41
8.100377,0.062519,wrist_flex,12.5,0.6512,11.8103,0.6152,1903,250,1296,11,12.2,37,staircase1,no_load,41.792
8.110675,0.072817,wrist_flex,12.5,1.3953,11.8103,1.3184,1911,250,1340,10,12.2,37,staircase1,no_load,68.285
8.121248,0.083389,wrist_flex,12.5,2.2326,11.8103,2.1094,1920,650,1380,10,12.2,37,staircase1,no_load,74.813
8.13173,0.093872,wrist_flex,12.5,3.1628,11.8103,2.9883,1930,950,1392,8,12.2,37,staircase1,no_load,83.849
8.142108,0.10425,wrist_flex,12.5,4.3721,11.8103,4.1309,1943,950,1328,0,12.3,37,staircase1,no_load,110.098
8.152303,0.114445,wrist_flex,12.5,5.4884,11.8103,5.1855,1955,1200,1316,0,12.2,37,staircase1,no_load,103.443
8.162984,0.125126,wrist_flex,12.5,6.6047,11.8103,6.2402,1967,1200,1240,0,12.3,37,staircase1,no_load,98.745
8.173286,0.135428,wrist_flex,12.5,7.5349,11.8103,7.1191,1977,1050,1212,0,12.3,37,staircase1,no_load,85.314
8.184282,0.146423,wrist_flex,12.5,8.3721,11.8103,7.9102,1986,1050,1152,0,12.3,37,staircase1,no_load,71.944
8.194739,0.156881,wrist_flex,12.5,9.1163,11.8103,8.6133,1994,850,1124,0,12.2,37,staircase1,no_load,67.237
8.205836,0.167978,wrist_flex,12.5,9.6744,11.8103,9.1406,2000,850,1092,0,12.3,37,staircase1,no_load,47.517
8.217246,0.179388,wrist_flex,12.5,10.1395,11.8103,9.5801,2005,500,1100,0,12.2,37,staircase1,no_load,38.519
8.228343,0.190485,wrist_flex,12.5,10.5116,11.8103,9.9316,2009,500,1084,0,12.2,37,staircase1,no_load,31.675
8.238655,0.200797,wrist_flex,12.5,10.7907,11.8103,10.1953,2012,350,1084,0,12.2,37,staircase1,no_load,25.572
8.249145,0.211287,wrist_flex,12.5,10.9767,11.8103,10.3711,2014,350,1072,0,12.3,37,staircase1,no_load,16.759
8.260001,0.222143,wrist_flex,12.5,11.2558,11.8103,10.6348,2017,250,1068,0,12.2,37,staircase1,no_load,24.291
8.271598,0.23374,wrist_flex,12.5,11.4419,11.8103,10.8105,2019,200,1060,0,12.2,37,staircase1,no_load,15.15
8.282404,0.244546,wrist_flex,12.5,11.5349,11.8103,10.8984,2020,200,1056,0,12.2,37,staircase1,no_load,8.134
8.293856,0.255997,wrist_flex,12.5,11.7209,11.8103,11.0742,2022,150,1052,0,12.3,37,staircase1,no_load,15.351
8.304376,0.266518,wrist_flex,12.5,11.907,11.8103,11.25,2024,150,1048,0,12.2,37,staircase1,no_load,16.711
8.31506,0.277201,wrist_flex,12.5,12.0,11.8103,11.3379,2025,100,1048,0,12.2,37,staircase1,no_load,8.227
8.325694,0.287836,wrist_flex,12.5,12.0,11.8103,11.3379,2025,100,1048,0,12.2,37,staircase1,no_load,0.0
8.336626,0.298768,wrist_flex,12.5,12.0,11.8103,11.3379,2025,50,1056,0,12.3,37,staircase1,no_load,0.0
8.346906,0.309048,wrist_flex,12.5,12.093,11.8103,11.4258,2026,50,1052,0,12.2,37,staircase1,no_load,8.551
8.357083,0.319225,wrist_flex,12.5,12.186,11.8103,11.5137,2027,50,0,0,12.2,37,staircase1,no_load,8.637
8.367977,0.330119,wrist_flex,12.5,12.2791,11.8103,11.6016,2028,50,20,0,12.2,37,staircase1,no_load,8.069
8.378167,0.340309,wrist_flex,12.5,12.2791,11.8103,11.6016,2028,100,0,0,12.2,37,staircase1,no_load,0.0
8.388846,0.350988,wrist_flex,12.5,12.2791,11.8103,11.6016,2028,0,0,0,12.3,37,staircase1,no_load,0.0
8.399317,0.361459,wrist_flex,12.5,12.2791,11.8103,11.6016,2028,0,1044,0,12.3,37,staircase1,no_load,0.0
8.40959,0.371732,wrist_flex,12.5,12.2791,11.8103,11.6016,2028,0,1044,0,12.2,37,staircase1,no_load,0.0
8.419806,0.381948,wrist_flex,12.5,12.3721,11.8103,11.6895,2029,0,20,0,12.3,37,staircase1,no_load,8.604
8.430878,0.39302,wrist_flex,12.5,12.3721,11.8103,11.6895,2029,50,20,0,12.3,37,staircase1,no_load,0.0
8.441372,0.403513,wrist_flex,12.5,12.3721,11.8103,11.6895,2029,50,0,0,12.2,37,staircase1,no_load,0.0
8.452162,0.414304,wrist_flex,12.5,12.3721,11.8103,11.6895,2029,0,0,0,12.2,37,staircase1,no_load,0.0
8.462267,0.424409,wrist_flex,12.5,12.3721,11.8103,11.6895,2029,0,0,0,12.3,37,staircase1,no_load,0.0
8.472452,0.434593,wrist_flex,12.5,12.3721,11.8103,11.6895,2029,0,0,0,12.2,37,staircase1,no_load,0.0
8.482851,0.444992,wrist_flex,12.5,12.3721,11.8103,11.6895,2029,0,0,0,12.2,37,staircase1,no_load,0.0
8.493023,0.455164,wrist_flex,12.5,12.3721,11.8103,11.6895,2029,0,0,0,12.2,37,staircase1,no_load,0.0
8.503231,0.465373,wrist_flex,12.5,12.3721,11.8103,11.6895,2029,0,0,0,12.2,37,staircase1,no_load,0.0
8.513574,0.475716,wrist_flex,12.5,12.3721,11.8103,11.6895,2029,0,0,0,12.2,37,staircase1,no_load,0.0
8.524262,0.486404,wrist_flex,12.5,12.3721,11.8103,11.6895,2029,0,0,0,12.2,37,staircase1,no_load,0.0
8.534792,0.496934,wrist_flex,12.5,12.3721,11.8103,11.6895,2029,0,0,0,12.2,37,staircase1,no_load,0.0
8.545,0.507142,wrist_flex,12.5,12.3721,11.8103,11.6895,2029,0,0,0,12.2,37,staircase1,no_load,0.0
8.555217,0.517359,wrist_flex,12.5,12.3721,11.8103,11.6895,2029,0,0,0,12.2,37,staircase1,no_load,0.0
8.565462,0.527604,wrist_flex,12.5,12.3721,11.8103,11.6895,2029,0,0,0,12.3,37,staircase1,no_load,0.0
8.575655,0.537797,wrist_flex,12.5,12.3721,11.8103,11.6895,2029,0,0,0,12.3,37,staircase1,no_load,0.0
8.586158,0.5483,wrist_flex,12.5,12.3721,11.8103,11.6895,2029,0,0,0,12.2,37,staircase1,no_load,0.0
8.596513,0.558655,wrist_flex,12.5,12.3721,11.8103,11.6895,2029,0,0,0,12.3,37,staircase1,no_load,0.0
8.60687,0.569011,wrist_flex,12.5,12.3721,11.8103,11.6895,2029,0,0,0,12.2,37,staircase1,no_load,0.0
8.617537,0.579679,wrist_flex,12.5,12.3721,11.8103,11.6895,2029,0,0,0,12.2,37,staircase1,no_load,0.0
8.627811,0.589953,wrist_flex,12.5,12.3721,11.8103,11.6895,2029,0,0,0,12.2,37,staircase1,no_load,0.0
8.638163,0.600305,wrist_flex,12.5,12.3721,11.8103,11.6895,2029,0,0,0,12.2,37,staircase1,no_load,0.0
8.648641,0.610783,wrist_flex,12.5,12.3721,11.8103,11.6895,2029,0,0,0,12.2,37,staircase1,no_load,0.0
8.658857,0.620999,wrist_flex,12.5,12.3721,11.8103,11.6895,2029,0,0,0,12.2,37,staircase1,no_load,0.0
8.669487,0.631629,wrist_flex,12.5,12.3721,11.8103,11.6895,2029,0,0,0,12.2,37,staircase1,no_load,0.0
8.679997,0.642138,wrist_flex,12.5,12.3721,11.8103,11.6895,2029,0,0,0,12.2,37,staircase1,no_load,0.0
8.690598,0.65274,wrist_flex,12.5,12.3721,11.8103,11.6895,2029,0,0,0,12.2,37,staircase1,no_load,0.0
8.70098,0.663122,wrist_flex,12.5,12.3721,11.8103,11.6895,2029,0,0,0,12.3,37,staircase1,no_load,0.0
8.711195,0.673337,wrist_flex,12.5,12.3721,11.8103,11.6895,2029,0,0,0,12.2,37,staircase1,no_load,0.0
8.721497,0.683638,wrist_flex,12.5,12.3721,11.8103,11.6895,2029,0,0,0,12.2,37,staircase1,no_load,0.0
8.731858,0.693999,wrist_flex,12.5,12.3721,11.8103,11.6895,2029,0,0,0,12.2,37,staircase1,no_load,0.0
8.742458,0.7046,wrist_flex,12.5,12.3721,11.8103,11.6895,2029,0,0,0,12.2,37,staircase1,no_load,0.0
8.753494,0.715635,wrist_flex,12.5,12.3721,11.8103,11.6895,2029,0,0,0,12.2,37,staircase1,no_load,0.0
8.764351,0.726493,wrist_flex,12.5,12.3721,11.8103,11.6895,2029,0,0,0,12.2,37,staircase1,no_load,0.0
8.774527,0.736668,wrist_flex,12.5,12.3721,11.8103,11.6895,2029,0,0,0,12.2,37,staircase1,no_load,0.0
8.785089,0.747231,wrist_flex,12.5,12.3721,11.8103,11.6895,2029,0,0,0,12.3,37,staircase1,no_load,0.0
8.795641,0.757783,wrist_flex,12.5,12.3721,11.8103,11.6895,2029,0,0,0,12.2,37,staircase1,no_load,0.0
8.805931,0.768073,wrist_flex,12.5,12.3721,11.8103,11.6895,2029,0,0,0,12.3,37,staircase1,no_load,0.0
8.816293,0.778434,wrist_flex,12.5,12.3721,11.8103,11.6895,2029,0,0,0,12.2,37,staircase1,no_load,0.0
8.826592,0.788734,wrist_flex,12.5,12.3721,11.8103,11.6895,2029,0,0,0,12.2,37,staircase1,no_load,0.0
8.837631,0.799773,wrist_flex,12.5,12.3721,11.8103,11.6895,2029,0,0,0,12.3,37,staircase1,no_load,0.0
8.847876,0.810018,wrist_flex,12.5,12.3721,11.8103,11.6895,2029,0,0,0,12.2,37,staircase1,no_load,0.0
8.858032,0.820174,wrist_flex,12.5,12.3721,11.8103,11.6895,2029,0,0,0,12.3,37,staircase1,no_load,0.0
8.868716,0.830857,wrist_flex,12.5,12.3721,11.8103,11.6895,2029,0,0,0,12.2,37,staircase1,no_load,0.0
8.879017,0.841158,wrist_flex,12.5,12.3721,11.8103,11.6895,2029,0,0,0,12.2,37,staircase1,no_load,0.0
8.889414,0.851556,wrist_flex,12.5,12.3721,11.8103,11.6895,2029,0,0,0,12.2,37,staircase1,no_load,0.0
8.899599,0.86174,wrist_flex,12.5,12.3721,11.8103,11.6895,2029,0,0,0,12.2,37,staircase1,no_load,0.0
8.910003,0.872144,wrist_flex,12.5,12.3721,11.8103,11.6895,2029,0,0,0,12.2,37,staircase1,no_load,0.0
8.92055,0.882692,wrist_flex,12.5,12.3721,11.8103,11.6895,2029,0,0,0,12.2,37,staircase1,no_load,0.0
8.931178,0.89332,wrist_flex,12.5,12.3721,11.8103,11.6895,2029,0,0,0,12.3,37,staircase1,no_load,0.0
8.94215,0.904291,wrist_flex,12.5,12.3721,11.8103,11.6895,2029,0,0,0,12.2,37,staircase1,no_load,0.0
8.953177,0.915319,wrist_flex,12.5,12.3721,11.8103,11.6895,2029,0,0,0,12.2,37,staircase1,no_load,0.0
8.964317,0.926458,wrist_flex,12.5,12.3721,11.8103,11.6895,2029,0,0,0,12.2,37,staircase1,no_load,0.0
8.974633,0.936775,wrist_flex,12.5,12.3721,11.8103,11.6895,2029,0,0,0,12.2,37,staircase1,no_load,0.0
8.985423,0.947565,wrist_flex,12.5,12.3721,11.8103,11.6895,2029,0,0,0,12.3,37,staircase1,no_load,0.0
8.995818,0.95796,wrist_flex,12.5,12.3721,11.8103,11.6895,2029,0,0,0,12.2,37,staircase1,no_load,0.0
9.006299,0.968441,wrist_flex,12.5,12.3721,11.8103,11.6895,2029,0,0,0,12.3,37,staircase1,no_load,0.0
9.016632,0.978774,wrist_flex,12.5,12.3721,11.8103,11.6895,2029,0,0,0,12.2,37,staircase1,no_load,0.0
9.027008,0.989149,wrist_flex,12.5,12.3721,11.8103,11.6895,2029,0,0,0,12.3,37,staircase1,no_load,0.0
9.037301,0.999443,wrist_flex,12.5,12.3721,11.8103,11.6895,2029,0,0,0,12.3,37,staircase1,no_load,0.0
9.048488,1.01063,wrist_flex,12.5,12.3721,11.8103,11.6895,2029,0,0,0,12.2,37,staircase1,no_load,0.0
9.059486,1.021628,wrist_flex,12.5,12.3721,11.8103,11.6895,2029,0,0,0,12.3,37,staircase1,no_load,0.0
9.070239,1.032381,wrist_flex,12.5,12.3721,11.8103,11.6895,2029,0,0,0,12.2,37,staircase1,no_load,0.0
9.081038,1.04318,wrist_flex,12.5,12.3721,11.8103,11.6895,2029,0,0,0,12.2,37,staircase1,no_load,0.0
9.09173,1.053872,wrist_flex,12.5,12.3721,11.8103,11.6895,2029,0,0,0,12.2,37,staircase1,no_load,0.0
9.102214,1.064355,wrist_flex,12.5,12.3721,11.8103,11.6895,2029,0,0,0,12.3,37,staircase1,no_load,0.0
9.112866,1.075007,wrist_flex,12.5,12.3721,11.8103,11.6895,2029,0,0,0,12.3,37,staircase1,no_load,0.0
9.123533,1.085674,wrist_flex,12.5,12.3721,11.8103,11.6895,2029,0,0,0,12.2,37,staircase1,no_load,0.0
9.133806,1.095947,wrist_flex,12.5,12.3721,11.8103,11.6895,2029,0,0,0,12.3,37,staircase1,no_load,0.0
9.144046,1.106188,wrist_flex,12.5,12.3721,11.8103,11.6895,2029,0,0,0,12.2,37,staircase1,no_load,0.0
9.154716,1.116857,wrist_flex,12.5,12.3721,11.8103,11.6895,2029,0,0,0,12.2,37,staircase1,no_load,0.0
9.165415,1.127557,wrist_flex,12.5,12.3721,11.8103,11.6895,2029,0,0,0,12.3,37,staircase1,no_load,0.0
9.175796,1.137938,wrist_flex,12.5,12.3721,11.8103,11.6895,2029,0,0,0,12.2,37,staircase1,no_load,0.0
9.186271,1.148412,wrist_flex,12.5,12.3721,11.8103,11.6895,2029,0,0,0,12.2,37,staircase1,no_load,0.0
9.196446,1.158588,wrist_flex,12.5,12.3721,11.8103,11.6895,2029,0,0,0,12.2,37,staircase1,no_load,0.0
9.207091,1.169232,wrist_flex,12.5,12.3721,11.8103,11.6895,2029,0,0,0,12.2,37,staircase1,no_load,0.0
9.217762,1.179904,wrist_flex,12.5,12.3721,11.8103,11.6895,2029,0,0,0,12.3,37,staircase1,no_load,0.0
9.228002,1.190144,wrist_flex,12.5,12.3721,11.8103,11.6895,2029,0,0,0,12.2,37,staircase1,no_load,0.0
9.23861,1.200751,wrist_flex,12.5,12.3721,11.8103,11.6895,2029,0,0,0,12.3,37,staircase1,no_load,0.0
9.249984,1.212126,wrist_flex,12.5,12.3721,11.8103,11.6895,2029,0,0,0,12.2,37,staircase1,no_load,0.0
9.261462,1.223604,wrist_flex,12.5,12.3721,11.8103,11.6895,2029,0,0,0,12.3,37,staircase1,no_load,0.0
9.272356,1.234498,wrist_flex,12.5,12.3721,11.8103,11.6895,2029,0,0,0,12.3,37,staircase1,no_load,0.0
9.282887,1.245029,wrist_flex,12.5,12.3721,11.8103,11.6895,2029,0,0,0,12.2,37,staircase1,no_load,0.0
9.293263,1.255405,wrist_flex,12.5,12.3721,11.8103,11.6895,2029,0,0,0,12.3,37,staircase1,no_load,0.0
9.304163,1.266304,wrist_flex,12.5,12.3721,11.8103,11.6895,2029,0,0,0,12.2,37,staircase1,no_load,0.0
9.314717,1.276858,wrist_flex,12.5,12.3721,11.8103,11.6895,2029,0,0,0,12.3,37,staircase1,no_load,0.0
9.325245,1.287387,wrist_flex,12.5,12.3721,11.8103,11.6895,2029,0,0,0,12.2,37,staircase1,no_load,0.0
9.33604,1.298181,wrist_flex,12.5,12.3721,11.8103,11.6895,2029,0,0,0,12.2,37,staircase1,no_load,0.0
9.346768,1.308909,wrist_flex,12.5,12.3721,11.8103,11.6895,2029,0,0,0,12.2,37,staircase1,no_load,0.0
9.357565,1.319706,wrist_flex,12.5,12.3721,11.8103,11.6895,2029,0,0,1,12.2,37,staircase1,no_load,0.0
9.368785,1.330927,wrist_flex,12.5,12.3721,11.8103,11.6895,2029,0,0,0,12.2,37,staircase1,no_load,0.0
9.380013,1.342155,wrist_flex,12.5,12.3721,11.8103,11.6895,2029,0,0,0,12.2,37,staircase1,no_load,0.0
9.390713,1.352855,wrist_flex,12.5,12.3721,11.8103,11.6895,2029,0,0,0,12.2,37,staircase1,no_load,0.0
9.400899,1.363041,wrist_flex,12.5,12.3721,11.8103,11.6895,2029,0,0,0,12.2,37,staircase1,no_load,0.0
9.411612,1.373754,wrist_flex,12.5,12.3721,11.8103,11.6895,2029,0,0,0,12.2,37,staircase1,no_load,0.0
9.422126,1.384267,wrist_flex,12.5,12.3721,11.8103,11.6895,2029,0,0,0,12.3,37,staircase1,no_load,0.0
9.432717,1.394859,wrist_flex,12.5,12.3721,11.8103,11.6895,2029,0,0,0,12.2,37,staircase1,no_load,0.0
9.443616,1.405758,wrist_flex,12.5,12.3721,11.8103,11.6895,2029,0,0,0,12.3,37,staircase1,no_load,0.0
9.454186,1.416328,wrist_flex,12.5,12.3721,11.8103,11.6895,2029,0,0,0,12.3,37,staircase1,no_load,0.0
9.464934,1.427075,wrist_flex,12.5,12.3721,11.8103,11.6895,2029,0,0,0,12.3,37,staircase1,no_load,0.0
9.475338,1.43748,wrist_flex,12.5,12.3721,11.8103,11.6895,2029,0,0,0,12.2,37,staircase1,no_load,0.0
9.486031,1.448173,wrist_flex,12.5,12.3721,11.8103,11.6895,2029,0,0,0,12.3,37,staircase1,no_load,0.0
9.496781,1.458922,wrist_flex,12.5,12.3721,11.8103,11.6895,2029,0,0,0,12.2,37,staircase1,no_load,0.0
9.507845,1.469987,wrist_flex,12.5,12.3721,11.8103,11.6895,2029,0,0,0,12.2,37,staircase1,no_load,0.0
9.518433,1.480575,wrist_flex,12.5,12.3721,11.8103,11.6895,2029,0,0,0,12.2,37,staircase1,no_load,0.0
9.528689,1.49083,wrist_flex,12.5,12.3721,11.8103,11.6895,2029,0,0,0,12.2,37,staircase1,no_load,0.0
9.539564,1.501706,wrist_flex,12.5,12.3721,11.8103,11.6895,2029,0,0,0,12.2,37,staircase1,no_load,0.0
9.550089,1.512231,wrist_flex,12.5,12.3721,11.8103,11.6895,2029,0,0,0,12.2,37,staircase1,no_load,0.0
9.560427,1.522569,wrist_flex,12.5,12.3721,11.8103,11.6895,2029,0,0,0,12.3,37,staircase1,no_load,0.0
9.571081,1.533223,wrist_flex,12.5,12.3721,11.8103,11.6895,2029,0,0,0,12.2,37,staircase1,no_load,0.0
9.581553,1.543695,wrist_flex,12.5,12.3721,11.8103,11.6895,2029,0,0,0,12.3,37,staircase1,no_load,0.0
9.592492,1.554633,wrist_flex,12.5,12.3721,11.8103,11.6895,2029,0,0,0,12.2,37,staircase1,no_load,0.0
9.603284,1.565425,wrist_flex,12.5,12.3721,11.8103,11.6895,2029,0,0,0,12.3,37,staircase1,no_load,0.0
9.613441,1.575583,wrist_flex,12.5,12.3721,11.8103,11.6895,2029,0,0,0,12.2,37,staircase1,no_load,0.0
9.624089,1.586231,wrist_flex,12.5,12.3721,11.8103,11.6895,2029,0,0,0,12.3,37,staircase1,no_load,0.0
9.634734,1.596876,wrist_flex,12.5,12.3721,11.8103,11.6895,2029,0,0,0,12.2,37,staircase1,no_load,0.0
9.646174,4e-06,wrist_flex,25.0,12.3721,23.6206,11.6895,2029,0,0,0,12.2,37,staircase1,no_load,0.0
9.656348,0.010179,wrist_flex,25.0,12.3721,23.6206,11.6895,2029,0,1048,1,12.2,37,staircase1,no_load,0.0
9.667149,0.020979,wrist_flex,25.0,12.3721,23.6206,11.6895,2029,0,1084,2,12.3,37,staircase1,no_load,0.0
9.678638,0.032468,wrist_flex,25.0,12.3721,23.6206,11.6895,2029,0,1112,2,12.2,37,staircase1,no_load,0.0
9.689051,0.042881,wrist_flex,25.0,12.5581,23.6206,11.8652,2031,0,1192,7,12.2,37,staircase1,no_load,16.873
9.699194,0.053024,wrist_flex,25.0,12.8372,23.6206,12.1289,2034,250,1232,7,12.2,37,staircase1,no_load,25.998
9.709567,0.063397,wrist_flex,25.0,13.3953,23.6206,12.6562,2040,250,1288,10,12.2,37,staircase1,no_load,50.834
9.719889,0.073719,wrist_flex,25.0,13.9535,23.6206,13.1836,2046,550,1336,12,12.2,37,staircase1,no_load,51.095
9.730302,0.084132,wrist_flex,25.0,14.8837,23.6206,14.0625,2056,550,1380,10,12.2,37,staircase1,no_load,84.404
9.740648,0.094478,wrist_flex,25.0,15.907,23.6206,15.0293,2067,900,1392,0,12.2,37,staircase1,no_load,93.447
9.750915,0.104746,wrist_flex,25.0,17.0233,23.6206,16.084,2079,900,1336,0,12.2,37,staircase1,no_load,102.727
9.761264,0.115094,wrist_flex,25.0,18.1395,23.6206,17.1387,2091,1150,1272,0,12.3,37,staircase1,no_load,101.913
9.77154,0.125371,wrist_flex,25.0,19.1628,23.6206,18.1055,2102,1150,1248,0,12.2,37,staircase1,no_load,94.083
9.781721,0.135551,wrist_flex,25.0,20.186,23.6206,19.0723,2113,1100,1184,0,12.3,37,staircase1,no_load,94.961
9.792048,0.145879,wrist_flex,25.0,20.9302,23.6206,19.7754,2121,1100,1152,0,12.2,37,staircase1,no_load,68.084
9.802462,0.156293,wrist_flex,25.0,21.6744,23.6206,20.4785,2129,850,1124,0,12.3,,staircase1,no_load,67.515
9.813016,0.166846,wrist_flex,25.0,22.2326,23.6206,21.0059,2135,850,1096,0,12.2,37,staircase1,no_load,49.972
9.823332,0.177162,wrist_flex,25.0,22.6047,23.6206,21.3574,2139,550,1100,0,12.2,37,staircase1,no_load,34.073
9.833673,0.187504,wrist_flex,25.0,22.9767,23.6206,21.709,2143,550,1084,0,12.2,37,staircase1,no_load,34.001
9.844742,0.198573,wrist_flex,25.0,23.2558,23.6206,21.9727,2146,400,1084,0,12.2,37,staircase1,no_load,23.823
9.855201,0.209032,wrist_flex,25.0,23.5349,23.6206,22.2363,2149,250,1072,0,12.2,37,staircase1,no_load,25.203
9.865494,0.219324,wrist_flex,25.0,23.7209,23.6206,22.4121,2151,250,1076,0,12.3,37,staircase1,no_load,17.08
9.875863,0.229694,wrist_flex,25.0,23.907,23.6206,22.5879,2153,200,1068,0,12.2,37,staircase1,no_load,16.954
9.886198,0.240028,wrist_flex,25.0,24.093,23.6206,22.7637,2155,200,1060,0,12.2,37,staircase1,no_load,17.01
9.896813,0.250643,wrist_flex,25.0,24.2791,23.6206,22.9395,2157,150,1052,0,12.2,37,staircase1,no_load,16.561
9.9073,0.26113,wrist_flex,25.0,24.3721,23.6206,23.0273,2158,150,1052,0,12.3,37,staircase1,no_load,8.372
9.918353,0.272183,wrist_flex,25.0,24.4651,23.6206,23.1152,2159,150,1048,0,12.2,37,staircase1,no_load,7.953
9.928691,0.282521,wrist_flex,25.0,24.5581,23.6206,23.2031,2160,150,1048,0,12.3,37,staircase1,no_load,8.503
9.939518,0.293348,wrist_flex,25.0,24.6512,23.6206,23.291,2161,50,1044,1,12.2,37,staircase1,no_load,8.119
9.94974,0.303571,wrist_flex,25.0,24.6512,23.6206,23.291,2161,50,0,0,12.2,37,staircase1,no_load,0.0
9.960622,0.314452,wrist_flex,25.0,24.7442,23.6206,23.3789,2162,100,1044,0,12.2,37,staircase1,no_load,8.078
9.970987,0.324817,wrist_flex,25.0,24.7442,23.6206,23.3789,2162,100,1044,1,12.2,37,staircase1,no_load,0.0
9.981448,0.335278,wrist_flex,25.0,24.7442,23.6206,23.3789,2162,0,1048,0,12.2,37,staircase1,no_load,0.0
9.991856,0.345687,wrist_flex,25.0,24.7442,23.6206,23.3789,2162,0,1048,0,12.3,37,staircase1,no_load,0.0
10.002259,0.356089,wrist_flex,25.0,24.7442,23.6206,23.3789,2162,0,1048,0,12.2,37,staircase1,no_load,0.0
10.012913,0.366743,wrist_flex,25.0,24.7442,23.6206,23.3789,2162,0,1048,0,12.2,37,staircase1,no_load,0.0
10.023412,0.377242,wrist_flex,25.0,24.7442,23.6206,23.3789,2162,0,1048,0,12.2,37,staircase1,no_load,0.0
10.034028,0.387859,wrist_flex,25.0,24.7442,23.6206,23.3789,2162,0,1048,0,12.2,37,staircase1,no_load,0.0
10.045207,0.399038,wrist_flex,25.0,24.7442,23.6206,23.3789,2162,0,1048,0,12.2,37,staircase1,no_load,0.0
10.056118,0.409948,wrist_flex,25.0,24.7442,23.6206,23.3789,2162,0,1048,1,12.2,37,staircase1,no_load,0.0
10.066846,0.420676,wrist_flex,25.0,24.7442,23.6206,23.3789,2162,0,1048,0,12.2,37,staircase1,no_load,0.0
10.077303,0.431134,wrist_flex,25.0,24.7442,23.6206,23.3789,2162,0,1048,0,12.2,37,staircase1,no_load,0.0
10.087827,0.441657,wrist_flex,25.0,24.7442,23.6206,23.3789,2162,0,1048,0,12.2,37,staircase1,no_load,0.0
10.098516,0.452346,wrist_flex,25.0,24.7442,23.6206,23.3789,2162,0,1048,0,12.3,37,staircase1,no_load,0.0
10.108876,0.462706,wrist_flex,25.0,24.7442,23.6206,23.3789,2162,0,1048,1,12.3,37,staircase1,no_load,0.0
10.119543,0.473373,wrist_flex,25.0,24.7442,23.6206,23.3789,2162,0,1048,0,12.2,37,staircase1,no_load,0.0
10.130018,0.483848,wrist_flex,25.0,24.7442,23.6206,23.3789,2162,0,1048,0,12.2,37,staircase1,no_load,0.0
10.140221,0.494051,wrist_flex,25.0,24.7442,23.6206,23.3789,2162,0,1048,0,12.2,37,staircase1,no_load,0.0
10.150775,0.504606,wrist_flex,25.0,24.7442,23.6206,23.3789,2162,0,1048,0,12.2,37,staircase1,no_load,0.0
10.162069,0.5159,wrist_flex,25.0,24.7442,23.6206,23.3789,2162,0,1048,0,12.3,37,staircase1,no_load,0.0
10.172705,0.526535,wrist_flex,25.0,24.7442,23.6206,23.3789,2162,0,1048,0,12.2,37,staircase1,no_load,0.0
10.18365,0.53748,wrist_flex,25.0,24.7442,23.6206,23.3789,2162,0,1048,0,12.3,37,staircase1,no_load,0.0
10.194017,0.547848,wrist_flex,25.0,24.7442,23.6206,23.3789,2162,0,1048,0,12.2,37,staircase1,no_load,0.0
10.204673,0.558503,wrist_flex,25.0,24.7442,23.6206,23.3789,2162,0,1048,0,12.3,37,staircase1,no_load,0.0
10.215341,0.569172,wrist_flex,25.0,24.7442,23.6206,23.3789,2162,0,1048,0,12.3,37,staircase1,no_load,0.0
10.226109,0.579939,wrist_flex,25.0,24.7442,23.6206,23.3789,2162,0,1048,0,12.2,37,staircase1,no_load,0.0
10.236664,0.590494,wrist_flex,25.0,24.7442,23.6206,23.3789,2162,0,1048,1,12.2,37,staircase1,no_load,0.0
10.247528,0.601358,wrist_flex,25.0,24.7442,23.6206,23.3789,2162,0,1048,0,12.2,37,staircase1,no_load,0.0
10.258262,0.612092,wrist_flex,25.0,24.7442,23.6206,23.3789,2162,0,1048,0,12.2,37,staircase1,no_load,0.0
10.26934,0.62317,wrist_flex,25.0,24.7442,23.6206,23.3789,2162,0,1048,0,12.2,37,staircase1,no_load,0.0
10.279791,0.633621,wrist_flex,25.0,24.7442,23.6206,23.3789,2162,0,1048,0,12.2,37,staircase1,no_load,0.0
10.290088,0.643918,wrist_flex,25.0,24.7442,23.6206,23.3789,2162,0,1048,0,12.2,37,staircase1,no_load,0.0
10.300332,0.654163,wrist_flex,25.0,24.7442,23.6206,23.3789,2162,0,1048,1,12.2,37,staircase1,no_load,0.0
10.310732,0.664562,wrist_flex,25.0,24.7442,23.6206,23.3789,2162,0,1048,0,12.2,37,staircase1,no_load,0.0
10.321557,0.675387,wrist_flex,25.0,24.7442,23.6206,23.3789,2162,0,1048,0,12.2,37,staircase1,no_load,0.0
10.332273,0.686104,wrist_flex,25.0,24.7442,23.6206,23.3789,2162,0,1048,0,12.3,37,staircase1,no_load,0.0
10.343245,0.697075,wrist_flex,25.0,24.7442,23.6206,23.3789,2162,0,1048,0,12.2,37,staircase1,no_load,0.0
10.353992,0.707822,wrist_flex,25.0,24.7442,23.6206,23.3789,2162,0,1048,0,12.2,37,staircase1,no_load,0.0
10.365138,0.718968,wrist_flex,25.0,24.7442,23.6206,23.3789,2162,0,1048,0,12.2,37,staircase1,no_load,0.0
10.375719,0.729549,wrist_flex,25.0,24.7442,23.6206,23.3789,2162,0,1048,1,12.2,37,staircase1,no_load,0.0
10.386737,0.740567,wrist_flex,25.0,24.7442,23.6206,23.3789,2162,0,1048,0,12.3,37,staircase1,no_load,0.0
10.397459,0.751289,wrist_flex,25.0,24.7442,23.6206,23.3789,2162,0,1048,0,12.2,37,staircase1,no_load,0.0
10.408338,0.762169,wrist_flex,25.0,24.7442,23.6206,23.3789,2162,0,1048,0,12.2,37,staircase1,no_load,0.0
10.418518,0.772348,wrist_flex,25.0,24.7442,23.6206,23.3789,2162,0,1048,0,12.3,37,staircase1,no_load,0.0
10.429542,0.783372,wrist_flex,25.0,24.7442,23.6206,23.3789,2162,0,1048,0,12.3,37,staircase1,no_load,0.0
10.440207,0.794037,wrist_flex,25.0,24.7442,23.6206,23.3789,2162,0,1048,0,12.2,37,staircase1,no_load,0.0
10.450495,0.804325,wrist_flex,25.0,24.7442,23.6206,23.3789,2162,0,1048,0,12.3,37,staircase1,no_load,0.0
10.460963,0.814793,wrist_flex,25.0,24.7442,23.6206,23.3789,2162,0,1048,1,12.2,37,staircase1,no_load,0.0
10.471132,0.824962,wrist_flex,25.0,24.7442,23.6206,23.3789,2162,0,1048,0,12.2,37,staircase1,no_load,0.0
10.481943,0.835773,wrist_flex,25.0,24.7442,23.6206,23.3789,2162,0,1048,1,12.2,37,staircase1,no_load,0.0
10.492854,0.846685,wrist_flex,25.0,24.7442,23.6206,23.3789,2162,0,1048,0,12.2,37,staircase1,no_load,0.0
10.503511,0.857341,wrist_flex,25.0,24.7442,23.6206,23.3789,2162,0,1048,0,12.3,37,staircase1,no_load,0.0
10.514076,0.867907,wrist_flex,25.0,24.7442,23.6206,23.3789,2162,0,1048,0,12.2,37,staircase1,no_load,0.0
10.524679,0.878509,wrist_flex,25.0,24.7442,23.6206,23.3789,2162,0,1048,0,12.2,37,staircase1,no_load,0.0
10.535214,0.889044,wrist_flex,25.0,24.7442,23.6206,23.3789,2162,0,1048,1,12.2,37,staircase1,no_load,0.0
10.545516,0.899346,wrist_flex,25.0,24.7442,23.6206,23.3789,2162,0,1048,0,12.3,37,staircase1,no_load,0.0
10.555811,0.909641,wrist_flex,25.0,24.7442,23.6206,23.3789,2162,0,1048,0,12.2,37,staircase1,no_load,0.0
10.566454,0.920284,wrist_flex,25.0,24.7442,23.6206,23.3789,2162,0,1048,0,12.3,37,staircase1,no_load,0.0
10.576737,0.930568,wrist_flex,25.0,24.7442,23.6206,23.3789,2162,0,1048,0,12.3,37,staircase1,no_load,0.0
10.587385,0.941215,wrist_flex,25.0,24.7442,23.6206,23.3789,2162,0,1048,0,12.3,37,staircase1,no_load,0.0
10.598257,0.952087,wrist_flex,25.0,24.7442,23.6206,23.3789,2162,0,1048,0,12.3,37,staircase1,no_load,0.0
10.60881,0.962641,wrist_flex,25.0,24.7442,23.6206,23.3789,2162,0,1048,1,12.2,37,staircase1,no_load,0.0
10.61924,0.973071,wrist_flex,25.0,24.7442,23.6206,23.3789,2162,0,1048,1,12.2,37,staircase1,no_load,0.0
10.629673,0.983503,wrist_flex,25.0,24.7442,23.6206,23.3789,2162,0,1048,0,12.2,37,staircase1,no_load,0.0
10.640279,0.99411,wrist_flex,25.0,24.7442,23.6206,23.3789,2162,0,1048,0,12.3,37,staircase1,no_load,0.0
10.65069,1.00452,wrist_flex,25.0,24.7442,23.6206,23.3789,2162,0,1048,0,12.2,37,staircase1,no_load,0.0
10.661031,1.014861,wrist_flex,25.0,24.7442,23.6206,23.3789,2162,0,1048,0,12.2,37,staircase1,no_load,0.0
10.671612,1.025443,wrist_flex,25.0,24.7442,23.6206,23.3789,2162,0,1048,0,12.3,37,staircase1,no_load,0.0
10.682283,1.036114,wrist_flex,25.0,24.7442,23.6206,23.3789,2162,0,1048,0,12.2,37,staircase1,no_load,0.0
10.69246,1.04629,wrist_flex,25.0,24.7442,23.6206,23.3789,2162,0,1048,0,12.2,37,staircase1,no_load,0.0
10.702945,1.056775,wrist_flex,25.0,24.7442,23.6206,23.3789,2162,0,1048,0,12.3,37,staircase1,no_load,0.0
10.713591,1.067421,wrist_flex,25.0,24.7442,23.6206,23.3789,2162,0,1048,0,12.3,37,staircase1,no_load,0.0
10.723922,1.077753,wrist_flex,25.0,24.7442,23.6206,23.3789,2162,0,1048,1,12.3,37,staircase1,no_load,0.0
10.734789,1.088619,wrist_flex,25.0,24.7442,23.6206,23.3789,2162,0,1048,0,12.2,37,staircase1,no_load,0.0
10.745238,1.099068,wrist_flex,25.0,24.7442,23.6206,23.3789,2162,0,1048,0,12.3,37,staircase1,no_load,0.0
10.755682,1.109512,wrist_flex,25.0,24.7442,23.6206,23.3789,2162,0,1048,0,12.2,37,staircase1,no_load,0.0
10.765896,1.119726,wrist_flex,25.0,24.7442,23.6206,23.3789,2162,0,1048,0,12.2,37,staircase1,no_load,0.0
10.776359,1.130189,wrist_flex,25.0,24.7442,23.6206,23.3789,2162,0,1048,0,12.2,37,staircase1,no_load,0.0
10.786856,1.140686,wrist_flex,25.0,24.7442,23.6206,23.3789,2162,0,1048,0,12.2,37,staircase1,no_load,0.0
10.797215,1.151046,wrist_flex,25.0,24.7442,23.6206,23.3789,2162,0,1048,0,12.2,37,staircase1,no_load,0.0
10.807402,1.161232,wrist_flex,25.0,24.7442,23.6206,23.3789,2162,0,1048,1,12.3,37,staircase1,no_load,0.0
10.817867,1.171697,wrist_flex,25.0,24.7442,23.6206,23.3789,2162,0,1048,0,11.7,37,staircase1,no_load,0.0
10.828278,1.182109,wrist_flex,25.0,24.7442,23.6206,23.3789,2162,0,1048,1,12.3,37,staircase1,no_load,0.0
10.838675,1.192506,wrist_flex,25.0,24.7442,23.6206,23.3789,2162,0,1048,0,12.2,37,staircase1,no_load,0.0
10.848782,1.202612,wrist_flex,25.0,24.7442,23.6206,23.3789,2162,0,1048,0,12.2,37,staircase1,no_load,0.0
10.859308,1.213138,wrist_flex,25.0,24.7442,23.6206,23.3789,2162,0,1048,0,12.2,37,staircase1,no_load,0.0
10.869559,1.223389,wrist_flex,25.0,24.7442,23.6206,23.3789,2162,0,1048,0,12.3,37,staircase1,no_load,0.0
10.879902,1.233733,wrist_flex,25.0,24.7442,23.6206,23.3789,2162,0,1048,0,12.2,37,staircase1,no_load,0.0
10.890367,1.244197,wrist_flex,25.0,24.7442,23.6206,23.3789,2162,0,1048,1,12.3,37,staircase1,no_load,0.0
10.90082,1.25465,wrist_flex,25.0,24.7442,23.6206,23.3789,2162,0,1048,0,12.2,37,staircase1,no_load,0.0
10.911528,1.265358,wrist_flex,25.0,24.7442,23.6206,23.3789,2162,0,1048,0,12.3,37,staircase1,no_load,0.0
10.92258,1.27641,wrist_flex,25.0,24.7442,23.6206,23.3789,2162,0,1048,0,12.2,37,staircase1,no_load,0.0
10.932891,1.286722,wrist_flex,25.0,24.7442,23.6206,23.3789,2162,0,1048,0,12.2,37,staircase1,no_load,0.0
10.943395,1.297226,wrist_flex,25.0,24.7442,23.6206,23.3789,2162,0,1048,0,12.2,37,staircase1,no_load,0.0
10.954463,1.308293,wrist_flex,25.0,24.7442,23.6206,23.3789,2162,0,1048,0,12.2,37,staircase1,no_load,0.0
10.964991,1.318822,wrist_flex,25.0,24.7442,23.6206,23.3789,2162,0,1048,0,12.3,37,staircase1,no_load,0.0
10.975265,1.329095,wrist_flex,25.0,24.7442,23.6206,23.3789,2162,0,1048,0,12.2,37,staircase1,no_load,0.0
10.985798,1.339628,wrist_flex,25.0,24.7442,23.6206,23.3789,2162,0,1048,0,12.2,37,staircase1,no_load,0.0
10.996458,1.350289,wrist_flex,25.0,24.7442,23.6206,23.3789,2162,0,1048,0,12.2,37,staircase1,no_load,0.0
11.007148,1.360978,wrist_flex,25.0,24.7442,23.6206,23.3789,2162,0,1048,0,12.3,37,staircase1,no_load,0.0
11.017795,1.371625,wrist_flex,25.0,24.7442,23.6206,23.3789,2162,0,1048,0,12.3,37,staircase1,no_load,0.0
11.028533,1.382363,wrist_flex,25.0,24.7442,23.6206,23.3789,2162,0,1048,0,12.3,37,staircase1,no_load,0.0
11.039331,1.393161,wrist_flex,25.0,24.7442,23.6206,23.3789,2162,0,1048,0,12.2,37,staircase1,no_load,0.0
11.049736,1.403567,wrist_flex,25.0,24.7442,23.6206,23.3789,2162,0,1048,0,12.3,37,staircase1,no_load,0.0
11.060006,1.413836,wrist_flex,25.0,24.7442,23.6206,23.3789,2162,0,1048,0,12.3,37,staircase1,no_load,0.0
11.070656,1.424486,wrist_flex,25.0,24.7442,23.6206,23.3789,2162,0,1048,1,12.2,37,staircase1,no_load,0.0
11.081004,1.434834,wrist_flex,25.0,24.7442,23.6206,23.3789,2162,0,1048,0,12.2,37,staircase1,no_load,0.0
11.091428,1.445258,wrist_flex,25.0,24.7442,23.6206,23.3789,2162,0,1048,0,12.3,37,staircase1,no_load,0.0
11.101801,1.455631,wrist_flex,25.0,24.7442,23.6206,23.3789,2162,0,1048,1,12.2,37,staircase1,no_load,0.0
11.112443,1.466273,wrist_flex,25.0,24.7442,23.6206,23.3789,2162,0,1048,0,12.3,37,staircase1,no_load,0.0
11.122945,1.476775,wrist_flex,25.0,24.7442,23.6206,23.3789,2162,0,1048,0,12.3,37,staircase1,no_load,0.0
11.133493,1.487323,wrist_flex,25.0,24.7442,23.6206,23.3789,2162,0,1048,0,12.2,37,staircase1,no_load,0.0
11.143987,1.497818,wrist_flex,25.0,24.7442,23.6206,23.3789,2162,0,1048,0,12.2,37,staircase1,no_load,0.0
11.15434,1.50817,wrist_flex,25.0,24.7442,23.6206,23.3789,2162,0,1048,0,12.2,37,staircase1,no_load,0.0
11.164862,1.518692,wrist_flex,25.0,24.7442,23.6206,23.3789,2162,0,1048,0,12.2,37,staircase1,no_load,0.0
11.175845,1.529675,wrist_flex,25.0,24.7442,23.6206,23.3789,2162,0,1048,0,12.2,37,staircase1,no_load,0.0
11.18663,1.54046,wrist_flex,25.0,24.7442,23.6206,23.3789,2162,0,1048,0,12.2,37,staircase1,no_load,0.0
11.197298,1.551129,wrist_flex,25.0,24.7442,23.6206,23.3789,2162,0,1048,0,12.3,37,staircase1,no_load,0.0
11.207649,1.56148,wrist_flex,25.0,24.7442,23.6206,23.3789,2162,0,1048,0,12.2,37,staircase1,no_load,0.0
11.218541,1.572372,wrist_flex,25.0,24.7442,23.6206,23.3789,2162,0,1048,0,12.3,37,staircase1,no_load,0.0
11.228808,1.582638,wrist_flex,25.0,24.7442,23.6206,23.3789,2162,0,1048,0,12.2,37,staircase1,no_load,0.0
11.23924,1.59307,wrist_flex,25.0,24.7442,23.6206,23.3789,2162,0,1048,0,12.2,37,staircase1,no_load,0.0
11.251283,7e-06,wrist_flex,37.5,24.7442,35.4309,23.3789,2162,0,1048,0,12.3,37,staircase1,no_load,0.0
11.261442,0.010166,wrist_flex,37.5,24.7442,35.4309,23.3789,2162,0,1052,0,12.2,37,staircase1,no_load,0.0
11.272536,0.02126,wrist_flex,37.5,24.7442,35.4309,23.3789,2162,0,1088,3,12.2,37,staircase1,no_load,0.0
11.283169,0.031893,wrist_flex,37.5,24.7442,35.4309,23.3789,2162,0,1124,3,12.3,37,staircase1,no_load,0.0
11.29375,0.042474,wrist_flex,37.5,24.9302,35.4309,23.5547,2164,0,1196,5,12.2,37,staircase1,no_load,16.615
11.304463,0.053187,wrist_flex,37.5,25.2093,35.4309,23.8184,2167,250,1232,9,12.2,37,staircase1,no_load,24.615
11.315174,0.063897,wrist_flex,37.5,25.7674,35.4309,24.3457,2173,250,1304,10,12.2,37,staircase1,no_load,49.23
11.325858,0.074582,wrist_flex,37.5,26.4186,35.4309,24.9609,2180,550,1344,11,12.2,37,staircase1,no_load,57.581
11.336363,0.085086,wrist_flex,37.5,27.3488,35.4309,25.8398,2190,550,1380,10,12.2,37,staircase1,no_load,83.665
11.346955,0.095678,wrist_flex,37.5,28.4651,35.4309,26.8945,2202,900,1344,2,12.2,37,staircase1,no_load,99.575
11.357176,0.105899,wrist_flex,37.5,29.5814,35.4309,27.9492,2214,900,1340,1,12.3,37,staircase1,no_load,103.19
11.367938,0.116662,wrist_flex,37.5,30.6977,35.4309,29.0039,2226,1150,1268,0,12.3,37,staircase1,no_load,98.002
11.378092,0.126816,wrist_flex,37.5,31.7209,35.4309,29.9707,2237,1150,1252,0,12.2,37,staircase1,no_load,95.214
11.388397,0.13712,wrist_flex,37.5,32.7442,35.4309,30.9375,2248,1100,1192,0,12.2,37,staircase1,no_load,93.819
11.398697,0.147421,wrist_flex,37.5,33.4884,35.4309,31.6406,2256,1100,1152,0,12.2,37,staircase1,no_load,68.262
11.409043,0.157767,wrist_flex,37.5,34.1395,35.4309,32.2559,2263,850,1116,0,12.2,37,staircase1,no_load,59.472
11.419504,0.168227,wrist_flex,37.5,34.6977,35.4309,32.7832,2269,850,1092,0,12.3,,staircase1,no_load,50.406
11.429961,0.178684,wrist_flex,37.5,35.0698,35.4309,33.1348,2273,600,1096,0,12.3,37,staircase1,no_load,33.623
11.440176,0.1889,wrist_flex,37.5,35.4419,35.4309,33.4863,2277,350,1080,0,12.2,37,staircase1,no_load,34.41
11.45043,0.199154,wrist_flex,37.5,35.7209,35.4309,33.75,2280,350,1084,0,12.2,37,staircase1,no_load,25.717
11.460921,0.209645,wrist_flex,37.5,35.907,35.4309,33.9258,2282,250,1072,0,12.2,37,staircase1,no_load,16.757
11.471207,0.219931,wrist_flex,37.5,36.186,35.4309,34.1895,2285,250,1072,0,12.2,37,staircase1,no_load,25.637
11.481731,0.230455,wrist_flex,37.5,36.3721,35.4309,34.3652,2287,250,1064,0,12.2,37,staircase1,no_load,16.695
11.492162,0.240886,wrist_flex,37.5,36.4651,35.4309,34.4531,2288,250,1068,0,12.2,37,staircase1,no_load,8.427
11.502929,0.251652,wrist_flex,37.5,36.6512,35.4309,34.6289,2290,100,1060,0,12.2,37,staircase1,no_load,16.328
11.514072,0.262795,wrist_flex,37.5,36.7442,35.4309,34.7168,2291,100,1052,0,12.3,37,staircase1,no_load,7.888
11.524742,0.273465,wrist_flex,37.5,36.9302,35.4309,34.8926,2293,150,1048,0,12.2,37,staircase1,no_load,16.476
11.534984,0.283708,wrist_flex,37.5,36.9302,35.4309,34.8926,2293,150,1048,0,12.2,37,staircase1,no_load,0.0
11.545432,0.294155,wrist_flex,37.5,37.0233,35.4309,34.9805,2294,50,1052,0,12.2,37,staircase1,no_load,8.413
11.556104,0.304827,wrist_flex,37.5,37.0233,35.4309,34.9805,2294,50,1048,1,12.2,37,staircase1,no_load,0.0
11.566733,0.315457,wrist_flex,37.5,37.1163,35.4309,35.0684,2295,100,1048,0,12.2,37,staircase1,no_load,8.27
11.577196,0.325919,wrist_flex,37.5,37.2093,35.4309,35.1563,2296,100,1044,0,12.3,37,staircase1,no_load,8.401
11.588577,0.3373,wrist_flex,37.5,37.3023,35.4309,35.2441,2297,50,20,1,12.2,37,staircase1,no_load,7.715
11.598974,0.347697,wrist_flex,37.5,37.3023,35.4309,35.2441,2297,50,20,0,12.2,37,staircase1,no_load,0.0
11.610098,0.358822,wrist_flex,37.5,37.3023,35.4309,35.2441,2297,50,1044,0,12.3,37,staircase1,no_load,0.0
11.620911,0.369635,wrist_flex,37.5,37.3953,35.4309,35.332,2298,50,0,0,12.3,37,staircase1,no_load,8.129
11.631414,0.380138,wrist_flex,37.5,37.3953,35.4309,35.332,2298,50,20,0,12.3,37,staircase1,no_load,0.0
11.64212,0.390844,wrist_flex,37.5,37.3953,35.4309,35.332,2298,0,20,0,12.2,37,staircase1,no_load,0.0
11.652793,0.401516,wrist_flex,37.5,37.3953,35.4309,35.332,2298,0,0,0,12.2,37,staircase1,no_load,0.0
11.663215,0.411938,wrist_flex,37.5,37.3953,35.4309,35.332,2298,0,0,0,12.2,37,staircase1,no_load,0.0
11.6738,0.422524,wrist_flex,37.5,37.3953,35.4309,35.332,2298,0,0,0,12.2,37,staircase1,no_load,0.0
11.684465,0.433188,wrist_flex,37.5,37.3953,35.4309,35.332,2298,0,0,0,12.2,37,staircase1,no_load,0.0
11.694942,0.443665,wrist_flex,37.5,37.3953,35.4309,35.332,2298,0,0,0,12.2,37,staircase1,no_load,0.0
11.705511,0.454234,wrist_flex,37.5,37.3953,35.4309,35.332,2298,0,0,0,12.2,37,staircase1,no_load,0.0
11.715897,0.464621,wrist_flex,37.5,37.3953,35.4309,35.332,2298,0,0,0,12.3,37,staircase1,no_load,0.0
11.726272,0.474996,wrist_flex,37.5,37.3953,35.4309,35.332,2298,0,0,0,12.2,37,staircase1,no_load,0.0
11.737238,0.485962,wrist_flex,37.5,37.3953,35.4309,35.332,2298,0,0,0,12.2,37,staircase1,no_load,0.0
11.748011,0.496734,wrist_flex,37.5,37.3953,35.4309,35.332,2298,0,0,0,12.2,37,staircase1,no_load,0.0
11.758868,0.507591,wrist_flex,37.5,37.3953,35.4309,35.332,2298,0,0,0,12.2,37,staircase1,no_load,0.0
11.769429,0.518152,wrist_flex,37.5,37.3953,35.4309,35.332,2298,0,0,0,12.2,37,staircase1,no_load,0.0
11.779822,0.528546,wrist_flex,37.5,37.3953,35.4309,35.332,2298,0,0,0,12.3,37,staircase1,no_load,0.0
11.789934,0.538657,wrist_flex,37.5,37.3953,35.4309,35.332,2298,0,0,0,12.2,37,staircase1,no_load,0.0
11.800408,0.549131,wrist_flex,37.5,37.3953,35.4309,35.332,2298,0,0,0,12.3,37,staircase1,no_load,0.0
11.810828,0.559552,wrist_flex,37.5,37.3953,35.4309,35.332,2298,0,0,0,12.3,37,staircase1,no_load,0.0
11.821309,0.570033,wrist_flex,37.5,37.3953,35.4309,35.332,2298,0,0,0,12.2,37,staircase1,no_load,0.0
11.831604,0.580327,wrist_flex,37.5,37.3953,35.4309,35.332,2298,0,0,0,12.3,37,staircase1,no_load,0.0
11.842699,0.591423,wrist_flex,37.5,37.3953,35.4309,35.332,2298,0,0,0,12.2,37,staircase1,no_load,0.0
11.853164,0.601888,wrist_flex,37.5,37.3953,35.4309,35.332,2298,0,0,0,12.3,37,staircase1,no_load,0.0
11.863427,0.61215,wrist_flex,37.5,37.3953,35.4309,35.332,2298,0,0,0,12.3,37,staircase1,no_load,0.0
11.873846,0.62257,wrist_flex,37.5,37.3953,35.4309,35.332,2298,0,0,0,12.3,37,staircase1,no_load,0.0
11.884725,0.633448,wrist_flex,37.5,37.3953,35.4309,35.332,2298,0,0,0,12.2,37,staircase1,no_load,0.0
11.894949,0.643672,wrist_flex,37.5,37.3953,35.4309,35.332,2298,0,0,0,12.2,37,staircase1,no_load,0.0
11.905429,0.654152,wrist_flex,37.5,37.3953,35.4309,35.332,2298,0,0,0,12.3,37,staircase1,no_load,0.0
11.915698,0.664422,wrist_flex,37.5,37.3953,35.4309,35.332,2298,0,0,0,12.2,37,staircase1,no_load,0.0
11.925976,0.674699,wrist_flex,37.5,37.3953,35.4309,35.332,2298,0,0,0,12.2,37,staircase1,no_load,0.0
11.936157,0.684881,wrist_flex,37.5,37.3953,35.4309,35.332,2298,0,0,0,12.3,37,staircase1,no_load,0.0
11.946646,0.69537,wrist_flex,37.5,37.3953,35.4309,35.332,2298,0,0,0,12.2,37,staircase1,no_load,0.0
11.956911,0.705635,wrist_flex,37.5,37.3953,35.4309,35.332,2298,0,0,0,12.2,37,staircase1,no_load,0.0
11.967308,0.716032,wrist_flex,37.5,37.3953,35.4309,35.332,2298,0,0,0,12.2,37,staircase1,no_load,0.0
11.977571,0.726295,wrist_flex,37.5,37.3953,35.4309,35.332,2298,0,0,0,12.2,37,staircase1,no_load,0.0
11.987714,0.736438,wrist_flex,37.5,37.3953,35.4309,35.332,2298,0,0,0,12.2,37,staircase1,no_load,0.0
11.998052,0.746776,wrist_flex,37.5,37.3953,35.4309,35.332,2298,0,0,0,12.3,37,staircase1,no_load,0.0
12.00828,0.757003,wrist_flex,37.5,37.3953,35.4309,35.332,2298,0,0,0,12.2,37,staircase1,no_load,0.0
12.019105,0.767829,wrist_flex,37.5,37.3953,35.4309,35.332,2298,0,0,0,12.2,37,staircase1,no_load,0.0
12.029821,0.778545,wrist_flex,37.5,37.3953,35.4309,35.332,2298,0,0,0,12.2,37,staircase1,no_load,0.0
12.040051,0.788775,wrist_flex,37.5,37.3953,35.4309,35.332,2298,0,0,0,12.2,37,staircase1,no_load,0.0
12.050196,0.79892,wrist_flex,37.5,37.3953,35.4309,35.332,2298,0,0,0,12.3,37,staircase1,no_load,0.0
12.060679,0.809403,wrist_flex,37.5,37.3953,35.4309,35.332,2298,0,0,0,12.2,37,staircase1,no_load,0.0
12.070978,0.819702,wrist_flex,37.5,37.3953,35.4309,35.332,2298,0,0,0,12.3,37,staircase1,no_load,0.0
12.081285,0.830009,wrist_flex,37.5,37.3953,35.4309,35.332,2298,0,0,0,12.2,37,staircase1,no_load,0.0
12.09209,0.840814,wrist_flex,37.5,37.3953,35.4309,35.332,2298,0,0,0,12.2,37,staircase1,no_load,0.0
12.102396,0.851119,wrist_flex,37.5,37.3953,35.4309,35.332,2298,0,0,0,12.2,37,staircase1,no_load,0.0
12.112919,0.861642,wrist_flex,37.5,37.3953,35.4309,35.332,2298,0,0,0,12.3,37,staircase1,no_load,0.0
12.123434,0.872157,wrist_flex,37.5,37.3953,35.4309,35.332,2298,0,0,0,12.2,37,staircase1,no_load,0.0
12.133799,0.882523,wrist_flex,37.5,37.3953,35.4309,35.332,2298,0,0,0,12.2,37,staircase1,no_load,0.0
12.144067,0.89279,wrist_flex,37.5,37.3953,35.4309,35.332,2298,0,0,0,12.2,37,staircase1,no_load,0.0
12.154559,0.903283,wrist_flex,37.5,37.3953,35.4309,35.332,2298,0,0,0,12.2,37,staircase1,no_load,0.0
12.164913,0.913636,wrist_flex,37.5,37.3953,35.4309,35.332,2298,0,0,0,12.3,37,staircase1,no_load,0.0
12.176007,0.92473,wrist_flex,37.5,37.3953,35.4309,35.332,2298,0,0,0,12.3,37,staircase1,no_load,0.0
12.186498,0.935222,wrist_flex,37.5,37.3953,35.4309,35.332,2298,0,0,0,12.2,37,staircase1,no_load,0.0
12.19691,0.945633,wrist_flex,37.5,37.3953,35.4309,35.332,2298,0,0,0,12.3,37,staircase1,no_load,0.0
12.207599,0.956322,wrist_flex,37.5,37.3953,35.4309,35.332,2298,0,0,0,12.2,37,staircase1,no_load,0.0
12.21836,0.967084,wrist_flex,37.5,37.3953,35.4309,35.332,2298,0,0,0,12.2,37,staircase1,no_load,0.0
12.228582,0.977306,wrist_flex,37.5,37.3953,35.4309,35.332,2298,0,0,0,12.3,37,staircase1,no_load,0.0
12.239626,0.98835,wrist_flex,37.5,37.3953,35.4309,35.332,2298,0,0,0,12.2,37,staircase1,no_load,0.0
12.250125,0.998849,wrist_flex,37.5,37.3953,35.4309,35.332,2298,0,0,0,12.3,37,staircase1,no_load,0.0
12.260662,1.009386,wrist_flex,37.5,37.3953,35.4309,35.332,2298,0,0,0,12.3,37,staircase1,no_load,0.0
12.271096,1.01982,wrist_flex,37.5,37.3953,35.4309,35.332,2298,0,0,0,12.3,37,staircase1,no_load,0.0
12.281379,1.030102,wrist_flex,37.5,37.3953,35.4309,35.332,2298,0,0,0,12.3,37,staircase1,no_load,0.0
12.291613,1.040336,wrist_flex,37.5,37.3953,35.4309,35.332,2298,0,0,0,12.3,37,staircase1,no_load,0.0
12.301718,1.050442,wrist_flex,37.5,37.3953,35.4309,35.332,2298,0,0,0,12.2,37,staircase1,no_load,0.0
12.311888,1.060611,wrist_flex,37.5,37.3953,35.4309,35.332,2298,0,0,0,12.2,37,staircase1,no_load,0.0
12.322144,1.070867,wrist_flex,37.5,37.3953,35.4309,35.332,2298,0,0,0,12.3,37,staircase1,no_load,0.0
12.333062,1.081785,wrist_flex,37.5,37.3953,35.4309,35.332,2298,0,0,0,12.2,37,staircase1,no_load,0.0
12.34349,1.092214,wrist_flex,37.5,37.3953,35.4309,35.332,2298,0,0,0,12.2,37,staircase1,no_load,0.0
12.353923,1.102647,wrist_flex,37.5,37.3953,35.4309,35.332,2298,0,0,0,12.3,37,staircase1,no_load,0.0
12.36441,1.113134,wrist_flex,37.5,37.3953,35.4309,35.332,2298,0,0,0,12.2,37,staircase1,no_load,0.0
12.374578,1.123301,wrist_flex,37.5,37.3953,35.4309,35.332,2298,0,0,0,12.2,37,staircase1,no_load,0.0
12.385092,1.133816,wrist_flex,37.5,37.3953,35.4309,35.332,2298,0,0,0,12.2,37,staircase1,no_load,0.0
12.395459,1.144182,wrist_flex,37.5,37.3953,35.4309,35.332,2298,0,0,0,12.2,37,staircase1,no_load,0.0
12.40613,1.154853,wrist_flex,37.5,37.3953,35.4309,35.332,2298,0,0,0,12.3,37,staircase1,no_load,0.0
12.416582,1.165306,wrist_flex,37.5,37.3953,35.4309,35.332,2298,0,0,0,12.2,37,staircase1,no_load,0.0
12.427372,1.176095,wrist_flex,37.5,37.3953,35.4309,35.332,2298,0,0,0,12.2,37,staircase1,no_load,0.0
12.438134,1.186857,wrist_flex,37.5,37.3953,35.4309,35.332,2298,0,0,0,12.2,37,staircase1,no_load,0.0
12.448708,1.197431,wrist_flex,37.5,37.3953,35.4309,35.332,2298,0,0,0,12.2,37,staircase1,no_load,0.0
12.459639,1.208363,wrist_flex,37.5,37.3953,35.4309,35.332,2298,0,0,0,12.2,37,staircase1,no_load,0.0
12.469976,1.218699,wrist_flex,37.5,37.3953,35.4309,35.332,2298,0,0,0,12.2,37,staircase1,no_load,0.0
12.480626,1.229349,wrist_flex,37.5,37.3953,35.4309,35.332,2298,0,0,0,12.2,37,staircase1,no_load,0.0
12.49165,1.240373,wrist_flex,37.5,37.3953,35.4309,35.332,2298,0,0,0,12.2,37,staircase1,no_load,0.0
12.50272,1.251443,wrist_flex,37.5,37.3953,35.4309,35.332,2298,0,0,0,12.3,37,staircase1,no_load,0.0
12.513576,1.262299,wrist_flex,37.5,37.3953,35.4309,35.332,2298,0,0,0,12.3,37,staircase1,no_load,0.0
12.524301,1.273025,wrist_flex,37.5,37.3953,35.4309,35.332,2298,0,0,0,12.2,37,staircase1,no_load,0.0
12.534595,1.283318,wrist_flex,37.5,37.3953,35.4309,35.332,2298,0,0,0,12.2,37,staircase1,no_load,0.0
12.545786,1.294509,wrist_flex,37.5,37.3953,35.4309,35.332,2298,0,0,0,12.2,37,staircase1,no_load,0.0
12.556457,1.305181,wrist_flex,37.5,37.3953,35.4309,35.332,2298,0,0,0,12.2,37,staircase1,no_load,0.0
12.567002,1.315725,wrist_flex,37.5,37.3953,35.4309,35.332,2298,0,0,0,12.2,37,staircase1,no_load,0.0
12.578043,1.326767,wrist_flex,37.5,37.3953,35.4309,35.332,2298,0,0,0,12.2,37,staircase1,no_load,0.0
12.58816,1.336884,wrist_flex,37.5,37.3953,35.4309,35.332,2298,0,0,0,12.2,37,staircase1,no_load,0.0
12.598726,1.347449,wrist_flex,37.5,37.3953,35.4309,35.332,2298,0,0,0,12.2,37,staircase1,no_load,0.0
12.609243,1.357967,wrist_flex,37.5,37.3953,35.4309,35.332,2298,0,0,0,12.2,37,staircase1,no_load,0.0
12.619834,1.368558,wrist_flex,37.5,37.3953,35.4309,35.332,2298,0,0,0,12.2,37,staircase1,no_load,0.0
12.630428,1.379152,wrist_flex,37.5,37.3953,35.4309,35.332,2298,0,0,0,12.2,37,staircase1,no_load,0.0
12.641424,1.390147,wrist_flex,37.5,37.3953,35.4309,35.332,2298,0,0,0,12.2,37,staircase1,no_load,0.0
12.651997,1.40072,wrist_flex,37.5,37.3953,35.4309,35.332,2298,0,0,0,12.2,37,staircase1,no_load,0.0
12.662265,1.410988,wrist_flex,37.5,37.3953,35.4309,35.332,2298,0,0,0,12.2,38,staircase1,no_load,0.0
12.672877,1.421601,wrist_flex,37.5,37.3953,35.4309,35.332,2298,0,0,0,12.2,37,staircase1,no_load,0.0
12.683094,1.431817,wrist_flex,37.5,37.3953,35.4309,35.332,2298,0,0,0,12.2,37,staircase1,no_load,0.0
12.693872,1.442595,wrist_flex,37.5,37.3953,35.4309,35.332,2298,0,0,0,12.2,37,staircase1,no_load,0.0
12.704998,1.453721,wrist_flex,37.5,37.3953,35.4309,35.332,2298,0,0,0,12.3,37,staircase1,no_load,0.0
12.715456,1.46418,wrist_flex,37.5,37.3953,35.4309,35.332,2298,0,0,0,12.2,37,staircase1,no_load,0.0
12.726456,1.47518,wrist_flex,37.5,37.3953,35.4309,35.332,2298,0,0,0,12.2,37,staircase1,no_load,0.0
12.737387,1.48611,wrist_flex,37.5,37.3953,35.4309,35.332,2298,0,0,0,12.2,37,staircase1,no_load,0.0
12.747761,1.496485,wrist_flex,37.5,37.3953,35.4309,35.332,2298,0,0,0,12.2,37,staircase1,no_load,0.0
12.758176,1.506899,wrist_flex,37.5,37.3953,35.4309,35.332,2298,0,0,0,12.2,37,staircase1,no_load,0.0
12.76864,1.517363,wrist_flex,37.5,37.3953,35.4309,35.332,2298,0,0,0,12.3,37,staircase1,no_load,0.0
12.778962,1.527686,wrist_flex,37.5,37.3953,35.4309,35.332,2298,0,0,0,12.2,37,staircase1,no_load,0.0
12.789427,1.53815,wrist_flex,37.5,37.3953,35.4309,35.332,2298,0,0,0,12.2,37,staircase1,no_load,0.0
12.799671,1.548394,wrist_flex,37.5,37.3953,35.4309,35.332,2298,0,0,0,12.2,37,staircase1,no_load,0.0
12.810375,1.559099,wrist_flex,37.5,37.3953,35.4309,35.332,2298,0,0,0,12.2,37,staircase1,no_load,0.0
12.82075,1.569473,wrist_flex,37.5,37.3953,35.4309,35.332,2298,0,0,0,12.2,37,staircase1,no_load,0.0
12.831518,1.580242,wrist_flex,37.5,37.3953,35.4309,35.332,2298,0,0,0,12.2,37,staircase1,no_load,0.0
12.842126,1.59085,wrist_flex,37.5,37.3953,35.4309,35.332,2298,0,0,0,12.2,37,staircase1,no_load,0.0
12.853507,3e-06,wrist_flex,50.0,37.3953,47.2412,35.332,2298,0,0,0,12.2,37,staircase1,no_load,0.0
12.864449,0.010945,wrist_flex,50.0,37.3953,47.2412,35.332,2298,0,1044,1,12.2,37,staircase1,no_load,0.0
12.874663,0.021159,wrist_flex,50.0,37.3953,47.2412,35.332,2298,0,1084,2,12.2,37,staircase1,no_load,0.0
12.884879,0.031375,wrist_flex,50.0,37.4884,47.2412,35.4199,2299,0,1112,3,12.2,37,staircase1,no_load,8.604
12.895565,0.042061,wrist_flex,50.0,37.5814,47.2412,35.5078,2300,50,1188,7,12.2,37,staircase1,no_load,8.226
12.905838,0.052333,wrist_flex,50.0,37.8605,47.2412,35.7715,2303,50,1228,7,12.3,37,staircase1,no_load,25.669
12.915962,0.062458,wrist_flex,50.0,38.2326,47.2412,36.123,2307,250,1296,11,12.2,37,staircase1,no_load,34.719
12.926262,0.072758,wrist_flex,50.0,38.8837,47.2412,36.7383,2314,550,1340,12,12.2,37,staircase1,no_load,59.738
12.937095,0.083591,wrist_flex,50.0,39.814,47.2412,37.6172,2324,550,1376,10,12.2,37,staircase1,no_load,81.132
12.947756,0.094252,wrist_flex,50.0,40.8372,47.2412,38.584,2335,950,1392,8,12.2,37,staircase1,no_load,90.686
12.958349,0.104844,wrist_flex,50.0,41.9535,47.2412,39.6387,2347,950,1332,0,12.3,37,staircase1,no_load,99.566
12.969072,0.115568,wrist_flex,50.0,43.0698,47.2412,40.6934,2359,1150,1316,0,12.2,37,staircase1,no_load,98.359
12.979745,0.126241,wrist_flex,50.0,44.186,47.2412,41.748,2371,1150,1244,0,12.2,37,staircase1,no_load,98.81
12.99026,0.136756,wrist_flex,50.0,45.1163,47.2412,42.627,2381,1050,1212,0,12.3,38,staircase1,no_load,83.595
13.0008,0.147295,wrist_flex,50.0,45.9535,47.2412,43.418,2390,1050,1152,0,12.2,37,staircase1,no_load,75.047
13.011315,0.157811,wrist_flex,50.0,46.6977,47.2412,44.1211,2398,850,1120,0,12.2,51,staircase1,no_load,66.866
13.02164,0.168136,wrist_flex,50.0,47.2558,47.2412,44.6484,2404,850,1100,0,12.2,37,staircase1,no_load,51.07
13.032537,0.179032,wrist_flex,50.0,47.6279,47.2412,45.0,2408,550,1100,0,12.2,37,staircase1,no_load,32.266
13.042875,0.18937,wrist_flex,50.0,48.0,47.2412,45.3516,2412,550,1088,0,12.2,37,staircase1,no_load,34.01
13.05345,0.199946,wrist_flex,50.0,48.2791,47.2412,45.6152,2415,350,1088,0,12.2,37,staircase1,no_load,24.927
13.064159,0.210654,wrist_flex,50.0,48.4651,47.2412,45.791,2417,350,1076,0,12.2,37,staircase1,no_load,16.416
13.074423,0.220919,wrist_flex,50.0,48.7442,47.2412,46.0547,2420,250,1072,0,12.3,37,staircase1,no_load,25.692
13.084859,0.231355,wrist_flex,50.0,48.8372,47.2412,46.1426,2421,200,1064,0,12.3,37,staircase1,no_load,8.423
13.095042,0.241538,wrist_flex,50.0,49.0233,47.2412,46.3184,2423,200,1060,0,12.2,37,staircase1,no_load,17.264
13.105728,0.252224,wrist_flex,50.0,49.2093,47.2412,46.4941,2425,150,1056,0,12.3,37,staircase1,no_load,16.442
13.116161,0.262657,wrist_flex,50.0,49.3023,47.2412,46.582,2426,150,1060,0,12.3,37,staircase1,no_load,8.425
13.126675,0.273171,wrist_flex,50.0,49.3953,47.2412,46.6699,2427,100,1056,0,12.3,37,staircase1,no_load,8.36
13.137073,0.283569,wrist_flex,50.0,49.4884,47.2412,46.7578,2428,100,1052,0,12.2,37,staircase1,no_load,8.454
13.147748,0.294243,wrist_flex,50.0,49.5814,47.2412,46.8457,2429,100,1048,0,12.2,37,staircase1,no_load,8.234
13.158412,0.304908,wrist_flex,50.0,49.6744,47.2412,46.9336,2430,100,1044,0,12.2,37,staircase1,no_load,8.243
13.168933,0.315429,wrist_flex,50.0,49.6744,47.2412,46.9336,2430,50,1044,0,12.2,37,staircase1,no_load,0.0
13.179143,0.325639,wrist_flex,50.0,49.6744,47.2412,46.9336,2430,50,1048,0,12.2,37,staircase1,no_load,0.0
13.189736,0.336231,wrist_flex,50.0,49.6744,47.2412,46.9336,2430,0,1052,0,12.2,37,staircase1,no_load,0.0
13.199994,0.346489,wrist_flex,50.0,49.6744,47.2412,46.9336,2430,0,1052,0,12.2,37,staircase1,no_load,0.0
13.210258,0.356753,wrist_flex,50.0,49.6744,47.2412,46.9336,2430,0,1052,0,12.2,37,staircase1,no_load,0.0
13.220635,0.367131,wrist_flex,50.0,49.6744,47.2412,46.9336,2430,0,1052,0,12.2,37,staircase1,no_load,0.0
13.230822,0.377317,wrist_flex,50.0,49.6744,47.2412,46.9336,2430,0,1052,0,12.2,37,staircase1,no_load,0.0
13.241358,0.387854,wrist_flex,50.0,49.6744,47.2412,46.9336,2430,0,1052,0,12.3,37,staircase1,no_load,0.0
13.25261,0.399106,wrist_flex,50.0,49.6744,47.2412,46.9336,2430,0,1052,0,12.2,37,staircase1,no_load,0.0
13.263053,0.409549,wrist_flex,50.0,49.6744,47.2412,46.9336,2430,0,1052,0,12.2,37,staircase1,no_load,0.0
13.274222,0.420718,wrist_flex,50.0,49.6744,47.2412,46.9336,2430,0,1052,0,12.2,37,staircase1,no_load,0.0
13.284565,0.431061,wrist_flex,50.0,49.6744,47.2412,46.9336,2430,0,1052,1,12.2,37,staircase1,no_load,0.0
13.295052,0.441548,wrist_flex,50.0,49.6744,47.2412,46.9336,2430,0,1052,0,12.2,37,staircase1,no_load,0.0
13.305751,0.452247,wrist_flex,50.0,49.6744,47.2412,46.9336,2430,0,1052,0,12.2,37,staircase1,no_load,0.0
13.31639,0.462886,wrist_flex,50.0,49.6744,47.2412,46.9336,2430,0,1052,0,12.2,37,staircase1,no_load,0.0
13.327042,0.473538,wrist_flex,50.0,49.6744,47.2412,46.9336,2430,0,1052,1,12.3,37,staircase1,no_load,0.0
13.337498,0.483994,wrist_flex,50.0,49.6744,47.2412,46.9336,2430,0,1052,0,12.2,37,staircase1,no_load,0.0
13.348197,0.494693,wrist_flex,50.0,49.6744,47.2412,46.9336,2430,0,1052,0,12.2,37,staircase1,no_load,0.0
13.358533,0.505029,wrist_flex,50.0,49.6744,47.2412,46.9336,2430,0,1052,0,12.3,37,staircase1,no_load,0.0
13.36922,0.515715,wrist_flex,50.0,49.6744,47.2412,46.9336,2430,0,1052,0,12.3,37,staircase1,no_load,0.0
13.379491,0.525986,wrist_flex,50.0,49.6744,47.2412,46.9336,2430,0,1052,0,12.2,37,staircase1,no_load,0.0
13.389698,0.536194,wrist_flex,50.0,49.6744,47.2412,46.9336,2430,0,1052,1,12.2,37,staircase1,no_load,0.0
13.400113,0.546609,wrist_flex,50.0,49.6744,47.2412,46.9336,2430,0,1052,0,12.3,37,staircase1,no_load,0.0
13.410733,0.557229,wrist_flex,50.0,49.6744,47.2412,46.9336,2430,0,1052,1,12.2,37,staircase1,no_load,0.0
13.421553,0.568049,wrist_flex,50.0,49.6744,47.2412,46.9336,2430,0,1052,1,12.2,37,staircase1,no_load,0.0
13.432332,0.578828,wrist_flex,50.0,49.6744,47.2412,46.9336,2430,0,1052,0,12.3,37,staircase1,no_load,0.0
13.442822,0.589318,wrist_flex,50.0,49.6744,47.2412,46.9336,2430,0,1052,1,12.2,37,staircase1,no_load,0.0
13.453409,0.599905,wrist_flex,50.0,49.6744,47.2412,46.9336,2430,0,1052,1,12.2,37,staircase1,no_load,0.0
13.464055,0.61055,wrist_flex,50.0,49.6744,47.2412,46.9336,2430,0,1052,0,12.2,37,staircase1,no_load,0.0
13.474294,0.62079,wrist_flex,50.0,49.6744,47.2412,46.9336,2430,0,1052,0,12.3,37,staircase1,no_load,0.0
13.485105,0.6316,wrist_flex,50.0,49.6744,47.2412,46.9336,2430,0,1052,0,12.3,37,staircase1,no_load,0.0
13.495371,0.641867,wrist_flex,50.0,49.6744,47.2412,46.9336,2430,0,1052,0,12.2,37,staircase1,no_load,0.0
13.505964,0.65246,wrist_flex,50.0,49.6744,47.2412,46.9336,2430,0,1052,1,12.2,37,staircase1,no_load,0.0
13.516656,0.663152,wrist_flex,50.0,49.6744,47.2412,46.9336,2430,0,1052,1,12.2,37,staircase1,no_load,0.0
13.527346,0.673842,wrist_flex,50.0,49.6744,47.2412,46.9336,2430,0,1052,0,12.2,37,staircase1,no_load,0.0
13.537558,0.684054,wrist_flex,50.0,49.6744,47.2412,46.9336,2430,0,1052,0,12.2,37,staircase1,no_load,0.0
13.548229,0.694725,wrist_flex,50.0,49.6744,47.2412,46.9336,2430,0,1052,0,12.2,37,staircase1,no_load,0.0
13.558695,0.705191,wrist_flex,50.0,49.6744,47.2412,46.9336,2430,0,1052,0,12.3,37,staircase1,no_load,0.0
13.569178,0.715674,wrist_flex,50.0,49.6744,47.2412,46.9336,2430,0,1052,1,12.3,37,staircase1,no_load,0.0
13.57938,0.725876,wrist_flex,50.0,49.6744,47.2412,46.9336,2430,0,1052,0,12.3,37,staircase1,no_load,0.0
13.589557,0.736053,wrist_flex,50.0,49.6744,47.2412,46.9336,2430,0,1052,1,12.2,37,staircase1,no_load,0.0
13.600048,0.746544,wrist_flex,50.0,49.6744,47.2412,46.9336,2430,0,1052,0,12.3,37,staircase1,no_load,0.0
13.610547,0.757042,wrist_flex,50.0,49.6744,47.2412,46.9336,2430,0,1052,1,12.2,37,staircase1,no_load,0.0
13.621051,0.767546,wrist_flex,50.0,49.6744,47.2412,46.9336,2430,0,1052,1,12.3,37,staircase1,no_load,0.0
13.63187,0.778366,wrist_flex,50.0,49.6744,47.2412,46.9336,2430,0,1052,0,12.2,37,staircase1,no_load,0.0
13.642142,0.788638,wrist_flex,50.0,49.6744,47.2412,46.9336,2430,0,1052,0,12.2,37,staircase1,no_load,0.0
13.652597,0.799093,wrist_flex,50.0,49.6744,47.2412,46.9336,2430,0,1052,0,12.2,37,staircase1,no_load,0.0
13.663152,0.809647,wrist_flex,50.0,49.6744,47.2412,46.9336,2430,0,1052,0,12.2,37,staircase1,no_load,0.0
13.673815,0.820311,wrist_flex,50.0,49.6744,47.2412,46.9336,2430,0,1052,0,12.3,37,staircase1,no_load,0.0
13.684382,0.830878,wrist_flex,50.0,49.6744,47.2412,46.9336,2430,0,1052,1,12.2,37,staircase1,no_load,0.0
13.694577,0.841073,wrist_flex,50.0,49.6744,47.2412,46.9336,2430,0,1052,0,12.2,37,staircase1,no_load,0.0
13.704863,0.851359,wrist_flex,50.0,49.6744,47.2412,46.9336,2430,0,1052,1,12.3,37,staircase1,no_load,0.0
13.715055,0.861551,wrist_flex,50.0,49.6744,47.2412,46.9336,2430,0,1052,0,12.3,37,staircase1,no_load,0.0
13.725882,0.872377,wrist_flex,50.0,49.6744,47.2412,46.9336,2430,0,1052,0,12.3,37,staircase1,no_load,0.0
13.736358,0.882854,wrist_flex,50.0,49.6744,47.2412,46.9336,2430,0,1052,0,12.2,37,staircase1,no_load,0.0
13.746911,0.893407,wrist_flex,50.0,49.6744,47.2412,46.9336,2430,0,1052,0,12.2,37,staircase1,no_load,0.0
13.757659,0.904155,wrist_flex,50.0,49.6744,47.2412,46.9336,2430,0,1052,0,12.2,37,staircase1,no_load,0.0
13.767979,0.914475,wrist_flex,50.0,49.6744,47.2412,46.9336,2430,0,1052,0,12.2,37,staircase1,no_load,0.0
13.778626,0.925122,wrist_flex,50.0,49.6744,47.2412,46.9336,2430,0,1052,0,12.0,37,staircase1,no_load,0.0
13.789316,0.935812,wrist_flex,50.0,49.6744,47.2412,46.9336,2430,0,1052,1,12.2,37,staircase1,no_load,0.0
13.800239,0.946735,wrist_flex,50.0,49.6744,47.2412,46.9336,2430,0,1052,0,12.2,37,staircase1,no_load,0.0
13.810575,0.957071,wrist_flex,50.0,49.6744,47.2412,46.9336,2430,0,1052,0,12.2,37,staircase1,no_load,0.0
13.820803,0.967299,wrist_flex,50.0,49.6744,47.2412,46.9336,2430,0,1052,0,12.3,37,staircase1,no_load,0.0
13.831101,0.977597,wrist_flex,50.0,49.6744,47.2412,46.9336,2430,0,1052,0,12.2,37,staircase1,no_load,0.0
13.84193,0.988426,wrist_flex,50.0,49.6744,47.2412,46.9336,2430,0,1052,0,12.3,37,staircase1,no_load,0.0
13.852324,0.998819,wrist_flex,50.0,49.6744,47.2412,46.9336,2430,0,1052,0,12.2,37,staircase1,no_load,0.0
13.863123,1.009619,wrist_flex,50.0,49.6744,47.2412,46.9336,2430,0,1052,0,12.2,37,staircase1,no_load,0.0
13.873402,1.019898,wrist_flex,50.0,49.6744,47.2412,46.9336,2430,0,1052,1,12.2,37,staircase1,no_load,0.0
13.883664,1.030159,wrist_flex,50.0,49.6744,47.2412,46.9336,2430,0,1052,1,12.3,37,staircase1,no_load,0.0
13.894135,1.040631,wrist_flex,50.0,49.6744,47.2412,46.9336,2430,0,1052,0,12.3,37,staircase1,no_load,0.0
13.904906,1.051402,wrist_flex,50.0,49.6744,47.2412,46.9336,2430,0,1052,0,12.2,37,staircase1,no_load,0.0
13.915503,1.061999,wrist_flex,50.0,49.6744,47.2412,46.9336,2430,0,1052,0,12.2,37,staircase1,no_load,0.0
13.925712,1.072208,wrist_flex,50.0,49.6744,47.2412,46.9336,2430,0,1052,0,12.2,37,staircase1,no_load,0.0
13.935876,1.082372,wrist_flex,50.0,49.6744,47.2412,46.9336,2430,0,1052,0,12.3,37,staircase1,no_load,0.0
13.946365,1.092861,wrist_flex,50.0,49.6744,47.2412,46.9336,2430,0,1052,0,12.2,37,staircase1,no_load,0.0
13.956662,1.103158,wrist_flex,50.0,49.6744,47.2412,46.9336,2430,0,1052,0,12.2,37,staircase1,no_load,0.0
13.966922,1.113418,wrist_flex,50.0,49.6744,47.2412,46.9336,2430,0,1052,1,12.2,37,staircase1,no_load,0.0
13.977584,1.12408,wrist_flex,50.0,49.6744,47.2412,46.9336,2430,0,1052,0,12.2,37,staircase1,no_load,0.0
13.987979,1.134475,wrist_flex,50.0,49.6744,47.2412,46.9336,2430,0,1052,0,12.2,37,staircase1,no_load,0.0
13.998344,1.144839,wrist_flex,50.0,49.6744,47.2412,46.9336,2430,0,1052,0,12.3,37,staircase1,no_load,0.0
14.008957,1.155452,wrist_flex,50.0,49.6744,47.2412,46.9336,2430,0,1052,0,12.2,37,staircase1,no_load,0.0
14.020142,1.166638,wrist_flex,50.0,49.6744,47.2412,46.9336,2430,0,1052,0,12.2,37,staircase1,no_load,0.0
14.030274,1.17677,wrist_flex,50.0,49.6744,47.2412,46.9336,2430,0,1052,0,12.2,37,staircase1,no_load,0.0
14.040904,1.1874,wrist_flex,50.0,49.6744,47.2412,46.9336,2430,0,1052,1,12.3,37,staircase1,no_load,0.0
14.051069,1.197565,wrist_flex,50.0,49.6744,47.2412,46.9336,2430,0,1052,1,12.2,37,staircase1,no_load,0.0
14.06182,1.208316,wrist_flex,50.0,49.6744,47.2412,46.9336,2430,0,1052,0,12.3,37,staircase1,no_load,0.0
14.072539,1.219035,wrist_flex,50.0,49.6744,47.2412,46.9336,2430,0,1052,0,12.2,37,staircase1,no_load,0.0
14.083022,1.229518,wrist_flex,50.0,49.6744,47.2412,46.9336,2430,0,1052,1,12.2,37,staircase1,no_load,0.0
14.093256,1.239752,wrist_flex,50.0,49.6744,47.2412,46.9336,2430,0,1052,0,12.3,37,staircase1,no_load,0.0
14.103818,1.250314,wrist_flex,50.0,49.6744,47.2412,46.9336,2430,0,1052,1,12.2,37,staircase1,no_load,0.0
14.115335,1.261831,wrist_flex,50.0,49.6744,47.2412,46.9336,2430,0,1052,0,12.3,37,staircase1,no_load,0.0
14.126123,1.272619,wrist_flex,50.0,49.6744,47.2412,46.9336,2430,0,1052,0,12.3,37,staircase1,no_load,0.0
14.136254,1.28275,wrist_flex,50.0,49.6744,47.2412,46.9336,2430,0,1052,1,12.2,37,staircase1,no_load,0.0
14.146795,1.293291,wrist_flex,50.0,49.6744,47.2412,46.9336,2430,0,1052,0,12.2,37,staircase1,no_load,0.0
14.157583,1.304079,wrist_flex,50.0,49.6744,47.2412,46.9336,2430,0,1052,0,12.3,37,staircase1,no_load,0.0
14.167824,1.31432,wrist_flex,50.0,49.6744,47.2412,46.9336,2430,0,1052,1,12.2,37,staircase1,no_load,0.0
14.178475,1.324971,wrist_flex,50.0,49.6744,47.2412,46.9336,2430,0,1052,1,12.2,37,staircase1,no_load,0.0
14.188819,1.335315,wrist_flex,50.0,49.6744,47.2412,46.9336,2430,0,1052,0,12.2,37,staircase1,no_load,0.0
14.199399,1.345895,wrist_flex,50.0,49.6744,47.2412,46.9336,2430,0,1052,0,12.2,37,staircase1,no_load,0.0
14.210013,1.356509,wrist_flex,50.0,49.6744,47.2412,46.9336,2430,0,1052,0,12.3,37,staircase1,no_load,0.0
14.220407,1.366902,wrist_flex,50.0,49.6744,47.2412,46.9336,2430,0,1052,0,12.2,37,staircase1,no_load,0.0
14.230614,1.377109,wrist_flex,50.0,49.6744,47.2412,46.9336,2430,0,1052,0,12.2,37,staircase1,no_load,0.0
14.241281,1.387776,wrist_flex,50.0,49.6744,47.2412,46.9336,2430,0,1052,0,12.3,37,staircase1,no_load,0.0
14.251734,1.39823,wrist_flex,50.0,49.6744,47.2412,46.9336,2430,0,1052,0,12.3,37,staircase1,no_load,0.0
14.262045,1.40854,wrist_flex,50.0,49.6744,47.2412,46.9336,2430,0,1052,0,12.3,37,staircase1,no_load,0.0
14.272722,1.419218,wrist_flex,50.0,49.6744,47.2412,46.9336,2430,0,1052,1,12.2,37,staircase1,no_load,0.0
14.283562,1.430058,wrist_flex,50.0,49.6744,47.2412,46.9336,2430,0,1052,0,12.3,37,staircase1,no_load,0.0
14.293873,1.440369,wrist_flex,50.0,49.6744,47.2412,46.9336,2430,0,1052,1,12.2,37,staircase1,no_load,0.0
14.304139,1.450635,wrist_flex,50.0,49.6744,47.2412,46.9336,2430,0,1052,0,12.3,37,staircase1,no_load,0.0
14.314399,1.460895,wrist_flex,50.0,49.6744,47.2412,46.9336,2430,0,1052,0,12.2,37,staircase1,no_load,0.0
14.324657,1.471153,wrist_flex,50.0,49.6744,47.2412,46.9336,2430,0,1052,0,12.2,37,staircase1,no_load,0.0
14.335022,1.481518,wrist_flex,50.0,49.6744,47.2412,46.9336,2430,0,1052,0,12.2,37,staircase1,no_load,0.0
14.34522,1.491715,wrist_flex,50.0,49.6744,47.2412,46.9336,2430,0,1052,0,12.2,37,staircase1,no_load,0.0
14.356006,1.502501,wrist_flex,50.0,49.6744,47.2412,46.9336,2430,0,1052,1,12.2,37,staircase1,no_load,0.0
14.366559,1.513054,wrist_flex,50.0,49.6744,47.2412,46.9336,2430,0,1052,0,12.3,37,staircase1,no_load,0.0
14.376964,1.52346,wrist_flex,50.0,49.6744,47.2412,46.9336,2430,0,1052,1,12.3,37,staircase1,no_load,0.0
14.387363,1.533859,wrist_flex,50.0,49.6744,47.2412,46.9336,2430,0,1052,1,12.2,37,staircase1,no_load,0.0
14.397735,1.54423,wrist_flex,50.0,49.6744,47.2412,46.9336,2430,0,1052,1,12.2,37,staircase1,no_load,0.0
14.407985,1.554481,wrist_flex,50.0,49.6744,47.2412,46.9336,2430,0,1052,0,12.2,37,staircase1,no_load,0.0
14.418558,1.565054,wrist_flex,50.0,49.6744,47.2412,46.9336,2430,0,1052,0,12.2,37,staircase1,no_load,0.0
14.428886,1.575382,wrist_flex,50.0,49.6744,47.2412,46.9336,2430,0,1052,1,12.2,37,staircase1,no_load,0.0
14.439343,1.585838,wrist_flex,50.0,49.6744,47.2412,46.9336,2430,0,1052,0,12.3,37,staircase1,no_load,0.0
14.449936,1.596432,wrist_flex,50.0,49.6744,47.2412,46.9336,2430,0,1052,0,12.3,37,staircase1,no_load,0.0
14.461527,4e-06,wrist_flex,37.5,49.6744,35.4309,46.9336,2430,0,1048,0,12.2,37,staircase1,no_load,0.0
14.472719,0.011196,wrist_flex,37.5,49.6744,35.4309,46.9336,2430,0,0,0,12.2,37,staircase1,no_load,0.0
14.483533,0.022011,wrist_flex,37.5,49.6744,35.4309,46.9336,2430,0,44,1,12.2,37,staircase1,no_load,0.0
14.493907,0.032384,wrist_flex,37.5,49.6744,35.4309,46.9336,2430,0,72,2,12.2,38,staircase1,no_load,0.0
14.504199,0.042676,wrist_flex,37.5,49.5814,35.4309,46.8457,2429,0,156,6,12.2,37,staircase1,no_load,-8.541
14.514516,0.052993,wrist_flex,37.5,49.4884,35.4309,46.7578,2428,-100,204,12,12.2,37,staircase1,no_load,-8.52
14.52489,0.063368,wrist_flex,37.5,49.1163,35.4309,46.4062,2424,-100,284,18,12.2,37,staircase1,no_load,-33.892
14.53522,0.073697,wrist_flex,37.5,48.6512,35.4309,45.9668,2419,-400,336,20,12.2,37,staircase1,no_load,-42.536
14.546237,0.084714,wrist_flex,37.5,47.814,35.4309,45.1758,2410,-400,376,20,12.2,37,staircase1,no_load,-71.798
14.556608,0.095086,wrist_flex,37.5,46.9767,35.4309,44.3848,2401,-750,348,9,12.2,37,staircase1,no_load,-76.27
14.566913,0.10539,wrist_flex,37.5,45.8605,35.4309,43.3301,2389,-750,348,9,12.2,37,staircase1,no_load,-102.348
14.577516,0.115994,wrist_flex,37.5,44.8372,35.4309,42.3633,2378,-1050,284,0,12.2,37,staircase1,no_load,-91.182
14.587882,0.126359,wrist_flex,37.5,43.814,35.4309,41.3965,2367,-1050,260,0,12.2,37,staircase1,no_load,-93.266
14.598393,0.136871,wrist_flex,37.5,42.8837,35.4309,40.5176,2357,-1050,200,0,12.3,37,staircase1,no_load,-83.617
14.608608,0.147085,wrist_flex,37.5,42.2326,35.4309,39.9023,2350,-1050,164,0,12.2,37,staircase1,no_load,-60.235
14.61942,0.157897,wrist_flex,37.5,41.4884,35.4309,39.1992,2342,-800,120,0,12.3,37,staircase1,no_load,-65.03
14.630132,0.168609,wrist_flex,37.5,41.0233,35.4309,38.7598,2337,-500,104,0,12.3,37,staircase1,no_load,-41.019
14.640629,0.179107,wrist_flex,37.5,40.6512,35.4309,38.4082,2333,-500,108,1,12.2,37,staircase1,no_load,-33.495
14.650887,0.189364,wrist_flex,37.5,40.3721,35.4309,38.1445,2330,-350,100,1,12.2,37,staircase1,no_load,-25.707
14.661271,0.199748,wrist_flex,37.5,40.093,35.4309,37.8809,2327,-350,100,2,12.2,38,staircase1,no_load,-25.385
14.671733,0.210211,wrist_flex,37.5,39.814,35.4309,37.6172,2324,-250,88,2,12.2,37,staircase1,no_load,-25.206
14.682004,0.220482,wrist_flex,37.5,39.6279,35.4309,37.4414,2322,-250,84,1,12.2,37,staircase1,no_load,-17.116
14.692382,0.230859,wrist_flex,37.5,39.4419,35.4309,37.2656,2320,-200,76,2,12.3,38,staircase1,no_load,-16.94
14.702801,0.241278,wrist_flex,37.5,39.3488,35.4309,37.1777,2319,-200,76,2,12.2,37,staircase1,no_load,-8.437
14.713044,0.251521,wrist_flex,37.5,39.2558,35.4309,37.0898,2318,-150,72,1,12.2,37,staircase1,no_load,-8.581
14.723295,0.261773,wrist_flex,37.5,39.0698,35.4309,36.9141,2316,-150,68,2,12.2,37,staircase1,no_load,-17.14
14.733551,0.272028,wrist_flex,37.5,38.9767,35.4309,36.8262,2315,-150,64,2,12.2,37,staircase1,no_load,-8.571
14.744189,0.282666,wrist_flex,37.5,38.8837,35.4309,36.7383,2314,-150,64,2,12.2,37,staircase1,no_load,-8.263
14.754702,0.293179,wrist_flex,37.5,38.8837,35.4309,36.7383,2314,-50,68,2,12.2,37,staircase1,no_load,0.0
14.76494,0.303418,wrist_flex,37.5,38.8837,35.4309,36.7383,2314,-50,68,2,12.2,37,staircase1,no_load,0.0
14.775415,0.313892,wrist_flex,37.5,38.7907,35.4309,36.6504,2313,0,64,1,12.2,37,staircase1,no_load,-8.391
14.785878,0.324355,wrist_flex,37.5,38.6977,35.4309,36.5625,2312,0,60,1,12.2,37,staircase1,no_load,-8.401
14.796956,0.335433,wrist_flex,37.5,38.6977,35.4309,36.5625,2312,-100,56,1,12.2,37,staircase1,no_load,0.0
14.807472,0.345949,wrist_flex,37.5,38.6047,35.4309,36.4746,2311,-100,56,0,12.3,37,staircase1,no_load,-8.359
14.818233,0.35671,wrist_flex,37.5,38.5116,35.4309,36.3867,2310,-100,48,1,12.3,37,staircase1,no_load,-8.168
14.828521,0.366999,wrist_flex,37.5,38.5116,35.4309,36.3867,2310,0,48,1,12.2,37,staircase1,no_load,0.0
14.839304,0.377781,wrist_flex,37.5,38.4186,35.4309,36.2988,2309,0,48,1,12.2,37,staircase1,no_load,-8.152
14.849439,0.387917,wrist_flex,37.5,38.4186,35.4309,36.2988,2309,-50,48,1,12.2,37,staircase1,no_load,0.0
14.860049,0.398526,wrist_flex,37.5,38.4186,35.4309,36.2988,2309,-50,52,2,12.2,37,staircase1,no_load,0.0
14.870815,0.409292,wrist_flex,37.5,38.4186,35.4309,36.2988,2309,0,52,2,12.2,37,staircase1,no_load,0.0
14.881576,0.420053,wrist_flex,37.5,38.4186,35.4309,36.2988,2309,0,52,2,12.2,37,staircase1,no_load,0.0
14.891692,0.43017,wrist_flex,37.5,38.4186,35.4309,36.2988,2309,0,52,1,12.2,37,staircase1,no_load,0.0
14.902563,0.44104,wrist_flex,37.5,38.4186,35.4309,36.2988,2309,0,52,1,12.2,37,staircase1,no_load,0.0
14.913179,0.451656,wrist_flex,37.5,38.4186,35.4309,36.2988,2309,0,52,1,12.3,37,staircase1,no_load,0.0
14.923703,0.46218,wrist_flex,37.5,38.4186,35.4309,36.2988,2309,0,52,1,12.2,37,staircase1,no_load,0.0
14.934458,0.472936,wrist_flex,37.5,38.4186,35.4309,36.2988,2309,0,52,1,12.2,37,staircase1,no_load,0.0
14.944674,0.483151,wrist_flex,37.5,38.4186,35.4309,36.2988,2309,0,52,2,12.2,37,staircase1,no_load,0.0
14.955276,0.493753,wrist_flex,37.5,38.4186,35.4309,36.2988,2309,0,52,1,12.2,37,staircase1,no_load,0.0
14.965499,0.503977,wrist_flex,37.5,38.4186,35.4309,36.2988,2309,0,52,2,12.2,37,staircase1,no_load,0.0
14.975793,0.51427,wrist_flex,37.5,38.4186,35.4309,36.2988,2309,0,52,1,12.3,37,staircase1,no_load,0.0
14.986221,0.524698,wrist_flex,37.5,38.4186,35.4309,36.2988,2309,0,52,2,12.2,37,staircase1,no_load,0.0
14.996462,0.534939,wrist_flex,37.5,38.4186,35.4309,36.2988,2309,0,52,1,12.2,37,staircase1,no_load,0.0
15.006856,0.545334,wrist_flex,37.5,38.4186,35.4309,36.2988,2309,0,52,1,12.2,37,staircase1,no_load,0.0
15.017243,0.555721,wrist_flex,37.5,38.4186,35.4309,36.2988,2309,0,52,2,12.3,37,staircase1,no_load,0.0
15.027651,0.566129,wrist_flex,37.5,38.4186,35.4309,36.2988,2309,0,52,1,12.3,37,staircase1,no_load,0.0
15.038,0.576477,wrist_flex,37.5,38.4186,35.4309,36.2988,2309,0,52,1,12.3,37,staircase1,no_load,0.0
15.048379,0.586856,wrist_flex,37.5,38.4186,35.4309,36.2988,2309,0,52,1,12.2,37,staircase1,no_load,0.0
15.058608,0.597085,wrist_flex,37.5,38.4186,35.4309,36.2988,2309,0,52,1,12.2,37,staircase1,no_load,0.0
15.068958,0.607435,wrist_flex,37.5,38.4186,35.4309,36.2988,2309,0,52,2,12.2,37,staircase1,no_load,0.0
15.079057,0.617534,wrist_flex,37.5,38.4186,35.4309,36.2988,2309,0,52,1,12.2,37,staircase1,no_load,0.0
15.089506,0.627984,wrist_flex,37.5,38.4186,35.4309,36.2988,2309,0,52,1,12.2,37,staircase1,no_load,0.0
15.099892,0.638369,wrist_flex,37.5,38.4186,35.4309,36.2988,2309,0,52,1,12.2,37,staircase1,no_load,0.0
15.110107,0.648585,wrist_flex,37.5,38.4186,35.4309,36.2988,2309,0,52,1,12.2,37,staircase1,no_load,0.0
15.120607,0.659084,wrist_flex,37.5,38.4186,35.4309,36.2988,2309,0,52,2,12.2,37,staircase1,no_load,0.0
15.130736,0.669214,wrist_flex,37.5,38.4186,35.4309,36.2988,2309,0,52,1,12.3,37,staircase1,no_load,0.0
15.141056,0.679533,wrist_flex,37.5,38.4186,35.4309,36.2988,2309,0,52,2,12.2,37,staircase1,no_load,0.0
15.151371,0.689848,wrist_flex,37.5,38.4186,35.4309,36.2988,2309,0,52,1,12.2,37,staircase1,no_load,0.0
15.162442,0.700919,wrist_flex,37.5,38.4186,35.4309,36.2988,2309,0,52,2,12.2,37,staircase1,no_load,0.0
15.173228,0.711705,wrist_flex,37.5,38.4186,35.4309,36.2988,2309,0,52,2,12.3,37,staircase1,no_load,0.0
15.18407,0.722547,wrist_flex,37.5,38.4186,35.4309,36.2988,2309,0,52,1,12.3,37,staircase1,no_load,0.0
15.194505,0.732983,wrist_flex,37.5,38.4186,35.4309,36.2988,2309,0,52,1,12.2,37,staircase1,no_load,0.0
15.204627,0.743104,wrist_flex,37.5,38.4186,35.4309,36.2988,2309,0,52,2,12.3,37,staircase1,no_load,0.0
15.214794,0.753271,wrist_flex,37.5,38.4186,35.4309,36.2988,2309,0,52,1,12.2,37,staircase1,no_load,0.0
15.225397,0.763875,wrist_flex,37.5,38.4186,35.4309,36.2988,2309,0,52,1,12.2,37,staircase1,no_load,0.0
15.236298,0.774775,wrist_flex,37.5,38.4186,35.4309,36.2988,2309,0,52,1,12.2,37,staircase1,no_load,0.0
15.246477,0.784955,wrist_flex,37.5,38.4186,35.4309,36.2988,2309,0,52,1,12.2,37,staircase1,no_load,0.0
15.257176,0.795653,wrist_flex,37.5,38.4186,35.4309,36.2988,2309,0,52,1,12.2,37,staircase1,no_load,0.0
15.267531,0.806008,wrist_flex,37.5,38.4186,35.4309,36.2988,2309,0,52,1,12.2,37,staircase1,no_load,0.0
15.278076,0.816554,wrist_flex,37.5,38.4186,35.4309,36.2988,2309,0,52,2,12.2,39,staircase1,no_load,0.0
15.28851,0.826988,wrist_flex,37.5,38.4186,35.4309,36.2988,2309,0,52,1,12.2,37,staircase1,no_load,0.0
15.299046,0.837523,wrist_flex,37.5,38.4186,35.4309,36.2988,2309,0,52,2,12.2,37,staircase1,no_load,0.0
15.310095,0.848572,wrist_flex,37.5,38.4186,35.4309,36.2988,2309,0,52,1,12.2,37,staircase1,no_load,0.0
15.320182,0.858659,wrist_flex,37.5,38.4186,35.4309,36.2988,2309,0,52,1,12.3,37,staircase1,no_load,0.0
15.330508,0.868986,wrist_flex,37.5,38.4186,35.4309,36.2988,2309,0,52,1,12.2,37,staircase1,no_load,0.0
15.340909,0.879386,wrist_flex,37.5,38.4186,35.4309,36.2988,2309,0,52,2,12.2,37,staircase1,no_load,0.0
15.351236,0.889713,wrist_flex,37.5,38.4186,35.4309,36.2988,2309,0,52,2,12.2,37,staircase1,no_load,0.0
15.361802,0.900279,wrist_flex,37.5,38.4186,35.4309,36.2988,2309,0,52,2,12.2,37,staircase1,no_load,0.0
15.372073,0.91055,wrist_flex,37.5,38.4186,35.4309,36.2988,2309,0,52,1,12.3,37,staircase1,no_load,0.0
15.38234,0.920817,wrist_flex,37.5,38.4186,35.4309,36.2988,2309,0,52,1,12.2,37,staircase1,no_load,0.0
15.392453,0.93093,wrist_flex,37.5,38.4186,35.4309,36.2988,2309,0,52,1,12.2,37,staircase1,no_load,0.0
15.403456,0.941933,wrist_flex,37.5,38.4186,35.4309,36.2988,2309,0,52,0,12.2,37,staircase1,no_load,0.0
15.413991,0.952468,wrist_flex,37.5,38.4186,35.4309,36.2988,2309,0,52,1,12.2,37,staircase1,no_load,0.0
15.424098,0.962576,wrist_flex,37.5,38.4186,35.4309,36.2988,2309,0,52,1,12.2,37,staircase1,no_load,0.0
15.434925,0.973402,wrist_flex,37.5,38.4186,35.4309,36.2988,2309,0,52,1,12.2,37,staircase1,no_load,0.0
15.445079,0.983556,wrist_flex,37.5,38.4186,35.4309,36.2988,2309,0,52,2,12.2,37,staircase1,no_load,0.0
15.455466,0.993943,wrist_flex,37.5,38.4186,35.4309,36.2988,2309,0,52,1,12.2,37,staircase1,no_load,0.0
15.466157,1.004634,wrist_flex,37.5,38.4186,35.4309,36.2988,2309,0,52,2,12.2,37,staircase1,no_load,0.0
15.476228,1.014706,wrist_flex,37.5,38.4186,35.4309,36.2988,2309,0,52,2,12.2,37,staircase1,no_load,0.0
15.486457,1.024935,wrist_flex,37.5,38.4186,35.4309,36.2988,2309,0,52,1,12.3,37,staircase1,no_load,0.0
15.497008,1.035485,wrist_flex,37.5,38.4186,35.4309,36.2988,2309,0,52,1,12.3,37,staircase1,no_load,0.0
15.507712,1.046189,wrist_flex,37.5,38.4186,35.4309,36.2988,2309,0,52,1,12.2,37,staircase1,no_load,0.0
15.518344,1.056821,wrist_flex,37.5,38.4186,35.4309,36.2988,2309,0,52,2,12.2,37,staircase1,no_load,0.0
15.52895,1.067427,wrist_flex,37.5,38.4186,35.4309,36.2988,2309,0,52,1,12.2,37,staircase1,no_load,0.0
15.539638,1.078115,wrist_flex,37.5,38.4186,35.4309,36.2988,2309,0,52,1,12.2,37,staircase1,no_load,0.0
15.550152,1.088629,wrist_flex,37.5,38.4186,35.4309,36.2988,2309,0,52,2,12.2,37,staircase1,no_load,0.0
15.5609,1.099378,wrist_flex,37.5,38.4186,35.4309,36.2988,2309,0,52,1,12.3,37,staircase1,no_load,0.0
15.571048,1.109525,wrist_flex,37.5,38.4186,35.4309,36.2988,2309,0,52,1,12.2,37,staircase1,no_load,0.0
15.581126,1.119603,wrist_flex,37.5,38.4186,35.4309,36.2988,2309,0,52,1,12.2,37,staircase1,no_load,0.0
15.591246,1.129724,wrist_flex,37.5,38.4186,35.4309,36.2988,2309,0,52,1,12.2,37,staircase1,no_load,0.0
15.601312,1.139789,wrist_flex,37.5,38.4186,35.4309,36.2988,2309,0,52,1,12.2,37,staircase1,no_load,0.0
15.611488,1.149966,wrist_flex,37.5,38.4186,35.4309,36.2988,2309,0,52,1,12.2,37,staircase1,no_load,0.0
15.621671,1.160148,wrist_flex,37.5,38.4186,35.4309,36.2988,2309,0,52,1,12.2,37,staircase1,no_load,0.0
15.631904,1.170381,wrist_flex,37.5,38.4186,35.4309,36.2988,2309,0,52,2,12.2,37,staircase1,no_load,0.0
15.642797,1.181274,wrist_flex,37.5,38.4186,35.4309,36.2988,2309,0,52,1,12.3,37,staircase1,no_load,0.0
15.652887,1.191364,wrist_flex,37.5,38.4186,35.4309,36.2988,2309,0,52,1,12.2,37,staircase1,no_load,0.0
15.663965,1.202443,wrist_flex,37.5,38.4186,35.4309,36.2988,2309,0,52,1,12.2,37,staircase1,no_load,0.0
15.674869,1.213346,wrist_flex,37.5,38.4186,35.4309,36.2988,2309,0,52,1,12.3,37,staircase1,no_load,0.0
15.685112,1.22359,wrist_flex,37.5,38.4186,35.4309,36.2988,2309,0,52,1,12.3,37,staircase1,no_load,0.0
15.695663,1.234141,wrist_flex,37.5,38.4186,35.4309,36.2988,2309,0,52,1,12.2,37,staircase1,no_load,0.0
15.706169,1.244646,wrist_flex,37.5,38.4186,35.4309,36.2988,2309,0,52,1,12.3,37,staircase1,no_load,0.0
15.716926,1.255403,wrist_flex,37.5,38.4186,35.4309,36.2988,2309,0,52,1,12.2,37,staircase1,no_load,0.0
15.727112,1.265589,wrist_flex,37.5,38.4186,35.4309,36.2988,2309,0,52,2,12.2,37,staircase1,no_load,0.0
15.737733,1.27621,wrist_flex,37.5,38.4186,35.4309,36.2988,2309,0,52,1,12.2,37,staircase1,no_load,0.0
15.748448,1.286926,wrist_flex,37.5,38.4186,35.4309,36.2988,2309,0,52,1,12.2,37,staircase1,no_load,0.0
15.759292,1.297769,wrist_flex,37.5,38.4186,35.4309,36.2988,2309,0,52,1,12.3,37,staircase1,no_load,0.0
15.769568,1.308045,wrist_flex,37.5,38.4186,35.4309,36.2988,2309,0,52,2,12.2,37,staircase1,no_load,0.0
15.779918,1.318395,wrist_flex,37.5,38.4186,35.4309,36.2988,2309,0,52,1,12.2,37,staircase1,no_load,0.0
15.790474,1.328951,wrist_flex,37.5,38.4186,35.4309,36.2988,2309,0,52,1,12.2,37,staircase1,no_load,0.0
15.800925,1.339402,wrist_flex,37.5,38.4186,35.4309,36.2988,2309,0,52,1,12.2,37,staircase1,no_load,0.0
15.811352,1.349829,wrist_flex,37.5,38.4186,35.4309,36.2988,2309,0,52,1,12.2,37,staircase1,no_load,0.0
15.821887,1.360365,wrist_flex,37.5,38.4186,35.4309,36.2988,2309,0,52,2,12.3,37,staircase1,no_load,0.0
15.832726,1.371203,wrist_flex,37.5,38.4186,35.4309,36.2988,2309,0,52,1,12.2,37,staircase1,no_load,0.0
15.843718,1.382195,wrist_flex,37.5,38.4186,35.4309,36.2988,2309,0,52,1,12.2,37,staircase1,no_load,0.0
15.853823,1.3923,wrist_flex,37.5,38.4186,35.4309,36.2988,2309,0,52,1,12.3,37,staircase1,no_load,0.0
15.864148,1.402626,wrist_flex,37.5,38.4186,35.4309,36.2988,2309,0,52,1,12.2,37,staircase1,no_load,0.0
15.874712,1.413189,wrist_flex,37.5,38.4186,35.4309,36.2988,2309,0,52,1,12.2,37,staircase1,no_load,0.0
15.884848,1.423325,wrist_flex,37.5,38.4186,35.4309,36.2988,2309,0,52,2,12.2,37,staircase1,no_load,0.0
15.895417,1.433894,wrist_flex,37.5,38.4186,35.4309,36.2988,2309,0,52,1,12.2,37,staircase1,no_load,0.0
15.905735,1.444212,wrist_flex,37.5,38.4186,35.4309,36.2988,2309,0,52,2,12.2,37,staircase1,no_load,0.0
15.916674,1.455151,wrist_flex,37.5,38.4186,35.4309,36.2988,2309,0,52,1,12.3,37,staircase1,no_load,0.0
15.927197,1.465674,wrist_flex,37.5,38.4186,35.4309,36.2988,2309,0,52,2,12.3,37,staircase1,no_load,0.0
15.937524,1.476001,wrist_flex,37.5,38.4186,35.4309,36.2988,2309,0,52,1,12.3,37,staircase1,no_load,0.0
15.94794,1.486418,wrist_flex,37.5,38.4186,35.4309,36.2988,2309,0,52,1,12.3,37,staircase1,no_load,0.0
15.958425,1.496902,wrist_flex,37.5,38.4186,35.4309,36.2988,2309,0,52,1,12.3,37,staircase1,no_load,0.0
15.969076,1.507553,wrist_flex,37.5,38.4186,35.4309,36.2988,2309,0,52,1,12.2,37,staircase1,no_load,0.0
15.979739,1.518216,wrist_flex,37.5,38.4186,35.4309,36.2988,2309,0,52,2,12.2,37,staircase1,no_load,0.0
15.99013,1.528608,wrist_flex,37.5,38.4186,35.4309,36.2988,2309,0,52,2,12.2,37,staircase1,no_load,0.0
16.000328,1.538805,wrist_flex,37.5,38.4186,35.4309,36.2988,2309,0,52,1,12.3,37,staircase1,no_load,0.0
16.010564,1.549041,wrist_flex,37.5,38.4186,35.4309,36.2988,2309,0,52,1,12.3,37,staircase1,no_load,0.0
16.02153,1.560007,wrist_flex,37.5,38.4186,35.4309,36.2988,2309,0,52,2,12.2,37,staircase1,no_load,0.0
16.031711,1.570189,wrist_flex,37.5,38.4186,35.4309,36.2988,2309,0,52,2,12.3,37,staircase1,no_load,0.0
16.042509,1.580986,wrist_flex,37.5,38.4186,35.4309,36.2988,2309,0,52,2,12.2,37,staircase1,no_load,0.0
16.053128,1.591605,wrist_flex,37.5,38.4186,35.4309,36.2988,2309,0,52,2,12.3,37,staircase1,no_load,0.0
16.064508,3e-06,wrist_flex,25.0,38.4186,23.6206,36.2988,2309,0,56,1,12.2,37,staircase1,no_load,0.0
16.075237,0.010732,wrist_flex,25.0,38.4186,23.6206,36.2988,2309,0,64,2,12.2,37,staircase1,no_load,0.0
16.085971,0.021467,wrist_flex,25.0,38.4186,23.6206,36.2988,2309,0,108,5,12.3,37,staircase1,no_load,0.0
16.096611,0.032106,wrist_flex,25.0,38.3256,23.6206,36.2109,2308,-50,136,6,12.2,37,staircase1,no_load,-8.261
16.107064,0.042559,wrist_flex,25.0,38.2326,23.6206,36.123,2307,-50,204,14,12.2,37,staircase1,no_load,-8.409
16.117597,0.053092,wrist_flex,25.0,37.9535,23.6206,35.8594,2304,-200,244,11,12.2,37,staircase1,no_load,-25.026
16.128214,0.063709,wrist_flex,25.0,37.3953,23.6206,35.332,2298,-200,316,19,12.1,37,staircase1,no_load,-49.675
16.138603,0.074098,wrist_flex,25.0,36.8372,23.6206,34.8047,2292,-600,360,22,12.2,37,staircase1,no_load,-50.756
16.149407,0.084902,wrist_flex,25.0,35.907,23.6206,33.9258,2282,-600,396,22,12.2,37,staircase1,no_load,-81.35
16.160124,0.095619,wrist_flex,25.0,34.8837,23.6206,32.959,2271,-900,404,6,12.2,37,staircase1,no_load,-90.212
16.170987,0.106483,wrist_flex,25.0,33.6744,23.6206,31.8164,2258,-900,348,6,12.2,37,staircase1,no_load,-105.183
16.181381,0.116877,wrist_flex,25.0,32.6512,23.6206,30.8496,2247,-1100,280,0,12.3,37,staircase1,no_load,-93.015
16.191815,0.12731,wrist_flex,25.0,31.6279,23.6206,29.8828,2236,-1100,260,0,12.2,37,staircase1,no_load,-92.659
16.202033,0.137528,wrist_flex,25.0,30.6977,23.6206,29.0039,2226,-1050,200,0,12.2,37,staircase1,no_load,-86.015
16.212672,0.148167,wrist_flex,25.0,29.8605,23.6206,28.2129,2217,-1050,168,0,12.3,37,staircase1,no_load,-74.349
16.223279,0.158774,wrist_flex,25.0,29.2093,23.6206,27.5977,2210,-800,128,0,12.3,37,staircase1,no_load,-57.999
16.233544,0.169039,wrist_flex,25.0,28.7442,23.6206,27.1582,2205,-800,108,0,12.2,37,staircase1,no_load,-42.815
16.243871,0.179366,wrist_flex,25.0,28.2791,23.6206,26.7187,2200,-550,116,1,12.2,37,staircase1,no_load,-42.558
16.254537,0.190032,wrist_flex,25.0,28.0,23.6206,26.4551,2197,-550,104,2,12.3,37,staircase1,no_load,-24.714
16.265635,0.20113,wrist_flex,25.0,27.7209,23.6206,26.1914,2194,-350,104,2,12.2,37,staircase1,no_load,-23.761
16.27628,0.211775,wrist_flex,25.0,27.5349,23.6206,26.0156,2192,-250,92,2,12.2,37,staircase1,no_load,-16.515
16.286978,0.222473,wrist_flex,25.0,27.2558,23.6206,25.752,2189,-250,88,2,12.3,37,staircase1,no_load,-24.64
16.297687,0.233182,wrist_flex,25.0,27.1628,23.6206,25.6641,2188,-200,80,1,12.2,37,staircase1,no_load,-8.208
16.308128,0.243623,wrist_flex,25.0,26.9767,23.6206,25.4883,2186,-200,80,2,12.2,37,staircase1,no_load,-16.837
16.318656,0.254151,wrist_flex,25.0,26.7907,23.6206,25.3125,2184,-200,76,1,12.2,37,staircase1,no_load,-16.698
16.329718,0.265214,wrist_flex,25.0,26.6977,23.6206,25.2246,2183,-200,64,1,12.2,37,staircase1,no_load,-7.946
16.340186,0.275681,wrist_flex,25.0,26.6047,23.6206,25.1367,2182,-100,76,2,12.3,37,staircase1,no_load,-8.397
16.350619,0.286114,wrist_flex,25.0,26.5116,23.6206,25.0488,2181,-100,72,2,12.2,37,staircase1,no_load,-8.425
16.361257,0.296753,wrist_flex,25.0,26.4186,23.6206,24.9609,2180,-100,64,1,12.2,37,staircase1,no_load,-8.263
16.371816,0.307312,wrist_flex,25.0,26.3256,23.6206,24.873,2179,-100,60,2,12.2,37,staircase1,no_load,-8.325
16.382595,0.31809,wrist_flex,25.0,26.2326,23.6206,24.7852,2178,-50,60,1,12.2,37,staircase1,no_load,-8.145
16.393513,0.329008,wrist_flex,25.0,26.2326,23.6206,24.7852,2178,-50,60,2,12.3,37,staircase1,no_load,0.0
16.404145,0.33964,wrist_flex,25.0,26.2326,23.6206,24.7852,2178,-50,60,2,12.2,37,staircase1,no_load,0.0
16.415041,0.350536,wrist_flex,25.0,26.2326,23.6206,24.7852,2178,0,60,2,12.2,37,staircase1,no_load,0.0
16.425574,0.36107,wrist_flex,25.0,26.1395,23.6206,24.6973,2177,0,60,1,12.2,37,staircase1,no_load,-8.345
16.436242,0.371737,wrist_flex,25.0,26.1395,23.6206,24.6973,2177,-50,60,1,12.2,37,staircase1,no_load,0.0
16.446872,0.382367,wrist_flex,25.0,26.1395,23.6206,24.6973,2177,-50,56,1,12.2,37,staircase1,no_load,0.0
16.457292,0.392787,wrist_flex,25.0,26.1395,23.6206,24.6973,2177,0,56,2,12.2,37,staircase1,no_load,0.0
16.467536,0.403031,wrist_flex,25.0,26.1395,23.6206,24.6973,2177,0,60,2,12.2,37,staircase1,no_load,0.0
16.478574,0.414069,wrist_flex,25.0,26.1395,23.6206,24.6973,2177,0,60,2,12.2,37,staircase1,no_load,0.0
16.489329,0.424824,wrist_flex,25.0,26.1395,23.6206,24.6973,2177,0,60,2,12.3,37,staircase1,no_load,0.0
16.499608,0.435104,wrist_flex,25.0,26.1395,23.6206,24.6973,2177,0,60,2,12.2,37,staircase1,no_load,0.0
16.509745,0.44524,wrist_flex,25.0,26.1395,23.6206,24.6973,2177,0,60,2,12.2,37,staircase1,no_load,0.0
16.519945,0.45544,wrist_flex,25.0,26.1395,23.6206,24.6973,2177,0,60,2,12.2,37,staircase1,no_load,0.0
16.530346,0.465842,wrist_flex,25.0,26.1395,23.6206,24.6973,2177,0,60,2,12.2,37,staircase1,no_load,0.0
16.540607,0.476102,wrist_flex,25.0,26.1395,23.6206,24.6973,2177,0,60,2,12.2,37,staircase1,no_load,0.0
16.551222,0.486718,wrist_flex,25.0,26.1395,23.6206,24.6973,2177,0,60,2,12.2,37,staircase1,no_load,0.0
16.561575,0.49707,wrist_flex,25.0,26.1395,23.6206,24.6973,2177,0,60,2,12.3,37,staircase1,no_load,0.0
16.572342,0.507837,wrist_flex,25.0,26.1395,23.6206,24.6973,2177,0,60,2,12.3,37,staircase1,no_load,0.0
16.583112,0.518608,wrist_flex,25.0,26.1395,23.6206,24.6973,2177,0,60,2,12.2,37,staircase1,no_load,0.0
16.593837,0.529332,wrist_flex,25.0,26.1395,23.6206,24.6973,2177,0,60,2,12.2,37,staircase1,no_load,0.0
16.604505,0.54,wrist_flex,25.0,26.1395,23.6206,24.6973,2177,0,60,2,12.2,37,staircase1,no_load,0.0
16.615112,0.550608,wrist_flex,25.0,26.1395,23.6206,24.6973,2177,0,60,2,12.2,37,staircase1,no_load,0.0
16.625432,0.560928,wrist_flex,25.0,26.1395,23.6206,24.6973,2177,0,60,2,12.2,37,staircase1,no_load,0.0
16.636104,0.571599,wrist_flex,25.0,26.1395,23.6206,24.6973,2177,0,60,1,12.2,37,staircase1,no_load,0.0
16.646859,0.582354,wrist_flex,25.0,26.1395,23.6206,24.6973,2177,0,60,2,12.2,38,staircase1,no_load,0.0
16.657564,0.59306,wrist_flex,25.0,26.1395,23.6206,24.6973,2177,0,60,2,12.2,37,staircase1,no_load,0.0
16.667713,0.603209,wrist_flex,25.0,26.1395,23.6206,24.6973,2177,0,60,2,12.2,38,staircase1,no_load,0.0
16.678446,0.613941,wrist_flex,25.0,26.1395,23.6206,24.6973,2177,0,60,1,12.2,37,staircase1,no_load,0.0
16.688664,0.62416,wrist_flex,25.0,26.1395,23.6206,24.6973,2177,0,60,2,12.2,37,staircase1,no_load,0.0
16.698837,0.634333,wrist_flex,25.0,26.1395,23.6206,24.6973,2177,0,60,2,12.2,37,staircase1,no_load,0.0
16.709215,0.644711,wrist_flex,25.0,26.1395,23.6206,24.6973,2177,0,60,2,12.2,37,staircase1,no_load,0.0
16.720154,0.655649,wrist_flex,25.0,26.1395,23.6206,24.6973,2177,0,60,2,12.3,37,staircase1,no_load,0.0
16.730431,0.665926,wrist_flex,25.0,26.1395,23.6206,24.6973,2177,0,60,2,12.2,37,staircase1,no_load,0.0
16.741515,0.67701,wrist_flex,25.0,26.1395,23.6206,24.6973,2177,0,60,2,12.3,37,staircase1,no_load,0.0
16.751991,0.687486,wrist_flex,25.0,26.1395,23.6206,24.6973,2177,0,60,2,12.2,37,staircase1,no_load,0.0
16.762134,0.69763,wrist_flex,25.0,26.1395,23.6206,24.6973,2177,0,60,2,12.2,37,staircase1,no_load,0.0
16.772331,0.707827,wrist_flex,25.0,26.1395,23.6206,24.6973,2177,0,60,2,12.2,37,staircase1,no_load,0.0
16.782998,0.718493,wrist_flex,25.0,26.1395,23.6206,24.6973,2177,0,60,2,12.2,37,staircase1,no_load,0.0
16.793535,0.729031,wrist_flex,25.0,26.1395,23.6206,24.6973,2177,0,60,2,12.2,37,staircase1,no_load,0.0
16.804693,0.740188,wrist_flex,25.0,26.1395,23.6206,24.6973,2177,0,60,2,12.2,37,staircase1,no_load,0.0
16.815242,0.750738,wrist_flex,25.0,26.1395,23.6206,24.6973,2177,0,60,2,12.2,37,staircase1,no_load,0.0
16.825388,0.760884,wrist_flex,25.0,26.1395,23.6206,24.6973,2177,0,60,2,12.3,37,staircase1,no_load,0.0
16.835475,0.77097,wrist_flex,25.0,26.1395,23.6206,24.6973,2177,0,60,1,12.2,37,staircase1,no_load,0.0
16.845879,0.781374,wrist_flex,25.0,26.1395,23.6206,24.6973,2177,0,60,2,12.2,37,staircase1,no_load,0.0
16.856249,0.791744,wrist_flex,25.0,26.1395,23.6206,24.6973,2177,0,60,2,12.2,37,staircase1,no_load,0.0
16.866741,0.802236,wrist_flex,25.0,26.1395,23.6206,24.6973,2177,0,60,1,12.1,37,staircase1,no_load,0.0
16.877399,0.812894,wrist_flex,25.0,26.1395,23.6206,24.6973,2177,0,60,2,12.2,37,staircase1,no_load,0.0
16.88781,0.823305,wrist_flex,25.0,26.1395,23.6206,24.6973,2177,0,60,2,12.2,37,staircase1,no_load,0.0
16.898319,0.833814,wrist_flex,25.0,26.1395,23.6206,24.6973,2177,0,60,2,12.2,37,staircase1,no_load,0.0
16.908949,0.844444,wrist_flex,25.0,26.1395,23.6206,24.6973,2177,0,60,2,12.2,37,staircase1,no_load,0.0
16.919871,0.855366,wrist_flex,25.0,26.1395,23.6206,24.6973,2177,0,60,2,12.2,38,staircase1,no_load,0.0
16.930016,0.865512,wrist_flex,25.0,26.1395,23.6206,24.6973,2177,0,60,2,12.2,37,staircase1,no_load,0.0
16.940674,0.87617,wrist_flex,25.0,26.1395,23.6206,24.6973,2177,0,60,2,12.2,37,staircase1,no_load,0.0
16.951922,0.887417,wrist_flex,25.0,26.1395,23.6206,24.6973,2177,0,60,1,12.3,37,staircase1,no_load,0.0
16.962648,0.898143,wrist_flex,25.0,26.1395,23.6206,24.6973,2177,0,60,2,12.2,37,staircase1,no_load,0.0
16.973182,0.908677,wrist_flex,25.0,26.1395,23.6206,24.6973,2177,0,60,2,12.2,37,staircase1,no_load,0.0
16.983378,0.918873,wrist_flex,25.0,26.1395,23.6206,24.6973,2177,0,60,1,12.2,37,staircase1,no_load,0.0
16.993768,0.929264,wrist_flex,25.0,26.1395,23.6206,24.6973,2177,0,60,1,12.2,37,staircase1,no_load,0.0
17.00431,0.939805,wrist_flex,25.0,26.1395,23.6206,24.6973,2177,0,60,2,12.2,37,staircase1,no_load,0.0
17.014942,0.950437,wrist_flex,25.0,26.1395,23.6206,24.6973,2177,0,60,2,12.2,37,staircase1,no_load,0.0
17.026166,0.961662,wrist_flex,25.0,26.1395,23.6206,24.6973,2177,0,60,1,12.2,37,staircase1,no_load,0.0
17.036495,0.97199,wrist_flex,25.0,26.1395,23.6206,24.6973,2177,0,60,1,12.2,37,staircase1,no_load,0.0
17.047037,0.982532,wrist_flex,25.0,26.1395,23.6206,24.6973,2177,0,60,2,12.3,37,staircase1,no_load,0.0
17.057691,0.993186,wrist_flex,25.0,26.1395,23.6206,24.6973,2177,0,60,2,12.2,37,staircase1,no_load,0.0
17.06848,1.003976,wrist_flex,25.0,26.1395,23.6206,24.6973,2177,0,60,1,12.2,37,staircase1,no_load,0.0
17.078976,1.014471,wrist_flex,25.0,26.1395,23.6206,24.6973,2177,0,60,2,12.2,37,staircase1,no_load,0.0
17.08959,1.025085,wrist_flex,25.0,26.1395,23.6206,24.6973,2177,0,60,2,12.2,37,staircase1,no_load,0.0
17.100862,1.036357,wrist_flex,25.0,26.1395,23.6206,24.6973,2177,0,60,1,12.3,37,staircase1,no_load,0.0
17.111675,1.04717,wrist_flex,25.0,26.1395,23.6206,24.6973,2177,0,60,2,12.2,37,staircase1,no_load,0.0
17.12217,1.057665,wrist_flex,25.0,26.1395,23.6206,24.6973,2177,0,60,2,12.3,37,staircase1,no_load,0.0
17.132374,1.067869,wrist_flex,25.0,26.1395,23.6206,24.6973,2177,0,60,2,12.2,37,staircase1,no_load,0.0
17.143072,1.078567,wrist_flex,25.0,26.1395,23.6206,24.6973,2177,0,60,2,12.2,37,staircase1,no_load,0.0
17.154024,1.089519,wrist_flex,25.0,26.1395,23.6206,24.6973,2177,0,60,2,12.2,37,staircase1,no_load,0.0
17.164874,1.100369,wrist_flex,25.0,26.1395,23.6206,24.6973,2177,0,60,2,12.2,37,staircase1,no_load,0.0
17.175136,1.110631,wrist_flex,25.0,26.1395,23.6206,24.6973,2177,0,60,2,12.1,38,staircase1,no_load,0.0
17.185398,1.120893,wrist_flex,25.0,26.1395,23.6206,24.6973,2177,0,60,2,12.2,37,staircase1,no_load,0.0
17.19631,1.131805,wrist_flex,25.0,26.1395,23.6206,24.6973,2177,0,60,2,12.2,37,staircase1,no_load,0.0
17.206434,1.141929,wrist_flex,25.0,26.1395,23.6206,24.6973,2177,0,60,2,12.2,37,staircase1,no_load,0.0
17.217021,1.152517,wrist_flex,25.0,26.1395,23.6206,24.6973,2177,0,60,2,12.2,37,staircase1,no_load,0.0
17.227582,1.163077,wrist_flex,25.0,26.1395,23.6206,24.6973,2177,0,60,2,12.2,37,staircase1,no_load,0.0
17.238215,1.173711,wrist_flex,25.0,26.1395,23.6206,24.6973,2177,0,60,3,12.3,37,staircase1,no_load,0.0
17.248476,1.183971,wrist_flex,25.0,26.1395,23.6206,24.6973,2177,0,60,2,12.2,37,staircase1,no_load,0.0
17.259773,1.195268,wrist_flex,25.0,26.1395,23.6206,24.6973,2177,0,60,2,12.2,37,staircase1,no_load,0.0
17.270253,1.205748,wrist_flex,25.0,26.1395,23.6206,24.6973,2177,0,60,2,12.2,37,staircase1,no_load,0.0
17.280644,1.21614,wrist_flex,25.0,26.1395,23.6206,24.6973,2177,0,60,2,12.2,37,staircase1,no_load,0.0
17.290958,1.226453,wrist_flex,25.0,26.1395,23.6206,24.6973,2177,0,60,2,12.2,37,staircase1,no_load,0.0
17.301892,1.237388,wrist_flex,25.0,26.1395,23.6206,24.6973,2177,0,60,2,12.3,37,staircase1,no_load,0.0
17.312432,1.247927,wrist_flex,25.0,26.1395,23.6206,24.6973,2177,0,60,2,12.2,37,staircase1,no_load,0.0
17.323016,1.258511,wrist_flex,25.0,26.1395,23.6206,24.6973,2177,0,60,2,12.2,38,staircase1,no_load,0.0
17.333591,1.269086,wrist_flex,25.0,26.1395,23.6206,24.6973,2177,0,60,1,12.2,37,staircase1,no_load,0.0
17.344219,1.279714,wrist_flex,25.0,26.1395,23.6206,24.6973,2177,0,60,2,12.3,37,staircase1,no_load,0.0
17.354483,1.289978,wrist_flex,25.0,26.1395,23.6206,24.6973,2177,0,60,2,12.2,37,staircase1,no_load,0.0
17.364879,1.300374,wrist_flex,25.0,26.1395,23.6206,24.6973,2177,0,60,2,12.3,37,staircase1,no_load,0.0
17.375448,1.310944,wrist_flex,25.0,26.1395,23.6206,24.6973,2177,0,60,2,12.3,37,staircase1,no_load,0.0
17.386255,1.32175,wrist_flex,25.0,26.1395,23.6206,24.6973,2177,0,60,2,12.2,37,staircase1,no_load,0.0
17.397106,1.332601,wrist_flex,25.0,26.1395,23.6206,24.6973,2177,0,60,2,12.2,37,staircase1,no_load,0.0
17.408195,1.34369,wrist_flex,25.0,26.1395,23.6206,24.6973,2177,0,60,2,12.3,37,staircase1,no_load,0.0
17.418909,1.354404,wrist_flex,25.0,26.1395,23.6206,24.6973,2177,0,60,2,12.3,37,staircase1,no_load,0.0
17.429226,1.364722,wrist_flex,25.0,26.1395,23.6206,24.6973,2177,0,60,2,12.2,37,staircase1,no_load,0.0
17.4396,1.375096,wrist_flex,25.0,26.1395,23.6206,24.6973,2177,0,60,2,12.2,37,staircase1,no_load,0.0
17.449752,1.385248,wrist_flex,25.0,26.1395,23.6206,24.6973,2177,0,60,2,12.2,37,staircase1,no_load,0.0
17.46033,1.395825,wrist_flex,25.0,26.1395,23.6206,24.6973,2177,0,60,1,12.2,37,staircase1,no_load,0.0
17.470807,1.406302,wrist_flex,25.0,26.1395,23.6206,24.6973,2177,0,60,1,12.2,38,staircase1,no_load,0.0
17.481336,1.416831,wrist_flex,25.0,26.1395,23.6206,24.6973,2177,0,60,2,12.3,37,staircase1,no_load,0.0
17.49194,1.427435,wrist_flex,25.0,26.1395,23.6206,24.6973,2177,0,60,2,12.3,37,staircase1,no_load,0.0
17.502121,1.437616,wrist_flex,25.0,26.1395,23.6206,24.6973,2177,0,60,2,12.2,37,staircase1,no_load,0.0
17.512756,1.448252,wrist_flex,25.0,26.1395,23.6206,24.6973,2177,0,60,2,12.2,37,staircase1,no_load,0.0
17.52311,1.458606,wrist_flex,25.0,26.1395,23.6206,24.6973,2177,0,60,2,12.2,37,staircase1,no_load,0.0
17.533949,1.469444,wrist_flex,25.0,26.1395,23.6206,24.6973,2177,0,60,2,12.2,37,staircase1,no_load,0.0
17.54453,1.480026,wrist_flex,25.0,26.1395,23.6206,24.6973,2177,0,60,2,12.2,37,staircase1,no_load,0.0
17.554779,1.490274,wrist_flex,25.0,26.1395,23.6206,24.6973,2177,0,60,2,12.2,38,staircase1,no_load,0.0
17.565715,1.50121,wrist_flex,25.0,26.1395,23.6206,24.6973,2177,0,60,2,12.3,37,staircase1,no_load,0.0
17.576301,1.511796,wrist_flex,25.0,26.1395,23.6206,24.6973,2177,0,60,2,12.2,37,staircase1,no_load,0.0
17.586596,1.522092,wrist_flex,25.0,26.1395,23.6206,24.6973,2177,0,60,2,12.3,37,staircase1,no_load,0.0
17.596891,1.532386,wrist_flex,25.0,26.1395,23.6206,24.6973,2177,0,60,2,12.3,37,staircase1,no_load,0.0
17.60751,1.543005,wrist_flex,25.0,26.1395,23.6206,24.6973,2177,0,60,2,12.3,37,staircase1,no_load,0.0
17.617881,1.553376,wrist_flex,25.0,26.1395,23.6206,24.6973,2177,0,60,2,12.2,37,staircase1,no_load,0.0
17.62852,1.564016,wrist_flex,25.0,26.1395,23.6206,24.6973,2177,0,60,2,12.2,37,staircase1,no_load,0.0
17.639512,1.575008,wrist_flex,25.0,26.1395,23.6206,24.6973,2177,0,60,1,12.2,37,staircase1,no_load,0.0
17.649918,1.585413,wrist_flex,25.0,26.1395,23.6206,24.6973,2177,0,60,2,12.2,37,staircase1,no_load,0.0
17.661076,1.596572,wrist_flex,25.0,26.1395,23.6206,24.6973,2177,0,60,2,12.2,37,staircase1,no_load,0.0
17.672437,2e-06,wrist_flex,12.5,26.1395,11.8103,24.6973,2177,0,64,3,12.2,37,staircase1,no_load,0.0
17.683112,0.010677,wrist_flex,12.5,26.1395,11.8103,24.6973,2177,0,72,3,12.2,37,staircase1,no_load,0.0
17.694095,0.02166,wrist_flex,12.5,26.1395,11.8103,24.6973,2177,0,108,4,12.2,37,staircase1,no_load,0.0
17.704967,0.032532,wrist_flex,12.5,26.1395,11.8103,24.6973,2177,0,140,12,12.3,37,staircase1,no_load,0.0
17.715728,0.043294,wrist_flex,12.5,25.9535,11.8103,24.5215,2175,0,220,16,12.2,37,staircase1,no_load,-16.337
17.726364,0.053929,wrist_flex,12.5,25.6744,11.8103,24.2578,2172,-200,256,16,12.2,37,staircase1,no_load,-24.793
17.737121,0.064687,wrist_flex,12.5,25.1163,11.8103,23.7305,2166,-200,316,17,12.2,37,staircase1,no_load,-49.019
17.747346,0.074911,wrist_flex,12.5,24.3721,11.8103,23.0273,2158,-550,372,22,12.2,42,staircase1,no_load,-68.773
17.757456,0.085022,wrist_flex,12.5,23.5349,11.8103,22.2363,2149,-550,396,20,12.1,37,staircase1,no_load,-78.239
17.767604,0.095169,wrist_flex,12.5,22.5116,11.8103,21.2695,2138,-900,368,10,12.2,37,staircase1,no_load,-95.27
17.778027,0.105593,wrist_flex,12.5,21.3953,11.8103,20.2148,2126,-900,364,8,12.3,37,staircase1,no_load,-101.19
17.788561,0.116126,wrist_flex,12.5,20.2791,11.8103,19.1602,2114,-1100,296,0,12.2,37,staircase1,no_load,-100.114
17.798731,0.126296,wrist_flex,12.5,19.2558,11.8103,18.1934,2103,-1100,272,1,12.3,37,staircase1,no_load,-95.064
17.808867,0.136432,wrist_flex,12.5,18.4186,11.8103,17.4023,2094,-1100,220,0,12.2,37,staircase1,no_load,-78.049
17.819386,0.146952,wrist_flex,12.5,17.5814,11.8103,16.6113,2085,-1100,184,0,12.2,37,staircase1,no_load,-75.197
17.829539,0.157105,wrist_flex,12.5,16.9302,11.8103,15.9961,2078,-850,140,0,12.2,37,staircase1,no_load,-60.593
17.839911,0.167476,wrist_flex,12.5,16.3721,11.8103,15.4688,2072,-850,116,0,12.2,37,staircase1,no_load,-50.839
17.850499,0.178064,wrist_flex,12.5,16.0,11.8103,15.1172,2068,-600,120,1,12.2,37,staircase1,no_load,-33.207
17.861514,0.18908,wrist_flex,12.5,15.6279,11.8103,14.7656,2064,-350,104,1,12.2,37,staircase1,no_load,-31.92
17.872479,0.200045,wrist_flex,12.5,15.2558,11.8103,14.4141,2060,-350,104,2,12.2,37,staircase1,no_load,-32.057
17.883227,0.210792,wrist_flex,12.5,15.0698,11.8103,14.2383,2058,-300,92,2,12.2,37,staircase1,no_load,-16.357
17.894387,0.221952,wrist_flex,12.5,14.7907,11.8103,13.9746,2055,-300,88,1,12.3,37,staircase1,no_load,-23.629
17.904749,0.232314,wrist_flex,12.5,14.6047,11.8103,13.7988,2053,-250,80,2,12.2,37,staircase1,no_load,-16.966
17.915567,0.243132,wrist_flex,12.5,14.4186,11.8103,13.623,2051,-250,84,2,12.2,37,staircase1,no_load,-16.251
17.925885,0.253451,wrist_flex,12.5,14.3256,11.8103,13.5352,2050,-100,80,2,12.2,37,staircase1,no_load,-8.509
17.936106,0.263672,wrist_flex,12.5,14.1395,11.8103,13.3594,2048,-100,72,1,12.3,37,staircase1,no_load,-17.2
17.946469,0.274035,wrist_flex,12.5,14.0465,11.8103,13.2715,2047,-150,68,2,12.2,37,staircase1,no_load,-8.482
17.957085,0.284651,wrist_flex,12.5,13.9535,11.8103,13.1836,2046,-150,64,2,12.3,37,staircase1,no_load,-8.28
17.967914,0.295479,wrist_flex,12.5,13.9535,11.8103,13.1836,2046,-100,72,2,12.3,38,staircase1,no_load,0.0
17.978106,0.305671,wrist_flex,12.5,13.8605,11.8103,13.0957,2045,-100,68,2,12.2,37,staircase1,no_load,-8.624
17.988424,0.31599,wrist_flex,12.5,13.7674,11.8103,13.0078,2044,-50,60,1,12.2,37,staircase1,no_load,-8.519
17.99906,0.326625,wrist_flex,12.5,13.7674,11.8103,13.0078,2044,-50,60,2,12.2,37,staircase1,no_load,0.0
18.009334,0.3369,wrist_flex,12.5,13.6744,11.8103,12.9199,2043,-50,60,1,12.3,37,staircase1,no_load,-8.556
18.019805,0.347371,wrist_flex,12.5,13.5814,11.8103,12.832,2042,-100,56,1,12.2,37,staircase1,no_load,-8.395
18.030362,0.357928,wrist_flex,12.5,13.5814,11.8103,12.832,2042,-100,56,2,12.2,37,staircase1,no_load,0.0
18.040815,0.368381,wrist_flex,12.5,13.5814,11.8103,12.832,2042,0,56,2,12.2,37,staircase1,no_load,0.0
18.051206,0.378772,wrist_flex,12.5,13.5814,11.8103,12.832,2042,0,60,2,12.2,37,staircase1,no_load,0.0
18.061996,0.389561,wrist_flex,12.5,13.5814,11.8103,12.832,2042,0,60,1,12.2,37,staircase1,no_load,0.0
18.073,0.400565,wrist_flex,12.5,13.5814,11.8103,12.832,2042,0,60,2,12.2,37,staircase1,no_load,0.0
18.083501,0.411066,wrist_flex,12.5,13.5814,11.8103,12.832,2042,0,60,3,12.2,37,staircase1,no_load,0.0
18.093801,0.421366,wrist_flex,12.5,13.5814,11.8103,12.832,2042,0,60,1,12.2,37,staircase1,no_load,0.0
18.1047,0.432266,wrist_flex,12.5,13.4884,11.8103,12.7441,2041,-50,52,1,12.2,37,staircase1,no_load,-8.065
18.114828,0.442393,wrist_flex,12.5,13.4884,11.8103,12.7441,2041,-50,52,1,12.2,37,staircase1,no_load,0.0
18.125216,0.452782,wrist_flex,12.5,13.4884,11.8103,12.7441,2041,0,56,1,12.3,37,staircase1,no_load,0.0
18.135562,0.463128,wrist_flex,12.5,13.4884,11.8103,12.7441,2041,0,56,2,12.2,37,staircase1,no_load,0.0
18.146179,0.473745,wrist_flex,12.5,13.4884,11.8103,12.7441,2041,0,56,2,12.3,37,staircase1,no_load,0.0
18.156453,0.484018,wrist_flex,12.5,13.4884,11.8103,12.7441,2041,0,56,2,12.3,37,staircase1,no_load,0.0
18.166857,0.494423,wrist_flex,12.5,13.4884,11.8103,12.7441,2041,0,56,1,12.2,37,staircase1,no_load,0.0
18.177773,0.505339,wrist_flex,12.5,13.4884,11.8103,12.7441,2041,0,56,2,12.2,37,staircase1,no_load,0.0
18.188345,0.515911,wrist_flex,12.5,13.4884,11.8103,12.7441,2041,0,56,2,12.2,37,staircase1,no_load,0.0
18.198586,0.526152,wrist_flex,12.5,13.4884,11.8103,12.7441,2041,0,56,2,12.2,37,staircase1,no_load,0.0
18.209272,0.536838,wrist_flex,12.5,13.4884,11.8103,12.7441,2041,0,56,2,12.2,37,staircase1,no_load,0.0
18.219479,0.547044,wrist_flex,12.5,13.4884,11.8103,12.7441,2041,0,56,1,12.2,37,staircase1,no_load,0.0
18.229588,0.557154,wrist_flex,12.5,13.4884,11.8103,12.7441,2041,0,56,1,12.2,37,staircase1,no_load,0.0
18.239772,0.567337,wrist_flex,12.5,13.4884,11.8103,12.7441,2041,0,56,2,12.2,37,staircase1,no_load,0.0
18.249925,0.57749,wrist_flex,12.5,13.4884,11.8103,12.7441,2041,0,56,2,12.2,37,staircase1,no_load,0.0
18.260275,0.58784,wrist_flex,12.5,13.4884,11.8103,12.7441,2041,0,56,2,12.2,37,staircase1,no_load,0.0
18.270448,0.598013,wrist_flex,12.5,13.4884,11.8103,12.7441,2041,0,56,1,12.2,37,staircase1,no_load,0.0
18.281545,0.609111,wrist_flex,12.5,13.4884,11.8103,12.7441,2041,0,56,2,12.2,37,staircase1,no_load,0.0
18.291817,0.619382,wrist_flex,12.5,13.4884,11.8103,12.7441,2041,0,56,1,12.2,37,staircase1,no_load,0.0
18.302078,0.629644,wrist_flex,12.5,13.4884,11.8103,12.7441,2041,0,56,1,12.2,37,staircase1,no_load,0.0
18.312551,0.640116,wrist_flex,12.5,13.4884,11.8103,12.7441,2041,0,56,1,12.2,37,staircase1,no_load,0.0
18.323256,0.650821,wrist_flex,12.5,13.4884,11.8103,12.7441,2041,0,56,1,12.2,37,staircase1,no_load,0.0
18.333541,0.661106,wrist_flex,12.5,13.4884,11.8103,12.7441,2041,0,56,2,12.3,37,staircase1,no_load,0.0
18.343636,0.671201,wrist_flex,12.5,13.4884,11.8103,12.7441,2041,0,56,1,12.2,37,staircase1,no_load,0.0
18.354422,0.681987,wrist_flex,12.5,13.4884,11.8103,12.7441,2041,0,56,1,12.2,37,staircase1,no_load,0.0
18.364991,0.692557,wrist_flex,12.5,13.4884,11.8103,12.7441,2041,0,56,1,12.2,37,staircase1,no_load,0.0
18.375242,0.702808,wrist_flex,12.5,13.3953,11.8103,12.6562,2040,-50,52,1,12.2,37,staircase1,no_load,-8.575
18.385638,0.713203,wrist_flex,12.5,13.3953,11.8103,12.6562,2040,-50,48,1,12.2,37,staircase1,no_load,0.0
18.396253,0.723819,wrist_flex,12.5,13.3953,11.8103,12.6562,2040,0,48,1,12.2,37,staircase1,no_load,0.0
18.406868,0.734434,wrist_flex,12.5,13.3953,11.8103,12.6562,2040,0,52,1,12.2,37,staircase1,no_load,0.0
18.417041,0.744606,wrist_flex,12.5,13.3953,11.8103,12.6562,2040,0,52,1,12.2,37,staircase1,no_load,0.0
18.427686,0.755252,wrist_flex,12.5,13.3953,11.8103,12.6562,2040,0,52,2,12.2,37,staircase1,no_load,0.0
18.438568,0.766134,wrist_flex,12.5,13.3953,11.8103,12.6562,2040,0,52,2,12.3,37,staircase1,no_load,0.0
18.449159,0.776724,wrist_flex,12.5,13.3953,11.8103,12.6562,2040,0,52,2,12.2,37,staircase1,no_load,0.0
18.459744,0.787309,wrist_flex,12.5,13.3953,11.8103,12.6562,2040,0,52,2,12.2,37,staircase1,no_load,0.0
18.470009,0.797575,wrist_flex,12.5,13.3953,11.8103,12.6562,2040,0,52,1,12.2,37,staircase1,no_load,0.0
18.480188,0.807753,wrist_flex,12.5,13.3953,11.8103,12.6562,2040,0,52,1,12.2,37,staircase1,no_load,0.0
18.490569,0.818135,wrist_flex,12.5,13.3953,11.8103,12.6562,2040,0,52,0,12.3,37,staircase1,no_load,0.0
18.500885,0.828451,wrist_flex,12.5,13.3953,11.8103,12.6562,2040,0,52,1,12.2,37,staircase1,no_load,0.0
18.511688,0.839253,wrist_flex,12.5,13.3953,11.8103,12.6562,2040,0,52,2,12.2,37,staircase1,no_load,0.0
18.522564,0.85013,wrist_flex,12.5,13.3953,11.8103,12.6562,2040,0,52,1,12.2,37,staircase1,no_load,0.0
18.53284,0.860405,wrist_flex,12.5,13.3953,11.8103,12.6562,2040,0,52,1,12.3,37,staircase1,no_load,0.0
18.543728,0.871294,wrist_flex,12.5,13.3953,11.8103,12.6562,2040,0,52,2,12.2,37,staircase1,no_load,0.0
18.554171,0.881736,wrist_flex,12.5,13.3953,11.8103,12.6562,2040,0,52,1,12.2,37,staircase1,no_load,0.0
18.564787,0.892352,wrist_flex,12.5,13.3953,11.8103,12.6562,2040,0,52,1,12.2,37,staircase1,no_load,0.0
18.575352,0.902918,wrist_flex,12.5,13.3953,11.8103,12.6562,2040,0,52,1,12.2,37,staircase1,no_load,0.0
18.586252,0.913817,wrist_flex,12.5,13.3953,11.8103,12.6562,2040,0,52,1,12.2,37,staircase1,no_load,0.0
18.596389,0.923955,wrist_flex,12.5,13.3953,11.8103,12.6562,2040,0,52,1,12.2,37,staircase1,no_load,0.0
18.606605,0.93417,wrist_flex,12.5,13.3953,11.8103,12.6562,2040,0,52,1,12.2,37,staircase1,no_load,0.0
18.617154,0.94472,wrist_flex,12.5,13.3953,11.8103,12.6562,2040,0,52,1,12.2,37,staircase1,no_load,0.0
18.627772,0.955337,wrist_flex,12.5,13.3953,11.8103,12.6562,2040,0,52,2,12.2,37,staircase1,no_load,0.0
18.639187,0.966752,wrist_flex,12.5,13.3953,11.8103,12.6562,2040,0,52,1,12.3,37,staircase1,no_load,0.0
18.649677,0.977243,wrist_flex,12.5,13.3953,11.8103,12.6562,2040,0,52,2,12.2,37,staircase1,no_load,0.0
18.66011,0.987676,wrist_flex,12.5,13.3953,11.8103,12.6562,2040,0,52,1,12.2,37,staircase1,no_load,0.0
18.670831,0.998397,wrist_flex,12.5,13.3953,11.8103,12.6562,2040,0,52,1,12.2,37,staircase1,no_load,0.0
18.681357,1.008922,wrist_flex,12.5,13.3953,11.8103,12.6562,2040,0,52,1,12.3,37,staircase1,no_load,0.0
18.691961,1.019526,wrist_flex,12.5,13.3953,11.8103,12.6562,2040,0,52,1,12.2,37,staircase1,no_load,0.0
18.702241,1.029807,wrist_flex,12.5,13.3953,11.8103,12.6562,2040,0,52,1,12.3,37,staircase1,no_load,0.0
18.712605,1.04017,wrist_flex,12.5,13.3953,11.8103,12.6562,2040,0,52,1,12.2,37,staircase1,no_load,0.0
18.72294,1.050506,wrist_flex,12.5,13.3953,11.8103,12.6562,2040,0,52,1,12.2,37,staircase1,no_load,0.0
18.733937,1.061503,wrist_flex,12.5,13.3953,11.8103,12.6562,2040,0,52,2,12.2,37,staircase1,no_load,0.0
18.744402,1.071967,wrist_flex,12.5,13.3953,11.8103,12.6562,2040,0,52,1,12.2,37,staircase1,no_load,0.0
18.754684,1.082249,wrist_flex,12.5,13.3953,11.8103,12.6562,2040,0,52,1,12.2,37,staircase1,no_load,0.0
18.765664,1.09323,wrist_flex,12.5,13.3953,11.8103,12.6562,2040,0,52,1,12.2,37,staircase1,no_load,0.0
18.776054,1.103619,wrist_flex,12.5,13.3953,11.8103,12.6562,2040,0,52,1,12.3,37,staircase1,no_load,0.0
18.787251,1.114816,wrist_flex,12.5,13.3953,11.8103,12.6562,2040,0,52,1,12.2,37,staircase1,no_load,0.0
18.798091,1.125657,wrist_flex,12.5,13.3953,11.8103,12.6562,2040,0,52,1,12.2,37,staircase1,no_load,0.0
18.808319,1.135885,wrist_flex,12.5,13.3953,11.8103,12.6562,2040,0,52,1,12.2,37,staircase1,no_load,0.0
18.818703,1.146269,wrist_flex,12.5,13.3953,11.8103,12.6562,2040,0,52,2,12.3,37,staircase1,no_load,0.0
18.828913,1.156479,wrist_flex,12.5,13.3953,11.8103,12.6562,2040,0,52,1,12.2,37,staircase1,no_load,0.0
18.839564,1.167129,wrist_flex,12.5,13.3953,11.8103,12.6562,2040,0,52,1,12.3,37,staircase1,no_load,0.0
18.849954,1.177519,wrist_flex,12.5,13.3953,11.8103,12.6562,2040,0,52,2,12.2,37,staircase1,no_load,0.0
18.860651,1.188216,wrist_flex,12.5,13.3953,11.8103,12.6562,2040,0,52,1,12.2,37,staircase1,no_load,0.0
18.871335,1.1989,wrist_flex,12.5,13.3953,11.8103,12.6562,2040,0,52,1,12.2,37,staircase1,no_load,0.0
18.881969,1.209534,wrist_flex,12.5,13.3953,11.8103,12.6562,2040,0,52,1,12.2,37,staircase1,no_load,0.0
18.89265,1.220216,wrist_flex,12.5,13.3953,11.8103,12.6562,2040,0,52,1,12.2,37,staircase1,no_load,0.0
18.902946,1.230512,wrist_flex,12.5,13.3953,11.8103,12.6562,2040,0,52,2,12.2,37,staircase1,no_load,0.0
18.913833,1.241399,wrist_flex,12.5,13.3953,11.8103,12.6562,2040,0,52,1,12.2,37,staircase1,no_load,0.0
18.924454,1.252019,wrist_flex,12.5,13.3953,11.8103,12.6562,2040,0,52,1,12.2,37,staircase1,no_load,0.0
18.935073,1.262639,wrist_flex,12.5,13.3953,11.8103,12.6562,2040,0,52,1,12.3,37,staircase1,no_load,0.0
18.945357,1.272923,wrist_flex,12.5,13.3953,11.8103,12.6562,2040,0,52,1,12.2,37,staircase1,no_load,0.0
18.955819,1.283385,wrist_flex,12.5,13.3953,11.8103,12.6562,2040,0,52,2,12.3,37,staircase1,no_load,0.0
18.96651,1.294075,wrist_flex,12.5,13.3953,11.8103,12.6562,2040,0,52,2,12.2,37,staircase1,no_load,0.0
18.97714,1.304706,wrist_flex,12.5,13.3953,11.8103,12.6562,2040,0,52,1,12.2,37,staircase1,no_load,0.0
18.987976,1.315541,wrist_flex,12.5,13.3953,11.8103,12.6562,2040,0,52,1,12.2,37,staircase1,no_load,0.0
18.998109,1.325674,wrist_flex,12.5,13.3953,11.8103,12.6562,2040,0,52,0,12.2,37,staircase1,no_load,0.0
19.008453,1.336018,wrist_flex,12.5,13.3953,11.8103,12.6562,2040,0,52,1,12.2,37,staircase1,no_load,0.0
19.019135,1.3467,wrist_flex,12.5,13.3953,11.8103,12.6562,2040,0,52,2,12.2,37,staircase1,no_load,0.0
19.029763,1.357328,wrist_flex,12.5,13.3953,11.8103,12.6562,2040,0,52,2,12.2,37,staircase1,no_load,0.0
19.039868,1.367434,wrist_flex,12.5,13.3953,11.8103,12.6562,2040,0,52,1,12.2,37,staircase1,no_load,0.0
19.050016,1.377582,wrist_flex,12.5,13.3953,11.8103,12.6562,2040,0,52,1,12.2,37,staircase1,no_load,0.0
19.060164,1.38773,wrist_flex,12.5,13.3953,11.8103,12.6562,2040,0,52,2,12.3,37,staircase1,no_load,0.0
19.070488,1.398053,wrist_flex,12.5,13.3953,11.8103,12.6562,2040,0,52,2,12.2,37,staircase1,no_load,0.0
19.081499,1.409065,wrist_flex,12.5,13.3953,11.8103,12.6562,2040,0,52,1,12.2,37,staircase1,no_load,0.0
19.0918,1.419366,wrist_flex,12.5,13.3953,11.8103,12.6562,2040,0,52,1,12.2,37,staircase1,no_load,0.0
19.102271,1.429837,wrist_flex,12.5,13.3953,11.8103,12.6562,2040,0,52,1,12.3,37,staircase1,no_load,0.0
19.11294,1.440505,wrist_flex,12.5,13.3953,11.8103,12.6562,2040,0,52,1,12.2,37,staircase1,no_load,0.0
19.123526,1.451091,wrist_flex,12.5,13.3953,11.8103,12.6562,2040,0,52,1,12.2,37,staircase1,no_load,0.0
19.133904,1.461469,wrist_flex,12.5,13.3953,11.8103,12.6562,2040,0,52,1,12.2,37,staircase1,no_load,0.0
19.144364,1.471929,wrist_flex,12.5,13.3953,11.8103,12.6562,2040,0,52,1,12.2,37,staircase1,no_load,0.0
19.15457,1.482136,wrist_flex,12.5,13.3953,11.8103,12.6562,2040,0,52,1,12.2,37,staircase1,no_load,0.0
19.165659,1.493224,wrist_flex,12.5,13.3953,11.8103,12.6562,2040,0,52,2,12.3,37,staircase1,no_load,0.0
19.175964,1.50353,wrist_flex,12.5,13.3953,11.8103,12.6562,2040,0,52,1,12.2,37,staircase1,no_load,0.0
19.186599,1.514164,wrist_flex,12.5,13.3953,11.8103,12.6562,2040,0,52,1,12.2,37,staircase1,no_load,0.0
19.19723,1.524796,wrist_flex,12.5,13.3953,11.8103,12.6562,2040,0,52,2,12.2,37,staircase1,no_load,0.0
19.207803,1.535369,wrist_flex,12.5,13.3953,11.8103,12.6562,2040,0,52,1,12.2,37,staircase1,no_load,0.0
19.218449,1.546015,wrist_flex,12.5,13.3953,11.8103,12.6562,2040,0,52,2,12.2,37,staircase1,no_load,0.0
19.229306,1.556872,wrist_flex,12.5,13.3953,11.8103,12.6562,2040,0,52,1,12.3,37,staircase1,no_load,0.0
19.239599,1.567164,wrist_flex,12.5,13.3953,11.8103,12.6562,2040,0,52,1,12.2,37,staircase1,no_load,0.0
19.249848,1.577413,wrist_flex,12.5,13.3953,11.8103,12.6562,2040,0,52,1,12.2,37,staircase1,no_load,0.0
19.260137,1.587702,wrist_flex,12.5,13.3953,11.8103,12.6562,2040,0,52,1,12.2,37,staircase1,no_load,0.0
19.270421,1.597987,wrist_flex,12.5,13.3953,11.8103,12.6562,2040,0,52,1,12.2,37,staircase1,no_load,0.0
19.281639,3e-06,wrist_flex,0.0,13.3953,0.0,12.6562,2040,0,52,2,12.3,37,staircase1,no_load,0.0
19.291942,0.010306,wrist_flex,0.0,13.3953,0.0,12.6562,2040,0,68,3,12.2,37,staircase1,no_load,0.0
19.302495,0.020858,wrist_flex,0.0,13.3953,0.0,12.6562,2040,0,88,4,12.2,37,staircase1,no_load,0.0
19.312768,0.031131,wrist_flex,0.0,13.3953,0.0,12.6562,2040,0,160,11,12.2,37,staircase1,no_load,0.0
19.32329,0.041654,wrist_flex,0.0,13.3023,0.0,12.5684,2039,0,192,11,12.2,37,staircase1,no_load,-8.344
19.334263,0.052627,wrist_flex,0.0,13.1163,0.0,12.3926,2037,-50,260,17,12.2,37,staircase1,no_load,-16.021
19.344884,0.063247,wrist_flex,0.0,12.5581,0.0,11.8652,2031,-50,304,23,12.2,37,staircase1,no_load,-49.656
19.355472,0.073835,wrist_flex,0.0,11.907,0.0,11.25,2024,-450,364,22,12.2,37,staircase1,no_load,-58.104
19.366399,0.084762,wrist_flex,0.0,11.0698,0.0,10.459,2015,-800,396,19,12.2,37,staircase1,no_load,-72.389
19.377021,0.095384,wrist_flex,0.0,9.9535,0.0,9.4043,2003,-800,376,11,12.2,37,staircase1,no_load,-99.294
19.387544,0.105907,wrist_flex,0.0,8.8372,0.0,8.3496,1991,-1100,376,9,12.2,37,staircase1,no_load,-100.228
19.397856,0.116219,wrist_flex,0.0,7.814,0.0,7.3828,1980,-1100,312,3,12.3,37,staircase1,no_load,-93.755
19.408262,0.126625,wrist_flex,0.0,6.6977,0.0,6.3281,1968,-1100,292,3,12.2,38,staircase1,no_load,-101.355
19.419038,0.137402,wrist_flex,0.0,5.7674,0.0,5.4492,1958,-1100,224,0,12.3,37,staircase1,no_load,-81.561
19.429404,0.147767,wrist_flex,0.0,5.0233,0.0,4.7461,1950,-900,192,0,12.2,37,staircase1,no_load,-67.828
19.439643,0.158006,wrist_flex,0.0,4.3721,0.0,4.1309,1943,-900,128,0,12.2,37,staircase1,no_load,-60.084
19.449882,0.168246,wrist_flex,0.0,3.814,0.0,3.6035,1937,-650,108,0,12.3,38,staircase1,no_load,-51.509
19.459994,0.178357,wrist_flex,0.0,3.4419,0.0,3.252,1933,-650,108,1,12.2,37,staircase1,no_load,-34.761
19.470121,0.188484,wrist_flex,0.0,3.0698,0.0,2.9004,1929,-400,96,2,12.2,38,staircase1,no_load,-34.719
19.480787,0.19915,wrist_flex,0.0,2.7907,0.0,2.6367,1926,-400,104,2,12.2,37,staircase1,no_load,-24.723
19.491193,0.209557,wrist_flex,0.0,2.6047,0.0,2.4609,1924,-300,100,1,12.2,37,staircase1,no_load,-16.894
19.501743,0.220106,wrist_flex,0.0,2.3256,0.0,2.1973,1921,-300,92,2,12.3,37,staircase1,no_load,-24.986
19.512526,0.230889,wrist_flex,0.0,2.1395,0.0,2.0215,1919,-250,88,2,12.2,37,staircase1,no_load,-16.303
19.523104,0.241468,wrist_flex,0.0,1.9535,0.0,1.8457,1917,-250,80,2,12.2,37,staircase1,no_load,-16.619
19.533274,0.251637,wrist_flex,0.0,1.8605,0.0,1.7578,1916,-150,76,1,12.2,37,staircase1,no_load,-8.643
19.543739,0.262103,wrist_flex,0.0,1.6744,0.0,1.582,1914,-150,68,1,12.3,37,staircase1,no_load,-16.799
19.554354,0.272717,wrist_flex,0.0,1.5814,0.0,1.4941,1913,-150,72,2,12.2,37,staircase1,no_load,-8.281
19.564672,0.283036,wrist_flex,0.0,1.5814,0.0,1.4941,1913,-50,72,2,12.2,37,staircase1,no_load,0.0
19.575347,0.29371,wrist_flex,0.0,1.4884,0.0,1.4063,1912,-50,72,1,12.2,37,staircase1,no_load,-8.225
19.585671,0.304035,wrist_flex,0.0,1.3953,0.0,1.3184,1911,-100,68,2,12.2,38,staircase1,no_load,-8.514
19.595985,0.314348,wrist_flex,0.0,1.3023,0.0,1.2305,1910,-100,60,1,12.2,37,staircase1,no_load,-8.522
19.606451,0.324815,wrist_flex,0.0,1.3023,0.0,1.2305,1910,-50,60,1,12.2,37,staircase1,no_load,0.0
19.616998,0.335361,wrist_flex,0.0,1.3023,0.0,1.2305,1910,-50,64,2,12.3,37,staircase1,no_load,0.0
19.627699,0.346062,wrist_flex,0.0,1.3023,0.0,1.2305,1910,0,64,3,12.3,37,staircase1,no_load,0.0
19.638306,0.35667,wrist_flex,0.0,1.2093,0.0,1.1426,1909,0,64,2,12.2,37,staircase1,no_load,-8.287
19.648565,0.366929,wrist_flex,0.0,1.2093,0.0,1.1426,1909,-50,60,2,12.2,37,staircase1,no_load,0.0
19.65926,0.377624,wrist_flex,0.0,1.2093,0.0,1.1426,1909,-50,60,2,12.2,37,staircase1,no_load,0.0
19.669716,0.38808,wrist_flex,0.0,1.2093,0.0,1.1426,1909,0,64,2,12.2,37,staircase1,no_load,0.0
19.679893,0.398256,wrist_flex,0.0,1.2093,0.0,1.1426,1909,0,64,2,12.2,37,staircase1,no_load,0.0
19.690355,0.408718,wrist_flex,0.0,1.2093,0.0,1.1426,1909,0,64,2,12.2,37,staircase1,no_load,0.0
19.701029,0.419392,wrist_flex,0.0,1.2093,0.0,1.1426,1909,0,64,2,12.2,37,staircase1,no_load,0.0
19.711702,0.430065,wrist_flex,0.0,1.2093,0.0,1.1426,1909,0,64,2,12.2,37,staircase1,no_load,0.0
19.722213,0.440577,wrist_flex,0.0,1.2093,0.0,1.1426,1909,0,64,2,12.3,38,staircase1,no_load,0.0
19.732849,0.451213,wrist_flex,0.0,1.2093,0.0,1.1426,1909,0,64,2,12.3,37,staircase1,no_load,0.0
19.743889,0.462253,wrist_flex,0.0,1.2093,0.0,1.1426,1909,0,64,2,12.2,37,staircase1,no_load,0.0
19.754345,0.472708,wrist_flex,0.0,1.2093,0.0,1.1426,1909,0,64,2,12.2,37,staircase1,no_load,0.0
19.764734,0.483097,wrist_flex,0.0,1.2093,0.0,1.1426,1909,0,64,2,12.2,37,staircase1,no_load,0.0
19.775053,0.493416,wrist_flex,0.0,1.2093,0.0,1.1426,1909,0,64,2,12.2,37,staircase1,no_load,0.0
19.78531,0.503673,wrist_flex,0.0,1.2093,0.0,1.1426,1909,0,64,2,12.2,37,staircase1,no_load,0.0
19.795922,0.514285,wrist_flex,0.0,1.2093,0.0,1.1426,1909,0,64,2,12.2,37,staircase1,no_load,0.0
19.806828,0.525192,wrist_flex,0.0,1.2093,0.0,1.1426,1909,0,64,2,12.2,37,staircase1,no_load,0.0
19.817143,0.535507,wrist_flex,0.0,1.2093,0.0,1.1426,1909,0,64,2,12.3,37,staircase1,no_load,0.0
19.827364,0.545727,wrist_flex,0.0,1.2093,0.0,1.1426,1909,0,64,2,12.2,37,staircase1,no_load,0.0
19.838079,0.556443,wrist_flex,0.0,1.2093,0.0,1.1426,1909,0,64,2,12.3,37,staircase1,no_load,0.0
19.849043,0.567406,wrist_flex,0.0,1.2093,0.0,1.1426,1909,0,64,2,12.2,37,staircase1,no_load,0.0
19.85966,0.578023,wrist_flex,0.0,1.2093,0.0,1.1426,1909,0,64,2,12.2,37,staircase1,no_load,0.0
19.870628,0.588992,wrist_flex,0.0,1.2093,0.0,1.1426,1909,0,64,2,12.2,37,staircase1,no_load,0.0
19.880794,0.599158,wrist_flex,0.0,1.2093,0.0,1.1426,1909,0,64,2,12.2,37,staircase1,no_load,0.0
19.891754,0.610117,wrist_flex,0.0,1.2093,0.0,1.1426,1909,0,64,2,12.3,37,staircase1,no_load,0.0
19.902585,0.620948,wrist_flex,0.0,1.2093,0.0,1.1426,1909,0,64,2,12.2,37,staircase1,no_load,0.0
19.912713,0.631076,wrist_flex,0.0,1.2093,0.0,1.1426,1909,0,64,2,12.2,37,staircase1,no_load,0.0
19.922991,0.641354,wrist_flex,0.0,1.2093,0.0,1.1426,1909,0,64,2,12.2,37,staircase1,no_load,0.0
19.933614,0.651977,wrist_flex,0.0,1.2093,0.0,1.1426,1909,0,64,2,12.2,37,staircase1,no_load,0.0
19.943899,0.662263,wrist_flex,0.0,1.2093,0.0,1.1426,1909,0,64,2,12.3,38,staircase1,no_load,0.0
19.954117,0.67248,wrist_flex,0.0,1.2093,0.0,1.1426,1909,0,64,2,12.2,37,staircase1,no_load,0.0
19.9644,0.682764,wrist_flex,0.0,1.2093,0.0,1.1426,1909,0,64,3,12.2,37,staircase1,no_load,0.0
19.974671,0.693035,wrist_flex,0.0,1.2093,0.0,1.1426,1909,0,64,2,12.3,37,staircase1,no_load,0.0
19.985718,0.704081,wrist_flex,0.0,1.2093,0.0,1.1426,1909,0,64,3,12.2,38,staircase1,no_load,0.0
19.996022,0.714386,wrist_flex,0.0,1.2093,0.0,1.1426,1909,0,64,2,12.3,37,staircase1,no_load,0.0
20.006348,0.724711,wrist_flex,0.0,1.2093,0.0,1.1426,1909,0,64,2,12.2,37,staircase1,no_load,0.0
20.016664,0.735027,wrist_flex,0.0,1.2093,0.0,1.1426,1909,0,64,2,12.2,37,staircase1,no_load,0.0
20.027606,0.74597,wrist_flex,0.0,1.2093,0.0,1.1426,1909,0,64,2,12.2,37,staircase1,no_load,0.0
20.037937,0.7563,wrist_flex,0.0,1.2093,0.0,1.1426,1909,0,64,2,12.2,37,staircase1,no_load,0.0
20.048302,0.766665,wrist_flex,0.0,1.2093,0.0,1.1426,1909,0,64,2,12.2,37,staircase1,no_load,0.0
20.059418,0.777781,wrist_flex,0.0,1.2093,0.0,1.1426,1909,0,64,2,12.2,37,staircase1,no_load,0.0
20.070514,0.788877,wrist_flex,0.0,1.2093,0.0,1.1426,1909,0,64,2,12.2,37,staircase1,no_load,0.0
20.081206,0.79957,wrist_flex,0.0,1.2093,0.0,1.1426,1909,0,64,2,12.2,37,staircase1,no_load,0.0
20.091857,0.81022,wrist_flex,0.0,1.2093,0.0,1.1426,1909,0,64,2,12.2,37,staircase1,no_load,0.0
20.102277,0.820641,wrist_flex,0.0,1.2093,0.0,1.1426,1909,0,64,2,12.2,37,staircase1,no_load,0.0
20.112455,0.830819,wrist_flex,0.0,1.2093,0.0,1.1426,1909,0,64,2,12.2,37,staircase1,no_load,0.0
20.12336,0.841723,wrist_flex,0.0,1.2093,0.0,1.1426,1909,0,64,2,12.3,37,staircase1,no_load,0.0
20.134084,0.852447,wrist_flex,0.0,1.2093,0.0,1.1426,1909,0,64,2,12.2,37,staircase1,no_load,0.0
20.144563,0.862927,wrist_flex,0.0,1.2093,0.0,1.1426,1909,0,64,2,12.2,37,staircase1,no_load,0.0
20.154772,0.873135,wrist_flex,0.0,1.2093,0.0,1.1426,1909,0,64,1,12.3,37,staircase1,no_load,0.0
20.165472,0.883836,wrist_flex,0.0,1.2093,0.0,1.1426,1909,0,64,3,12.2,37,staircase1,no_load,0.0
20.176211,0.894574,wrist_flex,0.0,1.2093,0.0,1.1426,1909,0,64,2,12.2,37,staircase1,no_load,0.0
20.18669,0.905053,wrist_flex,0.0,1.2093,0.0,1.1426,1909,0,64,1,12.2,37,staircase1,no_load,0.0
20.196904,0.915267,wrist_flex,0.0,1.2093,0.0,1.1426,1909,0,64,2,12.3,37,staircase1,no_load,0.0
20.207515,0.925879,wrist_flex,0.0,1.2093,0.0,1.1426,1909,0,64,2,12.2,37,staircase1,no_load,0.0
20.21809,0.936454,wrist_flex,0.0,1.2093,0.0,1.1426,1909,0,64,2,12.2,37,staircase1,no_load,0.0
20.228633,0.946996,wrist_flex,0.0,1.2093,0.0,1.1426,1909,0,64,2,12.2,37,staircase1,no_load,0.0
20.238816,0.957179,wrist_flex,0.0,1.2093,0.0,1.1426,1909,0,64,2,12.2,37,staircase1,no_load,0.0
20.249448,0.967811,wrist_flex,0.0,1.2093,0.0,1.1426,1909,0,64,2,12.2,37,staircase1,no_load,0.0
20.259708,0.978072,wrist_flex,0.0,1.2093,0.0,1.1426,1909,0,64,2,12.3,37,staircase1,no_load,0.0
20.269859,0.988223,wrist_flex,0.0,1.2093,0.0,1.1426,1909,0,64,1,12.3,37,staircase1,no_load,0.0
20.280235,0.998598,wrist_flex,0.0,1.2093,0.0,1.1426,1909,0,64,2,12.2,37,staircase1,no_load,0.0
20.290521,1.008884,wrist_flex,0.0,1.2093,0.0,1.1426,1909,0,64,2,12.2,37,staircase1,no_load,0.0
20.300777,1.01914,wrist_flex,0.0,1.2093,0.0,1.1426,1909,0,64,2,12.2,37,staircase1,no_load,0.0
20.311398,1.029762,wrist_flex,0.0,1.2093,0.0,1.1426,1909,0,64,2,12.2,38,staircase1,no_load,0.0
20.322017,1.04038,wrist_flex,0.0,1.2093,0.0,1.1426,1909,0,64,2,12.2,37,staircase1,no_load,0.0
20.33253,1.050893,wrist_flex,0.0,1.2093,0.0,1.1426,1909,0,64,2,12.2,37,staircase1,no_load,0.0
20.343067,1.06143,wrist_flex,0.0,1.2093,0.0,1.1426,1909,0,64,2,12.2,37,staircase1,no_load,0.0
20.353687,1.07205,wrist_flex,0.0,1.2093,0.0,1.1426,1909,0,64,2,12.2,37,staircase1,no_load,0.0
20.363867,1.08223,wrist_flex,0.0,1.2093,0.0,1.1426,1909,0,64,2,12.2,37,staircase1,no_load,0.0
20.374893,1.093256,wrist_flex,0.0,1.2093,0.0,1.1426,1909,0,64,2,12.2,37,staircase1,no_load,0.0
20.385286,1.10365,wrist_flex,0.0,1.2093,0.0,1.1426,1909,0,64,2,12.2,37,staircase1,no_load,0.0
20.395613,1.113976,wrist_flex,0.0,1.2093,0.0,1.1426,1909,0,64,2,12.2,37,staircase1,no_load,0.0
20.406576,1.124939,wrist_flex,0.0,1.2093,0.0,1.1426,1909,0,64,2,12.2,37,staircase1,no_load,0.0
20.417347,1.13571,wrist_flex,0.0,1.2093,0.0,1.1426,1909,0,64,2,12.3,38,staircase1,no_load,0.0
20.427941,1.146304,wrist_flex,0.0,1.2093,0.0,1.1426,1909,0,64,2,12.2,37,staircase1,no_load,0.0
20.438133,1.156496,wrist_flex,0.0,1.2093,0.0,1.1426,1909,0,64,2,12.2,37,staircase1,no_load,0.0
20.448711,1.167074,wrist_flex,0.0,1.2093,0.0,1.1426,1909,0,64,1,12.2,37,staircase1,no_load,0.0
20.459243,1.177607,wrist_flex,0.0,1.2093,0.0,1.1426,1909,0,64,3,12.2,37,staircase1,no_load,0.0
20.469474,1.187837,wrist_flex,0.0,1.2093,0.0,1.1426,1909,0,64,2,12.2,37,staircase1,no_load,0.0
20.479654,1.198017,wrist_flex,0.0,1.2093,0.0,1.1426,1909,0,64,2,12.2,37,staircase1,no_load,0.0
20.489917,1.20828,wrist_flex,0.0,1.2093,0.0,1.1426,1909,0,64,2,12.2,37,staircase1,no_load,0.0
20.500261,1.218625,wrist_flex,0.0,1.2093,0.0,1.1426,1909,0,64,2,12.2,37,staircase1,no_load,0.0
20.510429,1.228792,wrist_flex,0.0,1.2093,0.0,1.1426,1909,0,64,2,12.2,37,staircase1,no_load,0.0
20.520666,1.23903,wrist_flex,0.0,1.2093,0.0,1.1426,1909,0,64,2,12.2,37,staircase1,no_load,0.0
20.530751,1.249114,wrist_flex,0.0,1.2093,0.0,1.1426,1909,0,64,2,12.2,37,staircase1,no_load,0.0
20.541189,1.259552,wrist_flex,0.0,1.2093,0.0,1.1426,1909,0,64,2,12.2,37,staircase1,no_load,0.0
20.55165,1.270014,wrist_flex,0.0,1.2093,0.0,1.1426,1909,0,64,2,12.2,37,staircase1,no_load,0.0
20.562075,1.280438,wrist_flex,0.0,1.2093,0.0,1.1426,1909,0,64,3,12.2,37,staircase1,no_load,0.0
20.572493,1.290856,wrist_flex,0.0,1.2093,0.0,1.1426,1909,0,64,2,12.2,37,staircase1,no_load,0.0
20.582653,1.301016,wrist_flex,0.0,1.2093,0.0,1.1426,1909,0,64,2,12.2,37,staircase1,no_load,0.0
20.592924,1.311288,wrist_flex,0.0,1.2093,0.0,1.1426,1909,0,64,2,12.3,37,staircase1,no_load,0.0
20.603016,1.32138,wrist_flex,0.0,1.2093,0.0,1.1426,1909,0,64,2,12.2,37,staircase1,no_load,0.0
20.613087,1.331451,wrist_flex,0.0,1.2093,0.0,1.1426,1909,0,64,2,12.2,37,staircase1,no_load,0.0
20.623577,1.34194,wrist_flex,0.0,1.2093,0.0,1.1426,1909,0,64,2,12.3,37,staircase1,no_load,0.0
20.634108,1.352471,wrist_flex,0.0,1.2093,0.0,1.1426,1909,0,64,2,12.2,37,staircase1,no_load,0.0
20.644829,1.363193,wrist_flex,0.0,1.2093,0.0,1.1426,1909,0,64,2,12.2,37,staircase1,no_load,0.0
20.655198,1.373561,wrist_flex,0.0,1.2093,0.0,1.1426,1909,0,64,2,12.2,37,staircase1,no_load,0.0
20.665535,1.383898,wrist_flex,0.0,1.2093,0.0,1.1426,1909,0,64,2,12.2,37,staircase1,no_load,0.0
20.675984,1.394348,wrist_flex,0.0,1.2093,0.0,1.1426,1909,0,64,1,12.2,37,staircase1,no_load,0.0
20.686253,1.404616,wrist_flex,0.0,1.2093,0.0,1.1426,1909,0,64,2,12.2,37,staircase1,no_load,0.0
20.696675,1.415039,wrist_flex,0.0,1.2093,0.0,1.1426,1909,0,64,2,12.2,37,staircase1,no_load,0.0
20.707265,1.425629,wrist_flex,0.0,1.2093,0.0,1.1426,1909,0,64,2,12.2,37,staircase1,no_load,0.0
20.71736,1.435723,wrist_flex,0.0,1.2093,0.0,1.1426,1909,0,64,2,12.2,37,staircase1,no_load,0.0
20.727475,1.445839,wrist_flex,0.0,1.2093,0.0,1.1426,1909,0,64,2,12.2,37,staircase1,no_load,0.0
20.738468,1.456831,wrist_flex,0.0,1.2093,0.0,1.1426,1909,0,64,1,12.2,37,staircase1,no_load,0.0
20.748703,1.467066,wrist_flex,0.0,1.2093,0.0,1.1426,1909,0,64,2,12.2,37,staircase1,no_load,0.0
20.759311,1.477675,wrist_flex,0.0,1.2093,0.0,1.1426,1909,0,64,2,12.2,37,staircase1,no_load,0.0
20.76954,1.487903,wrist_flex,0.0,1.2093,0.0,1.1426,1909,0,64,2,12.2,37,staircase1,no_load,0.0
20.779977,1.49834,wrist_flex,0.0,1.2093,0.0,1.1426,1909,0,64,2,12.2,37,staircase1,no_load,0.0
20.790413,1.508776,wrist_flex,0.0,1.2093,0.0,1.1426,1909,0,64,2,12.2,37,staircase1,no_load,0.0
20.800869,1.519233,wrist_flex,0.0,1.2093,0.0,1.1426,1909,0,64,1,12.2,37,staircase1,no_load,0.0
20.811123,1.529486,wrist_flex,0.0,1.2093,0.0,1.1426,1909,0,64,2,12.3,37,staircase1,no_load,0.0
20.821641,1.540004,wrist_flex,0.0,1.2093,0.0,1.1426,1909,0,64,2,12.2,37,staircase1,no_load,0.0
20.832257,1.55062,wrist_flex,0.0,1.2093,0.0,1.1426,1909,0,64,2,12.2,37,staircase1,no_load,0.0
20.842689,1.561052,wrist_flex,0.0,1.2093,0.0,1.1426,1909,0,64,2,12.2,37,staircase1,no_load,0.0
20.853235,1.571598,wrist_flex,0.0,1.2093,0.0,1.1426,1909,0,64,2,12.3,37,staircase1,no_load,0.0
20.863823,1.582187,wrist_flex,0.0,1.2093,0.0,1.1426,1909,0,64,2,12.2,37,staircase1,no_load,0.0
20.874038,1.592402,wrist_flex,0.0,1.2093,0.0,1.1426,1909,0,64,2,12.2,37,staircase1,no_load,0.0
20.884869,2e-06,wrist_flex,-12.5,1.2093,-11.8103,1.1426,1909,0,64,2,12.2,37,staircase1,no_load,0.0
20.895321,0.010454,wrist_flex,-12.5,1.2093,-11.8103,1.1426,1909,0,72,3,12.2,37,staircase1,no_load,0.0
20.905869,0.021001,wrist_flex,-12.5,1.2093,-11.8103,1.1426,1909,0,104,5,12.2,37,staircase1,no_load,0.0
20.916074,0.031207,wrist_flex,-12.5,1.2093,-11.8103,1.1426,1909,0,136,10,12.1,37,staircase1,no_load,0.0
20.926771,0.041904,wrist_flex,-12.5,1.1163,-11.8103,1.0547,1908,0,204,13,12.2,37,staircase1,no_load,-8.217
20.937178,0.052311,wrist_flex,-12.5,0.7442,-11.8103,0.7031,1904,-150,256,17,12.2,37,staircase1,no_load,-33.785
20.94809,0.063223,wrist_flex,-12.5,0.186,-11.8103,0.1758,1898,-150,300,16,12.2,37,staircase1,no_load,-48.323
20.958884,0.074017,wrist_flex,-12.5,-0.4651,-11.8103,-0.4395,1891,-500,368,23,12.2,37,staircase1,no_load,-57.004
20.969372,0.084505,wrist_flex,-12.5,-1.3023,-11.8103,-1.2305,1882,-500,400,24,12.1,37,staircase1,no_load,-75.42
20.979444,0.094577,wrist_flex,-12.5,-2.3256,-11.8103,-2.1973,1871,-850,384,13,12.2,37,staircase1,no_load,-95.989
20.989914,0.105047,wrist_flex,-12.5,-3.3488,-11.8103,-3.1641,1860,-850,380,9,12.2,37,staircase1,no_load,-92.34
21.000204,0.115337,wrist_flex,-12.5,-4.4651,-11.8103,-4.2188,1848,-1100,308,2,12.2,37,staircase1,no_load,-102.498
21.010548,0.125681,wrist_flex,-12.5,-5.5814,-11.8103,-5.2734,1836,-1100,288,1,12.2,37,staircase1,no_load,-101.953
21.020758,0.135891,wrist_flex,-12.5,-6.4186,-11.8103,-6.0645,1827,-1100,232,0,12.2,37,staircase1,no_load,-77.483
21.030974,0.146107,wrist_flex,-12.5,-7.2558,-11.8103,-6.8555,1818,-900,196,0,12.2,37,staircase1,no_load,-77.428
21.041705,0.156838,wrist_flex,-12.5,-8.0,-11.8103,-7.5586,1810,-900,132,0,12.2,37,staircase1,no_load,-65.52
21.052789,0.167921,wrist_flex,-12.5,-8.5581,-11.8103,-8.0859,1804,-600,108,0,12.2,37,staircase1,no_load,-47.573
21.063698,0.17883,wrist_flex,-12.5,-9.0233,-11.8103,-8.5254,1799,-600,116,1,12.2,37,staircase1,no_load,-40.288
21.073834,0.188967,wrist_flex,-12.5,-9.3023,-11.8103,-8.7891,1796,-400,100,1,12.2,37,staircase1,no_load,-26.016
21.08474,0.199873,wrist_flex,-12.5,-9.6744,-11.8103,-9.1406,1792,-400,104,1,12.3,37,staircase1,no_load,-32.23
21.095653,0.210786,wrist_flex,-12.5,-9.8605,-11.8103,-9.3164,1790,-300,104,2,12.3,37,staircase1,no_load,-16.109
21.106398,0.22153,wrist_flex,-12.5,-10.1395,-11.8103,-9.5801,1787,-300,92,1,12.2,37,staircase1,no_load,-24.542
21.116624,0.231757,wrist_flex,-12.5,-10.3256,-11.8103,-9.7559,1785,-250,84,1,12.2,37,staircase1,no_load,-17.191
21.127649,0.242781,wrist_flex,-12.5,-10.5116,-11.8103,-9.9316,1783,-250,76,1,12.2,37,staircase1,no_load,-15.937
21.137796,0.252929,wrist_flex,-12.5,-10.6047,-11.8103,-10.0195,1782,-150,76,1,12.2,37,staircase1,no_load,-8.663
21.148071,0.263204,wrist_flex,-12.5,-10.7907,-11.8103,-10.1953,1780,-150,72,2,12.3,37,staircase1,no_load,-17.109
21.158696,0.273829,wrist_flex,-12.5,-10.8837,-11.8103,-10.2832,1779,-150,68,1,12.2,37,staircase1,no_load,-8.273
21.169115,0.284248,wrist_flex,-12.5,-10.8837,-11.8103,-10.2832,1779,-150,68,2,12.2,37,staircase1,no_load,0.0
21.179546,0.294678,wrist_flex,-12.5,-10.9767,-11.8103,-10.3711,1778,-50,72,2,12.2,37,staircase1,no_load,-8.427
21.189714,0.304847,wrist_flex,-12.5,-11.0698,-11.8103,-10.459,1777,-100,68,2,12.2,37,staircase1,no_load,-8.645
21.199894,0.315027,wrist_flex,-12.5,-11.1628,-11.8103,-10.5469,1776,-100,64,1,12.3,37,staircase1,no_load,-8.635
21.210496,0.325629,wrist_flex,-12.5,-11.2558,-11.8103,-10.6348,1775,-100,60,2,12.2,37,staircase1,no_load,-8.291
21.221022,0.336154,wrist_flex,-12.5,-11.2558,-11.8103,-10.6348,1775,-100,56,2,12.3,37,staircase1,no_load,0.0
21.231232,0.346365,wrist_flex,-12.5,-11.3488,-11.8103,-10.7227,1774,-50,52,1,12.2,37,staircase1,no_load,-8.609
21.241923,0.357055,wrist_flex,-12.5,-11.3488,-11.8103,-10.7227,1774,-50,56,1,12.3,37,staircase1,no_load,0.0
21.252747,0.36788,wrist_flex,-12.5,-11.3488,-11.8103,-10.7227,1774,0,56,1,12.3,37,staircase1,no_load,0.0
21.262947,0.37808,wrist_flex,-12.5,-11.4419,-11.8103,-10.8105,1773,0,56,1,12.2,37,staircase1,no_load,-8.608
21.27366,0.388793,wrist_flex,-12.5,-11.4419,-11.8103,-10.8105,1773,-50,56,1,12.3,37,staircase1,no_load,0.0
21.283819,0.398952,wrist_flex,-12.5,-11.4419,-11.8103,-10.8105,1773,-50,52,2,12.2,37,staircase1,no_load,0.0
21.294202,0.409334,wrist_flex,-12.5,-11.4419,-11.8103,-10.8105,1773,0,56,2,12.3,37,staircase1,no_load,0.0
21.304703,0.419836,wrist_flex,-12.5,-11.4419,-11.8103,-10.8105,1773,0,56,1,12.2,37,staircase1,no_load,0.0
21.314961,0.430094,wrist_flex,-12.5,-11.4419,-11.8103,-10.8105,1773,0,56,2,12.2,37,staircase1,no_load,0.0
21.325618,0.440751,wrist_flex,-12.5,-11.4419,-11.8103,-10.8105,1773,0,56,2,12.2,37,staircase1,no_load,0.0
21.335783,0.450916,wrist_flex,-12.5,-11.4419,-11.8103,-10.8105,1773,0,56,2,12.3,37,staircase1,no_load,0.0
21.346262,0.461395,wrist_flex,-12.5,-11.4419,-11.8103,-10.8105,1773,0,56,1,12.2,37,staircase1,no_load,0.0
21.356489,0.471621,wrist_flex,-12.5,-11.4419,-11.8103,-10.8105,1773,0,56,1,12.2,37,staircase1,no_load,0.0
21.366826,0.481959,wrist_flex,-12.5,-11.4419,-11.8103,-10.8105,1773,0,56,2,12.2,37,staircase1,no_load,0.0
21.376964,0.492097,wrist_flex,-12.5,-11.4419,-11.8103,-10.8105,1773,0,56,1,12.2,37,staircase1,no_load,0.0
21.387127,0.502259,wrist_flex,-12.5,-11.4419,-11.8103,-10.8105,1773,0,56,1,12.2,37,staircase1,no_load,0.0
21.397351,0.512484,wrist_flex,-12.5,-11.4419,-11.8103,-10.8105,1773,0,56,1,12.2,37,staircase1,no_load,0.0
21.408041,0.523174,wrist_flex,-12.5,-11.4419,-11.8103,-10.8105,1773,0,56,2,12.2,37,staircase1,no_load,0.0
21.4182,0.533332,wrist_flex,-12.5,-11.4419,-11.8103,-10.8105,1773,0,56,2,12.2,37,staircase1,no_load,0.0
21.429082,0.544215,wrist_flex,-12.5,-11.4419,-11.8103,-10.8105,1773,0,56,2,12.2,37,staircase1,no_load,0.0
21.439542,0.554675,wrist_flex,-12.5,-11.4419,-11.8103,-10.8105,1773,0,56,2,12.2,37,staircase1,no_load,0.0
21.450151,0.565284,wrist_flex,-12.5,-11.4419,-11.8103,-10.8105,1773,0,56,2,12.2,37,staircase1,no_load,0.0
21.460458,0.575591,wrist_flex,-12.5,-11.4419,-11.8103,-10.8105,1773,0,56,1,12.2,37,staircase1,no_load,0.0
21.470814,0.585947,wrist_flex,-12.5,-11.4419,-11.8103,-10.8105,1773,0,56,2,12.2,37,staircase1,no_load,0.0
21.481102,0.596235,wrist_flex,-12.5,-11.4419,-11.8103,-10.8105,1773,0,56,2,12.2,37,staircase1,no_load,0.0
21.491819,0.606952,wrist_flex,-12.5,-11.4419,-11.8103,-10.8105,1773,0,56,1,12.2,37,staircase1,no_load,0.0
21.502306,0.617439,wrist_flex,-12.5,-11.4419,-11.8103,-10.8105,1773,0,56,1,12.3,37,staircase1,no_load,0.0
21.512688,0.627821,wrist_flex,-12.5,-11.4419,-11.8103,-10.8105,1773,0,56,2,12.2,37,staircase1,no_load,0.0
21.523688,0.638821,wrist_flex,-12.5,-11.4419,-11.8103,-10.8105,1773,0,56,1,12.2,37,staircase1,no_load,0.0
21.534031,0.649164,wrist_flex,-12.5,-11.4419,-11.8103,-10.8105,1773,0,56,2,12.2,37,staircase1,no_load,0.0
21.544379,0.659512,wrist_flex,-12.5,-11.4419,-11.8103,-10.8105,1773,0,56,2,12.2,37,staircase1,no_load,0.0
21.555046,0.670178,wrist_flex,-12.5,-11.4419,-11.8103,-10.8105,1773,0,56,2,12.2,37,staircase1,no_load,0.0
21.565314,0.680447,wrist_flex,-12.5,-11.4419,-11.8103,-10.8105,1773,0,56,2,12.2,37,staircase1,no_load,0.0
21.575644,0.690777,wrist_flex,-12.5,-11.4419,-11.8103,-10.8105,1773,0,56,2,12.2,37,staircase1,no_load,0.0
21.586455,0.701588,wrist_flex,-12.5,-11.4419,-11.8103,-10.8105,1773,0,56,1,12.2,37,staircase1,no_load,0.0
21.596774,0.711907,wrist_flex,-12.5,-11.4419,-11.8103,-10.8105,1773,0,56,1,12.2,37,staircase1,no_load,0.0
21.607133,0.722266,wrist_flex,-12.5,-11.4419,-11.8103,-10.8105,1773,0,56,2,12.3,37,staircase1,no_load,0.0
21.617954,0.733087,wrist_flex,-12.5,-11.4419,-11.8103,-10.8105,1773,0,56,2,12.3,37,staircase1,no_load,0.0
21.628202,0.743335,wrist_flex,-12.5,-11.4419,-11.8103,-10.8105,1773,0,56,2,12.2,37,staircase1,no_load,0.0
21.639055,0.754188,wrist_flex,-12.5,-11.4419,-11.8103,-10.8105,1773,0,56,2,12.3,37,staircase1,no_load,0.0
21.649305,0.764437,wrist_flex,-12.5,-11.4419,-11.8103,-10.8105,1773,0,56,1,12.2,37,staircase1,no_load,0.0
21.659542,0.774675,wrist_flex,-12.5,-11.4419,-11.8103,-10.8105,1773,0,56,2,12.2,37,staircase1,no_load,0.0
21.670117,0.78525,wrist_flex,-12.5,-11.4419,-11.8103,-10.8105,1773,0,56,2,12.2,37,staircase1,no_load,0.0
21.68066,0.795793,wrist_flex,-12.5,-11.4419,-11.8103,-10.8105,1773,0,56,2,12.2,37,staircase1,no_load,0.0
21.690874,0.806007,wrist_flex,-12.5,-11.4419,-11.8103,-10.8105,1773,0,56,1,12.2,37,staircase1,no_load,0.0
21.701389,0.816521,wrist_flex,-12.5,-11.4419,-11.8103,-10.8105,1773,0,56,2,12.2,37,staircase1,no_load,0.0
21.71194,0.827073,wrist_flex,-12.5,-11.4419,-11.8103,-10.8105,1773,0,56,2,12.2,37,staircase1,no_load,0.0
21.722503,0.837636,wrist_flex,-12.5,-11.4419,-11.8103,-10.8105,1773,0,56,1,12.3,37,staircase1,no_load,0.0
21.733081,0.848214,wrist_flex,-12.5,-11.4419,-11.8103,-10.8105,1773,0,56,2,12.2,37,staircase1,no_load,0.0
21.744183,0.859316,wrist_flex,-12.5,-11.4419,-11.8103,-10.8105,1773,0,56,1,12.2,37,staircase1,no_load,0.0
21.754801,0.869934,wrist_flex,-12.5,-11.4419,-11.8103,-10.8105,1773,0,56,2,12.2,37,staircase1,no_load,0.0
21.76557,0.880703,wrist_flex,-12.5,-11.4419,-11.8103,-10.8105,1773,0,56,1,12.2,37,staircase1,no_load,0.0
21.776179,0.891312,wrist_flex,-12.5,-11.4419,-11.8103,-10.8105,1773,0,56,1,12.2,37,staircase1,no_load,0.0
21.786832,0.901965,wrist_flex,-12.5,-11.4419,-11.8103,-10.8105,1773,0,56,1,12.2,37,staircase1,no_load,0.0
21.79713,0.912263,wrist_flex,-12.5,-11.4419,-11.8103,-10.8105,1773,0,56,1,12.2,37,staircase1,no_load,0.0
21.80788,0.923013,wrist_flex,-12.5,-11.4419,-11.8103,-10.8105,1773,0,56,2,12.2,37,staircase1,no_load,0.0
21.818528,0.93366,wrist_flex,-12.5,-11.4419,-11.8103,-10.8105,1773,0,56,2,12.3,37,staircase1,no_load,0.0
21.829051,0.944184,wrist_flex,-12.5,-11.4419,-11.8103,-10.8105,1773,0,56,1,12.3,37,staircase1,no_load,0.0
21.839497,0.95463,wrist_flex,-12.5,-11.4419,-11.8103,-10.8105,1773,0,56,1,12.2,37,staircase1,no_load,0.0
21.849702,0.964835,wrist_flex,-12.5,-11.4419,-11.8103,-10.8105,1773,0,56,2,12.2,37,staircase1,no_load,0.0
21.859914,0.975047,wrist_flex,-12.5,-11.4419,-11.8103,-10.8105,1773,0,56,2,12.2,37,staircase1,no_load,0.0
21.870066,0.985199,wrist_flex,-12.5,-11.4419,-11.8103,-10.8105,1773,0,56,1,12.2,37,staircase1,no_load,0.0
21.880616,0.995749,wrist_flex,-12.5,-11.4419,-11.8103,-10.8105,1773,0,56,1,12.2,37,staircase1,no_load,0.0
21.891601,1.006734,wrist_flex,-12.5,-11.4419,-11.8103,-10.8105,1773,0,56,2,12.2,37,staircase1,no_load,0.0
21.902291,1.017424,wrist_flex,-12.5,-11.4419,-11.8103,-10.8105,1773,0,56,2,12.3,37,staircase1,no_load,0.0
21.912474,1.027607,wrist_flex,-12.5,-11.4419,-11.8103,-10.8105,1773,0,56,2,12.2,37,staircase1,no_load,0.0
21.922731,1.037864,wrist_flex,-12.5,-11.4419,-11.8103,-10.8105,1773,0,56,2,12.2,37,staircase1,no_load,0.0
21.93319,1.048323,wrist_flex,-12.5,-11.4419,-11.8103,-10.8105,1773,0,56,1,12.2,37,staircase1,no_load,0.0
21.943508,1.058641,wrist_flex,-12.5,-11.4419,-11.8103,-10.8105,1773,0,56,2,12.2,37,staircase1,no_load,0.0
21.953784,1.068917,wrist_flex,-12.5,-11.4419,-11.8103,-10.8105,1773,0,56,2,12.2,37,staircase1,no_load,0.0
21.963992,1.079125,wrist_flex,-12.5,-11.4419,-11.8103,-10.8105,1773,0,56,2,12.3,37,staircase1,no_load,0.0
21.974638,1.089771,wrist_flex,-12.5,-11.4419,-11.8103,-10.8105,1773,0,56,2,12.2,37,staircase1,no_load,0.0
21.985004,1.100137,wrist_flex,-12.5,-11.4419,-11.8103,-10.8105,1773,0,56,2,12.3,37,staircase1,no_load,0.0
21.995333,1.110465,wrist_flex,-12.5,-11.4419,-11.8103,-10.8105,1773,0,56,2,12.2,37,staircase1,no_load,0.0
22.005514,1.120647,wrist_flex,-12.5,-11.4419,-11.8103,-10.8105,1773,0,56,1,12.2,37,staircase1,no_load,0.0
22.016234,1.131367,wrist_flex,-12.5,-11.4419,-11.8103,-10.8105,1773,0,56,2,12.2,37,staircase1,no_load,0.0
22.026495,1.141628,wrist_flex,-12.5,-11.4419,-11.8103,-10.8105,1773,0,56,1,12.3,37,staircase1,no_load,0.0
22.03663,1.151763,wrist_flex,-12.5,-11.4419,-11.8103,-10.8105,1773,0,56,1,12.3,37,staircase1,no_load,0.0
22.047674,1.162806,wrist_flex,-12.5,-11.4419,-11.8103,-10.8105,1773,0,56,1,12.2,37,staircase1,no_load,0.0
22.057948,1.17308,wrist_flex,-12.5,-11.4419,-11.8103,-10.8105,1773,0,56,1,12.2,37,staircase1,no_load,0.0
22.068213,1.183346,wrist_flex,-12.5,-11.4419,-11.8103,-10.8105,1773,0,56,1,12.3,37,staircase1,no_load,0.0
22.078396,1.193529,wrist_flex,-12.5,-11.4419,-11.8103,-10.8105,1773,0,56,2,12.2,37,staircase1,no_load,0.0
22.088537,1.203669,wrist_flex,-12.5,-11.4419,-11.8103,-10.8105,1773,0,56,2,12.2,37,staircase1,no_load,0.0
22.099632,1.214765,wrist_flex,-12.5,-11.4419,-11.8103,-10.8105,1773,0,56,2,12.2,37,staircase1,no_load,0.0
22.110143,1.225275,wrist_flex,-12.5,-11.4419,-11.8103,-10.8105,1773,0,56,2,12.3,37,staircase1,no_load,0.0
22.1204,1.235533,wrist_flex,-12.5,-11.4419,-11.8103,-10.8105,1773,0,56,1,12.2,37,staircase1,no_load,0.0
22.130965,1.246098,wrist_flex,-12.5,-11.4419,-11.8103,-10.8105,1773,0,56,1,12.3,37,staircase1,no_load,0.0
22.141785,1.256918,wrist_flex,-12.5,-11.4419,-11.8103,-10.8105,1773,0,56,2,12.2,37,staircase1,no_load,0.0
22.152005,1.267138,wrist_flex,-12.5,-11.4419,-11.8103,-10.8105,1773,0,56,2,12.2,37,staircase1,no_load,0.0
22.16254,1.277673,wrist_flex,-12.5,-11.4419,-11.8103,-10.8105,1773,0,56,2,12.2,37,staircase1,no_load,0.0
22.173076,1.288209,wrist_flex,-12.5,-11.4419,-11.8103,-10.8105,1773,0,56,2,12.2,37,staircase1,no_load,0.0
22.183332,1.298465,wrist_flex,-12.5,-11.4419,-11.8103,-10.8105,1773,0,56,2,12.2,37,staircase1,no_load,0.0
22.193766,1.308899,wrist_flex,-12.5,-11.4419,-11.8103,-10.8105,1773,0,56,1,12.2,37,staircase1,no_load,0.0
22.204114,1.319247,wrist_flex,-12.5,-11.4419,-11.8103,-10.8105,1773,0,56,1,12.2,37,staircase1,no_load,0.0
22.214225,1.329358,wrist_flex,-12.5,-11.4419,-11.8103,-10.8105,1773,0,56,2,12.2,37,staircase1,no_load,0.0
22.224437,1.33957,wrist_flex,-12.5,-11.4419,-11.8103,-10.8105,1773,0,56,2,12.2,37,staircase1,no_load,0.0
22.23532,1.350453,wrist_flex,-12.5,-11.4419,-11.8103,-10.8105,1773,0,56,1,12.3,37,staircase1,no_load,0.0
22.245477,1.36061,wrist_flex,-12.5,-11.4419,-11.8103,-10.8105,1773,0,56,1,12.2,37,staircase1,no_load,0.0
22.255699,1.370832,wrist_flex,-12.5,-11.4419,-11.8103,-10.8105,1773,0,56,2,12.2,37,staircase1,no_load,0.0
22.265857,1.380989,wrist_flex,-12.5,-11.4419,-11.8103,-10.8105,1773,0,56,2,12.3,37,staircase1,no_load,0.0
22.276337,1.391469,wrist_flex,-12.5,-11.4419,-11.8103,-10.8105,1773,0,56,2,12.2,37,staircase1,no_load,0.0
22.28679,1.401923,wrist_flex,-12.5,-11.4419,-11.8103,-10.8105,1773,0,56,2,12.3,37,staircase1,no_load,0.0
22.297427,1.41256,wrist_flex,-12.5,-11.4419,-11.8103,-10.8105,1773,0,56,1,12.2,37,staircase1,no_load,0.0
22.308364,1.423497,wrist_flex,-12.5,-11.4419,-11.8103,-10.8105,1773,0,56,2,12.2,37,staircase1,no_load,0.0
22.318696,1.433828,wrist_flex,-12.5,-11.4419,-11.8103,-10.8105,1773,0,56,1,12.2,37,staircase1,no_load,0.0
22.328932,1.444065,wrist_flex,-12.5,-11.4419,-11.8103,-10.8105,1773,0,56,1,12.3,37,staircase1,no_load,0.0
22.339572,1.454705,wrist_flex,-12.5,-11.4419,-11.8103,-10.8105,1773,0,56,1,12.3,37,staircase1,no_load,0.0
22.350138,1.465271,wrist_flex,-12.5,-11.4419,-11.8103,-10.8105,1773,0,56,1,12.2,37,staircase1,no_load,0.0
22.360624,1.475757,wrist_flex,-12.5,-11.4419,-11.8103,-10.8105,1773,0,56,2,12.2,37,staircase1,no_load,0.0
22.371047,1.48618,wrist_flex,-12.5,-11.4419,-11.8103,-10.8105,1773,0,56,2,12.2,37,staircase1,no_load,0.0
22.381454,1.496587,wrist_flex,-12.5,-11.4419,-11.8103,-10.8105,1773,0,56,1,12.2,37,staircase1,no_load,0.0
22.392141,1.507274,wrist_flex,-12.5,-11.4419,-11.8103,-10.8105,1773,0,56,2,12.2,37,staircase1,no_load,0.0
22.403324,1.518457,wrist_flex,-12.5,-11.4419,-11.8103,-10.8105,1773,0,56,2,12.3,37,staircase1,no_load,0.0
22.41421,1.529342,wrist_flex,-12.5,-11.4419,-11.8103,-10.8105,1773,0,56,2,12.2,37,staircase1,no_load,0.0
22.425072,1.540205,wrist_flex,-12.5,-11.4419,-11.8103,-10.8105,1773,0,56,1,12.2,37,staircase1,no_load,0.0
22.435412,1.550545,wrist_flex,-12.5,-11.4419,-11.8103,-10.8105,1773,0,56,1,12.2,37,staircase1,no_load,0.0
22.446111,1.561244,wrist_flex,-12.5,-11.4419,-11.8103,-10.8105,1773,0,56,1,12.3,37,staircase1,no_load,0.0
22.456766,1.571899,wrist_flex,-12.5,-11.4419,-11.8103,-10.8105,1773,0,56,2,12.3,37,staircase1,no_load,0.0
22.467261,1.582394,wrist_flex,-12.5,-11.4419,-11.8103,-10.8105,1773,0,56,1,12.3,37,staircase1,no_load,0.0
22.477881,1.593014,wrist_flex,-12.5,-11.4419,-11.8103,-10.8105,1773,0,56,2,12.3,37,staircase1,no_load,0.0
22.489493,5e-06,wrist_flex,-25.0,-11.4419,-23.6206,-10.8105,1773,0,60,2,12.3,37,staircase1,no_load,0.0
22.500112,0.010624,wrist_flex,-25.0,-11.4419,-23.6206,-10.8105,1773,0,68,3,12.2,37,staircase1,no_load,0.0
22.510818,0.02133,wrist_flex,-25.0,-11.4419,-23.6206,-10.8105,1773,0,104,5,12.2,37,staircase1,no_load,0.0
22.521047,0.031559,wrist_flex,-25.0,-11.4419,-23.6206,-10.8105,1773,0,136,11,12.2,37,staircase1,no_load,0.0
22.531475,0.041987,wrist_flex,-25.0,-11.6279,-23.6206,-10.9863,1771,0,204,11,12.2,37,staircase1,no_load,-16.858
22.54169,0.052202,wrist_flex,-25.0,-11.907,-23.6206,-11.25,1768,-150,272,17,12.2,37,staircase1,no_load,-25.815
22.552175,0.062687,wrist_flex,-25.0,-12.3721,-23.6206,-11.6895,1763,-150,308,18,12.2,37,staircase1,no_load,-41.917
22.562964,0.073476,wrist_flex,-25.0,-13.1163,-23.6206,-12.3926,1755,-500,360,20,12.2,37,staircase1,no_load,-65.168
22.57342,0.083932,wrist_flex,-25.0,-13.9535,-23.6206,-13.1836,1746,-500,392,22,12.1,37,staircase1,no_load,-75.65
22.583689,0.094201,wrist_flex,-25.0,-14.9767,-23.6206,-14.1504,1735,-850,368,10,12.2,37,staircase1,no_load,-94.147
22.594237,0.104748,wrist_flex,-25.0,-16.0,-23.6206,-15.1172,1724,-850,368,10,12.2,37,staircase1,no_load,-91.657
22.604912,0.115424,wrist_flex,-25.0,-17.1163,-23.6206,-16.1719,1712,-1100,308,3,12.2,37,staircase1,no_load,-98.801
22.615911,0.126423,wrist_flex,-25.0,-18.1395,-23.6206,-17.1387,1701,-1050,288,2,12.2,37,staircase1,no_load,-87.899
22.626274,0.136786,wrist_flex,-25.0,-19.1628,-23.6206,-18.1055,1690,-1050,220,0,12.3,37,staircase1,no_load,-93.293
22.636951,0.147463,wrist_flex,-25.0,-20.0,-23.6206,-18.8965,1681,-900,184,0,12.2,37,staircase1,no_load,-74.084
22.647655,0.158166,wrist_flex,-25.0,-20.6512,-23.6206,-19.5117,1674,-900,132,0,12.3,37,staircase1,no_load,-57.474
22.658942,0.169454,wrist_flex,-25.0,-21.2093,-23.6206,-20.0391,1668,-650,108,1,12.3,37,staircase1,no_load,-46.726
22.669618,0.180129,wrist_flex,-25.0,-21.5814,-23.6206,-20.3906,1664,-650,116,1,12.3,37,staircase1,no_load,-32.924
22.680101,0.190613,wrist_flex,-25.0,-21.9535,-23.6206,-20.7422,1660,-400,108,2,12.2,37,staircase1,no_load,-33.54
22.690604,0.201116,wrist_flex,-25.0,-22.2326,-23.6206,-21.0059,1657,-400,100,1,12.3,37,staircase1,no_load,-25.107
22.701152,0.211664,wrist_flex,-25.0,-22.5116,-23.6206,-21.2695,1654,-250,96,2,12.2,37,staircase1,no_load,-24.991
22.711328,0.22184,wrist_flex,-25.0,-22.7907,-23.6206,-21.5332,1651,-250,88,1,12.2,37,staircase1,no_load,-25.914
22.721665,0.232177,wrist_flex,-25.0,-22.8837,-23.6206,-21.6211,1650,-250,84,1,12.2,37,staircase1,no_load,-8.503
22.732733,0.243245,wrist_flex,-25.0,-23.0698,-23.6206,-21.7969,1648,-250,76,1,12.3,37,staircase1,no_load,-15.884
22.743149,0.253661,wrist_flex,-25.0,-23.2558,-23.6206,-21.9727,1646,-200,72,1,12.3,37,staircase1,no_load,-16.878
22.753714,0.264226,wrist_flex,-25.0,-23.4419,-23.6206,-22.1484,1644,-200,64,2,12.2,38,staircase1,no_load,-16.63
22.763996,0.274508,wrist_flex,-25.0,-23.5349,-23.6206,-22.2363,1643,-150,68,2,12.2,37,staircase1,no_load,-8.549
22.77425,0.284762,wrist_flex,-25.0,-23.5349,-23.6206,-22.2363,1643,-50,68,2,12.2,37,staircase1,no_load,0.0
22.784386,0.294898,wrist_flex,-25.0,-23.6279,-23.6206,-22.3242,1642,-50,68,2,12.2,37,staircase1,no_load,-8.672
22.795126,0.305638,wrist_flex,-25.0,-23.6279,-23.6206,-22.3242,1642,-50,64,1,12.3,37,staircase1,no_load,0.0
22.805958,0.316469,wrist_flex,-25.0,-23.7209,-23.6206,-22.4121,1641,-50,60,1,12.2,37,staircase1,no_load,-8.115
22.816634,0.327146,wrist_flex,-25.0,-23.814,-23.6206,-22.5,1640,-100,56,2,12.2,37,staircase1,no_load,-8.233
22.827368,0.33788,wrist_flex,-25.0,-23.814,-23.6206,-22.5,1640,-100,56,1,12.2,36,staircase1,no_load,0.0
22.837956,0.348468,wrist_flex,-25.0,-23.907,-23.6206,-22.5879,1639,-50,56,1,12.2,37,staircase1,no_load,-8.302
22.848458,0.35897,wrist_flex,-25.0,-24.0,-23.6206,-22.6758,1638,-50,52,2,12.2,37,staircase1,no_load,-8.37
22.859235,0.369746,wrist_flex,-25.0,-24.0,-23.6206,-22.6758,1638,-50,52,1,12.2,37,staircase1,no_load,0.0
22.87006,0.380572,wrist_flex,-25.0,-24.093,-23.6206,-22.7637,1637,-50,48,0,12.2,37,staircase1,no_load,-8.12
22.880194,0.390706,wrist_flex,-25.0,-24.093,-23.6206,-22.7637,1637,-50,48,1,12.2,37,staircase1,no_load,0.0
22.89047,0.400982,wrist_flex,-25.0,-24.093,-23.6206,-22.7637,1637,-50,48,1,12.2,37,staircase1,no_load,0.0
22.900625,0.411137,wrist_flex,-25.0,-24.093,-23.6206,-22.7637,1637,0,52,2,12.3,37,staircase1,no_load,0.0
22.911159,0.421671,wrist_flex,-25.0,-24.093,-23.6206,-22.7637,1637,0,52,1,12.2,37,staircase1,no_load,0.0
22.921299,0.431811,wrist_flex,-25.0,-24.093,-23.6206,-22.7637,1637,0,52,1,12.2,37,staircase1,no_load,0.0
22.931835,0.442346,wrist_flex,-25.0,-24.093,-23.6206,-22.7637,1637,0,52,1,12.2,37,staircase1,no_load,0.0
22.942235,0.452747,wrist_flex,-25.0,-24.093,-23.6206,-22.7637,1637,0,52,2,12.3,37,staircase1,no_load,0.0
22.952571,0.463083,wrist_flex,-25.0,-24.093,-23.6206,-22.7637,1637,0,52,2,12.2,37,staircase1,no_load,0.0
22.962816,0.473328,wrist_flex,-25.0,-24.093,-23.6206,-22.7637,1637,0,52,1,12.2,37,staircase1,no_load,0.0
22.973726,0.484238,wrist_flex,-25.0,-24.093,-23.6206,-22.7637,1637,0,52,1,12.2,37,staircase1,no_load,0.0
22.984604,0.495116,wrist_flex,-25.0,-24.093,-23.6206,-22.7637,1637,0,52,2,12.2,37,staircase1,no_load,0.0
22.994847,0.505359,wrist_flex,-25.0,-24.093,-23.6206,-22.7637,1637,0,52,1,12.2,37,staircase1,no_load,0.0
23.005086,0.515597,wrist_flex,-25.0,-24.093,-23.6206,-22.7637,1637,0,52,1,12.2,37,staircase1,no_load,0.0
23.015312,0.525824,wrist_flex,-25.0,-24.093,-23.6206,-22.7637,1637,0,52,1,12.2,37,staircase1,no_load,0.0
23.026103,0.536615,wrist_flex,-25.0,-24.093,-23.6206,-22.7637,1637,0,52,2,12.2,37,staircase1,no_load,0.0
23.036584,0.547096,wrist_flex,-25.0,-24.093,-23.6206,-22.7637,1637,0,52,1,12.0,37,staircase1,no_load,0.0
23.047337,0.557849,wrist_flex,-25.0,-24.093,-23.6206,-22.7637,1637,0,52,2,12.3,37,staircase1,no_load,0.0
23.057703,0.568215,wrist_flex,-25.0,-24.093,-23.6206,-22.7637,1637,0,52,2,12.3,37,staircase1,no_load,0.0
23.068018,0.57853,wrist_flex,-25.0,-24.093,-23.6206,-22.7637,1637,0,52,1,12.2,37,staircase1,no_load,0.0
23.07861,0.589122,wrist_flex,-25.0,-24.093,-23.6206,-22.7637,1637,0,52,1,12.3,37,staircase1,no_load,0.0
23.089267,0.599779,wrist_flex,-25.0,-24.093,-23.6206,-22.7637,1637,0,52,1,12.2,37,staircase1,no_load,0.0
23.099616,0.610128,wrist_flex,-25.0,-24.093,-23.6206,-22.7637,1637,0,52,2,12.2,37,staircase1,no_load,0.0
23.110125,0.620637,wrist_flex,-25.0,-24.093,-23.6206,-22.7637,1637,0,52,1,12.2,37,staircase1,no_load,0.0
23.12041,0.630922,wrist_flex,-25.0,-24.093,-23.6206,-22.7637,1637,0,52,2,12.2,37,staircase1,no_load,0.0
23.130842,0.641354,wrist_flex,-25.0,-24.093,-23.6206,-22.7637,1637,0,52,2,12.2,37,staircase1,no_load,0.0
23.142198,0.65271,wrist_flex,-25.0,-24.093,-23.6206,-22.7637,1637,0,52,1,12.2,37,staircase1,no_load,0.0
23.152555,0.663067,wrist_flex,-25.0,-24.093,-23.6206,-22.7637,1637,0,52,2,12.2,37,staircase1,no_load,0.0
23.162875,0.673387,wrist_flex,-25.0,-24.093,-23.6206,-22.7637,1637,0,52,1,12.2,37,staircase1,no_load,0.0
23.173135,0.683647,wrist_flex,-25.0,-24.093,-23.6206,-22.7637,1637,0,52,2,12.2,37,staircase1,no_load,0.0
23.183668,0.69418,wrist_flex,-25.0,-24.093,-23.6206,-22.7637,1637,0,52,1,12.2,37,staircase1,no_load,0.0
23.194206,0.704718,wrist_flex,-25.0,-24.093,-23.6206,-22.7637,1637,0,52,1,12.2,37,staircase1,no_load,0.0
23.20507,0.715582,wrist_flex,-25.0,-24.093,-23.6206,-22.7637,1637,0,52,2,12.2,37,staircase1,no_load,0.0
23.215198,0.72571,wrist_flex,-25.0,-24.093,-23.6206,-22.7637,1637,0,52,1,12.2,37,staircase1,no_load,0.0
23.225857,0.736369,wrist_flex,-25.0,-24.093,-23.6206,-22.7637,1637,0,52,1,12.2,37,staircase1,no_load,0.0
23.236838,0.74735,wrist_flex,-25.0,-24.093,-23.6206,-22.7637,1637,0,52,1,12.2,37,staircase1,no_load,0.0
23.24705,0.757562,wrist_flex,-25.0,-24.093,-23.6206,-22.7637,1637,0,52,2,12.2,37,staircase1,no_load,0.0
23.257269,0.767781,wrist_flex,-25.0,-24.093,-23.6206,-22.7637,1637,0,52,1,12.2,37,staircase1,no_load,0.0
23.267985,0.778497,wrist_flex,-25.0,-24.093,-23.6206,-22.7637,1637,0,52,1,12.2,37,staircase1,no_load,0.0
23.278858,0.78937,wrist_flex,-25.0,-24.093,-23.6206,-22.7637,1637,0,52,1,12.3,37,staircase1,no_load,0.0
23.289182,0.799694,wrist_flex,-25.0,-24.093,-23.6206,-22.7637,1637,0,52,1,12.2,37,staircase1,no_load,0.0
23.299914,0.810426,wrist_flex,-25.0,-24.093,-23.6206,-22.7637,1637,0,52,2,12.2,37,staircase1,no_load,0.0
23.310246,0.820758,wrist_flex,-25.0,-24.093,-23.6206,-22.7637,1637,0,52,1,12.2,37,staircase1,no_load,0.0
23.320652,0.831164,wrist_flex,-25.0,-24.093,-23.6206,-22.7637,1637,0,52,1,12.2,37,staircase1,no_load,0.0
23.330922,0.841434,wrist_flex,-25.0,-24.093,-23.6206,-22.7637,1637,0,52,1,12.2,37,staircase1,no_load,0.0
23.341428,0.85194,wrist_flex,-25.0,-24.093,-23.6206,-22.7637,1637,0,52,2,12.2,37,staircase1,no_load,0.0
23.351691,0.862203,wrist_flex,-25.0,-24.093,-23.6206,-22.7637,1637,0,52,1,12.2,37,staircase1,no_load,0.0
23.362266,0.872778,wrist_flex,-25.0,-24.093,-23.6206,-22.7637,1637,0,52,1,12.2,37,staircase1,no_load,0.0
23.372741,0.883253,wrist_flex,-25.0,-24.093,-23.6206,-22.7637,1637,0,52,1,12.2,37,staircase1,no_load,0.0
23.38321,0.893722,wrist_flex,-25.0,-24.093,-23.6206,-22.7637,1637,0,52,1,12.2,37,staircase1,no_load,0.0
23.39365,0.904162,wrist_flex,-25.0,-24.093,-23.6206,-22.7637,1637,0,52,1,12.2,37,staircase1,no_load,0.0
23.404159,0.914671,wrist_flex,-25.0,-24.093,-23.6206,-22.7637,1637,0,52,1,12.3,42,staircase1,no_load,0.0
23.415025,0.925537,wrist_flex,-25.0,-24.093,-23.6206,-22.7637,1637,0,52,1,12.2,37,staircase1,no_load,0.0
23.425685,0.936197,wrist_flex,-25.0,-24.093,-23.6206,-22.7637,1637,0,52,1,12.2,37,staircase1,no_load,0.0
23.436054,0.946566,wrist_flex,-25.0,-24.093,-23.6206,-22.7637,1637,0,52,1,12.2,37,staircase1,no_load,0.0
23.446712,0.957224,wrist_flex,-25.0,-24.093,-23.6206,-22.7637,1637,0,52,1,12.2,37,staircase1,no_load,0.0
23.457366,0.967878,wrist_flex,-25.0,-24.093,-23.6206,-22.7637,1637,0,52,1,12.3,37,staircase1,no_load,0.0
23.468102,0.978614,wrist_flex,-25.0,-24.093,-23.6206,-22.7637,1637,0,52,1,12.2,37,staircase1,no_load,0.0
23.478523,0.989034,wrist_flex,-25.0,-24.093,-23.6206,-22.7637,1637,0,52,1,12.3,37,staircase1,no_load,0.0
23.488792,0.999304,wrist_flex,-25.0,-24.093,-23.6206,-22.7637,1637,0,52,1,12.3,37,staircase1,no_load,0.0
23.49967,1.010182,wrist_flex,-25.0,-24.093,-23.6206,-22.7637,1637,0,52,1,12.2,37,staircase1,no_load,0.0
23.510093,1.020605,wrist_flex,-25.0,-24.093,-23.6206,-22.7637,1637,0,52,1,12.3,37,staircase1,no_load,0.0
23.520661,1.031173,wrist_flex,-25.0,-24.093,-23.6206,-22.7637,1637,0,52,2,12.2,37,staircase1,no_load,0.0
23.531457,1.041969,wrist_flex,-25.0,-24.093,-23.6206,-22.7637,1637,0,52,1,12.2,37,staircase1,no_load,0.0
23.542529,1.05304,wrist_flex,-25.0,-24.093,-23.6206,-22.7637,1637,0,52,1,12.2,37,staircase1,no_load,0.0
23.553546,1.064058,wrist_flex,-25.0,-24.093,-23.6206,-22.7637,1637,0,52,2,12.2,37,staircase1,no_load,0.0
23.563866,1.074377,wrist_flex,-25.0,-24.093,-23.6206,-22.7637,1637,0,52,2,12.2,37,staircase1,no_load,0.0
23.574516,1.085028,wrist_flex,-25.0,-24.093,-23.6206,-22.7637,1637,0,52,1,12.3,37,staircase1,no_load,0.0
23.585216,1.095728,wrist_flex,-25.0,-24.093,-23.6206,-22.7637,1637,0,52,1,12.2,37,staircase1,no_load,0.0
23.595611,1.106123,wrist_flex,-25.0,-24.093,-23.6206,-22.7637,1637,0,52,1,12.2,37,staircase1,no_load,0.0
23.605985,1.116497,wrist_flex,-25.0,-24.093,-23.6206,-22.7637,1637,0,52,1,12.2,37,staircase1,no_load,0.0
23.616752,1.127264,wrist_flex,-25.0,-24.093,-23.6206,-22.7637,1637,0,52,1,12.2,37,staircase1,no_load,0.0
23.62701,1.137522,wrist_flex,-25.0,-24.093,-23.6206,-22.7637,1637,0,52,1,12.2,40,staircase1,no_load,0.0
23.637597,1.148109,wrist_flex,-25.0,-24.093,-23.6206,-22.7637,1637,0,52,1,12.3,37,staircase1,no_load,0.0
23.647832,1.158344,wrist_flex,-25.0,-24.093,-23.6206,-22.7637,1637,0,52,1,12.2,37,staircase1,no_load,0.0
23.657955,1.168467,wrist_flex,-25.0,-24.093,-23.6206,-22.7637,1637,0,52,2,12.2,37,staircase1,no_load,0.0
23.668638,1.17915,wrist_flex,-25.0,-24.093,-23.6206,-22.7637,1637,0,52,1,12.2,37,staircase1,no_load,0.0
23.679282,1.189794,wrist_flex,-25.0,-24.093,-23.6206,-22.7637,1637,0,52,1,12.2,37,staircase1,no_load,0.0
23.689679,1.200191,wrist_flex,-25.0,-24.093,-23.6206,-22.7637,1637,0,52,1,12.2,37,staircase1,no_load,0.0
23.69996,1.210472,wrist_flex,-25.0,-24.093,-23.6206,-22.7637,1637,0,52,2,12.2,37,staircase1,no_load,0.0
23.710572,1.221084,wrist_flex,-25.0,-24.093,-23.6206,-22.7637,1637,0,52,1,12.2,37,staircase1,no_load,0.0
23.72101,1.231522,wrist_flex,-25.0,-24.093,-23.6206,-22.7637,1637,0,52,2,12.3,37,staircase1,no_load,0.0
23.731429,1.241941,wrist_flex,-25.0,-24.093,-23.6206,-22.7637,1637,0,52,1,12.2,37,staircase1,no_load,0.0
23.741567,1.252079,wrist_flex,-25.0,-24.093,-23.6206,-22.7637,1637,0,52,1,12.2,37,staircase1,no_load,0.0
23.751788,1.2623,wrist_flex,-25.0,-24.093,-23.6206,-22.7637,1637,0,52,2,12.2,37,staircase1,no_load,0.0
23.762684,1.273196,wrist_flex,-25.0,-24.093,-23.6206,-22.7637,1637,0,52,1,12.2,37,staircase1,no_load,0.0
23.773353,1.283865,wrist_flex,-25.0,-24.093,-23.6206,-22.7637,1637,0,52,1,12.3,37,staircase1,no_load,0.0
23.783932,1.294444,wrist_flex,-25.0,-24.093,-23.6206,-22.7637,1637,0,52,1,12.2,37,staircase1,no_load,0.0
23.794137,1.304649,wrist_flex,-25.0,-24.093,-23.6206,-22.7637,1637,0,52,1,12.2,37,staircase1,no_load,0.0
23.804446,1.314958,wrist_flex,-25.0,-24.093,-23.6206,-22.7637,1637,0,52,1,12.3,37,staircase1,no_load,0.0
23.814998,1.32551,wrist_flex,-25.0,-24.093,-23.6206,-22.7637,1637,0,52,0,12.2,37,staircase1,no_load,0.0
23.826081,1.336593,wrist_flex,-25.0,-24.093,-23.6206,-22.7637,1637,0,52,2,12.3,37,staircase1,no_load,0.0
23.836862,1.347374,wrist_flex,-25.0,-24.093,-23.6206,-22.7637,1637,0,52,1,12.2,37,staircase1,no_load,0.0
23.847176,1.357688,wrist_flex,-25.0,-24.093,-23.6206,-22.7637,1637,0,52,1,12.2,37,staircase1,no_load,0.0
23.857913,1.368425,wrist_flex,-25.0,-24.093,-23.6206,-22.7637,1637,0,52,2,12.3,37,staircase1,no_load,0.0
23.868068,1.37858,wrist_flex,-25.0,-24.093,-23.6206,-22.7637,1637,0,52,2,12.2,37,staircase1,no_load,0.0
23.878837,1.389349,wrist_flex,-25.0,-24.093,-23.6206,-22.7637,1637,0,52,2,12.3,37,staircase1,no_load,0.0
23.889385,1.399897,wrist_flex,-25.0,-24.093,-23.6206,-22.7637,1637,0,52,1,12.3,37,staircase1,no_load,0.0
23.900097,1.410609,wrist_flex,-25.0,-24.093,-23.6206,-22.7637,1637,0,52,1,12.3,37,staircase1,no_load,0.0
23.910361,1.420873,wrist_flex,-25.0,-24.093,-23.6206,-22.7637,1637,0,52,1,12.2,37,staircase1,no_load,0.0
23.920872,1.431384,wrist_flex,-25.0,-24.093,-23.6206,-22.7637,1637,0,52,1,12.2,37,staircase1,no_load,0.0
23.931096,1.441608,wrist_flex,-25.0,-24.093,-23.6206,-22.7637,1637,0,52,2,12.2,37,staircase1,no_load,0.0
23.941285,1.451797,wrist_flex,-25.0,-24.093,-23.6206,-22.7637,1637,0,52,1,12.2,37,staircase1,no_load,0.0
23.951707,1.462219,wrist_flex,-25.0,-24.093,-23.6206,-22.7637,1637,0,52,1,12.2,37,staircase1,no_load,0.0
23.962249,1.472761,wrist_flex,-25.0,-24.093,-23.6206,-22.7637,1637,0,52,1,12.2,37,staircase1,no_load,0.0
23.972466,1.482978,wrist_flex,-25.0,-24.093,-23.6206,-22.7637,1637,0,52,2,12.2,37,staircase1,no_load,0.0
23.982997,1.493509,wrist_flex,-25.0,-24.093,-23.6206,-22.7637,1637,0,52,1,12.2,37,staircase1,no_load,0.0
23.993518,1.50403,wrist_flex,-25.0,-24.093,-23.6206,-22.7637,1637,0,52,1,12.3,37,staircase1,no_load,0.0
24.00379,1.514302,wrist_flex,-25.0,-24.093,-23.6206,-22.7637,1637,0,52,1,12.2,37,staircase1,no_load,0.0
24.014042,1.524554,wrist_flex,-25.0,-24.093,-23.6206,-22.7637,1637,0,52,1,12.2,37,staircase1,no_load,0.0
24.024525,1.535036,wrist_flex,-25.0,-24.093,-23.6206,-22.7637,1637,0,52,1,12.3,37,staircase1,no_load,0.0
24.034894,1.545406,wrist_flex,-25.0,-24.093,-23.6206,-22.7637,1637,0,52,1,12.2,37,staircase1,no_load,0.0
24.045276,1.555788,wrist_flex,-25.0,-24.093,-23.6206,-22.7637,1637,0,52,1,12.3,37,staircase1,no_load,0.0
24.055568,1.56608,wrist_flex,-25.0,-24.093,-23.6206,-22.7637,1637,0,52,1,12.2,37,staircase1,no_load,0.0
24.065802,1.576314,wrist_flex,-25.0,-24.093,-23.6206,-22.7637,1637,0,52,2,12.2,37,staircase1,no_load,0.0
24.076246,1.586758,wrist_flex,-25.0,-24.093,-23.6206,-22.7637,1637,0,52,1,12.2,37,staircase1,no_load,0.0
24.08698,1.597492,wrist_flex,-25.0,-24.093,-23.6206,-22.7637,1637,0,52,1,12.3,37,staircase1,no_load,0.0
24.098206,3e-06,wrist_flex,-37.5,-24.093,-35.4309,-22.7637,1637,0,56,2,12.2,37,staircase1,no_load,0.0
24.109139,0.010936,wrist_flex,-37.5,-24.093,-35.4309,-22.7637,1637,0,72,2,12.3,37,staircase1,no_load,0.0
24.119822,0.021619,wrist_flex,-37.5,-24.093,-35.4309,-22.7637,1637,0,92,4,12.2,37,staircase1,no_load,0.0
24.130419,0.032216,wrist_flex,-37.5,-24.093,-35.4309,-22.7637,1637,0,160,12,12.2,37,staircase1,no_load,0.0
24.141385,0.043182,wrist_flex,-37.5,-24.186,-35.4309,-22.8516,1636,-100,200,10,12.2,37,staircase1,no_load,-8.016
24.152154,0.053951,wrist_flex,-37.5,-24.5581,-35.4309,-23.2031,1632,-100,264,14,12.2,37,staircase1,no_load,-32.64
24.163221,0.065019,wrist_flex,-37.5,-25.1163,-35.4309,-23.7305,1626,-400,312,17,12.2,37,staircase1,no_load,-47.655
24.174218,0.076016,wrist_flex,-37.5,-25.8605,-35.4309,-24.4336,1618,-400,376,21,12.1,37,staircase1,no_load,-63.936
24.185024,0.086821,wrist_flex,-37.5,-26.7907,-35.4309,-25.3125,1608,-800,400,14,12.2,37,staircase1,no_load,-81.334
24.195616,0.097413,wrist_flex,-37.5,-27.814,-35.4309,-26.2793,1597,-800,388,12,12.2,37,staircase1,no_load,-91.276
24.206154,0.107951,wrist_flex,-37.5,-28.8372,-35.4309,-27.2461,1586,-1050,332,3,12.3,37,staircase1,no_load,-91.744
24.216797,0.118594,wrist_flex,-37.5,-29.9535,-35.4309,-28.3008,1574,-1050,312,3,12.2,37,staircase1,no_load,-99.098
24.227718,0.129515,wrist_flex,-37.5,-31.0698,-35.4309,-29.3555,1562,-1100,240,0,12.2,37,staircase1,no_load,-96.575
24.237959,0.139756,wrist_flex,-37.5,-32.0,-35.4309,-30.2344,1552,-1100,204,0,12.2,37,staircase1,no_load,-85.822
24.248236,0.150033,wrist_flex,-37.5,-32.7442,-35.4309,-30.9375,1544,-950,144,0,12.2,38,staircase1,no_load,-68.415
24.259021,0.160818,wrist_flex,-37.5,-33.3953,-35.4309,-31.5527,1537,-950,120,0,12.2,37,staircase1,no_load,-57.042
24.269647,0.171444,wrist_flex,-37.5,-33.9535,-35.4309,-32.0801,1531,-650,116,0,12.3,37,staircase1,no_load,-49.633
24.280247,0.182044,wrist_flex,-37.5,-34.2326,-35.4309,-32.3438,1528,-400,100,0,12.2,37,staircase1,no_load,-24.877
24.290844,0.192641,wrist_flex,-37.5,-34.6047,-35.4309,-32.6953,1524,-400,104,2,12.3,37,staircase1,no_load,-33.17
24.30131,0.203107,wrist_flex,-37.5,-34.8837,-35.4309,-32.959,1521,-300,92,2,12.3,37,staircase1,no_load,-25.196
24.311723,0.21352,wrist_flex,-37.5,-35.0698,-35.4309,-33.1348,1519,-300,92,2,12.2,37,staircase1,no_load,-16.883
24.321997,0.223794,wrist_flex,-37.5,-35.2558,-35.4309,-33.3105,1517,-250,84,1,12.3,37,staircase1,no_load,-17.101
24.332429,0.234226,wrist_flex,-37.5,-35.5349,-35.4309,-33.5742,1514,-250,80,1,12.2,37,staircase1,no_load,-25.278
24.342966,0.244763,wrist_flex,-37.5,-35.7209,-35.4309,-33.75,1512,-200,72,1,12.2,37,staircase1,no_load,-16.684
24.353406,0.255203,wrist_flex,-37.5,-35.814,-35.4309,-33.8379,1511,-200,68,1,12.2,37,staircase1,no_load,-8.42
24.363643,0.26544,wrist_flex,-37.5,-35.907,-35.4309,-33.9258,1510,-150,64,2,12.2,37,staircase1,no_load,-8.586
24.374482,0.276279,wrist_flex,-37.5,-36.0,-35.4309,-34.0137,1509,-150,68,2,12.3,37,staircase1,no_load,-8.11
24.384984,0.286781,wrist_flex,-37.5,-36.093,-35.4309,-34.1016,1508,-50,64,2,12.3,37,staircase1,no_load,-8.37
24.395562,0.297359,wrist_flex,-37.5,-36.093,-35.4309,-34.1016,1508,-50,60,2,12.2,37,staircase1,no_load,0.0
24.406182,0.307979,wrist_flex,-37.5,-36.186,-35.4309,-34.1895,1507,-100,64,2,12.2,37,staircase1,no_load,-8.277
24.41676,0.318557,wrist_flex,-37.5,-36.186,-35.4309,-34.1895,1507,-100,64,2,12.2,37,staircase1,no_load,0.0
24.42738,0.329177,wrist_flex,-37.5,-36.186,-35.4309,-34.1895,1507,0,68,2,12.2,37,staircase1,no_load,0.0
24.437765,0.339562,wrist_flex,-37.5,-36.186,-35.4309,-34.1895,1507,0,68,2,12.2,37,staircase1,no_load,0.0
24.448071,0.349868,wrist_flex,-37.5,-36.186,-35.4309,-34.1895,1507,0,68,2,12.2,37,staircase1,no_load,0.0
24.458664,0.360461,wrist_flex,-37.5,-36.186,-35.4309,-34.1895,1507,0,68,2,12.3,37,staircase1,no_load,0.0
24.469245,0.371042,wrist_flex,-37.5,-36.2791,-35.4309,-34.2773,1506,0,60,2,12.2,37,staircase1,no_load,-8.298
24.479669,0.381466,wrist_flex,-37.5,-36.2791,-35.4309,-34.2773,1506,-50,60,2,12.3,37,staircase1,no_load,0.0
24.489963,0.39176,wrist_flex,-37.5,-36.2791,-35.4309,-34.2773,1506,-50,64,1,12.3,37,staircase1,no_load,0.0
24.500502,0.402299,wrist_flex,-37.5,-36.2791,-35.4309,-34.2773,1506,0,64,2,12.2,37,staircase1,no_load,0.0
24.51093,0.412727,wrist_flex,-37.5,-36.2791,-35.4309,-34.2773,1506,0,64,2,12.2,37,staircase1,no_load,0.0
24.52142,0.423217,wrist_flex,-37.5,-36.2791,-35.4309,-34.2773,1506,0,64,2,12.3,37,staircase1,no_load,0.0
24.531869,0.433666,wrist_flex,-37.5,-36.2791,-35.4309,-34.2773,1506,0,64,2,12.2,37,staircase1,no_load,0.0
24.542261,0.444058,wrist_flex,-37.5,-36.2791,-35.4309,-34.2773,1506,0,64,2,12.2,37,staircase1,no_load,0.0
24.552627,0.454424,wrist_flex,-37.5,-36.2791,-35.4309,-34.2773,1506,0,64,2,12.2,37,staircase1,no_load,0.0
24.563201,0.464998,wrist_flex,-37.5,-36.2791,-35.4309,-34.2773,1506,0,64,2,12.2,37,staircase1,no_load,0.0
24.573497,0.475294,wrist_flex,-37.5,-36.2791,-35.4309,-34.2773,1506,0,64,1,12.2,37,staircase1,no_load,0.0
24.583986,0.485783,wrist_flex,-37.5,-36.2791,-35.4309,-34.2773,1506,0,64,2,12.2,37,staircase1,no_load,0.0
24.594739,0.496536,wrist_flex,-37.5,-36.2791,-35.4309,-34.2773,1506,0,64,2,12.3,37,staircase1,no_load,0.0
24.605163,0.50696,wrist_flex,-37.5,-36.2791,-35.4309,-34.2773,1506,0,64,2,12.2,37,staircase1,no_load,0.0
24.615841,0.517638,wrist_flex,-37.5,-36.2791,-35.4309,-34.2773,1506,0,64,2,12.2,37,staircase1,no_load,0.0
24.626575,0.528372,wrist_flex,-37.5,-36.2791,-35.4309,-34.2773,1506,0,64,2,12.2,37,staircase1,no_load,0.0
24.637062,0.538859,wrist_flex,-37.5,-36.2791,-35.4309,-34.2773,1506,0,64,2,12.2,37,staircase1,no_load,0.0
24.647724,0.549521,wrist_flex,-37.5,-36.2791,-35.4309,-34.2773,1506,0,64,2,12.2,38,staircase1,no_load,0.0
24.658658,0.560455,wrist_flex,-37.5,-36.2791,-35.4309,-34.2773,1506,0,64,2,12.2,37,staircase1,no_load,0.0
24.669982,0.571779,wrist_flex,-37.5,-36.2791,-35.4309,-34.2773,1506,0,64,2,12.2,37,staircase1,no_load,0.0
24.68036,0.582157,wrist_flex,-37.5,-36.2791,-35.4309,-34.2773,1506,0,64,2,12.2,37,staircase1,no_load,0.0
24.690695,0.592492,wrist_flex,-37.5,-36.2791,-35.4309,-34.2773,1506,0,64,2,12.3,37,staircase1,no_load,0.0
24.701155,0.602952,wrist_flex,-37.5,-36.2791,-35.4309,-34.2773,1506,0,64,2,12.2,37,staircase1,no_load,0.0
24.712033,0.61383,wrist_flex,-37.5,-36.2791,-35.4309,-34.2773,1506,0,64,2,12.2,37,staircase1,no_load,0.0
24.722406,0.624203,wrist_flex,-37.5,-36.2791,-35.4309,-34.2773,1506,0,64,2,12.2,37,staircase1,no_load,0.0
24.732587,0.634384,wrist_flex,-37.5,-36.2791,-35.4309,-34.2773,1506,0,64,1,12.3,37,staircase1,no_load,0.0
24.743101,0.644898,wrist_flex,-37.5,-36.2791,-35.4309,-34.2773,1506,0,64,2,12.3,37,staircase1,no_load,0.0
24.754065,0.655862,wrist_flex,-37.5,-36.2791,-35.4309,-34.2773,1506,0,64,2,12.2,37,staircase1,no_load,0.0
24.764827,0.666624,wrist_flex,-37.5,-36.2791,-35.4309,-34.2773,1506,0,64,2,12.2,37,staircase1,no_load,0.0
24.77518,0.676977,wrist_flex,-37.5,-36.2791,-35.4309,-34.2773,1506,0,64,2,12.2,37,staircase1,no_load,0.0
24.785402,0.687199,wrist_flex,-37.5,-36.2791,-35.4309,-34.2773,1506,0,64,2,12.2,37,staircase1,no_load,0.0
24.795944,0.697741,wrist_flex,-37.5,-36.2791,-35.4309,-34.2773,1506,0,64,2,12.2,37,staircase1,no_load,0.0
24.806725,0.708522,wrist_flex,-37.5,-36.2791,-35.4309,-34.2773,1506,0,64,2,12.2,37,staircase1,no_load,0.0
24.817341,0.719138,wrist_flex,-37.5,-36.2791,-35.4309,-34.2773,1506,0,64,2,12.2,37,staircase1,no_load,0.0
24.827647,0.729444,wrist_flex,-37.5,-36.2791,-35.4309,-34.2773,1506,0,64,2,12.2,37,staircase1,no_load,0.0
24.837765,0.739562,wrist_flex,-37.5,-36.2791,-35.4309,-34.2773,1506,0,64,1,12.3,37,staircase1,no_load,0.0
24.848806,0.750603,wrist_flex,-37.5,-36.2791,-35.4309,-34.2773,1506,0,64,2,12.3,39,staircase1,no_load,0.0
24.859065,0.760862,wrist_flex,-37.5,-36.2791,-35.4309,-34.2773,1506,0,64,2,12.2,37,staircase1,no_load,0.0
24.869373,0.77117,wrist_flex,-37.5,-36.2791,-35.4309,-34.2773,1506,0,64,2,12.2,37,staircase1,no_load,0.0
24.87978,0.781577,wrist_flex,-37.5,-36.2791,-35.4309,-34.2773,1506,0,64,2,12.2,37,staircase1,no_load,0.0
24.890459,0.792256,wrist_flex,-37.5,-36.2791,-35.4309,-34.2773,1506,0,64,2,12.3,37,staircase1,no_load,0.0
24.90067,0.802467,wrist_flex,-37.5,-36.2791,-35.4309,-34.2773,1506,0,64,2,12.3,37,staircase1,no_load,0.0
24.911035,0.812832,wrist_flex,-37.5,-36.2791,-35.4309,-34.2773,1506,0,64,2,12.2,38,staircase1,no_load,0.0
24.921566,0.823363,wrist_flex,-37.5,-36.2791,-35.4309,-34.2773,1506,0,64,3,12.2,37,staircase1,no_load,0.0
24.932007,0.833804,wrist_flex,-37.5,-36.2791,-35.4309,-34.2773,1506,0,64,2,12.2,37,staircase1,no_load,0.0
24.942552,0.844349,wrist_flex,-37.5,-36.2791,-35.4309,-34.2773,1506,0,64,2,12.3,37,staircase1,no_load,0.0
24.953028,0.854825,wrist_flex,-37.5,-36.2791,-35.4309,-34.2773,1506,0,64,2,12.3,37,staircase1,no_load,0.0
24.963243,0.86504,wrist_flex,-37.5,-36.2791,-35.4309,-34.2773,1506,0,64,2,12.2,37,staircase1,no_load,0.0
24.973523,0.87532,wrist_flex,-37.5,-36.2791,-35.4309,-34.2773,1506,0,64,2,12.2,37,staircase1,no_load,0.0
24.984564,0.886361,wrist_flex,-37.5,-36.2791,-35.4309,-34.2773,1506,0,64,2,12.2,37,staircase1,no_load,0.0
24.995332,0.897129,wrist_flex,-37.5,-36.2791,-35.4309,-34.2773,1506,0,64,2,12.3,37,staircase1,no_load,0.0
25.005631,0.907428,wrist_flex,-37.5,-36.2791,-35.4309,-34.2773,1506,0,64,2,12.2,37,staircase1,no_load,0.0
25.015815,0.917612,wrist_flex,-37.5,-36.2791,-35.4309,-34.2773,1506,0,64,2,12.2,37,staircase1,no_load,0.0
25.026128,0.927925,wrist_flex,-37.5,-36.2791,-35.4309,-34.2773,1506,0,64,2,12.3,37,staircase1,no_load,0.0
25.036423,0.93822,wrist_flex,-37.5,-36.2791,-35.4309,-34.2773,1506,0,64,2,12.2,37,staircase1,no_load,0.0
25.047002,0.948799,wrist_flex,-37.5,-36.2791,-35.4309,-34.2773,1506,0,64,1,12.3,37,staircase1,no_load,0.0
25.057784,0.959581,wrist_flex,-37.5,-36.2791,-35.4309,-34.2773,1506,0,64,2,12.2,37,staircase1,no_load,0.0
25.068127,0.969924,wrist_flex,-37.5,-36.2791,-35.4309,-34.2773,1506,0,64,2,12.3,37,staircase1,no_load,0.0
25.078373,0.98017,wrist_flex,-37.5,-36.2791,-35.4309,-34.2773,1506,0,64,2,12.2,37,staircase1,no_load,0.0
25.090941,0.992738,wrist_flex,-37.5,-36.2791,-35.4309,-34.2773,1506,0,64,2,12.2,37,staircase1,no_load,0.0
25.101411,1.003208,wrist_flex,-37.5,-36.2791,-35.4309,-34.2773,1506,0,64,2,12.2,37,staircase1,no_load,0.0
25.112044,1.013841,wrist_flex,-37.5,-36.2791,-35.4309,-34.2773,1506,0,64,2,12.3,37,staircase1,no_load,0.0
25.122422,1.02422,wrist_flex,-37.5,-36.2791,-35.4309,-34.2773,1506,0,64,2,12.2,37,staircase1,no_load,0.0
25.132868,1.034665,wrist_flex,-37.5,-36.2791,-35.4309,-34.2773,1506,0,64,2,12.3,37,staircase1,no_load,0.0
25.143265,1.045062,wrist_flex,-37.5,-36.2791,-35.4309,-34.2773,1506,0,64,1,12.3,37,staircase1,no_load,0.0
25.153606,1.055403,wrist_flex,-37.5,-36.2791,-35.4309,-34.2773,1506,0,64,1,12.3,37,staircase1,no_load,0.0
25.164689,1.066486,wrist_flex,-37.5,-36.2791,-35.4309,-34.2773,1506,0,64,1,12.2,37,staircase1,no_load,0.0
25.174848,1.076645,wrist_flex,-37.5,-36.2791,-35.4309,-34.2773,1506,0,64,1,12.3,37,staircase1,no_load,0.0
25.185671,1.087468,wrist_flex,-37.5,-36.2791,-35.4309,-34.2773,1506,0,64,2,12.2,37,staircase1,no_load,0.0
25.195951,1.097748,wrist_flex,-37.5,-36.2791,-35.4309,-34.2773,1506,0,64,3,12.2,37,staircase1,no_load,0.0
25.206409,1.108206,wrist_flex,-37.5,-36.2791,-35.4309,-34.2773,1506,0,64,2,12.2,38,staircase1,no_load,0.0
25.216704,1.118501,wrist_flex,-37.5,-36.2791,-35.4309,-34.2773,1506,0,64,2,12.2,37,staircase1,no_load,0.0
25.227025,1.128822,wrist_flex,-37.5,-36.2791,-35.4309,-34.2773,1506,0,64,2,12.3,37,staircase1,no_load,0.0
25.237397,1.139194,wrist_flex,-37.5,-36.2791,-35.4309,-34.2773,1506,0,64,2,12.2,37,staircase1,no_load,0.0
25.24862,1.150417,wrist_flex,-37.5,-36.2791,-35.4309,-34.2773,1506,0,64,2,12.3,37,staircase1,no_load,0.0
25.25924,1.161037,wrist_flex,-37.5,-36.2791,-35.4309,-34.2773,1506,0,64,2,12.2,37,staircase1,no_load,0.0
25.269733,1.17153,wrist_flex,-37.5,-36.2791,-35.4309,-34.2773,1506,0,64,2,12.3,37,staircase1,no_load,0.0
25.280045,1.181842,wrist_flex,-37.5,-36.2791,-35.4309,-34.2773,1506,0,64,2,12.2,37,staircase1,no_load,0.0
25.290166,1.191963,wrist_flex,-37.5,-36.2791,-35.4309,-34.2773,1506,0,64,2,12.2,37,staircase1,no_load,0.0
25.301311,1.203108,wrist_flex,-37.5,-36.2791,-35.4309,-34.2773,1506,0,64,1,12.2,37,staircase1,no_load,0.0
25.311489,1.213286,wrist_flex,-37.5,-36.2791,-35.4309,-34.2773,1506,0,64,1,12.2,37,staircase1,no_load,0.0
25.321783,1.22358,wrist_flex,-37.5,-36.2791,-35.4309,-34.2773,1506,0,64,2,12.2,37,staircase1,no_load,0.0
25.332251,1.234048,wrist_flex,-37.5,-36.2791,-35.4309,-34.2773,1506,0,64,2,12.2,37,staircase1,no_load,0.0
25.342633,1.24443,wrist_flex,-37.5,-36.2791,-35.4309,-34.2773,1506,0,64,2,12.2,37,staircase1,no_load,0.0
25.353141,1.254939,wrist_flex,-37.5,-36.2791,-35.4309,-34.2773,1506,0,64,2,12.2,37,staircase1,no_load,0.0
25.363788,1.265585,wrist_flex,-37.5,-36.2791,-35.4309,-34.2773,1506,0,64,2,12.2,37,staircase1,no_load,0.0
25.374208,1.276005,wrist_flex,-37.5,-36.2791,-35.4309,-34.2773,1506,0,64,2,12.3,37,staircase1,no_load,0.0
25.385079,1.286876,wrist_flex,-37.5,-36.2791,-35.4309,-34.2773,1506,0,64,2,12.2,37,staircase1,no_load,0.0
25.395254,1.297051,wrist_flex,-37.5,-36.2791,-35.4309,-34.2773,1506,0,64,2,12.2,37,staircase1,no_load,0.0
25.405522,1.307319,wrist_flex,-37.5,-36.2791,-35.4309,-34.2773,1506,0,64,3,12.2,37,staircase1,no_load,0.0
25.416192,1.317989,wrist_flex,-37.5,-36.2791,-35.4309,-34.2773,1506,0,64,1,12.2,37,staircase1,no_load,0.0
25.426823,1.32862,wrist_flex,-37.5,-36.2791,-35.4309,-34.2773,1506,0,64,2,12.2,37,staircase1,no_load,0.0
25.43734,1.339137,wrist_flex,-37.5,-36.2791,-35.4309,-34.2773,1506,0,64,2,12.2,38,staircase1,no_load,0.0
25.447719,1.349516,wrist_flex,-37.5,-36.2791,-35.4309,-34.2773,1506,0,64,2,12.3,37,staircase1,no_load,0.0
25.457847,1.359644,wrist_flex,-37.5,-36.2791,-35.4309,-34.2773,1506,0,64,2,12.3,37,staircase1,no_load,0.0
25.468903,1.3707,wrist_flex,-37.5,-36.2791,-35.4309,-34.2773,1506,0,64,2,12.3,37,staircase1,no_load,0.0
25.479098,1.380895,wrist_flex,-37.5,-36.2791,-35.4309,-34.2773,1506,0,64,2,12.2,37,staircase1,no_load,0.0
25.489654,1.391451,wrist_flex,-37.5,-36.2791,-35.4309,-34.2773,1506,0,64,2,12.2,37,staircase1,no_load,0.0
25.499784,1.401581,wrist_flex,-37.5,-36.2791,-35.4309,-34.2773,1506,0,64,2,12.3,37,staircase1,no_load,0.0
25.510241,1.412038,wrist_flex,-37.5,-36.2791,-35.4309,-34.2773,1506,0,64,2,12.2,37,staircase1,no_load,0.0
25.521359,1.423156,wrist_flex,-37.5,-36.2791,-35.4309,-34.2773,1506,0,64,2,12.2,37,staircase1,no_load,0.0
25.531983,1.43378,wrist_flex,-37.5,-36.2791,-35.4309,-34.2773,1506,0,64,3,12.3,37,staircase1,no_load,0.0
25.542644,1.444442,wrist_flex,-37.5,-36.2791,-35.4309,-34.2773,1506,0,64,2,12.2,37,staircase1,no_load,0.0
25.553718,1.455515,wrist_flex,-37.5,-36.2791,-35.4309,-34.2773,1506,0,64,2,12.2,37,staircase1,no_load,0.0
25.564047,1.465844,wrist_flex,-37.5,-36.2791,-35.4309,-34.2773,1506,0,64,2,12.2,37,staircase1,no_load,0.0
25.574629,1.476426,wrist_flex,-37.5,-36.2791,-35.4309,-34.2773,1506,0,64,2,12.3,37,staircase1,no_load,0.0
25.584906,1.486703,wrist_flex,-37.5,-36.2791,-35.4309,-34.2773,1506,0,64,2,12.2,37,staircase1,no_load,0.0
25.595028,1.496825,wrist_flex,-37.5,-36.2791,-35.4309,-34.2773,1506,0,64,2,12.2,37,staircase1,no_load,0.0
25.605677,1.507474,wrist_flex,-37.5,-36.2791,-35.4309,-34.2773,1506,0,64,2,12.2,37,staircase1,no_load,0.0
25.615925,1.517722,wrist_flex,-37.5,-36.2791,-35.4309,-34.2773,1506,0,64,2,12.2,37,staircase1,no_load,0.0
25.627158,1.528955,wrist_flex,-37.5,-36.2791,-35.4309,-34.2773,1506,0,64,2,12.2,37,staircase1,no_load,0.0
25.638207,1.540004,wrist_flex,-37.5,-36.2791,-35.4309,-34.2773,1506,0,64,2,12.3,37,staircase1,no_load,0.0
25.648728,1.550525,wrist_flex,-37.5,-36.2791,-35.4309,-34.2773,1506,0,64,2,12.2,37,staircase1,no_load,0.0
25.659073,1.56087,wrist_flex,-37.5,-36.2791,-35.4309,-34.2773,1506,0,64,2,12.2,37,staircase1,no_load,0.0
25.669645,1.571442,wrist_flex,-37.5,-36.2791,-35.4309,-34.2773,1506,0,64,2,12.2,37,staircase1,no_load,0.0
25.680208,1.582005,wrist_flex,-37.5,-36.2791,-35.4309,-34.2773,1506,0,64,2,12.3,37,staircase1,no_load,0.0
25.690414,1.592211,wrist_flex,-37.5,-36.2791,-35.4309,-34.2773,1506,0,64,2,12.2,37,staircase1,no_load,0.0
25.702043,4e-06,wrist_flex,-50.0,-36.2791,-47.2412,-34.2773,1506,0,68,2,12.2,38,staircase1,no_load,0.0
25.713002,0.010963,wrist_flex,-50.0,-36.2791,-47.2412,-34.2773,1506,0,84,4,12.2,37,staircase1,no_load,0.0
25.723582,0.021543,wrist_flex,-50.0,-36.2791,-47.2412,-34.2773,1506,0,104,4,12.2,37,staircase1,no_load,0.0
25.734187,0.032147,wrist_flex,-50.0,-36.2791,-47.2412,-34.2773,1506,0,176,8,12.2,37,staircase1,no_load,0.0
25.744876,0.042837,wrist_flex,-50.0,-36.4651,-47.2412,-34.4531,1504,0,212,9,12.2,37,staircase1,no_load,-16.447
25.75504,0.053,wrist_flex,-50.0,-36.9302,-47.2412,-34.8926,1499,-150,256,12,12.2,37,staircase1,no_load,-43.241
25.765593,0.063554,wrist_flex,-50.0,-37.4884,-47.2412,-35.4199,1493,-500,300,14,12.2,37,staircase1,no_load,-49.967
25.775962,0.073922,wrist_flex,-50.0,-38.1395,-47.2412,-36.0352,1486,-500,364,20,12.2,37,staircase1,no_load,-59.34
25.786937,0.084897,wrist_flex,-50.0,-39.0698,-47.2412,-36.9141,1476,-850,392,19,12.2,37,staircase1,no_load,-80.082
25.797337,0.095298,wrist_flex,-50.0,-40.093,-47.2412,-37.8809,1465,-850,380,10,12.2,37,staircase1,no_load,-92.962
25.808235,0.106196,wrist_flex,-50.0,-41.2093,-47.2412,-38.9355,1453,-1050,380,4,12.2,37,staircase1,no_load,-96.77
25.818496,0.116457,wrist_flex,-50.0,-42.2326,-47.2412,-39.9023,1442,-1050,304,2,12.2,37,staircase1,no_load,-94.221
25.828657,0.126618,wrist_flex,-50.0,-43.2558,-47.2412,-40.8691,1431,-1150,284,0,12.3,37,staircase1,no_load,-95.148
25.839122,0.137083,wrist_flex,-50.0,-44.2791,-47.2412,-41.8359,1420,-1150,212,0,12.3,37,staircase1,no_load,-92.384
25.849433,0.147394,wrist_flex,-50.0,-45.0233,-47.2412,-42.5391,1412,-900,180,0,12.2,38,staircase1,no_load,-68.199
25.859936,0.157897,wrist_flex,-50.0,-45.7674,-47.2412,-43.2422,1404,-900,132,0,12.2,37,staircase1,no_load,-66.943
25.870239,0.168199,wrist_flex,-50.0,-46.2326,-47.2412,-43.6816,1399,-650,112,1,12.2,37,staircase1,no_load,-42.648
25.880672,0.178632,wrist_flex,-50.0,-46.6047,-47.2412,-44.0332,1395,-650,112,1,12.3,37,staircase1,no_load,-33.701
25.891027,0.188987,wrist_flex,-50.0,-46.9767,-47.2412,-44.3848,1391,-400,108,2,12.2,37,staircase1,no_load,-33.955
25.90132,0.199281,wrist_flex,-50.0,-47.2558,-47.2412,-44.6484,1388,-400,96,1,12.2,37,staircase1,no_load,-25.61
25.911525,0.209486,wrist_flex,-50.0,-47.6279,-47.2412,-45.0,1384,-350,92,2,12.2,37,staircase1,no_load,-34.454
25.921833,0.219793,wrist_flex,-50.0,-47.814,-47.2412,-45.1758,1382,-350,80,0,12.3,37,staircase1,no_load,-17.055
25.932049,0.230009,wrist_flex,-50.0,-48.0,-47.2412,-45.3516,1380,-250,80,1,12.2,37,staircase1,no_load,-17.208
25.942785,0.240746,wrist_flex,-50.0,-48.2791,-47.2412,-45.6152,1377,-250,72,1,12.2,37,staircase1,no_load,-24.553
25.953197,0.251158,wrist_flex,-50.0,-48.3721,-47.2412,-45.7031,1376,-200,64,1,12.2,37,staircase1,no_load,-8.442
25.963956,0.261917,wrist_flex,-50.0,-48.5581,-47.2412,-45.8789,1374,-150,60,1,12.2,37,staircase1,no_load,-16.34
25.974414,0.272374,wrist_flex,-50.0,-48.7442,-47.2412,-46.0547,1372,-150,56,1,12.2,37,staircase1,no_load,-16.81
25.984839,0.2828,wrist_flex,-50.0,-48.8372,-47.2412,-46.1426,1371,-150,52,1,12.3,37,staircase1,no_load,-8.432
25.995134,0.293094,wrist_flex,-50.0,-48.9302,-47.2412,-46.2305,1370,-150,48,1,12.2,37,staircase1,no_load,-8.538
26.005918,0.303878,wrist_flex,-50.0,-48.9302,-47.2412,-46.2305,1370,-50,48,1,12.2,37,staircase1,no_load,0.0
26.016631,0.314592,wrist_flex,-50.0,-49.0233,-47.2412,-46.3184,1369,-50,56,1,12.2,37,staircase1,no_load,-8.205
26.027155,0.325115,wrist_flex,-50.0,-49.1163,-47.2412,-46.4062,1368,-100,52,1,12.2,37,staircase1,no_load,-8.343
26.037567,0.335528,wrist_flex,-50.0,-49.1163,-47.2412,-46.4062,1368,-100,44,0,12.2,37,staircase1,no_load,0.0
26.048238,0.346199,wrist_flex,-50.0,-49.1163,-47.2412,-46.4062,1368,0,52,0,12.2,37,staircase1,no_load,0.0
26.058786,0.356747,wrist_flex,-50.0,-49.2093,-47.2412,-46.4941,1367,0,48,1,12.2,37,staircase1,no_load,-8.333
26.069472,0.367432,wrist_flex,-50.0,-49.3023,-47.2412,-46.582,1366,-100,36,1,12.2,37,staircase1,no_load,-8.226
26.080078,0.378039,wrist_flex,-50.0,-49.3023,-47.2412,-46.582,1366,-100,36,1,12.3,37,staircase1,no_load,0.0
26.090399,0.38836,wrist_flex,-50.0,-49.3023,-47.2412,-46.582,1366,0,44,1,12.3,37,staircase1,no_load,0.0
26.101034,0.398994,wrist_flex,-50.0,-49.3023,-47.2412,-46.582,1366,0,44,1,12.3,37,staircase1,no_load,0.0
26.111419,0.40938,wrist_flex,-50.0,-49.3023,-47.2412,-46.582,1366,0,44,1,12.2,37,staircase1,no_load,0.0
26.122519,0.420479,wrist_flex,-50.0,-49.3023,-47.2412,-46.582,1366,0,44,1,12.3,37,staircase1,no_load,0.0
26.132869,0.430829,wrist_flex,-50.0,-49.3023,-47.2412,-46.582,1366,0,44,1,12.2,37,staircase1,no_load,0.0
26.143501,0.441462,wrist_flex,-50.0,-49.3023,-47.2412,-46.582,1366,0,44,1,12.2,37,staircase1,no_load,0.0
26.154193,0.452153,wrist_flex,-50.0,-49.3023,-47.2412,-46.582,1366,0,44,0,12.3,37,staircase1,no_load,0.0
26.164618,0.462578,wrist_flex,-50.0,-49.3023,-47.2412,-46.582,1366,0,44,1,12.2,37,staircase1,no_load,0.0
26.175378,0.473339,wrist_flex,-50.0,-49.3023,-47.2412,-46.582,1366,0,44,1,12.2,37,staircase1,no_load,0.0
26.186345,0.484306,wrist_flex,-50.0,-49.3023,-47.2412,-46.582,1366,0,44,1,12.3,37,staircase1,no_load,0.0
26.197171,0.495132,wrist_flex,-50.0,-49.3023,-47.2412,-46.582,1366,0,44,1,12.2,37,staircase1,no_load,0.0
26.208278,0.506238,wrist_flex,-50.0,-49.3023,-47.2412,-46.582,1366,0,44,0,12.3,37,staircase1,no_load,0.0
26.2187,0.516661,wrist_flex,-50.0,-49.3023,-47.2412,-46.582,1366,0,44,1,12.3,37,staircase1,no_load,0.0
26.229396,0.527357,wrist_flex,-50.0,-49.3023,-47.2412,-46.582,1366,0,44,1,12.2,37,staircase1,no_load,0.0
26.239699,0.537659,wrist_flex,-50.0,-49.3023,-47.2412,-46.582,1366,0,44,0,12.3,37,staircase1,no_load,0.0
26.25019,0.548151,wrist_flex,-50.0,-49.3023,-47.2412,-46.582,1366,0,44,1,12.2,37,staircase1,no_load,0.0
26.260498,0.558458,wrist_flex,-50.0,-49.3023,-47.2412,-46.582,1366,0,44,1,12.2,37,staircase1,no_load,0.0
26.270756,0.568716,wrist_flex,-50.0,-49.3023,-47.2412,-46.582,1366,0,44,1,12.3,37,staircase1,no_load,0.0
26.28146,0.579421,wrist_flex,-50.0,-49.3023,-47.2412,-46.582,1366,0,44,1,12.2,37,staircase1,no_load,0.0
26.291779,0.58974,wrist_flex,-50.0,-49.3023,-47.2412,-46.582,1366,0,44,1,12.2,37,staircase1,no_load,0.0
26.302189,0.60015,wrist_flex,-50.0,-49.3023,-47.2412,-46.582,1366,0,44,1,12.3,37,staircase1,no_load,0.0
26.312689,0.610649,wrist_flex,-50.0,-49.3023,-47.2412,-46.582,1366,0,44,1,12.2,37,staircase1,no_load,0.0
26.323436,0.621397,wrist_flex,-50.0,-49.3023,-47.2412,-46.582,1366,0,44,1,12.2,37,staircase1,no_load,0.0
26.33372,0.631681,wrist_flex,-50.0,-49.3023,-47.2412,-46.582,1366,0,44,1,12.2,37,staircase1,no_load,0.0
26.344675,0.642636,wrist_flex,-50.0,-49.3023,-47.2412,-46.582,1366,0,44,1,12.2,37,staircase1,no_load,0.0
26.355044,0.653005,wrist_flex,-50.0,-49.3023,-47.2412,-46.582,1366,0,44,1,12.2,37,staircase1,no_load,0.0
26.365279,0.66324,wrist_flex,-50.0,-49.3023,-47.2412,-46.582,1366,0,44,1,11.8,37,staircase1,no_load,0.0
26.376008,0.673968,wrist_flex,-50.0,-49.3023,-47.2412,-46.582,1366,0,44,1,12.2,37,staircase1,no_load,0.0
26.387144,0.685104,wrist_flex,-50.0,-49.3023,-47.2412,-46.582,1366,0,44,1,12.2,37,staircase1,no_load,0.0
26.397627,0.695587,wrist_flex,-50.0,-49.3023,-47.2412,-46.582,1366,0,44,1,12.2,37,staircase1,no_load,0.0
26.408156,0.706116,wrist_flex,-50.0,-49.3023,-47.2412,-46.582,1366,0,44,1,12.2,37,staircase1,no_load,0.0
26.418751,0.716711,wrist_flex,-50.0,-49.3023,-47.2412,-46.582,1366,0,44,1,12.2,37,staircase1,no_load,0.0
26.429269,0.72723,wrist_flex,-50.0,-49.3023,-47.2412,-46.582,1366,0,44,1,12.2,37,staircase1,no_load,0.0
26.439871,0.737831,wrist_flex,-50.0,-49.3023,-47.2412,-46.582,1366,0,44,1,12.3,37,staircase1,no_load,0.0
26.450345,0.748305,wrist_flex,-50.0,-49.3023,-47.2412,-46.582,1366,0,44,0,12.2,37,staircase1,no_load,0.0
26.460595,0.758556,wrist_flex,-50.0,-49.3023,-47.2412,-46.582,1366,0,44,1,12.3,37,staircase1,no_load,0.0
26.471019,0.76898,wrist_flex,-50.0,-49.3023,-47.2412,-46.582,1366,0,44,0,12.2,37,staircase1,no_load,0.0
26.481191,0.779152,wrist_flex,-50.0,-49.3023,-47.2412,-46.582,1366,0,44,1,12.2,37,staircase1,no_load,0.0
26.491311,0.789271,wrist_flex,-50.0,-49.3023,-47.2412,-46.582,1366,0,44,1,12.2,37,staircase1,no_load,0.0
26.502344,0.800305,wrist_flex,-50.0,-49.3023,-47.2412,-46.582,1366,0,44,1,12.2,37,staircase1,no_load,0.0
26.512925,0.810885,wrist_flex,-50.0,-49.3023,-47.2412,-46.582,1366,0,44,1,12.3,37,staircase1,no_load,0.0
26.523308,0.821269,wrist_flex,-50.0,-49.3023,-47.2412,-46.582,1366,0,44,1,12.2,37,staircase1,no_load,0.0
26.533748,0.831709,wrist_flex,-50.0,-49.3023,-47.2412,-46.582,1366,0,44,0,12.3,37,staircase1,no_load,0.0
26.544217,0.842177,wrist_flex,-50.0,-49.3023,-47.2412,-46.582,1366,0,44,1,12.3,37,staircase1,no_load,0.0
26.554793,0.852754,wrist_flex,-50.0,-49.3023,-47.2412,-46.582,1366,0,44,1,12.2,37,staircase1,no_load,0.0
26.565471,0.863431,wrist_flex,-50.0,-49.3023,-47.2412,-46.582,1366,0,44,1,12.2,37,staircase1,no_load,0.0
26.575901,0.873861,wrist_flex,-50.0,-49.3023,-47.2412,-46.582,1366,0,44,0,12.3,37,staircase1,no_load,0.0
26.586114,0.884075,wrist_flex,-50.0,-49.3023,-47.2412,-46.582,1366,0,44,0,12.2,37,staircase1,no_load,0.0
26.596541,0.894502,wrist_flex,-50.0,-49.3023,-47.2412,-46.582,1366,0,44,1,12.2,37,staircase1,no_load,0.0
26.607393,0.905354,wrist_flex,-50.0,-49.3023,-47.2412,-46.582,1366,0,44,1,12.3,37,staircase1,no_load,0.0
26.617858,0.915819,wrist_flex,-50.0,-49.3023,-47.2412,-46.582,1366,0,44,1,12.2,37,staircase1,no_load,0.0
26.628249,0.926209,wrist_flex,-50.0,-49.3023,-47.2412,-46.582,1366,0,44,0,12.2,37,staircase1,no_load,0.0
26.639236,0.937197,wrist_flex,-50.0,-49.3023,-47.2412,-46.582,1366,0,44,1,12.3,37,staircase1,no_load,0.0
26.649926,0.947886,wrist_flex,-50.0,-49.3023,-47.2412,-46.582,1366,0,44,2,12.2,37,staircase1,no_load,0.0
26.660455,0.958415,wrist_flex,-50.0,-49.3023,-47.2412,-46.582,1366,0,44,1,12.2,37,staircase1,no_load,0.0
26.670716,0.968677,wrist_flex,-50.0,-49.3023,-47.2412,-46.582,1366,0,44,1,12.2,37,staircase1,no_load,0.0
26.682065,0.980025,wrist_flex,-50.0,-49.3023,-47.2412,-46.582,1366,0,44,1,12.2,37,staircase1,no_load,0.0
26.692412,0.990372,wrist_flex,-50.0,-49.3023,-47.2412,-46.582,1366,0,44,1,12.3,37,staircase1,no_load,0.0
26.702872,1.000833,wrist_flex,-50.0,-49.3023,-47.2412,-46.582,1366,0,44,0,12.3,37,staircase1,no_load,0.0
26.713444,1.011404,wrist_flex,-50.0,-49.3023,-47.2412,-46.582,1366,0,44,0,12.2,37,staircase1,no_load,0.0
26.72442,1.02238,wrist_flex,-50.0,-49.3023,-47.2412,-46.582,1366,0,44,1,12.2,37,staircase1,no_load,0.0
26.734926,1.032886,wrist_flex,-50.0,-49.3023,-47.2412,-46.582,1366,0,44,1,12.3,37,staircase1,no_load,0.0
26.745818,1.043779,wrist_flex,-50.0,-49.3023,-47.2412,-46.582,1366,0,44,0,12.2,37,staircase1,no_load,0.0
26.75696,1.054921,wrist_flex,-50.0,-49.3023,-47.2412,-46.582,1366,0,44,1,12.3,37,staircase1,no_load,0.0
26.767585,1.065546,wrist_flex,-50.0,-49.3023,-47.2412,-46.582,1366,0,44,1,12.2,37,staircase1,no_load,0.0
26.777745,1.075705,wrist_flex,-50.0,-49.3023,-47.2412,-46.582,1366,0,44,1,12.2,37,staircase1,no_load,0.0
26.788403,1.086363,wrist_flex,-50.0,-49.3023,-47.2412,-46.582,1366,0,44,1,12.2,37,staircase1,no_load,0.0
26.798828,1.096789,wrist_flex,-50.0,-49.3023,-47.2412,-46.582,1366,0,44,1,12.2,37,staircase1,no_load,0.0
26.809156,1.107116,wrist_flex,-50.0,-49.3023,-47.2412,-46.582,1366,0,44,1,12.2,37,staircase1,no_load,0.0
26.81941,1.11737,wrist_flex,-50.0,-49.3023,-47.2412,-46.582,1366,0,44,1,12.2,37,staircase1,no_load,0.0
26.829851,1.127811,wrist_flex,-50.0,-49.3023,-47.2412,-46.582,1366,0,44,0,12.3,37,staircase1,no_load,0.0
26.84048,1.13844,wrist_flex,-50.0,-49.3023,-47.2412,-46.582,1366,0,44,0,12.3,37,staircase1,no_load,0.0
26.850904,1.148864,wrist_flex,-50.0,-49.3023,-47.2412,-46.582,1366,0,44,0,12.3,37,staircase1,no_load,0.0
26.861118,1.159078,wrist_flex,-50.0,-49.3023,-47.2412,-46.582,1366,0,44,1,12.3,37,staircase1,no_load,0.0
26.871415,1.169376,wrist_flex,-50.0,-49.3023,-47.2412,-46.582,1366,0,44,1,12.2,37,staircase1,no_load,0.0
26.882113,1.180073,wrist_flex,-50.0,-49.3023,-47.2412,-46.582,1366,0,44,1,12.2,37,staircase1,no_load,0.0
26.892916,1.190876,wrist_flex,-50.0,-49.3023,-47.2412,-46.582,1366,0,44,1,12.2,37,staircase1,no_load,0.0
26.903422,1.201383,wrist_flex,-50.0,-49.3023,-47.2412,-46.582,1366,0,44,1,12.2,37,staircase1,no_load,0.0
26.913805,1.211765,wrist_flex,-50.0,-49.3023,-47.2412,-46.582,1366,0,44,1,12.2,37,staircase1,no_load,0.0
26.923994,1.221955,wrist_flex,-50.0,-49.3023,-47.2412,-46.582,1366,0,44,1,12.2,37,staircase1,no_load,0.0
26.934543,1.232503,wrist_flex,-50.0,-49.3023,-47.2412,-46.582,1366,0,44,1,12.2,37,staircase1,no_load,0.0
26.944847,1.242808,wrist_flex,-50.0,-49.3023,-47.2412,-46.582,1366,0,44,1,12.2,37,staircase1,no_load,0.0
26.955116,1.253077,wrist_flex,-50.0,-49.3023,-47.2412,-46.582,1366,0,44,1,12.2,37,staircase1,no_load,0.0
26.965863,1.263823,wrist_flex,-50.0,-49.3023,-47.2412,-46.582,1366,0,44,1,12.2,37,staircase1,no_load,0.0
26.976373,1.274333,wrist_flex,-50.0,-49.3023,-47.2412,-46.582,1366,0,44,1,12.2,37,staircase1,no_load,0.0
26.986709,1.28467,wrist_flex,-50.0,-49.3023,-47.2412,-46.582,1366,0,44,1,12.2,37,staircase1,no_load,0.0
26.997155,1.295115,wrist_flex,-50.0,-49.3023,-47.2412,-46.582,1366,0,44,1,12.3,37,staircase1,no_load,0.0
27.007723,1.305684,wrist_flex,-50.0,-49.3023,-47.2412,-46.582,1366,0,44,1,12.2,37,staircase1,no_load,0.0
27.018447,1.316408,wrist_flex,-50.0,-49.3023,-47.2412,-46.582,1366,0,44,1,12.2,37,staircase1,no_load,0.0
27.029076,1.327036,wrist_flex,-50.0,-49.3023,-47.2412,-46.582,1366,0,44,1,12.2,37,staircase1,no_load,0.0
27.039628,1.337588,wrist_flex,-50.0,-49.3023,-47.2412,-46.582,1366,0,44,1,12.2,37,staircase1,no_load,0.0
27.050308,1.348269,wrist_flex,-50.0,-49.3023,-47.2412,-46.582,1366,0,44,1,12.2,37,staircase1,no_load,0.0
27.061006,1.358966,wrist_flex,-50.0,-49.3023,-47.2412,-46.582,1366,0,44,1,12.2,37,staircase1,no_load,0.0
27.071328,1.369288,wrist_flex,-50.0,-49.3023,-47.2412,-46.582,1366,0,44,1,12.3,37,staircase1,no_load,0.0
27.081735,1.379696,wrist_flex,-50.0,-49.3023,-47.2412,-46.582,1366,0,44,0,12.2,37,staircase1,no_load,0.0
27.092002,1.389962,wrist_flex,-50.0,-49.3023,-47.2412,-46.582,1366,0,44,1,12.2,37,staircase1,no_load,0.0
27.102347,1.400308,wrist_flex,-50.0,-49.3023,-47.2412,-46.582,1366,0,44,1,12.1,37,staircase1,no_load,0.0
27.112764,1.410724,wrist_flex,-50.0,-49.3023,-47.2412,-46.582,1366,0,44,0,12.2,37,staircase1,no_load,0.0
27.123313,1.421273,wrist_flex,-50.0,-49.3023,-47.2412,-46.582,1366,0,44,1,12.2,37,staircase1,no_load,0.0
27.133522,1.431483,wrist_flex,-50.0,-49.3023,-47.2412,-46.582,1366,0,44,1,12.2,37,staircase1,no_load,0.0
27.143873,1.441834,wrist_flex,-50.0,-49.3023,-47.2412,-46.582,1366,0,44,1,12.2,37,staircase1,no_load,0.0
27.154133,1.452094,wrist_flex,-50.0,-49.3023,-47.2412,-46.582,1366,0,44,1,12.3,37,staircase1,no_load,0.0
27.164891,1.462851,wrist_flex,-50.0,-49.3023,-47.2412,-46.582,1366,0,44,1,12.2,37,staircase1,no_load,0.0
27.175532,1.473493,wrist_flex,-50.0,-49.3023,-47.2412,-46.582,1366,0,44,1,12.3,37,staircase1,no_load,0.0
27.186455,1.484416,wrist_flex,-50.0,-49.3023,-47.2412,-46.582,1366,0,44,1,12.2,37,staircase1,no_load,0.0
27.196756,1.494716,wrist_flex,-50.0,-49.3023,-47.2412,-46.582,1366,0,44,0,12.2,37,staircase1,no_load,0.0
27.207042,1.505002,wrist_flex,-50.0,-49.3023,-47.2412,-46.582,1366,0,44,1,12.2,37,staircase1,no_load,0.0
27.217363,1.515324,wrist_flex,-50.0,-49.3023,-47.2412,-46.582,1366,0,44,1,12.2,37,staircase1,no_load,0.0
27.227736,1.525696,wrist_flex,-50.0,-49.3023,-47.2412,-46.582,1366,0,44,1,12.2,37,staircase1,no_load,0.0
27.238321,1.536282,wrist_flex,-50.0,-49.3023,-47.2412,-46.582,1366,0,44,1,12.2,37,staircase1,no_load,0.0
27.248658,1.546619,wrist_flex,-50.0,-49.3023,-47.2412,-46.582,1366,0,44,1,12.2,37,staircase1,no_load,0.0
27.259313,1.557274,wrist_flex,-50.0,-49.3023,-47.2412,-46.582,1366,0,44,1,12.2,37,staircase1,no_load,0.0
27.269654,1.567614,wrist_flex,-50.0,-49.3023,-47.2412,-46.582,1366,0,44,1,12.3,37,staircase1,no_load,0.0
27.280107,1.578068,wrist_flex,-50.0,-49.3023,-47.2412,-46.582,1366,0,44,1,12.2,37,staircase1,no_load,0.0
27.290681,1.588641,wrist_flex,-50.0,-49.3023,-47.2412,-46.582,1366,0,44,2,12.2,37,staircase1,no_load,0.0
27.300792,1.598752,wrist_flex,-50.0,-49.3023,-47.2412,-46.582,1366,0,44,1,12.2,37,staircase1,no_load,0.0
