time,time_since_command,joint_name,commanded_norm,actual_norm,commanded_deg,actual_deg,raw_ticks,speed_raw,load_raw,current_raw,voltage,temperature,experiment_id,load_condition,measured_vel_deg_s
0.000863,3e-06,wrist_flex,0.0,1.2093,0.0,1.1426,1909,0,64,2,12.2,37,step_10,no_load,0.0
0.011551,0.010691,wrist_flex,0.0,1.2093,0.0,1.1426,1909,0,64,2,12.2,37,step_10,no_load,0.0
0.021793,0.020934,wrist_flex,0.0,1.2093,0.0,1.1426,1909,0,64,2,12.3,37,step_10,no_load,0.0
0.032221,0.031361,wrist_flex,0.0,1.2093,0.0,1.1426,1909,0,64,2,12.3,37,step_10,no_load,0.0
0.042814,0.041954,wrist_flex,0.0,1.2093,0.0,1.1426,1909,0,64,2,12.2,37,step_10,no_load,0.0
0.053366,0.052506,wrist_flex,0.0,1.2093,0.0,1.1426,1909,0,64,3,12.2,37,step_10,no_load,0.0
0.063617,0.062757,wrist_flex,0.0,1.2093,0.0,1.1426,1909,0,64,2,12.3,38,step_10,no_load,0.0
0.074096,0.073237,wrist_flex,0.0,1.2093,0.0,1.1426,1909,0,64,2,12.2,37,step_10,no_load,0.0
0.08553,0.08467,wrist_flex,0.0,1.2093,0.0,1.1426,1909,0,64,2,12.2,37,step_10,no_load,0.0
0.095929,0.09507,wrist_flex,0.0,1.2093,0.0,1.1426,1909,0,64,2,12.2,37,step_10,no_load,0.0
0.106206,0.105347,wrist_flex,0.0,1.2093,0.0,1.1426,1909,0,64,2,12.3,37,step_10,no_load,0.0
0.116635,0.115776,wrist_flex,0.0,1.2093,0.0,1.1426,1909,0,64,3,12.3,37,step_10,no_load,0.0
0.127259,0.126399,wrist_flex,0.0,1.2093,0.0,1.1426,1909,0,64,2,12.2,37,step_10,no_load,0.0
0.138289,0.13743,wrist_flex,0.0,1.2093,0.0,1.1426,1909,0,64,1,12.2,38,step_10,no_load,0.0
0.148708,0.147849,wrist_flex,0.0,1.2093,0.0,1.1426,1909,0,64,2,12.2,37,step_10,no_load,0.0
0.159068,0.158209,wrist_flex,0.0,1.2093,0.0,1.1426,1909,0,64,2,12.2,37,step_10,no_load,0.0
0.169482,0.168622,wrist_flex,0.0,1.2093,0.0,1.1426,1909,0,64,2,12.2,37,step_10,no_load,0.0
0.179878,0.179019,wrist_flex,0.0,1.2093,0.0,1.1426,1909,0,64,2,12.2,37,step_10,no_load,0.0
0.190111,0.189251,wrist_flex,0.0,1.2093,0.0,1.1426,1909,0,64,2,12.2,37,step_10,no_load,0.0
0.200548,0.199689,wrist_flex,0.0,1.2093,0.0,1.1426,1909,0,64,2,12.2,37,step_10,no_load,0.0
0.211082,0.210223,wrist_flex,0.0,1.2093,0.0,1.1426,1909,0,64,2,12.2,37,step_10,no_load,0.0
0.221445,0.220585,wrist_flex,0.0,1.2093,0.0,1.1426,1909,0,64,2,12.2,37,step_10,no_load,0.0
0.23185,0.230991,wrist_flex,0.0,1.2093,0.0,1.1426,1909,0,64,2,12.2,37,step_10,no_load,0.0
0.242669,0.241809,wrist_flex,0.0,1.2093,0.0,1.1426,1909,0,64,2,12.2,37,step_10,no_load,0.0
0.252969,0.25211,wrist_flex,0.0,1.2093,0.0,1.1426,1909,0,64,2,12.2,37,step_10,no_load,0.0
0.26329,0.262431,wrist_flex,0.0,1.2093,0.0,1.1426,1909,0,64,2,12.2,37,step_10,no_load,0.0
0.273624,0.272764,wrist_flex,0.0,1.2093,0.0,1.1426,1909,0,64,2,12.2,38,step_10,no_load,0.0
0.283833,0.282973,wrist_flex,0.0,1.2093,0.0,1.1426,1909,0,64,2,12.2,37,step_10,no_load,0.0
0.294355,0.293495,wrist_flex,0.0,1.2093,0.0,1.1426,1909,0,64,2,12.3,37,step_10,no_load,0.0
0.305494,0.304635,wrist_flex,0.0,1.2093,0.0,1.1426,1909,0,64,2,12.2,37,step_10,no_load,0.0
0.315836,0.314977,wrist_flex,0.0,1.2093,0.0,1.1426,1909,0,64,2,12.3,37,step_10,no_load,0.0
0.325969,0.325109,wrist_flex,0.0,1.2093,0.0,1.1426,1909,0,64,2,12.3,37,step_10,no_load,0.0
0.336884,0.336025,wrist_flex,0.0,1.2093,0.0,1.1426,1909,0,64,2,12.2,37,step_10,no_load,0.0
0.347723,0.346864,wrist_flex,0.0,1.2093,0.0,1.1426,1909,0,64,1,12.3,37,step_10,no_load,0.0
0.35798,0.357121,wrist_flex,0.0,1.2093,0.0,1.1426,1909,0,64,2,12.2,37,step_10,no_load,0.0
0.368556,0.367697,wrist_flex,0.0,1.2093,0.0,1.1426,1909,0,64,2,12.2,37,step_10,no_load,0.0
0.378913,0.378054,wrist_flex,0.0,1.2093,0.0,1.1426,1909,0,64,2,12.2,37,step_10,no_load,0.0
0.389465,0.388606,wrist_flex,0.0,1.2093,0.0,1.1426,1909,0,64,2,12.3,37,step_10,no_load,0.0
0.399879,0.399019,wrist_flex,0.0,1.2093,0.0,1.1426,1909,0,64,2,12.2,37,step_10,no_load,0.0
0.410386,0.409526,wrist_flex,0.0,1.2093,0.0,1.1426,1909,0,64,2,12.2,37,step_10,no_load,0.0
0.420945,0.420085,wrist_flex,0.0,1.2093,0.0,1.1426,1909,0,64,2,12.2,37,step_10,no_load,0.0
0.431345,0.430485,wrist_flex,0.0,1.2093,0.0,1.1426,1909,0,64,2,12.2,37,step_10,no_load,0.0
0.441717,0.440858,wrist_flex,0.0,1.2093,0.0,1.1426,1909,0,64,2,12.2,37,step_10,no_load,0.0
0.452472,0.451613,wrist_flex,0.0,1.2093,0.0,1.1426,1909,0,64,2,12.2,37,step_10,no_load,0.0
0.462898,0.462039,wrist_flex,0.0,1.2093,0.0,1.1426,1909,0,64,2,12.2,37,step_10,no_load,0.0
0.47358,0.472721,wrist_flex,0.0,1.2093,0.0,1.1426,1909,0,64,2,12.2,37,step_10,no_load,0.0
0.483808,0.482948,wrist_flex,0.0,1.2093,0.0,1.1426,1909,0,64,2,12.2,37,step_10,no_load,0.0
0.493998,0.493139,wrist_flex,0.0,1.2093,0.0,1.1426,1909,0,64,1,12.2,37,step_10,no_load,0.0
0.504641,0.503781,wrist_flex,0.0,1.2093,0.0,1.1426,1909,0,64,2,12.2,37,step_10,no_load,0.0
0.515266,0.514406,wrist_flex,0.0,1.2093,0.0,1.1426,1909,0,64,1,12.3,37,step_10,no_load,0.0
0.525613,0.524754,wrist_flex,0.0,1.2093,0.0,1.1426,1909,0,64,2,12.2,37,step_10,no_load,0.0
0.535812,0.534953,wrist_flex,0.0,1.2093,0.0,1.1426,1909,0,64,2,12.3,37,step_10,no_load,0.0
0.546442,0.545583,wrist_flex,0.0,1.2093,0.0,1.1426,1909,0,64,2,12.3,37,step_10,no_load,0.0
0.557045,0.556185,wrist_flex,0.0,1.2093,0.0,1.1426,1909,0,64,2,12.2,37,step_10,no_load,0.0
0.567858,0.566999,wrist_flex,0.0,1.2093,0.0,1.1426,1909,0,64,2,12.2,37,step_10,no_load,0.0
0.57838,0.57752,wrist_flex,0.0,1.2093,0.0,1.1426,1909,0,64,2,12.3,37,step_10,no_load,0.0
0.588933,0.588074,wrist_flex,0.0,1.2093,0.0,1.1426,1909,0,64,2,12.2,37,step_10,no_load,0.0
0.599532,0.598672,wrist_flex,0.0,1.2093,0.0,1.1426,1909,0,64,2,12.2,37,step_10,no_load,0.0
0.610108,0.609249,wrist_flex,0.0,1.2093,0.0,1.1426,1909,0,64,2,12.2,37,step_10,no_load,0.0
0.620263,0.619404,wrist_flex,0.0,1.2093,0.0,1.1426,1909,0,64,2,12.2,37,step_10,no_load,0.0
0.630453,0.629593,wrist_flex,0.0,1.2093,0.0,1.1426,1909,0,64,2,12.2,38,step_10,no_load,0.0
0.641096,0.640237,wrist_flex,0.0,1.2093,0.0,1.1426,1909,0,64,2,12.2,37,step_10,no_load,0.0
0.651361,0.650501,wrist_flex,0.0,1.2093,0.0,1.1426,1909,0,64,2,12.2,37,step_10,no_load,0.0
0.661608,0.660748,wrist_flex,0.0,1.2093,0.0,1.1426,1909,0,64,2,12.2,37,step_10,no_load,0.0
0.67187,0.671011,wrist_flex,0.0,1.2093,0.0,1.1426,1909,0,64,2,12.2,37,step_10,no_load,0.0
0.682397,0.681538,wrist_flex,0.0,1.2093,0.0,1.1426,1909,0,64,2,12.3,37,step_10,no_load,0.0
0.693464,0.692604,wrist_flex,0.0,1.2093,0.0,1.1426,1909,0,64,2,12.2,37,step_10,no_load,0.0
0.703815,0.702955,wrist_flex,0.0,1.2093,0.0,1.1426,1909,0,64,2,12.2,37,step_10,no_load,0.0
0.714185,0.713326,wrist_flex,0.0,1.2093,0.0,1.1426,1909,0,64,2,12.2,37,step_10,no_load,0.0
0.724419,0.723559,wrist_flex,0.0,1.2093,0.0,1.1426,1909,0,64,2,12.2,37,step_10,no_load,0.0
0.734674,0.733815,wrist_flex,0.0,1.2093,0.0,1.1426,1909,0,64,2,12.2,37,step_10,no_load,0.0
0.745217,0.744358,wrist_flex,0.0,1.2093,0.0,1.1426,1909,0,64,2,12.2,37,step_10,no_load,0.0
0.755449,0.754589,wrist_flex,0.0,1.2093,0.0,1.1426,1909,0,64,2,12.3,37,step_10,no_load,0.0
0.76611,0.765251,wrist_flex,0.0,1.2093,0.0,1.1426,1909,0,64,2,12.2,37,step_10,no_load,0.0
0.776705,0.775846,wrist_flex,0.0,1.2093,0.0,1.1426,1909,0,64,2,12.2,37,step_10,no_load,0.0
0.787058,0.786199,wrist_flex,0.0,1.2093,0.0,1.1426,1909,0,64,2,12.2,37,step_10,no_load,0.0
0.79775,0.79689,wrist_flex,0.0,1.2093,0.0,1.1426,1909,0,64,2,12.2,37,step_10,no_load,0.0
0.808188,0.807329,wrist_flex,0.0,1.2093,0.0,1.1426,1909,0,64,2,12.2,36,step_10,no_load,0.0
0.818314,0.817455,wrist_flex,0.0,1.2093,0.0,1.1426,1909,0,64,2,12.2,37,step_10,no_load,0.0
0.828623,0.827763,wrist_flex,0.0,1.2093,0.0,1.1426,1909,0,64,2,12.2,37,step_10,no_load,0.0
0.838802,0.837943,wrist_flex,0.0,1.2093,0.0,1.1426,1909,0,64,2,12.2,37,step_10,no_load,0.0
0.848954,0.848095,wrist_flex,0.0,1.2093,0.0,1.1426,1909,0,64,1,12.2,37,step_10,no_load,0.0
0.859574,0.858715,wrist_flex,0.0,1.2093,0.0,1.1426,1909,0,64,2,12.2,37,step_10,no_load,0.0
0.870335,0.869476,wrist_flex,0.0,1.2093,0.0,1.1426,1909,0,64,2,12.3,37,step_10,no_load,0.0
0.88082,0.87996,wrist_flex,0.0,1.2093,0.0,1.1426,1909,0,64,2,12.2,37,step_10,no_load,0.0
0.890905,0.890046,wrist_flex,0.0,1.2093,0.0,1.1426,1909,0,64,2,12.2,37,step_10,no_load,0.0
0.901152,0.900293,wrist_flex,0.0,1.2093,0.0,1.1426,1909,0,64,2,12.2,37,step_10,no_load,0.0
0.911545,0.910686,wrist_flex,0.0,1.2093,0.0,1.1426,1909,0,64,2,12.3,37,step_10,no_load,0.0
0.921786,0.920926,wrist_flex,0.0,1.2093,0.0,1.1426,1909,0,64,1,12.3,37,step_10,no_load,0.0
0.93186,0.931001,wrist_flex,0.0,1.2093,0.0,1.1426,1909,0,64,2,12.2,37,step_10,no_load,0.0
0.94275,0.94189,wrist_flex,0.0,1.2093,0.0,1.1426,1909,0,64,2,12.3,37,step_10,no_load,0.0
0.952893,0.952034,wrist_flex,0.0,1.2093,0.0,1.1426,1909,0,64,2,12.3,37,step_10,no_load,0.0
0.963003,0.962144,wrist_flex,0.0,1.2093,0.0,1.1426,1909,0,64,2,12.2,37,step_10,no_load,0.0
0.973756,0.972897,wrist_flex,0.0,1.2093,0.0,1.1426,1909,0,64,2,12.2,37,step_10,no_load,0.0
0.984229,0.983369,wrist_flex,0.0,1.2093,0.0,1.1426,1909,0,64,2,12.2,37,step_10,no_load,0.0
0.994325,0.993466,wrist_flex,0.0,1.2093,0.0,1.1426,1909,0,64,2,12.2,37,step_10,no_load,0.0
1.005225,1.004366,wrist_flex,0.0,1.2093,0.0,1.1426,1909,0,64,2,12.2,37,step_10,no_load,0.0
1.015274,1.014415,wrist_flex,0.0,1.2093,0.0,1.1426,1909,0,64,2,12.3,37,step_10,no_load,0.0
1.025764,1.024904,wrist_flex,0.0,1.2093,0.0,1.1426,1909,0,64,2,12.2,37,step_10,no_load,0.0
1.036758,1.035898,wrist_flex,0.0,1.2093,0.0,1.1426,1909,0,64,2,12.2,37,step_10,no_load,0.0
1.047289,1.046429,wrist_flex,0.0,1.2093,0.0,1.1426,1909,0,64,2,12.2,37,step_10,no_load,0.0
1.05801,1.057151,wrist_flex,0.0,1.2093,0.0,1.1426,1909,0,64,2,12.2,37,step_10,no_load,0.0
1.068215,1.067356,wrist_flex,0.0,1.2093,0.0,1.1426,1909,0,64,2,12.2,37,step_10,no_load,0.0
1.078523,1.077663,wrist_flex,0.0,1.2093,0.0,1.1426,1909,0,64,2,12.3,37,step_10,no_load,0.0
1.088657,1.087798,wrist_flex,0.0,1.2093,0.0,1.1426,1909,0,64,2,12.2,38,step_10,no_load,0.0
1.098924,1.098065,wrist_flex,0.0,1.2093,0.0,1.1426,1909,0,64,2,12.3,37,step_10,no_load,0.0
1.109223,1.108363,wrist_flex,0.0,1.2093,0.0,1.1426,1909,0,64,2,12.3,37,step_10,no_load,0.0
1.119446,1.118587,wrist_flex,0.0,1.2093,0.0,1.1426,1909,0,64,2,12.2,37,step_10,no_load,0.0
1.129852,1.128993,wrist_flex,0.0,1.2093,0.0,1.1426,1909,0,64,3,12.2,37,step_10,no_load,0.0
1.140428,1.139569,wrist_flex,0.0,1.2093,0.0,1.1426,1909,0,64,2,12.2,37,step_10,no_load,0.0
1.151195,1.150336,wrist_flex,0.0,1.2093,0.0,1.1426,1909,0,64,2,12.2,37,step_10,no_load,0.0
1.161334,1.160475,wrist_flex,0.0,1.2093,0.0,1.1426,1909,0,64,2,12.3,37,step_10,no_load,0.0
1.171829,1.170969,wrist_flex,0.0,1.2093,0.0,1.1426,1909,0,64,2,12.2,37,step_10,no_load,0.0
1.182668,1.181808,wrist_flex,0.0,1.2093,0.0,1.1426,1909,0,64,2,12.2,37,step_10,no_load,0.0
1.193092,1.192232,wrist_flex,0.0,1.2093,0.0,1.1426,1909,0,64,2,12.3,37,step_10,no_load,0.0
1.203929,2e-06,wrist_flex,10.0,1.2093,9.4482,1.1426,1909,0,64,2,12.2,37,step_10,no_load,0.0
1.214165,0.010238,wrist_flex,10.0,1.2093,9.4482,1.1426,1909,0,60,1,12.2,37,step_10,no_load,0.0
1.224328,0.020401,wrist_flex,10.0,1.2093,9.4482,1.1426,1909,0,24,0,12.2,37,step_10,no_load,0.0
1.234505,0.030579,wrist_flex,10.0,1.2093,9.4482,1.1426,1909,0,1056,0,12.2,37,step_10,no_load,0.0
1.244721,0.040794,wrist_flex,10.0,1.2093,9.4482,1.1426,1909,0,1128,4,12.2,37,step_10,no_load,0.0
1.255565,0.051638,wrist_flex,10.0,1.3953,9.4482,1.3184,1911,100,1172,6,12.2,37,step_10,no_load,16.212
1.266255,0.062328,wrist_flex,10.0,1.6744,9.4482,1.582,1914,100,1260,11,12.1,37,step_10,no_load,24.659
1.276719,0.072792,wrist_flex,10.0,2.2326,9.4482,2.1094,1920,450,1300,10,12.2,37,step_10,no_load,50.401
1.287196,0.083269,wrist_flex,10.0,2.9767,9.4482,2.8125,1928,450,1320,7,12.2,37,step_10,no_load,67.109
1.297729,0.093802,wrist_flex,10.0,3.814,9.4482,3.6035,1937,750,1324,0,12.2,37,step_10,no_load,75.097
1.308137,0.10421,wrist_flex,10.0,4.8372,9.4482,4.5703,1948,750,1256,0,12.3,37,step_10,no_load,92.89
1.318517,0.11459,wrist_flex,10.0,5.6744,9.4482,5.3613,1957,950,1240,0,12.2,37,step_10,no_load,76.204
1.328629,0.124702,wrist_flex,10.0,6.4186,9.4482,6.0645,1965,950,1156,0,12.2,45,step_10,no_load,69.541
1.339226,0.135299,wrist_flex,10.0,7.1628,9.4482,6.7676,1973,800,1096,0,12.2,37,step_10,no_load,66.349
1.349666,0.145739,wrist_flex,10.0,7.6279,9.4482,7.207,1978,800,1076,0,12.2,37,step_10,no_load,42.088
1.360252,0.156325,wrist_flex,10.0,8.093,9.4482,7.6465,1983,550,1084,0,12.3,37,step_10,no_load,41.517
1.370342,0.166415,wrist_flex,10.0,8.2791,9.4482,7.8223,1985,550,1072,0,12.3,37,step_10,no_load,17.423
1.380905,0.176978,wrist_flex,10.0,8.5581,9.4482,8.0859,1988,300,1076,0,12.3,37,step_10,no_load,24.955
1.391095,0.187168,wrist_flex,10.0,8.7442,9.4482,8.2617,1990,300,1072,0,12.2,37,step_10,no_load,17.252
1.401709,0.197782,wrist_flex,10.0,8.9302,9.4482,8.4375,1992,200,1068,0,12.3,37,step_10,no_load,16.563
1.412448,0.208521,wrist_flex,10.0,9.1163,9.4482,8.6133,1994,200,1060,0,12.2,37,step_10,no_load,16.37
1.423176,0.219249,wrist_flex,10.0,9.3023,9.4482,8.7891,1996,150,1056,0,12.2,37,step_10,no_load,16.387
1.433819,0.229892,wrist_flex,10.0,9.3953,9.4482,8.877,1997,150,1052,0,12.2,37,step_10,no_load,8.259
1.444327,0.240401,wrist_flex,10.0,9.4884,9.4482,8.9648,1998,150,1052,0,12.2,37,step_10,no_load,8.356
1.455027,0.2511,wrist_flex,10.0,9.5814,9.4482,9.0527,1999,100,1048,0,12.2,37,step_10,no_load,8.215
1.46566,0.261733,wrist_flex,10.0,9.6744,9.4482,9.1406,2000,100,0,0,12.2,37,step_10,no_load,8.267
1.476322,0.272396,wrist_flex,10.0,9.7674,9.4482,9.2285,2001,100,20,0,12.3,37,step_10,no_load,8.244
1.487034,0.283108,wrist_flex,10.0,9.7674,9.4482,9.2285,2001,100,1044,0,12.2,37,step_10,no_load,0.0
1.497943,0.294017,wrist_flex,10.0,9.7674,9.4482,9.2285,2001,0,1048,0,12.2,37,step_10,no_load,0.0
1.508516,0.304589,wrist_flex,10.0,9.7674,9.4482,9.2285,2001,0,1048,0,12.3,37,step_10,no_load,0.0
1.518723,0.314797,wrist_flex,10.0,9.7674,9.4482,9.2285,2001,0,1048,0,12.2,37,step_10,no_load,0.0
1.528911,0.324984,wrist_flex,10.0,9.7674,9.4482,9.2285,2001,0,1048,0,12.2,37,step_10,no_load,0.0
1.53938,0.335453,wrist_flex,10.0,9.7674,9.4482,9.2285,2001,0,1048,0,12.2,37,step_10,no_load,0.0
1.550269,0.346342,wrist_flex,10.0,9.7674,9.4482,9.2285,2001,0,1048,0,12.3,37,step_10,no_load,0.0
1.560638,0.356712,wrist_flex,10.0,9.7674,9.4482,9.2285,2001,0,1048,0,12.3,37,step_10,no_load,0.0
1.571251,0.367324,wrist_flex,10.0,9.7674,9.4482,9.2285,2001,0,1048,0,12.2,37,step_10,no_load,0.0
1.581752,0.377825,wrist_flex,10.0,9.7674,9.4482,9.2285,2001,0,1048,1,12.2,37,step_10,no_load,0.0
1.592136,0.388209,wrist_flex,10.0,9.7674,9.4482,9.2285,2001,0,1048,0,12.3,37,step_10,no_load,0.0
1.602495,0.398568,wrist_flex,10.0,9.7674,9.4482,9.2285,2001,0,1048,0,12.2,37,step_10,no_load,0.0
1.612929,0.409002,wrist_flex,10.0,9.7674,9.4482,9.2285,2001,0,1048,0,12.2,37,step_10,no_load,0.0
1.623213,0.419286,wrist_flex,10.0,9.7674,9.4482,9.2285,2001,0,1048,0,12.2,37,step_10,no_load,0.0
1.633918,0.429991,wrist_flex,10.0,9.7674,9.4482,9.2285,2001,0,1048,0,12.2,37,step_10,no_load,0.0
1.644504,0.440577,wrist_flex,10.0,9.7674,9.4482,9.2285,2001,0,1048,0,12.2,37,step_10,no_load,0.0
1.654858,0.450931,wrist_flex,10.0,9.7674,9.4482,9.2285,2001,0,1048,0,12.2,37,step_10,no_load,0.0
1.665215,0.461288,wrist_flex,10.0,9.7674,9.4482,9.2285,2001,0,1048,1,12.2,37,step_10,no_load,0.0
1.675975,0.472048,wrist_flex,10.0,9.7674,9.4482,9.2285,2001,0,1048,0,12.2,37,step_10,no_load,0.0
1.686424,0.482497,wrist_flex,10.0,9.7674,9.4482,9.2285,2001,0,1048,0,12.2,37,step_10,no_load,0.0
1.696802,0.492875,wrist_flex,10.0,9.7674,9.4482,9.2285,2001,0,1048,1,12.2,37,step_10,no_load,0.0
1.706935,0.503008,wrist_flex,10.0,9.7674,9.4482,9.2285,2001,0,1048,0,12.2,37,step_10,no_load,0.0
1.717044,0.513118,wrist_flex,10.0,9.7674,9.4482,9.2285,2001,0,1048,0,12.3,37,step_10,no_load,0.0
1.727502,0.523576,wrist_flex,10.0,9.7674,9.4482,9.2285,2001,0,1048,0,12.2,37,step_10,no_load,0.0
1.737797,0.53387,wrist_flex,10.0,9.7674,9.4482,9.2285,2001,0,1048,0,12.2,37,step_10,no_load,0.0
1.748015,0.544088,wrist_flex,10.0,9.7674,9.4482,9.2285,2001,0,1048,0,12.2,37,step_10,no_load,0.0
1.758871,0.554945,wrist_flex,10.0,9.7674,9.4482,9.2285,2001,0,1048,1,12.2,37,step_10,no_load,0.0
1.769994,0.566067,wrist_flex,10.0,9.7674,9.4482,9.2285,2001,0,1048,0,12.2,37,step_10,no_load,0.0
1.780695,0.576768,wrist_flex,10.0,9.7674,9.4482,9.2285,2001,0,1048,0,12.2,37,step_10,no_load,0.0
1.791032,0.587105,wrist_flex,10.0,9.7674,9.4482,9.2285,2001,0,1048,0,12.2,37,step_10,no_load,0.0
1.801373,0.597446,wrist_flex,10.0,9.7674,9.4482,9.2285,2001,0,1048,0,12.2,37,step_10,no_load,0.0
1.811852,0.607925,wrist_flex,10.0,9.7674,9.4482,9.2285,2001,0,1048,0,12.2,37,step_10,no_load,0.0
1.822484,0.618557,wrist_flex,10.0,9.7674,9.4482,9.2285,2001,0,1048,1,12.3,37,step_10,no_load,0.0
1.832702,0.628775,wrist_flex,10.0,9.7674,9.4482,9.2285,2001,0,1048,0,12.3,37,step_10,no_load,0.0
1.843192,0.639265,wrist_flex,10.0,9.7674,9.4482,9.2285,2001,0,1048,0,12.2,37,step_10,no_load,0.0
1.85403,0.650103,wrist_flex,10.0,9.7674,9.4482,9.2285,2001,0,1048,0,12.2,37,step_10,no_load,0.0
1.864263,0.660337,wrist_flex,10.0,9.7674,9.4482,9.2285,2001,0,1048,0,12.3,37,step_10,no_load,0.0
1.874518,0.670592,wrist_flex,10.0,9.7674,9.4482,9.2285,2001,0,1048,0,12.2,37,step_10,no_load,0.0
1.885231,0.681304,wrist_flex,10.0,9.7674,9.4482,9.2285,2001,0,1048,0,12.3,37,step_10,no_load,0.0
1.895622,0.691695,wrist_flex,10.0,9.7674,9.4482,9.2285,2001,0,1048,1,12.2,37,step_10,no_load,0.0
1.90605,0.702123,wrist_flex,10.0,9.7674,9.4482,9.2285,2001,0,1048,0,12.2,37,step_10,no_load,0.0
1.91639,0.712463,wrist_flex,10.0,9.7674,9.4482,9.2285,2001,0,1048,0,12.2,37,step_10,no_load,0.0
1.927149,0.723222,wrist_flex,10.0,9.7674,9.4482,9.2285,2001,0,1048,0,12.2,37,step_10,no_load,0.0
1.93733,0.733403,wrist_flex,10.0,9.7674,9.4482,9.2285,2001,0,1048,1,12.3,37,step_10,no_load,0.0
1.947526,0.743599,wrist_flex,10.0,9.7674,9.4482,9.2285,2001,0,1048,0,12.2,37,step_10,no_load,0.0
1.957713,0.753786,wrist_flex,10.0,9.7674,9.4482,9.2285,2001,0,1048,0,12.3,37,step_10,no_load,0.0
1.967972,0.764045,wrist_flex,10.0,9.7674,9.4482,9.2285,2001,0,1048,0,12.2,37,step_10,no_load,0.0
1.978375,0.774448,wrist_flex,10.0,9.7674,9.4482,9.2285,2001,0,1048,0,12.3,37,step_10,no_load,0.0
1.988683,0.784757,wrist_flex,10.0,9.7674,9.4482,9.2285,2001,0,1048,0,12.2,37,step_10,no_load,0.0
1.999701,0.795775,wrist_flex,10.0,9.7674,9.4482,9.2285,2001,0,1048,0,12.2,37,step_10,no_load,0.0
2.010426,0.806499,wrist_flex,10.0,9.7674,9.4482,9.2285,2001,0,1048,0,12.3,37,step_10,no_load,0.0
2.020868,0.816941,wrist_flex,10.0,9.7674,9.4482,9.2285,2001,0,1048,0,12.2,37,step_10,no_load,0.0
2.031352,0.827425,wrist_flex,10.0,9.7674,9.4482,9.2285,2001,0,1048,0,12.2,37,step_10,no_load,0.0
2.042053,0.838126,wrist_flex,10.0,9.7674,9.4482,9.2285,2001,0,1048,0,12.2,37,step_10,no_load,0.0
2.052346,0.848419,wrist_flex,10.0,9.7674,9.4482,9.2285,2001,0,1048,1,12.2,37,step_10,no_load,0.0
2.063144,0.859217,wrist_flex,10.0,9.7674,9.4482,9.2285,2001,0,1048,0,12.2,37,step_10,no_load,0.0
2.073464,0.869537,wrist_flex,10.0,9.7674,9.4482,9.2285,2001,0,1048,0,12.2,37,step_10,no_load,0.0
2.083754,0.879827,wrist_flex,10.0,9.7674,9.4482,9.2285,2001,0,1048,0,12.3,37,step_10,no_load,0.0
2.094333,0.890407,wrist_flex,10.0,9.7674,9.4482,9.2285,2001,0,1048,0,12.3,37,step_10,no_load,0.0
2.104617,0.90069,wrist_flex,10.0,9.7674,9.4482,9.2285,2001,0,1048,0,12.2,37,step_10,no_load,0.0
2.11498,0.911054,wrist_flex,10.0,9.7674,9.4482,9.2285,2001,0,1048,0,12.2,37,step_10,no_load,0.0
2.125316,0.921389,wrist_flex,10.0,9.7674,9.4482,9.2285,2001,0,1048,0,12.2,37,step_10,no_load,0.0
2.135513,0.931586,wrist_flex,10.0,9.7674,9.4482,9.2285,2001,0,1048,0,12.2,37,step_10,no_load,0.0
2.146387,0.94246,wrist_flex,10.0,9.7674,9.4482,9.2285,2001,0,1048,0,12.2,37,step_10,no_load,0.0
2.156543,0.952616,wrist_flex,10.0,9.7674,9.4482,9.2285,2001,0,1048,0,12.2,37,step_10,no_load,0.0
2.166922,0.962995,wrist_flex,10.0,9.7674,9.4482,9.2285,2001,0,1048,0,12.2,37,step_10,no_load,0.0
2.177546,0.97362,wrist_flex,10.0,9.7674,9.4482,9.2285,2001,0,1048,0,12.2,37,step_10,no_load,0.0
2.187831,0.983904,wrist_flex,10.0,9.7674,9.4482,9.2285,2001,0,1048,0,12.3,37,step_10,no_load,0.0
2.198235,0.994308,wrist_flex,10.0,9.7674,9.4482,9.2285,2001,0,1048,0,12.2,37,step_10,no_load,0.0
2.209071,1.005144,wrist_flex,10.0,9.7674,9.4482,9.2285,2001,0,1048,0,12.2,37,step_10,no_load,0.0
2.219905,1.015978,wrist_flex,10.0,9.7674,9.4482,9.2285,2001,0,1048,0,12.2,37,step_10,no_load,0.0
2.230287,1.02636,wrist_flex,10.0,9.7674,9.4482,9.2285,2001,0,1048,1,12.2,37,step_10,no_load,0.0
2.240672,1.036745,wrist_flex,10.0,9.7674,9.4482,9.2285,2001,0,1048,1,12.2,37,step_10,no_load,0.0
2.2512,1.047273,wrist_flex,10.0,9.7674,9.4482,9.2285,2001,0,1048,0,12.2,37,step_10,no_load,0.0
2.261842,1.057916,wrist_flex,10.0,9.7674,9.4482,9.2285,2001,0,1048,0,12.3,37,step_10,no_load,0.0
2.27242,1.068493,wrist_flex,10.0,9.7674,9.4482,9.2285,2001,0,1048,0,12.2,37,step_10,no_load,0.0
2.283029,1.079102,wrist_flex,10.0,9.7674,9.4482,9.2285,2001,0,1048,0,12.2,37,step_10,no_load,0.0
2.293824,1.089897,wrist_flex,10.0,9.7674,9.4482,9.2285,2001,0,1048,0,12.2,37,step_10,no_load,0.0
2.304436,1.100509,wrist_flex,10.0,9.7674,9.4482,9.2285,2001,0,1048,0,12.2,37,step_10,no_load,0.0
2.314551,1.110624,wrist_flex,10.0,9.7674,9.4482,9.2285,2001,0,1048,1,12.2,37,step_10,no_load,0.0
2.325411,1.121484,wrist_flex,10.0,9.7674,9.4482,9.2285,2001,0,1048,0,12.3,37,step_10,no_load,0.0
2.335867,1.13194,wrist_flex,10.0,9.7674,9.4482,9.2285,2001,0,1048,0,12.2,37,step_10,no_load,0.0
2.346323,1.142396,wrist_flex,10.0,9.7674,9.4482,9.2285,2001,0,1048,0,12.3,37,step_10,no_load,0.0
2.356491,1.152564,wrist_flex,10.0,9.7674,9.4482,9.2285,2001,0,1048,0,12.2,37,step_10,no_load,0.0
2.367206,1.163279,wrist_flex,10.0,9.7674,9.4482,9.2285,2001,0,1048,0,12.2,37,step_10,no_load,0.0
2.377535,1.173608,wrist_flex,10.0,9.7674,9.4482,9.2285,2001,0,1048,0,12.2,37,step_10,no_load,0.0
2.387767,1.18384,wrist_flex,10.0,9.7674,9.4482,9.2285,2001,0,1048,0,12.2,37,step_10,no_load,0.0
2.398532,1.194605,wrist_flex,10.0,9.7674,9.4482,9.2285,2001,0,1048,0,12.2,37,step_10,no_load,0.0
2.410081,2e-06,wrist_flex,0.0,9.7674,0.0,9.2285,2001,0,1048,1,12.2,37,step_10,no_load,0.0
2.420726,0.010646,wrist_flex,0.0,9.7674,0.0,9.2285,2001,0,0,0,12.3,37,step_10,no_load,0.0
2.431042,0.020963,wrist_flex,0.0,9.7674,0.0,9.2285,2001,0,44,1,12.3,37,step_10,no_load,0.0
2.441575,0.031496,wrist_flex,0.0,9.7674,0.0,9.2285,2001,0,76,3,12.2,37,step_10,no_load,0.0
2.452079,0.041999,wrist_flex,0.0,9.6744,0.0,9.1406,2000,0,156,10,12.2,37,step_10,no_load,-8.368
2.462473,0.052394,wrist_flex,0.0,9.5814,0.0,9.0527,1999,0,208,13,12.3,37,step_10,no_load,-8.457
2.473042,0.062963,wrist_flex,0.0,9.3023,0.0,8.7891,1996,-150,276,19,12.2,37,step_10,no_load,-24.941
2.483661,0.073582,wrist_flex,0.0,8.7442,0.0,8.2617,1990,-150,324,18,12.2,37,step_10,no_load,-49.666
2.493845,0.083766,wrist_flex,0.0,8.093,0.0,7.6465,1983,-450,336,13,12.2,37,step_10,no_load,-60.408
2.504413,0.094334,wrist_flex,0.0,7.1628,0.0,6.7676,1973,-800,340,12,12.2,37,step_10,no_load,-83.166
2.5148,0.104721,wrist_flex,0.0,6.3256,0.0,5.9766,1964,-800,268,3,12.2,37,step_10,no_load,-76.153
2.52539,0.115311,wrist_flex,0.0,5.3953,0.0,5.0977,1954,-900,252,2,12.2,37,step_10,no_load,-82.993
2.535784,0.125705,wrist_flex,0.0,4.5581,0.0,4.3066,1945,-900,168,0,12.2,37,step_10,no_load,-76.111
2.546542,0.136463,wrist_flex,0.0,4.0,0.0,3.7793,1939,-800,140,0,12.2,37,step_10,no_load,-49.015
2.55664,0.14656,wrist_flex,0.0,3.4419,0.0,3.252,1933,-800,104,0,12.3,37,step_10,no_load,-52.218
2.566917,0.156837,wrist_flex,0.0,3.0698,0.0,2.9004,1929,-450,88,2,12.2,37,step_10,no_load,-34.212
2.577164,0.167085,wrist_flex,0.0,2.7907,0.0,2.6367,1926,-450,100,2,12.2,37,step_10,no_load,-25.734
2.587634,0.177555,wrist_flex,0.0,2.6047,0.0,2.4609,1924,-250,92,2,12.2,37,step_10,no_load,-16.791
2.598742,0.188663,wrist_flex,0.0,2.3256,0.0,2.1973,1921,-250,92,2,12.2,37,step_10,no_load,-23.731
2.609556,0.199477,wrist_flex,0.0,2.1395,0.0,2.0215,1919,-250,88,2,12.2,37,step_10,no_load,-16.257
2.619798,0.209719,wrist_flex,0.0,2.0465,0.0,1.9336,1918,-250,84,2,12.2,37,step_10,no_load,-8.582
2.630454,0.220375,wrist_flex,0.0,1.8605,0.0,1.7578,1916,-150,76,1,12.2,37,step_10,no_load,-16.498
2.641073,0.230994,wrist_flex,0.0,1.6744,0.0,1.582,1914,-150,72,2,12.3,37,step_10,no_load,-16.555
2.651446,0.241367,wrist_flex,0.0,1.5814,0.0,1.4941,1913,-150,68,1,12.2,37,step_10,no_load,-8.474
2.66205,0.251971,wrist_flex,0.0,1.4884,0.0,1.4063,1912,-100,64,1,12.3,37,step_10,no_load,-8.28
2.672753,0.262674,wrist_flex,0.0,1.3953,0.0,1.3184,1911,-100,64,2,12.2,37,step_10,no_load,-8.213
2.682963,0.272884,wrist_flex,0.0,1.3023,0.0,1.2305,1910,-100,60,2,12.2,37,step_10,no_load,-8.609
2.693123,0.283044,wrist_flex,0.0,1.3023,0.0,1.2305,1910,-100,64,2,12.3,37,step_10,no_load,0.0
2.703554,0.293474,wrist_flex,0.0,1.3023,0.0,1.2305,1910,0,64,2,12.2,37,step_10,no_load,0.0
2.713717,0.303638,wrist_flex,0.0,1.2093,0.0,1.1426,1909,0,60,2,12.2,37,step_10,no_load,-8.649
2.724042,0.313963,wrist_flex,0.0,1.2093,0.0,1.1426,1909,-50,60,2,12.3,37,step_10,no_load,0.0
2.734412,0.324333,wrist_flex,0.0,1.2093,0.0,1.1426,1909,-50,64,2,12.2,37,step_10,no_load,0.0
2.745012,0.334933,wrist_flex,0.0,1.2093,0.0,1.1426,1909,0,64,2,12.2,37,step_10,no_load,0.0
2.755277,0.345198,wrist_flex,0.0,1.2093,0.0,1.1426,1909,0,64,2,12.2,37,step_10,no_load,0.0
2.765647,0.355567,wrist_flex,0.0,1.2093,0.0,1.1426,1909,0,64,3,12.2,37,step_10,no_load,0.0
2.776695,0.366616,wrist_flex,0.0,1.2093,0.0,1.1426,1909,0,64,2,12.2,37,step_10,no_load,0.0
2.786846,0.376766,wrist_flex,0.0,1.2093,0.0,1.1426,1909,0,64,1,12.2,37,step_10,no_load,0.0
2.796995,0.386916,wrist_flex,0.0,1.2093,0.0,1.1426,1909,0,64,2,12.3,37,step_10,no_load,0.0
2.807355,0.397276,wrist_flex,0.0,1.2093,0.0,1.1426,1909,0,64,2,12.2,37,step_10,no_load,0.0
2.818577,0.408498,wrist_flex,0.0,1.2093,0.0,1.1426,1909,0,64,2,12.2,37,step_10,no_load,0.0
2.829104,0.419024,wrist_flex,0.0,1.2093,0.0,1.1426,1909,0,64,2,12.3,37,step_10,no_load,0.0
2.839837,0.429757,wrist_flex,0.0,1.2093,0.0,1.1426,1909,0,64,2,12.2,37,step_10,no_load,0.0
2.850128,0.440048,wrist_flex,0.0,1.2093,0.0,1.1426,1909,0,64,2,12.3,37,step_10,no_load,0.0
2.86032,0.45024,wrist_flex,0.0,1.2093,0.0,1.1426,1909,0,64,2,12.2,37,step_10,no_load,0.0
2.870676,0.460597,wrist_flex,0.0,1.2093,0.0,1.1426,1909,0,64,2,12.2,37,step_10,no_load,0.0
2.880916,0.470837,wrist_flex,0.0,1.2093,0.0,1.1426,1909,0,64,2,12.2,37,step_10,no_load,0.0
2.891477,0.481398,wrist_flex,0.0,1.2093,0.0,1.1426,1909,0,64,2,12.2,37,step_10,no_load,0.0
2.902185,0.492105,wrist_flex,0.0,1.2093,0.0,1.1426,1909,0,64,2,12.2,37,step_10,no_load,0.0
2.912434,0.502355,wrist_flex,0.0,1.2093,0.0,1.1426,1909,0,64,2,12.2,37,step_10,no_load,0.0
2.922718,0.512638,wrist_flex,0.0,1.2093,0.0,1.1426,1909,0,64,2,12.2,37,step_10,no_load,0.0
2.93287,0.522791,wrist_flex,0.0,1.2093,0.0,1.1426,1909,0,64,2,12.2,37,step_10,no_load,0.0
2.94312,0.533041,wrist_flex,0.0,1.2093,0.0,1.1426,1909,0,64,2,12.2,37,step_10,no_load,0.0
2.953399,0.54332,wrist_flex,0.0,1.2093,0.0,1.1426,1909,0,64,1,12.3,37,step_10,no_load,0.0
2.964179,0.5541,wrist_flex,0.0,1.2093,0.0,1.1426,1909,0,64,2,12.3,37,step_10,no_load,0.0
2.974362,0.564283,wrist_flex,0.0,1.2093,0.0,1.1426,1909,0,64,2,12.2,37,step_10,no_load,0.0
2.984838,0.574758,wrist_flex,0.0,1.2093,0.0,1.1426,1909,0,64,2,12.2,37,step_10,no_load,0.0
2.995678,0.585599,wrist_flex,0.0,1.2093,0.0,1.1426,1909,0,64,2,12.2,37,step_10,no_load,0.0
3.006199,0.59612,wrist_flex,0.0,1.2093,0.0,1.1426,1909,0,64,2,12.2,37,step_10,no_load,0.0
3.0164,0.606321,wrist_flex,0.0,1.2093,0.0,1.1426,1909,0,64,2,12.2,37,step_10,no_load,0.0
3.026881,0.616801,wrist_flex,0.0,1.2093,0.0,1.1426,1909,0,64,2,12.2,37,step_10,no_load,0.0
3.03762,0.627541,wrist_flex,0.0,1.2093,0.0,1.1426,1909,0,64,2,12.2,37,step_10,no_load,0.0
3.048124,0.638045,wrist_flex,0.0,1.2093,0.0,1.1426,1909,0,64,2,12.2,37,step_10,no_load,0.0
3.058237,0.648158,wrist_flex,0.0,1.2093,0.0,1.1426,1909,0,64,2,12.3,37,step_10,no_load,0.0
3.068917,0.658838,wrist_flex,0.0,1.2093,0.0,1.1426,1909,0,64,2,12.2,38,step_10,no_load,0.0
3.079149,0.66907,wrist_flex,0.0,1.2093,0.0,1.1426,1909,0,64,2,12.2,37,step_10,no_load,0.0
3.089298,0.679219,wrist_flex,0.0,1.2093,0.0,1.1426,1909,0,64,2,12.2,37,step_10,no_load,0.0
3.099804,0.689724,wrist_flex,0.0,1.2093,0.0,1.1426,1909,0,64,3,12.2,37,step_10,no_load,0.0
3.110886,0.700807,wrist_flex,0.0,1.2093,0.0,1.1426,1909,0,64,2,12.2,37,step_10,no_load,0.0
3.121283,0.711204,wrist_flex,0.0,1.2093,0.0,1.1426,1909,0,64,2,12.2,37,step_10,no_load,0.0
3.131684,0.721605,wrist_flex,0.0,1.2093,0.0,1.1426,1909,0,64,1,12.3,37,step_10,no_load,0.0
3.142158,0.732079,wrist_flex,0.0,1.2093,0.0,1.1426,1909,0,64,2,12.2,37,step_10,no_load,0.0
3.153017,0.742938,wrist_flex,0.0,1.2093,0.0,1.1426,1909,0,64,2,12.2,37,step_10,no_load,0.0
3.16341,0.753331,wrist_flex,0.0,1.2093,0.0,1.1426,1909,0,64,2,12.2,37,step_10,no_load,0.0
3.174005,0.763926,wrist_flex,0.0,1.2093,0.0,1.1426,1909,0,64,2,12.2,37,step_10,no_load,0.0
3.184864,0.774785,wrist_flex,0.0,1.2093,0.0,1.1426,1909,0,64,2,12.3,37,step_10,no_load,0.0
3.195068,0.784989,wrist_flex,0.0,1.2093,0.0,1.1426,1909,0,64,2,12.2,37,step_10,no_load,0.0
3.205518,0.795439,wrist_flex,0.0,1.2093,0.0,1.1426,1909,0,64,2,12.3,37,step_10,no_load,0.0
3.21575,0.805671,wrist_flex,0.0,1.2093,0.0,1.1426,1909,0,64,2,12.3,37,step_10,no_load,0.0
3.226108,0.816029,wrist_flex,0.0,1.2093,0.0,1.1426,1909,0,64,2,12.2,37,step_10,no_load,0.0
3.236515,0.826435,wrist_flex,0.0,1.2093,0.0,1.1426,1909,0,64,2,12.2,37,step_10,no_load,0.0
3.24661,0.836531,wrist_flex,0.0,1.2093,0.0,1.1426,1909,0,64,2,12.2,37,step_10,no_load,0.0
3.256718,0.846639,wrist_flex,0.0,1.2093,0.0,1.1426,1909,0,64,2,12.2,37,step_10,no_load,0.0
3.266843,0.856764,wrist_flex,0.0,1.2093,0.0,1.1426,1909,0,64,2,12.3,37,step_10,no_load,0.0
3.277862,0.867783,wrist_flex,0.0,1.2093,0.0,1.1426,1909,0,64,2,12.2,37,step_10,no_load,0.0
3.288076,0.877996,wrist_flex,0.0,1.2093,0.0,1.1426,1909,0,64,2,12.2,37,step_10,no_load,0.0
3.29856,0.888481,wrist_flex,0.0,1.2093,0.0,1.1426,1909,0,64,2,12.2,37,step_10,no_load,0.0
3.309744,0.899665,wrist_flex,0.0,1.2093,0.0,1.1426,1909,0,64,2,12.3,37,step_10,no_load,0.0
3.32,0.909921,wrist_flex,0.0,1.2093,0.0,1.1426,1909,0,64,2,12.2,37,step_10,no_load,0.0
3.33104,0.920961,wrist_flex,0.0,1.2093,0.0,1.1426,1909,0,64,2,12.2,37,step_10,no_load,0.0
3.341372,0.931293,wrist_flex,0.0,1.2093,0.0,1.1426,1909,0,64,2,12.3,37,step_10,no_load,0.0
3.352045,0.941966,wrist_flex,0.0,1.2093,0.0,1.1426,1909,0,64,1,12.3,37,step_10,no_load,0.0
3.363067,0.952988,wrist_flex,0.0,1.2093,0.0,1.1426,1909,0,64,2,12.2,37,step_10,no_load,0.0
3.373477,0.963398,wrist_flex,0.0,1.2093,0.0,1.1426,1909,0,64,2,12.2,37,step_10,no_load,0.0
3.383665,0.973586,wrist_flex,0.0,1.2093,0.0,1.1426,1909,0,64,2,12.2,37,step_10,no_load,0.0
3.393844,0.983765,wrist_flex,0.0,1.2093,0.0,1.1426,1909,0,64,2,12.2,37,step_10,no_load,0.0
3.404249,0.99417,wrist_flex,0.0,1.2093,0.0,1.1426,1909,0,64,2,12.2,37,step_10,no_load,0.0
3.414603,1.004524,wrist_flex,0.0,1.2093,0.0,1.1426,1909,0,64,2,12.2,37,step_10,no_load,0.0
3.424839,1.01476,wrist_flex,0.0,1.2093,0.0,1.1426,1909,0,64,2,12.2,37,step_10,no_load,0.0
3.435301,1.025222,wrist_flex,0.0,1.2093,0.0,1.1426,1909,0,64,1,12.3,37,step_10,no_load,0.0
3.445734,1.035655,wrist_flex,0.0,1.2093,0.0,1.1426,1909,0,64,2,12.3,37,step_10,no_load,0.0
3.456171,1.046092,wrist_flex,0.0,1.2093,0.0,1.1426,1909,0,64,2,12.2,37,step_10,no_load,0.0
3.466273,1.056194,wrist_flex,0.0,1.2093,0.0,1.1426,1909,0,64,2,12.2,37,step_10,no_load,0.0
3.476535,1.066456,wrist_flex,0.0,1.2093,0.0,1.1426,1909,0,64,2,12.2,37,step_10,no_load,0.0
3.486681,1.076602,wrist_flex,0.0,1.2093,0.0,1.1426,1909,0,64,2,12.2,37,step_10,no_load,0.0
3.496868,1.086789,wrist_flex,0.0,1.2093,0.0,1.1426,1909,0,64,2,12.2,37,step_10,no_load,0.0
3.507385,1.097306,wrist_flex,0.0,1.2093,0.0,1.1426,1909,0,64,2,12.2,37,step_10,no_load,0.0
3.517531,1.107452,wrist_flex,0.0,1.2093,0.0,1.1426,1909,0,64,2,12.2,37,step_10,no_load,0.0
3.527996,1.117917,wrist_flex,0.0,1.2093,0.0,1.1426,1909,0,64,2,12.2,37,step_10,no_load,0.0
3.53839,1.12831,wrist_flex,0.0,1.2093,0.0,1.1426,1909,0,64,1,12.3,37,step_10,no_load,0.0
3.549071,1.138991,wrist_flex,0.0,1.2093,0.0,1.1426,1909,0,64,2,12.2,37,step_10,no_load,0.0
3.559332,1.149253,wrist_flex,0.0,1.2093,0.0,1.1426,1909,0,64,2,12.2,37,step_10,no_load,0.0
3.569929,1.15985,wrist_flex,0.0,1.2093,0.0,1.1426,1909,0,64,2,12.2,37,step_10,no_load,0.0
3.580971,1.170892,wrist_flex,0.0,1.2093,0.0,1.1426,1909,0,64,2,12.3,37,step_10,no_load,0.0
3.592071,1.181991,wrist_flex,0.0,1.2093,0.0,1.1426,1909,0,64,2,12.2,37,step_10,no_load,0.0
3.60243,1.192351,wrist_flex,0.0,1.2093,0.0,1.1426,1909,0,64,2,12.2,37,step_10,no_load,0.0
3.613413,3e-06,wrist_flex,10.0,1.2093,9.4482,1.1426,1909,0,64,2,12.2,37,step_10,no_load,0.0
3.623659,0.010248,wrist_flex,10.0,1.2093,9.4482,1.1426,1909,0,60,2,12.2,37,step_10,no_load,0.0
3.634566,0.021155,wrist_flex,10.0,1.2093,9.4482,1.1426,1909,0,40,1,12.3,37,step_10,no_load,0.0
3.64478,0.03137,wrist_flex,10.0,1.2093,9.4482,1.1426,1909,0,1076,1,12.2,37,step_10,no_load,0.0
3.655178,0.041768,wrist_flex,10.0,1.2093,9.4482,1.1426,1909,0,1108,3,12.2,50,step_10,no_load,0.0
3.665943,0.052533,wrist_flex,10.0,1.3953,9.4482,1.3184,1911,0,1184,6,12.2,37,step_10,no_load,16.331
3.676772,0.063361,wrist_flex,10.0,1.7674,9.4482,1.6699,1915,250,1236,8,12.2,37,step_10,no_load,32.459
3.686966,0.073556,wrist_flex,10.0,2.2326,9.4482,2.1094,1920,250,1304,10,12.2,37,step_10,no_load,43.114
3.697029,0.083619,wrist_flex,10.0,2.9767,9.4482,2.8125,1928,550,1328,6,12.2,37,step_10,no_load,69.87
3.707296,0.093886,wrist_flex,10.0,3.814,9.4482,3.6035,1937,550,1304,4,12.2,37,step_10,no_load,77.043
3.718211,0.104801,wrist_flex,10.0,4.7442,9.4482,4.4824,1947,900,1232,0,12.3,37,step_10,no_load,80.522
3.729211,0.115801,wrist_flex,10.0,5.7674,9.4482,5.4492,1958,900,1216,0,12.2,37,step_10,no_load,87.891
3.739406,0.125996,wrist_flex,10.0,6.5116,9.4482,6.1523,1966,900,1136,0,12.2,37,step_10,no_load,68.965
3.749919,0.136509,wrist_flex,10.0,7.1628,9.4482,6.7676,1973,900,1108,0,12.2,35,step_10,no_load,58.528
3.760496,0.147086,wrist_flex,10.0,7.7209,9.4482,7.2949,1979,650,1088,0,12.2,37,step_10,no_load,49.853
3.770821,0.157411,wrist_flex,10.0,8.093,9.4482,7.6465,1983,650,1072,0,12.2,37,step_10,no_load,34.053
3.781264,0.167854,wrist_flex,10.0,8.3721,9.4482,7.9102,1986,450,1080,0,11.8,37,step_10,no_load,25.251
3.791867,0.178457,wrist_flex,10.0,8.5581,9.4482,8.0859,1988,300,1068,0,12.2,37,step_10,no_load,16.571
3.802525,0.189115,wrist_flex,10.0,8.7442,9.4482,8.2617,1990,300,1068,0,12.3,37,step_10,no_load,16.495
3.812615,0.199205,wrist_flex,10.0,8.9302,9.4482,8.4375,1992,150,1060,0,12.2,37,step_10,no_load,17.423
3.823722,0.210312,wrist_flex,10.0,9.1163,9.4482,8.6133,1994,150,1064,0,12.2,37,step_10,no_load,15.828
3.834099,0.220689,wrist_flex,10.0,9.3023,9.4482,8.7891,1996,200,1056,0,12.2,37,step_10,no_load,16.941
3.844316,0.230906,wrist_flex,10.0,9.3953,9.4482,8.877,1997,200,1052,0,12.2,37,step_10,no_load,8.603
3.854721,0.241311,wrist_flex,10.0,9.4884,9.4482,8.9648,1998,100,1048,0,12.3,37,step_10,no_load,8.438
3.865683,0.252273,wrist_flex,10.0,9.5814,9.4482,9.0527,1999,100,1044,0,12.2,37,step_10,no_load,8.019
3.876703,0.263293,wrist_flex,10.0,9.6744,9.4482,9.1406,2000,100,1048,1,12.2,37,step_10,no_load,7.976
3.887184,0.273774,wrist_flex,10.0,9.7674,9.4482,9.2285,2001,100,1044,0,12.2,37,step_10,no_load,8.387
3.897752,0.284342,wrist_flex,10.0,9.7674,9.4482,9.2285,2001,50,1044,0,12.2,37,step_10,no_load,0.0
3.908065,0.294655,wrist_flex,10.0,9.7674,9.4482,9.2285,2001,50,1044,0,12.2,37,step_10,no_load,0.0
3.918348,0.304938,wrist_flex,10.0,9.7674,9.4482,9.2285,2001,0,1048,0,12.2,37,step_10,no_load,0.0
3.928713,0.315303,wrist_flex,10.0,9.7674,9.4482,9.2285,2001,0,1048,0,12.3,37,step_10,no_load,0.0
3.939264,0.325854,wrist_flex,10.0,9.7674,9.4482,9.2285,2001,0,1048,0,12.2,37,step_10,no_load,0.0
3.949436,0.336026,wrist_flex,10.0,9.7674,9.4482,9.2285,2001,0,1048,0,12.2,37,step_10,no_load,0.0
3.960093,0.346683,wrist_flex,10.0,9.7674,9.4482,9.2285,2001,0,1048,0,12.2,37,step_10,no_load,0.0
3.970879,0.357469,wrist_flex,10.0,9.7674,9.4482,9.2285,2001,0,1048,1,12.2,37,step_10,no_load,0.0
3.981184,0.367774,wrist_flex,10.0,9.7674,9.4482,9.2285,2001,0,1048,0,12.2,37,step_10,no_load,0.0
3.991923,0.378513,wrist_flex,10.0,9.7674,9.4482,9.2285,2001,0,1048,0,12.2,37,step_10,no_load,0.0
4.002301,0.388891,wrist_flex,10.0,9.7674,9.4482,9.2285,2001,0,1048,1,12.2,37,step_10,no_load,0.0
4.012641,0.399231,wrist_flex,10.0,9.7674,9.4482,9.2285,2001,0,1048,0,12.3,37,step_10,no_load,0.0
4.023103,0.409693,wrist_flex,10.0,9.7674,9.4482,9.2285,2001,0,1048,0,12.2,37,step_10,no_load,0.0
4.033701,0.420291,wrist_flex,10.0,9.7674,9.4482,9.2285,2001,0,1048,0,12.3,37,step_10,no_load,0.0
4.044395,0.430985,wrist_flex,10.0,9.7674,9.4482,9.2285,2001,0,1048,0,12.2,37,step_10,no_load,0.0
4.054748,0.441338,wrist_flex,10.0,9.7674,9.4482,9.2285,2001,0,1048,0,12.3,37,step_10,no_load,0.0
4.064866,0.451456,wrist_flex,10.0,9.7674,9.4482,9.2285,2001,0,1048,0,12.2,37,step_10,no_load,0.0
4.074964,0.461554,wrist_flex,10.0,9.7674,9.4482,9.2285,2001,0,1048,0,12.2,37,step_10,no_load,0.0
4.085639,0.472229,wrist_flex,10.0,9.7674,9.4482,9.2285,2001,0,1048,0,12.2,37,step_10,no_load,0.0
4.096558,0.483148,wrist_flex,10.0,9.7674,9.4482,9.2285,2001,0,1048,1,12.2,37,step_10,no_load,0.0
4.106775,0.493365,wrist_flex,10.0,9.7674,9.4482,9.2285,2001,0,1048,0,12.3,37,step_10,no_load,0.0
4.11695,0.50354,wrist_flex,10.0,9.7674,9.4482,9.2285,2001,0,1048,0,12.2,37,step_10,no_load,0.0
4.127557,0.514147,wrist_flex,10.0,9.7674,9.4482,9.2285,2001,0,1048,0,12.2,37,step_10,no_load,0.0
4.138168,0.524757,wrist_flex,10.0,9.7674,9.4482,9.2285,2001,0,1048,1,12.3,37,step_10,no_load,0.0
4.148623,0.535213,wrist_flex,10.0,9.7674,9.4482,9.2285,2001,0,1048,0,12.3,37,step_10,no_load,0.0
4.158738,0.545328,wrist_flex,10.0,9.7674,9.4482,9.2285,2001,0,1048,0,12.2,37,step_10,no_load,0.0
4.16897,0.55556,wrist_flex,10.0,9.7674,9.4482,9.2285,2001,0,1048,0,12.2,37,step_10,no_load,0.0
4.179146,0.565736,wrist_flex,10.0,9.7674,9.4482,9.2285,2001,0,1048,0,12.2,38,step_10,no_load,0.0
4.189881,0.576471,wrist_flex,10.0,9.7674,9.4482,9.2285,2001,0,1048,0,12.2,37,step_10,no_load,0.0
4.200096,0.586686,wrist_flex,10.0,9.7674,9.4482,9.2285,2001,0,1048,0,12.3,37,step_10,no_load,0.0
4.210495,0.597085,wrist_flex,10.0,9.7674,9.4482,9.2285,2001,0,1048,0,12.2,37,step_10,no_load,0.0
4.221118,0.607708,wrist_flex,10.0,9.7674,9.4482,9.2285,2001,0,1048,0,12.2,37,step_10,no_load,0.0
4.231181,0.61777,wrist_flex,10.0,9.7674,9.4482,9.2285,2001,0,1048,0,12.3,37,step_10,no_load,0.0
4.241403,0.627992,wrist_flex,10.0,9.7674,9.4482,9.2285,2001,0,1048,1,12.2,37,step_10,no_load,0.0
4.251596,0.638185,wrist_flex,10.0,9.7674,9.4482,9.2285,2001,0,1048,0,12.2,37,step_10,no_load,0.0
4.261907,0.648497,wrist_flex,10.0,9.7674,9.4482,9.2285,2001,0,1048,0,12.2,37,step_10,no_load,0.0
4.272775,0.659365,wrist_flex,10.0,9.7674,9.4482,9.2285,2001,0,1048,0,12.2,37,step_10,no_load,0.0
4.28309,0.66968,wrist_flex,10.0,9.7674,9.4482,9.2285,2001,0,1048,0,12.2,37,step_10,no_load,0.0
4.29343,0.68002,wrist_flex,10.0,9.7674,9.4482,9.2285,2001,0,1048,1,12.3,37,step_10,no_load,0.0
4.303975,0.690565,wrist_flex,10.0,9.7674,9.4482,9.2285,2001,0,1048,1,12.3,37,step_10,no_load,0.0
4.314296,0.700886,wrist_flex,10.0,9.7674,9.4482,9.2285,2001,0,1048,0,12.2,37,step_10,no_load,0.0
4.324666,0.711256,wrist_flex,10.0,9.7674,9.4482,9.2285,2001,0,1048,0,12.2,37,step_10,no_load,0.0
4.335348,0.721938,wrist_flex,10.0,9.7674,9.4482,9.2285,2001,0,1048,1,12.2,37,step_10,no_load,0.0
4.345712,0.732302,wrist_flex,10.0,9.7674,9.4482,9.2285,2001,0,1048,1,12.3,37,step_10,no_load,0.0
4.356718,0.743308,wrist_flex,10.0,9.7674,9.4482,9.2285,2001,0,1048,0,12.3,37,step_10,no_load,0.0
4.367378,0.753968,wrist_flex,10.0,9.7674,9.4482,9.2285,2001,0,1048,0,12.2,37,step_10,no_load,0.0
4.377472,0.764062,wrist_flex,10.0,9.7674,9.4482,9.2285,2001,0,1048,0,12.3,37,step_10,no_load,0.0
4.388035,0.774625,wrist_flex,10.0,9.7674,9.4482,9.2285,2001,0,1048,0,12.2,37,step_10,no_load,0.0
4.3985,0.78509,wrist_flex,10.0,9.7674,9.4482,9.2285,2001,0,1048,0,12.2,37,step_10,no_load,0.0
4.408854,0.795443,wrist_flex,10.0,9.7674,9.4482,9.2285,2001,0,1048,0,12.3,37,step_10,no_load,0.0
4.419441,0.806031,wrist_flex,10.0,9.7674,9.4482,9.2285,2001,0,1048,1,12.2,37,step_10,no_load,0.0
4.429859,0.816449,wrist_flex,10.0,9.7674,9.4482,9.2285,2001,0,1048,0,12.2,37,step_10,no_load,0.0
4.439992,0.826582,wrist_flex,10.0,9.7674,9.4482,9.2285,2001,0,1048,0,12.3,37,step_10,no_load,0.0
4.450502,0.837092,wrist_flex,10.0,9.7674,9.4482,9.2285,2001,0,1048,0,12.2,37,step_10,no_load,0.0
4.460736,0.847326,wrist_flex,10.0,9.7674,9.4482,9.2285,2001,0,1048,1,12.2,37,step_10,no_load,0.0
4.471792,0.858382,wrist_flex,10.0,9.7674,9.4482,9.2285,2001,0,1048,0,12.2,37,step_10,no_load,0.0
4.482273,0.868863,wrist_flex,10.0,9.7674,9.4482,9.2285,2001,0,1048,0,12.2,37,step_10,no_load,0.0
4.49256,0.87915,wrist_flex,10.0,9.7674,9.4482,9.2285,2001,0,1048,0,12.2,37,step_10,no_load,0.0
4.503242,0.889832,wrist_flex,10.0,9.7674,9.4482,9.2285,2001,0,1048,0,12.3,37,step_10,no_load,0.0
4.513646,0.900236,wrist_flex,10.0,9.7674,9.4482,9.2285,2001,0,1048,0,12.3,37,step_10,no_load,0.0
4.52391,0.9105,wrist_flex,10.0,9.7674,9.4482,9.2285,2001,0,1048,0,12.3,37,step_10,no_load,0.0
4.535103,0.921693,wrist_flex,10.0,9.7674,9.4482,9.2285,2001,0,1048,0,12.2,37,step_10,no_load,0.0
4.546134,0.932724,wrist_flex,10.0,9.7674,9.4482,9.2285,2001,0,1048,0,12.2,37,step_10,no_load,0.0
4.556623,0.943213,wrist_flex,10.0,9.7674,9.4482,9.2285,2001,0,1048,0,12.2,37,step_10,no_load,0.0
4.566986,0.953576,wrist_flex,10.0,9.7674,9.4482,9.2285,2001,0,1048,0,12.2,37,step_10,no_load,0.0
4.577106,0.963696,wrist_flex,10.0,9.7674,9.4482,9.2285,2001,0,1048,0,12.3,37,step_10,no_load,0.0
4.587204,0.973794,wrist_flex,10.0,9.7674,9.4482,9.2285,2001,0,1048,0,12.2,37,step_10,no_load,0.0
4.597324,0.983914,wrist_flex,10.0,9.7674,9.4482,9.2285,2001,0,1048,0,12.2,37,step_10,no_load,0.0
4.607941,0.994531,wrist_flex,10.0,9.7674,9.4482,9.2285,2001,0,1048,0,12.3,37,step_10,no_load,0.0
4.618615,1.005205,wrist_flex,10.0,9.7674,9.4482,9.2285,2001,0,1048,0,12.2,37,step_10,no_load,0.0
4.628816,1.015406,wrist_flex,10.0,9.7674,9.4482,9.2285,2001,0,1048,0,12.2,37,step_10,no_load,0.0
4.639697,1.026286,wrist_flex,10.0,9.7674,9.4482,9.2285,2001,0,1048,0,12.2,37,step_10,no_load,0.0
4.649946,1.036536,wrist_flex,10.0,9.7674,9.4482,9.2285,2001,0,1048,0,12.2,37,step_10,no_load,0.0
4.660982,1.047572,wrist_flex,10.0,9.7674,9.4482,9.2285,2001,0,1048,0,12.2,37,step_10,no_load,0.0
4.671265,1.057855,wrist_flex,10.0,9.7674,9.4482,9.2285,2001,0,1048,0,12.2,37,step_10,no_load,0.0
4.68155,1.06814,wrist_flex,10.0,9.7674,9.4482,9.2285,2001,0,1048,0,12.2,37,step_10,no_load,0.0
4.691789,1.078379,wrist_flex,10.0,9.7674,9.4482,9.2285,2001,0,1048,0,12.3,37,step_10,no_load,0.0
4.701908,1.088498,wrist_flex,10.0,9.7674,9.4482,9.2285,2001,0,1048,0,12.3,37,step_10,no_load,0.0
4.712092,1.098682,wrist_flex,10.0,9.7674,9.4482,9.2285,2001,0,1048,0,12.2,37,step_10,no_load,0.0
4.722231,1.108821,wrist_flex,10.0,9.7674,9.4482,9.2285,2001,0,1048,0,12.2,37,step_10,no_load,0.0
4.732444,1.119034,wrist_flex,10.0,9.7674,9.4482,9.2285,2001,0,1048,0,12.2,37,step_10,no_load,0.0
4.742802,1.129392,wrist_flex,10.0,9.7674,9.4482,9.2285,2001,0,1048,0,12.2,37,step_10,no_load,0.0
4.753322,1.139912,wrist_flex,10.0,9.7674,9.4482,9.2285,2001,0,1048,0,12.2,37,step_10,no_load,0.0
4.763883,1.150473,wrist_flex,10.0,9.7674,9.4482,9.2285,2001,0,1048,0,12.3,37,step_10,no_load,0.0
4.774239,1.160829,wrist_flex,10.0,9.7674,9.4482,9.2285,2001,0,1048,0,12.3,37,step_10,no_load,0.0
4.784457,1.171046,wrist_flex,10.0,9.7674,9.4482,9.2285,2001,0,1048,0,12.2,37,step_10,no_load,0.0
4.794647,1.181237,wrist_flex,10.0,9.7674,9.4482,9.2285,2001,0,1048,0,12.2,37,step_10,no_load,0.0
4.805215,1.191805,wrist_flex,10.0,9.7674,9.4482,9.2285,2001,0,1048,0,12.2,37,step_10,no_load,0.0
4.816049,2e-06,wrist_flex,0.0,9.7674,0.0,9.2285,2001,0,1048,0,12.2,37,step_10,no_load,0.0
4.826197,0.01015,wrist_flex,0.0,9.7674,0.0,9.2285,2001,0,0,0,12.2,37,step_10,no_load,0.0
4.836307,0.02026,wrist_flex,0.0,9.7674,0.0,9.2285,2001,0,32,1,12.2,37,step_10,no_load,0.0
4.846928,0.030881,wrist_flex,0.0,9.7674,0.0,9.2285,2001,0,64,4,12.2,37,step_10,no_load,0.0
4.857046,0.040999,wrist_flex,0.0,9.6744,0.0,9.1406,2000,0,136,8,12.2,37,step_10,no_load,-8.687
4.867239,0.051192,wrist_flex,0.0,9.5814,0.0,9.0527,1999,-50,220,14,12.3,37,step_10,no_load,-8.624
4.877615,0.061568,wrist_flex,0.0,9.3023,0.0,8.7891,1996,-50,268,17,12.1,37,step_10,no_load,-25.405
4.887893,0.071846,wrist_flex,0.0,8.8372,0.0,8.3496,1991,-300,320,22,12.2,37,step_10,no_load,-42.761
4.898952,0.082905,wrist_flex,0.0,8.093,0.0,7.6465,1983,-300,348,16,12.2,37,step_10,no_load,-63.577
4.90937,0.093323,wrist_flex,0.0,7.2558,0.0,6.8555,1974,-700,300,6,12.2,37,step_10,no_load,-75.926
4.919986,0.103939,wrist_flex,0.0,6.3256,0.0,5.9766,1964,-700,296,5,12.2,37,step_10,no_load,-82.79
4.930071,0.114024,wrist_flex,0.0,5.4884,0.0,5.1855,1955,-900,228,0,12.2,37,step_10,no_load,-78.443
4.941056,0.125009,wrist_flex,0.0,4.6512,0.0,4.3945,1946,-850,192,0,12.3,37,step_10,no_load,-72.007
4.952124,0.136077,wrist_flex,0.0,4.0,0.0,3.7793,1939,-850,124,0,12.2,37,step_10,no_load,-55.584
4.963201,0.147154,wrist_flex,0.0,3.4419,0.0,3.252,1933,-600,100,0,12.3,37,step_10,no_load,-47.603
4.974322,0.158275,wrist_flex,0.0,3.0698,0.0,2.9004,1929,-600,100,1,12.3,37,step_10,no_load,-31.616
4.984715,0.168668,wrist_flex,0.0,2.7907,0.0,2.6367,1926,-350,88,2,12.2,37,step_10,no_load,-25.373
4.995083,0.179036,wrist_flex,0.0,2.5116,0.0,2.373,1923,-350,96,2,12.2,37,step_10,no_load,-25.434
5.005242,0.189195,wrist_flex,0.0,2.3256,0.0,2.1973,1921,-200,88,3,12.3,37,step_10,no_load,-17.295
5.01594,0.199893,wrist_flex,0.0,2.1395,0.0,2.0215,1919,-200,88,2,12.2,37,step_10,no_load,-16.433
5.02652,0.210473,wrist_flex,0.0,1.9535,0.0,1.8457,1917,-200,80,1,12.3,37,step_10,no_load,-16.616
5.03677,0.220723,wrist_flex,0.0,1.7674,0.0,1.6699,1915,-200,72,2,12.2,37,step_10,no_load,-17.151
5.047207,0.23116,wrist_flex,0.0,1.6744,0.0,1.582,1914,-150,72,2,12.2,37,step_10,no_load,-8.422
5.057678,0.241631,wrist_flex,0.0,1.5814,0.0,1.4941,1913,-150,68,2,12.3,37,step_10,no_load,-8.395
5.068011,0.251964,wrist_flex,0.0,1.4884,0.0,1.4063,1912,-100,68,2,12.2,37,step_10,no_load,-8.497
5.078563,0.262516,wrist_flex,0.0,1.3953,0.0,1.3184,1911,-100,64,1,12.2,37,step_10,no_load,-8.33
5.088889,0.272842,wrist_flex,0.0,1.3023,0.0,1.2305,1910,-100,60,1,12.2,37,step_10,no_load,-8.512
5.099234,0.283187,wrist_flex,0.0,1.3023,0.0,1.2305,1910,-100,60,2,12.3,37,step_10,no_load,0.0
5.109827,0.29378,wrist_flex,0.0,1.2093,0.0,1.1426,1909,-50,60,2,12.3,37,step_10,no_load,-8.298
5.120233,0.304186,wrist_flex,0.0,1.2093,0.0,1.1426,1909,-50,60,1,12.2,37,step_10,no_load,0.0
5.130752,0.314705,wrist_flex,0.0,1.2093,0.0,1.1426,1909,-50,64,2,12.2,37,step_10,no_load,0.0
5.14104,0.324993,wrist_flex,0.0,1.2093,0.0,1.1426,1909,0,64,2,12.2,37,step_10,no_load,0.0
5.151777,0.33573,wrist_flex,0.0,1.2093,0.0,1.1426,1909,0,64,2,12.2,37,step_10,no_load,0.0
5.162446,0.346399,wrist_flex,0.0,1.2093,0.0,1.1426,1909,0,64,2,12.2,37,step_10,no_load,0.0
5.172785,0.356738,wrist_flex,0.0,1.2093,0.0,1.1426,1909,0,64,2,12.2,37,step_10,no_load,0.0
5.183363,0.367316,wrist_flex,0.0,1.2093,0.0,1.1426,1909,0,64,1,12.2,37,step_10,no_load,0.0
5.194469,0.378422,wrist_flex,0.0,1.2093,0.0,1.1426,1909,0,64,2,12.2,37,step_10,no_load,0.0
5.204982,0.388935,wrist_flex,0.0,1.2093,0.0,1.1426,1909,0,64,2,12.2,37,step_10,no_load,0.0
5.215545,0.399498,wrist_flex,0.0,1.2093,0.0,1.1426,1909,0,64,2,12.2,37,step_10,no_load,0.0
5.227608,0.411561,wrist_flex,0.0,1.2093,0.0,1.1426,1909,0,64,2,12.3,37,step_10,no_load,0.0
5.238204,0.422157,wrist_flex,0.0,1.2093,0.0,1.1426,1909,0,64,2,12.2,37,step_10,no_load,0.0
5.248383,0.432336,wrist_flex,0.0,1.2093,0.0,1.1426,1909,0,64,2,12.2,37,step_10,no_load,0.0
5.258981,0.442934,wrist_flex,0.0,1.2093,0.0,1.1426,1909,0,64,2,12.2,37,step_10,no_load,0.0
5.269277,0.45323,wrist_flex,0.0,1.2093,0.0,1.1426,1909,0,64,2,12.2,37,step_10,no_load,0.0
5.279496,0.463449,wrist_flex,0.0,1.2093,0.0,1.1426,1909,0,64,2,12.2,37,step_10,no_load,0.0
5.290171,0.474124,wrist_flex,0.0,1.2093,0.0,1.1426,1909,0,64,2,12.2,37,step_10,no_load,0.0
5.300323,0.484276,wrist_flex,0.0,1.2093,0.0,1.1426,1909,0,64,2,12.2,37,step_10,no_load,0.0
5.310532,0.494485,wrist_flex,0.0,1.2093,0.0,1.1426,1909,0,64,2,12.3,37,step_10,no_load,0.0
5.321529,0.505482,wrist_flex,0.0,1.2093,0.0,1.1426,1909,0,64,3,12.2,37,step_10,no_load,0.0
5.332661,0.516614,wrist_flex,0.0,1.2093,0.0,1.1426,1909,0,64,2,12.3,37,step_10,no_load,0.0
5.343332,0.527285,wrist_flex,0.0,1.2093,0.0,1.1426,1909,0,64,2,12.2,37,step_10,no_load,0.0
5.353747,0.5377,wrist_flex,0.0,1.2093,0.0,1.1426,1909,0,64,2,12.2,37,step_10,no_load,0.0
5.364477,0.54843,wrist_flex,0.0,1.2093,0.0,1.1426,1909,0,64,2,12.2,37,step_10,no_load,0.0
5.374759,0.558712,wrist_flex,0.0,1.2093,0.0,1.1426,1909,0,64,2,12.2,37,step_10,no_load,0.0
5.385256,0.569209,wrist_flex,0.0,1.2093,0.0,1.1426,1909,0,64,2,12.2,37,step_10,no_load,0.0
5.395584,0.579537,wrist_flex,0.0,1.2093,0.0,1.1426,1909,0,64,2,12.2,37,step_10,no_load,0.0
5.406645,0.590598,wrist_flex,0.0,1.2093,0.0,1.1426,1909,0,64,2,12.2,37,step_10,no_load,0.0
5.417668,0.601621,wrist_flex,0.0,1.2093,0.0,1.1426,1909,0,64,2,12.2,37,step_10,no_load,0.0
5.428083,0.612036,wrist_flex,0.0,1.2093,0.0,1.1426,1909,0,64,2,12.2,37,step_10,no_load,0.0
5.43816,0.622113,wrist_flex,0.0,1.2093,0.0,1.1426,1909,0,64,2,12.3,37,step_10,no_load,0.0
5.448373,0.632326,wrist_flex,0.0,1.2093,0.0,1.1426,1909,0,64,1,12.2,37,step_10,no_load,0.0
5.458602,0.642555,wrist_flex,0.0,1.2093,0.0,1.1426,1909,0,64,2,12.3,37,step_10,no_load,0.0
5.468873,0.652826,wrist_flex,0.0,1.2093,0.0,1.1426,1909,0,64,2,12.2,37,step_10,no_load,0.0
5.479174,0.663127,wrist_flex,0.0,1.2093,0.0,1.1426,1909,0,64,2,12.2,37,step_10,no_load,0.0
5.489655,0.673608,wrist_flex,0.0,1.2093,0.0,1.1426,1909,0,64,2,12.2,37,step_10,no_load,0.0
5.499856,0.683809,wrist_flex,0.0,1.2093,0.0,1.1426,1909,0,64,2,12.2,37,step_10,no_load,0.0
5.509993,0.693946,wrist_flex,0.0,1.2093,0.0,1.1426,1909,0,64,1,12.2,37,step_10,no_load,0.0
5.520293,0.704246,wrist_flex,0.0,1.2093,0.0,1.1426,1909,0,64,2,12.2,37,step_10,no_load,0.0
5.53073,0.714683,wrist_flex,0.0,1.2093,0.0,1.1426,1909,0,64,2,12.2,37,step_10,no_load,0.0
5.541504,0.725457,wrist_flex,0.0,1.2093,0.0,1.1426,1909,0,64,2,12.3,37,step_10,no_load,0.0
5.552426,0.736379,wrist_flex,0.0,1.2093,0.0,1.1426,1909,0,64,2,12.2,37,step_10,no_load,0.0
5.562772,0.746725,wrist_flex,0.0,1.2093,0.0,1.1426,1909,0,64,2,12.3,37,step_10,no_load,0.0
5.573027,0.75698,wrist_flex,0.0,1.2093,0.0,1.1426,1909,0,64,2,12.2,37,step_10,no_load,0.0
5.583735,0.767688,wrist_flex,0.0,1.2093,0.0,1.1426,1909,0,64,2,12.2,37,step_10,no_load,0.0
5.594166,0.778119,wrist_flex,0.0,1.2093,0.0,1.1426,1909,0,64,2,12.3,37,step_10,no_load,0.0
5.60426,0.788213,wrist_flex,0.0,1.2093,0.0,1.1426,1909,0,64,2,12.2,37,step_10,no_load,0.0
5.614442,0.798395,wrist_flex,0.0,1.2093,0.0,1.1426,1909,0,64,2,12.3,37,step_10,no_load,0.0
5.625041,0.808994,wrist_flex,0.0,1.2093,0.0,1.1426,1909,0,64,2,12.3,37,step_10,no_load,0.0
5.635594,0.819547,wrist_flex,0.0,1.2093,0.0,1.1426,1909,0,64,2,12.3,37,step_10,no_load,0.0
5.645964,0.829917,wrist_flex,0.0,1.2093,0.0,1.1426,1909,0,64,2,12.2,37,step_10,no_load,0.0
5.656198,0.840151,wrist_flex,0.0,1.2093,0.0,1.1426,1909,0,64,2,12.2,37,step_10,no_load,0.0
5.666747,0.8507,wrist_flex,0.0,1.2093,0.0,1.1426,1909,0,64,2,12.2,37,step_10,no_load,0.0
5.677218,0.861171,wrist_flex,0.0,1.2093,0.0,1.1426,1909,0,64,1,12.3,37,step_10,no_load,0.0
5.687712,0.871665,wrist_flex,0.0,1.2093,0.0,1.1426,1909,0,64,2,12.2,37,step_10,no_load,0.0
5.698311,0.882264,wrist_flex,0.0,1.2093,0.0,1.1426,1909,0,64,2,12.2,37,step_10,no_load,0.0
5.708795,0.892748,wrist_flex,0.0,1.2093,0.0,1.1426,1909,0,64,2,12.3,37,step_10,no_load,0.0
5.719051,0.903004,wrist_flex,0.0,1.2093,0.0,1.1426,1909,0,64,2,12.2,37,step_10,no_load,0.0
5.730093,0.914046,wrist_flex,0.0,1.2093,0.0,1.1426,1909,0,64,2,12.2,37,step_10,no_load,0.0
5.740568,0.924521,wrist_flex,0.0,1.2093,0.0,1.1426,1909,0,64,2,12.3,37,step_10,no_load,0.0
5.750967,0.93492,wrist_flex,0.0,1.2093,0.0,1.1426,1909,0,64,2,12.2,37,step_10,no_load,0.0
5.761115,0.945068,wrist_flex,0.0,1.2093,0.0,1.1426,1909,0,64,2,12.2,37,step_10,no_load,0.0
5.771262,0.955215,wrist_flex,0.0,1.2093,0.0,1.1426,1909,0,64,2,12.3,37,step_10,no_load,0.0
5.781633,0.965586,wrist_flex,0.0,1.2093,0.0,1.1426,1909,0,64,2,12.2,37,step_10,no_load,0.0
5.79227,0.976223,wrist_flex,0.0,1.2093,0.0,1.1426,1909,0,64,1,12.2,37,step_10,no_load,0.0
5.802835,0.986788,wrist_flex,0.0,1.2093,0.0,1.1426,1909,0,64,2,12.2,37,step_10,no_load,0.0
5.813274,0.997227,wrist_flex,0.0,1.2093,0.0,1.1426,1909,0,64,2,12.2,37,step_10,no_load,0.0
5.823941,1.007894,wrist_flex,0.0,1.2093,0.0,1.1426,1909,0,64,2,12.2,37,step_10,no_load,0.0
5.83456,1.018513,wrist_flex,0.0,1.2093,0.0,1.1426,1909,0,64,2,12.2,37,step_10,no_load,0.0
5.844794,1.028747,wrist_flex,0.0,1.2093,0.0,1.1426,1909,0,64,2,12.2,37,step_10,no_load,0.0
5.855083,1.039036,wrist_flex,0.0,1.2093,0.0,1.1426,1909,0,64,2,12.2,37,step_10,no_load,0.0
5.865294,1.049247,wrist_flex,0.0,1.2093,0.0,1.1426,1909,0,64,2,12.3,37,step_10,no_load,0.0
5.875895,1.059848,wrist_flex,0.0,1.2093,0.0,1.1426,1909,0,64,2,12.2,37,step_10,no_load,0.0
5.886483,1.070436,wrist_flex,0.0,1.2093,0.0,1.1426,1909,0,64,2,12.2,38,step_10,no_load,0.0
5.896846,1.080799,wrist_flex,0.0,1.2093,0.0,1.1426,1909,0,64,2,12.2,37,step_10,no_load,0.0
5.90751,1.091463,wrist_flex,0.0,1.2093,0.0,1.1426,1909,0,64,2,12.2,37,step_10,no_load,0.0
5.918019,1.101972,wrist_flex,0.0,1.2093,0.0,1.1426,1909,0,64,2,12.2,37,step_10,no_load,0.0
5.928311,1.112264,wrist_flex,0.0,1.2093,0.0,1.1426,1909,0,64,2,12.2,37,step_10,no_load,0.0
5.938403,1.122356,wrist_flex,0.0,1.2093,0.0,1.1426,1909,0,64,2,12.2,37,step_10,no_load,0.0
5.948497,1.13245,wrist_flex,0.0,1.2093,0.0,1.1426,1909,0,64,2,12.2,38,step_10,no_load,0.0
5.959126,1.143079,wrist_flex,0.0,1.2093,0.0,1.1426,1909,0,64,2,12.2,37,step_10,no_load,0.0
5.96946,1.153413,wrist_flex,0.0,1.2093,0.0,1.1426,1909,0,64,2,12.3,37,step_10,no_load,0.0
5.97991,1.163863,wrist_flex,0.0,1.2093,0.0,1.1426,1909,0,64,2,12.2,37,step_10,no_load,0.0
5.990065,1.174018,wrist_flex,0.0,1.2093,0.0,1.1426,1909,0,64,2,12.1,37,step_10,no_load,0.0
6.001019,1.184972,wrist_flex,0.0,1.2093,0.0,1.1426,1909,0,64,2,12.2,37,step_10,no_load,0.0
6.011409,1.195362,wrist_flex,0.0,1.2093,0.0,1.1426,1909,0,64,2,12.2,37,step_10,no_load,0.0
6.02255,2e-06,wrist_flex,10.0,1.2093,9.4482,1.1426,1909,0,64,2,12.2,37,step_10,no_load,0.0
6.033518,0.01097,wrist_flex,10.0,1.2093,9.4482,1.1426,1909,0,60,1,12.2,37,step_10,no_load,0.0
6.04621,0.023662,wrist_flex,10.0,1.2093,9.4482,1.1426,1909,0,20,0,12.2,37,step_10,no_load,0.0
6.056481,0.033933,wrist_flex,10.0,1.2093,9.4482,1.1426,1909,0,1092,2,12.2,37,step_10,no_load,0.0
6.067007,0.044459,wrist_flex,10.0,1.3023,9.4482,1.2305,1910,0,1132,3,12.2,37,step_10,no_load,8.351
6.07756,0.055011,wrist_flex,10.0,1.4884,9.4482,1.4063,1912,50,1228,11,12.2,37,step_10,no_load,16.659
6.087694,0.065145,wrist_flex,10.0,1.8605,9.4482,1.7578,1916,50,1272,10,12.2,37,step_10,no_load,34.685
6.098597,0.076048,wrist_flex,10.0,2.4186,9.4482,2.2852,1922,400,1316,9,12.2,37,step_10,no_load,48.372
6.109219,0.086671,wrist_flex,10.0,3.2558,9.4482,3.0762,1931,400,1332,8,12.2,37,step_10,no_load,74.468
6.120076,0.097528,wrist_flex,10.0,4.186,9.4482,3.9551,1941,700,1264,0,12.2,37,step_10,no_load,80.952
6.13031,0.107762,wrist_flex,10.0,5.0233,9.4482,4.7461,1950,950,1256,0,12.2,37,step_10,no_load,77.291
6.1406,0.118052,wrist_flex,10.0,5.9535,9.4482,5.625,1960,950,1184,0,12.3,37,step_10,no_load,85.413
6.151429,0.128881,wrist_flex,10.0,6.6977,9.4482,6.3281,1968,850,1152,0,12.2,37,step_10,no_load,64.928
6.162006,0.139457,wrist_flex,10.0,7.2558,9.4482,6.8555,1974,850,1092,0,12.3,37,step_10,no_load,49.863
6.172827,0.150278,wrist_flex,10.0,7.814,9.4482,7.3828,1980,550,1076,0,12.2,37,step_10,no_load,48.729
6.183131,0.160582,wrist_flex,10.0,8.093,9.4482,7.6465,1983,550,1080,0,12.2,37,step_10,no_load,25.592
6.193601,0.171053,wrist_flex,10.0,8.3721,9.4482,7.9102,1986,350,1068,0,12.2,37,step_10,no_load,25.186
6.203742,0.181194,wrist_flex,10.0,8.6512,9.4482,8.1738,1989,350,1072,0,12.3,37,step_10,no_load,25.993
6.213904,0.191356,wrist_flex,10.0,8.8372,9.4482,8.3496,1991,200,1064,0,12.2,37,step_10,no_load,17.3
6.224049,0.201501,wrist_flex,10.0,9.0233,9.4482,8.5254,1993,200,1064,0,12.2,37,step_10,no_load,17.329
6.234617,0.212068,wrist_flex,10.0,9.2093,9.4482,8.7012,1995,200,1056,0,12.3,37,step_10,no_load,16.635
6.244784,0.222235,wrist_flex,10.0,9.3023,9.4482,8.7891,1996,200,1052,0,12.2,37,step_10,no_load,8.646
6.254994,0.232445,wrist_flex,10.0,9.3953,9.4482,8.877,1997,100,1056,0,12.2,37,step_10,no_load,8.609
6.265208,0.242659,wrist_flex,10.0,9.4884,9.4482,8.9648,1998,100,1052,0,12.3,37,step_10,no_load,8.596
6.275326,0.252777,wrist_flex,10.0,9.5814,9.4482,9.0527,1999,150,1048,0,12.2,37,step_10,no_load,8.687
6.286002,0.263454,wrist_flex,10.0,9.6744,9.4482,9.1406,2000,150,0,0,12.3,37,step_10,no_load,8.233
6.296288,0.273739,wrist_flex,10.0,9.7674,9.4482,9.2285,2001,100,0,0,12.2,37,step_10,no_load,8.546
6.30706,0.284511,wrist_flex,10.0,9.7674,9.4482,9.2285,2001,100,0,0,12.2,37,step_10,no_load,0.0
6.317732,0.295183,wrist_flex,10.0,9.7674,9.4482,9.2285,2001,0,1048,0,12.2,37,step_10,no_load,0.0
6.328305,0.305757,wrist_flex,10.0,9.7674,9.4482,9.2285,2001,0,1048,0,12.2,37,step_10,no_load,0.0
6.339097,0.316549,wrist_flex,10.0,9.7674,9.4482,9.2285,2001,0,1048,0,12.2,37,step_10,no_load,0.0
6.349548,0.327,wrist_flex,10.0,9.7674,9.4482,9.2285,2001,0,1048,0,12.3,37,step_10,no_load,0.0
6.359737,0.337189,wrist_flex,10.0,9.7674,9.4482,9.2285,2001,0,1048,0,12.2,37,step_10,no_load,0.0
6.369872,0.347323,wrist_flex,10.0,9.7674,9.4482,9.2285,2001,0,1048,0,12.3,37,step_10,no_load,0.0
6.380565,0.358017,wrist_flex,10.0,9.7674,9.4482,9.2285,2001,0,1048,0,12.2,37,step_10,no_load,0.0
6.391568,0.369019,wrist_flex,10.0,9.7674,9.4482,9.2285,2001,0,1048,0,12.3,37,step_10,no_load,0.0
6.401936,0.379388,wrist_flex,10.0,9.7674,9.4482,9.2285,2001,0,1048,0,12.2,37,step_10,no_load,0.0
6.412305,0.389757,wrist_flex,10.0,9.7674,9.4482,9.2285,2001,0,1048,0,12.3,37,step_10,no_load,0.0
6.422712,0.400163,wrist_flex,10.0,9.7674,9.4482,9.2285,2001,0,1048,0,12.2,37,step_10,no_load,0.0
6.433401,0.410853,wrist_flex,10.0,9.7674,9.4482,9.2285,2001,0,1048,0,12.2,37,step_10,no_load,0.0
6.443937,0.421388,wrist_flex,10.0,9.7674,9.4482,9.2285,2001,0,1048,1,12.2,37,step_10,no_load,0.0
6.454812,0.432263,wrist_flex,10.0,9.7674,9.4482,9.2285,2001,0,1048,0,12.2,37,step_10,no_load,0.0
6.465193,0.442645,wrist_flex,10.0,9.7674,9.4482,9.2285,2001,0,1048,0,12.3,37,step_10,no_load,0.0
6.475617,0.453069,wrist_flex,10.0,9.7674,9.4482,9.2285,2001,0,1048,0,12.2,37,step_10,no_load,0.0
6.486183,0.463634,wrist_flex,10.0,9.7674,9.4482,9.2285,2001,0,1048,0,12.2,37,step_10,no_load,0.0
6.496835,0.474287,wrist_flex,10.0,9.7674,9.4482,9.2285,2001,0,1048,0,12.2,37,step_10,no_load,0.0
6.507357,0.484808,wrist_flex,10.0,9.7674,9.4482,9.2285,2001,0,1048,0,12.2,37,step_10,no_load,0.0
6.517985,0.495437,wrist_flex,10.0,9.7674,9.4482,9.2285,2001,0,1048,0,12.2,37,step_10,no_load,0.0
6.528382,0.505833,wrist_flex,10.0,9.7674,9.4482,9.2285,2001,0,1048,0,12.2,37,step_10,no_load,0.0
6.538664,0.516116,wrist_flex,10.0,9.7674,9.4482,9.2285,2001,0,1048,0,12.2,37,step_10,no_load,0.0
6.549328,0.52678,wrist_flex,10.0,9.7674,9.4482,9.2285,2001,0,1048,0,12.2,37,step_10,no_load,0.0
6.559904,0.537355,wrist_flex,10.0,9.7674,9.4482,9.2285,2001,0,1048,0,12.3,37,step_10,no_load,0.0
6.570293,0.547744,wrist_flex,10.0,9.7674,9.4482,9.2285,2001,0,1048,0,12.2,37,step_10,no_load,0.0
6.58108,0.558531,wrist_flex,10.0,9.7674,9.4482,9.2285,2001,0,1048,0,12.2,37,step_10,no_load,0.0
6.591632,0.569084,wrist_flex,10.0,9.7674,9.4482,9.2285,2001,0,1048,0,12.2,37,step_10,no_load,0.0
6.6021,0.579551,wrist_flex,10.0,9.7674,9.4482,9.2285,2001,0,1048,0,12.3,37,step_10,no_load,0.0
6.612858,0.590309,wrist_flex,10.0,9.7674,9.4482,9.2285,2001,0,1048,0,12.3,37,step_10,no_load,0.0
6.623242,0.600694,wrist_flex,10.0,9.7674,9.4482,9.2285,2001,0,1048,0,12.2,37,step_10,no_load,0.0
6.63368,0.611132,wrist_flex,10.0,9.7674,9.4482,9.2285,2001,0,1048,0,12.2,37,step_10,no_load,0.0
6.643828,0.62128,wrist_flex,10.0,9.7674,9.4482,9.2285,2001,0,1048,0,12.2,37,step_10,no_load,0.0
6.654119,0.63157,wrist_flex,10.0,9.7674,9.4482,9.2285,2001,0,1048,0,12.2,37,step_10,no_load,0.0
6.664397,0.641848,wrist_flex,10.0,9.7674,9.4482,9.2285,2001,0,1048,0,12.2,37,step_10,no_load,0.0
6.674822,0.652274,wrist_flex,10.0,9.7674,9.4482,9.2285,2001,0,1048,0,12.2,37,step_10,no_load,0.0
6.685227,0.662678,wrist_flex,10.0,9.7674,9.4482,9.2285,2001,0,1048,0,12.3,37,step_10,no_load,0.0
6.696009,0.67346,wrist_flex,10.0,9.7674,9.4482,9.2285,2001,0,1048,0,12.2,37,step_10,no_load,0.0
6.706125,0.683577,wrist_flex,10.0,9.7674,9.4482,9.2285,2001,0,1048,0,12.2,37,step_10,no_load,0.0
6.71676,0.694212,wrist_flex,10.0,9.7674,9.4482,9.2285,2001,0,1048,0,12.3,37,step_10,no_load,0.0
6.727163,0.704614,wrist_flex,10.0,9.7674,9.4482,9.2285,2001,0,1048,0,12.2,37,step_10,no_load,0.0
6.738019,0.71547,wrist_flex,10.0,9.7674,9.4482,9.2285,2001,0,1048,0,12.2,37,step_10,no_load,0.0
6.748516,0.725968,wrist_flex,10.0,9.7674,9.4482,9.2285,2001,0,1048,1,12.2,37,step_10,no_load,0.0
6.759052,0.736503,wrist_flex,10.0,9.7674,9.4482,9.2285,2001,0,1048,0,12.2,37,step_10,no_load,0.0
6.769492,0.746944,wrist_flex,10.0,9.7674,9.4482,9.2285,2001,0,1048,0,12.2,37,step_10,no_load,0.0
6.780107,0.757558,wrist_flex,10.0,9.7674,9.4482,9.2285,2001,0,1048,1,12.2,37,step_10,no_load,0.0
6.790568,0.76802,wrist_flex,10.0,9.7674,9.4482,9.2285,2001,0,1048,0,12.2,37,step_10,no_load,0.0
6.801213,0.778665,wrist_flex,10.0,9.7674,9.4482,9.2285,2001,0,1048,0,12.2,37,step_10,no_load,0.0
6.81187,0.789322,wrist_flex,10.0,9.7674,9.4482,9.2285,2001,0,1048,0,12.2,37,step_10,no_load,0.0
6.822171,0.799623,wrist_flex,10.0,9.7674,9.4482,9.2285,2001,0,1048,1,12.2,37,step_10,no_load,0.0
6.832779,0.810231,wrist_flex,10.0,9.7674,9.4482,9.2285,2001,0,1048,1,12.2,37,step_10,no_load,0.0
6.842977,0.820428,wrist_flex,10.0,9.7674,9.4482,9.2285,2001,0,1048,0,12.2,37,step_10,no_load,0.0
6.85382,0.831272,wrist_flex,10.0,9.7674,9.4482,9.2285,2001,0,1048,0,12.2,37,step_10,no_load,0.0
6.86435,0.841801,wrist_flex,10.0,9.7674,9.4482,9.2285,2001,0,1048,0,12.2,36,step_10,no_load,0.0
6.874674,0.852126,wrist_flex,10.0,9.7674,9.4482,9.2285,2001,0,1048,0,12.2,37,step_10,no_load,0.0
6.884981,0.862433,wrist_flex,10.0,9.7674,9.4482,9.2285,2001,0,1048,0,12.3,37,step_10,no_load,0.0
6.895564,0.873016,wrist_flex,10.0,9.7674,9.4482,9.2285,2001,0,1048,0,12.2,37,step_10,no_load,0.0
6.905807,0.883259,wrist_flex,10.0,9.7674,9.4482,9.2285,2001,0,1048,0,12.2,37,step_10,no_load,0.0
6.916494,0.893946,wrist_flex,10.0,9.7674,9.4482,9.2285,2001,0,1048,0,12.3,38,step_10,no_load,0.0
6.926954,0.904406,wrist_flex,10.0,9.7674,9.4482,9.2285,2001,0,1048,0,12.3,37,step_10,no_load,0.0
6.937517,0.914968,wrist_flex,10.0,9.7674,9.4482,9.2285,2001,0,1048,0,12.2,37,step_10,no_load,0.0
6.947854,0.925306,wrist_flex,10.0,9.7674,9.4482,9.2285,2001,0,1048,0,12.3,37,step_10,no_load,0.0
6.958345,0.935796,wrist_flex,10.0,9.7674,9.4482,9.2285,2001,0,1048,0,12.2,37,step_10,no_load,0.0
6.968535,0.945986,wrist_flex,10.0,9.7674,9.4482,9.2285,2001,0,1048,0,12.2,37,step_10,no_load,0.0
6.979261,0.956713,wrist_flex,10.0,9.7674,9.4482,9.2285,2001,0,1048,0,12.3,37,step_10,no_load,0.0
6.990365,0.967816,wrist_flex,10.0,9.7674,9.4482,9.2285,2001,0,1048,1,12.3,37,step_10,no_load,0.0
7.000692,0.978144,wrist_flex,10.0,9.7674,9.4482,9.2285,2001,0,1048,1,12.2,37,step_10,no_load,0.0
7.01091,0.988361,wrist_flex,10.0,9.7674,9.4482,9.2285,2001,0,1048,0,12.3,37,step_10,no_load,0.0
7.021495,0.998947,wrist_flex,10.0,9.7674,9.4482,9.2285,2001,0,1048,0,12.3,37,step_10,no_load,0.0
7.031721,1.009172,wrist_flex,10.0,9.7674,9.4482,9.2285,2001,0,1048,1,12.3,37,step_10,no_load,0.0
7.042721,1.020172,wrist_flex,10.0,9.7674,9.4482,9.2285,2001,0,1048,0,12.2,37,step_10,no_load,0.0
7.053302,1.030754,wrist_flex,10.0,9.7674,9.4482,9.2285,2001,0,1048,0,12.2,37,step_10,no_load,0.0
7.063934,1.041385,wrist_flex,10.0,9.7674,9.4482,9.2285,2001,0,1048,1,12.3,37,step_10,no_load,0.0
7.074596,1.052048,wrist_flex,10.0,9.7674,9.4482,9.2285,2001,0,1048,0,12.2,37,step_10,no_load,0.0
7.084901,1.062353,wrist_flex,10.0,9.7674,9.4482,9.2285,2001,0,1048,0,12.2,37,step_10,no_load,0.0
7.095568,1.073019,wrist_flex,10.0,9.7674,9.4482,9.2285,2001,0,1048,0,12.2,37,step_10,no_load,0.0
7.106066,1.083518,wrist_flex,10.0,9.7674,9.4482,9.2285,2001,0,1048,0,12.2,37,step_10,no_load,0.0
7.116239,1.09369,wrist_flex,10.0,9.7674,9.4482,9.2285,2001,0,1048,0,12.2,37,step_10,no_load,0.0
7.126645,1.104097,wrist_flex,10.0,9.7674,9.4482,9.2285,2001,0,1048,0,12.3,37,step_10,no_load,0.0
7.137072,1.114523,wrist_flex,10.0,9.7674,9.4482,9.2285,2001,0,1048,0,12.2,37,step_10,no_load,0.0
7.147382,1.124833,wrist_flex,10.0,9.7674,9.4482,9.2285,2001,0,1048,0,12.3,37,step_10,no_load,0.0
7.157629,1.135081,wrist_flex,10.0,9.7674,9.4482,9.2285,2001,0,1048,0,12.2,37,step_10,no_load,0.0
7.16779,1.145242,wrist_flex,10.0,9.7674,9.4482,9.2285,2001,0,1048,0,12.2,37,step_10,no_load,0.0
7.178203,1.155655,wrist_flex,10.0,9.7674,9.4482,9.2285,2001,0,1048,0,12.2,37,step_10,no_load,0.0
7.188468,1.165919,wrist_flex,10.0,9.7674,9.4482,9.2285,2001,0,1048,0,12.2,37,step_10,no_load,0.0
7.199382,1.176834,wrist_flex,10.0,9.7674,9.4482,9.2285,2001,0,1048,0,12.3,37,step_10,no_load,0.0
7.209509,1.18696,wrist_flex,10.0,9.7674,9.4482,9.2285,2001,0,1048,0,12.3,37,step_10,no_load,0.0
7.219724,1.197175,wrist_flex,10.0,9.7674,9.4482,9.2285,2001,0,1048,0,12.2,37,step_10,no_load,0.0
7.23132,2e-06,wrist_flex,0.0,9.7674,0.0,9.2285,2001,0,1048,0,12.2,37,step_10,no_load,0.0
7.241962,0.010644,wrist_flex,0.0,9.7674,0.0,9.2285,2001,0,0,0,12.3,37,step_10,no_load,0.0
7.252743,0.021425,wrist_flex,0.0,9.7674,0.0,9.2285,2001,0,36,0,12.2,37,step_10,no_load,0.0
7.262841,0.031522,wrist_flex,0.0,9.7674,0.0,9.2285,2001,0,68,2,12.2,37,step_10,no_load,0.0
7.273501,0.042183,wrist_flex,0.0,9.6744,0.0,9.1406,2000,0,152,10,12.2,37,step_10,no_load,-8.246
7.283645,0.052327,wrist_flex,0.0,9.5814,0.0,9.0527,1999,-100,200,18,12.2,37,step_10,no_load,-8.665
7.294376,0.063057,wrist_flex,0.0,9.2093,0.0,8.7012,1995,-100,280,20,12.2,37,step_10,no_load,-32.756
7.305248,0.07393,wrist_flex,0.0,8.6512,0.0,8.1738,1989,-350,320,18,12.2,37,step_10,no_load,-48.51
7.315573,0.084255,wrist_flex,0.0,8.0,0.0,7.5586,1982,-350,344,16,12.2,37,step_10,no_load,-59.584
7.326211,0.094893,wrist_flex,0.0,7.0698,0.0,6.6797,1972,-750,292,5,12.2,37,step_10,no_load,-82.619
7.33644,0.105122,wrist_flex,0.0,6.2326,0.0,5.8887,1963,-750,284,5,12.2,37,step_10,no_load,-77.329
7.346986,0.115668,wrist_flex,0.0,5.3023,0.0,5.0098,1953,-900,216,0,12.2,37,step_10,no_load,-83.34
7.357231,0.125913,wrist_flex,0.0,4.5581,0.0,4.3066,1945,-900,184,0,12.2,37,step_10,no_load,-68.638
7.368198,0.13688,wrist_flex,0.0,3.907,0.0,3.6914,1938,-800,112,0,12.2,37,step_10,no_load,-56.096
7.379234,0.147916,wrist_flex,0.0,3.3488,0.0,3.1641,1932,-550,92,0,12.2,37,step_10,no_load,-47.78
7.389987,0.158668,wrist_flex,0.0,2.9767,0.0,2.8125,1928,-550,100,2,12.2,37,step_10,no_load,-32.698
7.401531,0.170213,wrist_flex,0.0,2.6977,0.0,2.5488,1925,-300,92,1,12.2,37,step_10,no_load,-22.843
7.4127,0.181382,wrist_flex,0.0,2.5116,0.0,2.373,1923,-300,92,2,12.2,37,step_10,no_load,-15.74
7.423309,0.191991,wrist_flex,0.0,2.2326,0.0,2.1094,1920,-250,84,2,12.2,38,step_10,no_load,-24.847
7.433557,0.202239,wrist_flex,0.0,2.1395,0.0,2.0215,1919,-250,88,1,12.2,37,step_10,no_load,-8.577
7.444048,0.21273,wrist_flex,0.0,1.9535,0.0,1.8457,1917,-150,76,1,12.2,37,step_10,no_load,-16.757
7.454323,0.223005,wrist_flex,0.0,1.7674,0.0,1.6699,1915,-150,72,1,12.2,37,step_10,no_load,-17.109
7.464584,0.233266,wrist_flex,0.0,1.6744,0.0,1.582,1914,-200,72,1,12.2,37,step_10,no_load,-8.566
7.474813,0.243494,wrist_flex,0.0,1.5814,0.0,1.4941,1913,-200,72,2,12.2,37,step_10,no_load,-8.593
7.485704,0.254386,wrist_flex,0.0,1.4884,0.0,1.4063,1912,-50,68,0,12.3,37,step_10,no_load,-8.062
7.496313,0.264995,wrist_flex,0.0,1.3953,0.0,1.3184,1911,-50,64,1,12.2,37,step_10,no_load,-8.285
7.507016,0.275698,wrist_flex,0.0,1.3023,0.0,1.2305,1910,-100,60,1,12.2,37,step_10,no_load,-8.213
7.517412,0.286094,wrist_flex,0.0,1.3023,0.0,1.2305,1910,-50,60,2,12.2,38,step_10,no_load,0.0
7.53033,0.299012,wrist_flex,0.0,1.2093,0.0,1.1426,1909,-50,64,2,12.2,37,step_10,no_load,-6.804
7.540974,0.309656,wrist_flex,0.0,1.2093,0.0,1.1426,1909,-50,60,2,12.2,37,step_10,no_load,0.0
7.551212,0.319894,wrist_flex,0.0,1.2093,0.0,1.1426,1909,-50,60,2,12.3,37,step_10,no_load,0.0
7.5622,0.330881,wrist_flex,0.0,1.2093,0.0,1.1426,1909,0,60,2,12.2,37,step_10,no_load,0.0
7.572392,0.341074,wrist_flex,0.0,1.2093,0.0,1.1426,1909,0,64,2,12.2,37,step_10,no_load,0.0
7.582876,0.351558,wrist_flex,0.0,1.2093,0.0,1.1426,1909,0,64,2,12.2,38,step_10,no_load,0.0
7.592934,0.361615,wrist_flex,0.0,1.2093,0.0,1.1426,1909,0,64,2,12.3,37,step_10,no_load,0.0
7.603198,0.37188,wrist_flex,0.0,1.2093,0.0,1.1426,1909,0,64,2,12.2,37,step_10,no_load,0.0
7.613444,0.382126,wrist_flex,0.0,1.2093,0.0,1.1426,1909,0,64,2,12.2,37,step_10,no_load,0.0
7.623632,0.392314,wrist_flex,0.0,1.2093,0.0,1.1426,1909,0,64,2,12.3,37,step_10,no_load,0.0
7.633991,0.402673,wrist_flex,0.0,1.2093,0.0,1.1426,1909,0,64,2,12.2,37,step_10,no_load,0.0
7.644118,0.4128,wrist_flex,0.0,1.2093,0.0,1.1426,1909,0,64,2,12.2,37,step_10,no_load,0.0
7.654397,0.423079,wrist_flex,0.0,1.2093,0.0,1.1426,1909,0,64,2,12.3,37,step_10,no_load,0.0
7.664691,0.433373,wrist_flex,0.0,1.2093,0.0,1.1426,1909,0,64,2,12.2,37,step_10,no_load,0.0
7.675239,0.443921,wrist_flex,0.0,1.2093,0.0,1.1426,1909,0,64,2,12.2,37,step_10,no_load,0.0
7.68563,0.454312,wrist_flex,0.0,1.2093,0.0,1.1426,1909,0,64,2,12.2,37,step_10,no_load,0.0
7.695735,0.464417,wrist_flex,0.0,1.2093,0.0,1.1426,1909,0,64,2,12.2,37,step_10,no_load,0.0
7.705915,0.474597,wrist_flex,0.0,1.2093,0.0,1.1426,1909,0,64,2,12.2,37,step_10,no_load,0.0
7.716121,0.484803,wrist_flex,0.0,1.2093,0.0,1.1426,1909,0,64,2,12.2,37,step_10,no_load,0.0
7.726443,0.495124,wrist_flex,0.0,1.2093,0.0,1.1426,1909,0,64,2,12.2,37,step_10,no_load,0.0
7.736643,0.505325,wrist_flex,0.0,1.2093,0.0,1.1426,1909,0,64,2,12.2,37,step_10,no_load,0.0
7.747029,0.515711,wrist_flex,0.0,1.2093,0.0,1.1426,1909,0,64,2,12.2,37,step_10,no_load,0.0
7.757353,0.526035,wrist_flex,0.0,1.2093,0.0,1.1426,1909,0,64,2,12.3,37,step_10,no_load,0.0
7.767888,0.53657,wrist_flex,0.0,1.2093,0.0,1.1426,1909,0,64,2,12.2,37,step_10,no_load,0.0
7.778513,0.547194,wrist_flex,0.0,1.2093,0.0,1.1426,1909,0,64,2,12.2,37,step_10,no_load,0.0
7.788763,0.557445,wrist_flex,0.0,1.2093,0.0,1.1426,1909,0,64,2,12.2,37,step_10,no_load,0.0
7.799588,0.56827,wrist_flex,0.0,1.2093,0.0,1.1426,1909,0,64,2,12.3,37,step_10,no_load,0.0
7.810431,0.579113,wrist_flex,0.0,1.2093,0.0,1.1426,1909,0,64,2,12.3,37,step_10,no_load,0.0
7.821111,0.589793,wrist_flex,0.0,1.2093,0.0,1.1426,1909,0,64,2,12.2,37,step_10,no_load,0.0
7.8314,0.600082,wrist_flex,0.0,1.2093,0.0,1.1426,1909,0,64,3,12.2,37,step_10,no_load,0.0
7.841773,0.610455,wrist_flex,0.0,1.2093,0.0,1.1426,1909,0,64,2,12.3,37,step_10,no_load,0.0
7.852358,0.62104,wrist_flex,0.0,1.2093,0.0,1.1426,1909,0,64,2,12.2,37,step_10,no_load,0.0
7.862991,0.631673,wrist_flex,0.0,1.2093,0.0,1.1426,1909,0,64,2,12.2,37,step_10,no_load,0.0
7.873236,0.641918,wrist_flex,0.0,1.2093,0.0,1.1426,1909,0,64,2,12.2,37,step_10,no_load,0.0
7.883663,0.652345,wrist_flex,0.0,1.2093,0.0,1.1426,1909,0,64,3,12.2,37,step_10,no_load,0.0
7.893874,0.662556,wrist_flex,0.0,1.2093,0.0,1.1426,1909,0,64,2,12.2,37,step_10,no_load,0.0
7.904256,0.672938,wrist_flex,0.0,1.2093,0.0,1.1426,1909,0,64,2,12.2,37,step_10,no_load,0.0
7.914452,0.683134,wrist_flex,0.0,1.2093,0.0,1.1426,1909,0,64,3,12.2,37,step_10,no_load,0.0
7.924675,0.693357,wrist_flex,0.0,1.2093,0.0,1.1426,1909,0,64,2,12.2,37,step_10,no_load,0.0
7.935064,0.703746,wrist_flex,0.0,1.2093,0.0,1.1426,1909,0,64,2,12.2,37,step_10,no_load,0.0
7.94539,0.714072,wrist_flex,0.0,1.2093,0.0,1.1426,1909,0,64,2,12.2,37,step_10,no_load,0.0
7.955576,0.724258,wrist_flex,0.0,1.2093,0.0,1.1426,1909,0,64,2,12.2,37,step_10,no_load,0.0
7.965949,0.734631,wrist_flex,0.0,1.2093,0.0,1.1426,1909,0,64,2,12.2,37,step_10,no_load,0.0
7.976426,0.745108,wrist_flex,0.0,1.2093,0.0,1.1426,1909,0,64,2,12.2,37,step_10,no_load,0.0
7.986612,0.755294,wrist_flex,0.0,1.2093,0.0,1.1426,1909,0,64,2,12.2,37,step_10,no_load,0.0
7.996961,0.765643,wrist_flex,0.0,1.2093,0.0,1.1426,1909,0,64,2,12.2,37,step_10,no_load,0.0
8.007479,0.776161,wrist_flex,0.0,1.2093,0.0,1.1426,1909,0,64,2,12.2,37,step_10,no_load,0.0
8.01775,0.786432,wrist_flex,0.0,1.2093,0.0,1.1426,1909,0,64,2,12.3,37,step_10,no_load,0.0
8.028334,0.797016,wrist_flex,0.0,1.2093,0.0,1.1426,1909,0,64,2,12.3,37,step_10,no_load,0.0
8.039099,0.807781,wrist_flex,0.0,1.2093,0.0,1.1426,1909,0,64,2,12.2,37,step_10,no_load,0.0
8.049391,0.818073,wrist_flex,0.0,1.2093,0.0,1.1426,1909,0,64,2,12.2,37,step_10,no_load,0.0
8.059667,0.828349,wrist_flex,0.0,1.2093,0.0,1.1426,1909,0,64,2,12.2,37,step_10,no_load,0.0
8.070263,0.838944,wrist_flex,0.0,1.2093,0.0,1.1426,1909,0,64,2,12.2,38,step_10,no_load,0.0
8.080422,0.849104,wrist_flex,0.0,1.2093,0.0,1.1426,1909,0,64,2,12.2,37,step_10,no_load,0.0
8.090577,0.859259,wrist_flex,0.0,1.2093,0.0,1.1426,1909,0,64,2,12.2,37,step_10,no_load,0.0
8.100758,0.86944,wrist_flex,0.0,1.2093,0.0,1.1426,1909,0,64,2,12.3,37,step_10,no_load,0.0
8.110958,0.87964,wrist_flex,0.0,1.2093,0.0,1.1426,1909,0,64,2,12.3,37,step_10,no_load,0.0
8.12146,0.890142,wrist_flex,0.0,1.2093,0.0,1.1426,1909,0,64,2,12.2,37,step_10,no_load,0.0
8.132447,0.901129,wrist_flex,0.0,1.2093,0.0,1.1426,1909,0,64,2,12.2,37,step_10,no_load,0.0
8.142846,0.911528,wrist_flex,0.0,1.2093,0.0,1.1426,1909,0,64,2,12.3,37,step_10,no_load,0.0
8.153058,0.92174,wrist_flex,0.0,1.2093,0.0,1.1426,1909,0,64,2,12.1,37,step_10,no_load,0.0
8.163437,0.932119,wrist_flex,0.0,1.2093,0.0,1.1426,1909,0,64,2,12.2,37,step_10,no_load,0.0
8.173785,0.942467,wrist_flex,0.0,1.2093,0.0,1.1426,1909,0,64,2,12.2,37,step_10,no_load,0.0
8.184151,0.952832,wrist_flex,0.0,1.2093,0.0,1.1426,1909,0,64,2,12.2,37,step_10,no_load,0.0
8.194751,0.963433,wrist_flex,0.0,1.2093,0.0,1.1426,1909,0,64,2,12.2,37,step_10,no_load,0.0
8.205785,0.974467,wrist_flex,0.0,1.2093,0.0,1.1426,1909,0,64,2,12.2,37,step_10,no_load,0.0
8.216155,0.984837,wrist_flex,0.0,1.2093,0.0,1.1426,1909,0,64,2,12.2,37,step_10,no_load,0.0
8.226625,0.995306,wrist_flex,0.0,1.2093,0.0,1.1426,1909,0,64,2,12.2,38,step_10,no_load,0.0
8.236938,1.00562,wrist_flex,0.0,1.2093,0.0,1.1426,1909,0,64,2,12.2,37,step_10,no_load,0.0
8.247366,1.016048,wrist_flex,0.0,1.2093,0.0,1.1426,1909,0,64,2,12.2,37,step_10,no_load,0.0
8.257669,1.026351,wrist_flex,0.0,1.2093,0.0,1.1426,1909,0,64,2,12.2,37,step_10,no_load,0.0
8.267924,1.036606,wrist_flex,0.0,1.2093,0.0,1.1426,1909,0,64,2,12.2,37,step_10,no_load,0.0
8.278281,1.046963,wrist_flex,0.0,1.2093,0.0,1.1426,1909,0,64,2,12.2,37,step_10,no_load,0.0
8.288473,1.057155,wrist_flex,0.0,1.2093,0.0,1.1426,1909,0,64,2,12.3,37,step_10,no_load,0.0
8.298802,1.067484,wrist_flex,0.0,1.2093,0.0,1.1426,1909,0,64,2,12.2,37,step_10,no_load,0.0
8.309257,1.077939,wrist_flex,0.0,1.2093,0.0,1.1426,1909,0,64,2,12.3,37,step_10,no_load,0.0
8.319803,1.088485,wrist_flex,0.0,1.2093,0.0,1.1426,1909,0,64,2,12.2,37,step_10,no_load,0.0
8.330238,1.09892,wrist_flex,0.0,1.2093,0.0,1.1426,1909,0,64,2,12.2,37,step_10,no_load,0.0
8.340843,1.109525,wrist_flex,0.0,1.2093,0.0,1.1426,1909,0,64,2,12.3,37,step_10,no_load,0.0
8.351253,1.119935,wrist_flex,0.0,1.2093,0.0,1.1426,1909,0,64,2,12.2,37,step_10,no_load,0.0
8.361706,1.130388,wrist_flex,0.0,1.2093,0.0,1.1426,1909,0,64,2,12.2,37,step_10,no_load,0.0
8.37245,1.141132,wrist_flex,0.0,1.2093,0.0,1.1426,1909,0,64,2,12.3,37,step_10,no_load,0.0
8.382948,1.15163,wrist_flex,0.0,1.2093,0.0,1.1426,1909,0,64,2,12.3,37,step_10,no_load,0.0
8.394066,1.162747,wrist_flex,0.0,1.2093,0.0,1.1426,1909,0,64,2,12.2,37,step_10,no_load,0.0
8.404298,1.17298,wrist_flex,0.0,1.2093,0.0,1.1426,1909,0,64,2,12.2,37,step_10,no_load,0.0
8.414455,1.183137,wrist_flex,0.0,1.2093,0.0,1.1426,1909,0,64,2,12.2,37,step_10,no_load,0.0
8.424908,1.19359,wrist_flex,0.0,1.2093,0.0,1.1426,1909,0,64,2,12.2,37,step_10,no_load,0.0
8.436745,5e-06,wrist_flex,10.0,1.2093,9.4482,1.1426,1909,0,64,2,12.2,37,step_10,no_load,0.0
8.447375,0.010635,wrist_flex,10.0,1.2093,9.4482,1.1426,1909,0,56,1,12.2,37,step_10,no_load,0.0
8.457843,0.021103,wrist_flex,10.0,1.2093,9.4482,1.1426,1909,0,24,0,12.2,37,step_10,no_load,0.0
8.468893,0.032153,wrist_flex,10.0,1.2093,9.4482,1.1426,1909,0,1060,0,12.2,37,step_10,no_load,0.0
8.479261,0.042521,wrist_flex,10.0,1.2093,9.4482,1.1426,1909,0,1132,4,12.2,37,step_10,no_load,0.0
8.489533,0.052793,wrist_flex,10.0,1.3953,9.4482,1.3184,1911,100,1180,5,12.2,37,step_10,no_load,17.114
8.499657,0.062917,wrist_flex,10.0,1.6744,9.4482,1.582,1914,100,1252,11,12.2,37,step_10,no_load,26.037
8.509811,0.073071,wrist_flex,10.0,2.2326,9.4482,2.1094,1920,400,1300,9,12.2,37,step_10,no_load,51.94
8.520036,0.083296,wrist_flex,10.0,2.8837,9.4482,2.7246,1927,400,1320,7,12.2,37,step_10,no_load,60.166
8.530304,0.093564,wrist_flex,10.0,3.7209,9.4482,3.5156,1936,800,1324,5,12.2,37,step_10,no_load,77.035
8.54086,0.10412,wrist_flex,10.0,4.7442,9.4482,4.4824,1947,800,1252,0,12.2,37,step_10,no_load,91.588
8.551158,0.114418,wrist_flex,10.0,5.5814,9.4482,5.2734,1956,950,1236,0,12.3,37,step_10,no_load,76.811
8.561279,0.124539,wrist_flex,10.0,6.3256,9.4482,5.9766,1964,950,1156,0,12.3,37,step_10,no_load,69.479
8.571552,0.134812,wrist_flex,10.0,7.0698,9.4482,6.6797,1972,800,1128,0,12.3,37,step_10,no_load,68.442
8.58183,0.14509,wrist_flex,10.0,7.5349,9.4482,7.1191,1977,800,1084,0,12.2,37,step_10,no_load,42.752
8.593055,0.156315,wrist_flex,10.0,8.0,9.4482,7.5586,1982,500,1084,0,12.2,36,step_10,no_load,39.154
8.60333,0.16659,wrist_flex,10.0,8.2791,9.4482,7.8223,1985,500,1076,0,12.2,37,step_10,no_load,25.664
8.613839,0.177099,wrist_flex,10.0,8.5581,9.4482,8.0859,1988,300,1076,0,12.2,37,step_10,no_load,25.083
8.624258,0.187518,wrist_flex,10.0,8.7442,9.4482,8.2617,1990,300,1072,0,12.2,37,step_10,no_load,16.873
8.634565,0.197825,wrist_flex,10.0,8.9302,9.4482,8.4375,1992,250,1068,0,12.2,37,step_10,no_load,17.056
8.64488,0.20814,wrist_flex,10.0,9.1163,9.4482,8.6133,1994,250,1060,0,12.2,37,step_10,no_load,17.043
8.655466,0.218726,wrist_flex,10.0,9.3023,9.4482,8.7891,1996,150,1056,0,12.2,37,step_10,no_load,16.607
8.665922,0.229182,wrist_flex,10.0,9.3023,9.4482,8.7891,1996,150,1052,0,12.2,37,step_10,no_load,0.0
8.676198,0.239458,wrist_flex,10.0,9.4884,9.4482,8.9648,1998,150,1048,0,12.2,37,step_10,no_load,17.098
8.686453,0.249713,wrist_flex,10.0,9.5814,9.4482,9.0527,1999,100,1044,0,12.2,37,step_10,no_load,8.571
8.696661,0.259921,wrist_flex,10.0,9.6744,9.4482,9.1406,2000,100,1044,1,12.1,37,step_10,no_load,8.611
8.706909,0.270169,wrist_flex,10.0,9.7674,9.4482,9.2285,2001,100,0,0,12.2,37,step_10,no_load,8.577
8.717299,0.280559,wrist_flex,10.0,9.7674,9.4482,9.2285,2001,100,1044,0,12.2,37,step_10,no_load,0.0
8.727672,0.290932,wrist_flex,10.0,9.7674,9.4482,9.2285,2001,0,1044,0,12.2,37,step_10,no_load,0.0
8.738833,0.302093,wrist_flex,10.0,9.7674,9.4482,9.2285,2001,0,1048,0,12.3,37,step_10,no_load,0.0
8.749442,0.312702,wrist_flex,10.0,9.7674,9.4482,9.2285,2001,0,1048,0,12.2,37,step_10,no_load,0.0
8.760399,0.323659,wrist_flex,10.0,9.7674,9.4482,9.2285,2001,0,1048,0,12.2,37,step_10,no_load,0.0
8.770791,0.334051,wrist_flex,10.0,9.7674,9.4482,9.2285,2001,0,1048,0,12.3,37,step_10,no_load,0.0
8.78165,0.34491,wrist_flex,10.0,9.7674,9.4482,9.2285,2001,0,1048,0,12.2,37,step_10,no_load,0.0
8.792669,0.355929,wrist_flex,10.0,9.7674,9.4482,9.2285,2001,0,1048,0,12.2,37,step_10,no_load,0.0
8.802939,0.366199,wrist_flex,10.0,9.7674,9.4482,9.2285,2001,0,1048,1,12.2,37,step_10,no_load,0.0
8.813165,0.376425,wrist_flex,10.0,9.7674,9.4482,9.2285,2001,0,1048,0,12.2,37,step_10,no_load,0.0
8.823558,0.386818,wrist_flex,10.0,9.7674,9.4482,9.2285,2001,0,1048,1,12.3,37,step_10,no_load,0.0
8.834019,0.397279,wrist_flex,10.0,9.7674,9.4482,9.2285,2001,0,1048,0,12.3,37,step_10,no_load,0.0
8.84462,0.40788,wrist_flex,10.0,9.7674,9.4482,9.2285,2001,0,1048,0,12.2,37,step_10,no_load,0.0
8.855225,0.418485,wrist_flex,10.0,9.7674,9.4482,9.2285,2001,0,1048,1,12.2,37,step_10,no_load,0.0
8.865562,0.428822,wrist_flex,10.0,9.7674,9.4482,9.2285,2001,0,1048,1,12.3,37,step_10,no_load,0.0
8.876344,0.439604,wrist_flex,10.0,9.7674,9.4482,9.2285,2001,0,1048,0,12.2,37,step_10,no_load,0.0
8.886667,0.449927,wrist_flex,10.0,9.7674,9.4482,9.2285,2001,0,1048,0,12.2,37,step_10,no_load,0.0
8.896874,0.460134,wrist_flex,10.0,9.7674,9.4482,9.2285,2001,0,1048,0,12.2,37,step_10,no_load,0.0
8.908528,0.471788,wrist_flex,10.0,9.7674,9.4482,9.2285,2001,0,1048,0,12.2,37,step_10,no_load,0.0
8.918692,0.481952,wrist_flex,10.0,9.7674,9.4482,9.2285,2001,0,1048,0,12.2,37,step_10,no_load,0.0
8.929021,0.492281,wrist_flex,10.0,9.7674,9.4482,9.2285,2001,0,1048,0,12.3,38,step_10,no_load,0.0
8.939738,0.502998,wrist_flex,10.0,9.7674,9.4482,9.2285,2001,0,1048,0,12.2,37,step_10,no_load,0.0
8.949902,0.513162,wrist_flex,10.0,9.7674,9.4482,9.2285,2001,0,1048,0,12.2,37,step_10,no_load,0.0
8.960095,0.523355,wrist_flex,10.0,9.7674,9.4482,9.2285,2001,0,1048,1,12.2,37,step_10,no_load,0.0
8.970314,0.533574,wrist_flex,10.0,9.7674,9.4482,9.2285,2001,0,1048,0,12.2,37,step_10,no_load,0.0
8.981201,0.544462,wrist_flex,10.0,9.7674,9.4482,9.2285,2001,0,1048,0,12.2,37,step_10,no_load,0.0
8.991309,0.554569,wrist_flex,10.0,9.7674,9.4482,9.2285,2001,0,1048,0,12.2,37,step_10,no_load,0.0
9.001573,0.564833,wrist_flex,10.0,9.7674,9.4482,9.2285,2001,0,1048,0,12.3,37,step_10,no_load,0.0
9.012657,0.575917,wrist_flex,10.0,9.7674,9.4482,9.2285,2001,0,1048,0,12.2,37,step_10,no_load,0.0
9.022925,0.586185,wrist_flex,10.0,9.7674,9.4482,9.2285,2001,0,1048,0,12.2,37,step_10,no_load,0.0
9.033534,0.596794,wrist_flex,10.0,9.7674,9.4482,9.2285,2001,0,1048,0,12.3,37,step_10,no_load,0.0
9.044038,0.607298,wrist_flex,10.0,9.7674,9.4482,9.2285,2001,0,1048,0,12.3,37,step_10,no_load,0.0
9.054209,0.617469,wrist_flex,10.0,9.7674,9.4482,9.2285,2001,0,1048,0,12.3,37,step_10,no_load,0.0
9.064696,0.627956,wrist_flex,10.0,9.7674,9.4482,9.2285,2001,0,1048,0,12.2,37,step_10,no_load,0.0
9.075068,0.638328,wrist_flex,10.0,9.7674,9.4482,9.2285,2001,0,1048,1,12.2,37,step_10,no_load,0.0
9.085386,0.648646,wrist_flex,10.0,9.7674,9.4482,9.2285,2001,0,1048,0,12.2,37,step_10,no_load,0.0
9.096291,0.659551,wrist_flex,10.0,9.7674,9.4482,9.2285,2001,0,1048,0,12.2,37,step_10,no_load,0.0
9.106621,0.669881,wrist_flex,10.0,9.7674,9.4482,9.2285,2001,0,1048,0,12.2,37,step_10,no_load,0.0
9.117082,0.680342,wrist_flex,10.0,9.7674,9.4482,9.2285,2001,0,1048,0,12.2,37,step_10,no_load,0.0
9.127687,0.690947,wrist_flex,10.0,9.7674,9.4482,9.2285,2001,0,1048,0,12.3,37,step_10,no_load,0.0
9.138088,0.701348,wrist_flex,10.0,9.7674,9.4482,9.2285,2001,0,1048,0,12.2,37,step_10,no_load,0.0
9.148877,0.712137,wrist_flex,10.0,9.7674,9.4482,9.2285,2001,0,1048,0,12.3,37,step_10,no_load,0.0
9.159502,0.722762,wrist_flex,10.0,9.7674,9.4482,9.2285,2001,0,1048,1,12.3,37,step_10,no_load,0.0
9.170467,0.733727,wrist_flex,10.0,9.7674,9.4482,9.2285,2001,0,1048,0,12.2,37,step_10,no_load,0.0
9.180818,0.744078,wrist_flex,10.0,9.7674,9.4482,9.2285,2001,0,1048,0,12.3,37,step_10,no_load,0.0
9.191574,0.754834,wrist_flex,10.0,9.7674,9.4482,9.2285,2001,0,1048,1,12.2,37,step_10,no_load,0.0
9.20197,0.76523,wrist_flex,10.0,9.7674,9.4482,9.2285,2001,0,1048,1,12.2,37,step_10,no_load,0.0
9.212337,0.775597,wrist_flex,10.0,9.7674,9.4482,9.2285,2001,0,1048,0,12.2,37,step_10,no_load,0.0
9.222707,0.785967,wrist_flex,10.0,9.7674,9.4482,9.2285,2001,0,1048,0,12.3,37,step_10,no_load,0.0
9.23309,0.796351,wrist_flex,10.0,9.7674,9.4482,9.2285,2001,0,1048,0,12.3,37,step_10,no_load,0.0
9.243389,0.806649,wrist_flex,10.0,9.7674,9.4482,9.2285,2001,0,1048,0,12.2,37,step_10,no_load,0.0
9.253949,0.817209,wrist_flex,10.0,9.7674,9.4482,9.2285,2001,0,1048,0,12.2,37,step_10,no_load,0.0
9.26446,0.82772,wrist_flex,10.0,9.7674,9.4482,9.2285,2001,0,1048,0,12.2,37,step_10,no_load,0.0
9.275172,0.838432,wrist_flex,10.0,9.7674,9.4482,9.2285,2001,0,1048,0,12.3,37,step_10,no_load,0.0
9.285619,0.848879,wrist_flex,10.0,9.7674,9.4482,9.2285,2001,0,1048,0,12.2,37,step_10,no_load,0.0
9.295868,0.859128,wrist_flex,10.0,9.7674,9.4482,9.2285,2001,0,1048,1,12.2,37,step_10,no_load,0.0
9.306301,0.869561,wrist_flex,10.0,9.7674,9.4482,9.2285,2001,0,1048,0,12.2,37,step_10,no_load,0.0
9.316911,0.880171,wrist_flex,10.0,9.7674,9.4482,9.2285,2001,0,1048,1,12.2,37,step_10,no_load,0.0
9.327508,0.890768,wrist_flex,10.0,9.7674,9.4482,9.2285,2001,0,1048,0,12.3,37,step_10,no_load,0.0
9.337921,0.901181,wrist_flex,10.0,9.7674,9.4482,9.2285,2001,0,1048,0,12.2,37,step_10,no_load,0.0
9.348514,0.911774,wrist_flex,10.0,9.7674,9.4482,9.2285,2001,0,1048,0,12.2,37,step_10,no_load,0.0
9.359129,0.922389,wrist_flex,10.0,9.7674,9.4482,9.2285,2001,0,1048,0,12.2,37,step_10,no_load,0.0
9.369605,0.932865,wrist_flex,10.0,9.7674,9.4482,9.2285,2001,0,1048,0,12.3,37,step_10,no_load,0.0
9.380258,0.943518,wrist_flex,10.0,9.7674,9.4482,9.2285,2001,0,1048,0,12.3,37,step_10,no_load,0.0
9.390714,0.953974,wrist_flex,10.0,9.7674,9.4482,9.2285,2001,0,1048,0,12.2,37,step_10,no_load,0.0
9.400975,0.964235,wrist_flex,10.0,9.7674,9.4482,9.2285,2001,0,1048,0,12.2,37,step_10,no_load,0.0
9.411357,0.974617,wrist_flex,10.0,9.7674,9.4482,9.2285,2001,0,1048,0,12.3,37,step_10,no_load,0.0
9.421676,0.984936,wrist_flex,10.0,9.7674,9.4482,9.2285,2001,0,1048,0,12.2,37,step_10,no_load,0.0
9.432004,0.995264,wrist_flex,10.0,9.7674,9.4482,9.2285,2001,0,1048,0,12.2,37,step_10,no_load,0.0
9.442689,1.005949,wrist_flex,10.0,9.7674,9.4482,9.2285,2001,0,1048,1,12.3,37,step_10,no_load,0.0
9.453406,1.016667,wrist_flex,10.0,9.7674,9.4482,9.2285,2001,0,1048,0,12.2,37,step_10,no_load,0.0
9.464109,1.027369,wrist_flex,10.0,9.7674,9.4482,9.2285,2001,0,1048,0,12.2,37,step_10,no_load,0.0
9.474732,1.037993,wrist_flex,10.0,9.7674,9.4482,9.2285,2001,0,1048,0,12.2,37,step_10,no_load,0.0
9.48573,1.04899,wrist_flex,10.0,9.7674,9.4482,9.2285,2001,0,1048,0,12.2,37,step_10,no_load,0.0
9.496895,1.060155,wrist_flex,10.0,9.7674,9.4482,9.2285,2001,0,1048,0,12.2,37,step_10,no_load,0.0
9.507285,1.070545,wrist_flex,10.0,9.7674,9.4482,9.2285,2001,0,1048,0,12.3,37,step_10,no_load,0.0
9.517668,1.080928,wrist_flex,10.0,9.7674,9.4482,9.2285,2001,0,1048,0,12.2,37,step_10,no_load,0.0
9.528561,1.091821,wrist_flex,10.0,9.7674,9.4482,9.2285,2001,0,1048,0,12.2,37,step_10,no_load,0.0
9.538989,1.102249,wrist_flex,10.0,9.7674,9.4482,9.2285,2001,0,1048,0,12.2,37,step_10,no_load,0.0
9.549984,1.113244,wrist_flex,10.0,9.7674,9.4482,9.2285,2001,0,1048,1,12.3,37,step_10,no_load,0.0
9.560296,1.123556,wrist_flex,10.0,9.7674,9.4482,9.2285,2001,0,1048,0,12.3,37,step_10,no_load,0.0
9.571005,1.134265,wrist_flex,10.0,9.7674,9.4482,9.2285,2001,0,1048,0,12.3,37,step_10,no_load,0.0
9.581421,1.144681,wrist_flex,10.0,9.7674,9.4482,9.2285,2001,0,1048,0,12.3,37,step_10,no_load,0.0
9.592079,1.155339,wrist_flex,10.0,9.7674,9.4482,9.2285,2001,0,1048,1,12.3,37,step_10,no_load,0.0
9.602299,1.165559,wrist_flex,10.0,9.7674,9.4482,9.2285,2001,0,1048,0,12.2,37,step_10,no_load,0.0
9.612627,1.175887,wrist_flex,10.0,9.7674,9.4482,9.2285,2001,0,1048,0,12.3,37,step_10,no_load,0.0
9.622861,1.186121,wrist_flex,10.0,9.7674,9.4482,9.2285,2001,0,1048,0,12.3,37,step_10,no_load,0.0
9.633459,1.196719,wrist_flex,10.0,9.7674,9.4482,9.2285,2001,0,1048,0,12.2,37,step_10,no_load,0.0
9.644673,4e-06,wrist_flex,0.0,9.7674,0.0,9.2285,2001,0,1048,0,12.3,37,step_10,no_load,0.0
9.65526,0.010591,wrist_flex,0.0,9.7674,0.0,9.2285,2001,0,0,0,12.2,37,step_10,no_load,0.0
9.665685,0.021015,wrist_flex,0.0,9.7674,0.0,9.2285,2001,0,44,1,12.2,37,step_10,no_load,0.0
9.676405,0.031735,wrist_flex,0.0,9.7674,0.0,9.2285,2001,0,80,3,12.2,37,step_10,no_load,0.0
9.686775,0.042106,wrist_flex,0.0,9.6744,0.0,9.1406,2000,0,160,11,12.2,37,step_10,no_load,-8.476
9.69712,0.052451,wrist_flex,0.0,9.4884,0.0,8.9648,1998,-150,208,10,12.2,37,step_10,no_load,-16.994
9.708211,0.063542,wrist_flex,0.0,9.2093,0.0,8.7012,1995,-150,284,16,12.2,37,step_10,no_load,-23.767
9.718622,0.073952,wrist_flex,0.0,8.6512,0.0,8.1738,1989,-450,320,18,12.2,37,step_10,no_load,-50.658
9.729174,0.084505,wrist_flex,0.0,8.0,0.0,7.5586,1982,-450,336,15,12.1,38,step_10,no_load,-58.302
9.73985,0.095181,wrist_flex,0.0,7.0698,0.0,6.6797,1972,-750,340,7,12.2,37,step_10,no_load,-82.325
9.750906,0.106237,wrist_flex,0.0,6.1395,0.0,5.8008,1962,-750,272,4,12.2,37,step_10,no_load,-79.495
9.761706,0.117037,wrist_flex,0.0,5.2093,0.0,4.9219,1952,-950,204,0,12.3,37,step_10,no_load,-81.38
9.772343,0.127674,wrist_flex,0.0,4.4651,0.0,4.2187,1944,-950,168,0,12.2,37,step_10,no_load,-66.109
9.782689,0.13802,wrist_flex,0.0,3.814,0.0,3.6035,1937,-700,116,0,12.2,37,step_10,no_load,-59.463
9.793402,0.148732,wrist_flex,0.0,3.3488,0.0,3.1641,1932,-700,96,0,12.2,37,step_10,no_load,-41.016
9.803965,0.159296,wrist_flex,0.0,2.9767,0.0,2.8125,1928,-550,104,2,12.2,37,step_10,no_load,-33.286
9.814663,0.169993,wrist_flex,0.0,2.6977,0.0,2.5488,1925,-550,92,1,12.2,37,step_10,no_load,-24.649
9.825792,0.181123,wrist_flex,0.0,2.5116,0.0,2.373,1923,-250,96,2,12.2,37,step_10,no_load,-15.797
9.83676,0.192091,wrist_flex,0.0,2.2326,0.0,2.1094,1920,-250,88,2,12.2,37,step_10,no_load,-24.034
9.847735,0.203066,wrist_flex,0.0,2.1395,0.0,2.0215,1919,-250,84,2,12.2,37,step_10,no_load,-8.009
9.858112,0.213443,wrist_flex,0.0,1.9535,0.0,1.8457,1917,-150,76,2,12.3,37,step_10,no_load,-16.941
9.869219,0.224549,wrist_flex,0.0,1.7674,0.0,1.6699,1915,-150,76,2,12.2,37,step_10,no_load,-15.828
9.880471,0.235801,wrist_flex,0.0,1.5814,0.0,1.4941,1913,-150,68,2,12.2,37,step_10,no_load,-15.624
9.891272,0.246602,wrist_flex,0.0,1.5814,0.0,1.4941,1913,-150,68,1,12.3,37,step_10,no_load,0.0
9.901929,0.25726,wrist_flex,0.0,1.3953,0.0,1.3184,1911,-100,64,1,12.2,37,step_10,no_load,-16.487
9.912886,0.268217,wrist_flex,0.0,1.3953,0.0,1.3184,1911,-100,60,1,12.2,37,step_10,no_load,0.0
9.923106,0.278437,wrist_flex,0.0,1.3023,0.0,1.2305,1910,-100,64,2,12.3,37,step_10,no_load,-8.601
9.933498,0.288829,wrist_flex,0.0,1.2093,0.0,1.1426,1909,-100,60,2,12.2,37,step_10,no_load,-8.458
9.943865,0.299196,wrist_flex,0.0,1.2093,0.0,1.1426,1909,-50,60,2,12.2,37,step_10,no_load,0.0
9.954928,0.310259,wrist_flex,0.0,1.2093,0.0,1.1426,1909,0,60,2,12.2,38,step_10,no_load,0.0
9.96565,0.32098,wrist_flex,0.0,1.2093,0.0,1.1426,1909,0,64,2,12.2,37,step_10,no_load,0.0
9.975851,0.331181,wrist_flex,0.0,1.2093,0.0,1.1426,1909,0,64,1,12.2,37,step_10,no_load,0.0
9.986172,0.341502,wrist_flex,0.0,1.2093,0.0,1.1426,1909,0,64,2,12.2,37,step_10,no_load,0.0
9.996831,0.352162,wrist_flex,0.0,1.2093,0.0,1.1426,1909,0,64,2,12.2,37,step_10,no_load,0.0
10.007191,0.362522,wrist_flex,0.0,1.2093,0.0,1.1426,1909,0,64,2,12.3,37,step_10,no_load,0.0
10.017347,0.372677,wrist_flex,0.0,1.2093,0.0,1.1426,1909,0,64,2,12.3,37,step_10,no_load,0.0
10.027747,0.383078,wrist_flex,0.0,1.2093,0.0,1.1426,1909,0,64,2,12.2,37,step_10,no_load,0.0
10.037933,0.393263,wrist_flex,0.0,1.2093,0.0,1.1426,1909,0,64,2,12.2,37,step_10,no_load,0.0
10.048253,0.403584,wrist_flex,0.0,1.2093,0.0,1.1426,1909,0,64,2,12.2,38,step_10,no_load,0.0
10.058561,0.413892,wrist_flex,0.0,1.2093,0.0,1.1426,1909,0,64,2,12.2,37,step_10,no_load,0.0
10.068952,0.424283,wrist_flex,0.0,1.2093,0.0,1.1426,1909,0,64,2,12.3,37,step_10,no_load,0.0
10.07967,0.435001,wrist_flex,0.0,1.2093,0.0,1.1426,1909,0,64,2,12.3,37,step_10,no_load,0.0
10.090406,0.445736,wrist_flex,0.0,1.2093,0.0,1.1426,1909,0,64,2,12.2,37,step_10,no_load,0.0
10.100676,0.456006,wrist_flex,0.0,1.2093,0.0,1.1426,1909,0,64,2,12.2,37,step_10,no_load,0.0
10.111491,0.466821,wrist_flex,0.0,1.2093,0.0,1.1426,1909,0,64,2,12.2,37,step_10,no_load,0.0
10.121762,0.477092,wrist_flex,0.0,1.2093,0.0,1.1426,1909,0,64,2,12.2,37,step_10,no_load,0.0
10.132461,0.487792,wrist_flex,0.0,1.2093,0.0,1.1426,1909,0,64,2,12.2,37,step_10,no_load,0.0
10.142616,0.497947,wrist_flex,0.0,1.2093,0.0,1.1426,1909,0,64,2,12.2,37,step_10,no_load,0.0
10.153021,0.508351,wrist_flex,0.0,1.2093,0.0,1.1426,1909,0,64,2,12.3,37,step_10,no_load,0.0
10.163196,0.518526,wrist_flex,0.0,1.2093,0.0,1.1426,1909,0,64,2,12.3,37,step_10,no_load,0.0
10.17357,0.528901,wrist_flex,0.0,1.2093,0.0,1.1426,1909,0,64,2,12.2,37,step_10,no_load,0.0
10.184073,0.539404,wrist_flex,0.0,1.2093,0.0,1.1426,1909,0,64,2,12.2,37,step_10,no_load,0.0
10.194798,0.550128,wrist_flex,0.0,1.2093,0.0,1.1426,1909,0,64,2,12.3,37,step_10,no_load,0.0
10.205014,0.560344,wrist_flex,0.0,1.2093,0.0,1.1426,1909,0,64,2,12.2,37,step_10,no_load,0.0
10.215758,0.571088,wrist_flex,0.0,1.2093,0.0,1.1426,1909,0,64,2,12.2,37,step_10,no_load,0.0
10.22607,0.5814,wrist_flex,0.0,1.2093,0.0,1.1426,1909,0,64,2,12.3,37,step_10,no_load,0.0
10.236405,0.591736,wrist_flex,0.0,1.2093,0.0,1.1426,1909,0,64,2,12.2,37,step_10,no_load,0.0
10.246817,0.602147,wrist_flex,0.0,1.2093,0.0,1.1426,1909,0,64,3,12.2,37,step_10,no_load,0.0
10.257149,0.61248,wrist_flex,0.0,1.2093,0.0,1.1426,1909,0,64,2,12.2,37,step_10,no_load,0.0
10.267466,0.622797,wrist_flex,0.0,1.2093,0.0,1.1426,1909,0,64,2,12.3,37,step_10,no_load,0.0
10.278863,0.634194,wrist_flex,0.0,1.2093,0.0,1.1426,1909,0,64,2,12.3,37,step_10,no_load,0.0
10.289585,0.644916,wrist_flex,0.0,1.2093,0.0,1.1426,1909,0,64,2,12.3,37,step_10,no_load,0.0
10.300516,0.655846,wrist_flex,0.0,1.2093,0.0,1.1426,1909,0,64,2,12.2,37,step_10,no_load,0.0
10.31101,0.666341,wrist_flex,0.0,1.2093,0.0,1.1426,1909,0,64,2,12.2,37,step_10,no_load,0.0
10.321333,0.676664,wrist_flex,0.0,1.2093,0.0,1.1426,1909,0,64,2,12.2,37,step_10,no_load,0.0
10.331694,0.687025,wrist_flex,0.0,1.2093,0.0,1.1426,1909,0,64,2,12.2,37,step_10,no_load,0.0
10.341878,0.697209,wrist_flex,0.0,1.2093,0.0,1.1426,1909,0,64,1,12.3,37,step_10,no_load,0.0
10.352975,0.708305,wrist_flex,0.0,1.2093,0.0,1.1426,1909,0,64,3,12.2,37,step_10,no_load,0.0
10.363642,0.718973,wrist_flex,0.0,1.2093,0.0,1.1426,1909,0,64,2,12.3,37,step_10,no_load,0.0
10.374531,0.729862,wrist_flex,0.0,1.2093,0.0,1.1426,1909,0,64,2,12.2,37,step_10,no_load,0.0
10.385172,0.740503,wrist_flex,0.0,1.2093,0.0,1.1426,1909,0,64,2,12.2,37,step_10,no_load,0.0
10.395659,0.75099,wrist_flex,0.0,1.2093,0.0,1.1426,1909,0,64,2,12.2,37,step_10,no_load,0.0
10.406281,0.761612,wrist_flex,0.0,1.2093,0.0,1.1426,1909,0,64,2,12.3,37,step_10,no_load,0.0
10.416888,0.772218,wrist_flex,0.0,1.2093,0.0,1.1426,1909,0,64,1,12.2,37,step_10,no_load,0.0
10.427297,0.782628,wrist_flex,0.0,1.2093,0.0,1.1426,1909,0,64,2,12.2,37,step_10,no_load,0.0
10.437501,0.792831,wrist_flex,0.0,1.2093,0.0,1.1426,1909,0,64,2,12.2,37,step_10,no_load,0.0
10.448229,0.80356,wrist_flex,0.0,1.2093,0.0,1.1426,1909,0,64,2,12.2,37,step_10,no_load,0.0
10.458837,0.814168,wrist_flex,0.0,1.2093,0.0,1.1426,1909,0,64,2,12.3,37,step_10,no_load,0.0
10.469454,0.824784,wrist_flex,0.0,1.2093,0.0,1.1426,1909,0,64,1,12.2,37,step_10,no_load,0.0
10.480015,0.835345,wrist_flex,0.0,1.2093,0.0,1.1426,1909,0,64,2,12.2,37,step_10,no_load,0.0
10.490507,0.845837,wrist_flex,0.0,1.2093,0.0,1.1426,1909,0,64,2,12.2,37,step_10,no_load,0.0
10.500969,0.8563,wrist_flex,0.0,1.2093,0.0,1.1426,1909,0,64,2,12.2,37,step_10,no_load,0.0
10.511619,0.86695,wrist_flex,0.0,1.2093,0.0,1.1426,1909,0,64,2,12.2,37,step_10,no_load,0.0
10.521989,0.877319,wrist_flex,0.0,1.2093,0.0,1.1426,1909,0,64,2,12.2,37,step_10,no_load,0.0
10.532899,0.88823,wrist_flex,0.0,1.2093,0.0,1.1426,1909,0,64,2,12.2,37,step_10,no_load,0.0
10.543285,0.898616,wrist_flex,0.0,1.2093,0.0,1.1426,1909,0,64,2,12.2,37,step_10,no_load,0.0
10.554103,0.909434,wrist_flex,0.0,1.2093,0.0,1.1426,1909,0,64,2,12.3,37,step_10,no_load,0.0
10.564225,0.919556,wrist_flex,0.0,1.2093,0.0,1.1426,1909,0,64,2,12.2,37,step_10,no_load,0.0
10.574644,0.929974,wrist_flex,0.0,1.2093,0.0,1.1426,1909,0,64,2,12.2,37,step_10,no_load,0.0
10.584919,0.94025,wrist_flex,0.0,1.2093,0.0,1.1426,1909,0,64,2,12.2,37,step_10,no_load,0.0
10.596063,0.951394,wrist_flex,0.0,1.2093,0.0,1.1426,1909,0,64,2,12.2,37,step_10,no_load,0.0
10.606417,0.961748,wrist_flex,0.0,1.2093,0.0,1.1426,1909,0,64,2,12.2,37,step_10,no_load,0.0
10.617101,0.972431,wrist_flex,0.0,1.2093,0.0,1.1426,1909,0,64,2,12.2,37,step_10,no_load,0.0
10.627419,0.98275,wrist_flex,0.0,1.2093,0.0,1.1426,1909,0,64,3,12.3,37,step_10,no_load,0.0
10.637691,0.993022,wrist_flex,0.0,1.2093,0.0,1.1426,1909,0,64,2,12.2,37,step_10,no_load,0.0
10.647992,1.003323,wrist_flex,0.0,1.2093,0.0,1.1426,1909,0,64,2,12.2,37,step_10,no_load,0.0
10.658462,1.013793,wrist_flex,0.0,1.2093,0.0,1.1426,1909,0,64,2,12.2,37,step_10,no_load,0.0
10.668684,1.024015,wrist_flex,0.0,1.2093,0.0,1.1426,1909,0,64,2,12.2,37,step_10,no_load,0.0
10.679436,1.034766,wrist_flex,0.0,1.2093,0.0,1.1426,1909,0,64,2,12.2,37,step_10,no_load,0.0
10.690025,1.045356,wrist_flex,0.0,1.2093,0.0,1.1426,1909,0,64,2,12.3,37,step_10,no_load,0.0
10.700719,1.05605,wrist_flex,0.0,1.2093,0.0,1.1426,1909,0,64,2,12.3,37,step_10,no_load,0.0
10.710869,1.066199,wrist_flex,0.0,1.2093,0.0,1.1426,1909,0,64,2,12.2,37,step_10,no_load,0.0
10.721511,1.076842,wrist_flex,0.0,1.2093,0.0,1.1426,1909,0,64,2,12.3,37,step_10,no_load,0.0
10.731897,1.087228,wrist_flex,0.0,1.2093,0.0,1.1426,1909,0,64,2,12.2,37,step_10,no_load,0.0
10.742567,1.097898,wrist_flex,0.0,1.2093,0.0,1.1426,1909,0,64,2,12.2,37,step_10,no_load,0.0
10.752762,1.108093,wrist_flex,0.0,1.2093,0.0,1.1426,1909,0,64,2,12.3,37,step_10,no_load,0.0
10.763369,1.118699,wrist_flex,0.0,1.2093,0.0,1.1426,1909,0,64,2,12.2,37,step_10,no_load,0.0
10.774059,1.12939,wrist_flex,0.0,1.2093,0.0,1.1426,1909,0,64,1,12.3,37,step_10,no_load,0.0
10.784412,1.139742,wrist_flex,0.0,1.2093,0.0,1.1426,1909,0,64,2,12.3,37,step_10,no_load,0.0
10.794865,1.150196,wrist_flex,0.0,1.2093,0.0,1.1426,1909,0,64,2,12.2,37,step_10,no_load,0.0
10.805526,1.160857,wrist_flex,0.0,1.2093,0.0,1.1426,1909,0,64,2,12.3,37,step_10,no_load,0.0
10.816455,1.171785,wrist_flex,0.0,1.2093,0.0,1.1426,1909,0,64,2,12.2,37,step_10,no_load,0.0
10.826671,1.182001,wrist_flex,0.0,1.2093,0.0,1.1426,1909,0,64,2,12.2,37,step_10,no_load,0.0
10.836846,1.192176,wrist_flex,0.0,1.2093,0.0,1.1426,1909,0,64,2,12.2,37,step_10,no_load,0.0
10.848366,5e-06,wrist_flex,10.0,1.2093,9.4482,1.1426,1909,0,64,2,12.3,37,step_10,no_load,0.0
10.858811,0.010449,wrist_flex,10.0,1.2093,9.4482,1.1426,1909,0,60,2,12.3,37,step_10,no_load,0.0
10.869013,0.020652,wrist_flex,10.0,1.2093,9.4482,1.1426,1909,0,40,0,12.2,37,step_10,no_load,0.0
10.879772,0.03141,wrist_flex,10.0,1.2093,9.4482,1.1426,1909,0,1072,2,12.2,37,step_10,no_load,0.0
10.890069,0.041707,wrist_flex,10.0,1.3023,9.4482,1.2305,1910,0,1104,3,12.2,37,step_10,no_load,8.536
10.9004,0.052039,wrist_flex,10.0,1.3953,9.4482,1.3184,1911,0,1176,6,12.2,37,step_10,no_load,8.508
10.91121,0.062849,wrist_flex,10.0,1.7674,9.4482,1.6699,1915,200,1228,10,12.2,37,step_10,no_load,32.516
10.921406,0.073044,wrist_flex,10.0,2.2326,9.4482,2.1094,1920,200,1300,11,12.2,37,step_10,no_load,43.105
10.931835,0.083474,wrist_flex,10.0,2.9767,9.4482,2.8125,1928,550,1308,6,12.2,37,step_10,no_load,67.418
10.942226,0.093864,wrist_flex,10.0,3.814,9.4482,3.6035,1937,550,1312,5,12.2,37,step_10,no_load,76.124
10.953159,0.104798,wrist_flex,10.0,4.8372,9.4482,4.5703,1948,850,1232,0,12.3,37,step_10,no_load,88.43
10.963413,0.115051,wrist_flex,10.0,5.6744,9.4482,5.3613,1957,850,1212,0,12.3,35,step_10,no_load,77.141
10.974485,0.126123,wrist_flex,10.0,6.5116,9.4482,6.1523,1966,950,1144,0,12.2,37,step_10,no_load,71.441
10.984852,0.136491,wrist_flex,10.0,7.1628,9.4482,6.7676,1973,700,1116,0,12.2,37,step_10,no_load,59.352
10.995126,0.146765,wrist_flex,10.0,7.6279,9.4482,7.207,1978,700,1084,0,12.2,37,step_10,no_load,42.768
11.006212,0.15785,wrist_flex,10.0,8.093,9.4482,7.6465,1983,450,1068,0,12.2,37,step_10,no_load,39.645
11.016647,0.168286,wrist_flex,10.0,8.3721,9.4482,7.9102,1986,450,1080,0,12.2,37,step_10,no_load,25.271
11.027152,0.17879,wrist_flex,10.0,8.6512,9.4482,8.1738,1989,250,1068,0,12.2,37,step_10,no_load,25.093
11.037734,0.189372,wrist_flex,10.0,8.8372,9.4482,8.3496,1991,250,1068,0,12.2,37,step_10,no_load,16.613
11.048378,0.200016,wrist_flex,10.0,9.0233,9.4482,8.5254,1993,200,1060,0,12.2,37,step_10,no_load,16.516
11.058622,0.21026,wrist_flex,10.0,9.1163,9.4482,8.6133,1994,200,1056,0,12.2,37,step_10,no_load,8.581
11.06893,0.220568,wrist_flex,10.0,9.3023,9.4482,8.7891,1996,150,1052,0,12.3,37,step_10,no_load,17.055
11.079439,0.231077,wrist_flex,10.0,9.3953,9.4482,8.877,1997,150,1052,0,12.2,37,step_10,no_load,8.364
11.089884,0.241522,wrist_flex,10.0,9.4884,9.4482,8.9648,1998,100,1052,0,12.2,37,step_10,no_load,8.406
11.10076,0.252398,wrist_flex,10.0,9.5814,9.4482,9.0527,1999,100,1048,0,12.2,37,step_10,no_load,8.082
11.111154,0.262793,wrist_flex,10.0,9.6744,9.4482,9.1406,2000,150,1044,0,12.2,37,step_10,no_load,8.457
11.122033,0.273672,wrist_flex,10.0,9.7674,9.4482,9.2285,2001,150,0,0,12.2,37,step_10,no_load,8.08
11.132242,0.283881,wrist_flex,10.0,9.7674,9.4482,9.2285,2001,50,1044,1,12.2,37,step_10,no_load,0.0
11.142767,0.294405,wrist_flex,10.0,9.7674,9.4482,9.2285,2001,50,1044,0,12.2,37,step_10,no_load,0.0
11.153056,0.304695,wrist_flex,10.0,9.7674,9.4482,9.2285,2001,0,1048,0,12.2,37,step_10,no_load,0.0
11.163675,0.315314,wrist_flex,10.0,9.7674,9.4482,9.2285,2001,0,1048,0,12.2,37,step_10,no_load,0.0
11.173947,0.325585,wrist_flex,10.0,9.7674,9.4482,9.2285,2001,0,1048,0,12.2,37,step_10,no_load,0.0
11.184758,0.336397,wrist_flex,10.0,9.7674,9.4482,9.2285,2001,0,1048,0,12.2,37,step_10,no_load,0.0
11.195582,0.34722,wrist_flex,10.0,9.7674,9.4482,9.2285,2001,0,1048,0,12.2,37,step_10,no_load,0.0
11.205905,0.357544,wrist_flex,10.0,9.7674,9.4482,9.2285,2001,0,1048,1,12.3,37,step_10,no_load,0.0
11.216102,0.367741,wrist_flex,10.0,9.7674,9.4482,9.2285,2001,0,1048,0,12.2,37,step_10,no_load,0.0
11.226349,0.377987,wrist_flex,10.0,9.7674,9.4482,9.2285,2001,0,1048,0,12.2,37,step_10,no_load,0.0
11.237284,0.388922,wrist_flex,10.0,9.7674,9.4482,9.2285,2001,0,1048,1,12.3,37,step_10,no_load,0.0
11.247794,0.399433,wrist_flex,10.0,9.7674,9.4482,9.2285,2001,0,1048,0,12.2,37,step_10,no_load,0.0
11.257934,0.409572,wrist_flex,10.0,9.7674,9.4482,9.2285,2001,0,1048,1,12.3,37,step_10,no_load,0.0
11.268606,0.420244,wrist_flex,10.0,9.7674,9.4482,9.2285,2001,0,1048,0,12.2,37,step_10,no_load,0.0
11.279361,0.431,wrist_flex,10.0,9.7674,9.4482,9.2285,2001,0,1048,0,12.3,37,step_10,no_load,0.0
11.289817,0.441456,wrist_flex,10.0,9.7674,9.4482,9.2285,2001,0,1048,0,12.2,37,step_10,no_load,0.0
11.300325,0.451963,wrist_flex,10.0,9.7674,9.4482,9.2285,2001,0,1048,0,12.2,37,step_10,no_load,0.0
11.310463,0.462101,wrist_flex,10.0,9.7674,9.4482,9.2285,2001,0,1048,0,12.3,37,step_10,no_load,0.0
11.320973,0.472612,wrist_flex,10.0,9.7674,9.4482,9.2285,2001,0,1048,0,12.3,37,step_10,no_load,0.0
11.331207,0.482845,wrist_flex,10.0,9.7674,9.4482,9.2285,2001,0,1048,1,12.2,37,step_10,no_load,0.0
11.341349,0.492987,wrist_flex,10.0,9.7674,9.4482,9.2285,2001,0,1048,1,12.2,37,step_10,no_load,0.0
11.35152,0.503158,wrist_flex,10.0,9.7674,9.4482,9.2285,2001,0,1048,0,12.3,37,step_10,no_load,0.0
11.36172,0.513358,wrist_flex,10.0,9.7674,9.4482,9.2285,2001,0,1048,0,12.3,37,step_10,no_load,0.0
11.37186,0.523498,wrist_flex,10.0,9.7674,9.4482,9.2285,2001,0,1048,0,12.2,37,step_10,no_load,0.0
11.382086,0.533724,wrist_flex,10.0,9.7674,9.4482,9.2285,2001,0,1048,0,12.2,37,step_10,no_load,0.0
11.39236,0.543998,wrist_flex,10.0,9.7674,9.4482,9.2285,2001,0,1048,0,12.2,37,step_10,no_load,0.0
11.402643,0.554281,wrist_flex,10.0,9.7674,9.4482,9.2285,2001,0,1048,0,12.2,37,step_10,no_load,0.0
11.412983,0.564621,wrist_flex,10.0,9.7674,9.4482,9.2285,2001,0,1048,1,12.2,37,step_10,no_load,0.0
11.423421,0.575059,wrist_flex,10.0,9.7674,9.4482,9.2285,2001,0,1048,0,12.2,37,step_10,no_load,0.0
11.433905,0.585544,wrist_flex,10.0,9.7674,9.4482,9.2285,2001,0,1048,0,12.3,37,step_10,no_load,0.0
11.444443,0.596082,wrist_flex,10.0,9.7674,9.4482,9.2285,2001,0,1048,0,12.2,37,step_10,no_load,0.0
11.455299,0.606938,wrist_flex,10.0,9.7674,9.4482,9.2285,2001,0,1048,0,12.3,37,step_10,no_load,0.0
11.465574,0.617212,wrist_flex,10.0,9.7674,9.4482,9.2285,2001,0,1048,0,12.2,37,step_10,no_load,0.0
11.476695,0.628333,wrist_flex,10.0,9.7674,9.4482,9.2285,2001,0,1048,1,12.2,37,step_10,no_load,0.0
11.487138,0.638776,wrist_flex,10.0,9.7674,9.4482,9.2285,2001,0,1048,0,12.3,37,step_10,no_load,0.0
11.497288,0.648927,wrist_flex,10.0,9.7674,9.4482,9.2285,2001,0,1048,0,12.2,37,step_10,no_load,0.0
11.508723,0.660361,wrist_flex,10.0,9.7674,9.4482,9.2285,2001,0,1048,0,12.2,37,step_10,no_load,0.0
11.51908,0.670718,wrist_flex,10.0,9.7674,9.4482,9.2285,2001,0,1048,0,12.2,37,step_10,no_load,0.0
11.529557,0.681195,wrist_flex,10.0,9.7674,9.4482,9.2285,2001,0,1048,0,12.2,37,step_10,no_load,0.0
11.540056,0.691694,wrist_flex,10.0,9.7674,9.4482,9.2285,2001,0,1048,0,12.2,37,step_10,no_load,0.0
11.550514,0.702152,wrist_flex,10.0,9.7674,9.4482,9.2285,2001,0,1048,0,12.3,37,step_10,no_load,0.0
11.561364,0.713002,wrist_flex,10.0,9.7674,9.4482,9.2285,2001,0,1048,1,12.3,37,step_10,no_load,0.0
11.571919,0.723557,wrist_flex,10.0,9.7674,9.4482,9.2285,2001,0,1048,0,12.2,37,step_10,no_load,0.0
11.582487,0.734126,wrist_flex,10.0,9.7674,9.4482,9.2285,2001,0,1048,0,12.2,37,step_10,no_load,0.0
11.593058,0.744697,wrist_flex,10.0,9.7674,9.4482,9.2285,2001,0,1048,0,12.2,37,step_10,no_load,0.0
11.603756,0.755395,wrist_flex,10.0,9.7674,9.4482,9.2285,2001,0,1048,1,12.3,37,step_10,no_load,0.0
11.61431,0.765948,wrist_flex,10.0,9.7674,9.4482,9.2285,2001,0,1048,0,12.2,37,step_10,no_load,0.0
11.625036,0.776674,wrist_flex,10.0,9.7674,9.4482,9.2285,2001,0,1048,0,12.2,37,step_10,no_load,0.0
11.635699,0.787338,wrist_flex,10.0,9.7674,9.4482,9.2285,2001,0,1048,0,12.3,37,step_10,no_load,0.0
11.646044,0.797683,wrist_flex,10.0,9.7674,9.4482,9.2285,2001,0,1048,0,12.2,37,step_10,no_load,0.0
11.656976,0.808615,wrist_flex,10.0,9.7674,9.4482,9.2285,2001,0,1048,0,12.3,37,step_10,no_load,0.0
11.667453,0.819092,wrist_flex,10.0,9.7674,9.4482,9.2285,2001,0,1048,0,12.2,37,step_10,no_load,0.0
11.67808,0.829718,wrist_flex,10.0,9.7674,9.4482,9.2285,2001,0,1048,0,12.2,37,step_10,no_load,0.0
11.688556,0.840194,wrist_flex,10.0,9.7674,9.4482,9.2285,2001,0,1048,0,12.3,37,step_10,no_load,0.0
11.699078,0.850716,wrist_flex,10.0,9.7674,9.4482,9.2285,2001,0,1048,0,12.2,37,step_10,no_load,0.0
11.709448,0.861087,wrist_flex,10.0,9.7674,9.4482,9.2285,2001,0,1048,0,12.2,37,step_10,no_load,0.0
11.71981,0.871449,wrist_flex,10.0,9.7674,9.4482,9.2285,2001,0,1048,0,12.2,37,step_10,no_load,0.0
11.730424,0.882062,wrist_flex,10.0,9.7674,9.4482,9.2285,2001,0,1048,0,12.2,37,step_10,no_load,0.0
11.741006,0.892644,wrist_flex,10.0,9.7674,9.4482,9.2285,2001,0,1048,0,12.2,37,step_10,no_load,0.0
11.751893,0.903532,wrist_flex,10.0,9.7674,9.4482,9.2285,2001,0,1048,0,12.3,37,step_10,no_load,0.0
11.762375,0.914013,wrist_flex,10.0,9.7674,9.4482,9.2285,2001,0,1048,0,12.3,37,step_10,no_load,0.0
11.773115,0.924753,wrist_flex,10.0,9.7674,9.4482,9.2285,2001,0,1048,1,12.2,37,step_10,no_load,0.0
11.783427,0.935065,wrist_flex,10.0,9.7674,9.4482,9.2285,2001,0,1048,1,12.2,37,step_10,no_load,0.0
11.794047,0.945685,wrist_flex,10.0,9.7674,9.4482,9.2285,2001,0,1048,0,12.2,37,step_10,no_load,0.0
11.804438,0.956076,wrist_flex,10.0,9.7674,9.4482,9.2285,2001,0,1048,0,12.2,37,step_10,no_load,0.0
11.815138,0.966776,wrist_flex,10.0,9.7674,9.4482,9.2285,2001,0,1048,0,12.2,37,step_10,no_load,0.0
11.826052,0.97769,wrist_flex,10.0,9.7674,9.4482,9.2285,2001,0,1048,0,12.3,37,step_10,no_load,0.0
11.836617,0.988255,wrist_flex,10.0,9.7674,9.4482,9.2285,2001,0,1048,0,12.2,37,step_10,no_load,0.0
11.847281,0.998919,wrist_flex,10.0,9.7674,9.4482,9.2285,2001,0,1048,1,12.3,37,step_10,no_load,0.0
11.857598,1.009237,wrist_flex,10.0,9.7674,9.4482,9.2285,2001,0,1048,1,12.2,37,step_10,no_load,0.0
11.868032,1.019671,wrist_flex,10.0,9.7674,9.4482,9.2285,2001,0,1048,1,12.2,37,step_10,no_load,0.0
11.878217,1.029856,wrist_flex,10.0,9.7674,9.4482,9.2285,2001,0,1048,0,12.2,37,step_10,no_load,0.0
11.888716,1.040355,wrist_flex,10.0,9.7674,9.4482,9.2285,2001,0,1048,0,12.2,37,step_10,no_load,0.0
11.899022,1.05066,wrist_flex,10.0,9.7674,9.4482,9.2285,2001,0,1048,0,12.2,37,step_10,no_load,0.0
11.909651,1.061289,wrist_flex,10.0,9.7674,9.4482,9.2285,2001,0,1048,0,12.2,37,step_10,no_load,0.0
11.919959,1.071597,wrist_flex,10.0,9.7674,9.4482,9.2285,2001,0,1048,0,12.2,37,step_10,no_load,0.0
11.93028,1.081918,wrist_flex,10.0,9.7674,9.4482,9.2285,2001,0,1048,0,12.3,37,step_10,no_load,0.0
11.940362,1.092001,wrist_flex,10.0,9.7674,9.4482,9.2285,2001,0,1048,0,12.2,37,step_10,no_load,0.0
11.950589,1.102227,wrist_flex,10.0,9.7674,9.4482,9.2285,2001,0,1048,0,12.3,37,step_10,no_load,0.0
11.960804,1.112442,wrist_flex,10.0,9.7674,9.4482,9.2285,2001,0,1048,0,12.2,37,step_10,no_load,0.0
11.971671,1.123309,wrist_flex,10.0,9.7674,9.4482,9.2285,2001,0,1048,0,12.2,37,step_10,no_load,0.0
11.981991,1.133629,wrist_flex,10.0,9.7674,9.4482,9.2285,2001,0,1048,0,12.2,37,step_10,no_load,0.0
11.992134,1.143772,wrist_flex,10.0,9.7674,9.4482,9.2285,2001,0,1048,0,12.2,37,step_10,no_load,0.0
12.002667,1.154305,wrist_flex,10.0,9.7674,9.4482,9.2285,2001,0,1048,1,12.2,37,step_10,no_load,0.0
12.013652,1.165291,wrist_flex,10.0,9.7674,9.4482,9.2285,2001,0,1048,0,12.2,37,step_10,no_load,0.0
12.024308,1.175946,wrist_flex,10.0,9.7674,9.4482,9.2285,2001,0,1048,1,12.2,37,step_10,no_load,0.0
12.034934,1.186572,wrist_flex,10.0,9.7674,9.4482,9.2285,2001,0,1048,0,12.2,37,step_10,no_load,0.0
12.045564,1.197202,wrist_flex,10.0,9.7674,9.4482,9.2285,2001,0,1048,0,12.3,37,step_10,no_load,0.0
12.05668,2e-06,wrist_flex,0.0,9.7674,0.0,9.2285,2001,0,1048,0,12.2,37,step_10,no_load,0.0
12.067012,0.010334,wrist_flex,0.0,9.7674,0.0,9.2285,2001,0,20,0,12.2,37,step_10,no_load,0.0
12.077464,0.020787,wrist_flex,0.0,9.7674,0.0,9.2285,2001,0,32,1,12.3,37,step_10,no_load,0.0
12.087892,0.031215,wrist_flex,0.0,9.7674,0.0,9.2285,2001,0,84,3,12.3,37,step_10,no_load,0.0
12.098294,0.041617,wrist_flex,0.0,9.6744,0.0,9.1406,2000,0,124,11,12.2,37,step_10,no_load,-8.45
12.108631,0.051953,wrist_flex,0.0,9.5814,0.0,9.0527,1999,0,212,13,12.2,37,step_10,no_load,-8.503
12.119158,0.062481,wrist_flex,0.0,9.3023,0.0,8.7891,1996,-200,268,17,12.2,37,step_10,no_load,-25.04
12.129979,0.073302,wrist_flex,0.0,8.7442,0.0,8.2617,1990,-200,332,22,12.1,37,step_10,no_load,-48.739
12.140812,0.084135,wrist_flex,0.0,8.0,0.0,7.5586,1982,-600,320,11,12.2,37,step_10,no_load,-64.904
12.151647,0.09497,wrist_flex,0.0,7.0698,0.0,6.6797,1972,-600,324,10,12.2,37,step_10,no_load,-81.117
12.162779,0.106102,wrist_flex,0.0,6.1395,0.0,5.8008,1962,-850,256,1,12.2,37,step_10,no_load,-78.953
12.173127,0.11645,wrist_flex,0.0,5.2093,0.0,4.9219,1952,-850,232,2,12.2,37,step_10,no_load,-84.934
12.184278,0.127601,wrist_flex,0.0,4.3721,0.0,4.1309,1943,-900,152,0,12.2,37,step_10,no_load,-70.935
12.194821,0.138144,wrist_flex,0.0,3.814,0.0,3.6035,1937,-650,124,0,12.2,37,step_10,no_load,-50.024
12.20542,0.148743,wrist_flex,0.0,3.3488,0.0,3.1641,1932,-650,100,1,12.2,37,step_10,no_load,-41.457
12.216361,0.159684,wrist_flex,0.0,2.9767,0.0,2.8125,1928,-450,84,0,12.2,37,step_10,no_load,-32.136
12.226584,0.169907,wrist_flex,0.0,2.6977,0.0,2.5488,1925,-450,100,2,12.2,37,step_10,no_load,-25.795
12.23693,0.180253,wrist_flex,0.0,2.5116,0.0,2.373,1923,-200,92,1,12.2,37,step_10,no_load,-16.992
12.247845,0.191168,wrist_flex,0.0,2.3256,0.0,2.1973,1921,-200,92,2,12.2,37,step_10,no_load,-16.097
12.258593,0.201916,wrist_flex,0.0,2.1395,0.0,2.0215,1919,-200,84,1,12.2,37,step_10,no_load,-16.357
12.269174,0.212497,wrist_flex,0.0,1.9535,0.0,1.8457,1917,-200,76,1,12.2,37,step_10,no_load,-16.615
12.279928,0.223251,wrist_flex,0.0,1.7674,0.0,1.6699,1915,-200,76,2,12.2,37,step_10,no_load,-16.347
12.290178,0.2335,wrist_flex,0.0,1.6744,0.0,1.582,1914,-200,68,1,12.2,37,step_10,no_load,-8.576
12.300725,0.244048,wrist_flex,0.0,1.5814,0.0,1.4941,1913,-150,72,1,12.2,37,step_10,no_load,-8.334
12.311328,0.254651,wrist_flex,0.0,1.4884,0.0,1.4063,1912,-150,68,1,12.2,37,step_10,no_load,-8.281
12.321698,0.265021,wrist_flex,0.0,1.3953,0.0,1.3184,1911,-100,64,1,12.2,37,step_10,no_load,-8.476
12.332348,0.275671,wrist_flex,0.0,1.3023,0.0,1.2305,1910,-50,60,1,12.2,37,step_10,no_load,-8.254
12.342923,0.286246,wrist_flex,0.0,1.3023,0.0,1.2305,1910,-50,64,2,12.3,37,step_10,no_load,0.0
12.353026,0.296349,wrist_flex,0.0,1.3023,0.0,1.2305,1910,0,64,2,12.2,37,step_10,no_load,0.0
12.363762,0.307085,wrist_flex,0.0,1.3023,0.0,1.2305,1910,0,68,3,12.2,37,step_10,no_load,0.0
12.374198,0.317521,wrist_flex,0.0,1.3023,0.0,1.2305,1910,0,68,2,12.3,37,step_10,no_load,0.0
12.384549,0.327871,wrist_flex,0.0,1.3023,0.0,1.2305,1910,0,68,2,12.2,37,step_10,no_load,0.0
12.394902,0.338225,wrist_flex,0.0,1.3023,0.0,1.2305,1910,0,64,2,12.2,37,step_10,no_load,0.0
12.406341,0.349664,wrist_flex,0.0,1.2093,0.0,1.1426,1909,0,60,2,12.2,38,step_10,no_load,-7.684
12.416583,0.359906,wrist_flex,0.0,1.2093,0.0,1.1426,1909,-50,60,2,12.3,37,step_10,no_load,0.0
12.427193,0.370516,wrist_flex,0.0,1.2093,0.0,1.1426,1909,-50,64,2,12.2,37,step_10,no_load,0.0
12.437586,0.380909,wrist_flex,0.0,1.2093,0.0,1.1426,1909,0,64,2,12.3,37,step_10,no_load,0.0
12.448116,0.391439,wrist_flex,0.0,1.2093,0.0,1.1426,1909,0,64,2,12.2,37,step_10,no_load,0.0
12.458759,0.402082,wrist_flex,0.0,1.2093,0.0,1.1426,1909,0,64,2,12.3,37,step_10,no_load,0.0
12.46946,0.412783,wrist_flex,0.0,1.2093,0.0,1.1426,1909,0,64,2,12.2,37,step_10,no_load,0.0
12.479716,0.423039,wrist_flex,0.0,1.2093,0.0,1.1426,1909,0,64,2,12.2,37,step_10,no_load,0.0
12.489873,0.433196,wrist_flex,0.0,1.2093,0.0,1.1426,1909,0,64,2,12.3,37,step_10,no_load,0.0
12.500131,0.443454,wrist_flex,0.0,1.2093,0.0,1.1426,1909,0,64,2,12.2,37,step_10,no_load,0.0
12.510353,0.453676,wrist_flex,0.0,1.2093,0.0,1.1426,1909,0,64,2,12.2,37,step_10,no_load,0.0
12.520546,0.463869,wrist_flex,0.0,1.2093,0.0,1.1426,1909,0,64,2,12.3,37,step_10,no_load,0.0
12.531036,0.474359,wrist_flex,0.0,1.2093,0.0,1.1426,1909,0,64,1,12.3,37,step_10,no_load,0.0
12.541872,0.485195,wrist_flex,0.0,1.2093,0.0,1.1426,1909,0,64,2,12.2,37,step_10,no_load,0.0
12.552145,0.495468,wrist_flex,0.0,1.2093,0.0,1.1426,1909,0,64,2,12.2,37,step_10,no_load,0.0
12.562281,0.505604,wrist_flex,0.0,1.2093,0.0,1.1426,1909,0,64,2,12.3,37,step_10,no_load,0.0
12.572559,0.515882,wrist_flex,0.0,1.2093,0.0,1.1426,1909,0,64,2,12.2,37,step_10,no_load,0.0
12.582796,0.526119,wrist_flex,0.0,1.2093,0.0,1.1426,1909,0,64,2,12.3,37,step_10,no_load,0.0
12.593051,0.536374,wrist_flex,0.0,1.2093,0.0,1.1426,1909,0,64,2,12.2,37,step_10,no_load,0.0
12.603345,0.546667,wrist_flex,0.0,1.2093,0.0,1.1426,1909,0,64,3,12.3,37,step_10,no_load,0.0
12.613661,0.556984,wrist_flex,0.0,1.2093,0.0,1.1426,1909,0,64,2,12.2,37,step_10,no_load,0.0
12.623973,0.567296,wrist_flex,0.0,1.2093,0.0,1.1426,1909,0,64,2,12.3,37,step_10,no_load,0.0
12.634169,0.577491,wrist_flex,0.0,1.2093,0.0,1.1426,1909,0,64,2,12.2,37,step_10,no_load,0.0
12.644463,0.587786,wrist_flex,0.0,1.2093,0.0,1.1426,1909,0,64,2,12.2,38,step_10,no_load,0.0
12.654937,0.59826,wrist_flex,0.0,1.2093,0.0,1.1426,1909,0,64,2,12.3,37,step_10,no_load,0.0
12.665418,0.608741,wrist_flex,0.0,1.2093,0.0,1.1426,1909,0,64,2,12.2,37,step_10,no_load,0.0
12.676006,0.619329,wrist_flex,0.0,1.2093,0.0,1.1426,1909,0,64,1,12.2,37,step_10,no_load,0.0
12.686501,0.629824,wrist_flex,0.0,1.2093,0.0,1.1426,1909,0,64,2,12.3,37,step_10,no_load,0.0
12.697281,0.640604,wrist_flex,0.0,1.2093,0.0,1.1426,1909,0,64,2,12.2,37,step_10,no_load,0.0
12.707432,0.650755,wrist_flex,0.0,1.2093,0.0,1.1426,1909,0,64,2,12.2,37,step_10,no_load,0.0
12.717903,0.661226,wrist_flex,0.0,1.2093,0.0,1.1426,1909,0,64,2,12.2,37,step_10,no_load,0.0
12.728533,0.671856,wrist_flex,0.0,1.2093,0.0,1.1426,1909,0,64,2,12.2,37,step_10,no_load,0.0
12.73891,0.682233,wrist_flex,0.0,1.2093,0.0,1.1426,1909,0,64,2,12.2,37,step_10,no_load,0.0
12.749349,0.692672,wrist_flex,0.0,1.2093,0.0,1.1426,1909,0,64,2,12.2,37,step_10,no_load,0.0
12.759904,0.703227,wrist_flex,0.0,1.2093,0.0,1.1426,1909,0,64,3,12.2,37,step_10,no_load,0.0
12.77031,0.713633,wrist_flex,0.0,1.2093,0.0,1.1426,1909,0,64,2,12.3,37,step_10,no_load,0.0
12.780662,0.723985,wrist_flex,0.0,1.2093,0.0,1.1426,1909,0,64,2,12.2,37,step_10,no_load,0.0
12.79099,0.734313,wrist_flex,0.0,1.2093,0.0,1.1426,1909,0,64,2,12.2,37,step_10,no_load,0.0
12.801903,0.745226,wrist_flex,0.0,1.2093,0.0,1.1426,1909,0,64,2,12.2,37,step_10,no_load,0.0
12.812205,0.755528,wrist_flex,0.0,1.2093,0.0,1.1426,1909,0,64,2,12.2,37,step_10,no_load,0.0
12.822871,0.766194,wrist_flex,0.0,1.2093,0.0,1.1426,1909,0,64,2,12.2,37,step_10,no_load,0.0
12.833082,0.776405,wrist_flex,0.0,1.2093,0.0,1.1426,1909,0,64,2,12.2,37,step_10,no_load,0.0
12.843432,0.786755,wrist_flex,0.0,1.2093,0.0,1.1426,1909,0,64,2,12.2,37,step_10,no_load,0.0
12.853955,0.797278,wrist_flex,0.0,1.2093,0.0,1.1426,1909,0,64,2,12.3,37,step_10,no_load,0.0
12.864281,0.807604,wrist_flex,0.0,1.2093,0.0,1.1426,1909,0,64,2,12.2,37,step_10,no_load,0.0
12.874768,0.818091,wrist_flex,0.0,1.2093,0.0,1.1426,1909,0,64,2,12.2,37,step_10,no_load,0.0
12.885227,0.82855,wrist_flex,0.0,1.2093,0.0,1.1426,1909,0,64,2,12.2,38,step_10,no_load,0.0
12.896084,0.839406,wrist_flex,0.0,1.2093,0.0,1.1426,1909,0,64,2,12.2,37,step_10,no_load,0.0
12.906578,0.849901,wrist_flex,0.0,1.2093,0.0,1.1426,1909,0,64,2,12.2,37,step_10,no_load,0.0
12.916833,0.860156,wrist_flex,0.0,1.2093,0.0,1.1426,1909,0,64,2,12.2,37,step_10,no_load,0.0
12.927888,0.871211,wrist_flex,0.0,1.2093,0.0,1.1426,1909,0,64,2,12.3,37,step_10,no_load,0.0
12.938938,0.882261,wrist_flex,0.0,1.2093,0.0,1.1426,1909,0,64,2,12.2,37,step_10,no_load,0.0
12.949908,0.893231,wrist_flex,0.0,1.2093,0.0,1.1426,1909,0,64,2,12.2,37,step_10,no_load,0.0
12.960091,0.903414,wrist_flex,0.0,1.2093,0.0,1.1426,1909,0,64,2,12.2,37,step_10,no_load,0.0
12.970239,0.913562,wrist_flex,0.0,1.2093,0.0,1.1426,1909,0,64,2,12.2,37,step_10,no_load,0.0
12.980523,0.923846,wrist_flex,0.0,1.2093,0.0,1.1426,1909,0,64,2,12.2,37,step_10,no_load,0.0
12.991089,0.934412,wrist_flex,0.0,1.2093,0.0,1.1426,1909,0,64,2,12.2,37,step_10,no_load,0.0
13.00133,0.944653,wrist_flex,0.0,1.2093,0.0,1.1426,1909,0,64,2,12.2,37,step_10,no_load,0.0
13.011823,0.955146,wrist_flex,0.0,1.2093,0.0,1.1426,1909,0,64,2,12.3,37,step_10,no_load,0.0
13.022578,0.965901,wrist_flex,0.0,1.2093,0.0,1.1426,1909,0,64,2,12.2,37,step_10,no_load,0.0
13.033158,0.976481,wrist_flex,0.0,1.2093,0.0,1.1426,1909,0,64,2,12.3,37,step_10,no_load,0.0
13.044108,0.987431,wrist_flex,0.0,1.2093,0.0,1.1426,1909,0,64,3,12.2,37,step_10,no_load,0.0
13.054328,0.997651,wrist_flex,0.0,1.2093,0.0,1.1426,1909,0,64,2,12.2,37,step_10,no_load,0.0
13.065315,1.008637,wrist_flex,0.0,1.2093,0.0,1.1426,1909,0,64,2,12.2,37,step_10,no_load,0.0
13.075915,1.019238,wrist_flex,0.0,1.2093,0.0,1.1426,1909,0,64,2,12.3,37,step_10,no_load,0.0
13.086134,1.029456,wrist_flex,0.0,1.2093,0.0,1.1426,1909,0,64,2,12.2,37,step_10,no_load,0.0
13.09692,1.040243,wrist_flex,0.0,1.2093,0.0,1.1426,1909,0,64,2,12.2,37,step_10,no_load,0.0
13.107056,1.050379,wrist_flex,0.0,1.2093,0.0,1.1426,1909,0,64,2,12.2,37,step_10,no_load,0.0
13.117258,1.060581,wrist_flex,0.0,1.2093,0.0,1.1426,1909,0,64,2,12.2,37,step_10,no_load,0.0
13.127479,1.070802,wrist_flex,0.0,1.2093,0.0,1.1426,1909,0,64,2,12.2,37,step_10,no_load,0.0
13.137818,1.081141,wrist_flex,0.0,1.2093,0.0,1.1426,1909,0,64,1,12.2,37,step_10,no_load,0.0
13.148181,1.091504,wrist_flex,0.0,1.2093,0.0,1.1426,1909,0,64,2,12.2,37,step_10,no_load,0.0
13.158583,1.101906,wrist_flex,0.0,1.2093,0.0,1.1426,1909,0,64,3,12.2,37,step_10,no_load,0.0
13.169395,1.112718,wrist_flex,0.0,1.2093,0.0,1.1426,1909,0,64,2,12.2,37,step_10,no_load,0.0
13.179884,1.123207,wrist_flex,0.0,1.2093,0.0,1.1426,1909,0,64,2,12.3,37,step_10,no_load,0.0
13.19049,1.133813,wrist_flex,0.0,1.2093,0.0,1.1426,1909,0,64,2,12.2,37,step_10,no_load,0.0
13.201078,1.144401,wrist_flex,0.0,1.2093,0.0,1.1426,1909,0,64,2,12.2,37,step_10,no_load,0.0
13.212123,1.155446,wrist_flex,0.0,1.2093,0.0,1.1426,1909,0,64,2,12.2,37,step_10,no_load,0.0
13.222864,1.166187,wrist_flex,0.0,1.2093,0.0,1.1426,1909,0,64,2,12.3,37,step_10,no_load,0.0
13.23349,1.176813,wrist_flex,0.0,1.2093,0.0,1.1426,1909,0,64,2,12.2,37,step_10,no_load,0.0
13.244129,1.187452,wrist_flex,0.0,1.2093,0.0,1.1426,1909,0,64,2,12.2,37,step_10,no_load,0.0
13.254433,1.197756,wrist_flex,0.0,1.2093,0.0,1.1426,1909,0,64,2,12.2,37,step_10,no_load,0.0
13.266069,5e-06,wrist_flex,10.0,1.2093,9.4482,1.1426,1909,0,64,2,12.2,37,step_10,no_load,0.0
13.276925,0.01086,wrist_flex,10.0,1.2093,9.4482,1.1426,1909,0,60,2,12.2,37,step_10,no_load,0.0
13.287633,0.021568,wrist_flex,10.0,1.2093,9.4482,1.1426,1909,0,40,0,12.2,37,step_10,no_load,0.0
13.298258,0.032193,wrist_flex,10.0,1.2093,9.4482,1.1426,1909,0,1076,1,12.2,37,step_10,no_load,0.0
13.309011,0.042946,wrist_flex,10.0,1.3023,9.4482,1.2305,1910,0,1144,4,12.2,37,step_10,no_load,8.174
13.319978,0.053913,wrist_flex,10.0,1.4884,9.4482,1.4063,1912,0,1192,7,12.2,37,step_10,no_load,16.03
13.330332,0.064267,wrist_flex,10.0,1.8605,9.4482,1.7578,1916,200,1268,11,12.2,37,step_10,no_load,33.948
13.341236,0.075171,wrist_flex,10.0,2.3256,9.4482,2.1973,1921,200,1312,9,12.2,37,step_10,no_load,40.306
13.351509,0.085444,wrist_flex,10.0,3.0698,9.4482,2.9004,1929,550,1308,6,12.3,37,step_10,no_load,68.442
13.362167,0.096102,wrist_flex,10.0,4.0,9.4482,3.7793,1939,550,1312,4,12.2,37,step_10,no_load,82.464
13.372762,0.106697,wrist_flex,10.0,5.0233,9.4482,4.7461,1950,850,1232,0,12.2,37,step_10,no_load,91.251
13.383462,0.117397,wrist_flex,10.0,5.8605,9.4482,5.5371,1959,950,1208,0,12.2,37,step_10,no_load,73.925
13.39455,0.128485,wrist_flex,10.0,6.6977,9.4482,6.3281,1968,950,1136,0,12.2,37,step_10,no_load,71.338
13.405099,0.139034,wrist_flex,10.0,7.2558,9.4482,6.8555,1974,700,1112,0,12.2,37,step_10,no_load,49.995
13.415741,0.149676,wrist_flex,10.0,7.814,9.4482,7.3828,1980,700,1080,0,12.3,37,step_10,no_load,49.549
13.426289,0.160224,wrist_flex,10.0,8.186,9.4482,7.7344,1984,450,1064,0,12.2,37,step_10,no_load,33.333
13.436587,0.170523,wrist_flex,10.0,8.3721,9.4482,7.9102,1986,450,1072,0,12.2,37,step_10,no_load,17.071
13.446824,0.180759,wrist_flex,10.0,8.6512,9.4482,8.1738,1989,250,1064,0,12.2,37,step_10,no_load,25.75
13.457091,0.191027,wrist_flex,10.0,8.8372,9.4482,8.3496,1991,250,1072,0,12.2,37,step_10,no_load,17.123
13.467382,0.201317,wrist_flex,10.0,9.0233,9.4482,8.5254,1993,200,1064,0,12.2,37,step_10,no_load,17.083
13.477677,0.211612,wrist_flex,10.0,9.2093,9.4482,8.7012,1995,200,1056,0,12.2,37,step_10,no_load,17.076
13.488164,0.222099,wrist_flex,10.0,9.3023,9.4482,8.7891,1996,150,1056,0,12.2,38,step_10,no_load,8.382
13.498327,0.232263,wrist_flex,10.0,9.3953,9.4482,8.877,1997,150,1052,0,12.2,37,step_10,no_load,8.649
13.508755,0.24269,wrist_flex,10.0,9.4884,9.4482,8.9648,1998,150,1052,0,12.2,37,step_10,no_load,8.42
13.519776,0.253711,wrist_flex,10.0,9.5814,9.4482,9.0527,1999,100,1044,0,12.2,37,step_10,no_load,7.976
13.530357,0.264292,wrist_flex,10.0,9.6744,9.4482,9.1406,2000,100,0,0,12.3,37,step_10,no_load,8.307
13.540531,0.274466,wrist_flex,10.0,9.7674,9.4482,9.2285,2001,100,0,0,12.2,37,step_10,no_load,8.64
13.550906,0.284841,wrist_flex,10.0,9.7674,9.4482,9.2285,2001,50,1044,0,12.3,37,step_10,no_load,0.0
13.560968,0.294904,wrist_flex,10.0,9.7674,9.4482,9.2285,2001,50,1044,0,12.2,37,step_10,no_load,0.0
13.571274,0.305209,wrist_flex,10.0,9.7674,9.4482,9.2285,2001,0,1048,0,12.2,37,step_10,no_load,0.0
13.582402,0.316338,wrist_flex,10.0,9.7674,9.4482,9.2285,2001,0,1048,0,12.3,37,step_10,no_load,0.0
13.593242,0.327177,wrist_flex,10.0,9.7674,9.4482,9.2285,2001,0,1048,0,12.2,37,step_10,no_load,0.0
13.603961,0.337896,wrist_flex,10.0,9.7674,9.4482,9.2285,2001,0,1048,0,12.3,37,step_10,no_load,0.0
13.614526,0.348461,wrist_flex,10.0,9.7674,9.4482,9.2285,2001,0,1048,0,12.2,36,step_10,no_load,0.0
13.625237,0.359173,wrist_flex,10.0,9.7674,9.4482,9.2285,2001,0,1048,1,12.2,37,step_10,no_load,0.0
13.635672,0.369607,wrist_flex,10.0,9.7674,9.4482,9.2285,2001,0,1048,0,12.2,37,step_10,no_load,0.0
13.646147,0.380082,wrist_flex,10.0,9.7674,9.4482,9.2285,2001,0,1048,0,12.2,37,step_10,no_load,0.0
13.657135,0.39107,wrist_flex,10.0,9.7674,9.4482,9.2285,2001,0,1048,1,12.2,38,step_10,no_load,0.0
13.66741,0.401345,wrist_flex,10.0,9.7674,9.4482,9.2285,2001,0,1048,0,12.3,37,step_10,no_load,0.0
13.677688,0.411623,wrist_flex,10.0,9.7674,9.4482,9.2285,2001,0,1048,1,12.2,37,step_10,no_load,0.0
13.688359,0.422294,wrist_flex,10.0,9.7674,9.4482,9.2285,2001,0,1048,0,12.3,37,step_10,no_load,0.0
13.698637,0.432572,wrist_flex,10.0,9.7674,9.4482,9.2285,2001,0,1048,1,12.2,37,step_10,no_load,0.0
13.708944,0.442879,wrist_flex,10.0,9.7674,9.4482,9.2285,2001,0,1048,0,12.2,37,step_10,no_load,0.0
13.719723,0.453658,wrist_flex,10.0,9.7674,9.4482,9.2285,2001,0,1048,0,12.2,37,step_10,no_load,0.0
13.730373,0.464308,wrist_flex,10.0,9.7674,9.4482,9.2285,2001,0,1048,0,12.2,37,step_10,no_load,0.0
13.740863,0.474799,wrist_flex,10.0,9.7674,9.4482,9.2285,2001,0,1048,0,12.0,37,step_10,no_load,0.0
13.751906,0.485841,wrist_flex,10.0,9.7674,9.4482,9.2285,2001,0,1048,1,12.2,37,step_10,no_load,0.0
13.762919,0.496854,wrist_flex,10.0,9.7674,9.4482,9.2285,2001,0,1048,0,12.2,37,step_10,no_load,0.0
13.773337,0.507272,wrist_flex,10.0,9.7674,9.4482,9.2285,2001,0,1048,0,12.2,37,step_10,no_load,0.0
13.783949,0.517884,wrist_flex,10.0,9.7674,9.4482,9.2285,2001,0,1048,0,12.2,37,step_10,no_load,0.0
13.794381,0.528317,wrist_flex,10.0,9.7674,9.4482,9.2285,2001,0,1048,0,12.2,37,step_10,no_load,0.0
13.804998,0.538933,wrist_flex,10.0,9.7674,9.4482,9.2285,2001,0,1048,1,12.3,37,step_10,no_load,0.0
13.815248,0.549183,wrist_flex,10.0,9.7674,9.4482,9.2285,2001,0,1048,0,12.2,37,step_10,no_load,0.0
13.825669,0.559604,wrist_flex,10.0,9.7674,9.4482,9.2285,2001,0,1048,0,12.3,37,step_10,no_load,0.0
13.836389,0.570324,wrist_flex,10.0,9.7674,9.4482,9.2285,2001,0,1048,0,12.2,37,step_10,no_load,0.0
13.846647,0.580582,wrist_flex,10.0,9.7674,9.4482,9.2285,2001,0,1048,0,12.2,37,step_10,no_load,0.0
13.857154,0.591089,wrist_flex,10.0,9.7674,9.4482,9.2285,2001,0,1048,0,12.3,37,step_10,no_load,0.0
13.867625,0.60156,wrist_flex,10.0,9.7674,9.4482,9.2285,2001,0,1048,0,12.2,37,step_10,no_load,0.0
13.87819,0.612125,wrist_flex,10.0,9.7674,9.4482,9.2285,2001,0,1048,0,12.3,37,step_10,no_load,0.0
13.888561,0.622496,wrist_flex,10.0,9.7674,9.4482,9.2285,2001,0,1048,0,12.2,37,step_10,no_load,0.0
13.898915,0.63285,wrist_flex,10.0,9.7674,9.4482,9.2285,2001,0,1048,0,12.2,37,step_10,no_load,0.0
13.909449,0.643384,wrist_flex,10.0,9.7674,9.4482,9.2285,2001,0,1048,0,12.2,37,step_10,no_load,0.0
13.919712,0.653647,wrist_flex,10.0,9.7674,9.4482,9.2285,2001,0,1048,0,12.2,37,step_10,no_load,0.0
13.930119,0.664054,wrist_flex,10.0,9.7674,9.4482,9.2285,2001,0,1048,0,12.2,37,step_10,no_load,0.0
13.940466,0.674401,wrist_flex,10.0,9.7674,9.4482,9.2285,2001,0,1048,0,12.2,37,step_10,no_load,0.0
13.951512,0.685447,wrist_flex,10.0,9.7674,9.4482,9.2285,2001,0,1048,0,12.3,37,step_10,no_load,0.0
13.962459,0.696394,wrist_flex,10.0,9.7674,9.4482,9.2285,2001,0,1048,0,12.2,37,step_10,no_load,0.0
13.973275,0.707211,wrist_flex,10.0,9.7674,9.4482,9.2285,2001,0,1048,0,12.2,37,step_10,no_load,0.0
13.983576,0.717511,wrist_flex,10.0,9.7674,9.4482,9.2285,2001,0,1048,0,12.2,37,step_10,no_load,0.0
13.993949,0.727884,wrist_flex,10.0,9.7674,9.4482,9.2285,2001,0,1048,0,12.2,37,step_10,no_load,0.0
14.004604,0.73854,wrist_flex,10.0,9.7674,9.4482,9.2285,2001,0,1048,0,12.2,37,step_10,no_load,0.0
14.015256,0.749191,wrist_flex,10.0,9.7674,9.4482,9.2285,2001,0,1048,0,12.3,37,step_10,no_load,0.0
14.025817,0.759752,wrist_flex,10.0,9.7674,9.4482,9.2285,2001,0,1048,0,12.2,37,step_10,no_load,0.0
14.03595,0.769885,wrist_flex,10.0,9.7674,9.4482,9.2285,2001,0,1048,0,12.2,37,step_10,no_load,0.0
14.047046,0.780981,wrist_flex,10.0,9.7674,9.4482,9.2285,2001,0,1048,0,12.2,37,step_10,no_load,0.0
14.057219,0.791154,wrist_flex,10.0,9.7674,9.4482,9.2285,2001,0,1048,0,12.2,37,step_10,no_load,0.0
14.067897,0.801833,wrist_flex,10.0,9.7674,9.4482,9.2285,2001,0,1048,0,12.3,37,step_10,no_load,0.0
14.078076,0.812012,wrist_flex,10.0,9.7674,9.4482,9.2285,2001,0,1048,0,12.2,37,step_10,no_load,0.0
14.088347,0.822283,wrist_flex,10.0,9.7674,9.4482,9.2285,2001,0,1048,1,12.2,37,step_10,no_load,0.0
14.098847,0.832783,wrist_flex,10.0,9.7674,9.4482,9.2285,2001,0,1048,0,12.2,37,step_10,no_load,0.0
14.109914,0.843849,wrist_flex,10.0,9.7674,9.4482,9.2285,2001,0,1048,1,12.2,37,step_10,no_load,0.0
14.1204,0.854335,wrist_flex,10.0,9.7674,9.4482,9.2285,2001,0,1048,0,12.2,37,step_10,no_load,0.0
14.130727,0.864662,wrist_flex,10.0,9.7674,9.4482,9.2285,2001,0,1048,1,12.2,37,step_10,no_load,0.0
14.141421,0.875356,wrist_flex,10.0,9.7674,9.4482,9.2285,2001,0,1048,0,12.3,37,step_10,no_load,0.0
14.151623,0.885558,wrist_flex,10.0,9.7674,9.4482,9.2285,2001,0,1048,0,12.2,37,step_10,no_load,0.0
14.161963,0.895898,wrist_flex,10.0,9.7674,9.4482,9.2285,2001,0,1048,0,12.2,37,step_10,no_load,0.0
14.172254,0.906189,wrist_flex,10.0,9.7674,9.4482,9.2285,2001,0,1048,1,12.2,37,step_10,no_load,0.0
14.182577,0.916513,wrist_flex,10.0,9.7674,9.4482,9.2285,2001,0,1048,0,12.2,37,step_10,no_load,0.0
14.193232,0.927167,wrist_flex,10.0,9.7674,9.4482,9.2285,2001,0,1048,1,12.3,37,step_10,no_load,0.0
14.203475,0.93741,wrist_flex,10.0,9.7674,9.4482,9.2285,2001,0,1048,0,12.3,37,step_10,no_load,0.0
14.214139,0.948075,wrist_flex,10.0,9.7674,9.4482,9.2285,2001,0,1048,0,12.2,37,step_10,no_load,0.0
14.224373,0.958308,wrist_flex,10.0,9.7674,9.4482,9.2285,2001,0,1048,0,12.2,37,step_10,no_load,0.0
14.234595,0.96853,wrist_flex,10.0,9.7674,9.4482,9.2285,2001,0,1048,0,12.2,37,step_10,no_load,0.0
14.245123,0.979058,wrist_flex,10.0,9.7674,9.4482,9.2285,2001,0,1048,0,11.7,37,step_10,no_load,0.0
14.25574,0.989675,wrist_flex,10.0,9.7674,9.4482,9.2285,2001,0,1048,1,12.2,37,step_10,no_load,0.0
14.266919,1.000854,wrist_flex,10.0,9.7674,9.4482,9.2285,2001,0,1048,0,12.2,37,step_10,no_load,0.0
14.277179,1.011115,wrist_flex,10.0,9.7674,9.4482,9.2285,2001,0,1048,0,12.2,37,step_10,no_load,0.0
14.287718,1.021653,wrist_flex,10.0,9.7674,9.4482,9.2285,2001,0,1048,0,12.3,37,step_10,no_load,0.0
14.298062,1.031997,wrist_flex,10.0,9.7674,9.4482,9.2285,2001,0,1048,0,12.3,37,step_10,no_load,0.0
14.308565,1.0425,wrist_flex,10.0,9.7674,9.4482,9.2285,2001,0,1048,1,12.2,37,step_10,no_load,0.0
14.318758,1.052694,wrist_flex,10.0,9.7674,9.4482,9.2285,2001,0,1048,0,12.3,37,step_10,no_load,0.0
14.329841,1.063776,wrist_flex,10.0,9.7674,9.4482,9.2285,2001,0,1048,0,12.2,37,step_10,no_load,0.0
14.340422,1.074358,wrist_flex,10.0,9.7674,9.4482,9.2285,2001,0,1048,0,12.3,37,step_10,no_load,0.0
14.350895,1.08483,wrist_flex,10.0,9.7674,9.4482,9.2285,2001,0,1048,0,12.2,37,step_10,no_load,0.0
14.361315,1.09525,wrist_flex,10.0,9.7674,9.4482,9.2285,2001,0,1048,0,12.3,37,step_10,no_load,0.0
14.372149,1.106084,wrist_flex,10.0,9.7674,9.4482,9.2285,2001,0,1048,0,12.3,37,step_10,no_load,0.0
14.382314,1.116249,wrist_flex,10.0,9.7674,9.4482,9.2285,2001,0,1048,0,12.2,37,step_10,no_load,0.0
14.392738,1.126673,wrist_flex,10.0,9.7674,9.4482,9.2285,2001,0,1048,0,12.2,37,step_10,no_load,0.0
14.403353,1.137289,wrist_flex,10.0,9.7674,9.4482,9.2285,2001,0,1048,0,12.2,37,step_10,no_load,0.0
14.413696,1.147631,wrist_flex,10.0,9.7674,9.4482,9.2285,2001,0,1048,0,12.2,37,step_10,no_load,0.0
14.42396,1.157896,wrist_flex,10.0,9.7674,9.4482,9.2285,2001,0,1048,0,12.2,37,step_10,no_load,0.0
14.434606,1.168541,wrist_flex,10.0,9.7674,9.4482,9.2285,2001,0,1048,1,12.3,37,step_10,no_load,0.0
14.445238,1.179173,wrist_flex,10.0,9.7674,9.4482,9.2285,2001,0,1048,0,12.2,37,step_10,no_load,0.0
14.455747,1.189682,wrist_flex,10.0,9.7674,9.4482,9.2285,2001,0,1048,0,12.2,37,step_10,no_load,0.0
14.467061,2e-06,wrist_flex,0.0,9.7674,0.0,9.2285,2001,0,1048,1,12.2,37,step_10,no_load,0.0
14.477393,0.010334,wrist_flex,0.0,9.7674,0.0,9.2285,2001,0,0,0,12.3,37,step_10,no_load,0.0
14.487739,0.02068,wrist_flex,0.0,9.7674,0.0,9.2285,2001,0,36,0,12.2,37,step_10,no_load,0.0
14.497866,0.030806,wrist_flex,0.0,9.7674,0.0,9.2285,2001,0,104,4,12.2,37,step_10,no_load,0.0
14.508167,0.041108,wrist_flex,0.0,9.6744,0.0,9.1406,2000,0,136,7,12.2,37,step_10,no_load,-8.533
14.518633,0.051574,wrist_flex,0.0,9.5814,0.0,9.0527,1999,-50,212,15,12.1,37,step_10,no_load,-8.399
14.529285,0.062226,wrist_flex,0.0,9.2093,0.0,8.7012,1995,-50,272,16,12.2,37,step_10,no_load,-32.998
14.539787,0.072727,wrist_flex,0.0,8.7442,0.0,8.2617,1990,-300,328,20,12.2,37,step_10,no_load,-41.849
14.550527,0.083468,wrist_flex,0.0,8.093,0.0,7.6465,1983,-300,352,19,12.1,37,step_10,no_load,-57.281
14.561366,0.094307,wrist_flex,0.0,7.1628,0.0,6.7676,1973,-700,300,7,12.2,37,step_10,no_load,-81.087
14.571519,0.10446,wrist_flex,0.0,6.2326,0.0,5.8887,1963,-700,292,7,12.2,37,step_10,no_load,-86.566
14.582084,0.115025,wrist_flex,0.0,5.3953,0.0,5.0977,1954,-900,224,0,12.3,37,step_10,no_load,-74.87
14.592631,0.125572,wrist_flex,0.0,4.5581,0.0,4.3066,1945,-850,192,1,12.2,37,step_10,no_load,-75.007
14.602757,0.135698,wrist_flex,0.0,3.907,0.0,3.6914,1938,-850,116,0,12.3,37,step_10,no_load,-60.754
14.613835,0.146775,wrist_flex,0.0,3.4419,0.0,3.252,1933,-600,96,0,12.2,37,step_10,no_load,-39.664
14.623928,0.156869,wrist_flex,0.0,3.0698,0.0,2.9004,1929,-600,100,1,12.2,37,step_10,no_load,-34.836
14.634346,0.167287,wrist_flex,0.0,2.7907,0.0,2.6367,1926,-350,92,1,12.2,37,step_10,no_load,-25.312
14.644955,0.177896,wrist_flex,0.0,2.5116,0.0,2.373,1923,-350,96,2,12.2,37,step_10,no_load,-24.856
14.655869,0.188809,wrist_flex,0.0,2.3256,0.0,2.1973,1921,-200,88,2,12.2,37,step_10,no_load,-16.099
14.666597,0.199538,wrist_flex,0.0,2.1395,0.0,2.0215,1919,-200,84,3,12.2,37,step_10,no_load,-16.387
14.677146,0.210087,wrist_flex,0.0,1.9535,0.0,1.8457,1917,-200,84,2,12.3,38,step_10,no_load,-16.665
14.687349,0.22029,wrist_flex,0.0,1.7674,0.0,1.6699,1915,-200,76,2,12.2,37,step_10,no_load,-17.23
14.69783,0.230771,wrist_flex,0.0,1.6744,0.0,1.582,1914,-200,72,1,12.2,37,step_10,no_load,-8.387
14.708823,0.241764,wrist_flex,0.0,1.5814,0.0,1.4941,1913,-200,68,2,12.2,37,step_10,no_load,-7.996
14.719486,0.252427,wrist_flex,0.0,1.4884,0.0,1.4063,1912,-50,68,1,12.2,37,step_10,no_load,-8.234
14.73042,0.263361,wrist_flex,0.0,1.3953,0.0,1.3184,1911,-100,64,2,12.3,37,step_10,no_load,-8.039
14.741077,0.274018,wrist_flex,0.0,1.3023,0.0,1.2305,1910,-100,60,2,12.2,37,step_10,no_load,-8.248
14.75214,0.285081,wrist_flex,0.0,1.3023,0.0,1.2305,1910,-50,60,2,12.2,37,step_10,no_load,0.0
14.762531,0.295472,wrist_flex,0.0,1.3023,0.0,1.2305,1910,-50,68,2,12.2,37,step_10,no_load,0.0
14.773093,0.306034,wrist_flex,0.0,1.3023,0.0,1.2305,1910,0,68,3,12.2,37,step_10,no_load,0.0
14.783663,0.316603,wrist_flex,0.0,1.3023,0.0,1.2305,1910,0,68,2,12.3,37,step_10,no_load,0.0
14.794212,0.327153,wrist_flex,0.0,1.3023,0.0,1.2305,1910,0,68,3,12.2,37,step_10,no_load,0.0
14.804348,0.337288,wrist_flex,0.0,1.3023,0.0,1.2305,1910,0,68,2,12.2,37,step_10,no_load,0.0
14.81569,0.348631,wrist_flex,0.0,1.2093,0.0,1.1426,1909,0,60,2,12.2,37,step_10,no_load,-7.75
14.826518,0.359459,wrist_flex,0.0,1.2093,0.0,1.1426,1909,0,60,2,12.2,37,step_10,no_load,0.0
14.837082,0.370022,wrist_flex,0.0,1.2093,0.0,1.1426,1909,-50,64,2,12.3,37,step_10,no_load,0.0
14.847717,0.380658,wrist_flex,0.0,1.2093,0.0,1.1426,1909,-50,64,1,12.2,37,step_10,no_load,0.0
14.858021,0.390962,wrist_flex,0.0,1.2093,0.0,1.1426,1909,0,64,2,12.2,37,step_10,no_load,0.0
14.868207,0.401147,wrist_flex,0.0,1.2093,0.0,1.1426,1909,0,64,2,12.3,37,step_10,no_load,0.0
14.878326,0.411266,wrist_flex,0.0,1.2093,0.0,1.1426,1909,0,64,3,12.3,37,step_10,no_load,0.0
14.889028,0.421969,wrist_flex,0.0,1.2093,0.0,1.1426,1909,0,64,2,12.3,37,step_10,no_load,0.0
14.899256,0.432197,wrist_flex,0.0,1.2093,0.0,1.1426,1909,0,64,2,12.2,37,step_10,no_load,0.0
14.909496,0.442437,wrist_flex,0.0,1.2093,0.0,1.1426,1909,0,64,2,12.2,37,step_10,no_load,0.0
14.920172,0.453113,wrist_flex,0.0,1.2093,0.0,1.1426,1909,0,64,1,12.3,37,step_10,no_load,0.0
14.930414,0.463355,wrist_flex,0.0,1.2093,0.0,1.1426,1909,0,64,2,12.2,37,step_10,no_load,0.0
14.940578,0.473519,wrist_flex,0.0,1.2093,0.0,1.1426,1909,0,64,2,12.2,37,step_10,no_load,0.0
14.951026,0.483967,wrist_flex,0.0,1.2093,0.0,1.1426,1909,0,64,2,12.2,37,step_10,no_load,0.0
14.96149,0.494431,wrist_flex,0.0,1.2093,0.0,1.1426,1909,0,64,2,12.3,37,step_10,no_load,0.0
14.972128,0.505069,wrist_flex,0.0,1.2093,0.0,1.1426,1909,0,64,1,12.2,37,step_10,no_load,0.0
14.982542,0.515483,wrist_flex,0.0,1.2093,0.0,1.1426,1909,0,64,2,12.2,37,step_10,no_load,0.0
14.993105,0.526046,wrist_flex,0.0,1.2093,0.0,1.1426,1909,0,64,2,12.2,37,step_10,no_load,0.0
15.003696,0.536637,wrist_flex,0.0,1.2093,0.0,1.1426,1909,0,64,2,12.2,37,step_10,no_load,0.0
15.014052,0.546993,wrist_flex,0.0,1.2093,0.0,1.1426,1909,0,64,2,12.2,37,step_10,no_load,0.0
15.024911,0.557852,wrist_flex,0.0,1.2093,0.0,1.1426,1909,0,64,2,12.2,37,step_10,no_load,0.0
15.035124,0.568065,wrist_flex,0.0,1.2093,0.0,1.1426,1909,0,64,3,12.2,37,step_10,no_load,0.0
15.045649,0.57859,wrist_flex,0.0,1.2093,0.0,1.1426,1909,0,64,2,12.2,37,step_10,no_load,0.0
15.055923,0.588864,wrist_flex,0.0,1.2093,0.0,1.1426,1909,0,64,2,12.2,37,step_10,no_load,0.0
15.06633,0.599271,wrist_flex,0.0,1.2093,0.0,1.1426,1909,0,64,2,12.3,37,step_10,no_load,0.0
15.076812,0.609753,wrist_flex,0.0,1.2093,0.0,1.1426,1909,0,64,2,12.2,37,step_10,no_load,0.0
15.087594,0.620535,wrist_flex,0.0,1.2093,0.0,1.1426,1909,0,64,2,12.2,37,step_10,no_load,0.0
15.098157,0.631098,wrist_flex,0.0,1.2093,0.0,1.1426,1909,0,64,2,12.2,37,step_10,no_load,0.0
15.108354,0.641295,wrist_flex,0.0,1.2093,0.0,1.1426,1909,0,64,2,12.2,37,step_10,no_load,0.0
15.118967,0.651908,wrist_flex,0.0,1.2093,0.0,1.1426,1909,0,64,2,12.2,37,step_10,no_load,0.0
15.129104,0.662045,wrist_flex,0.0,1.2093,0.0,1.1426,1909,0,64,2,12.2,37,step_10,no_load,0.0
15.13969,0.672631,wrist_flex,0.0,1.2093,0.0,1.1426,1909,0,64,2,12.2,37,step_10,no_load,0.0
15.150037,0.682978,wrist_flex,0.0,1.2093,0.0,1.1426,1909,0,64,2,12.2,37,step_10,no_load,0.0
15.16072,0.693661,wrist_flex,0.0,1.2093,0.0,1.1426,1909,0,64,2,12.3,37,step_10,no_load,0.0
15.170953,0.703894,wrist_flex,0.0,1.2093,0.0,1.1426,1909,0,64,2,12.2,37,step_10,no_load,0.0
15.181596,0.714537,wrist_flex,0.0,1.2093,0.0,1.1426,1909,0,64,2,12.2,37,step_10,no_load,0.0
15.192116,0.725057,wrist_flex,0.0,1.2093,0.0,1.1426,1909,0,64,2,12.2,37,step_10,no_load,0.0
15.202476,0.735417,wrist_flex,0.0,1.2093,0.0,1.1426,1909,0,64,2,12.2,38,step_10,no_load,0.0
15.212795,0.745736,wrist_flex,0.0,1.2093,0.0,1.1426,1909,0,64,2,12.2,37,step_10,no_load,0.0
15.223358,0.756299,wrist_flex,0.0,1.2093,0.0,1.1426,1909,0,64,2,12.2,37,step_10,no_load,0.0
15.234389,0.76733,wrist_flex,0.0,1.2093,0.0,1.1426,1909,0,64,2,12.2,37,step_10,no_load,0.0
15.245448,0.778389,wrist_flex,0.0,1.2093,0.0,1.1426,1909,0,64,2,12.3,37,step_10,no_load,0.0
15.255857,0.788797,wrist_flex,0.0,1.2093,0.0,1.1426,1909,0,64,2,12.3,38,step_10,no_load,0.0
15.266891,0.799832,wrist_flex,0.0,1.2093,0.0,1.1426,1909,0,64,2,12.2,37,step_10,no_load,0.0
15.27731,0.810251,wrist_flex,0.0,1.2093,0.0,1.1426,1909,0,64,2,12.2,37,step_10,no_load,0.0
15.287698,0.820639,wrist_flex,0.0,1.2093,0.0,1.1426,1909,0,64,2,12.2,37,step_10,no_load,0.0
15.297963,0.830904,wrist_flex,0.0,1.2093,0.0,1.1426,1909,0,64,2,12.2,37,step_10,no_load,0.0
15.30836,0.8413,wrist_flex,0.0,1.2093,0.0,1.1426,1909,0,64,2,12.3,37,step_10,no_load,0.0
15.318939,0.85188,wrist_flex,0.0,1.2093,0.0,1.1426,1909,0,64,2,12.2,37,step_10,no_load,0.0
15.329501,0.862442,wrist_flex,0.0,1.2093,0.0,1.1426,1909,0,64,2,12.2,37,step_10,no_load,0.0
15.339658,0.872598,wrist_flex,0.0,1.2093,0.0,1.1426,1909,0,64,2,12.2,37,step_10,no_load,0.0
15.350219,0.883159,wrist_flex,0.0,1.2093,0.0,1.1426,1909,0,64,2,12.2,37,step_10,no_load,0.0
15.360631,0.893571,wrist_flex,0.0,1.2093,0.0,1.1426,1909,0,64,2,12.2,37,step_10,no_load,0.0
15.371255,0.904196,wrist_flex,0.0,1.2093,0.0,1.1426,1909,0,64,2,12.3,37,step_10,no_load,0.0
15.38185,0.914791,wrist_flex,0.0,1.2093,0.0,1.1426,1909,0,64,2,12.2,37,step_10,no_load,0.0
15.392303,0.925244,wrist_flex,0.0,1.2093,0.0,1.1426,1909,0,64,2,12.3,37,step_10,no_load,0.0
15.40277,0.935711,wrist_flex,0.0,1.2093,0.0,1.1426,1909,0,64,2,12.2,37,step_10,no_load,0.0
15.413192,0.946133,wrist_flex,0.0,1.2093,0.0,1.1426,1909,0,64,2,12.2,37,step_10,no_load,0.0
15.423378,0.956319,wrist_flex,0.0,1.2093,0.0,1.1426,1909,0,64,1,12.2,37,step_10,no_load,0.0
15.433563,0.966504,wrist_flex,0.0,1.2093,0.0,1.1426,1909,0,64,2,12.2,37,step_10,no_load,0.0
15.444211,0.977152,wrist_flex,0.0,1.2093,0.0,1.1426,1909,0,64,2,12.2,37,step_10,no_load,0.0
15.454383,0.987324,wrist_flex,0.0,1.2093,0.0,1.1426,1909,0,64,2,12.2,37,step_10,no_load,0.0
15.465063,0.998004,wrist_flex,0.0,1.2093,0.0,1.1426,1909,0,64,2,12.3,37,step_10,no_load,0.0
15.47572,1.008661,wrist_flex,0.0,1.2093,0.0,1.1426,1909,0,64,1,12.2,37,step_10,no_load,0.0
15.485873,1.018814,wrist_flex,0.0,1.2093,0.0,1.1426,1909,0,64,2,12.2,37,step_10,no_load,0.0
15.496292,1.029233,wrist_flex,0.0,1.2093,0.0,1.1426,1909,0,64,2,12.2,37,step_10,no_load,0.0
15.506768,1.039708,wrist_flex,0.0,1.2093,0.0,1.1426,1909,0,64,2,12.2,37,step_10,no_load,0.0
15.517378,1.050319,wrist_flex,0.0,1.2093,0.0,1.1426,1909,0,64,2,12.2,37,step_10,no_load,0.0
15.527778,1.060719,wrist_flex,0.0,1.2093,0.0,1.1426,1909,0,64,2,12.2,37,step_10,no_load,0.0
15.538015,1.070956,wrist_flex,0.0,1.2093,0.0,1.1426,1909,0,64,2,12.2,37,step_10,no_load,0.0
15.548425,1.081366,wrist_flex,0.0,1.2093,0.0,1.1426,1909,0,64,2,12.2,37,step_10,no_load,0.0
15.559324,1.092265,wrist_flex,0.0,1.2093,0.0,1.1426,1909,0,64,2,12.3,37,step_10,no_load,0.0
15.569681,1.102622,wrist_flex,0.0,1.2093,0.0,1.1426,1909,0,64,3,12.2,37,step_10,no_load,0.0
15.580209,1.11315,wrist_flex,0.0,1.2093,0.0,1.1426,1909,0,64,2,12.3,37,step_10,no_load,0.0
15.59047,1.123411,wrist_flex,0.0,1.2093,0.0,1.1426,1909,0,64,2,12.2,37,step_10,no_load,0.0
15.601093,1.134034,wrist_flex,0.0,1.2093,0.0,1.1426,1909,0,64,2,12.2,37,step_10,no_load,0.0
15.612109,1.14505,wrist_flex,0.0,1.2093,0.0,1.1426,1909,0,64,2,12.2,37,step_10,no_load,0.0
15.622656,1.155597,wrist_flex,0.0,1.2093,0.0,1.1426,1909,0,64,2,12.3,37,step_10,no_load,0.0
15.633188,1.166129,wrist_flex,0.0,1.2093,0.0,1.1426,1909,0,64,2,12.2,37,step_10,no_load,0.0
15.643468,1.176409,wrist_flex,0.0,1.2093,0.0,1.1426,1909,0,64,2,12.3,37,step_10,no_load,0.0
15.653836,1.186777,wrist_flex,0.0,1.2093,0.0,1.1426,1909,0,64,2,12.2,37,step_10,no_load,0.0
15.664039,1.19698,wrist_flex,0.0,1.2093,0.0,1.1426,1909,0,64,2,12.2,37,step_10,no_load,0.0
15.67542,3e-06,wrist_flex,10.0,1.2093,9.4482,1.1426,1909,0,64,2,12.2,37,step_10,no_load,0.0
15.685735,0.010317,wrist_flex,10.0,1.2093,9.4482,1.1426,1909,0,56,1,12.3,37,step_10,no_load,0.0
15.696308,0.020891,wrist_flex,10.0,1.2093,9.4482,1.1426,1909,0,32,1,12.2,37,step_10,no_load,0.0
15.70688,0.031462,wrist_flex,10.0,1.2093,9.4482,1.1426,1909,0,1088,2,12.2,37,step_10,no_load,0.0
15.71704,0.041623,wrist_flex,10.0,1.2093,9.4482,1.1426,1909,0,1128,2,12.2,37,step_10,no_load,0.0
15.727562,0.052145,wrist_flex,10.0,1.3953,9.4482,1.3184,1911,50,1196,9,12.2,37,step_10,no_load,16.708
15.738194,0.062777,wrist_flex,10.0,1.7674,9.4482,1.6699,1915,50,1252,9,12.2,37,step_10,no_load,33.061
15.748825,0.073408,wrist_flex,10.0,2.3256,9.4482,2.1973,1921,350,1312,10,12.2,37,step_10,no_load,49.61
15.759494,0.084076,wrist_flex,10.0,2.9767,9.4482,2.8125,1928,350,1332,8,12.2,37,step_10,no_load,57.662
15.769641,0.094223,wrist_flex,10.0,3.907,9.4482,3.6914,1938,700,1276,0,12.2,37,step_10,no_load,86.617
15.780203,0.104786,wrist_flex,10.0,4.8372,9.4482,4.5703,1948,700,1268,0,12.2,37,step_10,no_load,83.213
15.790586,0.115169,wrist_flex,10.0,5.7674,9.4482,5.4492,1958,900,1196,0,12.2,37,step_10,no_load,84.648
15.801115,0.125698,wrist_flex,10.0,6.5116,9.4482,6.1523,1966,900,1164,0,12.3,37,step_10,no_load,66.777
15.81151,0.136093,wrist_flex,10.0,7.1628,9.4482,6.7676,1973,900,1100,0,12.2,37,step_10,no_load,59.192
15.822038,0.146621,wrist_flex,10.0,7.7209,9.4482,7.2949,1979,550,1080,0,12.2,37,step_10,no_load,50.085
15.832537,0.15712,wrist_flex,10.0,8.093,9.4482,7.6465,1983,550,1080,0,12.2,37,step_10,no_load,33.489
15.843129,0.167712,wrist_flex,10.0,8.3721,9.4482,7.9102,1986,350,1068,0,12.2,37,step_10,no_load,24.896
15.853318,0.177901,wrist_flex,10.0,8.6512,9.4482,8.1738,1989,350,1072,0,12.2,37,step_10,no_load,25.871
15.863446,0.188029,wrist_flex,10.0,8.7442,9.4482,8.2617,1990,250,1064,0,12.2,37,step_10,no_load,8.679
15.874237,0.19882,wrist_flex,10.0,8.9302,9.4482,8.4375,1992,250,1064,0,12.3,37,step_10,no_load,16.291
15.88447,0.209053,wrist_flex,10.0,9.1163,9.4482,8.6133,1994,200,1056,0,12.2,37,step_10,no_load,17.18
15.895086,0.219668,wrist_flex,10.0,9.3023,9.4482,8.7891,1996,200,1052,0,12.2,37,step_10,no_load,16.56
15.905356,0.229939,wrist_flex,10.0,9.3953,9.4482,8.877,1997,100,1056,0,12.2,37,step_10,no_load,8.559
15.915842,0.240425,wrist_flex,10.0,9.4884,9.4482,8.9648,1998,100,1052,0,12.2,37,step_10,no_load,8.373
15.92678,0.251362,wrist_flex,10.0,9.5814,9.4482,9.0527,1999,100,1048,0,12.2,37,step_10,no_load,8.036
15.937531,0.262114,wrist_flex,10.0,9.6744,9.4482,9.1406,2000,100,1044,0,12.2,37,step_10,no_load,8.176
15.948244,0.272827,wrist_flex,10.0,9.7674,9.4482,9.2285,2001,150,0,0,12.2,37,step_10,no_load,8.205
15.958936,0.283518,wrist_flex,10.0,9.7674,9.4482,9.2285,2001,150,0,0,12.2,37,step_10,no_load,0.0
15.969247,0.29383,wrist_flex,10.0,9.7674,9.4482,9.2285,2001,0,1048,0,12.2,37,step_10,no_load,0.0
15.980354,0.304936,wrist_flex,10.0,9.7674,9.4482,9.2285,2001,0,1048,0,12.2,37,step_10,no_load,0.0
15.990575,0.315158,wrist_flex,10.0,9.7674,9.4482,9.2285,2001,0,1048,0,12.3,37,step_10,no_load,0.0
16.001224,0.325807,wrist_flex,10.0,9.7674,9.4482,9.2285,2001,0,1048,0,12.3,37,step_10,no_load,0.0
16.011804,0.336387,wrist_flex,10.0,9.7674,9.4482,9.2285,2001,0,1048,0,12.3,37,step_10,no_load,0.0
16.02304,0.347623,wrist_flex,10.0,9.7674,9.4482,9.2285,2001,0,1048,0,12.2,37,step_10,no_load,0.0
16.033688,0.35827,wrist_flex,10.0,9.7674,9.4482,9.2285,2001,0,1048,0,12.2,37,step_10,no_load,0.0
16.044305,0.368888,wrist_flex,10.0,9.7674,9.4482,9.2285,2001,0,1048,0,12.2,37,step_10,no_load,0.0
16.054867,0.37945,wrist_flex,10.0,9.7674,9.4482,9.2285,2001,0,1048,0,12.2,37,step_10,no_load,0.0
16.065878,0.390461,wrist_flex,10.0,9.7674,9.4482,9.2285,2001,0,1048,0,12.2,37,step_10,no_load,0.0
16.076914,0.401497,wrist_flex,10.0,9.7674,9.4482,9.2285,2001,0,1048,0,12.2,37,step_10,no_load,0.0
16.087453,0.412036,wrist_flex,10.0,9.7674,9.4482,9.2285,2001,0,1048,1,12.2,37,step_10,no_load,0.0
16.097602,0.422185,wrist_flex,10.0,9.7674,9.4482,9.2285,2001,0,1048,0,12.3,37,step_10,no_load,0.0
16.108591,0.433174,wrist_flex,10.0,9.7674,9.4482,9.2285,2001,0,1048,0,12.2,37,step_10,no_load,0.0
16.119177,0.44376,wrist_flex,10.0,9.7674,9.4482,9.2285,2001,0,1048,0,12.2,37,step_10,no_load,0.0
16.129678,0.454261,wrist_flex,10.0,9.7674,9.4482,9.2285,2001,0,1048,0,12.2,37,step_10,no_load,0.0
16.140202,0.464785,wrist_flex,10.0,9.7674,9.4482,9.2285,2001,0,1048,0,12.2,37,step_10,no_load,0.0
16.150454,0.475037,wrist_flex,10.0,9.7674,9.4482,9.2285,2001,0,1048,1,12.2,37,step_10,no_load,0.0
16.161415,0.485997,wrist_flex,10.0,9.7674,9.4482,9.2285,2001,0,1048,0,12.2,37,step_10,no_load,0.0
16.171914,0.496497,wrist_flex,10.0,9.7674,9.4482,9.2285,2001,0,1048,0,12.2,37,step_10,no_load,0.0
16.182021,0.506603,wrist_flex,10.0,9.7674,9.4482,9.2285,2001,0,1048,1,12.2,37,step_10,no_load,0.0
16.192243,0.516826,wrist_flex,10.0,9.7674,9.4482,9.2285,2001,0,1048,0,12.2,37,step_10,no_load,0.0
16.202407,0.52699,wrist_flex,10.0,9.7674,9.4482,9.2285,2001,0,1048,0,12.2,37,step_10,no_load,0.0
16.21272,0.537303,wrist_flex,10.0,9.7674,9.4482,9.2285,2001,0,1048,0,12.2,37,step_10,no_load,0.0
16.223728,0.548311,wrist_flex,10.0,9.7674,9.4482,9.2285,2001,0,1048,0,12.2,37,step_10,no_load,0.0
16.234345,0.558928,wrist_flex,10.0,9.7674,9.4482,9.2285,2001,0,1048,0,12.3,37,step_10,no_load,0.0
16.244578,0.569161,wrist_flex,10.0,9.7674,9.4482,9.2285,2001,0,1048,1,12.3,37,step_10,no_load,0.0
16.254798,0.579381,wrist_flex,10.0,9.7674,9.4482,9.2285,2001,0,1048,0,12.2,37,step_10,no_load,0.0
16.264877,0.58946,wrist_flex,10.0,9.7674,9.4482,9.2285,2001,0,1048,0,12.2,37,step_10,no_load,0.0
16.275456,0.600038,wrist_flex,10.0,9.7674,9.4482,9.2285,2001,0,1048,0,12.2,37,step_10,no_load,0.0
16.286204,0.610787,wrist_flex,10.0,9.7674,9.4482,9.2285,2001,0,1048,0,12.3,37,step_10,no_load,0.0
16.296775,0.621358,wrist_flex,10.0,9.7674,9.4482,9.2285,2001,0,1048,0,12.2,37,step_10,no_load,0.0
16.307294,0.631877,wrist_flex,10.0,9.7674,9.4482,9.2285,2001,0,1048,0,12.3,37,step_10,no_load,0.0
16.317677,0.642259,wrist_flex,10.0,9.7674,9.4482,9.2285,2001,0,1048,0,12.3,37,step_10,no_load,0.0
16.327988,0.652571,wrist_flex,10.0,9.7674,9.4482,9.2285,2001,0,1048,0,12.2,37,step_10,no_load,0.0
16.338092,0.662675,wrist_flex,10.0,9.7674,9.4482,9.2285,2001,0,1048,0,12.3,37,step_10,no_load,0.0
16.348718,0.6733,wrist_flex,10.0,9.7674,9.4482,9.2285,2001,0,1048,0,12.3,37,step_10,no_load,0.0
16.360006,0.684589,wrist_flex,10.0,9.7674,9.4482,9.2285,2001,0,1048,0,12.3,37,step_10,no_load,0.0
16.37044,0.695022,wrist_flex,10.0,9.7674,9.4482,9.2285,2001,0,1048,1,12.2,37,step_10,no_load,0.0
16.381177,0.70576,wrist_flex,10.0,9.7674,9.4482,9.2285,2001,0,1048,0,12.3,37,step_10,no_load,0.0
16.391747,0.71633,wrist_flex,10.0,9.7674,9.4482,9.2285,2001,0,1048,0,12.3,37,step_10,no_load,0.0
16.402057,0.72664,wrist_flex,10.0,9.7674,9.4482,9.2285,2001,0,1048,0,12.2,37,step_10,no_load,0.0
16.412508,0.737091,wrist_flex,10.0,9.7674,9.4482,9.2285,2001,0,1048,0,12.3,37,step_10,no_load,0.0
16.423441,0.748023,wrist_flex,10.0,9.7674,9.4482,9.2285,2001,0,1048,0,12.2,37,step_10,no_load,0.0
16.433689,0.758272,wrist_flex,10.0,9.7674,9.4482,9.2285,2001,0,1048,0,12.2,37,step_10,no_load,0.0
16.444149,0.768732,wrist_flex,10.0,9.7674,9.4482,9.2285,2001,0,1048,0,12.2,37,step_10,no_load,0.0
16.454732,0.779315,wrist_flex,10.0,9.7674,9.4482,9.2285,2001,0,1048,0,12.2,37,step_10,no_load,0.0
16.464967,0.78955,wrist_flex,10.0,9.7674,9.4482,9.2285,2001,0,1048,0,12.2,37,step_10,no_load,0.0
16.475486,0.800068,wrist_flex,10.0,9.7674,9.4482,9.2285,2001,0,1048,0,12.2,37,step_10,no_load,0.0
16.486281,0.810864,wrist_flex,10.0,9.7674,9.4482,9.2285,2001,0,1048,0,12.2,37,step_10,no_load,0.0
16.496425,0.821008,wrist_flex,10.0,9.7674,9.4482,9.2285,2001,0,1048,0,12.3,37,step_10,no_load,0.0
16.507129,0.831712,wrist_flex,10.0,9.7674,9.4482,9.2285,2001,0,1048,0,12.2,37,step_10,no_load,0.0
16.517337,0.84192,wrist_flex,10.0,9.7674,9.4482,9.2285,2001,0,1048,0,12.2,37,step_10,no_load,0.0
16.527904,0.852487,wrist_flex,10.0,9.7674,9.4482,9.2285,2001,0,1048,0,12.2,37,step_10,no_load,0.0
16.538444,0.863026,wrist_flex,10.0,9.7674,9.4482,9.2285,2001,0,1048,1,12.2,37,step_10,no_load,0.0
16.54893,0.873512,wrist_flex,10.0,9.7674,9.4482,9.2285,2001,0,1048,1,12.2,37,step_10,no_load,0.0
16.55931,0.883893,wrist_flex,10.0,9.7674,9.4482,9.2285,2001,0,1048,0,12.2,37,step_10,no_load,0.0
16.569636,0.894219,wrist_flex,10.0,9.7674,9.4482,9.2285,2001,0,1048,0,12.2,37,step_10,no_load,0.0
16.580104,0.904686,wrist_flex,10.0,9.7674,9.4482,9.2285,2001,0,1048,0,12.3,37,step_10,no_load,0.0
16.590674,0.915257,wrist_flex,10.0,9.7674,9.4482,9.2285,2001,0,1048,0,12.3,37,step_10,no_load,0.0
16.601153,0.925736,wrist_flex,10.0,9.7674,9.4482,9.2285,2001,0,1048,0,12.2,37,step_10,no_load,0.0
16.611602,0.936185,wrist_flex,10.0,9.7674,9.4482,9.2285,2001,0,1048,0,12.2,37,step_10,no_load,0.0
16.622156,0.946739,wrist_flex,10.0,9.7674,9.4482,9.2285,2001,0,1048,0,12.2,37,step_10,no_load,0.0
16.632711,0.957294,wrist_flex,10.0,9.7674,9.4482,9.2285,2001,0,1048,0,12.2,37,step_10,no_load,0.0
16.642905,0.967488,wrist_flex,10.0,9.7674,9.4482,9.2285,2001,0,1048,0,12.2,37,step_10,no_load,0.0
16.653065,0.977648,wrist_flex,10.0,9.7674,9.4482,9.2285,2001,0,1048,0,12.2,37,step_10,no_load,0.0
16.663725,0.988307,wrist_flex,10.0,9.7674,9.4482,9.2285,2001,0,1048,0,12.2,37,step_10,no_load,0.0
16.673857,0.99844,wrist_flex,10.0,9.7674,9.4482,9.2285,2001,0,1048,0,12.2,37,step_10,no_load,0.0
16.684263,1.008846,wrist_flex,10.0,9.7674,9.4482,9.2285,2001,0,1048,1,12.2,37,step_10,no_load,0.0
16.694762,1.019345,wrist_flex,10.0,9.7674,9.4482,9.2285,2001,0,1048,0,12.3,37,step_10,no_load,0.0
16.705345,1.029928,wrist_flex,10.0,9.7674,9.4482,9.2285,2001,0,1048,0,12.2,37,step_10,no_load,0.0
16.715794,1.040377,wrist_flex,10.0,9.7674,9.4482,9.2285,2001,0,1048,0,12.2,37,step_10,no_load,0.0
16.726441,1.051024,wrist_flex,10.0,9.7674,9.4482,9.2285,2001,0,1048,1,12.3,37,step_10,no_load,0.0
16.736837,1.06142,wrist_flex,10.0,9.7674,9.4482,9.2285,2001,0,1048,1,12.2,37,step_10,no_load,0.0
16.747364,1.071947,wrist_flex,10.0,9.7674,9.4482,9.2285,2001,0,1048,0,12.3,37,step_10,no_load,0.0
16.757531,1.082114,wrist_flex,10.0,9.7674,9.4482,9.2285,2001,0,1048,0,12.2,37,step_10,no_load,0.0
16.76778,1.092363,wrist_flex,10.0,9.7674,9.4482,9.2285,2001,0,1048,1,12.3,37,step_10,no_load,0.0
16.778555,1.103138,wrist_flex,10.0,9.7674,9.4482,9.2285,2001,0,1048,0,12.2,37,step_10,no_load,0.0
16.789205,1.113788,wrist_flex,10.0,9.7674,9.4482,9.2285,2001,0,1048,0,12.2,37,step_10,no_load,0.0
16.799296,1.123878,wrist_flex,10.0,9.7674,9.4482,9.2285,2001,0,1048,0,12.3,37,step_10,no_load,0.0
16.809664,1.134247,wrist_flex,10.0,9.7674,9.4482,9.2285,2001,0,1048,0,12.2,37,step_10,no_load,0.0
16.819927,1.144509,wrist_flex,10.0,9.7674,9.4482,9.2285,2001,0,1048,0,12.3,37,step_10,no_load,0.0
16.830354,1.154937,wrist_flex,10.0,9.7674,9.4482,9.2285,2001,0,1048,0,12.3,37,step_10,no_load,0.0
16.840974,1.165557,wrist_flex,10.0,9.7674,9.4482,9.2285,2001,0,1048,0,12.2,37,step_10,no_load,0.0
16.851317,1.1759,wrist_flex,10.0,9.7674,9.4482,9.2285,2001,0,1048,0,12.3,37,step_10,no_load,0.0
16.862009,1.186592,wrist_flex,10.0,9.7674,9.4482,9.2285,2001,0,1048,1,12.3,37,step_10,no_load,0.0
16.872369,1.196952,wrist_flex,10.0,9.7674,9.4482,9.2285,2001,0,1048,0,12.2,37,step_10,no_load,0.0
16.883237,1e-06,wrist_flex,0.0,9.7674,0.0,9.2285,2001,0,1048,0,12.2,37,step_10,no_load,0.0
16.893819,0.010584,wrist_flex,0.0,9.7674,0.0,9.2285,2001,0,0,0,12.2,37,step_10,no_load,0.0
16.904535,0.0213,wrist_flex,0.0,9.7674,0.0,9.2285,2001,0,36,1,12.2,37,step_10,no_load,0.0
16.914901,0.031665,wrist_flex,0.0,9.7674,0.0,9.2285,2001,0,72,3,12.2,37,step_10,no_load,0.0
16.925066,0.04183,wrist_flex,0.0,9.6744,0.0,9.1406,2000,0,148,9,12.3,37,step_10,no_load,-8.647
16.936021,0.052786,wrist_flex,0.0,9.4884,0.0,8.9648,1998,-50,232,16,12.2,37,step_10,no_load,-16.047
16.946427,0.063191,wrist_flex,0.0,9.2093,0.0,8.7012,1995,-50,276,19,12.2,37,step_10,no_load,-25.332
16.957049,0.073813,wrist_flex,0.0,8.6512,0.0,8.1738,1989,-400,324,22,12.2,37,step_10,no_load,-49.652
16.967448,0.084213,wrist_flex,0.0,7.907,0.0,7.4707,1981,-400,348,17,12.2,37,step_10,no_load,-67.612
16.977855,0.09462,wrist_flex,0.0,7.0698,0.0,6.6797,1972,-700,292,6,12.3,37,step_10,no_load,-76.007
16.988328,0.105092,wrist_flex,0.0,6.1395,0.0,5.8008,1962,-700,284,5,12.2,37,step_10,no_load,-83.921
16.998853,0.115618,wrist_flex,0.0,5.3023,0.0,5.0098,1953,-900,216,0,12.2,37,step_10,no_load,-75.154
17.010022,0.126787,wrist_flex,0.0,4.4651,0.0,4.2187,1944,-800,180,1,12.2,37,step_10,no_load,-70.83
17.021237,0.138002,wrist_flex,0.0,3.7209,0.0,3.5156,1936,-800,112,0,12.2,37,step_10,no_load,-62.693
17.03156,0.148324,wrist_flex,0.0,3.3488,0.0,3.1641,1932,-600,92,0,12.2,37,step_10,no_load,-34.05
17.042068,0.158832,wrist_flex,0.0,2.9767,0.0,2.8125,1928,-600,104,1,12.2,37,step_10,no_load,-33.46
17.052895,0.169659,wrist_flex,0.0,2.6977,0.0,2.5488,1925,-300,92,3,12.2,37,step_10,no_load,-24.356
17.063454,0.180218,wrist_flex,0.0,2.5116,0.0,2.373,1923,-300,92,1,12.2,37,step_10,no_load,-16.649
17.074036,0.1908,wrist_flex,0.0,2.2326,0.0,2.1094,1920,-250,84,2,12.2,37,step_10,no_load,-24.91
17.084713,0.201478,wrist_flex,0.0,2.1395,0.0,2.0215,1919,-250,84,2,12.2,37,step_10,no_load,-8.233
17.095152,0.211916,wrist_flex,0.0,1.9535,0.0,1.8457,1917,-150,76,1,12.2,37,step_10,no_load,-16.841
17.105806,0.222571,wrist_flex,0.0,1.7674,0.0,1.6699,1915,-150,68,1,12.2,37,step_10,no_load,-16.501
17.116822,0.233587,wrist_flex,0.0,1.5814,0.0,1.4941,1913,-200,72,2,12.2,37,step_10,no_load,-15.959
17.127418,0.244182,wrist_flex,0.0,1.5814,0.0,1.4941,1913,-200,72,1,12.2,37,step_10,no_load,0.0
17.137527,0.254291,wrist_flex,0.0,1.4884,0.0,1.4063,1912,-50,68,1,12.2,37,step_10,no_load,-8.685
17.147693,0.264457,wrist_flex,0.0,1.3953,0.0,1.3184,1911,-50,64,1,12.2,37,step_10,no_load,-8.646
17.158188,0.274952,wrist_flex,0.0,1.3023,0.0,1.2305,1910,-100,60,1,12.3,37,step_10,no_load,-8.375
17.169471,0.286235,wrist_flex,0.0,1.3023,0.0,1.2305,1910,-50,60,1,12.2,37,step_10,no_load,0.0
17.179845,0.29661,wrist_flex,0.0,1.3023,0.0,1.2305,1910,-50,68,3,12.3,37,step_10,no_load,0.0
17.190991,0.307756,wrist_flex,0.0,1.3023,0.0,1.2305,1910,0,68,2,12.2,37,step_10,no_load,0.0
17.201224,0.317988,wrist_flex,0.0,1.3023,0.0,1.2305,1910,0,68,2,12.2,37,step_10,no_load,0.0
17.211456,0.32822,wrist_flex,0.0,1.3023,0.0,1.2305,1910,0,68,2,12.2,37,step_10,no_load,0.0
17.222138,0.338902,wrist_flex,0.0,1.2093,0.0,1.1426,1909,0,64,2,12.2,37,step_10,no_load,-8.229
17.232772,0.349537,wrist_flex,0.0,1.2093,0.0,1.1426,1909,-50,60,2,12.3,37,step_10,no_load,0.0
17.243065,0.359829,wrist_flex,0.0,1.2093,0.0,1.1426,1909,-50,60,2,12.2,37,step_10,no_load,0.0
17.253256,0.37002,wrist_flex,0.0,1.2093,0.0,1.1426,1909,0,64,2,12.2,37,step_10,no_load,0.0
17.263379,0.380143,wrist_flex,0.0,1.2093,0.0,1.1426,1909,0,64,2,12.2,37,step_10,no_load,0.0
17.27445,0.391215,wrist_flex,0.0,1.2093,0.0,1.1426,1909,0,64,2,12.2,37,step_10,no_load,0.0
17.285032,0.401796,wrist_flex,0.0,1.2093,0.0,1.1426,1909,0,64,2,12.2,37,step_10,no_load,0.0
17.295664,0.412429,wrist_flex,0.0,1.2093,0.0,1.1426,1909,0,64,2,12.2,37,step_10,no_load,0.0
17.30618,0.422945,wrist_flex,0.0,1.2093,0.0,1.1426,1909,0,64,2,12.2,37,step_10,no_load,0.0
17.316978,0.433743,wrist_flex,0.0,1.2093,0.0,1.1426,1909,0,64,2,12.2,37,step_10,no_load,0.0
17.327669,0.444434,wrist_flex,0.0,1.2093,0.0,1.1426,1909,0,64,2,12.2,37,step_10,no_load,0.0
17.338008,0.454773,wrist_flex,0.0,1.2093,0.0,1.1426,1909,0,64,2,12.2,37,step_10,no_load,0.0
17.348401,0.465166,wrist_flex,0.0,1.2093,0.0,1.1426,1909,0,64,2,12.2,37,step_10,no_load,0.0
17.358625,0.475389,wrist_flex,0.0,1.2093,0.0,1.1426,1909,0,64,2,12.2,37,step_10,no_load,0.0
17.369368,0.486133,wrist_flex,0.0,1.2093,0.0,1.1426,1909,0,64,2,12.2,37,step_10,no_load,0.0
17.379927,0.496692,wrist_flex,0.0,1.2093,0.0,1.1426,1909,0,64,2,12.2,37,step_10,no_load,0.0
17.390379,0.507144,wrist_flex,0.0,1.2093,0.0,1.1426,1909,0,64,3,12.2,37,step_10,no_load,0.0
17.40074,0.517504,wrist_flex,0.0,1.2093,0.0,1.1426,1909,0,64,2,12.3,37,step_10,no_load,0.0
17.411178,0.527942,wrist_flex,0.0,1.2093,0.0,1.1426,1909,0,64,2,12.3,37,step_10,no_load,0.0
17.421969,0.538734,wrist_flex,0.0,1.2093,0.0,1.1426,1909,0,64,2,12.2,37,step_10,no_load,0.0
17.432282,0.549047,wrist_flex,0.0,1.2093,0.0,1.1426,1909,0,64,2,12.3,37,step_10,no_load,0.0
17.443166,0.55993,wrist_flex,0.0,1.2093,0.0,1.1426,1909,0,64,2,12.2,37,step_10,no_load,0.0
17.453714,0.570479,wrist_flex,0.0,1.2093,0.0,1.1426,1909,0,64,2,12.3,37,step_10,no_load,0.0
17.464089,0.580854,wrist_flex,0.0,1.2093,0.0,1.1426,1909,0,64,2,12.3,37,step_10,no_load,0.0
17.474219,0.590983,wrist_flex,0.0,1.2093,0.0,1.1426,1909,0,64,2,12.2,37,step_10,no_load,0.0
17.484879,0.601643,wrist_flex,0.0,1.2093,0.0,1.1426,1909,0,64,2,12.2,37,step_10,no_load,0.0
17.495214,0.611979,wrist_flex,0.0,1.2093,0.0,1.1426,1909,0,64,2,12.2,37,step_10,no_load,0.0
17.505571,0.622336,wrist_flex,0.0,1.2093,0.0,1.1426,1909,0,64,1,12.2,37,step_10,no_load,0.0
17.515785,0.63255,wrist_flex,0.0,1.2093,0.0,1.1426,1909,0,64,3,12.2,37,step_10,no_load,0.0
17.526282,0.643047,wrist_flex,0.0,1.2093,0.0,1.1426,1909,0,64,2,12.2,37,step_10,no_load,0.0
17.536772,0.653537,wrist_flex,0.0,1.2093,0.0,1.1426,1909,0,64,2,12.2,37,step_10,no_load,0.0
17.547348,0.664112,wrist_flex,0.0,1.2093,0.0,1.1426,1909,0,64,2,12.3,38,step_10,no_load,0.0
17.558215,0.67498,wrist_flex,0.0,1.2093,0.0,1.1426,1909,0,64,2,12.2,37,step_10,no_load,0.0
17.568331,0.685095,wrist_flex,0.0,1.2093,0.0,1.1426,1909,0,64,1,12.2,37,step_10,no_load,0.0
17.578508,0.695272,wrist_flex,0.0,1.2093,0.0,1.1426,1909,0,64,2,12.2,37,step_10,no_load,0.0
17.589053,0.705817,wrist_flex,0.0,1.2093,0.0,1.1426,1909,0,64,2,12.2,37,step_10,no_load,0.0
17.59995,0.716715,wrist_flex,0.0,1.2093,0.0,1.1426,1909,0,64,2,12.2,37,step_10,no_load,0.0
17.61073,0.727494,wrist_flex,0.0,1.2093,0.0,1.1426,1909,0,64,2,12.2,37,step_10,no_load,0.0
17.620842,0.737606,wrist_flex,0.0,1.2093,0.0,1.1426,1909,0,64,2,12.2,37,step_10,no_load,0.0
17.631183,0.747948,wrist_flex,0.0,1.2093,0.0,1.1426,1909,0,64,2,12.2,37,step_10,no_load,0.0
17.64179,0.758554,wrist_flex,0.0,1.2093,0.0,1.1426,1909,0,64,2,12.2,37,step_10,no_load,0.0
17.652693,0.769457,wrist_flex,0.0,1.2093,0.0,1.1426,1909,0,64,2,12.2,37,step_10,no_load,0.0
17.663036,0.7798,wrist_flex,0.0,1.2093,0.0,1.1426,1909,0,64,2,12.3,37,step_10,no_load,0.0
17.673687,0.790451,wrist_flex,0.0,1.2093,0.0,1.1426,1909,0,64,2,12.2,37,step_10,no_load,0.0
17.684418,0.801182,wrist_flex,0.0,1.2093,0.0,1.1426,1909,0,64,1,12.2,37,step_10,no_load,0.0
17.69469,0.811455,wrist_flex,0.0,1.2093,0.0,1.1426,1909,0,64,2,12.2,37,step_10,no_load,0.0
17.704989,0.821753,wrist_flex,0.0,1.2093,0.0,1.1426,1909,0,64,2,12.2,37,step_10,no_load,0.0
17.715578,0.832342,wrist_flex,0.0,1.2093,0.0,1.1426,1909,0,64,2,12.2,37,step_10,no_load,0.0
17.72619,0.842954,wrist_flex,0.0,1.2093,0.0,1.1426,1909,0,64,2,12.2,37,step_10,no_load,0.0
17.737024,0.853789,wrist_flex,0.0,1.2093,0.0,1.1426,1909,0,64,2,12.2,37,step_10,no_load,0.0
17.747341,0.864105,wrist_flex,0.0,1.2093,0.0,1.1426,1909,0,64,1,12.2,37,step_10,no_load,0.0
17.757853,0.874617,wrist_flex,0.0,1.2093,0.0,1.1426,1909,0,64,2,12.2,38,step_10,no_load,0.0
17.768638,0.885403,wrist_flex,0.0,1.2093,0.0,1.1426,1909,0,64,2,12.3,37,step_10,no_load,0.0
17.778766,0.895531,wrist_flex,0.0,1.2093,0.0,1.1426,1909,0,64,2,12.3,37,step_10,no_load,0.0
17.789298,0.906063,wrist_flex,0.0,1.2093,0.0,1.1426,1909,0,64,2,12.2,37,step_10,no_load,0.0
17.800139,0.916903,wrist_flex,0.0,1.2093,0.0,1.1426,1909,0,64,1,12.2,37,step_10,no_load,0.0
17.811045,0.92781,wrist_flex,0.0,1.2093,0.0,1.1426,1909,0,64,2,12.2,37,step_10,no_load,0.0
17.821835,0.9386,wrist_flex,0.0,1.2093,0.0,1.1426,1909,0,64,2,12.2,37,step_10,no_load,0.0
17.832338,0.949102,wrist_flex,0.0,1.2093,0.0,1.1426,1909,0,64,2,12.3,37,step_10,no_load,0.0
17.842938,0.959703,wrist_flex,0.0,1.2093,0.0,1.1426,1909,0,64,2,12.2,37,step_10,no_load,0.0
17.853073,0.969837,wrist_flex,0.0,1.2093,0.0,1.1426,1909,0,64,2,12.2,37,step_10,no_load,0.0
17.863485,0.980249,wrist_flex,0.0,1.2093,0.0,1.1426,1909,0,64,2,12.2,37,step_10,no_load,0.0
17.873795,0.990559,wrist_flex,0.0,1.2093,0.0,1.1426,1909,0,64,2,12.2,37,step_10,no_load,0.0
17.88387,1.000634,wrist_flex,0.0,1.2093,0.0,1.1426,1909,0,64,2,12.3,37,step_10,no_load,0.0
17.894248,1.011012,wrist_flex,0.0,1.2093,0.0,1.1426,1909,0,64,2,12.2,37,step_10,no_load,0.0
17.904895,1.021659,wrist_flex,0.0,1.2093,0.0,1.1426,1909,0,64,2,12.2,37,step_10,no_load,0.0
17.915058,1.031822,wrist_flex,0.0,1.2093,0.0,1.1426,1909,0,64,3,12.2,37,step_10,no_load,0.0
17.925184,1.041949,wrist_flex,0.0,1.2093,0.0,1.1426,1909,0,64,2,12.2,37,step_10,no_load,0.0
17.935609,1.052373,wrist_flex,0.0,1.2093,0.0,1.1426,1909,0,64,1,12.2,37,step_10,no_load,0.0
17.946257,1.063022,wrist_flex,0.0,1.2093,0.0,1.1426,1909,0,64,1,12.2,37,step_10,no_load,0.0
17.957589,1.074353,wrist_flex,0.0,1.2093,0.0,1.1426,1909,0,64,2,12.2,37,step_10,no_load,0.0
17.967819,1.084583,wrist_flex,0.0,1.2093,0.0,1.1426,1909,0,64,2,12.2,37,step_10,no_load,0.0
17.978248,1.095013,wrist_flex,0.0,1.2093,0.0,1.1426,1909,0,64,2,12.2,37,step_10,no_load,0.0
17.988725,1.105489,wrist_flex,0.0,1.2093,0.0,1.1426,1909,0,64,2,12.2,37,step_10,no_load,0.0
17.999466,1.116231,wrist_flex,0.0,1.2093,0.0,1.1426,1909,0,64,2,12.2,37,step_10,no_load,0.0
18.010052,1.126817,wrist_flex,0.0,1.2093,0.0,1.1426,1909,0,64,2,12.2,37,step_10,no_load,0.0
18.020544,1.137309,wrist_flex,0.0,1.2093,0.0,1.1426,1909,0,64,2,12.3,37,step_10,no_load,0.0
18.031386,1.148151,wrist_flex,0.0,1.2093,0.0,1.1426,1909,0,64,2,12.2,37,step_10,no_load,0.0
18.042372,1.159136,wrist_flex,0.0,1.2093,0.0,1.1426,1909,0,64,2,12.3,37,step_10,no_load,0.0
18.052714,1.169479,wrist_flex,0.0,1.2093,0.0,1.1426,1909,0,64,2,12.2,37,step_10,no_load,0.0
18.063309,1.180073,wrist_flex,0.0,1.2093,0.0,1.1426,1909,0,64,2,12.2,37,step_10,no_load,0.0
18.073783,1.190547,wrist_flex,0.0,1.2093,0.0,1.1426,1909,0,64,2,12.2,37,step_10,no_load,0.0
18.085079,2e-06,wrist_flex,10.0,1.2093,9.4482,1.1426,1909,0,64,3,12.2,37,step_10,no_load,0.0
18.096,0.010923,wrist_flex,10.0,1.2093,9.4482,1.1426,1909,0,56,2,12.2,37,step_10,no_load,0.0
18.106823,0.021746,wrist_flex,10.0,1.2093,9.4482,1.1426,1909,0,1044,0,12.3,37,step_10,no_load,0.0
18.117425,0.032348,wrist_flex,10.0,1.2093,9.4482,1.1426,1909,0,1068,0,12.2,37,step_10,no_load,0.0
18.127957,0.04288,wrist_flex,10.0,1.3023,9.4482,1.2305,1910,0,1136,4,12.2,37,step_10,no_load,8.346
18.138435,0.053358,wrist_flex,10.0,1.4884,9.4482,1.4063,1912,0,1180,5,12.2,37,step_10,no_load,16.778
18.148964,0.063887,wrist_flex,10.0,1.7674,9.4482,1.6699,1915,150,1272,11,12.2,37,step_10,no_load,25.036
18.159544,0.074467,wrist_flex,10.0,2.3256,9.4482,2.1973,1921,450,1312,11,12.2,37,step_10,no_load,49.849
18.169995,0.084918,wrist_flex,10.0,3.0698,9.4482,2.9004,1929,450,1312,6,12.2,37,step_10,no_load,67.276
18.180461,0.095384,wrist_flex,10.0,4.0,9.4482,3.7793,1939,850,1316,4,12.2,37,step_10,no_load,83.977
18.190673,0.105596,wrist_flex,10.0,4.9302,9.4482,4.6582,1949,850,1244,0,12.3,37,step_10,no_load,86.065
18.20102,0.115943,wrist_flex,10.0,5.7674,9.4482,5.4492,1958,950,1220,0,12.3,37,step_10,no_load,76.447
18.211119,0.126042,wrist_flex,10.0,6.6047,9.4482,6.2402,1967,950,1148,0,12.2,,step_10,no_load,78.325
18.221531,0.136454,wrist_flex,10.0,7.1628,9.4482,6.7676,1973,750,1120,0,12.3,37,step_10,no_load,50.653
18.232109,0.147032,wrist_flex,10.0,7.7209,9.4482,7.2949,1979,750,1084,0,12.3,37,step_10,no_load,49.849
18.242815,0.157738,wrist_flex,10.0,8.093,9.4482,7.6465,1983,500,1068,0,12.2,37,step_10,no_load,32.841
18.25349,0.168413,wrist_flex,10.0,8.3721,9.4482,7.9102,1986,500,1076,0,12.2,37,step_10,no_load,24.703
18.264157,0.17908,wrist_flex,10.0,8.6512,9.4482,8.1738,1989,300,1072,0,12.3,37,step_10,no_load,24.712
18.274763,0.189686,wrist_flex,10.0,8.8372,9.4482,8.3496,1991,300,1064,0,12.2,37,step_10,no_load,16.576
18.285701,0.200624,wrist_flex,10.0,9.0233,9.4482,8.5254,1993,200,1064,0,12.2,37,step_10,no_load,16.072
18.29607,0.210993,wrist_flex,10.0,9.2093,9.4482,8.7012,1995,200,1056,0,12.2,37,step_10,no_load,16.954
18.306458,0.221381,wrist_flex,10.0,9.3023,9.4482,8.7891,1996,150,1056,0,12.2,37,step_10,no_load,8.462
18.317016,0.231939,wrist_flex,10.0,9.3953,9.4482,8.877,1997,150,1052,0,12.2,37,step_10,no_load,8.325
18.327258,0.242181,wrist_flex,10.0,9.4884,9.4482,8.9648,1998,100,1052,0,12.2,37,step_10,no_load,8.573
18.337625,0.252548,wrist_flex,10.0,9.5814,9.4482,9.0527,1999,100,1048,0,12.2,37,step_10,no_load,8.479
18.347941,0.262864,wrist_flex,10.0,9.6744,9.4482,9.1406,2000,100,1044,0,12.2,37,step_10,no_load,8.521
18.358433,0.273356,wrist_flex,10.0,9.7674,9.4482,9.2285,2001,100,0,0,12.2,37,step_10,no_load,8.378
18.369084,0.284007,wrist_flex,10.0,9.7674,9.4482,9.2285,2001,100,1044,0,12.3,37,step_10,no_load,0.0
18.379885,0.294808,wrist_flex,10.0,9.7674,9.4482,9.2285,2001,0,1044,0,12.2,37,step_10,no_load,0.0
18.390152,0.305075,wrist_flex,10.0,9.7674,9.4482,9.2285,2001,0,1048,0,12.2,37,step_10,no_load,0.0
18.401257,0.31618,wrist_flex,10.0,9.7674,9.4482,9.2285,2001,0,1048,0,12.2,37,step_10,no_load,0.0
18.412047,0.32697,wrist_flex,10.0,9.7674,9.4482,9.2285,2001,0,1048,0,12.2,37,step_10,no_load,0.0
18.422768,0.337691,wrist_flex,10.0,9.7674,9.4482,9.2285,2001,0,1048,0,12.2,37,step_10,no_load,0.0
18.433851,0.348774,wrist_flex,10.0,9.7674,9.4482,9.2285,2001,0,1048,0,12.3,37,step_10,no_load,0.0
18.444055,0.358978,wrist_flex,10.0,9.7674,9.4482,9.2285,2001,0,1048,0,12.2,37,step_10,no_load,0.0
18.454678,0.369601,wrist_flex,10.0,9.7674,9.4482,9.2285,2001,0,1048,0,12.0,37,step_10,no_load,0.0
18.465706,0.380629,wrist_flex,10.0,9.7674,9.4482,9.2285,2001,0,1048,0,12.2,37,step_10,no_load,0.0
18.476199,0.391122,wrist_flex,10.0,9.7674,9.4482,9.2285,2001,0,1048,0,12.2,37,step_10,no_load,0.0
18.486814,0.401737,wrist_flex,10.0,9.7674,9.4482,9.2285,2001,0,1048,0,12.3,37,step_10,no_load,0.0
18.497219,0.412142,wrist_flex,10.0,9.7674,9.4482,9.2285,2001,0,1048,1,12.2,37,step_10,no_load,0.0
18.50834,0.423263,wrist_flex,10.0,9.7674,9.4482,9.2285,2001,0,1048,0,12.3,37,step_10,no_load,0.0
18.518872,0.433795,wrist_flex,10.0,9.7674,9.4482,9.2285,2001,0,1048,0,12.2,37,step_10,no_load,0.0
18.529077,0.444,wrist_flex,10.0,9.7674,9.4482,9.2285,2001,0,1048,1,12.2,37,step_10,no_load,0.0
18.53961,0.454534,wrist_flex,10.0,9.7674,9.4482,9.2285,2001,0,1048,0,12.2,37,step_10,no_load,0.0
18.549832,0.464755,wrist_flex,10.0,9.7674,9.4482,9.2285,2001,0,1048,0,12.3,37,step_10,no_load,0.0
18.560218,0.475141,wrist_flex,10.0,9.7674,9.4482,9.2285,2001,0,1048,0,12.2,37,step_10,no_load,0.0
18.570516,0.485439,wrist_flex,10.0,9.7674,9.4482,9.2285,2001,0,1048,0,12.2,37,step_10,no_load,0.0
18.581124,0.496047,wrist_flex,10.0,9.7674,9.4482,9.2285,2001,0,1048,0,12.2,37,step_10,no_load,0.0
18.591776,0.506699,wrist_flex,10.0,9.7674,9.4482,9.2285,2001,0,1048,0,12.2,37,step_10,no_load,0.0
18.602394,0.517317,wrist_flex,10.0,9.7674,9.4482,9.2285,2001,0,1048,0,12.2,37,step_10,no_load,0.0
18.612973,0.527896,wrist_flex,10.0,9.7674,9.4482,9.2285,2001,0,1048,0,12.2,37,step_10,no_load,0.0
18.623631,0.538555,wrist_flex,10.0,9.7674,9.4482,9.2285,2001,0,1048,0,12.2,37,step_10,no_load,0.0
18.634244,0.549167,wrist_flex,10.0,9.7674,9.4482,9.2285,2001,0,1048,0,12.2,37,step_10,no_load,0.0
18.644475,0.559398,wrist_flex,10.0,9.7674,9.4482,9.2285,2001,0,1048,1,12.2,37,step_10,no_load,0.0
18.654924,0.569847,wrist_flex,10.0,9.7674,9.4482,9.2285,2001,0,1048,0,12.3,37,step_10,no_load,0.0
18.665544,0.580468,wrist_flex,10.0,9.7674,9.4482,9.2285,2001,0,1048,0,12.2,37,step_10,no_load,0.0
18.675802,0.590725,wrist_flex,10.0,9.7674,9.4482,9.2285,2001,0,1048,0,12.2,37,step_10,no_load,0.0
18.686781,0.601704,wrist_flex,10.0,9.7674,9.4482,9.2285,2001,0,1048,0,12.3,37,step_10,no_load,0.0
18.697065,0.611988,wrist_flex,10.0,9.7674,9.4482,9.2285,2001,0,1048,0,12.2,37,step_10,no_load,0.0
18.707245,0.622168,wrist_flex,10.0,9.7674,9.4482,9.2285,2001,0,1048,1,12.3,37,step_10,no_load,0.0
18.717699,0.632622,wrist_flex,10.0,9.7674,9.4482,9.2285,2001,0,1048,0,12.2,37,step_10,no_load,0.0
18.727789,0.642712,wrist_flex,10.0,9.7674,9.4482,9.2285,2001,0,1048,1,12.3,37,step_10,no_load,0.0
18.738006,0.652929,wrist_flex,10.0,9.7674,9.4482,9.2285,2001,0,1048,0,12.2,37,step_10,no_load,0.0
18.748468,0.663391,wrist_flex,10.0,9.7674,9.4482,9.2285,2001,0,1048,0,12.2,37,step_10,no_load,0.0
18.759033,0.673956,wrist_flex,10.0,9.7674,9.4482,9.2285,2001,0,1048,0,12.2,37,step_10,no_load,0.0
18.769207,0.684131,wrist_flex,10.0,9.7674,9.4482,9.2285,2001,0,1048,0,12.2,37,step_10,no_load,0.0
18.779657,0.69458,wrist_flex,10.0,9.7674,9.4482,9.2285,2001,0,1048,0,12.2,37,step_10,no_load,0.0
18.789949,0.704872,wrist_flex,10.0,9.7674,9.4482,9.2285,2001,0,1048,0,12.2,37,step_10,no_load,0.0
18.800415,0.715338,wrist_flex,10.0,9.7674,9.4482,9.2285,2001,0,1048,1,12.2,37,step_10,no_load,0.0
18.810901,0.725824,wrist_flex,10.0,9.7674,9.4482,9.2285,2001,0,1048,0,12.3,37,step_10,no_load,0.0
18.821331,0.736254,wrist_flex,10.0,9.7674,9.4482,9.2285,2001,0,1048,0,12.3,37,step_10,no_load,0.0
18.83149,0.746413,wrist_flex,10.0,9.7674,9.4482,9.2285,2001,0,1048,0,12.3,37,step_10,no_load,0.0
18.842311,0.757234,wrist_flex,10.0,9.7674,9.4482,9.2285,2001,0,1048,0,12.3,37,step_10,no_load,0.0
18.853215,0.768138,wrist_flex,10.0,9.7674,9.4482,9.2285,2001,0,1048,0,12.2,37,step_10,no_load,0.0
18.863741,0.778664,wrist_flex,10.0,9.7674,9.4482,9.2285,2001,0,1048,0,12.2,37,step_10,no_load,0.0
18.874533,0.789456,wrist_flex,10.0,9.7674,9.4482,9.2285,2001,0,1048,0,12.2,37,step_10,no_load,0.0
18.88463,0.799553,wrist_flex,10.0,9.7674,9.4482,9.2285,2001,0,1048,0,12.2,37,step_10,no_load,0.0
18.894901,0.809824,wrist_flex,10.0,9.7674,9.4482,9.2285,2001,0,1048,0,12.2,37,step_10,no_load,0.0
18.905544,0.820467,wrist_flex,10.0,9.7674,9.4482,9.2285,2001,0,1048,0,12.3,37,step_10,no_load,0.0
18.916589,0.831512,wrist_flex,10.0,9.7674,9.4482,9.2285,2001,0,1048,0,12.2,37,step_10,no_load,0.0
18.927349,0.842272,wrist_flex,10.0,9.7674,9.4482,9.2285,2001,0,1048,0,12.2,37,step_10,no_load,0.0
18.937951,0.852874,wrist_flex,10.0,9.7674,9.4482,9.2285,2001,0,1048,0,12.3,37,step_10,no_load,0.0
18.948231,0.863154,wrist_flex,10.0,9.7674,9.4482,9.2285,2001,0,1048,0,12.2,37,step_10,no_load,0.0
18.958405,0.873328,wrist_flex,10.0,9.7674,9.4482,9.2285,2001,0,1048,0,12.3,37,step_10,no_load,0.0
18.96985,0.884773,wrist_flex,10.0,9.7674,9.4482,9.2285,2001,0,1048,0,12.2,37,step_10,no_load,0.0
18.979963,0.894886,wrist_flex,10.0,9.7674,9.4482,9.2285,2001,0,1048,1,12.2,37,step_10,no_load,0.0
18.991021,0.905944,wrist_flex,10.0,9.7674,9.4482,9.2285,2001,0,1048,1,12.3,37,step_10,no_load,0.0
19.001688,0.916611,wrist_flex,10.0,9.7674,9.4482,9.2285,2001,0,1048,0,12.3,37,step_10,no_load,0.0
19.012254,0.927177,wrist_flex,10.0,9.7674,9.4482,9.2285,2001,0,1048,0,12.3,37,step_10,no_load,0.0
19.02278,0.937703,wrist_flex,10.0,9.7674,9.4482,9.2285,2001,0,1048,0,12.2,37,step_10,no_load,0.0
19.033333,0.948256,wrist_flex,10.0,9.7674,9.4482,9.2285,2001,0,1048,1,12.3,37,step_10,no_load,0.0
19.043856,0.958779,wrist_flex,10.0,9.7674,9.4482,9.2285,2001,0,1048,0,12.3,37,step_10,no_load,0.0
19.054194,0.969117,wrist_flex,10.0,9.7674,9.4482,9.2285,2001,0,1048,1,12.3,37,step_10,no_load,0.0
19.064729,0.979652,wrist_flex,10.0,9.7674,9.4482,9.2285,2001,0,1048,0,12.2,37,step_10,no_load,0.0
19.075414,0.990337,wrist_flex,10.0,9.7674,9.4482,9.2285,2001,0,1048,0,12.2,37,step_10,no_load,0.0
19.085565,1.000488,wrist_flex,10.0,9.7674,9.4482,9.2285,2001,0,1048,0,12.2,37,step_10,no_load,0.0
19.096512,1.011435,wrist_flex,10.0,9.7674,9.4482,9.2285,2001,0,1048,0,12.2,37,step_10,no_load,0.0
19.106769,1.021692,wrist_flex,10.0,9.7674,9.4482,9.2285,2001,0,1048,1,12.2,37,step_10,no_load,0.0
19.117269,1.032192,wrist_flex,10.0,9.7674,9.4482,9.2285,2001,0,1048,0,12.3,37,step_10,no_load,0.0
19.127409,1.042332,wrist_flex,10.0,9.7674,9.4482,9.2285,2001,0,1048,0,12.2,37,step_10,no_load,0.0
19.137927,1.05285,wrist_flex,10.0,9.7674,9.4482,9.2285,2001,0,1048,0,12.2,37,step_10,no_load,0.0
19.148394,1.063317,wrist_flex,10.0,9.7674,9.4482,9.2285,2001,0,1048,0,12.2,37,step_10,no_load,0.0
19.158909,1.073832,wrist_flex,10.0,9.7674,9.4482,9.2285,2001,0,1048,0,12.3,37,step_10,no_load,0.0
19.169202,1.084125,wrist_flex,10.0,9.7674,9.4482,9.2285,2001,0,1048,0,12.2,37,step_10,no_load,0.0
19.179584,1.094507,wrist_flex,10.0,9.7674,9.4482,9.2285,2001,0,1048,0,12.3,37,step_10,no_load,0.0
19.190349,1.105272,wrist_flex,10.0,9.7674,9.4482,9.2285,2001,0,1048,0,12.2,37,step_10,no_load,0.0
19.20094,1.115863,wrist_flex,10.0,9.7674,9.4482,9.2285,2001,0,1048,0,12.2,37,step_10,no_load,0.0
19.211555,1.126478,wrist_flex,10.0,9.7674,9.4482,9.2285,2001,0,1048,0,12.2,37,step_10,no_load,0.0
19.222545,1.137468,wrist_flex,10.0,9.7674,9.4482,9.2285,2001,0,1048,0,12.3,37,step_10,no_load,0.0
19.233088,1.148011,wrist_flex,10.0,9.7674,9.4482,9.2285,2001,0,1048,0,12.2,37,step_10,no_load,0.0
19.243745,1.158668,wrist_flex,10.0,9.7674,9.4482,9.2285,2001,0,1048,1,12.2,37,step_10,no_load,0.0
19.254576,1.169499,wrist_flex,10.0,9.7674,9.4482,9.2285,2001,0,1048,0,12.2,37,step_10,no_load,0.0
19.265199,1.180122,wrist_flex,10.0,9.7674,9.4482,9.2285,2001,0,1048,0,12.2,37,step_10,no_load,0.0
19.275882,1.190805,wrist_flex,10.0,9.7674,9.4482,9.2285,2001,0,1048,0,12.3,37,step_10,no_load,0.0
19.286968,3e-06,wrist_flex,0.0,9.7674,0.0,9.2285,2001,0,1044,0,12.2,37,step_10,no_load,0.0
19.297285,0.010319,wrist_flex,0.0,9.7674,0.0,9.2285,2001,0,24,0,12.2,37,step_10,no_load,0.0
19.307921,0.020955,wrist_flex,0.0,9.7674,0.0,9.2285,2001,0,36,0,12.2,37,step_10,no_load,0.0
19.318919,0.031953,wrist_flex,0.0,9.7674,0.0,9.2285,2001,0,96,3,12.2,37,step_10,no_load,0.0
19.329565,0.0426,wrist_flex,0.0,9.6744,0.0,9.1406,2000,-50,136,6,12.2,37,step_10,no_load,-8.257
19.340168,0.053202,wrist_flex,0.0,9.4884,0.0,8.9648,1998,-50,228,12,12.2,37,step_10,no_load,-16.58
19.350366,0.0634,wrist_flex,0.0,9.2093,0.0,8.7012,1995,-200,276,17,12.2,37,step_10,no_load,-25.848
19.361489,0.074524,wrist_flex,0.0,8.6512,0.0,8.1738,1989,-200,324,19,12.1,37,step_10,no_load,-47.415
19.371957,0.084991,wrist_flex,0.0,7.907,0.0,7.4707,1981,-650,344,12,12.2,37,step_10,no_load,-67.167
19.382262,0.095297,wrist_flex,0.0,6.9767,0.0,6.5918,1971,-650,316,9,12.2,37,step_10,no_load,-85.289
19.392448,0.105482,wrist_flex,0.0,6.1395,0.0,5.8008,1962,-850,308,1,12.2,37,step_10,no_load,-77.656
19.402786,0.11582,wrist_flex,0.0,5.3023,0.0,5.0098,1953,-850,228,1,12.3,37,step_10,no_load,-76.514
19.413012,0.126047,wrist_flex,0.0,4.5581,0.0,4.3066,1945,-900,152,0,12.2,37,step_10,no_load,-68.766
19.423256,0.136291,wrist_flex,0.0,3.907,0.0,3.6914,1938,-900,124,0,12.2,37,step_10,no_load,-60.055
19.434271,0.147306,wrist_flex,0.0,3.3488,0.0,3.1641,1932,-650,108,0,12.2,37,step_10,no_load,-47.871
19.444674,0.157708,wrist_flex,0.0,2.9767,0.0,2.8125,1928,-650,92,1,12.2,37,step_10,no_load,-33.798
19.455395,0.16843,wrist_flex,0.0,2.7907,0.0,2.6367,1926,-400,104,2,12.2,37,step_10,no_load,-16.398
19.465748,0.178783,wrist_flex,0.0,2.5116,0.0,2.373,1923,-400,96,1,12.2,37,step_10,no_load,-25.471
19.475969,0.189003,wrist_flex,0.0,2.3256,0.0,2.1973,1921,-200,92,1,12.2,37,step_10,no_load,-17.19
19.486593,0.199627,wrist_flex,0.0,2.1395,0.0,2.0215,1919,-200,84,1,12.2,37,step_10,no_load,-16.547
19.496827,0.209862,wrist_flex,0.0,1.9535,0.0,1.8457,1917,-200,84,2,12.3,37,step_10,no_load,-17.178
19.507429,0.220464,wrist_flex,0.0,1.7674,0.0,1.6699,1915,-200,76,0,12.2,37,step_10,no_load,-16.582
19.517688,0.230722,wrist_flex,0.0,1.6744,0.0,1.582,1914,-200,68,1,12.2,37,step_10,no_load,-8.568
19.527794,0.240829,wrist_flex,0.0,1.5814,0.0,1.4941,1913,-100,64,1,12.2,37,step_10,no_load,-8.698
19.538045,0.25108,wrist_flex,0.0,1.4884,0.0,1.4063,1912,-100,72,1,12.3,37,step_10,no_load,-8.565
19.548679,0.261714,wrist_flex,0.0,1.3953,0.0,1.3184,1911,-100,68,2,12.3,37,step_10,no_load,-8.266
19.559019,0.272053,wrist_flex,0.0,1.3023,0.0,1.2305,1910,-100,60,2,12.2,37,step_10,no_load,-8.501
19.569507,0.282542,wrist_flex,0.0,1.3023,0.0,1.2305,1910,-50,60,2,12.3,37,step_10,no_load,0.0
19.579836,0.292871,wrist_flex,0.0,1.3023,0.0,1.2305,1910,-50,64,2,12.3,37,step_10,no_load,0.0
19.590681,0.303716,wrist_flex,0.0,1.3023,0.0,1.2305,1910,0,64,2,12.2,37,step_10,no_load,0.0
19.601294,0.314328,wrist_flex,0.0,1.3023,0.0,1.2305,1910,0,68,2,12.3,37,step_10,no_load,0.0
19.611936,0.324971,wrist_flex,0.0,1.2093,0.0,1.1426,1909,0,60,2,12.2,37,step_10,no_load,-8.26
19.622141,0.335175,wrist_flex,0.0,1.2093,0.0,1.1426,1909,0,60,2,12.2,37,step_10,no_load,0.0
19.632408,0.345442,wrist_flex,0.0,1.2093,0.0,1.1426,1909,-50,64,2,12.3,37,step_10,no_load,0.0
19.643092,0.356127,wrist_flex,0.0,1.2093,0.0,1.1426,1909,-50,64,2,11.7,37,step_10,no_load,0.0
19.653801,0.366835,wrist_flex,0.0,1.2093,0.0,1.1426,1909,0,64,2,12.3,37,step_10,no_load,0.0
19.664318,0.377352,wrist_flex,0.0,1.2093,0.0,1.1426,1909,0,64,2,12.2,37,step_10,no_load,0.0
19.675075,0.38811,wrist_flex,0.0,1.2093,0.0,1.1426,1909,0,64,2,12.3,37,step_10,no_load,0.0
19.685249,0.398283,wrist_flex,0.0,1.2093,0.0,1.1426,1909,0,64,2,12.2,37,step_10,no_load,0.0
19.696525,0.40956,wrist_flex,0.0,1.2093,0.0,1.1426,1909,0,64,2,12.2,37,step_10,no_load,0.0
19.706937,0.419971,wrist_flex,0.0,1.2093,0.0,1.1426,1909,0,64,2,12.2,37,step_10,no_load,0.0
19.717402,0.430436,wrist_flex,0.0,1.2093,0.0,1.1426,1909,0,64,2,12.2,37,step_10,no_load,0.0
19.727889,0.440923,wrist_flex,0.0,1.2093,0.0,1.1426,1909,0,64,2,12.2,37,step_10,no_load,0.0
19.738482,0.451516,wrist_flex,0.0,1.2093,0.0,1.1426,1909,0,64,2,12.2,37,step_10,no_load,0.0
19.748938,0.461972,wrist_flex,0.0,1.2093,0.0,1.1426,1909,0,64,2,12.3,37,step_10,no_load,0.0
19.75904,0.472074,wrist_flex,0.0,1.2093,0.0,1.1426,1909,0,64,2,12.2,37,step_10,no_load,0.0
19.769349,0.482383,wrist_flex,0.0,1.2093,0.0,1.1426,1909,0,64,2,12.2,37,step_10,no_load,0.0
19.779702,0.492737,wrist_flex,0.0,1.2093,0.0,1.1426,1909,0,64,2,12.2,37,step_10,no_load,0.0
19.790092,0.503126,wrist_flex,0.0,1.2093,0.0,1.1426,1909,0,64,1,12.3,37,step_10,no_load,0.0
19.800604,0.513638,wrist_flex,0.0,1.2093,0.0,1.1426,1909,0,64,2,12.2,37,step_10,no_load,0.0
19.811176,0.52421,wrist_flex,0.0,1.2093,0.0,1.1426,1909,0,64,2,12.3,37,step_10,no_load,0.0
19.821682,0.534716,wrist_flex,0.0,1.2093,0.0,1.1426,1909,0,64,1,12.3,37,step_10,no_load,0.0
19.832105,0.545139,wrist_flex,0.0,1.2093,0.0,1.1426,1909,0,64,2,12.2,37,step_10,no_load,0.0
19.842318,0.555352,wrist_flex,0.0,1.2093,0.0,1.1426,1909,0,64,1,12.2,37,step_10,no_load,0.0
19.852529,0.565564,wrist_flex,0.0,1.2093,0.0,1.1426,1909,0,64,3,12.2,37,step_10,no_load,0.0
19.862707,0.575742,wrist_flex,0.0,1.2093,0.0,1.1426,1909,0,64,2,12.2,37,step_10,no_load,0.0
19.872823,0.585858,wrist_flex,0.0,1.2093,0.0,1.1426,1909,0,64,2,12.2,37,step_10,no_load,0.0
19.883816,0.59685,wrist_flex,0.0,1.2093,0.0,1.1426,1909,0,64,2,12.2,37,step_10,no_load,0.0
19.893951,0.606986,wrist_flex,0.0,1.2093,0.0,1.1426,1909,0,64,3,12.2,37,step_10,no_load,0.0
19.904574,0.617609,wrist_flex,0.0,1.2093,0.0,1.1426,1909,0,64,2,12.3,37,step_10,no_load,0.0
19.915118,0.628152,wrist_flex,0.0,1.2093,0.0,1.1426,1909,0,64,2,12.2,37,step_10,no_load,0.0
19.925622,0.638656,wrist_flex,0.0,1.2093,0.0,1.1426,1909,0,64,2,12.2,37,step_10,no_load,0.0
19.935942,0.648976,wrist_flex,0.0,1.2093,0.0,1.1426,1909,0,64,2,12.2,37,step_10,no_load,0.0
19.946768,0.659802,wrist_flex,0.0,1.2093,0.0,1.1426,1909,0,64,2,12.3,37,step_10,no_load,0.0
19.957817,0.670852,wrist_flex,0.0,1.2093,0.0,1.1426,1909,0,64,3,12.2,37,step_10,no_load,0.0
19.968142,0.681176,wrist_flex,0.0,1.2093,0.0,1.1426,1909,0,64,2,12.2,37,step_10,no_load,0.0
19.978537,0.691571,wrist_flex,0.0,1.2093,0.0,1.1426,1909,0,64,2,12.2,37,step_10,no_load,0.0
19.988793,0.701828,wrist_flex,0.0,1.2093,0.0,1.1426,1909,0,64,2,12.2,37,step_10,no_load,0.0
19.999025,0.71206,wrist_flex,0.0,1.2093,0.0,1.1426,1909,0,64,1,12.2,37,step_10,no_load,0.0
20.00922,0.722254,wrist_flex,0.0,1.2093,0.0,1.1426,1909,0,64,2,12.2,37,step_10,no_load,0.0
20.019972,0.733007,wrist_flex,0.0,1.2093,0.0,1.1426,1909,0,64,2,12.2,37,step_10,no_load,0.0
20.030332,0.743366,wrist_flex,0.0,1.2093,0.0,1.1426,1909,0,64,2,12.2,37,step_10,no_load,0.0
20.040989,0.754023,wrist_flex,0.0,1.2093,0.0,1.1426,1909,0,64,2,12.2,37,step_10,no_load,0.0
20.051384,0.764418,wrist_flex,0.0,1.2093,0.0,1.1426,1909,0,64,2,12.3,37,step_10,no_load,0.0
20.062019,0.775053,wrist_flex,0.0,1.2093,0.0,1.1426,1909,0,64,2,12.2,37,step_10,no_load,0.0
20.072165,0.7852,wrist_flex,0.0,1.2093,0.0,1.1426,1909,0,64,2,12.2,37,step_10,no_load,0.0
20.082845,0.79588,wrist_flex,0.0,1.2093,0.0,1.1426,1909,0,64,2,12.3,37,step_10,no_load,0.0
20.093456,0.806491,wrist_flex,0.0,1.2093,0.0,1.1426,1909,0,64,2,12.2,37,step_10,no_load,0.0
20.104547,0.817581,wrist_flex,0.0,1.2093,0.0,1.1426,1909,0,64,2,12.2,37,step_10,no_load,0.0
20.114714,0.827748,wrist_flex,0.0,1.2093,0.0,1.1426,1909,0,64,2,12.2,37,step_10,no_load,0.0
20.126018,0.839052,wrist_flex,0.0,1.2093,0.0,1.1426,1909,0,64,2,12.2,37,step_10,no_load,0.0
20.136455,0.84949,wrist_flex,0.0,1.2093,0.0,1.1426,1909,0,64,1,12.2,37,step_10,no_load,0.0
20.146706,0.85974,wrist_flex,0.0,1.2093,0.0,1.1426,1909,0,64,2,12.2,37,step_10,no_load,0.0
20.156899,0.869933,wrist_flex,0.0,1.2093,0.0,1.1426,1909,0,64,2,12.2,37,step_10,no_load,0.0
20.167069,0.880103,wrist_flex,0.0,1.2093,0.0,1.1426,1909,0,64,2,12.3,37,step_10,no_load,0.0
20.177646,0.89068,wrist_flex,0.0,1.2093,0.0,1.1426,1909,0,64,2,12.2,37,step_10,no_load,0.0
20.18781,0.900844,wrist_flex,0.0,1.2093,0.0,1.1426,1909,0,64,2,12.2,37,step_10,no_load,0.0
20.19849,0.911525,wrist_flex,0.0,1.2093,0.0,1.1426,1909,0,64,2,12.2,37,step_10,no_load,0.0
20.209046,0.922081,wrist_flex,0.0,1.2093,0.0,1.1426,1909,0,64,2,12.3,37,step_10,no_load,0.0
20.220079,0.933113,wrist_flex,0.0,1.2093,0.0,1.1426,1909,0,64,3,12.2,37,step_10,no_load,0.0
20.231068,0.944102,wrist_flex,0.0,1.2093,0.0,1.1426,1909,0,64,2,12.2,37,step_10,no_load,0.0
20.241431,0.954465,wrist_flex,0.0,1.2093,0.0,1.1426,1909,0,64,2,12.2,37,step_10,no_load,0.0
20.252261,0.965296,wrist_flex,0.0,1.2093,0.0,1.1426,1909,0,64,2,12.3,37,step_10,no_load,0.0
20.262598,0.975632,wrist_flex,0.0,1.2093,0.0,1.1426,1909,0,64,2,12.2,37,step_10,no_load,0.0
20.273213,0.986247,wrist_flex,0.0,1.2093,0.0,1.1426,1909,0,64,2,12.2,37,step_10,no_load,0.0
20.28381,0.996845,wrist_flex,0.0,1.2093,0.0,1.1426,1909,0,64,2,12.2,37,step_10,no_load,0.0
20.294666,1.007701,wrist_flex,0.0,1.2093,0.0,1.1426,1909,0,64,1,12.3,37,step_10,no_load,0.0
20.305165,1.018199,wrist_flex,0.0,1.2093,0.0,1.1426,1909,0,64,2,12.3,37,step_10,no_load,0.0
20.31577,1.028804,wrist_flex,0.0,1.2093,0.0,1.1426,1909,0,64,2,12.3,37,step_10,no_load,0.0
20.326388,1.039422,wrist_flex,0.0,1.2093,0.0,1.1426,1909,0,64,2,12.2,37,step_10,no_load,0.0
20.336647,1.049682,wrist_flex,0.0,1.2093,0.0,1.1426,1909,0,64,2,12.3,37,step_10,no_load,0.0
20.347085,1.060119,wrist_flex,0.0,1.2093,0.0,1.1426,1909,0,64,1,12.3,37,step_10,no_load,0.0
20.357891,1.070925,wrist_flex,0.0,1.2093,0.0,1.1426,1909,0,64,2,12.2,37,step_10,no_load,0.0
20.368728,1.081762,wrist_flex,0.0,1.2093,0.0,1.1426,1909,0,64,2,12.2,37,step_10,no_load,0.0
20.379132,1.092166,wrist_flex,0.0,1.2093,0.0,1.1426,1909,0,64,2,12.2,37,step_10,no_load,0.0
20.389751,1.102785,wrist_flex,0.0,1.2093,0.0,1.1426,1909,0,64,2,12.2,37,step_10,no_load,0.0
20.400054,1.113089,wrist_flex,0.0,1.2093,0.0,1.1426,1909,0,64,2,12.2,37,step_10,no_load,0.0
20.41051,1.123544,wrist_flex,0.0,1.2093,0.0,1.1426,1909,0,64,2,11.9,37,step_10,no_load,0.0
20.420702,1.133736,wrist_flex,0.0,1.2093,0.0,1.1426,1909,0,64,2,12.2,37,step_10,no_load,0.0
20.431222,1.144256,wrist_flex,0.0,1.2093,0.0,1.1426,1909,0,64,3,12.2,37,step_10,no_load,0.0
20.441795,1.15483,wrist_flex,0.0,1.2093,0.0,1.1426,1909,0,64,2,12.2,37,step_10,no_load,0.0
20.452546,1.165581,wrist_flex,0.0,1.2093,0.0,1.1426,1909,0,64,2,12.2,37,step_10,no_load,0.0
20.463134,1.176169,wrist_flex,0.0,1.2093,0.0,1.1426,1909,0,64,2,12.3,37,step_10,no_load,0.0
20.473833,1.186867,wrist_flex,0.0,1.2093,0.0,1.1426,1909,0,64,3,12.3,37,step_10,no_load,0.0
20.484325,1.197359,wrist_flex,0.0,1.2093,0.0,1.1426,1909,0,64,2,12.3,37,step_10,no_load,0.0
20.49567,2e-06,wrist_flex,10.0,1.2093,9.4482,1.1426,1909,0,64,2,12.3,37,step_10,no_load,0.0
20.506131,0.010463,wrist_flex,10.0,1.2093,9.4482,1.1426,1909,0,56,2,12.2,37,step_10,no_load,0.0
20.517033,0.021365,wrist_flex,10.0,1.2093,9.4482,1.1426,1909,0,36,1,12.2,37,step_10,no_load,0.0
20.527289,0.031621,wrist_flex,10.0,1.2093,9.4482,1.1426,1909,0,1084,1,12.3,60,step_10,no_load,0.0
20.537973,0.042305,wrist_flex,10.0,1.2093,9.4482,1.1426,1909,0,1120,3,12.2,37,step_10,no_load,0.0
20.548833,0.053165,wrist_flex,10.0,1.3953,9.4482,1.3184,1911,0,1196,7,12.2,37,step_10,no_load,16.188
20.559699,0.064031,wrist_flex,10.0,1.8605,9.4482,1.7578,1916,250,1248,7,12.2,38,step_10,no_load,40.438
20.570026,0.074358,wrist_flex,10.0,2.3256,9.4482,2.1973,1921,250,1300,10,12.2,37,step_10,no_load,42.558
20.580827,0.085159,wrist_flex,10.0,3.0698,9.4482,2.9004,1929,650,1324,5,12.3,37,step_10,no_load,65.096
20.590978,0.09531,wrist_flex,10.0,3.907,9.4482,3.6914,1938,650,1300,3,12.2,37,step_10,no_load,77.923
20.601627,0.105959,wrist_flex,10.0,4.8372,9.4482,4.5703,1948,850,1288,0,12.3,37,step_10,no_load,82.534
20.611795,0.116127,wrist_flex,10.0,5.7674,9.4482,5.4492,1958,850,1212,0,12.2,37,step_10,no_load,86.438
20.622207,0.126539,wrist_flex,10.0,6.5116,9.4482,6.1523,1966,900,1132,0,12.2,37,step_10,no_load,67.528
20.632373,0.136705,wrist_flex,10.0,7.1628,9.4482,6.7676,1973,900,1104,0,12.3,37,step_10,no_load,60.525
20.643149,0.147481,wrist_flex,10.0,7.7209,9.4482,7.2949,1979,700,1088,0,12.3,37,step_10,no_load,48.933
20.653373,0.157705,wrist_flex,10.0,8.093,9.4482,7.6465,1983,700,1072,0,12.2,37,step_10,no_load,34.39
20.663936,0.168268,wrist_flex,10.0,8.3721,9.4482,7.9102,1986,400,1080,0,12.2,37,step_10,no_load,24.964
20.674218,0.17855,wrist_flex,10.0,8.5581,9.4482,8.0859,1988,400,1068,0,12.2,37,step_10,no_load,17.088
20.684835,0.189167,wrist_flex,10.0,8.7442,9.4482,8.2617,1990,250,1072,0,12.2,37,step_10,no_load,16.558
20.695426,0.199758,wrist_flex,10.0,9.0233,9.4482,8.5254,1993,200,1064,0,12.2,37,step_10,no_load,24.898
20.70564,0.209972,wrist_flex,10.0,9.1163,9.4482,8.6133,1994,200,1060,0,12.2,37,step_10,no_load,8.606
20.715955,0.220288,wrist_flex,10.0,9.3023,9.4482,8.7891,1996,150,1052,0,12.3,37,step_10,no_load,17.043
20.72631,0.230642,wrist_flex,10.0,9.3953,9.4482,8.877,1997,150,1056,0,12.3,37,step_10,no_load,8.489
20.736473,0.240805,wrist_flex,10.0,9.4884,9.4482,8.9648,1998,100,1052,0,12.2,37,step_10,no_load,8.639
20.747062,0.251395,wrist_flex,10.0,9.5814,9.4482,9.0527,1999,100,1044,0,12.2,37,step_10,no_load,8.301
20.757568,0.2619,wrist_flex,10.0,9.6744,9.4482,9.1406,2000,100,0,0,12.2,37,step_10,no_load,8.367
20.768262,0.272594,wrist_flex,10.0,9.6744,9.4482,9.1406,2000,100,1048,0,12.3,37,step_10,no_load,0.0
20.778604,0.282936,wrist_flex,10.0,9.7674,9.4482,9.2285,2001,0,1044,0,12.3,37,step_10,no_load,8.499
20.788792,0.293124,wrist_flex,10.0,9.7674,9.4482,9.2285,2001,0,1044,0,12.2,37,step_10,no_load,0.0
20.799792,0.304124,wrist_flex,10.0,9.7674,9.4482,9.2285,2001,50,1048,0,12.2,37,step_10,no_load,0.0
20.809906,0.314238,wrist_flex,10.0,9.7674,9.4482,9.2285,2001,50,1048,0,12.3,37,step_10,no_load,0.0
20.820196,0.324528,wrist_flex,10.0,9.7674,9.4482,9.2285,2001,0,1048,0,12.3,37,step_10,no_load,0.0
20.830944,0.335276,wrist_flex,10.0,9.7674,9.4482,9.2285,2001,0,1048,0,12.3,37,step_10,no_load,0.0
20.841176,0.345508,wrist_flex,10.0,9.7674,9.4482,9.2285,2001,0,1048,0,12.2,37,step_10,no_load,0.0
20.852133,0.356465,wrist_flex,10.0,9.7674,9.4482,9.2285,2001,0,1048,0,12.3,37,step_10,no_load,0.0
20.863019,0.367351,wrist_flex,10.0,9.7674,9.4482,9.2285,2001,0,1048,0,12.2,37,step_10,no_load,0.0
20.873267,0.3776,wrist_flex,10.0,9.7674,9.4482,9.2285,2001,0,1048,0,12.2,37,step_10,no_load,0.0
20.88421,0.388542,wrist_flex,10.0,9.7674,9.4482,9.2285,2001,0,1048,0,12.2,37,step_10,no_load,0.0
20.894747,0.399079,wrist_flex,10.0,9.7674,9.4482,9.2285,2001,0,1048,0,12.2,37,step_10,no_load,0.0
20.905329,0.409661,wrist_flex,10.0,9.7674,9.4482,9.2285,2001,0,1048,1,12.2,37,step_10,no_load,0.0
20.915626,0.419958,wrist_flex,10.0,9.7674,9.4482,9.2285,2001,0,1048,0,12.2,37,step_10,no_load,0.0
20.926072,0.430404,wrist_flex,10.0,9.7674,9.4482,9.2285,2001,0,1048,0,12.3,37,step_10,no_load,0.0
20.936743,0.441075,wrist_flex,10.0,9.7674,9.4482,9.2285,2001,0,1048,0,12.2,37,step_10,no_load,0.0
20.947072,0.451404,wrist_flex,10.0,9.7674,9.4482,9.2285,2001,0,1048,0,12.3,37,step_10,no_load,0.0
20.957184,0.461516,wrist_flex,10.0,9.7674,9.4482,9.2285,2001,0,1048,0,12.2,37,step_10,no_load,0.0
20.96768,0.472012,wrist_flex,10.0,9.7674,9.4482,9.2285,2001,0,1048,1,12.2,37,step_10,no_load,0.0
20.978123,0.482455,wrist_flex,10.0,9.7674,9.4482,9.2285,2001,0,1048,0,12.2,37,step_10,no_load,0.0
20.988738,0.49307,wrist_flex,10.0,9.7674,9.4482,9.2285,2001,0,1048,0,12.3,37,step_10,no_load,0.0
20.998874,0.503206,wrist_flex,10.0,9.7674,9.4482,9.2285,2001,0,1048,0,12.2,37,step_10,no_load,0.0
21.008959,0.513291,wrist_flex,10.0,9.7674,9.4482,9.2285,2001,0,1048,0,12.3,37,step_10,no_load,0.0
21.019311,0.523643,wrist_flex,10.0,9.7674,9.4482,9.2285,2001,0,1048,0,12.2,37,step_10,no_load,0.0
21.029827,0.534159,wrist_flex,10.0,9.7674,9.4482,9.2285,2001,0,1048,0,12.2,37,step_10,no_load,0.0
21.0404,0.544732,wrist_flex,10.0,9.7674,9.4482,9.2285,2001,0,1048,0,12.2,37,step_10,no_load,0.0
21.050896,0.555228,wrist_flex,10.0,9.7674,9.4482,9.2285,2001,0,1048,0,12.2,37,step_10,no_load,0.0
21.061207,0.565539,wrist_flex,10.0,9.7674,9.4482,9.2285,2001,0,1048,1,12.2,37,step_10,no_load,0.0
21.071829,0.576162,wrist_flex,10.0,9.7674,9.4482,9.2285,2001,0,1048,0,12.2,37,step_10,no_load,0.0
21.082448,0.586781,wrist_flex,10.0,9.7674,9.4482,9.2285,2001,0,1048,0,12.2,37,step_10,no_load,0.0
21.093318,0.59765,wrist_flex,10.0,9.7674,9.4482,9.2285,2001,0,1048,0,12.2,37,step_10,no_load,0.0
21.10391,0.608242,wrist_flex,10.0,9.7674,9.4482,9.2285,2001,0,1048,0,12.2,37,step_10,no_load,0.0
21.114254,0.618586,wrist_flex,10.0,9.7674,9.4482,9.2285,2001,0,1048,0,12.2,37,step_10,no_load,0.0
21.124953,0.629285,wrist_flex,10.0,9.7674,9.4482,9.2285,2001,0,1048,0,12.2,37,step_10,no_load,0.0
21.135531,0.639863,wrist_flex,10.0,9.7674,9.4482,9.2285,2001,0,1048,0,12.2,37,step_10,no_load,0.0
21.146023,0.650355,wrist_flex,10.0,9.7674,9.4482,9.2285,2001,0,1048,0,12.3,37,step_10,no_load,0.0
21.15715,0.661483,wrist_flex,10.0,9.7674,9.4482,9.2285,2001,0,1048,0,12.3,37,step_10,no_load,0.0
21.167322,0.671655,wrist_flex,10.0,9.7674,9.4482,9.2285,2001,0,1048,0,12.2,37,step_10,no_load,0.0
21.177748,0.68208,wrist_flex,10.0,9.7674,9.4482,9.2285,2001,0,1048,0,12.2,37,step_10,no_load,0.0
21.187866,0.692198,wrist_flex,10.0,9.7674,9.4482,9.2285,2001,0,1048,0,12.2,37,step_10,no_load,0.0
21.198004,0.702336,wrist_flex,10.0,9.7674,9.4482,9.2285,2001,0,1048,0,12.3,37,step_10,no_load,0.0
21.20908,0.713412,wrist_flex,10.0,9.7674,9.4482,9.2285,2001,0,1048,0,12.3,37,step_10,no_load,0.0
21.219369,0.723701,wrist_flex,10.0,9.7674,9.4482,9.2285,2001,0,1048,1,12.2,37,step_10,no_load,0.0
21.229813,0.734145,wrist_flex,10.0,9.7674,9.4482,9.2285,2001,0,1048,0,12.2,37,step_10,no_load,0.0
21.240055,0.744387,wrist_flex,10.0,9.7674,9.4482,9.2285,2001,0,1048,0,12.3,37,step_10,no_load,0.0
21.250606,0.754939,wrist_flex,10.0,9.7674,9.4482,9.2285,2001,0,1048,0,12.1,37,step_10,no_load,0.0
21.261221,0.765553,wrist_flex,10.0,9.7674,9.4482,9.2285,2001,0,1048,0,12.2,37,step_10,no_load,0.0
21.271708,0.77604,wrist_flex,10.0,9.7674,9.4482,9.2285,2001,0,1048,0,12.2,37,step_10,no_load,0.0
21.282107,0.786439,wrist_flex,10.0,9.7674,9.4482,9.2285,2001,0,1048,0,12.2,37,step_10,no_load,0.0
21.292811,0.797143,wrist_flex,10.0,9.7674,9.4482,9.2285,2001,0,1048,0,12.2,37,step_10,no_load,0.0
21.303782,0.808114,wrist_flex,10.0,9.7674,9.4482,9.2285,2001,0,1048,1,12.2,37,step_10,no_load,0.0
21.314748,0.81908,wrist_flex,10.0,9.7674,9.4482,9.2285,2001,0,1048,1,12.3,37,step_10,no_load,0.0
21.325468,0.8298,wrist_flex,10.0,9.7674,9.4482,9.2285,2001,0,1048,0,12.2,37,step_10,no_load,0.0
21.335721,0.840053,wrist_flex,10.0,9.7674,9.4482,9.2285,2001,0,1048,1,12.2,37,step_10,no_load,0.0
21.346007,0.850339,wrist_flex,10.0,9.7674,9.4482,9.2285,2001,0,1048,0,12.2,37,step_10,no_load,0.0
21.356495,0.860827,wrist_flex,10.0,9.7674,9.4482,9.2285,2001,0,1048,1,12.2,37,step_10,no_load,0.0
21.366842,0.871174,wrist_flex,10.0,9.7674,9.4482,9.2285,2001,0,1048,0,12.3,37,step_10,no_load,0.0
21.377112,0.881444,wrist_flex,10.0,9.7674,9.4482,9.2285,2001,0,1048,1,12.2,38,step_10,no_load,0.0
21.387569,0.891901,wrist_flex,10.0,9.7674,9.4482,9.2285,2001,0,1048,0,12.2,37,step_10,no_load,0.0
21.398264,0.902596,wrist_flex,10.0,9.7674,9.4482,9.2285,2001,0,1048,0,12.2,37,step_10,no_load,0.0
21.408819,0.913151,wrist_flex,10.0,9.7674,9.4482,9.2285,2001,0,1048,0,12.2,37,step_10,no_load,0.0
21.418995,0.923327,wrist_flex,10.0,9.7674,9.4482,9.2285,2001,0,1048,0,12.3,37,step_10,no_load,0.0
21.429561,0.933893,wrist_flex,10.0,9.7674,9.4482,9.2285,2001,0,1048,0,12.2,37,step_10,no_load,0.0
21.440374,0.944706,wrist_flex,10.0,9.7674,9.4482,9.2285,2001,0,1048,0,12.2,37,step_10,no_load,0.0
21.451251,0.955583,wrist_flex,10.0,9.7674,9.4482,9.2285,2001,0,1048,0,12.2,37,step_10,no_load,0.0
21.462171,0.966503,wrist_flex,10.0,9.7674,9.4482,9.2285,2001,0,1048,0,12.2,37,step_10,no_load,0.0
21.472534,0.976866,wrist_flex,10.0,9.7674,9.4482,9.2285,2001,0,1048,0,12.3,37,step_10,no_load,0.0
21.483184,0.987516,wrist_flex,10.0,9.7674,9.4482,9.2285,2001,0,1048,0,12.2,37,step_10,no_load,0.0
21.493784,0.998116,wrist_flex,10.0,9.7674,9.4482,9.2285,2001,0,1048,0,12.3,37,step_10,no_load,0.0
21.504248,1.00858,wrist_flex,10.0,9.7674,9.4482,9.2285,2001,0,1048,0,12.2,37,step_10,no_load,0.0
21.51442,1.018752,wrist_flex,10.0,9.7674,9.4482,9.2285,2001,0,1048,0,12.2,37,step_10,no_load,0.0
21.524944,1.029276,wrist_flex,10.0,9.7674,9.4482,9.2285,2001,0,1048,0,12.3,37,step_10,no_load,0.0
21.535322,1.039654,wrist_flex,10.0,9.7674,9.4482,9.2285,2001,0,1048,1,12.2,37,step_10,no_load,0.0
21.545767,1.050099,wrist_flex,10.0,9.7674,9.4482,9.2285,2001,0,1048,0,12.2,37,step_10,no_load,0.0
21.556285,1.060617,wrist_flex,10.0,9.7674,9.4482,9.2285,2001,0,1048,0,12.3,37,step_10,no_load,0.0
21.566651,1.070983,wrist_flex,10.0,9.7674,9.4482,9.2285,2001,0,1048,0,12.3,37,step_10,no_load,0.0
21.577026,1.081358,wrist_flex,10.0,9.7674,9.4482,9.2285,2001,0,1048,0,12.2,37,step_10,no_load,0.0
21.587396,1.091728,wrist_flex,10.0,9.7674,9.4482,9.2285,2001,0,1048,0,12.2,37,step_10,no_load,0.0
21.597834,1.102166,wrist_flex,10.0,9.7674,9.4482,9.2285,2001,0,1048,0,12.2,37,step_10,no_load,0.0
21.609049,1.113382,wrist_flex,10.0,9.7674,9.4482,9.2285,2001,0,1048,0,12.2,37,step_10,no_load,0.0
21.619396,1.123728,wrist_flex,10.0,9.7674,9.4482,9.2285,2001,0,1048,0,12.2,37,step_10,no_load,0.0
21.629764,1.134096,wrist_flex,10.0,9.7674,9.4482,9.2285,2001,0,1048,0,12.2,37,step_10,no_load,0.0
21.640505,1.144838,wrist_flex,10.0,9.7674,9.4482,9.2285,2001,0,1048,1,12.2,37,step_10,no_load,0.0
21.65108,1.155412,wrist_flex,10.0,9.7674,9.4482,9.2285,2001,0,1048,0,12.2,37,step_10,no_load,0.0
21.661521,1.165854,wrist_flex,10.0,9.7674,9.4482,9.2285,2001,0,1048,0,12.2,37,step_10,no_load,0.0
21.672069,1.176401,wrist_flex,10.0,9.7674,9.4482,9.2285,2001,0,1048,0,12.3,37,step_10,no_load,0.0
21.682416,1.186748,wrist_flex,10.0,9.7674,9.4482,9.2285,2001,0,1048,0,12.3,37,step_10,no_load,0.0
21.692982,1.197314,wrist_flex,10.0,9.7674,9.4482,9.2285,2001,0,1048,0,12.2,37,step_10,no_load,0.0
21.704359,2e-06,wrist_flex,0.0,9.7674,0.0,9.2285,2001,0,1048,0,12.2,37,step_10,no_load,0.0
21.714821,0.010464,wrist_flex,0.0,9.7674,0.0,9.2285,2001,0,24,0,12.3,37,step_10,no_load,0.0
21.725001,0.020645,wrist_flex,0.0,9.7674,0.0,9.2285,2001,0,36,1,12.3,37,step_10,no_load,0.0
21.735511,0.031154,wrist_flex,0.0,9.7674,0.0,9.2285,2001,0,92,3,12.2,37,step_10,no_load,0.0
21.746075,0.041718,wrist_flex,0.0,9.6744,0.0,9.1406,2000,-50,124,9,12.3,37,step_10,no_load,-8.321
21.756602,0.052245,wrist_flex,0.0,9.5814,0.0,9.0527,1999,-50,220,19,12.2,37,step_10,no_load,-8.35
21.76687,0.062514,wrist_flex,0.0,9.3023,0.0,8.7891,1996,-200,264,17,12.2,37,step_10,no_load,-25.672
21.778115,0.073758,wrist_flex,0.0,8.7442,0.0,8.2617,1990,-200,328,17,12.2,37,step_10,no_load,-46.901
21.788578,0.084222,wrist_flex,0.0,8.0,0.0,7.5586,1982,-600,348,16,12.2,37,step_10,no_load,-67.199
21.799361,0.095004,wrist_flex,0.0,7.0698,0.0,6.6797,1972,-600,320,8,12.2,37,step_10,no_load,-81.508
21.810213,0.105856,wrist_flex,0.0,6.1395,0.0,5.8008,1962,-900,308,1,12.2,37,step_10,no_load,-80.99
21.820583,0.116227,wrist_flex,0.0,5.3023,0.0,5.0098,1953,-900,228,1,12.3,37,step_10,no_load,-76.278
21.831156,0.126799,wrist_flex,0.0,4.5581,0.0,4.3066,1945,-900,152,0,12.2,37,step_10,no_load,-66.509
21.841937,0.13758,wrist_flex,0.0,3.814,0.0,3.6035,1937,-900,124,0,12.2,37,step_10,no_load,-65.217
21.853008,0.148652,wrist_flex,0.0,3.3488,0.0,3.1641,1932,-650,112,0,12.2,37,step_10,no_load,-39.689
21.863598,0.159242,wrist_flex,0.0,2.9767,0.0,2.8125,1928,-650,96,1,12.2,37,step_10,no_load,-33.201
21.87415,0.169794,wrist_flex,0.0,2.6977,0.0,2.5488,1925,-400,100,2,12.2,37,step_10,no_load,-24.991
21.884734,0.180378,wrist_flex,0.0,2.5116,0.0,2.373,1923,-200,88,1,12.3,37,step_10,no_load,-16.61
21.895409,0.191053,wrist_flex,0.0,2.2326,0.0,2.1094,1920,-200,88,2,12.2,37,step_10,no_load,-24.693
21.905671,0.201314,wrist_flex,0.0,2.1395,0.0,2.0215,1919,-200,84,2,12.3,37,step_10,no_load,-8.566
21.915794,0.211437,wrist_flex,0.0,1.9535,0.0,1.8457,1917,-200,84,2,12.2,37,step_10,no_load,-17.366
21.926477,0.22212,wrist_flex,0.0,1.7674,0.0,1.6699,1915,-200,76,2,12.2,37,step_10,no_load,-16.456
21.936945,0.232588,wrist_flex,0.0,1.6744,0.0,1.582,1914,-200,68,1,12.2,37,step_10,no_load,-8.397
21.947069,0.242712,wrist_flex,0.0,1.5814,0.0,1.4941,1913,-100,64,1,12.2,37,step_10,no_load,-8.682
21.957563,0.253207,wrist_flex,0.0,1.4884,0.0,1.4063,1912,-100,72,1,12.3,38,step_10,no_load,-8.367
21.968053,0.263696,wrist_flex,0.0,1.3953,0.0,1.3184,1911,-100,68,2,12.3,37,step_10,no_load,-8.379
21.978167,0.273811,wrist_flex,0.0,1.3023,0.0,1.2305,1910,-100,60,1,12.2,37,step_10,no_load,-8.691
21.988863,0.284506,wrist_flex,0.0,1.3023,0.0,1.2305,1910,-50,64,2,12.3,37,step_10,no_load,0.0
21.999332,0.294976,wrist_flex,0.0,1.3023,0.0,1.2305,1910,-50,64,2,12.2,38,step_10,no_load,0.0
22.009814,0.305457,wrist_flex,0.0,1.3023,0.0,1.2305,1910,0,68,2,12.3,37,step_10,no_load,0.0
22.02,0.315644,wrist_flex,0.0,1.3023,0.0,1.2305,1910,0,68,2,12.2,37,step_10,no_load,0.0
22.030742,0.326385,wrist_flex,0.0,1.2093,0.0,1.1426,1909,0,60,1,12.2,37,step_10,no_load,-8.183
22.041225,0.336868,wrist_flex,0.0,1.2093,0.0,1.1426,1909,0,60,1,12.2,37,step_10,no_load,0.0
22.051742,0.347385,wrist_flex,0.0,1.2093,0.0,1.1426,1909,-50,64,2,12.2,37,step_10,no_load,0.0
22.062226,0.35787,wrist_flex,0.0,1.2093,0.0,1.1426,1909,-50,64,1,12.2,37,step_10,no_load,0.0
22.0725,0.368143,wrist_flex,0.0,1.2093,0.0,1.1426,1909,0,64,2,12.3,37,step_10,no_load,0.0
22.083391,0.379035,wrist_flex,0.0,1.2093,0.0,1.1426,1909,0,64,2,12.3,37,step_10,no_load,0.0
22.094001,0.389644,wrist_flex,0.0,1.2093,0.0,1.1426,1909,0,64,3,12.2,37,step_10,no_load,0.0
22.104375,0.400018,wrist_flex,0.0,1.2093,0.0,1.1426,1909,0,64,1,12.2,37,step_10,no_load,0.0
22.114869,0.410512,wrist_flex,0.0,1.2093,0.0,1.1426,1909,0,64,2,12.3,37,step_10,no_load,0.0
22.12552,0.421163,wrist_flex,0.0,1.2093,0.0,1.1426,1909,0,64,2,12.2,37,step_10,no_load,0.0
22.135891,0.431534,wrist_flex,0.0,1.2093,0.0,1.1426,1909,0,64,2,12.3,37,step_10,no_load,0.0
22.146426,0.442069,wrist_flex,0.0,1.2093,0.0,1.1426,1909,0,64,2,12.2,37,step_10,no_load,0.0
22.156943,0.452587,wrist_flex,0.0,1.2093,0.0,1.1426,1909,0,64,2,12.2,37,step_10,no_load,0.0
22.167482,0.463126,wrist_flex,0.0,1.2093,0.0,1.1426,1909,0,64,2,12.2,37,step_10,no_load,0.0
22.177657,0.4733,wrist_flex,0.0,1.2093,0.0,1.1426,1909,0,64,2,12.2,37,step_10,no_load,0.0
22.187899,0.483542,wrist_flex,0.0,1.2093,0.0,1.1426,1909,0,64,2,12.2,37,step_10,no_load,0.0
22.198008,0.493652,wrist_flex,0.0,1.2093,0.0,1.1426,1909,0,64,1,12.2,37,step_10,no_load,0.0
22.208363,0.504007,wrist_flex,0.0,1.2093,0.0,1.1426,1909,0,64,2,12.2,37,step_10,no_load,0.0
22.218668,0.514311,wrist_flex,0.0,1.2093,0.0,1.1426,1909,0,64,2,12.2,37,step_10,no_load,0.0
22.228913,0.524556,wrist_flex,0.0,1.2093,0.0,1.1426,1909,0,64,2,12.2,37,step_10,no_load,0.0
22.239093,0.534736,wrist_flex,0.0,1.2093,0.0,1.1426,1909,0,64,2,12.3,37,step_10,no_load,0.0
22.249447,0.545091,wrist_flex,0.0,1.2093,0.0,1.1426,1909,0,64,2,12.2,37,step_10,no_load,0.0
22.260262,0.555905,wrist_flex,0.0,1.2093,0.0,1.1426,1909,0,64,2,12.3,37,step_10,no_load,0.0
22.270484,0.566128,wrist_flex,0.0,1.2093,0.0,1.1426,1909,0,64,2,12.3,37,step_10,no_load,0.0
22.281458,0.577101,wrist_flex,0.0,1.2093,0.0,1.1426,1909,0,64,3,12.2,37,step_10,no_load,0.0
22.291867,0.587511,wrist_flex,0.0,1.2093,0.0,1.1426,1909,0,64,2,12.2,37,step_10,no_load,0.0
22.302142,0.597785,wrist_flex,0.0,1.2093,0.0,1.1426,1909,0,64,2,12.2,37,step_10,no_load,0.0
22.312412,0.608056,wrist_flex,0.0,1.2093,0.0,1.1426,1909,0,64,2,12.2,37,step_10,no_load,0.0
22.322905,0.618549,wrist_flex,0.0,1.2093,0.0,1.1426,1909,0,64,2,12.2,37,step_10,no_load,0.0
22.333194,0.628837,wrist_flex,0.0,1.2093,0.0,1.1426,1909,0,64,2,12.2,37,step_10,no_load,0.0
22.343418,0.639062,wrist_flex,0.0,1.2093,0.0,1.1426,1909,0,64,2,12.2,37,step_10,no_load,0.0
22.353526,0.649169,wrist_flex,0.0,1.2093,0.0,1.1426,1909,0,64,2,12.2,37,step_10,no_load,0.0
22.363657,0.6593,wrist_flex,0.0,1.2093,0.0,1.1426,1909,0,64,2,12.2,37,step_10,no_load,0.0
22.37429,0.669933,wrist_flex,0.0,1.2093,0.0,1.1426,1909,0,64,2,12.2,37,step_10,no_load,0.0
22.384974,0.680618,wrist_flex,0.0,1.2093,0.0,1.1426,1909,0,64,2,12.2,37,step_10,no_load,0.0
22.395569,0.691213,wrist_flex,0.0,1.2093,0.0,1.1426,1909,0,64,2,12.2,37,step_10,no_load,0.0
22.405698,0.701342,wrist_flex,0.0,1.2093,0.0,1.1426,1909,0,64,2,12.2,37,step_10,no_load,0.0
22.416298,0.711941,wrist_flex,0.0,1.2093,0.0,1.1426,1909,0,64,2,12.2,37,step_10,no_load,0.0
22.426886,0.722529,wrist_flex,0.0,1.2093,0.0,1.1426,1909,0,64,2,12.2,37,step_10,no_load,0.0
22.43726,0.732904,wrist_flex,0.0,1.2093,0.0,1.1426,1909,0,64,2,12.2,37,step_10,no_load,0.0
22.447734,0.743378,wrist_flex,0.0,1.2093,0.0,1.1426,1909,0,64,2,12.2,37,step_10,no_load,0.0
22.458355,0.753998,wrist_flex,0.0,1.2093,0.0,1.1426,1909,0,64,2,12.3,37,step_10,no_load,0.0
22.469188,0.764832,wrist_flex,0.0,1.2093,0.0,1.1426,1909,0,64,2,12.1,37,step_10,no_load,0.0
22.479499,0.775142,wrist_flex,0.0,1.2093,0.0,1.1426,1909,0,64,2,12.2,37,step_10,no_load,0.0
22.490012,0.785656,wrist_flex,0.0,1.2093,0.0,1.1426,1909,0,64,2,12.2,37,step_10,no_load,0.0
22.50096,0.796603,wrist_flex,0.0,1.2093,0.0,1.1426,1909,0,64,2,12.2,37,step_10,no_load,0.0
22.511876,0.807519,wrist_flex,0.0,1.2093,0.0,1.1426,1909,0,64,2,12.2,37,step_10,no_load,0.0
22.522548,0.818191,wrist_flex,0.0,1.2093,0.0,1.1426,1909,0,64,2,12.3,37,step_10,no_load,0.0
22.532784,0.828428,wrist_flex,0.0,1.2093,0.0,1.1426,1909,0,64,1,12.3,37,step_10,no_load,0.0
22.543419,0.839062,wrist_flex,0.0,1.2093,0.0,1.1426,1909,0,64,2,12.2,37,step_10,no_load,0.0
22.553655,0.849298,wrist_flex,0.0,1.2093,0.0,1.1426,1909,0,64,2,12.2,37,step_10,no_load,0.0
22.563835,0.859479,wrist_flex,0.0,1.2093,0.0,1.1426,1909,0,64,2,12.2,37,step_10,no_load,0.0
22.574337,0.86998,wrist_flex,0.0,1.2093,0.0,1.1426,1909,0,64,2,12.2,37,step_10,no_load,0.0
22.584684,0.880328,wrist_flex,0.0,1.2093,0.0,1.1426,1909,0,64,2,12.2,37,step_10,no_load,0.0
22.595155,0.890798,wrist_flex,0.0,1.2093,0.0,1.1426,1909,0,64,2,12.2,37,step_10,no_load,0.0
22.605865,0.901509,wrist_flex,0.0,1.2093,0.0,1.1426,1909,0,64,2,12.2,37,step_10,no_load,0.0
22.616546,0.912189,wrist_flex,0.0,1.2093,0.0,1.1426,1909,0,64,3,12.2,37,step_10,no_load,0.0
22.627164,0.922807,wrist_flex,0.0,1.2093,0.0,1.1426,1909,0,64,2,12.3,37,step_10,no_load,0.0
22.637717,0.93336,wrist_flex,0.0,1.2093,0.0,1.1426,1909,0,64,2,12.2,37,step_10,no_load,0.0
22.64783,0.943474,wrist_flex,0.0,1.2093,0.0,1.1426,1909,0,64,2,12.2,37,step_10,no_load,0.0
22.658456,0.954099,wrist_flex,0.0,1.2093,0.0,1.1426,1909,0,64,2,12.2,37,step_10,no_load,0.0
22.668796,0.964439,wrist_flex,0.0,1.2093,0.0,1.1426,1909,0,64,2,12.2,37,step_10,no_load,0.0
22.679382,0.975025,wrist_flex,0.0,1.2093,0.0,1.1426,1909,0,64,2,12.3,37,step_10,no_load,0.0
22.689912,0.985556,wrist_flex,0.0,1.2093,0.0,1.1426,1909,0,64,2,12.2,37,step_10,no_load,0.0
22.700405,0.996048,wrist_flex,0.0,1.2093,0.0,1.1426,1909,0,64,2,12.2,37,step_10,no_load,0.0
22.710656,1.0063,wrist_flex,0.0,1.2093,0.0,1.1426,1909,0,64,3,12.2,37,step_10,no_load,0.0
22.72098,1.016623,wrist_flex,0.0,1.2093,0.0,1.1426,1909,0,64,2,12.2,37,step_10,no_load,0.0
22.731891,1.027534,wrist_flex,0.0,1.2093,0.0,1.1426,1909,0,64,2,12.2,37,step_10,no_load,0.0
22.742577,1.038221,wrist_flex,0.0,1.2093,0.0,1.1426,1909,0,64,2,12.2,37,step_10,no_load,0.0
22.753325,1.048968,wrist_flex,0.0,1.2093,0.0,1.1426,1909,0,64,2,12.2,37,step_10,no_load,0.0
22.763622,1.059266,wrist_flex,0.0,1.2093,0.0,1.1426,1909,0,64,2,12.2,37,step_10,no_load,0.0
22.773888,1.069531,wrist_flex,0.0,1.2093,0.0,1.1426,1909,0,64,2,12.2,37,step_10,no_load,0.0
22.784532,1.080175,wrist_flex,0.0,1.2093,0.0,1.1426,1909,0,64,1,12.2,37,step_10,no_load,0.0
22.795191,1.090835,wrist_flex,0.0,1.2093,0.0,1.1426,1909,0,64,2,12.2,37,step_10,no_load,0.0
22.806009,1.101653,wrist_flex,0.0,1.2093,0.0,1.1426,1909,0,64,2,12.3,39,step_10,no_load,0.0
22.81689,1.112534,wrist_flex,0.0,1.2093,0.0,1.1426,1909,0,64,2,12.2,38,step_10,no_load,0.0
22.827951,1.123594,wrist_flex,0.0,1.2093,0.0,1.1426,1909,0,64,2,12.2,37,step_10,no_load,0.0
22.838549,1.134193,wrist_flex,0.0,1.2093,0.0,1.1426,1909,0,64,2,12.2,37,step_10,no_load,0.0
22.849209,1.144853,wrist_flex,0.0,1.2093,0.0,1.1426,1909,0,64,2,12.3,37,step_10,no_load,0.0
22.859796,1.155439,wrist_flex,0.0,1.2093,0.0,1.1426,1909,0,64,2,12.2,37,step_10,no_load,0.0
22.869987,1.165631,wrist_flex,0.0,1.2093,0.0,1.1426,1909,0,64,2,12.3,37,step_10,no_load,0.0
22.880235,1.175878,wrist_flex,0.0,1.2093,0.0,1.1426,1909,0,64,2,12.3,37,step_10,no_load,0.0
22.890603,1.186246,wrist_flex,0.0,1.2093,0.0,1.1426,1909,0,64,2,12.3,37,step_10,no_load,0.0
22.901171,1.196814,wrist_flex,0.0,1.2093,0.0,1.1426,1909,0,64,2,12.2,37,step_10,no_load,0.0
22.912771,4e-06,wrist_flex,10.0,1.2093,9.4482,1.1426,1909,0,64,2,12.2,37,step_10,no_load,0.0
22.923133,0.010366,wrist_flex,10.0,1.2093,9.4482,1.1426,1909,0,56,1,12.2,37,step_10,no_load,0.0
22.933628,0.020862,wrist_flex,10.0,1.2093,9.4482,1.1426,1909,0,36,0,12.2,37,step_10,no_load,0.0
22.944008,0.031242,wrist_flex,10.0,1.2093,9.4482,1.1426,1909,0,1080,1,12.2,56,step_10,no_load,0.0
22.954158,0.041391,wrist_flex,10.0,1.2093,9.4482,1.1426,1909,0,1116,3,12.2,37,step_10,no_load,0.0
22.964302,0.051535,wrist_flex,10.0,1.3953,9.4482,1.3184,1911,0,1188,6,12.2,37,step_10,no_load,17.33
22.974818,0.062051,wrist_flex,10.0,1.6744,9.4482,1.582,1914,250,1236,8,12.2,37,step_10,no_load,25.067
22.984958,0.072192,wrist_flex,10.0,2.2326,9.4482,2.1094,1920,250,1296,9,12.2,37,step_10,no_load,52.012
22.995108,0.082342,wrist_flex,10.0,2.7907,9.4482,2.6367,1926,600,1320,9,12.2,37,step_10,no_load,51.951
23.005291,0.092525,wrist_flex,10.0,3.6279,9.4482,3.4277,1935,600,1296,4,12.2,37,step_10,no_load,77.678
23.015921,0.103154,wrist_flex,10.0,4.6512,9.4482,4.3945,1946,900,1292,1,12.2,37,step_10,no_load,90.95
23.026546,0.113779,wrist_flex,10.0,5.4884,9.4482,5.1855,1955,900,1220,0,12.3,37,step_10,no_load,74.447
23.037061,0.124294,wrist_flex,10.0,6.3256,9.4482,5.9766,1964,900,1184,0,12.3,37,step_10,no_load,75.235
23.04735,0.134583,wrist_flex,10.0,7.0698,9.4482,6.6797,1972,900,1108,0,12.2,37,step_10,no_load,68.335
23.05774,0.144974,wrist_flex,10.0,7.5349,9.4482,7.1191,1977,700,1088,0,12.2,37,step_10,no_load,42.291
23.068073,0.155306,wrist_flex,10.0,8.0,9.4482,7.5586,1982,700,1080,0,12.3,37,step_10,no_load,42.534
23.078511,0.165745,wrist_flex,10.0,8.2791,9.4482,7.8223,1985,400,1076,0,12.2,37,step_10,no_load,25.263
23.088665,0.175899,wrist_flex,10.0,8.5581,9.4482,8.0859,1988,400,1068,0,12.2,37,step_10,no_load,25.96
23.099019,0.186253,wrist_flex,10.0,8.7442,9.4482,8.2617,1990,250,1076,0,12.2,37,step_10,no_load,16.979
23.109901,0.197134,wrist_flex,10.0,8.9302,9.4482,8.4375,1992,250,1068,0,12.3,37,step_10,no_load,16.155
23.120927,0.208161,wrist_flex,10.0,9.1163,9.4482,8.6133,1994,200,1060,0,12.2,37,step_10,no_load,15.944
23.131369,0.218602,wrist_flex,10.0,9.3023,9.4482,8.7891,1996,200,1052,0,12.3,37,step_10,no_load,16.836
23.142479,0.229712,wrist_flex,10.0,9.3953,9.4482,8.877,1997,150,1056,0,12.2,37,step_10,no_load,7.912
23.153029,0.240263,wrist_flex,10.0,9.4884,9.4482,8.9648,1998,100,1052,0,12.3,37,step_10,no_load,8.322
23.163467,0.2507,wrist_flex,10.0,9.5814,9.4482,9.0527,1999,100,1044,0,12.2,37,step_10,no_load,8.421
23.174377,0.26161,wrist_flex,10.0,9.6744,9.4482,9.1406,2000,100,0,0,12.3,37,step_10,no_load,8.057
23.185082,0.272316,wrist_flex,10.0,9.6744,9.4482,9.1406,2000,100,1048,0,12.2,37,step_10,no_load,0.0
23.19574,0.282973,wrist_flex,10.0,9.7674,9.4482,9.2285,2001,50,1044,0,12.2,37,step_10,no_load,8.247
23.205927,0.293161,wrist_flex,10.0,9.7674,9.4482,9.2285,2001,50,1044,0,12.2,37,step_10,no_load,0.0
23.216376,0.303609,wrist_flex,10.0,9.7674,9.4482,9.2285,2001,0,1044,0,12.2,37,step_10,no_load,0.0
23.226599,0.313833,wrist_flex,10.0,9.7674,9.4482,9.2285,2001,0,1048,0,12.2,37,step_10,no_load,0.0
23.237165,0.324398,wrist_flex,10.0,9.7674,9.4482,9.2285,2001,0,1048,0,12.2,37,step_10,no_load,0.0
23.247661,0.334894,wrist_flex,10.0,9.7674,9.4482,9.2285,2001,0,1048,0,12.3,37,step_10,no_load,0.0
23.257944,0.345178,wrist_flex,10.0,9.7674,9.4482,9.2285,2001,0,1048,0,12.3,37,step_10,no_load,0.0
23.268361,0.355595,wrist_flex,10.0,9.7674,9.4482,9.2285,2001,0,1048,1,12.2,37,step_10,no_load,0.0
23.279061,0.366294,wrist_flex,10.0,9.7674,9.4482,9.2285,2001,0,1048,1,12.2,37,step_10,no_load,0.0
23.289877,0.377111,wrist_flex,10.0,9.7674,9.4482,9.2285,2001,0,1048,0,12.2,37,step_10,no_load,0.0
23.300533,0.387767,wrist_flex,10.0,9.7674,9.4482,9.2285,2001,0,1048,0,12.2,37,step_10,no_load,0.0
23.311252,0.398486,wrist_flex,10.0,9.7674,9.4482,9.2285,2001,0,1048,0,12.3,37,step_10,no_load,0.0
23.321575,0.408809,wrist_flex,10.0,9.7674,9.4482,9.2285,2001,0,1048,0,12.2,37,step_10,no_load,0.0
23.332216,0.41945,wrist_flex,10.0,9.7674,9.4482,9.2285,2001,0,1048,1,12.3,37,step_10,no_load,0.0
23.342887,0.43012,wrist_flex,10.0,9.7674,9.4482,9.2285,2001,0,1048,1,12.2,37,step_10,no_load,0.0
23.35346,0.440694,wrist_flex,10.0,9.7674,9.4482,9.2285,2001,0,1048,0,12.2,37,step_10,no_load,0.0
23.364168,0.451402,wrist_flex,10.0,9.7674,9.4482,9.2285,2001,0,1048,0,12.3,37,step_10,no_load,0.0
23.375327,0.46256,wrist_flex,10.0,9.7674,9.4482,9.2285,2001,0,1048,0,12.2,37,step_10,no_load,0.0
23.385518,0.472751,wrist_flex,10.0,9.7674,9.4482,9.2285,2001,0,1048,0,12.2,37,step_10,no_load,0.0
23.395757,0.48299,wrist_flex,10.0,9.7674,9.4482,9.2285,2001,0,1048,0,12.2,37,step_10,no_load,0.0
23.405915,0.493148,wrist_flex,10.0,9.7674,9.4482,9.2285,2001,0,1048,0,12.3,37,step_10,no_load,0.0
23.416627,0.503861,wrist_flex,10.0,9.7674,9.4482,9.2285,2001,0,1048,0,12.3,37,step_10,no_load,0.0
23.427255,0.514489,wrist_flex,10.0,9.7674,9.4482,9.2285,2001,0,1048,0,12.2,37,step_10,no_load,0.0
23.437639,0.524873,wrist_flex,10.0,9.7674,9.4482,9.2285,2001,0,1048,0,12.2,37,step_10,no_load,0.0
23.448191,0.535425,wrist_flex,10.0,9.7674,9.4482,9.2285,2001,0,1048,0,12.2,37,step_10,no_load,0.0
23.458443,0.545676,wrist_flex,10.0,9.7674,9.4482,9.2285,2001,0,1048,0,12.3,37,step_10,no_load,0.0
23.469061,0.556295,wrist_flex,10.0,9.7674,9.4482,9.2285,2001,0,1048,0,12.2,37,step_10,no_load,0.0
23.480064,0.567297,wrist_flex,10.0,9.7674,9.4482,9.2285,2001,0,1048,0,12.2,37,step_10,no_load,0.0
23.490999,0.578233,wrist_flex,10.0,9.7674,9.4482,9.2285,2001,0,1048,0,12.2,37,step_10,no_load,0.0
23.50126,0.588493,wrist_flex,10.0,9.7674,9.4482,9.2285,2001,0,1048,1,12.2,37,step_10,no_load,0.0
23.511889,0.599122,wrist_flex,10.0,9.7674,9.4482,9.2285,2001,0,1048,1,12.2,37,step_10,no_load,0.0
23.522091,0.609325,wrist_flex,10.0,9.7674,9.4482,9.2285,2001,0,1048,0,12.2,37,step_10,no_load,0.0
23.53259,0.619823,wrist_flex,10.0,9.7674,9.4482,9.2285,2001,0,1048,0,12.2,37,step_10,no_load,0.0
23.54363,0.630863,wrist_flex,10.0,9.7674,9.4482,9.2285,2001,0,1048,1,12.2,37,step_10,no_load,0.0
23.554444,0.641677,wrist_flex,10.0,9.7674,9.4482,9.2285,2001,0,1048,1,12.3,37,step_10,no_load,0.0
23.564883,0.652117,wrist_flex,10.0,9.7674,9.4482,9.2285,2001,0,1048,0,12.2,37,step_10,no_load,0.0
23.575297,0.662531,wrist_flex,10.0,9.7674,9.4482,9.2285,2001,0,1048,0,12.2,37,step_10,no_load,0.0
23.585557,0.67279,wrist_flex,10.0,9.7674,9.4482,9.2285,2001,0,1048,0,12.2,37,step_10,no_load,0.0
23.596412,0.683646,wrist_flex,10.0,9.7674,9.4482,9.2285,2001,0,1048,0,12.2,37,step_10,no_load,0.0
23.606622,0.693856,wrist_flex,10.0,9.7674,9.4482,9.2285,2001,0,1048,0,12.2,37,step_10,no_load,0.0
23.617293,0.704527,wrist_flex,10.0,9.7674,9.4482,9.2285,2001,0,1048,0,12.2,37,step_10,no_load,0.0
23.628016,0.71525,wrist_flex,10.0,9.7674,9.4482,9.2285,2001,0,1048,0,12.3,37,step_10,no_load,0.0
23.639224,0.726458,wrist_flex,10.0,9.7674,9.4482,9.2285,2001,0,1048,0,12.2,37,step_10,no_load,0.0
23.64967,0.736904,wrist_flex,10.0,9.7674,9.4482,9.2285,2001,0,1048,0,12.2,37,step_10,no_load,0.0
23.660556,0.747789,wrist_flex,10.0,9.7674,9.4482,9.2285,2001,0,1048,1,12.2,37,step_10,no_load,0.0
23.671153,0.758387,wrist_flex,10.0,9.7674,9.4482,9.2285,2001,0,1048,1,12.2,37,step_10,no_load,0.0
23.681389,0.768623,wrist_flex,10.0,9.7674,9.4482,9.2285,2001,0,1048,0,12.2,37,step_10,no_load,0.0
23.6919,0.779133,wrist_flex,10.0,9.7674,9.4482,9.2285,2001,0,1048,0,12.2,37,step_10,no_load,0.0
23.702621,0.789854,wrist_flex,10.0,9.7674,9.4482,9.2285,2001,0,1048,0,12.2,37,step_10,no_load,0.0
23.713292,0.800526,wrist_flex,10.0,9.7674,9.4482,9.2285,2001,0,1048,0,12.2,37,step_10,no_load,0.0
23.723762,0.810995,wrist_flex,10.0,9.7674,9.4482,9.2285,2001,0,1048,1,12.2,37,step_10,no_load,0.0
23.734376,0.821609,wrist_flex,10.0,9.7674,9.4482,9.2285,2001,0,1048,0,12.2,37,step_10,no_load,0.0
23.745035,0.832268,wrist_flex,10.0,9.7674,9.4482,9.2285,2001,0,1048,1,12.3,37,step_10,no_load,0.0
23.755466,0.842699,wrist_flex,10.0,9.7674,9.4482,9.2285,2001,0,1048,0,12.3,37,step_10,no_load,0.0
23.766018,0.853252,wrist_flex,10.0,9.7674,9.4482,9.2285,2001,0,1048,0,12.2,37,step_10,no_load,0.0
23.7767,0.863933,wrist_flex,10.0,9.7674,9.4482,9.2285,2001,0,1048,0,12.2,37,step_10,no_load,0.0
23.786851,0.874085,wrist_flex,10.0,9.7674,9.4482,9.2285,2001,0,1048,0,12.3,37,step_10,no_load,0.0
23.797198,0.884431,wrist_flex,10.0,9.7674,9.4482,9.2285,2001,0,1048,0,12.2,37,step_10,no_load,0.0
23.80736,0.894594,wrist_flex,10.0,9.7674,9.4482,9.2285,2001,0,1048,1,12.2,37,step_10,no_load,0.0
23.817928,0.905161,wrist_flex,10.0,9.7674,9.4482,9.2285,2001,0,1048,0,12.2,37,step_10,no_load,0.0
23.828072,0.915306,wrist_flex,10.0,9.7674,9.4482,9.2285,2001,0,1048,0,12.2,37,step_10,no_load,0.0
23.838307,0.925541,wrist_flex,10.0,9.7674,9.4482,9.2285,2001,0,1048,1,12.2,37,step_10,no_load,0.0
23.848599,0.935832,wrist_flex,10.0,9.7674,9.4482,9.2285,2001,0,1048,0,12.3,37,step_10,no_load,0.0
23.859145,0.946379,wrist_flex,10.0,9.7674,9.4482,9.2285,2001,0,1048,0,12.2,37,step_10,no_load,0.0
23.869649,0.956883,wrist_flex,10.0,9.7674,9.4482,9.2285,2001,0,1048,0,12.2,37,step_10,no_load,0.0
23.87993,0.967164,wrist_flex,10.0,9.7674,9.4482,9.2285,2001,0,1048,0,12.2,37,step_10,no_load,0.0
23.890232,0.977466,wrist_flex,10.0,9.7674,9.4482,9.2285,2001,0,1048,0,12.2,37,step_10,no_load,0.0
23.900791,0.988025,wrist_flex,10.0,9.7674,9.4482,9.2285,2001,0,1048,0,12.3,37,step_10,no_load,0.0
23.911151,0.998384,wrist_flex,10.0,9.7674,9.4482,9.2285,2001,0,1048,1,12.3,37,step_10,no_load,0.0
23.92166,1.008893,wrist_flex,10.0,9.7674,9.4482,9.2285,2001,0,1048,0,12.3,37,step_10,no_load,0.0
23.932019,1.019252,wrist_flex,10.0,9.7674,9.4482,9.2285,2001,0,1048,0,12.2,37,step_10,no_load,0.0
23.94242,1.029654,wrist_flex,10.0,9.7674,9.4482,9.2285,2001,0,1048,0,12.2,39,step_10,no_load,0.0
23.952579,1.039813,wrist_flex,10.0,9.7674,9.4482,9.2285,2001,0,1048,0,12.2,37,step_10,no_load,0.0
23.962878,1.050111,wrist_flex,10.0,9.7674,9.4482,9.2285,2001,0,1048,0,12.3,37,step_10,no_load,0.0
23.973481,1.060715,wrist_flex,10.0,9.7674,9.4482,9.2285,2001,0,1048,0,12.2,37,step_10,no_load,0.0
23.983645,1.070879,wrist_flex,10.0,9.7674,9.4482,9.2285,2001,0,1048,0,12.2,37,step_10,no_load,0.0
23.994453,1.081686,wrist_flex,10.0,9.7674,9.4482,9.2285,2001,0,1048,0,12.2,37,step_10,no_load,0.0
24.004687,1.09192,wrist_flex,10.0,9.7674,9.4482,9.2285,2001,0,1048,0,12.2,37,step_10,no_load,0.0
24.01494,1.102174,wrist_flex,10.0,9.7674,9.4482,9.2285,2001,0,1048,0,12.2,37,step_10,no_load,0.0
24.025509,1.112743,wrist_flex,10.0,9.7674,9.4482,9.2285,2001,0,1048,0,12.3,37,step_10,no_load,0.0
24.03593,1.123163,wrist_flex,10.0,9.7674,9.4482,9.2285,2001,0,1048,0,12.2,37,step_10,no_load,0.0
24.046181,1.133415,wrist_flex,10.0,9.7674,9.4482,9.2285,2001,0,1048,0,12.3,37,step_10,no_load,0.0
24.056693,1.143926,wrist_flex,10.0,9.7674,9.4482,9.2285,2001,0,1048,0,12.2,37,step_10,no_load,0.0
24.067396,1.154629,wrist_flex,10.0,9.7674,9.4482,9.2285,2001,0,1048,1,12.2,37,step_10,no_load,0.0
24.077998,1.165232,wrist_flex,10.0,9.7674,9.4482,9.2285,2001,0,1048,1,12.3,37,step_10,no_load,0.0
24.088576,1.17581,wrist_flex,10.0,9.7674,9.4482,9.2285,2001,0,1048,0,12.2,37,step_10,no_load,0.0
24.098923,1.186156,wrist_flex,10.0,9.7674,9.4482,9.2285,2001,0,1048,1,12.2,37,step_10,no_load,0.0
24.10943,1.196663,wrist_flex,10.0,9.7674,9.4482,9.2285,2001,0,1048,0,12.2,37,step_10,no_load,0.0
