time,time_since_command,joint_name,commanded_norm,actual_norm,commanded_deg,actual_deg,raw_ticks,speed_raw,load_raw,current_raw,voltage,temperature,experiment_id,load_condition,measured_vel_deg_s
0.001251,5e-06,wrist_roll,-50.0,-49.8901,-89.978,-89.7803,1026,0,20,0,12.2,37,staircase1,no_load,0.0
0.012269,0.011024,wrist_roll,-50.0,-49.8901,-89.978,-89.7803,1026,0,20,0,12.2,37,staircase1,no_load,0.0
0.023188,0.021942,wrist_roll,-50.0,-49.8901,-89.978,-89.7803,1026,0,20,1,12.2,37,staircase1,no_load,0.0
0.03357,0.032325,wrist_roll,-50.0,-49.8901,-89.978,-89.7803,1026,0,20,1,12.2,37,staircase1,no_load,0.0
0.04428,0.043035,wrist_roll,-50.0,-49.8901,-89.978,-89.7803,1026,0,20,0,12.2,37,staircase1,no_load,0.0
0.054871,0.053626,wrist_roll,-50.0,-49.8901,-89.978,-89.7803,1026,0,20,1,12.3,37,staircase1,no_load,0.0
0.065491,0.064246,wrist_roll,-50.0,-49.8901,-89.978,-89.7803,1026,0,20,1,12.2,37,staircase1,no_load,0.0
0.076208,0.074963,wrist_roll,-50.0,-49.8901,-89.978,-89.7803,1026,0,20,0,12.2,37,staircase1,no_load,0.0
0.086676,0.085431,wrist_roll,-50.0,-49.8901,-89.978,-89.7803,1026,0,20,1,12.2,37,staircase1,no_load,0.0
0.097211,0.095966,wrist_roll,-50.0,-49.8901,-89.978,-89.7803,1026,0,20,0,12.2,37,staircase1,no_load,0.0
0.107955,0.106709,wrist_roll,-50.0,-49.8901,-89.978,-89.7803,1026,0,20,0,12.2,37,staircase1,no_load,0.0
0.118612,0.117367,wrist_roll,-50.0,-49.8901,-89.978,-89.7803,1026,0,20,0,12.2,37,staircase1,no_load,0.0
0.129448,0.128202,wrist_roll,-50.0,-49.8901,-89.978,-89.7803,1026,0,20,0,12.2,37,staircase1,no_load,0.0
0.13965,0.138405,wrist_roll,-50.0,-49.8901,-89.978,-89.7803,1026,0,20,0,12.2,37,staircase1,no_load,0.0
0.149883,0.148638,wrist_roll,-50.0,-49.8901,-89.978,-89.7803,1026,0,20,0,12.2,37,staircase1,no_load,0.0
0.160585,0.15934,wrist_roll,-50.0,-49.8901,-89.978,-89.7803,1026,0,20,0,12.2,37,staircase1,no_load,0.0
0.17128,0.170035,wrist_roll,-50.0,-49.8901,-89.978,-89.7803,1026,0,20,0,12.2,37,staircase1,no_load,0.0
0.181562,0.180317,wrist_roll,-50.0,-49.8901,-89.978,-89.7803,1026,0,20,0,12.2,37,staircase1,no_load,0.0
0.19256,0.191315,wrist_roll,-50.0,-49.8901,-89.978,-89.7803,1026,0,20,0,12.2,37,staircase1,no_load,0.0
0.203351,0.202106,wrist_roll,-50.0,-49.8901,-89.978,-89.7803,1026,0,20,0,12.2,37,staircase1,no_load,0.0
0.214513,0.213268,wrist_roll,-50.0,-49.8901,-89.978,-89.7803,1026,0,20,0,12.2,37,staircase1,no_load,0.0
0.225268,0.224023,wrist_roll,-50.0,-49.8901,-89.978,-89.7803,1026,0,20,0,12.2,37,staircase1,no_load,0.0
0.235954,0.234709,wrist_roll,-50.0,-49.8901,-89.978,-89.7803,1026,0,20,0,12.2,37,staircase1,no_load,0.0
0.246329,0.245083,wrist_roll,-50.0,-49.8901,-89.978,-89.7803,1026,0,20,0,12.3,37,staircase1,no_load,0.0
0.259348,0.258102,wrist_roll,-50.0,-49.8901,-89.978,-89.7803,1026,0,20,0,12.2,37,staircase1,no_load,0.0
0.270232,0.268987,wrist_roll,-50.0,-49.8901,-89.978,-89.7803,1026,0,20,1,12.2,37,staircase1,no_load,0.0
0.280927,0.279682,wrist_roll,-50.0,-49.8901,-89.978,-89.7803,1026,0,20,0,12.3,37,staircase1,no_load,0.0
0.291459,0.290214,wrist_roll,-50.0,-49.8901,-89.978,-89.7803,1026,0,20,0,12.2,37,staircase1,no_load,0.0
0.302426,0.301181,wrist_roll,-50.0,-49.8901,-89.978,-89.7803,1026,0,20,0,12.2,37,staircase1,no_load,0.0
0.313141,0.311896,wrist_roll,-50.0,-49.8901,-89.978,-89.7803,1026,0,20,0,12.2,37,staircase1,no_load,0.0
0.324029,0.322784,wrist_roll,-50.0,-49.8901,-89.978,-89.7803,1026,0,20,0,12.2,37,staircase1,no_load,0.0
0.335264,0.334019,wrist_roll,-50.0,-49.8901,-89.978,-89.7803,1026,0,20,0,12.2,37,staircase1,no_load,0.0
0.345973,0.344728,wrist_roll,-50.0,-49.8901,-89.978,-89.7803,1026,0,20,0,12.2,37,staircase1,no_load,0.0
0.356619,0.355374,wrist_roll,-50.0,-49.8901,-89.978,-89.7803,1026,0,20,0,12.2,37,staircase1,no_load,0.0
0.367861,0.366616,wrist_roll,-50.0,-49.8901,-89.978,-89.7803,1026,0,20,0,12.2,37,staircase1,no_load,0.0
0.378496,0.377251,wrist_roll,-50.0,-49.8901,-89.978,-89.7803,1026,0,20,0,12.3,37,staircase1,no_load,0.0
0.388703,0.387458,wrist_roll,-50.0,-49.8901,-89.978,-89.7803,1026,0,20,0,12.2,37,staircase1,no_load,0.0
0.399687,0.398442,wrist_roll,-50.0,-49.8901,-89.978,-89.7803,1026,0,20,0,12.3,37,staircase1,no_load,0.0
0.410358,0.409113,wrist_roll,-50.0,-49.8901,-89.978,-89.7803,1026,0,20,1,12.2,37,staircase1,no_load,0.0
0.420814,0.419569,wrist_roll,-50.0,-49.8901,-89.978,-89.7803,1026,0,20,1,12.2,37,staircase1,no_load,0.0
0.431376,0.430131,wrist_roll,-50.0,-49.8901,-89.978,-89.7803,1026,0,20,0,12.3,37,staircase1,no_load,0.0
0.441817,0.440572,wrist_roll,-50.0,-49.8901,-89.978,-89.7803,1026,0,20,0,12.2,37,staircase1,no_load,0.0
0.452057,0.450812,wrist_roll,-50.0,-49.8901,-89.978,-89.7803,1026,0,20,0,12.3,37,staircase1,no_load,0.0
0.462288,0.461043,wrist_roll,-50.0,-49.8901,-89.978,-89.7803,1026,0,20,0,12.2,37,staircase1,no_load,0.0
0.472974,0.471729,wrist_roll,-50.0,-49.8901,-89.978,-89.7803,1026,0,20,0,12.2,37,staircase1,no_load,0.0
0.483209,0.481964,wrist_roll,-50.0,-49.8901,-89.978,-89.7803,1026,0,20,0,12.2,37,staircase1,no_load,0.0
0.49345,0.492205,wrist_roll,-50.0,-49.8901,-89.978,-89.7803,1026,0,20,0,12.2,37,staircase1,no_load,0.0
0.503677,0.502432,wrist_roll,-50.0,-49.8901,-89.978,-89.7803,1026,0,20,0,12.2,37,staircase1,no_load,0.0
0.513827,0.512582,wrist_roll,-50.0,-49.8901,-89.978,-89.7803,1026,0,20,0,12.3,37,staircase1,no_load,0.0
0.524453,0.523208,wrist_roll,-50.0,-49.8901,-89.978,-89.7803,1026,0,20,1,12.3,37,staircase1,no_load,0.0
0.534757,0.533512,wrist_roll,-50.0,-49.8901,-89.978,-89.7803,1026,0,20,0,12.3,37,staircase1,no_load,0.0
0.545371,0.544126,wrist_roll,-50.0,-49.8901,-89.978,-89.7803,1026,0,20,0,12.2,37,staircase1,no_load,0.0
0.556319,0.555074,wrist_roll,-50.0,-49.8901,-89.978,-89.7803,1026,0,20,0,12.2,37,staircase1,no_load,0.0
0.566938,0.565692,wrist_roll,-50.0,-49.8901,-89.978,-89.7803,1026,0,20,0,12.2,37,staircase1,no_load,0.0
0.577489,0.576244,wrist_roll,-50.0,-49.8901,-89.978,-89.7803,1026,0,20,0,12.2,37,staircase1,no_load,0.0
0.588142,0.586897,wrist_roll,-50.0,-49.8901,-89.978,-89.7803,1026,0,20,0,12.2,37,staircase1,no_load,0.0
0.598661,0.597416,wrist_roll,-50.0,-49.8901,-89.978,-89.7803,1026,0,20,0,12.2,37,staircase1,no_load,0.0
0.609636,0.608391,wrist_roll,-50.0,-49.8901,-89.978,-89.7803,1026,0,20,0,12.2,37,staircase1,no_load,0.0
0.6203,0.619055,wrist_roll,-50.0,-49.8901,-89.978,-89.7803,1026,0,20,0,12.2,37,staircase1,no_load,0.0
0.63085,0.629605,wrist_roll,-50.0,-49.8901,-89.978,-89.7803,1026,0,20,0,12.2,37,staircase1,no_load,0.0
0.641522,0.640277,wrist_roll,-50.0,-49.8901,-89.978,-89.7803,1026,0,20,0,12.2,37,staircase1,no_load,0.0
0.652429,0.651184,wrist_roll,-50.0,-49.8901,-89.978,-89.7803,1026,0,20,0,12.2,37,staircase1,no_load,0.0
0.663608,0.662363,wrist_roll,-50.0,-49.8901,-89.978,-89.7803,1026,0,20,0,12.2,37,staircase1,no_load,0.0
0.67441,0.673164,wrist_roll,-50.0,-49.8901,-89.978,-89.7803,1026,0,20,0,12.2,37,staircase1,no_load,0.0
0.685236,0.68399,wrist_roll,-50.0,-49.8901,-89.978,-89.7803,1026,0,20,0,12.2,37,staircase1,no_load,0.0
0.69566,0.694415,wrist_roll,-50.0,-49.8901,-89.978,-89.7803,1026,0,20,0,12.3,37,staircase1,no_load,0.0
0.706214,0.704969,wrist_roll,-50.0,-49.8901,-89.978,-89.7803,1026,0,20,0,12.3,37,staircase1,no_load,0.0
0.716685,0.715439,wrist_roll,-50.0,-49.8901,-89.978,-89.7803,1026,0,20,0,12.2,37,staircase1,no_load,0.0
0.727676,0.726431,wrist_roll,-50.0,-49.8901,-89.978,-89.7803,1026,0,20,0,12.2,37,staircase1,no_load,0.0
0.7384,0.737155,wrist_roll,-50.0,-49.8901,-89.978,-89.7803,1026,0,20,0,12.3,37,staircase1,no_load,0.0
0.748549,0.747304,wrist_roll,-50.0,-49.8901,-89.978,-89.7803,1026,0,20,0,12.2,37,staircase1,no_load,0.0
0.759155,0.75791,wrist_roll,-50.0,-49.8901,-89.978,-89.7803,1026,0,20,0,12.2,37,staircase1,no_load,0.0
0.770062,0.768816,wrist_roll,-50.0,-49.8901,-89.978,-89.7803,1026,0,20,0,12.2,37,staircase1,no_load,0.0
0.78019,0.778945,wrist_roll,-50.0,-49.8901,-89.978,-89.7803,1026,0,20,0,12.2,37,staircase1,no_load,0.0
0.791178,0.789933,wrist_roll,-50.0,-49.8901,-89.978,-89.7803,1026,0,20,0,12.2,37,staircase1,no_load,0.0
0.801688,0.800442,wrist_roll,-50.0,-49.8901,-89.978,-89.7803,1026,0,20,0,12.2,37,staircase1,no_load,0.0
0.811918,0.810673,wrist_roll,-50.0,-49.8901,-89.978,-89.7803,1026,0,20,0,12.2,37,staircase1,no_load,0.0
0.822224,0.820979,wrist_roll,-50.0,-49.8901,-89.978,-89.7803,1026,0,20,0,12.2,37,staircase1,no_load,0.0
0.833016,0.831771,wrist_roll,-50.0,-49.8901,-89.978,-89.7803,1026,0,20,0,12.2,37,staircase1,no_load,0.0
0.843663,0.842418,wrist_roll,-50.0,-49.8901,-89.978,-89.7803,1026,0,20,0,12.2,37,staircase1,no_load,0.0
0.854318,0.853073,wrist_roll,-50.0,-49.8901,-89.978,-89.7803,1026,0,20,0,12.2,37,staircase1,no_load,0.0
0.86503,0.863785,wrist_roll,-50.0,-49.8901,-89.978,-89.7803,1026,0,20,0,12.3,37,staircase1,no_load,0.0
0.875324,0.874079,wrist_roll,-50.0,-49.8901,-89.978,-89.7803,1026,0,20,0,12.2,37,staircase1,no_load,0.0
0.885915,0.884669,wrist_roll,-50.0,-49.8901,-89.978,-89.7803,1026,0,20,0,12.2,37,staircase1,no_load,0.0
0.896401,0.895156,wrist_roll,-50.0,-49.8901,-89.978,-89.7803,1026,0,20,0,12.2,37,staircase1,no_load,0.0
0.906864,0.905618,wrist_roll,-50.0,-49.8901,-89.978,-89.7803,1026,0,20,0,12.2,37,staircase1,no_load,0.0
0.91744,0.916195,wrist_roll,-50.0,-49.8901,-89.978,-89.7803,1026,0,20,0,12.2,37,staircase1,no_load,0.0
0.928271,0.927026,wrist_roll,-50.0,-49.8901,-89.978,-89.7803,1026,0,20,0,12.2,37,staircase1,no_load,0.0
0.938777,0.937531,wrist_roll,-50.0,-49.8901,-89.978,-89.7803,1026,0,20,0,12.2,37,staircase1,no_load,0.0
0.949435,0.948189,wrist_roll,-50.0,-49.8901,-89.978,-89.7803,1026,0,20,0,12.2,37,staircase1,no_load,0.0
0.960217,0.958972,wrist_roll,-50.0,-49.8901,-89.978,-89.7803,1026,0,20,0,12.3,37,staircase1,no_load,0.0
0.970501,0.969256,wrist_roll,-50.0,-49.8901,-89.978,-89.7803,1026,0,20,0,12.2,37,staircase1,no_load,0.0
0.981099,0.979854,wrist_roll,-50.0,-49.8901,-89.978,-89.7803,1026,0,20,1,12.2,37,staircase1,no_load,0.0
0.991654,0.990409,wrist_roll,-50.0,-49.8901,-89.978,-89.7803,1026,0,20,0,12.2,37,staircase1,no_load,0.0
1.002619,1.001374,wrist_roll,-50.0,-49.8901,-89.978,-89.7803,1026,0,20,0,12.2,37,staircase1,no_load,0.0
1.013353,1.012108,wrist_roll,-50.0,-49.8901,-89.978,-89.7803,1026,0,20,0,12.2,37,staircase1,no_load,0.0
1.024274,1.023029,wrist_roll,-50.0,-49.8901,-89.978,-89.7803,1026,0,20,0,12.2,37,staircase1,no_load,0.0
1.034582,1.033337,wrist_roll,-50.0,-49.8901,-89.978,-89.7803,1026,0,20,0,12.2,37,staircase1,no_load,0.0
1.045365,1.04412,wrist_roll,-50.0,-49.8901,-89.978,-89.7803,1026,0,20,0,12.2,37,staircase1,no_load,0.0
1.056565,1.055319,wrist_roll,-50.0,-49.8901,-89.978,-89.7803,1026,0,20,0,12.2,37,staircase1,no_load,0.0
1.067095,1.06585,wrist_roll,-50.0,-49.8901,-89.978,-89.7803,1026,0,20,0,12.3,37,staircase1,no_load,0.0
1.077942,1.076697,wrist_roll,-50.0,-49.8901,-89.978,-89.7803,1026,0,20,0,12.2,37,staircase1,no_load,0.0
1.088606,1.08736,wrist_roll,-50.0,-49.8901,-89.978,-89.7803,1026,0,20,0,12.2,37,staircase1,no_load,0.0
1.099103,1.097857,wrist_roll,-50.0,-49.8901,-89.978,-89.7803,1026,0,20,0,12.2,37,staircase1,no_load,0.0
1.109444,1.108199,wrist_roll,-50.0,-49.8901,-89.978,-89.7803,1026,0,20,0,12.2,37,staircase1,no_load,0.0
1.120229,1.118984,wrist_roll,-50.0,-49.8901,-89.978,-89.7803,1026,0,20,0,12.2,37,staircase1,no_load,0.0
1.130474,1.129229,wrist_roll,-50.0,-49.8901,-89.978,-89.7803,1026,0,20,0,12.2,37,staircase1,no_load,0.0
1.141283,1.140037,wrist_roll,-50.0,-49.8901,-89.978,-89.7803,1026,0,20,0,12.2,37,staircase1,no_load,0.0
1.151996,1.150751,wrist_roll,-50.0,-49.8901,-89.978,-89.7803,1026,0,20,0,12.2,37,staircase1,no_load,0.0
1.162571,1.161326,wrist_roll,-50.0,-49.8901,-89.978,-89.7803,1026,0,20,0,12.1,38,staircase1,no_load,0.0
1.173191,1.171946,wrist_roll,-50.0,-49.8901,-89.978,-89.7803,1026,0,20,0,12.2,37,staircase1,no_load,0.0
1.183538,1.182293,wrist_roll,-50.0,-49.8901,-89.978,-89.7803,1026,0,20,1,12.2,37,staircase1,no_load,0.0
1.194039,1.192794,wrist_roll,-50.0,-49.8901,-89.978,-89.7803,1026,0,20,0,12.3,37,staircase1,no_load,0.0
1.204169,1.202924,wrist_roll,-50.0,-49.8901,-89.978,-89.7803,1026,0,20,0,12.2,38,staircase1,no_load,0.0
1.214721,1.213476,wrist_roll,-50.0,-49.8901,-89.978,-89.7803,1026,0,20,0,12.2,37,staircase1,no_load,0.0
1.225252,1.224007,wrist_roll,-50.0,-49.8901,-89.978,-89.7803,1026,0,20,0,12.2,37,staircase1,no_load,0.0
1.23615,1.234904,wrist_roll,-50.0,-49.8901,-89.978,-89.7803,1026,0,20,0,12.2,37,staircase1,no_load,0.0
1.246791,1.245545,wrist_roll,-50.0,-49.8901,-89.978,-89.7803,1026,0,20,0,12.2,37,staircase1,no_load,0.0
1.257476,1.256231,wrist_roll,-50.0,-49.8901,-89.978,-89.7803,1026,0,20,0,12.2,37,staircase1,no_load,0.0
1.268121,1.266876,wrist_roll,-50.0,-49.8901,-89.978,-89.7803,1026,0,20,0,12.2,37,staircase1,no_load,0.0
1.278995,1.27775,wrist_roll,-50.0,-49.8901,-89.978,-89.7803,1026,0,20,0,12.2,37,staircase1,no_load,0.0
1.289713,1.288468,wrist_roll,-50.0,-49.8901,-89.978,-89.7803,1026,0,20,0,12.2,37,staircase1,no_load,0.0
1.30035,1.299104,wrist_roll,-50.0,-49.8901,-89.978,-89.7803,1026,0,20,0,12.2,37,staircase1,no_load,0.0
1.310959,1.309714,wrist_roll,-50.0,-49.8901,-89.978,-89.7803,1026,0,20,0,12.3,37,staircase1,no_load,0.0
1.321805,1.32056,wrist_roll,-50.0,-49.8901,-89.978,-89.7803,1026,0,20,0,12.2,37,staircase1,no_load,0.0
1.332509,1.331264,wrist_roll,-50.0,-49.8901,-89.978,-89.7803,1026,0,20,0,12.2,37,staircase1,no_load,0.0
1.343368,1.342123,wrist_roll,-50.0,-49.8901,-89.978,-89.7803,1026,0,20,0,12.2,37,staircase1,no_load,0.0
1.353708,1.352463,wrist_roll,-50.0,-49.8901,-89.978,-89.7803,1026,0,20,0,12.2,37,staircase1,no_load,0.0
1.364026,1.362781,wrist_roll,-50.0,-49.8901,-89.978,-89.7803,1026,0,20,0,12.2,37,staircase1,no_load,0.0
1.375257,1.374012,wrist_roll,-50.0,-49.8901,-89.978,-89.7803,1026,0,20,0,12.2,37,staircase1,no_load,0.0
1.385931,1.384685,wrist_roll,-50.0,-49.8901,-89.978,-89.7803,1026,0,20,0,12.2,37,staircase1,no_load,0.0
1.397036,1.395791,wrist_roll,-50.0,-49.8901,-89.978,-89.7803,1026,0,20,0,12.3,37,staircase1,no_load,0.0
1.407819,1.406574,wrist_roll,-50.0,-49.8901,-89.978,-89.7803,1026,0,20,0,12.2,37,staircase1,no_load,0.0
1.418448,1.417203,wrist_roll,-50.0,-49.8901,-89.978,-89.7803,1026,0,20,0,12.2,37,staircase1,no_load,0.0
1.429268,1.428023,wrist_roll,-50.0,-49.8901,-89.978,-89.7803,1026,0,20,0,12.2,37,staircase1,no_load,0.0
1.439828,1.438583,wrist_roll,-50.0,-49.8901,-89.978,-89.7803,1026,0,20,0,12.2,37,staircase1,no_load,0.0
1.450675,1.44943,wrist_roll,-50.0,-49.8901,-89.978,-89.7803,1026,0,20,0,12.2,37,staircase1,no_load,0.0
1.461177,1.459932,wrist_roll,-50.0,-49.8901,-89.978,-89.7803,1026,0,20,0,12.2,37,staircase1,no_load,0.0
1.472002,1.470757,wrist_roll,-50.0,-49.8901,-89.978,-89.7803,1026,0,20,0,12.2,37,staircase1,no_load,0.0
1.482443,1.481197,wrist_roll,-50.0,-49.8901,-89.978,-89.7803,1026,0,20,0,12.2,37,staircase1,no_load,0.0
1.493045,1.4918,wrist_roll,-50.0,-49.8901,-89.978,-89.7803,1026,0,20,0,12.2,37,staircase1,no_load,0.0
1.503787,1.502542,wrist_roll,-50.0,-49.8901,-89.978,-89.7803,1026,0,20,0,12.2,37,staircase1,no_load,0.0
1.514374,1.513129,wrist_roll,-50.0,-49.8901,-89.978,-89.7803,1026,0,20,0,12.2,37,staircase1,no_load,0.0
1.524979,1.523734,wrist_roll,-50.0,-49.8901,-89.978,-89.7803,1026,0,20,0,12.2,37,staircase1,no_load,0.0
1.535424,1.534179,wrist_roll,-50.0,-49.8901,-89.978,-89.7803,1026,0,20,0,12.2,37,staircase1,no_load,0.0
1.545984,1.544739,wrist_roll,-50.0,-49.8901,-89.978,-89.7803,1026,0,20,0,12.2,37,staircase1,no_load,0.0
1.55667,1.555425,wrist_roll,-50.0,-49.8901,-89.978,-89.7803,1026,0,20,0,12.2,37,staircase1,no_load,0.0
1.567739,1.566494,wrist_roll,-50.0,-49.8901,-89.978,-89.7803,1026,0,20,0,12.2,37,staircase1,no_load,0.0
1.578377,1.577132,wrist_roll,-50.0,-49.8901,-89.978,-89.7803,1026,0,20,0,12.2,37,staircase1,no_load,0.0
1.589029,1.587784,wrist_roll,-50.0,-49.8901,-89.978,-89.7803,1026,0,20,1,12.2,37,staircase1,no_load,0.0
1.599342,1.598097,wrist_roll,-50.0,-49.8901,-89.978,-89.7803,1026,0,20,0,12.2,37,staircase1,no_load,0.0
1.611215,4e-06,wrist_roll,-37.5,-49.8901,-67.4835,-89.7803,1026,0,20,0,12.2,37,staircase1,no_load,0.0
1.621895,0.010684,wrist_roll,-37.5,-49.8901,-67.4835,-89.7803,1026,0,0,0,12.2,37,staircase1,no_load,0.0
1.632225,0.021014,wrist_roll,-37.5,-49.8901,-67.4835,-89.7803,1026,0,1068,1,12.2,37,staircase1,no_load,0.0
1.642687,0.031477,wrist_roll,-37.5,-49.8901,-67.4835,-89.7803,1026,0,1104,3,12.2,37,staircase1,no_load,0.0
1.654091,0.042881,wrist_roll,-37.5,-49.8413,-67.4835,-89.6924,1027,0,1188,7,12.2,37,staircase1,no_load,7.708
1.664487,0.053276,wrist_roll,-37.5,-49.7436,-67.4835,-89.5166,1029,0,1232,8,12.2,37,staircase1,no_load,16.91
1.674834,0.063623,wrist_roll,-37.5,-49.4994,-67.4835,-89.0771,1034,200,1304,17,12.2,37,staircase1,no_load,42.476
1.685569,0.074359,wrist_roll,-37.5,-49.2063,-67.4835,-88.5498,1040,550,1360,17,12.2,37,staircase1,no_load,49.12
1.696566,0.085356,wrist_roll,-37.5,-48.7668,-67.4835,-87.7588,1049,550,1412,19,12.2,37,staircase1,no_load,71.929
1.706793,0.095583,wrist_roll,-37.5,-48.1807,-67.4835,-86.7041,1061,950,1468,20,12.1,38,staircase1,no_load,103.129
1.71752,0.10631,wrist_roll,-37.5,-47.5946,-67.4835,-85.6494,1073,950,1540,27,12.2,37,staircase1,no_load,98.322
1.728526,0.117316,wrist_roll,-37.5,-46.862,-67.4835,-84.3311,1088,1150,1576,21,12.1,37,staircase1,no_load,119.78
1.739456,0.128245,wrist_roll,-37.5,-45.9829,-67.4835,-82.749,1106,1150,1560,13,12.2,37,staircase1,no_load,144.748
1.749826,0.138615,wrist_roll,-37.5,-45.1038,-67.4835,-81.167,1124,1650,1560,0,12.2,37,staircase1,no_load,152.555
1.760914,0.149703,wrist_roll,-37.5,-44.2247,-67.4835,-79.585,1142,1650,1472,0,12.2,37,staircase1,no_load,142.677
1.771077,0.159866,wrist_roll,-37.5,-43.3455,-67.4835,-78.0029,1160,1700,1416,0,12.3,37,staircase1,no_load,155.673
1.781162,0.169952,wrist_roll,-37.5,-42.6129,-67.4835,-76.6846,1175,1700,1388,0,12.2,37,staircase1,no_load,130.719
1.791683,0.180472,wrist_roll,-37.5,-41.8803,-67.4835,-75.3662,1190,1550,1332,0,12.2,37,staircase1,no_load,125.311
1.802313,0.191103,wrist_roll,-37.5,-41.2454,-67.4835,-74.2236,1203,1550,1280,0,12.3,37,staircase1,no_load,107.488
1.812947,0.201737,wrist_roll,-37.5,-40.6593,-67.4835,-73.1689,1215,1250,1208,0,12.2,37,staircase1,no_load,99.182
1.823084,0.211874,wrist_roll,-37.5,-40.2686,-67.4835,-72.4658,1223,1250,1176,0,12.2,37,staircase1,no_load,69.36
1.833681,0.222471,wrist_roll,-37.5,-39.8779,-67.4835,-71.7627,1231,900,1164,0,12.2,38,staircase1,no_load,66.349
1.844256,0.233046,wrist_roll,-37.5,-39.5849,-67.4835,-71.2354,1237,650,1136,0,12.2,37,staircase1,no_load,49.863
1.855133,0.243922,wrist_roll,-37.5,-39.3407,-67.4835,-70.7959,1242,650,1144,1,12.2,37,staircase1,no_load,40.406
1.865608,0.254397,wrist_roll,-37.5,-39.1453,-67.4835,-70.4443,1246,450,1128,1,12.3,37,staircase1,no_load,33.566
1.876437,0.265227,wrist_roll,-37.5,-38.9499,-67.4835,-70.0928,1250,450,1124,1,12.2,37,staircase1,no_load,32.459
1.887052,0.275842,wrist_roll,-37.5,-38.8034,-67.4835,-69.8291,1253,350,1108,0,12.2,37,staircase1,no_load,24.842
1.897683,0.286473,wrist_roll,-37.5,-38.6081,-67.4835,-69.4775,1257,350,1104,0,12.2,39,staircase1,no_load,33.073
1.908214,0.297003,wrist_roll,-37.5,-38.5104,-67.4835,-69.3018,1259,250,1092,0,12.2,37,staircase1,no_load,16.684
1.918472,0.307261,wrist_roll,-37.5,-38.4127,-67.4835,-69.126,1261,250,1084,0,12.2,37,staircase1,no_load,17.138
1.92913,0.31792,wrist_roll,-37.5,-38.315,-67.4835,-68.9502,1263,250,1084,1,12.2,37,staircase1,no_load,16.495
1.939735,0.328524,wrist_roll,-37.5,-38.2173,-67.4835,-68.7744,1265,250,1076,0,12.2,37,staircase1,no_load,16.577
1.950611,0.339401,wrist_roll,-37.5,-38.1197,-67.4835,-68.5986,1267,150,1076,1,12.2,37,staircase1,no_load,16.164
1.961742,0.350532,wrist_roll,-37.5,-38.0708,-67.4835,-68.5107,1268,150,1068,0,12.2,37,staircase1,no_load,7.897
1.972405,0.361194,wrist_roll,-37.5,-37.9731,-67.4835,-68.335,1270,150,1068,0,12.2,37,staircase1,no_load,16.478
1.983235,0.372025,wrist_roll,-37.5,-37.9243,-67.4835,-68.2471,1271,100,1064,0,12.3,37,staircase1,no_load,8.116
1.993924,0.382714,wrist_roll,-37.5,-37.8755,-67.4835,-68.1592,1272,100,1056,0,12.2,37,staircase1,no_load,8.223
2.004687,0.393477,wrist_roll,-37.5,-37.8266,-67.4835,-68.0713,1273,100,1052,0,12.2,37,staircase1,no_load,8.167
2.015433,0.404222,wrist_roll,-37.5,-37.8266,-67.4835,-68.0713,1273,100,1060,0,12.2,37,staircase1,no_load,0.0
2.026015,0.414805,wrist_roll,-37.5,-37.8266,-67.4835,-68.0713,1273,0,1060,1,12.2,37,staircase1,no_load,0.0
2.036549,0.425339,wrist_roll,-37.5,-37.8266,-67.4835,-68.0713,1273,0,1064,1,12.2,37,staircase1,no_load,0.0
2.047364,0.436154,wrist_roll,-37.5,-37.8266,-67.4835,-68.0713,1273,0,1064,1,12.2,37,staircase1,no_load,0.0
2.058784,0.447574,wrist_roll,-37.5,-37.8266,-67.4835,-68.0713,1273,0,1064,1,12.2,37,staircase1,no_load,0.0
2.069718,0.458508,wrist_roll,-37.5,-37.8266,-67.4835,-68.0713,1273,0,1064,1,12.2,37,staircase1,no_load,0.0
2.080518,0.469307,wrist_roll,-37.5,-37.8266,-67.4835,-68.0713,1273,0,1064,1,12.2,37,staircase1,no_load,0.0
2.09119,0.479979,wrist_roll,-37.5,-37.8266,-67.4835,-68.0713,1273,0,1064,1,12.2,37,staircase1,no_load,0.0
2.102002,0.490792,wrist_roll,-37.5,-37.8266,-67.4835,-68.0713,1273,0,1064,1,12.2,37,staircase1,no_load,0.0
2.112155,0.500945,wrist_roll,-37.5,-37.8266,-67.4835,-68.0713,1273,0,1064,1,12.2,37,staircase1,no_load,0.0
2.122782,0.511572,wrist_roll,-37.5,-37.8266,-67.4835,-68.0713,1273,0,1064,1,12.2,37,staircase1,no_load,0.0
2.132932,0.521721,wrist_roll,-37.5,-37.8266,-67.4835,-68.0713,1273,0,1064,1,12.3,37,staircase1,no_load,0.0
2.1438,0.532589,wrist_roll,-37.5,-37.8266,-67.4835,-68.0713,1273,0,1064,1,12.2,37,staircase1,no_load,0.0
2.154414,0.543204,wrist_roll,-37.5,-37.8266,-67.4835,-68.0713,1273,0,1064,1,12.2,37,staircase1,no_load,0.0
2.165542,0.554331,wrist_roll,-37.5,-37.8266,-67.4835,-68.0713,1273,0,1064,1,12.2,37,staircase1,no_load,0.0
2.176205,0.564995,wrist_roll,-37.5,-37.8266,-67.4835,-68.0713,1273,0,1064,1,12.2,37,staircase1,no_load,0.0
2.186839,0.575628,wrist_roll,-37.5,-37.8266,-67.4835,-68.0713,1273,0,1064,1,12.2,37,staircase1,no_load,0.0
2.197448,0.586238,wrist_roll,-37.5,-37.8266,-67.4835,-68.0713,1273,0,1064,1,12.2,37,staircase1,no_load,0.0
2.208367,0.597157,wrist_roll,-37.5,-37.8266,-67.4835,-68.0713,1273,0,1064,1,12.2,37,staircase1,no_load,0.0
2.219044,0.607834,wrist_roll,-37.5,-37.8266,-67.4835,-68.0713,1273,0,1064,1,12.2,37,staircase1,no_load,0.0
2.230012,0.618801,wrist_roll,-37.5,-37.8266,-67.4835,-68.0713,1273,0,1064,1,12.3,37,staircase1,no_load,0.0
2.240253,0.629043,wrist_roll,-37.5,-37.8266,-67.4835,-68.0713,1273,0,1064,0,12.2,37,staircase1,no_load,0.0
2.250594,0.639384,wrist_roll,-37.5,-37.8266,-67.4835,-68.0713,1273,0,1064,1,12.2,37,staircase1,no_load,0.0
2.261228,0.650018,wrist_roll,-37.5,-37.8266,-67.4835,-68.0713,1273,0,1064,0,12.2,37,staircase1,no_load,0.0
2.272161,0.660951,wrist_roll,-37.5,-37.8266,-67.4835,-68.0713,1273,0,1064,0,12.2,37,staircase1,no_load,0.0
2.282921,0.67171,wrist_roll,-37.5,-37.8266,-67.4835,-68.0713,1273,0,1064,1,12.2,37,staircase1,no_load,0.0
2.293556,0.682346,wrist_roll,-37.5,-37.8266,-67.4835,-68.0713,1273,0,1064,1,12.2,37,staircase1,no_load,0.0
2.304165,0.692955,wrist_roll,-37.5,-37.8266,-67.4835,-68.0713,1273,0,1064,1,12.2,37,staircase1,no_load,0.0
2.314696,0.703486,wrist_roll,-37.5,-37.8266,-67.4835,-68.0713,1273,0,1064,0,12.3,37,staircase1,no_load,0.0
2.325067,0.713857,wrist_roll,-37.5,-37.8266,-67.4835,-68.0713,1273,0,1064,1,12.2,37,staircase1,no_load,0.0
2.335504,0.724293,wrist_roll,-37.5,-37.8266,-67.4835,-68.0713,1273,0,1064,1,12.2,37,staircase1,no_load,0.0
2.346346,0.735135,wrist_roll,-37.5,-37.8266,-67.4835,-68.0713,1273,0,1064,1,12.2,37,staircase1,no_load,0.0
2.357022,0.745812,wrist_roll,-37.5,-37.8266,-67.4835,-68.0713,1273,0,1064,2,12.2,42,staircase1,no_load,0.0
2.367986,0.756776,wrist_roll,-37.5,-37.8266,-67.4835,-68.0713,1273,0,1064,1,12.2,37,staircase1,no_load,0.0
2.37864,0.767429,wrist_roll,-37.5,-37.8266,-67.4835,-68.0713,1273,0,1064,1,12.2,37,staircase1,no_load,0.0
2.38915,0.777939,wrist_roll,-37.5,-37.8266,-67.4835,-68.0713,1273,0,1064,1,12.2,37,staircase1,no_load,0.0
2.399378,0.788167,wrist_roll,-37.5,-37.8266,-67.4835,-68.0713,1273,0,1064,1,12.2,37,staircase1,no_load,0.0
2.410007,0.798797,wrist_roll,-37.5,-37.8266,-67.4835,-68.0713,1273,0,1064,0,12.2,37,staircase1,no_load,0.0
2.420631,0.80942,wrist_roll,-37.5,-37.8266,-67.4835,-68.0713,1273,0,1064,1,12.3,37,staircase1,no_load,0.0
2.430953,0.819742,wrist_roll,-37.5,-37.8266,-67.4835,-68.0713,1273,0,1064,0,12.3,37,staircase1,no_load,0.0
2.441448,0.830238,wrist_roll,-37.5,-37.8266,-67.4835,-68.0713,1273,0,1064,1,12.2,37,staircase1,no_load,0.0
2.452107,0.840897,wrist_roll,-37.5,-37.8266,-67.4835,-68.0713,1273,0,1064,0,12.2,37,staircase1,no_load,0.0
2.462829,0.851618,wrist_roll,-37.5,-37.8266,-67.4835,-68.0713,1273,0,1064,1,12.2,37,staircase1,no_load,0.0
2.473412,0.862201,wrist_roll,-37.5,-37.8266,-67.4835,-68.0713,1273,0,1064,1,12.2,37,staircase1,no_load,0.0
2.484105,0.872895,wrist_roll,-37.5,-37.8266,-67.4835,-68.0713,1273,0,1064,1,12.2,37,staircase1,no_load,0.0
2.494725,0.883514,wrist_roll,-37.5,-37.8266,-67.4835,-68.0713,1273,0,1064,1,12.2,37,staircase1,no_load,0.0
2.505451,0.894241,wrist_roll,-37.5,-37.8266,-67.4835,-68.0713,1273,0,1064,1,12.2,37,staircase1,no_load,0.0
2.515688,0.904478,wrist_roll,-37.5,-37.8266,-67.4835,-68.0713,1273,0,1064,1,12.2,37,staircase1,no_load,0.0
2.526735,0.915525,wrist_roll,-37.5,-37.8266,-67.4835,-68.0713,1273,0,1064,1,12.2,37,staircase1,no_load,0.0
2.53809,0.926879,wrist_roll,-37.5,-37.8266,-67.4835,-68.0713,1273,0,1064,1,12.2,37,staircase1,no_load,0.0
2.549082,0.937872,wrist_roll,-37.5,-37.8266,-67.4835,-68.0713,1273,0,1064,0,12.2,37,staircase1,no_load,0.0
2.559763,0.948553,wrist_roll,-37.5,-37.8266,-67.4835,-68.0713,1273,0,1064,1,12.2,37,staircase1,no_load,0.0
2.570305,0.959095,wrist_roll,-37.5,-37.8266,-67.4835,-68.0713,1273,0,1064,1,12.2,37,staircase1,no_load,0.0
2.58135,0.97014,wrist_roll,-37.5,-37.8266,-67.4835,-68.0713,1273,0,1064,1,12.2,37,staircase1,no_load,0.0
2.592166,0.980956,wrist_roll,-37.5,-37.8266,-67.4835,-68.0713,1273,0,1064,1,12.2,37,staircase1,no_load,0.0
2.602836,0.991625,wrist_roll,-37.5,-37.8266,-67.4835,-68.0713,1273,0,1064,1,12.2,37,staircase1,no_load,0.0
2.613887,1.002676,wrist_roll,-37.5,-37.7778,-67.4835,-67.9834,1274,0,1060,0,12.2,37,staircase1,no_load,7.954
2.624604,1.013394,wrist_roll,-37.5,-37.7289,-67.4835,-67.8955,1275,50,1052,0,12.2,37,staircase1,no_load,8.202
2.635256,1.024046,wrist_roll,-37.5,-37.7289,-67.4835,-67.8955,1275,50,1052,1,12.2,37,staircase1,no_load,0.0
2.646152,1.034942,wrist_roll,-37.5,-37.6801,-67.4835,-67.8076,1276,50,1048,0,12.2,37,staircase1,no_load,8.067
2.656583,1.045373,wrist_roll,-37.5,-37.6313,-67.4835,-67.7197,1277,100,1044,0,12.2,37,staircase1,no_load,8.427
2.667533,1.056323,wrist_roll,-37.5,-37.6313,-67.4835,-67.7197,1277,100,0,0,12.2,37,staircase1,no_load,0.0
2.677954,1.066744,wrist_roll,-37.5,-37.6313,-67.4835,-67.7197,1277,0,0,0,12.2,37,staircase1,no_load,0.0
2.688754,1.077544,wrist_roll,-37.5,-37.6313,-67.4835,-67.7197,1277,0,1048,0,12.2,37,staircase1,no_load,0.0
2.699335,1.088125,wrist_roll,-37.5,-37.6313,-67.4835,-67.7197,1277,0,1048,0,12.2,37,staircase1,no_load,0.0
2.709843,1.098633,wrist_roll,-37.5,-37.6313,-67.4835,-67.7197,1277,0,1048,0,12.2,37,staircase1,no_load,0.0
2.720453,1.109242,wrist_roll,-37.5,-37.6313,-67.4835,-67.7197,1277,0,1048,0,12.2,37,staircase1,no_load,0.0
2.731463,1.120253,wrist_roll,-37.5,-37.6313,-67.4835,-67.7197,1277,0,1048,0,12.2,37,staircase1,no_load,0.0
2.741691,1.13048,wrist_roll,-37.5,-37.6313,-67.4835,-67.7197,1277,0,1048,0,12.2,37,staircase1,no_load,0.0
2.752678,1.141467,wrist_roll,-37.5,-37.6313,-67.4835,-67.7197,1277,0,1048,0,12.3,37,staircase1,no_load,0.0
2.763362,1.152151,wrist_roll,-37.5,-37.6313,-67.4835,-67.7197,1277,0,1048,0,12.3,37,staircase1,no_load,0.0
2.773513,1.162303,wrist_roll,-37.5,-37.6313,-67.4835,-67.7197,1277,0,1048,0,12.2,37,staircase1,no_load,0.0
2.783972,1.172762,wrist_roll,-37.5,-37.6313,-67.4835,-67.7197,1277,0,1048,0,12.2,45,staircase1,no_load,0.0
2.794491,1.18328,wrist_roll,-37.5,-37.6313,-67.4835,-67.7197,1277,0,1048,1,12.2,37,staircase1,no_load,0.0
2.805142,1.193932,wrist_roll,-37.5,-37.6313,-67.4835,-67.7197,1277,0,1048,0,12.2,37,staircase1,no_load,0.0
2.81565,1.204439,wrist_roll,-37.5,-37.6313,-67.4835,-67.7197,1277,0,1048,0,12.2,37,staircase1,no_load,0.0
2.826125,1.214914,wrist_roll,-37.5,-37.6313,-67.4835,-67.7197,1277,0,1048,1,12.3,37,staircase1,no_load,0.0
2.836746,1.225536,wrist_roll,-37.5,-37.6313,-67.4835,-67.7197,1277,0,1048,0,12.2,37,staircase1,no_load,0.0
2.846962,1.235752,wrist_roll,-37.5,-37.6313,-67.4835,-67.7197,1277,0,1048,0,12.3,37,staircase1,no_load,0.0
2.857276,1.246066,wrist_roll,-37.5,-37.6313,-67.4835,-67.7197,1277,0,1048,1,12.2,37,staircase1,no_load,0.0
2.867575,1.256365,wrist_roll,-37.5,-37.6313,-67.4835,-67.7197,1277,0,1048,0,12.3,37,staircase1,no_load,0.0
2.877744,1.266534,wrist_roll,-37.5,-37.6313,-67.4835,-67.7197,1277,0,1048,1,12.2,37,staircase1,no_load,0.0
2.888193,1.276982,wrist_roll,-37.5,-37.6313,-67.4835,-67.7197,1277,0,1048,0,12.2,37,staircase1,no_load,0.0
2.898484,1.287274,wrist_roll,-37.5,-37.6313,-67.4835,-67.7197,1277,0,1048,0,12.2,37,staircase1,no_load,0.0
2.909272,1.298062,wrist_roll,-37.5,-37.6313,-67.4835,-67.7197,1277,0,1048,0,12.2,37,staircase1,no_load,0.0
2.919665,1.308455,wrist_roll,-37.5,-37.6313,-67.4835,-67.7197,1277,0,1048,0,12.2,37,staircase1,no_load,0.0
2.930278,1.319067,wrist_roll,-37.5,-37.6313,-67.4835,-67.7197,1277,0,1048,0,12.2,37,staircase1,no_load,0.0
2.940617,1.329407,wrist_roll,-37.5,-37.6313,-67.4835,-67.7197,1277,0,1048,0,12.2,37,staircase1,no_load,0.0
2.951551,1.340341,wrist_roll,-37.5,-37.6313,-67.4835,-67.7197,1277,0,1048,0,12.2,37,staircase1,no_load,0.0
2.962218,1.351008,wrist_roll,-37.5,-37.6313,-67.4835,-67.7197,1277,0,1048,0,12.2,37,staircase1,no_load,0.0
2.973587,1.362377,wrist_roll,-37.5,-37.6313,-67.4835,-67.7197,1277,0,1048,1,12.2,37,staircase1,no_load,0.0
2.984012,1.372801,wrist_roll,-37.5,-37.6313,-67.4835,-67.7197,1277,0,1048,0,12.2,37,staircase1,no_load,0.0
2.994714,1.383503,wrist_roll,-37.5,-37.6313,-67.4835,-67.7197,1277,0,1048,0,12.2,37,staircase1,no_load,0.0
3.005391,1.39418,wrist_roll,-37.5,-37.6313,-67.4835,-67.7197,1277,0,1048,0,12.2,37,staircase1,no_load,0.0
3.015702,1.404491,wrist_roll,-37.5,-37.6313,-67.4835,-67.7197,1277,0,1048,0,12.2,37,staircase1,no_load,0.0
3.026425,1.415214,wrist_roll,-37.5,-37.6313,-67.4835,-67.7197,1277,0,1048,0,12.2,37,staircase1,no_load,0.0
3.037423,1.426213,wrist_roll,-37.5,-37.6313,-67.4835,-67.7197,1277,0,1048,0,12.2,37,staircase1,no_load,0.0
3.047749,1.436539,wrist_roll,-37.5,-37.6313,-67.4835,-67.7197,1277,0,1048,1,12.3,37,staircase1,no_load,0.0
3.058351,1.447141,wrist_roll,-37.5,-37.6313,-67.4835,-67.7197,1277,0,1048,0,12.2,37,staircase1,no_load,0.0
3.069146,1.457935,wrist_roll,-37.5,-37.6313,-67.4835,-67.7197,1277,0,1048,0,12.2,37,staircase1,no_load,0.0
3.079334,1.468124,wrist_roll,-37.5,-37.6313,-67.4835,-67.7197,1277,0,1048,0,12.2,37,staircase1,no_load,0.0
3.090162,1.478951,wrist_roll,-37.5,-37.6313,-67.4835,-67.7197,1277,0,1048,0,12.2,37,staircase1,no_load,0.0
3.100877,1.489666,wrist_roll,-37.5,-37.6313,-67.4835,-67.7197,1277,0,1048,0,12.2,37,staircase1,no_load,0.0
3.111769,1.500559,wrist_roll,-37.5,-37.6313,-67.4835,-67.7197,1277,0,1048,0,12.2,37,staircase1,no_load,0.0
3.122526,1.511315,wrist_roll,-37.5,-37.6313,-67.4835,-67.7197,1277,0,1048,0,12.2,37,staircase1,no_load,0.0
3.133231,1.522021,wrist_roll,-37.5,-37.6313,-67.4835,-67.7197,1277,0,1048,0,12.2,37,staircase1,no_load,0.0
3.144459,1.533249,wrist_roll,-37.5,-37.6313,-67.4835,-67.7197,1277,0,1048,0,12.2,37,staircase1,no_load,0.0
3.154819,1.543608,wrist_roll,-37.5,-37.6313,-67.4835,-67.7197,1277,0,1048,0,12.2,37,staircase1,no_load,0.0
3.165959,1.554748,wrist_roll,-37.5,-37.6313,-67.4835,-67.7197,1277,0,1048,0,12.2,37,staircase1,no_load,0.0
3.17672,1.56551,wrist_roll,-37.5,-37.6313,-67.4835,-67.7197,1277,0,1048,0,12.2,37,staircase1,no_load,0.0
3.188041,1.576831,wrist_roll,-37.5,-37.6313,-67.4835,-67.7197,1277,0,1048,0,12.2,37,staircase1,no_load,0.0
3.198362,1.587151,wrist_roll,-37.5,-37.6313,-67.4835,-67.7197,1277,0,1048,1,12.2,37,staircase1,no_load,0.0
3.209131,1.59792,wrist_roll,-37.5,-37.6313,-67.4835,-67.7197,1277,0,1048,0,12.2,37,staircase1,no_load,0.0
3.221184,5e-06,wrist_roll,-25.0,-37.6313,-44.989,-67.7197,1277,0,1048,0,12.2,37,staircase1,no_load,0.0
3.231835,0.010656,wrist_roll,-25.0,-37.6313,-44.989,-67.7197,1277,0,1056,1,12.2,37,staircase1,no_load,0.0
3.242604,0.021425,wrist_roll,-25.0,-37.6313,-44.989,-67.7197,1277,0,1088,2,12.2,37,staircase1,no_load,0.0
3.253111,0.031933,wrist_roll,-25.0,-37.6313,-44.989,-67.7197,1277,0,1120,5,12.2,37,staircase1,no_load,0.0
3.263829,0.04265,wrist_roll,-25.0,-37.5336,-44.989,-67.5439,1279,0,1196,6,12.2,37,staircase1,no_load,16.402
3.274418,0.05324,wrist_roll,-25.0,-37.3871,-44.989,-67.2803,1282,150,1272,12,12.1,37,staircase1,no_load,24.894
3.285759,0.06458,wrist_roll,-25.0,-37.1917,-44.989,-66.9287,1286,150,1324,13,12.2,37,staircase1,no_load,31.003
3.296091,0.074912,wrist_roll,-25.0,-36.9475,-44.989,-66.4893,1291,400,1396,24,12.2,37,staircase1,no_load,42.528
3.306807,0.085628,wrist_roll,-25.0,-36.4103,-44.989,-65.5225,1302,400,1444,21,12.1,37,staircase1,no_load,90.22
3.317841,0.096662,wrist_roll,-25.0,-35.8242,-44.989,-64.4678,1314,850,1492,22,12.2,37,staircase1,no_load,95.586
3.328266,0.107088,wrist_roll,-25.0,-35.0916,-44.989,-63.1494,1329,1250,1536,22,12.2,37,staircase1,no_load,126.465
3.339027,0.117849,wrist_roll,-25.0,-34.3101,-44.989,-61.7432,1345,1250,1560,19,12.2,37,staircase1,no_load,130.676
3.349418,0.12824,wrist_roll,-25.0,-33.4799,-44.989,-60.249,1362,1600,1568,16,12.2,37,staircase1,no_load,143.798
3.359681,0.138503,wrist_roll,-25.0,-32.5519,-44.989,-58.5791,1381,1600,1500,1,12.2,37,staircase1,no_load,162.711
3.370016,0.148838,wrist_roll,-25.0,-31.6728,-44.989,-56.9971,1399,1750,1480,0,12.2,37,staircase1,no_load,153.072
3.380369,0.15919,wrist_roll,-25.0,-30.8425,-44.989,-55.5029,1416,1750,1404,0,12.2,37,staircase1,no_load,144.325
3.391199,0.170021,wrist_roll,-25.0,-30.0122,-44.989,-54.0088,1433,1650,1376,0,12.2,37,staircase1,no_load,137.959
3.401946,0.180767,wrist_roll,-25.0,-29.3284,-44.989,-52.7783,1447,1650,1328,0,12.3,37,staircase1,no_load,114.497
3.41251,0.191332,wrist_roll,-25.0,-28.6935,-44.989,-51.6357,1460,1300,1252,0,12.2,37,staircase1,no_load,108.16
3.423218,0.202039,wrist_roll,-25.0,-28.1074,-44.989,-50.5811,1472,1300,1208,0,12.2,37,staircase1,no_load,98.487
3.434214,0.213035,wrist_roll,-25.0,-27.619,-44.989,-49.7021,1482,1050,1168,0,12.2,37,staircase1,no_load,79.938
3.444736,0.223557,wrist_roll,-25.0,-27.326,-44.989,-49.1748,1488,1050,1144,0,12.2,37,staircase1,no_load,50.114
3.455393,0.234215,wrist_roll,-25.0,-27.033,-44.989,-48.6475,1494,700,1152,1,12.2,37,staircase1,no_load,49.479
3.466118,0.24494,wrist_roll,-25.0,-26.7888,-44.989,-48.208,1499,700,1132,1,12.2,37,staircase1,no_load,40.979
3.476665,0.255486,wrist_roll,-25.0,-26.5934,-44.989,-47.8564,1503,450,1136,1,12.2,72,staircase1,no_load,33.336
3.486965,0.265787,wrist_roll,-25.0,-26.4469,-44.989,-47.5928,1506,300,1120,1,12.2,37,staircase1,no_load,25.592
3.497195,0.276016,wrist_roll,-25.0,-26.3492,-44.989,-47.417,1508,300,1120,1,12.2,37,staircase1,no_load,17.185
3.507718,0.28654,wrist_roll,-25.0,-26.2027,-44.989,-47.1533,1511,250,1108,1,12.2,37,staircase1,no_load,25.059
3.518666,0.297488,wrist_roll,-25.0,-26.0562,-44.989,-46.8896,1514,250,1104,1,12.2,37,staircase1,no_load,24.087
3.529068,0.307889,wrist_roll,-25.0,-25.9096,-44.989,-46.626,1517,250,1092,1,12.2,37,staircase1,no_load,25.341
3.539359,0.318181,wrist_roll,-25.0,-25.812,-44.989,-46.4502,1519,250,1088,0,12.3,37,staircase1,no_load,17.083
3.550531,0.329353,wrist_roll,-25.0,-25.7143,-44.989,-46.2744,1521,200,1080,0,12.2,37,staircase1,no_load,15.736
3.560966,0.339787,wrist_roll,-25.0,-25.6166,-44.989,-46.0986,1523,200,1072,0,12.2,37,staircase1,no_load,16.847
3.571534,0.350355,wrist_roll,-25.0,-25.5678,-44.989,-46.0107,1524,150,1068,1,12.2,37,staircase1,no_load,8.318
3.58228,0.361101,wrist_roll,-25.0,-25.4701,-44.989,-45.835,1526,150,1064,0,12.2,37,staircase1,no_load,16.35
3.593456,0.372277,wrist_roll,-25.0,-25.4212,-44.989,-45.7471,1527,150,1060,1,12.2,37,staircase1,no_load,7.865
3.603728,0.382549,wrist_roll,-25.0,-25.4212,-44.989,-45.7471,1527,150,1060,0,12.2,37,staircase1,no_load,0.0
3.614727,0.393548,wrist_roll,-25.0,-25.3724,-44.989,-45.6592,1528,50,1064,0,12.2,37,staircase1,no_load,7.992
3.625034,0.403856,wrist_roll,-25.0,-25.3236,-44.989,-45.5713,1529,100,1060,0,12.2,37,staircase1,no_load,8.528
3.635503,0.414325,wrist_roll,-25.0,-25.3236,-44.989,-45.5713,1529,100,1056,0,12.3,37,staircase1,no_load,0.0
3.646242,0.425063,wrist_roll,-25.0,-25.2747,-44.989,-45.4834,1530,50,1052,0,12.2,37,staircase1,no_load,8.185
3.657015,0.435836,wrist_roll,-25.0,-25.2259,-44.989,-45.3955,1531,50,1048,0,12.2,37,staircase1,no_load,8.159
3.667793,0.446615,wrist_roll,-25.0,-25.2259,-44.989,-45.3955,1531,50,1044,0,12.2,37,staircase1,no_load,0.0
3.678117,0.456939,wrist_roll,-25.0,-25.177,-44.989,-45.3076,1532,50,1048,0,12.2,37,staircase1,no_load,8.514
3.688816,0.467637,wrist_roll,-25.0,-25.177,-44.989,-45.3076,1532,50,1048,0,12.3,37,staircase1,no_load,0.0
3.69947,0.478292,wrist_roll,-25.0,-25.177,-44.989,-45.3076,1532,50,1052,1,12.2,37,staircase1,no_load,0.0
3.710134,0.488955,wrist_roll,-25.0,-25.177,-44.989,-45.3076,1532,0,1052,0,12.3,37,staircase1,no_load,0.0
3.720929,0.499751,wrist_roll,-25.0,-25.177,-44.989,-45.3076,1532,0,1052,0,12.2,37,staircase1,no_load,0.0
3.731734,0.510555,wrist_roll,-25.0,-25.177,-44.989,-45.3076,1532,0,1052,1,12.2,40,staircase1,no_load,0.0
3.742201,0.521023,wrist_roll,-25.0,-25.177,-44.989,-45.3076,1532,0,1052,0,12.2,37,staircase1,no_load,0.0
3.753075,0.531897,wrist_roll,-25.0,-25.177,-44.989,-45.3076,1532,0,1052,0,12.2,37,staircase1,no_load,0.0
3.763199,0.54202,wrist_roll,-25.0,-25.177,-44.989,-45.3076,1532,0,1052,0,12.2,37,staircase1,no_load,0.0
3.774063,0.552884,wrist_roll,-25.0,-25.177,-44.989,-45.3076,1532,0,1052,1,12.2,37,staircase1,no_load,0.0
3.784296,0.563117,wrist_roll,-25.0,-25.177,-44.989,-45.3076,1532,0,1052,1,12.2,37,staircase1,no_load,0.0
3.794605,0.573427,wrist_roll,-25.0,-25.177,-44.989,-45.3076,1532,0,1052,0,12.2,37,staircase1,no_load,0.0
3.80563,0.584452,wrist_roll,-25.0,-25.177,-44.989,-45.3076,1532,0,1052,0,12.3,37,staircase1,no_load,0.0
3.816718,0.595539,wrist_roll,-25.0,-25.177,-44.989,-45.3076,1532,0,1052,0,12.2,37,staircase1,no_load,0.0
3.827866,0.606687,wrist_roll,-25.0,-25.177,-44.989,-45.3076,1532,0,1052,0,12.2,37,staircase1,no_load,0.0
3.838676,0.617497,wrist_roll,-25.0,-25.177,-44.989,-45.3076,1532,0,1052,0,12.2,37,staircase1,no_load,0.0
3.849071,0.627893,wrist_roll,-25.0,-25.177,-44.989,-45.3076,1532,0,1052,0,12.2,37,staircase1,no_load,0.0
3.859443,0.638264,wrist_roll,-25.0,-25.177,-44.989,-45.3076,1532,0,1052,0,12.2,37,staircase1,no_load,0.0
3.869986,0.648808,wrist_roll,-25.0,-25.177,-44.989,-45.3076,1532,0,1052,0,12.2,37,staircase1,no_load,0.0
3.880326,0.659147,wrist_roll,-25.0,-25.177,-44.989,-45.3076,1532,0,1052,0,12.2,37,staircase1,no_load,0.0
3.890856,0.669678,wrist_roll,-25.0,-25.177,-44.989,-45.3076,1532,0,1052,0,12.2,37,staircase1,no_load,0.0
3.901309,0.68013,wrist_roll,-25.0,-25.177,-44.989,-45.3076,1532,0,1052,0,12.3,37,staircase1,no_load,0.0
3.911649,0.69047,wrist_roll,-25.0,-25.177,-44.989,-45.3076,1532,0,1052,1,12.2,37,staircase1,no_load,0.0
3.922026,0.700847,wrist_roll,-25.0,-25.177,-44.989,-45.3076,1532,0,1052,0,12.3,37,staircase1,no_load,0.0
3.933164,0.711985,wrist_roll,-25.0,-25.177,-44.989,-45.3076,1532,0,1052,0,12.2,37,staircase1,no_load,0.0
3.943531,0.722353,wrist_roll,-25.0,-25.177,-44.989,-45.3076,1532,0,1052,1,12.2,37,staircase1,no_load,0.0
3.954134,0.732955,wrist_roll,-25.0,-25.177,-44.989,-45.3076,1532,0,1052,1,12.2,37,staircase1,no_load,0.0
3.965297,0.744119,wrist_roll,-25.0,-25.177,-44.989,-45.3076,1532,0,1052,1,12.2,37,staircase1,no_load,0.0
3.976268,0.75509,wrist_roll,-25.0,-25.177,-44.989,-45.3076,1532,0,1052,0,12.2,37,staircase1,no_load,0.0
3.98695,0.765772,wrist_roll,-25.0,-25.177,-44.989,-45.3076,1532,0,1052,1,12.2,37,staircase1,no_load,0.0
3.99766,0.776482,wrist_roll,-25.0,-25.177,-44.989,-45.3076,1532,0,1052,0,12.2,37,staircase1,no_load,0.0
4.007928,0.78675,wrist_roll,-25.0,-25.177,-44.989,-45.3076,1532,0,1052,1,12.2,37,staircase1,no_load,0.0
4.018663,0.797484,wrist_roll,-25.0,-25.177,-44.989,-45.3076,1532,0,1052,1,12.2,37,staircase1,no_load,0.0
4.029666,0.808487,wrist_roll,-25.0,-25.177,-44.989,-45.3076,1532,0,1052,0,12.2,37,staircase1,no_load,0.0
4.040135,0.818956,wrist_roll,-25.0,-25.177,-44.989,-45.3076,1532,0,1052,0,12.2,37,staircase1,no_load,0.0
4.050827,0.829649,wrist_roll,-25.0,-25.177,-44.989,-45.3076,1532,0,1052,0,12.2,37,staircase1,no_load,0.0
4.061556,0.840377,wrist_roll,-25.0,-25.177,-44.989,-45.3076,1532,0,1052,1,12.2,37,staircase1,no_load,0.0
4.072475,0.851297,wrist_roll,-25.0,-25.177,-44.989,-45.3076,1532,0,1052,0,12.2,37,staircase1,no_load,0.0
4.082696,0.861517,wrist_roll,-25.0,-25.177,-44.989,-45.3076,1532,0,1052,0,12.2,37,staircase1,no_load,0.0
4.092977,0.871798,wrist_roll,-25.0,-25.177,-44.989,-45.3076,1532,0,1052,0,12.2,37,staircase1,no_load,0.0
4.103951,0.882772,wrist_roll,-25.0,-25.177,-44.989,-45.3076,1532,0,1052,0,12.2,37,staircase1,no_load,0.0
4.114628,0.89345,wrist_roll,-25.0,-25.177,-44.989,-45.3076,1532,0,1052,0,12.2,37,staircase1,no_load,0.0
4.125524,0.904345,wrist_roll,-25.0,-25.177,-44.989,-45.3076,1532,0,1052,0,12.2,37,staircase1,no_load,0.0
4.135813,0.914634,wrist_roll,-25.0,-25.177,-44.989,-45.3076,1532,0,1052,0,12.3,37,staircase1,no_load,0.0
4.14621,0.925031,wrist_roll,-25.0,-25.177,-44.989,-45.3076,1532,0,1052,0,12.2,37,staircase1,no_load,0.0
4.156807,0.935628,wrist_roll,-25.0,-25.177,-44.989,-45.3076,1532,0,1052,0,12.2,37,staircase1,no_load,0.0
4.167501,0.946323,wrist_roll,-25.0,-25.177,-44.989,-45.3076,1532,0,1052,0,12.2,37,staircase1,no_load,0.0
4.178192,0.957014,wrist_roll,-25.0,-25.177,-44.989,-45.3076,1532,0,1052,0,12.2,37,staircase1,no_load,0.0
4.188445,0.967266,wrist_roll,-25.0,-25.177,-44.989,-45.3076,1532,0,1052,0,12.2,37,staircase1,no_load,0.0
4.198913,0.977735,wrist_roll,-25.0,-25.177,-44.989,-45.3076,1532,0,1052,0,12.2,37,staircase1,no_load,0.0
4.209156,0.987978,wrist_roll,-25.0,-25.177,-44.989,-45.3076,1532,0,1052,0,12.2,37,staircase1,no_load,0.0
4.219822,0.998643,wrist_roll,-25.0,-25.177,-44.989,-45.3076,1532,0,1052,0,12.2,37,staircase1,no_load,0.0
4.230418,1.00924,wrist_roll,-25.0,-25.177,-44.989,-45.3076,1532,0,1052,1,12.2,37,staircase1,no_load,0.0
4.241059,1.019881,wrist_roll,-25.0,-25.177,-44.989,-45.3076,1532,0,1052,1,12.2,37,staircase1,no_load,0.0
4.251731,1.030552,wrist_roll,-25.0,-25.177,-44.989,-45.3076,1532,0,1052,0,12.2,37,staircase1,no_load,0.0
4.262099,1.040921,wrist_roll,-25.0,-25.177,-44.989,-45.3076,1532,0,1052,1,12.2,37,staircase1,no_load,0.0
4.272827,1.051649,wrist_roll,-25.0,-25.177,-44.989,-45.3076,1532,0,1052,0,12.2,37,staircase1,no_load,0.0
4.283553,1.062374,wrist_roll,-25.0,-25.177,-44.989,-45.3076,1532,0,1052,1,12.2,37,staircase1,no_load,0.0
4.294162,1.072984,wrist_roll,-25.0,-25.177,-44.989,-45.3076,1532,0,1052,1,12.2,37,staircase1,no_load,0.0
4.304645,1.083467,wrist_roll,-25.0,-25.177,-44.989,-45.3076,1532,0,1052,0,12.2,37,staircase1,no_load,0.0
4.315335,1.094157,wrist_roll,-25.0,-25.177,-44.989,-45.3076,1532,0,1052,1,12.2,37,staircase1,no_load,0.0
4.326194,1.105015,wrist_roll,-25.0,-25.177,-44.989,-45.3076,1532,0,1052,0,12.3,37,staircase1,no_load,0.0
4.336862,1.115684,wrist_roll,-25.0,-25.177,-44.989,-45.3076,1532,0,1052,1,12.2,37,staircase1,no_load,0.0
4.347478,1.126299,wrist_roll,-25.0,-25.177,-44.989,-45.3076,1532,0,1052,1,12.2,37,staircase1,no_load,0.0
4.357901,1.136722,wrist_roll,-25.0,-25.177,-44.989,-45.3076,1532,0,1052,0,12.3,37,staircase1,no_load,0.0
4.368213,1.147035,wrist_roll,-25.0,-25.177,-44.989,-45.3076,1532,0,1052,1,12.2,37,staircase1,no_load,0.0
4.378873,1.157694,wrist_roll,-25.0,-25.177,-44.989,-45.3076,1532,0,1052,0,12.2,37,staircase1,no_load,0.0
4.389441,1.168263,wrist_roll,-25.0,-25.177,-44.989,-45.3076,1532,0,1052,0,12.2,37,staircase1,no_load,0.0
4.399719,1.17854,wrist_roll,-25.0,-25.177,-44.989,-45.3076,1532,0,1052,0,12.2,37,staircase1,no_load,0.0
4.410003,1.188824,wrist_roll,-25.0,-25.177,-44.989,-45.3076,1532,0,1052,1,12.3,37,staircase1,no_load,0.0
4.420327,1.199149,wrist_roll,-25.0,-25.177,-44.989,-45.3076,1532,0,1052,0,12.2,37,staircase1,no_load,0.0
4.431148,1.20997,wrist_roll,-25.0,-25.177,-44.989,-45.3076,1532,0,1052,0,12.3,37,staircase1,no_load,0.0
4.441802,1.220623,wrist_roll,-25.0,-25.177,-44.989,-45.3076,1532,0,1052,0,12.2,37,staircase1,no_load,0.0
4.452156,1.230977,wrist_roll,-25.0,-25.177,-44.989,-45.3076,1532,0,1052,1,12.2,37,staircase1,no_load,0.0
4.462336,1.241158,wrist_roll,-25.0,-25.177,-44.989,-45.3076,1532,0,1052,0,12.2,37,staircase1,no_load,0.0
4.472933,1.251754,wrist_roll,-25.0,-25.177,-44.989,-45.3076,1532,0,1052,0,12.2,37,staircase1,no_load,0.0
4.483159,1.26198,wrist_roll,-25.0,-25.177,-44.989,-45.3076,1532,0,1052,0,12.3,37,staircase1,no_load,0.0
4.493334,1.272155,wrist_roll,-25.0,-25.177,-44.989,-45.3076,1532,0,1052,1,12.2,37,staircase1,no_load,0.0
4.504495,1.283317,wrist_roll,-25.0,-25.177,-44.989,-45.3076,1532,0,1052,0,12.2,37,staircase1,no_load,0.0
4.515033,1.293854,wrist_roll,-25.0,-25.177,-44.989,-45.3076,1532,0,1052,0,12.2,37,staircase1,no_load,0.0
4.525578,1.304399,wrist_roll,-25.0,-25.177,-44.989,-45.3076,1532,0,1052,0,12.2,37,staircase1,no_load,0.0
4.536148,1.31497,wrist_roll,-25.0,-25.177,-44.989,-45.3076,1532,0,1052,0,12.2,37,staircase1,no_load,0.0
4.54694,1.325761,wrist_roll,-25.0,-25.177,-44.989,-45.3076,1532,0,1052,0,12.2,37,staircase1,no_load,0.0
4.557358,1.336179,wrist_roll,-25.0,-25.177,-44.989,-45.3076,1532,0,1052,0,12.3,37,staircase1,no_load,0.0
4.568387,1.347209,wrist_roll,-25.0,-25.177,-44.989,-45.3076,1532,0,1052,1,12.2,37,staircase1,no_load,0.0
4.579046,1.357867,wrist_roll,-25.0,-25.177,-44.989,-45.3076,1532,0,1052,1,12.2,37,staircase1,no_load,0.0
4.589673,1.368495,wrist_roll,-25.0,-25.177,-44.989,-45.3076,1532,0,1052,1,12.2,37,staircase1,no_load,0.0
4.600404,1.379225,wrist_roll,-25.0,-25.177,-44.989,-45.3076,1532,0,1052,1,12.2,37,staircase1,no_load,0.0
4.611127,1.389949,wrist_roll,-25.0,-25.177,-44.989,-45.3076,1532,0,1052,1,12.2,37,staircase1,no_load,0.0
4.621501,1.400322,wrist_roll,-25.0,-25.177,-44.989,-45.3076,1532,0,1052,0,12.2,37,staircase1,no_load,0.0
4.632584,1.411405,wrist_roll,-25.0,-25.177,-44.989,-45.3076,1532,0,1052,0,12.2,37,staircase1,no_load,0.0
4.643575,1.422397,wrist_roll,-25.0,-25.177,-44.989,-45.3076,1532,0,1052,0,12.2,37,staircase1,no_load,0.0
4.654134,1.432955,wrist_roll,-25.0,-25.177,-44.989,-45.3076,1532,0,1052,0,12.2,37,staircase1,no_load,0.0
4.665126,1.443947,wrist_roll,-25.0,-25.177,-44.989,-45.3076,1532,0,1052,0,12.2,37,staircase1,no_load,0.0
4.675867,1.454688,wrist_roll,-25.0,-25.177,-44.989,-45.3076,1532,0,1052,0,12.2,37,staircase1,no_load,0.0
4.686809,1.465631,wrist_roll,-25.0,-25.177,-44.989,-45.3076,1532,0,1052,0,12.2,37,staircase1,no_load,0.0
4.697883,1.476705,wrist_roll,-25.0,-25.177,-44.989,-45.3076,1532,0,1052,0,12.2,37,staircase1,no_load,0.0
4.708542,1.487363,wrist_roll,-25.0,-25.177,-44.989,-45.3076,1532,0,1052,0,12.2,37,staircase1,no_load,0.0
4.719484,1.498305,wrist_roll,-25.0,-25.177,-44.989,-45.3076,1532,0,1052,0,12.2,37,staircase1,no_load,0.0
4.7297,1.508521,wrist_roll,-25.0,-25.177,-44.989,-45.3076,1532,0,1052,1,12.2,37,staircase1,no_load,0.0
4.740357,1.519178,wrist_roll,-25.0,-25.177,-44.989,-45.3076,1532,0,1052,0,12.2,37,staircase1,no_load,0.0
4.751327,1.530148,wrist_roll,-25.0,-25.1282,-44.989,-45.2197,1533,0,1048,0,12.2,37,staircase1,no_load,8.013
4.762305,1.541126,wrist_roll,-25.0,-25.1282,-44.989,-45.2197,1533,50,1044,0,12.2,37,staircase1,no_load,0.0
4.773233,1.552054,wrist_roll,-25.0,-25.1282,-44.989,-45.2197,1533,50,1044,0,12.2,37,staircase1,no_load,0.0
4.78352,1.562341,wrist_roll,-25.0,-25.1282,-44.989,-45.2197,1533,0,1048,0,12.2,37,staircase1,no_load,0.0
4.793977,1.572799,wrist_roll,-25.0,-25.1282,-44.989,-45.2197,1533,0,1048,1,12.2,37,staircase1,no_load,0.0
4.804845,1.583666,wrist_roll,-25.0,-25.1282,-44.989,-45.2197,1533,0,1048,1,12.2,37,staircase1,no_load,0.0
4.815058,1.593879,wrist_roll,-25.0,-25.1282,-44.989,-45.2197,1533,0,1048,0,12.2,37,staircase1,no_load,0.0
4.826429,3e-06,wrist_roll,-12.5,-25.1282,-22.4945,-45.2197,1533,0,1048,0,12.2,37,staircase1,no_load,0.0
4.83676,0.010334,wrist_roll,-12.5,-25.1282,-22.4945,-45.2197,1533,0,1052,0,12.2,37,staircase1,no_load,0.0
4.846993,0.020568,wrist_roll,-12.5,-25.1282,-22.4945,-45.2197,1533,0,1080,2,12.3,38,staircase1,no_load,0.0
4.857383,0.030957,wrist_roll,-12.5,-25.1282,-22.4945,-45.2197,1533,0,1112,5,12.2,37,staircase1,no_load,0.0
4.867923,0.041498,wrist_roll,-12.5,-25.1282,-22.4945,-45.2197,1533,0,1192,6,12.2,37,staircase1,no_load,0.0
4.878544,0.052118,wrist_roll,-12.5,-24.9817,-22.4945,-44.9561,1536,100,1252,10,12.2,37,staircase1,no_load,24.819
4.889048,0.062623,wrist_roll,-12.5,-24.6886,-22.4945,-44.4287,1542,100,1296,11,12.2,37,staircase1,no_load,50.209
4.899265,0.07284,wrist_roll,-12.5,-24.3468,-22.4945,-43.8135,1549,450,1356,15,12.1,37,staircase1,no_load,60.213
4.909924,0.083498,wrist_roll,-12.5,-23.9072,-22.4945,-43.0225,1558,450,1404,18,12.2,37,staircase1,no_load,74.21
4.920668,0.094243,wrist_roll,-12.5,-23.37,-22.4945,-42.0557,1569,850,1476,24,12.1,37,staircase1,no_load,89.985
4.931632,0.105206,wrist_roll,-12.5,-22.6862,-22.4945,-40.8252,1583,850,1528,26,12.2,37,staircase1,no_load,112.231
4.941894,0.115468,wrist_roll,-12.5,-21.9536,-22.4945,-39.5068,1598,1200,1548,17,12.2,37,staircase1,no_load,128.474
4.952056,0.125631,wrist_roll,-12.5,-21.1722,-22.4945,-38.1006,1614,1550,1564,21,12.1,37,staircase1,no_load,138.378
4.962657,0.136232,wrist_roll,-12.5,-20.293,-22.4945,-36.5186,1632,1550,1516,5,12.2,37,staircase1,no_load,149.231
4.97336,0.146935,wrist_roll,-12.5,-19.3651,-22.4945,-34.8486,1651,1650,1504,2,12.2,37,staircase1,no_load,156.031
4.984041,0.157616,wrist_roll,-12.5,-18.486,-22.4945,-33.2666,1669,1650,1428,0,12.2,37,staircase1,no_load,148.113
4.994823,0.168398,wrist_roll,-12.5,-17.7045,-22.4945,-31.8604,1685,1650,1400,0,12.2,37,staircase1,no_load,130.421
5.005343,0.178917,wrist_roll,-12.5,-16.9719,-22.4945,-30.542,1700,1650,1332,0,12.3,37,staircase1,no_load,125.323
5.01601,0.189585,wrist_roll,-12.5,-16.2882,-22.4945,-29.3115,1714,1350,1268,0,12.3,37,staircase1,no_load,115.356
5.026698,0.200273,wrist_roll,-12.5,-15.7509,-22.4945,-28.3447,1725,1350,1228,0,12.2,37,staircase1,no_load,90.457
5.037337,0.210912,wrist_roll,-12.5,-15.3114,-22.4945,-27.5537,1734,1050,1184,0,12.3,37,staircase1,no_load,74.349
5.047972,0.221547,wrist_roll,-12.5,-14.9206,-22.4945,-26.8506,1742,1050,1156,0,12.2,37,staircase1,no_load,66.112
5.058501,0.232075,wrist_roll,-12.5,-14.6276,-22.4945,-26.3232,1748,700,1156,0,12.2,37,staircase1,no_load,50.09
5.069161,0.242735,wrist_roll,-12.5,-14.3834,-22.4945,-25.8838,1753,700,1136,0,12.2,37,staircase1,no_load,41.22
5.079856,0.25343,wrist_roll,-12.5,-14.188,-22.4945,-25.5322,1757,500,1140,1,12.2,37,staircase1,no_load,32.875
5.090574,0.264148,wrist_roll,-12.5,-13.9927,-22.4945,-25.1807,1761,400,1124,0,12.2,38,staircase1,no_load,32.795
5.101207,0.274782,wrist_roll,-12.5,-13.7973,-22.4945,-24.8291,1765,400,1116,0,12.2,37,staircase1,no_load,33.067
5.111874,0.285448,wrist_roll,-12.5,-13.6508,-22.4945,-24.5654,1768,300,1100,0,12.2,38,staircase1,no_load,24.721
5.12252,0.296094,wrist_roll,-12.5,-13.5043,-22.4945,-24.3018,1771,300,1092,1,12.2,37,staircase1,no_load,24.76
5.1336,0.307174,wrist_roll,-12.5,-13.3578,-22.4945,-24.0381,1774,250,1080,0,12.2,37,staircase1,no_load,23.8
5.144382,0.317956,wrist_roll,-12.5,-13.2601,-22.4945,-23.8623,1776,250,1084,0,12.2,37,staircase1,no_load,16.305
5.155079,0.328654,wrist_roll,-12.5,-13.2112,-22.4945,-23.7744,1777,150,1084,1,12.2,37,staircase1,no_load,8.217
5.166269,0.339844,wrist_roll,-12.5,-13.1136,-22.4945,-23.5986,1779,150,1076,0,12.2,37,staircase1,no_load,15.71
5.176599,0.350174,wrist_roll,-12.5,-13.0647,-22.4945,-23.5107,1780,150,1068,0,12.2,37,staircase1,no_load,8.509
5.187227,0.360802,wrist_roll,-12.5,-12.967,-22.4945,-23.335,1782,150,1064,0,12.2,37,staircase1,no_load,16.532
5.197662,0.371237,wrist_roll,-12.5,-12.9182,-22.4945,-23.2471,1783,150,1060,0,12.3,37,staircase1,no_load,8.424
5.208788,0.382362,wrist_roll,-12.5,-12.8694,-22.4945,-23.1592,1784,150,1056,0,12.2,37,staircase1,no_load,7.9
5.219142,0.392716,wrist_roll,-12.5,-12.8694,-22.4945,-23.1592,1784,100,1064,0,12.2,37,staircase1,no_load,0.0
5.229574,0.403149,wrist_roll,-12.5,-12.8205,-22.4945,-23.0713,1785,50,1060,0,12.2,37,staircase1,no_load,8.426
5.239859,0.413434,wrist_roll,-12.5,-12.7717,-22.4945,-22.9834,1786,50,1052,0,12.2,37,staircase1,no_load,8.546
5.250475,0.424049,wrist_roll,-12.5,-12.7228,-22.4945,-22.8955,1787,100,1048,0,12.2,37,staircase1,no_load,8.28
5.260686,0.434261,wrist_roll,-12.5,-12.7228,-22.4945,-22.8955,1787,100,1052,0,12.3,37,staircase1,no_load,0.0
5.271509,0.445084,wrist_roll,-12.5,-12.7228,-22.4945,-22.8955,1787,0,1052,0,12.2,37,staircase1,no_load,0.0
5.282345,0.455919,wrist_roll,-12.5,-12.7228,-22.4945,-22.8955,1787,0,1056,1,12.3,37,staircase1,no_load,0.0
5.293069,0.466644,wrist_roll,-12.5,-12.7228,-22.4945,-22.8955,1787,0,1056,1,12.2,37,staircase1,no_load,0.0
5.304324,0.477899,wrist_roll,-12.5,-12.7228,-22.4945,-22.8955,1787,0,1056,0,12.3,37,staircase1,no_load,0.0
5.315045,0.48862,wrist_roll,-12.5,-12.7228,-22.4945,-22.8955,1787,0,1056,0,12.2,37,staircase1,no_load,0.0
5.325433,0.499008,wrist_roll,-12.5,-12.7228,-22.4945,-22.8955,1787,0,1056,1,12.2,37,staircase1,no_load,0.0
5.336574,0.510149,wrist_roll,-12.5,-12.7228,-22.4945,-22.8955,1787,0,1056,1,12.2,37,staircase1,no_load,0.0
5.347153,0.520728,wrist_roll,-12.5,-12.7228,-22.4945,-22.8955,1787,0,1056,0,12.2,37,staircase1,no_load,0.0
5.357654,0.531228,wrist_roll,-12.5,-12.7228,-22.4945,-22.8955,1787,0,1056,1,12.2,37,staircase1,no_load,0.0
5.368273,0.541848,wrist_roll,-12.5,-12.7228,-22.4945,-22.8955,1787,0,1056,0,12.2,37,staircase1,no_load,0.0
5.378627,0.552202,wrist_roll,-12.5,-12.7228,-22.4945,-22.8955,1787,0,1056,0,12.2,37,staircase1,no_load,0.0
5.389154,0.562729,wrist_roll,-12.5,-12.7228,-22.4945,-22.8955,1787,0,1056,1,12.2,37,staircase1,no_load,0.0
5.399412,0.572987,wrist_roll,-12.5,-12.7228,-22.4945,-22.8955,1787,0,1056,0,12.2,37,staircase1,no_load,0.0
5.409666,0.58324,wrist_roll,-12.5,-12.7228,-22.4945,-22.8955,1787,0,1056,1,12.2,37,staircase1,no_load,0.0
5.419899,0.593474,wrist_roll,-12.5,-12.7228,-22.4945,-22.8955,1787,0,1056,1,12.3,37,staircase1,no_load,0.0
5.430159,0.603734,wrist_roll,-12.5,-12.7228,-22.4945,-22.8955,1787,0,1056,0,12.2,37,staircase1,no_load,0.0
5.440772,0.614346,wrist_roll,-12.5,-12.7228,-22.4945,-22.8955,1787,0,1056,0,12.2,37,staircase1,no_load,0.0
5.451568,0.625142,wrist_roll,-12.5,-12.7228,-22.4945,-22.8955,1787,0,1056,1,12.2,37,staircase1,no_load,0.0
5.461982,0.635557,wrist_roll,-12.5,-12.7228,-22.4945,-22.8955,1787,0,1056,0,12.2,37,staircase1,no_load,0.0
5.472649,0.646223,wrist_roll,-12.5,-12.7228,-22.4945,-22.8955,1787,0,1056,1,12.2,37,staircase1,no_load,0.0
5.483176,0.65675,wrist_roll,-12.5,-12.7228,-22.4945,-22.8955,1787,0,1056,1,12.2,37,staircase1,no_load,0.0
5.493455,0.667029,wrist_roll,-12.5,-12.7228,-22.4945,-22.8955,1787,0,1056,1,12.2,37,staircase1,no_load,0.0
5.503987,0.677562,wrist_roll,-12.5,-12.7228,-22.4945,-22.8955,1787,0,1056,0,12.2,37,staircase1,no_load,0.0
5.51423,0.687805,wrist_roll,-12.5,-12.7228,-22.4945,-22.8955,1787,0,1056,1,12.2,37,staircase1,no_load,0.0
5.525175,0.69875,wrist_roll,-12.5,-12.7228,-22.4945,-22.8955,1787,0,1056,0,12.2,37,staircase1,no_load,0.0
5.535559,0.709134,wrist_roll,-12.5,-12.7228,-22.4945,-22.8955,1787,0,1056,0,12.2,37,staircase1,no_load,0.0
5.545965,0.71954,wrist_roll,-12.5,-12.7228,-22.4945,-22.8955,1787,0,1056,0,12.2,37,staircase1,no_load,0.0
5.556183,0.729757,wrist_roll,-12.5,-12.7228,-22.4945,-22.8955,1787,0,1056,1,12.2,37,staircase1,no_load,0.0
5.567035,0.74061,wrist_roll,-12.5,-12.7228,-22.4945,-22.8955,1787,0,1056,1,12.2,37,staircase1,no_load,0.0
5.577875,0.75145,wrist_roll,-12.5,-12.7228,-22.4945,-22.8955,1787,0,1056,0,12.2,37,staircase1,no_load,0.0
5.588551,0.762126,wrist_roll,-12.5,-12.7228,-22.4945,-22.8955,1787,0,1056,1,12.3,37,staircase1,no_load,0.0
5.599588,0.773163,wrist_roll,-12.5,-12.7228,-22.4945,-22.8955,1787,0,1056,1,12.2,37,staircase1,no_load,0.0
5.610134,0.783709,wrist_roll,-12.5,-12.7228,-22.4945,-22.8955,1787,0,1056,1,12.2,37,staircase1,no_load,0.0
5.620434,0.794009,wrist_roll,-12.5,-12.7228,-22.4945,-22.8955,1787,0,1056,0,12.2,37,staircase1,no_load,0.0
5.631197,0.804772,wrist_roll,-12.5,-12.7228,-22.4945,-22.8955,1787,0,1056,1,12.2,37,staircase1,no_load,0.0
5.641899,0.815474,wrist_roll,-12.5,-12.7228,-22.4945,-22.8955,1787,0,1056,0,12.2,37,staircase1,no_load,0.0
5.652659,0.826233,wrist_roll,-12.5,-12.7228,-22.4945,-22.8955,1787,0,1056,1,12.2,37,staircase1,no_load,0.0
5.663367,0.836942,wrist_roll,-12.5,-12.7228,-22.4945,-22.8955,1787,0,1056,1,12.2,37,staircase1,no_load,0.0
5.673655,0.84723,wrist_roll,-12.5,-12.7228,-22.4945,-22.8955,1787,0,1056,0,12.2,37,staircase1,no_load,0.0
5.684372,0.857946,wrist_roll,-12.5,-12.7228,-22.4945,-22.8955,1787,0,1056,1,12.3,37,staircase1,no_load,0.0
5.695087,0.868661,wrist_roll,-12.5,-12.7228,-22.4945,-22.8955,1787,0,1056,0,12.2,37,staircase1,no_load,0.0
5.705354,0.878929,wrist_roll,-12.5,-12.7228,-22.4945,-22.8955,1787,0,1056,0,12.2,37,staircase1,no_load,0.0
5.716311,0.889885,wrist_roll,-12.5,-12.7228,-22.4945,-22.8955,1787,0,1056,1,12.2,37,staircase1,no_load,0.0
5.727258,0.900833,wrist_roll,-12.5,-12.7228,-22.4945,-22.8955,1787,0,1056,1,12.2,37,staircase1,no_load,0.0
5.737468,0.911043,wrist_roll,-12.5,-12.7228,-22.4945,-22.8955,1787,0,1056,1,12.2,37,staircase1,no_load,0.0
5.748546,0.92212,wrist_roll,-12.5,-12.7228,-22.4945,-22.8955,1787,0,1056,0,12.3,43,staircase1,no_load,0.0
5.75891,0.932485,wrist_roll,-12.5,-12.7228,-22.4945,-22.8955,1787,0,1056,0,12.2,37,staircase1,no_load,0.0
5.769964,0.943539,wrist_roll,-12.5,-12.7228,-22.4945,-22.8955,1787,0,1056,1,12.2,37,staircase1,no_load,0.0
5.780977,0.954552,wrist_roll,-12.5,-12.7228,-22.4945,-22.8955,1787,0,1056,0,12.2,37,staircase1,no_load,0.0
5.79127,0.964845,wrist_roll,-12.5,-12.7228,-22.4945,-22.8955,1787,0,1056,1,12.2,37,staircase1,no_load,0.0
5.802356,0.975931,wrist_roll,-12.5,-12.7228,-22.4945,-22.8955,1787,0,1056,0,12.2,37,staircase1,no_load,0.0
5.812625,0.9862,wrist_roll,-12.5,-12.7228,-22.4945,-22.8955,1787,0,1056,0,12.2,37,staircase1,no_load,0.0
5.823558,0.997132,wrist_roll,-12.5,-12.7228,-22.4945,-22.8955,1787,0,1056,1,12.2,37,staircase1,no_load,0.0
5.833824,1.007398,wrist_roll,-12.5,-12.7228,-22.4945,-22.8955,1787,0,1056,1,12.2,37,staircase1,no_load,0.0
5.844107,1.017682,wrist_roll,-12.5,-12.7228,-22.4945,-22.8955,1787,0,1056,1,12.2,37,staircase1,no_load,0.0
5.854371,1.027945,wrist_roll,-12.5,-12.7228,-22.4945,-22.8955,1787,0,1056,1,12.2,37,staircase1,no_load,0.0
5.865222,1.038797,wrist_roll,-12.5,-12.7228,-22.4945,-22.8955,1787,0,1056,0,12.2,37,staircase1,no_load,0.0
5.875493,1.049067,wrist_roll,-12.5,-12.7228,-22.4945,-22.8955,1787,0,1056,0,12.3,37,staircase1,no_load,0.0
5.886512,1.060087,wrist_roll,-12.5,-12.7228,-22.4945,-22.8955,1787,0,1056,0,12.2,37,staircase1,no_load,0.0
5.897042,1.070617,wrist_roll,-12.5,-12.7228,-22.4945,-22.8955,1787,0,1056,0,12.3,37,staircase1,no_load,0.0
5.907949,1.081524,wrist_roll,-12.5,-12.7228,-22.4945,-22.8955,1787,0,1056,1,12.2,37,staircase1,no_load,0.0
5.918264,1.091839,wrist_roll,-12.5,-12.7228,-22.4945,-22.8955,1787,0,1056,0,12.2,37,staircase1,no_load,0.0
5.928478,1.102053,wrist_roll,-12.5,-12.7228,-22.4945,-22.8955,1787,0,1056,1,12.2,37,staircase1,no_load,0.0
5.938897,1.112472,wrist_roll,-12.5,-12.7228,-22.4945,-22.8955,1787,0,1056,1,12.2,37,staircase1,no_load,0.0
5.949214,1.122789,wrist_roll,-12.5,-12.7228,-22.4945,-22.8955,1787,0,1056,1,12.2,37,staircase1,no_load,0.0
5.959596,1.133171,wrist_roll,-12.5,-12.7228,-22.4945,-22.8955,1787,0,1056,0,12.2,37,staircase1,no_load,0.0
5.970598,1.144173,wrist_roll,-12.5,-12.7228,-22.4945,-22.8955,1787,0,1056,1,12.2,37,staircase1,no_load,0.0
5.981008,1.154583,wrist_roll,-12.5,-12.7228,-22.4945,-22.8955,1787,0,1056,1,12.2,37,staircase1,no_load,0.0
5.991235,1.16481,wrist_roll,-12.5,-12.7228,-22.4945,-22.8955,1787,0,1056,1,12.3,37,staircase1,no_load,0.0
6.002112,1.175686,wrist_roll,-12.5,-12.7228,-22.4945,-22.8955,1787,0,1056,0,12.2,37,staircase1,no_load,0.0
6.012943,1.186518,wrist_roll,-12.5,-12.7228,-22.4945,-22.8955,1787,0,1056,0,12.2,37,staircase1,no_load,0.0
6.023461,1.197035,wrist_roll,-12.5,-12.7228,-22.4945,-22.8955,1787,0,1056,1,12.3,37,staircase1,no_load,0.0
6.033756,1.207331,wrist_roll,-12.5,-12.7228,-22.4945,-22.8955,1787,0,1056,1,12.2,37,staircase1,no_load,0.0
6.044225,1.217799,wrist_roll,-12.5,-12.7228,-22.4945,-22.8955,1787,0,1056,1,12.2,37,staircase1,no_load,0.0
6.054904,1.228479,wrist_roll,-12.5,-12.7228,-22.4945,-22.8955,1787,0,1056,1,12.2,37,staircase1,no_load,0.0
6.065349,1.238924,wrist_roll,-12.5,-12.7228,-22.4945,-22.8955,1787,0,1056,1,12.2,37,staircase1,no_load,0.0
6.075981,1.249555,wrist_roll,-12.5,-12.7228,-22.4945,-22.8955,1787,0,1056,0,12.2,37,staircase1,no_load,0.0
6.086599,1.260173,wrist_roll,-12.5,-12.7228,-22.4945,-22.8955,1787,0,1056,1,12.2,37,staircase1,no_load,0.0
6.09676,1.270334,wrist_roll,-12.5,-12.7228,-22.4945,-22.8955,1787,0,1056,0,12.2,37,staircase1,no_load,0.0
6.107053,1.280628,wrist_roll,-12.5,-12.7228,-22.4945,-22.8955,1787,0,1056,0,12.2,37,staircase1,no_load,0.0
6.117781,1.291356,wrist_roll,-12.5,-12.7228,-22.4945,-22.8955,1787,0,1056,1,12.2,37,staircase1,no_load,0.0
6.128634,1.302208,wrist_roll,-12.5,-12.7228,-22.4945,-22.8955,1787,0,1056,1,12.2,37,staircase1,no_load,0.0
6.13953,1.313104,wrist_roll,-12.5,-12.7228,-22.4945,-22.8955,1787,0,1056,1,12.2,37,staircase1,no_load,0.0
6.150539,1.324114,wrist_roll,-12.5,-12.7228,-22.4945,-22.8955,1787,0,1056,1,12.2,37,staircase1,no_load,0.0
6.161255,1.33483,wrist_roll,-12.5,-12.7228,-22.4945,-22.8955,1787,0,1056,1,12.2,37,staircase1,no_load,0.0
6.171925,1.3455,wrist_roll,-12.5,-12.7228,-22.4945,-22.8955,1787,0,1056,0,12.2,37,staircase1,no_load,0.0
6.182205,1.35578,wrist_roll,-12.5,-12.7228,-22.4945,-22.8955,1787,0,1056,0,12.2,37,staircase1,no_load,0.0
6.192788,1.366363,wrist_roll,-12.5,-12.7228,-22.4945,-22.8955,1787,0,1056,0,12.2,37,staircase1,no_load,0.0
6.203078,1.376653,wrist_roll,-12.5,-12.7228,-22.4945,-22.8955,1787,0,1056,1,12.2,37,staircase1,no_load,0.0
6.213758,1.387332,wrist_roll,-12.5,-12.7228,-22.4945,-22.8955,1787,0,1056,0,12.3,37,staircase1,no_load,0.0
6.22444,1.398015,wrist_roll,-12.5,-12.7228,-22.4945,-22.8955,1787,0,1056,0,12.3,37,staircase1,no_load,0.0
6.234764,1.408339,wrist_roll,-12.5,-12.7228,-22.4945,-22.8955,1787,0,1056,1,12.2,37,staircase1,no_load,0.0
6.245904,1.419478,wrist_roll,-12.5,-12.7228,-22.4945,-22.8955,1787,0,1056,0,12.2,37,staircase1,no_load,0.0
6.25656,1.430134,wrist_roll,-12.5,-12.7228,-22.4945,-22.8955,1787,0,1056,0,12.2,37,staircase1,no_load,0.0
6.266741,1.440316,wrist_roll,-12.5,-12.7228,-22.4945,-22.8955,1787,0,1056,1,12.2,37,staircase1,no_load,0.0
6.27696,1.450535,wrist_roll,-12.5,-12.7228,-22.4945,-22.8955,1787,0,1056,0,12.2,37,staircase1,no_load,0.0
6.287707,1.461282,wrist_roll,-12.5,-12.7228,-22.4945,-22.8955,1787,0,1056,1,12.2,37,staircase1,no_load,0.0
6.298608,1.472183,wrist_roll,-12.5,-12.7228,-22.4945,-22.8955,1787,0,1056,1,12.2,37,staircase1,no_load,0.0
6.30926,1.482834,wrist_roll,-12.5,-12.7228,-22.4945,-22.8955,1787,0,1056,1,12.2,37,staircase1,no_load,0.0
6.319924,1.493499,wrist_roll,-12.5,-12.7228,-22.4945,-22.8955,1787,0,1056,1,12.2,37,staircase1,no_load,0.0
6.330656,1.504231,wrist_roll,-12.5,-12.7228,-22.4945,-22.8955,1787,0,1056,0,12.2,37,staircase1,no_load,0.0
6.341121,1.514695,wrist_roll,-12.5,-12.7228,-22.4945,-22.8955,1787,0,1056,0,12.2,37,staircase1,no_load,0.0
6.351605,1.52518,wrist_roll,-12.5,-12.7228,-22.4945,-22.8955,1787,0,1056,1,12.2,37,staircase1,no_load,0.0
6.361789,1.535363,wrist_roll,-12.5,-12.7228,-22.4945,-22.8955,1787,0,1056,1,12.2,37,staircase1,no_load,0.0
6.372718,1.546292,wrist_roll,-12.5,-12.7228,-22.4945,-22.8955,1787,0,1056,1,12.2,37,staircase1,no_load,0.0
6.383149,1.556724,wrist_roll,-12.5,-12.7228,-22.4945,-22.8955,1787,0,1056,1,12.2,37,staircase1,no_load,0.0
6.393676,1.567251,wrist_roll,-12.5,-12.7228,-22.4945,-22.8955,1787,0,1056,1,12.2,37,staircase1,no_load,0.0
6.404344,1.577919,wrist_roll,-12.5,-12.7228,-22.4945,-22.8955,1787,0,1056,0,12.2,37,staircase1,no_load,0.0
6.415032,1.588607,wrist_roll,-12.5,-12.7228,-22.4945,-22.8955,1787,0,1056,0,12.2,37,staircase1,no_load,0.0
6.42568,1.599255,wrist_roll,-12.5,-12.7228,-22.4945,-22.8955,1787,0,1056,1,12.2,37,staircase1,no_load,0.0
6.437299,4e-06,wrist_roll,0.0,-12.7228,0.0,-22.8955,1787,0,1056,1,12.2,37,staircase1,no_load,0.0
6.447932,0.010637,wrist_roll,0.0,-12.7228,0.0,-22.8955,1787,0,1060,1,12.2,37,staircase1,no_load,0.0
6.458092,0.020797,wrist_roll,0.0,-12.7228,0.0,-22.8955,1787,0,1080,2,12.2,37,staircase1,no_load,0.0
6.469108,0.031812,wrist_roll,0.0,-12.7228,0.0,-22.8955,1787,0,1152,5,12.2,37,staircase1,no_load,0.0
6.479794,0.042498,wrist_roll,0.0,-12.6252,0.0,-22.7197,1789,100,1184,7,12.2,37,staircase1,no_load,16.451
6.490228,0.052932,wrist_roll,0.0,-12.4298,0.0,-22.3682,1793,100,1252,8,12.2,37,staircase1,no_load,33.688
6.500628,0.063332,wrist_roll,0.0,-12.1856,0.0,-21.9287,1798,350,1292,12,12.2,37,staircase1,no_load,42.26
6.511526,0.074231,wrist_roll,0.0,-11.8437,0.0,-21.3135,1805,350,1364,14,12.1,37,staircase1,no_load,56.451
6.521985,0.08469,wrist_roll,0.0,-11.3553,0.0,-20.4346,1815,700,1420,17,12.2,37,staircase1,no_load,84.033
6.532167,0.094872,wrist_roll,0.0,-10.8669,0.0,-19.5557,1825,700,1472,22,12.1,37,staircase1,no_load,86.319
6.542998,0.105703,wrist_roll,0.0,-10.1832,0.0,-18.3252,1839,1050,1532,25,12.2,37,staircase1,no_load,113.609
6.553411,0.116115,wrist_roll,0.0,-9.4017,0.0,-16.9189,1855,1050,1568,22,12.1,37,staircase1,no_load,135.052
6.563975,0.12668,wrist_roll,0.0,-8.6203,0.0,-15.5127,1871,1450,1536,7,12.2,37,staircase1,no_load,133.112
6.574302,0.137007,wrist_roll,0.0,-7.6923,0.0,-13.8428,1890,1450,1532,7,12.2,38,staircase1,no_load,161.702
6.584999,0.147704,wrist_roll,0.0,-6.8132,0.0,-12.2607,1908,1650,1464,0,12.3,37,staircase1,no_load,147.901
6.595596,0.158301,wrist_roll,0.0,-6.0317,0.0,-10.8545,1924,1650,1448,0,12.2,37,staircase1,no_load,132.698
6.606507,0.169211,wrist_roll,0.0,-5.2015,0.0,-9.3604,1941,1650,1380,0,12.3,37,staircase1,no_load,136.935
6.61726,0.179964,wrist_roll,0.0,-4.4689,0.0,-8.042,1956,1450,1348,0,12.2,37,staircase1,no_load,122.608
6.627878,0.190583,wrist_roll,0.0,-3.7851,0.0,-6.8115,1970,1450,1280,0,12.2,37,staircase1,no_load,115.888
6.638612,0.201316,wrist_roll,0.0,-3.199,0.0,-5.7568,1982,1200,1236,0,12.2,37,staircase1,no_load,98.258
6.649353,0.212057,wrist_roll,0.0,-2.7595,0.0,-4.9658,1991,1200,1176,0,12.2,37,staircase1,no_load,73.643
6.660119,0.222823,wrist_roll,0.0,-2.3687,0.0,-4.2627,1999,800,1172,0,12.2,37,staircase1,no_load,65.307
6.670951,0.233655,wrist_roll,0.0,-2.0757,0.0,-3.7354,2005,800,1144,0,12.2,37,staircase1,no_load,48.68
6.681684,0.244388,wrist_roll,0.0,-1.8803,0.0,-3.3838,2009,600,1148,0,12.2,37,staircase1,no_load,32.759
6.691979,0.254684,wrist_roll,0.0,-1.6361,0.0,-2.9443,2014,600,1132,0,12.2,37,staircase1,no_load,42.691
6.702481,0.265185,wrist_roll,0.0,-1.4896,0.0,-2.6807,2017,400,1128,1,12.2,37,staircase1,no_load,25.1
6.713062,0.275767,wrist_roll,0.0,-1.2943,0.0,-2.3291,2021,400,1112,0,12.2,37,staircase1,no_load,33.229
6.724059,0.286764,wrist_roll,0.0,-1.1477,0.0,-2.0654,2024,350,1108,0,12.2,38,staircase1,no_load,23.979
6.734493,0.297197,wrist_roll,0.0,-1.0012,0.0,-1.8018,2027,250,1096,0,12.2,37,staircase1,no_load,25.264
6.74552,0.308224,wrist_roll,0.0,-0.9035,0.0,-1.626,2029,250,1092,1,12.2,37,staircase1,no_load,15.943
6.755587,0.318292,wrist_roll,0.0,-0.8059,0.0,-1.4502,2031,200,1084,0,12.3,37,staircase1,no_load,17.463
6.766054,0.328758,wrist_roll,0.0,-0.7082,0.0,-1.2744,2033,200,1080,0,12.3,37,staircase1,no_load,16.796
6.776687,0.339391,wrist_roll,0.0,-0.6105,0.0,-1.0986,2035,150,1072,1,12.3,37,staircase1,no_load,16.533
6.787646,0.35035,wrist_roll,0.0,-0.5617,0.0,-1.0107,2036,150,1072,1,12.3,37,staircase1,no_load,8.021
6.798311,0.361015,wrist_roll,0.0,-0.5128,0.0,-0.9229,2037,150,1068,0,12.2,37,staircase1,no_load,8.233
6.808607,0.371311,wrist_roll,0.0,-0.464,0.0,-0.835,2038,150,1064,1,12.2,37,staircase1,no_load,8.537
6.818844,0.381549,wrist_roll,0.0,-0.4151,0.0,-0.7471,2039,100,1056,0,12.2,37,staircase1,no_load,8.586
6.828936,0.39164,wrist_roll,0.0,-0.3663,0.0,-0.6592,2040,100,1056,0,12.2,37,staircase1,no_load,8.71
6.839551,0.402256,wrist_roll,0.0,-0.3175,0.0,-0.5713,2041,50,1060,1,12.2,37,staircase1,no_load,8.281
6.850105,0.41281,wrist_roll,0.0,-0.3175,0.0,-0.5713,2041,50,1060,0,12.2,37,staircase1,no_load,0.0
6.860701,0.423406,wrist_roll,0.0,-0.3175,0.0,-0.5713,2041,50,1064,1,12.2,37,staircase1,no_load,0.0
6.871582,0.434286,wrist_roll,0.0,-0.3175,0.0,-0.5713,2041,50,1064,0,12.2,37,staircase1,no_load,0.0
6.882174,0.444878,wrist_roll,0.0,-0.2686,0.0,-0.4834,2042,0,1056,0,12.2,37,staircase1,no_load,8.299
6.89235,0.455055,wrist_roll,0.0,-0.2198,0.0,-0.3955,2043,100,1052,0,12.2,37,staircase1,no_load,8.638
6.90328,0.465985,wrist_roll,0.0,-0.1709,0.0,-0.3076,2044,100,1048,0,12.2,37,staircase1,no_load,8.042
6.913889,0.476594,wrist_roll,0.0,-0.1709,0.0,-0.3076,2044,50,1048,0,12.2,37,staircase1,no_load,0.0
6.924522,0.487227,wrist_roll,0.0,-0.1709,0.0,-0.3076,2044,50,1048,0,12.2,37,staircase1,no_load,0.0
6.935506,0.49821,wrist_roll,0.0,-0.1709,0.0,-0.3076,2044,0,1048,0,12.2,37,staircase1,no_load,0.0
6.945796,0.508501,wrist_roll,0.0,-0.1709,0.0,-0.3076,2044,0,1052,0,12.2,37,staircase1,no_load,0.0
6.95651,0.519214,wrist_roll,0.0,-0.1709,0.0,-0.3076,2044,0,1052,0,12.2,37,staircase1,no_load,0.0
6.966732,0.529436,wrist_roll,0.0,-0.1709,0.0,-0.3076,2044,0,1052,1,12.2,37,staircase1,no_load,0.0
6.97691,0.539615,wrist_roll,0.0,-0.1709,0.0,-0.3076,2044,0,1052,0,12.2,37,staircase1,no_load,0.0
6.987479,0.550183,wrist_roll,0.0,-0.1709,0.0,-0.3076,2044,0,1052,1,12.2,37,staircase1,no_load,0.0
6.998701,0.561406,wrist_roll,0.0,-0.1709,0.0,-0.3076,2044,0,1052,1,12.2,37,staircase1,no_load,0.0
7.009236,0.57194,wrist_roll,0.0,-0.1709,0.0,-0.3076,2044,0,1052,0,12.2,37,staircase1,no_load,0.0
7.019815,0.58252,wrist_roll,0.0,-0.1709,0.0,-0.3076,2044,0,1052,0,12.2,37,staircase1,no_load,0.0
7.03048,0.593184,wrist_roll,0.0,-0.1709,0.0,-0.3076,2044,0,1052,0,12.2,37,staircase1,no_load,0.0
7.040831,0.603535,wrist_roll,0.0,-0.1709,0.0,-0.3076,2044,0,1052,1,12.2,37,staircase1,no_load,0.0
7.051028,0.613733,wrist_roll,0.0,-0.1709,0.0,-0.3076,2044,0,1052,1,12.2,37,staircase1,no_load,0.0
7.061972,0.624677,wrist_roll,0.0,-0.1709,0.0,-0.3076,2044,0,1052,0,12.2,37,staircase1,no_load,0.0
7.072545,0.635249,wrist_roll,0.0,-0.1709,0.0,-0.3076,2044,0,1052,1,12.2,37,staircase1,no_load,0.0
7.083624,0.646329,wrist_roll,0.0,-0.1709,0.0,-0.3076,2044,0,1052,0,12.3,37,staircase1,no_load,0.0
7.094384,0.657089,wrist_roll,0.0,-0.1709,0.0,-0.3076,2044,0,1052,0,12.3,37,staircase1,no_load,0.0
7.104902,0.667607,wrist_roll,0.0,-0.1709,0.0,-0.3076,2044,0,1052,1,12.2,37,staircase1,no_load,0.0
7.115445,0.67815,wrist_roll,0.0,-0.1709,0.0,-0.3076,2044,0,1052,0,12.3,37,staircase1,no_load,0.0
7.126058,0.688763,wrist_roll,0.0,-0.1709,0.0,-0.3076,2044,0,1052,0,12.2,37,staircase1,no_load,0.0
7.136626,0.699331,wrist_roll,0.0,-0.1709,0.0,-0.3076,2044,0,1052,1,12.2,37,staircase1,no_load,0.0
7.146952,0.709656,wrist_roll,0.0,-0.1709,0.0,-0.3076,2044,0,1052,0,12.2,37,staircase1,no_load,0.0
7.15795,0.720655,wrist_roll,0.0,-0.1709,0.0,-0.3076,2044,0,1052,0,12.2,37,staircase1,no_load,0.0
7.168899,0.731603,wrist_roll,0.0,-0.1709,0.0,-0.3076,2044,0,1052,1,12.2,37,staircase1,no_load,0.0
7.179399,0.742103,wrist_roll,0.0,-0.1709,0.0,-0.3076,2044,0,1052,0,12.2,37,staircase1,no_load,0.0
7.189815,0.75252,wrist_roll,0.0,-0.1709,0.0,-0.3076,2044,0,1052,1,12.2,37,staircase1,no_load,0.0
7.200071,0.762776,wrist_roll,0.0,-0.1709,0.0,-0.3076,2044,0,1052,1,12.2,37,staircase1,no_load,0.0
7.210582,0.773286,wrist_roll,0.0,-0.1709,0.0,-0.3076,2044,0,1052,0,12.2,37,staircase1,no_load,0.0
7.220967,0.783672,wrist_roll,0.0,-0.1709,0.0,-0.3076,2044,0,1052,1,12.2,37,staircase1,no_load,0.0
7.231271,0.793975,wrist_roll,0.0,-0.1709,0.0,-0.3076,2044,0,1052,0,12.3,37,staircase1,no_load,0.0
7.241885,0.80459,wrist_roll,0.0,-0.1709,0.0,-0.3076,2044,0,1052,0,12.2,37,staircase1,no_load,0.0
7.252408,0.815112,wrist_roll,0.0,-0.1709,0.0,-0.3076,2044,0,1052,0,12.2,37,staircase1,no_load,0.0
7.26284,0.825544,wrist_roll,0.0,-0.1709,0.0,-0.3076,2044,0,1052,0,12.2,37,staircase1,no_load,0.0
7.273172,0.835876,wrist_roll,0.0,-0.1709,0.0,-0.3076,2044,0,1052,0,12.2,37,staircase1,no_load,0.0
7.284192,0.846896,wrist_roll,0.0,-0.1709,0.0,-0.3076,2044,0,1052,0,12.2,37,staircase1,no_load,0.0
7.294543,0.857247,wrist_roll,0.0,-0.1709,0.0,-0.3076,2044,0,1052,0,12.2,37,staircase1,no_load,0.0
7.304885,0.86759,wrist_roll,0.0,-0.1709,0.0,-0.3076,2044,0,1052,1,12.2,37,staircase1,no_load,0.0
7.315022,0.877727,wrist_roll,0.0,-0.1709,0.0,-0.3076,2044,0,1052,0,12.2,37,staircase1,no_load,0.0
7.325386,0.88809,wrist_roll,0.0,-0.1709,0.0,-0.3076,2044,0,1052,0,12.2,37,staircase1,no_load,0.0
7.33554,0.898245,wrist_roll,0.0,-0.1709,0.0,-0.3076,2044,0,1052,0,12.2,37,staircase1,no_load,0.0
7.345719,0.908423,wrist_roll,0.0,-0.1709,0.0,-0.3076,2044,0,1052,1,12.2,37,staircase1,no_load,0.0
7.356837,0.919542,wrist_roll,0.0,-0.1709,0.0,-0.3076,2044,0,1052,0,12.2,37,staircase1,no_load,0.0
7.367381,0.930085,wrist_roll,0.0,-0.1709,0.0,-0.3076,2044,0,1052,0,12.3,37,staircase1,no_load,0.0
7.377979,0.940683,wrist_roll,0.0,-0.1709,0.0,-0.3076,2044,0,1052,0,12.2,37,staircase1,no_load,0.0
7.388987,0.951691,wrist_roll,0.0,-0.1709,0.0,-0.3076,2044,0,1052,1,12.3,37,staircase1,no_load,0.0
7.399748,0.962453,wrist_roll,0.0,-0.1709,0.0,-0.3076,2044,0,1052,1,12.2,37,staircase1,no_load,0.0
7.410295,0.972999,wrist_roll,0.0,-0.1709,0.0,-0.3076,2044,0,1052,1,12.2,37,staircase1,no_load,0.0
7.420478,0.983183,wrist_roll,0.0,-0.1709,0.0,-0.3076,2044,0,1052,0,12.2,37,staircase1,no_load,0.0
7.430822,0.993526,wrist_roll,0.0,-0.1709,0.0,-0.3076,2044,0,1052,1,12.2,37,staircase1,no_load,0.0
7.441201,1.003905,wrist_roll,0.0,-0.1709,0.0,-0.3076,2044,0,1052,1,12.2,37,staircase1,no_load,0.0
7.45172,1.014424,wrist_roll,0.0,-0.1709,0.0,-0.3076,2044,0,1052,1,12.2,37,staircase1,no_load,0.0
7.462088,1.024792,wrist_roll,0.0,-0.1709,0.0,-0.3076,2044,0,1052,0,12.2,37,staircase1,no_load,0.0
7.47314,1.035844,wrist_roll,0.0,-0.1709,0.0,-0.3076,2044,0,1052,0,12.2,37,staircase1,no_load,0.0
7.483249,1.045953,wrist_roll,0.0,-0.1709,0.0,-0.3076,2044,0,1052,1,12.3,37,staircase1,no_load,0.0
7.494251,1.056955,wrist_roll,0.0,-0.1709,0.0,-0.3076,2044,0,1052,0,12.2,37,staircase1,no_load,0.0
7.504624,1.067328,wrist_roll,0.0,-0.1709,0.0,-0.3076,2044,0,1052,0,12.2,37,staircase1,no_load,0.0
7.515269,1.077973,wrist_roll,0.0,-0.1709,0.0,-0.3076,2044,0,1052,0,12.2,37,staircase1,no_load,0.0
7.525533,1.088237,wrist_roll,0.0,-0.1709,0.0,-0.3076,2044,0,1052,0,12.2,37,staircase1,no_load,0.0
7.535982,1.098686,wrist_roll,0.0,-0.1709,0.0,-0.3076,2044,0,1052,0,12.2,37,staircase1,no_load,0.0
7.546803,1.109507,wrist_roll,0.0,-0.1709,0.0,-0.3076,2044,0,1052,0,12.2,37,staircase1,no_load,0.0
7.557169,1.119874,wrist_roll,0.0,-0.1709,0.0,-0.3076,2044,0,1052,0,12.2,37,staircase1,no_load,0.0
7.567473,1.130177,wrist_roll,0.0,-0.1709,0.0,-0.3076,2044,0,1052,1,12.2,37,staircase1,no_load,0.0
7.578583,1.141287,wrist_roll,0.0,-0.1709,0.0,-0.3076,2044,0,1052,1,12.2,37,staircase1,no_load,0.0
7.589232,1.151937,wrist_roll,0.0,-0.1709,0.0,-0.3076,2044,0,1052,1,12.2,37,staircase1,no_load,0.0
7.599704,1.162408,wrist_roll,0.0,-0.1709,0.0,-0.3076,2044,0,1052,0,12.2,37,staircase1,no_load,0.0
7.610194,1.172899,wrist_roll,0.0,-0.1709,0.0,-0.3076,2044,0,1052,1,12.2,37,staircase1,no_load,0.0
7.620532,1.183236,wrist_roll,0.0,-0.1709,0.0,-0.3076,2044,0,1052,0,12.2,37,staircase1,no_load,0.0
7.631962,1.194667,wrist_roll,0.0,-0.1709,0.0,-0.3076,2044,0,1052,1,12.2,37,staircase1,no_load,0.0
7.642736,1.205441,wrist_roll,0.0,-0.1709,0.0,-0.3076,2044,0,1052,0,12.2,37,staircase1,no_load,0.0
7.653371,1.216075,wrist_roll,0.0,-0.1709,0.0,-0.3076,2044,0,1052,1,12.2,37,staircase1,no_load,0.0
7.663733,1.226437,wrist_roll,0.0,-0.1709,0.0,-0.3076,2044,0,1052,0,12.3,37,staircase1,no_load,0.0
7.67448,1.237185,wrist_roll,0.0,-0.1709,0.0,-0.3076,2044,0,1052,1,12.2,37,staircase1,no_load,0.0
7.684802,1.247506,wrist_roll,0.0,-0.1709,0.0,-0.3076,2044,0,1052,0,12.2,37,staircase1,no_load,0.0
7.695422,1.258127,wrist_roll,0.0,-0.1709,0.0,-0.3076,2044,0,1052,1,12.2,37,staircase1,no_load,0.0
7.70583,1.268535,wrist_roll,0.0,-0.1709,0.0,-0.3076,2044,0,1052,1,12.2,37,staircase1,no_load,0.0
7.716861,1.279565,wrist_roll,0.0,-0.1709,0.0,-0.3076,2044,0,1052,0,12.2,37,staircase1,no_load,0.0
7.727135,1.289839,wrist_roll,0.0,-0.1709,0.0,-0.3076,2044,0,1052,1,12.2,37,staircase1,no_load,0.0
7.738124,1.300828,wrist_roll,0.0,-0.1709,0.0,-0.3076,2044,0,1052,0,12.2,37,staircase1,no_load,0.0
7.748668,1.311373,wrist_roll,0.0,-0.1709,0.0,-0.3076,2044,0,1052,0,12.2,37,staircase1,no_load,0.0
7.759546,1.322251,wrist_roll,0.0,-0.1709,0.0,-0.3076,2044,0,1052,0,12.2,37,staircase1,no_load,0.0
7.769695,1.332399,wrist_roll,0.0,-0.1709,0.0,-0.3076,2044,0,1052,1,12.2,37,staircase1,no_load,0.0
7.780316,1.34302,wrist_roll,0.0,-0.1709,0.0,-0.3076,2044,0,1052,0,12.2,37,staircase1,no_load,0.0
7.790613,1.353317,wrist_roll,0.0,-0.1709,0.0,-0.3076,2044,0,1052,1,12.2,37,staircase1,no_load,0.0
7.800892,1.363597,wrist_roll,0.0,-0.1709,0.0,-0.3076,2044,0,1052,0,12.2,37,staircase1,no_load,0.0
7.811492,1.374196,wrist_roll,0.0,-0.1709,0.0,-0.3076,2044,0,1052,0,12.2,37,staircase1,no_load,0.0
7.821812,1.384517,wrist_roll,0.0,-0.1709,0.0,-0.3076,2044,0,1052,0,12.3,37,staircase1,no_load,0.0
7.831928,1.394633,wrist_roll,0.0,-0.1709,0.0,-0.3076,2044,0,1052,0,12.2,37,staircase1,no_load,0.0
7.842318,1.405023,wrist_roll,0.0,-0.1709,0.0,-0.3076,2044,0,1052,1,12.2,37,staircase1,no_load,0.0
7.85299,1.415694,wrist_roll,0.0,-0.1709,0.0,-0.3076,2044,0,1052,0,12.2,37,staircase1,no_load,0.0
7.864154,1.426858,wrist_roll,0.0,-0.1709,0.0,-0.3076,2044,0,1052,1,12.2,37,staircase1,no_load,0.0
7.874689,1.437393,wrist_roll,0.0,-0.1709,0.0,-0.3076,2044,0,1052,0,12.2,37,staircase1,no_load,0.0
7.885076,1.447781,wrist_roll,0.0,-0.1709,0.0,-0.3076,2044,0,1052,1,12.2,37,staircase1,no_load,0.0
7.895685,1.458389,wrist_roll,0.0,-0.1709,0.0,-0.3076,2044,0,1052,1,12.3,37,staircase1,no_load,0.0
7.90631,1.469014,wrist_roll,0.0,-0.1709,0.0,-0.3076,2044,0,1052,1,12.2,37,staircase1,no_load,0.0
7.91646,1.479164,wrist_roll,0.0,-0.1709,0.0,-0.3076,2044,0,1052,0,12.2,37,staircase1,no_load,0.0
7.927032,1.489737,wrist_roll,0.0,-0.1709,0.0,-0.3076,2044,0,1052,0,12.2,37,staircase1,no_load,0.0
7.937632,1.500337,wrist_roll,0.0,-0.1709,0.0,-0.3076,2044,0,1052,0,12.3,37,staircase1,no_load,0.0
7.948368,1.511073,wrist_roll,0.0,-0.1709,0.0,-0.3076,2044,0,1052,1,12.2,37,staircase1,no_load,0.0
7.958938,1.521642,wrist_roll,0.0,-0.1709,0.0,-0.3076,2044,0,1052,1,12.2,37,staircase1,no_load,0.0
7.969571,1.532276,wrist_roll,0.0,-0.1709,0.0,-0.3076,2044,0,1052,0,12.2,37,staircase1,no_load,0.0
7.98031,1.543015,wrist_roll,0.0,-0.1709,0.0,-0.3076,2044,0,1052,1,12.2,37,staircase1,no_load,0.0
7.991356,1.55406,wrist_roll,0.0,-0.1709,0.0,-0.3076,2044,0,1052,0,12.2,37,staircase1,no_load,0.0
8.001598,1.564302,wrist_roll,0.0,-0.1709,0.0,-0.3076,2044,0,1052,1,12.3,37,staircase1,no_load,0.0
8.012894,1.575598,wrist_roll,0.0,-0.1709,0.0,-0.3076,2044,0,1052,0,12.2,37,staircase1,no_load,0.0
8.023254,1.585959,wrist_roll,0.0,-0.1709,0.0,-0.3076,2044,0,1052,0,12.2,37,staircase1,no_load,0.0
8.034033,1.596737,wrist_roll,0.0,-0.1709,0.0,-0.3076,2044,0,1052,0,12.2,37,staircase1,no_load,0.0
8.045591,7e-06,wrist_roll,12.5,-0.1709,22.4945,-0.3076,2044,0,1052,0,12.2,37,staircase1,no_load,0.0
8.056334,0.010751,wrist_roll,12.5,-0.1709,22.4945,-0.3076,2044,0,1056,1,12.2,37,staircase1,no_load,0.0
8.066644,0.02106,wrist_roll,12.5,-0.1709,22.4945,-0.3076,2044,0,1100,3,12.2,52,staircase1,no_load,0.0
8.077173,0.031589,wrist_roll,12.5,-0.1221,22.4945,-0.2197,2045,0,1128,3,12.2,37,staircase1,no_load,8.348
8.087441,0.041857,wrist_roll,12.5,-0.0733,22.4945,-0.1318,2046,50,1188,7,12.2,37,staircase1,no_load,8.561
8.097718,0.052135,wrist_roll,12.5,0.1221,22.4945,0.2197,2050,50,1232,7,12.2,37,staircase1,no_load,34.203
8.108521,0.062938,wrist_roll,12.5,0.3663,22.4945,0.6592,2055,300,1296,12,12.2,37,staircase1,no_load,40.683
8.119143,0.073559,wrist_roll,12.5,0.6593,22.4945,1.1865,2061,300,1344,16,12.1,37,staircase1,no_load,49.642
8.129633,0.084049,wrist_roll,12.5,1.1477,22.4945,2.0654,2071,600,1408,20,12.2,37,staircase1,no_load,83.785
8.140051,0.094468,wrist_roll,12.5,1.6361,22.4945,2.9443,2081,950,1468,23,12.2,37,staircase1,no_load,84.364
8.150713,0.105129,wrist_roll,12.5,2.2711,22.4945,4.0869,2094,950,1532,25,12.1,37,staircase1,no_load,107.166
8.161329,0.115746,wrist_roll,12.5,3.0037,22.4945,5.4053,2109,1300,1568,24,12.2,37,staircase1,no_load,124.19
8.171608,0.126024,wrist_roll,12.5,3.8828,22.4945,6.9873,2127,1300,1540,11,12.2,37,staircase1,no_load,153.906
8.182246,0.136663,wrist_roll,12.5,4.8596,22.4945,8.7451,2147,1800,1540,10,12.2,37,staircase1,no_load,165.238
8.192509,0.146926,wrist_roll,12.5,5.5433,22.4945,9.9756,2161,1800,1472,1,12.2,37,staircase1,no_load,119.897
8.203111,0.157527,wrist_roll,12.5,6.3736,22.4945,11.4697,2178,1500,1460,0,12.2,37,staircase1,no_load,140.926
8.213291,0.167708,wrist_roll,12.5,7.1062,22.4945,12.7881,2193,1500,1408,0,12.3,37,staircase1,no_load,129.509
8.223864,0.178281,wrist_roll,12.5,7.8388,22.4945,14.1064,2208,1450,1376,0,12.2,37,staircase1,no_load,124.686
8.234219,0.188635,wrist_roll,12.5,8.5226,22.4945,15.3369,2222,1450,1304,0,12.2,37,staircase1,no_load,118.831
8.24442,0.198837,wrist_roll,12.5,9.1087,22.4945,16.3916,2234,1250,1216,0,12.2,37,staircase1,no_load,103.392
8.255267,0.209684,wrist_roll,12.5,9.5971,22.4945,17.2705,2244,1250,1172,0,12.2,37,staircase1,no_load,81.027
8.266089,0.220505,wrist_roll,12.5,9.9878,22.4945,17.9736,2252,950,1172,0,12.2,37,staircase1,no_load,64.97
8.276856,0.231272,wrist_roll,12.5,10.2808,22.4945,18.501,2258,950,1148,0,12.2,37,staircase1,no_load,48.983
8.287506,0.241922,wrist_roll,12.5,10.525,22.4945,18.9404,2263,600,1148,1,12.2,37,staircase1,no_load,41.258
8.298479,0.252895,wrist_roll,12.5,10.7692,22.4945,19.3799,2268,450,1132,0,12.2,37,staircase1,no_load,40.053
8.309526,0.263942,wrist_roll,12.5,10.9646,22.4945,19.7314,2272,450,1128,0,12.2,37,staircase1,no_load,31.819
8.320192,0.274609,wrist_roll,12.5,11.1111,22.4945,19.9951,2275,350,1112,1,12.2,37,staircase1,no_load,24.723
8.33049,0.284907,wrist_roll,12.5,11.3065,22.4945,20.3467,2279,350,1104,1,12.2,37,staircase1,no_load,34.143
8.34097,0.295387,wrist_roll,12.5,11.4042,22.4945,20.5225,2281,300,1092,1,12.2,37,staircase1,no_load,16.775
8.351678,0.306094,wrist_roll,12.5,11.5507,22.4945,20.7861,2284,300,1092,0,12.2,40,staircase1,no_load,24.617
8.362361,0.316777,wrist_roll,12.5,11.6484,22.4945,20.9619,2286,200,1084,0,12.1,38,staircase1,no_load,16.456
8.373249,0.327666,wrist_roll,12.5,11.746,22.4945,21.1377,2288,200,1080,0,12.2,37,staircase1,no_load,16.146
8.383945,0.338361,wrist_roll,12.5,11.7949,22.4945,21.2256,2289,150,1080,0,12.2,37,staircase1,no_load,8.218
8.394527,0.348943,wrist_roll,12.5,11.8926,22.4945,21.4014,2291,150,1072,0,12.3,37,staircase1,no_load,16.613
8.40486,0.359276,wrist_roll,12.5,11.9414,22.4945,21.4893,2292,150,1068,0,12.3,37,staircase1,no_load,8.507
8.41534,0.369757,wrist_roll,12.5,11.9902,22.4945,21.5771,2293,150,1064,0,12.2,37,staircase1,no_load,8.378
8.425969,0.380386,wrist_roll,12.5,12.0391,22.4945,21.665,2294,100,1064,0,12.2,37,staircase1,no_load,8.27
8.436698,0.391114,wrist_roll,12.5,12.0879,22.4945,21.7529,2295,100,1060,0,12.2,37,staircase1,no_load,8.193
8.447055,0.401471,wrist_roll,12.5,12.1368,22.4945,21.8408,2296,100,1060,0,12.2,37,staircase1,no_load,8.487
8.457693,0.412109,wrist_roll,12.5,12.1856,22.4945,21.9287,2297,100,1056,0,12.2,37,staircase1,no_load,8.263
8.468363,0.42278,wrist_roll,12.5,12.1856,22.4945,21.9287,2297,100,1052,0,12.2,37,staircase1,no_load,0.0
8.478971,0.433387,wrist_roll,12.5,12.2344,22.4945,22.0166,2298,50,1048,0,12.2,37,staircase1,no_load,8.286
8.489522,0.443938,wrist_roll,12.5,12.2344,22.4945,22.0166,2298,50,1052,0,12.2,37,staircase1,no_load,0.0
8.500197,0.454613,wrist_roll,12.5,12.2344,22.4945,22.0166,2298,0,1052,0,12.3,37,staircase1,no_load,0.0
8.510992,0.465408,wrist_roll,12.5,12.2344,22.4945,22.0166,2298,0,1056,0,12.2,37,staircase1,no_load,0.0
8.521361,0.475778,wrist_roll,12.5,12.2344,22.4945,22.0166,2298,0,1056,0,12.2,37,staircase1,no_load,0.0
8.531995,0.486411,wrist_roll,12.5,12.2344,22.4945,22.0166,2298,0,1056,1,12.2,37,staircase1,no_load,0.0
8.542645,0.497061,wrist_roll,12.5,12.2344,22.4945,22.0166,2298,0,1056,1,12.2,37,staircase1,no_load,0.0
8.55293,0.507346,wrist_roll,12.5,12.2344,22.4945,22.0166,2298,0,1056,1,12.2,37,staircase1,no_load,0.0
8.56347,0.517886,wrist_roll,12.5,12.2344,22.4945,22.0166,2298,0,1056,0,12.2,37,staircase1,no_load,0.0
8.573986,0.528402,wrist_roll,12.5,12.2344,22.4945,22.0166,2298,0,1056,1,12.2,37,staircase1,no_load,0.0
8.584628,0.539044,wrist_roll,12.5,12.2344,22.4945,22.0166,2298,0,1056,1,12.2,37,staircase1,no_load,0.0
8.594768,0.549185,wrist_roll,12.5,12.2344,22.4945,22.0166,2298,0,1056,0,12.2,37,staircase1,no_load,0.0
8.60528,0.559697,wrist_roll,12.5,12.2344,22.4945,22.0166,2298,0,1056,1,12.2,37,staircase1,no_load,0.0
8.615405,0.569822,wrist_roll,12.5,12.2344,22.4945,22.0166,2298,0,1056,1,12.2,37,staircase1,no_load,0.0
8.62604,0.580456,wrist_roll,12.5,12.2344,22.4945,22.0166,2298,0,1056,1,12.2,37,staircase1,no_load,0.0
8.636837,0.591254,wrist_roll,12.5,12.2344,22.4945,22.0166,2298,0,1056,1,12.2,37,staircase1,no_load,0.0
8.647379,0.601795,wrist_roll,12.5,12.2344,22.4945,22.0166,2298,0,1056,0,12.2,37,staircase1,no_load,0.0
8.657732,0.612148,wrist_roll,12.5,12.2344,22.4945,22.0166,2298,0,1056,0,12.2,37,staircase1,no_load,0.0
8.668449,0.622865,wrist_roll,12.5,12.2344,22.4945,22.0166,2298,0,1056,0,12.2,37,staircase1,no_load,0.0
8.67901,0.633426,wrist_roll,12.5,12.2344,22.4945,22.0166,2298,0,1056,0,12.2,36,staircase1,no_load,0.0
8.689729,0.644146,wrist_roll,12.5,12.2344,22.4945,22.0166,2298,0,1056,0,12.2,37,staircase1,no_load,0.0
8.700765,0.655181,wrist_roll,12.5,12.2344,22.4945,22.0166,2298,0,1056,0,12.2,37,staircase1,no_load,0.0
8.711772,0.666189,wrist_roll,12.5,12.2344,22.4945,22.0166,2298,0,1056,0,12.2,37,staircase1,no_load,0.0
8.722794,0.67721,wrist_roll,12.5,12.2344,22.4945,22.0166,2298,0,1056,1,12.2,37,staircase1,no_load,0.0
8.733167,0.687583,wrist_roll,12.5,12.2344,22.4945,22.0166,2298,0,1056,1,12.2,37,staircase1,no_load,0.0
8.743772,0.698189,wrist_roll,12.5,12.2344,22.4945,22.0166,2298,0,1056,1,12.2,37,staircase1,no_load,0.0
8.754784,0.7092,wrist_roll,12.5,12.2344,22.4945,22.0166,2298,0,1056,0,12.2,37,staircase1,no_load,0.0
8.765298,0.719715,wrist_roll,12.5,12.2344,22.4945,22.0166,2298,0,1056,1,12.2,37,staircase1,no_load,0.0
8.77619,0.730606,wrist_roll,12.5,12.2344,22.4945,22.0166,2298,0,1056,0,12.2,37,staircase1,no_load,0.0
8.786718,0.741134,wrist_roll,12.5,12.2344,22.4945,22.0166,2298,0,1056,0,12.2,37,staircase1,no_load,0.0
8.797322,0.751739,wrist_roll,12.5,12.2344,22.4945,22.0166,2298,0,1056,1,12.2,37,staircase1,no_load,0.0
8.807462,0.761878,wrist_roll,12.5,12.2344,22.4945,22.0166,2298,0,1056,1,12.2,37,staircase1,no_load,0.0
8.818345,0.772762,wrist_roll,12.5,12.2344,22.4945,22.0166,2298,0,1056,1,12.2,37,staircase1,no_load,0.0
8.828734,0.78315,wrist_roll,12.5,12.2344,22.4945,22.0166,2298,0,1056,1,12.2,37,staircase1,no_load,0.0
8.839014,0.79343,wrist_roll,12.5,12.2344,22.4945,22.0166,2298,0,1056,0,12.2,37,staircase1,no_load,0.0
8.849751,0.804167,wrist_roll,12.5,12.2344,22.4945,22.0166,2298,0,1056,1,12.2,37,staircase1,no_load,0.0
8.859934,0.81435,wrist_roll,12.5,12.2344,22.4945,22.0166,2298,0,1056,0,12.2,37,staircase1,no_load,0.0
8.87047,0.824886,wrist_roll,12.5,12.2344,22.4945,22.0166,2298,0,1056,1,12.2,37,staircase1,no_load,0.0
8.880863,0.835279,wrist_roll,12.5,12.2344,22.4945,22.0166,2298,0,1056,1,12.2,37,staircase1,no_load,0.0
8.891601,0.846018,wrist_roll,12.5,12.2344,22.4945,22.0166,2298,0,1056,1,12.2,37,staircase1,no_load,0.0
8.902084,0.8565,wrist_roll,12.5,12.2344,22.4945,22.0166,2298,0,1056,0,12.2,37,staircase1,no_load,0.0
8.913406,0.867822,wrist_roll,12.5,12.2344,22.4945,22.0166,2298,0,1056,0,12.2,37,staircase1,no_load,0.0
8.924064,0.87848,wrist_roll,12.5,12.2344,22.4945,22.0166,2298,0,1056,0,12.2,37,staircase1,no_load,0.0
8.934331,0.888748,wrist_roll,12.5,12.2344,22.4945,22.0166,2298,0,1056,1,12.2,37,staircase1,no_load,0.0
8.944823,0.899239,wrist_roll,12.5,12.2344,22.4945,22.0166,2298,0,1056,1,12.2,37,staircase1,no_load,0.0
8.955451,0.909867,wrist_roll,12.5,12.2344,22.4945,22.0166,2298,0,1056,0,12.2,37,staircase1,no_load,0.0
8.966108,0.920525,wrist_roll,12.5,12.2344,22.4945,22.0166,2298,0,1056,1,12.2,37,staircase1,no_load,0.0
8.976804,0.93122,wrist_roll,12.5,12.2344,22.4945,22.0166,2298,0,1056,0,12.2,37,staircase1,no_load,0.0
8.987346,0.941762,wrist_roll,12.5,12.2344,22.4945,22.0166,2298,0,1056,1,12.2,37,staircase1,no_load,0.0
8.997541,0.951957,wrist_roll,12.5,12.2344,22.4945,22.0166,2298,0,1056,1,12.2,37,staircase1,no_load,0.0
9.008186,0.962602,wrist_roll,12.5,12.2344,22.4945,22.0166,2298,0,1056,0,12.2,37,staircase1,no_load,0.0
9.018548,0.972964,wrist_roll,12.5,12.2344,22.4945,22.0166,2298,0,1056,1,12.2,37,staircase1,no_load,0.0
9.029083,0.983499,wrist_roll,12.5,12.2344,22.4945,22.0166,2298,0,1056,0,12.2,37,staircase1,no_load,0.0
9.039594,0.994011,wrist_roll,12.5,12.2344,22.4945,22.0166,2298,0,1056,1,12.2,37,staircase1,no_load,0.0
9.051104,1.00552,wrist_roll,12.5,12.2344,22.4945,22.0166,2298,0,1056,0,12.2,37,staircase1,no_load,0.0
9.061224,1.01564,wrist_roll,12.5,12.2344,22.4945,22.0166,2298,0,1056,0,12.2,37,staircase1,no_load,0.0
9.072263,1.02668,wrist_roll,12.5,12.2344,22.4945,22.0166,2298,0,1056,1,12.2,37,staircase1,no_load,0.0
9.082769,1.037186,wrist_roll,12.5,12.2344,22.4945,22.0166,2298,0,1056,0,12.3,37,staircase1,no_load,0.0
9.093151,1.047567,wrist_roll,12.5,12.2344,22.4945,22.0166,2298,0,1056,0,12.2,37,staircase1,no_load,0.0
9.103421,1.057838,wrist_roll,12.5,12.2344,22.4945,22.0166,2298,0,1056,0,12.2,37,staircase1,no_load,0.0
9.114439,1.068855,wrist_roll,12.5,12.2344,22.4945,22.0166,2298,0,1056,1,12.2,37,staircase1,no_load,0.0
9.125336,1.079753,wrist_roll,12.5,12.2344,22.4945,22.0166,2298,0,1056,1,12.2,37,staircase1,no_load,0.0
9.135854,1.09027,wrist_roll,12.5,12.2344,22.4945,22.0166,2298,0,1056,1,12.2,37,staircase1,no_load,0.0
9.145951,1.100368,wrist_roll,12.5,12.2344,22.4945,22.0166,2298,0,1056,0,12.2,37,staircase1,no_load,0.0
9.156968,1.111385,wrist_roll,12.5,12.2344,22.4945,22.0166,2298,0,1056,0,12.3,37,staircase1,no_load,0.0
9.167101,1.121517,wrist_roll,12.5,12.2344,22.4945,22.0166,2298,0,1056,0,12.2,37,staircase1,no_load,0.0
9.178131,1.132547,wrist_roll,12.5,12.2344,22.4945,22.0166,2298,0,1056,0,12.2,37,staircase1,no_load,0.0
9.188498,1.142914,wrist_roll,12.5,12.2344,22.4945,22.0166,2298,0,1056,1,12.2,37,staircase1,no_load,0.0
9.198754,1.15317,wrist_roll,12.5,12.2344,22.4945,22.0166,2298,0,1056,1,12.2,37,staircase1,no_load,0.0
9.208907,1.163324,wrist_roll,12.5,12.2344,22.4945,22.0166,2298,0,1056,0,12.2,37,staircase1,no_load,0.0
9.219281,1.173698,wrist_roll,12.5,12.2344,22.4945,22.0166,2298,0,1056,1,12.2,37,staircase1,no_load,0.0
9.230211,1.184627,wrist_roll,12.5,12.2344,22.4945,22.0166,2298,0,1056,1,12.2,37,staircase1,no_load,0.0
9.240564,1.19498,wrist_roll,12.5,12.2344,22.4945,22.0166,2298,0,1056,1,12.2,37,staircase1,no_load,0.0
9.250907,1.205324,wrist_roll,12.5,12.2344,22.4945,22.0166,2298,0,1056,0,12.2,37,staircase1,no_load,0.0
9.261107,1.215523,wrist_roll,12.5,12.2344,22.4945,22.0166,2298,0,1056,1,12.2,37,staircase1,no_load,0.0
9.271682,1.226098,wrist_roll,12.5,12.2344,22.4945,22.0166,2298,0,1056,1,12.2,37,staircase1,no_load,0.0
9.282046,1.236462,wrist_roll,12.5,12.2344,22.4945,22.0166,2298,0,1056,0,12.2,37,staircase1,no_load,0.0
9.292434,1.24685,wrist_roll,12.5,12.2344,22.4945,22.0166,2298,0,1056,0,12.2,37,staircase1,no_load,0.0
9.302789,1.257205,wrist_roll,12.5,12.2344,22.4945,22.0166,2298,0,1056,0,12.2,37,staircase1,no_load,0.0
9.312968,1.267384,wrist_roll,12.5,12.2344,22.4945,22.0166,2298,0,1056,0,12.2,37,staircase1,no_load,0.0
9.323422,1.277839,wrist_roll,12.5,12.2344,22.4945,22.0166,2298,0,1056,1,12.2,37,staircase1,no_load,0.0
9.33401,1.288427,wrist_roll,12.5,12.2344,22.4945,22.0166,2298,0,1056,1,12.2,37,staircase1,no_load,0.0
9.344312,1.298729,wrist_roll,12.5,12.2344,22.4945,22.0166,2298,0,1056,0,12.2,37,staircase1,no_load,0.0
9.355374,1.309791,wrist_roll,12.5,12.2344,22.4945,22.0166,2298,0,1056,0,12.2,37,staircase1,no_load,0.0
9.365797,1.320214,wrist_roll,12.5,12.2344,22.4945,22.0166,2298,0,1056,1,12.2,37,staircase1,no_load,0.0
9.376112,1.330528,wrist_roll,12.5,12.2344,22.4945,22.0166,2298,0,1056,0,12.2,37,staircase1,no_load,0.0
9.386258,1.340674,wrist_roll,12.5,12.2344,22.4945,22.0166,2298,0,1056,0,12.2,37,staircase1,no_load,0.0
9.39728,1.351696,wrist_roll,12.5,12.2344,22.4945,22.0166,2298,0,1056,1,12.3,37,staircase1,no_load,0.0
9.40797,1.362386,wrist_roll,12.5,12.2344,22.4945,22.0166,2298,0,1056,1,12.3,37,staircase1,no_load,0.0
9.418383,1.372799,wrist_roll,12.5,12.2344,22.4945,22.0166,2298,0,1056,1,12.2,37,staircase1,no_load,0.0
9.428764,1.383181,wrist_roll,12.5,12.2344,22.4945,22.0166,2298,0,1056,0,12.2,37,staircase1,no_load,0.0
9.439171,1.393588,wrist_roll,12.5,12.2344,22.4945,22.0166,2298,0,1056,1,12.2,37,staircase1,no_load,0.0
9.450183,1.4046,wrist_roll,12.5,12.2344,22.4945,22.0166,2298,0,1056,1,12.2,37,staircase1,no_load,0.0
9.460882,1.415298,wrist_roll,12.5,12.2344,22.4945,22.0166,2298,0,1056,0,12.2,37,staircase1,no_load,0.0
9.471005,1.425422,wrist_roll,12.5,12.2344,22.4945,22.0166,2298,0,1056,1,12.2,37,staircase1,no_load,0.0
9.481243,1.435659,wrist_roll,12.5,12.2344,22.4945,22.0166,2298,0,1056,0,12.3,37,staircase1,no_load,0.0
9.491578,1.445994,wrist_roll,12.5,12.2344,22.4945,22.0166,2298,0,1056,0,12.2,37,staircase1,no_load,0.0
9.502421,1.456837,wrist_roll,12.5,12.2344,22.4945,22.0166,2298,0,1056,1,12.2,37,staircase1,no_load,0.0
9.512792,1.467209,wrist_roll,12.5,12.2344,22.4945,22.0166,2298,0,1056,1,12.2,37,staircase1,no_load,0.0
9.523124,1.477541,wrist_roll,12.5,12.2344,22.4945,22.0166,2298,0,1056,1,12.2,37,staircase1,no_load,0.0
9.534169,1.488585,wrist_roll,12.5,12.2344,22.4945,22.0166,2298,0,1056,0,12.2,37,staircase1,no_load,0.0
9.544539,1.498955,wrist_roll,12.5,12.2344,22.4945,22.0166,2298,0,1056,1,12.2,37,staircase1,no_load,0.0
9.554886,1.509302,wrist_roll,12.5,12.2344,22.4945,22.0166,2298,0,1056,0,12.2,37,staircase1,no_load,0.0
9.56577,1.520186,wrist_roll,12.5,12.2344,22.4945,22.0166,2298,0,1056,0,12.2,37,staircase1,no_load,0.0
9.576674,1.53109,wrist_roll,12.5,12.2344,22.4945,22.0166,2298,0,1056,1,12.2,37,staircase1,no_load,0.0
9.587403,1.54182,wrist_roll,12.5,12.2344,22.4945,22.0166,2298,0,1056,1,12.2,37,staircase1,no_load,0.0
9.597757,1.552174,wrist_roll,12.5,12.2344,22.4945,22.0166,2298,0,1056,1,12.2,37,staircase1,no_load,0.0
9.608275,1.562692,wrist_roll,12.5,12.2344,22.4945,22.0166,2298,0,1056,0,12.2,37,staircase1,no_load,0.0
9.619009,1.573426,wrist_roll,12.5,12.2344,22.4945,22.0166,2298,0,1056,0,12.2,37,staircase1,no_load,0.0
9.62958,1.583996,wrist_roll,12.5,12.2344,22.4945,22.0166,2298,0,1056,0,12.2,37,staircase1,no_load,0.0
9.639995,1.594411,wrist_roll,12.5,12.2344,22.4945,22.0166,2298,0,1056,0,12.2,37,staircase1,no_load,0.0
9.651325,2e-06,wrist_roll,25.0,12.2344,44.989,22.0166,2298,0,1056,0,12.2,37,staircase1,no_load,0.0
9.662448,0.011125,wrist_roll,25.0,12.2344,44.989,22.0166,2298,0,1060,1,12.2,37,staircase1,no_load,0.0
9.673439,0.022116,wrist_roll,25.0,12.2344,44.989,22.0166,2298,0,1100,3,12.2,37,staircase1,no_load,0.0
9.683524,0.032201,wrist_roll,25.0,12.2344,44.989,22.0166,2298,0,1132,3,12.2,37,staircase1,no_load,0.0
9.6946,0.043277,wrist_roll,25.0,12.3321,44.989,22.1924,2300,0,1208,7,12.2,37,staircase1,no_load,15.872
9.704962,0.053639,wrist_roll,25.0,12.5275,44.989,22.5439,2304,300,1244,7,12.2,37,staircase1,no_load,33.922
9.715365,0.064042,wrist_roll,25.0,12.7717,44.989,22.9834,2309,300,1308,12,12.2,37,staircase1,no_load,42.247
9.725941,0.074618,wrist_roll,25.0,13.1136,44.989,23.5986,2316,550,1352,14,12.2,37,staircase1,no_load,58.169
9.7363,0.084977,wrist_roll,25.0,13.602,44.989,24.4775,2326,550,1420,19,12.1,37,staircase1,no_load,84.844
9.746634,0.095311,wrist_roll,25.0,14.0904,44.989,25.3564,2336,950,1468,23,12.2,37,staircase1,no_load,85.049
9.757581,0.106258,wrist_roll,25.0,14.7741,44.989,26.5869,2350,950,1532,25,12.1,37,staircase1,no_load,112.405
9.767856,0.116533,wrist_roll,25.0,15.5556,44.989,27.9932,2366,1300,1568,17,12.2,37,staircase1,no_load,136.866
9.778877,0.127554,wrist_roll,25.0,16.3858,44.989,29.4873,2383,1300,1556,11,12.2,37,staircase1,no_load,135.568
9.789006,0.137683,wrist_roll,25.0,17.2161,44.989,30.9814,2400,1600,1492,0,12.2,37,staircase1,no_load,147.507
9.799161,0.147838,wrist_roll,25.0,18.0464,44.989,32.4756,2417,1600,1484,1,12.2,37,staircase1,no_load,147.139
9.809692,0.158369,wrist_roll,25.0,18.9255,44.989,34.0576,2435,1650,1432,0,12.3,37,staircase1,no_load,150.223
9.820366,0.169043,wrist_roll,25.0,19.7558,44.989,35.5518,2452,1650,1400,0,12.2,37,staircase1,no_load,139.985
9.831374,0.180051,wrist_roll,25.0,20.4884,44.989,36.8701,2467,1550,1332,0,12.3,37,staircase1,no_load,119.758
9.841533,0.19021,wrist_roll,25.0,21.1233,44.989,38.0127,2480,1550,1292,0,12.2,37,staircase1,no_load,112.472
9.852145,0.200822,wrist_roll,25.0,21.7094,44.989,39.0674,2492,1300,1216,0,12.3,37,staircase1,no_load,99.387
9.862419,0.211096,wrist_roll,25.0,22.149,44.989,39.8584,2501,950,1180,0,12.2,37,staircase1,no_load,76.99
9.872596,0.221273,wrist_roll,25.0,22.4908,44.989,40.4736,2508,950,1168,0,12.2,37,staircase1,no_load,60.45
9.882851,0.231528,wrist_roll,25.0,22.7839,44.989,41.001,2514,650,1144,0,12.2,37,staircase1,no_load,51.429
9.894098,0.242775,wrist_roll,25.0,23.0281,44.989,41.4404,2519,650,1148,1,12.2,37,staircase1,no_load,39.068
9.904467,0.253144,wrist_roll,25.0,23.2723,44.989,41.8799,2524,450,1128,1,12.2,37,staircase1,no_load,42.386
9.914809,0.263486,wrist_roll,25.0,23.4676,44.989,42.2314,2528,450,1128,0,12.2,37,staircase1,no_load,33.988
9.92492,0.273597,wrist_roll,25.0,23.6142,44.989,42.4951,2531,400,1112,1,12.2,70,staircase1,no_load,26.081
9.935273,0.28395,wrist_roll,25.0,23.8095,44.989,42.8467,2535,400,1104,0,12.2,37,staircase1,no_load,33.961
9.946091,0.294768,wrist_roll,25.0,23.9072,44.989,43.0225,2537,250,1096,1,12.2,37,staircase1,no_load,16.251
9.956976,0.305653,wrist_roll,25.0,24.0537,44.989,43.2861,2540,250,1088,1,12.2,38,staircase1,no_load,24.217
9.96773,0.316407,wrist_roll,25.0,24.1514,44.989,43.4619,2542,250,1088,0,12.2,37,staircase1,no_load,16.347
9.978748,0.327425,wrist_roll,25.0,24.2491,44.989,43.6377,2544,250,1080,0,12.2,37,staircase1,no_load,15.956
9.989597,0.338274,wrist_roll,25.0,24.3468,44.989,43.8135,2546,150,1076,1,12.2,37,staircase1,no_load,16.204
10.000291,0.348968,wrist_roll,25.0,24.3956,44.989,43.9014,2547,150,1072,1,12.2,37,staircase1,no_load,8.22
10.011014,0.359691,wrist_roll,25.0,24.4444,44.989,43.9893,2548,150,1068,0,12.2,37,staircase1,no_load,8.197
10.021959,0.370636,wrist_roll,25.0,24.4933,44.989,44.0771,2549,100,1064,0,12.2,37,staircase1,no_load,8.022
10.032715,0.381392,wrist_roll,25.0,24.591,44.989,44.2529,2551,100,1060,0,12.2,37,staircase1,no_load,16.344
10.043393,0.39207,wrist_roll,25.0,24.6398,44.989,44.3408,2552,100,1056,0,12.2,37,staircase1,no_load,8.232
10.05449,0.403167,wrist_roll,25.0,24.6398,44.989,44.3408,2552,100,1056,0,12.2,37,staircase1,no_load,0.0
10.064882,0.413559,wrist_roll,25.0,24.6886,44.989,44.4287,2553,100,1056,0,12.2,37,staircase1,no_load,8.458
10.075598,0.424275,wrist_roll,25.0,24.6886,44.989,44.4287,2553,100,1056,0,12.2,37,staircase1,no_load,0.0
10.086149,0.434826,wrist_roll,25.0,24.6886,44.989,44.4287,2553,0,1060,0,12.2,37,staircase1,no_load,0.0
10.097065,0.445742,wrist_roll,25.0,24.6886,44.989,44.4287,2553,0,1060,1,12.2,37,staircase1,no_load,0.0
10.107821,0.456498,wrist_roll,25.0,24.6886,44.989,44.4287,2553,0,1060,0,12.3,37,staircase1,no_load,0.0
10.118698,0.467375,wrist_roll,25.0,24.6886,44.989,44.4287,2553,0,1060,1,12.2,37,staircase1,no_load,0.0
10.129362,0.478039,wrist_roll,25.0,24.6886,44.989,44.4287,2553,0,1060,1,12.2,37,staircase1,no_load,0.0
10.139901,0.488577,wrist_roll,25.0,24.6886,44.989,44.4287,2553,0,1060,0,12.2,37,staircase1,no_load,0.0
10.151162,0.499839,wrist_roll,25.0,24.6886,44.989,44.4287,2553,0,1060,1,12.2,37,staircase1,no_load,0.0
10.161553,0.51023,wrist_roll,25.0,24.6886,44.989,44.4287,2553,0,1060,0,12.2,37,staircase1,no_load,0.0
10.172579,0.521256,wrist_roll,25.0,24.6886,44.989,44.4287,2553,0,1060,0,12.2,37,staircase1,no_load,0.0
10.183342,0.532019,wrist_roll,25.0,24.6886,44.989,44.4287,2553,0,1060,1,12.2,37,staircase1,no_load,0.0
10.193914,0.542591,wrist_roll,25.0,24.6886,44.989,44.4287,2553,0,1060,1,12.2,37,staircase1,no_load,0.0
10.204248,0.552925,wrist_roll,25.0,24.6886,44.989,44.4287,2553,0,1060,1,12.2,37,staircase1,no_load,0.0
10.214902,0.563579,wrist_roll,25.0,24.6886,44.989,44.4287,2553,0,1060,1,12.3,37,staircase1,no_load,0.0
10.225647,0.574323,wrist_roll,25.0,24.6886,44.989,44.4287,2553,0,1060,0,12.2,37,staircase1,no_load,0.0
10.2365,0.585177,wrist_roll,25.0,24.6886,44.989,44.4287,2553,0,1060,1,12.2,37,staircase1,no_load,0.0
10.247202,0.595879,wrist_roll,25.0,24.6886,44.989,44.4287,2553,0,1060,1,12.2,37,staircase1,no_load,0.0
10.257975,0.606652,wrist_roll,25.0,24.6886,44.989,44.4287,2553,0,1060,1,12.2,37,staircase1,no_load,0.0
10.268176,0.616853,wrist_roll,25.0,24.6886,44.989,44.4287,2553,0,1060,1,12.2,37,staircase1,no_load,0.0
10.279305,0.627982,wrist_roll,25.0,24.6886,44.989,44.4287,2553,0,1060,1,12.2,37,staircase1,no_load,0.0
10.289673,0.63835,wrist_roll,25.0,24.6886,44.989,44.4287,2553,0,1060,0,12.2,37,staircase1,no_load,0.0
10.300736,0.649413,wrist_roll,25.0,24.6886,44.989,44.4287,2553,0,1060,0,12.2,37,staircase1,no_load,0.0
10.311748,0.660425,wrist_roll,25.0,24.6886,44.989,44.4287,2553,0,1060,1,12.2,37,staircase1,no_load,0.0
10.322692,0.671369,wrist_roll,25.0,24.6886,44.989,44.4287,2553,0,1060,1,12.3,37,staircase1,no_load,0.0
10.333662,0.682339,wrist_roll,25.0,24.6886,44.989,44.4287,2553,0,1060,1,12.2,37,staircase1,no_load,0.0
10.344451,0.693128,wrist_roll,25.0,24.6886,44.989,44.4287,2553,0,1060,1,12.2,37,staircase1,no_load,0.0
10.354592,0.703269,wrist_roll,25.0,24.6886,44.989,44.4287,2553,0,1060,1,12.2,37,staircase1,no_load,0.0
10.365173,0.713849,wrist_roll,25.0,24.6886,44.989,44.4287,2553,0,1060,0,12.2,37,staircase1,no_load,0.0
10.375702,0.724379,wrist_roll,25.0,24.6886,44.989,44.4287,2553,0,1060,0,12.2,37,staircase1,no_load,0.0
10.386393,0.73507,wrist_roll,25.0,24.6886,44.989,44.4287,2553,0,1060,0,12.3,37,staircase1,no_load,0.0
10.397177,0.745854,wrist_roll,25.0,24.6886,44.989,44.4287,2553,0,1060,0,12.2,37,staircase1,no_load,0.0
10.407508,0.756185,wrist_roll,25.0,24.6886,44.989,44.4287,2553,0,1060,1,12.2,37,staircase1,no_load,0.0
10.41769,0.766367,wrist_roll,25.0,24.6886,44.989,44.4287,2553,0,1060,1,12.2,37,staircase1,no_load,0.0
10.428673,0.77735,wrist_roll,25.0,24.6886,44.989,44.4287,2553,0,1060,1,12.2,37,staircase1,no_load,0.0
10.438904,0.787581,wrist_roll,25.0,24.6886,44.989,44.4287,2553,0,1060,0,12.2,37,staircase1,no_load,0.0
10.449584,0.798261,wrist_roll,25.0,24.6886,44.989,44.4287,2553,0,1060,0,12.2,37,staircase1,no_load,0.0
10.460632,0.809309,wrist_roll,25.0,24.6886,44.989,44.4287,2553,0,1060,1,12.2,37,staircase1,no_load,0.0
10.471454,0.820131,wrist_roll,25.0,24.6886,44.989,44.4287,2553,0,1060,0,12.2,37,staircase1,no_load,0.0
10.481686,0.830363,wrist_roll,25.0,24.6886,44.989,44.4287,2553,0,1060,1,12.2,37,staircase1,no_load,0.0
10.491913,0.84059,wrist_roll,25.0,24.6886,44.989,44.4287,2553,0,1060,0,12.3,37,staircase1,no_load,0.0
10.502484,0.851161,wrist_roll,25.0,24.6886,44.989,44.4287,2553,0,1060,0,12.2,37,staircase1,no_load,0.0
10.512897,0.861574,wrist_roll,25.0,24.6886,44.989,44.4287,2553,0,1060,1,12.2,37,staircase1,no_load,0.0
10.523962,0.872639,wrist_roll,25.0,24.6886,44.989,44.4287,2553,0,1060,1,12.2,37,staircase1,no_load,0.0
10.53419,0.882867,wrist_roll,25.0,24.6886,44.989,44.4287,2553,0,1060,1,12.2,37,staircase1,no_load,0.0
10.54437,0.893047,wrist_roll,25.0,24.6886,44.989,44.4287,2553,0,1060,0,12.3,37,staircase1,no_load,0.0
10.555118,0.903795,wrist_roll,25.0,24.6886,44.989,44.4287,2553,0,1060,0,12.2,37,staircase1,no_load,0.0
10.565786,0.914463,wrist_roll,25.0,24.6886,44.989,44.4287,2553,0,1060,1,12.2,37,staircase1,no_load,0.0
10.5765,0.925177,wrist_roll,25.0,24.6886,44.989,44.4287,2553,0,1060,0,12.3,37,staircase1,no_load,0.0
10.587358,0.936035,wrist_roll,25.0,24.6886,44.989,44.4287,2553,0,1060,0,12.2,37,staircase1,no_load,0.0
10.598027,0.946703,wrist_roll,25.0,24.6886,44.989,44.4287,2553,0,1060,1,12.2,37,staircase1,no_load,0.0
10.609066,0.957743,wrist_roll,25.0,24.6886,44.989,44.4287,2553,0,1060,0,12.2,37,staircase1,no_load,0.0
10.619504,0.968181,wrist_roll,25.0,24.6886,44.989,44.4287,2553,0,1060,0,12.2,37,staircase1,no_load,0.0
10.630407,0.979084,wrist_roll,25.0,24.6886,44.989,44.4287,2553,0,1060,1,12.2,37,staircase1,no_load,0.0
10.64143,0.990106,wrist_roll,25.0,24.6886,44.989,44.4287,2553,0,1060,0,12.2,37,staircase1,no_load,0.0
10.652071,1.000748,wrist_roll,25.0,24.6886,44.989,44.4287,2553,0,1060,1,12.3,37,staircase1,no_load,0.0
10.662701,1.011378,wrist_roll,25.0,24.6886,44.989,44.4287,2553,0,1060,1,12.2,37,staircase1,no_load,0.0
10.673406,1.022083,wrist_roll,25.0,24.6886,44.989,44.4287,2553,0,1060,1,12.2,37,staircase1,no_load,0.0
10.683965,1.032642,wrist_roll,25.0,24.6886,44.989,44.4287,2553,0,1060,0,12.2,37,staircase1,no_load,0.0
10.694273,1.04295,wrist_roll,25.0,24.6886,44.989,44.4287,2553,0,1060,1,12.2,37,staircase1,no_load,0.0
10.705268,1.053945,wrist_roll,25.0,24.6886,44.989,44.4287,2553,0,1060,0,12.2,37,staircase1,no_load,0.0
10.715859,1.064536,wrist_roll,25.0,24.6886,44.989,44.4287,2553,0,1060,1,12.2,37,staircase1,no_load,0.0
10.725976,1.074653,wrist_roll,25.0,24.6886,44.989,44.4287,2553,0,1060,1,12.2,37,staircase1,no_load,0.0
10.737002,1.085679,wrist_roll,25.0,24.6886,44.989,44.4287,2553,0,1060,1,12.2,37,staircase1,no_load,0.0
10.747581,1.096258,wrist_roll,25.0,24.6886,44.989,44.4287,2553,0,1060,0,12.2,37,staircase1,no_load,0.0
10.758081,1.106757,wrist_roll,25.0,24.6886,44.989,44.4287,2553,0,1060,0,12.2,37,staircase1,no_load,0.0
10.769175,1.117852,wrist_roll,25.0,24.6886,44.989,44.4287,2553,0,1060,1,12.2,37,staircase1,no_load,0.0
10.780245,1.128921,wrist_roll,25.0,24.6886,44.989,44.4287,2553,0,1060,0,12.2,37,staircase1,no_load,0.0
10.791083,1.13976,wrist_roll,25.0,24.6886,44.989,44.4287,2553,0,1060,1,12.3,37,staircase1,no_load,0.0
10.802116,1.150793,wrist_roll,25.0,24.6886,44.989,44.4287,2553,0,1060,1,12.2,37,staircase1,no_load,0.0
10.812799,1.161476,wrist_roll,25.0,24.6886,44.989,44.4287,2553,0,1060,1,12.2,37,staircase1,no_load,0.0
10.823495,1.172172,wrist_roll,25.0,24.6886,44.989,44.4287,2553,0,1060,0,12.2,37,staircase1,no_load,0.0
10.833667,1.182344,wrist_roll,25.0,24.6886,44.989,44.4287,2553,0,1060,0,12.2,37,staircase1,no_load,0.0
10.844605,1.193282,wrist_roll,25.0,24.6886,44.989,44.4287,2553,0,1060,1,12.2,37,staircase1,no_load,0.0
10.855177,1.203854,wrist_roll,25.0,24.6886,44.989,44.4287,2553,0,1060,1,12.2,37,staircase1,no_load,0.0
10.86537,1.214047,wrist_roll,25.0,24.6886,44.989,44.4287,2553,0,1060,0,12.2,37,staircase1,no_load,0.0
10.875893,1.22457,wrist_roll,25.0,24.6886,44.989,44.4287,2553,0,1060,1,12.2,37,staircase1,no_load,0.0
10.886465,1.235142,wrist_roll,25.0,24.6886,44.989,44.4287,2553,0,1060,1,12.2,37,staircase1,no_load,0.0
10.896991,1.245668,wrist_roll,25.0,24.6886,44.989,44.4287,2553,0,1060,1,12.2,37,staircase1,no_load,0.0
10.907837,1.256514,wrist_roll,25.0,24.6886,44.989,44.4287,2553,0,1060,1,12.2,37,staircase1,no_load,0.0
10.918467,1.267144,wrist_roll,25.0,24.6886,44.989,44.4287,2553,0,1060,1,12.2,37,staircase1,no_load,0.0
10.929177,1.277853,wrist_roll,25.0,24.6886,44.989,44.4287,2553,0,1060,1,12.3,37,staircase1,no_load,0.0
10.939886,1.288563,wrist_roll,25.0,24.6886,44.989,44.4287,2553,0,1060,0,12.2,37,staircase1,no_load,0.0
10.950556,1.299233,wrist_roll,25.0,24.6886,44.989,44.4287,2553,0,1060,0,12.2,37,staircase1,no_load,0.0
10.961198,1.309875,wrist_roll,25.0,24.6886,44.989,44.4287,2553,0,1060,0,12.2,37,staircase1,no_load,0.0
10.971869,1.320546,wrist_roll,25.0,24.6886,44.989,44.4287,2553,0,1060,0,12.2,37,staircase1,no_load,0.0
10.982816,1.331493,wrist_roll,25.0,24.6886,44.989,44.4287,2553,0,1060,1,12.2,37,staircase1,no_load,0.0
10.993333,1.34201,wrist_roll,25.0,24.6886,44.989,44.4287,2553,0,1060,0,12.2,37,staircase1,no_load,0.0
11.003966,1.352643,wrist_roll,25.0,24.6886,44.989,44.4287,2553,0,1060,1,12.3,37,staircase1,no_load,0.0
11.014264,1.362941,wrist_roll,25.0,24.6886,44.989,44.4287,2553,0,1060,1,12.2,37,staircase1,no_load,0.0
11.024771,1.373447,wrist_roll,25.0,24.6886,44.989,44.4287,2553,0,1060,0,12.2,37,staircase1,no_load,0.0
11.035701,1.384378,wrist_roll,25.0,24.6886,44.989,44.4287,2553,0,1060,0,12.2,37,staircase1,no_load,0.0
11.045955,1.394632,wrist_roll,25.0,24.6886,44.989,44.4287,2553,0,1060,1,12.2,37,staircase1,no_load,0.0
11.05613,1.404807,wrist_roll,25.0,24.6886,44.989,44.4287,2553,0,1060,0,12.2,37,staircase1,no_load,0.0
11.0668,1.415477,wrist_roll,25.0,24.6886,44.989,44.4287,2553,0,1060,0,12.3,37,staircase1,no_load,0.0
11.077292,1.425969,wrist_roll,25.0,24.6886,44.989,44.4287,2553,0,1060,1,12.2,37,staircase1,no_load,0.0
11.08799,1.436667,wrist_roll,25.0,24.6886,44.989,44.4287,2553,0,1060,0,12.2,37,staircase1,no_load,0.0
11.098705,1.447382,wrist_roll,25.0,24.6886,44.989,44.4287,2553,0,1060,0,12.2,37,staircase1,no_load,0.0
11.109324,1.458,wrist_roll,25.0,24.6886,44.989,44.4287,2553,0,1060,0,12.2,37,staircase1,no_load,0.0
11.120162,1.468838,wrist_roll,25.0,24.6886,44.989,44.4287,2553,0,1060,0,12.2,37,staircase1,no_load,0.0
11.130393,1.47907,wrist_roll,25.0,24.6886,44.989,44.4287,2553,0,1060,0,12.2,37,staircase1,no_load,0.0
11.141217,1.489894,wrist_roll,25.0,24.6886,44.989,44.4287,2553,0,1060,0,12.2,37,staircase1,no_load,0.0
11.151445,1.500122,wrist_roll,25.0,24.6886,44.989,44.4287,2553,0,1060,1,12.2,37,staircase1,no_load,0.0
11.162113,1.51079,wrist_roll,25.0,24.6886,44.989,44.4287,2553,0,1060,0,12.2,37,staircase1,no_load,0.0
11.172764,1.521441,wrist_roll,25.0,24.6886,44.989,44.4287,2553,0,1060,1,12.2,37,staircase1,no_load,0.0
11.1836,1.532277,wrist_roll,25.0,24.6886,44.989,44.4287,2553,0,1060,1,12.2,37,staircase1,no_load,0.0
11.193842,1.542519,wrist_roll,25.0,24.6886,44.989,44.4287,2553,0,1060,0,12.2,37,staircase1,no_load,0.0
11.204519,1.553196,wrist_roll,25.0,24.6886,44.989,44.4287,2553,0,1060,1,12.2,37,staircase1,no_load,0.0
11.214997,1.563674,wrist_roll,25.0,24.6886,44.989,44.4287,2553,0,1060,1,12.2,37,staircase1,no_load,0.0
11.225312,1.573989,wrist_roll,25.0,24.6886,44.989,44.4287,2553,0,1060,1,12.2,37,staircase1,no_load,0.0
11.235979,1.584656,wrist_roll,25.0,24.6886,44.989,44.4287,2553,0,1060,0,12.3,37,staircase1,no_load,0.0
11.246623,1.5953,wrist_roll,25.0,24.6886,44.989,44.4287,2553,0,1060,1,12.2,37,staircase1,no_load,0.0
11.258555,6e-06,wrist_roll,37.5,24.6886,67.4835,44.4287,2553,0,1060,1,12.2,37,staircase1,no_load,0.0
11.269244,0.010696,wrist_roll,37.5,24.6886,67.4835,44.4287,2553,0,1068,1,12.2,37,staircase1,no_load,0.0
11.280153,0.021605,wrist_roll,37.5,24.6886,67.4835,44.4287,2553,0,1100,3,12.2,37,staircase1,no_load,0.0
11.290987,0.032439,wrist_roll,37.5,24.6886,67.4835,44.4287,2553,0,1132,5,12.2,37,staircase1,no_load,0.0
11.301705,0.043157,wrist_roll,37.5,24.7863,67.4835,44.6045,2555,0,1212,7,12.2,37,staircase1,no_load,16.402
11.312059,0.053511,wrist_roll,37.5,24.9817,67.4835,44.9561,2559,250,1244,11,12.2,37,staircase1,no_load,33.958
11.322582,0.064034,wrist_roll,37.5,25.2259,67.4835,45.3955,2564,250,1308,12,12.2,37,staircase1,no_load,41.756
11.333757,0.075209,wrist_roll,37.5,25.6654,67.4835,46.1865,2573,500,1376,16,12.1,37,staircase1,no_load,70.783
11.344724,0.086176,wrist_roll,37.5,26.1538,67.4835,47.0654,2583,500,1428,20,12.2,37,staircase1,no_load,80.14
11.355002,0.096454,wrist_roll,37.5,26.6911,67.4835,48.0322,2594,900,1496,25,11.7,37,staircase1,no_load,94.065
11.365677,0.107129,wrist_roll,37.5,27.3748,67.4835,49.2627,2608,900,1540,23,12.1,37,staircase1,no_load,115.269
11.376968,0.11842,wrist_roll,37.5,28.1563,67.4835,50.6689,2624,1250,1556,18,12.2,37,staircase1,no_load,124.542
11.3871,0.128552,wrist_roll,37.5,28.9866,67.4835,52.1631,2641,1550,1568,12,12.2,37,staircase1,no_load,147.473
11.397964,0.139416,wrist_roll,37.5,29.8657,67.4835,53.7451,2659,1550,1500,2,12.2,37,staircase1,no_load,145.619
11.408105,0.149557,wrist_roll,37.5,30.7937,67.4835,55.415,2678,1750,1488,2,12.2,37,staircase1,no_load,164.668
11.418722,0.160174,wrist_roll,37.5,31.5751,67.4835,56.8213,2694,1750,1424,0,12.2,37,staircase1,no_load,132.457
11.429447,0.170898,wrist_roll,37.5,32.4054,67.4835,58.3154,2711,1550,1392,0,12.2,37,staircase1,no_load,139.31
11.439683,0.181135,wrist_roll,37.5,33.138,67.4835,59.6338,2726,1550,1336,0,12.2,37,staircase1,no_load,128.8
11.450406,0.191857,wrist_roll,37.5,33.7241,67.4835,60.6885,2738,1350,1284,0,12.3,37,staircase1,no_load,98.359
11.461198,0.202649,wrist_roll,37.5,34.3101,67.4835,61.7432,2750,1350,1204,0,12.2,42,staircase1,no_load,97.73
11.472249,0.213701,wrist_roll,37.5,34.7497,67.4835,62.5342,2759,1050,1180,0,12.2,37,staircase1,no_load,71.577
11.482545,0.223997,wrist_roll,37.5,35.1404,67.4835,63.2373,2767,1050,1156,0,12.2,37,staircase1,no_load,68.289
11.493913,0.235364,wrist_roll,37.5,35.3846,67.4835,63.6768,2772,650,1156,0,12.2,37,staircase1,no_load,38.661
11.504449,0.245901,wrist_roll,37.5,35.6288,67.4835,64.1162,2777,650,1136,0,12.2,37,staircase1,no_load,41.705
11.514981,0.256433,wrist_roll,37.5,35.8242,67.4835,64.4678,2781,450,1136,0,12.2,37,staircase1,no_load,33.384
11.525972,0.267424,wrist_roll,37.5,36.0684,67.4835,64.9072,2786,400,1120,1,12.2,37,staircase1,no_load,39.978
11.536399,0.277851,wrist_roll,37.5,36.1661,67.4835,65.083,2788,400,1112,1,12.2,37,staircase1,no_load,16.86
11.547386,0.288837,wrist_roll,37.5,36.3614,67.4835,65.4346,2792,250,1100,0,12.2,37,staircase1,no_load,32.001
11.557901,0.299352,wrist_roll,37.5,36.4591,67.4835,65.6104,2794,250,1096,0,12.2,37,staircase1,no_load,16.719
11.56844,0.309892,wrist_roll,37.5,36.5568,67.4835,65.7861,2796,250,1084,0,12.2,37,staircase1,no_load,16.671
11.579253,0.320705,wrist_roll,37.5,36.7033,67.4835,66.0498,2799,250,1084,0,12.2,37,staircase1,no_load,24.387
11.589943,0.331395,wrist_roll,37.5,36.7521,67.4835,66.1377,2800,200,1080,0,12.2,37,staircase1,no_load,8.223
11.600595,0.342047,wrist_roll,37.5,36.8498,67.4835,66.3135,2802,200,1072,1,12.2,37,staircase1,no_load,16.504
11.61128,0.352732,wrist_roll,37.5,36.8987,67.4835,66.4014,2803,100,1076,0,12.2,37,staircase1,no_load,8.226
11.622214,0.363665,wrist_roll,37.5,36.9963,67.4835,66.5771,2805,100,1068,0,12.2,37,staircase1,no_load,16.069
11.633273,0.374725,wrist_roll,37.5,37.0452,67.4835,66.665,2806,150,1060,0,12.2,37,staircase1,no_load,7.948
11.643769,0.38522,wrist_roll,37.5,37.094,67.4835,66.7529,2807,150,1056,1,12.2,37,staircase1,no_load,8.375
11.654264,0.395716,wrist_roll,37.5,37.094,67.4835,66.7529,2807,100,1064,0,12.2,37,staircase1,no_load,0.0
11.664832,0.406283,wrist_roll,37.5,37.1429,67.4835,66.8408,2808,50,1060,0,12.2,37,staircase1,no_load,8.318
11.675412,0.416864,wrist_roll,37.5,37.1429,67.4835,66.8408,2808,50,1060,0,12.2,37,staircase1,no_load,0.0
11.685842,0.427294,wrist_roll,37.5,37.1429,67.4835,66.8408,2808,0,1060,0,12.2,37,staircase1,no_load,0.0
11.696608,0.43806,wrist_roll,37.5,37.1429,67.4835,66.8408,2808,0,1064,1,12.2,37,staircase1,no_load,0.0
11.707685,0.449137,wrist_roll,37.5,37.1429,67.4835,66.8408,2808,0,1064,1,12.2,37,staircase1,no_load,0.0
11.718663,0.460115,wrist_roll,37.5,37.1429,67.4835,66.8408,2808,0,1064,1,12.2,37,staircase1,no_load,0.0
11.729712,0.471163,wrist_roll,37.5,37.1429,67.4835,66.8408,2808,0,1064,0,12.2,37,staircase1,no_load,0.0
11.740762,0.482214,wrist_roll,37.5,37.1917,67.4835,66.9287,2809,0,1060,0,12.2,37,staircase1,no_load,7.955
11.751823,0.493274,wrist_roll,37.5,37.2405,67.4835,67.0166,2810,50,1048,0,12.2,37,staircase1,no_load,7.947
11.762533,0.503985,wrist_roll,37.5,37.2405,67.4835,67.0166,2810,50,1048,0,12.2,37,staircase1,no_load,0.0
11.773607,0.515059,wrist_roll,37.5,37.2894,67.4835,67.1045,2811,50,1048,0,12.2,37,staircase1,no_load,7.938
11.783834,0.525286,wrist_roll,37.5,37.3382,67.4835,67.1924,2812,100,1044,0,12.2,37,staircase1,no_load,8.595
11.79411,0.535561,wrist_roll,37.5,37.3382,67.4835,67.1924,2812,100,1044,0,12.2,37,staircase1,no_load,0.0
11.804371,0.545823,wrist_roll,37.5,37.3382,67.4835,67.1924,2812,0,1044,0,12.2,37,staircase1,no_load,0.0
11.81465,0.556101,wrist_roll,37.5,37.3382,67.4835,67.1924,2812,0,1048,0,12.2,37,staircase1,no_load,0.0
11.824814,0.566266,wrist_roll,37.5,37.3382,67.4835,67.1924,2812,0,1048,0,12.2,37,staircase1,no_load,0.0
11.835027,0.576478,wrist_roll,37.5,37.3382,67.4835,67.1924,2812,0,1048,0,12.2,37,staircase1,no_load,0.0
11.845612,0.587064,wrist_roll,37.5,37.3382,67.4835,67.1924,2812,0,1048,0,12.2,37,staircase1,no_load,0.0
11.856667,0.598119,wrist_roll,37.5,37.3382,67.4835,67.1924,2812,0,1048,0,12.2,37,staircase1,no_load,0.0
11.867253,0.608705,wrist_roll,37.5,37.3382,67.4835,67.1924,2812,0,1048,0,12.3,37,staircase1,no_load,0.0
11.878366,0.619817,wrist_roll,37.5,37.3382,67.4835,67.1924,2812,0,1048,1,12.2,37,staircase1,no_load,0.0
11.888775,0.630227,wrist_roll,37.5,37.3382,67.4835,67.1924,2812,0,1048,0,12.2,37,staircase1,no_load,0.0
11.899423,0.640875,wrist_roll,37.5,37.3382,67.4835,67.1924,2812,0,1048,1,12.3,37,staircase1,no_load,0.0
11.910061,0.651513,wrist_roll,37.5,37.3382,67.4835,67.1924,2812,0,1048,0,12.2,37,staircase1,no_load,0.0
11.921388,0.662839,wrist_roll,37.5,37.3382,67.4835,67.1924,2812,0,1048,0,12.2,37,staircase1,no_load,0.0
11.932092,0.673543,wrist_roll,37.5,37.3382,67.4835,67.1924,2812,0,1048,0,12.2,37,staircase1,no_load,0.0
11.943292,0.684744,wrist_roll,37.5,37.3382,67.4835,67.1924,2812,0,1048,0,12.2,37,staircase1,no_load,0.0
11.953843,0.695294,wrist_roll,37.5,37.3382,67.4835,67.1924,2812,0,1048,1,12.2,37,staircase1,no_load,0.0
11.964431,0.705883,wrist_roll,37.5,37.3382,67.4835,67.1924,2812,0,1048,1,12.3,37,staircase1,no_load,0.0
11.975341,0.716793,wrist_roll,37.5,37.3382,67.4835,67.1924,2812,0,1048,1,12.2,37,staircase1,no_load,0.0
11.986055,0.727506,wrist_roll,37.5,37.3382,67.4835,67.1924,2812,0,1048,1,12.2,37,staircase1,no_load,0.0
11.997049,0.738501,wrist_roll,37.5,37.3382,67.4835,67.1924,2812,0,1048,0,12.2,37,staircase1,no_load,0.0
12.008153,0.749605,wrist_roll,37.5,37.3382,67.4835,67.1924,2812,0,1048,0,12.2,37,staircase1,no_load,0.0
12.018337,0.759788,wrist_roll,37.5,37.3382,67.4835,67.1924,2812,0,1048,1,12.2,37,staircase1,no_load,0.0
12.028996,0.770447,wrist_roll,37.5,37.3382,67.4835,67.1924,2812,0,1048,0,12.2,37,staircase1,no_load,0.0
12.039666,0.781118,wrist_roll,37.5,37.3382,67.4835,67.1924,2812,0,1048,0,12.2,37,staircase1,no_load,0.0
12.049959,0.791411,wrist_roll,37.5,37.3382,67.4835,67.1924,2812,0,1048,0,12.2,37,staircase1,no_load,0.0
12.060845,0.802296,wrist_roll,37.5,37.3382,67.4835,67.1924,2812,0,1048,0,12.3,37,staircase1,no_load,0.0
12.071505,0.812957,wrist_roll,37.5,37.3382,67.4835,67.1924,2812,0,1048,0,12.2,37,staircase1,no_load,0.0
12.082171,0.823623,wrist_roll,37.5,37.3382,67.4835,67.1924,2812,0,1048,1,12.3,37,staircase1,no_load,0.0
12.092536,0.833988,wrist_roll,37.5,37.3382,67.4835,67.1924,2812,0,1048,0,12.2,37,staircase1,no_load,0.0
12.103197,0.844649,wrist_roll,37.5,37.3382,67.4835,67.1924,2812,0,1048,0,12.2,37,staircase1,no_load,0.0
12.113912,0.855363,wrist_roll,37.5,37.3382,67.4835,67.1924,2812,0,1048,1,12.2,37,staircase1,no_load,0.0
12.124643,0.866095,wrist_roll,37.5,37.3382,67.4835,67.1924,2812,0,1048,0,12.2,37,staircase1,no_load,0.0
12.13536,0.876811,wrist_roll,37.5,37.3382,67.4835,67.1924,2812,0,1048,0,12.2,37,staircase1,no_load,0.0
12.146846,0.888297,wrist_roll,37.5,37.3382,67.4835,67.1924,2812,0,1048,0,12.2,37,staircase1,no_load,0.0
12.15783,0.899282,wrist_roll,37.5,37.3382,67.4835,67.1924,2812,0,1048,0,12.2,37,staircase1,no_load,0.0
12.168547,0.909999,wrist_roll,37.5,37.3382,67.4835,67.1924,2812,0,1048,0,12.2,37,staircase1,no_load,0.0
12.178948,0.9204,wrist_roll,37.5,37.3382,67.4835,67.1924,2812,0,1048,1,12.2,37,staircase1,no_load,0.0
12.189978,0.93143,wrist_roll,37.5,37.3382,67.4835,67.1924,2812,0,1048,0,12.2,37,staircase1,no_load,0.0
12.200358,0.94181,wrist_roll,37.5,37.3382,67.4835,67.1924,2812,0,1048,0,12.2,37,staircase1,no_load,0.0
12.211443,0.952895,wrist_roll,37.5,37.3382,67.4835,67.1924,2812,0,1048,0,12.2,37,staircase1,no_load,0.0
12.221738,0.963189,wrist_roll,37.5,37.3382,67.4835,67.1924,2812,0,1048,0,12.2,37,staircase1,no_load,0.0
12.23243,0.973882,wrist_roll,37.5,37.3382,67.4835,67.1924,2812,0,1048,0,12.2,37,staircase1,no_load,0.0
12.242728,0.98418,wrist_roll,37.5,37.3382,67.4835,67.1924,2812,0,1048,0,12.2,37,staircase1,no_load,0.0
12.253248,0.9947,wrist_roll,37.5,37.3382,67.4835,67.1924,2812,0,1048,0,12.2,37,staircase1,no_load,0.0
12.263493,1.004944,wrist_roll,37.5,37.3382,67.4835,67.1924,2812,0,1048,0,12.2,37,staircase1,no_load,0.0
12.274345,1.015796,wrist_roll,37.5,37.3382,67.4835,67.1924,2812,0,1048,0,12.2,37,staircase1,no_load,0.0
12.284956,1.026408,wrist_roll,37.5,37.3382,67.4835,67.1924,2812,0,1048,0,12.2,37,staircase1,no_load,0.0
12.295298,1.036749,wrist_roll,37.5,37.3382,67.4835,67.1924,2812,0,1048,0,12.2,37,staircase1,no_load,0.0
12.305555,1.047007,wrist_roll,37.5,37.3382,67.4835,67.1924,2812,0,1048,0,12.3,37,staircase1,no_load,0.0
12.316221,1.057673,wrist_roll,37.5,37.3382,67.4835,67.1924,2812,0,1048,0,12.2,37,staircase1,no_load,0.0
12.326849,1.068301,wrist_roll,37.5,37.3382,67.4835,67.1924,2812,0,1048,0,12.2,37,staircase1,no_load,0.0
12.337453,1.078904,wrist_roll,37.5,37.3382,67.4835,67.1924,2812,0,1048,0,12.2,37,staircase1,no_load,0.0
12.347718,1.08917,wrist_roll,37.5,37.3382,67.4835,67.1924,2812,0,1048,0,12.2,37,staircase1,no_load,0.0
12.358377,1.099829,wrist_roll,37.5,37.3382,67.4835,67.1924,2812,0,1048,0,12.2,37,staircase1,no_load,0.0
12.369147,1.110598,wrist_roll,37.5,37.3382,67.4835,67.1924,2812,0,1048,0,12.2,37,staircase1,no_load,0.0
12.379412,1.120863,wrist_roll,37.5,37.3382,67.4835,67.1924,2812,0,1048,0,12.2,37,staircase1,no_load,0.0
12.389615,1.131067,wrist_roll,37.5,37.3382,67.4835,67.1924,2812,0,1048,0,12.2,37,staircase1,no_load,0.0
12.400074,1.141526,wrist_roll,37.5,37.3382,67.4835,67.1924,2812,0,1048,0,12.2,37,staircase1,no_load,0.0
12.410749,1.152201,wrist_roll,37.5,37.3382,67.4835,67.1924,2812,0,1048,0,12.2,37,staircase1,no_load,0.0
12.421385,1.162837,wrist_roll,37.5,37.3382,67.4835,67.1924,2812,0,1048,0,12.2,37,staircase1,no_load,0.0
12.432127,1.173578,wrist_roll,37.5,37.3382,67.4835,67.1924,2812,0,1048,0,12.2,37,staircase1,no_load,0.0
12.442365,1.183817,wrist_roll,37.5,37.3382,67.4835,67.1924,2812,0,1048,0,12.2,37,staircase1,no_load,0.0
12.452566,1.194018,wrist_roll,37.5,37.3382,67.4835,67.1924,2812,0,1048,0,12.2,37,staircase1,no_load,0.0
12.463488,1.20494,wrist_roll,37.5,37.3382,67.4835,67.1924,2812,0,1048,1,12.2,37,staircase1,no_load,0.0
12.474142,1.215594,wrist_roll,37.5,37.3382,67.4835,67.1924,2812,0,1048,0,12.2,37,staircase1,no_load,0.0
12.48491,1.226362,wrist_roll,37.5,37.3382,67.4835,67.1924,2812,0,1048,0,12.2,37,staircase1,no_load,0.0
12.495669,1.237121,wrist_roll,37.5,37.3382,67.4835,67.1924,2812,0,1048,1,12.2,38,staircase1,no_load,0.0
12.506735,1.248187,wrist_roll,37.5,37.3382,67.4835,67.1924,2812,0,1048,0,12.2,37,staircase1,no_load,0.0
12.517396,1.258848,wrist_roll,37.5,37.3382,67.4835,67.1924,2812,0,1048,1,12.2,37,staircase1,no_load,0.0
12.528583,1.270035,wrist_roll,37.5,37.3382,67.4835,67.1924,2812,0,1048,0,12.2,37,staircase1,no_load,0.0
12.539239,1.280691,wrist_roll,37.5,37.3382,67.4835,67.1924,2812,0,1048,0,12.2,37,staircase1,no_load,0.0
12.550109,1.291561,wrist_roll,37.5,37.3382,67.4835,67.1924,2812,0,1048,1,12.2,37,staircase1,no_load,0.0
12.560908,1.30236,wrist_roll,37.5,37.3382,67.4835,67.1924,2812,0,1048,1,12.2,37,staircase1,no_load,0.0
12.571509,1.312961,wrist_roll,37.5,37.3382,67.4835,67.1924,2812,0,1048,0,12.2,37,staircase1,no_load,0.0
12.582139,1.323591,wrist_roll,37.5,37.3382,67.4835,67.1924,2812,0,1048,0,12.2,37,staircase1,no_load,0.0
12.592753,1.334205,wrist_roll,37.5,37.3382,67.4835,67.1924,2812,0,1048,1,12.2,37,staircase1,no_load,0.0
12.603025,1.344477,wrist_roll,37.5,37.3382,67.4835,67.1924,2812,0,1048,0,12.2,37,staircase1,no_load,0.0
12.61363,1.355081,wrist_roll,37.5,37.3382,67.4835,67.1924,2812,0,1048,0,12.3,37,staircase1,no_load,0.0
12.624704,1.366155,wrist_roll,37.5,37.3382,67.4835,67.1924,2812,0,1048,0,12.2,37,staircase1,no_load,0.0
12.63535,1.376802,wrist_roll,37.5,37.3382,67.4835,67.1924,2812,0,1048,0,12.3,37,staircase1,no_load,0.0
12.646415,1.387867,wrist_roll,37.5,37.3382,67.4835,67.1924,2812,0,1048,1,12.2,37,staircase1,no_load,0.0
12.657118,1.39857,wrist_roll,37.5,37.3382,67.4835,67.1924,2812,0,1048,0,12.3,37,staircase1,no_load,0.0
12.667777,1.409229,wrist_roll,37.5,37.3382,67.4835,67.1924,2812,0,1048,0,12.2,37,staircase1,no_load,0.0
12.678809,1.42026,wrist_roll,37.5,37.3382,67.4835,67.1924,2812,0,1048,0,12.3,37,staircase1,no_load,0.0
12.688968,1.43042,wrist_roll,37.5,37.3382,67.4835,67.1924,2812,0,1048,1,12.2,38,staircase1,no_load,0.0
12.700085,1.441537,wrist_roll,37.5,37.3382,67.4835,67.1924,2812,0,1048,0,12.2,37,staircase1,no_load,0.0
12.711093,1.452545,wrist_roll,37.5,37.3382,67.4835,67.1924,2812,0,1048,0,12.2,37,staircase1,no_load,0.0
12.722088,1.46354,wrist_roll,37.5,37.3382,67.4835,67.1924,2812,0,1048,1,12.2,37,staircase1,no_load,0.0
12.732667,1.474119,wrist_roll,37.5,37.3382,67.4835,67.1924,2812,0,1048,0,12.2,37,staircase1,no_load,0.0
12.743706,1.485157,wrist_roll,37.5,37.3382,67.4835,67.1924,2812,0,1048,1,12.2,37,staircase1,no_load,0.0
12.753969,1.495421,wrist_roll,37.5,37.3382,67.4835,67.1924,2812,0,1048,0,12.2,37,staircase1,no_load,0.0
12.764964,1.506416,wrist_roll,37.5,37.3382,67.4835,67.1924,2812,0,1048,0,12.2,37,staircase1,no_load,0.0
12.776027,1.517479,wrist_roll,37.5,37.3382,67.4835,67.1924,2812,0,1048,0,12.2,37,staircase1,no_load,0.0
12.786564,1.528015,wrist_roll,37.5,37.3382,67.4835,67.1924,2812,0,1048,0,12.2,37,staircase1,no_load,0.0
12.797106,1.538558,wrist_roll,37.5,37.3382,67.4835,67.1924,2812,0,1048,0,12.2,37,staircase1,no_load,0.0
12.807721,1.549173,wrist_roll,37.5,37.3382,67.4835,67.1924,2812,0,1048,0,12.2,37,staircase1,no_load,0.0
12.818247,1.559699,wrist_roll,37.5,37.3382,67.4835,67.1924,2812,0,1048,0,12.2,37,staircase1,no_load,0.0
12.828867,1.570318,wrist_roll,37.5,37.3382,67.4835,67.1924,2812,0,1048,0,12.2,37,staircase1,no_load,0.0
12.839481,1.580933,wrist_roll,37.5,37.3382,67.4835,67.1924,2812,0,1048,0,12.2,37,staircase1,no_load,0.0
12.850126,1.591578,wrist_roll,37.5,37.3382,67.4835,67.1924,2812,0,1048,0,12.2,37,staircase1,no_load,0.0
12.861396,2e-06,wrist_roll,50.0,37.3382,89.978,67.1924,2812,0,1048,0,12.2,37,staircase1,no_load,0.0
12.872044,0.010651,wrist_roll,50.0,37.3382,89.978,67.1924,2812,0,1056,1,12.2,37,staircase1,no_load,0.0
12.88292,0.021526,wrist_roll,50.0,37.3382,89.978,67.1924,2812,0,1092,2,12.2,37,staircase1,no_load,0.0
12.893505,0.032112,wrist_roll,50.0,37.3382,89.978,67.1924,2812,0,1124,3,12.2,38,staircase1,no_load,0.0
12.904166,0.042772,wrist_roll,50.0,37.4359,89.978,67.3682,2814,0,1196,7,12.2,37,staircase1,no_load,16.49
12.914626,0.053232,wrist_roll,50.0,37.5824,89.978,67.6318,2817,200,1236,7,12.1,37,staircase1,no_load,25.201
12.925459,0.064066,wrist_roll,50.0,37.8266,89.978,68.0713,2822,200,1304,12,12.2,37,staircase1,no_load,40.57
12.935975,0.074581,wrist_roll,50.0,38.2173,89.978,68.7744,2830,550,1352,17,12.2,37,staircase1,no_load,66.86
12.946561,0.085167,wrist_roll,50.0,38.7057,89.978,69.6533,2840,550,1416,17,12.2,37,staircase1,no_load,83.025
12.957302,0.095909,wrist_roll,50.0,39.1941,89.978,70.5322,2850,900,1488,23,12.2,37,staircase1,no_load,81.827
12.967517,0.106124,wrist_roll,50.0,39.8779,89.978,71.7627,2864,900,1540,23,12.2,37,staircase1,no_load,120.46
12.978243,0.116849,wrist_roll,50.0,40.6593,89.978,73.1689,2880,1250,1540,16,12.2,37,staircase1,no_load,131.102
12.989071,0.127678,wrist_roll,50.0,41.5385,89.978,74.751,2898,1250,1552,14,12.2,37,staircase1,no_load,146.112
12.999819,0.138425,wrist_roll,50.0,42.3687,89.978,76.2451,2915,1550,1500,2,12.2,37,staircase1,no_load,139.012
13.010529,0.149136,wrist_roll,50.0,43.2479,89.978,77.8271,2933,1700,1488,3,12.2,37,staircase1,no_load,147.712
13.021646,0.160252,wrist_roll,50.0,44.127,89.978,79.4092,2951,1700,1420,0,12.2,37,staircase1,no_load,142.314
13.032291,0.170898,wrist_roll,50.0,44.9084,89.978,80.8154,2967,1550,1392,0,12.3,37,staircase1,no_load,132.1
13.042952,0.181559,wrist_roll,50.0,45.641,89.978,82.1338,2982,1550,1324,0,12.3,37,staircase1,no_load,123.666
13.054056,0.192662,wrist_roll,50.0,46.2759,89.978,83.2764,2995,1300,1276,0,12.2,37,staircase1,no_load,102.9
13.064701,0.203307,wrist_roll,50.0,46.862,89.978,84.3311,3007,1300,1212,0,12.2,37,staircase1,no_load,99.079
13.075322,0.213928,wrist_roll,50.0,47.3016,89.978,85.1221,3016,1000,1180,0,12.2,37,staircase1,no_load,74.475
13.086016,0.224622,wrist_roll,50.0,47.6435,89.978,85.7373,3023,1000,1152,0,12.2,37,staircase1,no_load,57.528
13.096367,0.234973,wrist_roll,50.0,47.9365,89.978,86.2646,3029,650,1152,0,12.2,37,staircase1,no_load,50.942
13.106991,0.245598,wrist_roll,50.0,48.1807,89.978,86.7041,3034,650,1132,0,12.2,37,staircase1,no_load,41.369
13.117588,0.256195,wrist_roll,50.0,48.3272,89.978,86.9678,3037,500,1136,1,12.2,37,staircase1,no_load,24.884
13.128009,0.266616,wrist_roll,50.0,48.5226,89.978,87.3193,3041,500,1124,0,12.3,37,staircase1,no_load,33.73
13.138727,0.277333,wrist_roll,50.0,48.7179,89.978,87.6709,3045,350,1112,1,12.2,37,staircase1,no_load,32.805
13.149089,0.287696,wrist_roll,50.0,48.8645,89.978,87.9346,3048,300,1100,0,12.2,37,staircase1,no_load,25.449
13.159316,0.297923,wrist_roll,50.0,48.9621,89.978,88.1104,3050,300,1100,0,12.2,37,staircase1,no_load,17.19
13.169671,0.308277,wrist_roll,50.0,49.0598,89.978,88.2861,3052,200,1092,1,12.2,37,staircase1,no_load,16.968
13.180251,0.318858,wrist_roll,50.0,49.2063,89.978,88.5498,3055,200,1084,0,12.2,37,staircase1,no_load,24.924
13.191246,0.329852,wrist_roll,50.0,49.2552,89.978,88.6377,3056,200,1076,1,12.2,38,staircase1,no_load,7.995
13.201324,0.339931,wrist_roll,50.0,49.3529,89.978,88.8135,3058,200,1072,0,12.2,37,staircase1,no_load,17.444
13.211533,0.350139,wrist_roll,50.0,49.4017,89.978,88.9014,3059,150,1068,0,12.2,37,staircase1,no_load,8.61
13.221777,0.360383,wrist_roll,50.0,49.4505,89.978,88.9893,3060,150,1064,0,12.2,37,staircase1,no_load,8.581
13.232392,0.370998,wrist_roll,50.0,49.4994,89.978,89.0771,3061,100,1064,0,12.2,37,staircase1,no_load,8.271
13.243308,0.381914,wrist_roll,50.0,49.5482,89.978,89.165,3062,100,1060,0,12.2,37,staircase1,no_load,8.052
13.254065,0.392672,wrist_roll,50.0,49.5971,89.978,89.2529,3063,100,1064,0,12.2,37,staircase1,no_load,8.171
13.264716,0.403323,wrist_roll,50.0,49.5971,89.978,89.2529,3063,100,1064,0,12.2,37,staircase1,no_load,0.0
13.274866,0.413473,wrist_roll,50.0,49.6459,89.978,89.3408,3064,0,1060,0,12.2,38,staircase1,no_load,8.66
13.285459,0.424066,wrist_roll,50.0,49.6947,89.978,89.4287,3065,0,1056,0,12.2,37,staircase1,no_load,8.298
13.296526,0.435133,wrist_roll,50.0,49.6947,89.978,89.4287,3065,100,1056,0,12.2,37,staircase1,no_load,0.0
13.306941,0.445548,wrist_roll,50.0,49.7436,89.978,89.5166,3066,100,1052,0,12.2,37,staircase1,no_load,8.44
13.317361,0.455968,wrist_roll,50.0,49.7924,89.978,89.6045,3067,50,1044,0,12.2,37,staircase1,no_load,8.436
13.328011,0.466617,wrist_roll,50.0,49.7924,89.978,89.6045,3067,50,1044,0,12.2,37,staircase1,no_load,0.0
13.338551,0.477157,wrist_roll,50.0,49.7924,89.978,89.6045,3067,50,1052,0,12.2,37,staircase1,no_load,0.0
13.349169,0.487776,wrist_roll,50.0,49.7924,89.978,89.6045,3067,0,1052,1,12.2,37,staircase1,no_load,0.0
13.359417,0.498024,wrist_roll,50.0,49.7924,89.978,89.6045,3067,0,1052,0,12.2,37,staircase1,no_load,0.0
13.3703,0.508906,wrist_roll,50.0,49.7924,89.978,89.6045,3067,0,1052,1,12.2,37,staircase1,no_load,0.0
13.380934,0.519541,wrist_roll,50.0,49.7924,89.978,89.6045,3067,0,1052,1,12.2,37,staircase1,no_load,0.0
13.391426,0.530033,wrist_roll,50.0,49.7924,89.978,89.6045,3067,0,1052,1,12.2,37,staircase1,no_load,0.0
13.401811,0.540418,wrist_roll,50.0,49.7924,89.978,89.6045,3067,0,1052,1,12.2,37,staircase1,no_load,0.0
13.412114,0.55072,wrist_roll,50.0,49.7924,89.978,89.6045,3067,0,1052,0,12.2,37,staircase1,no_load,0.0
13.42241,0.561017,wrist_roll,50.0,49.7924,89.978,89.6045,3067,0,1052,0,12.2,37,staircase1,no_load,0.0
13.433438,0.572044,wrist_roll,50.0,49.7924,89.978,89.6045,3067,0,1052,0,12.2,37,staircase1,no_load,0.0
13.444384,0.582991,wrist_roll,50.0,49.7924,89.978,89.6045,3067,0,1052,0,12.2,37,staircase1,no_load,0.0
13.455409,0.594016,wrist_roll,50.0,49.7924,89.978,89.6045,3067,0,1052,1,12.2,37,staircase1,no_load,0.0
13.466009,0.604616,wrist_roll,50.0,49.7924,89.978,89.6045,3067,0,1052,0,12.2,37,staircase1,no_load,0.0
13.476596,0.615203,wrist_roll,50.0,49.7924,89.978,89.6045,3067,0,1052,1,12.2,37,staircase1,no_load,0.0
13.487715,0.626321,wrist_roll,50.0,49.7924,89.978,89.6045,3067,0,1052,0,12.2,37,staircase1,no_load,0.0
13.498731,0.637338,wrist_roll,50.0,49.7924,89.978,89.6045,3067,0,1052,0,12.3,37,staircase1,no_load,0.0
13.509756,0.648362,wrist_roll,50.0,49.7924,89.978,89.6045,3067,0,1052,1,12.2,37,staircase1,no_load,0.0
13.520454,0.65906,wrist_roll,50.0,49.7924,89.978,89.6045,3067,0,1052,0,12.3,37,staircase1,no_load,0.0
13.530911,0.669518,wrist_roll,50.0,49.7924,89.978,89.6045,3067,0,1052,0,12.2,37,staircase1,no_load,0.0
13.54104,0.679647,wrist_roll,50.0,49.7924,89.978,89.6045,3067,0,1052,0,12.2,37,staircase1,no_load,0.0
13.551516,0.690123,wrist_roll,50.0,49.7924,89.978,89.6045,3067,0,1052,0,12.2,37,staircase1,no_load,0.0
13.5617,0.700307,wrist_roll,50.0,49.7924,89.978,89.6045,3067,0,1052,1,12.2,37,staircase1,no_load,0.0
13.571786,0.710392,wrist_roll,50.0,49.7924,89.978,89.6045,3067,0,1052,1,12.2,37,staircase1,no_load,0.0
13.582001,0.720608,wrist_roll,50.0,49.7924,89.978,89.6045,3067,0,1052,1,12.2,37,staircase1,no_load,0.0
13.593045,0.731651,wrist_roll,50.0,49.7924,89.978,89.6045,3067,0,1052,0,12.2,37,staircase1,no_load,0.0
13.603487,0.742094,wrist_roll,50.0,49.7924,89.978,89.6045,3067,0,1052,0,12.2,37,staircase1,no_load,0.0
13.614062,0.752669,wrist_roll,50.0,49.7924,89.978,89.6045,3067,0,1052,1,12.3,37,staircase1,no_load,0.0
13.624421,0.763028,wrist_roll,50.0,49.7924,89.978,89.6045,3067,0,1052,0,12.3,37,staircase1,no_load,0.0
13.634644,0.773251,wrist_roll,50.0,49.7924,89.978,89.6045,3067,0,1052,1,12.2,37,staircase1,no_load,0.0
13.644772,0.783379,wrist_roll,50.0,49.7924,89.978,89.6045,3067,0,1052,0,12.2,37,staircase1,no_load,0.0
13.655469,0.794075,wrist_roll,50.0,49.7924,89.978,89.6045,3067,0,1052,1,12.3,37,staircase1,no_load,0.0
13.665861,0.804468,wrist_roll,50.0,49.7924,89.978,89.6045,3067,0,1052,0,12.2,37,staircase1,no_load,0.0
13.676323,0.81493,wrist_roll,50.0,49.7924,89.978,89.6045,3067,0,1052,0,12.2,37,staircase1,no_load,0.0
13.68671,0.825316,wrist_roll,50.0,49.7924,89.978,89.6045,3067,0,1052,0,12.2,37,staircase1,no_load,0.0
13.697143,0.83575,wrist_roll,50.0,49.7924,89.978,89.6045,3067,0,1052,0,12.2,37,staircase1,no_load,0.0
13.70763,0.846236,wrist_roll,50.0,49.7924,89.978,89.6045,3067,0,1052,0,12.2,37,staircase1,no_load,0.0
13.718386,0.856993,wrist_roll,50.0,49.7924,89.978,89.6045,3067,0,1052,1,12.2,37,staircase1,no_load,0.0
13.729027,0.867634,wrist_roll,50.0,49.7924,89.978,89.6045,3067,0,1052,0,12.2,37,staircase1,no_load,0.0
13.739474,0.87808,wrist_roll,50.0,49.7924,89.978,89.6045,3067,0,1052,0,12.2,37,staircase1,no_load,0.0
13.750231,0.888838,wrist_roll,50.0,49.7924,89.978,89.6045,3067,0,1052,0,12.2,37,staircase1,no_load,0.0
13.760446,0.899053,wrist_roll,50.0,49.7924,89.978,89.6045,3067,0,1052,0,12.2,37,staircase1,no_load,0.0
13.771043,0.909649,wrist_roll,50.0,49.7924,89.978,89.6045,3067,0,1052,0,12.2,37,staircase1,no_load,0.0
13.782063,0.92067,wrist_roll,50.0,49.7924,89.978,89.6045,3067,0,1052,0,12.2,37,staircase1,no_load,0.0
13.792605,0.931211,wrist_roll,50.0,49.7924,89.978,89.6045,3067,0,1052,1,12.2,37,staircase1,no_load,0.0
13.802976,0.941583,wrist_roll,50.0,49.7924,89.978,89.6045,3067,0,1052,0,12.3,37,staircase1,no_load,0.0
13.813458,0.952064,wrist_roll,50.0,49.7924,89.978,89.6045,3067,0,1052,1,12.2,37,staircase1,no_load,0.0
13.823756,0.962362,wrist_roll,50.0,49.7924,89.978,89.6045,3067,0,1052,0,12.2,37,staircase1,no_load,0.0
13.834001,0.972607,wrist_roll,50.0,49.7924,89.978,89.6045,3067,0,1052,1,12.2,37,staircase1,no_load,0.0
13.844074,0.982681,wrist_roll,50.0,49.7924,89.978,89.6045,3067,0,1052,0,12.2,37,staircase1,no_load,0.0
13.854234,0.992841,wrist_roll,50.0,49.7924,89.978,89.6045,3067,0,1052,0,12.2,37,staircase1,no_load,0.0
13.864734,1.003341,wrist_roll,50.0,49.7924,89.978,89.6045,3067,0,1052,0,12.2,37,staircase1,no_load,0.0
13.875797,1.014403,wrist_roll,50.0,49.7924,89.978,89.6045,3067,0,1052,0,12.2,37,staircase1,no_load,0.0
13.88612,1.024726,wrist_roll,50.0,49.7924,89.978,89.6045,3067,0,1052,0,12.2,37,staircase1,no_load,0.0
13.896555,1.035162,wrist_roll,50.0,49.7924,89.978,89.6045,3067,0,1052,0,12.2,37,staircase1,no_load,0.0
13.906753,1.045359,wrist_roll,50.0,49.7924,89.978,89.6045,3067,0,1052,0,12.2,37,staircase1,no_load,0.0
13.917087,1.055694,wrist_roll,50.0,49.7924,89.978,89.6045,3067,0,1052,0,12.2,37,staircase1,no_load,0.0
13.927422,1.066029,wrist_roll,50.0,49.7924,89.978,89.6045,3067,0,1052,0,12.2,37,staircase1,no_load,0.0
13.937653,1.07626,wrist_roll,50.0,49.7924,89.978,89.6045,3067,0,1052,1,12.2,37,staircase1,no_load,0.0
13.947752,1.086358,wrist_roll,50.0,49.7924,89.978,89.6045,3067,0,1052,0,12.2,37,staircase1,no_load,0.0
13.95821,1.096816,wrist_roll,50.0,49.7924,89.978,89.6045,3067,0,1052,1,12.2,37,staircase1,no_load,0.0
13.968703,1.10731,wrist_roll,50.0,49.7924,89.978,89.6045,3067,0,1052,1,12.3,37,staircase1,no_load,0.0
13.97967,1.118277,wrist_roll,50.0,49.7924,89.978,89.6045,3067,0,1052,0,12.2,37,staircase1,no_load,0.0
13.990664,1.12927,wrist_roll,50.0,49.7924,89.978,89.6045,3067,0,1052,0,12.2,37,staircase1,no_load,0.0
14.001359,1.139966,wrist_roll,50.0,49.7924,89.978,89.6045,3067,0,1052,0,12.2,37,staircase1,no_load,0.0
14.012265,1.150871,wrist_roll,50.0,49.7924,89.978,89.6045,3067,0,1052,0,12.2,37,staircase1,no_load,0.0
14.022543,1.16115,wrist_roll,50.0,49.7924,89.978,89.6045,3067,0,1052,1,12.2,37,staircase1,no_load,0.0
14.032786,1.171392,wrist_roll,50.0,49.7924,89.978,89.6045,3067,0,1052,1,12.2,37,staircase1,no_load,0.0
14.043272,1.181878,wrist_roll,50.0,49.7924,89.978,89.6045,3067,0,1052,1,12.2,37,staircase1,no_load,0.0
14.053919,1.192526,wrist_roll,50.0,49.7924,89.978,89.6045,3067,0,1052,0,12.2,37,staircase1,no_load,0.0
14.064492,1.203098,wrist_roll,50.0,49.7924,89.978,89.6045,3067,0,1052,0,12.3,37,staircase1,no_load,0.0
14.075242,1.213848,wrist_roll,50.0,49.7924,89.978,89.6045,3067,0,1052,0,12.2,37,staircase1,no_load,0.0
14.085786,1.224393,wrist_roll,50.0,49.7924,89.978,89.6045,3067,0,1052,0,12.2,37,staircase1,no_load,0.0
14.096078,1.234685,wrist_roll,50.0,49.7924,89.978,89.6045,3067,0,1052,0,12.2,37,staircase1,no_load,0.0
14.106453,1.24506,wrist_roll,50.0,49.7924,89.978,89.6045,3067,0,1052,0,12.2,37,staircase1,no_load,0.0
14.11695,1.255557,wrist_roll,50.0,49.7924,89.978,89.6045,3067,0,1052,0,12.2,37,staircase1,no_load,0.0
14.127378,1.265985,wrist_roll,50.0,49.7924,89.978,89.6045,3067,0,1052,0,12.2,37,staircase1,no_load,0.0
14.137758,1.276364,wrist_roll,50.0,49.7924,89.978,89.6045,3067,0,1052,1,12.3,37,staircase1,no_load,0.0
14.147921,1.286527,wrist_roll,50.0,49.7924,89.978,89.6045,3067,0,1052,0,12.2,37,staircase1,no_load,0.0
14.158652,1.297259,wrist_roll,50.0,49.7924,89.978,89.6045,3067,0,1052,1,12.2,37,staircase1,no_load,0.0
14.16932,1.307927,wrist_roll,50.0,49.7924,89.978,89.6045,3067,0,1052,0,12.2,37,staircase1,no_load,0.0
14.179618,1.318225,wrist_roll,50.0,49.7924,89.978,89.6045,3067,0,1052,1,12.2,37,staircase1,no_load,0.0
14.190185,1.328792,wrist_roll,50.0,49.7924,89.978,89.6045,3067,0,1052,0,12.2,37,staircase1,no_load,0.0
14.200689,1.339296,wrist_roll,50.0,49.7924,89.978,89.6045,3067,0,1052,1,12.2,37,staircase1,no_load,0.0
14.211215,1.349822,wrist_roll,50.0,49.7924,89.978,89.6045,3067,0,1052,1,12.2,37,staircase1,no_load,0.0
14.221443,1.36005,wrist_roll,50.0,49.7924,89.978,89.6045,3067,0,1052,1,12.2,37,staircase1,no_load,0.0
14.231854,1.37046,wrist_roll,50.0,49.7924,89.978,89.6045,3067,0,1052,1,12.2,37,staircase1,no_load,0.0
14.242035,1.380641,wrist_roll,50.0,49.7924,89.978,89.6045,3067,0,1052,1,12.2,37,staircase1,no_load,0.0
14.252349,1.390955,wrist_roll,50.0,49.7924,89.978,89.6045,3067,0,1052,0,12.2,37,staircase1,no_load,0.0
14.263042,1.401648,wrist_roll,50.0,49.7924,89.978,89.6045,3067,0,1052,0,12.2,37,staircase1,no_load,0.0
14.273391,1.411998,wrist_roll,50.0,49.7924,89.978,89.6045,3067,0,1052,0,12.2,39,staircase1,no_load,0.0
14.283826,1.422433,wrist_roll,50.0,49.7924,89.978,89.6045,3067,0,1052,0,12.2,37,staircase1,no_load,0.0
14.29437,1.432977,wrist_roll,50.0,49.7924,89.978,89.6045,3067,0,1052,0,12.2,37,staircase1,no_load,0.0
14.304864,1.44347,wrist_roll,50.0,49.7924,89.978,89.6045,3067,0,1052,1,12.2,37,staircase1,no_load,0.0
14.315144,1.45375,wrist_roll,50.0,49.7924,89.978,89.6045,3067,0,1052,1,12.2,37,staircase1,no_load,0.0
14.326191,1.464797,wrist_roll,50.0,49.7924,89.978,89.6045,3067,0,1052,1,12.2,37,staircase1,no_load,0.0
14.33659,1.475196,wrist_roll,50.0,49.7924,89.978,89.6045,3067,0,1052,0,12.2,37,staircase1,no_load,0.0
14.346771,1.485377,wrist_roll,50.0,49.7924,89.978,89.6045,3067,0,1052,0,12.2,37,staircase1,no_load,0.0
14.356948,1.495554,wrist_roll,50.0,49.7924,89.978,89.6045,3067,0,1052,0,12.2,37,staircase1,no_load,0.0
14.367296,1.505902,wrist_roll,50.0,49.7924,89.978,89.6045,3067,0,1052,1,12.2,37,staircase1,no_load,0.0
14.377749,1.516356,wrist_roll,50.0,49.7924,89.978,89.6045,3067,0,1052,1,12.2,37,staircase1,no_load,0.0
14.388735,1.527341,wrist_roll,50.0,49.7924,89.978,89.6045,3067,0,1052,0,12.2,37,staircase1,no_load,0.0
14.399291,1.537898,wrist_roll,50.0,49.7924,89.978,89.6045,3067,0,1052,0,12.2,37,staircase1,no_load,0.0
14.409488,1.548095,wrist_roll,50.0,49.7924,89.978,89.6045,3067,0,1052,1,12.2,37,staircase1,no_load,0.0
14.419723,1.55833,wrist_roll,50.0,49.7924,89.978,89.6045,3067,0,1052,0,12.3,37,staircase1,no_load,0.0
14.430038,1.568645,wrist_roll,50.0,49.7924,89.978,89.6045,3067,0,1052,0,12.2,37,staircase1,no_load,0.0
14.440704,1.579311,wrist_roll,50.0,49.7924,89.978,89.6045,3067,0,1052,0,12.2,37,staircase1,no_load,0.0
14.450942,1.589548,wrist_roll,50.0,49.7924,89.978,89.6045,3067,0,1052,1,12.2,37,staircase1,no_load,0.0
14.461166,1.599772,wrist_roll,50.0,49.7924,89.978,89.6045,3067,0,1052,0,12.2,37,staircase1,no_load,0.0
14.473006,3e-06,wrist_roll,37.5,49.7924,67.4835,89.6045,3067,0,1048,0,12.2,37,staircase1,no_load,0.0
14.483192,0.010188,wrist_roll,37.5,49.7924,67.4835,89.6045,3067,0,20,0,12.2,37,staircase1,no_load,0.0
14.494317,0.021314,wrist_roll,37.5,49.7924,67.4835,89.6045,3067,0,32,0,12.2,37,staircase1,no_load,0.0
14.505227,0.032223,wrist_roll,37.5,49.7924,67.4835,89.6045,3067,0,92,3,12.2,37,staircase1,no_load,0.0
14.515686,0.042683,wrist_roll,37.5,49.7436,67.4835,89.5166,3066,-50,132,4,12.2,37,staircase1,no_load,-8.404
14.525994,0.05299,wrist_roll,37.5,49.6459,67.4835,89.3408,3064,-50,224,10,12.2,37,staircase1,no_load,-17.055
14.536815,0.063811,wrist_roll,37.5,49.4505,67.4835,88.9893,3060,-250,272,12,12.1,37,staircase1,no_load,-32.483
14.547137,0.074134,wrist_roll,37.5,49.1575,67.4835,88.4619,3054,-250,340,17,12.2,37,staircase1,no_load,-51.095
14.557313,0.084309,wrist_roll,37.5,48.7668,67.4835,87.7588,3046,-700,392,19,12.1,37,staircase1,no_load,-69.094
14.567744,0.09474,wrist_roll,37.5,48.2784,67.4835,86.8799,3036,-700,452,25,12.2,37,staircase1,no_load,-84.258
14.577967,0.104963,wrist_roll,37.5,47.6435,67.4835,85.7373,3023,-1050,504,24,12.2,37,staircase1,no_load,-111.768
14.588385,0.115382,wrist_roll,37.5,46.9597,67.4835,84.5068,3009,-1050,544,22,12.1,37,staircase1,no_load,-118.113
14.598693,0.12569,wrist_roll,37.5,46.2271,67.4835,83.1885,2994,-1400,564,12,12.2,37,staircase1,no_load,-127.891
14.609213,0.136209,wrist_roll,37.5,45.2991,67.4835,81.5186,2975,-1400,508,8,12.2,37,staircase1,no_load,-158.736
14.619832,0.146829,wrist_roll,37.5,44.3712,67.4835,79.8486,2956,-1650,440,0,12.2,37,staircase1,no_load,-157.265
14.630259,0.157256,wrist_roll,37.5,43.5897,67.4835,78.4424,2940,-1650,420,0,12.2,37,staircase1,no_load,-134.861
14.640751,0.167748,wrist_roll,37.5,42.7595,67.4835,76.9482,2923,-1650,360,0,12.2,37,staircase1,no_load,-142.413
14.651335,0.178331,wrist_roll,37.5,41.978,67.4835,75.542,2907,-1650,328,0,12.2,37,staircase1,no_load,-132.861
14.662125,0.189122,wrist_roll,37.5,41.3431,67.4835,74.3994,2894,-1450,248,0,12.3,37,staircase1,no_load,-105.894
14.672279,0.199275,wrist_roll,37.5,40.757,67.4835,73.3447,2882,-1450,204,0,12.2,37,staircase1,no_load,-103.87
14.682544,0.209541,wrist_roll,37.5,40.3175,67.4835,72.5537,2873,-1150,156,0,12.2,37,staircase1,no_load,-77.058
14.693088,0.220085,wrist_roll,37.5,39.9267,67.4835,71.8506,2865,-1150,124,0,12.2,37,staircase1,no_load,-66.682
14.704205,0.231202,wrist_roll,37.5,39.5849,67.4835,71.2354,2858,-800,124,0,12.2,37,staircase1,no_load,-55.339
14.714483,0.24148,wrist_roll,37.5,39.3895,67.4835,70.8838,2854,-500,104,0,12.2,37,staircase1,no_load,-34.209
14.724953,0.25195,wrist_roll,37.5,39.1941,67.4835,70.5322,2850,-500,116,1,12.2,37,staircase1,no_load,-33.582
14.735405,0.262402,wrist_roll,37.5,38.9988,67.4835,70.1807,2846,-350,100,0,12.2,37,staircase1,no_load,-33.63
14.745824,0.272821,wrist_roll,37.5,38.8523,67.4835,69.917,2843,-350,96,1,12.2,37,staircase1,no_load,-25.31
14.756826,0.283823,wrist_roll,37.5,38.6569,67.4835,69.5654,2839,-350,84,0,12.2,37,staircase1,no_load,-31.958
14.7671,0.294097,wrist_roll,37.5,38.5104,67.4835,69.3018,2836,-350,64,0,12.2,37,staircase1,no_load,-25.657
14.777395,0.304392,wrist_roll,37.5,38.3639,67.4835,69.0381,2833,-300,56,0,12.2,37,staircase1,no_load,-25.614
14.787512,0.314508,wrist_roll,37.5,38.2662,67.4835,68.8623,2831,-300,48,1,12.2,37,staircase1,no_load,-17.377
14.797998,0.324994,wrist_roll,37.5,38.1685,67.4835,68.6865,2829,-200,56,0,12.2,37,staircase1,no_load,-16.765
14.808166,0.335163,wrist_roll,37.5,38.1197,67.4835,68.5986,2828,-200,52,0,12.2,37,staircase1,no_load,-8.645
14.819266,0.346263,wrist_roll,37.5,38.0708,67.4835,68.5107,2827,-150,48,0,12.2,37,staircase1,no_load,-7.919
14.829473,0.35647,wrist_roll,37.5,38.022,67.4835,68.4229,2826,-150,44,1,12.2,37,staircase1,no_load,-8.602
14.839641,0.366638,wrist_roll,37.5,37.9243,67.4835,68.2471,2824,-100,36,0,12.3,37,staircase1,no_load,-17.29
14.849901,0.376897,wrist_roll,37.5,37.8755,67.4835,68.1592,2823,-100,32,1,12.2,37,staircase1,no_load,-8.567
14.860913,0.387909,wrist_roll,37.5,37.8266,67.4835,68.0713,2822,-100,32,0,12.2,37,staircase1,no_load,-7.982
14.871145,0.398142,wrist_roll,37.5,37.7778,67.4835,67.9834,2821,-100,28,0,12.2,37,staircase1,no_load,-8.591
14.881379,0.408376,wrist_roll,37.5,37.7778,67.4835,67.9834,2821,-100,32,0,12.2,37,staircase1,no_load,0.0
14.892325,0.419321,wrist_roll,37.5,37.7289,67.4835,67.8955,2820,-50,28,0,12.2,37,staircase1,no_load,-8.03
14.902558,0.429555,wrist_roll,37.5,37.7289,67.4835,67.8955,2820,-50,24,1,12.2,37,staircase1,no_load,0.0
14.913508,0.440505,wrist_roll,37.5,37.6801,67.4835,67.8076,2819,-50,24,0,12.3,37,staircase1,no_load,-8.027
14.923742,0.450738,wrist_roll,37.5,37.6801,67.4835,67.8076,2819,-50,24,0,12.3,37,staircase1,no_load,0.0
14.934028,0.461025,wrist_roll,37.5,37.6801,67.4835,67.8076,2819,0,24,1,12.2,37,staircase1,no_load,0.0
14.944564,0.47156,wrist_roll,37.5,37.6801,67.4835,67.8076,2819,0,28,0,12.2,37,staircase1,no_load,0.0
14.95487,0.481866,wrist_roll,37.5,37.6801,67.4835,67.8076,2819,0,28,0,12.2,37,staircase1,no_load,0.0
14.965781,0.492777,wrist_roll,37.5,37.6801,67.4835,67.8076,2819,0,28,1,12.2,37,staircase1,no_load,0.0
14.976072,0.503068,wrist_roll,37.5,37.6801,67.4835,67.8076,2819,0,28,1,12.2,37,staircase1,no_load,0.0
14.986454,0.51345,wrist_roll,37.5,37.6801,67.4835,67.8076,2819,0,28,0,12.2,37,staircase1,no_load,0.0
14.997753,0.52475,wrist_roll,37.5,37.6801,67.4835,67.8076,2819,0,28,0,12.3,37,staircase1,no_load,0.0
15.007956,0.534953,wrist_roll,37.5,37.6801,67.4835,67.8076,2819,0,28,1,12.2,37,staircase1,no_load,0.0
15.018571,0.545568,wrist_roll,37.5,37.6313,67.4835,67.7197,2818,0,20,0,12.2,37,staircase1,no_load,-8.281
15.028901,0.555897,wrist_roll,37.5,37.6313,67.4835,67.7197,2818,0,20,1,12.2,38,staircase1,no_load,0.0
15.03924,0.566237,wrist_roll,37.5,37.6313,67.4835,67.7197,2818,-50,24,1,12.2,37,staircase1,no_load,0.0
15.049632,0.576628,wrist_roll,37.5,37.6313,67.4835,67.7197,2818,0,24,0,12.3,37,staircase1,no_load,0.0
15.060315,0.587312,wrist_roll,37.5,37.6313,67.4835,67.7197,2818,0,24,0,12.2,37,staircase1,no_load,0.0
15.070978,0.597975,wrist_roll,37.5,37.6313,67.4835,67.7197,2818,0,24,0,12.2,37,staircase1,no_load,0.0
15.081596,0.608593,wrist_roll,37.5,37.6313,67.4835,67.7197,2818,0,24,0,12.2,37,staircase1,no_load,0.0
15.091977,0.618974,wrist_roll,37.5,37.6313,67.4835,67.7197,2818,0,24,0,12.2,37,staircase1,no_load,0.0
15.102526,0.629523,wrist_roll,37.5,37.6313,67.4835,67.7197,2818,0,24,0,12.2,37,staircase1,no_load,0.0
15.113821,0.640818,wrist_roll,37.5,37.6313,67.4835,67.7197,2818,0,24,0,12.3,37,staircase1,no_load,0.0
15.124298,0.651294,wrist_roll,37.5,37.6313,67.4835,67.7197,2818,0,24,0,12.3,37,staircase1,no_load,0.0
15.134975,0.661972,wrist_roll,37.5,37.6313,67.4835,67.7197,2818,0,24,0,12.2,37,staircase1,no_load,0.0
15.145635,0.672632,wrist_roll,37.5,37.6313,67.4835,67.7197,2818,0,24,0,12.2,37,staircase1,no_load,0.0
15.156209,0.683206,wrist_roll,37.5,37.6313,67.4835,67.7197,2818,0,24,0,12.2,37,staircase1,no_load,0.0
15.16696,0.693956,wrist_roll,37.5,37.6313,67.4835,67.7197,2818,0,24,0,12.2,37,staircase1,no_load,0.0
15.177232,0.704228,wrist_roll,37.5,37.6313,67.4835,67.7197,2818,0,24,0,12.2,37,staircase1,no_load,0.0
15.187568,0.714565,wrist_roll,37.5,37.6313,67.4835,67.7197,2818,0,24,1,12.2,37,staircase1,no_load,0.0
15.198528,0.725525,wrist_roll,37.5,37.6313,67.4835,67.7197,2818,0,24,0,12.2,37,staircase1,no_load,0.0
15.209213,0.736209,wrist_roll,37.5,37.6313,67.4835,67.7197,2818,0,24,0,12.2,37,staircase1,no_load,0.0
15.220241,0.747238,wrist_roll,37.5,37.6313,67.4835,67.7197,2818,0,24,0,12.2,37,staircase1,no_load,0.0
15.231434,0.75843,wrist_roll,37.5,37.6313,67.4835,67.7197,2818,0,24,0,12.2,37,staircase1,no_load,0.0
15.242121,0.769118,wrist_roll,37.5,37.6313,67.4835,67.7197,2818,0,24,0,12.2,37,staircase1,no_load,0.0
15.252773,0.779769,wrist_roll,37.5,37.6313,67.4835,67.7197,2818,0,24,0,12.2,37,staircase1,no_load,0.0
15.263606,0.790603,wrist_roll,37.5,37.6313,67.4835,67.7197,2818,0,24,0,12.3,37,staircase1,no_load,0.0
15.274298,0.801295,wrist_roll,37.5,37.6313,67.4835,67.7197,2818,0,24,1,12.2,37,staircase1,no_load,0.0
15.28485,0.811847,wrist_roll,37.5,37.6313,67.4835,67.7197,2818,0,24,0,12.2,41,staircase1,no_load,0.0
15.295568,0.822565,wrist_roll,37.5,37.6313,67.4835,67.7197,2818,0,24,0,12.2,37,staircase1,no_load,0.0
15.306177,0.833174,wrist_roll,37.5,37.6313,67.4835,67.7197,2818,0,24,0,12.2,37,staircase1,no_load,0.0
15.31679,0.843786,wrist_roll,37.5,37.6313,67.4835,67.7197,2818,0,24,0,12.2,37,staircase1,no_load,0.0
15.32718,0.854176,wrist_roll,37.5,37.6313,67.4835,67.7197,2818,0,24,0,12.2,37,staircase1,no_load,0.0
15.338022,0.865018,wrist_roll,37.5,37.6313,67.4835,67.7197,2818,0,24,0,12.2,37,staircase1,no_load,0.0
15.348444,0.875441,wrist_roll,37.5,37.6313,67.4835,67.7197,2818,0,24,1,12.2,37,staircase1,no_load,0.0
15.359123,0.886119,wrist_roll,37.5,37.6313,67.4835,67.7197,2818,0,24,0,12.2,37,staircase1,no_load,0.0
15.369817,0.896814,wrist_roll,37.5,37.6313,67.4835,67.7197,2818,0,24,0,12.2,37,staircase1,no_load,0.0
15.380527,0.907524,wrist_roll,37.5,37.6313,67.4835,67.7197,2818,0,24,0,12.2,37,staircase1,no_load,0.0
15.391262,0.918258,wrist_roll,37.5,37.6313,67.4835,67.7197,2818,0,24,0,12.2,37,staircase1,no_load,0.0
15.402156,0.929153,wrist_roll,37.5,37.6313,67.4835,67.7197,2818,0,24,1,12.2,37,staircase1,no_load,0.0
15.412798,0.939795,wrist_roll,37.5,37.6313,67.4835,67.7197,2818,0,24,1,12.2,37,staircase1,no_load,0.0
15.422926,0.949922,wrist_roll,37.5,37.6313,67.4835,67.7197,2818,0,24,1,12.2,37,staircase1,no_load,0.0
15.433574,0.96057,wrist_roll,37.5,37.6313,67.4835,67.7197,2818,0,24,1,12.2,37,staircase1,no_load,0.0
15.444212,0.971209,wrist_roll,37.5,37.6313,67.4835,67.7197,2818,0,24,0,12.2,37,staircase1,no_load,0.0
15.455304,0.982301,wrist_roll,37.5,37.6313,67.4835,67.7197,2818,0,24,0,12.2,37,staircase1,no_load,0.0
15.466387,0.993384,wrist_roll,37.5,37.6313,67.4835,67.7197,2818,0,24,0,12.2,37,staircase1,no_load,0.0
15.477011,1.004008,wrist_roll,37.5,37.6313,67.4835,67.7197,2818,0,24,0,12.3,37,staircase1,no_load,0.0
15.48725,1.014247,wrist_roll,37.5,37.6313,67.4835,67.7197,2818,0,24,0,12.3,37,staircase1,no_load,0.0
15.497954,1.02495,wrist_roll,37.5,37.6313,67.4835,67.7197,2818,0,24,0,12.3,37,staircase1,no_load,0.0
15.508613,1.03561,wrist_roll,37.5,37.6313,67.4835,67.7197,2818,0,24,0,12.2,37,staircase1,no_load,0.0
15.519299,1.046296,wrist_roll,37.5,37.6313,67.4835,67.7197,2818,0,24,0,12.2,37,staircase1,no_load,0.0
15.529515,1.056511,wrist_roll,37.5,37.6313,67.4835,67.7197,2818,0,24,1,12.2,37,staircase1,no_load,0.0
15.540481,1.067478,wrist_roll,37.5,37.6313,67.4835,67.7197,2818,0,24,0,12.2,37,staircase1,no_load,0.0
15.551429,1.078425,wrist_roll,37.5,37.6313,67.4835,67.7197,2818,0,24,0,12.2,37,staircase1,no_load,0.0
15.562021,1.089017,wrist_roll,37.5,37.6313,67.4835,67.7197,2818,0,24,1,12.2,37,staircase1,no_load,0.0
15.572938,1.099934,wrist_roll,37.5,37.6313,67.4835,67.7197,2818,0,24,0,12.2,37,staircase1,no_load,0.0
15.583425,1.110421,wrist_roll,37.5,37.6313,67.4835,67.7197,2818,0,24,0,12.2,37,staircase1,no_load,0.0
15.594479,1.121475,wrist_roll,37.5,37.6313,67.4835,67.7197,2818,0,24,0,12.2,37,staircase1,no_load,0.0
15.604695,1.131692,wrist_roll,37.5,37.6313,67.4835,67.7197,2818,0,24,0,12.2,37,staircase1,no_load,0.0
15.615488,1.142485,wrist_roll,37.5,37.6313,67.4835,67.7197,2818,0,24,0,12.2,37,staircase1,no_load,0.0
15.626195,1.153191,wrist_roll,37.5,37.6313,67.4835,67.7197,2818,0,24,0,12.2,37,staircase1,no_load,0.0
15.636883,1.16388,wrist_roll,37.5,37.6313,67.4835,67.7197,2818,0,24,0,12.2,37,staircase1,no_load,0.0
15.647552,1.174548,wrist_roll,37.5,37.6313,67.4835,67.7197,2818,0,24,1,12.2,37,staircase1,no_load,0.0
15.65818,1.185177,wrist_roll,37.5,37.6313,67.4835,67.7197,2818,0,24,0,12.2,37,staircase1,no_load,0.0
15.669117,1.196113,wrist_roll,37.5,37.6313,67.4835,67.7197,2818,0,24,1,12.2,37,staircase1,no_load,0.0
15.679887,1.206884,wrist_roll,37.5,37.6313,67.4835,67.7197,2818,0,24,1,12.2,37,staircase1,no_load,0.0
15.690419,1.217416,wrist_roll,37.5,37.6313,67.4835,67.7197,2818,0,24,1,12.2,37,staircase1,no_load,0.0
15.701441,1.228437,wrist_roll,37.5,37.6313,67.4835,67.7197,2818,0,24,0,12.2,37,staircase1,no_load,0.0
15.71188,1.238876,wrist_roll,37.5,37.6313,67.4835,67.7197,2818,0,24,0,12.2,37,staircase1,no_load,0.0
15.722913,1.24991,wrist_roll,37.5,37.6313,67.4835,67.7197,2818,0,24,1,12.3,37,staircase1,no_load,0.0
15.733915,1.260912,wrist_roll,37.5,37.6313,67.4835,67.7197,2818,0,24,0,12.2,37,staircase1,no_load,0.0
15.74416,1.271157,wrist_roll,37.5,37.6313,67.4835,67.7197,2818,0,24,0,12.2,37,staircase1,no_load,0.0
15.754799,1.281796,wrist_roll,37.5,37.6313,67.4835,67.7197,2818,0,24,0,12.3,37,staircase1,no_load,0.0
15.765818,1.292814,wrist_roll,37.5,37.6313,67.4835,67.7197,2818,0,24,0,12.2,37,staircase1,no_load,0.0
15.776061,1.303057,wrist_roll,37.5,37.6313,67.4835,67.7197,2818,0,24,0,12.2,37,staircase1,no_load,0.0
15.786676,1.313672,wrist_roll,37.5,37.6313,67.4835,67.7197,2818,0,24,0,12.2,37,staircase1,no_load,0.0
15.797012,1.324009,wrist_roll,37.5,37.6313,67.4835,67.7197,2818,0,24,0,12.2,37,staircase1,no_load,0.0
15.807571,1.334567,wrist_roll,37.5,37.6313,67.4835,67.7197,2818,0,24,0,12.2,37,staircase1,no_load,0.0
15.817957,1.344953,wrist_roll,37.5,37.6313,67.4835,67.7197,2818,0,24,1,12.2,37,staircase1,no_load,0.0
15.828501,1.355498,wrist_roll,37.5,37.6313,67.4835,67.7197,2818,0,24,0,12.3,37,staircase1,no_load,0.0
15.839138,1.366135,wrist_roll,37.5,37.6313,67.4835,67.7197,2818,0,24,0,12.2,37,staircase1,no_load,0.0
15.849767,1.376763,wrist_roll,37.5,37.6313,67.4835,67.7197,2818,0,24,0,12.2,37,staircase1,no_load,0.0
15.860381,1.387378,wrist_roll,37.5,37.6313,67.4835,67.7197,2818,0,24,0,12.2,37,staircase1,no_load,0.0
15.870982,1.397978,wrist_roll,37.5,37.6313,67.4835,67.7197,2818,0,24,0,12.2,37,staircase1,no_load,0.0
15.88164,1.408636,wrist_roll,37.5,37.6313,67.4835,67.7197,2818,0,24,0,12.2,37,staircase1,no_load,0.0
15.89221,1.419207,wrist_roll,37.5,37.6313,67.4835,67.7197,2818,0,24,0,12.2,37,staircase1,no_load,0.0
15.90288,1.429877,wrist_roll,37.5,37.6313,67.4835,67.7197,2818,0,24,0,12.2,37,staircase1,no_load,0.0
15.913508,1.440505,wrist_roll,37.5,37.6313,67.4835,67.7197,2818,0,24,0,12.2,37,staircase1,no_load,0.0
15.9241,1.451096,wrist_roll,37.5,37.6313,67.4835,67.7197,2818,0,24,0,12.2,37,staircase1,no_load,0.0
15.934782,1.461779,wrist_roll,37.5,37.6313,67.4835,67.7197,2818,0,24,1,12.3,37,staircase1,no_load,0.0
15.945379,1.472376,wrist_roll,37.5,37.6313,67.4835,67.7197,2818,0,24,0,12.2,37,staircase1,no_load,0.0
15.956006,1.483002,wrist_roll,37.5,37.6313,67.4835,67.7197,2818,0,24,0,12.2,37,staircase1,no_load,0.0
15.966671,1.493668,wrist_roll,37.5,37.6313,67.4835,67.7197,2818,0,24,0,12.2,37,staircase1,no_load,0.0
15.977378,1.504375,wrist_roll,37.5,37.6313,67.4835,67.7197,2818,0,24,0,12.2,37,staircase1,no_load,0.0
15.987972,1.514969,wrist_roll,37.5,37.6313,67.4835,67.7197,2818,0,24,0,12.2,37,staircase1,no_load,0.0
15.998424,1.52542,wrist_roll,37.5,37.6313,67.4835,67.7197,2818,0,24,0,12.2,37,staircase1,no_load,0.0
16.009185,1.536182,wrist_roll,37.5,37.6313,67.4835,67.7197,2818,0,24,0,12.2,37,staircase1,no_load,0.0
16.020648,1.547645,wrist_roll,37.5,37.6313,67.4835,67.7197,2818,0,24,0,12.2,37,staircase1,no_load,0.0
16.031204,1.5582,wrist_roll,37.5,37.6313,67.4835,67.7197,2818,0,24,0,12.3,37,staircase1,no_load,0.0
16.041494,1.56849,wrist_roll,37.5,37.6313,67.4835,67.7197,2818,0,24,0,12.2,37,staircase1,no_load,0.0
16.053074,1.58007,wrist_roll,37.5,37.6313,67.4835,67.7197,2818,0,24,1,12.2,37,staircase1,no_load,0.0
16.063293,1.59029,wrist_roll,37.5,37.6313,67.4835,67.7197,2818,0,24,0,12.2,37,staircase1,no_load,0.0
16.07504,4e-06,wrist_roll,25.0,37.6313,44.989,67.7197,2818,0,24,0,12.2,37,staircase1,no_load,0.0
16.085764,0.010728,wrist_roll,25.0,37.6313,44.989,67.7197,2818,0,44,1,12.2,37,staircase1,no_load,0.0
16.096478,0.021441,wrist_roll,25.0,37.6313,44.989,67.7197,2818,0,60,2,12.2,37,staircase1,no_load,0.0
16.107013,0.031977,wrist_roll,25.0,37.6313,44.989,67.7197,2818,0,132,5,12.2,37,staircase1,no_load,0.0
16.117687,0.04265,wrist_roll,25.0,37.5824,44.989,67.6318,2817,0,172,6,12.2,37,staircase1,no_load,-8.235
16.128104,0.053067,wrist_roll,25.0,37.4847,44.989,67.4561,2815,-50,248,11,12.2,37,staircase1,no_load,-16.867
16.138613,0.063576,wrist_roll,25.0,37.1917,44.989,66.9287,2809,-400,292,15,12.1,37,staircase1,no_load,-50.186
16.149707,0.07467,wrist_roll,25.0,36.8498,44.989,66.3135,2802,-400,344,14,12.2,37,staircase1,no_load,-55.453
16.160402,0.085366,wrist_roll,25.0,36.3614,44.989,65.4346,2792,-800,396,21,12.2,37,staircase1,no_load,-82.179
16.171533,0.096496,wrist_roll,25.0,35.7753,44.989,64.3799,2780,-800,472,23,12.1,37,staircase1,no_load,-94.753
16.182259,0.107222,wrist_roll,25.0,35.1404,44.989,63.2373,2767,-1100,524,22,12.2,37,staircase1,no_load,-106.526
16.192975,0.117938,wrist_roll,25.0,34.359,44.989,61.8311,2751,-1100,544,20,12.2,37,staircase1,no_load,-131.224
16.203734,0.128698,wrist_roll,25.0,33.4799,44.989,60.249,2733,-1450,500,5,12.2,37,staircase1,no_load,-147.049
16.214403,0.139366,wrist_roll,25.0,32.5519,44.989,58.5791,2714,-1450,492,3,12.2,37,staircase1,no_load,-156.519
16.224917,0.149881,wrist_roll,25.0,31.7216,44.989,57.085,2697,-1750,436,0,12.2,37,staircase1,no_load,-142.106
16.235605,0.160568,wrist_roll,25.0,30.8425,44.989,55.5029,2679,-1750,412,0,12.2,37,staircase1,no_load,-148.026
16.246293,0.171256,wrist_roll,25.0,30.0611,44.989,54.0967,2663,-1600,356,0,12.2,37,staircase1,no_load,-131.568
16.256591,0.181554,wrist_roll,25.0,29.2796,44.989,52.6904,2647,-1600,320,0,12.2,37,staircase1,no_load,-136.56
16.266991,0.191955,wrist_roll,25.0,28.6447,44.989,51.5479,2634,-1450,224,0,12.3,37,staircase1,no_load,-109.856
16.278054,0.203017,wrist_roll,25.0,28.0098,44.989,50.4053,2621,-1250,172,0,12.2,37,staircase1,no_load,-103.281
16.28875,0.213713,wrist_roll,25.0,27.5702,44.989,49.6143,2612,-1250,128,0,12.2,37,staircase1,no_load,-73.953
16.299372,0.224335,wrist_roll,25.0,27.2283,44.989,48.999,2605,-750,104,0,12.2,37,staircase1,no_load,-57.927
16.31009,0.235054,wrist_roll,25.0,26.9353,44.989,48.4717,2599,-750,120,0,12.2,37,staircase1,no_load,-49.198
16.32117,0.246133,wrist_roll,25.0,26.7399,44.989,48.1201,2595,-500,116,1,12.2,37,staircase1,no_load,-31.733
16.331726,0.256689,wrist_roll,25.0,26.5934,44.989,47.8564,2592,-500,104,0,12.2,37,staircase1,no_load,-24.981
16.342751,0.267715,wrist_roll,25.0,26.4469,44.989,47.5928,2589,-300,112,1,12.2,37,staircase1,no_load,-23.909
16.353249,0.278212,wrist_roll,25.0,26.3004,44.989,47.3291,2586,-300,96,1,12.2,37,staircase1,no_load,-25.119
16.363918,0.288881,wrist_roll,25.0,26.1538,44.989,47.0654,2583,-300,80,0,12.2,37,staircase1,no_load,-24.716
16.375092,0.300055,wrist_roll,25.0,26.0073,44.989,46.8018,2580,-300,68,0,12.2,37,staircase1,no_load,-23.59
16.385707,0.310671,wrist_roll,25.0,25.8608,44.989,46.5381,2577,-250,56,0,12.2,37,staircase1,no_load,-24.842
16.396271,0.321235,wrist_roll,25.0,25.7631,44.989,46.3623,2575,-200,52,0,12.2,37,staircase1,no_load,-16.641
16.406853,0.331816,wrist_roll,25.0,25.6654,44.989,46.1865,2573,-200,56,1,12.2,37,staircase1,no_load,-16.613
16.417698,0.342662,wrist_roll,25.0,25.6166,44.989,46.0986,2572,-150,48,0,12.3,37,staircase1,no_load,-8.105
16.428276,0.353239,wrist_roll,25.0,25.5189,44.989,45.9229,2570,-150,44,0,12.2,37,staircase1,no_load,-16.61
16.438794,0.363757,wrist_roll,25.0,25.4701,44.989,45.835,2569,-150,40,0,12.2,37,staircase1,no_load,-8.357
16.44938,0.374344,wrist_roll,25.0,25.4212,44.989,45.7471,2568,-150,40,0,12.2,37,staircase1,no_load,-8.303
16.459963,0.384927,wrist_roll,25.0,25.3724,44.989,45.6592,2567,-100,36,0,12.2,37,staircase1,no_load,-8.306
16.470401,0.395365,wrist_roll,25.0,25.3236,44.989,45.5713,2566,-100,32,1,12.2,37,staircase1,no_load,-8.421
16.480664,0.405628,wrist_roll,25.0,25.3236,44.989,45.5713,2566,-50,36,0,12.2,37,staircase1,no_load,0.0
16.491498,0.416462,wrist_roll,25.0,25.2747,44.989,45.4834,2565,-50,32,0,12.2,37,staircase1,no_load,-8.113
16.50206,0.427024,wrist_roll,25.0,25.2747,44.989,45.4834,2565,-50,28,0,12.2,37,staircase1,no_load,0.0
16.513169,0.438132,wrist_roll,25.0,25.2259,44.989,45.3955,2564,-50,28,1,12.2,37,staircase1,no_load,-7.913
16.524146,0.449109,wrist_roll,25.0,25.2259,44.989,45.3955,2564,-50,28,0,12.2,37,staircase1,no_load,0.0
16.53464,0.459604,wrist_roll,25.0,25.2259,44.989,45.3955,2564,0,28,1,12.2,37,staircase1,no_load,0.0
16.545473,0.470437,wrist_roll,25.0,25.2259,44.989,45.3955,2564,0,32,0,12.2,37,staircase1,no_load,0.0
16.556145,0.481109,wrist_roll,25.0,25.177,44.989,45.3076,2563,-50,28,0,12.2,37,staircase1,no_load,-8.237
16.566952,0.491915,wrist_roll,25.0,25.1282,44.989,45.2197,2562,-50,20,0,12.2,37,staircase1,no_load,-8.134
16.577257,0.502221,wrist_roll,25.0,25.1282,44.989,45.2197,2562,-50,20,0,12.2,37,staircase1,no_load,0.0
16.587931,0.512895,wrist_roll,25.0,25.0794,44.989,45.1318,2561,-50,1044,0,12.3,37,staircase1,no_load,-8.235
16.598559,0.523522,wrist_roll,25.0,25.0794,44.989,45.1318,2561,-50,1044,0,12.3,37,staircase1,no_load,0.0
16.609219,0.534182,wrist_roll,25.0,25.0794,44.989,45.1318,2561,-50,20,0,12.2,37,staircase1,no_load,0.0
16.619922,0.544885,wrist_roll,25.0,25.0794,44.989,45.1318,2561,0,20,0,12.2,37,staircase1,no_load,0.0
16.630254,0.555218,wrist_roll,25.0,25.0794,44.989,45.1318,2561,0,20,0,12.2,37,staircase1,no_load,0.0
16.640479,0.565442,wrist_roll,25.0,25.0794,44.989,45.1318,2561,0,20,0,12.3,37,staircase1,no_load,0.0
16.650963,0.575926,wrist_roll,25.0,25.0794,44.989,45.1318,2561,0,20,0,12.2,37,staircase1,no_load,0.0
16.661329,0.586293,wrist_roll,25.0,25.0794,44.989,45.1318,2561,0,20,0,12.2,37,staircase1,no_load,0.0
16.671452,0.596415,wrist_roll,25.0,25.0794,44.989,45.1318,2561,0,20,0,12.2,37,staircase1,no_load,0.0
16.682458,0.607422,wrist_roll,25.0,25.0794,44.989,45.1318,2561,0,20,0,12.3,37,staircase1,no_load,0.0
16.692591,0.617554,wrist_roll,25.0,25.0794,44.989,45.1318,2561,0,20,0,12.2,37,staircase1,no_load,0.0
16.703627,0.62859,wrist_roll,25.0,25.0794,44.989,45.1318,2561,0,20,0,12.3,37,staircase1,no_load,0.0
16.714676,0.639639,wrist_roll,25.0,25.0794,44.989,45.1318,2561,0,20,1,12.2,37,staircase1,no_load,0.0
16.725092,0.650055,wrist_roll,25.0,25.0794,44.989,45.1318,2561,0,20,0,12.2,37,staircase1,no_load,0.0
16.735545,0.660508,wrist_roll,25.0,25.0794,44.989,45.1318,2561,0,20,0,12.2,37,staircase1,no_load,0.0
16.746054,0.671018,wrist_roll,25.0,25.0794,44.989,45.1318,2561,0,20,1,12.2,37,staircase1,no_load,0.0
16.75714,0.682103,wrist_roll,25.0,25.0794,44.989,45.1318,2561,0,20,0,12.2,37,staircase1,no_load,0.0
16.768134,0.693097,wrist_roll,25.0,25.0794,44.989,45.1318,2561,0,20,0,12.2,37,staircase1,no_load,0.0
16.778315,0.703279,wrist_roll,25.0,25.0794,44.989,45.1318,2561,0,20,0,12.2,37,staircase1,no_load,0.0
16.78859,0.713553,wrist_roll,25.0,25.0794,44.989,45.1318,2561,0,20,0,12.2,37,staircase1,no_load,0.0
16.798865,0.723828,wrist_roll,25.0,25.0794,44.989,45.1318,2561,0,20,0,12.2,37,staircase1,no_load,0.0
16.809258,0.734221,wrist_roll,25.0,25.0794,44.989,45.1318,2561,0,20,0,12.2,37,staircase1,no_load,0.0
16.819788,0.744751,wrist_roll,25.0,25.0794,44.989,45.1318,2561,0,20,0,12.2,37,staircase1,no_load,0.0
16.830427,0.755391,wrist_roll,25.0,25.0794,44.989,45.1318,2561,0,20,0,12.2,37,staircase1,no_load,0.0
16.841385,0.766349,wrist_roll,25.0,25.0794,44.989,45.1318,2561,0,20,1,12.2,37,staircase1,no_load,0.0
16.852022,0.776986,wrist_roll,25.0,25.0794,44.989,45.1318,2561,0,20,0,12.2,37,staircase1,no_load,0.0
16.862465,0.787429,wrist_roll,25.0,25.0794,44.989,45.1318,2561,0,20,0,12.2,37,staircase1,no_load,0.0
16.873274,0.798238,wrist_roll,25.0,25.0794,44.989,45.1318,2561,0,20,0,12.3,37,staircase1,no_load,0.0
16.884354,0.809318,wrist_roll,25.0,25.0794,44.989,45.1318,2561,0,20,0,12.2,37,staircase1,no_load,0.0
16.895245,0.820209,wrist_roll,25.0,25.0794,44.989,45.1318,2561,0,20,0,12.2,37,staircase1,no_load,0.0
16.905755,0.830719,wrist_roll,25.0,25.0794,44.989,45.1318,2561,0,20,0,12.2,37,staircase1,no_load,0.0
16.916373,0.841336,wrist_roll,25.0,25.0794,44.989,45.1318,2561,0,20,0,12.2,37,staircase1,no_load,0.0
16.927174,0.852138,wrist_roll,25.0,25.0794,44.989,45.1318,2561,0,20,0,12.2,37,staircase1,no_load,0.0
16.93785,0.862813,wrist_roll,25.0,25.0794,44.989,45.1318,2561,0,20,0,12.3,37,staircase1,no_load,0.0
16.948504,0.873467,wrist_roll,25.0,25.0794,44.989,45.1318,2561,0,20,0,12.2,37,staircase1,no_load,0.0
16.959235,0.884198,wrist_roll,25.0,25.0794,44.989,45.1318,2561,0,20,0,12.2,37,staircase1,no_load,0.0
16.969576,0.89454,wrist_roll,25.0,25.0794,44.989,45.1318,2561,0,20,0,12.2,37,staircase1,no_load,0.0
16.979823,0.904787,wrist_roll,25.0,25.0794,44.989,45.1318,2561,0,20,0,12.2,37,staircase1,no_load,0.0
16.990509,0.915472,wrist_roll,25.0,25.0794,44.989,45.1318,2561,0,20,0,12.3,37,staircase1,no_load,0.0
17.000631,0.925594,wrist_roll,25.0,25.0794,44.989,45.1318,2561,0,20,0,12.2,37,staircase1,no_load,0.0
17.011359,0.936322,wrist_roll,25.0,25.0794,44.989,45.1318,2561,0,20,0,12.2,37,staircase1,no_load,0.0
17.022081,0.947045,wrist_roll,25.0,25.0794,44.989,45.1318,2561,0,20,0,12.2,37,staircase1,no_load,0.0
17.032757,0.957721,wrist_roll,25.0,25.0794,44.989,45.1318,2561,0,20,0,12.2,37,staircase1,no_load,0.0
17.0437,0.968664,wrist_roll,25.0,25.0794,44.989,45.1318,2561,0,20,0,12.2,37,staircase1,no_load,0.0
17.054001,0.978964,wrist_roll,25.0,25.0794,44.989,45.1318,2561,0,20,0,12.2,37,staircase1,no_load,0.0
17.064504,0.989468,wrist_roll,25.0,25.0794,44.989,45.1318,2561,0,20,0,12.2,37,staircase1,no_load,0.0
17.074725,0.999688,wrist_roll,25.0,25.0794,44.989,45.1318,2561,0,20,0,12.2,37,staircase1,no_load,0.0
17.085255,1.010218,wrist_roll,25.0,25.0794,44.989,45.1318,2561,0,20,0,12.2,37,staircase1,no_load,0.0
17.095491,1.020455,wrist_roll,25.0,25.0794,44.989,45.1318,2561,0,20,1,12.2,37,staircase1,no_load,0.0
17.106259,1.031222,wrist_roll,25.0,25.0794,44.989,45.1318,2561,0,20,0,12.2,37,staircase1,no_load,0.0
17.11706,1.042024,wrist_roll,25.0,25.0794,44.989,45.1318,2561,0,20,0,12.2,37,staircase1,no_load,0.0
17.127794,1.052758,wrist_roll,25.0,25.0794,44.989,45.1318,2561,0,20,0,12.2,37,staircase1,no_load,0.0
17.138461,1.063425,wrist_roll,25.0,25.0794,44.989,45.1318,2561,0,20,0,12.2,37,staircase1,no_load,0.0
17.148884,1.073847,wrist_roll,25.0,25.0794,44.989,45.1318,2561,0,20,0,12.2,37,staircase1,no_load,0.0
17.159575,1.084538,wrist_roll,25.0,25.0794,44.989,45.1318,2561,0,20,0,12.2,37,staircase1,no_load,0.0
17.170081,1.095044,wrist_roll,25.0,25.0794,44.989,45.1318,2561,0,20,1,12.2,37,staircase1,no_load,0.0
17.180302,1.105265,wrist_roll,25.0,25.0794,44.989,45.1318,2561,0,20,0,12.2,37,staircase1,no_load,0.0
17.191019,1.115982,wrist_roll,25.0,25.0794,44.989,45.1318,2561,0,20,0,12.2,37,staircase1,no_load,0.0
17.201399,1.126362,wrist_roll,25.0,25.0794,44.989,45.1318,2561,0,20,1,12.2,37,staircase1,no_load,0.0
17.212131,1.137094,wrist_roll,25.0,25.0794,44.989,45.1318,2561,0,20,1,12.2,37,staircase1,no_load,0.0
17.222868,1.147831,wrist_roll,25.0,25.0794,44.989,45.1318,2561,0,20,0,12.2,37,staircase1,no_load,0.0
17.234007,1.15897,wrist_roll,25.0,25.0794,44.989,45.1318,2561,0,20,1,12.2,37,staircase1,no_load,0.0
17.244261,1.169225,wrist_roll,25.0,25.0794,44.989,45.1318,2561,0,20,0,12.2,37,staircase1,no_load,0.0
17.25471,1.179674,wrist_roll,25.0,25.0794,44.989,45.1318,2561,0,20,0,12.2,37,staircase1,no_load,0.0
17.265793,1.190756,wrist_roll,25.0,25.0794,44.989,45.1318,2561,0,20,0,12.2,37,staircase1,no_load,0.0
17.276631,1.201595,wrist_roll,25.0,25.0794,44.989,45.1318,2561,0,20,0,12.2,37,staircase1,no_load,0.0
17.287326,1.212289,wrist_roll,25.0,25.0794,44.989,45.1318,2561,0,20,0,12.2,37,staircase1,no_load,0.0
17.298099,1.223063,wrist_roll,25.0,25.0794,44.989,45.1318,2561,0,20,0,12.2,37,staircase1,no_load,0.0
17.308785,1.233748,wrist_roll,25.0,25.0794,44.989,45.1318,2561,0,20,0,12.3,37,staircase1,no_load,0.0
17.319432,1.244396,wrist_roll,25.0,25.0794,44.989,45.1318,2561,0,20,0,12.2,37,staircase1,no_load,0.0
17.330451,1.255414,wrist_roll,25.0,25.0794,44.989,45.1318,2561,0,20,0,12.2,37,staircase1,no_load,0.0
17.340918,1.265881,wrist_roll,25.0,25.0794,44.989,45.1318,2561,0,20,0,12.2,37,staircase1,no_load,0.0
17.351549,1.276513,wrist_roll,25.0,25.0794,44.989,45.1318,2561,0,20,0,12.3,37,staircase1,no_load,0.0
17.36218,1.287143,wrist_roll,25.0,25.0794,44.989,45.1318,2561,0,20,0,12.2,37,staircase1,no_load,0.0
17.373286,1.298249,wrist_roll,25.0,25.0794,44.989,45.1318,2561,0,20,0,12.2,37,staircase1,no_load,0.0
17.383693,1.308656,wrist_roll,25.0,25.0794,44.989,45.1318,2561,0,20,0,12.2,37,staircase1,no_load,0.0
17.394376,1.319339,wrist_roll,25.0,25.0794,44.989,45.1318,2561,0,20,1,12.2,37,staircase1,no_load,0.0
17.404822,1.329785,wrist_roll,25.0,25.0794,44.989,45.1318,2561,0,20,0,12.2,37,staircase1,no_load,0.0
17.41499,1.339953,wrist_roll,25.0,25.0794,44.989,45.1318,2561,0,20,0,12.2,37,staircase1,no_load,0.0
17.425676,1.35064,wrist_roll,25.0,25.0794,44.989,45.1318,2561,0,20,0,12.3,37,staircase1,no_load,0.0
17.436039,1.361003,wrist_roll,25.0,25.0794,44.989,45.1318,2561,0,20,0,12.2,37,staircase1,no_load,0.0
17.446654,1.371618,wrist_roll,25.0,25.0794,44.989,45.1318,2561,0,20,0,12.2,37,staircase1,no_load,0.0
17.457154,1.382118,wrist_roll,25.0,25.0794,44.989,45.1318,2561,0,20,0,12.2,37,staircase1,no_load,0.0
17.467747,1.39271,wrist_roll,25.0,25.0794,44.989,45.1318,2561,0,20,0,12.2,37,staircase1,no_load,0.0
17.478421,1.403384,wrist_roll,25.0,25.0794,44.989,45.1318,2561,0,20,0,12.2,37,staircase1,no_load,0.0
17.488845,1.413808,wrist_roll,25.0,25.0794,44.989,45.1318,2561,0,20,0,12.2,37,staircase1,no_load,0.0
17.499089,1.424053,wrist_roll,25.0,25.0794,44.989,45.1318,2561,0,20,0,12.2,37,staircase1,no_load,0.0
17.50976,1.434723,wrist_roll,25.0,25.0794,44.989,45.1318,2561,0,20,0,12.2,37,staircase1,no_load,0.0
17.520399,1.445362,wrist_roll,25.0,25.0794,44.989,45.1318,2561,0,20,0,12.2,37,staircase1,no_load,0.0
17.530793,1.455756,wrist_roll,25.0,25.0794,44.989,45.1318,2561,0,20,0,12.2,37,staircase1,no_load,0.0
17.541747,1.46671,wrist_roll,25.0,25.0794,44.989,45.1318,2561,0,20,0,12.2,37,staircase1,no_load,0.0
17.552367,1.477331,wrist_roll,25.0,25.0794,44.989,45.1318,2561,0,20,0,12.2,37,staircase1,no_load,0.0
17.562694,1.487657,wrist_roll,25.0,25.0794,44.989,45.1318,2561,0,20,0,12.2,37,staircase1,no_load,0.0
17.573172,1.498135,wrist_roll,25.0,25.0794,44.989,45.1318,2561,0,20,0,12.2,37,staircase1,no_load,0.0
17.583423,1.508387,wrist_roll,25.0,25.0794,44.989,45.1318,2561,0,20,0,12.2,37,staircase1,no_load,0.0
17.594103,1.519066,wrist_roll,25.0,25.0794,44.989,45.1318,2561,0,20,0,12.2,37,staircase1,no_load,0.0
17.604685,1.529649,wrist_roll,25.0,25.0794,44.989,45.1318,2561,0,20,0,12.2,37,staircase1,no_load,0.0
17.615368,1.540331,wrist_roll,25.0,25.0794,44.989,45.1318,2561,0,20,0,12.2,37,staircase1,no_load,0.0
17.626055,1.551019,wrist_roll,25.0,25.0794,44.989,45.1318,2561,0,20,0,12.2,37,staircase1,no_load,0.0
17.636644,1.561608,wrist_roll,25.0,25.0794,44.989,45.1318,2561,0,20,0,12.2,37,staircase1,no_load,0.0
17.647282,1.572245,wrist_roll,25.0,25.0794,44.989,45.1318,2561,0,20,0,12.2,37,staircase1,no_load,0.0
17.657919,1.582883,wrist_roll,25.0,25.0794,44.989,45.1318,2561,0,20,0,12.2,37,staircase1,no_load,0.0
17.668542,1.593505,wrist_roll,25.0,25.0794,44.989,45.1318,2561,0,20,1,12.2,37,staircase1,no_load,0.0
17.680283,4e-06,wrist_roll,12.5,25.0794,22.4945,45.1318,2561,0,20,0,12.3,37,staircase1,no_load,0.0
17.690515,0.010235,wrist_roll,12.5,25.0794,22.4945,45.1318,2561,0,36,0,12.2,37,staircase1,no_load,0.0
17.701147,0.020868,wrist_roll,12.5,25.0794,22.4945,45.1318,2561,0,56,2,12.2,37,staircase1,no_load,0.0
17.71122,0.030941,wrist_roll,12.5,25.0794,22.4945,45.1318,2561,0,116,6,12.2,37,staircase1,no_load,0.0
17.722213,0.041934,wrist_roll,12.5,24.9817,22.4945,44.9561,2559,0,148,5,12.2,37,staircase1,no_load,-15.983
17.732672,0.052393,wrist_roll,12.5,24.8352,22.4945,44.6924,2556,-100,216,8,12.2,37,staircase1,no_load,-25.213
17.743106,0.062827,wrist_roll,12.5,24.591,22.4945,44.2529,2551,-400,256,10,12.2,37,staircase1,no_load,-42.122
17.753438,0.073158,wrist_roll,12.5,24.2979,22.4945,43.7256,2545,-400,324,16,12.1,37,staircase1,no_load,-51.036
17.763936,0.083657,wrist_roll,12.5,23.8584,22.4945,42.9346,2536,-700,372,16,12.2,37,staircase1,no_load,-75.348
17.774995,0.094716,wrist_roll,12.5,23.3211,22.4945,41.9678,2525,-700,444,22,12.2,37,staircase1,no_load,-87.422
17.785686,0.105407,wrist_roll,12.5,22.6862,22.4945,40.8252,2512,-1050,500,24,12.1,37,staircase1,no_load,-106.875
17.796113,0.115834,wrist_roll,12.5,21.9536,22.4945,39.5068,2497,-1050,540,22,12.2,37,staircase1,no_load,-126.441
17.806356,0.126076,wrist_roll,12.5,21.1722,22.4945,38.1006,2481,-1450,556,7,12.2,37,staircase1,no_load,-137.284
17.817119,0.13684,wrist_roll,12.5,20.2442,22.4945,36.4307,2462,-1450,508,7,12.2,37,staircase1,no_load,-155.152
17.828093,0.147814,wrist_roll,12.5,19.3651,22.4945,34.8486,2444,-1650,436,0,12.2,37,staircase1,no_load,-144.168
17.838597,0.158317,wrist_roll,12.5,18.4371,22.4945,33.1787,2425,-1650,416,0,12.2,37,staircase1,no_load,-158.978
17.848809,0.16853,wrist_roll,12.5,17.7045,22.4945,31.8604,2410,-1650,360,0,12.2,37,staircase1,no_load,-129.093
17.859582,0.179303,wrist_roll,12.5,16.9719,22.4945,30.542,2395,-1650,324,0,12.3,37,staircase1,no_load,-122.38
17.870103,0.189823,wrist_roll,12.5,16.337,22.4945,29.3994,2382,-1450,256,0,12.3,37,staircase1,no_load,-108.602
17.88078,0.200501,wrist_roll,12.5,15.7509,22.4945,28.3447,2370,-1150,212,0,12.2,37,staircase1,no_load,-98.782
17.891333,0.211054,wrist_roll,12.5,15.2625,22.4945,27.4658,2360,-1150,148,0,12.2,37,staircase1,no_load,-83.284
17.902155,0.221876,wrist_roll,12.5,14.8718,22.4945,26.7627,2352,-800,120,0,12.2,37,staircase1,no_load,-64.97
17.912837,0.232558,wrist_roll,12.5,14.5788,22.4945,26.2354,2346,-800,128,0,12.2,37,staircase1,no_load,-49.363
17.923406,0.243127,wrist_roll,12.5,14.3346,22.4945,25.7959,2341,-550,104,0,12.2,37,staircase1,no_load,-41.584
17.934063,0.253783,wrist_roll,12.5,14.1392,22.4945,25.4443,2337,-550,104,0,12.2,37,staircase1,no_load,-32.992
17.944662,0.264383,wrist_roll,12.5,13.9438,22.4945,25.0928,2333,-400,100,0,12.2,37,staircase1,no_load,-33.164
17.95531,0.27503,wrist_roll,12.5,13.7485,22.4945,24.7412,2329,-400,88,1,12.2,37,staircase1,no_load,-33.02
17.966242,0.285963,wrist_roll,12.5,13.602,22.4945,24.4775,2326,-300,80,1,12.2,37,staircase1,no_load,-24.122
17.976904,0.296625,wrist_roll,12.5,13.4554,22.4945,24.2139,2323,-300,68,0,12.2,47,staircase1,no_load,-24.723
17.987436,0.307156,wrist_roll,12.5,13.3578,22.4945,24.0381,2321,-250,64,1,12.2,37,staircase1,no_load,-16.692
17.998456,0.318177,wrist_roll,12.5,13.2601,22.4945,23.8623,2319,-250,56,0,12.2,37,staircase1,no_load,-15.953
18.009142,0.328862,wrist_roll,12.5,13.1624,22.4945,23.6865,2317,-200,56,0,12.2,37,staircase1,no_load,-16.451
18.019623,0.339344,wrist_roll,12.5,13.1136,22.4945,23.5986,2316,-150,52,1,12.2,37,staircase1,no_load,-8.387
18.029812,0.349533,wrist_roll,12.5,13.0159,22.4945,23.4229,2314,-150,44,0,12.2,37,staircase1,no_load,-17.244
18.040389,0.36011,wrist_roll,12.5,12.967,22.4945,23.335,2313,-150,40,0,12.2,37,staircase1,no_load,-8.31
18.050956,0.370676,wrist_roll,12.5,12.9182,22.4945,23.2471,2312,-150,40,0,12.2,37,staircase1,no_load,-8.318
18.061649,0.381369,wrist_roll,12.5,12.9182,22.4945,23.2471,2312,-50,36,0,12.2,37,staircase1,no_load,0.0
18.072431,0.392152,wrist_roll,12.5,12.8694,22.4945,23.1592,2311,-50,36,0,12.2,37,staircase1,no_load,-8.152
18.08337,0.40309,wrist_roll,12.5,12.8205,22.4945,23.0713,2310,-100,36,0,12.3,37,staircase1,no_load,-8.035
18.09416,0.413881,wrist_roll,12.5,12.7717,22.4945,22.9834,2309,-100,32,0,12.2,37,staircase1,no_load,-8.146
18.104974,0.424695,wrist_roll,12.5,12.7228,22.4945,22.8955,2308,-100,24,0,12.2,37,staircase1,no_load,-8.128
18.115705,0.435426,wrist_roll,12.5,12.674,22.4945,22.8076,2307,-100,20,0,12.2,37,staircase1,no_load,-8.191
18.126343,0.446063,wrist_roll,12.5,12.674,22.4945,22.8076,2307,-50,24,0,12.2,37,staircase1,no_load,0.0
18.136531,0.456252,wrist_roll,12.5,12.674,22.4945,22.8076,2307,-50,24,0,12.2,37,staircase1,no_load,0.0
18.147477,0.467197,wrist_roll,12.5,12.674,22.4945,22.8076,2307,0,28,0,12.3,39,staircase1,no_load,0.0
18.158155,0.477876,wrist_roll,12.5,12.674,22.4945,22.8076,2307,0,28,0,12.2,37,staircase1,no_load,0.0
18.169095,0.488816,wrist_roll,12.5,12.674,22.4945,22.8076,2307,0,28,0,12.2,37,staircase1,no_load,0.0
18.179334,0.499054,wrist_roll,12.5,12.674,22.4945,22.8076,2307,0,28,0,12.2,37,staircase1,no_load,0.0
18.189619,0.50934,wrist_roll,12.5,12.674,22.4945,22.8076,2307,0,28,1,12.2,37,staircase1,no_load,0.0
18.200282,0.520003,wrist_roll,12.5,12.674,22.4945,22.8076,2307,0,28,0,12.2,37,staircase1,no_load,0.0
18.210991,0.530712,wrist_roll,12.5,12.674,22.4945,22.8076,2307,0,28,1,12.2,37,staircase1,no_load,0.0
18.221641,0.541362,wrist_roll,12.5,12.674,22.4945,22.8076,2307,0,28,1,12.2,37,staircase1,no_load,0.0
18.232598,0.552319,wrist_roll,12.5,12.674,22.4945,22.8076,2307,0,28,0,12.2,37,staircase1,no_load,0.0
18.243119,0.56284,wrist_roll,12.5,12.674,22.4945,22.8076,2307,0,28,0,12.2,37,staircase1,no_load,0.0
18.253687,0.573407,wrist_roll,12.5,12.674,22.4945,22.8076,2307,0,28,0,12.2,37,staircase1,no_load,0.0
18.264539,0.58426,wrist_roll,12.5,12.674,22.4945,22.8076,2307,0,28,0,12.2,37,staircase1,no_load,0.0
18.275399,0.59512,wrist_roll,12.5,12.674,22.4945,22.8076,2307,0,28,0,12.2,37,staircase1,no_load,0.0
18.286023,0.605744,wrist_roll,12.5,12.674,22.4945,22.8076,2307,0,28,0,12.2,37,staircase1,no_load,0.0
18.29671,0.61643,wrist_roll,12.5,12.674,22.4945,22.8076,2307,0,28,0,12.2,37,staircase1,no_load,0.0
18.30738,0.6271,wrist_roll,12.5,12.674,22.4945,22.8076,2307,0,28,0,12.2,37,staircase1,no_load,0.0
18.317941,0.637662,wrist_roll,12.5,12.674,22.4945,22.8076,2307,0,28,0,12.2,37,staircase1,no_load,0.0
18.328671,0.648392,wrist_roll,12.5,12.674,22.4945,22.8076,2307,0,28,0,12.2,37,staircase1,no_load,0.0
18.33934,0.65906,wrist_roll,12.5,12.674,22.4945,22.8076,2307,0,28,1,12.2,37,staircase1,no_load,0.0
18.350052,0.669773,wrist_roll,12.5,12.674,22.4945,22.8076,2307,0,28,1,12.2,37,staircase1,no_load,0.0
18.360793,0.680514,wrist_roll,12.5,12.674,22.4945,22.8076,2307,0,28,0,12.2,37,staircase1,no_load,0.0
18.371927,0.691648,wrist_roll,12.5,12.674,22.4945,22.8076,2307,0,28,0,12.2,37,staircase1,no_load,0.0
18.38257,0.70229,wrist_roll,12.5,12.674,22.4945,22.8076,2307,0,28,0,12.2,37,staircase1,no_load,0.0
18.393544,0.713264,wrist_roll,12.5,12.674,22.4945,22.8076,2307,0,28,0,12.2,37,staircase1,no_load,0.0
18.403819,0.72354,wrist_roll,12.5,12.674,22.4945,22.8076,2307,0,28,0,12.2,37,staircase1,no_load,0.0
18.414426,0.734146,wrist_roll,12.5,12.674,22.4945,22.8076,2307,0,28,0,12.2,37,staircase1,no_load,0.0
18.424687,0.744407,wrist_roll,12.5,12.674,22.4945,22.8076,2307,0,28,0,12.3,37,staircase1,no_load,0.0
18.435194,0.754914,wrist_roll,12.5,12.674,22.4945,22.8076,2307,0,28,1,12.2,37,staircase1,no_load,0.0
18.445581,0.765302,wrist_roll,12.5,12.674,22.4945,22.8076,2307,0,28,1,12.2,37,staircase1,no_load,0.0
18.456285,0.776005,wrist_roll,12.5,12.674,22.4945,22.8076,2307,0,28,0,12.2,37,staircase1,no_load,0.0
18.466565,0.786286,wrist_roll,12.5,12.674,22.4945,22.8076,2307,0,28,1,12.2,37,staircase1,no_load,0.0
18.477276,0.796997,wrist_roll,12.5,12.674,22.4945,22.8076,2307,0,28,0,12.2,37,staircase1,no_load,0.0
18.487802,0.807522,wrist_roll,12.5,12.674,22.4945,22.8076,2307,0,28,0,12.2,37,staircase1,no_load,0.0
18.498458,0.818178,wrist_roll,12.5,12.674,22.4945,22.8076,2307,0,28,0,12.2,37,staircase1,no_load,0.0
18.508739,0.82846,wrist_roll,12.5,12.674,22.4945,22.8076,2307,0,28,0,12.2,37,staircase1,no_load,0.0
18.519412,0.839133,wrist_roll,12.5,12.674,22.4945,22.8076,2307,0,28,0,12.3,37,staircase1,no_load,0.0
18.530082,0.849803,wrist_roll,12.5,12.674,22.4945,22.8076,2307,0,28,0,12.2,37,staircase1,no_load,0.0
18.540579,0.860299,wrist_roll,12.5,12.674,22.4945,22.8076,2307,0,28,1,12.2,37,staircase1,no_load,0.0
18.55124,0.870961,wrist_roll,12.5,12.674,22.4945,22.8076,2307,0,28,1,12.2,37,staircase1,no_load,0.0
18.561851,0.881572,wrist_roll,12.5,12.674,22.4945,22.8076,2307,0,28,0,12.3,37,staircase1,no_load,0.0
18.572489,0.89221,wrist_roll,12.5,12.674,22.4945,22.8076,2307,0,28,1,12.2,37,staircase1,no_load,0.0
18.582944,0.902664,wrist_roll,12.5,12.674,22.4945,22.8076,2307,0,28,0,12.2,37,staircase1,no_load,0.0
18.593344,0.913065,wrist_roll,12.5,12.674,22.4945,22.8076,2307,0,28,0,12.3,37,staircase1,no_load,0.0
18.604577,0.924298,wrist_roll,12.5,12.674,22.4945,22.8076,2307,0,28,1,12.2,37,staircase1,no_load,0.0
18.61518,0.934901,wrist_roll,12.5,12.674,22.4945,22.8076,2307,0,28,0,12.2,37,staircase1,no_load,0.0
18.62539,0.945111,wrist_roll,12.5,12.674,22.4945,22.8076,2307,0,28,1,12.2,37,staircase1,no_load,0.0
18.635729,0.95545,wrist_roll,12.5,12.674,22.4945,22.8076,2307,0,28,0,12.2,37,staircase1,no_load,0.0
18.646177,0.965897,wrist_roll,12.5,12.674,22.4945,22.8076,2307,0,28,0,12.2,37,staircase1,no_load,0.0
18.656335,0.976056,wrist_roll,12.5,12.674,22.4945,22.8076,2307,0,28,0,12.2,37,staircase1,no_load,0.0
18.66681,0.986531,wrist_roll,12.5,12.674,22.4945,22.8076,2307,0,28,0,12.2,37,staircase1,no_load,0.0
18.677063,0.996784,wrist_roll,12.5,12.674,22.4945,22.8076,2307,0,28,0,12.2,37,staircase1,no_load,0.0
18.687554,1.007274,wrist_roll,12.5,12.674,22.4945,22.8076,2307,0,28,0,12.2,37,staircase1,no_load,0.0
18.698656,1.018377,wrist_roll,12.5,12.674,22.4945,22.8076,2307,0,28,0,12.2,37,staircase1,no_load,0.0
18.70975,1.029471,wrist_roll,12.5,12.674,22.4945,22.8076,2307,0,28,0,12.3,37,staircase1,no_load,0.0
18.720174,1.039894,wrist_roll,12.5,12.674,22.4945,22.8076,2307,0,28,1,12.2,37,staircase1,no_load,0.0
18.730479,1.050199,wrist_roll,12.5,12.674,22.4945,22.8076,2307,0,28,1,12.2,37,staircase1,no_load,0.0
18.741033,1.060753,wrist_roll,12.5,12.674,22.4945,22.8076,2307,0,28,0,12.2,37,staircase1,no_load,0.0
18.75209,1.071811,wrist_roll,12.5,12.674,22.4945,22.8076,2307,0,28,0,12.2,37,staircase1,no_load,0.0
18.762539,1.08226,wrist_roll,12.5,12.674,22.4945,22.8076,2307,0,28,0,12.2,37,staircase1,no_load,0.0
18.773532,1.093253,wrist_roll,12.5,12.674,22.4945,22.8076,2307,0,28,0,12.2,37,staircase1,no_load,0.0
18.783811,1.103532,wrist_roll,12.5,12.674,22.4945,22.8076,2307,0,28,0,12.2,37,staircase1,no_load,0.0
18.794257,1.113978,wrist_roll,12.5,12.674,22.4945,22.8076,2307,0,28,1,12.2,37,staircase1,no_load,0.0
18.804483,1.124204,wrist_roll,12.5,12.674,22.4945,22.8076,2307,0,28,0,12.3,37,staircase1,no_load,0.0
18.81471,1.134431,wrist_roll,12.5,12.674,22.4945,22.8076,2307,0,28,0,12.2,37,staircase1,no_load,0.0
18.825018,1.144739,wrist_roll,12.5,12.674,22.4945,22.8076,2307,0,28,1,12.2,37,staircase1,no_load,0.0
18.835205,1.154925,wrist_roll,12.5,12.674,22.4945,22.8076,2307,0,28,0,12.3,37,staircase1,no_load,0.0
18.845527,1.165248,wrist_roll,12.5,12.674,22.4945,22.8076,2307,0,28,1,12.2,37,staircase1,no_load,0.0
18.85577,1.175491,wrist_roll,12.5,12.674,22.4945,22.8076,2307,0,28,1,12.2,37,staircase1,no_load,0.0
18.866388,1.186109,wrist_roll,12.5,12.674,22.4945,22.8076,2307,0,28,1,12.2,37,staircase1,no_load,0.0
18.877511,1.197232,wrist_roll,12.5,12.674,22.4945,22.8076,2307,0,28,0,12.2,37,staircase1,no_load,0.0
18.888454,1.208174,wrist_roll,12.5,12.674,22.4945,22.8076,2307,0,28,0,12.2,37,staircase1,no_load,0.0
18.899029,1.218749,wrist_roll,12.5,12.674,22.4945,22.8076,2307,0,28,0,12.2,37,staircase1,no_load,0.0
18.909589,1.22931,wrist_roll,12.5,12.674,22.4945,22.8076,2307,0,28,0,12.2,37,staircase1,no_load,0.0
18.920254,1.239974,wrist_roll,12.5,12.674,22.4945,22.8076,2307,0,28,0,12.2,37,staircase1,no_load,0.0
18.930842,1.250562,wrist_roll,12.5,12.674,22.4945,22.8076,2307,0,28,1,12.2,37,staircase1,no_load,0.0
18.941697,1.261418,wrist_roll,12.5,12.674,22.4945,22.8076,2307,0,28,0,12.2,37,staircase1,no_load,0.0
18.952752,1.272473,wrist_roll,12.5,12.674,22.4945,22.8076,2307,0,28,1,12.2,37,staircase1,no_load,0.0
18.963383,1.283104,wrist_roll,12.5,12.674,22.4945,22.8076,2307,0,28,0,12.2,37,staircase1,no_load,0.0
18.974321,1.294042,wrist_roll,12.5,12.674,22.4945,22.8076,2307,0,28,0,12.2,37,staircase1,no_load,0.0
18.985336,1.305057,wrist_roll,12.5,12.674,22.4945,22.8076,2307,0,28,0,12.2,37,staircase1,no_load,0.0
18.995966,1.315687,wrist_roll,12.5,12.674,22.4945,22.8076,2307,0,28,0,12.2,37,staircase1,no_load,0.0
19.006603,1.326324,wrist_roll,12.5,12.674,22.4945,22.8076,2307,0,28,1,12.2,37,staircase1,no_load,0.0
19.017233,1.336954,wrist_roll,12.5,12.674,22.4945,22.8076,2307,0,28,0,12.2,37,staircase1,no_load,0.0
19.027671,1.347391,wrist_roll,12.5,12.674,22.4945,22.8076,2307,0,28,0,12.2,37,staircase1,no_load,0.0
19.038099,1.35782,wrist_roll,12.5,12.674,22.4945,22.8076,2307,0,28,0,12.2,37,staircase1,no_load,0.0
19.048287,1.368008,wrist_roll,12.5,12.674,22.4945,22.8076,2307,0,28,0,12.2,37,staircase1,no_load,0.0
19.058889,1.378609,wrist_roll,12.5,12.674,22.4945,22.8076,2307,0,28,0,12.2,37,staircase1,no_load,0.0
19.069466,1.389187,wrist_roll,12.5,12.674,22.4945,22.8076,2307,0,28,0,12.2,37,staircase1,no_load,0.0
19.079922,1.399643,wrist_roll,12.5,12.674,22.4945,22.8076,2307,0,28,1,12.3,37,staircase1,no_load,0.0
19.090161,1.409882,wrist_roll,12.5,12.674,22.4945,22.8076,2307,0,28,1,12.2,37,staircase1,no_load,0.0
19.100782,1.420503,wrist_roll,12.5,12.674,22.4945,22.8076,2307,0,28,0,12.3,37,staircase1,no_load,0.0
19.111445,1.431166,wrist_roll,12.5,12.674,22.4945,22.8076,2307,0,28,0,12.2,37,staircase1,no_load,0.0
19.122272,1.441993,wrist_roll,12.5,12.674,22.4945,22.8076,2307,0,28,1,12.2,37,staircase1,no_load,0.0
19.132893,1.452614,wrist_roll,12.5,12.674,22.4945,22.8076,2307,0,28,0,12.2,37,staircase1,no_load,0.0
19.143775,1.463496,wrist_roll,12.5,12.674,22.4945,22.8076,2307,0,28,0,12.2,37,staircase1,no_load,0.0
19.154234,1.473955,wrist_roll,12.5,12.674,22.4945,22.8076,2307,0,28,1,12.2,37,staircase1,no_load,0.0
19.164894,1.484615,wrist_roll,12.5,12.674,22.4945,22.8076,2307,0,28,0,12.3,37,staircase1,no_load,0.0
19.1755,1.49522,wrist_roll,12.5,12.674,22.4945,22.8076,2307,0,28,1,12.2,37,staircase1,no_load,0.0
19.18568,1.505401,wrist_roll,12.5,12.674,22.4945,22.8076,2307,0,28,0,12.2,37,staircase1,no_load,0.0
19.19631,1.516031,wrist_roll,12.5,12.674,22.4945,22.8076,2307,0,28,0,12.2,37,staircase1,no_load,0.0
19.206931,1.526652,wrist_roll,12.5,12.674,22.4945,22.8076,2307,0,28,0,12.2,37,staircase1,no_load,0.0
19.217655,1.537376,wrist_roll,12.5,12.674,22.4945,22.8076,2307,0,28,0,12.2,37,staircase1,no_load,0.0
19.228043,1.547764,wrist_roll,12.5,12.674,22.4945,22.8076,2307,0,28,1,12.1,37,staircase1,no_load,0.0
19.238708,1.558428,wrist_roll,12.5,12.674,22.4945,22.8076,2307,0,28,0,12.2,37,staircase1,no_load,0.0
19.249332,1.569053,wrist_roll,12.5,12.674,22.4945,22.8076,2307,0,28,0,12.2,37,staircase1,no_load,0.0
19.26005,1.579771,wrist_roll,12.5,12.674,22.4945,22.8076,2307,0,28,0,12.2,37,staircase1,no_load,0.0
19.270707,1.590428,wrist_roll,12.5,12.674,22.4945,22.8076,2307,0,28,1,12.2,37,staircase1,no_load,0.0
19.282194,3e-06,wrist_roll,0.0,12.674,0.0,22.8076,2307,0,28,0,12.2,37,staircase1,no_load,0.0
19.292811,0.01062,wrist_roll,0.0,12.674,0.0,22.8076,2307,0,44,2,12.2,37,staircase1,no_load,0.0
19.303107,0.020915,wrist_roll,0.0,12.674,0.0,22.8076,2307,0,64,2,12.2,37,staircase1,no_load,0.0
19.313462,0.031271,wrist_roll,0.0,12.674,0.0,22.8076,2307,0,132,7,12.2,37,staircase1,no_load,0.0
19.323839,0.041647,wrist_roll,0.0,12.6252,0.0,22.7197,2306,0,164,5,12.2,37,staircase1,no_load,-8.471
19.334413,0.052222,wrist_roll,0.0,12.4298,0.0,22.3682,2302,-100,228,9,12.2,37,staircase1,no_load,-33.242
19.344795,0.062603,wrist_roll,0.0,12.1856,0.0,21.9287,2297,-100,268,11,12.2,37,staircase1,no_load,-42.333
19.355425,0.073234,wrist_roll,0.0,11.8437,0.0,21.3135,2290,-450,332,16,12.2,37,staircase1,no_load,-57.874
19.365836,0.083645,wrist_roll,0.0,11.453,0.0,20.6104,2282,-750,380,16,12.1,37,staircase1,no_load,-67.534
19.376193,0.094002,wrist_roll,0.0,10.9158,0.0,19.6436,2271,-750,456,22,12.2,37,staircase1,no_load,-93.347
19.386386,0.104194,wrist_roll,0.0,10.3297,0.0,18.5889,2259,-1100,508,25,12.2,37,staircase1,no_load,-103.473
19.396605,0.114414,wrist_roll,0.0,9.6459,0.0,17.3584,2245,-1100,536,23,12.1,37,staircase1,no_load,-120.413
19.407209,0.125018,wrist_roll,0.0,8.7668,0.0,15.7764,2227,-1500,552,19,12.1,37,staircase1,no_load,-149.189
19.417855,0.135664,wrist_roll,0.0,7.8388,0.0,14.1064,2208,-1500,496,4,12.2,37,staircase1,no_load,-156.866
19.42842,0.146229,wrist_roll,0.0,7.0085,0.0,12.6123,2191,-1700,488,2,12.2,37,staircase1,no_load,-141.42
19.438584,0.156393,wrist_roll,0.0,6.2271,0.0,11.2061,2175,-1700,432,0,12.2,37,staircase1,no_load,-138.351
19.448844,0.166653,wrist_roll,0.0,5.4457,0.0,9.7998,2159,-1550,404,0,12.2,37,staircase1,no_load,-137.066
19.45922,0.177029,wrist_roll,0.0,4.6642,0.0,8.3936,2143,-1550,340,0,12.2,37,staircase1,no_load,-135.524
19.469875,0.187684,wrist_roll,0.0,3.9805,0.0,7.1631,2129,-1500,248,0,12.2,37,staircase1,no_load,-115.486
19.48052,0.198329,wrist_roll,0.0,3.3455,0.0,6.0205,2116,-1500,192,0,12.2,37,staircase1,no_load,-107.337
19.491237,0.209046,wrist_roll,0.0,2.7595,0.0,4.9658,2104,-1200,140,0,12.2,37,staircase1,no_load,-98.414
19.501952,0.219761,wrist_roll,0.0,2.4664,0.0,4.4385,2098,-1200,116,0,12.2,37,staircase1,no_load,-49.211
19.512936,0.230745,wrist_roll,0.0,2.1734,0.0,3.9111,2092,-700,136,1,12.2,37,staircase1,no_load,-48.015
19.523211,0.24102,wrist_roll,0.0,1.9292,0.0,3.4717,2087,-700,124,0,12.2,37,staircase1,no_load,-42.764
19.534076,0.251884,wrist_roll,0.0,1.7338,0.0,3.1201,2083,-450,112,0,12.2,37,staircase1,no_load,-32.361
19.544764,0.262573,wrist_roll,0.0,1.5385,0.0,2.7686,2079,-400,96,0,12.2,37,staircase1,no_load,-32.887
19.555424,0.273233,wrist_roll,0.0,1.3431,0.0,2.417,2075,-400,92,1,12.2,37,staircase1,no_load,-32.983
19.566195,0.284004,wrist_roll,0.0,1.1966,0.0,2.1533,2072,-350,80,1,12.2,37,staircase1,no_load,-24.482
19.576824,0.294633,wrist_roll,0.0,1.0501,0.0,1.8896,2069,-350,72,0,12.2,37,staircase1,no_load,-24.809
19.587458,0.305266,wrist_roll,0.0,0.9524,0.0,1.7139,2067,-250,60,0,12.2,37,staircase1,no_load,-16.522
19.598453,0.316262,wrist_roll,0.0,0.8059,0.0,1.4502,2064,-250,56,1,12.2,37,staircase1,no_load,-23.984
19.609308,0.327117,wrist_roll,0.0,0.757,0.0,1.3623,2063,-150,52,0,12.2,37,staircase1,no_load,-8.098
19.619948,0.337757,wrist_roll,0.0,0.6593,0.0,1.1865,2061,-150,48,0,12.2,37,staircase1,no_load,-16.523
19.630152,0.347961,wrist_roll,0.0,0.6105,0.0,1.0986,2060,-150,52,1,12.2,37,staircase1,no_load,-8.614
19.640772,0.358581,wrist_roll,0.0,0.5617,0.0,1.0107,2059,-150,48,1,12.3,37,staircase1,no_load,-8.277
19.650988,0.368797,wrist_roll,0.0,0.5128,0.0,0.9229,2058,-150,40,0,12.2,37,staircase1,no_load,-8.594
19.661602,0.37941,wrist_roll,0.0,0.4151,0.0,0.7471,2056,-150,36,0,12.2,37,staircase1,no_load,-16.563
19.67209,0.389899,wrist_roll,0.0,0.3663,0.0,0.6592,2055,-100,32,0,12.2,37,staircase1,no_load,-8.381
19.682605,0.400414,wrist_roll,0.0,0.3175,0.0,0.5713,2054,-100,28,0,12.2,37,staircase1,no_load,-8.359
19.692829,0.410638,wrist_roll,0.0,0.3175,0.0,0.5713,2054,-100,28,1,12.2,37,staircase1,no_load,0.0
19.703127,0.420936,wrist_roll,0.0,0.3175,0.0,0.5713,2054,0,28,0,12.2,37,staircase1,no_load,0.0
19.714204,0.432013,wrist_roll,0.0,0.3175,0.0,0.5713,2054,0,36,0,12.3,37,staircase1,no_load,0.0
19.7246,0.442408,wrist_roll,0.0,0.3175,0.0,0.5713,2054,0,36,0,12.2,37,staircase1,no_load,0.0
19.73512,0.452928,wrist_roll,0.0,0.2198,0.0,0.3955,2052,0,24,0,12.3,37,staircase1,no_load,-16.711
19.745296,0.463105,wrist_roll,0.0,0.2198,0.0,0.3955,2052,-100,24,0,12.2,37,staircase1,no_load,0.0
19.755826,0.473635,wrist_roll,0.0,0.2198,0.0,0.3955,2052,-100,24,1,12.2,37,staircase1,no_load,0.0
19.766165,0.483974,wrist_roll,0.0,0.2198,0.0,0.3955,2052,0,24,1,12.2,37,staircase1,no_load,0.0
19.777021,0.49483,wrist_roll,0.0,0.2198,0.0,0.3955,2052,0,28,0,12.2,37,staircase1,no_load,0.0
19.787325,0.505134,wrist_roll,0.0,0.2198,0.0,0.3955,2052,0,28,1,12.2,37,staircase1,no_load,0.0
19.798015,0.515823,wrist_roll,0.0,0.2198,0.0,0.3955,2052,0,28,0,12.2,37,staircase1,no_load,0.0
19.808698,0.526506,wrist_roll,0.0,0.2198,0.0,0.3955,2052,0,28,1,12.2,37,staircase1,no_load,0.0
19.819759,0.537568,wrist_roll,0.0,0.2198,0.0,0.3955,2052,0,28,1,12.2,37,staircase1,no_load,0.0
19.83042,0.548229,wrist_roll,0.0,0.2198,0.0,0.3955,2052,0,28,0,12.2,37,staircase1,no_load,0.0
19.841283,0.559092,wrist_roll,0.0,0.2198,0.0,0.3955,2052,0,28,1,12.2,37,staircase1,no_load,0.0
19.851846,0.569654,wrist_roll,0.0,0.2198,0.0,0.3955,2052,0,28,1,12.3,37,staircase1,no_load,0.0
19.862426,0.580234,wrist_roll,0.0,0.2198,0.0,0.3955,2052,0,28,0,12.2,37,staircase1,no_load,0.0
19.873201,0.59101,wrist_roll,0.0,0.2198,0.0,0.3955,2052,0,28,0,12.2,37,staircase1,no_load,0.0
19.883707,0.601515,wrist_roll,0.0,0.2198,0.0,0.3955,2052,0,28,1,12.2,37,staircase1,no_load,0.0
19.89434,0.612148,wrist_roll,0.0,0.2198,0.0,0.3955,2052,0,28,0,12.2,37,staircase1,no_load,0.0
19.905436,0.623245,wrist_roll,0.0,0.2198,0.0,0.3955,2052,0,28,0,12.2,37,staircase1,no_load,0.0
19.915781,0.63359,wrist_roll,0.0,0.2198,0.0,0.3955,2052,0,28,1,12.2,37,staircase1,no_load,0.0
19.926371,0.64418,wrist_roll,0.0,0.2198,0.0,0.3955,2052,0,28,0,12.2,37,staircase1,no_load,0.0
19.936572,0.654381,wrist_roll,0.0,0.2198,0.0,0.3955,2052,0,28,0,12.2,37,staircase1,no_load,0.0
19.94709,0.664899,wrist_roll,0.0,0.2198,0.0,0.3955,2052,0,28,0,12.2,37,staircase1,no_load,0.0
19.957698,0.675507,wrist_roll,0.0,0.2198,0.0,0.3955,2052,0,28,0,12.2,37,staircase1,no_load,0.0
19.968356,0.686165,wrist_roll,0.0,0.2198,0.0,0.3955,2052,0,28,0,12.2,37,staircase1,no_load,0.0
19.979134,0.696943,wrist_roll,0.0,0.2198,0.0,0.3955,2052,0,28,0,12.2,37,staircase1,no_load,0.0
19.989797,0.707605,wrist_roll,0.0,0.2198,0.0,0.3955,2052,0,28,0,12.2,37,staircase1,no_load,0.0
20.000331,0.71814,wrist_roll,0.0,0.2198,0.0,0.3955,2052,0,28,0,12.2,37,staircase1,no_load,0.0
20.010609,0.728418,wrist_roll,0.0,0.2198,0.0,0.3955,2052,0,28,0,12.2,37,staircase1,no_load,0.0
20.021467,0.739276,wrist_roll,0.0,0.2198,0.0,0.3955,2052,0,28,1,12.2,37,staircase1,no_load,0.0
20.032181,0.74999,wrist_roll,0.0,0.2198,0.0,0.3955,2052,0,28,0,12.2,37,staircase1,no_load,0.0
20.042821,0.76063,wrist_roll,0.0,0.2198,0.0,0.3955,2052,0,28,0,12.2,37,staircase1,no_load,0.0
20.053731,0.77154,wrist_roll,0.0,0.2198,0.0,0.3955,2052,0,28,1,12.3,37,staircase1,no_load,0.0
20.064363,0.782172,wrist_roll,0.0,0.2198,0.0,0.3955,2052,0,28,0,12.2,37,staircase1,no_load,0.0
20.07499,0.792799,wrist_roll,0.0,0.2198,0.0,0.3955,2052,0,28,1,12.3,37,staircase1,no_load,0.0
20.085315,0.803124,wrist_roll,0.0,0.2198,0.0,0.3955,2052,0,28,0,12.2,39,staircase1,no_load,0.0
20.096004,0.813813,wrist_roll,0.0,0.2198,0.0,0.3955,2052,0,28,0,12.3,37,staircase1,no_load,0.0
20.106719,0.824527,wrist_roll,0.0,0.2198,0.0,0.3955,2052,0,28,1,12.2,37,staircase1,no_load,0.0
20.117386,0.835195,wrist_roll,0.0,0.2198,0.0,0.3955,2052,0,28,1,12.2,37,staircase1,no_load,0.0
20.127867,0.845676,wrist_roll,0.0,0.2198,0.0,0.3955,2052,0,28,1,12.2,37,staircase1,no_load,0.0
20.138468,0.856277,wrist_roll,0.0,0.2198,0.0,0.3955,2052,0,28,1,12.3,37,staircase1,no_load,0.0
20.148857,0.866666,wrist_roll,0.0,0.2198,0.0,0.3955,2052,0,28,0,12.2,37,staircase1,no_load,0.0
20.159547,0.877356,wrist_roll,0.0,0.2198,0.0,0.3955,2052,0,28,0,12.3,37,staircase1,no_load,0.0
20.170004,0.887813,wrist_roll,0.0,0.2198,0.0,0.3955,2052,0,28,0,12.2,37,staircase1,no_load,0.0
20.180291,0.8981,wrist_roll,0.0,0.2198,0.0,0.3955,2052,0,28,0,11.3,37,staircase1,no_load,0.0
20.191029,0.908838,wrist_roll,0.0,0.2198,0.0,0.3955,2052,0,28,1,12.2,37,staircase1,no_load,0.0
20.201694,0.919502,wrist_roll,0.0,0.2198,0.0,0.3955,2052,0,28,0,12.2,37,staircase1,no_load,0.0
20.21271,0.930519,wrist_roll,0.0,0.2198,0.0,0.3955,2052,0,28,1,12.2,37,staircase1,no_load,0.0
20.223081,0.940889,wrist_roll,0.0,0.2198,0.0,0.3955,2052,0,28,1,12.2,37,staircase1,no_load,0.0
20.233712,0.95152,wrist_roll,0.0,0.2198,0.0,0.3955,2052,0,28,0,12.2,37,staircase1,no_load,0.0
20.244095,0.961904,wrist_roll,0.0,0.2198,0.0,0.3955,2052,0,28,1,12.2,37,staircase1,no_load,0.0
20.254731,0.97254,wrist_roll,0.0,0.2198,0.0,0.3955,2052,0,28,0,12.2,37,staircase1,no_load,0.0
20.265458,0.983267,wrist_roll,0.0,0.2198,0.0,0.3955,2052,0,28,0,12.2,37,staircase1,no_load,0.0
20.276025,0.993834,wrist_roll,0.0,0.2198,0.0,0.3955,2052,0,28,0,12.2,37,staircase1,no_load,0.0
20.286948,1.004757,wrist_roll,0.0,0.2198,0.0,0.3955,2052,0,28,0,12.3,37,staircase1,no_load,0.0
20.297325,1.015134,wrist_roll,0.0,0.2198,0.0,0.3955,2052,0,28,0,12.2,37,staircase1,no_load,0.0
20.308054,1.025863,wrist_roll,0.0,0.2198,0.0,0.3955,2052,0,28,0,12.2,37,staircase1,no_load,0.0
20.318393,1.036201,wrist_roll,0.0,0.2198,0.0,0.3955,2052,0,28,1,12.2,37,staircase1,no_load,0.0
20.328882,1.046691,wrist_roll,0.0,0.2198,0.0,0.3955,2052,0,28,0,12.3,37,staircase1,no_load,0.0
20.339601,1.05741,wrist_roll,0.0,0.2198,0.0,0.3955,2052,0,28,0,12.2,37,staircase1,no_load,0.0
20.349786,1.067595,wrist_roll,0.0,0.2198,0.0,0.3955,2052,0,28,0,12.2,37,staircase1,no_load,0.0
20.359974,1.077782,wrist_roll,0.0,0.2198,0.0,0.3955,2052,0,28,0,12.2,37,staircase1,no_load,0.0
20.370284,1.088093,wrist_roll,0.0,0.2198,0.0,0.3955,2052,0,28,1,12.3,37,staircase1,no_load,0.0
20.380508,1.098317,wrist_roll,0.0,0.2198,0.0,0.3955,2052,0,28,0,12.2,37,staircase1,no_load,0.0
20.39086,1.108669,wrist_roll,0.0,0.2198,0.0,0.3955,2052,0,28,0,12.2,37,staircase1,no_load,0.0
20.401525,1.119334,wrist_roll,0.0,0.2198,0.0,0.3955,2052,0,28,0,12.2,37,staircase1,no_load,0.0
20.412491,1.1303,wrist_roll,0.0,0.2198,0.0,0.3955,2052,0,28,1,12.2,37,staircase1,no_load,0.0
20.42301,1.140819,wrist_roll,0.0,0.2198,0.0,0.3955,2052,0,28,0,12.2,37,staircase1,no_load,0.0
20.433611,1.15142,wrist_roll,0.0,0.2198,0.0,0.3955,2052,0,28,1,12.2,37,staircase1,no_load,0.0
20.443998,1.161806,wrist_roll,0.0,0.2198,0.0,0.3955,2052,0,28,1,12.3,37,staircase1,no_load,0.0
20.455295,1.173104,wrist_roll,0.0,0.2198,0.0,0.3955,2052,0,28,1,12.3,37,staircase1,no_load,0.0
20.466007,1.183816,wrist_roll,0.0,0.2198,0.0,0.3955,2052,0,28,0,12.2,37,staircase1,no_load,0.0
20.476711,1.19452,wrist_roll,0.0,0.2198,0.0,0.3955,2052,0,28,1,12.3,37,staircase1,no_load,0.0
20.487373,1.205182,wrist_roll,0.0,0.2198,0.0,0.3955,2052,0,28,0,12.2,37,staircase1,no_load,0.0
20.497765,1.215573,wrist_roll,0.0,0.2198,0.0,0.3955,2052,0,28,0,12.2,37,staircase1,no_load,0.0
20.508423,1.226232,wrist_roll,0.0,0.2198,0.0,0.3955,2052,0,28,1,12.2,37,staircase1,no_load,0.0
20.519118,1.236927,wrist_roll,0.0,0.2198,0.0,0.3955,2052,0,28,1,12.3,37,staircase1,no_load,0.0
20.52936,1.247169,wrist_roll,0.0,0.2198,0.0,0.3955,2052,0,28,0,12.2,37,staircase1,no_load,0.0
20.540387,1.258196,wrist_roll,0.0,0.2198,0.0,0.3955,2052,0,28,0,12.2,37,staircase1,no_load,0.0
20.550941,1.26875,wrist_roll,0.0,0.2198,0.0,0.3955,2052,0,28,0,12.2,37,staircase1,no_load,0.0
20.561189,1.278998,wrist_roll,0.0,0.2198,0.0,0.3955,2052,0,28,0,12.2,37,staircase1,no_load,0.0
20.571916,1.289725,wrist_roll,0.0,0.2198,0.0,0.3955,2052,0,28,0,12.2,37,staircase1,no_load,0.0
20.58257,1.300379,wrist_roll,0.0,0.2198,0.0,0.3955,2052,0,28,0,12.2,37,staircase1,no_load,0.0
20.593002,1.310811,wrist_roll,0.0,0.2198,0.0,0.3955,2052,0,28,0,12.2,37,staircase1,no_load,0.0
20.603674,1.321483,wrist_roll,0.0,0.2198,0.0,0.3955,2052,0,28,0,12.3,37,staircase1,no_load,0.0
20.614323,1.332132,wrist_roll,0.0,0.2198,0.0,0.3955,2052,0,28,1,12.2,37,staircase1,no_load,0.0
20.625004,1.342812,wrist_roll,0.0,0.2198,0.0,0.3955,2052,0,28,0,12.2,37,staircase1,no_load,0.0
20.63592,1.353729,wrist_roll,0.0,0.2198,0.0,0.3955,2052,0,28,0,12.2,37,staircase1,no_load,0.0
20.64645,1.364259,wrist_roll,0.0,0.2198,0.0,0.3955,2052,0,28,0,12.2,37,staircase1,no_load,0.0
20.656981,1.37479,wrist_roll,0.0,0.2198,0.0,0.3955,2052,0,28,0,12.3,37,staircase1,no_load,0.0
20.667601,1.38541,wrist_roll,0.0,0.2198,0.0,0.3955,2052,0,28,0,12.2,37,staircase1,no_load,0.0
20.678378,1.396187,wrist_roll,0.0,0.2198,0.0,0.3955,2052,0,28,0,12.2,37,staircase1,no_load,0.0
20.688986,1.406795,wrist_roll,0.0,0.2198,0.0,0.3955,2052,0,28,1,12.2,37,staircase1,no_load,0.0
20.700011,1.41782,wrist_roll,0.0,0.2198,0.0,0.3955,2052,0,28,0,12.2,37,staircase1,no_load,0.0
20.710929,1.428737,wrist_roll,0.0,0.2198,0.0,0.3955,2052,0,28,0,12.2,37,staircase1,no_load,0.0
20.721577,1.439386,wrist_roll,0.0,0.2198,0.0,0.3955,2052,0,28,0,12.2,37,staircase1,no_load,0.0
20.732509,1.450318,wrist_roll,0.0,0.2198,0.0,0.3955,2052,0,28,0,12.2,37,staircase1,no_load,0.0
20.743058,1.460867,wrist_roll,0.0,0.2198,0.0,0.3955,2052,0,28,1,12.2,37,staircase1,no_load,0.0
20.754071,1.47188,wrist_roll,0.0,0.2198,0.0,0.3955,2052,0,28,0,12.2,37,staircase1,no_load,0.0
20.764383,1.482191,wrist_roll,0.0,0.2198,0.0,0.3955,2052,0,28,1,12.2,37,staircase1,no_load,0.0
20.774865,1.492674,wrist_roll,0.0,0.2198,0.0,0.3955,2052,0,28,1,12.2,37,staircase1,no_load,0.0
20.785828,1.503636,wrist_roll,0.0,0.2198,0.0,0.3955,2052,0,28,0,12.2,37,staircase1,no_load,0.0
20.796789,1.514597,wrist_roll,0.0,0.2198,0.0,0.3955,2052,0,28,0,12.2,37,staircase1,no_load,0.0
20.807653,1.525461,wrist_roll,0.0,0.2198,0.0,0.3955,2052,0,28,1,12.2,37,staircase1,no_load,0.0
20.81777,1.535579,wrist_roll,0.0,0.2198,0.0,0.3955,2052,0,28,0,12.2,37,staircase1,no_load,0.0
20.827898,1.545707,wrist_roll,0.0,0.2198,0.0,0.3955,2052,0,28,0,12.2,37,staircase1,no_load,0.0
20.838674,1.556483,wrist_roll,0.0,0.2198,0.0,0.3955,2052,0,28,0,12.2,37,staircase1,no_load,0.0
20.848875,1.566683,wrist_roll,0.0,0.2198,0.0,0.3955,2052,0,28,0,12.2,37,staircase1,no_load,0.0
20.859133,1.576941,wrist_roll,0.0,0.2198,0.0,0.3955,2052,0,28,1,12.2,37,staircase1,no_load,0.0
20.869393,1.587202,wrist_roll,0.0,0.2198,0.0,0.3955,2052,0,28,0,12.2,37,staircase1,no_load,0.0
20.880092,1.597901,wrist_roll,0.0,0.2198,0.0,0.3955,2052,0,28,1,12.2,37,staircase1,no_load,0.0
20.891675,3e-06,wrist_roll,-12.5,0.2198,-22.4945,0.3955,2052,0,32,0,12.3,37,staircase1,no_load,0.0
20.902339,0.010667,wrist_roll,-12.5,0.2198,-22.4945,0.3955,2052,0,44,1,12.2,37,staircase1,no_load,0.0
20.912693,0.021021,wrist_roll,-12.5,0.2198,-22.4945,0.3955,2052,0,60,3,12.3,37,staircase1,no_load,0.0
20.923665,0.031993,wrist_roll,-12.5,0.1709,-22.4945,0.3076,2051,0,120,4,12.2,37,staircase1,no_load,-8.011
20.934012,0.04234,wrist_roll,-12.5,0.0733,-22.4945,0.1318,2049,-100,184,7,12.2,37,staircase1,no_load,-16.99
20.944351,0.052679,wrist_roll,-12.5,-0.1221,-22.4945,-0.2197,2045,-100,224,8,12.2,37,staircase1,no_load,-33.997
20.954778,0.063106,wrist_roll,-12.5,-0.3663,-22.4945,-0.6592,2040,-400,284,0,12.1,37,staircase1,no_load,-42.15
20.965075,0.073404,wrist_roll,-12.5,-0.7082,-22.4945,-1.2744,2033,-400,332,13,12.1,37,staircase1,no_load,-59.746
20.975769,0.084098,wrist_roll,-12.5,-1.1477,-22.4945,-2.0654,2024,-650,396,20,12.2,37,staircase1,no_load,-73.967
20.986019,0.094347,wrist_roll,-12.5,-1.6361,-22.4945,-2.9443,2014,-650,452,21,12.2,37,staircase1,no_load,-85.746
20.996357,0.104685,wrist_roll,-12.5,-2.2222,-22.4945,-3.999,2002,-1000,516,25,12.2,37,staircase1,no_load,-102.022
21.007016,0.115345,wrist_roll,-12.5,-3.0037,-22.4945,-5.4053,1986,-1000,552,24,12.2,37,staircase1,no_load,-131.935
21.017411,0.12574,wrist_roll,-12.5,-3.8339,-22.4945,-6.8994,1969,-1350,512,7,12.2,37,staircase1,no_load,-143.733
21.028007,0.136335,wrist_roll,-12.5,-4.7131,-22.4945,-8.4814,1951,-1350,508,7,12.2,37,staircase1,no_load,-149.302
21.038693,0.147021,wrist_roll,-12.5,-5.5922,-22.4945,-10.0635,1933,-1700,440,0,12.2,37,staircase1,no_load,-148.054
21.049156,0.157484,wrist_roll,-12.5,-6.4713,-22.4945,-11.6455,1915,-1650,424,0,12.2,37,staircase1,no_load,-151.199
21.059892,0.16822,wrist_roll,-12.5,-7.3016,-22.4945,-13.1396,1898,-1650,364,0,12.3,37,staircase1,no_load,-139.167
21.070169,0.178497,wrist_roll,-12.5,-7.9853,-22.4945,-14.3701,1884,-1500,332,0,12.2,37,staircase1,no_load,-119.733
21.080982,0.18931,wrist_roll,-12.5,-8.6691,-22.4945,-15.6006,1870,-1500,248,0,12.2,37,staircase1,no_load,-113.798
21.09191,0.200238,wrist_roll,-12.5,-9.2552,-22.4945,-16.6553,1858,-1200,204,0,12.2,37,staircase1,no_load,-96.514
21.102629,0.210957,wrist_roll,-12.5,-9.7924,-22.4945,-17.6221,1847,-1200,144,0,12.2,37,staircase1,no_load,-90.195
21.113603,0.221932,wrist_roll,-12.5,-10.1343,-22.4945,-18.2373,1840,-900,136,0,12.2,38,staircase1,no_load,-56.06
21.124183,0.232511,wrist_roll,-12.5,-10.3785,-22.4945,-18.6768,1835,-900,116,0,12.2,37,staircase1,no_load,-41.541
21.134897,0.243225,wrist_roll,-12.5,-10.6227,-22.4945,-19.1162,1830,-550,124,1,12.2,37,staircase1,no_load,-41.012
21.145981,0.254309,wrist_roll,-12.5,-10.8669,-22.4945,-19.5557,1825,-550,108,1,12.2,37,staircase1,no_load,-39.652
21.156695,0.265023,wrist_roll,-12.5,-11.0623,-22.4945,-19.9072,1821,-400,96,0,12.3,37,staircase1,no_load,-32.808
21.16741,0.275738,wrist_roll,-12.5,-11.2088,-22.4945,-20.1709,1818,-300,80,0,12.2,37,staircase1,no_load,-24.61
21.178128,0.286456,wrist_roll,-12.5,-11.3553,-22.4945,-20.4346,1815,-300,76,0,12.2,37,staircase1,no_load,-24.603
21.188362,0.296691,wrist_roll,-12.5,-11.453,-22.4945,-20.6104,1813,-250,68,1,12.3,37,staircase1,no_load,-17.178
21.199012,0.30734,wrist_roll,-12.5,-11.5995,-22.4945,-20.874,1810,-250,64,0,12.2,37,staircase1,no_load,-24.751
21.20974,0.318068,wrist_roll,-12.5,-11.6972,-22.4945,-21.0498,1808,-250,52,0,12.2,37,staircase1,no_load,-16.387
21.22005,0.328378,wrist_roll,-12.5,-11.7949,-22.4945,-21.2256,1806,-250,52,0,12.2,37,staircase1,no_load,-17.051
21.231104,0.339433,wrist_roll,-12.5,-11.8437,-22.4945,-21.3135,1805,-150,48,0,12.2,37,staircase1,no_load,-7.952
21.241866,0.350194,wrist_roll,-12.5,-11.9414,-22.4945,-21.4893,1803,-150,44,0,12.2,37,staircase1,no_load,-16.335
21.252759,0.361087,wrist_roll,-12.5,-11.9902,-22.4945,-21.5771,1802,-150,44,0,12.2,37,staircase1,no_load,-8.06
21.263372,0.371701,wrist_roll,-12.5,-12.0391,-22.4945,-21.665,1801,-150,40,1,12.2,37,staircase1,no_load,-8.282
21.274056,0.382385,wrist_roll,-12.5,-12.0879,-22.4945,-21.7529,1800,-100,36,0,12.2,37,staircase1,no_load,-8.227
21.284765,0.393094,wrist_roll,-12.5,-12.1368,-22.4945,-21.8408,1799,-100,32,0,12.2,37,staircase1,no_load,-8.208
21.295421,0.40375,wrist_roll,-12.5,-12.1368,-22.4945,-21.8408,1799,-50,36,0,12.2,37,staircase1,no_load,0.0
21.306064,0.414392,wrist_roll,-12.5,-12.1856,-22.4945,-21.9287,1798,-50,32,0,12.2,37,staircase1,no_load,-8.259
21.317207,0.425535,wrist_roll,-12.5,-12.2344,-22.4945,-22.0166,1797,-50,28,0,12.2,37,staircase1,no_load,-7.888
21.327896,0.436225,wrist_roll,-12.5,-12.2344,-22.4945,-22.0166,1797,-50,24,0,12.2,37,staircase1,no_load,0.0
21.338414,0.446742,wrist_roll,-12.5,-12.2833,-22.4945,-22.1045,1796,-50,20,0,12.2,37,staircase1,no_load,-8.357
21.349127,0.457455,wrist_roll,-12.5,-12.3321,-22.4945,-22.1924,1795,-100,0,0,12.2,37,staircase1,no_load,-8.205
21.359576,0.467905,wrist_roll,-12.5,-12.3321,-22.4945,-22.1924,1795,-100,20,0,12.2,37,staircase1,no_load,0.0
21.370214,0.478543,wrist_roll,-12.5,-12.3321,-22.4945,-22.1924,1795,0,24,0,12.2,37,staircase1,no_load,0.0
21.381204,0.489532,wrist_roll,-12.5,-12.3321,-22.4945,-22.1924,1795,0,24,0,12.2,37,staircase1,no_load,0.0
21.391544,0.499873,wrist_roll,-12.5,-12.3321,-22.4945,-22.1924,1795,0,24,0,12.2,37,staircase1,no_load,0.0
21.402717,0.511045,wrist_roll,-12.5,-12.3321,-22.4945,-22.1924,1795,0,24,0,12.2,37,staircase1,no_load,0.0
21.412899,0.521228,wrist_roll,-12.5,-12.3321,-22.4945,-22.1924,1795,0,24,0,12.2,37,staircase1,no_load,0.0
21.423529,0.531857,wrist_roll,-12.5,-12.3321,-22.4945,-22.1924,1795,0,24,1,12.3,37,staircase1,no_load,0.0
21.434464,0.542792,wrist_roll,-12.5,-12.3321,-22.4945,-22.1924,1795,0,24,1,12.2,37,staircase1,no_load,0.0
21.444927,0.553255,wrist_roll,-12.5,-12.3321,-22.4945,-22.1924,1795,0,24,0,12.2,37,staircase1,no_load,0.0
21.455814,0.564142,wrist_roll,-12.5,-12.3321,-22.4945,-22.1924,1795,0,24,0,12.3,37,staircase1,no_load,0.0
21.466504,0.574833,wrist_roll,-12.5,-12.3321,-22.4945,-22.1924,1795,0,24,0,12.2,37,staircase1,no_load,0.0
21.477147,0.585475,wrist_roll,-12.5,-12.3321,-22.4945,-22.1924,1795,0,24,0,12.2,37,staircase1,no_load,0.0
21.487696,0.596024,wrist_roll,-12.5,-12.3321,-22.4945,-22.1924,1795,0,24,0,12.2,37,staircase1,no_load,0.0
21.497929,0.606258,wrist_roll,-12.5,-12.3321,-22.4945,-22.1924,1795,0,24,0,12.2,37,staircase1,no_load,0.0
21.508624,0.616952,wrist_roll,-12.5,-12.3321,-22.4945,-22.1924,1795,0,24,0,12.2,37,staircase1,no_load,0.0
21.519325,0.627654,wrist_roll,-12.5,-12.3321,-22.4945,-22.1924,1795,0,24,0,12.2,37,staircase1,no_load,0.0
21.530115,0.638443,wrist_roll,-12.5,-12.3321,-22.4945,-22.1924,1795,0,24,0,12.2,37,staircase1,no_load,0.0
21.54056,0.648889,wrist_roll,-12.5,-12.3321,-22.4945,-22.1924,1795,0,24,0,12.2,37,staircase1,no_load,0.0
21.55122,0.659549,wrist_roll,-12.5,-12.3321,-22.4945,-22.1924,1795,0,24,0,12.2,37,staircase1,no_load,0.0
21.561682,0.670011,wrist_roll,-12.5,-12.3321,-22.4945,-22.1924,1795,0,24,0,12.2,37,staircase1,no_load,0.0
21.571938,0.680267,wrist_roll,-12.5,-12.3321,-22.4945,-22.1924,1795,0,24,0,12.3,37,staircase1,no_load,0.0
21.582259,0.690588,wrist_roll,-12.5,-12.3321,-22.4945,-22.1924,1795,0,24,0,12.3,37,staircase1,no_load,0.0
21.592954,0.701283,wrist_roll,-12.5,-12.3321,-22.4945,-22.1924,1795,0,24,0,12.2,37,staircase1,no_load,0.0
21.603624,0.711952,wrist_roll,-12.5,-12.3321,-22.4945,-22.1924,1795,0,24,0,12.2,37,staircase1,no_load,0.0
21.614285,0.722613,wrist_roll,-12.5,-12.3321,-22.4945,-22.1924,1795,0,24,0,12.3,37,staircase1,no_load,0.0
21.625028,0.733356,wrist_roll,-12.5,-12.3321,-22.4945,-22.1924,1795,0,24,1,12.2,37,staircase1,no_load,0.0
21.63571,0.744038,wrist_roll,-12.5,-12.3321,-22.4945,-22.1924,1795,0,24,0,12.3,37,staircase1,no_load,0.0
21.646068,0.754396,wrist_roll,-12.5,-12.3321,-22.4945,-22.1924,1795,0,24,0,12.2,37,staircase1,no_load,0.0
21.656647,0.764975,wrist_roll,-12.5,-12.3321,-22.4945,-22.1924,1795,0,24,1,12.2,37,staircase1,no_load,0.0
21.66689,0.775219,wrist_roll,-12.5,-12.3321,-22.4945,-22.1924,1795,0,24,0,12.2,37,staircase1,no_load,0.0
21.677197,0.785525,wrist_roll,-12.5,-12.3321,-22.4945,-22.1924,1795,0,24,1,12.2,37,staircase1,no_load,0.0
21.687371,0.795699,wrist_roll,-12.5,-12.3321,-22.4945,-22.1924,1795,0,24,0,12.2,37,staircase1,no_load,0.0
21.698205,0.806534,wrist_roll,-12.5,-12.3321,-22.4945,-22.1924,1795,0,24,0,12.2,37,staircase1,no_load,0.0
21.709205,0.817533,wrist_roll,-12.5,-12.3321,-22.4945,-22.1924,1795,0,24,0,12.2,37,staircase1,no_load,0.0
21.719968,0.828297,wrist_roll,-12.5,-12.3321,-22.4945,-22.1924,1795,0,24,0,12.2,37,staircase1,no_load,0.0
21.730579,0.838907,wrist_roll,-12.5,-12.3321,-22.4945,-22.1924,1795,0,24,1,12.2,37,staircase1,no_load,0.0
21.740989,0.849317,wrist_roll,-12.5,-12.3321,-22.4945,-22.1924,1795,0,24,1,12.2,37,staircase1,no_load,0.0
21.751462,0.85979,wrist_roll,-12.5,-12.3321,-22.4945,-22.1924,1795,0,24,0,12.2,37,staircase1,no_load,0.0
21.761745,0.870074,wrist_roll,-12.5,-12.3321,-22.4945,-22.1924,1795,0,24,0,12.2,37,staircase1,no_load,0.0
21.772314,0.880643,wrist_roll,-12.5,-12.3321,-22.4945,-22.1924,1795,0,24,0,12.2,37,staircase1,no_load,0.0
21.78331,0.891638,wrist_roll,-12.5,-12.3321,-22.4945,-22.1924,1795,0,24,0,12.3,37,staircase1,no_load,0.0
21.793919,0.902247,wrist_roll,-12.5,-12.3321,-22.4945,-22.1924,1795,0,24,0,12.2,37,staircase1,no_load,0.0
21.804667,0.912995,wrist_roll,-12.5,-12.3321,-22.4945,-22.1924,1795,0,24,0,12.2,37,staircase1,no_load,0.0
21.815639,0.923967,wrist_roll,-12.5,-12.3321,-22.4945,-22.1924,1795,0,24,0,12.2,37,staircase1,no_load,0.0
21.825988,0.934317,wrist_roll,-12.5,-12.3321,-22.4945,-22.1924,1795,0,24,1,12.2,37,staircase1,no_load,0.0
21.836326,0.944654,wrist_roll,-12.5,-12.3321,-22.4945,-22.1924,1795,0,24,0,12.2,37,staircase1,no_load,0.0
21.846798,0.955127,wrist_roll,-12.5,-12.3321,-22.4945,-22.1924,1795,0,24,0,11.5,37,staircase1,no_load,0.0
21.857309,0.965637,wrist_roll,-12.5,-12.3321,-22.4945,-22.1924,1795,0,24,0,12.2,37,staircase1,no_load,0.0
21.86757,0.975898,wrist_roll,-12.5,-12.3321,-22.4945,-22.1924,1795,0,24,1,12.2,37,staircase1,no_load,0.0
21.877819,0.986147,wrist_roll,-12.5,-12.3321,-22.4945,-22.1924,1795,0,24,0,12.2,37,staircase1,no_load,0.0
21.888539,0.996867,wrist_roll,-12.5,-12.3321,-22.4945,-22.1924,1795,0,24,0,12.2,37,staircase1,no_load,0.0
21.898905,1.007233,wrist_roll,-12.5,-12.3321,-22.4945,-22.1924,1795,0,24,0,12.2,37,staircase1,no_load,0.0
21.909225,1.017553,wrist_roll,-12.5,-12.3321,-22.4945,-22.1924,1795,0,24,0,12.2,37,staircase1,no_load,0.0
21.919945,1.028273,wrist_roll,-12.5,-12.3321,-22.4945,-22.1924,1795,0,24,1,12.2,37,staircase1,no_load,0.0
21.930335,1.038663,wrist_roll,-12.5,-12.3321,-22.4945,-22.1924,1795,0,24,0,12.2,37,staircase1,no_load,0.0
21.940662,1.04899,wrist_roll,-12.5,-12.3321,-22.4945,-22.1924,1795,0,24,0,12.2,37,staircase1,no_load,0.0
21.950975,1.059303,wrist_roll,-12.5,-12.3321,-22.4945,-22.1924,1795,0,24,0,12.2,37,staircase1,no_load,0.0
21.961247,1.069576,wrist_roll,-12.5,-12.3321,-22.4945,-22.1924,1795,0,24,0,12.2,37,staircase1,no_load,0.0
21.971912,1.080241,wrist_roll,-12.5,-12.3321,-22.4945,-22.1924,1795,0,24,0,12.2,37,staircase1,no_load,0.0
21.982957,1.091286,wrist_roll,-12.5,-12.3321,-22.4945,-22.1924,1795,0,24,0,12.2,37,staircase1,no_load,0.0
21.99433,1.102658,wrist_roll,-12.5,-12.3321,-22.4945,-22.1924,1795,0,24,1,12.2,37,staircase1,no_load,0.0
22.004575,1.112903,wrist_roll,-12.5,-12.3321,-22.4945,-22.1924,1795,0,24,0,12.2,37,staircase1,no_load,0.0
22.01523,1.123559,wrist_roll,-12.5,-12.3321,-22.4945,-22.1924,1795,0,24,0,12.2,37,staircase1,no_load,0.0
22.025826,1.134155,wrist_roll,-12.5,-12.3321,-22.4945,-22.1924,1795,0,24,0,12.3,37,staircase1,no_load,0.0
22.036192,1.14452,wrist_roll,-12.5,-12.3321,-22.4945,-22.1924,1795,0,24,0,12.2,37,staircase1,no_load,0.0
22.046542,1.15487,wrist_roll,-12.5,-12.3321,-22.4945,-22.1924,1795,0,24,0,12.3,37,staircase1,no_load,0.0
22.057207,1.165536,wrist_roll,-12.5,-12.3321,-22.4945,-22.1924,1795,0,24,1,12.2,37,staircase1,no_load,0.0
22.068368,1.176697,wrist_roll,-12.5,-12.3321,-22.4945,-22.1924,1795,0,24,0,12.2,37,staircase1,no_load,0.0
22.079031,1.187359,wrist_roll,-12.5,-12.3321,-22.4945,-22.1924,1795,0,24,0,12.2,37,staircase1,no_load,0.0
22.089268,1.197596,wrist_roll,-12.5,-12.3321,-22.4945,-22.1924,1795,0,24,0,12.2,37,staircase1,no_load,0.0
22.099829,1.208157,wrist_roll,-12.5,-12.3321,-22.4945,-22.1924,1795,0,24,0,12.2,37,staircase1,no_load,0.0
22.110144,1.218472,wrist_roll,-12.5,-12.3321,-22.4945,-22.1924,1795,0,24,0,12.2,37,staircase1,no_load,0.0
22.120407,1.228736,wrist_roll,-12.5,-12.3321,-22.4945,-22.1924,1795,0,24,0,12.2,37,staircase1,no_load,0.0
22.130734,1.239063,wrist_roll,-12.5,-12.3321,-22.4945,-22.1924,1795,0,24,0,12.2,37,staircase1,no_load,0.0
22.141641,1.24997,wrist_roll,-12.5,-12.3321,-22.4945,-22.1924,1795,0,24,0,12.2,37,staircase1,no_load,0.0
22.152012,1.260341,wrist_roll,-12.5,-12.3321,-22.4945,-22.1924,1795,0,24,0,12.2,37,staircase1,no_load,0.0
22.162679,1.271008,wrist_roll,-12.5,-12.3321,-22.4945,-22.1924,1795,0,24,0,12.2,37,staircase1,no_load,0.0
22.173462,1.28179,wrist_roll,-12.5,-12.3321,-22.4945,-22.1924,1795,0,24,0,12.2,37,staircase1,no_load,0.0
22.183897,1.292225,wrist_roll,-12.5,-12.3321,-22.4945,-22.1924,1795,0,24,0,12.2,37,staircase1,no_load,0.0
22.194613,1.302942,wrist_roll,-12.5,-12.3321,-22.4945,-22.1924,1795,0,24,1,12.2,37,staircase1,no_load,0.0
22.205307,1.313636,wrist_roll,-12.5,-12.3321,-22.4945,-22.1924,1795,0,24,0,12.2,37,staircase1,no_load,0.0
22.216563,1.324892,wrist_roll,-12.5,-12.3321,-22.4945,-22.1924,1795,0,24,0,12.2,37,staircase1,no_load,0.0
22.226985,1.335313,wrist_roll,-12.5,-12.3321,-22.4945,-22.1924,1795,0,24,0,12.2,37,staircase1,no_load,0.0
22.237918,1.346246,wrist_roll,-12.5,-12.3321,-22.4945,-22.1924,1795,0,24,1,12.2,37,staircase1,no_load,0.0
22.248497,1.356826,wrist_roll,-12.5,-12.3321,-22.4945,-22.1924,1795,0,24,0,12.2,37,staircase1,no_load,0.0
22.258973,1.367301,wrist_roll,-12.5,-12.3321,-22.4945,-22.1924,1795,0,24,0,12.2,37,staircase1,no_load,0.0
22.269354,1.377682,wrist_roll,-12.5,-12.3321,-22.4945,-22.1924,1795,0,24,0,12.2,37,staircase1,no_load,0.0
22.279999,1.388327,wrist_roll,-12.5,-12.3321,-22.4945,-22.1924,1795,0,24,0,12.2,37,staircase1,no_load,0.0
22.290785,1.399113,wrist_roll,-12.5,-12.3321,-22.4945,-22.1924,1795,0,24,0,12.2,37,staircase1,no_load,0.0
22.301047,1.409376,wrist_roll,-12.5,-12.3321,-22.4945,-22.1924,1795,0,24,0,12.2,37,staircase1,no_load,0.0
22.311777,1.420105,wrist_roll,-12.5,-12.3321,-22.4945,-22.1924,1795,0,24,0,12.2,37,staircase1,no_load,0.0
22.322204,1.430532,wrist_roll,-12.5,-12.3321,-22.4945,-22.1924,1795,0,24,0,12.2,37,staircase1,no_load,0.0
22.332865,1.441194,wrist_roll,-12.5,-12.3321,-22.4945,-22.1924,1795,0,24,0,12.2,37,staircase1,no_load,0.0
22.343058,1.451387,wrist_roll,-12.5,-12.3321,-22.4945,-22.1924,1795,0,24,0,12.2,37,staircase1,no_load,0.0
22.353719,1.462047,wrist_roll,-12.5,-12.3321,-22.4945,-22.1924,1795,0,24,0,12.2,37,staircase1,no_load,0.0
22.364381,1.472709,wrist_roll,-12.5,-12.3321,-22.4945,-22.1924,1795,0,24,0,12.2,37,staircase1,no_load,0.0
22.375074,1.483402,wrist_roll,-12.5,-12.3321,-22.4945,-22.1924,1795,0,24,1,12.2,37,staircase1,no_load,0.0
22.385477,1.493805,wrist_roll,-12.5,-12.3321,-22.4945,-22.1924,1795,0,24,0,12.2,37,staircase1,no_load,0.0
22.396156,1.504484,wrist_roll,-12.5,-12.3321,-22.4945,-22.1924,1795,0,24,0,12.2,37,staircase1,no_load,0.0
22.407309,1.515637,wrist_roll,-12.5,-12.3321,-22.4945,-22.1924,1795,0,24,0,12.3,37,staircase1,no_load,0.0
22.418274,1.526602,wrist_roll,-12.5,-12.3321,-22.4945,-22.1924,1795,0,24,0,12.2,37,staircase1,no_load,0.0
22.428915,1.537244,wrist_roll,-12.5,-12.3321,-22.4945,-22.1924,1795,0,24,0,12.2,37,staircase1,no_load,0.0
22.439684,1.548012,wrist_roll,-12.5,-12.3321,-22.4945,-22.1924,1795,0,24,0,12.2,37,staircase1,no_load,0.0
22.450229,1.558557,wrist_roll,-12.5,-12.3321,-22.4945,-22.1924,1795,0,24,0,12.2,37,staircase1,no_load,0.0
22.460671,1.568999,wrist_roll,-12.5,-12.3321,-22.4945,-22.1924,1795,0,24,0,12.2,37,staircase1,no_load,0.0
22.471256,1.579585,wrist_roll,-12.5,-12.3321,-22.4945,-22.1924,1795,0,24,0,12.2,37,staircase1,no_load,0.0
22.481433,1.589761,wrist_roll,-12.5,-12.3321,-22.4945,-22.1924,1795,0,24,0,12.2,37,staircase1,no_load,0.0
22.492901,5e-06,wrist_roll,-25.0,-12.3321,-44.989,-22.1924,1795,0,28,0,12.2,37,staircase1,no_load,0.0
22.503616,0.010719,wrist_roll,-25.0,-12.3321,-44.989,-22.1924,1795,0,44,1,12.2,37,staircase1,no_load,0.0
22.513762,0.020866,wrist_roll,-25.0,-12.3321,-44.989,-22.1924,1795,0,60,2,12.2,37,staircase1,no_load,0.0
22.524502,0.031606,wrist_roll,-25.0,-12.3321,-44.989,-22.1924,1795,0,128,4,12.2,37,staircase1,no_load,0.0
22.535081,0.042185,wrist_roll,-25.0,-12.381,-44.989,-22.2803,1794,-50,164,6,12.2,37,staircase1,no_load,-8.309
22.546252,0.053355,wrist_roll,-25.0,-12.5763,-44.989,-22.6318,1790,-50,232,10,12.2,37,staircase1,no_load,-31.465
22.556838,0.063942,wrist_roll,-25.0,-12.8205,-44.989,-23.0713,1785,-400,280,12,12.2,37,staircase1,no_load,-41.517
22.567469,0.074573,wrist_roll,-25.0,-13.2112,-44.989,-23.7744,1777,-400,344,14,12.2,37,staircase1,no_load,-66.137
22.57801,0.085113,wrist_roll,-25.0,-13.6508,-44.989,-24.5654,1768,-750,392,18,12.1,37,staircase1,no_load,-75.04
22.588939,0.096042,wrist_roll,-25.0,-14.2857,-44.989,-25.708,1755,-750,460,27,12.2,37,staircase1,no_load,-104.548
22.59955,0.106653,wrist_roll,-25.0,-14.9695,-44.989,-26.9385,1741,-1100,512,24,12.1,37,staircase1,no_load,-115.965
22.610432,0.117536,wrist_roll,-25.0,-15.7509,-44.989,-28.3447,1725,-1100,540,18,12.2,38,staircase1,no_load,-129.223
22.621047,0.128151,wrist_roll,-25.0,-16.5812,-44.989,-29.8389,1708,-1450,500,8,12.2,37,staircase1,no_load,-140.763
22.631556,0.138659,wrist_roll,-25.0,-17.4115,-44.989,-31.333,1691,-1450,504,6,12.2,37,staircase1,no_load,-142.173
22.642196,0.149299,wrist_roll,-25.0,-18.3394,-44.989,-33.0029,1672,-1650,436,0,12.2,37,staircase1,no_load,-156.945
22.652655,0.159759,wrist_roll,-25.0,-19.1697,-44.989,-34.4971,1655,-1700,412,0,12.2,37,staircase1,no_load,-142.863
22.662878,0.169982,wrist_roll,-25.0,-20.0,-44.989,-35.9912,1638,-1700,348,0,12.2,37,staircase1,no_load,-146.151
22.673225,0.180328,wrist_roll,-25.0,-20.6838,-44.989,-37.2217,1624,-1450,316,0,12.3,37,staircase1,no_load,-118.923
22.683865,0.190968,wrist_roll,-25.0,-21.3187,-44.989,-38.3643,1611,-1450,240,0,12.2,37,staircase1,no_load,-107.387
22.694531,0.201635,wrist_roll,-25.0,-21.9048,-44.989,-39.4189,1599,-1150,192,0,12.2,38,staircase1,no_load,-98.875
22.704859,0.211963,wrist_roll,-25.0,-22.2955,-44.989,-40.1221,1591,-1150,144,0,12.2,37,staircase1,no_load,-68.087
22.715955,0.223058,wrist_roll,-25.0,-22.6862,-44.989,-40.8252,1583,-800,116,0,12.2,37,staircase1,no_load,-63.365
22.726957,0.23406,wrist_roll,-25.0,-22.9304,-44.989,-41.2646,1578,-800,120,0,12.2,37,staircase1,no_load,-39.938
22.737927,0.245031,wrist_roll,-25.0,-23.1746,-44.989,-41.7041,1573,-500,116,1,12.2,37,staircase1,no_load,-40.064
22.748307,0.255411,wrist_roll,-25.0,-23.4188,-44.989,-42.1436,1568,-500,100,0,12.2,38,staircase1,no_load,-42.341
22.759272,0.266376,wrist_roll,-25.0,-23.5653,-44.989,-42.4072,1565,-400,96,1,12.2,37,staircase1,no_load,-24.04
22.770315,0.277419,wrist_roll,-25.0,-23.7607,-44.989,-42.7588,1561,-400,84,0,11.8,37,staircase1,no_load,-31.839
22.780867,0.287971,wrist_roll,-25.0,-23.9072,-44.989,-43.0225,1558,-300,76,0,12.2,37,staircase1,no_load,-24.991
22.791042,0.298146,wrist_roll,-25.0,-24.0049,-44.989,-43.1982,1556,-250,68,0,12.2,37,staircase1,no_load,-17.268
22.801258,0.308362,wrist_roll,-25.0,-24.1026,-44.989,-43.374,1554,-250,60,0,12.2,38,staircase1,no_load,-17.208
22.812164,0.319268,wrist_roll,-25.0,-24.2491,-44.989,-43.6377,1551,-250,52,0,12.2,37,staircase1,no_load,-24.179
22.823255,0.330359,wrist_roll,-25.0,-24.2979,-44.989,-43.7256,1550,-250,52,0,12.2,37,staircase1,no_load,-7.925
22.833838,0.340941,wrist_roll,-25.0,-24.3468,-44.989,-43.8135,1549,-100,44,0,12.3,37,staircase1,no_load,-8.306
22.844205,0.351308,wrist_roll,-25.0,-24.4444,-44.989,-43.9893,1547,-100,48,0,12.2,37,staircase1,no_load,-16.958
22.854645,0.361748,wrist_roll,-25.0,-24.5421,-44.989,-44.165,1545,-150,40,0,12.2,37,staircase1,no_load,-16.83
22.865195,0.372298,wrist_roll,-25.0,-24.591,-44.989,-44.2529,1544,-150,32,0,12.2,37,staircase1,no_load,-8.332
22.875309,0.382413,wrist_roll,-25.0,-24.591,-44.989,-44.2529,1544,-100,40,1,12.2,37,staircase1,no_load,0.0
22.886129,0.393232,wrist_roll,-25.0,-24.6398,-44.989,-44.3408,1543,-100,36,1,12.2,37,staircase1,no_load,-8.124
22.896752,0.403855,wrist_roll,-25.0,-24.6886,-44.989,-44.4287,1542,-50,28,0,12.2,37,staircase1,no_load,-8.274
22.907838,0.414942,wrist_roll,-25.0,-24.6886,-44.989,-44.4287,1542,-50,28,0,12.2,37,staircase1,no_load,0.0
22.918011,0.425115,wrist_roll,-25.0,-24.7375,-44.989,-44.5166,1541,-50,28,0,12.2,37,staircase1,no_load,-8.641
22.929001,0.436105,wrist_roll,-25.0,-24.7863,-44.989,-44.6045,1540,-50,24,0,12.2,37,staircase1,no_load,-7.998
22.939657,0.446761,wrist_roll,-25.0,-24.7863,-44.989,-44.6045,1540,-100,24,0,12.2,37,staircase1,no_load,0.0
22.950365,0.457469,wrist_roll,-25.0,-24.7863,-44.989,-44.6045,1540,0,24,1,12.2,37,staircase1,no_load,0.0
22.960991,0.468094,wrist_roll,-25.0,-24.7863,-44.989,-44.6045,1540,0,28,1,12.2,37,staircase1,no_load,0.0
22.971546,0.47865,wrist_roll,-25.0,-24.7863,-44.989,-44.6045,1540,0,28,0,12.2,37,staircase1,no_load,0.0
22.982231,0.489335,wrist_roll,-25.0,-24.7863,-44.989,-44.6045,1540,0,28,0,12.2,37,staircase1,no_load,0.0
22.992377,0.499481,wrist_roll,-25.0,-24.7863,-44.989,-44.6045,1540,0,28,1,12.2,37,staircase1,no_load,0.0
23.003305,0.510409,wrist_roll,-25.0,-24.7863,-44.989,-44.6045,1540,0,28,1,12.2,37,staircase1,no_load,0.0
23.014054,0.521158,wrist_roll,-25.0,-24.7863,-44.989,-44.6045,1540,0,28,1,12.3,37,staircase1,no_load,0.0
23.024668,0.531771,wrist_roll,-25.0,-24.7863,-44.989,-44.6045,1540,0,28,1,12.2,37,staircase1,no_load,0.0
23.034815,0.541919,wrist_roll,-25.0,-24.7863,-44.989,-44.6045,1540,0,28,1,12.2,37,staircase1,no_load,0.0
23.045264,0.552367,wrist_roll,-25.0,-24.7863,-44.989,-44.6045,1540,0,28,0,12.2,37,staircase1,no_load,0.0
23.055985,0.563089,wrist_roll,-25.0,-24.7863,-44.989,-44.6045,1540,0,28,1,12.2,37,staircase1,no_load,0.0
23.06665,0.573754,wrist_roll,-25.0,-24.7863,-44.989,-44.6045,1540,0,28,0,12.3,38,staircase1,no_load,0.0
23.077886,0.58499,wrist_roll,-25.0,-24.7863,-44.989,-44.6045,1540,0,28,0,12.2,37,staircase1,no_load,0.0
23.08855,0.595654,wrist_roll,-25.0,-24.7863,-44.989,-44.6045,1540,0,28,0,12.2,37,staircase1,no_load,0.0
23.099156,0.60626,wrist_roll,-25.0,-24.7863,-44.989,-44.6045,1540,0,28,0,12.2,37,staircase1,no_load,0.0
23.109315,0.616418,wrist_roll,-25.0,-24.7863,-44.989,-44.6045,1540,0,28,0,12.2,37,staircase1,no_load,0.0
23.120046,0.62715,wrist_roll,-25.0,-24.7863,-44.989,-44.6045,1540,0,28,0,12.2,37,staircase1,no_load,0.0
23.131091,0.638195,wrist_roll,-25.0,-24.7863,-44.989,-44.6045,1540,0,28,0,12.2,37,staircase1,no_load,0.0
23.141402,0.648506,wrist_roll,-25.0,-24.7863,-44.989,-44.6045,1540,0,28,0,12.2,38,staircase1,no_load,0.0
23.152054,0.659158,wrist_roll,-25.0,-24.7863,-44.989,-44.6045,1540,0,28,0,12.2,37,staircase1,no_load,0.0
23.1627,0.669803,wrist_roll,-25.0,-24.7863,-44.989,-44.6045,1540,0,28,1,12.2,37,staircase1,no_load,0.0
23.173991,0.681095,wrist_roll,-25.0,-24.7863,-44.989,-44.6045,1540,0,28,1,12.2,37,staircase1,no_load,0.0
23.18497,0.692074,wrist_roll,-25.0,-24.7863,-44.989,-44.6045,1540,0,28,0,12.2,37,staircase1,no_load,0.0
23.195306,0.702409,wrist_roll,-25.0,-24.7863,-44.989,-44.6045,1540,0,28,1,12.2,37,staircase1,no_load,0.0
23.205979,0.713083,wrist_roll,-25.0,-24.7863,-44.989,-44.6045,1540,0,28,0,12.2,37,staircase1,no_load,0.0
23.216352,0.723456,wrist_roll,-25.0,-24.7863,-44.989,-44.6045,1540,0,28,1,12.3,37,staircase1,no_load,0.0
23.227445,0.734548,wrist_roll,-25.0,-24.7863,-44.989,-44.6045,1540,0,28,0,12.3,37,staircase1,no_load,0.0
23.23845,0.745554,wrist_roll,-25.0,-24.7863,-44.989,-44.6045,1540,0,28,0,12.2,37,staircase1,no_load,0.0
23.249037,0.756141,wrist_roll,-25.0,-24.7863,-44.989,-44.6045,1540,0,28,0,12.2,37,staircase1,no_load,0.0
23.259227,0.766331,wrist_roll,-25.0,-24.7863,-44.989,-44.6045,1540,0,28,1,11.2,37,staircase1,no_load,0.0
23.269952,0.777056,wrist_roll,-25.0,-24.7863,-44.989,-44.6045,1540,0,28,1,12.2,37,staircase1,no_load,0.0
23.280645,0.787748,wrist_roll,-25.0,-24.7863,-44.989,-44.6045,1540,0,28,0,12.2,37,staircase1,no_load,0.0
23.290836,0.797939,wrist_roll,-25.0,-24.7863,-44.989,-44.6045,1540,0,28,0,12.2,37,staircase1,no_load,0.0
23.301019,0.808123,wrist_roll,-25.0,-24.7863,-44.989,-44.6045,1540,0,28,0,12.3,37,staircase1,no_load,0.0
23.311333,0.818436,wrist_roll,-25.0,-24.7863,-44.989,-44.6045,1540,0,28,0,12.2,37,staircase1,no_load,0.0
23.321984,0.829088,wrist_roll,-25.0,-24.7863,-44.989,-44.6045,1540,0,28,1,12.2,37,staircase1,no_load,0.0
23.332312,0.839416,wrist_roll,-25.0,-24.7863,-44.989,-44.6045,1540,0,28,1,12.2,37,staircase1,no_load,0.0
23.342945,0.850049,wrist_roll,-25.0,-24.7863,-44.989,-44.6045,1540,0,28,0,12.3,37,staircase1,no_load,0.0
23.354018,0.861121,wrist_roll,-25.0,-24.7863,-44.989,-44.6045,1540,0,28,1,12.2,37,staircase1,no_load,0.0
23.364758,0.871862,wrist_roll,-25.0,-24.7863,-44.989,-44.6045,1540,0,28,1,12.2,37,staircase1,no_load,0.0
23.374884,0.881987,wrist_roll,-25.0,-24.7863,-44.989,-44.6045,1540,0,28,1,12.2,37,staircase1,no_load,0.0
23.38529,0.892394,wrist_roll,-25.0,-24.7863,-44.989,-44.6045,1540,0,28,0,12.2,37,staircase1,no_load,0.0
23.396318,0.903422,wrist_roll,-25.0,-24.7863,-44.989,-44.6045,1540,0,28,0,12.3,37,staircase1,no_load,0.0
23.406976,0.91408,wrist_roll,-25.0,-24.7863,-44.989,-44.6045,1540,0,28,0,12.2,37,staircase1,no_load,0.0
23.417193,0.924296,wrist_roll,-25.0,-24.7863,-44.989,-44.6045,1540,0,28,0,12.2,37,staircase1,no_load,0.0
23.427894,0.934997,wrist_roll,-25.0,-24.7863,-44.989,-44.6045,1540,0,28,0,12.2,37,staircase1,no_load,0.0
23.438593,0.945696,wrist_roll,-25.0,-24.7863,-44.989,-44.6045,1540,0,28,0,12.2,37,staircase1,no_load,0.0
23.448977,0.956081,wrist_roll,-25.0,-24.7863,-44.989,-44.6045,1540,0,28,0,12.2,37,staircase1,no_load,0.0
23.459741,0.966845,wrist_roll,-25.0,-24.7863,-44.989,-44.6045,1540,0,28,0,12.3,37,staircase1,no_load,0.0
23.470409,0.977512,wrist_roll,-25.0,-24.7863,-44.989,-44.6045,1540,0,28,0,12.3,37,staircase1,no_load,0.0
23.481577,0.988681,wrist_roll,-25.0,-24.7863,-44.989,-44.6045,1540,0,28,0,12.2,37,staircase1,no_load,0.0
23.49208,0.999184,wrist_roll,-25.0,-24.7863,-44.989,-44.6045,1540,0,28,0,12.2,37,staircase1,no_load,0.0
23.502911,1.010015,wrist_roll,-25.0,-24.7863,-44.989,-44.6045,1540,0,28,0,12.2,37,staircase1,no_load,0.0
23.513566,1.020669,wrist_roll,-25.0,-24.7863,-44.989,-44.6045,1540,0,28,0,12.2,37,staircase1,no_load,0.0
23.524243,1.031347,wrist_roll,-25.0,-24.7863,-44.989,-44.6045,1540,0,28,1,12.2,37,staircase1,no_load,0.0
23.534858,1.041961,wrist_roll,-25.0,-24.7863,-44.989,-44.6045,1540,0,28,1,12.2,37,staircase1,no_load,0.0
23.546208,1.053311,wrist_roll,-25.0,-24.7863,-44.989,-44.6045,1540,0,28,0,12.3,37,staircase1,no_load,0.0
23.55687,1.063974,wrist_roll,-25.0,-24.7863,-44.989,-44.6045,1540,0,28,1,12.2,37,staircase1,no_load,0.0
23.567111,1.074215,wrist_roll,-25.0,-24.7863,-44.989,-44.6045,1540,0,28,1,12.3,37,staircase1,no_load,0.0
23.577363,1.084467,wrist_roll,-25.0,-24.7863,-44.989,-44.6045,1540,0,28,0,12.2,37,staircase1,no_load,0.0
23.58849,1.095594,wrist_roll,-25.0,-24.7863,-44.989,-44.6045,1540,0,28,0,12.3,37,staircase1,no_load,0.0
23.598808,1.105912,wrist_roll,-25.0,-24.7863,-44.989,-44.6045,1540,0,28,0,12.3,37,staircase1,no_load,0.0
23.609161,1.116265,wrist_roll,-25.0,-24.7863,-44.989,-44.6045,1540,0,28,0,12.2,37,staircase1,no_load,0.0
23.619362,1.126466,wrist_roll,-25.0,-24.7863,-44.989,-44.6045,1540,0,28,0,12.3,37,staircase1,no_load,0.0
23.629544,1.136647,wrist_roll,-25.0,-24.7863,-44.989,-44.6045,1540,0,28,1,12.3,37,staircase1,no_load,0.0
23.640322,1.147425,wrist_roll,-25.0,-24.7863,-44.989,-44.6045,1540,0,28,0,12.2,37,staircase1,no_load,0.0
23.651211,1.158315,wrist_roll,-25.0,-24.7863,-44.989,-44.6045,1540,0,28,0,12.3,37,staircase1,no_load,0.0
23.661767,1.168871,wrist_roll,-25.0,-24.7863,-44.989,-44.6045,1540,0,28,0,12.2,37,staircase1,no_load,0.0
23.672233,1.179337,wrist_roll,-25.0,-24.7863,-44.989,-44.6045,1540,0,28,1,12.2,37,staircase1,no_load,0.0
23.682917,1.190021,wrist_roll,-25.0,-24.7863,-44.989,-44.6045,1540,0,28,0,12.2,37,staircase1,no_load,0.0
23.693612,1.200716,wrist_roll,-25.0,-24.7863,-44.989,-44.6045,1540,0,28,0,12.2,37,staircase1,no_load,0.0
23.70464,1.211743,wrist_roll,-25.0,-24.7863,-44.989,-44.6045,1540,0,28,0,12.2,37,staircase1,no_load,0.0
23.715575,1.222679,wrist_roll,-25.0,-24.7863,-44.989,-44.6045,1540,0,28,0,12.2,37,staircase1,no_load,0.0
23.726673,1.233776,wrist_roll,-25.0,-24.7863,-44.989,-44.6045,1540,0,28,1,12.3,37,staircase1,no_load,0.0
23.737811,1.244915,wrist_roll,-25.0,-24.7863,-44.989,-44.6045,1540,0,28,0,12.2,37,staircase1,no_load,0.0
23.748746,1.255849,wrist_roll,-25.0,-24.7863,-44.989,-44.6045,1540,0,28,0,12.2,37,staircase1,no_load,0.0
23.759313,1.266417,wrist_roll,-25.0,-24.7863,-44.989,-44.6045,1540,0,28,0,12.2,37,staircase1,no_load,0.0
23.769731,1.276835,wrist_roll,-25.0,-24.7863,-44.989,-44.6045,1540,0,28,1,12.2,37,staircase1,no_load,0.0
23.780801,1.287904,wrist_roll,-25.0,-24.7863,-44.989,-44.6045,1540,0,28,0,12.3,37,staircase1,no_load,0.0
23.791335,1.298439,wrist_roll,-25.0,-24.7863,-44.989,-44.6045,1540,0,28,0,12.2,37,staircase1,no_load,0.0
23.801783,1.308887,wrist_roll,-25.0,-24.7863,-44.989,-44.6045,1540,0,28,1,12.2,37,staircase1,no_load,0.0
23.812437,1.319541,wrist_roll,-25.0,-24.7863,-44.989,-44.6045,1540,0,28,1,12.2,37,staircase1,no_load,0.0
23.823566,1.330669,wrist_roll,-25.0,-24.7863,-44.989,-44.6045,1540,0,28,1,12.2,37,staircase1,no_load,0.0
23.833696,1.3408,wrist_roll,-25.0,-24.7863,-44.989,-44.6045,1540,0,28,1,12.2,37,staircase1,no_load,0.0
23.844413,1.351517,wrist_roll,-25.0,-24.7863,-44.989,-44.6045,1540,0,28,0,12.2,37,staircase1,no_load,0.0
23.855199,1.362302,wrist_roll,-25.0,-24.7863,-44.989,-44.6045,1540,0,28,1,12.2,37,staircase1,no_load,0.0
23.865824,1.372927,wrist_roll,-25.0,-24.7863,-44.989,-44.6045,1540,0,28,0,12.2,37,staircase1,no_load,0.0
23.876673,1.383776,wrist_roll,-25.0,-24.7863,-44.989,-44.6045,1540,0,28,0,12.2,37,staircase1,no_load,0.0
23.887014,1.394118,wrist_roll,-25.0,-24.7863,-44.989,-44.6045,1540,0,28,0,12.2,37,staircase1,no_load,0.0
23.897401,1.404504,wrist_roll,-25.0,-24.7863,-44.989,-44.6045,1540,0,28,0,12.2,37,staircase1,no_load,0.0
23.907717,1.414821,wrist_roll,-25.0,-24.7863,-44.989,-44.6045,1540,0,28,0,12.2,37,staircase1,no_load,0.0
23.918248,1.425352,wrist_roll,-25.0,-24.7863,-44.989,-44.6045,1540,0,28,1,12.2,37,staircase1,no_load,0.0
23.929206,1.43631,wrist_roll,-25.0,-24.7863,-44.989,-44.6045,1540,0,28,0,12.2,37,staircase1,no_load,0.0
23.939653,1.446756,wrist_roll,-25.0,-24.7863,-44.989,-44.6045,1540,0,28,0,12.2,37,staircase1,no_load,0.0
23.950263,1.457367,wrist_roll,-25.0,-24.7863,-44.989,-44.6045,1540,0,28,0,12.2,37,staircase1,no_load,0.0
23.96088,1.467984,wrist_roll,-25.0,-24.7863,-44.989,-44.6045,1540,0,28,0,12.2,37,staircase1,no_load,0.0
23.971377,1.478481,wrist_roll,-25.0,-24.7863,-44.989,-44.6045,1540,0,28,0,12.2,37,staircase1,no_load,0.0
23.981904,1.489008,wrist_roll,-25.0,-24.7863,-44.989,-44.6045,1540,0,28,0,12.3,37,staircase1,no_load,0.0
23.992454,1.499558,wrist_roll,-25.0,-24.7863,-44.989,-44.6045,1540,0,28,0,12.2,37,staircase1,no_load,0.0
24.002904,1.510007,wrist_roll,-25.0,-24.7863,-44.989,-44.6045,1540,0,28,0,12.2,37,staircase1,no_load,0.0
24.013477,1.520581,wrist_roll,-25.0,-24.7863,-44.989,-44.6045,1540,0,28,0,12.2,37,staircase1,no_load,0.0
24.024049,1.531153,wrist_roll,-25.0,-24.7863,-44.989,-44.6045,1540,0,28,0,12.3,37,staircase1,no_load,0.0
24.034943,1.542047,wrist_roll,-25.0,-24.7863,-44.989,-44.6045,1540,0,28,1,12.2,37,staircase1,no_load,0.0
24.045541,1.552644,wrist_roll,-25.0,-24.7863,-44.989,-44.6045,1540,0,28,1,12.2,37,staircase1,no_load,0.0
24.055995,1.563098,wrist_roll,-25.0,-24.7863,-44.989,-44.6045,1540,0,28,0,12.2,37,staircase1,no_load,0.0
24.066768,1.573872,wrist_roll,-25.0,-24.7863,-44.989,-44.6045,1540,0,28,1,12.2,37,staircase1,no_load,0.0
24.077979,1.585083,wrist_roll,-25.0,-24.7863,-44.989,-44.6045,1540,0,28,0,12.2,37,staircase1,no_load,0.0
24.088534,1.595638,wrist_roll,-25.0,-24.7863,-44.989,-44.6045,1540,0,28,1,12.2,37,staircase1,no_load,0.0
24.100784,4e-06,wrist_roll,-37.5,-24.7863,-67.4835,-44.6045,1540,0,32,1,12.3,37,staircase1,no_load,0.0
24.111402,0.010621,wrist_roll,-37.5,-24.7863,-67.4835,-44.6045,1540,0,44,1,12.2,37,staircase1,no_load,0.0
24.122002,0.021222,wrist_roll,-37.5,-24.7863,-67.4835,-44.6045,1540,0,64,4,12.2,37,staircase1,no_load,0.0
24.132678,0.031897,wrist_roll,-37.5,-24.7863,-67.4835,-44.6045,1540,0,124,5,12.2,37,staircase1,no_load,0.0
24.143739,0.042959,wrist_roll,-37.5,-24.884,-67.4835,-44.7803,1538,-50,188,8,12.2,37,staircase1,no_load,-15.894
24.154647,0.053867,wrist_roll,-37.5,-25.0794,-67.4835,-45.1318,1534,-50,228,9,12.2,37,staircase1,no_load,-32.224
24.16524,0.06446,wrist_roll,-37.5,-25.3724,-67.4835,-45.6592,1528,-350,296,16,12.2,37,staircase1,no_load,-49.788
24.175942,0.075162,wrist_roll,-37.5,-25.7143,-67.4835,-46.2744,1521,-350,348,13,12.1,37,staircase1,no_load,-57.485
24.186394,0.085613,wrist_roll,-37.5,-26.1538,-67.4835,-47.0654,1512,-650,404,20,12.2,37,staircase1,no_load,-75.679
24.19714,0.09636,wrist_roll,-37.5,-26.7399,-67.4835,-48.1201,1500,-1000,468,22,12.1,37,staircase1,no_load,-98.148
24.20789,0.10711,wrist_roll,-37.5,-27.4725,-67.4835,-49.4385,1485,-1000,520,24,12.1,37,staircase1,no_load,-122.642
24.218587,0.117807,wrist_roll,-37.5,-28.254,-67.4835,-50.8447,1469,-1400,548,18,12.2,37,staircase1,no_load,-131.457
24.229452,0.128672,wrist_roll,-37.5,-29.1331,-67.4835,-52.4268,1451,-1400,512,7,12.2,37,staircase1,no_load,-145.614
24.239949,0.139169,wrist_roll,-37.5,-30.0611,-67.4835,-54.0967,1432,-1700,508,0,12.2,37,staircase1,no_load,-159.084
24.250871,0.15009,wrist_roll,-37.5,-30.9402,-67.4835,-55.6787,1414,-1700,436,0,12.2,37,staircase1,no_load,-144.845
24.261603,0.160822,wrist_roll,-37.5,-31.7216,-67.4835,-57.085,1398,-1650,380,0,12.2,37,staircase1,no_load,-131.038
24.271927,0.171147,wrist_roll,-37.5,-32.5519,-67.4835,-58.5791,1381,-1650,348,0,12.2,37,staircase1,no_load,-144.721
24.282627,0.181846,wrist_roll,-37.5,-33.2845,-67.4835,-59.8975,1366,-1500,288,0,12.2,37,staircase1,no_load,-123.215
24.293321,0.192541,wrist_roll,-37.5,-33.9683,-67.4835,-61.1279,1352,-1500,236,0,12.2,37,staircase1,no_load,-115.055
24.303774,0.202994,wrist_roll,-37.5,-34.4567,-67.4835,-62.0068,1342,-1250,160,0,12.3,37,staircase1,no_load,-84.081
24.314352,0.213571,wrist_roll,-37.5,-34.8962,-67.4835,-62.7979,1333,-1250,124,0,12.2,37,staircase1,no_load,-74.787
24.325695,0.224914,wrist_roll,-37.5,-35.2381,-67.4835,-63.4131,1326,-900,132,0,12.2,39,staircase1,no_load,-54.236
24.336409,0.235629,wrist_roll,-37.5,-35.5311,-67.4835,-63.9404,1320,-550,112,0,12.2,37,staircase1,no_load,-49.216
24.347004,0.246224,wrist_roll,-37.5,-35.7265,-67.4835,-64.292,1316,-550,112,0,12.2,38,staircase1,no_load,-33.185
24.3577,0.25692,wrist_roll,-37.5,-35.9219,-67.4835,-64.6436,1312,-400,96,0,12.2,37,staircase1,no_load,-32.872
24.36805,0.26727,wrist_roll,-37.5,-36.1172,-67.4835,-64.9951,1308,-400,92,0,12.2,37,staircase1,no_load,-33.961
24.378327,0.277547,wrist_roll,-37.5,-36.2637,-67.4835,-65.2588,1305,-300,80,1,12.3,37,staircase1,no_load,-25.659
24.389617,0.288837,wrist_roll,-37.5,-36.4103,-67.4835,-65.5225,1302,-300,76,1,12.3,37,staircase1,no_load,-23.357
24.400363,0.299582,wrist_roll,-37.5,-36.5568,-67.4835,-65.7861,1299,-250,68,1,12.2,37,staircase1,no_load,-24.53
24.410909,0.310129,wrist_roll,-37.5,-36.6545,-67.4835,-65.9619,1297,-250,60,1,12.2,37,staircase1,no_load,-16.67
24.421507,0.320727,wrist_roll,-37.5,-36.7521,-67.4835,-66.1377,1295,-250,56,1,12.2,37,staircase1,no_load,-16.588
24.432081,0.331301,wrist_roll,-37.5,-36.801,-67.4835,-66.2256,1294,-250,48,1,12.2,37,staircase1,no_load,-8.313
24.442664,0.341883,wrist_roll,-37.5,-36.8987,-67.4835,-66.4014,1292,-150,48,0,12.2,37,staircase1,no_load,-16.612
24.453485,0.352704,wrist_roll,-37.5,-36.9475,-67.4835,-66.4893,1291,-150,44,0,12.2,37,staircase1,no_load,-8.123
24.464413,0.363632,wrist_roll,-37.5,-36.9963,-67.4835,-66.5771,1290,-100,44,1,12.2,37,staircase1,no_load,-8.034
24.474975,0.374194,wrist_roll,-37.5,-37.0452,-67.4835,-66.665,1289,-100,40,0,12.2,37,staircase1,no_load,-8.322
24.485253,0.384473,wrist_roll,-37.5,-37.094,-67.4835,-66.7529,1288,-100,36,1,12.2,37,staircase1,no_load,-8.552
24.495376,0.394595,wrist_roll,-37.5,-37.1429,-67.4835,-66.8408,1287,-100,32,0,12.2,37,staircase1,no_load,-8.683
24.505779,0.404999,wrist_roll,-37.5,-37.1429,-67.4835,-66.8408,1287,-100,36,0,12.3,37,staircase1,no_load,0.0
24.516324,0.415544,wrist_roll,-37.5,-37.1917,-67.4835,-66.9287,1286,-50,32,0,12.2,37,staircase1,no_load,-8.336
24.526559,0.425778,wrist_roll,-37.5,-37.2405,-67.4835,-67.0166,1285,-50,28,0,12.2,37,staircase1,no_load,-8.588
24.537131,0.43635,wrist_roll,-37.5,-37.2894,-67.4835,-67.1045,1284,-50,24,0,12.2,37,staircase1,no_load,-8.314
24.547688,0.446908,wrist_roll,-37.5,-37.3382,-67.4835,-67.1924,1283,-50,0,0,12.2,37,staircase1,no_load,-8.326
24.558314,0.457534,wrist_roll,-37.5,-37.3382,-67.4835,-67.1924,1283,-100,20,0,12.2,37,staircase1,no_load,0.0
24.568929,0.468148,wrist_roll,-37.5,-37.3382,-67.4835,-67.1924,1283,-100,20,0,12.2,37,staircase1,no_load,0.0
24.579645,0.478865,wrist_roll,-37.5,-37.3382,-67.4835,-67.1924,1283,0,24,0,12.2,37,staircase1,no_load,0.0
24.590147,0.489366,wrist_roll,-37.5,-37.3382,-67.4835,-67.1924,1283,0,24,1,12.2,37,staircase1,no_load,0.0
24.600714,0.499933,wrist_roll,-37.5,-37.3382,-67.4835,-67.1924,1283,0,24,0,12.2,37,staircase1,no_load,0.0
24.611543,0.510763,wrist_roll,-37.5,-37.3382,-67.4835,-67.1924,1283,0,24,0,12.2,37,staircase1,no_load,0.0
24.621702,0.520922,wrist_roll,-37.5,-37.3382,-67.4835,-67.1924,1283,0,24,0,12.2,37,staircase1,no_load,0.0
24.632625,0.531845,wrist_roll,-37.5,-37.3382,-67.4835,-67.1924,1283,0,24,0,12.2,37,staircase1,no_load,0.0
24.6431,0.54232,wrist_roll,-37.5,-37.3382,-67.4835,-67.1924,1283,0,24,0,12.2,37,staircase1,no_load,0.0
24.653366,0.552586,wrist_roll,-37.5,-37.3382,-67.4835,-67.1924,1283,0,24,0,12.3,37,staircase1,no_load,0.0
24.663679,0.562898,wrist_roll,-37.5,-37.3382,-67.4835,-67.1924,1283,0,24,0,12.2,37,staircase1,no_load,0.0
24.674033,0.573252,wrist_roll,-37.5,-37.3382,-67.4835,-67.1924,1283,0,24,0,12.2,37,staircase1,no_load,0.0
24.684673,0.583892,wrist_roll,-37.5,-37.3382,-67.4835,-67.1924,1283,0,24,0,12.2,37,staircase1,no_load,0.0
24.695263,0.594483,wrist_roll,-37.5,-37.3382,-67.4835,-67.1924,1283,0,24,0,12.2,37,staircase1,no_load,0.0
24.706008,0.605228,wrist_roll,-37.5,-37.3382,-67.4835,-67.1924,1283,0,24,0,12.2,37,staircase1,no_load,0.0
24.716629,0.615848,wrist_roll,-37.5,-37.3382,-67.4835,-67.1924,1283,0,24,0,12.3,37,staircase1,no_load,0.0
24.727687,0.626907,wrist_roll,-37.5,-37.3382,-67.4835,-67.1924,1283,0,24,1,12.2,37,staircase1,no_load,0.0
24.738167,0.637386,wrist_roll,-37.5,-37.3382,-67.4835,-67.1924,1283,0,24,0,12.2,37,staircase1,no_load,0.0
24.748304,0.647524,wrist_roll,-37.5,-37.3382,-67.4835,-67.1924,1283,0,24,0,12.2,37,staircase1,no_load,0.0
24.758673,0.657892,wrist_roll,-37.5,-37.3382,-67.4835,-67.1924,1283,0,24,1,12.2,37,staircase1,no_load,0.0
24.76916,0.66838,wrist_roll,-37.5,-37.3382,-67.4835,-67.1924,1283,0,24,0,12.2,37,staircase1,no_load,0.0
24.780188,0.679408,wrist_roll,-37.5,-37.3382,-67.4835,-67.1924,1283,0,24,0,12.2,37,staircase1,no_load,0.0
24.790625,0.689845,wrist_roll,-37.5,-37.3382,-67.4835,-67.1924,1283,0,24,0,12.2,37,staircase1,no_load,0.0
24.801022,0.700242,wrist_roll,-37.5,-37.3382,-67.4835,-67.1924,1283,0,24,0,12.3,37,staircase1,no_load,0.0
24.812159,0.711378,wrist_roll,-37.5,-37.3382,-67.4835,-67.1924,1283,0,24,0,12.3,37,staircase1,no_load,0.0
24.823092,0.722312,wrist_roll,-37.5,-37.3382,-67.4835,-67.1924,1283,0,24,1,12.2,37,staircase1,no_load,0.0
24.833304,0.732523,wrist_roll,-37.5,-37.3382,-67.4835,-67.1924,1283,0,24,0,12.2,37,staircase1,no_load,0.0
24.843531,0.742751,wrist_roll,-37.5,-37.3382,-67.4835,-67.1924,1283,0,24,1,12.2,37,staircase1,no_load,0.0
24.854182,0.753401,wrist_roll,-37.5,-37.3382,-67.4835,-67.1924,1283,0,24,0,12.2,37,staircase1,no_load,0.0
24.865136,0.764356,wrist_roll,-37.5,-37.3382,-67.4835,-67.1924,1283,0,24,1,12.2,37,staircase1,no_load,0.0
24.876171,0.775391,wrist_roll,-37.5,-37.3382,-67.4835,-67.1924,1283,0,24,0,12.2,37,staircase1,no_load,0.0
24.886881,0.786101,wrist_roll,-37.5,-37.3382,-67.4835,-67.1924,1283,0,24,1,12.2,37,staircase1,no_load,0.0
24.897406,0.796625,wrist_roll,-37.5,-37.3382,-67.4835,-67.1924,1283,0,24,0,12.2,37,staircase1,no_load,0.0
24.907602,0.806822,wrist_roll,-37.5,-37.3382,-67.4835,-67.1924,1283,0,24,0,12.2,37,staircase1,no_load,0.0
24.91817,0.81739,wrist_roll,-37.5,-37.3382,-67.4835,-67.1924,1283,0,24,1,12.2,37,staircase1,no_load,0.0
24.929272,0.828492,wrist_roll,-37.5,-37.3382,-67.4835,-67.1924,1283,0,24,0,12.2,37,staircase1,no_load,0.0
24.940341,0.839561,wrist_roll,-37.5,-37.3382,-67.4835,-67.1924,1283,0,24,0,12.3,37,staircase1,no_load,0.0
24.951062,0.850282,wrist_roll,-37.5,-37.3382,-67.4835,-67.1924,1283,0,24,0,12.2,37,staircase1,no_load,0.0
24.961234,0.860454,wrist_roll,-37.5,-37.3382,-67.4835,-67.1924,1283,0,24,0,12.2,37,staircase1,no_load,0.0
24.972137,0.871357,wrist_roll,-37.5,-37.3382,-67.4835,-67.1924,1283,0,24,0,12.2,37,staircase1,no_load,0.0
24.982848,0.882068,wrist_roll,-37.5,-37.3382,-67.4835,-67.1924,1283,0,24,0,12.2,37,staircase1,no_load,0.0
24.993461,0.892681,wrist_roll,-37.5,-37.3382,-67.4835,-67.1924,1283,0,24,0,12.2,37,staircase1,no_load,0.0
25.004476,0.903695,wrist_roll,-37.5,-37.3382,-67.4835,-67.1924,1283,0,24,0,12.2,37,staircase1,no_load,0.0
25.015164,0.914383,wrist_roll,-37.5,-37.3382,-67.4835,-67.1924,1283,0,24,0,12.2,37,staircase1,no_load,0.0
25.025801,0.925021,wrist_roll,-37.5,-37.3382,-67.4835,-67.1924,1283,0,24,0,12.2,37,staircase1,no_load,0.0
25.03625,0.935469,wrist_roll,-37.5,-37.3382,-67.4835,-67.1924,1283,0,24,0,12.2,37,staircase1,no_load,0.0
25.046978,0.946198,wrist_roll,-37.5,-37.3382,-67.4835,-67.1924,1283,0,24,0,12.2,37,staircase1,no_load,0.0
25.057958,0.957178,wrist_roll,-37.5,-37.3382,-67.4835,-67.1924,1283,0,24,0,12.2,37,staircase1,no_load,0.0
25.068335,0.967555,wrist_roll,-37.5,-37.3382,-67.4835,-67.1924,1283,0,24,0,12.2,37,staircase1,no_load,0.0
25.078928,0.978148,wrist_roll,-37.5,-37.3382,-67.4835,-67.1924,1283,0,24,0,12.2,37,staircase1,no_load,0.0
25.089618,0.988837,wrist_roll,-37.5,-37.3382,-67.4835,-67.1924,1283,0,24,0,12.3,37,staircase1,no_load,0.0
25.100912,1.000132,wrist_roll,-37.5,-37.3382,-67.4835,-67.1924,1283,0,24,0,12.2,37,staircase1,no_load,0.0
25.112307,1.011526,wrist_roll,-37.5,-37.3382,-67.4835,-67.1924,1283,0,24,0,12.2,37,staircase1,no_load,0.0
25.123019,1.022239,wrist_roll,-37.5,-37.3382,-67.4835,-67.1924,1283,0,24,0,12.2,37,staircase1,no_load,0.0
25.13373,1.032949,wrist_roll,-37.5,-37.3382,-67.4835,-67.1924,1283,0,24,0,12.2,37,staircase1,no_load,0.0
25.144438,1.043658,wrist_roll,-37.5,-37.3382,-67.4835,-67.1924,1283,0,24,0,12.2,37,staircase1,no_load,0.0
25.155154,1.054374,wrist_roll,-37.5,-37.3382,-67.4835,-67.1924,1283,0,24,0,12.2,37,staircase1,no_load,0.0
25.165387,1.064606,wrist_roll,-37.5,-37.3382,-67.4835,-67.1924,1283,0,24,0,12.2,37,staircase1,no_load,0.0
25.176489,1.075708,wrist_roll,-37.5,-37.3382,-67.4835,-67.1924,1283,0,24,0,12.2,37,staircase1,no_load,0.0
25.187563,1.086783,wrist_roll,-37.5,-37.3382,-67.4835,-67.1924,1283,0,24,1,12.2,37,staircase1,no_load,0.0
25.198113,1.097332,wrist_roll,-37.5,-37.3382,-67.4835,-67.1924,1283,0,24,1,12.2,37,staircase1,no_load,0.0
25.209488,1.108707,wrist_roll,-37.5,-37.3382,-67.4835,-67.1924,1283,0,24,0,12.2,38,staircase1,no_load,0.0
25.220064,1.119284,wrist_roll,-37.5,-37.3382,-67.4835,-67.1924,1283,0,24,0,12.2,37,staircase1,no_load,0.0
25.231047,1.130266,wrist_roll,-37.5,-37.3382,-67.4835,-67.1924,1283,0,24,0,12.2,37,staircase1,no_load,0.0
25.24207,1.14129,wrist_roll,-37.5,-37.3382,-67.4835,-67.1924,1283,0,24,1,12.2,37,staircase1,no_load,0.0
25.252778,1.151998,wrist_roll,-37.5,-37.3382,-67.4835,-67.1924,1283,0,24,0,12.2,37,staircase1,no_load,0.0
25.263305,1.162525,wrist_roll,-37.5,-37.3382,-67.4835,-67.1924,1283,0,24,0,12.3,37,staircase1,no_load,0.0
25.274019,1.173239,wrist_roll,-37.5,-37.3382,-67.4835,-67.1924,1283,0,24,0,12.2,37,staircase1,no_load,0.0
25.284424,1.183644,wrist_roll,-37.5,-37.3382,-67.4835,-67.1924,1283,0,24,0,12.2,37,staircase1,no_load,0.0
25.295487,1.194706,wrist_roll,-37.5,-37.3382,-67.4835,-67.1924,1283,0,24,0,12.2,37,staircase1,no_load,0.0
25.306094,1.205314,wrist_roll,-37.5,-37.3382,-67.4835,-67.1924,1283,0,24,1,12.2,37,staircase1,no_load,0.0
25.316784,1.216004,wrist_roll,-37.5,-37.3382,-67.4835,-67.1924,1283,0,24,1,12.2,37,staircase1,no_load,0.0
25.327474,1.226693,wrist_roll,-37.5,-37.3382,-67.4835,-67.1924,1283,0,24,0,12.2,37,staircase1,no_load,0.0
25.338165,1.237384,wrist_roll,-37.5,-37.3382,-67.4835,-67.1924,1283,0,24,0,12.2,37,staircase1,no_load,0.0
25.348876,1.248095,wrist_roll,-37.5,-37.3382,-67.4835,-67.1924,1283,0,24,1,12.3,37,staircase1,no_load,0.0
25.359532,1.258752,wrist_roll,-37.5,-37.3382,-67.4835,-67.1924,1283,0,24,1,12.2,37,staircase1,no_load,0.0
25.370066,1.269286,wrist_roll,-37.5,-37.3382,-67.4835,-67.1924,1283,0,24,0,12.2,37,staircase1,no_load,0.0
25.380304,1.279524,wrist_roll,-37.5,-37.3382,-67.4835,-67.1924,1283,0,24,0,12.2,37,staircase1,no_load,0.0
25.390819,1.290038,wrist_roll,-37.5,-37.3382,-67.4835,-67.1924,1283,0,24,0,12.2,37,staircase1,no_load,0.0
25.401677,1.300897,wrist_roll,-37.5,-37.3382,-67.4835,-67.1924,1283,0,24,0,12.2,37,staircase1,no_load,0.0
25.412761,1.311981,wrist_roll,-37.5,-37.3382,-67.4835,-67.1924,1283,0,24,0,12.2,37,staircase1,no_load,0.0
25.423402,1.322621,wrist_roll,-37.5,-37.3382,-67.4835,-67.1924,1283,0,24,0,12.2,37,staircase1,no_load,0.0
25.434111,1.33333,wrist_roll,-37.5,-37.3382,-67.4835,-67.1924,1283,0,24,0,12.2,37,staircase1,no_load,0.0
25.444442,1.343662,wrist_roll,-37.5,-37.3382,-67.4835,-67.1924,1283,0,24,0,12.3,37,staircase1,no_load,0.0
25.455104,1.354324,wrist_roll,-37.5,-37.3382,-67.4835,-67.1924,1283,0,24,0,12.2,37,staircase1,no_load,0.0
25.465777,1.364997,wrist_roll,-37.5,-37.3382,-67.4835,-67.1924,1283,0,24,0,12.2,37,staircase1,no_load,0.0
25.476334,1.375553,wrist_roll,-37.5,-37.3382,-67.4835,-67.1924,1283,0,24,0,12.2,37,staircase1,no_load,0.0
25.487022,1.386241,wrist_roll,-37.5,-37.3382,-67.4835,-67.1924,1283,0,24,0,12.2,37,staircase1,no_load,0.0
25.497667,1.396887,wrist_roll,-37.5,-37.3382,-67.4835,-67.1924,1283,0,24,1,12.3,37,staircase1,no_load,0.0
25.508418,1.407638,wrist_roll,-37.5,-37.3382,-67.4835,-67.1924,1283,0,24,0,12.3,37,staircase1,no_load,0.0
25.519145,1.418365,wrist_roll,-37.5,-37.3382,-67.4835,-67.1924,1283,0,24,1,12.2,37,staircase1,no_load,0.0
25.529857,1.429076,wrist_roll,-37.5,-37.3382,-67.4835,-67.1924,1283,0,24,1,12.2,37,staircase1,no_load,0.0
25.540428,1.439648,wrist_roll,-37.5,-37.3382,-67.4835,-67.1924,1283,0,24,0,12.2,37,staircase1,no_load,0.0
25.551099,1.450319,wrist_roll,-37.5,-37.3382,-67.4835,-67.1924,1283,0,24,0,12.2,37,staircase1,no_load,0.0
25.56168,1.4609,wrist_roll,-37.5,-37.3382,-67.4835,-67.1924,1283,0,24,0,12.2,37,staircase1,no_load,0.0
25.572006,1.471225,wrist_roll,-37.5,-37.3382,-67.4835,-67.1924,1283,0,24,0,12.2,37,staircase1,no_load,0.0
25.58286,1.48208,wrist_roll,-37.5,-37.3382,-67.4835,-67.1924,1283,0,24,0,12.2,37,staircase1,no_load,0.0
25.593437,1.492656,wrist_roll,-37.5,-37.3382,-67.4835,-67.1924,1283,0,24,0,12.2,37,staircase1,no_load,0.0
25.603975,1.503195,wrist_roll,-37.5,-37.3382,-67.4835,-67.1924,1283,0,24,1,12.3,37,staircase1,no_load,0.0
25.614356,1.513576,wrist_roll,-37.5,-37.3382,-67.4835,-67.1924,1283,0,24,0,12.2,37,staircase1,no_load,0.0
25.624997,1.524217,wrist_roll,-37.5,-37.3382,-67.4835,-67.1924,1283,0,24,1,12.2,37,staircase1,no_load,0.0
25.63579,1.53501,wrist_roll,-37.5,-37.3382,-67.4835,-67.1924,1283,0,24,0,12.2,37,staircase1,no_load,0.0
25.646605,1.545825,wrist_roll,-37.5,-37.3382,-67.4835,-67.1924,1283,0,24,0,12.2,37,staircase1,no_load,0.0
25.657629,1.556848,wrist_roll,-37.5,-37.3382,-67.4835,-67.1924,1283,0,24,0,12.2,37,staircase1,no_load,0.0
25.668278,1.567497,wrist_roll,-37.5,-37.3382,-67.4835,-67.1924,1283,0,24,0,12.2,37,staircase1,no_load,0.0
25.679118,1.578338,wrist_roll,-37.5,-37.3382,-67.4835,-67.1924,1283,0,24,0,12.2,37,staircase1,no_load,0.0
25.68974,1.58896,wrist_roll,-37.5,-37.3382,-67.4835,-67.1924,1283,0,24,0,12.2,37,staircase1,no_load,0.0
25.69999,1.599209,wrist_roll,-37.5,-37.3382,-67.4835,-67.1924,1283,0,24,1,12.2,37,staircase1,no_load,0.0
25.711672,4e-06,wrist_roll,-50.0,-37.3382,-89.978,-67.1924,1283,0,24,1,12.2,37,staircase1,no_load,0.0
25.722045,0.010377,wrist_roll,-50.0,-37.3382,-89.978,-67.1924,1283,0,32,1,12.2,38,staircase1,no_load,0.0
25.732362,0.020694,wrist_roll,-50.0,-37.3382,-89.978,-67.1924,1283,0,68,2,12.2,38,staircase1,no_load,0.0
25.742827,0.03116,wrist_roll,-50.0,-37.3382,-89.978,-67.1924,1283,0,96,4,12.3,37,staircase1,no_load,0.0
25.75384,0.042172,wrist_roll,-50.0,-37.3871,-89.978,-67.2803,1282,0,180,8,12.2,37,staircase1,no_load,-7.981
25.764969,0.053302,wrist_roll,-50.0,-37.5824,-89.978,-67.6318,1278,-200,220,8,12.2,37,staircase1,no_load,-31.584
25.775527,0.06386,wrist_roll,-50.0,-37.8266,-89.978,-68.0713,1273,-200,272,11,12.1,37,staircase1,no_load,-41.627
25.785815,0.074148,wrist_roll,-50.0,-38.1685,-89.978,-68.6865,1266,-500,324,14,12.2,37,staircase1,no_load,-59.798
25.796126,0.084458,wrist_roll,-50.0,-38.6081,-89.978,-69.4775,1257,-500,384,19,12.2,37,staircase1,no_load,-76.714
25.806585,0.094917,wrist_roll,-50.0,-39.1941,-89.978,-70.5322,1245,-900,448,21,12.1,37,staircase1,no_load,-100.841
25.816826,0.105159,wrist_roll,-50.0,-39.7802,-89.978,-71.5869,1233,-900,500,23,12.2,39,staircase1,no_load,-102.988
25.827129,0.115462,wrist_roll,-50.0,-40.5128,-89.978,-72.9053,1218,-1250,528,21,12.2,37,staircase1,no_load,-127.963
25.837379,0.125712,wrist_roll,-50.0,-41.2943,-89.978,-74.3115,1202,-1250,544,17,12.2,37,staircase1,no_load,-137.19
25.847603,0.135936,wrist_roll,-50.0,-42.1245,-89.978,-75.8057,1185,-1550,476,0,12.2,37,staircase1,no_load,-146.146
25.858724,0.147057,wrist_roll,-50.0,-43.1502,-89.978,-77.6514,1164,-1550,464,2,12.2,37,staircase1,no_load,-165.965
25.86905,0.157382,wrist_roll,-50.0,-43.9805,-89.978,-79.1455,1147,-1750,392,0,12.2,37,staircase1,no_load,-144.693
25.879447,0.16778,wrist_roll,-50.0,-44.8107,-89.978,-80.6396,1130,-1550,368,0,12.2,37,staircase1,no_load,-143.705
25.890498,0.178831,wrist_roll,-50.0,-45.5433,-89.978,-81.958,1115,-1550,324,0,12.2,37,staircase1,no_load,-119.301
25.900814,0.189147,wrist_roll,-50.0,-46.0806,-89.978,-82.9248,1104,-1250,276,0,12.2,37,staircase1,no_load,-93.718
25.910994,0.199327,wrist_roll,-50.0,-46.6667,-89.978,-83.9795,1092,-1250,192,0,12.2,37,staircase1,no_load,-103.605
25.921996,0.210329,wrist_roll,-50.0,-47.1062,-89.978,-84.7705,1083,-1000,156,0,12.2,37,staircase1,no_load,-71.896
25.932499,0.220831,wrist_roll,-50.0,-47.5458,-89.978,-85.5615,1074,-1000,136,0,12.2,37,staircase1,no_load,-75.312
25.943037,0.23137,wrist_roll,-50.0,-47.9365,-89.978,-86.2646,1066,-800,112,0,12.2,37,staircase1,no_load,-66.72
25.9537,0.242033,wrist_roll,-50.0,-48.1319,-89.978,-86.6162,1062,-800,108,0,12.2,37,staircase1,no_load,-32.974
25.96444,0.252773,wrist_roll,-50.0,-48.3272,-89.978,-86.9678,1058,-400,112,1,12.2,37,staircase1,no_load,-32.737
25.975363,0.263696,wrist_roll,-50.0,-48.5226,-89.978,-87.3193,1054,-400,96,0,12.3,37,staircase1,no_load,-32.18
25.985675,0.274008,wrist_roll,-50.0,-48.7179,-89.978,-87.6709,1050,-400,84,0,12.2,37,staircase1,no_load,-34.096
25.996223,0.284556,wrist_roll,-50.0,-48.9133,-89.978,-88.0225,1046,-400,72,0,12.2,37,staircase1,no_load,-33.333
26.006485,0.294818,wrist_roll,-50.0,-49.0598,-89.978,-88.2861,1043,-350,64,1,12.3,37,staircase1,no_load,-25.687
26.017031,0.305364,wrist_roll,-50.0,-49.1087,-89.978,-88.374,1042,-350,56,0,12.2,37,staircase1,no_load,-8.335
26.027734,0.316067,wrist_roll,-50.0,-49.2552,-89.978,-88.6377,1039,-200,56,0,12.2,37,staircase1,no_load,-24.638
26.038743,0.327075,wrist_roll,-50.0,-49.304,-89.978,-88.7256,1038,-200,48,0,12.2,37,staircase1,no_load,-7.984
26.048948,0.337281,wrist_roll,-50.0,-49.4017,-89.978,-88.9014,1036,-200,48,1,12.2,37,staircase1,no_load,-17.227
26.059661,0.347994,wrist_roll,-50.0,-49.4505,-89.978,-88.9893,1035,-100,44,1,12.2,37,staircase1,no_load,-8.205
26.070249,0.358582,wrist_roll,-50.0,-49.4994,-89.978,-89.0771,1034,-100,36,0,12.2,37,staircase1,no_load,-8.292
26.080959,0.369292,wrist_roll,-50.0,-49.5971,-89.978,-89.2529,1032,-150,32,0,12.2,37,staircase1,no_load,-16.415
26.091533,0.379866,wrist_roll,-50.0,-49.5971,-89.978,-89.2529,1032,-150,36,1,12.2,37,staircase1,no_load,0.0
26.101918,0.390251,wrist_roll,-50.0,-49.6459,-89.978,-89.3408,1031,-50,32,0,12.2,37,staircase1,no_load,-8.464
26.112401,0.400734,wrist_roll,-50.0,-49.6459,-89.978,-89.3408,1031,-50,36,0,12.2,37,staircase1,no_load,0.0
26.12312,0.411452,wrist_roll,-50.0,-49.6947,-89.978,-89.4287,1030,-50,32,0,12.2,37,staircase1,no_load,-8.2
26.133873,0.422206,wrist_roll,-50.0,-49.7436,-89.978,-89.5166,1029,-50,28,1,12.2,37,staircase1,no_load,-8.174
26.144608,0.432941,wrist_roll,-50.0,-49.7436,-89.978,-89.5166,1029,-50,28,0,12.2,37,staircase1,no_load,0.0
26.155245,0.443578,wrist_roll,-50.0,-49.7436,-89.978,-89.5166,1029,-50,28,0,12.2,37,staircase1,no_load,0.0
26.165957,0.45429,wrist_roll,-50.0,-49.7924,-89.978,-89.6045,1028,0,24,0,12.2,37,staircase1,no_load,-8.206
26.176481,0.464814,wrist_roll,-50.0,-49.7924,-89.978,-89.6045,1028,-50,24,0,12.2,37,staircase1,no_load,0.0
26.187198,0.475531,wrist_roll,-50.0,-49.8413,-89.978,-89.6924,1027,-50,20,0,12.2,37,staircase1,no_load,-8.202
26.197901,0.486234,wrist_roll,-50.0,-49.8413,-89.978,-89.6924,1027,-50,20,0,12.2,37,staircase1,no_load,0.0
26.208525,0.496857,wrist_roll,-50.0,-49.8901,-89.978,-89.7803,1026,-50,0,0,12.3,37,staircase1,no_load,-8.274
26.219248,0.507581,wrist_roll,-50.0,-49.8901,-89.978,-89.7803,1026,-50,0,0,12.2,37,staircase1,no_load,0.0
26.229909,0.518242,wrist_roll,-50.0,-49.8901,-89.978,-89.7803,1026,-50,20,0,12.2,37,staircase1,no_load,0.0
26.240578,0.528911,wrist_roll,-50.0,-49.8901,-89.978,-89.7803,1026,0,20,0,12.2,37,staircase1,no_load,0.0
26.251446,0.539779,wrist_roll,-50.0,-49.8901,-89.978,-89.7803,1026,0,20,0,12.2,37,staircase1,no_load,0.0
26.261794,0.550127,wrist_roll,-50.0,-49.8901,-89.978,-89.7803,1026,0,20,0,12.2,37,staircase1,no_load,0.0
26.272062,0.560395,wrist_roll,-50.0,-49.8901,-89.978,-89.7803,1026,0,20,0,12.2,37,staircase1,no_load,0.0
26.282588,0.570921,wrist_roll,-50.0,-49.8901,-89.978,-89.7803,1026,0,20,0,12.3,37,staircase1,no_load,0.0
26.293229,0.581562,wrist_roll,-50.0,-49.8901,-89.978,-89.7803,1026,0,20,0,12.3,37,staircase1,no_load,0.0
26.303939,0.592272,wrist_roll,-50.0,-49.8901,-89.978,-89.7803,1026,0,20,0,12.2,37,staircase1,no_load,0.0
26.315207,0.60354,wrist_roll,-50.0,-49.8901,-89.978,-89.7803,1026,0,20,1,12.2,37,staircase1,no_load,0.0
26.326142,0.614475,wrist_roll,-50.0,-49.8901,-89.978,-89.7803,1026,0,20,0,12.2,37,staircase1,no_load,0.0
26.336647,0.62498,wrist_roll,-50.0,-49.8901,-89.978,-89.7803,1026,0,20,1,12.3,37,staircase1,no_load,0.0
26.346861,0.635193,wrist_roll,-50.0,-49.8901,-89.978,-89.7803,1026,0,20,1,12.3,37,staircase1,no_load,0.0
26.35749,0.645823,wrist_roll,-50.0,-49.8901,-89.978,-89.7803,1026,0,20,0,12.2,37,staircase1,no_load,0.0
26.368176,0.656509,wrist_roll,-50.0,-49.8901,-89.978,-89.7803,1026,0,20,0,12.2,37,staircase1,no_load,0.0
26.379387,0.66772,wrist_roll,-50.0,-49.8901,-89.978,-89.7803,1026,0,20,1,12.2,37,staircase1,no_load,0.0
26.390135,0.678467,wrist_roll,-50.0,-49.8901,-89.978,-89.7803,1026,0,20,1,12.2,37,staircase1,no_load,0.0
26.400382,0.688714,wrist_roll,-50.0,-49.8901,-89.978,-89.7803,1026,0,20,0,12.2,37,staircase1,no_load,0.0
26.411394,0.699727,wrist_roll,-50.0,-49.8901,-89.978,-89.7803,1026,0,20,1,12.2,37,staircase1,no_load,0.0
26.421613,0.709946,wrist_roll,-50.0,-49.8901,-89.978,-89.7803,1026,0,20,0,12.2,37,staircase1,no_load,0.0
26.432354,0.720687,wrist_roll,-50.0,-49.8901,-89.978,-89.7803,1026,0,20,0,12.2,37,staircase1,no_load,0.0
26.44296,0.731292,wrist_roll,-50.0,-49.8901,-89.978,-89.7803,1026,0,20,0,12.2,37,staircase1,no_load,0.0
26.453397,0.741729,wrist_roll,-50.0,-49.8901,-89.978,-89.7803,1026,0,20,1,12.2,37,staircase1,no_load,0.0
26.463979,0.752312,wrist_roll,-50.0,-49.8901,-89.978,-89.7803,1026,0,20,1,12.2,37,staircase1,no_load,0.0
26.474844,0.763177,wrist_roll,-50.0,-49.8901,-89.978,-89.7803,1026,0,20,0,12.2,37,staircase1,no_load,0.0
26.485243,0.773576,wrist_roll,-50.0,-49.8901,-89.978,-89.7803,1026,0,20,1,12.2,37,staircase1,no_load,0.0
26.49587,0.784203,wrist_roll,-50.0,-49.8901,-89.978,-89.7803,1026,0,20,0,12.2,37,staircase1,no_load,0.0
26.506369,0.794702,wrist_roll,-50.0,-49.8901,-89.978,-89.7803,1026,0,20,0,12.2,37,staircase1,no_load,0.0
26.517349,0.805682,wrist_roll,-50.0,-49.8901,-89.978,-89.7803,1026,0,20,0,12.2,37,staircase1,no_load,0.0
26.527989,0.816322,wrist_roll,-50.0,-49.8901,-89.978,-89.7803,1026,0,20,0,12.2,37,staircase1,no_load,0.0
26.538626,0.826959,wrist_roll,-50.0,-49.8901,-89.978,-89.7803,1026,0,20,0,12.2,37,staircase1,no_load,0.0
26.549142,0.837474,wrist_roll,-50.0,-49.8901,-89.978,-89.7803,1026,0,20,0,12.2,37,staircase1,no_load,0.0
26.559374,0.847707,wrist_roll,-50.0,-49.8901,-89.978,-89.7803,1026,0,20,0,12.2,37,staircase1,no_load,0.0
26.570272,0.858604,wrist_roll,-50.0,-49.8901,-89.978,-89.7803,1026,0,20,0,12.2,37,staircase1,no_load,0.0
26.580834,0.869167,wrist_roll,-50.0,-49.8901,-89.978,-89.7803,1026,0,20,0,12.2,37,staircase1,no_load,0.0
26.591231,0.879564,wrist_roll,-50.0,-49.8901,-89.978,-89.7803,1026,0,20,0,12.2,37,staircase1,no_load,0.0
26.601842,0.890175,wrist_roll,-50.0,-49.8901,-89.978,-89.7803,1026,0,20,0,12.2,37,staircase1,no_load,0.0
26.612351,0.900684,wrist_roll,-50.0,-49.8901,-89.978,-89.7803,1026,0,20,0,12.2,37,staircase1,no_load,0.0
26.623319,0.911652,wrist_roll,-50.0,-49.8901,-89.978,-89.7803,1026,0,20,0,12.2,37,staircase1,no_load,0.0
26.63371,0.922042,wrist_roll,-50.0,-49.8901,-89.978,-89.7803,1026,0,20,0,12.2,37,staircase1,no_load,0.0
26.644674,0.933007,wrist_roll,-50.0,-49.8901,-89.978,-89.7803,1026,0,20,0,12.2,37,staircase1,no_load,0.0
26.65535,0.943683,wrist_roll,-50.0,-49.8901,-89.978,-89.7803,1026,0,20,0,12.2,37,staircase1,no_load,0.0
26.665915,0.954247,wrist_roll,-50.0,-49.8901,-89.978,-89.7803,1026,0,20,0,12.2,37,staircase1,no_load,0.0
26.676671,0.965004,wrist_roll,-50.0,-49.8901,-89.978,-89.7803,1026,0,20,0,12.2,37,staircase1,no_load,0.0
26.686913,0.975246,wrist_roll,-50.0,-49.8901,-89.978,-89.7803,1026,0,20,0,12.2,37,staircase1,no_load,0.0
26.697229,0.985562,wrist_roll,-50.0,-49.8901,-89.978,-89.7803,1026,0,20,0,12.2,37,staircase1,no_load,0.0
26.708254,0.996587,wrist_roll,-50.0,-49.8901,-89.978,-89.7803,1026,0,20,0,12.2,37,staircase1,no_load,0.0
26.718844,1.007177,wrist_roll,-50.0,-49.8901,-89.978,-89.7803,1026,0,20,0,12.2,37,staircase1,no_load,0.0
26.729739,1.018072,wrist_roll,-50.0,-49.8901,-89.978,-89.7803,1026,0,20,0,12.2,37,staircase1,no_load,0.0
26.740194,1.028526,wrist_roll,-50.0,-49.8901,-89.978,-89.7803,1026,0,20,0,12.2,37,staircase1,no_load,0.0
26.750723,1.039056,wrist_roll,-50.0,-49.8901,-89.978,-89.7803,1026,0,20,0,12.2,37,staircase1,no_load,0.0
26.760827,1.049159,wrist_roll,-50.0,-49.8901,-89.978,-89.7803,1026,0,20,0,12.2,37,staircase1,no_load,0.0
26.771425,1.059758,wrist_roll,-50.0,-49.8901,-89.978,-89.7803,1026,0,20,0,12.2,37,staircase1,no_load,0.0
26.782235,1.070568,wrist_roll,-50.0,-49.8901,-89.978,-89.7803,1026,0,20,0,12.2,37,staircase1,no_load,0.0
26.792912,1.081245,wrist_roll,-50.0,-49.8901,-89.978,-89.7803,1026,0,20,0,12.2,37,staircase1,no_load,0.0
26.803416,1.091749,wrist_roll,-50.0,-49.8901,-89.978,-89.7803,1026,0,20,0,12.2,37,staircase1,no_load,0.0
26.813919,1.102252,wrist_roll,-50.0,-49.8901,-89.978,-89.7803,1026,0,20,0,12.2,37,staircase1,no_load,0.0
26.824491,1.112824,wrist_roll,-50.0,-49.8901,-89.978,-89.7803,1026,0,20,0,12.2,37,staircase1,no_load,0.0
26.834638,1.122971,wrist_roll,-50.0,-49.8901,-89.978,-89.7803,1026,0,20,0,12.2,37,staircase1,no_load,0.0
26.844939,1.133272,wrist_roll,-50.0,-49.8901,-89.978,-89.7803,1026,0,20,0,12.2,37,staircase1,no_load,0.0
26.85547,1.143803,wrist_roll,-50.0,-49.8901,-89.978,-89.7803,1026,0,20,0,12.2,37,staircase1,no_load,0.0
26.866122,1.154454,wrist_roll,-50.0,-49.8901,-89.978,-89.7803,1026,0,20,0,12.2,37,staircase1,no_load,0.0
26.87675,1.165082,wrist_roll,-50.0,-49.8901,-89.978,-89.7803,1026,0,20,1,12.2,37,staircase1,no_load,0.0
26.887443,1.175776,wrist_roll,-50.0,-49.8901,-89.978,-89.7803,1026,0,20,1,12.2,37,staircase1,no_load,0.0
26.898066,1.186398,wrist_roll,-50.0,-49.8901,-89.978,-89.7803,1026,0,20,0,12.2,37,staircase1,no_load,0.0
26.908679,1.197012,wrist_roll,-50.0,-49.8901,-89.978,-89.7803,1026,0,20,0,12.2,40,staircase1,no_load,0.0
26.919393,1.207726,wrist_roll,-50.0,-49.8901,-89.978,-89.7803,1026,0,20,0,12.2,37,staircase1,no_load,0.0
26.930044,1.218377,wrist_roll,-50.0,-49.8901,-89.978,-89.7803,1026,0,20,0,12.2,37,staircase1,no_load,0.0
26.940699,1.229032,wrist_roll,-50.0,-49.8901,-89.978,-89.7803,1026,0,20,0,12.2,37,staircase1,no_load,0.0
26.951651,1.239984,wrist_roll,-50.0,-49.8901,-89.978,-89.7803,1026,0,20,0,12.2,37,staircase1,no_load,0.0
26.96236,1.250693,wrist_roll,-50.0,-49.8901,-89.978,-89.7803,1026,0,20,1,12.3,37,staircase1,no_load,0.0
26.972507,1.26084,wrist_roll,-50.0,-49.8901,-89.978,-89.7803,1026,0,20,0,12.2,37,staircase1,no_load,0.0
26.982987,1.271319,wrist_roll,-50.0,-49.8901,-89.978,-89.7803,1026,0,20,0,12.2,37,staircase1,no_load,0.0
26.993697,1.28203,wrist_roll,-50.0,-49.8901,-89.978,-89.7803,1026,0,20,0,12.2,37,staircase1,no_load,0.0
27.004668,1.293001,wrist_roll,-50.0,-49.8901,-89.978,-89.7803,1026,0,20,0,12.2,37,staircase1,no_load,0.0
27.015372,1.303705,wrist_roll,-50.0,-49.8901,-89.978,-89.7803,1026,0,20,0,12.2,37,staircase1,no_load,0.0
27.025755,1.314088,wrist_roll,-50.0,-49.8901,-89.978,-89.7803,1026,0,20,0,12.2,37,staircase1,no_load,0.0
27.036768,1.325101,wrist_roll,-50.0,-49.8901,-89.978,-89.7803,1026,0,20,0,12.2,37,staircase1,no_load,0.0
27.047401,1.335734,wrist_roll,-50.0,-49.8901,-89.978,-89.7803,1026,0,20,0,12.2,37,staircase1,no_load,0.0
27.05834,1.346673,wrist_roll,-50.0,-49.8901,-89.978,-89.7803,1026,0,20,0,12.2,37,staircase1,no_load,0.0
27.068999,1.357331,wrist_roll,-50.0,-49.8901,-89.978,-89.7803,1026,0,20,1,12.2,37,staircase1,no_load,0.0
27.079151,1.367483,wrist_roll,-50.0,-49.8901,-89.978,-89.7803,1026,0,20,0,12.2,37,staircase1,no_load,0.0
27.08964,1.377973,wrist_roll,-50.0,-49.8901,-89.978,-89.7803,1026,0,20,0,12.2,37,staircase1,no_load,0.0
27.100015,1.388348,wrist_roll,-50.0,-49.8901,-89.978,-89.7803,1026,0,20,0,12.3,37,staircase1,no_load,0.0
27.110365,1.398698,wrist_roll,-50.0,-49.8901,-89.978,-89.7803,1026,0,20,0,12.1,37,staircase1,no_load,0.0
27.120895,1.409228,wrist_roll,-50.0,-49.8901,-89.978,-89.7803,1026,0,20,0,12.2,37,staircase1,no_load,0.0
27.131422,1.419755,wrist_roll,-50.0,-49.8901,-89.978,-89.7803,1026,0,20,0,12.2,37,staircase1,no_load,0.0
27.142123,1.430456,wrist_roll,-50.0,-49.8901,-89.978,-89.7803,1026,0,20,0,12.2,37,staircase1,no_load,0.0
27.152621,1.440954,wrist_roll,-50.0,-49.8901,-89.978,-89.7803,1026,0,20,0,12.2,37,staircase1,no_load,0.0
27.163107,1.45144,wrist_roll,-50.0,-49.8901,-89.978,-89.7803,1026,0,20,0,12.2,37,staircase1,no_load,0.0
27.174393,1.462726,wrist_roll,-50.0,-49.8901,-89.978,-89.7803,1026,0,20,0,12.2,37,staircase1,no_load,0.0
27.184977,1.47331,wrist_roll,-50.0,-49.8901,-89.978,-89.7803,1026,0,20,0,12.2,37,staircase1,no_load,0.0
27.196131,1.484463,wrist_roll,-50.0,-49.8901,-89.978,-89.7803,1026,0,20,0,12.2,37,staircase1,no_load,0.0
27.207313,1.495646,wrist_roll,-50.0,-49.8901,-89.978,-89.7803,1026,0,20,0,12.2,37,staircase1,no_load,0.0
27.218507,1.50684,wrist_roll,-50.0,-49.8901,-89.978,-89.7803,1026,0,20,0,12.2,37,staircase1,no_load,0.0
27.229862,1.518195,wrist_roll,-50.0,-49.8901,-89.978,-89.7803,1026,0,20,0,12.2,37,staircase1,no_load,0.0
27.240314,1.528647,wrist_roll,-50.0,-49.8901,-89.978,-89.7803,1026,0,20,1,12.2,37,staircase1,no_load,0.0
27.250594,1.538927,wrist_roll,-50.0,-49.8901,-89.978,-89.7803,1026,0,20,0,12.2,37,staircase1,no_load,0.0
27.261539,1.549872,wrist_roll,-50.0,-49.8901,-89.978,-89.7803,1026,0,20,0,12.2,37,staircase1,no_load,0.0
27.272175,1.560508,wrist_roll,-50.0,-49.8901,-89.978,-89.7803,1026,0,20,0,12.2,37,staircase1,no_load,0.0
27.283101,1.571433,wrist_roll,-50.0,-49.8901,-89.978,-89.7803,1026,0,20,0,12.2,37,staircase1,no_load,0.0
27.293768,1.582101,wrist_roll,-50.0,-49.8901,-89.978,-89.7803,1026,0,20,0,12.2,37,staircase1,no_load,0.0
27.304006,1.592339,wrist_roll,-50.0,-49.8901,-89.978,-89.7803,1026,0,20,1,12.2,37,staircase1,no_load,0.0
